<?xml version="1.0" encoding="ISO-8859-1"?>
<root>
	<item id="spacecss"><![CDATA[#framep8ZSLf { border:#ff6600 2px solid !important;margin-top:10px !important;margin-right:0px !important;margin-bottom:20px !important;margin-left:0px !important;background-color:#ffffff !important;background-image:none !important;}#portal_block_1098 { border:#ff6600 1px dotted !important;margin:5px !important;}#portal_block_1098 .dxb_bc { margin:5px !important;}#frame1c8xF3 { margin:5px !important;}#frameHJ8Bpu { margin:5px !important;}]]></item>
	<item id="style"><![CDATA[static/topic/t1/style.css]]></item>
	<item id="layoutdata">
		<item id="diypage">
			<item id="frame`framep8ZSLf">
				<item id="attr">
					<item id="name"><![CDATA[framep8ZSLf]]></item>
					<item id="moveable"><![CDATA[true]]></item>
					<item id="className"><![CDATA[cl_frame_bm frame move-span cl frame-1]]></item>
					<item id="titles">
						<item id="0">
							<item id="text"><![CDATA[小提示：如果想关闭某个模块，只需在模块标识前加个0即可，删除模块是没用的，详细请看教程。]]></item>
							<item id="href"><![CDATA[]]></item>
							<item id="color"><![CDATA[rgb(255, 255, 255)]]></item>
							<item id="float"><![CDATA[right]]></item>
							<item id="margin"><![CDATA[]]></item>
							<item id="font-size"><![CDATA[14]]></item>
							<item id="className"><![CDATA[subtitle]]></item>
							<item id="src"><![CDATA[]]></item>
						</item>
						<item id="className">
							<item id="0"><![CDATA[title frame-title]]></item>
						</item>
						<item id="style">
							<item id="background-image"><![CDATA[none]]></item>
							<item id="background-repeat"><![CDATA[repeat]]></item>
							<item id="background-color"><![CDATA[rgb(255, 102, 0)]]></item>
						</item>
						<item id="first">
							<item id="text"><![CDATA[手机版充值页的购买卡密链接]]></item>
							<item id="href"><![CDATA[]]></item>
							<item id="color"><![CDATA[rgb(255, 255, 255)]]></item>
							<item id="float"><![CDATA[]]></item>
							<item id="margin"><![CDATA[]]></item>
							<item id="font-size"><![CDATA[20]]></item>
							<item id="className"><![CDATA[titletext]]></item>
							<item id="src"><![CDATA[]]></item>
						</item>
					</item>
				</item>
				<item id="column`framep8ZSLf_left">
					<item id="attr">
						<item id="name"><![CDATA[framep8ZSLf_left]]></item>
						<item id="className"><![CDATA[column frame-1-c]]></item>
					</item>
					<item id="frame`frameHJ8Bpu">
						<item id="attr">
							<item id="name"><![CDATA[frameHJ8Bpu]]></item>
							<item id="moveable"><![CDATA[true]]></item>
							<item id="className"><![CDATA[cl_frame_bm frame move-span cl frame-1]]></item>
							<item id="titles">
								<item id="className">
									<item id="0"><![CDATA[title frame-title]]></item>
								</item>
								<item id="style">
									<item id="background-image"><![CDATA[none]]></item>
									<item id="background-repeat"><![CDATA[repeat]]></item>
									<item id="background-color"><![CDATA[rgb(204, 204, 204)]]></item>
								</item>
								<item id="first">
									<item id="text"><![CDATA[1、后台 - 运营 - 充值卡密 - 开启。]]></item>
									<item id="href"><![CDATA[]]></item>
									<item id="color"><![CDATA[]]></item>
									<item id="float"><![CDATA[]]></item>
									<item id="margin"><![CDATA[]]></item>
									<item id="font-size"><![CDATA[]]></item>
									<item id="className"><![CDATA[titletext]]></item>
									<item id="src"><![CDATA[]]></item>
								</item>
							</item>
						</item>
						<item id="column`frameHJ8Bpu_left">
							<item id="attr">
								<item id="name"><![CDATA[frameHJ8Bpu_left]]></item>
								<item id="className"><![CDATA[column frame-1-c]]></item>
							</item>
						</item>
					</item>
					<item id="frame`frame1c8xF3">
						<item id="attr">
							<item id="name"><![CDATA[frame1c8xF3]]></item>
							<item id="moveable"><![CDATA[true]]></item>
							<item id="className"><![CDATA[cl_frame_bm frame move-span cl frame-1]]></item>
							<item id="titles">
								<item id="className">
									<item id="0"><![CDATA[title frame-title]]></item>
								</item>
								<item id="style">
									<item id="background-image"><![CDATA[none]]></item>
									<item id="background-repeat"><![CDATA[repeat]]></item>
									<item id="background-color"><![CDATA[rgb(204, 204, 204)]]></item>
								</item>
								<item id="first">
									<item id="text"><![CDATA[2、手机版个人中心里就会显示积分充值功能。]]></item>
									<item id="href"><![CDATA[]]></item>
									<item id="color"><![CDATA[]]></item>
									<item id="float"><![CDATA[]]></item>
									<item id="margin"><![CDATA[]]></item>
									<item id="font-size"><![CDATA[]]></item>
									<item id="className"><![CDATA[titletext]]></item>
									<item id="src"><![CDATA[]]></item>
								</item>
							</item>
						</item>
						<item id="column`frame1c8xF3_left">
							<item id="attr">
								<item id="name"><![CDATA[frame1c8xF3_left]]></item>
								<item id="className"><![CDATA[column frame-1-c]]></item>
							</item>
						</item>
					</item>
					<item id="block`portal_block_1098">
						<item id="attr">
							<item id="name"><![CDATA[portal_block_1098]]></item>
							<item id="className"><![CDATA[cl_block_bm block move-span]]></item>
							<item id="titles">
								<item id="0">
									<item id="text"><![CDATA[3、此DIY模块可以在充值页面添加一个购买充值卡链接，方便用户自助充值。（没有链接的百度查下自动发卡平台）]]></item>
									<item id="href"><![CDATA[]]></item>
									<item id="color"><![CDATA[]]></item>
									<item id="float"><![CDATA[]]></item>
									<item id="margin"><![CDATA[]]></item>
									<item id="font-size"><![CDATA[]]></item>
									<item id="className"><![CDATA[subtitle]]></item>
									<item id="src"><![CDATA[]]></item>
								</item>
								<item id="className">
									<item id="0"><![CDATA[blocktitle title]]></item>
								</item>
								<item id="style">
									<item id="background-image"><![CDATA[none]]></item>
									<item id="background-repeat"><![CDATA[repeat]]></item>
									<item id="background-color"><![CDATA[rgb(204, 204, 204)]]></item>
								</item>
							</item>
						</item>
					</item>
				</item>
			</item>
		</item>
	</item>
	<item id="blockdata">
		<item id="block">
			<item id="1098">
				<item id="bid"><![CDATA[1098]]></item>
				<item id="blockclass"><![CDATA[html_html]]></item>
				<item id="blocktype"><![CDATA[0]]></item>
				<item id="name"><![CDATA[简约通用手机版购买充值卡密]]></item>
				<item id="title"><![CDATA[<div class="blocktitle title" style="background-image: none; background-repeat: repeat; background-color: rgb(204, 204, 204);"><span class="titletext" style="float:;margin-left:px;font-size:;color: !important;"></span><span class="subtitle" style="float:;margin-left:px;font-size:;color: !important;">3、此DIY模块可以在充值页面添加一个购买充值卡链接，方便用户自助充值。（没有链接的百度查下自动发卡平台）</span></div>]]></item>
				<item id="classname"><![CDATA[cl_block_bm]]></item>
				<item id="summary"><![CDATA[<a href="#" target="_blank"><img src="" width="100%" alt="没有充值卡？ 点击这里自助购买" title="没有充值卡？ 点击这里自助购买" /></a>]]></item>
				<item id="uid"><![CDATA[1]]></item>
				<item id="username"><![CDATA[admin]]></item>
				<item id="styleid"><![CDATA[0]]></item>
				<item id="blockstyle"><![CDATA[]]></item>
				<item id="picwidth"><![CDATA[0]]></item>
				<item id="picheight"><![CDATA[0]]></item>
				<item id="target"><![CDATA[blank]]></item>
				<item id="dateformat"><![CDATA[Y-m-d]]></item>
				<item id="dateuformat"><![CDATA[0]]></item>
				<item id="script"><![CDATA[banner]]></item>
				<item id="param">
					<item id="pic"><![CDATA[]]></item>
					<item id="url"><![CDATA[#]]></item>
					<item id="atarget"><![CDATA[_blank]]></item>
					<item id="width"><![CDATA[100%]]></item>
					<item id="height"><![CDATA[]]></item>
					<item id="text"><![CDATA[没有充值卡？ 点击这里自助购买]]></item>
					<item id="items"><![CDATA[10]]></item>
				</item>
				<item id="shownum"><![CDATA[10]]></item>
				<item id="cachetime"><![CDATA[0]]></item>
				<item id="cachetimerange"><![CDATA[0,0]]></item>
				<item id="punctualupdate"><![CDATA[0]]></item>
				<item id="hidedisplay"><![CDATA[0]]></item>
				<item id="dateline"><![CDATA[1575261132]]></item>
				<item id="notinherited"><![CDATA[0]]></item>
				<item id="isblank"><![CDATA[0]]></item>
			</item>
		</item>
		<item id="style">
		</item>
	</item>
</root>