<?xml version="1.0" encoding="ISO-8859-1"?>
<root>
	<item id="spacecss"><![CDATA[#portal_block_593 { border:#ff6600 1px dotted !important;margin:5px !important;}#portal_block_593 .dxb_bc { margin:5px !important;}#framefX1Q52 { background-color:#ffffff !important;background-image:none !important;border:#ff6600 2px solid !important;margin-top:10px !important;margin-right:0px !important;margin-bottom:20px !important;margin-left:0px !important;}]]></item>
	<item id="style"><![CDATA[static/topic/t1/style.css]]></item>
	<item id="layoutdata">
		<item id="diypage">
			<item id="frame`framefX1Q52">
				<item id="attr">
					<item id="name"><![CDATA[framefX1Q52]]></item>
					<item id="moveable"><![CDATA[true]]></item>
					<item id="className"><![CDATA[cl_frame_bm frame move-span cl frame-1]]></item>
					<item id="titles">
						<item id="className">
							<item id="0"><![CDATA[title frame-title]]></item>
						</item>
						<item id="style">
							<item id="background-image"><![CDATA[none]]></item>
							<item id="background-repeat"><![CDATA[repeat]]></item>
							<item id="background-color"><![CDATA[rgb(255, 102, 0)]]></item>
						</item>
						<item id="first">
							<item id="text"><![CDATA[手机版首页底部加载更多模块（下面模块的样式无所谓，只是调用这些模块的数据）]]></item>
							<item id="href"><![CDATA[]]></item>
							<item id="color"><![CDATA[rgb(255, 255, 255)]]></item>
							<item id="float"><![CDATA[]]></item>
							<item id="margin"><![CDATA[]]></item>
							<item id="font-size"><![CDATA[20]]></item>
							<item id="className"><![CDATA[titletext]]></item>
							<item id="src"><![CDATA[]]></item>
						</item>
					</item>
				</item>
				<item id="column`framefX1Q52_left">
					<item id="attr">
						<item id="name"><![CDATA[framefX1Q52_left]]></item>
						<item id="className"><![CDATA[column frame-1-c]]></item>
					</item>
					<item id="block`portal_block_593">
						<item id="attr">
							<item id="name"><![CDATA[portal_block_593]]></item>
							<item id="className"><![CDATA[cl_block_bm block move-span]]></item>
							<item id="titles">
								<item id="className">
									<item id="0"><![CDATA[blocktitle title]]></item>
								</item>
								<item id="style">
									<item id="background-image"><![CDATA[none]]></item>
									<item id="background-repeat"><![CDATA[repeat]]></item>
									<item id="background-color"><![CDATA[rgb(204, 204, 204)]]></item>
								</item>
								<item id="first">
									<item id="text"><![CDATA[加载更多]]></item>
									<item id="href"><![CDATA[]]></item>
									<item id="color"><![CDATA[]]></item>
									<item id="float"><![CDATA[]]></item>
									<item id="margin"><![CDATA[]]></item>
									<item id="font-size"><![CDATA[]]></item>
									<item id="className"><![CDATA[titletext]]></item>
									<item id="src"><![CDATA[]]></item>
								</item>
							</item>
						</item>
					</item>
				</item>
			</item>
		</item>
	</item>
	<item id="blockdata">
		<item id="block">
			<item id="593">
				<item id="bid"><![CDATA[593]]></item>
				<item id="blockclass"><![CDATA[forum_thread]]></item>
				<item id="blocktype"><![CDATA[0]]></item>
				<item id="name"><![CDATA[简约通用手机版加载更多]]></item>
				<item id="title"><![CDATA[<div class="blocktitle title" style="background-image: none; background-repeat: repeat; background-color: rgb(204, 204, 204);"><span class="titletext" style="float:;margin-left:px;font-size:;color: !important;">加载更多</span></div>]]></item>
				<item id="classname"><![CDATA[cl_block_bm]]></item>
				<item id="summary"><![CDATA[]]></item>
				<item id="uid"><![CDATA[1]]></item>
				<item id="username"><![CDATA[admin]]></item>
				<item id="styleid"><![CDATA[100]]></item>
				<item id="blockstyle">
					<item id="blockclass"><![CDATA[forum_thread]]></item>
					<item id="name"><![CDATA[]]></item>
					<item id="template">
						<item id="raw"><![CDATA[<div class="module cl xld">
[loop]
<dl class="cl">
	<dd class="m"><a href="{url}"{target}><img src="{pic}" width="{picwidth}" height="{picheight}" alt="{title}" /></a></dd>
	<dt><em class="y xg1 xw0"><a href="home.php?mod=space&uid={authorid}"{target}>{author}</a></em><a href="{url}" title="{title}"{target}>{title}</a></dt>
	<dd>{summary}</dd>
</dl>
[/loop]
</div>]]></item>
						<item id="footer"><![CDATA[]]></item>
						<item id="header"><![CDATA[]]></item>
						<item id="indexplus">
						</item>
						<item id="index">
						</item>
						<item id="orderplus">
						</item>
						<item id="order">
						</item>
						<item id="loopplus">
						</item>
						<item id="loop"><![CDATA[<dl class="cl">
	<dd class="m"><a href="{url}"{target}><img src="{pic}" width="{picwidth}" height="{picheight}" alt="{title}" /></a></dd>
	<dt><em class="y xg1 xw0"><a href="home.php?mod=space&uid={authorid}"{target}>{author}</a></em><a href="{url}" title="{title}"{target}>{title}</a></dt>
	<dd>{summary}</dd>
</dl>]]></item>
					</item>
					<item id="hash"><![CDATA[881ee4a3]]></item>
					<item id="getpic"><![CDATA[1]]></item>
					<item id="getsummary"><![CDATA[1]]></item>
					<item id="makethumb"><![CDATA[1]]></item>
					<item id="settarget"><![CDATA[1]]></item>
					<item id="fields">
						<item id="0"><![CDATA[url]]></item>
						<item id="1"><![CDATA[pic]]></item>
						<item id="2"><![CDATA[title]]></item>
						<item id="3"><![CDATA[authorid]]></item>
						<item id="4"><![CDATA[author]]></item>
						<item id="5"><![CDATA[summary]]></item>
					</item>
					<item id="moreurl"><![CDATA[0]]></item>
				</item>
				<item id="picwidth"><![CDATA[200]]></item>
				<item id="picheight"><![CDATA[144]]></item>
				<item id="target"><![CDATA[blank]]></item>
				<item id="dateformat"><![CDATA[Y-m-d]]></item>
				<item id="dateuformat"><![CDATA[1]]></item>
				<item id="script"><![CDATA[thread]]></item>
				<item id="param">
					<item id="tids"><![CDATA[]]></item>
					<item id="uids"><![CDATA[]]></item>
					<item id="keyword"><![CDATA[]]></item>
					<item id="tagkeyword"><![CDATA[]]></item>
					<item id="typeids"><![CDATA[]]></item>
					<item id="recommend"><![CDATA[0]]></item>
					<item id="viewmod"><![CDATA[0]]></item>
					<item id="rewardstatus"><![CDATA[0]]></item>
					<item id="picrequired"><![CDATA[0]]></item>
					<item id="orderby"><![CDATA[lastpost]]></item>
					<item id="postdateline"><![CDATA[0]]></item>
					<item id="lastpost"><![CDATA[0]]></item>
					<item id="highlight"><![CDATA[0]]></item>
					<item id="titlelength"><![CDATA[100]]></item>
					<item id="summarylength"><![CDATA[100]]></item>
					<item id="startrow"><![CDATA[0]]></item>
					<item id="items"><![CDATA[20]]></item>
					<item id="aids"><![CDATA[]]></item>
					<item id="starttime"><![CDATA[]]></item>
					<item id="endtime"><![CDATA[]]></item>
					<item id="publishdateline"><![CDATA[0]]></item>
					<item id="bannedids"><![CDATA[35]]></item>
				</item>
				<item id="shownum"><![CDATA[20]]></item>
				<item id="cachetime"><![CDATA[60]]></item>
				<item id="cachetimerange"><![CDATA[]]></item>
				<item id="punctualupdate"><![CDATA[0]]></item>
				<item id="hidedisplay"><![CDATA[0]]></item>
				<item id="dateline"><![CDATA[1566467220]]></item>
				<item id="notinherited"><![CDATA[0]]></item>
				<item id="isblank"><![CDATA[0]]></item>
			</item>
		</item>
		<item id="style">
			<item id="100">
				<item id="styleid"><![CDATA[100]]></item>
				<item id="blockclass"><![CDATA[forum_thread]]></item>
				<item id="name"><![CDATA[[内置]帖子图文展示]]></item>
				<item id="template">
					<item id="raw"><![CDATA[<div class="module cl xld">
[loop]
<dl class="cl">
	<dd class="m"><a href="{url}"{target}><img src="{pic}" width="{picwidth}" height="{picheight}" alt="{title}" /></a></dd>
	<dt><em class="y xg1 xw0"><a href="home.php?mod=space&uid={authorid}"{target}>{author}</a></em><a href="{url}" title="{title}"{target}>{title}</a></dt>
	<dd>{summary}</dd>
</dl>
[/loop]
</div>]]></item>
					<item id="footer"><![CDATA[]]></item>
					<item id="header"><![CDATA[]]></item>
					<item id="indexplus">
					</item>
					<item id="index">
					</item>
					<item id="orderplus">
					</item>
					<item id="order">
					</item>
					<item id="loopplus">
					</item>
					<item id="loop"><![CDATA[<dl class="cl">
	<dd class="m"><a href="{url}"{target}><img src="{pic}" width="{picwidth}" height="{picheight}" alt="{title}" /></a></dd>
	<dt><em class="y xg1 xw0"><a href="home.php?mod=space&uid={authorid}"{target}>{author}</a></em><a href="{url}" title="{title}"{target}>{title}</a></dt>
	<dd>{summary}</dd>
</dl>]]></item>
				</item>
				<item id="hash"><![CDATA[881ee4a3]]></item>
				<item id="getpic"><![CDATA[1]]></item>
				<item id="getsummary"><![CDATA[1]]></item>
				<item id="makethumb"><![CDATA[1]]></item>
				<item id="settarget"><![CDATA[1]]></item>
				<item id="fields">
					<item id="0"><![CDATA[url]]></item>
					<item id="1"><![CDATA[pic]]></item>
					<item id="2"><![CDATA[title]]></item>
					<item id="3"><![CDATA[authorid]]></item>
					<item id="4"><![CDATA[author]]></item>
					<item id="5"><![CDATA[summary]]></item>
				</item>
				<item id="moreurl"><![CDATA[0]]></item>
			</item>
		</item>
	</item>
</root>