<?xml version="1.0" encoding="ISO-8859-1"?>
<root>
	<item id="spacecss"><![CDATA[#frameq1R86q { background-color:#ffffff !important;background-image:none !important;border:#ff6600 2px solid !important;margin-top:10px !important;margin-right:0px !important;margin-bottom:20px !important;margin-left:0px !important;}#portal_block_595 { border:#ff6600 1px dotted !important;margin:5px !important;}#portal_block_595 .dxb_bc { margin:5px !important;}#portal_block_600 { border:#ff6600 1px dotted !important;margin:5px !important;}#portal_block_600 .dxb_bc { margin:5px !important;}#portal_block_596 { border:#ff6600 1px dotted !important;margin:5px !important;}#portal_block_596 .dxb_bc { margin:5px !important;}#portal_block_601 { border:#ff6600 1px dotted !important;margin:5px !important;}#portal_block_601 .dxb_bc { margin:5px !important;}#portal_block_597 { border:#ff6600 1px dotted !important;margin:5px !important;}#portal_block_597 .dxb_bc { margin:5px !important;}#portal_block_602 { border:#ff6600 1px dotted !important;margin:5px !important;}#portal_block_602 .dxb_bc { margin:5px !important;}#portal_block_598 { border:#ff6600 1px dotted !important;margin:5px !important;}#portal_block_598 .dxb_bc { margin:5px !important;}#portal_block_603 { border:#ff6600 1px dotted !important;margin:5px !important;}#portal_block_603 .dxb_bc { margin:5px !important;}#portal_block_599 { border:#ff6600 1px dotted !important;margin:5px !important;}#portal_block_599 .dxb_bc { margin:5px !important;}#portal_block_604 { border:#ff6600 1px dotted !important;margin:5px !important;}#portal_block_604 .dxb_bc { margin:5px !important;}]]></item>
	<item id="style"><![CDATA[static/topic/t1/style.css]]></item>
	<item id="layoutdata">
		<item id="diypage">
			<item id="frame`frameq1R86q">
				<item id="attr">
					<item id="name"><![CDATA[frameq1R86q]]></item>
					<item id="moveable"><![CDATA[true]]></item>
					<item id="className"><![CDATA[cl_frame_bm frame move-span cl frame-1-2]]></item>
					<item id="titles">
						<item id="0">
							<item id="text"><![CDATA[小提示：如果想关闭某个模块，只需在模块标识前加个0即可，删除模块是没用的，详细请看教程。]]></item>
							<item id="href"><![CDATA[]]></item>
							<item id="color"><![CDATA[rgb(255, 255, 255)]]></item>
							<item id="float"><![CDATA[right]]></item>
							<item id="margin"><![CDATA[]]></item>
							<item id="font-size"><![CDATA[14]]></item>
							<item id="className"><![CDATA[subtitle]]></item>
							<item id="src"><![CDATA[]]></item>
						</item>
						<item id="className">
							<item id="0"><![CDATA[title frame-title]]></item>
						</item>
						<item id="style">
							<item id="background-image"><![CDATA[none]]></item>
							<item id="background-repeat"><![CDATA[repeat]]></item>
							<item id="background-color"><![CDATA[rgb(255, 102, 0)]]></item>
						</item>
						<item id="first">
							<item id="text"><![CDATA[手机版首页自定义导航]]></item>
							<item id="href"><![CDATA[]]></item>
							<item id="color"><![CDATA[rgb(255, 255, 255)]]></item>
							<item id="float"><![CDATA[]]></item>
							<item id="margin"><![CDATA[]]></item>
							<item id="font-size"><![CDATA[20]]></item>
							<item id="className"><![CDATA[titletext]]></item>
							<item id="src"><![CDATA[]]></item>
						</item>
					</item>
				</item>
				<item id="column`frameq1R86q_left">
					<item id="attr">
						<item id="name"><![CDATA[frameq1R86q_left]]></item>
						<item id="className"><![CDATA[column frame-1-2-l]]></item>
					</item>
					<item id="frame`framebvSx1V">
						<item id="attr">
							<item id="name"><![CDATA[framebvSx1V]]></item>
							<item id="moveable"><![CDATA[true]]></item>
							<item id="className"><![CDATA[cl_frame_bm frame move-span cl frame-1-1]]></item>
							<item id="titles"><![CDATA[]]></item>
						</item>
						<item id="column`framebvSx1V_left">
							<item id="attr">
								<item id="name"><![CDATA[framebvSx1V_left]]></item>
								<item id="className"><![CDATA[column frame-1-1-l]]></item>
							</item>
							<item id="block`portal_block_595">
								<item id="attr">
									<item id="name"><![CDATA[portal_block_595]]></item>
									<item id="className"><![CDATA[cl_block_bm block move-span]]></item>
									<item id="titles">
										<item id="className">
											<item id="0"><![CDATA[blocktitle title]]></item>
										</item>
										<item id="style">
											<item id="background-image"><![CDATA[none]]></item>
											<item id="background-repeat"><![CDATA[repeat]]></item>
											<item id="background-color"><![CDATA[rgb(204, 204, 204)]]></item>
										</item>
										<item id="first">
											<item id="text"><![CDATA[自定义1]]></item>
											<item id="href"><![CDATA[]]></item>
											<item id="color"><![CDATA[]]></item>
											<item id="float"><![CDATA[]]></item>
											<item id="margin"><![CDATA[]]></item>
											<item id="font-size"><![CDATA[]]></item>
											<item id="className"><![CDATA[titletext]]></item>
											<item id="src"><![CDATA[]]></item>
										</item>
									</item>
								</item>
							</item>
							<item id="block`portal_block_600">
								<item id="attr">
									<item id="name"><![CDATA[portal_block_600]]></item>
									<item id="className"><![CDATA[cl_block_bm block move-span]]></item>
									<item id="titles">
										<item id="className">
											<item id="0"><![CDATA[blocktitle title]]></item>
										</item>
										<item id="style">
											<item id="background-image"><![CDATA[none]]></item>
											<item id="background-repeat"><![CDATA[repeat]]></item>
											<item id="background-color"><![CDATA[rgb(204, 204, 204)]]></item>
										</item>
										<item id="first">
											<item id="text"><![CDATA[自定义6]]></item>
											<item id="href"><![CDATA[]]></item>
											<item id="color"><![CDATA[]]></item>
											<item id="float"><![CDATA[]]></item>
											<item id="margin"><![CDATA[]]></item>
											<item id="font-size"><![CDATA[]]></item>
											<item id="className"><![CDATA[titletext]]></item>
											<item id="src"><![CDATA[]]></item>
										</item>
									</item>
								</item>
							</item>
						</item>
						<item id="column`framebvSx1V_center">
							<item id="attr">
								<item id="name"><![CDATA[framebvSx1V_center]]></item>
								<item id="className"><![CDATA[column frame-1-1-r]]></item>
							</item>
							<item id="block`portal_block_596">
								<item id="attr">
									<item id="name"><![CDATA[portal_block_596]]></item>
									<item id="className"><![CDATA[cl_block_bm block move-span]]></item>
									<item id="titles">
										<item id="className">
											<item id="0"><![CDATA[blocktitle title]]></item>
										</item>
										<item id="style">
											<item id="background-image"><![CDATA[none]]></item>
											<item id="background-repeat"><![CDATA[repeat]]></item>
											<item id="background-color"><![CDATA[rgb(204, 204, 204)]]></item>
										</item>
										<item id="first">
											<item id="text"><![CDATA[自定义2]]></item>
											<item id="href"><![CDATA[]]></item>
											<item id="color"><![CDATA[]]></item>
											<item id="float"><![CDATA[]]></item>
											<item id="margin"><![CDATA[]]></item>
											<item id="font-size"><![CDATA[]]></item>
											<item id="className"><![CDATA[titletext]]></item>
											<item id="src"><![CDATA[]]></item>
										</item>
									</item>
								</item>
							</item>
							<item id="block`portal_block_601">
								<item id="attr">
									<item id="name"><![CDATA[portal_block_601]]></item>
									<item id="className"><![CDATA[cl_block_bm block move-span]]></item>
									<item id="titles">
										<item id="className">
											<item id="0"><![CDATA[blocktitle title]]></item>
										</item>
										<item id="style">
											<item id="background-image"><![CDATA[none]]></item>
											<item id="background-repeat"><![CDATA[repeat]]></item>
											<item id="background-color"><![CDATA[rgb(204, 204, 204)]]></item>
										</item>
										<item id="first">
											<item id="text"><![CDATA[自定义7]]></item>
											<item id="href"><![CDATA[]]></item>
											<item id="color"><![CDATA[]]></item>
											<item id="float"><![CDATA[]]></item>
											<item id="margin"><![CDATA[]]></item>
											<item id="font-size"><![CDATA[]]></item>
											<item id="className"><![CDATA[titletext]]></item>
											<item id="src"><![CDATA[]]></item>
										</item>
									</item>
								</item>
							</item>
						</item>
					</item>
				</item>
				<item id="column`frameq1R86q_center">
					<item id="attr">
						<item id="name"><![CDATA[frameq1R86q_center]]></item>
						<item id="className"><![CDATA[column frame-1-2-r]]></item>
					</item>
					<item id="frame`frame1o14r3">
						<item id="attr">
							<item id="name"><![CDATA[frame1o14r3]]></item>
							<item id="moveable"><![CDATA[true]]></item>
							<item id="className"><![CDATA[cl_frame_bm frame move-span cl frame-1-1-1]]></item>
							<item id="titles"><![CDATA[]]></item>
						</item>
						<item id="column`frame1o14r3_left">
							<item id="attr">
								<item id="name"><![CDATA[frame1o14r3_left]]></item>
								<item id="className"><![CDATA[column frame-1-1-1-l]]></item>
							</item>
							<item id="block`portal_block_597">
								<item id="attr">
									<item id="name"><![CDATA[portal_block_597]]></item>
									<item id="className"><![CDATA[cl_block_bm block move-span]]></item>
									<item id="titles">
										<item id="className">
											<item id="0"><![CDATA[blocktitle title]]></item>
										</item>
										<item id="style">
											<item id="background-image"><![CDATA[none]]></item>
											<item id="background-repeat"><![CDATA[repeat]]></item>
											<item id="background-color"><![CDATA[rgb(204, 204, 204)]]></item>
										</item>
										<item id="first">
											<item id="text"><![CDATA[自定义3]]></item>
											<item id="href"><![CDATA[]]></item>
											<item id="color"><![CDATA[]]></item>
											<item id="float"><![CDATA[]]></item>
											<item id="margin"><![CDATA[]]></item>
											<item id="font-size"><![CDATA[]]></item>
											<item id="className"><![CDATA[titletext]]></item>
											<item id="src"><![CDATA[]]></item>
										</item>
									</item>
								</item>
							</item>
							<item id="block`portal_block_602">
								<item id="attr">
									<item id="name"><![CDATA[portal_block_602]]></item>
									<item id="className"><![CDATA[cl_block_bm block move-span]]></item>
									<item id="titles">
										<item id="className">
											<item id="0"><![CDATA[blocktitle title]]></item>
										</item>
										<item id="style">
											<item id="background-image"><![CDATA[none]]></item>
											<item id="background-repeat"><![CDATA[repeat]]></item>
											<item id="background-color"><![CDATA[rgb(204, 204, 204)]]></item>
										</item>
										<item id="first">
											<item id="text"><![CDATA[自定义8]]></item>
											<item id="href"><![CDATA[]]></item>
											<item id="color"><![CDATA[]]></item>
											<item id="float"><![CDATA[]]></item>
											<item id="margin"><![CDATA[]]></item>
											<item id="font-size"><![CDATA[]]></item>
											<item id="className"><![CDATA[titletext]]></item>
											<item id="src"><![CDATA[]]></item>
										</item>
									</item>
								</item>
							</item>
						</item>
						<item id="column`frame1o14r3_center">
							<item id="attr">
								<item id="name"><![CDATA[frame1o14r3_center]]></item>
								<item id="className"><![CDATA[column frame-1-1-1-c]]></item>
							</item>
							<item id="block`portal_block_598">
								<item id="attr">
									<item id="name"><![CDATA[portal_block_598]]></item>
									<item id="className"><![CDATA[cl_block_bm block move-span]]></item>
									<item id="titles">
										<item id="className">
											<item id="0"><![CDATA[blocktitle title]]></item>
										</item>
										<item id="style">
											<item id="background-image"><![CDATA[none]]></item>
											<item id="background-repeat"><![CDATA[repeat]]></item>
											<item id="background-color"><![CDATA[rgb(204, 204, 204)]]></item>
										</item>
										<item id="first">
											<item id="text"><![CDATA[自定义4]]></item>
											<item id="href"><![CDATA[]]></item>
											<item id="color"><![CDATA[]]></item>
											<item id="float"><![CDATA[]]></item>
											<item id="margin"><![CDATA[]]></item>
											<item id="font-size"><![CDATA[]]></item>
											<item id="className"><![CDATA[titletext]]></item>
											<item id="src"><![CDATA[]]></item>
										</item>
									</item>
								</item>
							</item>
							<item id="block`portal_block_603">
								<item id="attr">
									<item id="name"><![CDATA[portal_block_603]]></item>
									<item id="className"><![CDATA[cl_block_bm block move-span]]></item>
									<item id="titles">
										<item id="className">
											<item id="0"><![CDATA[blocktitle title]]></item>
										</item>
										<item id="style">
											<item id="background-image"><![CDATA[none]]></item>
											<item id="background-repeat"><![CDATA[repeat]]></item>
											<item id="background-color"><![CDATA[rgb(204, 204, 204)]]></item>
										</item>
										<item id="first">
											<item id="text"><![CDATA[自定义9]]></item>
											<item id="href"><![CDATA[]]></item>
											<item id="color"><![CDATA[]]></item>
											<item id="float"><![CDATA[]]></item>
											<item id="margin"><![CDATA[]]></item>
											<item id="font-size"><![CDATA[]]></item>
											<item id="className"><![CDATA[titletext]]></item>
											<item id="src"><![CDATA[]]></item>
										</item>
									</item>
								</item>
							</item>
						</item>
						<item id="column`frame1o14r3_right">
							<item id="attr">
								<item id="name"><![CDATA[frame1o14r3_right]]></item>
								<item id="className"><![CDATA[column frame-1-1-1-r]]></item>
							</item>
							<item id="block`portal_block_599">
								<item id="attr">
									<item id="name"><![CDATA[portal_block_599]]></item>
									<item id="className"><![CDATA[cl_block_bm block move-span]]></item>
									<item id="titles">
										<item id="className">
											<item id="0"><![CDATA[blocktitle title]]></item>
										</item>
										<item id="style">
											<item id="background-image"><![CDATA[none]]></item>
											<item id="background-repeat"><![CDATA[repeat]]></item>
											<item id="background-color"><![CDATA[rgb(204, 204, 204)]]></item>
										</item>
										<item id="first">
											<item id="text"><![CDATA[自定义5]]></item>
											<item id="href"><![CDATA[]]></item>
											<item id="color"><![CDATA[]]></item>
											<item id="float"><![CDATA[]]></item>
											<item id="margin"><![CDATA[]]></item>
											<item id="font-size"><![CDATA[]]></item>
											<item id="className"><![CDATA[titletext]]></item>
											<item id="src"><![CDATA[]]></item>
										</item>
									</item>
								</item>
							</item>
							<item id="block`portal_block_604">
								<item id="attr">
									<item id="name"><![CDATA[portal_block_604]]></item>
									<item id="className"><![CDATA[cl_block_bm block move-span]]></item>
									<item id="titles">
										<item id="className">
											<item id="0"><![CDATA[blocktitle title]]></item>
										</item>
										<item id="style">
											<item id="background-image"><![CDATA[none]]></item>
											<item id="background-repeat"><![CDATA[repeat]]></item>
											<item id="background-color"><![CDATA[rgb(204, 204, 204)]]></item>
										</item>
										<item id="first">
											<item id="text"><![CDATA[自定义10]]></item>
											<item id="href"><![CDATA[]]></item>
											<item id="color"><![CDATA[]]></item>
											<item id="float"><![CDATA[]]></item>
											<item id="margin"><![CDATA[]]></item>
											<item id="font-size"><![CDATA[]]></item>
											<item id="className"><![CDATA[titletext]]></item>
											<item id="src"><![CDATA[]]></item>
										</item>
									</item>
								</item>
							</item>
						</item>
					</item>
				</item>
			</item>
		</item>
	</item>
	<item id="blockdata">
		<item id="block">
			<item id="595">
				<item id="bid"><![CDATA[595]]></item>
				<item id="blockclass"><![CDATA[html_html]]></item>
				<item id="blocktype"><![CDATA[0]]></item>
				<item id="name"><![CDATA[简约通用手机版首页自定义导航1]]></item>
				<item id="title"><![CDATA[<div class="blocktitle title" style="background-image: none; background-repeat: repeat; background-color: rgb(204, 204, 204);"><span class="titletext" style="float:;margin-left:px;font-size:;color: !important;">自定义1</span></div>]]></item>
				<item id="classname"><![CDATA[cl_block_bm]]></item>
				<item id="summary"><![CDATA[<a href="#" target="_blank"><img src="template/bygsjw_sj/image/diy1.png" alt="自定1" title="自定1" /></a>]]></item>
				<item id="uid"><![CDATA[1]]></item>
				<item id="username"><![CDATA[admin]]></item>
				<item id="styleid"><![CDATA[0]]></item>
				<item id="blockstyle"><![CDATA[]]></item>
				<item id="picwidth"><![CDATA[0]]></item>
				<item id="picheight"><![CDATA[0]]></item>
				<item id="target"><![CDATA[blank]]></item>
				<item id="dateformat"><![CDATA[Y-m-d]]></item>
				<item id="dateuformat"><![CDATA[0]]></item>
				<item id="script"><![CDATA[banner]]></item>
				<item id="param">
					<item id="pic"><![CDATA[template/bygsjw_sj/image/diy1.png]]></item>
					<item id="url"><![CDATA[#]]></item>
					<item id="atarget"><![CDATA[_blank]]></item>
					<item id="width"><![CDATA[]]></item>
					<item id="height"><![CDATA[]]></item>
					<item id="text"><![CDATA[自定1]]></item>
					<item id="items"><![CDATA[10]]></item>
				</item>
				<item id="shownum"><![CDATA[10]]></item>
				<item id="cachetime"><![CDATA[0]]></item>
				<item id="cachetimerange"><![CDATA[0,0]]></item>
				<item id="punctualupdate"><![CDATA[0]]></item>
				<item id="hidedisplay"><![CDATA[0]]></item>
				<item id="dateline"><![CDATA[1566375096]]></item>
				<item id="notinherited"><![CDATA[0]]></item>
				<item id="isblank"><![CDATA[0]]></item>
			</item>
			<item id="596">
				<item id="bid"><![CDATA[596]]></item>
				<item id="blockclass"><![CDATA[html_html]]></item>
				<item id="blocktype"><![CDATA[0]]></item>
				<item id="name"><![CDATA[简约通用手机版首页自定义导航2]]></item>
				<item id="title"><![CDATA[<div class="blocktitle title" style="background-image: none; background-repeat: repeat; background-color: rgb(204, 204, 204);"><span class="titletext" style="float:;margin-left:px;font-size:;color: !important;">自定义2</span></div>]]></item>
				<item id="classname"><![CDATA[cl_block_bm]]></item>
				<item id="summary"><![CDATA[<a href="#" target="_blank"><img src="template/bygsjw_sj/image/diy2.png" alt="自定2" title="自定2" /></a>]]></item>
				<item id="uid"><![CDATA[1]]></item>
				<item id="username"><![CDATA[admin]]></item>
				<item id="styleid"><![CDATA[0]]></item>
				<item id="blockstyle"><![CDATA[]]></item>
				<item id="picwidth"><![CDATA[0]]></item>
				<item id="picheight"><![CDATA[0]]></item>
				<item id="target"><![CDATA[blank]]></item>
				<item id="dateformat"><![CDATA[Y-m-d]]></item>
				<item id="dateuformat"><![CDATA[0]]></item>
				<item id="script"><![CDATA[banner]]></item>
				<item id="param">
					<item id="pic"><![CDATA[template/bygsjw_sj/image/diy2.png]]></item>
					<item id="url"><![CDATA[#]]></item>
					<item id="atarget"><![CDATA[_blank]]></item>
					<item id="width"><![CDATA[]]></item>
					<item id="height"><![CDATA[]]></item>
					<item id="text"><![CDATA[自定2]]></item>
					<item id="items"><![CDATA[10]]></item>
				</item>
				<item id="shownum"><![CDATA[10]]></item>
				<item id="cachetime"><![CDATA[0]]></item>
				<item id="cachetimerange"><![CDATA[0,0]]></item>
				<item id="punctualupdate"><![CDATA[0]]></item>
				<item id="hidedisplay"><![CDATA[0]]></item>
				<item id="dateline"><![CDATA[1556006261]]></item>
				<item id="notinherited"><![CDATA[0]]></item>
				<item id="isblank"><![CDATA[0]]></item>
			</item>
			<item id="597">
				<item id="bid"><![CDATA[597]]></item>
				<item id="blockclass"><![CDATA[html_html]]></item>
				<item id="blocktype"><![CDATA[0]]></item>
				<item id="name"><![CDATA[简约通用手机版首页自定义导航3]]></item>
				<item id="title"><![CDATA[<div class="blocktitle title" style="background-image: none; background-repeat: repeat; background-color: rgb(204, 204, 204);"><span class="titletext" style="float:;margin-left:px;font-size:;color: !important;">自定义3</span></div>]]></item>
				<item id="classname"><![CDATA[cl_block_bm]]></item>
				<item id="summary"><![CDATA[<a href="#" target="_blank"><img src="template/bygsjw_sj/image/diy3.png" alt="自定3" title="自定3" /></a>]]></item>
				<item id="uid"><![CDATA[1]]></item>
				<item id="username"><![CDATA[admin]]></item>
				<item id="styleid"><![CDATA[0]]></item>
				<item id="blockstyle"><![CDATA[]]></item>
				<item id="picwidth"><![CDATA[0]]></item>
				<item id="picheight"><![CDATA[0]]></item>
				<item id="target"><![CDATA[blank]]></item>
				<item id="dateformat"><![CDATA[Y-m-d]]></item>
				<item id="dateuformat"><![CDATA[0]]></item>
				<item id="script"><![CDATA[banner]]></item>
				<item id="param">
					<item id="pic"><![CDATA[template/bygsjw_sj/image/diy3.png]]></item>
					<item id="url"><![CDATA[#]]></item>
					<item id="atarget"><![CDATA[_blank]]></item>
					<item id="width"><![CDATA[]]></item>
					<item id="height"><![CDATA[]]></item>
					<item id="text"><![CDATA[自定3]]></item>
					<item id="items"><![CDATA[10]]></item>
				</item>
				<item id="shownum"><![CDATA[10]]></item>
				<item id="cachetime"><![CDATA[0]]></item>
				<item id="cachetimerange"><![CDATA[0,0]]></item>
				<item id="punctualupdate"><![CDATA[0]]></item>
				<item id="hidedisplay"><![CDATA[0]]></item>
				<item id="dateline"><![CDATA[1556006266]]></item>
				<item id="notinherited"><![CDATA[0]]></item>
				<item id="isblank"><![CDATA[0]]></item>
			</item>
			<item id="598">
				<item id="bid"><![CDATA[598]]></item>
				<item id="blockclass"><![CDATA[html_html]]></item>
				<item id="blocktype"><![CDATA[0]]></item>
				<item id="name"><![CDATA[简约通用手机版首页自定义导航4]]></item>
				<item id="title"><![CDATA[<div class="blocktitle title" style="background-image: none; background-repeat: repeat; background-color: rgb(204, 204, 204);"><span class="titletext" style="float:;margin-left:px;font-size:;color: !important;">自定义4</span></div>]]></item>
				<item id="classname"><![CDATA[cl_block_bm]]></item>
				<item id="summary"><![CDATA[<a href="#" target="_blank"><img src="template/bygsjw_sj/image/diy4.png" alt="自定4" title="自定4" /></a>]]></item>
				<item id="uid"><![CDATA[1]]></item>
				<item id="username"><![CDATA[admin]]></item>
				<item id="styleid"><![CDATA[0]]></item>
				<item id="blockstyle"><![CDATA[]]></item>
				<item id="picwidth"><![CDATA[0]]></item>
				<item id="picheight"><![CDATA[0]]></item>
				<item id="target"><![CDATA[blank]]></item>
				<item id="dateformat"><![CDATA[Y-m-d]]></item>
				<item id="dateuformat"><![CDATA[0]]></item>
				<item id="script"><![CDATA[banner]]></item>
				<item id="param">
					<item id="pic"><![CDATA[template/bygsjw_sj/image/diy4.png]]></item>
					<item id="url"><![CDATA[#]]></item>
					<item id="atarget"><![CDATA[_blank]]></item>
					<item id="width"><![CDATA[]]></item>
					<item id="height"><![CDATA[]]></item>
					<item id="text"><![CDATA[自定4]]></item>
					<item id="items"><![CDATA[10]]></item>
				</item>
				<item id="shownum"><![CDATA[10]]></item>
				<item id="cachetime"><![CDATA[0]]></item>
				<item id="cachetimerange"><![CDATA[0,0]]></item>
				<item id="punctualupdate"><![CDATA[0]]></item>
				<item id="hidedisplay"><![CDATA[0]]></item>
				<item id="dateline"><![CDATA[1556006271]]></item>
				<item id="notinherited"><![CDATA[0]]></item>
				<item id="isblank"><![CDATA[0]]></item>
			</item>
			<item id="599">
				<item id="bid"><![CDATA[599]]></item>
				<item id="blockclass"><![CDATA[html_html]]></item>
				<item id="blocktype"><![CDATA[0]]></item>
				<item id="name"><![CDATA[简约通用手机版首页自定义导航5]]></item>
				<item id="title"><![CDATA[<div class="blocktitle title" style="background-image: none; background-repeat: repeat; background-color: rgb(204, 204, 204);"><span class="titletext" style="float:;margin-left:px;font-size:;color: !important;">自定义5</span></div>]]></item>
				<item id="classname"><![CDATA[cl_block_bm]]></item>
				<item id="summary"><![CDATA[<a href="#" target="_blank"><img src="template/bygsjw_sj/image/diy5.png" alt="自定5" title="自定5" /></a>]]></item>
				<item id="uid"><![CDATA[1]]></item>
				<item id="username"><![CDATA[admin]]></item>
				<item id="styleid"><![CDATA[0]]></item>
				<item id="blockstyle"><![CDATA[]]></item>
				<item id="picwidth"><![CDATA[0]]></item>
				<item id="picheight"><![CDATA[0]]></item>
				<item id="target"><![CDATA[blank]]></item>
				<item id="dateformat"><![CDATA[Y-m-d]]></item>
				<item id="dateuformat"><![CDATA[0]]></item>
				<item id="script"><![CDATA[banner]]></item>
				<item id="param">
					<item id="pic"><![CDATA[template/bygsjw_sj/image/diy5.png]]></item>
					<item id="url"><![CDATA[#]]></item>
					<item id="atarget"><![CDATA[_blank]]></item>
					<item id="width"><![CDATA[]]></item>
					<item id="height"><![CDATA[]]></item>
					<item id="text"><![CDATA[自定5]]></item>
					<item id="items"><![CDATA[10]]></item>
				</item>
				<item id="shownum"><![CDATA[10]]></item>
				<item id="cachetime"><![CDATA[0]]></item>
				<item id="cachetimerange"><![CDATA[0,0]]></item>
				<item id="punctualupdate"><![CDATA[0]]></item>
				<item id="hidedisplay"><![CDATA[0]]></item>
				<item id="dateline"><![CDATA[1556006275]]></item>
				<item id="notinherited"><![CDATA[0]]></item>
				<item id="isblank"><![CDATA[0]]></item>
			</item>
			<item id="600">
				<item id="bid"><![CDATA[600]]></item>
				<item id="blockclass"><![CDATA[html_html]]></item>
				<item id="blocktype"><![CDATA[0]]></item>
				<item id="name"><![CDATA[简约通用手机版首页自定义导航6]]></item>
				<item id="title"><![CDATA[<div class="blocktitle title" style="background-image: none; background-repeat: repeat; background-color: rgb(204, 204, 204);"><span class="titletext" style="float:;margin-left:px;font-size:;color: !important;">自定义6</span></div>]]></item>
				<item id="classname"><![CDATA[cl_block_bm]]></item>
				<item id="summary"><![CDATA[<a href="#" target="_blank"><img src="template/bygsjw_sj/image/diy6.png" alt="自定6" title="自定6" /></a>]]></item>
				<item id="uid"><![CDATA[1]]></item>
				<item id="username"><![CDATA[admin]]></item>
				<item id="styleid"><![CDATA[0]]></item>
				<item id="blockstyle"><![CDATA[]]></item>
				<item id="picwidth"><![CDATA[0]]></item>
				<item id="picheight"><![CDATA[0]]></item>
				<item id="target"><![CDATA[blank]]></item>
				<item id="dateformat"><![CDATA[Y-m-d]]></item>
				<item id="dateuformat"><![CDATA[0]]></item>
				<item id="script"><![CDATA[banner]]></item>
				<item id="param">
					<item id="pic"><![CDATA[template/bygsjw_sj/image/diy6.png]]></item>
					<item id="url"><![CDATA[#]]></item>
					<item id="atarget"><![CDATA[_blank]]></item>
					<item id="width"><![CDATA[]]></item>
					<item id="height"><![CDATA[]]></item>
					<item id="text"><![CDATA[自定6]]></item>
					<item id="items"><![CDATA[10]]></item>
				</item>
				<item id="shownum"><![CDATA[10]]></item>
				<item id="cachetime"><![CDATA[0]]></item>
				<item id="cachetimerange"><![CDATA[0,0]]></item>
				<item id="punctualupdate"><![CDATA[0]]></item>
				<item id="hidedisplay"><![CDATA[0]]></item>
				<item id="dateline"><![CDATA[1556006280]]></item>
				<item id="notinherited"><![CDATA[0]]></item>
				<item id="isblank"><![CDATA[0]]></item>
			</item>
			<item id="601">
				<item id="bid"><![CDATA[601]]></item>
				<item id="blockclass"><![CDATA[html_html]]></item>
				<item id="blocktype"><![CDATA[0]]></item>
				<item id="name"><![CDATA[简约通用手机版首页自定义导航7]]></item>
				<item id="title"><![CDATA[<div class="blocktitle title" style="background-image: none; background-repeat: repeat; background-color: rgb(204, 204, 204);"><span class="titletext" style="float:;margin-left:px;font-size:;color: !important;">自定义7</span></div>]]></item>
				<item id="classname"><![CDATA[cl_block_bm]]></item>
				<item id="summary"><![CDATA[<a href="#" target="_blank"><img src="template/bygsjw_sj/image/diy7.png" alt="自定7" title="自定7" /></a>]]></item>
				<item id="uid"><![CDATA[1]]></item>
				<item id="username"><![CDATA[admin]]></item>
				<item id="styleid"><![CDATA[0]]></item>
				<item id="blockstyle"><![CDATA[]]></item>
				<item id="picwidth"><![CDATA[0]]></item>
				<item id="picheight"><![CDATA[0]]></item>
				<item id="target"><![CDATA[blank]]></item>
				<item id="dateformat"><![CDATA[Y-m-d]]></item>
				<item id="dateuformat"><![CDATA[0]]></item>
				<item id="script"><![CDATA[banner]]></item>
				<item id="param">
					<item id="pic"><![CDATA[template/bygsjw_sj/image/diy7.png]]></item>
					<item id="url"><![CDATA[#]]></item>
					<item id="atarget"><![CDATA[_blank]]></item>
					<item id="width"><![CDATA[]]></item>
					<item id="height"><![CDATA[]]></item>
					<item id="text"><![CDATA[自定7]]></item>
					<item id="items"><![CDATA[10]]></item>
				</item>
				<item id="shownum"><![CDATA[10]]></item>
				<item id="cachetime"><![CDATA[0]]></item>
				<item id="cachetimerange"><![CDATA[0,0]]></item>
				<item id="punctualupdate"><![CDATA[0]]></item>
				<item id="hidedisplay"><![CDATA[0]]></item>
				<item id="dateline"><![CDATA[1556006284]]></item>
				<item id="notinherited"><![CDATA[0]]></item>
				<item id="isblank"><![CDATA[0]]></item>
			</item>
			<item id="602">
				<item id="bid"><![CDATA[602]]></item>
				<item id="blockclass"><![CDATA[html_html]]></item>
				<item id="blocktype"><![CDATA[0]]></item>
				<item id="name"><![CDATA[简约通用手机版首页自定义导航8]]></item>
				<item id="title"><![CDATA[<div class="blocktitle title" style="background-image: none; background-repeat: repeat; background-color: rgb(204, 204, 204);"><span class="titletext" style="float:;margin-left:px;font-size:;color: !important;">自定义8</span></div>]]></item>
				<item id="classname"><![CDATA[cl_block_bm]]></item>
				<item id="summary"><![CDATA[<a href="#" target="_blank"><img src="template/bygsjw_sj/image/diy8.png" alt="自定8" title="自定8" /></a>]]></item>
				<item id="uid"><![CDATA[1]]></item>
				<item id="username"><![CDATA[admin]]></item>
				<item id="styleid"><![CDATA[0]]></item>
				<item id="blockstyle"><![CDATA[]]></item>
				<item id="picwidth"><![CDATA[0]]></item>
				<item id="picheight"><![CDATA[0]]></item>
				<item id="target"><![CDATA[blank]]></item>
				<item id="dateformat"><![CDATA[Y-m-d]]></item>
				<item id="dateuformat"><![CDATA[0]]></item>
				<item id="script"><![CDATA[banner]]></item>
				<item id="param">
					<item id="pic"><![CDATA[template/bygsjw_sj/image/diy8.png]]></item>
					<item id="url"><![CDATA[#]]></item>
					<item id="atarget"><![CDATA[_blank]]></item>
					<item id="width"><![CDATA[]]></item>
					<item id="height"><![CDATA[]]></item>
					<item id="text"><![CDATA[自定8]]></item>
					<item id="items"><![CDATA[10]]></item>
				</item>
				<item id="shownum"><![CDATA[10]]></item>
				<item id="cachetime"><![CDATA[0]]></item>
				<item id="cachetimerange"><![CDATA[0,0]]></item>
				<item id="punctualupdate"><![CDATA[0]]></item>
				<item id="hidedisplay"><![CDATA[0]]></item>
				<item id="dateline"><![CDATA[1556006289]]></item>
				<item id="notinherited"><![CDATA[0]]></item>
				<item id="isblank"><![CDATA[0]]></item>
			</item>
			<item id="603">
				<item id="bid"><![CDATA[603]]></item>
				<item id="blockclass"><![CDATA[html_html]]></item>
				<item id="blocktype"><![CDATA[0]]></item>
				<item id="name"><![CDATA[简约通用手机版首页自定义导航9]]></item>
				<item id="title"><![CDATA[<div class="blocktitle title" style="background-image: none; background-repeat: repeat; background-color: rgb(204, 204, 204);"><span class="titletext" style="float:;margin-left:px;font-size:;color: !important;">自定义9</span></div>]]></item>
				<item id="classname"><![CDATA[cl_block_bm]]></item>
				<item id="summary"><![CDATA[<a href="#" target="_blank"><img src="template/bygsjw_sj/image/diy9.png" alt="自定9" title="自定9" /></a>]]></item>
				<item id="uid"><![CDATA[1]]></item>
				<item id="username"><![CDATA[admin]]></item>
				<item id="styleid"><![CDATA[0]]></item>
				<item id="blockstyle"><![CDATA[]]></item>
				<item id="picwidth"><![CDATA[0]]></item>
				<item id="picheight"><![CDATA[0]]></item>
				<item id="target"><![CDATA[blank]]></item>
				<item id="dateformat"><![CDATA[Y-m-d]]></item>
				<item id="dateuformat"><![CDATA[0]]></item>
				<item id="script"><![CDATA[banner]]></item>
				<item id="param">
					<item id="pic"><![CDATA[template/bygsjw_sj/image/diy9.png]]></item>
					<item id="url"><![CDATA[#]]></item>
					<item id="atarget"><![CDATA[_blank]]></item>
					<item id="width"><![CDATA[]]></item>
					<item id="height"><![CDATA[]]></item>
					<item id="text"><![CDATA[自定9]]></item>
					<item id="items"><![CDATA[10]]></item>
				</item>
				<item id="shownum"><![CDATA[10]]></item>
				<item id="cachetime"><![CDATA[0]]></item>
				<item id="cachetimerange"><![CDATA[0,0]]></item>
				<item id="punctualupdate"><![CDATA[0]]></item>
				<item id="hidedisplay"><![CDATA[0]]></item>
				<item id="dateline"><![CDATA[1556006293]]></item>
				<item id="notinherited"><![CDATA[0]]></item>
				<item id="isblank"><![CDATA[0]]></item>
			</item>
			<item id="604">
				<item id="bid"><![CDATA[604]]></item>
				<item id="blockclass"><![CDATA[html_html]]></item>
				<item id="blocktype"><![CDATA[0]]></item>
				<item id="name"><![CDATA[简约通用手机版首页自定义导航10]]></item>
				<item id="title"><![CDATA[<div class="blocktitle title" style="background-image: none; background-repeat: repeat; background-color: rgb(204, 204, 204);"><span class="titletext" style="float:;margin-left:px;font-size:;color: !important;">自定义10</span></div>]]></item>
				<item id="classname"><![CDATA[cl_block_bm]]></item>
				<item id="summary"><![CDATA[<a href="#" target="_blank"><img src="template/bygsjw_sj/image/diy10.png" alt="自定10" title="自定10" /></a>]]></item>
				<item id="uid"><![CDATA[1]]></item>
				<item id="username"><![CDATA[admin]]></item>
				<item id="styleid"><![CDATA[0]]></item>
				<item id="blockstyle"><![CDATA[]]></item>
				<item id="picwidth"><![CDATA[0]]></item>
				<item id="picheight"><![CDATA[0]]></item>
				<item id="target"><![CDATA[blank]]></item>
				<item id="dateformat"><![CDATA[Y-m-d]]></item>
				<item id="dateuformat"><![CDATA[0]]></item>
				<item id="script"><![CDATA[banner]]></item>
				<item id="param">
					<item id="pic"><![CDATA[template/bygsjw_sj/image/diy10.png]]></item>
					<item id="url"><![CDATA[#]]></item>
					<item id="atarget"><![CDATA[_blank]]></item>
					<item id="width"><![CDATA[]]></item>
					<item id="height"><![CDATA[]]></item>
					<item id="text"><![CDATA[自定10]]></item>
					<item id="items"><![CDATA[10]]></item>
				</item>
				<item id="shownum"><![CDATA[10]]></item>
				<item id="cachetime"><![CDATA[0]]></item>
				<item id="cachetimerange"><![CDATA[0,0]]></item>
				<item id="punctualupdate"><![CDATA[0]]></item>
				<item id="hidedisplay"><![CDATA[0]]></item>
				<item id="dateline"><![CDATA[1556006297]]></item>
				<item id="notinherited"><![CDATA[0]]></item>
				<item id="isblank"><![CDATA[0]]></item>
			</item>
		</item>
		<item id="style">
		</item>
	</item>
</root>