<?xml version="1.0" encoding="ISO-8859-1"?>
<root>
	<item id="spacecss"><![CDATA[#frame5GkOzL { background-color:#ffffff !important;background-image:none !important;border:#ff6600 2px solid !important;margin-top:10px !important;margin-right:0px !important;margin-bottom:20px !important;margin-left:0px !important;}#portal_block_612 { border:#ff6600 1px dotted !important;margin:5px !important;}#portal_block_612 .dxb_bc { margin:5px !important;}]]></item>
	<item id="style"><![CDATA[static/topic/t1/style.css]]></item>
	<item id="layoutdata">
		<item id="diypage">
			<item id="frame`frame5GkOzL">
				<item id="attr">
					<item id="name"><![CDATA[frame5GkOzL]]></item>
					<item id="moveable"><![CDATA[true]]></item>
					<item id="className"><![CDATA[cl_frame_bm frame move-span cl frame-1]]></item>
					<item id="titles">
						<item id="className">
							<item id="0"><![CDATA[title frame-title]]></item>
						</item>
						<item id="style">
							<item id="background-image"><![CDATA[none]]></item>
							<item id="background-repeat"><![CDATA[repeat]]></item>
							<item id="background-color"><![CDATA[rgb(255, 102, 0)]]></item>
						</item>
						<item id="first">
							<item id="text"><![CDATA[手机版第三方统计代码（把统计代码复制到下面模块属性HTML代码里，会自动加入到手机版底部）]]></item>
							<item id="href"><![CDATA[]]></item>
							<item id="color"><![CDATA[rgb(255, 255, 255)]]></item>
							<item id="float"><![CDATA[]]></item>
							<item id="margin"><![CDATA[]]></item>
							<item id="font-size"><![CDATA[20]]></item>
							<item id="className"><![CDATA[titletext]]></item>
							<item id="src"><![CDATA[]]></item>
						</item>
					</item>
				</item>
				<item id="column`frame5GkOzL_left">
					<item id="attr">
						<item id="name"><![CDATA[frame5GkOzL_left]]></item>
						<item id="className"><![CDATA[column frame-1-c]]></item>
					</item>
					<item id="block`portal_block_612">
						<item id="attr">
							<item id="name"><![CDATA[portal_block_612]]></item>
							<item id="className"><![CDATA[cl_block_bm block move-span]]></item>
							<item id="titles">
								<item id="className">
									<item id="0"><![CDATA[blocktitle title]]></item>
								</item>
								<item id="style">
									<item id="background-image"><![CDATA[none]]></item>
									<item id="background-repeat"><![CDATA[repeat]]></item>
									<item id="background-color"><![CDATA[rgb(204, 204, 204)]]></item>
								</item>
								<item id="first">
									<item id="text"><![CDATA[第三方统计代码]]></item>
									<item id="href"><![CDATA[]]></item>
									<item id="color"><![CDATA[]]></item>
									<item id="float"><![CDATA[]]></item>
									<item id="margin"><![CDATA[]]></item>
									<item id="font-size"><![CDATA[]]></item>
									<item id="className"><![CDATA[titletext]]></item>
									<item id="src"><![CDATA[]]></item>
								</item>
							</item>
						</item>
					</item>
				</item>
			</item>
		</item>
	</item>
	<item id="blockdata">
		<item id="block">
			<item id="612">
				<item id="bid"><![CDATA[612]]></item>
				<item id="blockclass"><![CDATA[html_html]]></item>
				<item id="blocktype"><![CDATA[0]]></item>
				<item id="name"><![CDATA[简约通用手机版统计代码]]></item>
				<item id="title"><![CDATA[<div class="blocktitle title" style="background-image: none; background-repeat: repeat; background-color: rgb(204, 204, 204);"><span class="titletext" style="float:;margin-left:px;font-size:;color: !important;">第三方统计代码</span></div>]]></item>
				<item id="classname"><![CDATA[cl_block_bm]]></item>
				<item id="summary"><![CDATA[]]></item>
				<item id="uid"><![CDATA[1]]></item>
				<item id="username"><![CDATA[admin]]></item>
				<item id="styleid"><![CDATA[0]]></item>
				<item id="blockstyle"><![CDATA[]]></item>
				<item id="picwidth"><![CDATA[0]]></item>
				<item id="picheight"><![CDATA[0]]></item>
				<item id="target"><![CDATA[blank]]></item>
				<item id="dateformat"><![CDATA[Y-m-d]]></item>
				<item id="dateuformat"><![CDATA[0]]></item>
				<item id="script"><![CDATA[blank]]></item>
				<item id="param">
					<item id="content"><![CDATA[]]></item>
					<item id="items"><![CDATA[10]]></item>
				</item>
				<item id="shownum"><![CDATA[10]]></item>
				<item id="cachetime"><![CDATA[0]]></item>
				<item id="cachetimerange"><![CDATA[0,0]]></item>
				<item id="punctualupdate"><![CDATA[0]]></item>
				<item id="hidedisplay"><![CDATA[0]]></item>
				<item id="dateline"><![CDATA[1556011404]]></item>
				<item id="notinherited"><![CDATA[0]]></item>
				<item id="isblank"><![CDATA[0]]></item>
			</item>
		</item>
		<item id="style">
		</item>
	</item>
</root>