<?xml version="1.0" encoding="ISO-8859-1"?>
<root>
	<item id="Title"><![CDATA[Discuz! Threadtypes]]></item>
	<item id="Version"><![CDATA[X3.4]]></item>
	<item id="Time"><![CDATA[2019-03-13 15:13]]></item>
	<item id="From"><![CDATA[仁天际网络 (http://localhost/dz/)]]></item>
	<item id="Data">
		<item id="0">
			<item id="optionid"><![CDATA[1315]]></item>
			<item id="classid"><![CDATA[3]]></item>
			<item id="displayorder"><![CDATA[16]]></item>
			<item id="expiration"><![CDATA[0]]></item>
			<item id="protect"><![CDATA[]]></item>
			<item id="title"><![CDATA[商家名称]]></item>
			<item id="description"><![CDATA[带*为必填选项]]></item>
			<item id="identifier"><![CDATA[ren_bd_mc]]></item>
			<item id="type"><![CDATA[text]]></item>
			<item id="unit"><![CDATA[]]></item>
			<item id="rules"><![CDATA[]]></item>
			<item id="permprompt"><![CDATA[]]></item>
			<item id="typeid"><![CDATA[72]]></item>
			<item id="name"><![CDATA[本地服务]]></item>
			<item id="icon"><![CDATA[]]></item>
			<item id="special"><![CDATA[1]]></item>
			<item id="modelid"><![CDATA[0]]></item>
			<item id="template"><![CDATA[<style type="text/css">
    .ren_view_share.ren_view_footer { display: none; }
    .ren_view_share.ren_view_foo { display: none; }
    .rtj1009_m_main .ren_view_xxtop { display: none; }
    .rtj1009_m_main .ren_view_ny .ren_lc_xx { display: none; }
    .rtj1009_m_main .ren_view_ny .pi { overflow: initial; }
    .rtj1009_m_main .message { overflow: initial; }
    .rtj1009_m_main .ren_view_xf .ren_v_xftpxx { margin: -10px -10px 0 -10px; }
</style>
<div class="ren_view_xf ren_view_bd cl">
    <div id="tab4" class="tab ren_v_xftpxx cl">
        <div class="tab-con ren_v_xfpic cl">
            <ul class="j-tab-con">
                <li class="tab-con-item" style="display:block;"><a href="javascript:;"><img src="{ren_bd_img_value}"></a></li>
                <li class="tab-con-item"><a href="javascript:;"><img src="{ren_bd_imge_value}"></a></li>
                <li class="tab-con-item"><a href="javascript:;"><img src="{ren_bd_imgsan_value}"></a></li>
                <li class="tab-con-item"><a href="javascript:;"><img src="{ren_bd_imgsi_value}"></a></li>
            </ul>
        </div>
        <div class="ren_v_xfxpic cl">
            <ul class="tab-nav j-tab-nav">
                <li class="current"><a href="javascript:;"><img src="{ren_bd_img_value}"><i></i></a></li>
                <li><a href="javascript:;"><img src="{ren_bd_imge_value}"><i></i></a></li>
                <li><a href="javascript:;"><img src="{ren_bd_imgsan_value}"><i></i></a></li>
                <li><a href="javascript:;"><img src="{ren_bd_imgsi_value}"><i></i></a></li>
            </ul>
        </div>
    </div>

    <div class="ren_v_xfyiyxx">
        <div class="ren_v_xfbtxx cl">
            <h3><span class="ren_v_esfbtyi">{ren_bd_mc_value}</span></h3>

        </div>
        <ul class="ren_v_xfyinr cl">
            <li class="ren_v_yinrliu ren_v_esfnryi cl"><span>商家类型</span><p>{ren_bd_lb_value}</p></li>
            <li class="ren_v_yinre cl"><span>服务区域</span><p class="ren_xf_wz">{ren_bd_qy_value}</p></li>
            <li class="ren_v_yinrwu cl"><span>联系人</span><p>{ren_bd_lxr_value}</p></li>
            <li class="ren_v_yinrliu cl"><span>详细地址</span><p>{ren_bd_dz_value}</p></li>
        </ul>
        <span class="ren_v_xfpr cl">
            <em class="ren_v_xfi"><i class="icon"></i></em>
            <em class="ren_v_xfnum">{ren_bd_lxdh_value}</em>
       </span>
    </div>
</div>
<div class="ren_view_xfe ren_view_sjzk ren_view_zbye cl">
    <ul class="ren_v_xfnrtap">
        <li>
            <a href="javascript:;" class="xxk">服务介绍</a>
        </li>
    </ul>

    <div class="ren_v_xfexx">
        <div class="ren_v_sjjj cl">
            <p class="cl">{ren_bd_js_value}</p>
        </div>

    </div>
</div>

<div class="ren_view_share ren_flxx_footer">
    <a href="tel:{ren_bd_lxdh_value}" class="yi"><span>{ren_bd_lxr_value}</span><em>{ren_bd_lxdh_value}</em></a>
    <a href="tel:{ren_bd_lxdh_value}" class="e"><i class="icon ren-font">&#xe6be;</i>电话</a>
    <a class="open-popup san" data-popup=".popup-view"><i class="icon ren-font">&#xe619;</i>评论</a>
    <a href="javascript:;" class="ren_share open-popup si" data-popup=".popup-share"><i class="icon ren-font">&#xe742;</i>分享</a>
</div>]]></item>
			<item id="stemplate"><![CDATA[<ul class="ren_flxx_ul">
[loop]
    <li class="ren_fl_xf ren_fl_zby ren_fl_bd cl">
        <div class="ren_xf_pic z">
            <a href="{subject_url}">
            	<img src="{ren_bd_img_value}">
            </a>
        </div>
        <div class="ren_xf_xx">
            <div class="ren_xf_btxx">
                <a href="{subject_url}" class="ren_xf_bt">{subject}</a>
            </div>
            
            <p class="ren_zby_wz">{ren_bd_js_value}</p>
            <p class="ren_zby_tx">
                <a href="{subject_url}" class="ren_xf_tag">{ren_bd_mc_value}</a>
            </p>
            <p class="ren_zby_dz">
                <i class="i"></i><a href="{subject_url}">{ren_bd_dz_value}</a>
            </p>
        </div>
        <div class="ren_zby_price">
            <a href="{subject_url}" class="ren_pr_jg">
                <span class="ren_pr_jgsz">进入查看</span>
            </a>
        </div>
    </li>
[/loop]
</ul>]]></item>
			<item id="ptemplate"><![CDATA[]]></item>
			<item id="btemplate"><![CDATA[]]></item>
			<item id="sortid"><![CDATA[72]]></item>
			<item id="available"><![CDATA[1]]></item>
			<item id="required"><![CDATA[1]]></item>
			<item id="unchangeable"><![CDATA[0]]></item>
			<item id="search"><![CDATA[0]]></item>
			<item id="subjectshow"><![CDATA[1]]></item>
			<item id="tpdescription"><![CDATA[]]></item>
			<item id="ttdescription"><![CDATA[带*为必填选项]]></item>
			<item id="tpexpiration"><![CDATA[0]]></item>
			<item id="ttexpiration"><![CDATA[0]]></item>
		</item>
		<item id="1">
			<item id="optionid"><![CDATA[1316]]></item>
			<item id="classid"><![CDATA[3]]></item>
			<item id="displayorder"><![CDATA[17]]></item>
			<item id="expiration"><![CDATA[0]]></item>
			<item id="title"><![CDATA[商家类别]]></item>
			<item id="description"><![CDATA[带*为必填选项]]></item>
			<item id="identifier"><![CDATA[ren_bd_lb]]></item>
			<item id="type"><![CDATA[select]]></item>
			<item id="unit"><![CDATA[]]></item>
			<item id="permprompt"><![CDATA[]]></item>
			<item id="typeid"><![CDATA[72]]></item>
			<item id="name"><![CDATA[本地服务]]></item>
			<item id="icon"><![CDATA[]]></item>
			<item id="special"><![CDATA[1]]></item>
			<item id="modelid"><![CDATA[0]]></item>
			<item id="template"><![CDATA[<style type="text/css">
    .ren_view_share.ren_view_footer { display: none; }
    .ren_view_share.ren_view_foo { display: none; }
    .rtj1009_m_main .ren_view_xxtop { display: none; }
    .rtj1009_m_main .ren_view_ny .ren_lc_xx { display: none; }
    .rtj1009_m_main .ren_view_ny .pi { overflow: initial; }
    .rtj1009_m_main .message { overflow: initial; }
    .rtj1009_m_main .ren_view_xf .ren_v_xftpxx { margin: -10px -10px 0 -10px; }
</style>
<div class="ren_view_xf ren_view_bd cl">
    <div id="tab4" class="tab ren_v_xftpxx cl">
        <div class="tab-con ren_v_xfpic cl">
            <ul class="j-tab-con">
                <li class="tab-con-item" style="display:block;"><a href="javascript:;"><img src="{ren_bd_img_value}"></a></li>
                <li class="tab-con-item"><a href="javascript:;"><img src="{ren_bd_imge_value}"></a></li>
                <li class="tab-con-item"><a href="javascript:;"><img src="{ren_bd_imgsan_value}"></a></li>
                <li class="tab-con-item"><a href="javascript:;"><img src="{ren_bd_imgsi_value}"></a></li>
            </ul>
        </div>
        <div class="ren_v_xfxpic cl">
            <ul class="tab-nav j-tab-nav">
                <li class="current"><a href="javascript:;"><img src="{ren_bd_img_value}"><i></i></a></li>
                <li><a href="javascript:;"><img src="{ren_bd_imge_value}"><i></i></a></li>
                <li><a href="javascript:;"><img src="{ren_bd_imgsan_value}"><i></i></a></li>
                <li><a href="javascript:;"><img src="{ren_bd_imgsi_value}"><i></i></a></li>
            </ul>
        </div>
    </div>

    <div class="ren_v_xfyiyxx">
        <div class="ren_v_xfbtxx cl">
            <h3><span class="ren_v_esfbtyi">{ren_bd_mc_value}</span></h3>

        </div>
        <ul class="ren_v_xfyinr cl">
            <li class="ren_v_yinrliu ren_v_esfnryi cl"><span>商家类型</span><p>{ren_bd_lb_value}</p></li>
            <li class="ren_v_yinre cl"><span>服务区域</span><p class="ren_xf_wz">{ren_bd_qy_value}</p></li>
            <li class="ren_v_yinrwu cl"><span>联系人</span><p>{ren_bd_lxr_value}</p></li>
            <li class="ren_v_yinrliu cl"><span>详细地址</span><p>{ren_bd_dz_value}</p></li>
        </ul>
        <span class="ren_v_xfpr cl">
            <em class="ren_v_xfi"><i class="icon"></i></em>
            <em class="ren_v_xfnum">{ren_bd_lxdh_value}</em>
       </span>
    </div>
</div>
<div class="ren_view_xfe ren_view_sjzk ren_view_zbye cl">
    <ul class="ren_v_xfnrtap">
        <li>
            <a href="javascript:;" class="xxk">服务介绍</a>
        </li>
    </ul>

    <div class="ren_v_xfexx">
        <div class="ren_v_sjjj cl">
            <p class="cl">{ren_bd_js_value}</p>
        </div>

    </div>
</div>

<div class="ren_view_share ren_flxx_footer">
    <a href="tel:{ren_bd_lxdh_value}" class="yi"><span>{ren_bd_lxr_value}</span><em>{ren_bd_lxdh_value}</em></a>
    <a href="tel:{ren_bd_lxdh_value}" class="e"><i class="icon ren-font">&#xe6be;</i>电话</a>
    <a class="open-popup san" data-popup=".popup-view"><i class="icon ren-font">&#xe619;</i>评论</a>
    <a href="javascript:;" class="ren_share open-popup si" data-popup=".popup-share"><i class="icon ren-font">&#xe742;</i>分享</a>
</div>]]></item>
			<item id="stemplate"><![CDATA[<ul class="ren_flxx_ul">
[loop]
    <li class="ren_fl_xf ren_fl_zby ren_fl_bd cl">
        <div class="ren_xf_pic z">
            <a href="{subject_url}">
            	<img src="{ren_bd_img_value}">
            </a>
        </div>
        <div class="ren_xf_xx">
            <div class="ren_xf_btxx">
                <a href="{subject_url}" class="ren_xf_bt">{subject}</a>
            </div>
            
            <p class="ren_zby_wz">{ren_bd_js_value}</p>
            <p class="ren_zby_tx">
                <a href="{subject_url}" class="ren_xf_tag">{ren_bd_mc_value}</a>
            </p>
            <p class="ren_zby_dz">
                <i class="i"></i><a href="{subject_url}">{ren_bd_dz_value}</a>
            </p>
        </div>
        <div class="ren_zby_price">
            <a href="{subject_url}" class="ren_pr_jg">
                <span class="ren_pr_jgsz">进入查看</span>
            </a>
        </div>
    </li>
[/loop]
</ul>]]></item>
			<item id="ptemplate"><![CDATA[]]></item>
			<item id="btemplate"><![CDATA[]]></item>
			<item id="sortid"><![CDATA[72]]></item>
			<item id="available"><![CDATA[1]]></item>
			<item id="required"><![CDATA[1]]></item>
			<item id="unchangeable"><![CDATA[0]]></item>
			<item id="search"><![CDATA[2]]></item>
			<item id="subjectshow"><![CDATA[1]]></item>
			<item id="tpdescription"><![CDATA[]]></item>
			<item id="ttdescription"><![CDATA[带*为必填选项]]></item>
			<item id="tpexpiration"><![CDATA[0]]></item>
			<item id="ttexpiration"><![CDATA[0]]></item>
			<item id="__protect">
				<item id="usergroup"><![CDATA[]]></item>
				<item id="verify"><![CDATA[]]></item>
			</item>
			<item id="__rules">
				<item id="choices"><![CDATA[1=家政保洁
1.1=月嫂
1.2=育儿嫂
1.3=保姆
1.4=钟点工
1.5=催乳师
1.6=陪护
1.7=涉外家政
1.8=管家
1.9=月子中心
1.10=家庭保洁
1.11=物业保洁
1.12=玻璃清洗
1.13=沙发清洗
1.14=灯具清洗
1.15=壁纸清洗
1.16=地毯清洗
1.17=地暖清洗
1.18=地板打蜡
1.19=石材翻新
1.20=除虫除蚁
1.21=空调清洗
1.22=洗衣机清洗
1.23=油烟机清洗
1.24=饮水机清洗
1.25=热水器清洗
1.26=冰箱清洗
2=搬家服务
2.1=居民搬家
2.2=公司搬家
2.3=小型搬家
2.4=长途搬家搬运
2.5=空调移机
2.6=设备搬迁
2.7=起重吊装
2.8=搬家搬场
2.9=钢琴搬运
2.10=家具拆装
2.11=国际搬家
3=二手回收
3.1=电器回收
3.2=电脑回收
3.3=手机回收
3.4=金银回收
3.5=礼品回收
3.6=奢侈品回收
3.7=家具回收
3.8=金属回收
3.9=废纸回收
3.10=塑料回收
3.11=玻璃回收
3.12=数码回收
3.13=建筑废料
3.14=办公用品回收
3.15=购物卡回收
3.16=其它物品回收
4=管道疏通
4.1=下水道疏通
4.2=马桶疏通
4.3=化粪池清理
4.4=工业管道安装／改造
4.5=打捞
4.6=市政管道清淤
4.7=隔油池维修／清理
5=生活配送
5.1=桶装水
5.2=跑腿服务
5.3=粮油副食
5.4=液化气/煤气
5.5=蔬菜水果
5.6=煤炭
6=电脑维修
6.1=台式电脑
6.2=笔记本维修
6.3=ipad/平板电脑维修
6.4=网络维修
6.5=数据恢复
6.6=服务器维修
7=家电维修
7.1=冰箱维修
7.2=电视维修
7.3=热水器维修
7.4=空调维修/移机
7.5=洗衣机维修
7.6=厨房家电维修
7.7=影音家电维修
7.8=小家电维修
8=数码维修
8.1=手机维修
8.2=数码相机维修
8.3=摄像机维修
8.4=单反相机/单反配件
8.5=单电/微单相机
8.6=数码相框
8.7=录音设备
8.8=导航仪维修
9=房屋维修
9.1=暖气水管维修/安装
9.2=卫浴/洁具维修
9.3=门窗维修/安装
9.4=灯具维修/安装
9.5=防水补漏
9.6=电路维修/安装
9.7=水管/水龙头维修
9.8=打孔
9.9=粉刷/防腐
10=家具维修
10.1=桌椅柜维修
10.2=地板维修
10.3=钟表维修
10.4=办公家具维修
10.5=沙发维修护理
11=干洗/衣护
11.1=干洗
11.2=皮衣护理
11.3=皮鞋护理
11.4=皮包护理
11.5=改衣
11.6=修鞋
11.7=家居用品清洗养护
11.8=汽车座椅清洗养护
12=鲜花服务
12.1=鲜花
12.2=绿植
12.3=仿真花
12.4=园林/园艺
13=殡葬服务
13.1=殡仪馆/殡葬服务
13.2=墓地陵园
13.3=殡葬用品
13.4=火葬
13.5=骨灰盒
13.6=寿衣
13.7=花圈/鲜花
14=其它]]></item>
				<item id="inputsize"><![CDATA[]]></item>
			</item>
		</item>
		<item id="2">
			<item id="optionid"><![CDATA[1317]]></item>
			<item id="classid"><![CDATA[3]]></item>
			<item id="displayorder"><![CDATA[18]]></item>
			<item id="expiration"><![CDATA[0]]></item>
			<item id="title"><![CDATA[服务区域]]></item>
			<item id="description"><![CDATA[带*为必填选项]]></item>
			<item id="identifier"><![CDATA[ren_bd_qy]]></item>
			<item id="type"><![CDATA[checkbox]]></item>
			<item id="unit"><![CDATA[]]></item>
			<item id="permprompt"><![CDATA[]]></item>
			<item id="typeid"><![CDATA[72]]></item>
			<item id="name"><![CDATA[本地服务]]></item>
			<item id="icon"><![CDATA[]]></item>
			<item id="special"><![CDATA[1]]></item>
			<item id="modelid"><![CDATA[0]]></item>
			<item id="template"><![CDATA[<style type="text/css">
    .ren_view_share.ren_view_footer { display: none; }
    .ren_view_share.ren_view_foo { display: none; }
    .rtj1009_m_main .ren_view_xxtop { display: none; }
    .rtj1009_m_main .ren_view_ny .ren_lc_xx { display: none; }
    .rtj1009_m_main .ren_view_ny .pi { overflow: initial; }
    .rtj1009_m_main .message { overflow: initial; }
    .rtj1009_m_main .ren_view_xf .ren_v_xftpxx { margin: -10px -10px 0 -10px; }
</style>
<div class="ren_view_xf ren_view_bd cl">
    <div id="tab4" class="tab ren_v_xftpxx cl">
        <div class="tab-con ren_v_xfpic cl">
            <ul class="j-tab-con">
                <li class="tab-con-item" style="display:block;"><a href="javascript:;"><img src="{ren_bd_img_value}"></a></li>
                <li class="tab-con-item"><a href="javascript:;"><img src="{ren_bd_imge_value}"></a></li>
                <li class="tab-con-item"><a href="javascript:;"><img src="{ren_bd_imgsan_value}"></a></li>
                <li class="tab-con-item"><a href="javascript:;"><img src="{ren_bd_imgsi_value}"></a></li>
            </ul>
        </div>
        <div class="ren_v_xfxpic cl">
            <ul class="tab-nav j-tab-nav">
                <li class="current"><a href="javascript:;"><img src="{ren_bd_img_value}"><i></i></a></li>
                <li><a href="javascript:;"><img src="{ren_bd_imge_value}"><i></i></a></li>
                <li><a href="javascript:;"><img src="{ren_bd_imgsan_value}"><i></i></a></li>
                <li><a href="javascript:;"><img src="{ren_bd_imgsi_value}"><i></i></a></li>
            </ul>
        </div>
    </div>

    <div class="ren_v_xfyiyxx">
        <div class="ren_v_xfbtxx cl">
            <h3><span class="ren_v_esfbtyi">{ren_bd_mc_value}</span></h3>

        </div>
        <ul class="ren_v_xfyinr cl">
            <li class="ren_v_yinrliu ren_v_esfnryi cl"><span>商家类型</span><p>{ren_bd_lb_value}</p></li>
            <li class="ren_v_yinre cl"><span>服务区域</span><p class="ren_xf_wz">{ren_bd_qy_value}</p></li>
            <li class="ren_v_yinrwu cl"><span>联系人</span><p>{ren_bd_lxr_value}</p></li>
            <li class="ren_v_yinrliu cl"><span>详细地址</span><p>{ren_bd_dz_value}</p></li>
        </ul>
        <span class="ren_v_xfpr cl">
            <em class="ren_v_xfi"><i class="icon"></i></em>
            <em class="ren_v_xfnum">{ren_bd_lxdh_value}</em>
       </span>
    </div>
</div>
<div class="ren_view_xfe ren_view_sjzk ren_view_zbye cl">
    <ul class="ren_v_xfnrtap">
        <li>
            <a href="javascript:;" class="xxk">服务介绍</a>
        </li>
    </ul>

    <div class="ren_v_xfexx">
        <div class="ren_v_sjjj cl">
            <p class="cl">{ren_bd_js_value}</p>
        </div>

    </div>
</div>

<div class="ren_view_share ren_flxx_footer">
    <a href="tel:{ren_bd_lxdh_value}" class="yi"><span>{ren_bd_lxr_value}</span><em>{ren_bd_lxdh_value}</em></a>
    <a href="tel:{ren_bd_lxdh_value}" class="e"><i class="icon ren-font">&#xe6be;</i>电话</a>
    <a class="open-popup san" data-popup=".popup-view"><i class="icon ren-font">&#xe619;</i>评论</a>
    <a href="javascript:;" class="ren_share open-popup si" data-popup=".popup-share"><i class="icon ren-font">&#xe742;</i>分享</a>
</div>]]></item>
			<item id="stemplate"><![CDATA[<ul class="ren_flxx_ul">
[loop]
    <li class="ren_fl_xf ren_fl_zby ren_fl_bd cl">
        <div class="ren_xf_pic z">
            <a href="{subject_url}">
            	<img src="{ren_bd_img_value}">
            </a>
        </div>
        <div class="ren_xf_xx">
            <div class="ren_xf_btxx">
                <a href="{subject_url}" class="ren_xf_bt">{subject}</a>
            </div>
            
            <p class="ren_zby_wz">{ren_bd_js_value}</p>
            <p class="ren_zby_tx">
                <a href="{subject_url}" class="ren_xf_tag">{ren_bd_mc_value}</a>
            </p>
            <p class="ren_zby_dz">
                <i class="i"></i><a href="{subject_url}">{ren_bd_dz_value}</a>
            </p>
        </div>
        <div class="ren_zby_price">
            <a href="{subject_url}" class="ren_pr_jg">
                <span class="ren_pr_jgsz">进入查看</span>
            </a>
        </div>
    </li>
[/loop]
</ul>]]></item>
			<item id="ptemplate"><![CDATA[]]></item>
			<item id="btemplate"><![CDATA[]]></item>
			<item id="sortid"><![CDATA[72]]></item>
			<item id="available"><![CDATA[1]]></item>
			<item id="required"><![CDATA[1]]></item>
			<item id="unchangeable"><![CDATA[0]]></item>
			<item id="search"><![CDATA[2]]></item>
			<item id="subjectshow"><![CDATA[1]]></item>
			<item id="tpdescription"><![CDATA[最多选择五项]]></item>
			<item id="ttdescription"><![CDATA[带*为必填选项]]></item>
			<item id="tpexpiration"><![CDATA[0]]></item>
			<item id="ttexpiration"><![CDATA[0]]></item>
			<item id="__protect">
				<item id="usergroup"><![CDATA[]]></item>
				<item id="verify"><![CDATA[]]></item>
			</item>
			<item id="__rules">
				<item id="choices"><![CDATA[1=<i>鱼峰区</i>
2=<i>城中区</i>
3=<i>柳南区</i>
4=<i>柳北区</i>
5=<i>柳东新区</i>
6=<i>柳江县</i>
7=<i>鹿寨县</i>
8=<i>柳城县</i>
9=<i>其它</i>]]></item>
			</item>
		</item>
		<item id="3">
			<item id="optionid"><![CDATA[1318]]></item>
			<item id="classid"><![CDATA[3]]></item>
			<item id="displayorder"><![CDATA[23]]></item>
			<item id="expiration"><![CDATA[0]]></item>
			<item id="title"><![CDATA[服务介绍]]></item>
			<item id="description"><![CDATA[带*为必填选项]]></item>
			<item id="identifier"><![CDATA[ren_bd_js]]></item>
			<item id="type"><![CDATA[textarea]]></item>
			<item id="unit"><![CDATA[]]></item>
			<item id="permprompt"><![CDATA[]]></item>
			<item id="typeid"><![CDATA[72]]></item>
			<item id="name"><![CDATA[本地服务]]></item>
			<item id="icon"><![CDATA[]]></item>
			<item id="special"><![CDATA[1]]></item>
			<item id="modelid"><![CDATA[0]]></item>
			<item id="template"><![CDATA[<style type="text/css">
    .ren_view_share.ren_view_footer { display: none; }
    .ren_view_share.ren_view_foo { display: none; }
    .rtj1009_m_main .ren_view_xxtop { display: none; }
    .rtj1009_m_main .ren_view_ny .ren_lc_xx { display: none; }
    .rtj1009_m_main .ren_view_ny .pi { overflow: initial; }
    .rtj1009_m_main .message { overflow: initial; }
    .rtj1009_m_main .ren_view_xf .ren_v_xftpxx { margin: -10px -10px 0 -10px; }
</style>
<div class="ren_view_xf ren_view_bd cl">
    <div id="tab4" class="tab ren_v_xftpxx cl">
        <div class="tab-con ren_v_xfpic cl">
            <ul class="j-tab-con">
                <li class="tab-con-item" style="display:block;"><a href="javascript:;"><img src="{ren_bd_img_value}"></a></li>
                <li class="tab-con-item"><a href="javascript:;"><img src="{ren_bd_imge_value}"></a></li>
                <li class="tab-con-item"><a href="javascript:;"><img src="{ren_bd_imgsan_value}"></a></li>
                <li class="tab-con-item"><a href="javascript:;"><img src="{ren_bd_imgsi_value}"></a></li>
            </ul>
        </div>
        <div class="ren_v_xfxpic cl">
            <ul class="tab-nav j-tab-nav">
                <li class="current"><a href="javascript:;"><img src="{ren_bd_img_value}"><i></i></a></li>
                <li><a href="javascript:;"><img src="{ren_bd_imge_value}"><i></i></a></li>
                <li><a href="javascript:;"><img src="{ren_bd_imgsan_value}"><i></i></a></li>
                <li><a href="javascript:;"><img src="{ren_bd_imgsi_value}"><i></i></a></li>
            </ul>
        </div>
    </div>

    <div class="ren_v_xfyiyxx">
        <div class="ren_v_xfbtxx cl">
            <h3><span class="ren_v_esfbtyi">{ren_bd_mc_value}</span></h3>

        </div>
        <ul class="ren_v_xfyinr cl">
            <li class="ren_v_yinrliu ren_v_esfnryi cl"><span>商家类型</span><p>{ren_bd_lb_value}</p></li>
            <li class="ren_v_yinre cl"><span>服务区域</span><p class="ren_xf_wz">{ren_bd_qy_value}</p></li>
            <li class="ren_v_yinrwu cl"><span>联系人</span><p>{ren_bd_lxr_value}</p></li>
            <li class="ren_v_yinrliu cl"><span>详细地址</span><p>{ren_bd_dz_value}</p></li>
        </ul>
        <span class="ren_v_xfpr cl">
            <em class="ren_v_xfi"><i class="icon"></i></em>
            <em class="ren_v_xfnum">{ren_bd_lxdh_value}</em>
       </span>
    </div>
</div>
<div class="ren_view_xfe ren_view_sjzk ren_view_zbye cl">
    <ul class="ren_v_xfnrtap">
        <li>
            <a href="javascript:;" class="xxk">服务介绍</a>
        </li>
    </ul>

    <div class="ren_v_xfexx">
        <div class="ren_v_sjjj cl">
            <p class="cl">{ren_bd_js_value}</p>
        </div>

    </div>
</div>

<div class="ren_view_share ren_flxx_footer">
    <a href="tel:{ren_bd_lxdh_value}" class="yi"><span>{ren_bd_lxr_value}</span><em>{ren_bd_lxdh_value}</em></a>
    <a href="tel:{ren_bd_lxdh_value}" class="e"><i class="icon ren-font">&#xe6be;</i>电话</a>
    <a class="open-popup san" data-popup=".popup-view"><i class="icon ren-font">&#xe619;</i>评论</a>
    <a href="javascript:;" class="ren_share open-popup si" data-popup=".popup-share"><i class="icon ren-font">&#xe742;</i>分享</a>
</div>]]></item>
			<item id="stemplate"><![CDATA[<ul class="ren_flxx_ul">
[loop]
    <li class="ren_fl_xf ren_fl_zby ren_fl_bd cl">
        <div class="ren_xf_pic z">
            <a href="{subject_url}">
            	<img src="{ren_bd_img_value}">
            </a>
        </div>
        <div class="ren_xf_xx">
            <div class="ren_xf_btxx">
                <a href="{subject_url}" class="ren_xf_bt">{subject}</a>
            </div>
            
            <p class="ren_zby_wz">{ren_bd_js_value}</p>
            <p class="ren_zby_tx">
                <a href="{subject_url}" class="ren_xf_tag">{ren_bd_mc_value}</a>
            </p>
            <p class="ren_zby_dz">
                <i class="i"></i><a href="{subject_url}">{ren_bd_dz_value}</a>
            </p>
        </div>
        <div class="ren_zby_price">
            <a href="{subject_url}" class="ren_pr_jg">
                <span class="ren_pr_jgsz">进入查看</span>
            </a>
        </div>
    </li>
[/loop]
</ul>]]></item>
			<item id="ptemplate"><![CDATA[]]></item>
			<item id="btemplate"><![CDATA[]]></item>
			<item id="sortid"><![CDATA[72]]></item>
			<item id="available"><![CDATA[1]]></item>
			<item id="required"><![CDATA[1]]></item>
			<item id="unchangeable"><![CDATA[0]]></item>
			<item id="search"><![CDATA[0]]></item>
			<item id="subjectshow"><![CDATA[1]]></item>
			<item id="tpdescription"><![CDATA[&#8203;10-2000个字，不能填写电话、QQ、微信、邮箱等联系方式或特殊符号]]></item>
			<item id="ttdescription"><![CDATA[带*为必填选项]]></item>
			<item id="tpexpiration"><![CDATA[0]]></item>
			<item id="ttexpiration"><![CDATA[0]]></item>
			<item id="__protect">
				<item id="status"><![CDATA[0]]></item>
				<item id="usergroup"><![CDATA[]]></item>
				<item id="verify"><![CDATA[]]></item>
			</item>
			<item id="__rules">
				<item id="maxlength"><![CDATA[]]></item>
				<item id="colsize"><![CDATA[]]></item>
				<item id="rowsize"><![CDATA[]]></item>
				<item id="defaultvalue"><![CDATA[]]></item>
			</item>
		</item>
		<item id="4">
			<item id="optionid"><![CDATA[1319]]></item>
			<item id="classid"><![CDATA[3]]></item>
			<item id="displayorder"><![CDATA[19]]></item>
			<item id="expiration"><![CDATA[0]]></item>
			<item id="title"><![CDATA[上传图片]]></item>
			<item id="description"><![CDATA[带*为必填选项]]></item>
			<item id="identifier"><![CDATA[ren_bd_img]]></item>
			<item id="type"><![CDATA[image]]></item>
			<item id="unit"><![CDATA[]]></item>
			<item id="permprompt"><![CDATA[]]></item>
			<item id="typeid"><![CDATA[72]]></item>
			<item id="name"><![CDATA[本地服务]]></item>
			<item id="icon"><![CDATA[]]></item>
			<item id="special"><![CDATA[1]]></item>
			<item id="modelid"><![CDATA[0]]></item>
			<item id="template"><![CDATA[<style type="text/css">
    .ren_view_share.ren_view_footer { display: none; }
    .ren_view_share.ren_view_foo { display: none; }
    .rtj1009_m_main .ren_view_xxtop { display: none; }
    .rtj1009_m_main .ren_view_ny .ren_lc_xx { display: none; }
    .rtj1009_m_main .ren_view_ny .pi { overflow: initial; }
    .rtj1009_m_main .message { overflow: initial; }
    .rtj1009_m_main .ren_view_xf .ren_v_xftpxx { margin: -10px -10px 0 -10px; }
</style>
<div class="ren_view_xf ren_view_bd cl">
    <div id="tab4" class="tab ren_v_xftpxx cl">
        <div class="tab-con ren_v_xfpic cl">
            <ul class="j-tab-con">
                <li class="tab-con-item" style="display:block;"><a href="javascript:;"><img src="{ren_bd_img_value}"></a></li>
                <li class="tab-con-item"><a href="javascript:;"><img src="{ren_bd_imge_value}"></a></li>
                <li class="tab-con-item"><a href="javascript:;"><img src="{ren_bd_imgsan_value}"></a></li>
                <li class="tab-con-item"><a href="javascript:;"><img src="{ren_bd_imgsi_value}"></a></li>
            </ul>
        </div>
        <div class="ren_v_xfxpic cl">
            <ul class="tab-nav j-tab-nav">
                <li class="current"><a href="javascript:;"><img src="{ren_bd_img_value}"><i></i></a></li>
                <li><a href="javascript:;"><img src="{ren_bd_imge_value}"><i></i></a></li>
                <li><a href="javascript:;"><img src="{ren_bd_imgsan_value}"><i></i></a></li>
                <li><a href="javascript:;"><img src="{ren_bd_imgsi_value}"><i></i></a></li>
            </ul>
        </div>
    </div>

    <div class="ren_v_xfyiyxx">
        <div class="ren_v_xfbtxx cl">
            <h3><span class="ren_v_esfbtyi">{ren_bd_mc_value}</span></h3>

        </div>
        <ul class="ren_v_xfyinr cl">
            <li class="ren_v_yinrliu ren_v_esfnryi cl"><span>商家类型</span><p>{ren_bd_lb_value}</p></li>
            <li class="ren_v_yinre cl"><span>服务区域</span><p class="ren_xf_wz">{ren_bd_qy_value}</p></li>
            <li class="ren_v_yinrwu cl"><span>联系人</span><p>{ren_bd_lxr_value}</p></li>
            <li class="ren_v_yinrliu cl"><span>详细地址</span><p>{ren_bd_dz_value}</p></li>
        </ul>
        <span class="ren_v_xfpr cl">
            <em class="ren_v_xfi"><i class="icon"></i></em>
            <em class="ren_v_xfnum">{ren_bd_lxdh_value}</em>
       </span>
    </div>
</div>
<div class="ren_view_xfe ren_view_sjzk ren_view_zbye cl">
    <ul class="ren_v_xfnrtap">
        <li>
            <a href="javascript:;" class="xxk">服务介绍</a>
        </li>
    </ul>

    <div class="ren_v_xfexx">
        <div class="ren_v_sjjj cl">
            <p class="cl">{ren_bd_js_value}</p>
        </div>

    </div>
</div>

<div class="ren_view_share ren_flxx_footer">
    <a href="tel:{ren_bd_lxdh_value}" class="yi"><span>{ren_bd_lxr_value}</span><em>{ren_bd_lxdh_value}</em></a>
    <a href="tel:{ren_bd_lxdh_value}" class="e"><i class="icon ren-font">&#xe6be;</i>电话</a>
    <a class="open-popup san" data-popup=".popup-view"><i class="icon ren-font">&#xe619;</i>评论</a>
    <a href="javascript:;" class="ren_share open-popup si" data-popup=".popup-share"><i class="icon ren-font">&#xe742;</i>分享</a>
</div>]]></item>
			<item id="stemplate"><![CDATA[<ul class="ren_flxx_ul">
[loop]
    <li class="ren_fl_xf ren_fl_zby ren_fl_bd cl">
        <div class="ren_xf_pic z">
            <a href="{subject_url}">
            	<img src="{ren_bd_img_value}">
            </a>
        </div>
        <div class="ren_xf_xx">
            <div class="ren_xf_btxx">
                <a href="{subject_url}" class="ren_xf_bt">{subject}</a>
            </div>
            
            <p class="ren_zby_wz">{ren_bd_js_value}</p>
            <p class="ren_zby_tx">
                <a href="{subject_url}" class="ren_xf_tag">{ren_bd_mc_value}</a>
            </p>
            <p class="ren_zby_dz">
                <i class="i"></i><a href="{subject_url}">{ren_bd_dz_value}</a>
            </p>
        </div>
        <div class="ren_zby_price">
            <a href="{subject_url}" class="ren_pr_jg">
                <span class="ren_pr_jgsz">进入查看</span>
            </a>
        </div>
    </li>
[/loop]
</ul>]]></item>
			<item id="ptemplate"><![CDATA[]]></item>
			<item id="btemplate"><![CDATA[]]></item>
			<item id="sortid"><![CDATA[72]]></item>
			<item id="available"><![CDATA[1]]></item>
			<item id="required"><![CDATA[1]]></item>
			<item id="unchangeable"><![CDATA[0]]></item>
			<item id="search"><![CDATA[0]]></item>
			<item id="subjectshow"><![CDATA[1]]></item>
			<item id="tpdescription"><![CDATA[主图最多上传四张，若有更多图片上传，请在下方编辑框中选择上传]]></item>
			<item id="ttdescription"><![CDATA[带*为必填选项]]></item>
			<item id="tpexpiration"><![CDATA[0]]></item>
			<item id="ttexpiration"><![CDATA[0]]></item>
			<item id="__protect">
				<item id="usergroup"><![CDATA[]]></item>
				<item id="verify"><![CDATA[]]></item>
			</item>
			<item id="__rules">
				<item id="maxwidth"><![CDATA[]]></item>
				<item id="maxheight"><![CDATA[]]></item>
				<item id="inputsize"><![CDATA[]]></item>
			</item>
		</item>
		<item id="5">
			<item id="optionid"><![CDATA[1320]]></item>
			<item id="classid"><![CDATA[3]]></item>
			<item id="displayorder"><![CDATA[20]]></item>
			<item id="expiration"><![CDATA[0]]></item>
			<item id="title"><![CDATA[上传图片2]]></item>
			<item id="description"><![CDATA[带*为必填选项]]></item>
			<item id="identifier"><![CDATA[ren_bd_imge]]></item>
			<item id="type"><![CDATA[image]]></item>
			<item id="unit"><![CDATA[]]></item>
			<item id="permprompt"><![CDATA[]]></item>
			<item id="typeid"><![CDATA[72]]></item>
			<item id="name"><![CDATA[本地服务]]></item>
			<item id="icon"><![CDATA[]]></item>
			<item id="special"><![CDATA[1]]></item>
			<item id="modelid"><![CDATA[0]]></item>
			<item id="template"><![CDATA[<style type="text/css">
    .ren_view_share.ren_view_footer { display: none; }
    .ren_view_share.ren_view_foo { display: none; }
    .rtj1009_m_main .ren_view_xxtop { display: none; }
    .rtj1009_m_main .ren_view_ny .ren_lc_xx { display: none; }
    .rtj1009_m_main .ren_view_ny .pi { overflow: initial; }
    .rtj1009_m_main .message { overflow: initial; }
    .rtj1009_m_main .ren_view_xf .ren_v_xftpxx { margin: -10px -10px 0 -10px; }
</style>
<div class="ren_view_xf ren_view_bd cl">
    <div id="tab4" class="tab ren_v_xftpxx cl">
        <div class="tab-con ren_v_xfpic cl">
            <ul class="j-tab-con">
                <li class="tab-con-item" style="display:block;"><a href="javascript:;"><img src="{ren_bd_img_value}"></a></li>
                <li class="tab-con-item"><a href="javascript:;"><img src="{ren_bd_imge_value}"></a></li>
                <li class="tab-con-item"><a href="javascript:;"><img src="{ren_bd_imgsan_value}"></a></li>
                <li class="tab-con-item"><a href="javascript:;"><img src="{ren_bd_imgsi_value}"></a></li>
            </ul>
        </div>
        <div class="ren_v_xfxpic cl">
            <ul class="tab-nav j-tab-nav">
                <li class="current"><a href="javascript:;"><img src="{ren_bd_img_value}"><i></i></a></li>
                <li><a href="javascript:;"><img src="{ren_bd_imge_value}"><i></i></a></li>
                <li><a href="javascript:;"><img src="{ren_bd_imgsan_value}"><i></i></a></li>
                <li><a href="javascript:;"><img src="{ren_bd_imgsi_value}"><i></i></a></li>
            </ul>
        </div>
    </div>

    <div class="ren_v_xfyiyxx">
        <div class="ren_v_xfbtxx cl">
            <h3><span class="ren_v_esfbtyi">{ren_bd_mc_value}</span></h3>

        </div>
        <ul class="ren_v_xfyinr cl">
            <li class="ren_v_yinrliu ren_v_esfnryi cl"><span>商家类型</span><p>{ren_bd_lb_value}</p></li>
            <li class="ren_v_yinre cl"><span>服务区域</span><p class="ren_xf_wz">{ren_bd_qy_value}</p></li>
            <li class="ren_v_yinrwu cl"><span>联系人</span><p>{ren_bd_lxr_value}</p></li>
            <li class="ren_v_yinrliu cl"><span>详细地址</span><p>{ren_bd_dz_value}</p></li>
        </ul>
        <span class="ren_v_xfpr cl">
            <em class="ren_v_xfi"><i class="icon"></i></em>
            <em class="ren_v_xfnum">{ren_bd_lxdh_value}</em>
       </span>
    </div>
</div>
<div class="ren_view_xfe ren_view_sjzk ren_view_zbye cl">
    <ul class="ren_v_xfnrtap">
        <li>
            <a href="javascript:;" class="xxk">服务介绍</a>
        </li>
    </ul>

    <div class="ren_v_xfexx">
        <div class="ren_v_sjjj cl">
            <p class="cl">{ren_bd_js_value}</p>
        </div>

    </div>
</div>

<div class="ren_view_share ren_flxx_footer">
    <a href="tel:{ren_bd_lxdh_value}" class="yi"><span>{ren_bd_lxr_value}</span><em>{ren_bd_lxdh_value}</em></a>
    <a href="tel:{ren_bd_lxdh_value}" class="e"><i class="icon ren-font">&#xe6be;</i>电话</a>
    <a class="open-popup san" data-popup=".popup-view"><i class="icon ren-font">&#xe619;</i>评论</a>
    <a href="javascript:;" class="ren_share open-popup si" data-popup=".popup-share"><i class="icon ren-font">&#xe742;</i>分享</a>
</div>]]></item>
			<item id="stemplate"><![CDATA[<ul class="ren_flxx_ul">
[loop]
    <li class="ren_fl_xf ren_fl_zby ren_fl_bd cl">
        <div class="ren_xf_pic z">
            <a href="{subject_url}">
            	<img src="{ren_bd_img_value}">
            </a>
        </div>
        <div class="ren_xf_xx">
            <div class="ren_xf_btxx">
                <a href="{subject_url}" class="ren_xf_bt">{subject}</a>
            </div>
            
            <p class="ren_zby_wz">{ren_bd_js_value}</p>
            <p class="ren_zby_tx">
                <a href="{subject_url}" class="ren_xf_tag">{ren_bd_mc_value}</a>
            </p>
            <p class="ren_zby_dz">
                <i class="i"></i><a href="{subject_url}">{ren_bd_dz_value}</a>
            </p>
        </div>
        <div class="ren_zby_price">
            <a href="{subject_url}" class="ren_pr_jg">
                <span class="ren_pr_jgsz">进入查看</span>
            </a>
        </div>
    </li>
[/loop]
</ul>]]></item>
			<item id="ptemplate"><![CDATA[]]></item>
			<item id="btemplate"><![CDATA[]]></item>
			<item id="sortid"><![CDATA[72]]></item>
			<item id="available"><![CDATA[1]]></item>
			<item id="required"><![CDATA[1]]></item>
			<item id="unchangeable"><![CDATA[0]]></item>
			<item id="search"><![CDATA[0]]></item>
			<item id="subjectshow"><![CDATA[1]]></item>
			<item id="tpdescription"><![CDATA[]]></item>
			<item id="ttdescription"><![CDATA[带*为必填选项]]></item>
			<item id="tpexpiration"><![CDATA[0]]></item>
			<item id="ttexpiration"><![CDATA[0]]></item>
			<item id="__protect">
				<item id="usergroup"><![CDATA[]]></item>
				<item id="verify"><![CDATA[]]></item>
			</item>
			<item id="__rules">
				<item id="maxwidth"><![CDATA[]]></item>
				<item id="maxheight"><![CDATA[]]></item>
				<item id="inputsize"><![CDATA[]]></item>
			</item>
		</item>
		<item id="6">
			<item id="optionid"><![CDATA[1321]]></item>
			<item id="classid"><![CDATA[3]]></item>
			<item id="displayorder"><![CDATA[21]]></item>
			<item id="expiration"><![CDATA[0]]></item>
			<item id="title"><![CDATA[上传图片3]]></item>
			<item id="description"><![CDATA[带*为必填选项]]></item>
			<item id="identifier"><![CDATA[ren_bd_imgsan]]></item>
			<item id="type"><![CDATA[image]]></item>
			<item id="unit"><![CDATA[]]></item>
			<item id="permprompt"><![CDATA[]]></item>
			<item id="typeid"><![CDATA[72]]></item>
			<item id="name"><![CDATA[本地服务]]></item>
			<item id="icon"><![CDATA[]]></item>
			<item id="special"><![CDATA[1]]></item>
			<item id="modelid"><![CDATA[0]]></item>
			<item id="template"><![CDATA[<style type="text/css">
    .ren_view_share.ren_view_footer { display: none; }
    .ren_view_share.ren_view_foo { display: none; }
    .rtj1009_m_main .ren_view_xxtop { display: none; }
    .rtj1009_m_main .ren_view_ny .ren_lc_xx { display: none; }
    .rtj1009_m_main .ren_view_ny .pi { overflow: initial; }
    .rtj1009_m_main .message { overflow: initial; }
    .rtj1009_m_main .ren_view_xf .ren_v_xftpxx { margin: -10px -10px 0 -10px; }
</style>
<div class="ren_view_xf ren_view_bd cl">
    <div id="tab4" class="tab ren_v_xftpxx cl">
        <div class="tab-con ren_v_xfpic cl">
            <ul class="j-tab-con">
                <li class="tab-con-item" style="display:block;"><a href="javascript:;"><img src="{ren_bd_img_value}"></a></li>
                <li class="tab-con-item"><a href="javascript:;"><img src="{ren_bd_imge_value}"></a></li>
                <li class="tab-con-item"><a href="javascript:;"><img src="{ren_bd_imgsan_value}"></a></li>
                <li class="tab-con-item"><a href="javascript:;"><img src="{ren_bd_imgsi_value}"></a></li>
            </ul>
        </div>
        <div class="ren_v_xfxpic cl">
            <ul class="tab-nav j-tab-nav">
                <li class="current"><a href="javascript:;"><img src="{ren_bd_img_value}"><i></i></a></li>
                <li><a href="javascript:;"><img src="{ren_bd_imge_value}"><i></i></a></li>
                <li><a href="javascript:;"><img src="{ren_bd_imgsan_value}"><i></i></a></li>
                <li><a href="javascript:;"><img src="{ren_bd_imgsi_value}"><i></i></a></li>
            </ul>
        </div>
    </div>

    <div class="ren_v_xfyiyxx">
        <div class="ren_v_xfbtxx cl">
            <h3><span class="ren_v_esfbtyi">{ren_bd_mc_value}</span></h3>

        </div>
        <ul class="ren_v_xfyinr cl">
            <li class="ren_v_yinrliu ren_v_esfnryi cl"><span>商家类型</span><p>{ren_bd_lb_value}</p></li>
            <li class="ren_v_yinre cl"><span>服务区域</span><p class="ren_xf_wz">{ren_bd_qy_value}</p></li>
            <li class="ren_v_yinrwu cl"><span>联系人</span><p>{ren_bd_lxr_value}</p></li>
            <li class="ren_v_yinrliu cl"><span>详细地址</span><p>{ren_bd_dz_value}</p></li>
        </ul>
        <span class="ren_v_xfpr cl">
            <em class="ren_v_xfi"><i class="icon"></i></em>
            <em class="ren_v_xfnum">{ren_bd_lxdh_value}</em>
       </span>
    </div>
</div>
<div class="ren_view_xfe ren_view_sjzk ren_view_zbye cl">
    <ul class="ren_v_xfnrtap">
        <li>
            <a href="javascript:;" class="xxk">服务介绍</a>
        </li>
    </ul>

    <div class="ren_v_xfexx">
        <div class="ren_v_sjjj cl">
            <p class="cl">{ren_bd_js_value}</p>
        </div>

    </div>
</div>

<div class="ren_view_share ren_flxx_footer">
    <a href="tel:{ren_bd_lxdh_value}" class="yi"><span>{ren_bd_lxr_value}</span><em>{ren_bd_lxdh_value}</em></a>
    <a href="tel:{ren_bd_lxdh_value}" class="e"><i class="icon ren-font">&#xe6be;</i>电话</a>
    <a class="open-popup san" data-popup=".popup-view"><i class="icon ren-font">&#xe619;</i>评论</a>
    <a href="javascript:;" class="ren_share open-popup si" data-popup=".popup-share"><i class="icon ren-font">&#xe742;</i>分享</a>
</div>]]></item>
			<item id="stemplate"><![CDATA[<ul class="ren_flxx_ul">
[loop]
    <li class="ren_fl_xf ren_fl_zby ren_fl_bd cl">
        <div class="ren_xf_pic z">
            <a href="{subject_url}">
            	<img src="{ren_bd_img_value}">
            </a>
        </div>
        <div class="ren_xf_xx">
            <div class="ren_xf_btxx">
                <a href="{subject_url}" class="ren_xf_bt">{subject}</a>
            </div>
            
            <p class="ren_zby_wz">{ren_bd_js_value}</p>
            <p class="ren_zby_tx">
                <a href="{subject_url}" class="ren_xf_tag">{ren_bd_mc_value}</a>
            </p>
            <p class="ren_zby_dz">
                <i class="i"></i><a href="{subject_url}">{ren_bd_dz_value}</a>
            </p>
        </div>
        <div class="ren_zby_price">
            <a href="{subject_url}" class="ren_pr_jg">
                <span class="ren_pr_jgsz">进入查看</span>
            </a>
        </div>
    </li>
[/loop]
</ul>]]></item>
			<item id="ptemplate"><![CDATA[]]></item>
			<item id="btemplate"><![CDATA[]]></item>
			<item id="sortid"><![CDATA[72]]></item>
			<item id="available"><![CDATA[1]]></item>
			<item id="required"><![CDATA[1]]></item>
			<item id="unchangeable"><![CDATA[0]]></item>
			<item id="search"><![CDATA[0]]></item>
			<item id="subjectshow"><![CDATA[1]]></item>
			<item id="tpdescription"><![CDATA[]]></item>
			<item id="ttdescription"><![CDATA[带*为必填选项]]></item>
			<item id="tpexpiration"><![CDATA[0]]></item>
			<item id="ttexpiration"><![CDATA[0]]></item>
			<item id="__protect">
				<item id="usergroup"><![CDATA[]]></item>
				<item id="verify"><![CDATA[]]></item>
			</item>
			<item id="__rules">
				<item id="maxwidth"><![CDATA[]]></item>
				<item id="maxheight"><![CDATA[]]></item>
				<item id="inputsize"><![CDATA[]]></item>
			</item>
		</item>
		<item id="7">
			<item id="optionid"><![CDATA[1322]]></item>
			<item id="classid"><![CDATA[3]]></item>
			<item id="displayorder"><![CDATA[22]]></item>
			<item id="expiration"><![CDATA[0]]></item>
			<item id="title"><![CDATA[上传图片4]]></item>
			<item id="description"><![CDATA[带*为必填选项]]></item>
			<item id="identifier"><![CDATA[ren_bd_imgsi]]></item>
			<item id="type"><![CDATA[image]]></item>
			<item id="unit"><![CDATA[]]></item>
			<item id="permprompt"><![CDATA[]]></item>
			<item id="typeid"><![CDATA[72]]></item>
			<item id="name"><![CDATA[本地服务]]></item>
			<item id="icon"><![CDATA[]]></item>
			<item id="special"><![CDATA[1]]></item>
			<item id="modelid"><![CDATA[0]]></item>
			<item id="template"><![CDATA[<style type="text/css">
    .ren_view_share.ren_view_footer { display: none; }
    .ren_view_share.ren_view_foo { display: none; }
    .rtj1009_m_main .ren_view_xxtop { display: none; }
    .rtj1009_m_main .ren_view_ny .ren_lc_xx { display: none; }
    .rtj1009_m_main .ren_view_ny .pi { overflow: initial; }
    .rtj1009_m_main .message { overflow: initial; }
    .rtj1009_m_main .ren_view_xf .ren_v_xftpxx { margin: -10px -10px 0 -10px; }
</style>
<div class="ren_view_xf ren_view_bd cl">
    <div id="tab4" class="tab ren_v_xftpxx cl">
        <div class="tab-con ren_v_xfpic cl">
            <ul class="j-tab-con">
                <li class="tab-con-item" style="display:block;"><a href="javascript:;"><img src="{ren_bd_img_value}"></a></li>
                <li class="tab-con-item"><a href="javascript:;"><img src="{ren_bd_imge_value}"></a></li>
                <li class="tab-con-item"><a href="javascript:;"><img src="{ren_bd_imgsan_value}"></a></li>
                <li class="tab-con-item"><a href="javascript:;"><img src="{ren_bd_imgsi_value}"></a></li>
            </ul>
        </div>
        <div class="ren_v_xfxpic cl">
            <ul class="tab-nav j-tab-nav">
                <li class="current"><a href="javascript:;"><img src="{ren_bd_img_value}"><i></i></a></li>
                <li><a href="javascript:;"><img src="{ren_bd_imge_value}"><i></i></a></li>
                <li><a href="javascript:;"><img src="{ren_bd_imgsan_value}"><i></i></a></li>
                <li><a href="javascript:;"><img src="{ren_bd_imgsi_value}"><i></i></a></li>
            </ul>
        </div>
    </div>

    <div class="ren_v_xfyiyxx">
        <div class="ren_v_xfbtxx cl">
            <h3><span class="ren_v_esfbtyi">{ren_bd_mc_value}</span></h3>

        </div>
        <ul class="ren_v_xfyinr cl">
            <li class="ren_v_yinrliu ren_v_esfnryi cl"><span>商家类型</span><p>{ren_bd_lb_value}</p></li>
            <li class="ren_v_yinre cl"><span>服务区域</span><p class="ren_xf_wz">{ren_bd_qy_value}</p></li>
            <li class="ren_v_yinrwu cl"><span>联系人</span><p>{ren_bd_lxr_value}</p></li>
            <li class="ren_v_yinrliu cl"><span>详细地址</span><p>{ren_bd_dz_value}</p></li>
        </ul>
        <span class="ren_v_xfpr cl">
            <em class="ren_v_xfi"><i class="icon"></i></em>
            <em class="ren_v_xfnum">{ren_bd_lxdh_value}</em>
       </span>
    </div>
</div>
<div class="ren_view_xfe ren_view_sjzk ren_view_zbye cl">
    <ul class="ren_v_xfnrtap">
        <li>
            <a href="javascript:;" class="xxk">服务介绍</a>
        </li>
    </ul>

    <div class="ren_v_xfexx">
        <div class="ren_v_sjjj cl">
            <p class="cl">{ren_bd_js_value}</p>
        </div>

    </div>
</div>

<div class="ren_view_share ren_flxx_footer">
    <a href="tel:{ren_bd_lxdh_value}" class="yi"><span>{ren_bd_lxr_value}</span><em>{ren_bd_lxdh_value}</em></a>
    <a href="tel:{ren_bd_lxdh_value}" class="e"><i class="icon ren-font">&#xe6be;</i>电话</a>
    <a class="open-popup san" data-popup=".popup-view"><i class="icon ren-font">&#xe619;</i>评论</a>
    <a href="javascript:;" class="ren_share open-popup si" data-popup=".popup-share"><i class="icon ren-font">&#xe742;</i>分享</a>
</div>]]></item>
			<item id="stemplate"><![CDATA[<ul class="ren_flxx_ul">
[loop]
    <li class="ren_fl_xf ren_fl_zby ren_fl_bd cl">
        <div class="ren_xf_pic z">
            <a href="{subject_url}">
            	<img src="{ren_bd_img_value}">
            </a>
        </div>
        <div class="ren_xf_xx">
            <div class="ren_xf_btxx">
                <a href="{subject_url}" class="ren_xf_bt">{subject}</a>
            </div>
            
            <p class="ren_zby_wz">{ren_bd_js_value}</p>
            <p class="ren_zby_tx">
                <a href="{subject_url}" class="ren_xf_tag">{ren_bd_mc_value}</a>
            </p>
            <p class="ren_zby_dz">
                <i class="i"></i><a href="{subject_url}">{ren_bd_dz_value}</a>
            </p>
        </div>
        <div class="ren_zby_price">
            <a href="{subject_url}" class="ren_pr_jg">
                <span class="ren_pr_jgsz">进入查看</span>
            </a>
        </div>
    </li>
[/loop]
</ul>]]></item>
			<item id="ptemplate"><![CDATA[]]></item>
			<item id="btemplate"><![CDATA[]]></item>
			<item id="sortid"><![CDATA[72]]></item>
			<item id="available"><![CDATA[1]]></item>
			<item id="required"><![CDATA[1]]></item>
			<item id="unchangeable"><![CDATA[0]]></item>
			<item id="search"><![CDATA[0]]></item>
			<item id="subjectshow"><![CDATA[1]]></item>
			<item id="tpdescription"><![CDATA[]]></item>
			<item id="ttdescription"><![CDATA[带*为必填选项]]></item>
			<item id="tpexpiration"><![CDATA[0]]></item>
			<item id="ttexpiration"><![CDATA[0]]></item>
			<item id="__protect">
				<item id="usergroup"><![CDATA[]]></item>
				<item id="verify"><![CDATA[]]></item>
			</item>
			<item id="__rules">
				<item id="maxwidth"><![CDATA[]]></item>
				<item id="maxheight"><![CDATA[]]></item>
				<item id="inputsize"><![CDATA[]]></item>
			</item>
		</item>
		<item id="8">
			<item id="optionid"><![CDATA[1323]]></item>
			<item id="classid"><![CDATA[3]]></item>
			<item id="displayorder"><![CDATA[24]]></item>
			<item id="expiration"><![CDATA[0]]></item>
			<item id="protect"><![CDATA[]]></item>
			<item id="title"><![CDATA[详细地址]]></item>
			<item id="description"><![CDATA[带*为必填选项]]></item>
			<item id="identifier"><![CDATA[ren_bd_dz]]></item>
			<item id="type"><![CDATA[text]]></item>
			<item id="unit"><![CDATA[]]></item>
			<item id="rules"><![CDATA[]]></item>
			<item id="permprompt"><![CDATA[]]></item>
			<item id="typeid"><![CDATA[72]]></item>
			<item id="name"><![CDATA[本地服务]]></item>
			<item id="icon"><![CDATA[]]></item>
			<item id="special"><![CDATA[1]]></item>
			<item id="modelid"><![CDATA[0]]></item>
			<item id="template"><![CDATA[<style type="text/css">
    .ren_view_share.ren_view_footer { display: none; }
    .ren_view_share.ren_view_foo { display: none; }
    .rtj1009_m_main .ren_view_xxtop { display: none; }
    .rtj1009_m_main .ren_view_ny .ren_lc_xx { display: none; }
    .rtj1009_m_main .ren_view_ny .pi { overflow: initial; }
    .rtj1009_m_main .message { overflow: initial; }
    .rtj1009_m_main .ren_view_xf .ren_v_xftpxx { margin: -10px -10px 0 -10px; }
</style>
<div class="ren_view_xf ren_view_bd cl">
    <div id="tab4" class="tab ren_v_xftpxx cl">
        <div class="tab-con ren_v_xfpic cl">
            <ul class="j-tab-con">
                <li class="tab-con-item" style="display:block;"><a href="javascript:;"><img src="{ren_bd_img_value}"></a></li>
                <li class="tab-con-item"><a href="javascript:;"><img src="{ren_bd_imge_value}"></a></li>
                <li class="tab-con-item"><a href="javascript:;"><img src="{ren_bd_imgsan_value}"></a></li>
                <li class="tab-con-item"><a href="javascript:;"><img src="{ren_bd_imgsi_value}"></a></li>
            </ul>
        </div>
        <div class="ren_v_xfxpic cl">
            <ul class="tab-nav j-tab-nav">
                <li class="current"><a href="javascript:;"><img src="{ren_bd_img_value}"><i></i></a></li>
                <li><a href="javascript:;"><img src="{ren_bd_imge_value}"><i></i></a></li>
                <li><a href="javascript:;"><img src="{ren_bd_imgsan_value}"><i></i></a></li>
                <li><a href="javascript:;"><img src="{ren_bd_imgsi_value}"><i></i></a></li>
            </ul>
        </div>
    </div>

    <div class="ren_v_xfyiyxx">
        <div class="ren_v_xfbtxx cl">
            <h3><span class="ren_v_esfbtyi">{ren_bd_mc_value}</span></h3>

        </div>
        <ul class="ren_v_xfyinr cl">
            <li class="ren_v_yinrliu ren_v_esfnryi cl"><span>商家类型</span><p>{ren_bd_lb_value}</p></li>
            <li class="ren_v_yinre cl"><span>服务区域</span><p class="ren_xf_wz">{ren_bd_qy_value}</p></li>
            <li class="ren_v_yinrwu cl"><span>联系人</span><p>{ren_bd_lxr_value}</p></li>
            <li class="ren_v_yinrliu cl"><span>详细地址</span><p>{ren_bd_dz_value}</p></li>
        </ul>
        <span class="ren_v_xfpr cl">
            <em class="ren_v_xfi"><i class="icon"></i></em>
            <em class="ren_v_xfnum">{ren_bd_lxdh_value}</em>
       </span>
    </div>
</div>
<div class="ren_view_xfe ren_view_sjzk ren_view_zbye cl">
    <ul class="ren_v_xfnrtap">
        <li>
            <a href="javascript:;" class="xxk">服务介绍</a>
        </li>
    </ul>

    <div class="ren_v_xfexx">
        <div class="ren_v_sjjj cl">
            <p class="cl">{ren_bd_js_value}</p>
        </div>

    </div>
</div>

<div class="ren_view_share ren_flxx_footer">
    <a href="tel:{ren_bd_lxdh_value}" class="yi"><span>{ren_bd_lxr_value}</span><em>{ren_bd_lxdh_value}</em></a>
    <a href="tel:{ren_bd_lxdh_value}" class="e"><i class="icon ren-font">&#xe6be;</i>电话</a>
    <a class="open-popup san" data-popup=".popup-view"><i class="icon ren-font">&#xe619;</i>评论</a>
    <a href="javascript:;" class="ren_share open-popup si" data-popup=".popup-share"><i class="icon ren-font">&#xe742;</i>分享</a>
</div>]]></item>
			<item id="stemplate"><![CDATA[<ul class="ren_flxx_ul">
[loop]
    <li class="ren_fl_xf ren_fl_zby ren_fl_bd cl">
        <div class="ren_xf_pic z">
            <a href="{subject_url}">
            	<img src="{ren_bd_img_value}">
            </a>
        </div>
        <div class="ren_xf_xx">
            <div class="ren_xf_btxx">
                <a href="{subject_url}" class="ren_xf_bt">{subject}</a>
            </div>
            
            <p class="ren_zby_wz">{ren_bd_js_value}</p>
            <p class="ren_zby_tx">
                <a href="{subject_url}" class="ren_xf_tag">{ren_bd_mc_value}</a>
            </p>
            <p class="ren_zby_dz">
                <i class="i"></i><a href="{subject_url}">{ren_bd_dz_value}</a>
            </p>
        </div>
        <div class="ren_zby_price">
            <a href="{subject_url}" class="ren_pr_jg">
                <span class="ren_pr_jgsz">进入查看</span>
            </a>
        </div>
    </li>
[/loop]
</ul>]]></item>
			<item id="ptemplate"><![CDATA[]]></item>
			<item id="btemplate"><![CDATA[]]></item>
			<item id="sortid"><![CDATA[72]]></item>
			<item id="available"><![CDATA[1]]></item>
			<item id="required"><![CDATA[1]]></item>
			<item id="unchangeable"><![CDATA[0]]></item>
			<item id="search"><![CDATA[0]]></item>
			<item id="subjectshow"><![CDATA[1]]></item>
			<item id="tpdescription"><![CDATA[]]></item>
			<item id="ttdescription"><![CDATA[带*为必填选项]]></item>
			<item id="tpexpiration"><![CDATA[0]]></item>
			<item id="ttexpiration"><![CDATA[0]]></item>
		</item>
		<item id="9">
			<item id="optionid"><![CDATA[1324]]></item>
			<item id="classid"><![CDATA[3]]></item>
			<item id="displayorder"><![CDATA[25]]></item>
			<item id="expiration"><![CDATA[0]]></item>
			<item id="protect"><![CDATA[]]></item>
			<item id="title"><![CDATA[联系人]]></item>
			<item id="description"><![CDATA[带*为必填选项]]></item>
			<item id="identifier"><![CDATA[ren_bd_lxr]]></item>
			<item id="type"><![CDATA[text]]></item>
			<item id="unit"><![CDATA[]]></item>
			<item id="rules"><![CDATA[]]></item>
			<item id="permprompt"><![CDATA[]]></item>
			<item id="typeid"><![CDATA[72]]></item>
			<item id="name"><![CDATA[本地服务]]></item>
			<item id="icon"><![CDATA[]]></item>
			<item id="special"><![CDATA[1]]></item>
			<item id="modelid"><![CDATA[0]]></item>
			<item id="template"><![CDATA[<style type="text/css">
    .ren_view_share.ren_view_footer { display: none; }
    .ren_view_share.ren_view_foo { display: none; }
    .rtj1009_m_main .ren_view_xxtop { display: none; }
    .rtj1009_m_main .ren_view_ny .ren_lc_xx { display: none; }
    .rtj1009_m_main .ren_view_ny .pi { overflow: initial; }
    .rtj1009_m_main .message { overflow: initial; }
    .rtj1009_m_main .ren_view_xf .ren_v_xftpxx { margin: -10px -10px 0 -10px; }
</style>
<div class="ren_view_xf ren_view_bd cl">
    <div id="tab4" class="tab ren_v_xftpxx cl">
        <div class="tab-con ren_v_xfpic cl">
            <ul class="j-tab-con">
                <li class="tab-con-item" style="display:block;"><a href="javascript:;"><img src="{ren_bd_img_value}"></a></li>
                <li class="tab-con-item"><a href="javascript:;"><img src="{ren_bd_imge_value}"></a></li>
                <li class="tab-con-item"><a href="javascript:;"><img src="{ren_bd_imgsan_value}"></a></li>
                <li class="tab-con-item"><a href="javascript:;"><img src="{ren_bd_imgsi_value}"></a></li>
            </ul>
        </div>
        <div class="ren_v_xfxpic cl">
            <ul class="tab-nav j-tab-nav">
                <li class="current"><a href="javascript:;"><img src="{ren_bd_img_value}"><i></i></a></li>
                <li><a href="javascript:;"><img src="{ren_bd_imge_value}"><i></i></a></li>
                <li><a href="javascript:;"><img src="{ren_bd_imgsan_value}"><i></i></a></li>
                <li><a href="javascript:;"><img src="{ren_bd_imgsi_value}"><i></i></a></li>
            </ul>
        </div>
    </div>

    <div class="ren_v_xfyiyxx">
        <div class="ren_v_xfbtxx cl">
            <h3><span class="ren_v_esfbtyi">{ren_bd_mc_value}</span></h3>

        </div>
        <ul class="ren_v_xfyinr cl">
            <li class="ren_v_yinrliu ren_v_esfnryi cl"><span>商家类型</span><p>{ren_bd_lb_value}</p></li>
            <li class="ren_v_yinre cl"><span>服务区域</span><p class="ren_xf_wz">{ren_bd_qy_value}</p></li>
            <li class="ren_v_yinrwu cl"><span>联系人</span><p>{ren_bd_lxr_value}</p></li>
            <li class="ren_v_yinrliu cl"><span>详细地址</span><p>{ren_bd_dz_value}</p></li>
        </ul>
        <span class="ren_v_xfpr cl">
            <em class="ren_v_xfi"><i class="icon"></i></em>
            <em class="ren_v_xfnum">{ren_bd_lxdh_value}</em>
       </span>
    </div>
</div>
<div class="ren_view_xfe ren_view_sjzk ren_view_zbye cl">
    <ul class="ren_v_xfnrtap">
        <li>
            <a href="javascript:;" class="xxk">服务介绍</a>
        </li>
    </ul>

    <div class="ren_v_xfexx">
        <div class="ren_v_sjjj cl">
            <p class="cl">{ren_bd_js_value}</p>
        </div>

    </div>
</div>

<div class="ren_view_share ren_flxx_footer">
    <a href="tel:{ren_bd_lxdh_value}" class="yi"><span>{ren_bd_lxr_value}</span><em>{ren_bd_lxdh_value}</em></a>
    <a href="tel:{ren_bd_lxdh_value}" class="e"><i class="icon ren-font">&#xe6be;</i>电话</a>
    <a class="open-popup san" data-popup=".popup-view"><i class="icon ren-font">&#xe619;</i>评论</a>
    <a href="javascript:;" class="ren_share open-popup si" data-popup=".popup-share"><i class="icon ren-font">&#xe742;</i>分享</a>
</div>]]></item>
			<item id="stemplate"><![CDATA[<ul class="ren_flxx_ul">
[loop]
    <li class="ren_fl_xf ren_fl_zby ren_fl_bd cl">
        <div class="ren_xf_pic z">
            <a href="{subject_url}">
            	<img src="{ren_bd_img_value}">
            </a>
        </div>
        <div class="ren_xf_xx">
            <div class="ren_xf_btxx">
                <a href="{subject_url}" class="ren_xf_bt">{subject}</a>
            </div>
            
            <p class="ren_zby_wz">{ren_bd_js_value}</p>
            <p class="ren_zby_tx">
                <a href="{subject_url}" class="ren_xf_tag">{ren_bd_mc_value}</a>
            </p>
            <p class="ren_zby_dz">
                <i class="i"></i><a href="{subject_url}">{ren_bd_dz_value}</a>
            </p>
        </div>
        <div class="ren_zby_price">
            <a href="{subject_url}" class="ren_pr_jg">
                <span class="ren_pr_jgsz">进入查看</span>
            </a>
        </div>
    </li>
[/loop]
</ul>]]></item>
			<item id="ptemplate"><![CDATA[]]></item>
			<item id="btemplate"><![CDATA[]]></item>
			<item id="sortid"><![CDATA[72]]></item>
			<item id="available"><![CDATA[1]]></item>
			<item id="required"><![CDATA[1]]></item>
			<item id="unchangeable"><![CDATA[0]]></item>
			<item id="search"><![CDATA[0]]></item>
			<item id="subjectshow"><![CDATA[1]]></item>
			<item id="tpdescription"><![CDATA[]]></item>
			<item id="ttdescription"><![CDATA[带*为必填选项]]></item>
			<item id="tpexpiration"><![CDATA[0]]></item>
			<item id="ttexpiration"><![CDATA[0]]></item>
		</item>
		<item id="10">
			<item id="optionid"><![CDATA[1325]]></item>
			<item id="classid"><![CDATA[3]]></item>
			<item id="displayorder"><![CDATA[26]]></item>
			<item id="expiration"><![CDATA[0]]></item>
			<item id="protect"><![CDATA[]]></item>
			<item id="title"><![CDATA[联系电话]]></item>
			<item id="description"><![CDATA[带*为必填选项]]></item>
			<item id="identifier"><![CDATA[ren_bd_lxdh]]></item>
			<item id="type"><![CDATA[text]]></item>
			<item id="unit"><![CDATA[]]></item>
			<item id="rules"><![CDATA[]]></item>
			<item id="permprompt"><![CDATA[]]></item>
			<item id="typeid"><![CDATA[72]]></item>
			<item id="name"><![CDATA[本地服务]]></item>
			<item id="icon"><![CDATA[]]></item>
			<item id="special"><![CDATA[1]]></item>
			<item id="modelid"><![CDATA[0]]></item>
			<item id="template"><![CDATA[<style type="text/css">
    .ren_view_share.ren_view_footer { display: none; }
    .ren_view_share.ren_view_foo { display: none; }
    .rtj1009_m_main .ren_view_xxtop { display: none; }
    .rtj1009_m_main .ren_view_ny .ren_lc_xx { display: none; }
    .rtj1009_m_main .ren_view_ny .pi { overflow: initial; }
    .rtj1009_m_main .message { overflow: initial; }
    .rtj1009_m_main .ren_view_xf .ren_v_xftpxx { margin: -10px -10px 0 -10px; }
</style>
<div class="ren_view_xf ren_view_bd cl">
    <div id="tab4" class="tab ren_v_xftpxx cl">
        <div class="tab-con ren_v_xfpic cl">
            <ul class="j-tab-con">
                <li class="tab-con-item" style="display:block;"><a href="javascript:;"><img src="{ren_bd_img_value}"></a></li>
                <li class="tab-con-item"><a href="javascript:;"><img src="{ren_bd_imge_value}"></a></li>
                <li class="tab-con-item"><a href="javascript:;"><img src="{ren_bd_imgsan_value}"></a></li>
                <li class="tab-con-item"><a href="javascript:;"><img src="{ren_bd_imgsi_value}"></a></li>
            </ul>
        </div>
        <div class="ren_v_xfxpic cl">
            <ul class="tab-nav j-tab-nav">
                <li class="current"><a href="javascript:;"><img src="{ren_bd_img_value}"><i></i></a></li>
                <li><a href="javascript:;"><img src="{ren_bd_imge_value}"><i></i></a></li>
                <li><a href="javascript:;"><img src="{ren_bd_imgsan_value}"><i></i></a></li>
                <li><a href="javascript:;"><img src="{ren_bd_imgsi_value}"><i></i></a></li>
            </ul>
        </div>
    </div>

    <div class="ren_v_xfyiyxx">
        <div class="ren_v_xfbtxx cl">
            <h3><span class="ren_v_esfbtyi">{ren_bd_mc_value}</span></h3>

        </div>
        <ul class="ren_v_xfyinr cl">
            <li class="ren_v_yinrliu ren_v_esfnryi cl"><span>商家类型</span><p>{ren_bd_lb_value}</p></li>
            <li class="ren_v_yinre cl"><span>服务区域</span><p class="ren_xf_wz">{ren_bd_qy_value}</p></li>
            <li class="ren_v_yinrwu cl"><span>联系人</span><p>{ren_bd_lxr_value}</p></li>
            <li class="ren_v_yinrliu cl"><span>详细地址</span><p>{ren_bd_dz_value}</p></li>
        </ul>
        <span class="ren_v_xfpr cl">
            <em class="ren_v_xfi"><i class="icon"></i></em>
            <em class="ren_v_xfnum">{ren_bd_lxdh_value}</em>
       </span>
    </div>
</div>
<div class="ren_view_xfe ren_view_sjzk ren_view_zbye cl">
    <ul class="ren_v_xfnrtap">
        <li>
            <a href="javascript:;" class="xxk">服务介绍</a>
        </li>
    </ul>

    <div class="ren_v_xfexx">
        <div class="ren_v_sjjj cl">
            <p class="cl">{ren_bd_js_value}</p>
        </div>

    </div>
</div>

<div class="ren_view_share ren_flxx_footer">
    <a href="tel:{ren_bd_lxdh_value}" class="yi"><span>{ren_bd_lxr_value}</span><em>{ren_bd_lxdh_value}</em></a>
    <a href="tel:{ren_bd_lxdh_value}" class="e"><i class="icon ren-font">&#xe6be;</i>电话</a>
    <a class="open-popup san" data-popup=".popup-view"><i class="icon ren-font">&#xe619;</i>评论</a>
    <a href="javascript:;" class="ren_share open-popup si" data-popup=".popup-share"><i class="icon ren-font">&#xe742;</i>分享</a>
</div>]]></item>
			<item id="stemplate"><![CDATA[<ul class="ren_flxx_ul">
[loop]
    <li class="ren_fl_xf ren_fl_zby ren_fl_bd cl">
        <div class="ren_xf_pic z">
            <a href="{subject_url}">
            	<img src="{ren_bd_img_value}">
            </a>
        </div>
        <div class="ren_xf_xx">
            <div class="ren_xf_btxx">
                <a href="{subject_url}" class="ren_xf_bt">{subject}</a>
            </div>
            
            <p class="ren_zby_wz">{ren_bd_js_value}</p>
            <p class="ren_zby_tx">
                <a href="{subject_url}" class="ren_xf_tag">{ren_bd_mc_value}</a>
            </p>
            <p class="ren_zby_dz">
                <i class="i"></i><a href="{subject_url}">{ren_bd_dz_value}</a>
            </p>
        </div>
        <div class="ren_zby_price">
            <a href="{subject_url}" class="ren_pr_jg">
                <span class="ren_pr_jgsz">进入查看</span>
            </a>
        </div>
    </li>
[/loop]
</ul>]]></item>
			<item id="ptemplate"><![CDATA[]]></item>
			<item id="btemplate"><![CDATA[]]></item>
			<item id="sortid"><![CDATA[72]]></item>
			<item id="available"><![CDATA[1]]></item>
			<item id="required"><![CDATA[1]]></item>
			<item id="unchangeable"><![CDATA[0]]></item>
			<item id="search"><![CDATA[0]]></item>
			<item id="subjectshow"><![CDATA[1]]></item>
			<item id="tpdescription"><![CDATA[]]></item>
			<item id="ttdescription"><![CDATA[带*为必填选项]]></item>
			<item id="tpexpiration"><![CDATA[0]]></item>
			<item id="ttexpiration"><![CDATA[0]]></item>
		</item>
	</item>
</root>