<?xml version="1.0" encoding="ISO-8859-1"?>
<root>
	<item id="Title"><![CDATA[Discuz! Plugin]]></item>
	<item id="Version"><![CDATA[X3,X3.1,X3.2,X3.3,X3.4]]></item>
	<item id="Time"><![CDATA[2019-12-19 07:47]]></item>
	<item id="From"><![CDATA[暴走漫画 (http://127.0.0.1/upload/)]]></item>
	<item id="Data">
		<item id="plugin">
			<item id="available"><![CDATA[1]]></item>
			<item id="adminid"><![CDATA[1]]></item>
			<item id="name"><![CDATA[门户模板管理]]></item>
			<item id="identifier"><![CDATA[xlmmd]]></item>
			<item id="description"><![CDATA[]]></item>
			<item id="datatables"><![CDATA[]]></item>
			<item id="directory"><![CDATA[xlmmd/]]></item>
			<item id="copyright"><![CDATA[小路漫漫]]></item>
			<item id="modules"><![CDATA[a:0:{}]]></item>
			<item id="version"><![CDATA[v3.0]]></item>
		</item>
		<item id="version"><![CDATA[X3,X3.1,X3.2,X3.3,X3.4]]></item>
		<item id="var">
			<item id="0">
				<item id="displayorder"><![CDATA[0]]></item>
				<item id="title"><![CDATA[统一使用门户头部]]></item>
				<item id="description"><![CDATA[]]></item>
				<item id="variable"><![CDATA[xlmmdmh]]></item>
				<item id="type"><![CDATA[radio]]></item>
				<item id="value"><![CDATA[1]]></item>
				<item id="extra"><![CDATA[]]></item>
			</item>
			<item id="1">
				<item id="displayorder"><![CDATA[1]]></item>
				<item id="title"><![CDATA[首页二级导航]]></item>
				<item id="description"><![CDATA[留空则不显示，修改前请注意备份]]></item>
				<item id="variable"><![CDATA[xlmmdnav]]></item>
				<item id="type"><![CDATA[textarea]]></item>
				<item id="value"><![CDATA[ <div class="wp">
 <div class="global_head_board">
<div class="info">
<a class="plate_nav_l" href="#"><span class="sitenavicos menhu"></span>服务</a>
<div class="plate_nav_r">
<a href="#"target="_blank">房产</a>
<a href="#"target="_blank">装修</a>
<a href="#"target="_blank">汽车</a>
<a href="#"target="_blank">求职</a>
<a href="#"target="_blank">金融</a>
<a href="#"target="_blank">吃喝</a>
<a href="#"target="_blank">查询</a>
</div>
</div>
<div class="info big-frame">
<a class="plate_nav_l" href="#"><span class="sitenavicos shequ"></span>社区</a>
<div class="plate_nav_r big-frame">
<a href="#"target="_blank">社会万象</a>
<a href="#"target="_blank">吃喝玩购</a>
<a href="#"target="_blank">情感天空</a>
<a href="#"target="_blank">宠物花鸟</a>
<a href="#"target="_blank">户外徒步</a>
<a href="#"target="_blank">房产楼市</a>
<a href="#"target="_blank">亲子教育</a>
<a href="#"target="_blank">汽车</a>
<a href="#"target="_blank">旅游</a>
<a href="#"target="_blank">摄影</a>
<a href="#"target="_blank">装修日记</a>
<a href="#"target="_blank">装修家居</a>
<a href="#"target="_blank">婚嫁交友</a>
<a href="#"target="_blank">文学雅玩</a>
<a href="#"target="_blank">科普园地</a>
<a href="#"target="_blank">休闲灌水</a>
<a href="#"target="_blank">单车骑行</a>
<a href="#"target="_blank">本站事务</a>
<a href="#"target="_blank">数码</a>
<a href="#"target="_blank">钓鱼</a>
</div>
</div>
</div>   
</div>   
]]></item>
				<item id="extra"><![CDATA[]]></item>
			</item>
			<item id="2">
				<item id="displayorder"><![CDATA[2]]></item>
				<item id="title"><![CDATA[论坛页二级导航]]></item>
				<item id="description"><![CDATA[]]></item>
				<item id="variable"><![CDATA[xlmmdfnav]]></item>
				<item id="type"><![CDATA[textarea]]></item>
				<item id="value"><![CDATA[<style>
.navmenu{padding:12px 0px;margin:0 auto;}
.navmenu *{margin:0;padding:0;}
.menuclear{clear:both;}
.navmenu img,.navmenu a{text-decoration:none;border:0;}
.navmenu ul,.navmenu ul li{list-style:none;}
.navmenu>ul>li{display:block;float:left;}
.menuimg{width:45px;float:left;margin-top:12px;padding:0px 3px 0px 7px;}
.menuls{display:block;float:right;}
.menuls>ul>li{float:left;height:22px;}
.menuls>ul>li a{padding:0px 3px;color:#369;line-heigth:22px;font-size:14px;font: 14px/22px Tahoma,'Microsoft Yahei','Simsun';}
.menuls>ul>li span{color:#ccc;line-height:22px;}	
</style>
<div class="navmenu wp">
<ul>
<li style="width:25%;">
<div class="menuimg"><img src="template/xlmm_d/image/n1.png"></div>
<div class="menuls" style="width:155px;">
<ul>
<li><a href="#">滁州万象</a></li>
<li><a href="#">吃喝玩购</a></li>
<li><a href="#">醉翁杂谈</a></li>
<li><a href="#">旅游出行</a></li>
<li><a href="#">本站事务</a></li>
<li><a href="#">热点娱乐</a></li>
</ul>
</div>
<div class="menuclear"></div>
</li>
<li style="width:25%;">
<div class="menuimg" style="padding:0px 0px 0px 10px;"><img src="template/xlmm_d/image/n2.png"></div>
<div class="menuls" style="width:155px;">
<ul>
<li><a href="#">房产楼市</a></li>
<li><a href="#">装修家居</a></li>
<li><a href="#">装修日记</a></li>
<li><a href="#">情感天空</a></li>
<li><a href="#">谈婚论嫁</a></li>
<li><a href="#">亲子教育</a></li>
</ul>
</div>
<div class="menuclear"></div>
</li>
<li style="width:25%;">
<div class="menuimg"><img src="template/xlmm_d/image/n3.png"></div>
<div class="menuls" style="width:155px;">
<ul>
<li><a href="#">体育运动</a></li>
<li><a href="#">户外徒步</a></li>
<li><a href="#">文学雅玩</a></li>
<li><a href="#">车行天下</a></li>
<li><a href="#">单车骑行</a></li>
<li><a href="#">快乐钓鱼</a></li>
</ul>
</div>
<div class="menuclear"></div>
</li>
<li style="width:25%;">
<div class="menuimg"><img src="template/xlmm_d/image/n4.png"></div>
<div class="menuls" style="width:155px;">
<ul>
<li><a href="#">摄友之家</a></li>
<li><a href="#">宠物花鸟</a></li>
<li><a href="#">数码网络</a></li>
<li><a href="#">兴趣园地</a></li>
<li><a href="#">休闲灌水</a></li>
<li><a href="#">民谣公社</a></li>
</ul>
</div>
<div class="menuclear"></div>
</li>
</ul>
<div style="clear:both;"></div>
</div>
]]></item>
				<item id="extra"><![CDATA[]]></item>
			</item>
			<item id="3">
				<item id="displayorder"><![CDATA[3]]></item>
				<item id="title"><![CDATA[头部右侧图块广告]]></item>
				<item id="description"><![CDATA[]]></item>
				<item id="variable"><![CDATA[xlmmdtk]]></item>
				<item id="type"><![CDATA[textarea]]></item>
				<item id="value"><![CDATA[ <div class="z clearfix" style="margin-top:26px;">
<a href="./" target="_blank" style="width:125px; margin-left:40px; display:inline-block;">
<img src="template/xlmm_d/image/ffcx.png" height="38">
</a>
<a href="./" target="_blank" style="width:125px; margin-left:0px; display:inline-block;">
<img src="template/xlmm_d/image/xfwq.png" height="38">
</a>
<a href="./" target="_blank" style="width:125px; margin-left:0px; display:inline-block;">
<img src="template/xlmm_d/image/pcxf.png" height="38">
</a>
</div>      ]]></item>
				<item id="extra"><![CDATA[]]></item>
			</item>
			<item id="4">
				<item id="displayorder"><![CDATA[3]]></item>
				<item id="title"><![CDATA[顶部左侧代码]]></item>
				<item id="description"><![CDATA[]]></item>
				<item id="variable"><![CDATA[xlmmdhlt]]></item>
				<item id="type"><![CDATA[textarea]]></item>
				<item id="value"><![CDATA[         <li><a href="misc.php?mod=mobile" target="_blank" class="pl0"><i class="sitenavico client">&nbsp;</i>客户端</a></li>
            <li class="weixin_box dropmenu pr " id="top0" onMouseOver="showMenu({'ctrlid':this.id,'ctrlclass':'xlmmthover','pos':'34!'})">
                <a href="javascript:void(0);" class="now"><i class="sitenavico weChat">&nbsp;</i>官方微信</a>
            </li>
            <li><a href="http://wpa.qq.com/msgrd?v=1&uin=2374198406&site=qq&menu=yes" class="" target="_blank"><i class="sitenavico advertisement">&nbsp;</i>广告联系</a>          
</li>
]]></item>
				<item id="extra"><![CDATA[]]></item>
			</item>
			<item id="5">
				<item id="displayorder"><![CDATA[13]]></item>
				<item id="title"><![CDATA[首页中间数据调用]]></item>
				<item id="description"><![CDATA[&filter=digest&digest=1调用板块精华主题，&filter=heat&orderby=heats调用板块热门主题，&filter=hot调用板块热帖，留空则自动调用版块全部主题]]></item>
				<item id="variable"><![CDATA[xlmmdsjdy]]></item>
				<item id="type"><![CDATA[text]]></item>
				<item id="value"><![CDATA[]]></item>
				<item id="extra"><![CDATA[]]></item>
			</item>
			<item id="6">
				<item id="displayorder"><![CDATA[14]]></item>
				<item id="title"><![CDATA[首页加载更多方式]]></item>
				<item id="description"><![CDATA[]]></item>
				<item id="variable"><![CDATA[xlmmjiazai]]></item>
				<item id="type"><![CDATA[select]]></item>
				<item id="value"><![CDATA[3]]></item>
				<item id="extra"><![CDATA[1=点击跳转到版块第二页
2=点击无刷新加载下一页
3=下拉无刷新无限翻页]]></item>
			</item>
			<item id="7">
				<item id="displayorder"><![CDATA[15]]></item>
				<item id="title"><![CDATA[首页是否隐藏底部信息]]></item>
				<item id="description"><![CDATA[]]></item>
				<item id="variable"><![CDATA[xlmmdft]]></item>
				<item id="type"><![CDATA[radio]]></item>
				<item id="value"><![CDATA[0]]></item>
				<item id="extra"><![CDATA[]]></item>
			</item>
			<item id="8">
				<item id="displayorder"><![CDATA[16]]></item>
				<item id="title"><![CDATA[首页右侧回顶部栏]]></item>
				<item id="description"><![CDATA[]]></item>
				<item id="variable"><![CDATA[xlmmdhdb]]></item>
				<item id="type"><![CDATA[textarea]]></item>
				<item id="value"><![CDATA[<div class="xlmmrbss">
<ul class="user-box">
<li class="xlmmtccf">
<a href="" class="side-type">
<div class="tex"><span class="sitenavs icon-service">服务</span></div>
</a>
<div class="xlmmtccs hover-box small-box">
<div class="leibie">
<a href="" target="_blank">房产</a>
<a href="" target="_blank">装修</a>
<a href="" target="_blank">汽车</a>
<a href="" target="_blank">求职招聘</a>
<a href="" target="_blank">金融</a>
</div>
</div>
</li>
<li class="xlmmtccf">
<a href="" class="side-type">
<div class="tex"><span class="sitenavs icon-bbs">社区</span></div>
</a>
<div class="xlmmtccs hover-box small-box">
<div class="leibie">
<a href="" target="_blank">城市万象</a>
<a href="" target="_blank">房产楼市</a>
<a href="" target="_blank">装修家居</a>
<a href="" target="_blank">车行天下</a>
<a href="" target="_blank">情感天空</a>
<a href="" target="_blank">醉翁杂谈</a>
<a href="" target="_blank">旅游户外</a>
<a href="" target="_blank">旅游出行</a>
<a href="" target="_blank">摄友之家</a>
<a href="" target="_blank">民谣公社</a>
<a href="" target="_blank">兴趣园地</a>
<a href="" target="_blank">休闲灌水</a>
<a href="" target="_blank">文学雅玩</a>
<a href="" target="_blank">本站事务</a>
</div>
</div>
</li>
</ul>
<ul class="bbs_scrollbar_con">
<li>
<a class="gotop go go-top-btn" style="display: none;"></a>
</li>
<li class="xlmmtccf">
<a class="goservice suspend" href="portal.php" target="_blank"></a>
<div class="xlmmtccs lianxi" style="display: none; width: 175px;
            height: 82px;padding-left: 15px;left: -190px;top: -10px; background: url(template/xlmm_d/image/footer/lianxi.png) no-repeat;">
<h2><a class="goservice" href="http://wpa.qq.com/msgrd?v=3&amp;uin=2374198406&amp;site=qq&amp;menu=yes" style="background: url(template/xlmm_d/image/footer/liulan.png) no-repeat; display: inline-block; width: 74px;
                    height: 24px; margin-top: 10px;">&nbsp;</a></h2>
<p>电话：0000-0000000<br>工作日 8:00-16:00在线</p>
</div>
</li>
<li class="xlmmtccf">
<a class="weixin suspend"></a>
<div class="xlmmtccs weixinimg"></div>
</li>
<li class="xlmmtccf">
<a class="kehuduanbg suspend"></a>
<div class="xlmmtccs kehuduan"></div>
</li>
</ul>
</div>
]]></item>
				<item id="extra"><![CDATA[]]></item>
			</item>
		</item>
	</item>
</root>