<?xml version="1.0" encoding="ISO-8859-1"?>
<root>
	<item id="Title"><![CDATA[Discuz! Plugin]]></item>
	<item id="Version"><![CDATA[X3,X3.1,X3.2,X3.3,X3.4,X3.5]]></item>
	<item id="Time"><![CDATA[2020-07-02 22:37]]></item>
	<item id="From"><![CDATA[DisM!应用中心 (https://dism.taobao.com/)]]></item>
	<item id="Data">
		<item id="plugin">
			<item id="available"><![CDATA[1]]></item>
			<item id="adminid"><![CDATA[1]]></item>
			<item id="name"><![CDATA[[Q]页面加载进度]]></item>
			<item id="identifier"><![CDATA[qu_loading]]></item>
			<item id="description"><![CDATA[[qingui]页面加载时顶部显示进度条！]]></item>
			<item id="datatables"><![CDATA[]]></item>
			<item id="directory"><![CDATA[qu_loading/]]></item>
			<item id="copyright"><![CDATA[DisM!应用中心(dism.taobao.com)]]></item>
			<item id="version"><![CDATA[3.0]]></item>
			<item id="__modules">
				<item id="0">
					<item id="name"><![CDATA[qu_loading]]></item>
					<item id="param"><![CDATA[]]></item>
					<item id="menu"><![CDATA[]]></item>
					<item id="url"><![CDATA[]]></item>
					<item id="type"><![CDATA[28]]></item>
					<item id="adminid"><![CDATA[0]]></item>
					<item id="displayorder"><![CDATA[0]]></item>
					<item id="navtitle"><![CDATA[]]></item>
					<item id="navicon"><![CDATA[]]></item>
					<item id="navsubname"><![CDATA[]]></item>
					<item id="navsuburl"><![CDATA[]]></item>
				</item>
				<item id="1">
					<item id="name"><![CDATA[qu_loading]]></item>
					<item id="param"><![CDATA[]]></item>
					<item id="menu"><![CDATA[]]></item>
					<item id="url"><![CDATA[]]></item>
					<item id="type"><![CDATA[11]]></item>
					<item id="adminid"><![CDATA[0]]></item>
					<item id="displayorder"><![CDATA[0]]></item>
					<item id="navtitle"><![CDATA[]]></item>
					<item id="navicon"><![CDATA[]]></item>
					<item id="navsubname"><![CDATA[]]></item>
					<item id="navsuburl"><![CDATA[]]></item>
				</item>
			</item>
		</item>
		<item id="version"><![CDATA[X3,X3.1,X3.2,X3.3,X3.4,X3.5]]></item>
		<item id="var">
			<item id="0">
				<item id="displayorder"><![CDATA[0]]></item>
				<item id="title"><![CDATA[启用电脑版]]></item>
				<item id="description"><![CDATA[]]></item>
				<item id="variable"><![CDATA[open]]></item>
				<item id="type"><![CDATA[radio]]></item>
				<item id="value"><![CDATA[1]]></item>
				<item id="extra"><![CDATA[]]></item>
			</item>
			<item id="1">
				<item id="displayorder"><![CDATA[0]]></item>
				<item id="title"><![CDATA[启用手机版]]></item>
				<item id="description"><![CDATA[]]></item>
				<item id="variable"><![CDATA[opentouch]]></item>
				<item id="type"><![CDATA[radio]]></item>
				<item id="value"><![CDATA[1]]></item>
				<item id="extra"><![CDATA[]]></item>
			</item>
			<item id="2">
				<item id="displayorder"><![CDATA[1]]></item>
				<item id="title"><![CDATA[启用右侧圆形进度]]></item>
				<item id="description"><![CDATA[]]></item>
				<item id="variable"><![CDATA[cicle]]></item>
				<item id="type"><![CDATA[radio]]></item>
				<item id="value"><![CDATA[1]]></item>
				<item id="extra"><![CDATA[]]></item>
			</item>
			<item id="3">
				<item id="displayorder"><![CDATA[2]]></item>
				<item id="title"><![CDATA[进度条颜色]]></item>
				<item id="description"><![CDATA[]]></item>
				<item id="variable"><![CDATA[color]]></item>
				<item id="type"><![CDATA[color]]></item>
				<item id="value"><![CDATA[#ee3148]]></item>
				<item id="extra"><![CDATA[]]></item>
			</item>
			<item id="4">
				<item id="displayorder"><![CDATA[3]]></item>
				<item id="title"><![CDATA[进度条高度]]></item>
				<item id="description"><![CDATA[设置加载进度条的高度！输入数字即可。]]></item>
				<item id="variable"><![CDATA[height]]></item>
				<item id="type"><![CDATA[number]]></item>
				<item id="value"><![CDATA[3]]></item>
				<item id="extra"><![CDATA[]]></item>
			</item>
		</item>
	</item>
</root>