﻿<?xml version="1.0" encoding="ISO-8859-1"?>
<root>
	<item id="spacecss"><![CDATA[#frameRghh99 { margin:0px !important;}#portal_block_18 { margin:0px !important;}#portal_block_18 .dxb_bc { margin:0px !important;}]]></item>
	<item id="layoutdata">
		<item id="diy1"><![CDATA[]]></item>
		<item id="listcontenttop"><![CDATA[]]></item>
		<item id="wk_about">
			<item id="frame`frameRghh99">
				<item id="attr">
					<item id="name"><![CDATA[frameRghh99]]></item>
					<item id="moveable"><![CDATA[true]]></item>
					<item id="className"><![CDATA[ frame move-span cl frame-1]]></item>
					<item id="titles"><![CDATA[]]></item>
				</item>
				<item id="column`frameRghh99_left">
					<item id="attr">
						<item id="name"><![CDATA[frameRghh99_left]]></item>
						<item id="className"><![CDATA[column frame-1-c]]></item>
					</item>
					<item id="block`portal_block_18">
						<item id="attr">
							<item id="name"><![CDATA[portal_block_18]]></item>
							<item id="className"><![CDATA[block move-span]]></item>
							<item id="titles"><![CDATA[]]></item>
						</item>
					</item>
				</item>
			</item>
		</item>
		<item id="diycontentbottom"><![CDATA[]]></item>
		<item id="diy3"><![CDATA[]]></item>
	</item>
	<item id="blockdata">
		<item id="block">
			<item id="18">
				<item id="bid"><![CDATA[18]]></item>
				<item id="blockclass"><![CDATA[html_html]]></item>
				<item id="blocktype"><![CDATA[0]]></item>
				<item id="name"><![CDATA[关于我们]]></item>
				<item id="title"><![CDATA[]]></item>
				<item id="classname"><![CDATA[]]></item>
				<item id="summary"><![CDATA[<span>
    <p>杭州快迪科技有限公司是国内最大的城市智能综合交通平台，旗下快的打车成立于2012年5月，先后获得阿里巴巴、经纬创投等多家机构数亿美元投资，截止目前快的打车已覆盖全国300多个城市，并占据国内打车软件市场近60%的份额，是国内最大的出租车叫车软件。 2013年11月，快的打车并购大黄蜂打车，并于2014年7月正式推出服务于中高端用户的用车品牌一号专车，杭州快迪科技有限公司借此成为国内第一家全面覆盖出租车和中高端商务用车服务领域的出行平台。
    </p>
    <p><br /></p>
    <p align="center">
<img alt="" src="template/week_jiazhi/images/ad/fzlc.jpg" width="100%"/></p>

</span>]]></item>
				<item id="uid"><![CDATA[1]]></item>
				<item id="username"><![CDATA[admin]]></item>
				<item id="styleid"><![CDATA[0]]></item>
				<item id="blockstyle"><![CDATA[]]></item>
				<item id="picwidth"><![CDATA[0]]></item>
				<item id="picheight"><![CDATA[0]]></item>
				<item id="target"><![CDATA[blank]]></item>
				<item id="dateformat"><![CDATA[Y-m-d]]></item>
				<item id="dateuformat"><![CDATA[0]]></item>
				<item id="script"><![CDATA[blank]]></item>
				<item id="param">
					<item id="content"><![CDATA[<span>
    <p>杭州快迪科技有限公司是国内最大的城市智能综合交通平台，旗下快的打车成立于2012年5月，先后获得阿里巴巴、经纬创投等多家机构数亿美元投资，截止目前快的打车已覆盖全国300多个城市，并占据国内打车软件市场近60%的份额，是国内最大的出租车叫车软件。 2013年11月，快的打车并购大黄蜂打车，并于2014年7月正式推出服务于中高端用户的用车品牌一号专车，杭州快迪科技有限公司借此成为国内第一家全面覆盖出租车和中高端商务用车服务领域的出行平台。
    </p>
    <p><br /></p>
    <p align=\"center\">
<img alt=\"\" src=\"template/week_jiazhi/images/ad/fzlc.jpg\" width=\"100%\"/></p>

</span>]]></item>
					<item id="items"><![CDATA[10]]></item>
				</item>
				<item id="shownum"><![CDATA[10]]></item>
				<item id="cachetime"><![CDATA[0]]></item>
				<item id="cachetimerange"><![CDATA[0,0]]></item>
				<item id="punctualupdate"><![CDATA[0]]></item>
				<item id="hidedisplay"><![CDATA[0]]></item>
				<item id="dateline"><![CDATA[1458130539]]></item>
				<item id="notinherited"><![CDATA[0]]></item>
				<item id="isblank"><![CDATA[0]]></item>
			</item>
		</item>
		<item id="style">
		</item>
	</item>
</root>