﻿<?xml version="1.0" encoding="ISO-8859-1"?>
<root>
	<item id="spacecss"><![CDATA[#framesgRZ87 { margin:0px !important;}#portal_block_13 { margin:0px !important;}#portal_block_13 .dxb_bc { margin:0px !important;}]]></item>
	<item id="layoutdata">
		<item id="diy1"><![CDATA[]]></item>
		<item id="listcontenttop"><![CDATA[]]></item>
		<item id="wk_about">
			<item id="frame`framesgRZ87">
				<item id="attr">
					<item id="name"><![CDATA[framesgRZ87]]></item>
					<item id="moveable"><![CDATA[true]]></item>
					<item id="className"><![CDATA[ frame move-span cl frame-1]]></item>
					<item id="titles"><![CDATA[]]></item>
				</item>
				<item id="column`framesgRZ87_left">
					<item id="attr">
						<item id="name"><![CDATA[framesgRZ87_left]]></item>
						<item id="className"><![CDATA[column frame-1-c]]></item>
					</item>
					<item id="block`portal_block_13">
						<item id="attr">
							<item id="name"><![CDATA[portal_block_13]]></item>
							<item id="className"><![CDATA[block move-span]]></item>
							<item id="titles"><![CDATA[]]></item>
						</item>
					</item>
				</item>
			</item>
		</item>
		<item id="diycontentbottom"><![CDATA[]]></item>
		<item id="diy3"><![CDATA[]]></item>
	</item>
	<item id="blockdata">
		<item id="block">
			<item id="13">
				<item id="bid"><![CDATA[13]]></item>
				<item id="blockclass"><![CDATA[html_html]]></item>
				<item id="blocktype"><![CDATA[0]]></item>
				<item id="name"><![CDATA[关于我们]]></item>
				<item id="title"><![CDATA[]]></item>
				<item id="classname"><![CDATA[]]></item>
				<item id="summary"><![CDATA[<span>
    <p><img alt="" align="right" src="template/week_jiazhi/images/ad/qywh.jpg" width="350" height="350" style=" margin-left:20px;" /> </p>
    <p></p>
    <p>尽心力、近未来:尽心尽力为客户选择和提供有价值的理财渠道，尽心尽力服务于每一位客户，尽心尽力做好每一件事情，是中融文化的精髓。我们坚信做任何事情只要做到尽心尽力，一定会无限接近美好的未来。<br /></p>
    <p>企业愿景：与客户共享全球经济发展带来的价值。<br /></p>
    <p>企业使命：成为大中华区最具价值的资本投资运营平台。<br /></p>
    <p>企业精神：专业诚信、合作共赢、持续成长。<br /></p>
    <p>企业价值观：为高净值人士提供专业的、可信赖的投资管理与资产增值综合服务，助力客户成长。<br /></p>
    <p>服务理念：中融始终秉承以客户利益最大化的服务理念。<br /></p>
    <p>服务项目：在全球范围内为客户提供风险可控、收益稳定的具有高价值的投资平台。最终满足客户资产保值增值的目的。</p>
</span>]]></item>
				<item id="uid"><![CDATA[1]]></item>
				<item id="username"><![CDATA[admin]]></item>
				<item id="styleid"><![CDATA[0]]></item>
				<item id="blockstyle"><![CDATA[]]></item>
				<item id="picwidth"><![CDATA[0]]></item>
				<item id="picheight"><![CDATA[0]]></item>
				<item id="target"><![CDATA[blank]]></item>
				<item id="dateformat"><![CDATA[Y-m-d]]></item>
				<item id="dateuformat"><![CDATA[0]]></item>
				<item id="script"><![CDATA[blank]]></item>
				<item id="param">
					<item id="content"><![CDATA[<span>
    <p><img alt=\"\" align=\"right\" src=\"template/week_jiazhi/images/ad/qywh.jpg\" width=\"350\" height=\"350\" style=\" margin-left:20px;\" /> </p>
    <p></p>
    <p>尽心力、近未来:尽心尽力为客户选择和提供有价值的理财渠道，尽心尽力服务于每一位客户，尽心尽力做好每一件事情，是中融文化的精髓。我们坚信做任何事情只要做到尽心尽力，一定会无限接近美好的未来。<br /></p>
    <p>企业愿景：与客户共享全球经济发展带来的价值。<br /></p>
    <p>企业使命：成为大中华区最具价值的资本投资运营平台。<br /></p>
    <p>企业精神：专业诚信、合作共赢、持续成长。<br /></p>
    <p>企业价值观：为高净值人士提供专业的、可信赖的投资管理与资产增值综合服务，助力客户成长。<br /></p>
    <p>服务理念：中融始终秉承以客户利益最大化的服务理念。<br /></p>
    <p>服务项目：在全球范围内为客户提供风险可控、收益稳定的具有高价值的投资平台。最终满足客户资产保值增值的目的。</p>
</span>
]]></item>
					<item id="items"><![CDATA[10]]></item>
				</item>
				<item id="shownum"><![CDATA[10]]></item>
				<item id="cachetime"><![CDATA[0]]></item>
				<item id="cachetimerange"><![CDATA[0,0]]></item>
				<item id="punctualupdate"><![CDATA[0]]></item>
				<item id="hidedisplay"><![CDATA[0]]></item>
				<item id="dateline"><![CDATA[1458109536]]></item>
				<item id="notinherited"><![CDATA[0]]></item>
				<item id="isblank"><![CDATA[0]]></item>
			</item>
		</item>
		<item id="style">
		</item>
	</item>
</root>