﻿<?xml version="1.0" encoding="ISO-8859-1"?>
<root>
	<item id="spacecss"><![CDATA[#frameAJ3b1C { margin:0px !important;}#portal_block_14 { margin:0px !important;}#portal_block_14 .dxb_bc { margin:0px !important;}]]></item>
	<item id="layoutdata">
		<item id="diy1"><![CDATA[]]></item>
		<item id="listcontenttop"><![CDATA[]]></item>
		<item id="wk_about">
			<item id="frame`frameAJ3b1C">
				<item id="attr">
					<item id="name"><![CDATA[frameAJ3b1C]]></item>
					<item id="moveable"><![CDATA[true]]></item>
					<item id="className"><![CDATA[ frame move-span cl frame-1]]></item>
					<item id="titles"><![CDATA[]]></item>
				</item>
				<item id="column`frameAJ3b1C_left">
					<item id="attr">
						<item id="name"><![CDATA[frameAJ3b1C_left]]></item>
						<item id="className"><![CDATA[column frame-1-c]]></item>
					</item>
					<item id="block`portal_block_14">
						<item id="attr">
							<item id="name"><![CDATA[portal_block_14]]></item>
							<item id="className"><![CDATA[block move-span]]></item>
							<item id="titles"><![CDATA[]]></item>
						</item>
					</item>
				</item>
			</item>
		</item>
		<item id="diycontentbottom"><![CDATA[]]></item>
		<item id="diy3"><![CDATA[]]></item>
	</item>
	<item id="blockdata">
		<item id="block">
			<item id="14">
				<item id="bid"><![CDATA[14]]></item>
				<item id="blockclass"><![CDATA[html_html]]></item>
				<item id="blocktype"><![CDATA[0]]></item>
				<item id="name"><![CDATA[关于我们]]></item>
				<item id="title"><![CDATA[]]></item>
				<item id="classname"><![CDATA[]]></item>
				<item id="summary"><![CDATA[<span>
	<p>腾讯成立于1998年11月，是目前中国最大的互联网综合服务提供商之一，也是中国服务用户最多的互联网企业之一。成立10多年以来，腾讯一直秉承"一切以用户价值为依归"的经营理念，始终处于稳健发展的状态。2004年6月16日，腾讯控股有限公司在香港联交所主板公开上市（股票代号700）。</p>
	<p>通过互联网服务提升人类生活品质是腾讯的使命。目前，腾讯把为用户提供"一站式在线生活服务"作为战略目标，提供互联网增值服务、网络广告服务和电子商务服务。通过即时通信工具QQ、移动社交和通信服务微信和WeChat、门户网站腾讯网（QQ.com）、腾讯游戏、社交网络平台QQ空间等中国领先的网络平台，腾讯打造了中国最大的网络社区，满足互联网用户沟通、资讯、娱乐和电子商务等方面的需求。截至2014年第二季度，QQ的月活跃帐户数达到8.29亿，最高同时在线帐户数达到2.06亿；微信和WeChat的合并月活跃帐户数达4.38亿。腾讯的发展深刻地影响和改变了数以亿计网民的沟通方式和生活习惯，并为中国互联网行业开创了更加广阔的应用前景。</p>
	<p>面向未来，坚持自主创新，树立民族品牌是腾讯的长远发展规划。目前，腾讯50%以上员工为研发人员，拥有完善的自主研发体系，在存储技术、数据挖掘、多媒体、中文处理、分布式网络、无线技术六大方向都拥有了相当数量的专利申请，是拥有最多发明专利的中国互联网企业。</p>
	<p>成为最受尊敬的互联网企业是腾讯的远景目标。腾讯一直积极参与公益事业、努力承担企业社会责任、推动网络文明。2006年，腾讯成立了中国互联网首家慈善公益基金会——腾讯慈善公益基金会，并建立了腾讯公益网（gongyi.qq.com）。秉承"致力公益慈善事业，关爱青少年成长，倡导企业公民责任，推动社会和谐进步"的宗旨，腾讯的每一项产品与业务都拥抱公益，开放互联，并倡导所有企业一起行动，通过互联网领域的技术、传播优势，缔造"人人可公益，民众齐参与"的互联网公益新生态。</p>
    <p><br /></p>
    <p align="center">
        <img alt="" src="template/week_jiazhi/images/ad/us.jpg" width="100%"/> 
    </p>
</span>]]></item>
				<item id="uid"><![CDATA[1]]></item>
				<item id="username"><![CDATA[admin]]></item>
				<item id="styleid"><![CDATA[0]]></item>
				<item id="blockstyle"><![CDATA[]]></item>
				<item id="picwidth"><![CDATA[0]]></item>
				<item id="picheight"><![CDATA[0]]></item>
				<item id="target"><![CDATA[blank]]></item>
				<item id="dateformat"><![CDATA[Y-m-d]]></item>
				<item id="dateuformat"><![CDATA[0]]></item>
				<item id="script"><![CDATA[blank]]></item>
				<item id="param">
					<item id="content"><![CDATA[<span>
	<p>腾讯成立于1998年11月，是目前中国最大的互联网综合服务提供商之一，也是中国服务用户最多的互联网企业之一。成立10多年以来，腾讯一直秉承\"一切以用户价值为依归\"的经营理念，始终处于稳健发展的状态。2004年6月16日，腾讯控股有限公司在香港联交所主板公开上市（股票代号700）。</p>
	<p>通过互联网服务提升人类生活品质是腾讯的使命。目前，腾讯把为用户提供\"一站式在线生活服务\"作为战略目标，提供互联网增值服务、网络广告服务和电子商务服务。通过即时通信工具QQ、移动社交和通信服务微信和WeChat、门户网站腾讯网（QQ.com）、腾讯游戏、社交网络平台QQ空间等中国领先的网络平台，腾讯打造了中国最大的网络社区，满足互联网用户沟通、资讯、娱乐和电子商务等方面的需求。截至2014年第二季度，QQ的月活跃帐户数达到8.29亿，最高同时在线帐户数达到2.06亿；微信和WeChat的合并月活跃帐户数达4.38亿。腾讯的发展深刻地影响和改变了数以亿计网民的沟通方式和生活习惯，并为中国互联网行业开创了更加广阔的应用前景。</p>
	<p>面向未来，坚持自主创新，树立民族品牌是腾讯的长远发展规划。目前，腾讯50%以上员工为研发人员，拥有完善的自主研发体系，在存储技术、数据挖掘、多媒体、中文处理、分布式网络、无线技术六大方向都拥有了相当数量的专利申请，是拥有最多发明专利的中国互联网企业。</p>
	<p>成为最受尊敬的互联网企业是腾讯的远景目标。腾讯一直积极参与公益事业、努力承担企业社会责任、推动网络文明。2006年，腾讯成立了中国互联网首家慈善公益基金会——腾讯慈善公益基金会，并建立了腾讯公益网（gongyi.qq.com）。秉承\"致力公益慈善事业，关爱青少年成长，倡导企业公民责任，推动社会和谐进步\"的宗旨，腾讯的每一项产品与业务都拥抱公益，开放互联，并倡导所有企业一起行动，通过互联网领域的技术、传播优势，缔造\"人人可公益，民众齐参与\"的互联网公益新生态。</p>
    <p><br /></p>
    <p align=\"center\">
        <img alt=\"\" src=\"template/week_jiazhi/images/ad/us.jpg\" width=\"100%\"/> 
    </p>
</span>]]></item>
					<item id="items"><![CDATA[10]]></item>
				</item>
				<item id="shownum"><![CDATA[10]]></item>
				<item id="cachetime"><![CDATA[0]]></item>
				<item id="cachetimerange"><![CDATA[0,0]]></item>
				<item id="punctualupdate"><![CDATA[0]]></item>
				<item id="hidedisplay"><![CDATA[0]]></item>
				<item id="dateline"><![CDATA[1458109541]]></item>
				<item id="notinherited"><![CDATA[0]]></item>
				<item id="isblank"><![CDATA[0]]></item>
			</item>
		</item>
		<item id="style">
		</item>
	</item>
</root>