﻿<?xml version="1.0" encoding="ISO-8859-1"?>
<root>
	<item id="spacecss"><![CDATA[#frameN1wWYS { margin:0px !important;}#portal_block_11 { margin:0px !important;}#portal_block_11 .dxb_bc { margin:0px !important;}]]></item>
	<item id="layoutdata">
		<item id="diy1"><![CDATA[]]></item>
		<item id="listcontenttop"><![CDATA[]]></item>
		<item id="wk_about">
			<item id="frame`frameN1wWYS">
				<item id="attr">
					<item id="name"><![CDATA[frameN1wWYS]]></item>
					<item id="moveable"><![CDATA[true]]></item>
					<item id="className"><![CDATA[ frame move-span cl frame-1]]></item>
					<item id="titles"><![CDATA[]]></item>
				</item>
				<item id="column`frameN1wWYS_left">
					<item id="attr">
						<item id="name"><![CDATA[frameN1wWYS_left]]></item>
						<item id="className"><![CDATA[column frame-1-c]]></item>
					</item>
					<item id="block`portal_block_11">
						<item id="attr">
							<item id="name"><![CDATA[portal_block_11]]></item>
							<item id="className"><![CDATA[block move-span]]></item>
							<item id="titles"><![CDATA[]]></item>
						</item>
					</item>
				</item>
			</item>
		</item>
		<item id="diycontentbottom"><![CDATA[]]></item>
		<item id="diy3"><![CDATA[]]></item>
	</item>
	<item id="blockdata">
		<item id="block">
			<item id="11">
				<item id="bid"><![CDATA[11]]></item>
				<item id="blockclass"><![CDATA[html_html]]></item>
				<item id="blocktype"><![CDATA[0]]></item>
				<item id="name"><![CDATA[关于我们]]></item>
				<item id="title"><![CDATA[]]></item>
				<item id="classname"><![CDATA[]]></item>
				<item id="summary"><![CDATA[<span>
<div  align="center" style="margin-bottom:30px;"><img alt="" src="template/week_jiazhi/images/ad/rczp.jpg" /></div>
<p>人才是企业的资本，人才是最宝贵的财富，金融投资公司的大门对所有有志于金融投资行业的人敞开着。</p>
<p>公司的用人标准是：具备创新意识和不断进取精神。</p>
<p>公司的竞争机制是：能者上，平者让，庸者下。</p>
<p>公司竭尽所能做到：人适其位，位适其人。</p>
<p>公司不仅通过待遇留人，公司更愿通过事业留人，感情留人。</p>
<p><br></p>
<p><br></p>
<p><strong>用户运营</strong></p>
<p>工作地点：杭州	职位类别：运营类	招聘人数：10人</p>
<p>岗位描述</p>
<p>1、主要负责乘客端的用户运营，对用户群体进行细分、挖掘、引导、培养和维护；</p> 
<p>2、制定有效的运营方案，提升用户的活跃度、忠诚度；</p> 
<p>3、策划和开展面向用户的各类线上及线下活动，尤其是针对新用户的挖掘；</p> 
<p>4、收集、分析用户习惯和反馈，配合产品团队输出产品与服务改进完善方案。</p>
<p>岗位要求</p>
<p>1、本科及以上学历，有1年以上的互联网用户运营或产品运营相关工作经验；</p> 
<p>2、关注用户体验，对用户需求能敏锐的察觉并具备较强的逻辑思维、分析能力；</p> 
<p>3、有良好的团队合作和沟通能力；</p> 
<p>4、工作积极主动，责任感强，能快速执行和取得成果。</p>
<p><br></p>
<p><br></p>
<p><strong>技术专家</strong></p>
<p>工作地点：杭州	职位类别：运营类	招聘人数：10人</p>
<p>岗位描述</p>
<p>1、根据业务需求规划移动应用后端方面的架构；
<p>2、实现高性能的后端架构、确保可维护性以及良好的伸缩性；
<p>3、对团队开发人员进行代码质量审核和技术指导，解决后端相关疑难问题；
<p>4、负责实现系统的自动化监控、高性能以及高可用性保障；
<p>5、优化系统性能,提升系统稳定性，保证系统的重要服务器(数据库、Redis、Mongodb)的压力(Cpu,IO)维持在较低水平。</p>
<p>岗位要求</p>
<p>1、本科以上学历，至少从事三年以上网站后端（非Windows）开发或维护经验，至少两年以上互联网网站独立架构设计经验；</p>
<p>2、精通Java，对并发编程、NIO非常熟悉；</p>
<p>3、具有很强的面向对象设计能力和业务分析能力，了解常见设计模式和测试方式；</p>
<p>4、深入理解Mysql、Mongodb、Redis，具有分布式应用架构经验；</p>
<p>5、了解运维相关的服务器、网络、存储等硬件知识，以及监控、报警、负载均衡等软件知识。</p>
<div  align="center" style=" margin-top:20px;"><img alt="" src="template/week_jiazhi/images/ad/rczp2.png" /></div>
</span>]]></item>
				<item id="uid"><![CDATA[1]]></item>
				<item id="username"><![CDATA[admin]]></item>
				<item id="styleid"><![CDATA[0]]></item>
				<item id="blockstyle"><![CDATA[]]></item>
				<item id="picwidth"><![CDATA[0]]></item>
				<item id="picheight"><![CDATA[0]]></item>
				<item id="target"><![CDATA[blank]]></item>
				<item id="dateformat"><![CDATA[Y-m-d]]></item>
				<item id="dateuformat"><![CDATA[0]]></item>
				<item id="script"><![CDATA[blank]]></item>
				<item id="param">
					<item id="content"><![CDATA[<span>
<div  align=\"center\" style=\"margin-bottom:30px;\"><img alt=\"\" src=\"template/week_jiazhi/images/ad/rczp.jpg\" /></div>
<p>人才是企业的资本，人才是最宝贵的财富，金融投资公司的大门对所有有志于金融投资行业的人敞开着。</p>
<p>公司的用人标准是：具备创新意识和不断进取精神。</p>
<p>公司的竞争机制是：能者上，平者让，庸者下。</p>
<p>公司竭尽所能做到：人适其位，位适其人。</p>
<p>公司不仅通过待遇留人，公司更愿通过事业留人，感情留人。</p>
<p><br></p>
<p><br></p>
<p><strong>用户运营</strong></p>
<p>工作地点：杭州	职位类别：运营类	招聘人数：10人</p>
<p>岗位描述</p>
<p>1、主要负责乘客端的用户运营，对用户群体进行细分、挖掘、引导、培养和维护；</p> 
<p>2、制定有效的运营方案，提升用户的活跃度、忠诚度；</p> 
<p>3、策划和开展面向用户的各类线上及线下活动，尤其是针对新用户的挖掘；</p> 
<p>4、收集、分析用户习惯和反馈，配合产品团队输出产品与服务改进完善方案。</p>
<p>岗位要求</p>
<p>1、本科及以上学历，有1年以上的互联网用户运营或产品运营相关工作经验；</p> 
<p>2、关注用户体验，对用户需求能敏锐的察觉并具备较强的逻辑思维、分析能力；</p> 
<p>3、有良好的团队合作和沟通能力；</p> 
<p>4、工作积极主动，责任感强，能快速执行和取得成果。</p>
<p><br></p>
<p><br></p>
<p><strong>技术专家</strong></p>
<p>工作地点：杭州	职位类别：运营类	招聘人数：10人</p>
<p>岗位描述</p>
<p>1、根据业务需求规划移动应用后端方面的架构；
<p>2、实现高性能的后端架构、确保可维护性以及良好的伸缩性；
<p>3、对团队开发人员进行代码质量审核和技术指导，解决后端相关疑难问题；
<p>4、负责实现系统的自动化监控、高性能以及高可用性保障；
<p>5、优化系统性能,提升系统稳定性，保证系统的重要服务器(数据库、Redis、Mongodb)的压力(Cpu,IO)维持在较低水平。</p>
<p>岗位要求</p>
<p>1、本科以上学历，至少从事三年以上网站后端（非Windows）开发或维护经验，至少两年以上互联网网站独立架构设计经验；</p>
<p>2、精通Java，对并发编程、NIO非常熟悉；</p>
<p>3、具有很强的面向对象设计能力和业务分析能力，了解常见设计模式和测试方式；</p>
<p>4、深入理解Mysql、Mongodb、Redis，具有分布式应用架构经验；</p>
<p>5、了解运维相关的服务器、网络、存储等硬件知识，以及监控、报警、负载均衡等软件知识。</p>
<div  align=\"center\" style=\" margin-top:20px;\"><img alt=\"\" src=\"template/week_jiazhi/images/ad/rczp2.png\" /></div>
</span>]]></item>
					<item id="items"><![CDATA[10]]></item>
				</item>
				<item id="shownum"><![CDATA[10]]></item>
				<item id="cachetime"><![CDATA[0]]></item>
				<item id="cachetimerange"><![CDATA[0,0]]></item>
				<item id="punctualupdate"><![CDATA[0]]></item>
				<item id="hidedisplay"><![CDATA[0]]></item>
				<item id="dateline"><![CDATA[1458109527]]></item>
				<item id="notinherited"><![CDATA[0]]></item>
				<item id="isblank"><![CDATA[0]]></item>
			</item>
		</item>
		<item id="style">
		</item>
	</item>
</root>