<?xml version="1.0" encoding="ISO-8859-1"?>
<root>
	<item id="Title"><![CDATA[Discuz! Plugin]]></item>
	<item id="Version"><![CDATA[X3.2]]></item>
	<item id="Time"><![CDATA[2019-11-26 01:09]]></item>
	<item id="From"><![CDATA[DisM!应用中心 (https://dism.taobao.com/)]]></item>
	<item id="Data">
		<item id="plugin">
			<item id="available"><![CDATA[1]]></item>
			<item id="adminid"><![CDATA[1]]></item>
			<item id="name"><![CDATA[W!资源下载模板管理]]></item>
			<item id="identifier"><![CDATA[wic_material_manage]]></item>
			<item id="description"><![CDATA[]]></item>
			<item id="datatables"><![CDATA[]]></item>
			<item id="directory"><![CDATA[wic_material_manage/]]></item>
			<item id="copyright"><![CDATA[DisM!应用中心(dism.taobao.com)]]></item>
			<item id="version"><![CDATA[1.2]]></item>
			<item id="__modules">
				<item id="0">
					<item id="name"><![CDATA[hook]]></item>
					<item id="param"><![CDATA[]]></item>
					<item id="menu"><![CDATA[]]></item>
					<item id="url"><![CDATA[]]></item>
					<item id="type"><![CDATA[11]]></item>
					<item id="adminid"><![CDATA[0]]></item>
					<item id="displayorder"><![CDATA[0]]></item>
					<item id="navtitle"><![CDATA[]]></item>
					<item id="navicon"><![CDATA[]]></item>
					<item id="navsubname"><![CDATA[]]></item>
					<item id="navsuburl"><![CDATA[]]></item>
				</item>
			</item>
		</item>
		<item id="version"><![CDATA[X3,X3.1,X3.2,X3.3,X3.4]]></item>
		<item id="var">
			<item id="0">
				<item id="displayorder"><![CDATA[0]]></item>
				<item id="title"><![CDATA[启用的分类信息id]]></item>
				<item id="description"><![CDATA[导入分类信息的id,多id使用,(逗号间隔).如1,2,3]]></item>
				<item id="variable"><![CDATA[classified_ids]]></item>
				<item id="type"><![CDATA[text]]></item>
				<item id="value"><![CDATA[1,13,15,16]]></item>
				<item id="extra"><![CDATA[]]></item>
			</item>
			<item id="1">
				<item id="displayorder"><![CDATA[0]]></item>
				<item id="title"><![CDATA[启用音效的分类信息id]]></item>
				<item id="description"><![CDATA[导入音效分类信息的id,多id使用,(逗号间隔).如1,2,3]]></item>
				<item id="variable"><![CDATA[sound_ids]]></item>
				<item id="type"><![CDATA[text]]></item>
				<item id="value"><![CDATA[15]]></item>
				<item id="extra"><![CDATA[]]></item>
			</item>
			<item id="2">
				<item id="displayorder"><![CDATA[0]]></item>
				<item id="title"><![CDATA[启用普通素材的分类信息id]]></item>
				<item id="description"><![CDATA[除音频,视频的分类信息id]]></item>
				<item id="variable"><![CDATA[normal_ids]]></item>
				<item id="type"><![CDATA[text]]></item>
				<item id="value"><![CDATA[13]]></item>
				<item id="extra"><![CDATA[]]></item>
			</item>
			<item id="3">
				<item id="displayorder"><![CDATA[0]]></item>
				<item id="title"><![CDATA[启用视频的分类信息id]]></item>
				<item id="description"><![CDATA[]]></item>
				<item id="variable"><![CDATA[video_ids]]></item>
				<item id="type"><![CDATA[text]]></item>
				<item id="value"><![CDATA[16]]></item>
				<item id="extra"><![CDATA[]]></item>
			</item>
		</item>
		<item id="language">
			<item id="scriptlang">
				<item id="english"><![CDATA[chinese]]></item>
			</item>
			<item id="templatelang">
				<item id="collection_cover"><![CDATA[淘帖封面]]></item>
				<item id="link_to_internet"><![CDATA[网络链接]]></item>
				<item id="upload_from_local"><![CDATA[本地上传]]></item>
				<item id="collection_cover_current"><![CDATA[当前封面]]></item>
			</item>
			<item id="installlang">
				<item id="english"><![CDATA[chinese]]></item>
			</item>
		</item>
		<item id="installfile"><![CDATA[install.php]]></item>
		<item id="uninstallfile"><![CDATA[uninstall.php]]></item>
	</item>
</root>