<?xml version="1.0" encoding="ISO-8859-1"?>
<root>
	<item id="Title"><![CDATA[Discuz! Threadtypes]]></item>
	<item id="Version"><![CDATA[X3.4]]></item>
	<item id="Time"><![CDATA[2017-08-20 22:59]]></item>
	<item id="From"><![CDATA[Discuz! Board (http://new.100sj.net/scity3/)]]></item>
	<item id="Data">
		<item id="0">
			<item id="optionid"><![CDATA[274]]></item>
			<item id="classid"><![CDATA[4]]></item>
			<item id="displayorder"><![CDATA[0]]></item>
			<item id="expiration"><![CDATA[0]]></item>
			<item id="protect"><![CDATA[]]></item>
			<item id="title"><![CDATA[黄页名称]]></item>
			<item id="description"><![CDATA[]]></item>
			<item id="identifier"><![CDATA[yb_hy_name]]></item>
			<item id="type"><![CDATA[text]]></item>
			<item id="unit"><![CDATA[]]></item>
			<item id="rules"><![CDATA[]]></item>
			<item id="permprompt"><![CDATA[]]></item>
			<item id="typeid"><![CDATA[13]]></item>
			<item id="name"><![CDATA[黄页]]></item>
			<item id="icon"><![CDATA[]]></item>
			<item id="special"><![CDATA[1]]></item>
			<item id="modelid"><![CDATA[0]]></item>
			<item id="template"><![CDATA[<div class="ybhy_cont">
   <div class="ybhyc_l"><img src="{yb_hy_ad_value}" class="img1" /><img src="template/yibai_scity3/ybimg/fenlei/hy_img2.png" class="img2" /></div>
   <div class="ybhyc_r">
      <p>{yb_hy_name_value}</p>
      <div class="hycr_a">
         <img src="template/yibai_scity3/ybimg/fenlei/hy_img4.png" /><span>联系地址：</span><i>{yb_hy_add_value}</i>
      </div>
     
      <div class="hycr_a">
         <img src="template/yibai_scity3/ybimg/fenlei/hy_img6.png" /><span>联系电话：</span><i>	{yb_hy_phoe_value}</i>
      </div>
      <div class="hycr_a">
         <img src="template/yibai_scity3/ybimg/fenlei/hy_img7.png" /><span>公司网址：</span><i>{yb_hy_web_value}</i>
      </div>
      <div class="hycr_a">
         <img src="template/yibai_scity3/ybimg/fenlei/hy_img5.png" /><span>客服QQ：</span><i>{yb_hy_qq_value}</i>
      </div>
 <div class="hycr_a">
         <img src="template/yibai_scity3/ybimg/fenlei/hy_img3.png" /><span>经营范围：</span><i>{yb_hy_fw_value}</i>
      </div>
   </div>

</div>]]></item>
			<item id="stemplate"><![CDATA[<div class="fenleip">
[loop]
<div class="ybhy_div">
  <div class="hyd_top"><a href="{subject_url}">	{yb_hy_name_value}</a><span>[{yb_hy_type_value}]</span></div>
  <div class="hyd_bot"><img src="template/yibai_scity3/ybimg/fenlei/hy_img1.png" /><p>{yb_hy_phoe_value}</p></div>
</div>
[/loop]
</div>]]></item>
			<item id="ptemplate"><![CDATA[]]></item>
			<item id="btemplate"><![CDATA[]]></item>
			<item id="sortid"><![CDATA[13]]></item>
			<item id="available"><![CDATA[1]]></item>
			<item id="required"><![CDATA[1]]></item>
			<item id="unchangeable"><![CDATA[0]]></item>
			<item id="search"><![CDATA[0]]></item>
			<item id="subjectshow"><![CDATA[1]]></item>
			<item id="tpdescription"><![CDATA[]]></item>
			<item id="ttdescription"><![CDATA[]]></item>
			<item id="tpexpiration"><![CDATA[0]]></item>
			<item id="ttexpiration"><![CDATA[0]]></item>
		</item>
		<item id="1">
			<item id="optionid"><![CDATA[275]]></item>
			<item id="classid"><![CDATA[4]]></item>
			<item id="displayorder"><![CDATA[0]]></item>
			<item id="expiration"><![CDATA[0]]></item>
			<item id="protect"><![CDATA[]]></item>
			<item id="title"><![CDATA[黄页广告]]></item>
			<item id="description"><![CDATA[]]></item>
			<item id="identifier"><![CDATA[yb_hy_ad]]></item>
			<item id="type"><![CDATA[image]]></item>
			<item id="unit"><![CDATA[]]></item>
			<item id="rules"><![CDATA[]]></item>
			<item id="permprompt"><![CDATA[]]></item>
			<item id="typeid"><![CDATA[13]]></item>
			<item id="name"><![CDATA[黄页]]></item>
			<item id="icon"><![CDATA[]]></item>
			<item id="special"><![CDATA[1]]></item>
			<item id="modelid"><![CDATA[0]]></item>
			<item id="template"><![CDATA[<div class="ybhy_cont">
   <div class="ybhyc_l"><img src="{yb_hy_ad_value}" class="img1" /><img src="template/yibai_scity3/ybimg/fenlei/hy_img2.png" class="img2" /></div>
   <div class="ybhyc_r">
      <p>{yb_hy_name_value}</p>
      <div class="hycr_a">
         <img src="template/yibai_scity3/ybimg/fenlei/hy_img4.png" /><span>联系地址：</span><i>{yb_hy_add_value}</i>
      </div>
     
      <div class="hycr_a">
         <img src="template/yibai_scity3/ybimg/fenlei/hy_img6.png" /><span>联系电话：</span><i>	{yb_hy_phoe_value}</i>
      </div>
      <div class="hycr_a">
         <img src="template/yibai_scity3/ybimg/fenlei/hy_img7.png" /><span>公司网址：</span><i>{yb_hy_web_value}</i>
      </div>
      <div class="hycr_a">
         <img src="template/yibai_scity3/ybimg/fenlei/hy_img5.png" /><span>客服QQ：</span><i>{yb_hy_qq_value}</i>
      </div>
 <div class="hycr_a">
         <img src="template/yibai_scity3/ybimg/fenlei/hy_img3.png" /><span>经营范围：</span><i>{yb_hy_fw_value}</i>
      </div>
   </div>

</div>]]></item>
			<item id="stemplate"><![CDATA[<div class="fenleip">
[loop]
<div class="ybhy_div">
  <div class="hyd_top"><a href="{subject_url}">	{yb_hy_name_value}</a><span>[{yb_hy_type_value}]</span></div>
  <div class="hyd_bot"><img src="template/yibai_scity3/ybimg/fenlei/hy_img1.png" /><p>{yb_hy_phoe_value}</p></div>
</div>
[/loop]
</div>]]></item>
			<item id="ptemplate"><![CDATA[]]></item>
			<item id="btemplate"><![CDATA[]]></item>
			<item id="sortid"><![CDATA[13]]></item>
			<item id="available"><![CDATA[1]]></item>
			<item id="required"><![CDATA[1]]></item>
			<item id="unchangeable"><![CDATA[0]]></item>
			<item id="search"><![CDATA[0]]></item>
			<item id="subjectshow"><![CDATA[1]]></item>
			<item id="tpdescription"><![CDATA[]]></item>
			<item id="ttdescription"><![CDATA[]]></item>
			<item id="tpexpiration"><![CDATA[0]]></item>
			<item id="ttexpiration"><![CDATA[0]]></item>
		</item>
		<item id="2">
			<item id="optionid"><![CDATA[276]]></item>
			<item id="classid"><![CDATA[4]]></item>
			<item id="displayorder"><![CDATA[0]]></item>
			<item id="expiration"><![CDATA[0]]></item>
			<item id="protect"><![CDATA[]]></item>
			<item id="title"><![CDATA[联系地址]]></item>
			<item id="description"><![CDATA[]]></item>
			<item id="identifier"><![CDATA[yb_hy_add]]></item>
			<item id="type"><![CDATA[text]]></item>
			<item id="unit"><![CDATA[]]></item>
			<item id="rules"><![CDATA[]]></item>
			<item id="permprompt"><![CDATA[]]></item>
			<item id="typeid"><![CDATA[13]]></item>
			<item id="name"><![CDATA[黄页]]></item>
			<item id="icon"><![CDATA[]]></item>
			<item id="special"><![CDATA[1]]></item>
			<item id="modelid"><![CDATA[0]]></item>
			<item id="template"><![CDATA[<div class="ybhy_cont">
   <div class="ybhyc_l"><img src="{yb_hy_ad_value}" class="img1" /><img src="template/yibai_scity3/ybimg/fenlei/hy_img2.png" class="img2" /></div>
   <div class="ybhyc_r">
      <p>{yb_hy_name_value}</p>
      <div class="hycr_a">
         <img src="template/yibai_scity3/ybimg/fenlei/hy_img4.png" /><span>联系地址：</span><i>{yb_hy_add_value}</i>
      </div>
     
      <div class="hycr_a">
         <img src="template/yibai_scity3/ybimg/fenlei/hy_img6.png" /><span>联系电话：</span><i>	{yb_hy_phoe_value}</i>
      </div>
      <div class="hycr_a">
         <img src="template/yibai_scity3/ybimg/fenlei/hy_img7.png" /><span>公司网址：</span><i>{yb_hy_web_value}</i>
      </div>
      <div class="hycr_a">
         <img src="template/yibai_scity3/ybimg/fenlei/hy_img5.png" /><span>客服QQ：</span><i>{yb_hy_qq_value}</i>
      </div>
 <div class="hycr_a">
         <img src="template/yibai_scity3/ybimg/fenlei/hy_img3.png" /><span>经营范围：</span><i>{yb_hy_fw_value}</i>
      </div>
   </div>

</div>]]></item>
			<item id="stemplate"><![CDATA[<div class="fenleip">
[loop]
<div class="ybhy_div">
  <div class="hyd_top"><a href="{subject_url}">	{yb_hy_name_value}</a><span>[{yb_hy_type_value}]</span></div>
  <div class="hyd_bot"><img src="template/yibai_scity3/ybimg/fenlei/hy_img1.png" /><p>{yb_hy_phoe_value}</p></div>
</div>
[/loop]
</div>]]></item>
			<item id="ptemplate"><![CDATA[]]></item>
			<item id="btemplate"><![CDATA[]]></item>
			<item id="sortid"><![CDATA[13]]></item>
			<item id="available"><![CDATA[1]]></item>
			<item id="required"><![CDATA[1]]></item>
			<item id="unchangeable"><![CDATA[0]]></item>
			<item id="search"><![CDATA[0]]></item>
			<item id="subjectshow"><![CDATA[1]]></item>
			<item id="tpdescription"><![CDATA[]]></item>
			<item id="ttdescription"><![CDATA[]]></item>
			<item id="tpexpiration"><![CDATA[0]]></item>
			<item id="ttexpiration"><![CDATA[0]]></item>
		</item>
		<item id="3">
			<item id="optionid"><![CDATA[278]]></item>
			<item id="classid"><![CDATA[4]]></item>
			<item id="displayorder"><![CDATA[0]]></item>
			<item id="expiration"><![CDATA[0]]></item>
			<item id="protect"><![CDATA[]]></item>
			<item id="title"><![CDATA[公司网站]]></item>
			<item id="description"><![CDATA[]]></item>
			<item id="identifier"><![CDATA[yb_hy_web]]></item>
			<item id="type"><![CDATA[text]]></item>
			<item id="unit"><![CDATA[]]></item>
			<item id="rules"><![CDATA[]]></item>
			<item id="permprompt"><![CDATA[]]></item>
			<item id="typeid"><![CDATA[13]]></item>
			<item id="name"><![CDATA[黄页]]></item>
			<item id="icon"><![CDATA[]]></item>
			<item id="special"><![CDATA[1]]></item>
			<item id="modelid"><![CDATA[0]]></item>
			<item id="template"><![CDATA[<div class="ybhy_cont">
   <div class="ybhyc_l"><img src="{yb_hy_ad_value}" class="img1" /><img src="template/yibai_scity3/ybimg/fenlei/hy_img2.png" class="img2" /></div>
   <div class="ybhyc_r">
      <p>{yb_hy_name_value}</p>
      <div class="hycr_a">
         <img src="template/yibai_scity3/ybimg/fenlei/hy_img4.png" /><span>联系地址：</span><i>{yb_hy_add_value}</i>
      </div>
     
      <div class="hycr_a">
         <img src="template/yibai_scity3/ybimg/fenlei/hy_img6.png" /><span>联系电话：</span><i>	{yb_hy_phoe_value}</i>
      </div>
      <div class="hycr_a">
         <img src="template/yibai_scity3/ybimg/fenlei/hy_img7.png" /><span>公司网址：</span><i>{yb_hy_web_value}</i>
      </div>
      <div class="hycr_a">
         <img src="template/yibai_scity3/ybimg/fenlei/hy_img5.png" /><span>客服QQ：</span><i>{yb_hy_qq_value}</i>
      </div>
 <div class="hycr_a">
         <img src="template/yibai_scity3/ybimg/fenlei/hy_img3.png" /><span>经营范围：</span><i>{yb_hy_fw_value}</i>
      </div>
   </div>

</div>]]></item>
			<item id="stemplate"><![CDATA[<div class="fenleip">
[loop]
<div class="ybhy_div">
  <div class="hyd_top"><a href="{subject_url}">	{yb_hy_name_value}</a><span>[{yb_hy_type_value}]</span></div>
  <div class="hyd_bot"><img src="template/yibai_scity3/ybimg/fenlei/hy_img1.png" /><p>{yb_hy_phoe_value}</p></div>
</div>
[/loop]
</div>]]></item>
			<item id="ptemplate"><![CDATA[]]></item>
			<item id="btemplate"><![CDATA[]]></item>
			<item id="sortid"><![CDATA[13]]></item>
			<item id="available"><![CDATA[1]]></item>
			<item id="required"><![CDATA[1]]></item>
			<item id="unchangeable"><![CDATA[0]]></item>
			<item id="search"><![CDATA[0]]></item>
			<item id="subjectshow"><![CDATA[1]]></item>
			<item id="tpdescription"><![CDATA[]]></item>
			<item id="ttdescription"><![CDATA[]]></item>
			<item id="tpexpiration"><![CDATA[0]]></item>
			<item id="ttexpiration"><![CDATA[0]]></item>
		</item>
		<item id="4">
			<item id="optionid"><![CDATA[279]]></item>
			<item id="classid"><![CDATA[4]]></item>
			<item id="displayorder"><![CDATA[0]]></item>
			<item id="expiration"><![CDATA[0]]></item>
			<item id="protect"><![CDATA[]]></item>
			<item id="title"><![CDATA[联系电话]]></item>
			<item id="description"><![CDATA[]]></item>
			<item id="identifier"><![CDATA[yb_hy_phoe]]></item>
			<item id="type"><![CDATA[number]]></item>
			<item id="unit"><![CDATA[]]></item>
			<item id="rules"><![CDATA[]]></item>
			<item id="permprompt"><![CDATA[]]></item>
			<item id="typeid"><![CDATA[13]]></item>
			<item id="name"><![CDATA[黄页]]></item>
			<item id="icon"><![CDATA[]]></item>
			<item id="special"><![CDATA[1]]></item>
			<item id="modelid"><![CDATA[0]]></item>
			<item id="template"><![CDATA[<div class="ybhy_cont">
   <div class="ybhyc_l"><img src="{yb_hy_ad_value}" class="img1" /><img src="template/yibai_scity3/ybimg/fenlei/hy_img2.png" class="img2" /></div>
   <div class="ybhyc_r">
      <p>{yb_hy_name_value}</p>
      <div class="hycr_a">
         <img src="template/yibai_scity3/ybimg/fenlei/hy_img4.png" /><span>联系地址：</span><i>{yb_hy_add_value}</i>
      </div>
     
      <div class="hycr_a">
         <img src="template/yibai_scity3/ybimg/fenlei/hy_img6.png" /><span>联系电话：</span><i>	{yb_hy_phoe_value}</i>
      </div>
      <div class="hycr_a">
         <img src="template/yibai_scity3/ybimg/fenlei/hy_img7.png" /><span>公司网址：</span><i>{yb_hy_web_value}</i>
      </div>
      <div class="hycr_a">
         <img src="template/yibai_scity3/ybimg/fenlei/hy_img5.png" /><span>客服QQ：</span><i>{yb_hy_qq_value}</i>
      </div>
 <div class="hycr_a">
         <img src="template/yibai_scity3/ybimg/fenlei/hy_img3.png" /><span>经营范围：</span><i>{yb_hy_fw_value}</i>
      </div>
   </div>

</div>]]></item>
			<item id="stemplate"><![CDATA[<div class="fenleip">
[loop]
<div class="ybhy_div">
  <div class="hyd_top"><a href="{subject_url}">	{yb_hy_name_value}</a><span>[{yb_hy_type_value}]</span></div>
  <div class="hyd_bot"><img src="template/yibai_scity3/ybimg/fenlei/hy_img1.png" /><p>{yb_hy_phoe_value}</p></div>
</div>
[/loop]
</div>]]></item>
			<item id="ptemplate"><![CDATA[]]></item>
			<item id="btemplate"><![CDATA[]]></item>
			<item id="sortid"><![CDATA[13]]></item>
			<item id="available"><![CDATA[1]]></item>
			<item id="required"><![CDATA[1]]></item>
			<item id="unchangeable"><![CDATA[0]]></item>
			<item id="search"><![CDATA[0]]></item>
			<item id="subjectshow"><![CDATA[1]]></item>
			<item id="tpdescription"><![CDATA[]]></item>
			<item id="ttdescription"><![CDATA[]]></item>
			<item id="tpexpiration"><![CDATA[0]]></item>
			<item id="ttexpiration"><![CDATA[0]]></item>
		</item>
		<item id="5">
			<item id="optionid"><![CDATA[280]]></item>
			<item id="classid"><![CDATA[4]]></item>
			<item id="displayorder"><![CDATA[0]]></item>
			<item id="expiration"><![CDATA[0]]></item>
			<item id="protect"><![CDATA[]]></item>
			<item id="title"><![CDATA[QQ]]></item>
			<item id="description"><![CDATA[]]></item>
			<item id="identifier"><![CDATA[yb_hy_qq]]></item>
			<item id="type"><![CDATA[text]]></item>
			<item id="unit"><![CDATA[]]></item>
			<item id="rules"><![CDATA[]]></item>
			<item id="permprompt"><![CDATA[]]></item>
			<item id="typeid"><![CDATA[13]]></item>
			<item id="name"><![CDATA[黄页]]></item>
			<item id="icon"><![CDATA[]]></item>
			<item id="special"><![CDATA[1]]></item>
			<item id="modelid"><![CDATA[0]]></item>
			<item id="template"><![CDATA[<div class="ybhy_cont">
   <div class="ybhyc_l"><img src="{yb_hy_ad_value}" class="img1" /><img src="template/yibai_scity3/ybimg/fenlei/hy_img2.png" class="img2" /></div>
   <div class="ybhyc_r">
      <p>{yb_hy_name_value}</p>
      <div class="hycr_a">
         <img src="template/yibai_scity3/ybimg/fenlei/hy_img4.png" /><span>联系地址：</span><i>{yb_hy_add_value}</i>
      </div>
     
      <div class="hycr_a">
         <img src="template/yibai_scity3/ybimg/fenlei/hy_img6.png" /><span>联系电话：</span><i>	{yb_hy_phoe_value}</i>
      </div>
      <div class="hycr_a">
         <img src="template/yibai_scity3/ybimg/fenlei/hy_img7.png" /><span>公司网址：</span><i>{yb_hy_web_value}</i>
      </div>
      <div class="hycr_a">
         <img src="template/yibai_scity3/ybimg/fenlei/hy_img5.png" /><span>客服QQ：</span><i>{yb_hy_qq_value}</i>
      </div>
 <div class="hycr_a">
         <img src="template/yibai_scity3/ybimg/fenlei/hy_img3.png" /><span>经营范围：</span><i>{yb_hy_fw_value}</i>
      </div>
   </div>

</div>]]></item>
			<item id="stemplate"><![CDATA[<div class="fenleip">
[loop]
<div class="ybhy_div">
  <div class="hyd_top"><a href="{subject_url}">	{yb_hy_name_value}</a><span>[{yb_hy_type_value}]</span></div>
  <div class="hyd_bot"><img src="template/yibai_scity3/ybimg/fenlei/hy_img1.png" /><p>{yb_hy_phoe_value}</p></div>
</div>
[/loop]
</div>]]></item>
			<item id="ptemplate"><![CDATA[]]></item>
			<item id="btemplate"><![CDATA[]]></item>
			<item id="sortid"><![CDATA[13]]></item>
			<item id="available"><![CDATA[1]]></item>
			<item id="required"><![CDATA[1]]></item>
			<item id="unchangeable"><![CDATA[0]]></item>
			<item id="search"><![CDATA[0]]></item>
			<item id="subjectshow"><![CDATA[1]]></item>
			<item id="tpdescription"><![CDATA[]]></item>
			<item id="ttdescription"><![CDATA[]]></item>
			<item id="tpexpiration"><![CDATA[0]]></item>
			<item id="ttexpiration"><![CDATA[0]]></item>
		</item>
		<item id="6">
			<item id="optionid"><![CDATA[277]]></item>
			<item id="classid"><![CDATA[4]]></item>
			<item id="displayorder"><![CDATA[0]]></item>
			<item id="expiration"><![CDATA[0]]></item>
			<item id="protect"><![CDATA[]]></item>
			<item id="title"><![CDATA[经营范围]]></item>
			<item id="description"><![CDATA[]]></item>
			<item id="identifier"><![CDATA[yb_hy_fw]]></item>
			<item id="type"><![CDATA[textarea]]></item>
			<item id="unit"><![CDATA[]]></item>
			<item id="rules"><![CDATA[]]></item>
			<item id="permprompt"><![CDATA[]]></item>
			<item id="typeid"><![CDATA[13]]></item>
			<item id="name"><![CDATA[黄页]]></item>
			<item id="icon"><![CDATA[]]></item>
			<item id="special"><![CDATA[1]]></item>
			<item id="modelid"><![CDATA[0]]></item>
			<item id="template"><![CDATA[<div class="ybhy_cont">
   <div class="ybhyc_l"><img src="{yb_hy_ad_value}" class="img1" /><img src="template/yibai_scity3/ybimg/fenlei/hy_img2.png" class="img2" /></div>
   <div class="ybhyc_r">
      <p>{yb_hy_name_value}</p>
      <div class="hycr_a">
         <img src="template/yibai_scity3/ybimg/fenlei/hy_img4.png" /><span>联系地址：</span><i>{yb_hy_add_value}</i>
      </div>
     
      <div class="hycr_a">
         <img src="template/yibai_scity3/ybimg/fenlei/hy_img6.png" /><span>联系电话：</span><i>	{yb_hy_phoe_value}</i>
      </div>
      <div class="hycr_a">
         <img src="template/yibai_scity3/ybimg/fenlei/hy_img7.png" /><span>公司网址：</span><i>{yb_hy_web_value}</i>
      </div>
      <div class="hycr_a">
         <img src="template/yibai_scity3/ybimg/fenlei/hy_img5.png" /><span>客服QQ：</span><i>{yb_hy_qq_value}</i>
      </div>
 <div class="hycr_a">
         <img src="template/yibai_scity3/ybimg/fenlei/hy_img3.png" /><span>经营范围：</span><i>{yb_hy_fw_value}</i>
      </div>
   </div>

</div>]]></item>
			<item id="stemplate"><![CDATA[<div class="fenleip">
[loop]
<div class="ybhy_div">
  <div class="hyd_top"><a href="{subject_url}">	{yb_hy_name_value}</a><span>[{yb_hy_type_value}]</span></div>
  <div class="hyd_bot"><img src="template/yibai_scity3/ybimg/fenlei/hy_img1.png" /><p>{yb_hy_phoe_value}</p></div>
</div>
[/loop]
</div>]]></item>
			<item id="ptemplate"><![CDATA[]]></item>
			<item id="btemplate"><![CDATA[]]></item>
			<item id="sortid"><![CDATA[13]]></item>
			<item id="available"><![CDATA[1]]></item>
			<item id="required"><![CDATA[1]]></item>
			<item id="unchangeable"><![CDATA[0]]></item>
			<item id="search"><![CDATA[0]]></item>
			<item id="subjectshow"><![CDATA[1]]></item>
			<item id="tpdescription"><![CDATA[]]></item>
			<item id="ttdescription"><![CDATA[]]></item>
			<item id="tpexpiration"><![CDATA[0]]></item>
			<item id="ttexpiration"><![CDATA[0]]></item>
		</item>
		<item id="7">
			<item id="optionid"><![CDATA[281]]></item>
			<item id="classid"><![CDATA[4]]></item>
			<item id="displayorder"><![CDATA[0]]></item>
			<item id="expiration"><![CDATA[0]]></item>
			<item id="title"><![CDATA[所属类型]]></item>
			<item id="description"><![CDATA[]]></item>
			<item id="identifier"><![CDATA[yb_hy_type]]></item>
			<item id="type"><![CDATA[select]]></item>
			<item id="unit"><![CDATA[]]></item>
			<item id="permprompt"><![CDATA[]]></item>
			<item id="typeid"><![CDATA[13]]></item>
			<item id="name"><![CDATA[黄页]]></item>
			<item id="icon"><![CDATA[]]></item>
			<item id="special"><![CDATA[1]]></item>
			<item id="modelid"><![CDATA[0]]></item>
			<item id="template"><![CDATA[<div class="ybhy_cont">
   <div class="ybhyc_l"><img src="{yb_hy_ad_value}" class="img1" /><img src="template/yibai_scity3/ybimg/fenlei/hy_img2.png" class="img2" /></div>
   <div class="ybhyc_r">
      <p>{yb_hy_name_value}</p>
      <div class="hycr_a">
         <img src="template/yibai_scity3/ybimg/fenlei/hy_img4.png" /><span>联系地址：</span><i>{yb_hy_add_value}</i>
      </div>
     
      <div class="hycr_a">
         <img src="template/yibai_scity3/ybimg/fenlei/hy_img6.png" /><span>联系电话：</span><i>	{yb_hy_phoe_value}</i>
      </div>
      <div class="hycr_a">
         <img src="template/yibai_scity3/ybimg/fenlei/hy_img7.png" /><span>公司网址：</span><i>{yb_hy_web_value}</i>
      </div>
      <div class="hycr_a">
         <img src="template/yibai_scity3/ybimg/fenlei/hy_img5.png" /><span>客服QQ：</span><i>{yb_hy_qq_value}</i>
      </div>
 <div class="hycr_a">
         <img src="template/yibai_scity3/ybimg/fenlei/hy_img3.png" /><span>经营范围：</span><i>{yb_hy_fw_value}</i>
      </div>
   </div>

</div>]]></item>
			<item id="stemplate"><![CDATA[<div class="fenleip">
[loop]
<div class="ybhy_div">
  <div class="hyd_top"><a href="{subject_url}">	{yb_hy_name_value}</a><span>[{yb_hy_type_value}]</span></div>
  <div class="hyd_bot"><img src="template/yibai_scity3/ybimg/fenlei/hy_img1.png" /><p>{yb_hy_phoe_value}</p></div>
</div>
[/loop]
</div>]]></item>
			<item id="ptemplate"><![CDATA[]]></item>
			<item id="btemplate"><![CDATA[]]></item>
			<item id="sortid"><![CDATA[13]]></item>
			<item id="available"><![CDATA[1]]></item>
			<item id="required"><![CDATA[1]]></item>
			<item id="unchangeable"><![CDATA[0]]></item>
			<item id="search"><![CDATA[2]]></item>
			<item id="subjectshow"><![CDATA[1]]></item>
			<item id="tpdescription"><![CDATA[]]></item>
			<item id="ttdescription"><![CDATA[]]></item>
			<item id="tpexpiration"><![CDATA[0]]></item>
			<item id="ttexpiration"><![CDATA[0]]></item>
			<item id="__protect">
				<item id="usergroup"><![CDATA[]]></item>
				<item id="verify"><![CDATA[]]></item>
			</item>
			<item id="__rules">
				<item id="choices"><![CDATA[1 = 餐饮美食
2 = 政府学校
3 = 农业工业
4 = 移动通信
5 = 宾馆酒店
6 = 银行金融
7 = 休闲娱乐
8 = 医院诊所
9 = 快递物流
10 = 法律服务
11 = 维修回收
12 = 婚纱摄影
13 = 网络服务
14 = 户外鲜花
15 =美体美容
16 = 其他]]></item>
				<item id="inputsize"><![CDATA[]]></item>
			</item>
		</item>
	</item>
</root>
