<?xml version="1.0" encoding="ISO-8859-1"?>
<root>
	<item id="Title"><![CDATA[Discuz! Threadtypes]]></item>
	<item id="Version"><![CDATA[X3.4]]></item>
	<item id="Time"><![CDATA[2017-08-20 23:00]]></item>
	<item id="From"><![CDATA[Discuz! Board (http://new.100sj.net/scity3/)]]></item>
	<item id="Data">
		<item id="0">
			<item id="optionid"><![CDATA[110]]></item>
			<item id="classid"><![CDATA[5]]></item>
			<item id="displayorder"><![CDATA[9]]></item>
			<item id="expiration"><![CDATA[0]]></item>
			<item id="title"><![CDATA[年龄]]></item>
			<item id="description"><![CDATA[]]></item>
			<item id="identifier"><![CDATA[ybqage]]></item>
			<item id="type"><![CDATA[range]]></item>
			<item id="unit"><![CDATA[岁]]></item>
			<item id="permprompt"><![CDATA[]]></item>
			<item id="typeid"><![CDATA[7]]></item>
			<item id="name"><![CDATA[求职]]></item>
			<item id="icon"><![CDATA[]]></item>
			<item id="special"><![CDATA[1]]></item>
			<item id="modelid"><![CDATA[0]]></item>
			<item id="template"><![CDATA[<div class="qz_cont">

    <div class="qz_top">  
       
      <div class="ybqzc_tl"><img src="{ybqpic_value}" /></div>
      <div class="ybqzc_tr">
        <div class="qzctr_a"><a >{ybqname_value}</a></div>
        <div class="qzctr_b">
          <p>女</p><i>|</i><p>	{ybqage_value}岁</p><i>|</i><p>{ybzxueli_value}</p><i>|</i><p>{ybqnianxian_value}年经验</p><i>|</i><p>	{ybqjuzud_value}人</p>
        </div>
        <div class="qzctr_c">
          {yb_qz_rents_value}
        </div>
        <div class="qzctr_d">
          <img src="template/yibai_scity3/ybimg/fenlei/qz_img3.png" /><span>期望职位：</span><p>{ybqzhifwei_value}</p><img src="template/yibai_scity3/ybimg/fenlei/es_img2.jpg" /><span>期望地点：</span><p>{ybqjuzud_value}</p><img src="template/yibai_scity3/ybimg/fenlei/qz_img4.png" /><span>期望薪资：</span><p>{ybqxinshui_value}/月</p>
        </div>
        
      </div>
    
    </div>
    
    
</div>

<!--bot-->
  <div class="qz_bot">
       <div class="qzb_div">
          <div class="tit">求职意向</div>
          <div class="intention">
              <span> 目前职位：</span>{ybqzhiwei_value}<br>
              <span> 期望薪资：</span>	{ybqxinshui_value}<br>
              <span> 求职状态：</span>	{yb_qz_qzzt_value}<br> 
	      </div>
   <div class="qzctr_e">{yb_quzhi_tel_value}</div>
       </div>
       
       <div class="qzb_div">
          <div class="tit t5">自我描述</div>
          <div class="text_m">        
	  {ybqjianjie_value}
          </div>
       </div>
       
       <div class="qzb_div">
          <div class="tit t3">工作经历</div>
          <div class="text_m">          
			{yb_qz_gsjl_value}
          </div>
       </div>
       
       <div class="qzb_div">
          <div class="tit t4">教育经历</div>
          <div class="text_m">         
		 {yb_qz_jiaoyu_value}
          </div>
       </div>
       

       
    </div>

    <!--botend--> 
    ]]></item>
			<item id="stemplate"><![CDATA[<div>[loop]

<div class="ybqz_div">

  <div class="ybqz_dl"><img src="template/yibai_scity3/ybimg/fenlei/boy.png" /></div>
  <div class="ybqz_dr">
      <div class="qzdr_a"><a href="{subject_url}">{ybqname_value}</a><span class="qzdra-sp">|</span><a href="{subject_url}">	{yb_qz_sex_value}</a><span class="qzdra-sp">|</span><a href="{subject_url}">	{ybqage_value}岁</a><span class="qzdra-sp">|</span><a href="{subject_url}">{ybqzhifwei_value}</a><p>{attachment}</p><b>更新时间：{dateline}</b></div>
      <div class="qzdr_b">
        <img src="template/yibai_scity3/ybimg/fenlei/i_imga6.png" /><span>工作年限：</span>	<p>{ybqnianxian_value}年 	{ybzxueli_value}</p><i>|</i><p>{ybqxinshui_value}/月</p><i>|</i><p>我{yb_qz_qzzt_value}</p>
      </div>
      <div class="qzdr_c">
        {yb_qz_rents_value}
     </div>   
  </div>
  
</div>

[/loop]</div>]]></item>
			<item id="ptemplate"><![CDATA[]]></item>
			<item id="btemplate"><![CDATA[   <ul>
[loop]

 <li><a href="	{subject_url}"><span class="name">	{ybqname_value}</span><span class="xb">{ybzxueli_value}</span><b>	{ybqage_value}</b><i>{ybqzhifwei_value}</i></a></li>
   

[/loop]
   </ul>]]></item>
			<item id="sortid"><![CDATA[7]]></item>
			<item id="available"><![CDATA[1]]></item>
			<item id="required"><![CDATA[1]]></item>
			<item id="unchangeable"><![CDATA[0]]></item>
			<item id="search"><![CDATA[2]]></item>
			<item id="subjectshow"><![CDATA[1]]></item>
			<item id="tpdescription"><![CDATA[]]></item>
			<item id="ttdescription"><![CDATA[]]></item>
			<item id="tpexpiration"><![CDATA[0]]></item>
			<item id="ttexpiration"><![CDATA[0]]></item>
			<item id="__protect">
				<item id="usergroup"><![CDATA[]]></item>
				<item id="verify"><![CDATA[]]></item>
			</item>
			<item id="__rules">
				<item id="maxnum"><![CDATA[70]]></item>
				<item id="minnum"><![CDATA[15]]></item>
				<item id="inputsize"><![CDATA[]]></item>
				<item id="searchtxt"><![CDATA[20,30,40]]></item>
			</item>
		</item>
		<item id="1">
			<item id="optionid"><![CDATA[111]]></item>
			<item id="classid"><![CDATA[5]]></item>
			<item id="displayorder"><![CDATA[12]]></item>
			<item id="expiration"><![CDATA[0]]></item>
			<item id="title"><![CDATA[个人照片]]></item>
			<item id="description"><![CDATA[]]></item>
			<item id="identifier"><![CDATA[ybqpic]]></item>
			<item id="type"><![CDATA[image]]></item>
			<item id="unit"><![CDATA[]]></item>
			<item id="permprompt"><![CDATA[]]></item>
			<item id="typeid"><![CDATA[7]]></item>
			<item id="name"><![CDATA[求职]]></item>
			<item id="icon"><![CDATA[]]></item>
			<item id="special"><![CDATA[1]]></item>
			<item id="modelid"><![CDATA[0]]></item>
			<item id="template"><![CDATA[<div class="qz_cont">

    <div class="qz_top">  
       
      <div class="ybqzc_tl"><img src="{ybqpic_value}" /></div>
      <div class="ybqzc_tr">
        <div class="qzctr_a"><a >{ybqname_value}</a></div>
        <div class="qzctr_b">
          <p>女</p><i>|</i><p>	{ybqage_value}岁</p><i>|</i><p>{ybzxueli_value}</p><i>|</i><p>{ybqnianxian_value}年经验</p><i>|</i><p>	{ybqjuzud_value}人</p>
        </div>
        <div class="qzctr_c">
          {yb_qz_rents_value}
        </div>
        <div class="qzctr_d">
          <img src="template/yibai_scity3/ybimg/fenlei/qz_img3.png" /><span>期望职位：</span><p>{ybqzhifwei_value}</p><img src="template/yibai_scity3/ybimg/fenlei/es_img2.jpg" /><span>期望地点：</span><p>{ybqjuzud_value}</p><img src="template/yibai_scity3/ybimg/fenlei/qz_img4.png" /><span>期望薪资：</span><p>{ybqxinshui_value}/月</p>
        </div>
        
      </div>
    
    </div>
    
    
</div>

<!--bot-->
  <div class="qz_bot">
       <div class="qzb_div">
          <div class="tit">求职意向</div>
          <div class="intention">
              <span> 目前职位：</span>{ybqzhiwei_value}<br>
              <span> 期望薪资：</span>	{ybqxinshui_value}<br>
              <span> 求职状态：</span>	{yb_qz_qzzt_value}<br> 
	      </div>
   <div class="qzctr_e">{yb_quzhi_tel_value}</div>
       </div>
       
       <div class="qzb_div">
          <div class="tit t5">自我描述</div>
          <div class="text_m">        
	  {ybqjianjie_value}
          </div>
       </div>
       
       <div class="qzb_div">
          <div class="tit t3">工作经历</div>
          <div class="text_m">          
			{yb_qz_gsjl_value}
          </div>
       </div>
       
       <div class="qzb_div">
          <div class="tit t4">教育经历</div>
          <div class="text_m">         
		 {yb_qz_jiaoyu_value}
          </div>
       </div>
       

       
    </div>

    <!--botend--> 
    ]]></item>
			<item id="stemplate"><![CDATA[<div>[loop]

<div class="ybqz_div">

  <div class="ybqz_dl"><img src="template/yibai_scity3/ybimg/fenlei/boy.png" /></div>
  <div class="ybqz_dr">
      <div class="qzdr_a"><a href="{subject_url}">{ybqname_value}</a><span class="qzdra-sp">|</span><a href="{subject_url}">	{yb_qz_sex_value}</a><span class="qzdra-sp">|</span><a href="{subject_url}">	{ybqage_value}岁</a><span class="qzdra-sp">|</span><a href="{subject_url}">{ybqzhifwei_value}</a><p>{attachment}</p><b>更新时间：{dateline}</b></div>
      <div class="qzdr_b">
        <img src="template/yibai_scity3/ybimg/fenlei/i_imga6.png" /><span>工作年限：</span>	<p>{ybqnianxian_value}年 	{ybzxueli_value}</p><i>|</i><p>{ybqxinshui_value}/月</p><i>|</i><p>我{yb_qz_qzzt_value}</p>
      </div>
      <div class="qzdr_c">
        {yb_qz_rents_value}
     </div>   
  </div>
  
</div>

[/loop]</div>]]></item>
			<item id="ptemplate"><![CDATA[]]></item>
			<item id="btemplate"><![CDATA[   <ul>
[loop]

 <li><a href="	{subject_url}"><span class="name">	{ybqname_value}</span><span class="xb">{ybzxueli_value}</span><b>	{ybqage_value}</b><i>{ybqzhifwei_value}</i></a></li>
   

[/loop]
   </ul>]]></item>
			<item id="sortid"><![CDATA[7]]></item>
			<item id="available"><![CDATA[1]]></item>
			<item id="required"><![CDATA[1]]></item>
			<item id="unchangeable"><![CDATA[0]]></item>
			<item id="search"><![CDATA[0]]></item>
			<item id="subjectshow"><![CDATA[1]]></item>
			<item id="tpdescription"><![CDATA[]]></item>
			<item id="ttdescription"><![CDATA[]]></item>
			<item id="tpexpiration"><![CDATA[0]]></item>
			<item id="ttexpiration"><![CDATA[0]]></item>
			<item id="__protect">
				<item id="usergroup"><![CDATA[]]></item>
				<item id="verify"><![CDATA[]]></item>
			</item>
			<item id="__rules">
				<item id="maxwidth"><![CDATA[]]></item>
				<item id="maxheight"><![CDATA[]]></item>
				<item id="inputsize"><![CDATA[]]></item>
			</item>
		</item>
		<item id="2">
			<item id="optionid"><![CDATA[112]]></item>
			<item id="classid"><![CDATA[5]]></item>
			<item id="displayorder"><![CDATA[11]]></item>
			<item id="expiration"><![CDATA[0]]></item>
			<item id="title"><![CDATA[个人简介]]></item>
			<item id="description"><![CDATA[]]></item>
			<item id="identifier"><![CDATA[ybqjianjie]]></item>
			<item id="type"><![CDATA[textarea]]></item>
			<item id="unit"><![CDATA[]]></item>
			<item id="permprompt"><![CDATA[]]></item>
			<item id="typeid"><![CDATA[7]]></item>
			<item id="name"><![CDATA[求职]]></item>
			<item id="icon"><![CDATA[]]></item>
			<item id="special"><![CDATA[1]]></item>
			<item id="modelid"><![CDATA[0]]></item>
			<item id="template"><![CDATA[<div class="qz_cont">

    <div class="qz_top">  
       
      <div class="ybqzc_tl"><img src="{ybqpic_value}" /></div>
      <div class="ybqzc_tr">
        <div class="qzctr_a"><a >{ybqname_value}</a></div>
        <div class="qzctr_b">
          <p>女</p><i>|</i><p>	{ybqage_value}岁</p><i>|</i><p>{ybzxueli_value}</p><i>|</i><p>{ybqnianxian_value}年经验</p><i>|</i><p>	{ybqjuzud_value}人</p>
        </div>
        <div class="qzctr_c">
          {yb_qz_rents_value}
        </div>
        <div class="qzctr_d">
          <img src="template/yibai_scity3/ybimg/fenlei/qz_img3.png" /><span>期望职位：</span><p>{ybqzhifwei_value}</p><img src="template/yibai_scity3/ybimg/fenlei/es_img2.jpg" /><span>期望地点：</span><p>{ybqjuzud_value}</p><img src="template/yibai_scity3/ybimg/fenlei/qz_img4.png" /><span>期望薪资：</span><p>{ybqxinshui_value}/月</p>
        </div>
        
      </div>
    
    </div>
    
    
</div>

<!--bot-->
  <div class="qz_bot">
       <div class="qzb_div">
          <div class="tit">求职意向</div>
          <div class="intention">
              <span> 目前职位：</span>{ybqzhiwei_value}<br>
              <span> 期望薪资：</span>	{ybqxinshui_value}<br>
              <span> 求职状态：</span>	{yb_qz_qzzt_value}<br> 
	      </div>
   <div class="qzctr_e">{yb_quzhi_tel_value}</div>
       </div>
       
       <div class="qzb_div">
          <div class="tit t5">自我描述</div>
          <div class="text_m">        
	  {ybqjianjie_value}
          </div>
       </div>
       
       <div class="qzb_div">
          <div class="tit t3">工作经历</div>
          <div class="text_m">          
			{yb_qz_gsjl_value}
          </div>
       </div>
       
       <div class="qzb_div">
          <div class="tit t4">教育经历</div>
          <div class="text_m">         
		 {yb_qz_jiaoyu_value}
          </div>
       </div>
       

       
    </div>

    <!--botend--> 
    ]]></item>
			<item id="stemplate"><![CDATA[<div>[loop]

<div class="ybqz_div">

  <div class="ybqz_dl"><img src="template/yibai_scity3/ybimg/fenlei/boy.png" /></div>
  <div class="ybqz_dr">
      <div class="qzdr_a"><a href="{subject_url}">{ybqname_value}</a><span class="qzdra-sp">|</span><a href="{subject_url}">	{yb_qz_sex_value}</a><span class="qzdra-sp">|</span><a href="{subject_url}">	{ybqage_value}岁</a><span class="qzdra-sp">|</span><a href="{subject_url}">{ybqzhifwei_value}</a><p>{attachment}</p><b>更新时间：{dateline}</b></div>
      <div class="qzdr_b">
        <img src="template/yibai_scity3/ybimg/fenlei/i_imga6.png" /><span>工作年限：</span>	<p>{ybqnianxian_value}年 	{ybzxueli_value}</p><i>|</i><p>{ybqxinshui_value}/月</p><i>|</i><p>我{yb_qz_qzzt_value}</p>
      </div>
      <div class="qzdr_c">
        {yb_qz_rents_value}
     </div>   
  </div>
  
</div>

[/loop]</div>]]></item>
			<item id="ptemplate"><![CDATA[]]></item>
			<item id="btemplate"><![CDATA[   <ul>
[loop]

 <li><a href="	{subject_url}"><span class="name">	{ybqname_value}</span><span class="xb">{ybzxueli_value}</span><b>	{ybqage_value}</b><i>{ybqzhifwei_value}</i></a></li>
   

[/loop]
   </ul>]]></item>
			<item id="sortid"><![CDATA[7]]></item>
			<item id="available"><![CDATA[1]]></item>
			<item id="required"><![CDATA[1]]></item>
			<item id="unchangeable"><![CDATA[0]]></item>
			<item id="search"><![CDATA[0]]></item>
			<item id="subjectshow"><![CDATA[1]]></item>
			<item id="tpdescription"><![CDATA[]]></item>
			<item id="ttdescription"><![CDATA[]]></item>
			<item id="tpexpiration"><![CDATA[0]]></item>
			<item id="ttexpiration"><![CDATA[0]]></item>
			<item id="__protect">
				<item id="status"><![CDATA[0]]></item>
				<item id="usergroup"><![CDATA[]]></item>
				<item id="verify"><![CDATA[]]></item>
			</item>
			<item id="__rules">
				<item id="maxlength"><![CDATA[]]></item>
				<item id="colsize"><![CDATA[]]></item>
				<item id="rowsize"><![CDATA[]]></item>
				<item id="defaultvalue"><![CDATA[]]></item>
			</item>
		</item>
		<item id="3">
			<item id="optionid"><![CDATA[113]]></item>
			<item id="classid"><![CDATA[5]]></item>
			<item id="displayorder"><![CDATA[5]]></item>
			<item id="expiration"><![CDATA[0]]></item>
			<item id="title"><![CDATA[工作年限]]></item>
			<item id="description"><![CDATA[]]></item>
			<item id="identifier"><![CDATA[ybqnianxian]]></item>
			<item id="type"><![CDATA[range]]></item>
			<item id="unit"><![CDATA[年]]></item>
			<item id="permprompt"><![CDATA[]]></item>
			<item id="typeid"><![CDATA[7]]></item>
			<item id="name"><![CDATA[求职]]></item>
			<item id="icon"><![CDATA[]]></item>
			<item id="special"><![CDATA[1]]></item>
			<item id="modelid"><![CDATA[0]]></item>
			<item id="template"><![CDATA[<div class="qz_cont">

    <div class="qz_top">  
       
      <div class="ybqzc_tl"><img src="{ybqpic_value}" /></div>
      <div class="ybqzc_tr">
        <div class="qzctr_a"><a >{ybqname_value}</a></div>
        <div class="qzctr_b">
          <p>女</p><i>|</i><p>	{ybqage_value}岁</p><i>|</i><p>{ybzxueli_value}</p><i>|</i><p>{ybqnianxian_value}年经验</p><i>|</i><p>	{ybqjuzud_value}人</p>
        </div>
        <div class="qzctr_c">
          {yb_qz_rents_value}
        </div>
        <div class="qzctr_d">
          <img src="template/yibai_scity3/ybimg/fenlei/qz_img3.png" /><span>期望职位：</span><p>{ybqzhifwei_value}</p><img src="template/yibai_scity3/ybimg/fenlei/es_img2.jpg" /><span>期望地点：</span><p>{ybqjuzud_value}</p><img src="template/yibai_scity3/ybimg/fenlei/qz_img4.png" /><span>期望薪资：</span><p>{ybqxinshui_value}/月</p>
        </div>
        
      </div>
    
    </div>
    
    
</div>

<!--bot-->
  <div class="qz_bot">
       <div class="qzb_div">
          <div class="tit">求职意向</div>
          <div class="intention">
              <span> 目前职位：</span>{ybqzhiwei_value}<br>
              <span> 期望薪资：</span>	{ybqxinshui_value}<br>
              <span> 求职状态：</span>	{yb_qz_qzzt_value}<br> 
	      </div>
   <div class="qzctr_e">{yb_quzhi_tel_value}</div>
       </div>
       
       <div class="qzb_div">
          <div class="tit t5">自我描述</div>
          <div class="text_m">        
	  {ybqjianjie_value}
          </div>
       </div>
       
       <div class="qzb_div">
          <div class="tit t3">工作经历</div>
          <div class="text_m">          
			{yb_qz_gsjl_value}
          </div>
       </div>
       
       <div class="qzb_div">
          <div class="tit t4">教育经历</div>
          <div class="text_m">         
		 {yb_qz_jiaoyu_value}
          </div>
       </div>
       

       
    </div>

    <!--botend--> 
    ]]></item>
			<item id="stemplate"><![CDATA[<div>[loop]

<div class="ybqz_div">

  <div class="ybqz_dl"><img src="template/yibai_scity3/ybimg/fenlei/boy.png" /></div>
  <div class="ybqz_dr">
      <div class="qzdr_a"><a href="{subject_url}">{ybqname_value}</a><span class="qzdra-sp">|</span><a href="{subject_url}">	{yb_qz_sex_value}</a><span class="qzdra-sp">|</span><a href="{subject_url}">	{ybqage_value}岁</a><span class="qzdra-sp">|</span><a href="{subject_url}">{ybqzhifwei_value}</a><p>{attachment}</p><b>更新时间：{dateline}</b></div>
      <div class="qzdr_b">
        <img src="template/yibai_scity3/ybimg/fenlei/i_imga6.png" /><span>工作年限：</span>	<p>{ybqnianxian_value}年 	{ybzxueli_value}</p><i>|</i><p>{ybqxinshui_value}/月</p><i>|</i><p>我{yb_qz_qzzt_value}</p>
      </div>
      <div class="qzdr_c">
        {yb_qz_rents_value}
     </div>   
  </div>
  
</div>

[/loop]</div>]]></item>
			<item id="ptemplate"><![CDATA[]]></item>
			<item id="btemplate"><![CDATA[   <ul>
[loop]

 <li><a href="	{subject_url}"><span class="name">	{ybqname_value}</span><span class="xb">{ybzxueli_value}</span><b>	{ybqage_value}</b><i>{ybqzhifwei_value}</i></a></li>
   

[/loop]
   </ul>]]></item>
			<item id="sortid"><![CDATA[7]]></item>
			<item id="available"><![CDATA[1]]></item>
			<item id="required"><![CDATA[1]]></item>
			<item id="unchangeable"><![CDATA[0]]></item>
			<item id="search"><![CDATA[0]]></item>
			<item id="subjectshow"><![CDATA[1]]></item>
			<item id="tpdescription"><![CDATA[]]></item>
			<item id="ttdescription"><![CDATA[]]></item>
			<item id="tpexpiration"><![CDATA[0]]></item>
			<item id="ttexpiration"><![CDATA[0]]></item>
			<item id="__protect">
				<item id="usergroup"><![CDATA[]]></item>
				<item id="verify"><![CDATA[]]></item>
			</item>
			<item id="__rules">
				<item id="maxnum"><![CDATA[50]]></item>
				<item id="minnum"><![CDATA[1]]></item>
				<item id="inputsize"><![CDATA[]]></item>
				<item id="searchtxt"><![CDATA[]]></item>
			</item>
		</item>
		<item id="4">
			<item id="optionid"><![CDATA[114]]></item>
			<item id="classid"><![CDATA[5]]></item>
			<item id="displayorder"><![CDATA[8]]></item>
			<item id="expiration"><![CDATA[0]]></item>
			<item id="title"><![CDATA[姓名]]></item>
			<item id="description"><![CDATA[]]></item>
			<item id="identifier"><![CDATA[ybqname]]></item>
			<item id="type"><![CDATA[text]]></item>
			<item id="unit"><![CDATA[]]></item>
			<item id="permprompt"><![CDATA[]]></item>
			<item id="typeid"><![CDATA[7]]></item>
			<item id="name"><![CDATA[求职]]></item>
			<item id="icon"><![CDATA[]]></item>
			<item id="special"><![CDATA[1]]></item>
			<item id="modelid"><![CDATA[0]]></item>
			<item id="template"><![CDATA[<div class="qz_cont">

    <div class="qz_top">  
       
      <div class="ybqzc_tl"><img src="{ybqpic_value}" /></div>
      <div class="ybqzc_tr">
        <div class="qzctr_a"><a >{ybqname_value}</a></div>
        <div class="qzctr_b">
          <p>女</p><i>|</i><p>	{ybqage_value}岁</p><i>|</i><p>{ybzxueli_value}</p><i>|</i><p>{ybqnianxian_value}年经验</p><i>|</i><p>	{ybqjuzud_value}人</p>
        </div>
        <div class="qzctr_c">
          {yb_qz_rents_value}
        </div>
        <div class="qzctr_d">
          <img src="template/yibai_scity3/ybimg/fenlei/qz_img3.png" /><span>期望职位：</span><p>{ybqzhifwei_value}</p><img src="template/yibai_scity3/ybimg/fenlei/es_img2.jpg" /><span>期望地点：</span><p>{ybqjuzud_value}</p><img src="template/yibai_scity3/ybimg/fenlei/qz_img4.png" /><span>期望薪资：</span><p>{ybqxinshui_value}/月</p>
        </div>
        
      </div>
    
    </div>
    
    
</div>

<!--bot-->
  <div class="qz_bot">
       <div class="qzb_div">
          <div class="tit">求职意向</div>
          <div class="intention">
              <span> 目前职位：</span>{ybqzhiwei_value}<br>
              <span> 期望薪资：</span>	{ybqxinshui_value}<br>
              <span> 求职状态：</span>	{yb_qz_qzzt_value}<br> 
	      </div>
   <div class="qzctr_e">{yb_quzhi_tel_value}</div>
       </div>
       
       <div class="qzb_div">
          <div class="tit t5">自我描述</div>
          <div class="text_m">        
	  {ybqjianjie_value}
          </div>
       </div>
       
       <div class="qzb_div">
          <div class="tit t3">工作经历</div>
          <div class="text_m">          
			{yb_qz_gsjl_value}
          </div>
       </div>
       
       <div class="qzb_div">
          <div class="tit t4">教育经历</div>
          <div class="text_m">         
		 {yb_qz_jiaoyu_value}
          </div>
       </div>
       

       
    </div>

    <!--botend--> 
    ]]></item>
			<item id="stemplate"><![CDATA[<div>[loop]

<div class="ybqz_div">

  <div class="ybqz_dl"><img src="template/yibai_scity3/ybimg/fenlei/boy.png" /></div>
  <div class="ybqz_dr">
      <div class="qzdr_a"><a href="{subject_url}">{ybqname_value}</a><span class="qzdra-sp">|</span><a href="{subject_url}">	{yb_qz_sex_value}</a><span class="qzdra-sp">|</span><a href="{subject_url}">	{ybqage_value}岁</a><span class="qzdra-sp">|</span><a href="{subject_url}">{ybqzhifwei_value}</a><p>{attachment}</p><b>更新时间：{dateline}</b></div>
      <div class="qzdr_b">
        <img src="template/yibai_scity3/ybimg/fenlei/i_imga6.png" /><span>工作年限：</span>	<p>{ybqnianxian_value}年 	{ybzxueli_value}</p><i>|</i><p>{ybqxinshui_value}/月</p><i>|</i><p>我{yb_qz_qzzt_value}</p>
      </div>
      <div class="qzdr_c">
        {yb_qz_rents_value}
     </div>   
  </div>
  
</div>

[/loop]</div>]]></item>
			<item id="ptemplate"><![CDATA[]]></item>
			<item id="btemplate"><![CDATA[   <ul>
[loop]

 <li><a href="	{subject_url}"><span class="name">	{ybqname_value}</span><span class="xb">{ybzxueli_value}</span><b>	{ybqage_value}</b><i>{ybqzhifwei_value}</i></a></li>
   

[/loop]
   </ul>]]></item>
			<item id="sortid"><![CDATA[7]]></item>
			<item id="available"><![CDATA[1]]></item>
			<item id="required"><![CDATA[1]]></item>
			<item id="unchangeable"><![CDATA[0]]></item>
			<item id="search"><![CDATA[0]]></item>
			<item id="subjectshow"><![CDATA[1]]></item>
			<item id="tpdescription"><![CDATA[]]></item>
			<item id="ttdescription"><![CDATA[]]></item>
			<item id="tpexpiration"><![CDATA[0]]></item>
			<item id="ttexpiration"><![CDATA[0]]></item>
			<item id="__protect">
				<item id="status"><![CDATA[0]]></item>
				<item id="usergroup"><![CDATA[]]></item>
				<item id="verify"><![CDATA[]]></item>
			</item>
			<item id="__rules">
				<item id="maxlength"><![CDATA[]]></item>
				<item id="inputsize"><![CDATA[]]></item>
				<item id="profile"><![CDATA[]]></item>
				<item id="defaultvalue"><![CDATA[]]></item>
			</item>
		</item>
		<item id="5">
			<item id="optionid"><![CDATA[115]]></item>
			<item id="classid"><![CDATA[5]]></item>
			<item id="displayorder"><![CDATA[7]]></item>
			<item id="expiration"><![CDATA[0]]></item>
			<item id="title"><![CDATA[目前居住地]]></item>
			<item id="description"><![CDATA[]]></item>
			<item id="identifier"><![CDATA[ybqjuzud]]></item>
			<item id="type"><![CDATA[text]]></item>
			<item id="unit"><![CDATA[]]></item>
			<item id="permprompt"><![CDATA[]]></item>
			<item id="typeid"><![CDATA[7]]></item>
			<item id="name"><![CDATA[求职]]></item>
			<item id="icon"><![CDATA[]]></item>
			<item id="special"><![CDATA[1]]></item>
			<item id="modelid"><![CDATA[0]]></item>
			<item id="template"><![CDATA[<div class="qz_cont">

    <div class="qz_top">  
       
      <div class="ybqzc_tl"><img src="{ybqpic_value}" /></div>
      <div class="ybqzc_tr">
        <div class="qzctr_a"><a >{ybqname_value}</a></div>
        <div class="qzctr_b">
          <p>女</p><i>|</i><p>	{ybqage_value}岁</p><i>|</i><p>{ybzxueli_value}</p><i>|</i><p>{ybqnianxian_value}年经验</p><i>|</i><p>	{ybqjuzud_value}人</p>
        </div>
        <div class="qzctr_c">
          {yb_qz_rents_value}
        </div>
        <div class="qzctr_d">
          <img src="template/yibai_scity3/ybimg/fenlei/qz_img3.png" /><span>期望职位：</span><p>{ybqzhifwei_value}</p><img src="template/yibai_scity3/ybimg/fenlei/es_img2.jpg" /><span>期望地点：</span><p>{ybqjuzud_value}</p><img src="template/yibai_scity3/ybimg/fenlei/qz_img4.png" /><span>期望薪资：</span><p>{ybqxinshui_value}/月</p>
        </div>
        
      </div>
    
    </div>
    
    
</div>

<!--bot-->
  <div class="qz_bot">
       <div class="qzb_div">
          <div class="tit">求职意向</div>
          <div class="intention">
              <span> 目前职位：</span>{ybqzhiwei_value}<br>
              <span> 期望薪资：</span>	{ybqxinshui_value}<br>
              <span> 求职状态：</span>	{yb_qz_qzzt_value}<br> 
	      </div>
   <div class="qzctr_e">{yb_quzhi_tel_value}</div>
       </div>
       
       <div class="qzb_div">
          <div class="tit t5">自我描述</div>
          <div class="text_m">        
	  {ybqjianjie_value}
          </div>
       </div>
       
       <div class="qzb_div">
          <div class="tit t3">工作经历</div>
          <div class="text_m">          
			{yb_qz_gsjl_value}
          </div>
       </div>
       
       <div class="qzb_div">
          <div class="tit t4">教育经历</div>
          <div class="text_m">         
		 {yb_qz_jiaoyu_value}
          </div>
       </div>
       

       
    </div>

    <!--botend--> 
    ]]></item>
			<item id="stemplate"><![CDATA[<div>[loop]

<div class="ybqz_div">

  <div class="ybqz_dl"><img src="template/yibai_scity3/ybimg/fenlei/boy.png" /></div>
  <div class="ybqz_dr">
      <div class="qzdr_a"><a href="{subject_url}">{ybqname_value}</a><span class="qzdra-sp">|</span><a href="{subject_url}">	{yb_qz_sex_value}</a><span class="qzdra-sp">|</span><a href="{subject_url}">	{ybqage_value}岁</a><span class="qzdra-sp">|</span><a href="{subject_url}">{ybqzhifwei_value}</a><p>{attachment}</p><b>更新时间：{dateline}</b></div>
      <div class="qzdr_b">
        <img src="template/yibai_scity3/ybimg/fenlei/i_imga6.png" /><span>工作年限：</span>	<p>{ybqnianxian_value}年 	{ybzxueli_value}</p><i>|</i><p>{ybqxinshui_value}/月</p><i>|</i><p>我{yb_qz_qzzt_value}</p>
      </div>
      <div class="qzdr_c">
        {yb_qz_rents_value}
     </div>   
  </div>
  
</div>

[/loop]</div>]]></item>
			<item id="ptemplate"><![CDATA[]]></item>
			<item id="btemplate"><![CDATA[   <ul>
[loop]

 <li><a href="	{subject_url}"><span class="name">	{ybqname_value}</span><span class="xb">{ybzxueli_value}</span><b>	{ybqage_value}</b><i>{ybqzhifwei_value}</i></a></li>
   

[/loop]
   </ul>]]></item>
			<item id="sortid"><![CDATA[7]]></item>
			<item id="available"><![CDATA[1]]></item>
			<item id="required"><![CDATA[1]]></item>
			<item id="unchangeable"><![CDATA[0]]></item>
			<item id="search"><![CDATA[0]]></item>
			<item id="subjectshow"><![CDATA[1]]></item>
			<item id="tpdescription"><![CDATA[]]></item>
			<item id="ttdescription"><![CDATA[]]></item>
			<item id="tpexpiration"><![CDATA[0]]></item>
			<item id="ttexpiration"><![CDATA[0]]></item>
			<item id="__protect">
				<item id="status"><![CDATA[0]]></item>
				<item id="usergroup"><![CDATA[]]></item>
				<item id="verify"><![CDATA[]]></item>
			</item>
			<item id="__rules">
				<item id="maxlength"><![CDATA[]]></item>
				<item id="inputsize"><![CDATA[]]></item>
				<item id="profile"><![CDATA[]]></item>
				<item id="defaultvalue"><![CDATA[]]></item>
			</item>
		</item>
		<item id="6">
			<item id="optionid"><![CDATA[116]]></item>
			<item id="classid"><![CDATA[5]]></item>
			<item id="displayorder"><![CDATA[4]]></item>
			<item id="expiration"><![CDATA[0]]></item>
			<item id="title"><![CDATA[目前职位]]></item>
			<item id="description"><![CDATA[]]></item>
			<item id="identifier"><![CDATA[ybqzhiwei]]></item>
			<item id="type"><![CDATA[select]]></item>
			<item id="unit"><![CDATA[]]></item>
			<item id="permprompt"><![CDATA[]]></item>
			<item id="typeid"><![CDATA[7]]></item>
			<item id="name"><![CDATA[求职]]></item>
			<item id="icon"><![CDATA[]]></item>
			<item id="special"><![CDATA[1]]></item>
			<item id="modelid"><![CDATA[0]]></item>
			<item id="template"><![CDATA[<div class="qz_cont">

    <div class="qz_top">  
       
      <div class="ybqzc_tl"><img src="{ybqpic_value}" /></div>
      <div class="ybqzc_tr">
        <div class="qzctr_a"><a >{ybqname_value}</a></div>
        <div class="qzctr_b">
          <p>女</p><i>|</i><p>	{ybqage_value}岁</p><i>|</i><p>{ybzxueli_value}</p><i>|</i><p>{ybqnianxian_value}年经验</p><i>|</i><p>	{ybqjuzud_value}人</p>
        </div>
        <div class="qzctr_c">
          {yb_qz_rents_value}
        </div>
        <div class="qzctr_d">
          <img src="template/yibai_scity3/ybimg/fenlei/qz_img3.png" /><span>期望职位：</span><p>{ybqzhifwei_value}</p><img src="template/yibai_scity3/ybimg/fenlei/es_img2.jpg" /><span>期望地点：</span><p>{ybqjuzud_value}</p><img src="template/yibai_scity3/ybimg/fenlei/qz_img4.png" /><span>期望薪资：</span><p>{ybqxinshui_value}/月</p>
        </div>
        
      </div>
    
    </div>
    
    
</div>

<!--bot-->
  <div class="qz_bot">
       <div class="qzb_div">
          <div class="tit">求职意向</div>
          <div class="intention">
              <span> 目前职位：</span>{ybqzhiwei_value}<br>
              <span> 期望薪资：</span>	{ybqxinshui_value}<br>
              <span> 求职状态：</span>	{yb_qz_qzzt_value}<br> 
	      </div>
   <div class="qzctr_e">{yb_quzhi_tel_value}</div>
       </div>
       
       <div class="qzb_div">
          <div class="tit t5">自我描述</div>
          <div class="text_m">        
	  {ybqjianjie_value}
          </div>
       </div>
       
       <div class="qzb_div">
          <div class="tit t3">工作经历</div>
          <div class="text_m">          
			{yb_qz_gsjl_value}
          </div>
       </div>
       
       <div class="qzb_div">
          <div class="tit t4">教育经历</div>
          <div class="text_m">         
		 {yb_qz_jiaoyu_value}
          </div>
       </div>
       

       
    </div>

    <!--botend--> 
    ]]></item>
			<item id="stemplate"><![CDATA[<div>[loop]

<div class="ybqz_div">

  <div class="ybqz_dl"><img src="template/yibai_scity3/ybimg/fenlei/boy.png" /></div>
  <div class="ybqz_dr">
      <div class="qzdr_a"><a href="{subject_url}">{ybqname_value}</a><span class="qzdra-sp">|</span><a href="{subject_url}">	{yb_qz_sex_value}</a><span class="qzdra-sp">|</span><a href="{subject_url}">	{ybqage_value}岁</a><span class="qzdra-sp">|</span><a href="{subject_url}">{ybqzhifwei_value}</a><p>{attachment}</p><b>更新时间：{dateline}</b></div>
      <div class="qzdr_b">
        <img src="template/yibai_scity3/ybimg/fenlei/i_imga6.png" /><span>工作年限：</span>	<p>{ybqnianxian_value}年 	{ybzxueli_value}</p><i>|</i><p>{ybqxinshui_value}/月</p><i>|</i><p>我{yb_qz_qzzt_value}</p>
      </div>
      <div class="qzdr_c">
        {yb_qz_rents_value}
     </div>   
  </div>
  
</div>

[/loop]</div>]]></item>
			<item id="ptemplate"><![CDATA[]]></item>
			<item id="btemplate"><![CDATA[   <ul>
[loop]

 <li><a href="	{subject_url}"><span class="name">	{ybqname_value}</span><span class="xb">{ybzxueli_value}</span><b>	{ybqage_value}</b><i>{ybqzhifwei_value}</i></a></li>
   

[/loop]
   </ul>]]></item>
			<item id="sortid"><![CDATA[7]]></item>
			<item id="available"><![CDATA[1]]></item>
			<item id="required"><![CDATA[1]]></item>
			<item id="unchangeable"><![CDATA[0]]></item>
			<item id="search"><![CDATA[0]]></item>
			<item id="subjectshow"><![CDATA[1]]></item>
			<item id="tpdescription"><![CDATA[]]></item>
			<item id="ttdescription"><![CDATA[]]></item>
			<item id="tpexpiration"><![CDATA[0]]></item>
			<item id="ttexpiration"><![CDATA[0]]></item>
			<item id="__protect">
				<item id="usergroup"><![CDATA[]]></item>
				<item id="verify"><![CDATA[]]></item>
			</item>
			<item id="__rules">
				<item id="choices"><![CDATA[1 = 销售
2 = 客服
3 = 人事/行政/后勤
4 = 酒店/餐饮/旅游
5 = 美容/美发/健身
6 = 计算机/网络/通信
7 = 房产/装修/物业
8 = 普工/技工/生产
9 = 司机
10 = 家政保洁/安保
11 = 影视/娱乐/KTV
12 = 编辑/出版/印刷
13 = 教育培训/翻译
14 = 财务/审计/统计]]></item>
				<item id="inputsize"><![CDATA[]]></item>
			</item>
		</item>
		<item id="7">
			<item id="optionid"><![CDATA[117]]></item>
			<item id="classid"><![CDATA[5]]></item>
			<item id="displayorder"><![CDATA[2]]></item>
			<item id="expiration"><![CDATA[0]]></item>
			<item id="title"><![CDATA[期待薪资]]></item>
			<item id="description"><![CDATA[]]></item>
			<item id="identifier"><![CDATA[ybqxinshui]]></item>
			<item id="type"><![CDATA[select]]></item>
			<item id="unit"><![CDATA[元/月]]></item>
			<item id="permprompt"><![CDATA[]]></item>
			<item id="typeid"><![CDATA[7]]></item>
			<item id="name"><![CDATA[求职]]></item>
			<item id="icon"><![CDATA[]]></item>
			<item id="special"><![CDATA[1]]></item>
			<item id="modelid"><![CDATA[0]]></item>
			<item id="template"><![CDATA[<div class="qz_cont">

    <div class="qz_top">  
       
      <div class="ybqzc_tl"><img src="{ybqpic_value}" /></div>
      <div class="ybqzc_tr">
        <div class="qzctr_a"><a >{ybqname_value}</a></div>
        <div class="qzctr_b">
          <p>女</p><i>|</i><p>	{ybqage_value}岁</p><i>|</i><p>{ybzxueli_value}</p><i>|</i><p>{ybqnianxian_value}年经验</p><i>|</i><p>	{ybqjuzud_value}人</p>
        </div>
        <div class="qzctr_c">
          {yb_qz_rents_value}
        </div>
        <div class="qzctr_d">
          <img src="template/yibai_scity3/ybimg/fenlei/qz_img3.png" /><span>期望职位：</span><p>{ybqzhifwei_value}</p><img src="template/yibai_scity3/ybimg/fenlei/es_img2.jpg" /><span>期望地点：</span><p>{ybqjuzud_value}</p><img src="template/yibai_scity3/ybimg/fenlei/qz_img4.png" /><span>期望薪资：</span><p>{ybqxinshui_value}/月</p>
        </div>
        
      </div>
    
    </div>
    
    
</div>

<!--bot-->
  <div class="qz_bot">
       <div class="qzb_div">
          <div class="tit">求职意向</div>
          <div class="intention">
              <span> 目前职位：</span>{ybqzhiwei_value}<br>
              <span> 期望薪资：</span>	{ybqxinshui_value}<br>
              <span> 求职状态：</span>	{yb_qz_qzzt_value}<br> 
	      </div>
   <div class="qzctr_e">{yb_quzhi_tel_value}</div>
       </div>
       
       <div class="qzb_div">
          <div class="tit t5">自我描述</div>
          <div class="text_m">        
	  {ybqjianjie_value}
          </div>
       </div>
       
       <div class="qzb_div">
          <div class="tit t3">工作经历</div>
          <div class="text_m">          
			{yb_qz_gsjl_value}
          </div>
       </div>
       
       <div class="qzb_div">
          <div class="tit t4">教育经历</div>
          <div class="text_m">         
		 {yb_qz_jiaoyu_value}
          </div>
       </div>
       

       
    </div>

    <!--botend--> 
    ]]></item>
			<item id="stemplate"><![CDATA[<div>[loop]

<div class="ybqz_div">

  <div class="ybqz_dl"><img src="template/yibai_scity3/ybimg/fenlei/boy.png" /></div>
  <div class="ybqz_dr">
      <div class="qzdr_a"><a href="{subject_url}">{ybqname_value}</a><span class="qzdra-sp">|</span><a href="{subject_url}">	{yb_qz_sex_value}</a><span class="qzdra-sp">|</span><a href="{subject_url}">	{ybqage_value}岁</a><span class="qzdra-sp">|</span><a href="{subject_url}">{ybqzhifwei_value}</a><p>{attachment}</p><b>更新时间：{dateline}</b></div>
      <div class="qzdr_b">
        <img src="template/yibai_scity3/ybimg/fenlei/i_imga6.png" /><span>工作年限：</span>	<p>{ybqnianxian_value}年 	{ybzxueli_value}</p><i>|</i><p>{ybqxinshui_value}/月</p><i>|</i><p>我{yb_qz_qzzt_value}</p>
      </div>
      <div class="qzdr_c">
        {yb_qz_rents_value}
     </div>   
  </div>
  
</div>

[/loop]</div>]]></item>
			<item id="ptemplate"><![CDATA[]]></item>
			<item id="btemplate"><![CDATA[   <ul>
[loop]

 <li><a href="	{subject_url}"><span class="name">	{ybqname_value}</span><span class="xb">{ybzxueli_value}</span><b>	{ybqage_value}</b><i>{ybqzhifwei_value}</i></a></li>
   

[/loop]
   </ul>]]></item>
			<item id="sortid"><![CDATA[7]]></item>
			<item id="available"><![CDATA[1]]></item>
			<item id="required"><![CDATA[1]]></item>
			<item id="unchangeable"><![CDATA[0]]></item>
			<item id="search"><![CDATA[2]]></item>
			<item id="subjectshow"><![CDATA[1]]></item>
			<item id="tpdescription"><![CDATA[]]></item>
			<item id="ttdescription"><![CDATA[]]></item>
			<item id="tpexpiration"><![CDATA[0]]></item>
			<item id="ttexpiration"><![CDATA[0]]></item>
			<item id="__protect">
				<item id="usergroup"><![CDATA[]]></item>
				<item id="verify"><![CDATA[]]></item>
			</item>
			<item id="__rules">
				<item id="choices"><![CDATA[1 = 面议
2 = 1000
3 = 1000-2000
4 = 2000-3000
5 = 3000-5000
6 = 5000-8000
7 = 8000-12000
8 = 12000-20000
9 = 20000-25000
10 = 25000-30000
11 = 30000以上]]></item>
				<item id="inputsize"><![CDATA[]]></item>
			</item>
		</item>
		<item id="8">
			<item id="optionid"><![CDATA[118]]></item>
			<item id="classid"><![CDATA[5]]></item>
			<item id="displayorder"><![CDATA[1]]></item>
			<item id="expiration"><![CDATA[0]]></item>
			<item id="title"><![CDATA[应聘职位]]></item>
			<item id="description"><![CDATA[]]></item>
			<item id="identifier"><![CDATA[ybqzhifwei]]></item>
			<item id="type"><![CDATA[select]]></item>
			<item id="unit"><![CDATA[]]></item>
			<item id="permprompt"><![CDATA[]]></item>
			<item id="typeid"><![CDATA[7]]></item>
			<item id="name"><![CDATA[求职]]></item>
			<item id="icon"><![CDATA[]]></item>
			<item id="special"><![CDATA[1]]></item>
			<item id="modelid"><![CDATA[0]]></item>
			<item id="template"><![CDATA[<div class="qz_cont">

    <div class="qz_top">  
       
      <div class="ybqzc_tl"><img src="{ybqpic_value}" /></div>
      <div class="ybqzc_tr">
        <div class="qzctr_a"><a >{ybqname_value}</a></div>
        <div class="qzctr_b">
          <p>女</p><i>|</i><p>	{ybqage_value}岁</p><i>|</i><p>{ybzxueli_value}</p><i>|</i><p>{ybqnianxian_value}年经验</p><i>|</i><p>	{ybqjuzud_value}人</p>
        </div>
        <div class="qzctr_c">
          {yb_qz_rents_value}
        </div>
        <div class="qzctr_d">
          <img src="template/yibai_scity3/ybimg/fenlei/qz_img3.png" /><span>期望职位：</span><p>{ybqzhifwei_value}</p><img src="template/yibai_scity3/ybimg/fenlei/es_img2.jpg" /><span>期望地点：</span><p>{ybqjuzud_value}</p><img src="template/yibai_scity3/ybimg/fenlei/qz_img4.png" /><span>期望薪资：</span><p>{ybqxinshui_value}/月</p>
        </div>
        
      </div>
    
    </div>
    
    
</div>

<!--bot-->
  <div class="qz_bot">
       <div class="qzb_div">
          <div class="tit">求职意向</div>
          <div class="intention">
              <span> 目前职位：</span>{ybqzhiwei_value}<br>
              <span> 期望薪资：</span>	{ybqxinshui_value}<br>
              <span> 求职状态：</span>	{yb_qz_qzzt_value}<br> 
	      </div>
   <div class="qzctr_e">{yb_quzhi_tel_value}</div>
       </div>
       
       <div class="qzb_div">
          <div class="tit t5">自我描述</div>
          <div class="text_m">        
	  {ybqjianjie_value}
          </div>
       </div>
       
       <div class="qzb_div">
          <div class="tit t3">工作经历</div>
          <div class="text_m">          
			{yb_qz_gsjl_value}
          </div>
       </div>
       
       <div class="qzb_div">
          <div class="tit t4">教育经历</div>
          <div class="text_m">         
		 {yb_qz_jiaoyu_value}
          </div>
       </div>
       

       
    </div>

    <!--botend--> 
    ]]></item>
			<item id="stemplate"><![CDATA[<div>[loop]

<div class="ybqz_div">

  <div class="ybqz_dl"><img src="template/yibai_scity3/ybimg/fenlei/boy.png" /></div>
  <div class="ybqz_dr">
      <div class="qzdr_a"><a href="{subject_url}">{ybqname_value}</a><span class="qzdra-sp">|</span><a href="{subject_url}">	{yb_qz_sex_value}</a><span class="qzdra-sp">|</span><a href="{subject_url}">	{ybqage_value}岁</a><span class="qzdra-sp">|</span><a href="{subject_url}">{ybqzhifwei_value}</a><p>{attachment}</p><b>更新时间：{dateline}</b></div>
      <div class="qzdr_b">
        <img src="template/yibai_scity3/ybimg/fenlei/i_imga6.png" /><span>工作年限：</span>	<p>{ybqnianxian_value}年 	{ybzxueli_value}</p><i>|</i><p>{ybqxinshui_value}/月</p><i>|</i><p>我{yb_qz_qzzt_value}</p>
      </div>
      <div class="qzdr_c">
        {yb_qz_rents_value}
     </div>   
  </div>
  
</div>

[/loop]</div>]]></item>
			<item id="ptemplate"><![CDATA[]]></item>
			<item id="btemplate"><![CDATA[   <ul>
[loop]

 <li><a href="	{subject_url}"><span class="name">	{ybqname_value}</span><span class="xb">{ybzxueli_value}</span><b>	{ybqage_value}</b><i>{ybqzhifwei_value}</i></a></li>
   

[/loop]
   </ul>]]></item>
			<item id="sortid"><![CDATA[7]]></item>
			<item id="available"><![CDATA[1]]></item>
			<item id="required"><![CDATA[1]]></item>
			<item id="unchangeable"><![CDATA[0]]></item>
			<item id="search"><![CDATA[2]]></item>
			<item id="subjectshow"><![CDATA[1]]></item>
			<item id="tpdescription"><![CDATA[]]></item>
			<item id="ttdescription"><![CDATA[]]></item>
			<item id="tpexpiration"><![CDATA[0]]></item>
			<item id="ttexpiration"><![CDATA[0]]></item>
			<item id="__protect">
				<item id="usergroup"><![CDATA[]]></item>
				<item id="verify"><![CDATA[]]></item>
			</item>
			<item id="__rules">
				<item id="choices"><![CDATA[1 = 网页设计师 
2 = Flash设计师 
3 = APP设计师 
4 = UI设计师
5 = 产品经理 
6 = 网页产品经理 
7 = 移动产品经理 
8 = 产品助理
9 = 内容运营 
10 = 产品运营 
11 = 数据运营 
12 = 用户运营 
13 = 活动运营]]></item>
				<item id="inputsize"><![CDATA[]]></item>
			</item>
		</item>
		<item id="9">
			<item id="optionid"><![CDATA[119]]></item>
			<item id="classid"><![CDATA[6]]></item>
			<item id="displayorder"><![CDATA[13]]></item>
			<item id="expiration"><![CDATA[0]]></item>
			<item id="title"><![CDATA[联系电话]]></item>
			<item id="description"><![CDATA[]]></item>
			<item id="identifier"><![CDATA[yb_quzhi_tel]]></item>
			<item id="type"><![CDATA[text]]></item>
			<item id="unit"><![CDATA[]]></item>
			<item id="permprompt"><![CDATA[]]></item>
			<item id="typeid"><![CDATA[7]]></item>
			<item id="name"><![CDATA[求职]]></item>
			<item id="icon"><![CDATA[]]></item>
			<item id="special"><![CDATA[1]]></item>
			<item id="modelid"><![CDATA[0]]></item>
			<item id="template"><![CDATA[<div class="qz_cont">

    <div class="qz_top">  
       
      <div class="ybqzc_tl"><img src="{ybqpic_value}" /></div>
      <div class="ybqzc_tr">
        <div class="qzctr_a"><a >{ybqname_value}</a></div>
        <div class="qzctr_b">
          <p>女</p><i>|</i><p>	{ybqage_value}岁</p><i>|</i><p>{ybzxueli_value}</p><i>|</i><p>{ybqnianxian_value}年经验</p><i>|</i><p>	{ybqjuzud_value}人</p>
        </div>
        <div class="qzctr_c">
          {yb_qz_rents_value}
        </div>
        <div class="qzctr_d">
          <img src="template/yibai_scity3/ybimg/fenlei/qz_img3.png" /><span>期望职位：</span><p>{ybqzhifwei_value}</p><img src="template/yibai_scity3/ybimg/fenlei/es_img2.jpg" /><span>期望地点：</span><p>{ybqjuzud_value}</p><img src="template/yibai_scity3/ybimg/fenlei/qz_img4.png" /><span>期望薪资：</span><p>{ybqxinshui_value}/月</p>
        </div>
        
      </div>
    
    </div>
    
    
</div>

<!--bot-->
  <div class="qz_bot">
       <div class="qzb_div">
          <div class="tit">求职意向</div>
          <div class="intention">
              <span> 目前职位：</span>{ybqzhiwei_value}<br>
              <span> 期望薪资：</span>	{ybqxinshui_value}<br>
              <span> 求职状态：</span>	{yb_qz_qzzt_value}<br> 
	      </div>
   <div class="qzctr_e">{yb_quzhi_tel_value}</div>
       </div>
       
       <div class="qzb_div">
          <div class="tit t5">自我描述</div>
          <div class="text_m">        
	  {ybqjianjie_value}
          </div>
       </div>
       
       <div class="qzb_div">
          <div class="tit t3">工作经历</div>
          <div class="text_m">          
			{yb_qz_gsjl_value}
          </div>
       </div>
       
       <div class="qzb_div">
          <div class="tit t4">教育经历</div>
          <div class="text_m">         
		 {yb_qz_jiaoyu_value}
          </div>
       </div>
       

       
    </div>

    <!--botend--> 
    ]]></item>
			<item id="stemplate"><![CDATA[<div>[loop]

<div class="ybqz_div">

  <div class="ybqz_dl"><img src="template/yibai_scity3/ybimg/fenlei/boy.png" /></div>
  <div class="ybqz_dr">
      <div class="qzdr_a"><a href="{subject_url}">{ybqname_value}</a><span class="qzdra-sp">|</span><a href="{subject_url}">	{yb_qz_sex_value}</a><span class="qzdra-sp">|</span><a href="{subject_url}">	{ybqage_value}岁</a><span class="qzdra-sp">|</span><a href="{subject_url}">{ybqzhifwei_value}</a><p>{attachment}</p><b>更新时间：{dateline}</b></div>
      <div class="qzdr_b">
        <img src="template/yibai_scity3/ybimg/fenlei/i_imga6.png" /><span>工作年限：</span>	<p>{ybqnianxian_value}年 	{ybzxueli_value}</p><i>|</i><p>{ybqxinshui_value}/月</p><i>|</i><p>我{yb_qz_qzzt_value}</p>
      </div>
      <div class="qzdr_c">
        {yb_qz_rents_value}
     </div>   
  </div>
  
</div>

[/loop]</div>]]></item>
			<item id="ptemplate"><![CDATA[]]></item>
			<item id="btemplate"><![CDATA[   <ul>
[loop]

 <li><a href="	{subject_url}"><span class="name">	{ybqname_value}</span><span class="xb">{ybzxueli_value}</span><b>	{ybqage_value}</b><i>{ybqzhifwei_value}</i></a></li>
   

[/loop]
   </ul>]]></item>
			<item id="sortid"><![CDATA[7]]></item>
			<item id="available"><![CDATA[1]]></item>
			<item id="required"><![CDATA[1]]></item>
			<item id="unchangeable"><![CDATA[0]]></item>
			<item id="search"><![CDATA[0]]></item>
			<item id="subjectshow"><![CDATA[1]]></item>
			<item id="tpdescription"><![CDATA[]]></item>
			<item id="ttdescription"><![CDATA[]]></item>
			<item id="tpexpiration"><![CDATA[0]]></item>
			<item id="ttexpiration"><![CDATA[0]]></item>
			<item id="__protect">
				<item id="status"><![CDATA[1]]></item>
				<item id="mode"><![CDATA[2]]></item>
				<item id="usergroup"><![CDATA[]]></item>
				<item id="verify"><![CDATA[]]></item>
			</item>
			<item id="__rules">
				<item id="maxlength"><![CDATA[]]></item>
				<item id="inputsize"><![CDATA[]]></item>
				<item id="profile"><![CDATA[mobile]]></item>
				<item id="defaultvalue"><![CDATA[]]></item>
			</item>
		</item>
		<item id="10">
			<item id="optionid"><![CDATA[120]]></item>
			<item id="classid"><![CDATA[5]]></item>
			<item id="displayorder"><![CDATA[14]]></item>
			<item id="expiration"><![CDATA[0]]></item>
			<item id="title"><![CDATA[学历]]></item>
			<item id="description"><![CDATA[]]></item>
			<item id="identifier"><![CDATA[ybzxueli]]></item>
			<item id="type"><![CDATA[select]]></item>
			<item id="unit"><![CDATA[]]></item>
			<item id="permprompt"><![CDATA[]]></item>
			<item id="typeid"><![CDATA[7]]></item>
			<item id="name"><![CDATA[求职]]></item>
			<item id="icon"><![CDATA[]]></item>
			<item id="special"><![CDATA[1]]></item>
			<item id="modelid"><![CDATA[0]]></item>
			<item id="template"><![CDATA[<div class="qz_cont">

    <div class="qz_top">  
       
      <div class="ybqzc_tl"><img src="{ybqpic_value}" /></div>
      <div class="ybqzc_tr">
        <div class="qzctr_a"><a >{ybqname_value}</a></div>
        <div class="qzctr_b">
          <p>女</p><i>|</i><p>	{ybqage_value}岁</p><i>|</i><p>{ybzxueli_value}</p><i>|</i><p>{ybqnianxian_value}年经验</p><i>|</i><p>	{ybqjuzud_value}人</p>
        </div>
        <div class="qzctr_c">
          {yb_qz_rents_value}
        </div>
        <div class="qzctr_d">
          <img src="template/yibai_scity3/ybimg/fenlei/qz_img3.png" /><span>期望职位：</span><p>{ybqzhifwei_value}</p><img src="template/yibai_scity3/ybimg/fenlei/es_img2.jpg" /><span>期望地点：</span><p>{ybqjuzud_value}</p><img src="template/yibai_scity3/ybimg/fenlei/qz_img4.png" /><span>期望薪资：</span><p>{ybqxinshui_value}/月</p>
        </div>
        
      </div>
    
    </div>
    
    
</div>

<!--bot-->
  <div class="qz_bot">
       <div class="qzb_div">
          <div class="tit">求职意向</div>
          <div class="intention">
              <span> 目前职位：</span>{ybqzhiwei_value}<br>
              <span> 期望薪资：</span>	{ybqxinshui_value}<br>
              <span> 求职状态：</span>	{yb_qz_qzzt_value}<br> 
	      </div>
   <div class="qzctr_e">{yb_quzhi_tel_value}</div>
       </div>
       
       <div class="qzb_div">
          <div class="tit t5">自我描述</div>
          <div class="text_m">        
	  {ybqjianjie_value}
          </div>
       </div>
       
       <div class="qzb_div">
          <div class="tit t3">工作经历</div>
          <div class="text_m">          
			{yb_qz_gsjl_value}
          </div>
       </div>
       
       <div class="qzb_div">
          <div class="tit t4">教育经历</div>
          <div class="text_m">         
		 {yb_qz_jiaoyu_value}
          </div>
       </div>
       

       
    </div>

    <!--botend--> 
    ]]></item>
			<item id="stemplate"><![CDATA[<div>[loop]

<div class="ybqz_div">

  <div class="ybqz_dl"><img src="template/yibai_scity3/ybimg/fenlei/boy.png" /></div>
  <div class="ybqz_dr">
      <div class="qzdr_a"><a href="{subject_url}">{ybqname_value}</a><span class="qzdra-sp">|</span><a href="{subject_url}">	{yb_qz_sex_value}</a><span class="qzdra-sp">|</span><a href="{subject_url}">	{ybqage_value}岁</a><span class="qzdra-sp">|</span><a href="{subject_url}">{ybqzhifwei_value}</a><p>{attachment}</p><b>更新时间：{dateline}</b></div>
      <div class="qzdr_b">
        <img src="template/yibai_scity3/ybimg/fenlei/i_imga6.png" /><span>工作年限：</span>	<p>{ybqnianxian_value}年 	{ybzxueli_value}</p><i>|</i><p>{ybqxinshui_value}/月</p><i>|</i><p>我{yb_qz_qzzt_value}</p>
      </div>
      <div class="qzdr_c">
        {yb_qz_rents_value}
     </div>   
  </div>
  
</div>

[/loop]</div>]]></item>
			<item id="ptemplate"><![CDATA[]]></item>
			<item id="btemplate"><![CDATA[   <ul>
[loop]

 <li><a href="	{subject_url}"><span class="name">	{ybqname_value}</span><span class="xb">{ybzxueli_value}</span><b>	{ybqage_value}</b><i>{ybqzhifwei_value}</i></a></li>
   

[/loop]
   </ul>]]></item>
			<item id="sortid"><![CDATA[7]]></item>
			<item id="available"><![CDATA[1]]></item>
			<item id="required"><![CDATA[1]]></item>
			<item id="unchangeable"><![CDATA[0]]></item>
			<item id="search"><![CDATA[2]]></item>
			<item id="subjectshow"><![CDATA[1]]></item>
			<item id="tpdescription"><![CDATA[]]></item>
			<item id="ttdescription"><![CDATA[]]></item>
			<item id="tpexpiration"><![CDATA[0]]></item>
			<item id="ttexpiration"><![CDATA[0]]></item>
			<item id="__protect">
				<item id="usergroup"><![CDATA[]]></item>
				<item id="verify"><![CDATA[]]></item>
			</item>
			<item id="__rules">
				<item id="choices"><![CDATA[1 = 不限
2 = 高中
3 = 技校
4 = 中专
5 = 大专
6 = 本科
7 = 硕士
8 = 博士]]></item>
				<item id="inputsize"><![CDATA[]]></item>
			</item>
		</item>
		<item id="11">
			<item id="optionid"><![CDATA[207]]></item>
			<item id="classid"><![CDATA[5]]></item>
			<item id="displayorder"><![CDATA[17]]></item>
			<item id="expiration"><![CDATA[0]]></item>
			<item id="protect"><![CDATA[]]></item>
			<item id="title"><![CDATA[教育经历]]></item>
			<item id="description"><![CDATA[]]></item>
			<item id="identifier"><![CDATA[yb_qz_jiaoyu]]></item>
			<item id="type"><![CDATA[textarea]]></item>
			<item id="unit"><![CDATA[]]></item>
			<item id="rules"><![CDATA[]]></item>
			<item id="permprompt"><![CDATA[]]></item>
			<item id="typeid"><![CDATA[7]]></item>
			<item id="name"><![CDATA[求职]]></item>
			<item id="icon"><![CDATA[]]></item>
			<item id="special"><![CDATA[1]]></item>
			<item id="modelid"><![CDATA[0]]></item>
			<item id="template"><![CDATA[<div class="qz_cont">

    <div class="qz_top">  
       
      <div class="ybqzc_tl"><img src="{ybqpic_value}" /></div>
      <div class="ybqzc_tr">
        <div class="qzctr_a"><a >{ybqname_value}</a></div>
        <div class="qzctr_b">
          <p>女</p><i>|</i><p>	{ybqage_value}岁</p><i>|</i><p>{ybzxueli_value}</p><i>|</i><p>{ybqnianxian_value}年经验</p><i>|</i><p>	{ybqjuzud_value}人</p>
        </div>
        <div class="qzctr_c">
          {yb_qz_rents_value}
        </div>
        <div class="qzctr_d">
          <img src="template/yibai_scity3/ybimg/fenlei/qz_img3.png" /><span>期望职位：</span><p>{ybqzhifwei_value}</p><img src="template/yibai_scity3/ybimg/fenlei/es_img2.jpg" /><span>期望地点：</span><p>{ybqjuzud_value}</p><img src="template/yibai_scity3/ybimg/fenlei/qz_img4.png" /><span>期望薪资：</span><p>{ybqxinshui_value}/月</p>
        </div>
        
      </div>
    
    </div>
    
    
</div>

<!--bot-->
  <div class="qz_bot">
       <div class="qzb_div">
          <div class="tit">求职意向</div>
          <div class="intention">
              <span> 目前职位：</span>{ybqzhiwei_value}<br>
              <span> 期望薪资：</span>	{ybqxinshui_value}<br>
              <span> 求职状态：</span>	{yb_qz_qzzt_value}<br> 
	      </div>
   <div class="qzctr_e">{yb_quzhi_tel_value}</div>
       </div>
       
       <div class="qzb_div">
          <div class="tit t5">自我描述</div>
          <div class="text_m">        
	  {ybqjianjie_value}
          </div>
       </div>
       
       <div class="qzb_div">
          <div class="tit t3">工作经历</div>
          <div class="text_m">          
			{yb_qz_gsjl_value}
          </div>
       </div>
       
       <div class="qzb_div">
          <div class="tit t4">教育经历</div>
          <div class="text_m">         
		 {yb_qz_jiaoyu_value}
          </div>
       </div>
       

       
    </div>

    <!--botend--> 
    ]]></item>
			<item id="stemplate"><![CDATA[<div>[loop]

<div class="ybqz_div">

  <div class="ybqz_dl"><img src="template/yibai_scity3/ybimg/fenlei/boy.png" /></div>
  <div class="ybqz_dr">
      <div class="qzdr_a"><a href="{subject_url}">{ybqname_value}</a><span class="qzdra-sp">|</span><a href="{subject_url}">	{yb_qz_sex_value}</a><span class="qzdra-sp">|</span><a href="{subject_url}">	{ybqage_value}岁</a><span class="qzdra-sp">|</span><a href="{subject_url}">{ybqzhifwei_value}</a><p>{attachment}</p><b>更新时间：{dateline}</b></div>
      <div class="qzdr_b">
        <img src="template/yibai_scity3/ybimg/fenlei/i_imga6.png" /><span>工作年限：</span>	<p>{ybqnianxian_value}年 	{ybzxueli_value}</p><i>|</i><p>{ybqxinshui_value}/月</p><i>|</i><p>我{yb_qz_qzzt_value}</p>
      </div>
      <div class="qzdr_c">
        {yb_qz_rents_value}
     </div>   
  </div>
  
</div>

[/loop]</div>]]></item>
			<item id="ptemplate"><![CDATA[]]></item>
			<item id="btemplate"><![CDATA[   <ul>
[loop]

 <li><a href="	{subject_url}"><span class="name">	{ybqname_value}</span><span class="xb">{ybzxueli_value}</span><b>	{ybqage_value}</b><i>{ybqzhifwei_value}</i></a></li>
   

[/loop]
   </ul>]]></item>
			<item id="sortid"><![CDATA[7]]></item>
			<item id="available"><![CDATA[1]]></item>
			<item id="required"><![CDATA[1]]></item>
			<item id="unchangeable"><![CDATA[0]]></item>
			<item id="search"><![CDATA[0]]></item>
			<item id="subjectshow"><![CDATA[1]]></item>
			<item id="tpdescription"><![CDATA[]]></item>
			<item id="ttdescription"><![CDATA[]]></item>
			<item id="tpexpiration"><![CDATA[0]]></item>
			<item id="ttexpiration"><![CDATA[0]]></item>
		</item>
		<item id="12">
			<item id="optionid"><![CDATA[206]]></item>
			<item id="classid"><![CDATA[5]]></item>
			<item id="displayorder"><![CDATA[16]]></item>
			<item id="expiration"><![CDATA[0]]></item>
			<item id="title"><![CDATA[个人特色]]></item>
			<item id="description"><![CDATA[]]></item>
			<item id="identifier"><![CDATA[yb_qz_rents]]></item>
			<item id="type"><![CDATA[checkbox]]></item>
			<item id="unit"><![CDATA[]]></item>
			<item id="permprompt"><![CDATA[]]></item>
			<item id="typeid"><![CDATA[7]]></item>
			<item id="name"><![CDATA[求职]]></item>
			<item id="icon"><![CDATA[]]></item>
			<item id="special"><![CDATA[1]]></item>
			<item id="modelid"><![CDATA[0]]></item>
			<item id="template"><![CDATA[<div class="qz_cont">

    <div class="qz_top">  
       
      <div class="ybqzc_tl"><img src="{ybqpic_value}" /></div>
      <div class="ybqzc_tr">
        <div class="qzctr_a"><a >{ybqname_value}</a></div>
        <div class="qzctr_b">
          <p>女</p><i>|</i><p>	{ybqage_value}岁</p><i>|</i><p>{ybzxueli_value}</p><i>|</i><p>{ybqnianxian_value}年经验</p><i>|</i><p>	{ybqjuzud_value}人</p>
        </div>
        <div class="qzctr_c">
          {yb_qz_rents_value}
        </div>
        <div class="qzctr_d">
          <img src="template/yibai_scity3/ybimg/fenlei/qz_img3.png" /><span>期望职位：</span><p>{ybqzhifwei_value}</p><img src="template/yibai_scity3/ybimg/fenlei/es_img2.jpg" /><span>期望地点：</span><p>{ybqjuzud_value}</p><img src="template/yibai_scity3/ybimg/fenlei/qz_img4.png" /><span>期望薪资：</span><p>{ybqxinshui_value}/月</p>
        </div>
        
      </div>
    
    </div>
    
    
</div>

<!--bot-->
  <div class="qz_bot">
       <div class="qzb_div">
          <div class="tit">求职意向</div>
          <div class="intention">
              <span> 目前职位：</span>{ybqzhiwei_value}<br>
              <span> 期望薪资：</span>	{ybqxinshui_value}<br>
              <span> 求职状态：</span>	{yb_qz_qzzt_value}<br> 
	      </div>
   <div class="qzctr_e">{yb_quzhi_tel_value}</div>
       </div>
       
       <div class="qzb_div">
          <div class="tit t5">自我描述</div>
          <div class="text_m">        
	  {ybqjianjie_value}
          </div>
       </div>
       
       <div class="qzb_div">
          <div class="tit t3">工作经历</div>
          <div class="text_m">          
			{yb_qz_gsjl_value}
          </div>
       </div>
       
       <div class="qzb_div">
          <div class="tit t4">教育经历</div>
          <div class="text_m">         
		 {yb_qz_jiaoyu_value}
          </div>
       </div>
       

       
    </div>

    <!--botend--> 
    ]]></item>
			<item id="stemplate"><![CDATA[<div>[loop]

<div class="ybqz_div">

  <div class="ybqz_dl"><img src="template/yibai_scity3/ybimg/fenlei/boy.png" /></div>
  <div class="ybqz_dr">
      <div class="qzdr_a"><a href="{subject_url}">{ybqname_value}</a><span class="qzdra-sp">|</span><a href="{subject_url}">	{yb_qz_sex_value}</a><span class="qzdra-sp">|</span><a href="{subject_url}">	{ybqage_value}岁</a><span class="qzdra-sp">|</span><a href="{subject_url}">{ybqzhifwei_value}</a><p>{attachment}</p><b>更新时间：{dateline}</b></div>
      <div class="qzdr_b">
        <img src="template/yibai_scity3/ybimg/fenlei/i_imga6.png" /><span>工作年限：</span>	<p>{ybqnianxian_value}年 	{ybzxueli_value}</p><i>|</i><p>{ybqxinshui_value}/月</p><i>|</i><p>我{yb_qz_qzzt_value}</p>
      </div>
      <div class="qzdr_c">
        {yb_qz_rents_value}
     </div>   
  </div>
  
</div>

[/loop]</div>]]></item>
			<item id="ptemplate"><![CDATA[]]></item>
			<item id="btemplate"><![CDATA[   <ul>
[loop]

 <li><a href="	{subject_url}"><span class="name">	{ybqname_value}</span><span class="xb">{ybzxueli_value}</span><b>	{ybqage_value}</b><i>{ybqzhifwei_value}</i></a></li>
   

[/loop]
   </ul>]]></item>
			<item id="sortid"><![CDATA[7]]></item>
			<item id="available"><![CDATA[1]]></item>
			<item id="required"><![CDATA[1]]></item>
			<item id="unchangeable"><![CDATA[0]]></item>
			<item id="search"><![CDATA[0]]></item>
			<item id="subjectshow"><![CDATA[1]]></item>
			<item id="tpdescription"><![CDATA[]]></item>
			<item id="ttdescription"><![CDATA[]]></item>
			<item id="tpexpiration"><![CDATA[0]]></item>
			<item id="ttexpiration"><![CDATA[0]]></item>
			<item id="__protect">
				<item id="usergroup"><![CDATA[]]></item>
				<item id="verify"><![CDATA[]]></item>
			</item>
			<item id="__rules">
				<item id="choices"><![CDATA[1 = <span>形象好</span>
2 = <span>能出差</span>
3 = <span>高学历</span>
4 = <span>经验丰富</span>]]></item>
			</item>
		</item>
		<item id="13">
			<item id="optionid"><![CDATA[205]]></item>
			<item id="classid"><![CDATA[5]]></item>
			<item id="displayorder"><![CDATA[15]]></item>
			<item id="expiration"><![CDATA[0]]></item>
			<item id="title"><![CDATA[求职状态]]></item>
			<item id="description"><![CDATA[]]></item>
			<item id="identifier"><![CDATA[yb_qz_qzzt]]></item>
			<item id="type"><![CDATA[radio]]></item>
			<item id="unit"><![CDATA[]]></item>
			<item id="permprompt"><![CDATA[]]></item>
			<item id="typeid"><![CDATA[7]]></item>
			<item id="name"><![CDATA[求职]]></item>
			<item id="icon"><![CDATA[]]></item>
			<item id="special"><![CDATA[1]]></item>
			<item id="modelid"><![CDATA[0]]></item>
			<item id="template"><![CDATA[<div class="qz_cont">

    <div class="qz_top">  
       
      <div class="ybqzc_tl"><img src="{ybqpic_value}" /></div>
      <div class="ybqzc_tr">
        <div class="qzctr_a"><a >{ybqname_value}</a></div>
        <div class="qzctr_b">
          <p>女</p><i>|</i><p>	{ybqage_value}岁</p><i>|</i><p>{ybzxueli_value}</p><i>|</i><p>{ybqnianxian_value}年经验</p><i>|</i><p>	{ybqjuzud_value}人</p>
        </div>
        <div class="qzctr_c">
          {yb_qz_rents_value}
        </div>
        <div class="qzctr_d">
          <img src="template/yibai_scity3/ybimg/fenlei/qz_img3.png" /><span>期望职位：</span><p>{ybqzhifwei_value}</p><img src="template/yibai_scity3/ybimg/fenlei/es_img2.jpg" /><span>期望地点：</span><p>{ybqjuzud_value}</p><img src="template/yibai_scity3/ybimg/fenlei/qz_img4.png" /><span>期望薪资：</span><p>{ybqxinshui_value}/月</p>
        </div>
        
      </div>
    
    </div>
    
    
</div>

<!--bot-->
  <div class="qz_bot">
       <div class="qzb_div">
          <div class="tit">求职意向</div>
          <div class="intention">
              <span> 目前职位：</span>{ybqzhiwei_value}<br>
              <span> 期望薪资：</span>	{ybqxinshui_value}<br>
              <span> 求职状态：</span>	{yb_qz_qzzt_value}<br> 
	      </div>
   <div class="qzctr_e">{yb_quzhi_tel_value}</div>
       </div>
       
       <div class="qzb_div">
          <div class="tit t5">自我描述</div>
          <div class="text_m">        
	  {ybqjianjie_value}
          </div>
       </div>
       
       <div class="qzb_div">
          <div class="tit t3">工作经历</div>
          <div class="text_m">          
			{yb_qz_gsjl_value}
          </div>
       </div>
       
       <div class="qzb_div">
          <div class="tit t4">教育经历</div>
          <div class="text_m">         
		 {yb_qz_jiaoyu_value}
          </div>
       </div>
       

       
    </div>

    <!--botend--> 
    ]]></item>
			<item id="stemplate"><![CDATA[<div>[loop]

<div class="ybqz_div">

  <div class="ybqz_dl"><img src="template/yibai_scity3/ybimg/fenlei/boy.png" /></div>
  <div class="ybqz_dr">
      <div class="qzdr_a"><a href="{subject_url}">{ybqname_value}</a><span class="qzdra-sp">|</span><a href="{subject_url}">	{yb_qz_sex_value}</a><span class="qzdra-sp">|</span><a href="{subject_url}">	{ybqage_value}岁</a><span class="qzdra-sp">|</span><a href="{subject_url}">{ybqzhifwei_value}</a><p>{attachment}</p><b>更新时间：{dateline}</b></div>
      <div class="qzdr_b">
        <img src="template/yibai_scity3/ybimg/fenlei/i_imga6.png" /><span>工作年限：</span>	<p>{ybqnianxian_value}年 	{ybzxueli_value}</p><i>|</i><p>{ybqxinshui_value}/月</p><i>|</i><p>我{yb_qz_qzzt_value}</p>
      </div>
      <div class="qzdr_c">
        {yb_qz_rents_value}
     </div>   
  </div>
  
</div>

[/loop]</div>]]></item>
			<item id="ptemplate"><![CDATA[]]></item>
			<item id="btemplate"><![CDATA[   <ul>
[loop]

 <li><a href="	{subject_url}"><span class="name">	{ybqname_value}</span><span class="xb">{ybzxueli_value}</span><b>	{ybqage_value}</b><i>{ybqzhifwei_value}</i></a></li>
   

[/loop]
   </ul>]]></item>
			<item id="sortid"><![CDATA[7]]></item>
			<item id="available"><![CDATA[1]]></item>
			<item id="required"><![CDATA[1]]></item>
			<item id="unchangeable"><![CDATA[0]]></item>
			<item id="search"><![CDATA[0]]></item>
			<item id="subjectshow"><![CDATA[1]]></item>
			<item id="tpdescription"><![CDATA[]]></item>
			<item id="ttdescription"><![CDATA[]]></item>
			<item id="tpexpiration"><![CDATA[0]]></item>
			<item id="ttexpiration"><![CDATA[0]]></item>
			<item id="__protect">
				<item id="usergroup"><![CDATA[]]></item>
				<item id="verify"><![CDATA[]]></item>
			</item>
			<item id="__rules">
				<item id="choices"><![CDATA[1 = 已经离职
2 = 在职
3 = 合适的机会]]></item>
			</item>
		</item>
		<item id="14">
			<item id="optionid"><![CDATA[208]]></item>
			<item id="classid"><![CDATA[5]]></item>
			<item id="displayorder"><![CDATA[18]]></item>
			<item id="expiration"><![CDATA[0]]></item>
			<item id="protect"><![CDATA[]]></item>
			<item id="title"><![CDATA[工作经历]]></item>
			<item id="description"><![CDATA[]]></item>
			<item id="identifier"><![CDATA[yb_qz_gsjl]]></item>
			<item id="type"><![CDATA[textarea]]></item>
			<item id="unit"><![CDATA[]]></item>
			<item id="rules"><![CDATA[]]></item>
			<item id="permprompt"><![CDATA[]]></item>
			<item id="typeid"><![CDATA[7]]></item>
			<item id="name"><![CDATA[求职]]></item>
			<item id="icon"><![CDATA[]]></item>
			<item id="special"><![CDATA[1]]></item>
			<item id="modelid"><![CDATA[0]]></item>
			<item id="template"><![CDATA[<div class="qz_cont">

    <div class="qz_top">  
       
      <div class="ybqzc_tl"><img src="{ybqpic_value}" /></div>
      <div class="ybqzc_tr">
        <div class="qzctr_a"><a >{ybqname_value}</a></div>
        <div class="qzctr_b">
          <p>女</p><i>|</i><p>	{ybqage_value}岁</p><i>|</i><p>{ybzxueli_value}</p><i>|</i><p>{ybqnianxian_value}年经验</p><i>|</i><p>	{ybqjuzud_value}人</p>
        </div>
        <div class="qzctr_c">
          {yb_qz_rents_value}
        </div>
        <div class="qzctr_d">
          <img src="template/yibai_scity3/ybimg/fenlei/qz_img3.png" /><span>期望职位：</span><p>{ybqzhifwei_value}</p><img src="template/yibai_scity3/ybimg/fenlei/es_img2.jpg" /><span>期望地点：</span><p>{ybqjuzud_value}</p><img src="template/yibai_scity3/ybimg/fenlei/qz_img4.png" /><span>期望薪资：</span><p>{ybqxinshui_value}/月</p>
        </div>
        
      </div>
    
    </div>
    
    
</div>

<!--bot-->
  <div class="qz_bot">
       <div class="qzb_div">
          <div class="tit">求职意向</div>
          <div class="intention">
              <span> 目前职位：</span>{ybqzhiwei_value}<br>
              <span> 期望薪资：</span>	{ybqxinshui_value}<br>
              <span> 求职状态：</span>	{yb_qz_qzzt_value}<br> 
	      </div>
   <div class="qzctr_e">{yb_quzhi_tel_value}</div>
       </div>
       
       <div class="qzb_div">
          <div class="tit t5">自我描述</div>
          <div class="text_m">        
	  {ybqjianjie_value}
          </div>
       </div>
       
       <div class="qzb_div">
          <div class="tit t3">工作经历</div>
          <div class="text_m">          
			{yb_qz_gsjl_value}
          </div>
       </div>
       
       <div class="qzb_div">
          <div class="tit t4">教育经历</div>
          <div class="text_m">         
		 {yb_qz_jiaoyu_value}
          </div>
       </div>
       

       
    </div>

    <!--botend--> 
    ]]></item>
			<item id="stemplate"><![CDATA[<div>[loop]

<div class="ybqz_div">

  <div class="ybqz_dl"><img src="template/yibai_scity3/ybimg/fenlei/boy.png" /></div>
  <div class="ybqz_dr">
      <div class="qzdr_a"><a href="{subject_url}">{ybqname_value}</a><span class="qzdra-sp">|</span><a href="{subject_url}">	{yb_qz_sex_value}</a><span class="qzdra-sp">|</span><a href="{subject_url}">	{ybqage_value}岁</a><span class="qzdra-sp">|</span><a href="{subject_url}">{ybqzhifwei_value}</a><p>{attachment}</p><b>更新时间：{dateline}</b></div>
      <div class="qzdr_b">
        <img src="template/yibai_scity3/ybimg/fenlei/i_imga6.png" /><span>工作年限：</span>	<p>{ybqnianxian_value}年 	{ybzxueli_value}</p><i>|</i><p>{ybqxinshui_value}/月</p><i>|</i><p>我{yb_qz_qzzt_value}</p>
      </div>
      <div class="qzdr_c">
        {yb_qz_rents_value}
     </div>   
  </div>
  
</div>

[/loop]</div>]]></item>
			<item id="ptemplate"><![CDATA[]]></item>
			<item id="btemplate"><![CDATA[   <ul>
[loop]

 <li><a href="	{subject_url}"><span class="name">	{ybqname_value}</span><span class="xb">{ybzxueli_value}</span><b>	{ybqage_value}</b><i>{ybqzhifwei_value}</i></a></li>
   

[/loop]
   </ul>]]></item>
			<item id="sortid"><![CDATA[7]]></item>
			<item id="available"><![CDATA[1]]></item>
			<item id="required"><![CDATA[1]]></item>
			<item id="unchangeable"><![CDATA[0]]></item>
			<item id="search"><![CDATA[0]]></item>
			<item id="subjectshow"><![CDATA[1]]></item>
			<item id="tpdescription"><![CDATA[]]></item>
			<item id="ttdescription"><![CDATA[]]></item>
			<item id="tpexpiration"><![CDATA[0]]></item>
			<item id="ttexpiration"><![CDATA[0]]></item>
		</item>
		<item id="15">
			<item id="optionid"><![CDATA[209]]></item>
			<item id="classid"><![CDATA[5]]></item>
			<item id="displayorder"><![CDATA[19]]></item>
			<item id="expiration"><![CDATA[0]]></item>
			<item id="protect"><![CDATA[]]></item>
			<item id="title"><![CDATA[语言能力]]></item>
			<item id="description"><![CDATA[]]></item>
			<item id="identifier"><![CDATA[yb_qz_lan]]></item>
			<item id="type"><![CDATA[text]]></item>
			<item id="unit"><![CDATA[]]></item>
			<item id="rules"><![CDATA[]]></item>
			<item id="permprompt"><![CDATA[]]></item>
			<item id="typeid"><![CDATA[7]]></item>
			<item id="name"><![CDATA[求职]]></item>
			<item id="icon"><![CDATA[]]></item>
			<item id="special"><![CDATA[1]]></item>
			<item id="modelid"><![CDATA[0]]></item>
			<item id="template"><![CDATA[<div class="qz_cont">

    <div class="qz_top">  
       
      <div class="ybqzc_tl"><img src="{ybqpic_value}" /></div>
      <div class="ybqzc_tr">
        <div class="qzctr_a"><a >{ybqname_value}</a></div>
        <div class="qzctr_b">
          <p>女</p><i>|</i><p>	{ybqage_value}岁</p><i>|</i><p>{ybzxueli_value}</p><i>|</i><p>{ybqnianxian_value}年经验</p><i>|</i><p>	{ybqjuzud_value}人</p>
        </div>
        <div class="qzctr_c">
          {yb_qz_rents_value}
        </div>
        <div class="qzctr_d">
          <img src="template/yibai_scity3/ybimg/fenlei/qz_img3.png" /><span>期望职位：</span><p>{ybqzhifwei_value}</p><img src="template/yibai_scity3/ybimg/fenlei/es_img2.jpg" /><span>期望地点：</span><p>{ybqjuzud_value}</p><img src="template/yibai_scity3/ybimg/fenlei/qz_img4.png" /><span>期望薪资：</span><p>{ybqxinshui_value}/月</p>
        </div>
        
      </div>
    
    </div>
    
    
</div>

<!--bot-->
  <div class="qz_bot">
       <div class="qzb_div">
          <div class="tit">求职意向</div>
          <div class="intention">
              <span> 目前职位：</span>{ybqzhiwei_value}<br>
              <span> 期望薪资：</span>	{ybqxinshui_value}<br>
              <span> 求职状态：</span>	{yb_qz_qzzt_value}<br> 
	      </div>
   <div class="qzctr_e">{yb_quzhi_tel_value}</div>
       </div>
       
       <div class="qzb_div">
          <div class="tit t5">自我描述</div>
          <div class="text_m">        
	  {ybqjianjie_value}
          </div>
       </div>
       
       <div class="qzb_div">
          <div class="tit t3">工作经历</div>
          <div class="text_m">          
			{yb_qz_gsjl_value}
          </div>
       </div>
       
       <div class="qzb_div">
          <div class="tit t4">教育经历</div>
          <div class="text_m">         
		 {yb_qz_jiaoyu_value}
          </div>
       </div>
       

       
    </div>

    <!--botend--> 
    ]]></item>
			<item id="stemplate"><![CDATA[<div>[loop]

<div class="ybqz_div">

  <div class="ybqz_dl"><img src="template/yibai_scity3/ybimg/fenlei/boy.png" /></div>
  <div class="ybqz_dr">
      <div class="qzdr_a"><a href="{subject_url}">{ybqname_value}</a><span class="qzdra-sp">|</span><a href="{subject_url}">	{yb_qz_sex_value}</a><span class="qzdra-sp">|</span><a href="{subject_url}">	{ybqage_value}岁</a><span class="qzdra-sp">|</span><a href="{subject_url}">{ybqzhifwei_value}</a><p>{attachment}</p><b>更新时间：{dateline}</b></div>
      <div class="qzdr_b">
        <img src="template/yibai_scity3/ybimg/fenlei/i_imga6.png" /><span>工作年限：</span>	<p>{ybqnianxian_value}年 	{ybzxueli_value}</p><i>|</i><p>{ybqxinshui_value}/月</p><i>|</i><p>我{yb_qz_qzzt_value}</p>
      </div>
      <div class="qzdr_c">
        {yb_qz_rents_value}
     </div>   
  </div>
  
</div>

[/loop]</div>]]></item>
			<item id="ptemplate"><![CDATA[]]></item>
			<item id="btemplate"><![CDATA[   <ul>
[loop]

 <li><a href="	{subject_url}"><span class="name">	{ybqname_value}</span><span class="xb">{ybzxueli_value}</span><b>	{ybqage_value}</b><i>{ybqzhifwei_value}</i></a></li>
   

[/loop]
   </ul>]]></item>
			<item id="sortid"><![CDATA[7]]></item>
			<item id="available"><![CDATA[1]]></item>
			<item id="required"><![CDATA[1]]></item>
			<item id="unchangeable"><![CDATA[0]]></item>
			<item id="search"><![CDATA[0]]></item>
			<item id="subjectshow"><![CDATA[1]]></item>
			<item id="tpdescription"><![CDATA[]]></item>
			<item id="ttdescription"><![CDATA[]]></item>
			<item id="tpexpiration"><![CDATA[0]]></item>
			<item id="ttexpiration"><![CDATA[0]]></item>
		</item>
		<item id="16">
			<item id="optionid"><![CDATA[210]]></item>
			<item id="classid"><![CDATA[5]]></item>
			<item id="displayorder"><![CDATA[20]]></item>
			<item id="expiration"><![CDATA[0]]></item>
			<item id="title"><![CDATA[性别]]></item>
			<item id="description"><![CDATA[]]></item>
			<item id="identifier"><![CDATA[yb_qz_sex]]></item>
			<item id="type"><![CDATA[radio]]></item>
			<item id="unit"><![CDATA[]]></item>
			<item id="permprompt"><![CDATA[]]></item>
			<item id="typeid"><![CDATA[7]]></item>
			<item id="name"><![CDATA[求职]]></item>
			<item id="icon"><![CDATA[]]></item>
			<item id="special"><![CDATA[1]]></item>
			<item id="modelid"><![CDATA[0]]></item>
			<item id="template"><![CDATA[<div class="qz_cont">

    <div class="qz_top">  
       
      <div class="ybqzc_tl"><img src="{ybqpic_value}" /></div>
      <div class="ybqzc_tr">
        <div class="qzctr_a"><a >{ybqname_value}</a></div>
        <div class="qzctr_b">
          <p>女</p><i>|</i><p>	{ybqage_value}岁</p><i>|</i><p>{ybzxueli_value}</p><i>|</i><p>{ybqnianxian_value}年经验</p><i>|</i><p>	{ybqjuzud_value}人</p>
        </div>
        <div class="qzctr_c">
          {yb_qz_rents_value}
        </div>
        <div class="qzctr_d">
          <img src="template/yibai_scity3/ybimg/fenlei/qz_img3.png" /><span>期望职位：</span><p>{ybqzhifwei_value}</p><img src="template/yibai_scity3/ybimg/fenlei/es_img2.jpg" /><span>期望地点：</span><p>{ybqjuzud_value}</p><img src="template/yibai_scity3/ybimg/fenlei/qz_img4.png" /><span>期望薪资：</span><p>{ybqxinshui_value}/月</p>
        </div>
        
      </div>
    
    </div>
    
    
</div>

<!--bot-->
  <div class="qz_bot">
       <div class="qzb_div">
          <div class="tit">求职意向</div>
          <div class="intention">
              <span> 目前职位：</span>{ybqzhiwei_value}<br>
              <span> 期望薪资：</span>	{ybqxinshui_value}<br>
              <span> 求职状态：</span>	{yb_qz_qzzt_value}<br> 
	      </div>
   <div class="qzctr_e">{yb_quzhi_tel_value}</div>
       </div>
       
       <div class="qzb_div">
          <div class="tit t5">自我描述</div>
          <div class="text_m">        
	  {ybqjianjie_value}
          </div>
       </div>
       
       <div class="qzb_div">
          <div class="tit t3">工作经历</div>
          <div class="text_m">          
			{yb_qz_gsjl_value}
          </div>
       </div>
       
       <div class="qzb_div">
          <div class="tit t4">教育经历</div>
          <div class="text_m">         
		 {yb_qz_jiaoyu_value}
          </div>
       </div>
       

       
    </div>

    <!--botend--> 
    ]]></item>
			<item id="stemplate"><![CDATA[<div>[loop]

<div class="ybqz_div">

  <div class="ybqz_dl"><img src="template/yibai_scity3/ybimg/fenlei/boy.png" /></div>
  <div class="ybqz_dr">
      <div class="qzdr_a"><a href="{subject_url}">{ybqname_value}</a><span class="qzdra-sp">|</span><a href="{subject_url}">	{yb_qz_sex_value}</a><span class="qzdra-sp">|</span><a href="{subject_url}">	{ybqage_value}岁</a><span class="qzdra-sp">|</span><a href="{subject_url}">{ybqzhifwei_value}</a><p>{attachment}</p><b>更新时间：{dateline}</b></div>
      <div class="qzdr_b">
        <img src="template/yibai_scity3/ybimg/fenlei/i_imga6.png" /><span>工作年限：</span>	<p>{ybqnianxian_value}年 	{ybzxueli_value}</p><i>|</i><p>{ybqxinshui_value}/月</p><i>|</i><p>我{yb_qz_qzzt_value}</p>
      </div>
      <div class="qzdr_c">
        {yb_qz_rents_value}
     </div>   
  </div>
  
</div>

[/loop]</div>]]></item>
			<item id="ptemplate"><![CDATA[]]></item>
			<item id="btemplate"><![CDATA[   <ul>
[loop]

 <li><a href="	{subject_url}"><span class="name">	{ybqname_value}</span><span class="xb">{ybzxueli_value}</span><b>	{ybqage_value}</b><i>{ybqzhifwei_value}</i></a></li>
   

[/loop]
   </ul>]]></item>
			<item id="sortid"><![CDATA[7]]></item>
			<item id="available"><![CDATA[1]]></item>
			<item id="required"><![CDATA[1]]></item>
			<item id="unchangeable"><![CDATA[0]]></item>
			<item id="search"><![CDATA[0]]></item>
			<item id="subjectshow"><![CDATA[1]]></item>
			<item id="tpdescription"><![CDATA[]]></item>
			<item id="ttdescription"><![CDATA[]]></item>
			<item id="tpexpiration"><![CDATA[0]]></item>
			<item id="ttexpiration"><![CDATA[0]]></item>
			<item id="__protect">
				<item id="usergroup"><![CDATA[]]></item>
				<item id="verify"><![CDATA[]]></item>
			</item>
			<item id="__rules">
				<item id="choices"><![CDATA[1= 男
2 = 女
3 = 保密]]></item>
			</item>
		</item>
	</item>
</root>
