<?xml version="1.0" encoding="ISO-8859-1"?>
<root>
	<item id="Title"><![CDATA[Discuz! Threadtypes]]></item>
	<item id="Version"><![CDATA[X3.4]]></item>
	<item id="Time"><![CDATA[2017-08-20 22:58]]></item>
	<item id="From"><![CDATA[Discuz! Board (http://new.100sj.net/scity3/)]]></item>
	<item id="Data">
		<item id="0">
			<item id="optionid"><![CDATA[186]]></item>
			<item id="classid"><![CDATA[6]]></item>
			<item id="displayorder"><![CDATA[0]]></item>
			<item id="expiration"><![CDATA[0]]></item>
			<item id="protect"><![CDATA[]]></item>
			<item id="title"><![CDATA[QQ]]></item>
			<item id="description"><![CDATA[]]></item>
			<item id="identifier"><![CDATA[ybhousqq]]></item>
			<item id="type"><![CDATA[text]]></item>
			<item id="unit"><![CDATA[]]></item>
			<item id="rules"><![CDATA[]]></item>
			<item id="permprompt"><![CDATA[]]></item>
			<item id="typeid"><![CDATA[16]]></item>
			<item id="name"><![CDATA[跳蚤市场]]></item>
			<item id="icon"><![CDATA[]]></item>
			<item id="special"><![CDATA[1]]></item>
			<item id="modelid"><![CDATA[0]]></item>
			<item id="template"><![CDATA[<script type="text/javascript" src="template/yibai_scity3/ybimg/js/jquery.SuperSlide.js"></script>
<div class="ybts_cont">

       <div class="ybtsc_l">
          <div class="ybtscl_a"><img src="{ybbaopic_value}" /><img src="{ybbaopic2_value}" /><img src="{ybbaopic3_value}" /><img src="{ybbaopic4_value}" /></div>
	<div class="hd">
          <ul><li><img src="{ybbaopic_value}" /></li><li><img src="{ybbaopic2_value}" /></li><li><img src="{ybbaopic3_value}" /></li><li><img src="{ybbaopic4_value}" /></li></ul>
</div>
       </div>
       
       <div class="ybtsc_r">
           <div class="tscr_a">
             <div class="tscra"><p>{yb_sao_name_value}{ybaofrom_value}</p></div>
             <div class="ybchw_cr_b"><span>价　　格：</span><span class="chw_a"><i>￥</i><b>{ybbaosale_value}</b><p>元</p></span></div>
           </div>
           <div class="tscr_b">
             <span>类　　型：</span><p class="color_a">{ybbaotype_value}</p>
           </div>
           <div class="tscr_b">
             <span>新旧程度：</span><p>	{ybbaoold_value}</p>
           </div>
           <div class="tscr_b">
             <span>交易方式：</span><p>	{ybtaojiaoyi_value}</p>
           </div>
           <div class="tscr_b">
             <span>联 系 人：</span><p>{yb_sao_ren_value}</p>
           </div>
           <div class="tscr_c">
             <span>交易地点：</span><p class="color_a">{yb_sao_add_value}</p>
           </div>
           <div class="tscr_d">
             <span>联系方式：</span><p>{yb_sao_tel_value}</p><b><a href="javascript:;" onmouseover="this.className = 'ybzfwx_img on';" onmouseout="this.className = 'ybzfwx_img';" >
<img src="template/yibai_scity3/ybimg/fenlei/i_imga3.png" />
<div id="ybzfwx_img_content"  ><img src="{ybhousweixin_value}" /></div>
</a><A href="tencent://Message/?Uin={ybhousqq_value}&websiteName=#=&Menu=yes"><img src="template/yibai_scity3/ybimg/fenlei/i_imga2.png" /></a></b>
           </div>
       
       </div> 
 
</div>
<!--topend-->
     <div class="ybzf_xxaq">
	<p>① 预付定金均存在欺骗行为！<br>② 价格低廉、在更多信息里填写电话的要谨慎！<br>③ 若遇上疑似或确定为欺诈交易、网络诈骗等信息，请向本网站举报！</p>
  </div>
<div class="ybts_bot">
  <div class="tsb_tit"><img src="template/yibai_scity3/ybimg/fenlei/ts_img3.png" /><p>详情信息</p></div>
<p class="yb_tsli">{ybtaoxiangxi_value}</p>
</div>

<div class="ybts_bot">
  <div class="tsb_tit"><img src="template/yibai_scity3/ybimg/fenlei/ts_img3.png" /><p>其他信息</p></div>
</div>
<script>

jQuery(".ybtsc_l").slide({titCell:".hd ul li ", mainCell:".ybtscl_a",autoPlay:true,interTime:5000,effect:"left"})


</script>]]></item>
			<item id="stemplate"><![CDATA[<div class="fenleip">
[loop]
<div class="sj_div">
      <div class="sjd_l"><a href="{subject_url}"><img src="{ybbaopic_value}" /></a></div>
      <div class="sjd_r">
         <div class="sjdr_a"><a href="{subject_url}">	{yb_sao_name_value}</a><p>{ybaofrom_value}{attachment}</p><span>￥<b>{ybbaosale_value}</b></span></div>
         <div class="sjdr_b">
           <span><img src="template/yibai_scity3/ybimg/fenlei/i_img44.png" />物品类型：</span><p class="color_a">{ybbaotype_value}<i>|</i> {ybbaoold_value}</p>
         </div>
         <div class="sjdr_b">
           <span><img src="template/yibai_scity3/ybimg/fenlei/i_img43.png" />交易方式：</span><p>{ybtaojiaoyi_value}</p>
         </div>
         <div class="sjdr_b">
           <span><img src="template/yibai_scity3/ybimg/fenlei/i_img31.png" />所在地区：</span><p>{yb_sao_add_value}</p>
         </div>
      </div>
    </div>
[/loop]
</div>]]></item>
			<item id="ptemplate"><![CDATA[]]></item>
			<item id="btemplate"><![CDATA[ <div class="ybfl_ybsj">
        [loop]
          <dl>
            <dt><a href="{subject_url}"><img src="	{ybbaopic_value}"/></a></dt>
            <dd><a href="{subject_url}" class="ybsj_a">{subject}</a><div class="ybsj_mg"><div class="in_sjdr_a"><p>{ybaofrom_value}</p>{attachment}</div></dd>
          </dl>
       
        [/loop] 
        
        </div> ]]></item>
			<item id="sortid"><![CDATA[16]]></item>
			<item id="available"><![CDATA[1]]></item>
			<item id="required"><![CDATA[1]]></item>
			<item id="unchangeable"><![CDATA[0]]></item>
			<item id="search"><![CDATA[0]]></item>
			<item id="subjectshow"><![CDATA[1]]></item>
			<item id="tpdescription"><![CDATA[]]></item>
			<item id="ttdescription"><![CDATA[]]></item>
			<item id="tpexpiration"><![CDATA[0]]></item>
			<item id="ttexpiration"><![CDATA[0]]></item>
		</item>
		<item id="1">
			<item id="optionid"><![CDATA[187]]></item>
			<item id="classid"><![CDATA[6]]></item>
			<item id="displayorder"><![CDATA[0]]></item>
			<item id="expiration"><![CDATA[0]]></item>
			<item id="protect"><![CDATA[]]></item>
			<item id="title"><![CDATA[微信]]></item>
			<item id="description"><![CDATA[]]></item>
			<item id="identifier"><![CDATA[ybhousweixin]]></item>
			<item id="type"><![CDATA[image]]></item>
			<item id="unit"><![CDATA[]]></item>
			<item id="rules"><![CDATA[]]></item>
			<item id="permprompt"><![CDATA[]]></item>
			<item id="typeid"><![CDATA[16]]></item>
			<item id="name"><![CDATA[跳蚤市场]]></item>
			<item id="icon"><![CDATA[]]></item>
			<item id="special"><![CDATA[1]]></item>
			<item id="modelid"><![CDATA[0]]></item>
			<item id="template"><![CDATA[<script type="text/javascript" src="template/yibai_scity3/ybimg/js/jquery.SuperSlide.js"></script>
<div class="ybts_cont">

       <div class="ybtsc_l">
          <div class="ybtscl_a"><img src="{ybbaopic_value}" /><img src="{ybbaopic2_value}" /><img src="{ybbaopic3_value}" /><img src="{ybbaopic4_value}" /></div>
	<div class="hd">
          <ul><li><img src="{ybbaopic_value}" /></li><li><img src="{ybbaopic2_value}" /></li><li><img src="{ybbaopic3_value}" /></li><li><img src="{ybbaopic4_value}" /></li></ul>
</div>
       </div>
       
       <div class="ybtsc_r">
           <div class="tscr_a">
             <div class="tscra"><p>{yb_sao_name_value}{ybaofrom_value}</p></div>
             <div class="ybchw_cr_b"><span>价　　格：</span><span class="chw_a"><i>￥</i><b>{ybbaosale_value}</b><p>元</p></span></div>
           </div>
           <div class="tscr_b">
             <span>类　　型：</span><p class="color_a">{ybbaotype_value}</p>
           </div>
           <div class="tscr_b">
             <span>新旧程度：</span><p>	{ybbaoold_value}</p>
           </div>
           <div class="tscr_b">
             <span>交易方式：</span><p>	{ybtaojiaoyi_value}</p>
           </div>
           <div class="tscr_b">
             <span>联 系 人：</span><p>{yb_sao_ren_value}</p>
           </div>
           <div class="tscr_c">
             <span>交易地点：</span><p class="color_a">{yb_sao_add_value}</p>
           </div>
           <div class="tscr_d">
             <span>联系方式：</span><p>{yb_sao_tel_value}</p><b><a href="javascript:;" onmouseover="this.className = 'ybzfwx_img on';" onmouseout="this.className = 'ybzfwx_img';" >
<img src="template/yibai_scity3/ybimg/fenlei/i_imga3.png" />
<div id="ybzfwx_img_content"  ><img src="{ybhousweixin_value}" /></div>
</a><A href="tencent://Message/?Uin={ybhousqq_value}&websiteName=#=&Menu=yes"><img src="template/yibai_scity3/ybimg/fenlei/i_imga2.png" /></a></b>
           </div>
       
       </div> 
 
</div>
<!--topend-->
     <div class="ybzf_xxaq">
	<p>① 预付定金均存在欺骗行为！<br>② 价格低廉、在更多信息里填写电话的要谨慎！<br>③ 若遇上疑似或确定为欺诈交易、网络诈骗等信息，请向本网站举报！</p>
  </div>
<div class="ybts_bot">
  <div class="tsb_tit"><img src="template/yibai_scity3/ybimg/fenlei/ts_img3.png" /><p>详情信息</p></div>
<p class="yb_tsli">{ybtaoxiangxi_value}</p>
</div>

<div class="ybts_bot">
  <div class="tsb_tit"><img src="template/yibai_scity3/ybimg/fenlei/ts_img3.png" /><p>其他信息</p></div>
</div>
<script>

jQuery(".ybtsc_l").slide({titCell:".hd ul li ", mainCell:".ybtscl_a",autoPlay:true,interTime:5000,effect:"left"})


</script>]]></item>
			<item id="stemplate"><![CDATA[<div class="fenleip">
[loop]
<div class="sj_div">
      <div class="sjd_l"><a href="{subject_url}"><img src="{ybbaopic_value}" /></a></div>
      <div class="sjd_r">
         <div class="sjdr_a"><a href="{subject_url}">	{yb_sao_name_value}</a><p>{ybaofrom_value}{attachment}</p><span>￥<b>{ybbaosale_value}</b></span></div>
         <div class="sjdr_b">
           <span><img src="template/yibai_scity3/ybimg/fenlei/i_img44.png" />物品类型：</span><p class="color_a">{ybbaotype_value}<i>|</i> {ybbaoold_value}</p>
         </div>
         <div class="sjdr_b">
           <span><img src="template/yibai_scity3/ybimg/fenlei/i_img43.png" />交易方式：</span><p>{ybtaojiaoyi_value}</p>
         </div>
         <div class="sjdr_b">
           <span><img src="template/yibai_scity3/ybimg/fenlei/i_img31.png" />所在地区：</span><p>{yb_sao_add_value}</p>
         </div>
      </div>
    </div>
[/loop]
</div>]]></item>
			<item id="ptemplate"><![CDATA[]]></item>
			<item id="btemplate"><![CDATA[ <div class="ybfl_ybsj">
        [loop]
          <dl>
            <dt><a href="{subject_url}"><img src="	{ybbaopic_value}"/></a></dt>
            <dd><a href="{subject_url}" class="ybsj_a">{subject}</a><div class="ybsj_mg"><div class="in_sjdr_a"><p>{ybaofrom_value}</p>{attachment}</div></dd>
          </dl>
       
        [/loop] 
        
        </div> ]]></item>
			<item id="sortid"><![CDATA[16]]></item>
			<item id="available"><![CDATA[1]]></item>
			<item id="required"><![CDATA[1]]></item>
			<item id="unchangeable"><![CDATA[0]]></item>
			<item id="search"><![CDATA[0]]></item>
			<item id="subjectshow"><![CDATA[1]]></item>
			<item id="tpdescription"><![CDATA[]]></item>
			<item id="ttdescription"><![CDATA[]]></item>
			<item id="tpexpiration"><![CDATA[0]]></item>
			<item id="ttexpiration"><![CDATA[0]]></item>
		</item>
		<item id="2">
			<item id="optionid"><![CDATA[229]]></item>
			<item id="classid"><![CDATA[4]]></item>
			<item id="displayorder"><![CDATA[2]]></item>
			<item id="expiration"><![CDATA[0]]></item>
			<item id="title"><![CDATA[物品类别]]></item>
			<item id="description"><![CDATA[]]></item>
			<item id="identifier"><![CDATA[ybbaotype]]></item>
			<item id="type"><![CDATA[select]]></item>
			<item id="unit"><![CDATA[]]></item>
			<item id="permprompt"><![CDATA[]]></item>
			<item id="typeid"><![CDATA[16]]></item>
			<item id="name"><![CDATA[跳蚤市场]]></item>
			<item id="icon"><![CDATA[]]></item>
			<item id="special"><![CDATA[1]]></item>
			<item id="modelid"><![CDATA[0]]></item>
			<item id="template"><![CDATA[<script type="text/javascript" src="template/yibai_scity3/ybimg/js/jquery.SuperSlide.js"></script>
<div class="ybts_cont">

       <div class="ybtsc_l">
          <div class="ybtscl_a"><img src="{ybbaopic_value}" /><img src="{ybbaopic2_value}" /><img src="{ybbaopic3_value}" /><img src="{ybbaopic4_value}" /></div>
	<div class="hd">
          <ul><li><img src="{ybbaopic_value}" /></li><li><img src="{ybbaopic2_value}" /></li><li><img src="{ybbaopic3_value}" /></li><li><img src="{ybbaopic4_value}" /></li></ul>
</div>
       </div>
       
       <div class="ybtsc_r">
           <div class="tscr_a">
             <div class="tscra"><p>{yb_sao_name_value}{ybaofrom_value}</p></div>
             <div class="ybchw_cr_b"><span>价　　格：</span><span class="chw_a"><i>￥</i><b>{ybbaosale_value}</b><p>元</p></span></div>
           </div>
           <div class="tscr_b">
             <span>类　　型：</span><p class="color_a">{ybbaotype_value}</p>
           </div>
           <div class="tscr_b">
             <span>新旧程度：</span><p>	{ybbaoold_value}</p>
           </div>
           <div class="tscr_b">
             <span>交易方式：</span><p>	{ybtaojiaoyi_value}</p>
           </div>
           <div class="tscr_b">
             <span>联 系 人：</span><p>{yb_sao_ren_value}</p>
           </div>
           <div class="tscr_c">
             <span>交易地点：</span><p class="color_a">{yb_sao_add_value}</p>
           </div>
           <div class="tscr_d">
             <span>联系方式：</span><p>{yb_sao_tel_value}</p><b><a href="javascript:;" onmouseover="this.className = 'ybzfwx_img on';" onmouseout="this.className = 'ybzfwx_img';" >
<img src="template/yibai_scity3/ybimg/fenlei/i_imga3.png" />
<div id="ybzfwx_img_content"  ><img src="{ybhousweixin_value}" /></div>
</a><A href="tencent://Message/?Uin={ybhousqq_value}&websiteName=#=&Menu=yes"><img src="template/yibai_scity3/ybimg/fenlei/i_imga2.png" /></a></b>
           </div>
       
       </div> 
 
</div>
<!--topend-->
     <div class="ybzf_xxaq">
	<p>① 预付定金均存在欺骗行为！<br>② 价格低廉、在更多信息里填写电话的要谨慎！<br>③ 若遇上疑似或确定为欺诈交易、网络诈骗等信息，请向本网站举报！</p>
  </div>
<div class="ybts_bot">
  <div class="tsb_tit"><img src="template/yibai_scity3/ybimg/fenlei/ts_img3.png" /><p>详情信息</p></div>
<p class="yb_tsli">{ybtaoxiangxi_value}</p>
</div>

<div class="ybts_bot">
  <div class="tsb_tit"><img src="template/yibai_scity3/ybimg/fenlei/ts_img3.png" /><p>其他信息</p></div>
</div>
<script>

jQuery(".ybtsc_l").slide({titCell:".hd ul li ", mainCell:".ybtscl_a",autoPlay:true,interTime:5000,effect:"left"})


</script>]]></item>
			<item id="stemplate"><![CDATA[<div class="fenleip">
[loop]
<div class="sj_div">
      <div class="sjd_l"><a href="{subject_url}"><img src="{ybbaopic_value}" /></a></div>
      <div class="sjd_r">
         <div class="sjdr_a"><a href="{subject_url}">	{yb_sao_name_value}</a><p>{ybaofrom_value}{attachment}</p><span>￥<b>{ybbaosale_value}</b></span></div>
         <div class="sjdr_b">
           <span><img src="template/yibai_scity3/ybimg/fenlei/i_img44.png" />物品类型：</span><p class="color_a">{ybbaotype_value}<i>|</i> {ybbaoold_value}</p>
         </div>
         <div class="sjdr_b">
           <span><img src="template/yibai_scity3/ybimg/fenlei/i_img43.png" />交易方式：</span><p>{ybtaojiaoyi_value}</p>
         </div>
         <div class="sjdr_b">
           <span><img src="template/yibai_scity3/ybimg/fenlei/i_img31.png" />所在地区：</span><p>{yb_sao_add_value}</p>
         </div>
      </div>
    </div>
[/loop]
</div>]]></item>
			<item id="ptemplate"><![CDATA[]]></item>
			<item id="btemplate"><![CDATA[ <div class="ybfl_ybsj">
        [loop]
          <dl>
            <dt><a href="{subject_url}"><img src="	{ybbaopic_value}"/></a></dt>
            <dd><a href="{subject_url}" class="ybsj_a">{subject}</a><div class="ybsj_mg"><div class="in_sjdr_a"><p>{ybaofrom_value}</p>{attachment}</div></dd>
          </dl>
       
        [/loop] 
        
        </div> ]]></item>
			<item id="sortid"><![CDATA[16]]></item>
			<item id="available"><![CDATA[1]]></item>
			<item id="required"><![CDATA[1]]></item>
			<item id="unchangeable"><![CDATA[0]]></item>
			<item id="search"><![CDATA[2]]></item>
			<item id="subjectshow"><![CDATA[1]]></item>
			<item id="tpdescription"><![CDATA[]]></item>
			<item id="ttdescription"><![CDATA[]]></item>
			<item id="tpexpiration"><![CDATA[0]]></item>
			<item id="ttexpiration"><![CDATA[0]]></item>
			<item id="__protect">
				<item id="usergroup"><![CDATA[]]></item>
				<item id="verify"><![CDATA[]]></item>
			</item>
			<item id="__rules">
				<item id="choices"><![CDATA[1 = 手机及配件
2 = 电脑转让
3 = 相机转让
4 = 数码产品
5 = 家用电器
6 = 日常用品
7 = 办公经营设备
8 = 收藏品/工艺品
9 = 书桌/床/椅子
10 = 服装/配饰/鞋包
11 = 母婴/玩具
12 = 运动/图书/乐器
13 = 门票
14 = 卡券]]></item>
				<item id="inputsize"><![CDATA[]]></item>
			</item>
		</item>
		<item id="3">
			<item id="optionid"><![CDATA[230]]></item>
			<item id="classid"><![CDATA[4]]></item>
			<item id="displayorder"><![CDATA[3]]></item>
			<item id="expiration"><![CDATA[0]]></item>
			<item id="title"><![CDATA[物品价格]]></item>
			<item id="description"><![CDATA[]]></item>
			<item id="identifier"><![CDATA[ybbaosale]]></item>
			<item id="type"><![CDATA[text]]></item>
			<item id="unit"><![CDATA[元]]></item>
			<item id="permprompt"><![CDATA[]]></item>
			<item id="typeid"><![CDATA[16]]></item>
			<item id="name"><![CDATA[跳蚤市场]]></item>
			<item id="icon"><![CDATA[]]></item>
			<item id="special"><![CDATA[1]]></item>
			<item id="modelid"><![CDATA[0]]></item>
			<item id="template"><![CDATA[<script type="text/javascript" src="template/yibai_scity3/ybimg/js/jquery.SuperSlide.js"></script>
<div class="ybts_cont">

       <div class="ybtsc_l">
          <div class="ybtscl_a"><img src="{ybbaopic_value}" /><img src="{ybbaopic2_value}" /><img src="{ybbaopic3_value}" /><img src="{ybbaopic4_value}" /></div>
	<div class="hd">
          <ul><li><img src="{ybbaopic_value}" /></li><li><img src="{ybbaopic2_value}" /></li><li><img src="{ybbaopic3_value}" /></li><li><img src="{ybbaopic4_value}" /></li></ul>
</div>
       </div>
       
       <div class="ybtsc_r">
           <div class="tscr_a">
             <div class="tscra"><p>{yb_sao_name_value}{ybaofrom_value}</p></div>
             <div class="ybchw_cr_b"><span>价　　格：</span><span class="chw_a"><i>￥</i><b>{ybbaosale_value}</b><p>元</p></span></div>
           </div>
           <div class="tscr_b">
             <span>类　　型：</span><p class="color_a">{ybbaotype_value}</p>
           </div>
           <div class="tscr_b">
             <span>新旧程度：</span><p>	{ybbaoold_value}</p>
           </div>
           <div class="tscr_b">
             <span>交易方式：</span><p>	{ybtaojiaoyi_value}</p>
           </div>
           <div class="tscr_b">
             <span>联 系 人：</span><p>{yb_sao_ren_value}</p>
           </div>
           <div class="tscr_c">
             <span>交易地点：</span><p class="color_a">{yb_sao_add_value}</p>
           </div>
           <div class="tscr_d">
             <span>联系方式：</span><p>{yb_sao_tel_value}</p><b><a href="javascript:;" onmouseover="this.className = 'ybzfwx_img on';" onmouseout="this.className = 'ybzfwx_img';" >
<img src="template/yibai_scity3/ybimg/fenlei/i_imga3.png" />
<div id="ybzfwx_img_content"  ><img src="{ybhousweixin_value}" /></div>
</a><A href="tencent://Message/?Uin={ybhousqq_value}&websiteName=#=&Menu=yes"><img src="template/yibai_scity3/ybimg/fenlei/i_imga2.png" /></a></b>
           </div>
       
       </div> 
 
</div>
<!--topend-->
     <div class="ybzf_xxaq">
	<p>① 预付定金均存在欺骗行为！<br>② 价格低廉、在更多信息里填写电话的要谨慎！<br>③ 若遇上疑似或确定为欺诈交易、网络诈骗等信息，请向本网站举报！</p>
  </div>
<div class="ybts_bot">
  <div class="tsb_tit"><img src="template/yibai_scity3/ybimg/fenlei/ts_img3.png" /><p>详情信息</p></div>
<p class="yb_tsli">{ybtaoxiangxi_value}</p>
</div>

<div class="ybts_bot">
  <div class="tsb_tit"><img src="template/yibai_scity3/ybimg/fenlei/ts_img3.png" /><p>其他信息</p></div>
</div>
<script>

jQuery(".ybtsc_l").slide({titCell:".hd ul li ", mainCell:".ybtscl_a",autoPlay:true,interTime:5000,effect:"left"})


</script>]]></item>
			<item id="stemplate"><![CDATA[<div class="fenleip">
[loop]
<div class="sj_div">
      <div class="sjd_l"><a href="{subject_url}"><img src="{ybbaopic_value}" /></a></div>
      <div class="sjd_r">
         <div class="sjdr_a"><a href="{subject_url}">	{yb_sao_name_value}</a><p>{ybaofrom_value}{attachment}</p><span>￥<b>{ybbaosale_value}</b></span></div>
         <div class="sjdr_b">
           <span><img src="template/yibai_scity3/ybimg/fenlei/i_img44.png" />物品类型：</span><p class="color_a">{ybbaotype_value}<i>|</i> {ybbaoold_value}</p>
         </div>
         <div class="sjdr_b">
           <span><img src="template/yibai_scity3/ybimg/fenlei/i_img43.png" />交易方式：</span><p>{ybtaojiaoyi_value}</p>
         </div>
         <div class="sjdr_b">
           <span><img src="template/yibai_scity3/ybimg/fenlei/i_img31.png" />所在地区：</span><p>{yb_sao_add_value}</p>
         </div>
      </div>
    </div>
[/loop]
</div>]]></item>
			<item id="ptemplate"><![CDATA[]]></item>
			<item id="btemplate"><![CDATA[ <div class="ybfl_ybsj">
        [loop]
          <dl>
            <dt><a href="{subject_url}"><img src="	{ybbaopic_value}"/></a></dt>
            <dd><a href="{subject_url}" class="ybsj_a">{subject}</a><div class="ybsj_mg"><div class="in_sjdr_a"><p>{ybaofrom_value}</p>{attachment}</div></dd>
          </dl>
       
        [/loop] 
        
        </div> ]]></item>
			<item id="sortid"><![CDATA[16]]></item>
			<item id="available"><![CDATA[1]]></item>
			<item id="required"><![CDATA[1]]></item>
			<item id="unchangeable"><![CDATA[0]]></item>
			<item id="search"><![CDATA[0]]></item>
			<item id="subjectshow"><![CDATA[1]]></item>
			<item id="tpdescription"><![CDATA[]]></item>
			<item id="ttdescription"><![CDATA[]]></item>
			<item id="tpexpiration"><![CDATA[0]]></item>
			<item id="ttexpiration"><![CDATA[0]]></item>
			<item id="__protect">
				<item id="status"><![CDATA[0]]></item>
				<item id="usergroup"><![CDATA[]]></item>
				<item id="verify"><![CDATA[]]></item>
			</item>
			<item id="__rules">
				<item id="maxlength"><![CDATA[]]></item>
				<item id="inputsize"><![CDATA[]]></item>
				<item id="profile"><![CDATA[]]></item>
				<item id="defaultvalue"><![CDATA[请输入数字，如：1000]]></item>
			</item>
		</item>
		<item id="4">
			<item id="optionid"><![CDATA[231]]></item>
			<item id="classid"><![CDATA[4]]></item>
			<item id="displayorder"><![CDATA[4]]></item>
			<item id="expiration"><![CDATA[0]]></item>
			<item id="title"><![CDATA[新旧]]></item>
			<item id="description"><![CDATA[]]></item>
			<item id="identifier"><![CDATA[ybbaoold]]></item>
			<item id="type"><![CDATA[select]]></item>
			<item id="unit"><![CDATA[]]></item>
			<item id="permprompt"><![CDATA[]]></item>
			<item id="typeid"><![CDATA[16]]></item>
			<item id="name"><![CDATA[跳蚤市场]]></item>
			<item id="icon"><![CDATA[]]></item>
			<item id="special"><![CDATA[1]]></item>
			<item id="modelid"><![CDATA[0]]></item>
			<item id="template"><![CDATA[<script type="text/javascript" src="template/yibai_scity3/ybimg/js/jquery.SuperSlide.js"></script>
<div class="ybts_cont">

       <div class="ybtsc_l">
          <div class="ybtscl_a"><img src="{ybbaopic_value}" /><img src="{ybbaopic2_value}" /><img src="{ybbaopic3_value}" /><img src="{ybbaopic4_value}" /></div>
	<div class="hd">
          <ul><li><img src="{ybbaopic_value}" /></li><li><img src="{ybbaopic2_value}" /></li><li><img src="{ybbaopic3_value}" /></li><li><img src="{ybbaopic4_value}" /></li></ul>
</div>
       </div>
       
       <div class="ybtsc_r">
           <div class="tscr_a">
             <div class="tscra"><p>{yb_sao_name_value}{ybaofrom_value}</p></div>
             <div class="ybchw_cr_b"><span>价　　格：</span><span class="chw_a"><i>￥</i><b>{ybbaosale_value}</b><p>元</p></span></div>
           </div>
           <div class="tscr_b">
             <span>类　　型：</span><p class="color_a">{ybbaotype_value}</p>
           </div>
           <div class="tscr_b">
             <span>新旧程度：</span><p>	{ybbaoold_value}</p>
           </div>
           <div class="tscr_b">
             <span>交易方式：</span><p>	{ybtaojiaoyi_value}</p>
           </div>
           <div class="tscr_b">
             <span>联 系 人：</span><p>{yb_sao_ren_value}</p>
           </div>
           <div class="tscr_c">
             <span>交易地点：</span><p class="color_a">{yb_sao_add_value}</p>
           </div>
           <div class="tscr_d">
             <span>联系方式：</span><p>{yb_sao_tel_value}</p><b><a href="javascript:;" onmouseover="this.className = 'ybzfwx_img on';" onmouseout="this.className = 'ybzfwx_img';" >
<img src="template/yibai_scity3/ybimg/fenlei/i_imga3.png" />
<div id="ybzfwx_img_content"  ><img src="{ybhousweixin_value}" /></div>
</a><A href="tencent://Message/?Uin={ybhousqq_value}&websiteName=#=&Menu=yes"><img src="template/yibai_scity3/ybimg/fenlei/i_imga2.png" /></a></b>
           </div>
       
       </div> 
 
</div>
<!--topend-->
     <div class="ybzf_xxaq">
	<p>① 预付定金均存在欺骗行为！<br>② 价格低廉、在更多信息里填写电话的要谨慎！<br>③ 若遇上疑似或确定为欺诈交易、网络诈骗等信息，请向本网站举报！</p>
  </div>
<div class="ybts_bot">
  <div class="tsb_tit"><img src="template/yibai_scity3/ybimg/fenlei/ts_img3.png" /><p>详情信息</p></div>
<p class="yb_tsli">{ybtaoxiangxi_value}</p>
</div>

<div class="ybts_bot">
  <div class="tsb_tit"><img src="template/yibai_scity3/ybimg/fenlei/ts_img3.png" /><p>其他信息</p></div>
</div>
<script>

jQuery(".ybtsc_l").slide({titCell:".hd ul li ", mainCell:".ybtscl_a",autoPlay:true,interTime:5000,effect:"left"})


</script>]]></item>
			<item id="stemplate"><![CDATA[<div class="fenleip">
[loop]
<div class="sj_div">
      <div class="sjd_l"><a href="{subject_url}"><img src="{ybbaopic_value}" /></a></div>
      <div class="sjd_r">
         <div class="sjdr_a"><a href="{subject_url}">	{yb_sao_name_value}</a><p>{ybaofrom_value}{attachment}</p><span>￥<b>{ybbaosale_value}</b></span></div>
         <div class="sjdr_b">
           <span><img src="template/yibai_scity3/ybimg/fenlei/i_img44.png" />物品类型：</span><p class="color_a">{ybbaotype_value}<i>|</i> {ybbaoold_value}</p>
         </div>
         <div class="sjdr_b">
           <span><img src="template/yibai_scity3/ybimg/fenlei/i_img43.png" />交易方式：</span><p>{ybtaojiaoyi_value}</p>
         </div>
         <div class="sjdr_b">
           <span><img src="template/yibai_scity3/ybimg/fenlei/i_img31.png" />所在地区：</span><p>{yb_sao_add_value}</p>
         </div>
      </div>
    </div>
[/loop]
</div>]]></item>
			<item id="ptemplate"><![CDATA[]]></item>
			<item id="btemplate"><![CDATA[ <div class="ybfl_ybsj">
        [loop]
          <dl>
            <dt><a href="{subject_url}"><img src="	{ybbaopic_value}"/></a></dt>
            <dd><a href="{subject_url}" class="ybsj_a">{subject}</a><div class="ybsj_mg"><div class="in_sjdr_a"><p>{ybaofrom_value}</p>{attachment}</div></dd>
          </dl>
       
        [/loop] 
        
        </div> ]]></item>
			<item id="sortid"><![CDATA[16]]></item>
			<item id="available"><![CDATA[1]]></item>
			<item id="required"><![CDATA[1]]></item>
			<item id="unchangeable"><![CDATA[0]]></item>
			<item id="search"><![CDATA[2]]></item>
			<item id="subjectshow"><![CDATA[1]]></item>
			<item id="tpdescription"><![CDATA[]]></item>
			<item id="ttdescription"><![CDATA[]]></item>
			<item id="tpexpiration"><![CDATA[0]]></item>
			<item id="ttexpiration"><![CDATA[0]]></item>
			<item id="__protect">
				<item id="usergroup"><![CDATA[]]></item>
				<item id="verify"><![CDATA[]]></item>
			</item>
			<item id="__rules">
				<item id="choices"><![CDATA[1=全新
2=95成新
3=9成新
4=85成新
5=8成新
6=75成新
7=7成新以下]]></item>
				<item id="inputsize"><![CDATA[]]></item>
			</item>
		</item>
		<item id="5">
			<item id="optionid"><![CDATA[232]]></item>
			<item id="classid"><![CDATA[4]]></item>
			<item id="displayorder"><![CDATA[5]]></item>
			<item id="expiration"><![CDATA[0]]></item>
			<item id="title"><![CDATA[物品来源]]></item>
			<item id="description"><![CDATA[]]></item>
			<item id="identifier"><![CDATA[ybaofrom]]></item>
			<item id="type"><![CDATA[select]]></item>
			<item id="unit"><![CDATA[]]></item>
			<item id="permprompt"><![CDATA[]]></item>
			<item id="typeid"><![CDATA[16]]></item>
			<item id="name"><![CDATA[跳蚤市场]]></item>
			<item id="icon"><![CDATA[]]></item>
			<item id="special"><![CDATA[1]]></item>
			<item id="modelid"><![CDATA[0]]></item>
			<item id="template"><![CDATA[<script type="text/javascript" src="template/yibai_scity3/ybimg/js/jquery.SuperSlide.js"></script>
<div class="ybts_cont">

       <div class="ybtsc_l">
          <div class="ybtscl_a"><img src="{ybbaopic_value}" /><img src="{ybbaopic2_value}" /><img src="{ybbaopic3_value}" /><img src="{ybbaopic4_value}" /></div>
	<div class="hd">
          <ul><li><img src="{ybbaopic_value}" /></li><li><img src="{ybbaopic2_value}" /></li><li><img src="{ybbaopic3_value}" /></li><li><img src="{ybbaopic4_value}" /></li></ul>
</div>
       </div>
       
       <div class="ybtsc_r">
           <div class="tscr_a">
             <div class="tscra"><p>{yb_sao_name_value}{ybaofrom_value}</p></div>
             <div class="ybchw_cr_b"><span>价　　格：</span><span class="chw_a"><i>￥</i><b>{ybbaosale_value}</b><p>元</p></span></div>
           </div>
           <div class="tscr_b">
             <span>类　　型：</span><p class="color_a">{ybbaotype_value}</p>
           </div>
           <div class="tscr_b">
             <span>新旧程度：</span><p>	{ybbaoold_value}</p>
           </div>
           <div class="tscr_b">
             <span>交易方式：</span><p>	{ybtaojiaoyi_value}</p>
           </div>
           <div class="tscr_b">
             <span>联 系 人：</span><p>{yb_sao_ren_value}</p>
           </div>
           <div class="tscr_c">
             <span>交易地点：</span><p class="color_a">{yb_sao_add_value}</p>
           </div>
           <div class="tscr_d">
             <span>联系方式：</span><p>{yb_sao_tel_value}</p><b><a href="javascript:;" onmouseover="this.className = 'ybzfwx_img on';" onmouseout="this.className = 'ybzfwx_img';" >
<img src="template/yibai_scity3/ybimg/fenlei/i_imga3.png" />
<div id="ybzfwx_img_content"  ><img src="{ybhousweixin_value}" /></div>
</a><A href="tencent://Message/?Uin={ybhousqq_value}&websiteName=#=&Menu=yes"><img src="template/yibai_scity3/ybimg/fenlei/i_imga2.png" /></a></b>
           </div>
       
       </div> 
 
</div>
<!--topend-->
     <div class="ybzf_xxaq">
	<p>① 预付定金均存在欺骗行为！<br>② 价格低廉、在更多信息里填写电话的要谨慎！<br>③ 若遇上疑似或确定为欺诈交易、网络诈骗等信息，请向本网站举报！</p>
  </div>
<div class="ybts_bot">
  <div class="tsb_tit"><img src="template/yibai_scity3/ybimg/fenlei/ts_img3.png" /><p>详情信息</p></div>
<p class="yb_tsli">{ybtaoxiangxi_value}</p>
</div>

<div class="ybts_bot">
  <div class="tsb_tit"><img src="template/yibai_scity3/ybimg/fenlei/ts_img3.png" /><p>其他信息</p></div>
</div>
<script>

jQuery(".ybtsc_l").slide({titCell:".hd ul li ", mainCell:".ybtscl_a",autoPlay:true,interTime:5000,effect:"left"})


</script>]]></item>
			<item id="stemplate"><![CDATA[<div class="fenleip">
[loop]
<div class="sj_div">
      <div class="sjd_l"><a href="{subject_url}"><img src="{ybbaopic_value}" /></a></div>
      <div class="sjd_r">
         <div class="sjdr_a"><a href="{subject_url}">	{yb_sao_name_value}</a><p>{ybaofrom_value}{attachment}</p><span>￥<b>{ybbaosale_value}</b></span></div>
         <div class="sjdr_b">
           <span><img src="template/yibai_scity3/ybimg/fenlei/i_img44.png" />物品类型：</span><p class="color_a">{ybbaotype_value}<i>|</i> {ybbaoold_value}</p>
         </div>
         <div class="sjdr_b">
           <span><img src="template/yibai_scity3/ybimg/fenlei/i_img43.png" />交易方式：</span><p>{ybtaojiaoyi_value}</p>
         </div>
         <div class="sjdr_b">
           <span><img src="template/yibai_scity3/ybimg/fenlei/i_img31.png" />所在地区：</span><p>{yb_sao_add_value}</p>
         </div>
      </div>
    </div>
[/loop]
</div>]]></item>
			<item id="ptemplate"><![CDATA[]]></item>
			<item id="btemplate"><![CDATA[ <div class="ybfl_ybsj">
        [loop]
          <dl>
            <dt><a href="{subject_url}"><img src="	{ybbaopic_value}"/></a></dt>
            <dd><a href="{subject_url}" class="ybsj_a">{subject}</a><div class="ybsj_mg"><div class="in_sjdr_a"><p>{ybaofrom_value}</p>{attachment}</div></dd>
          </dl>
       
        [/loop] 
        
        </div> ]]></item>
			<item id="sortid"><![CDATA[16]]></item>
			<item id="available"><![CDATA[1]]></item>
			<item id="required"><![CDATA[1]]></item>
			<item id="unchangeable"><![CDATA[0]]></item>
			<item id="search"><![CDATA[2]]></item>
			<item id="subjectshow"><![CDATA[1]]></item>
			<item id="tpdescription"><![CDATA[]]></item>
			<item id="ttdescription"><![CDATA[]]></item>
			<item id="tpexpiration"><![CDATA[0]]></item>
			<item id="ttexpiration"><![CDATA[0]]></item>
			<item id="__protect">
				<item id="usergroup"><![CDATA[]]></item>
				<item id="verify"><![CDATA[]]></item>
			</item>
			<item id="__rules">
				<item id="choices"><![CDATA[1=<span>个</span>
2=<i>商</i>]]></item>
				<item id="inputsize"><![CDATA[]]></item>
			</item>
		</item>
		<item id="6">
			<item id="optionid"><![CDATA[233]]></item>
			<item id="classid"><![CDATA[4]]></item>
			<item id="displayorder"><![CDATA[6]]></item>
			<item id="expiration"><![CDATA[0]]></item>
			<item id="title"><![CDATA[交易方式]]></item>
			<item id="description"><![CDATA[]]></item>
			<item id="identifier"><![CDATA[ybtaojiaoyi]]></item>
			<item id="type"><![CDATA[select]]></item>
			<item id="unit"><![CDATA[]]></item>
			<item id="permprompt"><![CDATA[]]></item>
			<item id="typeid"><![CDATA[16]]></item>
			<item id="name"><![CDATA[跳蚤市场]]></item>
			<item id="icon"><![CDATA[]]></item>
			<item id="special"><![CDATA[1]]></item>
			<item id="modelid"><![CDATA[0]]></item>
			<item id="template"><![CDATA[<script type="text/javascript" src="template/yibai_scity3/ybimg/js/jquery.SuperSlide.js"></script>
<div class="ybts_cont">

       <div class="ybtsc_l">
          <div class="ybtscl_a"><img src="{ybbaopic_value}" /><img src="{ybbaopic2_value}" /><img src="{ybbaopic3_value}" /><img src="{ybbaopic4_value}" /></div>
	<div class="hd">
          <ul><li><img src="{ybbaopic_value}" /></li><li><img src="{ybbaopic2_value}" /></li><li><img src="{ybbaopic3_value}" /></li><li><img src="{ybbaopic4_value}" /></li></ul>
</div>
       </div>
       
       <div class="ybtsc_r">
           <div class="tscr_a">
             <div class="tscra"><p>{yb_sao_name_value}{ybaofrom_value}</p></div>
             <div class="ybchw_cr_b"><span>价　　格：</span><span class="chw_a"><i>￥</i><b>{ybbaosale_value}</b><p>元</p></span></div>
           </div>
           <div class="tscr_b">
             <span>类　　型：</span><p class="color_a">{ybbaotype_value}</p>
           </div>
           <div class="tscr_b">
             <span>新旧程度：</span><p>	{ybbaoold_value}</p>
           </div>
           <div class="tscr_b">
             <span>交易方式：</span><p>	{ybtaojiaoyi_value}</p>
           </div>
           <div class="tscr_b">
             <span>联 系 人：</span><p>{yb_sao_ren_value}</p>
           </div>
           <div class="tscr_c">
             <span>交易地点：</span><p class="color_a">{yb_sao_add_value}</p>
           </div>
           <div class="tscr_d">
             <span>联系方式：</span><p>{yb_sao_tel_value}</p><b><a href="javascript:;" onmouseover="this.className = 'ybzfwx_img on';" onmouseout="this.className = 'ybzfwx_img';" >
<img src="template/yibai_scity3/ybimg/fenlei/i_imga3.png" />
<div id="ybzfwx_img_content"  ><img src="{ybhousweixin_value}" /></div>
</a><A href="tencent://Message/?Uin={ybhousqq_value}&websiteName=#=&Menu=yes"><img src="template/yibai_scity3/ybimg/fenlei/i_imga2.png" /></a></b>
           </div>
       
       </div> 
 
</div>
<!--topend-->
     <div class="ybzf_xxaq">
	<p>① 预付定金均存在欺骗行为！<br>② 价格低廉、在更多信息里填写电话的要谨慎！<br>③ 若遇上疑似或确定为欺诈交易、网络诈骗等信息，请向本网站举报！</p>
  </div>
<div class="ybts_bot">
  <div class="tsb_tit"><img src="template/yibai_scity3/ybimg/fenlei/ts_img3.png" /><p>详情信息</p></div>
<p class="yb_tsli">{ybtaoxiangxi_value}</p>
</div>

<div class="ybts_bot">
  <div class="tsb_tit"><img src="template/yibai_scity3/ybimg/fenlei/ts_img3.png" /><p>其他信息</p></div>
</div>
<script>

jQuery(".ybtsc_l").slide({titCell:".hd ul li ", mainCell:".ybtscl_a",autoPlay:true,interTime:5000,effect:"left"})


</script>]]></item>
			<item id="stemplate"><![CDATA[<div class="fenleip">
[loop]
<div class="sj_div">
      <div class="sjd_l"><a href="{subject_url}"><img src="{ybbaopic_value}" /></a></div>
      <div class="sjd_r">
         <div class="sjdr_a"><a href="{subject_url}">	{yb_sao_name_value}</a><p>{ybaofrom_value}{attachment}</p><span>￥<b>{ybbaosale_value}</b></span></div>
         <div class="sjdr_b">
           <span><img src="template/yibai_scity3/ybimg/fenlei/i_img44.png" />物品类型：</span><p class="color_a">{ybbaotype_value}<i>|</i> {ybbaoold_value}</p>
         </div>
         <div class="sjdr_b">
           <span><img src="template/yibai_scity3/ybimg/fenlei/i_img43.png" />交易方式：</span><p>{ybtaojiaoyi_value}</p>
         </div>
         <div class="sjdr_b">
           <span><img src="template/yibai_scity3/ybimg/fenlei/i_img31.png" />所在地区：</span><p>{yb_sao_add_value}</p>
         </div>
      </div>
    </div>
[/loop]
</div>]]></item>
			<item id="ptemplate"><![CDATA[]]></item>
			<item id="btemplate"><![CDATA[ <div class="ybfl_ybsj">
        [loop]
          <dl>
            <dt><a href="{subject_url}"><img src="	{ybbaopic_value}"/></a></dt>
            <dd><a href="{subject_url}" class="ybsj_a">{subject}</a><div class="ybsj_mg"><div class="in_sjdr_a"><p>{ybaofrom_value}</p>{attachment}</div></dd>
          </dl>
       
        [/loop] 
        
        </div> ]]></item>
			<item id="sortid"><![CDATA[16]]></item>
			<item id="available"><![CDATA[1]]></item>
			<item id="required"><![CDATA[1]]></item>
			<item id="unchangeable"><![CDATA[0]]></item>
			<item id="search"><![CDATA[2]]></item>
			<item id="subjectshow"><![CDATA[1]]></item>
			<item id="tpdescription"><![CDATA[]]></item>
			<item id="ttdescription"><![CDATA[]]></item>
			<item id="tpexpiration"><![CDATA[0]]></item>
			<item id="ttexpiration"><![CDATA[0]]></item>
			<item id="__protect">
				<item id="usergroup"><![CDATA[]]></item>
				<item id="verify"><![CDATA[]]></item>
			</item>
			<item id="__rules">
				<item id="choices"><![CDATA[1=当面交易
2=快递交易
3=送货上门
4=上门自取]]></item>
				<item id="inputsize"><![CDATA[]]></item>
			</item>
		</item>
		<item id="7">
			<item id="optionid"><![CDATA[234]]></item>
			<item id="classid"><![CDATA[4]]></item>
			<item id="displayorder"><![CDATA[1]]></item>
			<item id="expiration"><![CDATA[0]]></item>
			<item id="title"><![CDATA[物品图片1]]></item>
			<item id="description"><![CDATA[]]></item>
			<item id="identifier"><![CDATA[ybbaopic]]></item>
			<item id="type"><![CDATA[image]]></item>
			<item id="unit"><![CDATA[]]></item>
			<item id="permprompt"><![CDATA[]]></item>
			<item id="typeid"><![CDATA[16]]></item>
			<item id="name"><![CDATA[跳蚤市场]]></item>
			<item id="icon"><![CDATA[]]></item>
			<item id="special"><![CDATA[1]]></item>
			<item id="modelid"><![CDATA[0]]></item>
			<item id="template"><![CDATA[<script type="text/javascript" src="template/yibai_scity3/ybimg/js/jquery.SuperSlide.js"></script>
<div class="ybts_cont">

       <div class="ybtsc_l">
          <div class="ybtscl_a"><img src="{ybbaopic_value}" /><img src="{ybbaopic2_value}" /><img src="{ybbaopic3_value}" /><img src="{ybbaopic4_value}" /></div>
	<div class="hd">
          <ul><li><img src="{ybbaopic_value}" /></li><li><img src="{ybbaopic2_value}" /></li><li><img src="{ybbaopic3_value}" /></li><li><img src="{ybbaopic4_value}" /></li></ul>
</div>
       </div>
       
       <div class="ybtsc_r">
           <div class="tscr_a">
             <div class="tscra"><p>{yb_sao_name_value}{ybaofrom_value}</p></div>
             <div class="ybchw_cr_b"><span>价　　格：</span><span class="chw_a"><i>￥</i><b>{ybbaosale_value}</b><p>元</p></span></div>
           </div>
           <div class="tscr_b">
             <span>类　　型：</span><p class="color_a">{ybbaotype_value}</p>
           </div>
           <div class="tscr_b">
             <span>新旧程度：</span><p>	{ybbaoold_value}</p>
           </div>
           <div class="tscr_b">
             <span>交易方式：</span><p>	{ybtaojiaoyi_value}</p>
           </div>
           <div class="tscr_b">
             <span>联 系 人：</span><p>{yb_sao_ren_value}</p>
           </div>
           <div class="tscr_c">
             <span>交易地点：</span><p class="color_a">{yb_sao_add_value}</p>
           </div>
           <div class="tscr_d">
             <span>联系方式：</span><p>{yb_sao_tel_value}</p><b><a href="javascript:;" onmouseover="this.className = 'ybzfwx_img on';" onmouseout="this.className = 'ybzfwx_img';" >
<img src="template/yibai_scity3/ybimg/fenlei/i_imga3.png" />
<div id="ybzfwx_img_content"  ><img src="{ybhousweixin_value}" /></div>
</a><A href="tencent://Message/?Uin={ybhousqq_value}&websiteName=#=&Menu=yes"><img src="template/yibai_scity3/ybimg/fenlei/i_imga2.png" /></a></b>
           </div>
       
       </div> 
 
</div>
<!--topend-->
     <div class="ybzf_xxaq">
	<p>① 预付定金均存在欺骗行为！<br>② 价格低廉、在更多信息里填写电话的要谨慎！<br>③ 若遇上疑似或确定为欺诈交易、网络诈骗等信息，请向本网站举报！</p>
  </div>
<div class="ybts_bot">
  <div class="tsb_tit"><img src="template/yibai_scity3/ybimg/fenlei/ts_img3.png" /><p>详情信息</p></div>
<p class="yb_tsli">{ybtaoxiangxi_value}</p>
</div>

<div class="ybts_bot">
  <div class="tsb_tit"><img src="template/yibai_scity3/ybimg/fenlei/ts_img3.png" /><p>其他信息</p></div>
</div>
<script>

jQuery(".ybtsc_l").slide({titCell:".hd ul li ", mainCell:".ybtscl_a",autoPlay:true,interTime:5000,effect:"left"})


</script>]]></item>
			<item id="stemplate"><![CDATA[<div class="fenleip">
[loop]
<div class="sj_div">
      <div class="sjd_l"><a href="{subject_url}"><img src="{ybbaopic_value}" /></a></div>
      <div class="sjd_r">
         <div class="sjdr_a"><a href="{subject_url}">	{yb_sao_name_value}</a><p>{ybaofrom_value}{attachment}</p><span>￥<b>{ybbaosale_value}</b></span></div>
         <div class="sjdr_b">
           <span><img src="template/yibai_scity3/ybimg/fenlei/i_img44.png" />物品类型：</span><p class="color_a">{ybbaotype_value}<i>|</i> {ybbaoold_value}</p>
         </div>
         <div class="sjdr_b">
           <span><img src="template/yibai_scity3/ybimg/fenlei/i_img43.png" />交易方式：</span><p>{ybtaojiaoyi_value}</p>
         </div>
         <div class="sjdr_b">
           <span><img src="template/yibai_scity3/ybimg/fenlei/i_img31.png" />所在地区：</span><p>{yb_sao_add_value}</p>
         </div>
      </div>
    </div>
[/loop]
</div>]]></item>
			<item id="ptemplate"><![CDATA[]]></item>
			<item id="btemplate"><![CDATA[ <div class="ybfl_ybsj">
        [loop]
          <dl>
            <dt><a href="{subject_url}"><img src="	{ybbaopic_value}"/></a></dt>
            <dd><a href="{subject_url}" class="ybsj_a">{subject}</a><div class="ybsj_mg"><div class="in_sjdr_a"><p>{ybaofrom_value}</p>{attachment}</div></dd>
          </dl>
       
        [/loop] 
        
        </div> ]]></item>
			<item id="sortid"><![CDATA[16]]></item>
			<item id="available"><![CDATA[1]]></item>
			<item id="required"><![CDATA[1]]></item>
			<item id="unchangeable"><![CDATA[0]]></item>
			<item id="search"><![CDATA[0]]></item>
			<item id="subjectshow"><![CDATA[1]]></item>
			<item id="tpdescription"><![CDATA[]]></item>
			<item id="ttdescription"><![CDATA[]]></item>
			<item id="tpexpiration"><![CDATA[0]]></item>
			<item id="ttexpiration"><![CDATA[0]]></item>
			<item id="__protect">
				<item id="usergroup"><![CDATA[]]></item>
				<item id="verify"><![CDATA[]]></item>
			</item>
			<item id="__rules">
				<item id="maxwidth"><![CDATA[]]></item>
				<item id="maxheight"><![CDATA[]]></item>
				<item id="inputsize"><![CDATA[]]></item>
			</item>
		</item>
		<item id="8">
			<item id="optionid"><![CDATA[235]]></item>
			<item id="classid"><![CDATA[4]]></item>
			<item id="displayorder"><![CDATA[9]]></item>
			<item id="expiration"><![CDATA[0]]></item>
			<item id="title"><![CDATA[物品详情]]></item>
			<item id="description"><![CDATA[]]></item>
			<item id="identifier"><![CDATA[ybtaoxiangxi]]></item>
			<item id="type"><![CDATA[textarea]]></item>
			<item id="unit"><![CDATA[]]></item>
			<item id="permprompt"><![CDATA[]]></item>
			<item id="typeid"><![CDATA[16]]></item>
			<item id="name"><![CDATA[跳蚤市场]]></item>
			<item id="icon"><![CDATA[]]></item>
			<item id="special"><![CDATA[1]]></item>
			<item id="modelid"><![CDATA[0]]></item>
			<item id="template"><![CDATA[<script type="text/javascript" src="template/yibai_scity3/ybimg/js/jquery.SuperSlide.js"></script>
<div class="ybts_cont">

       <div class="ybtsc_l">
          <div class="ybtscl_a"><img src="{ybbaopic_value}" /><img src="{ybbaopic2_value}" /><img src="{ybbaopic3_value}" /><img src="{ybbaopic4_value}" /></div>
	<div class="hd">
          <ul><li><img src="{ybbaopic_value}" /></li><li><img src="{ybbaopic2_value}" /></li><li><img src="{ybbaopic3_value}" /></li><li><img src="{ybbaopic4_value}" /></li></ul>
</div>
       </div>
       
       <div class="ybtsc_r">
           <div class="tscr_a">
             <div class="tscra"><p>{yb_sao_name_value}{ybaofrom_value}</p></div>
             <div class="ybchw_cr_b"><span>价　　格：</span><span class="chw_a"><i>￥</i><b>{ybbaosale_value}</b><p>元</p></span></div>
           </div>
           <div class="tscr_b">
             <span>类　　型：</span><p class="color_a">{ybbaotype_value}</p>
           </div>
           <div class="tscr_b">
             <span>新旧程度：</span><p>	{ybbaoold_value}</p>
           </div>
           <div class="tscr_b">
             <span>交易方式：</span><p>	{ybtaojiaoyi_value}</p>
           </div>
           <div class="tscr_b">
             <span>联 系 人：</span><p>{yb_sao_ren_value}</p>
           </div>
           <div class="tscr_c">
             <span>交易地点：</span><p class="color_a">{yb_sao_add_value}</p>
           </div>
           <div class="tscr_d">
             <span>联系方式：</span><p>{yb_sao_tel_value}</p><b><a href="javascript:;" onmouseover="this.className = 'ybzfwx_img on';" onmouseout="this.className = 'ybzfwx_img';" >
<img src="template/yibai_scity3/ybimg/fenlei/i_imga3.png" />
<div id="ybzfwx_img_content"  ><img src="{ybhousweixin_value}" /></div>
</a><A href="tencent://Message/?Uin={ybhousqq_value}&websiteName=#=&Menu=yes"><img src="template/yibai_scity3/ybimg/fenlei/i_imga2.png" /></a></b>
           </div>
       
       </div> 
 
</div>
<!--topend-->
     <div class="ybzf_xxaq">
	<p>① 预付定金均存在欺骗行为！<br>② 价格低廉、在更多信息里填写电话的要谨慎！<br>③ 若遇上疑似或确定为欺诈交易、网络诈骗等信息，请向本网站举报！</p>
  </div>
<div class="ybts_bot">
  <div class="tsb_tit"><img src="template/yibai_scity3/ybimg/fenlei/ts_img3.png" /><p>详情信息</p></div>
<p class="yb_tsli">{ybtaoxiangxi_value}</p>
</div>

<div class="ybts_bot">
  <div class="tsb_tit"><img src="template/yibai_scity3/ybimg/fenlei/ts_img3.png" /><p>其他信息</p></div>
</div>
<script>

jQuery(".ybtsc_l").slide({titCell:".hd ul li ", mainCell:".ybtscl_a",autoPlay:true,interTime:5000,effect:"left"})


</script>]]></item>
			<item id="stemplate"><![CDATA[<div class="fenleip">
[loop]
<div class="sj_div">
      <div class="sjd_l"><a href="{subject_url}"><img src="{ybbaopic_value}" /></a></div>
      <div class="sjd_r">
         <div class="sjdr_a"><a href="{subject_url}">	{yb_sao_name_value}</a><p>{ybaofrom_value}{attachment}</p><span>￥<b>{ybbaosale_value}</b></span></div>
         <div class="sjdr_b">
           <span><img src="template/yibai_scity3/ybimg/fenlei/i_img44.png" />物品类型：</span><p class="color_a">{ybbaotype_value}<i>|</i> {ybbaoold_value}</p>
         </div>
         <div class="sjdr_b">
           <span><img src="template/yibai_scity3/ybimg/fenlei/i_img43.png" />交易方式：</span><p>{ybtaojiaoyi_value}</p>
         </div>
         <div class="sjdr_b">
           <span><img src="template/yibai_scity3/ybimg/fenlei/i_img31.png" />所在地区：</span><p>{yb_sao_add_value}</p>
         </div>
      </div>
    </div>
[/loop]
</div>]]></item>
			<item id="ptemplate"><![CDATA[]]></item>
			<item id="btemplate"><![CDATA[ <div class="ybfl_ybsj">
        [loop]
          <dl>
            <dt><a href="{subject_url}"><img src="	{ybbaopic_value}"/></a></dt>
            <dd><a href="{subject_url}" class="ybsj_a">{subject}</a><div class="ybsj_mg"><div class="in_sjdr_a"><p>{ybaofrom_value}</p>{attachment}</div></dd>
          </dl>
       
        [/loop] 
        
        </div> ]]></item>
			<item id="sortid"><![CDATA[16]]></item>
			<item id="available"><![CDATA[1]]></item>
			<item id="required"><![CDATA[1]]></item>
			<item id="unchangeable"><![CDATA[0]]></item>
			<item id="search"><![CDATA[0]]></item>
			<item id="subjectshow"><![CDATA[1]]></item>
			<item id="tpdescription"><![CDATA[]]></item>
			<item id="ttdescription"><![CDATA[]]></item>
			<item id="tpexpiration"><![CDATA[0]]></item>
			<item id="ttexpiration"><![CDATA[0]]></item>
			<item id="__protect">
				<item id="status"><![CDATA[0]]></item>
				<item id="usergroup"><![CDATA[]]></item>
				<item id="verify"><![CDATA[]]></item>
			</item>
			<item id="__rules">
				<item id="maxlength"><![CDATA[]]></item>
				<item id="colsize"><![CDATA[]]></item>
				<item id="rowsize"><![CDATA[]]></item>
				<item id="defaultvalue"><![CDATA[]]></item>
			</item>
		</item>
		<item id="9">
			<item id="optionid"><![CDATA[267]]></item>
			<item id="classid"><![CDATA[4]]></item>
			<item id="displayorder"><![CDATA[0]]></item>
			<item id="expiration"><![CDATA[0]]></item>
			<item id="protect"><![CDATA[]]></item>
			<item id="title"><![CDATA[物品图片2]]></item>
			<item id="description"><![CDATA[]]></item>
			<item id="identifier"><![CDATA[ybbaopic2]]></item>
			<item id="type"><![CDATA[image]]></item>
			<item id="unit"><![CDATA[]]></item>
			<item id="rules"><![CDATA[]]></item>
			<item id="permprompt"><![CDATA[]]></item>
			<item id="typeid"><![CDATA[16]]></item>
			<item id="name"><![CDATA[跳蚤市场]]></item>
			<item id="icon"><![CDATA[]]></item>
			<item id="special"><![CDATA[1]]></item>
			<item id="modelid"><![CDATA[0]]></item>
			<item id="template"><![CDATA[<script type="text/javascript" src="template/yibai_scity3/ybimg/js/jquery.SuperSlide.js"></script>
<div class="ybts_cont">

       <div class="ybtsc_l">
          <div class="ybtscl_a"><img src="{ybbaopic_value}" /><img src="{ybbaopic2_value}" /><img src="{ybbaopic3_value}" /><img src="{ybbaopic4_value}" /></div>
	<div class="hd">
          <ul><li><img src="{ybbaopic_value}" /></li><li><img src="{ybbaopic2_value}" /></li><li><img src="{ybbaopic3_value}" /></li><li><img src="{ybbaopic4_value}" /></li></ul>
</div>
       </div>
       
       <div class="ybtsc_r">
           <div class="tscr_a">
             <div class="tscra"><p>{yb_sao_name_value}{ybaofrom_value}</p></div>
             <div class="ybchw_cr_b"><span>价　　格：</span><span class="chw_a"><i>￥</i><b>{ybbaosale_value}</b><p>元</p></span></div>
           </div>
           <div class="tscr_b">
             <span>类　　型：</span><p class="color_a">{ybbaotype_value}</p>
           </div>
           <div class="tscr_b">
             <span>新旧程度：</span><p>	{ybbaoold_value}</p>
           </div>
           <div class="tscr_b">
             <span>交易方式：</span><p>	{ybtaojiaoyi_value}</p>
           </div>
           <div class="tscr_b">
             <span>联 系 人：</span><p>{yb_sao_ren_value}</p>
           </div>
           <div class="tscr_c">
             <span>交易地点：</span><p class="color_a">{yb_sao_add_value}</p>
           </div>
           <div class="tscr_d">
             <span>联系方式：</span><p>{yb_sao_tel_value}</p><b><a href="javascript:;" onmouseover="this.className = 'ybzfwx_img on';" onmouseout="this.className = 'ybzfwx_img';" >
<img src="template/yibai_scity3/ybimg/fenlei/i_imga3.png" />
<div id="ybzfwx_img_content"  ><img src="{ybhousweixin_value}" /></div>
</a><A href="tencent://Message/?Uin={ybhousqq_value}&websiteName=#=&Menu=yes"><img src="template/yibai_scity3/ybimg/fenlei/i_imga2.png" /></a></b>
           </div>
       
       </div> 
 
</div>
<!--topend-->
     <div class="ybzf_xxaq">
	<p>① 预付定金均存在欺骗行为！<br>② 价格低廉、在更多信息里填写电话的要谨慎！<br>③ 若遇上疑似或确定为欺诈交易、网络诈骗等信息，请向本网站举报！</p>
  </div>
<div class="ybts_bot">
  <div class="tsb_tit"><img src="template/yibai_scity3/ybimg/fenlei/ts_img3.png" /><p>详情信息</p></div>
<p class="yb_tsli">{ybtaoxiangxi_value}</p>
</div>

<div class="ybts_bot">
  <div class="tsb_tit"><img src="template/yibai_scity3/ybimg/fenlei/ts_img3.png" /><p>其他信息</p></div>
</div>
<script>

jQuery(".ybtsc_l").slide({titCell:".hd ul li ", mainCell:".ybtscl_a",autoPlay:true,interTime:5000,effect:"left"})


</script>]]></item>
			<item id="stemplate"><![CDATA[<div class="fenleip">
[loop]
<div class="sj_div">
      <div class="sjd_l"><a href="{subject_url}"><img src="{ybbaopic_value}" /></a></div>
      <div class="sjd_r">
         <div class="sjdr_a"><a href="{subject_url}">	{yb_sao_name_value}</a><p>{ybaofrom_value}{attachment}</p><span>￥<b>{ybbaosale_value}</b></span></div>
         <div class="sjdr_b">
           <span><img src="template/yibai_scity3/ybimg/fenlei/i_img44.png" />物品类型：</span><p class="color_a">{ybbaotype_value}<i>|</i> {ybbaoold_value}</p>
         </div>
         <div class="sjdr_b">
           <span><img src="template/yibai_scity3/ybimg/fenlei/i_img43.png" />交易方式：</span><p>{ybtaojiaoyi_value}</p>
         </div>
         <div class="sjdr_b">
           <span><img src="template/yibai_scity3/ybimg/fenlei/i_img31.png" />所在地区：</span><p>{yb_sao_add_value}</p>
         </div>
      </div>
    </div>
[/loop]
</div>]]></item>
			<item id="ptemplate"><![CDATA[]]></item>
			<item id="btemplate"><![CDATA[ <div class="ybfl_ybsj">
        [loop]
          <dl>
            <dt><a href="{subject_url}"><img src="	{ybbaopic_value}"/></a></dt>
            <dd><a href="{subject_url}" class="ybsj_a">{subject}</a><div class="ybsj_mg"><div class="in_sjdr_a"><p>{ybaofrom_value}</p>{attachment}</div></dd>
          </dl>
       
        [/loop] 
        
        </div> ]]></item>
			<item id="sortid"><![CDATA[16]]></item>
			<item id="available"><![CDATA[1]]></item>
			<item id="required"><![CDATA[1]]></item>
			<item id="unchangeable"><![CDATA[0]]></item>
			<item id="search"><![CDATA[0]]></item>
			<item id="subjectshow"><![CDATA[1]]></item>
			<item id="tpdescription"><![CDATA[]]></item>
			<item id="ttdescription"><![CDATA[]]></item>
			<item id="tpexpiration"><![CDATA[0]]></item>
			<item id="ttexpiration"><![CDATA[0]]></item>
		</item>
		<item id="10">
			<item id="optionid"><![CDATA[268]]></item>
			<item id="classid"><![CDATA[4]]></item>
			<item id="displayorder"><![CDATA[0]]></item>
			<item id="expiration"><![CDATA[0]]></item>
			<item id="protect"><![CDATA[]]></item>
			<item id="title"><![CDATA[物品图片3]]></item>
			<item id="description"><![CDATA[]]></item>
			<item id="identifier"><![CDATA[ybbaopic3]]></item>
			<item id="type"><![CDATA[image]]></item>
			<item id="unit"><![CDATA[]]></item>
			<item id="rules"><![CDATA[]]></item>
			<item id="permprompt"><![CDATA[]]></item>
			<item id="typeid"><![CDATA[16]]></item>
			<item id="name"><![CDATA[跳蚤市场]]></item>
			<item id="icon"><![CDATA[]]></item>
			<item id="special"><![CDATA[1]]></item>
			<item id="modelid"><![CDATA[0]]></item>
			<item id="template"><![CDATA[<script type="text/javascript" src="template/yibai_scity3/ybimg/js/jquery.SuperSlide.js"></script>
<div class="ybts_cont">

       <div class="ybtsc_l">
          <div class="ybtscl_a"><img src="{ybbaopic_value}" /><img src="{ybbaopic2_value}" /><img src="{ybbaopic3_value}" /><img src="{ybbaopic4_value}" /></div>
	<div class="hd">
          <ul><li><img src="{ybbaopic_value}" /></li><li><img src="{ybbaopic2_value}" /></li><li><img src="{ybbaopic3_value}" /></li><li><img src="{ybbaopic4_value}" /></li></ul>
</div>
       </div>
       
       <div class="ybtsc_r">
           <div class="tscr_a">
             <div class="tscra"><p>{yb_sao_name_value}{ybaofrom_value}</p></div>
             <div class="ybchw_cr_b"><span>价　　格：</span><span class="chw_a"><i>￥</i><b>{ybbaosale_value}</b><p>元</p></span></div>
           </div>
           <div class="tscr_b">
             <span>类　　型：</span><p class="color_a">{ybbaotype_value}</p>
           </div>
           <div class="tscr_b">
             <span>新旧程度：</span><p>	{ybbaoold_value}</p>
           </div>
           <div class="tscr_b">
             <span>交易方式：</span><p>	{ybtaojiaoyi_value}</p>
           </div>
           <div class="tscr_b">
             <span>联 系 人：</span><p>{yb_sao_ren_value}</p>
           </div>
           <div class="tscr_c">
             <span>交易地点：</span><p class="color_a">{yb_sao_add_value}</p>
           </div>
           <div class="tscr_d">
             <span>联系方式：</span><p>{yb_sao_tel_value}</p><b><a href="javascript:;" onmouseover="this.className = 'ybzfwx_img on';" onmouseout="this.className = 'ybzfwx_img';" >
<img src="template/yibai_scity3/ybimg/fenlei/i_imga3.png" />
<div id="ybzfwx_img_content"  ><img src="{ybhousweixin_value}" /></div>
</a><A href="tencent://Message/?Uin={ybhousqq_value}&websiteName=#=&Menu=yes"><img src="template/yibai_scity3/ybimg/fenlei/i_imga2.png" /></a></b>
           </div>
       
       </div> 
 
</div>
<!--topend-->
     <div class="ybzf_xxaq">
	<p>① 预付定金均存在欺骗行为！<br>② 价格低廉、在更多信息里填写电话的要谨慎！<br>③ 若遇上疑似或确定为欺诈交易、网络诈骗等信息，请向本网站举报！</p>
  </div>
<div class="ybts_bot">
  <div class="tsb_tit"><img src="template/yibai_scity3/ybimg/fenlei/ts_img3.png" /><p>详情信息</p></div>
<p class="yb_tsli">{ybtaoxiangxi_value}</p>
</div>

<div class="ybts_bot">
  <div class="tsb_tit"><img src="template/yibai_scity3/ybimg/fenlei/ts_img3.png" /><p>其他信息</p></div>
</div>
<script>

jQuery(".ybtsc_l").slide({titCell:".hd ul li ", mainCell:".ybtscl_a",autoPlay:true,interTime:5000,effect:"left"})


</script>]]></item>
			<item id="stemplate"><![CDATA[<div class="fenleip">
[loop]
<div class="sj_div">
      <div class="sjd_l"><a href="{subject_url}"><img src="{ybbaopic_value}" /></a></div>
      <div class="sjd_r">
         <div class="sjdr_a"><a href="{subject_url}">	{yb_sao_name_value}</a><p>{ybaofrom_value}{attachment}</p><span>￥<b>{ybbaosale_value}</b></span></div>
         <div class="sjdr_b">
           <span><img src="template/yibai_scity3/ybimg/fenlei/i_img44.png" />物品类型：</span><p class="color_a">{ybbaotype_value}<i>|</i> {ybbaoold_value}</p>
         </div>
         <div class="sjdr_b">
           <span><img src="template/yibai_scity3/ybimg/fenlei/i_img43.png" />交易方式：</span><p>{ybtaojiaoyi_value}</p>
         </div>
         <div class="sjdr_b">
           <span><img src="template/yibai_scity3/ybimg/fenlei/i_img31.png" />所在地区：</span><p>{yb_sao_add_value}</p>
         </div>
      </div>
    </div>
[/loop]
</div>]]></item>
			<item id="ptemplate"><![CDATA[]]></item>
			<item id="btemplate"><![CDATA[ <div class="ybfl_ybsj">
        [loop]
          <dl>
            <dt><a href="{subject_url}"><img src="	{ybbaopic_value}"/></a></dt>
            <dd><a href="{subject_url}" class="ybsj_a">{subject}</a><div class="ybsj_mg"><div class="in_sjdr_a"><p>{ybaofrom_value}</p>{attachment}</div></dd>
          </dl>
       
        [/loop] 
        
        </div> ]]></item>
			<item id="sortid"><![CDATA[16]]></item>
			<item id="available"><![CDATA[1]]></item>
			<item id="required"><![CDATA[1]]></item>
			<item id="unchangeable"><![CDATA[0]]></item>
			<item id="search"><![CDATA[0]]></item>
			<item id="subjectshow"><![CDATA[1]]></item>
			<item id="tpdescription"><![CDATA[]]></item>
			<item id="ttdescription"><![CDATA[]]></item>
			<item id="tpexpiration"><![CDATA[0]]></item>
			<item id="ttexpiration"><![CDATA[0]]></item>
		</item>
		<item id="11">
			<item id="optionid"><![CDATA[269]]></item>
			<item id="classid"><![CDATA[4]]></item>
			<item id="displayorder"><![CDATA[0]]></item>
			<item id="expiration"><![CDATA[0]]></item>
			<item id="protect"><![CDATA[]]></item>
			<item id="title"><![CDATA[物品图片4]]></item>
			<item id="description"><![CDATA[]]></item>
			<item id="identifier"><![CDATA[ybbaopic4]]></item>
			<item id="type"><![CDATA[image]]></item>
			<item id="unit"><![CDATA[]]></item>
			<item id="rules"><![CDATA[]]></item>
			<item id="permprompt"><![CDATA[]]></item>
			<item id="typeid"><![CDATA[16]]></item>
			<item id="name"><![CDATA[跳蚤市场]]></item>
			<item id="icon"><![CDATA[]]></item>
			<item id="special"><![CDATA[1]]></item>
			<item id="modelid"><![CDATA[0]]></item>
			<item id="template"><![CDATA[<script type="text/javascript" src="template/yibai_scity3/ybimg/js/jquery.SuperSlide.js"></script>
<div class="ybts_cont">

       <div class="ybtsc_l">
          <div class="ybtscl_a"><img src="{ybbaopic_value}" /><img src="{ybbaopic2_value}" /><img src="{ybbaopic3_value}" /><img src="{ybbaopic4_value}" /></div>
	<div class="hd">
          <ul><li><img src="{ybbaopic_value}" /></li><li><img src="{ybbaopic2_value}" /></li><li><img src="{ybbaopic3_value}" /></li><li><img src="{ybbaopic4_value}" /></li></ul>
</div>
       </div>
       
       <div class="ybtsc_r">
           <div class="tscr_a">
             <div class="tscra"><p>{yb_sao_name_value}{ybaofrom_value}</p></div>
             <div class="ybchw_cr_b"><span>价　　格：</span><span class="chw_a"><i>￥</i><b>{ybbaosale_value}</b><p>元</p></span></div>
           </div>
           <div class="tscr_b">
             <span>类　　型：</span><p class="color_a">{ybbaotype_value}</p>
           </div>
           <div class="tscr_b">
             <span>新旧程度：</span><p>	{ybbaoold_value}</p>
           </div>
           <div class="tscr_b">
             <span>交易方式：</span><p>	{ybtaojiaoyi_value}</p>
           </div>
           <div class="tscr_b">
             <span>联 系 人：</span><p>{yb_sao_ren_value}</p>
           </div>
           <div class="tscr_c">
             <span>交易地点：</span><p class="color_a">{yb_sao_add_value}</p>
           </div>
           <div class="tscr_d">
             <span>联系方式：</span><p>{yb_sao_tel_value}</p><b><a href="javascript:;" onmouseover="this.className = 'ybzfwx_img on';" onmouseout="this.className = 'ybzfwx_img';" >
<img src="template/yibai_scity3/ybimg/fenlei/i_imga3.png" />
<div id="ybzfwx_img_content"  ><img src="{ybhousweixin_value}" /></div>
</a><A href="tencent://Message/?Uin={ybhousqq_value}&websiteName=#=&Menu=yes"><img src="template/yibai_scity3/ybimg/fenlei/i_imga2.png" /></a></b>
           </div>
       
       </div> 
 
</div>
<!--topend-->
     <div class="ybzf_xxaq">
	<p>① 预付定金均存在欺骗行为！<br>② 价格低廉、在更多信息里填写电话的要谨慎！<br>③ 若遇上疑似或确定为欺诈交易、网络诈骗等信息，请向本网站举报！</p>
  </div>
<div class="ybts_bot">
  <div class="tsb_tit"><img src="template/yibai_scity3/ybimg/fenlei/ts_img3.png" /><p>详情信息</p></div>
<p class="yb_tsli">{ybtaoxiangxi_value}</p>
</div>

<div class="ybts_bot">
  <div class="tsb_tit"><img src="template/yibai_scity3/ybimg/fenlei/ts_img3.png" /><p>其他信息</p></div>
</div>
<script>

jQuery(".ybtsc_l").slide({titCell:".hd ul li ", mainCell:".ybtscl_a",autoPlay:true,interTime:5000,effect:"left"})


</script>]]></item>
			<item id="stemplate"><![CDATA[<div class="fenleip">
[loop]
<div class="sj_div">
      <div class="sjd_l"><a href="{subject_url}"><img src="{ybbaopic_value}" /></a></div>
      <div class="sjd_r">
         <div class="sjdr_a"><a href="{subject_url}">	{yb_sao_name_value}</a><p>{ybaofrom_value}{attachment}</p><span>￥<b>{ybbaosale_value}</b></span></div>
         <div class="sjdr_b">
           <span><img src="template/yibai_scity3/ybimg/fenlei/i_img44.png" />物品类型：</span><p class="color_a">{ybbaotype_value}<i>|</i> {ybbaoold_value}</p>
         </div>
         <div class="sjdr_b">
           <span><img src="template/yibai_scity3/ybimg/fenlei/i_img43.png" />交易方式：</span><p>{ybtaojiaoyi_value}</p>
         </div>
         <div class="sjdr_b">
           <span><img src="template/yibai_scity3/ybimg/fenlei/i_img31.png" />所在地区：</span><p>{yb_sao_add_value}</p>
         </div>
      </div>
    </div>
[/loop]
</div>]]></item>
			<item id="ptemplate"><![CDATA[]]></item>
			<item id="btemplate"><![CDATA[ <div class="ybfl_ybsj">
        [loop]
          <dl>
            <dt><a href="{subject_url}"><img src="	{ybbaopic_value}"/></a></dt>
            <dd><a href="{subject_url}" class="ybsj_a">{subject}</a><div class="ybsj_mg"><div class="in_sjdr_a"><p>{ybaofrom_value}</p>{attachment}</div></dd>
          </dl>
       
        [/loop] 
        
        </div> ]]></item>
			<item id="sortid"><![CDATA[16]]></item>
			<item id="available"><![CDATA[1]]></item>
			<item id="required"><![CDATA[1]]></item>
			<item id="unchangeable"><![CDATA[0]]></item>
			<item id="search"><![CDATA[0]]></item>
			<item id="subjectshow"><![CDATA[1]]></item>
			<item id="tpdescription"><![CDATA[]]></item>
			<item id="ttdescription"><![CDATA[]]></item>
			<item id="tpexpiration"><![CDATA[0]]></item>
			<item id="ttexpiration"><![CDATA[0]]></item>
		</item>
		<item id="12">
			<item id="optionid"><![CDATA[270]]></item>
			<item id="classid"><![CDATA[4]]></item>
			<item id="displayorder"><![CDATA[0]]></item>
			<item id="expiration"><![CDATA[0]]></item>
			<item id="title"><![CDATA[所在区域]]></item>
			<item id="description"><![CDATA[]]></item>
			<item id="identifier"><![CDATA[yb_sao_add]]></item>
			<item id="type"><![CDATA[select]]></item>
			<item id="unit"><![CDATA[]]></item>
			<item id="permprompt"><![CDATA[]]></item>
			<item id="typeid"><![CDATA[16]]></item>
			<item id="name"><![CDATA[跳蚤市场]]></item>
			<item id="icon"><![CDATA[]]></item>
			<item id="special"><![CDATA[1]]></item>
			<item id="modelid"><![CDATA[0]]></item>
			<item id="template"><![CDATA[<script type="text/javascript" src="template/yibai_scity3/ybimg/js/jquery.SuperSlide.js"></script>
<div class="ybts_cont">

       <div class="ybtsc_l">
          <div class="ybtscl_a"><img src="{ybbaopic_value}" /><img src="{ybbaopic2_value}" /><img src="{ybbaopic3_value}" /><img src="{ybbaopic4_value}" /></div>
	<div class="hd">
          <ul><li><img src="{ybbaopic_value}" /></li><li><img src="{ybbaopic2_value}" /></li><li><img src="{ybbaopic3_value}" /></li><li><img src="{ybbaopic4_value}" /></li></ul>
</div>
       </div>
       
       <div class="ybtsc_r">
           <div class="tscr_a">
             <div class="tscra"><p>{yb_sao_name_value}{ybaofrom_value}</p></div>
             <div class="ybchw_cr_b"><span>价　　格：</span><span class="chw_a"><i>￥</i><b>{ybbaosale_value}</b><p>元</p></span></div>
           </div>
           <div class="tscr_b">
             <span>类　　型：</span><p class="color_a">{ybbaotype_value}</p>
           </div>
           <div class="tscr_b">
             <span>新旧程度：</span><p>	{ybbaoold_value}</p>
           </div>
           <div class="tscr_b">
             <span>交易方式：</span><p>	{ybtaojiaoyi_value}</p>
           </div>
           <div class="tscr_b">
             <span>联 系 人：</span><p>{yb_sao_ren_value}</p>
           </div>
           <div class="tscr_c">
             <span>交易地点：</span><p class="color_a">{yb_sao_add_value}</p>
           </div>
           <div class="tscr_d">
             <span>联系方式：</span><p>{yb_sao_tel_value}</p><b><a href="javascript:;" onmouseover="this.className = 'ybzfwx_img on';" onmouseout="this.className = 'ybzfwx_img';" >
<img src="template/yibai_scity3/ybimg/fenlei/i_imga3.png" />
<div id="ybzfwx_img_content"  ><img src="{ybhousweixin_value}" /></div>
</a><A href="tencent://Message/?Uin={ybhousqq_value}&websiteName=#=&Menu=yes"><img src="template/yibai_scity3/ybimg/fenlei/i_imga2.png" /></a></b>
           </div>
       
       </div> 
 
</div>
<!--topend-->
     <div class="ybzf_xxaq">
	<p>① 预付定金均存在欺骗行为！<br>② 价格低廉、在更多信息里填写电话的要谨慎！<br>③ 若遇上疑似或确定为欺诈交易、网络诈骗等信息，请向本网站举报！</p>
  </div>
<div class="ybts_bot">
  <div class="tsb_tit"><img src="template/yibai_scity3/ybimg/fenlei/ts_img3.png" /><p>详情信息</p></div>
<p class="yb_tsli">{ybtaoxiangxi_value}</p>
</div>

<div class="ybts_bot">
  <div class="tsb_tit"><img src="template/yibai_scity3/ybimg/fenlei/ts_img3.png" /><p>其他信息</p></div>
</div>
<script>

jQuery(".ybtsc_l").slide({titCell:".hd ul li ", mainCell:".ybtscl_a",autoPlay:true,interTime:5000,effect:"left"})


</script>]]></item>
			<item id="stemplate"><![CDATA[<div class="fenleip">
[loop]
<div class="sj_div">
      <div class="sjd_l"><a href="{subject_url}"><img src="{ybbaopic_value}" /></a></div>
      <div class="sjd_r">
         <div class="sjdr_a"><a href="{subject_url}">	{yb_sao_name_value}</a><p>{ybaofrom_value}{attachment}</p><span>￥<b>{ybbaosale_value}</b></span></div>
         <div class="sjdr_b">
           <span><img src="template/yibai_scity3/ybimg/fenlei/i_img44.png" />物品类型：</span><p class="color_a">{ybbaotype_value}<i>|</i> {ybbaoold_value}</p>
         </div>
         <div class="sjdr_b">
           <span><img src="template/yibai_scity3/ybimg/fenlei/i_img43.png" />交易方式：</span><p>{ybtaojiaoyi_value}</p>
         </div>
         <div class="sjdr_b">
           <span><img src="template/yibai_scity3/ybimg/fenlei/i_img31.png" />所在地区：</span><p>{yb_sao_add_value}</p>
         </div>
      </div>
    </div>
[/loop]
</div>]]></item>
			<item id="ptemplate"><![CDATA[]]></item>
			<item id="btemplate"><![CDATA[ <div class="ybfl_ybsj">
        [loop]
          <dl>
            <dt><a href="{subject_url}"><img src="	{ybbaopic_value}"/></a></dt>
            <dd><a href="{subject_url}" class="ybsj_a">{subject}</a><div class="ybsj_mg"><div class="in_sjdr_a"><p>{ybaofrom_value}</p>{attachment}</div></dd>
          </dl>
       
        [/loop] 
        
        </div> ]]></item>
			<item id="sortid"><![CDATA[16]]></item>
			<item id="available"><![CDATA[1]]></item>
			<item id="required"><![CDATA[1]]></item>
			<item id="unchangeable"><![CDATA[0]]></item>
			<item id="search"><![CDATA[0]]></item>
			<item id="subjectshow"><![CDATA[1]]></item>
			<item id="tpdescription"><![CDATA[]]></item>
			<item id="ttdescription"><![CDATA[]]></item>
			<item id="tpexpiration"><![CDATA[0]]></item>
			<item id="ttexpiration"><![CDATA[0]]></item>
			<item id="__protect">
				<item id="usergroup"><![CDATA[]]></item>
				<item id="verify"><![CDATA[]]></item>
			</item>
			<item id="__rules">
				<item id="choices"><![CDATA[1 = 朝阳区
1.1 = 三元桥
1.2 = 四元桥
1.3 = 酒仙桥
1.4 = 798艺术区
1.5 = 亮马桥
1.6 = 国贸
1.7 = 劲松
2 = 海锭区
2.1 = 中关村
2.2 = 马甸
2.3 = 联想桥
2.4 = 菊园
2.5 = 西二旗
3 = 东城区
3.1 = 东直门
4 = 西城区
4.1 = 西直门
5 = 昌平区
6 = 宣武区]]></item>
				<item id="inputsize"><![CDATA[]]></item>
			</item>
		</item>
		<item id="13">
			<item id="optionid"><![CDATA[271]]></item>
			<item id="classid"><![CDATA[4]]></item>
			<item id="displayorder"><![CDATA[0]]></item>
			<item id="expiration"><![CDATA[0]]></item>
			<item id="protect"><![CDATA[]]></item>
			<item id="title"><![CDATA[联系人]]></item>
			<item id="description"><![CDATA[]]></item>
			<item id="identifier"><![CDATA[yb_sao_ren]]></item>
			<item id="type"><![CDATA[text]]></item>
			<item id="unit"><![CDATA[]]></item>
			<item id="rules"><![CDATA[]]></item>
			<item id="permprompt"><![CDATA[]]></item>
			<item id="typeid"><![CDATA[16]]></item>
			<item id="name"><![CDATA[跳蚤市场]]></item>
			<item id="icon"><![CDATA[]]></item>
			<item id="special"><![CDATA[1]]></item>
			<item id="modelid"><![CDATA[0]]></item>
			<item id="template"><![CDATA[<script type="text/javascript" src="template/yibai_scity3/ybimg/js/jquery.SuperSlide.js"></script>
<div class="ybts_cont">

       <div class="ybtsc_l">
          <div class="ybtscl_a"><img src="{ybbaopic_value}" /><img src="{ybbaopic2_value}" /><img src="{ybbaopic3_value}" /><img src="{ybbaopic4_value}" /></div>
	<div class="hd">
          <ul><li><img src="{ybbaopic_value}" /></li><li><img src="{ybbaopic2_value}" /></li><li><img src="{ybbaopic3_value}" /></li><li><img src="{ybbaopic4_value}" /></li></ul>
</div>
       </div>
       
       <div class="ybtsc_r">
           <div class="tscr_a">
             <div class="tscra"><p>{yb_sao_name_value}{ybaofrom_value}</p></div>
             <div class="ybchw_cr_b"><span>价　　格：</span><span class="chw_a"><i>￥</i><b>{ybbaosale_value}</b><p>元</p></span></div>
           </div>
           <div class="tscr_b">
             <span>类　　型：</span><p class="color_a">{ybbaotype_value}</p>
           </div>
           <div class="tscr_b">
             <span>新旧程度：</span><p>	{ybbaoold_value}</p>
           </div>
           <div class="tscr_b">
             <span>交易方式：</span><p>	{ybtaojiaoyi_value}</p>
           </div>
           <div class="tscr_b">
             <span>联 系 人：</span><p>{yb_sao_ren_value}</p>
           </div>
           <div class="tscr_c">
             <span>交易地点：</span><p class="color_a">{yb_sao_add_value}</p>
           </div>
           <div class="tscr_d">
             <span>联系方式：</span><p>{yb_sao_tel_value}</p><b><a href="javascript:;" onmouseover="this.className = 'ybzfwx_img on';" onmouseout="this.className = 'ybzfwx_img';" >
<img src="template/yibai_scity3/ybimg/fenlei/i_imga3.png" />
<div id="ybzfwx_img_content"  ><img src="{ybhousweixin_value}" /></div>
</a><A href="tencent://Message/?Uin={ybhousqq_value}&websiteName=#=&Menu=yes"><img src="template/yibai_scity3/ybimg/fenlei/i_imga2.png" /></a></b>
           </div>
       
       </div> 
 
</div>
<!--topend-->
     <div class="ybzf_xxaq">
	<p>① 预付定金均存在欺骗行为！<br>② 价格低廉、在更多信息里填写电话的要谨慎！<br>③ 若遇上疑似或确定为欺诈交易、网络诈骗等信息，请向本网站举报！</p>
  </div>
<div class="ybts_bot">
  <div class="tsb_tit"><img src="template/yibai_scity3/ybimg/fenlei/ts_img3.png" /><p>详情信息</p></div>
<p class="yb_tsli">{ybtaoxiangxi_value}</p>
</div>

<div class="ybts_bot">
  <div class="tsb_tit"><img src="template/yibai_scity3/ybimg/fenlei/ts_img3.png" /><p>其他信息</p></div>
</div>
<script>

jQuery(".ybtsc_l").slide({titCell:".hd ul li ", mainCell:".ybtscl_a",autoPlay:true,interTime:5000,effect:"left"})


</script>]]></item>
			<item id="stemplate"><![CDATA[<div class="fenleip">
[loop]
<div class="sj_div">
      <div class="sjd_l"><a href="{subject_url}"><img src="{ybbaopic_value}" /></a></div>
      <div class="sjd_r">
         <div class="sjdr_a"><a href="{subject_url}">	{yb_sao_name_value}</a><p>{ybaofrom_value}{attachment}</p><span>￥<b>{ybbaosale_value}</b></span></div>
         <div class="sjdr_b">
           <span><img src="template/yibai_scity3/ybimg/fenlei/i_img44.png" />物品类型：</span><p class="color_a">{ybbaotype_value}<i>|</i> {ybbaoold_value}</p>
         </div>
         <div class="sjdr_b">
           <span><img src="template/yibai_scity3/ybimg/fenlei/i_img43.png" />交易方式：</span><p>{ybtaojiaoyi_value}</p>
         </div>
         <div class="sjdr_b">
           <span><img src="template/yibai_scity3/ybimg/fenlei/i_img31.png" />所在地区：</span><p>{yb_sao_add_value}</p>
         </div>
      </div>
    </div>
[/loop]
</div>]]></item>
			<item id="ptemplate"><![CDATA[]]></item>
			<item id="btemplate"><![CDATA[ <div class="ybfl_ybsj">
        [loop]
          <dl>
            <dt><a href="{subject_url}"><img src="	{ybbaopic_value}"/></a></dt>
            <dd><a href="{subject_url}" class="ybsj_a">{subject}</a><div class="ybsj_mg"><div class="in_sjdr_a"><p>{ybaofrom_value}</p>{attachment}</div></dd>
          </dl>
       
        [/loop] 
        
        </div> ]]></item>
			<item id="sortid"><![CDATA[16]]></item>
			<item id="available"><![CDATA[1]]></item>
			<item id="required"><![CDATA[1]]></item>
			<item id="unchangeable"><![CDATA[0]]></item>
			<item id="search"><![CDATA[0]]></item>
			<item id="subjectshow"><![CDATA[1]]></item>
			<item id="tpdescription"><![CDATA[]]></item>
			<item id="ttdescription"><![CDATA[]]></item>
			<item id="tpexpiration"><![CDATA[0]]></item>
			<item id="ttexpiration"><![CDATA[0]]></item>
		</item>
		<item id="14">
			<item id="optionid"><![CDATA[272]]></item>
			<item id="classid"><![CDATA[4]]></item>
			<item id="displayorder"><![CDATA[0]]></item>
			<item id="expiration"><![CDATA[0]]></item>
			<item id="title"><![CDATA[联系电话]]></item>
			<item id="description"><![CDATA[]]></item>
			<item id="identifier"><![CDATA[yb_sao_tel]]></item>
			<item id="type"><![CDATA[text]]></item>
			<item id="unit"><![CDATA[]]></item>
			<item id="permprompt"><![CDATA[登录注册查看电话]]></item>
			<item id="typeid"><![CDATA[16]]></item>
			<item id="name"><![CDATA[跳蚤市场]]></item>
			<item id="icon"><![CDATA[]]></item>
			<item id="special"><![CDATA[1]]></item>
			<item id="modelid"><![CDATA[0]]></item>
			<item id="template"><![CDATA[<script type="text/javascript" src="template/yibai_scity3/ybimg/js/jquery.SuperSlide.js"></script>
<div class="ybts_cont">

       <div class="ybtsc_l">
          <div class="ybtscl_a"><img src="{ybbaopic_value}" /><img src="{ybbaopic2_value}" /><img src="{ybbaopic3_value}" /><img src="{ybbaopic4_value}" /></div>
	<div class="hd">
          <ul><li><img src="{ybbaopic_value}" /></li><li><img src="{ybbaopic2_value}" /></li><li><img src="{ybbaopic3_value}" /></li><li><img src="{ybbaopic4_value}" /></li></ul>
</div>
       </div>
       
       <div class="ybtsc_r">
           <div class="tscr_a">
             <div class="tscra"><p>{yb_sao_name_value}{ybaofrom_value}</p></div>
             <div class="ybchw_cr_b"><span>价　　格：</span><span class="chw_a"><i>￥</i><b>{ybbaosale_value}</b><p>元</p></span></div>
           </div>
           <div class="tscr_b">
             <span>类　　型：</span><p class="color_a">{ybbaotype_value}</p>
           </div>
           <div class="tscr_b">
             <span>新旧程度：</span><p>	{ybbaoold_value}</p>
           </div>
           <div class="tscr_b">
             <span>交易方式：</span><p>	{ybtaojiaoyi_value}</p>
           </div>
           <div class="tscr_b">
             <span>联 系 人：</span><p>{yb_sao_ren_value}</p>
           </div>
           <div class="tscr_c">
             <span>交易地点：</span><p class="color_a">{yb_sao_add_value}</p>
           </div>
           <div class="tscr_d">
             <span>联系方式：</span><p>{yb_sao_tel_value}</p><b><a href="javascript:;" onmouseover="this.className = 'ybzfwx_img on';" onmouseout="this.className = 'ybzfwx_img';" >
<img src="template/yibai_scity3/ybimg/fenlei/i_imga3.png" />
<div id="ybzfwx_img_content"  ><img src="{ybhousweixin_value}" /></div>
</a><A href="tencent://Message/?Uin={ybhousqq_value}&websiteName=#=&Menu=yes"><img src="template/yibai_scity3/ybimg/fenlei/i_imga2.png" /></a></b>
           </div>
       
       </div> 
 
</div>
<!--topend-->
     <div class="ybzf_xxaq">
	<p>① 预付定金均存在欺骗行为！<br>② 价格低廉、在更多信息里填写电话的要谨慎！<br>③ 若遇上疑似或确定为欺诈交易、网络诈骗等信息，请向本网站举报！</p>
  </div>
<div class="ybts_bot">
  <div class="tsb_tit"><img src="template/yibai_scity3/ybimg/fenlei/ts_img3.png" /><p>详情信息</p></div>
<p class="yb_tsli">{ybtaoxiangxi_value}</p>
</div>

<div class="ybts_bot">
  <div class="tsb_tit"><img src="template/yibai_scity3/ybimg/fenlei/ts_img3.png" /><p>其他信息</p></div>
</div>
<script>

jQuery(".ybtsc_l").slide({titCell:".hd ul li ", mainCell:".ybtscl_a",autoPlay:true,interTime:5000,effect:"left"})


</script>]]></item>
			<item id="stemplate"><![CDATA[<div class="fenleip">
[loop]
<div class="sj_div">
      <div class="sjd_l"><a href="{subject_url}"><img src="{ybbaopic_value}" /></a></div>
      <div class="sjd_r">
         <div class="sjdr_a"><a href="{subject_url}">	{yb_sao_name_value}</a><p>{ybaofrom_value}{attachment}</p><span>￥<b>{ybbaosale_value}</b></span></div>
         <div class="sjdr_b">
           <span><img src="template/yibai_scity3/ybimg/fenlei/i_img44.png" />物品类型：</span><p class="color_a">{ybbaotype_value}<i>|</i> {ybbaoold_value}</p>
         </div>
         <div class="sjdr_b">
           <span><img src="template/yibai_scity3/ybimg/fenlei/i_img43.png" />交易方式：</span><p>{ybtaojiaoyi_value}</p>
         </div>
         <div class="sjdr_b">
           <span><img src="template/yibai_scity3/ybimg/fenlei/i_img31.png" />所在地区：</span><p>{yb_sao_add_value}</p>
         </div>
      </div>
    </div>
[/loop]
</div>]]></item>
			<item id="ptemplate"><![CDATA[]]></item>
			<item id="btemplate"><![CDATA[ <div class="ybfl_ybsj">
        [loop]
          <dl>
            <dt><a href="{subject_url}"><img src="	{ybbaopic_value}"/></a></dt>
            <dd><a href="{subject_url}" class="ybsj_a">{subject}</a><div class="ybsj_mg"><div class="in_sjdr_a"><p>{ybaofrom_value}</p>{attachment}</div></dd>
          </dl>
       
        [/loop] 
        
        </div> ]]></item>
			<item id="sortid"><![CDATA[16]]></item>
			<item id="available"><![CDATA[1]]></item>
			<item id="required"><![CDATA[1]]></item>
			<item id="unchangeable"><![CDATA[0]]></item>
			<item id="search"><![CDATA[0]]></item>
			<item id="subjectshow"><![CDATA[1]]></item>
			<item id="tpdescription"><![CDATA[]]></item>
			<item id="ttdescription"><![CDATA[]]></item>
			<item id="tpexpiration"><![CDATA[0]]></item>
			<item id="ttexpiration"><![CDATA[0]]></item>
			<item id="__protect">
				<item id="status"><![CDATA[1]]></item>
				<item id="mode"><![CDATA[2]]></item>
				<item id="usergroup"><![CDATA[1	2	3	12	13	14	15	16	17	18	19	20]]></item>
				<item id="verify"><![CDATA[]]></item>
			</item>
			<item id="__rules">
				<item id="maxlength"><![CDATA[]]></item>
				<item id="inputsize"><![CDATA[]]></item>
				<item id="profile"><![CDATA[]]></item>
				<item id="defaultvalue"><![CDATA[]]></item>
			</item>
		</item>
		<item id="15">
			<item id="optionid"><![CDATA[273]]></item>
			<item id="classid"><![CDATA[4]]></item>
			<item id="displayorder"><![CDATA[0]]></item>
			<item id="expiration"><![CDATA[0]]></item>
			<item id="protect"><![CDATA[]]></item>
			<item id="title"><![CDATA[物品名称]]></item>
			<item id="description"><![CDATA[]]></item>
			<item id="identifier"><![CDATA[yb_sao_name]]></item>
			<item id="type"><![CDATA[text]]></item>
			<item id="unit"><![CDATA[]]></item>
			<item id="rules"><![CDATA[]]></item>
			<item id="permprompt"><![CDATA[]]></item>
			<item id="typeid"><![CDATA[16]]></item>
			<item id="name"><![CDATA[跳蚤市场]]></item>
			<item id="icon"><![CDATA[]]></item>
			<item id="special"><![CDATA[1]]></item>
			<item id="modelid"><![CDATA[0]]></item>
			<item id="template"><![CDATA[<script type="text/javascript" src="template/yibai_scity3/ybimg/js/jquery.SuperSlide.js"></script>
<div class="ybts_cont">

       <div class="ybtsc_l">
          <div class="ybtscl_a"><img src="{ybbaopic_value}" /><img src="{ybbaopic2_value}" /><img src="{ybbaopic3_value}" /><img src="{ybbaopic4_value}" /></div>
	<div class="hd">
          <ul><li><img src="{ybbaopic_value}" /></li><li><img src="{ybbaopic2_value}" /></li><li><img src="{ybbaopic3_value}" /></li><li><img src="{ybbaopic4_value}" /></li></ul>
</div>
       </div>
       
       <div class="ybtsc_r">
           <div class="tscr_a">
             <div class="tscra"><p>{yb_sao_name_value}{ybaofrom_value}</p></div>
             <div class="ybchw_cr_b"><span>价　　格：</span><span class="chw_a"><i>￥</i><b>{ybbaosale_value}</b><p>元</p></span></div>
           </div>
           <div class="tscr_b">
             <span>类　　型：</span><p class="color_a">{ybbaotype_value}</p>
           </div>
           <div class="tscr_b">
             <span>新旧程度：</span><p>	{ybbaoold_value}</p>
           </div>
           <div class="tscr_b">
             <span>交易方式：</span><p>	{ybtaojiaoyi_value}</p>
           </div>
           <div class="tscr_b">
             <span>联 系 人：</span><p>{yb_sao_ren_value}</p>
           </div>
           <div class="tscr_c">
             <span>交易地点：</span><p class="color_a">{yb_sao_add_value}</p>
           </div>
           <div class="tscr_d">
             <span>联系方式：</span><p>{yb_sao_tel_value}</p><b><a href="javascript:;" onmouseover="this.className = 'ybzfwx_img on';" onmouseout="this.className = 'ybzfwx_img';" >
<img src="template/yibai_scity3/ybimg/fenlei/i_imga3.png" />
<div id="ybzfwx_img_content"  ><img src="{ybhousweixin_value}" /></div>
</a><A href="tencent://Message/?Uin={ybhousqq_value}&websiteName=#=&Menu=yes"><img src="template/yibai_scity3/ybimg/fenlei/i_imga2.png" /></a></b>
           </div>
       
       </div> 
 
</div>
<!--topend-->
     <div class="ybzf_xxaq">
	<p>① 预付定金均存在欺骗行为！<br>② 价格低廉、在更多信息里填写电话的要谨慎！<br>③ 若遇上疑似或确定为欺诈交易、网络诈骗等信息，请向本网站举报！</p>
  </div>
<div class="ybts_bot">
  <div class="tsb_tit"><img src="template/yibai_scity3/ybimg/fenlei/ts_img3.png" /><p>详情信息</p></div>
<p class="yb_tsli">{ybtaoxiangxi_value}</p>
</div>

<div class="ybts_bot">
  <div class="tsb_tit"><img src="template/yibai_scity3/ybimg/fenlei/ts_img3.png" /><p>其他信息</p></div>
</div>
<script>

jQuery(".ybtsc_l").slide({titCell:".hd ul li ", mainCell:".ybtscl_a",autoPlay:true,interTime:5000,effect:"left"})


</script>]]></item>
			<item id="stemplate"><![CDATA[<div class="fenleip">
[loop]
<div class="sj_div">
      <div class="sjd_l"><a href="{subject_url}"><img src="{ybbaopic_value}" /></a></div>
      <div class="sjd_r">
         <div class="sjdr_a"><a href="{subject_url}">	{yb_sao_name_value}</a><p>{ybaofrom_value}{attachment}</p><span>￥<b>{ybbaosale_value}</b></span></div>
         <div class="sjdr_b">
           <span><img src="template/yibai_scity3/ybimg/fenlei/i_img44.png" />物品类型：</span><p class="color_a">{ybbaotype_value}<i>|</i> {ybbaoold_value}</p>
         </div>
         <div class="sjdr_b">
           <span><img src="template/yibai_scity3/ybimg/fenlei/i_img43.png" />交易方式：</span><p>{ybtaojiaoyi_value}</p>
         </div>
         <div class="sjdr_b">
           <span><img src="template/yibai_scity3/ybimg/fenlei/i_img31.png" />所在地区：</span><p>{yb_sao_add_value}</p>
         </div>
      </div>
    </div>
[/loop]
</div>]]></item>
			<item id="ptemplate"><![CDATA[]]></item>
			<item id="btemplate"><![CDATA[ <div class="ybfl_ybsj">
        [loop]
          <dl>
            <dt><a href="{subject_url}"><img src="	{ybbaopic_value}"/></a></dt>
            <dd><a href="{subject_url}" class="ybsj_a">{subject}</a><div class="ybsj_mg"><div class="in_sjdr_a"><p>{ybaofrom_value}</p>{attachment}</div></dd>
          </dl>
       
        [/loop] 
        
        </div> ]]></item>
			<item id="sortid"><![CDATA[16]]></item>
			<item id="available"><![CDATA[1]]></item>
			<item id="required"><![CDATA[1]]></item>
			<item id="unchangeable"><![CDATA[0]]></item>
			<item id="search"><![CDATA[0]]></item>
			<item id="subjectshow"><![CDATA[1]]></item>
			<item id="tpdescription"><![CDATA[]]></item>
			<item id="ttdescription"><![CDATA[]]></item>
			<item id="tpexpiration"><![CDATA[0]]></item>
			<item id="ttexpiration"><![CDATA[0]]></item>
		</item>
	</item>
</root>
