<?xml version="1.0" encoding="ISO-8859-1"?>
<root>
	<item id="Title"><![CDATA[Discuz! Threadtypes]]></item>
	<item id="Version"><![CDATA[X3.4]]></item>
	<item id="Time"><![CDATA[2017-08-20 23:02]]></item>
	<item id="From"><![CDATA[Discuz! Board (http://new.100sj.net/scity3/)]]></item>
	<item id="Data">
		<item id="0">
			<item id="optionid"><![CDATA[121]]></item>
			<item id="classid"><![CDATA[5]]></item>
			<item id="displayorder"><![CDATA[8]]></item>
			<item id="expiration"><![CDATA[0]]></item>
			<item id="title"><![CDATA[工作年限]]></item>
			<item id="description"><![CDATA[]]></item>
			<item id="identifier"><![CDATA[yb_zp_nianxian]]></item>
			<item id="type"><![CDATA[range]]></item>
			<item id="unit"><![CDATA[年]]></item>
			<item id="permprompt"><![CDATA[]]></item>
			<item id="typeid"><![CDATA[8]]></item>
			<item id="name"><![CDATA[招聘]]></item>
			<item id="icon"><![CDATA[]]></item>
			<item id="special"><![CDATA[1]]></item>
			<item id="modelid"><![CDATA[0]]></item>
			<item id="template"><![CDATA[<!--top-->
<div class="ybzp_cont">
  
  <div class="ybzp_ctop">
    <div class="zpcm_l">
       <p class="zpcml_p1">{ybzzhiwei_value}</p>
       <p class="zpcml_p2">{yb_zp_comname_value}</p>
       <p class="zpcml_p3">{yb_zp_gsgm_value}人<i>|</i>{yb_zp_comxingzhi_value}<i>|</i>公司网址：{yb_zp_webadd_value}</p>
    </div>
    
    <div class="zpcm_r">
       <p><b>{yb_zp_xinzi_value}</b>元/月</p>
       <span><a class="zpcmr_p2" id="go" >投个简历</a>
<a href="#" class="zpcmr_p1"><img src="template/yibai_scity3/ybimg/fenlei/zp_img1.jpg" />收藏</a></span>
    </div> 
  </div>
  
  <div class="ybzp_clist">
     <div class="zpcl_one"><img src="template/yibai_scity3/ybimg/fenlei/zp_img6.png" /><p>{yb_zp_nianxian_value}年经验</p><img src="template/yibai_scity3/ybimg/fenlei/zp_img5.png" /><p>{yb_zp_zxueli_value}</p><img src="template/yibai_scity3/ybimg/fenlei/zp_img4.png" /><p>招聘	{ybzpinre_value}人</p></div>
     <div class="zpcl_two">{yb_zp_fuli_value}</div>
     <div class="zpcl_thr"><span>工作地点：</span><p>	{ybcomquyu_value}</p></div>
     <div class="zpcl_thr"><span>联系人员：</span><p>	{yb_zp_name_value}</p></div>
     <div class="zpcl_thr"><span>联系方式：</span><p>{yb_zp_tel_value}</p></div>
     <div class="zpcl_thr"><span>其他联系：</span><b><A href="tencent://Message/?Uin=	{yb_qz_qq_value}&websiteName=#=&Menu=yes"><img src="template/yibai_scity3/ybimg/fenlei/i_imga2.png" /></a></b></div>
  </div> 
    
</div>

<!--bot-->

<div class="qz_bot">
      
       
       <div class="qzb_div">
          <div class="tit t5">任职要求</div>
          <div class="text_m">        
	{yb_zp_rzyq_value}
          </div>
       </div>
       
       <div class="qzb_div">
          <div class="tit t3">职位描述</div>
          <div class="text_m">          
			{yb_zp_zwms_value}
          </div>
       </div>
       


       
    </div>






<!--botend-->

<script>

jQuery(document).ready(function(){  
jQuery('a#go').click(function(){ 
jQuery('html, body, .content').animate({scrollTop: jQuery(document).height()}, 900); 
return false; 
}); 
}) 
</script>
]]></item>
			<item id="stemplate"><![CDATA[<div>
[loop]
<div class="ybzp_div">

      <div class="zpdr_a"><a href="	{subject_url}">{ybzzhiwei_value}</a><span>|</span><p>{yb_zp_comname_value}</p><b>{dateline}</b></div>
      <div class="zpdr_b">
        <img src="template/yibai_scity3/ybimg/fenlei/i_img30.png" /><p class="zpcolor_a">{yb_zp_xinzi_value}</p><i>|</i><p>中山</p><i>|</i><p>{yb_zp_nianxian_value}工作经验</p><i>|</i><p>{yb_zp_zxueli_value}</p>
      </div>
      <div class="zpdr_c">
        {yb_zp_fuli_value}
     </div>
   
</div>
[/loop]
</div>]]></item>
			<item id="ptemplate"><![CDATA[]]></item>
			<item id="btemplate"><![CDATA[   <div class="ybflsy_job">
[loop]
<div class="jli">
			<div class="jcom_name_box"><a href="{subject_url}">{subject}</a><div class="j-m-r">投递简历</div></div>
			<div class="jobs_gourp"><a href="{subject_url}">{yb_zp_comname_value}</a></div>
		  </div>
[/loop]
  </div>]]></item>
			<item id="sortid"><![CDATA[8]]></item>
			<item id="available"><![CDATA[1]]></item>
			<item id="required"><![CDATA[1]]></item>
			<item id="unchangeable"><![CDATA[0]]></item>
			<item id="search"><![CDATA[0]]></item>
			<item id="subjectshow"><![CDATA[1]]></item>
			<item id="tpdescription"><![CDATA[]]></item>
			<item id="ttdescription"><![CDATA[]]></item>
			<item id="tpexpiration"><![CDATA[0]]></item>
			<item id="ttexpiration"><![CDATA[0]]></item>
			<item id="__protect">
				<item id="usergroup"><![CDATA[]]></item>
				<item id="verify"><![CDATA[]]></item>
			</item>
			<item id="__rules">
				<item id="maxnum"><![CDATA[50]]></item>
				<item id="minnum"><![CDATA[1]]></item>
				<item id="inputsize"><![CDATA[]]></item>
				<item id="searchtxt"><![CDATA[]]></item>
			</item>
		</item>
		<item id="1">
			<item id="optionid"><![CDATA[122]]></item>
			<item id="classid"><![CDATA[5]]></item>
			<item id="displayorder"><![CDATA[12]]></item>
			<item id="expiration"><![CDATA[0]]></item>
			<item id="title"><![CDATA[姓名]]></item>
			<item id="description"><![CDATA[]]></item>
			<item id="identifier"><![CDATA[yb_zp_name]]></item>
			<item id="type"><![CDATA[text]]></item>
			<item id="unit"><![CDATA[]]></item>
			<item id="permprompt"><![CDATA[]]></item>
			<item id="typeid"><![CDATA[8]]></item>
			<item id="name"><![CDATA[招聘]]></item>
			<item id="icon"><![CDATA[]]></item>
			<item id="special"><![CDATA[1]]></item>
			<item id="modelid"><![CDATA[0]]></item>
			<item id="template"><![CDATA[<!--top-->
<div class="ybzp_cont">
  
  <div class="ybzp_ctop">
    <div class="zpcm_l">
       <p class="zpcml_p1">{ybzzhiwei_value}</p>
       <p class="zpcml_p2">{yb_zp_comname_value}</p>
       <p class="zpcml_p3">{yb_zp_gsgm_value}人<i>|</i>{yb_zp_comxingzhi_value}<i>|</i>公司网址：{yb_zp_webadd_value}</p>
    </div>
    
    <div class="zpcm_r">
       <p><b>{yb_zp_xinzi_value}</b>元/月</p>
       <span><a class="zpcmr_p2" id="go" >投个简历</a>
<a href="#" class="zpcmr_p1"><img src="template/yibai_scity3/ybimg/fenlei/zp_img1.jpg" />收藏</a></span>
    </div> 
  </div>
  
  <div class="ybzp_clist">
     <div class="zpcl_one"><img src="template/yibai_scity3/ybimg/fenlei/zp_img6.png" /><p>{yb_zp_nianxian_value}年经验</p><img src="template/yibai_scity3/ybimg/fenlei/zp_img5.png" /><p>{yb_zp_zxueli_value}</p><img src="template/yibai_scity3/ybimg/fenlei/zp_img4.png" /><p>招聘	{ybzpinre_value}人</p></div>
     <div class="zpcl_two">{yb_zp_fuli_value}</div>
     <div class="zpcl_thr"><span>工作地点：</span><p>	{ybcomquyu_value}</p></div>
     <div class="zpcl_thr"><span>联系人员：</span><p>	{yb_zp_name_value}</p></div>
     <div class="zpcl_thr"><span>联系方式：</span><p>{yb_zp_tel_value}</p></div>
     <div class="zpcl_thr"><span>其他联系：</span><b><A href="tencent://Message/?Uin=	{yb_qz_qq_value}&websiteName=#=&Menu=yes"><img src="template/yibai_scity3/ybimg/fenlei/i_imga2.png" /></a></b></div>
  </div> 
    
</div>

<!--bot-->

<div class="qz_bot">
      
       
       <div class="qzb_div">
          <div class="tit t5">任职要求</div>
          <div class="text_m">        
	{yb_zp_rzyq_value}
          </div>
       </div>
       
       <div class="qzb_div">
          <div class="tit t3">职位描述</div>
          <div class="text_m">          
			{yb_zp_zwms_value}
          </div>
       </div>
       


       
    </div>






<!--botend-->

<script>

jQuery(document).ready(function(){  
jQuery('a#go').click(function(){ 
jQuery('html, body, .content').animate({scrollTop: jQuery(document).height()}, 900); 
return false; 
}); 
}) 
</script>
]]></item>
			<item id="stemplate"><![CDATA[<div>
[loop]
<div class="ybzp_div">

      <div class="zpdr_a"><a href="	{subject_url}">{ybzzhiwei_value}</a><span>|</span><p>{yb_zp_comname_value}</p><b>{dateline}</b></div>
      <div class="zpdr_b">
        <img src="template/yibai_scity3/ybimg/fenlei/i_img30.png" /><p class="zpcolor_a">{yb_zp_xinzi_value}</p><i>|</i><p>中山</p><i>|</i><p>{yb_zp_nianxian_value}工作经验</p><i>|</i><p>{yb_zp_zxueli_value}</p>
      </div>
      <div class="zpdr_c">
        {yb_zp_fuli_value}
     </div>
   
</div>
[/loop]
</div>]]></item>
			<item id="ptemplate"><![CDATA[]]></item>
			<item id="btemplate"><![CDATA[   <div class="ybflsy_job">
[loop]
<div class="jli">
			<div class="jcom_name_box"><a href="{subject_url}">{subject}</a><div class="j-m-r">投递简历</div></div>
			<div class="jobs_gourp"><a href="{subject_url}">{yb_zp_comname_value}</a></div>
		  </div>
[/loop]
  </div>]]></item>
			<item id="sortid"><![CDATA[8]]></item>
			<item id="available"><![CDATA[1]]></item>
			<item id="required"><![CDATA[1]]></item>
			<item id="unchangeable"><![CDATA[0]]></item>
			<item id="search"><![CDATA[0]]></item>
			<item id="subjectshow"><![CDATA[1]]></item>
			<item id="tpdescription"><![CDATA[]]></item>
			<item id="ttdescription"><![CDATA[]]></item>
			<item id="tpexpiration"><![CDATA[0]]></item>
			<item id="ttexpiration"><![CDATA[0]]></item>
			<item id="__protect">
				<item id="status"><![CDATA[0]]></item>
				<item id="usergroup"><![CDATA[]]></item>
				<item id="verify"><![CDATA[]]></item>
			</item>
			<item id="__rules">
				<item id="maxlength"><![CDATA[]]></item>
				<item id="inputsize"><![CDATA[]]></item>
				<item id="profile"><![CDATA[]]></item>
				<item id="defaultvalue"><![CDATA[]]></item>
			</item>
		</item>
		<item id="2">
			<item id="optionid"><![CDATA[123]]></item>
			<item id="classid"><![CDATA[6]]></item>
			<item id="displayorder"><![CDATA[11]]></item>
			<item id="expiration"><![CDATA[0]]></item>
			<item id="title"><![CDATA[联系电话]]></item>
			<item id="description"><![CDATA[]]></item>
			<item id="identifier"><![CDATA[yb_zp_tel]]></item>
			<item id="type"><![CDATA[text]]></item>
			<item id="unit"><![CDATA[]]></item>
			<item id="permprompt"><![CDATA[]]></item>
			<item id="typeid"><![CDATA[8]]></item>
			<item id="name"><![CDATA[招聘]]></item>
			<item id="icon"><![CDATA[]]></item>
			<item id="special"><![CDATA[1]]></item>
			<item id="modelid"><![CDATA[0]]></item>
			<item id="template"><![CDATA[<!--top-->
<div class="ybzp_cont">
  
  <div class="ybzp_ctop">
    <div class="zpcm_l">
       <p class="zpcml_p1">{ybzzhiwei_value}</p>
       <p class="zpcml_p2">{yb_zp_comname_value}</p>
       <p class="zpcml_p3">{yb_zp_gsgm_value}人<i>|</i>{yb_zp_comxingzhi_value}<i>|</i>公司网址：{yb_zp_webadd_value}</p>
    </div>
    
    <div class="zpcm_r">
       <p><b>{yb_zp_xinzi_value}</b>元/月</p>
       <span><a class="zpcmr_p2" id="go" >投个简历</a>
<a href="#" class="zpcmr_p1"><img src="template/yibai_scity3/ybimg/fenlei/zp_img1.jpg" />收藏</a></span>
    </div> 
  </div>
  
  <div class="ybzp_clist">
     <div class="zpcl_one"><img src="template/yibai_scity3/ybimg/fenlei/zp_img6.png" /><p>{yb_zp_nianxian_value}年经验</p><img src="template/yibai_scity3/ybimg/fenlei/zp_img5.png" /><p>{yb_zp_zxueli_value}</p><img src="template/yibai_scity3/ybimg/fenlei/zp_img4.png" /><p>招聘	{ybzpinre_value}人</p></div>
     <div class="zpcl_two">{yb_zp_fuli_value}</div>
     <div class="zpcl_thr"><span>工作地点：</span><p>	{ybcomquyu_value}</p></div>
     <div class="zpcl_thr"><span>联系人员：</span><p>	{yb_zp_name_value}</p></div>
     <div class="zpcl_thr"><span>联系方式：</span><p>{yb_zp_tel_value}</p></div>
     <div class="zpcl_thr"><span>其他联系：</span><b><A href="tencent://Message/?Uin=	{yb_qz_qq_value}&websiteName=#=&Menu=yes"><img src="template/yibai_scity3/ybimg/fenlei/i_imga2.png" /></a></b></div>
  </div> 
    
</div>

<!--bot-->

<div class="qz_bot">
      
       
       <div class="qzb_div">
          <div class="tit t5">任职要求</div>
          <div class="text_m">        
	{yb_zp_rzyq_value}
          </div>
       </div>
       
       <div class="qzb_div">
          <div class="tit t3">职位描述</div>
          <div class="text_m">          
			{yb_zp_zwms_value}
          </div>
       </div>
       


       
    </div>






<!--botend-->

<script>

jQuery(document).ready(function(){  
jQuery('a#go').click(function(){ 
jQuery('html, body, .content').animate({scrollTop: jQuery(document).height()}, 900); 
return false; 
}); 
}) 
</script>
]]></item>
			<item id="stemplate"><![CDATA[<div>
[loop]
<div class="ybzp_div">

      <div class="zpdr_a"><a href="	{subject_url}">{ybzzhiwei_value}</a><span>|</span><p>{yb_zp_comname_value}</p><b>{dateline}</b></div>
      <div class="zpdr_b">
        <img src="template/yibai_scity3/ybimg/fenlei/i_img30.png" /><p class="zpcolor_a">{yb_zp_xinzi_value}</p><i>|</i><p>中山</p><i>|</i><p>{yb_zp_nianxian_value}工作经验</p><i>|</i><p>{yb_zp_zxueli_value}</p>
      </div>
      <div class="zpdr_c">
        {yb_zp_fuli_value}
     </div>
   
</div>
[/loop]
</div>]]></item>
			<item id="ptemplate"><![CDATA[]]></item>
			<item id="btemplate"><![CDATA[   <div class="ybflsy_job">
[loop]
<div class="jli">
			<div class="jcom_name_box"><a href="{subject_url}">{subject}</a><div class="j-m-r">投递简历</div></div>
			<div class="jobs_gourp"><a href="{subject_url}">{yb_zp_comname_value}</a></div>
		  </div>
[/loop]
  </div>]]></item>
			<item id="sortid"><![CDATA[8]]></item>
			<item id="available"><![CDATA[1]]></item>
			<item id="required"><![CDATA[1]]></item>
			<item id="unchangeable"><![CDATA[0]]></item>
			<item id="search"><![CDATA[0]]></item>
			<item id="subjectshow"><![CDATA[1]]></item>
			<item id="tpdescription"><![CDATA[]]></item>
			<item id="ttdescription"><![CDATA[]]></item>
			<item id="tpexpiration"><![CDATA[0]]></item>
			<item id="ttexpiration"><![CDATA[0]]></item>
			<item id="__protect">
				<item id="status"><![CDATA[1]]></item>
				<item id="mode"><![CDATA[2]]></item>
				<item id="usergroup"><![CDATA[]]></item>
				<item id="verify"><![CDATA[]]></item>
			</item>
			<item id="__rules">
				<item id="maxlength"><![CDATA[]]></item>
				<item id="inputsize"><![CDATA[]]></item>
				<item id="profile"><![CDATA[mobile]]></item>
				<item id="defaultvalue"><![CDATA[]]></item>
			</item>
		</item>
		<item id="3">
			<item id="optionid"><![CDATA[124]]></item>
			<item id="classid"><![CDATA[5]]></item>
			<item id="displayorder"><![CDATA[10]]></item>
			<item id="expiration"><![CDATA[0]]></item>
			<item id="title"><![CDATA[所在区域]]></item>
			<item id="description"><![CDATA[]]></item>
			<item id="identifier"><![CDATA[ybcomquyu]]></item>
			<item id="type"><![CDATA[select]]></item>
			<item id="unit"><![CDATA[]]></item>
			<item id="permprompt"><![CDATA[]]></item>
			<item id="typeid"><![CDATA[8]]></item>
			<item id="name"><![CDATA[招聘]]></item>
			<item id="icon"><![CDATA[]]></item>
			<item id="special"><![CDATA[1]]></item>
			<item id="modelid"><![CDATA[0]]></item>
			<item id="template"><![CDATA[<!--top-->
<div class="ybzp_cont">
  
  <div class="ybzp_ctop">
    <div class="zpcm_l">
       <p class="zpcml_p1">{ybzzhiwei_value}</p>
       <p class="zpcml_p2">{yb_zp_comname_value}</p>
       <p class="zpcml_p3">{yb_zp_gsgm_value}人<i>|</i>{yb_zp_comxingzhi_value}<i>|</i>公司网址：{yb_zp_webadd_value}</p>
    </div>
    
    <div class="zpcm_r">
       <p><b>{yb_zp_xinzi_value}</b>元/月</p>
       <span><a class="zpcmr_p2" id="go" >投个简历</a>
<a href="#" class="zpcmr_p1"><img src="template/yibai_scity3/ybimg/fenlei/zp_img1.jpg" />收藏</a></span>
    </div> 
  </div>
  
  <div class="ybzp_clist">
     <div class="zpcl_one"><img src="template/yibai_scity3/ybimg/fenlei/zp_img6.png" /><p>{yb_zp_nianxian_value}年经验</p><img src="template/yibai_scity3/ybimg/fenlei/zp_img5.png" /><p>{yb_zp_zxueli_value}</p><img src="template/yibai_scity3/ybimg/fenlei/zp_img4.png" /><p>招聘	{ybzpinre_value}人</p></div>
     <div class="zpcl_two">{yb_zp_fuli_value}</div>
     <div class="zpcl_thr"><span>工作地点：</span><p>	{ybcomquyu_value}</p></div>
     <div class="zpcl_thr"><span>联系人员：</span><p>	{yb_zp_name_value}</p></div>
     <div class="zpcl_thr"><span>联系方式：</span><p>{yb_zp_tel_value}</p></div>
     <div class="zpcl_thr"><span>其他联系：</span><b><A href="tencent://Message/?Uin=	{yb_qz_qq_value}&websiteName=#=&Menu=yes"><img src="template/yibai_scity3/ybimg/fenlei/i_imga2.png" /></a></b></div>
  </div> 
    
</div>

<!--bot-->

<div class="qz_bot">
      
       
       <div class="qzb_div">
          <div class="tit t5">任职要求</div>
          <div class="text_m">        
	{yb_zp_rzyq_value}
          </div>
       </div>
       
       <div class="qzb_div">
          <div class="tit t3">职位描述</div>
          <div class="text_m">          
			{yb_zp_zwms_value}
          </div>
       </div>
       


       
    </div>






<!--botend-->

<script>

jQuery(document).ready(function(){  
jQuery('a#go').click(function(){ 
jQuery('html, body, .content').animate({scrollTop: jQuery(document).height()}, 900); 
return false; 
}); 
}) 
</script>
]]></item>
			<item id="stemplate"><![CDATA[<div>
[loop]
<div class="ybzp_div">

      <div class="zpdr_a"><a href="	{subject_url}">{ybzzhiwei_value}</a><span>|</span><p>{yb_zp_comname_value}</p><b>{dateline}</b></div>
      <div class="zpdr_b">
        <img src="template/yibai_scity3/ybimg/fenlei/i_img30.png" /><p class="zpcolor_a">{yb_zp_xinzi_value}</p><i>|</i><p>中山</p><i>|</i><p>{yb_zp_nianxian_value}工作经验</p><i>|</i><p>{yb_zp_zxueli_value}</p>
      </div>
      <div class="zpdr_c">
        {yb_zp_fuli_value}
     </div>
   
</div>
[/loop]
</div>]]></item>
			<item id="ptemplate"><![CDATA[]]></item>
			<item id="btemplate"><![CDATA[   <div class="ybflsy_job">
[loop]
<div class="jli">
			<div class="jcom_name_box"><a href="{subject_url}">{subject}</a><div class="j-m-r">投递简历</div></div>
			<div class="jobs_gourp"><a href="{subject_url}">{yb_zp_comname_value}</a></div>
		  </div>
[/loop]
  </div>]]></item>
			<item id="sortid"><![CDATA[8]]></item>
			<item id="available"><![CDATA[1]]></item>
			<item id="required"><![CDATA[1]]></item>
			<item id="unchangeable"><![CDATA[0]]></item>
			<item id="search"><![CDATA[2]]></item>
			<item id="subjectshow"><![CDATA[1]]></item>
			<item id="tpdescription"><![CDATA[]]></item>
			<item id="ttdescription"><![CDATA[]]></item>
			<item id="tpexpiration"><![CDATA[0]]></item>
			<item id="ttexpiration"><![CDATA[0]]></item>
			<item id="__protect">
				<item id="usergroup"><![CDATA[]]></item>
				<item id="verify"><![CDATA[]]></item>
			</item>
			<item id="__rules">
				<item id="choices"><![CDATA[1 = 朝阳区
2 = 海锭区
3 = 东城区
4 = 西城区
5 = 通州区
6 = 丰台区
7 = 昌平区
]]></item>
				<item id="inputsize"><![CDATA[]]></item>
			</item>
		</item>
		<item id="4">
			<item id="optionid"><![CDATA[126]]></item>
			<item id="classid"><![CDATA[5]]></item>
			<item id="displayorder"><![CDATA[4]]></item>
			<item id="expiration"><![CDATA[0]]></item>
			<item id="title"><![CDATA[性别要求]]></item>
			<item id="description"><![CDATA[]]></item>
			<item id="identifier"><![CDATA[ybcomsex]]></item>
			<item id="type"><![CDATA[select]]></item>
			<item id="unit"><![CDATA[]]></item>
			<item id="permprompt"><![CDATA[]]></item>
			<item id="typeid"><![CDATA[8]]></item>
			<item id="name"><![CDATA[招聘]]></item>
			<item id="icon"><![CDATA[]]></item>
			<item id="special"><![CDATA[1]]></item>
			<item id="modelid"><![CDATA[0]]></item>
			<item id="template"><![CDATA[<!--top-->
<div class="ybzp_cont">
  
  <div class="ybzp_ctop">
    <div class="zpcm_l">
       <p class="zpcml_p1">{ybzzhiwei_value}</p>
       <p class="zpcml_p2">{yb_zp_comname_value}</p>
       <p class="zpcml_p3">{yb_zp_gsgm_value}人<i>|</i>{yb_zp_comxingzhi_value}<i>|</i>公司网址：{yb_zp_webadd_value}</p>
    </div>
    
    <div class="zpcm_r">
       <p><b>{yb_zp_xinzi_value}</b>元/月</p>
       <span><a class="zpcmr_p2" id="go" >投个简历</a>
<a href="#" class="zpcmr_p1"><img src="template/yibai_scity3/ybimg/fenlei/zp_img1.jpg" />收藏</a></span>
    </div> 
  </div>
  
  <div class="ybzp_clist">
     <div class="zpcl_one"><img src="template/yibai_scity3/ybimg/fenlei/zp_img6.png" /><p>{yb_zp_nianxian_value}年经验</p><img src="template/yibai_scity3/ybimg/fenlei/zp_img5.png" /><p>{yb_zp_zxueli_value}</p><img src="template/yibai_scity3/ybimg/fenlei/zp_img4.png" /><p>招聘	{ybzpinre_value}人</p></div>
     <div class="zpcl_two">{yb_zp_fuli_value}</div>
     <div class="zpcl_thr"><span>工作地点：</span><p>	{ybcomquyu_value}</p></div>
     <div class="zpcl_thr"><span>联系人员：</span><p>	{yb_zp_name_value}</p></div>
     <div class="zpcl_thr"><span>联系方式：</span><p>{yb_zp_tel_value}</p></div>
     <div class="zpcl_thr"><span>其他联系：</span><b><A href="tencent://Message/?Uin=	{yb_qz_qq_value}&websiteName=#=&Menu=yes"><img src="template/yibai_scity3/ybimg/fenlei/i_imga2.png" /></a></b></div>
  </div> 
    
</div>

<!--bot-->

<div class="qz_bot">
      
       
       <div class="qzb_div">
          <div class="tit t5">任职要求</div>
          <div class="text_m">        
	{yb_zp_rzyq_value}
          </div>
       </div>
       
       <div class="qzb_div">
          <div class="tit t3">职位描述</div>
          <div class="text_m">          
			{yb_zp_zwms_value}
          </div>
       </div>
       


       
    </div>






<!--botend-->

<script>

jQuery(document).ready(function(){  
jQuery('a#go').click(function(){ 
jQuery('html, body, .content').animate({scrollTop: jQuery(document).height()}, 900); 
return false; 
}); 
}) 
</script>
]]></item>
			<item id="stemplate"><![CDATA[<div>
[loop]
<div class="ybzp_div">

      <div class="zpdr_a"><a href="	{subject_url}">{ybzzhiwei_value}</a><span>|</span><p>{yb_zp_comname_value}</p><b>{dateline}</b></div>
      <div class="zpdr_b">
        <img src="template/yibai_scity3/ybimg/fenlei/i_img30.png" /><p class="zpcolor_a">{yb_zp_xinzi_value}</p><i>|</i><p>中山</p><i>|</i><p>{yb_zp_nianxian_value}工作经验</p><i>|</i><p>{yb_zp_zxueli_value}</p>
      </div>
      <div class="zpdr_c">
        {yb_zp_fuli_value}
     </div>
   
</div>
[/loop]
</div>]]></item>
			<item id="ptemplate"><![CDATA[]]></item>
			<item id="btemplate"><![CDATA[   <div class="ybflsy_job">
[loop]
<div class="jli">
			<div class="jcom_name_box"><a href="{subject_url}">{subject}</a><div class="j-m-r">投递简历</div></div>
			<div class="jobs_gourp"><a href="{subject_url}">{yb_zp_comname_value}</a></div>
		  </div>
[/loop]
  </div>]]></item>
			<item id="sortid"><![CDATA[8]]></item>
			<item id="available"><![CDATA[1]]></item>
			<item id="required"><![CDATA[1]]></item>
			<item id="unchangeable"><![CDATA[0]]></item>
			<item id="search"><![CDATA[2]]></item>
			<item id="subjectshow"><![CDATA[1]]></item>
			<item id="tpdescription"><![CDATA[]]></item>
			<item id="ttdescription"><![CDATA[]]></item>
			<item id="tpexpiration"><![CDATA[0]]></item>
			<item id="ttexpiration"><![CDATA[0]]></item>
			<item id="__protect">
				<item id="usergroup"><![CDATA[]]></item>
				<item id="verify"><![CDATA[]]></item>
			</item>
			<item id="__rules">
				<item id="choices"><![CDATA[1 = 男
2 = 女
3 = 不限]]></item>
				<item id="inputsize"><![CDATA[]]></item>
			</item>
		</item>
		<item id="5">
			<item id="optionid"><![CDATA[127]]></item>
			<item id="classid"><![CDATA[5]]></item>
			<item id="displayorder"><![CDATA[14]]></item>
			<item id="expiration"><![CDATA[0]]></item>
			<item id="title"><![CDATA[招聘职位]]></item>
			<item id="description"><![CDATA[]]></item>
			<item id="identifier"><![CDATA[ybzzhiwei]]></item>
			<item id="type"><![CDATA[select]]></item>
			<item id="unit"><![CDATA[]]></item>
			<item id="permprompt"><![CDATA[]]></item>
			<item id="typeid"><![CDATA[8]]></item>
			<item id="name"><![CDATA[招聘]]></item>
			<item id="icon"><![CDATA[]]></item>
			<item id="special"><![CDATA[1]]></item>
			<item id="modelid"><![CDATA[0]]></item>
			<item id="template"><![CDATA[<!--top-->
<div class="ybzp_cont">
  
  <div class="ybzp_ctop">
    <div class="zpcm_l">
       <p class="zpcml_p1">{ybzzhiwei_value}</p>
       <p class="zpcml_p2">{yb_zp_comname_value}</p>
       <p class="zpcml_p3">{yb_zp_gsgm_value}人<i>|</i>{yb_zp_comxingzhi_value}<i>|</i>公司网址：{yb_zp_webadd_value}</p>
    </div>
    
    <div class="zpcm_r">
       <p><b>{yb_zp_xinzi_value}</b>元/月</p>
       <span><a class="zpcmr_p2" id="go" >投个简历</a>
<a href="#" class="zpcmr_p1"><img src="template/yibai_scity3/ybimg/fenlei/zp_img1.jpg" />收藏</a></span>
    </div> 
  </div>
  
  <div class="ybzp_clist">
     <div class="zpcl_one"><img src="template/yibai_scity3/ybimg/fenlei/zp_img6.png" /><p>{yb_zp_nianxian_value}年经验</p><img src="template/yibai_scity3/ybimg/fenlei/zp_img5.png" /><p>{yb_zp_zxueli_value}</p><img src="template/yibai_scity3/ybimg/fenlei/zp_img4.png" /><p>招聘	{ybzpinre_value}人</p></div>
     <div class="zpcl_two">{yb_zp_fuli_value}</div>
     <div class="zpcl_thr"><span>工作地点：</span><p>	{ybcomquyu_value}</p></div>
     <div class="zpcl_thr"><span>联系人员：</span><p>	{yb_zp_name_value}</p></div>
     <div class="zpcl_thr"><span>联系方式：</span><p>{yb_zp_tel_value}</p></div>
     <div class="zpcl_thr"><span>其他联系：</span><b><A href="tencent://Message/?Uin=	{yb_qz_qq_value}&websiteName=#=&Menu=yes"><img src="template/yibai_scity3/ybimg/fenlei/i_imga2.png" /></a></b></div>
  </div> 
    
</div>

<!--bot-->

<div class="qz_bot">
      
       
       <div class="qzb_div">
          <div class="tit t5">任职要求</div>
          <div class="text_m">        
	{yb_zp_rzyq_value}
          </div>
       </div>
       
       <div class="qzb_div">
          <div class="tit t3">职位描述</div>
          <div class="text_m">          
			{yb_zp_zwms_value}
          </div>
       </div>
       


       
    </div>






<!--botend-->

<script>

jQuery(document).ready(function(){  
jQuery('a#go').click(function(){ 
jQuery('html, body, .content').animate({scrollTop: jQuery(document).height()}, 900); 
return false; 
}); 
}) 
</script>
]]></item>
			<item id="stemplate"><![CDATA[<div>
[loop]
<div class="ybzp_div">

      <div class="zpdr_a"><a href="	{subject_url}">{ybzzhiwei_value}</a><span>|</span><p>{yb_zp_comname_value}</p><b>{dateline}</b></div>
      <div class="zpdr_b">
        <img src="template/yibai_scity3/ybimg/fenlei/i_img30.png" /><p class="zpcolor_a">{yb_zp_xinzi_value}</p><i>|</i><p>中山</p><i>|</i><p>{yb_zp_nianxian_value}工作经验</p><i>|</i><p>{yb_zp_zxueli_value}</p>
      </div>
      <div class="zpdr_c">
        {yb_zp_fuli_value}
     </div>
   
</div>
[/loop]
</div>]]></item>
			<item id="ptemplate"><![CDATA[]]></item>
			<item id="btemplate"><![CDATA[   <div class="ybflsy_job">
[loop]
<div class="jli">
			<div class="jcom_name_box"><a href="{subject_url}">{subject}</a><div class="j-m-r">投递简历</div></div>
			<div class="jobs_gourp"><a href="{subject_url}">{yb_zp_comname_value}</a></div>
		  </div>
[/loop]
  </div>]]></item>
			<item id="sortid"><![CDATA[8]]></item>
			<item id="available"><![CDATA[1]]></item>
			<item id="required"><![CDATA[1]]></item>
			<item id="unchangeable"><![CDATA[0]]></item>
			<item id="search"><![CDATA[2]]></item>
			<item id="subjectshow"><![CDATA[1]]></item>
			<item id="tpdescription"><![CDATA[]]></item>
			<item id="ttdescription"><![CDATA[]]></item>
			<item id="tpexpiration"><![CDATA[0]]></item>
			<item id="ttexpiration"><![CDATA[0]]></item>
			<item id="__protect">
				<item id="usergroup"><![CDATA[]]></item>
				<item id="verify"><![CDATA[]]></item>
			</item>
			<item id="__rules">
				<item id="choices"><![CDATA[1 = 网页设计师 
2 = Flash设计师 
3 = APP设计师 
4 = UI设计师
5 = 产品经理 
6 = 网页产品经理 
7 = 移动产品经理 
8 = 产品助理
9 = 内容运营 
10 = 产品运营 
11 = 数据运营 
12 = 用户运营 
13 = 活动运营]]></item>
				<item id="inputsize"><![CDATA[]]></item>
			</item>
		</item>
		<item id="6">
			<item id="optionid"><![CDATA[128]]></item>
			<item id="classid"><![CDATA[5]]></item>
			<item id="displayorder"><![CDATA[3]]></item>
			<item id="expiration"><![CDATA[0]]></item>
			<item id="title"><![CDATA[学历]]></item>
			<item id="description"><![CDATA[]]></item>
			<item id="identifier"><![CDATA[yb_zp_zxueli]]></item>
			<item id="type"><![CDATA[select]]></item>
			<item id="unit"><![CDATA[]]></item>
			<item id="permprompt"><![CDATA[]]></item>
			<item id="typeid"><![CDATA[8]]></item>
			<item id="name"><![CDATA[招聘]]></item>
			<item id="icon"><![CDATA[]]></item>
			<item id="special"><![CDATA[1]]></item>
			<item id="modelid"><![CDATA[0]]></item>
			<item id="template"><![CDATA[<!--top-->
<div class="ybzp_cont">
  
  <div class="ybzp_ctop">
    <div class="zpcm_l">
       <p class="zpcml_p1">{ybzzhiwei_value}</p>
       <p class="zpcml_p2">{yb_zp_comname_value}</p>
       <p class="zpcml_p3">{yb_zp_gsgm_value}人<i>|</i>{yb_zp_comxingzhi_value}<i>|</i>公司网址：{yb_zp_webadd_value}</p>
    </div>
    
    <div class="zpcm_r">
       <p><b>{yb_zp_xinzi_value}</b>元/月</p>
       <span><a class="zpcmr_p2" id="go" >投个简历</a>
<a href="#" class="zpcmr_p1"><img src="template/yibai_scity3/ybimg/fenlei/zp_img1.jpg" />收藏</a></span>
    </div> 
  </div>
  
  <div class="ybzp_clist">
     <div class="zpcl_one"><img src="template/yibai_scity3/ybimg/fenlei/zp_img6.png" /><p>{yb_zp_nianxian_value}年经验</p><img src="template/yibai_scity3/ybimg/fenlei/zp_img5.png" /><p>{yb_zp_zxueli_value}</p><img src="template/yibai_scity3/ybimg/fenlei/zp_img4.png" /><p>招聘	{ybzpinre_value}人</p></div>
     <div class="zpcl_two">{yb_zp_fuli_value}</div>
     <div class="zpcl_thr"><span>工作地点：</span><p>	{ybcomquyu_value}</p></div>
     <div class="zpcl_thr"><span>联系人员：</span><p>	{yb_zp_name_value}</p></div>
     <div class="zpcl_thr"><span>联系方式：</span><p>{yb_zp_tel_value}</p></div>
     <div class="zpcl_thr"><span>其他联系：</span><b><A href="tencent://Message/?Uin=	{yb_qz_qq_value}&websiteName=#=&Menu=yes"><img src="template/yibai_scity3/ybimg/fenlei/i_imga2.png" /></a></b></div>
  </div> 
    
</div>

<!--bot-->

<div class="qz_bot">
      
       
       <div class="qzb_div">
          <div class="tit t5">任职要求</div>
          <div class="text_m">        
	{yb_zp_rzyq_value}
          </div>
       </div>
       
       <div class="qzb_div">
          <div class="tit t3">职位描述</div>
          <div class="text_m">          
			{yb_zp_zwms_value}
          </div>
       </div>
       


       
    </div>






<!--botend-->

<script>

jQuery(document).ready(function(){  
jQuery('a#go').click(function(){ 
jQuery('html, body, .content').animate({scrollTop: jQuery(document).height()}, 900); 
return false; 
}); 
}) 
</script>
]]></item>
			<item id="stemplate"><![CDATA[<div>
[loop]
<div class="ybzp_div">

      <div class="zpdr_a"><a href="	{subject_url}">{ybzzhiwei_value}</a><span>|</span><p>{yb_zp_comname_value}</p><b>{dateline}</b></div>
      <div class="zpdr_b">
        <img src="template/yibai_scity3/ybimg/fenlei/i_img30.png" /><p class="zpcolor_a">{yb_zp_xinzi_value}</p><i>|</i><p>中山</p><i>|</i><p>{yb_zp_nianxian_value}工作经验</p><i>|</i><p>{yb_zp_zxueli_value}</p>
      </div>
      <div class="zpdr_c">
        {yb_zp_fuli_value}
     </div>
   
</div>
[/loop]
</div>]]></item>
			<item id="ptemplate"><![CDATA[]]></item>
			<item id="btemplate"><![CDATA[   <div class="ybflsy_job">
[loop]
<div class="jli">
			<div class="jcom_name_box"><a href="{subject_url}">{subject}</a><div class="j-m-r">投递简历</div></div>
			<div class="jobs_gourp"><a href="{subject_url}">{yb_zp_comname_value}</a></div>
		  </div>
[/loop]
  </div>]]></item>
			<item id="sortid"><![CDATA[8]]></item>
			<item id="available"><![CDATA[1]]></item>
			<item id="required"><![CDATA[1]]></item>
			<item id="unchangeable"><![CDATA[0]]></item>
			<item id="search"><![CDATA[2]]></item>
			<item id="subjectshow"><![CDATA[1]]></item>
			<item id="tpdescription"><![CDATA[]]></item>
			<item id="ttdescription"><![CDATA[]]></item>
			<item id="tpexpiration"><![CDATA[0]]></item>
			<item id="ttexpiration"><![CDATA[0]]></item>
			<item id="__protect">
				<item id="usergroup"><![CDATA[]]></item>
				<item id="verify"><![CDATA[]]></item>
			</item>
			<item id="__rules">
				<item id="choices"><![CDATA[1 = 不限
2 = 高中
3 = 技校
4 = 中专
5 = 大专
6 = 本科
7 = 硕士
8 = 博士]]></item>
				<item id="inputsize"><![CDATA[]]></item>
			</item>
		</item>
		<item id="7">
			<item id="optionid"><![CDATA[129]]></item>
			<item id="classid"><![CDATA[5]]></item>
			<item id="displayorder"><![CDATA[2]]></item>
			<item id="expiration"><![CDATA[0]]></item>
			<item id="title"><![CDATA[招聘人数]]></item>
			<item id="description"><![CDATA[]]></item>
			<item id="identifier"><![CDATA[ybzpinre]]></item>
			<item id="type"><![CDATA[text]]></item>
			<item id="unit"><![CDATA[人]]></item>
			<item id="permprompt"><![CDATA[]]></item>
			<item id="typeid"><![CDATA[8]]></item>
			<item id="name"><![CDATA[招聘]]></item>
			<item id="icon"><![CDATA[]]></item>
			<item id="special"><![CDATA[1]]></item>
			<item id="modelid"><![CDATA[0]]></item>
			<item id="template"><![CDATA[<!--top-->
<div class="ybzp_cont">
  
  <div class="ybzp_ctop">
    <div class="zpcm_l">
       <p class="zpcml_p1">{ybzzhiwei_value}</p>
       <p class="zpcml_p2">{yb_zp_comname_value}</p>
       <p class="zpcml_p3">{yb_zp_gsgm_value}人<i>|</i>{yb_zp_comxingzhi_value}<i>|</i>公司网址：{yb_zp_webadd_value}</p>
    </div>
    
    <div class="zpcm_r">
       <p><b>{yb_zp_xinzi_value}</b>元/月</p>
       <span><a class="zpcmr_p2" id="go" >投个简历</a>
<a href="#" class="zpcmr_p1"><img src="template/yibai_scity3/ybimg/fenlei/zp_img1.jpg" />收藏</a></span>
    </div> 
  </div>
  
  <div class="ybzp_clist">
     <div class="zpcl_one"><img src="template/yibai_scity3/ybimg/fenlei/zp_img6.png" /><p>{yb_zp_nianxian_value}年经验</p><img src="template/yibai_scity3/ybimg/fenlei/zp_img5.png" /><p>{yb_zp_zxueli_value}</p><img src="template/yibai_scity3/ybimg/fenlei/zp_img4.png" /><p>招聘	{ybzpinre_value}人</p></div>
     <div class="zpcl_two">{yb_zp_fuli_value}</div>
     <div class="zpcl_thr"><span>工作地点：</span><p>	{ybcomquyu_value}</p></div>
     <div class="zpcl_thr"><span>联系人员：</span><p>	{yb_zp_name_value}</p></div>
     <div class="zpcl_thr"><span>联系方式：</span><p>{yb_zp_tel_value}</p></div>
     <div class="zpcl_thr"><span>其他联系：</span><b><A href="tencent://Message/?Uin=	{yb_qz_qq_value}&websiteName=#=&Menu=yes"><img src="template/yibai_scity3/ybimg/fenlei/i_imga2.png" /></a></b></div>
  </div> 
    
</div>

<!--bot-->

<div class="qz_bot">
      
       
       <div class="qzb_div">
          <div class="tit t5">任职要求</div>
          <div class="text_m">        
	{yb_zp_rzyq_value}
          </div>
       </div>
       
       <div class="qzb_div">
          <div class="tit t3">职位描述</div>
          <div class="text_m">          
			{yb_zp_zwms_value}
          </div>
       </div>
       


       
    </div>






<!--botend-->

<script>

jQuery(document).ready(function(){  
jQuery('a#go').click(function(){ 
jQuery('html, body, .content').animate({scrollTop: jQuery(document).height()}, 900); 
return false; 
}); 
}) 
</script>
]]></item>
			<item id="stemplate"><![CDATA[<div>
[loop]
<div class="ybzp_div">

      <div class="zpdr_a"><a href="	{subject_url}">{ybzzhiwei_value}</a><span>|</span><p>{yb_zp_comname_value}</p><b>{dateline}</b></div>
      <div class="zpdr_b">
        <img src="template/yibai_scity3/ybimg/fenlei/i_img30.png" /><p class="zpcolor_a">{yb_zp_xinzi_value}</p><i>|</i><p>中山</p><i>|</i><p>{yb_zp_nianxian_value}工作经验</p><i>|</i><p>{yb_zp_zxueli_value}</p>
      </div>
      <div class="zpdr_c">
        {yb_zp_fuli_value}
     </div>
   
</div>
[/loop]
</div>]]></item>
			<item id="ptemplate"><![CDATA[]]></item>
			<item id="btemplate"><![CDATA[   <div class="ybflsy_job">
[loop]
<div class="jli">
			<div class="jcom_name_box"><a href="{subject_url}">{subject}</a><div class="j-m-r">投递简历</div></div>
			<div class="jobs_gourp"><a href="{subject_url}">{yb_zp_comname_value}</a></div>
		  </div>
[/loop]
  </div>]]></item>
			<item id="sortid"><![CDATA[8]]></item>
			<item id="available"><![CDATA[1]]></item>
			<item id="required"><![CDATA[1]]></item>
			<item id="unchangeable"><![CDATA[0]]></item>
			<item id="search"><![CDATA[0]]></item>
			<item id="subjectshow"><![CDATA[1]]></item>
			<item id="tpdescription"><![CDATA[]]></item>
			<item id="ttdescription"><![CDATA[]]></item>
			<item id="tpexpiration"><![CDATA[0]]></item>
			<item id="ttexpiration"><![CDATA[0]]></item>
			<item id="__protect">
				<item id="status"><![CDATA[0]]></item>
				<item id="usergroup"><![CDATA[]]></item>
				<item id="verify"><![CDATA[]]></item>
			</item>
			<item id="__rules">
				<item id="maxlength"><![CDATA[]]></item>
				<item id="inputsize"><![CDATA[]]></item>
				<item id="profile"><![CDATA[]]></item>
				<item id="defaultvalue"><![CDATA[1]]></item>
			</item>
		</item>
		<item id="8">
			<item id="optionid"><![CDATA[163]]></item>
			<item id="classid"><![CDATA[5]]></item>
			<item id="displayorder"><![CDATA[9]]></item>
			<item id="expiration"><![CDATA[0]]></item>
			<item id="title"><![CDATA[职位简介]]></item>
			<item id="description"><![CDATA[]]></item>
			<item id="identifier"><![CDATA[yb_jz_jianjie]]></item>
			<item id="type"><![CDATA[textarea]]></item>
			<item id="unit"><![CDATA[]]></item>
			<item id="permprompt"><![CDATA[]]></item>
			<item id="typeid"><![CDATA[8]]></item>
			<item id="name"><![CDATA[招聘]]></item>
			<item id="icon"><![CDATA[]]></item>
			<item id="special"><![CDATA[1]]></item>
			<item id="modelid"><![CDATA[0]]></item>
			<item id="template"><![CDATA[<!--top-->
<div class="ybzp_cont">
  
  <div class="ybzp_ctop">
    <div class="zpcm_l">
       <p class="zpcml_p1">{ybzzhiwei_value}</p>
       <p class="zpcml_p2">{yb_zp_comname_value}</p>
       <p class="zpcml_p3">{yb_zp_gsgm_value}人<i>|</i>{yb_zp_comxingzhi_value}<i>|</i>公司网址：{yb_zp_webadd_value}</p>
    </div>
    
    <div class="zpcm_r">
       <p><b>{yb_zp_xinzi_value}</b>元/月</p>
       <span><a class="zpcmr_p2" id="go" >投个简历</a>
<a href="#" class="zpcmr_p1"><img src="template/yibai_scity3/ybimg/fenlei/zp_img1.jpg" />收藏</a></span>
    </div> 
  </div>
  
  <div class="ybzp_clist">
     <div class="zpcl_one"><img src="template/yibai_scity3/ybimg/fenlei/zp_img6.png" /><p>{yb_zp_nianxian_value}年经验</p><img src="template/yibai_scity3/ybimg/fenlei/zp_img5.png" /><p>{yb_zp_zxueli_value}</p><img src="template/yibai_scity3/ybimg/fenlei/zp_img4.png" /><p>招聘	{ybzpinre_value}人</p></div>
     <div class="zpcl_two">{yb_zp_fuli_value}</div>
     <div class="zpcl_thr"><span>工作地点：</span><p>	{ybcomquyu_value}</p></div>
     <div class="zpcl_thr"><span>联系人员：</span><p>	{yb_zp_name_value}</p></div>
     <div class="zpcl_thr"><span>联系方式：</span><p>{yb_zp_tel_value}</p></div>
     <div class="zpcl_thr"><span>其他联系：</span><b><A href="tencent://Message/?Uin=	{yb_qz_qq_value}&websiteName=#=&Menu=yes"><img src="template/yibai_scity3/ybimg/fenlei/i_imga2.png" /></a></b></div>
  </div> 
    
</div>

<!--bot-->

<div class="qz_bot">
      
       
       <div class="qzb_div">
          <div class="tit t5">任职要求</div>
          <div class="text_m">        
	{yb_zp_rzyq_value}
          </div>
       </div>
       
       <div class="qzb_div">
          <div class="tit t3">职位描述</div>
          <div class="text_m">          
			{yb_zp_zwms_value}
          </div>
       </div>
       


       
    </div>






<!--botend-->

<script>

jQuery(document).ready(function(){  
jQuery('a#go').click(function(){ 
jQuery('html, body, .content').animate({scrollTop: jQuery(document).height()}, 900); 
return false; 
}); 
}) 
</script>
]]></item>
			<item id="stemplate"><![CDATA[<div>
[loop]
<div class="ybzp_div">

      <div class="zpdr_a"><a href="	{subject_url}">{ybzzhiwei_value}</a><span>|</span><p>{yb_zp_comname_value}</p><b>{dateline}</b></div>
      <div class="zpdr_b">
        <img src="template/yibai_scity3/ybimg/fenlei/i_img30.png" /><p class="zpcolor_a">{yb_zp_xinzi_value}</p><i>|</i><p>中山</p><i>|</i><p>{yb_zp_nianxian_value}工作经验</p><i>|</i><p>{yb_zp_zxueli_value}</p>
      </div>
      <div class="zpdr_c">
        {yb_zp_fuli_value}
     </div>
   
</div>
[/loop]
</div>]]></item>
			<item id="ptemplate"><![CDATA[]]></item>
			<item id="btemplate"><![CDATA[   <div class="ybflsy_job">
[loop]
<div class="jli">
			<div class="jcom_name_box"><a href="{subject_url}">{subject}</a><div class="j-m-r">投递简历</div></div>
			<div class="jobs_gourp"><a href="{subject_url}">{yb_zp_comname_value}</a></div>
		  </div>
[/loop]
  </div>]]></item>
			<item id="sortid"><![CDATA[8]]></item>
			<item id="available"><![CDATA[0]]></item>
			<item id="required"><![CDATA[0]]></item>
			<item id="unchangeable"><![CDATA[0]]></item>
			<item id="search"><![CDATA[0]]></item>
			<item id="subjectshow"><![CDATA[0]]></item>
			<item id="tpdescription"><![CDATA[]]></item>
			<item id="ttdescription"><![CDATA[]]></item>
			<item id="tpexpiration"><![CDATA[0]]></item>
			<item id="ttexpiration"><![CDATA[0]]></item>
			<item id="__protect">
				<item id="status"><![CDATA[0]]></item>
				<item id="usergroup"><![CDATA[]]></item>
				<item id="verify"><![CDATA[]]></item>
			</item>
			<item id="__rules">
				<item id="maxlength"><![CDATA[]]></item>
				<item id="colsize"><![CDATA[]]></item>
				<item id="rowsize"><![CDATA[]]></item>
				<item id="defaultvalue"><![CDATA[]]></item>
			</item>
		</item>
		<item id="9">
			<item id="optionid"><![CDATA[165]]></item>
			<item id="classid"><![CDATA[5]]></item>
			<item id="displayorder"><![CDATA[1]]></item>
			<item id="expiration"><![CDATA[0]]></item>
			<item id="title"><![CDATA[公司logo]]></item>
			<item id="description"><![CDATA[]]></item>
			<item id="identifier"><![CDATA[yb_jz_logo]]></item>
			<item id="type"><![CDATA[image]]></item>
			<item id="unit"><![CDATA[]]></item>
			<item id="permprompt"><![CDATA[]]></item>
			<item id="typeid"><![CDATA[8]]></item>
			<item id="name"><![CDATA[招聘]]></item>
			<item id="icon"><![CDATA[]]></item>
			<item id="special"><![CDATA[1]]></item>
			<item id="modelid"><![CDATA[0]]></item>
			<item id="template"><![CDATA[<!--top-->
<div class="ybzp_cont">
  
  <div class="ybzp_ctop">
    <div class="zpcm_l">
       <p class="zpcml_p1">{ybzzhiwei_value}</p>
       <p class="zpcml_p2">{yb_zp_comname_value}</p>
       <p class="zpcml_p3">{yb_zp_gsgm_value}人<i>|</i>{yb_zp_comxingzhi_value}<i>|</i>公司网址：{yb_zp_webadd_value}</p>
    </div>
    
    <div class="zpcm_r">
       <p><b>{yb_zp_xinzi_value}</b>元/月</p>
       <span><a class="zpcmr_p2" id="go" >投个简历</a>
<a href="#" class="zpcmr_p1"><img src="template/yibai_scity3/ybimg/fenlei/zp_img1.jpg" />收藏</a></span>
    </div> 
  </div>
  
  <div class="ybzp_clist">
     <div class="zpcl_one"><img src="template/yibai_scity3/ybimg/fenlei/zp_img6.png" /><p>{yb_zp_nianxian_value}年经验</p><img src="template/yibai_scity3/ybimg/fenlei/zp_img5.png" /><p>{yb_zp_zxueli_value}</p><img src="template/yibai_scity3/ybimg/fenlei/zp_img4.png" /><p>招聘	{ybzpinre_value}人</p></div>
     <div class="zpcl_two">{yb_zp_fuli_value}</div>
     <div class="zpcl_thr"><span>工作地点：</span><p>	{ybcomquyu_value}</p></div>
     <div class="zpcl_thr"><span>联系人员：</span><p>	{yb_zp_name_value}</p></div>
     <div class="zpcl_thr"><span>联系方式：</span><p>{yb_zp_tel_value}</p></div>
     <div class="zpcl_thr"><span>其他联系：</span><b><A href="tencent://Message/?Uin=	{yb_qz_qq_value}&websiteName=#=&Menu=yes"><img src="template/yibai_scity3/ybimg/fenlei/i_imga2.png" /></a></b></div>
  </div> 
    
</div>

<!--bot-->

<div class="qz_bot">
      
       
       <div class="qzb_div">
          <div class="tit t5">任职要求</div>
          <div class="text_m">        
	{yb_zp_rzyq_value}
          </div>
       </div>
       
       <div class="qzb_div">
          <div class="tit t3">职位描述</div>
          <div class="text_m">          
			{yb_zp_zwms_value}
          </div>
       </div>
       


       
    </div>






<!--botend-->

<script>

jQuery(document).ready(function(){  
jQuery('a#go').click(function(){ 
jQuery('html, body, .content').animate({scrollTop: jQuery(document).height()}, 900); 
return false; 
}); 
}) 
</script>
]]></item>
			<item id="stemplate"><![CDATA[<div>
[loop]
<div class="ybzp_div">

      <div class="zpdr_a"><a href="	{subject_url}">{ybzzhiwei_value}</a><span>|</span><p>{yb_zp_comname_value}</p><b>{dateline}</b></div>
      <div class="zpdr_b">
        <img src="template/yibai_scity3/ybimg/fenlei/i_img30.png" /><p class="zpcolor_a">{yb_zp_xinzi_value}</p><i>|</i><p>中山</p><i>|</i><p>{yb_zp_nianxian_value}工作经验</p><i>|</i><p>{yb_zp_zxueli_value}</p>
      </div>
      <div class="zpdr_c">
        {yb_zp_fuli_value}
     </div>
   
</div>
[/loop]
</div>]]></item>
			<item id="ptemplate"><![CDATA[]]></item>
			<item id="btemplate"><![CDATA[   <div class="ybflsy_job">
[loop]
<div class="jli">
			<div class="jcom_name_box"><a href="{subject_url}">{subject}</a><div class="j-m-r">投递简历</div></div>
			<div class="jobs_gourp"><a href="{subject_url}">{yb_zp_comname_value}</a></div>
		  </div>
[/loop]
  </div>]]></item>
			<item id="sortid"><![CDATA[8]]></item>
			<item id="available"><![CDATA[1]]></item>
			<item id="required"><![CDATA[1]]></item>
			<item id="unchangeable"><![CDATA[0]]></item>
			<item id="search"><![CDATA[0]]></item>
			<item id="subjectshow"><![CDATA[1]]></item>
			<item id="tpdescription"><![CDATA[]]></item>
			<item id="ttdescription"><![CDATA[]]></item>
			<item id="tpexpiration"><![CDATA[0]]></item>
			<item id="ttexpiration"><![CDATA[0]]></item>
			<item id="__protect">
				<item id="usergroup"><![CDATA[]]></item>
				<item id="verify"><![CDATA[]]></item>
			</item>
			<item id="__rules">
				<item id="maxwidth"><![CDATA[]]></item>
				<item id="maxheight"><![CDATA[]]></item>
				<item id="inputsize"><![CDATA[]]></item>
			</item>
		</item>
		<item id="10">
			<item id="optionid"><![CDATA[197]]></item>
			<item id="classid"><![CDATA[5]]></item>
			<item id="displayorder"><![CDATA[2]]></item>
			<item id="expiration"><![CDATA[0]]></item>
			<item id="protect"><![CDATA[]]></item>
			<item id="title"><![CDATA[公司名称]]></item>
			<item id="description"><![CDATA[]]></item>
			<item id="identifier"><![CDATA[yb_zp_comname]]></item>
			<item id="type"><![CDATA[text]]></item>
			<item id="unit"><![CDATA[]]></item>
			<item id="rules"><![CDATA[]]></item>
			<item id="permprompt"><![CDATA[]]></item>
			<item id="typeid"><![CDATA[8]]></item>
			<item id="name"><![CDATA[招聘]]></item>
			<item id="icon"><![CDATA[]]></item>
			<item id="special"><![CDATA[1]]></item>
			<item id="modelid"><![CDATA[0]]></item>
			<item id="template"><![CDATA[<!--top-->
<div class="ybzp_cont">
  
  <div class="ybzp_ctop">
    <div class="zpcm_l">
       <p class="zpcml_p1">{ybzzhiwei_value}</p>
       <p class="zpcml_p2">{yb_zp_comname_value}</p>
       <p class="zpcml_p3">{yb_zp_gsgm_value}人<i>|</i>{yb_zp_comxingzhi_value}<i>|</i>公司网址：{yb_zp_webadd_value}</p>
    </div>
    
    <div class="zpcm_r">
       <p><b>{yb_zp_xinzi_value}</b>元/月</p>
       <span><a class="zpcmr_p2" id="go" >投个简历</a>
<a href="#" class="zpcmr_p1"><img src="template/yibai_scity3/ybimg/fenlei/zp_img1.jpg" />收藏</a></span>
    </div> 
  </div>
  
  <div class="ybzp_clist">
     <div class="zpcl_one"><img src="template/yibai_scity3/ybimg/fenlei/zp_img6.png" /><p>{yb_zp_nianxian_value}年经验</p><img src="template/yibai_scity3/ybimg/fenlei/zp_img5.png" /><p>{yb_zp_zxueli_value}</p><img src="template/yibai_scity3/ybimg/fenlei/zp_img4.png" /><p>招聘	{ybzpinre_value}人</p></div>
     <div class="zpcl_two">{yb_zp_fuli_value}</div>
     <div class="zpcl_thr"><span>工作地点：</span><p>	{ybcomquyu_value}</p></div>
     <div class="zpcl_thr"><span>联系人员：</span><p>	{yb_zp_name_value}</p></div>
     <div class="zpcl_thr"><span>联系方式：</span><p>{yb_zp_tel_value}</p></div>
     <div class="zpcl_thr"><span>其他联系：</span><b><A href="tencent://Message/?Uin=	{yb_qz_qq_value}&websiteName=#=&Menu=yes"><img src="template/yibai_scity3/ybimg/fenlei/i_imga2.png" /></a></b></div>
  </div> 
    
</div>

<!--bot-->

<div class="qz_bot">
      
       
       <div class="qzb_div">
          <div class="tit t5">任职要求</div>
          <div class="text_m">        
	{yb_zp_rzyq_value}
          </div>
       </div>
       
       <div class="qzb_div">
          <div class="tit t3">职位描述</div>
          <div class="text_m">          
			{yb_zp_zwms_value}
          </div>
       </div>
       


       
    </div>






<!--botend-->

<script>

jQuery(document).ready(function(){  
jQuery('a#go').click(function(){ 
jQuery('html, body, .content').animate({scrollTop: jQuery(document).height()}, 900); 
return false; 
}); 
}) 
</script>
]]></item>
			<item id="stemplate"><![CDATA[<div>
[loop]
<div class="ybzp_div">

      <div class="zpdr_a"><a href="	{subject_url}">{ybzzhiwei_value}</a><span>|</span><p>{yb_zp_comname_value}</p><b>{dateline}</b></div>
      <div class="zpdr_b">
        <img src="template/yibai_scity3/ybimg/fenlei/i_img30.png" /><p class="zpcolor_a">{yb_zp_xinzi_value}</p><i>|</i><p>中山</p><i>|</i><p>{yb_zp_nianxian_value}工作经验</p><i>|</i><p>{yb_zp_zxueli_value}</p>
      </div>
      <div class="zpdr_c">
        {yb_zp_fuli_value}
     </div>
   
</div>
[/loop]
</div>]]></item>
			<item id="ptemplate"><![CDATA[]]></item>
			<item id="btemplate"><![CDATA[   <div class="ybflsy_job">
[loop]
<div class="jli">
			<div class="jcom_name_box"><a href="{subject_url}">{subject}</a><div class="j-m-r">投递简历</div></div>
			<div class="jobs_gourp"><a href="{subject_url}">{yb_zp_comname_value}</a></div>
		  </div>
[/loop]
  </div>]]></item>
			<item id="sortid"><![CDATA[8]]></item>
			<item id="available"><![CDATA[1]]></item>
			<item id="required"><![CDATA[1]]></item>
			<item id="unchangeable"><![CDATA[0]]></item>
			<item id="search"><![CDATA[0]]></item>
			<item id="subjectshow"><![CDATA[1]]></item>
			<item id="tpdescription"><![CDATA[]]></item>
			<item id="ttdescription"><![CDATA[]]></item>
			<item id="tpexpiration"><![CDATA[0]]></item>
			<item id="ttexpiration"><![CDATA[0]]></item>
		</item>
		<item id="11">
			<item id="optionid"><![CDATA[198]]></item>
			<item id="classid"><![CDATA[5]]></item>
			<item id="displayorder"><![CDATA[15]]></item>
			<item id="expiration"><![CDATA[0]]></item>
			<item id="protect"><![CDATA[]]></item>
			<item id="title"><![CDATA[薪资]]></item>
			<item id="description"><![CDATA[]]></item>
			<item id="identifier"><![CDATA[yb_zp_xinzi]]></item>
			<item id="type"><![CDATA[text]]></item>
			<item id="unit"><![CDATA[]]></item>
			<item id="rules"><![CDATA[]]></item>
			<item id="permprompt"><![CDATA[]]></item>
			<item id="typeid"><![CDATA[8]]></item>
			<item id="name"><![CDATA[招聘]]></item>
			<item id="icon"><![CDATA[]]></item>
			<item id="special"><![CDATA[1]]></item>
			<item id="modelid"><![CDATA[0]]></item>
			<item id="template"><![CDATA[<!--top-->
<div class="ybzp_cont">
  
  <div class="ybzp_ctop">
    <div class="zpcm_l">
       <p class="zpcml_p1">{ybzzhiwei_value}</p>
       <p class="zpcml_p2">{yb_zp_comname_value}</p>
       <p class="zpcml_p3">{yb_zp_gsgm_value}人<i>|</i>{yb_zp_comxingzhi_value}<i>|</i>公司网址：{yb_zp_webadd_value}</p>
    </div>
    
    <div class="zpcm_r">
       <p><b>{yb_zp_xinzi_value}</b>元/月</p>
       <span><a class="zpcmr_p2" id="go" >投个简历</a>
<a href="#" class="zpcmr_p1"><img src="template/yibai_scity3/ybimg/fenlei/zp_img1.jpg" />收藏</a></span>
    </div> 
  </div>
  
  <div class="ybzp_clist">
     <div class="zpcl_one"><img src="template/yibai_scity3/ybimg/fenlei/zp_img6.png" /><p>{yb_zp_nianxian_value}年经验</p><img src="template/yibai_scity3/ybimg/fenlei/zp_img5.png" /><p>{yb_zp_zxueli_value}</p><img src="template/yibai_scity3/ybimg/fenlei/zp_img4.png" /><p>招聘	{ybzpinre_value}人</p></div>
     <div class="zpcl_two">{yb_zp_fuli_value}</div>
     <div class="zpcl_thr"><span>工作地点：</span><p>	{ybcomquyu_value}</p></div>
     <div class="zpcl_thr"><span>联系人员：</span><p>	{yb_zp_name_value}</p></div>
     <div class="zpcl_thr"><span>联系方式：</span><p>{yb_zp_tel_value}</p></div>
     <div class="zpcl_thr"><span>其他联系：</span><b><A href="tencent://Message/?Uin=	{yb_qz_qq_value}&websiteName=#=&Menu=yes"><img src="template/yibai_scity3/ybimg/fenlei/i_imga2.png" /></a></b></div>
  </div> 
    
</div>

<!--bot-->

<div class="qz_bot">
      
       
       <div class="qzb_div">
          <div class="tit t5">任职要求</div>
          <div class="text_m">        
	{yb_zp_rzyq_value}
          </div>
       </div>
       
       <div class="qzb_div">
          <div class="tit t3">职位描述</div>
          <div class="text_m">          
			{yb_zp_zwms_value}
          </div>
       </div>
       


       
    </div>






<!--botend-->

<script>

jQuery(document).ready(function(){  
jQuery('a#go').click(function(){ 
jQuery('html, body, .content').animate({scrollTop: jQuery(document).height()}, 900); 
return false; 
}); 
}) 
</script>
]]></item>
			<item id="stemplate"><![CDATA[<div>
[loop]
<div class="ybzp_div">

      <div class="zpdr_a"><a href="	{subject_url}">{ybzzhiwei_value}</a><span>|</span><p>{yb_zp_comname_value}</p><b>{dateline}</b></div>
      <div class="zpdr_b">
        <img src="template/yibai_scity3/ybimg/fenlei/i_img30.png" /><p class="zpcolor_a">{yb_zp_xinzi_value}</p><i>|</i><p>中山</p><i>|</i><p>{yb_zp_nianxian_value}工作经验</p><i>|</i><p>{yb_zp_zxueli_value}</p>
      </div>
      <div class="zpdr_c">
        {yb_zp_fuli_value}
     </div>
   
</div>
[/loop]
</div>]]></item>
			<item id="ptemplate"><![CDATA[]]></item>
			<item id="btemplate"><![CDATA[   <div class="ybflsy_job">
[loop]
<div class="jli">
			<div class="jcom_name_box"><a href="{subject_url}">{subject}</a><div class="j-m-r">投递简历</div></div>
			<div class="jobs_gourp"><a href="{subject_url}">{yb_zp_comname_value}</a></div>
		  </div>
[/loop]
  </div>]]></item>
			<item id="sortid"><![CDATA[8]]></item>
			<item id="available"><![CDATA[1]]></item>
			<item id="required"><![CDATA[1]]></item>
			<item id="unchangeable"><![CDATA[0]]></item>
			<item id="search"><![CDATA[0]]></item>
			<item id="subjectshow"><![CDATA[1]]></item>
			<item id="tpdescription"><![CDATA[]]></item>
			<item id="ttdescription"><![CDATA[]]></item>
			<item id="tpexpiration"><![CDATA[0]]></item>
			<item id="ttexpiration"><![CDATA[0]]></item>
		</item>
		<item id="12">
			<item id="optionid"><![CDATA[199]]></item>
			<item id="classid"><![CDATA[5]]></item>
			<item id="displayorder"><![CDATA[7]]></item>
			<item id="expiration"><![CDATA[0]]></item>
			<item id="protect"><![CDATA[]]></item>
			<item id="title"><![CDATA[职位描述]]></item>
			<item id="description"><![CDATA[]]></item>
			<item id="identifier"><![CDATA[yb_zp_zwms]]></item>
			<item id="type"><![CDATA[textarea]]></item>
			<item id="unit"><![CDATA[]]></item>
			<item id="rules"><![CDATA[]]></item>
			<item id="permprompt"><![CDATA[]]></item>
			<item id="typeid"><![CDATA[8]]></item>
			<item id="name"><![CDATA[招聘]]></item>
			<item id="icon"><![CDATA[]]></item>
			<item id="special"><![CDATA[1]]></item>
			<item id="modelid"><![CDATA[0]]></item>
			<item id="template"><![CDATA[<!--top-->
<div class="ybzp_cont">
  
  <div class="ybzp_ctop">
    <div class="zpcm_l">
       <p class="zpcml_p1">{ybzzhiwei_value}</p>
       <p class="zpcml_p2">{yb_zp_comname_value}</p>
       <p class="zpcml_p3">{yb_zp_gsgm_value}人<i>|</i>{yb_zp_comxingzhi_value}<i>|</i>公司网址：{yb_zp_webadd_value}</p>
    </div>
    
    <div class="zpcm_r">
       <p><b>{yb_zp_xinzi_value}</b>元/月</p>
       <span><a class="zpcmr_p2" id="go" >投个简历</a>
<a href="#" class="zpcmr_p1"><img src="template/yibai_scity3/ybimg/fenlei/zp_img1.jpg" />收藏</a></span>
    </div> 
  </div>
  
  <div class="ybzp_clist">
     <div class="zpcl_one"><img src="template/yibai_scity3/ybimg/fenlei/zp_img6.png" /><p>{yb_zp_nianxian_value}年经验</p><img src="template/yibai_scity3/ybimg/fenlei/zp_img5.png" /><p>{yb_zp_zxueli_value}</p><img src="template/yibai_scity3/ybimg/fenlei/zp_img4.png" /><p>招聘	{ybzpinre_value}人</p></div>
     <div class="zpcl_two">{yb_zp_fuli_value}</div>
     <div class="zpcl_thr"><span>工作地点：</span><p>	{ybcomquyu_value}</p></div>
     <div class="zpcl_thr"><span>联系人员：</span><p>	{yb_zp_name_value}</p></div>
     <div class="zpcl_thr"><span>联系方式：</span><p>{yb_zp_tel_value}</p></div>
     <div class="zpcl_thr"><span>其他联系：</span><b><A href="tencent://Message/?Uin=	{yb_qz_qq_value}&websiteName=#=&Menu=yes"><img src="template/yibai_scity3/ybimg/fenlei/i_imga2.png" /></a></b></div>
  </div> 
    
</div>

<!--bot-->

<div class="qz_bot">
      
       
       <div class="qzb_div">
          <div class="tit t5">任职要求</div>
          <div class="text_m">        
	{yb_zp_rzyq_value}
          </div>
       </div>
       
       <div class="qzb_div">
          <div class="tit t3">职位描述</div>
          <div class="text_m">          
			{yb_zp_zwms_value}
          </div>
       </div>
       


       
    </div>






<!--botend-->

<script>

jQuery(document).ready(function(){  
jQuery('a#go').click(function(){ 
jQuery('html, body, .content').animate({scrollTop: jQuery(document).height()}, 900); 
return false; 
}); 
}) 
</script>
]]></item>
			<item id="stemplate"><![CDATA[<div>
[loop]
<div class="ybzp_div">

      <div class="zpdr_a"><a href="	{subject_url}">{ybzzhiwei_value}</a><span>|</span><p>{yb_zp_comname_value}</p><b>{dateline}</b></div>
      <div class="zpdr_b">
        <img src="template/yibai_scity3/ybimg/fenlei/i_img30.png" /><p class="zpcolor_a">{yb_zp_xinzi_value}</p><i>|</i><p>中山</p><i>|</i><p>{yb_zp_nianxian_value}工作经验</p><i>|</i><p>{yb_zp_zxueli_value}</p>
      </div>
      <div class="zpdr_c">
        {yb_zp_fuli_value}
     </div>
   
</div>
[/loop]
</div>]]></item>
			<item id="ptemplate"><![CDATA[]]></item>
			<item id="btemplate"><![CDATA[   <div class="ybflsy_job">
[loop]
<div class="jli">
			<div class="jcom_name_box"><a href="{subject_url}">{subject}</a><div class="j-m-r">投递简历</div></div>
			<div class="jobs_gourp"><a href="{subject_url}">{yb_zp_comname_value}</a></div>
		  </div>
[/loop]
  </div>]]></item>
			<item id="sortid"><![CDATA[8]]></item>
			<item id="available"><![CDATA[1]]></item>
			<item id="required"><![CDATA[1]]></item>
			<item id="unchangeable"><![CDATA[0]]></item>
			<item id="search"><![CDATA[0]]></item>
			<item id="subjectshow"><![CDATA[1]]></item>
			<item id="tpdescription"><![CDATA[]]></item>
			<item id="ttdescription"><![CDATA[]]></item>
			<item id="tpexpiration"><![CDATA[0]]></item>
			<item id="ttexpiration"><![CDATA[0]]></item>
		</item>
		<item id="13">
			<item id="optionid"><![CDATA[200]]></item>
			<item id="classid"><![CDATA[5]]></item>
			<item id="displayorder"><![CDATA[6]]></item>
			<item id="expiration"><![CDATA[0]]></item>
			<item id="protect"><![CDATA[]]></item>
			<item id="title"><![CDATA[任职要求]]></item>
			<item id="description"><![CDATA[]]></item>
			<item id="identifier"><![CDATA[yb_zp_rzyq]]></item>
			<item id="type"><![CDATA[textarea]]></item>
			<item id="unit"><![CDATA[]]></item>
			<item id="rules"><![CDATA[]]></item>
			<item id="permprompt"><![CDATA[]]></item>
			<item id="typeid"><![CDATA[8]]></item>
			<item id="name"><![CDATA[招聘]]></item>
			<item id="icon"><![CDATA[]]></item>
			<item id="special"><![CDATA[1]]></item>
			<item id="modelid"><![CDATA[0]]></item>
			<item id="template"><![CDATA[<!--top-->
<div class="ybzp_cont">
  
  <div class="ybzp_ctop">
    <div class="zpcm_l">
       <p class="zpcml_p1">{ybzzhiwei_value}</p>
       <p class="zpcml_p2">{yb_zp_comname_value}</p>
       <p class="zpcml_p3">{yb_zp_gsgm_value}人<i>|</i>{yb_zp_comxingzhi_value}<i>|</i>公司网址：{yb_zp_webadd_value}</p>
    </div>
    
    <div class="zpcm_r">
       <p><b>{yb_zp_xinzi_value}</b>元/月</p>
       <span><a class="zpcmr_p2" id="go" >投个简历</a>
<a href="#" class="zpcmr_p1"><img src="template/yibai_scity3/ybimg/fenlei/zp_img1.jpg" />收藏</a></span>
    </div> 
  </div>
  
  <div class="ybzp_clist">
     <div class="zpcl_one"><img src="template/yibai_scity3/ybimg/fenlei/zp_img6.png" /><p>{yb_zp_nianxian_value}年经验</p><img src="template/yibai_scity3/ybimg/fenlei/zp_img5.png" /><p>{yb_zp_zxueli_value}</p><img src="template/yibai_scity3/ybimg/fenlei/zp_img4.png" /><p>招聘	{ybzpinre_value}人</p></div>
     <div class="zpcl_two">{yb_zp_fuli_value}</div>
     <div class="zpcl_thr"><span>工作地点：</span><p>	{ybcomquyu_value}</p></div>
     <div class="zpcl_thr"><span>联系人员：</span><p>	{yb_zp_name_value}</p></div>
     <div class="zpcl_thr"><span>联系方式：</span><p>{yb_zp_tel_value}</p></div>
     <div class="zpcl_thr"><span>其他联系：</span><b><A href="tencent://Message/?Uin=	{yb_qz_qq_value}&websiteName=#=&Menu=yes"><img src="template/yibai_scity3/ybimg/fenlei/i_imga2.png" /></a></b></div>
  </div> 
    
</div>

<!--bot-->

<div class="qz_bot">
      
       
       <div class="qzb_div">
          <div class="tit t5">任职要求</div>
          <div class="text_m">        
	{yb_zp_rzyq_value}
          </div>
       </div>
       
       <div class="qzb_div">
          <div class="tit t3">职位描述</div>
          <div class="text_m">          
			{yb_zp_zwms_value}
          </div>
       </div>
       


       
    </div>






<!--botend-->

<script>

jQuery(document).ready(function(){  
jQuery('a#go').click(function(){ 
jQuery('html, body, .content').animate({scrollTop: jQuery(document).height()}, 900); 
return false; 
}); 
}) 
</script>
]]></item>
			<item id="stemplate"><![CDATA[<div>
[loop]
<div class="ybzp_div">

      <div class="zpdr_a"><a href="	{subject_url}">{ybzzhiwei_value}</a><span>|</span><p>{yb_zp_comname_value}</p><b>{dateline}</b></div>
      <div class="zpdr_b">
        <img src="template/yibai_scity3/ybimg/fenlei/i_img30.png" /><p class="zpcolor_a">{yb_zp_xinzi_value}</p><i>|</i><p>中山</p><i>|</i><p>{yb_zp_nianxian_value}工作经验</p><i>|</i><p>{yb_zp_zxueli_value}</p>
      </div>
      <div class="zpdr_c">
        {yb_zp_fuli_value}
     </div>
   
</div>
[/loop]
</div>]]></item>
			<item id="ptemplate"><![CDATA[]]></item>
			<item id="btemplate"><![CDATA[   <div class="ybflsy_job">
[loop]
<div class="jli">
			<div class="jcom_name_box"><a href="{subject_url}">{subject}</a><div class="j-m-r">投递简历</div></div>
			<div class="jobs_gourp"><a href="{subject_url}">{yb_zp_comname_value}</a></div>
		  </div>
[/loop]
  </div>]]></item>
			<item id="sortid"><![CDATA[8]]></item>
			<item id="available"><![CDATA[1]]></item>
			<item id="required"><![CDATA[1]]></item>
			<item id="unchangeable"><![CDATA[0]]></item>
			<item id="search"><![CDATA[0]]></item>
			<item id="subjectshow"><![CDATA[1]]></item>
			<item id="tpdescription"><![CDATA[]]></item>
			<item id="ttdescription"><![CDATA[]]></item>
			<item id="tpexpiration"><![CDATA[0]]></item>
			<item id="ttexpiration"><![CDATA[0]]></item>
		</item>
		<item id="14">
			<item id="optionid"><![CDATA[201]]></item>
			<item id="classid"><![CDATA[5]]></item>
			<item id="displayorder"><![CDATA[5]]></item>
			<item id="expiration"><![CDATA[0]]></item>
			<item id="protect"><![CDATA[]]></item>
			<item id="title"><![CDATA[公司性质]]></item>
			<item id="description"><![CDATA[]]></item>
			<item id="identifier"><![CDATA[yb_zp_comxingzhi]]></item>
			<item id="type"><![CDATA[text]]></item>
			<item id="unit"><![CDATA[]]></item>
			<item id="rules"><![CDATA[]]></item>
			<item id="permprompt"><![CDATA[]]></item>
			<item id="typeid"><![CDATA[8]]></item>
			<item id="name"><![CDATA[招聘]]></item>
			<item id="icon"><![CDATA[]]></item>
			<item id="special"><![CDATA[1]]></item>
			<item id="modelid"><![CDATA[0]]></item>
			<item id="template"><![CDATA[<!--top-->
<div class="ybzp_cont">
  
  <div class="ybzp_ctop">
    <div class="zpcm_l">
       <p class="zpcml_p1">{ybzzhiwei_value}</p>
       <p class="zpcml_p2">{yb_zp_comname_value}</p>
       <p class="zpcml_p3">{yb_zp_gsgm_value}人<i>|</i>{yb_zp_comxingzhi_value}<i>|</i>公司网址：{yb_zp_webadd_value}</p>
    </div>
    
    <div class="zpcm_r">
       <p><b>{yb_zp_xinzi_value}</b>元/月</p>
       <span><a class="zpcmr_p2" id="go" >投个简历</a>
<a href="#" class="zpcmr_p1"><img src="template/yibai_scity3/ybimg/fenlei/zp_img1.jpg" />收藏</a></span>
    </div> 
  </div>
  
  <div class="ybzp_clist">
     <div class="zpcl_one"><img src="template/yibai_scity3/ybimg/fenlei/zp_img6.png" /><p>{yb_zp_nianxian_value}年经验</p><img src="template/yibai_scity3/ybimg/fenlei/zp_img5.png" /><p>{yb_zp_zxueli_value}</p><img src="template/yibai_scity3/ybimg/fenlei/zp_img4.png" /><p>招聘	{ybzpinre_value}人</p></div>
     <div class="zpcl_two">{yb_zp_fuli_value}</div>
     <div class="zpcl_thr"><span>工作地点：</span><p>	{ybcomquyu_value}</p></div>
     <div class="zpcl_thr"><span>联系人员：</span><p>	{yb_zp_name_value}</p></div>
     <div class="zpcl_thr"><span>联系方式：</span><p>{yb_zp_tel_value}</p></div>
     <div class="zpcl_thr"><span>其他联系：</span><b><A href="tencent://Message/?Uin=	{yb_qz_qq_value}&websiteName=#=&Menu=yes"><img src="template/yibai_scity3/ybimg/fenlei/i_imga2.png" /></a></b></div>
  </div> 
    
</div>

<!--bot-->

<div class="qz_bot">
      
       
       <div class="qzb_div">
          <div class="tit t5">任职要求</div>
          <div class="text_m">        
	{yb_zp_rzyq_value}
          </div>
       </div>
       
       <div class="qzb_div">
          <div class="tit t3">职位描述</div>
          <div class="text_m">          
			{yb_zp_zwms_value}
          </div>
       </div>
       


       
    </div>






<!--botend-->

<script>

jQuery(document).ready(function(){  
jQuery('a#go').click(function(){ 
jQuery('html, body, .content').animate({scrollTop: jQuery(document).height()}, 900); 
return false; 
}); 
}) 
</script>
]]></item>
			<item id="stemplate"><![CDATA[<div>
[loop]
<div class="ybzp_div">

      <div class="zpdr_a"><a href="	{subject_url}">{ybzzhiwei_value}</a><span>|</span><p>{yb_zp_comname_value}</p><b>{dateline}</b></div>
      <div class="zpdr_b">
        <img src="template/yibai_scity3/ybimg/fenlei/i_img30.png" /><p class="zpcolor_a">{yb_zp_xinzi_value}</p><i>|</i><p>中山</p><i>|</i><p>{yb_zp_nianxian_value}工作经验</p><i>|</i><p>{yb_zp_zxueli_value}</p>
      </div>
      <div class="zpdr_c">
        {yb_zp_fuli_value}
     </div>
   
</div>
[/loop]
</div>]]></item>
			<item id="ptemplate"><![CDATA[]]></item>
			<item id="btemplate"><![CDATA[   <div class="ybflsy_job">
[loop]
<div class="jli">
			<div class="jcom_name_box"><a href="{subject_url}">{subject}</a><div class="j-m-r">投递简历</div></div>
			<div class="jobs_gourp"><a href="{subject_url}">{yb_zp_comname_value}</a></div>
		  </div>
[/loop]
  </div>]]></item>
			<item id="sortid"><![CDATA[8]]></item>
			<item id="available"><![CDATA[1]]></item>
			<item id="required"><![CDATA[1]]></item>
			<item id="unchangeable"><![CDATA[0]]></item>
			<item id="search"><![CDATA[0]]></item>
			<item id="subjectshow"><![CDATA[1]]></item>
			<item id="tpdescription"><![CDATA[]]></item>
			<item id="ttdescription"><![CDATA[]]></item>
			<item id="tpexpiration"><![CDATA[0]]></item>
			<item id="ttexpiration"><![CDATA[0]]></item>
		</item>
		<item id="15">
			<item id="optionid"><![CDATA[202]]></item>
			<item id="classid"><![CDATA[5]]></item>
			<item id="displayorder"><![CDATA[4]]></item>
			<item id="expiration"><![CDATA[0]]></item>
			<item id="protect"><![CDATA[]]></item>
			<item id="title"><![CDATA[公司规模]]></item>
			<item id="description"><![CDATA[]]></item>
			<item id="identifier"><![CDATA[yb_zp_gsgm]]></item>
			<item id="type"><![CDATA[text]]></item>
			<item id="unit"><![CDATA[]]></item>
			<item id="rules"><![CDATA[]]></item>
			<item id="permprompt"><![CDATA[]]></item>
			<item id="typeid"><![CDATA[8]]></item>
			<item id="name"><![CDATA[招聘]]></item>
			<item id="icon"><![CDATA[]]></item>
			<item id="special"><![CDATA[1]]></item>
			<item id="modelid"><![CDATA[0]]></item>
			<item id="template"><![CDATA[<!--top-->
<div class="ybzp_cont">
  
  <div class="ybzp_ctop">
    <div class="zpcm_l">
       <p class="zpcml_p1">{ybzzhiwei_value}</p>
       <p class="zpcml_p2">{yb_zp_comname_value}</p>
       <p class="zpcml_p3">{yb_zp_gsgm_value}人<i>|</i>{yb_zp_comxingzhi_value}<i>|</i>公司网址：{yb_zp_webadd_value}</p>
    </div>
    
    <div class="zpcm_r">
       <p><b>{yb_zp_xinzi_value}</b>元/月</p>
       <span><a class="zpcmr_p2" id="go" >投个简历</a>
<a href="#" class="zpcmr_p1"><img src="template/yibai_scity3/ybimg/fenlei/zp_img1.jpg" />收藏</a></span>
    </div> 
  </div>
  
  <div class="ybzp_clist">
     <div class="zpcl_one"><img src="template/yibai_scity3/ybimg/fenlei/zp_img6.png" /><p>{yb_zp_nianxian_value}年经验</p><img src="template/yibai_scity3/ybimg/fenlei/zp_img5.png" /><p>{yb_zp_zxueli_value}</p><img src="template/yibai_scity3/ybimg/fenlei/zp_img4.png" /><p>招聘	{ybzpinre_value}人</p></div>
     <div class="zpcl_two">{yb_zp_fuli_value}</div>
     <div class="zpcl_thr"><span>工作地点：</span><p>	{ybcomquyu_value}</p></div>
     <div class="zpcl_thr"><span>联系人员：</span><p>	{yb_zp_name_value}</p></div>
     <div class="zpcl_thr"><span>联系方式：</span><p>{yb_zp_tel_value}</p></div>
     <div class="zpcl_thr"><span>其他联系：</span><b><A href="tencent://Message/?Uin=	{yb_qz_qq_value}&websiteName=#=&Menu=yes"><img src="template/yibai_scity3/ybimg/fenlei/i_imga2.png" /></a></b></div>
  </div> 
    
</div>

<!--bot-->

<div class="qz_bot">
      
       
       <div class="qzb_div">
          <div class="tit t5">任职要求</div>
          <div class="text_m">        
	{yb_zp_rzyq_value}
          </div>
       </div>
       
       <div class="qzb_div">
          <div class="tit t3">职位描述</div>
          <div class="text_m">          
			{yb_zp_zwms_value}
          </div>
       </div>
       


       
    </div>






<!--botend-->

<script>

jQuery(document).ready(function(){  
jQuery('a#go').click(function(){ 
jQuery('html, body, .content').animate({scrollTop: jQuery(document).height()}, 900); 
return false; 
}); 
}) 
</script>
]]></item>
			<item id="stemplate"><![CDATA[<div>
[loop]
<div class="ybzp_div">

      <div class="zpdr_a"><a href="	{subject_url}">{ybzzhiwei_value}</a><span>|</span><p>{yb_zp_comname_value}</p><b>{dateline}</b></div>
      <div class="zpdr_b">
        <img src="template/yibai_scity3/ybimg/fenlei/i_img30.png" /><p class="zpcolor_a">{yb_zp_xinzi_value}</p><i>|</i><p>中山</p><i>|</i><p>{yb_zp_nianxian_value}工作经验</p><i>|</i><p>{yb_zp_zxueli_value}</p>
      </div>
      <div class="zpdr_c">
        {yb_zp_fuli_value}
     </div>
   
</div>
[/loop]
</div>]]></item>
			<item id="ptemplate"><![CDATA[]]></item>
			<item id="btemplate"><![CDATA[   <div class="ybflsy_job">
[loop]
<div class="jli">
			<div class="jcom_name_box"><a href="{subject_url}">{subject}</a><div class="j-m-r">投递简历</div></div>
			<div class="jobs_gourp"><a href="{subject_url}">{yb_zp_comname_value}</a></div>
		  </div>
[/loop]
  </div>]]></item>
			<item id="sortid"><![CDATA[8]]></item>
			<item id="available"><![CDATA[1]]></item>
			<item id="required"><![CDATA[1]]></item>
			<item id="unchangeable"><![CDATA[0]]></item>
			<item id="search"><![CDATA[0]]></item>
			<item id="subjectshow"><![CDATA[1]]></item>
			<item id="tpdescription"><![CDATA[]]></item>
			<item id="ttdescription"><![CDATA[]]></item>
			<item id="tpexpiration"><![CDATA[0]]></item>
			<item id="ttexpiration"><![CDATA[0]]></item>
		</item>
		<item id="16">
			<item id="optionid"><![CDATA[203]]></item>
			<item id="classid"><![CDATA[5]]></item>
			<item id="displayorder"><![CDATA[3]]></item>
			<item id="expiration"><![CDATA[0]]></item>
			<item id="protect"><![CDATA[]]></item>
			<item id="title"><![CDATA[公司网址]]></item>
			<item id="description"><![CDATA[]]></item>
			<item id="identifier"><![CDATA[yb_zp_webadd]]></item>
			<item id="type"><![CDATA[text]]></item>
			<item id="unit"><![CDATA[]]></item>
			<item id="rules"><![CDATA[]]></item>
			<item id="permprompt"><![CDATA[]]></item>
			<item id="typeid"><![CDATA[8]]></item>
			<item id="name"><![CDATA[招聘]]></item>
			<item id="icon"><![CDATA[]]></item>
			<item id="special"><![CDATA[1]]></item>
			<item id="modelid"><![CDATA[0]]></item>
			<item id="template"><![CDATA[<!--top-->
<div class="ybzp_cont">
  
  <div class="ybzp_ctop">
    <div class="zpcm_l">
       <p class="zpcml_p1">{ybzzhiwei_value}</p>
       <p class="zpcml_p2">{yb_zp_comname_value}</p>
       <p class="zpcml_p3">{yb_zp_gsgm_value}人<i>|</i>{yb_zp_comxingzhi_value}<i>|</i>公司网址：{yb_zp_webadd_value}</p>
    </div>
    
    <div class="zpcm_r">
       <p><b>{yb_zp_xinzi_value}</b>元/月</p>
       <span><a class="zpcmr_p2" id="go" >投个简历</a>
<a href="#" class="zpcmr_p1"><img src="template/yibai_scity3/ybimg/fenlei/zp_img1.jpg" />收藏</a></span>
    </div> 
  </div>
  
  <div class="ybzp_clist">
     <div class="zpcl_one"><img src="template/yibai_scity3/ybimg/fenlei/zp_img6.png" /><p>{yb_zp_nianxian_value}年经验</p><img src="template/yibai_scity3/ybimg/fenlei/zp_img5.png" /><p>{yb_zp_zxueli_value}</p><img src="template/yibai_scity3/ybimg/fenlei/zp_img4.png" /><p>招聘	{ybzpinre_value}人</p></div>
     <div class="zpcl_two">{yb_zp_fuli_value}</div>
     <div class="zpcl_thr"><span>工作地点：</span><p>	{ybcomquyu_value}</p></div>
     <div class="zpcl_thr"><span>联系人员：</span><p>	{yb_zp_name_value}</p></div>
     <div class="zpcl_thr"><span>联系方式：</span><p>{yb_zp_tel_value}</p></div>
     <div class="zpcl_thr"><span>其他联系：</span><b><A href="tencent://Message/?Uin=	{yb_qz_qq_value}&websiteName=#=&Menu=yes"><img src="template/yibai_scity3/ybimg/fenlei/i_imga2.png" /></a></b></div>
  </div> 
    
</div>

<!--bot-->

<div class="qz_bot">
      
       
       <div class="qzb_div">
          <div class="tit t5">任职要求</div>
          <div class="text_m">        
	{yb_zp_rzyq_value}
          </div>
       </div>
       
       <div class="qzb_div">
          <div class="tit t3">职位描述</div>
          <div class="text_m">          
			{yb_zp_zwms_value}
          </div>
       </div>
       


       
    </div>






<!--botend-->

<script>

jQuery(document).ready(function(){  
jQuery('a#go').click(function(){ 
jQuery('html, body, .content').animate({scrollTop: jQuery(document).height()}, 900); 
return false; 
}); 
}) 
</script>
]]></item>
			<item id="stemplate"><![CDATA[<div>
[loop]
<div class="ybzp_div">

      <div class="zpdr_a"><a href="	{subject_url}">{ybzzhiwei_value}</a><span>|</span><p>{yb_zp_comname_value}</p><b>{dateline}</b></div>
      <div class="zpdr_b">
        <img src="template/yibai_scity3/ybimg/fenlei/i_img30.png" /><p class="zpcolor_a">{yb_zp_xinzi_value}</p><i>|</i><p>中山</p><i>|</i><p>{yb_zp_nianxian_value}工作经验</p><i>|</i><p>{yb_zp_zxueli_value}</p>
      </div>
      <div class="zpdr_c">
        {yb_zp_fuli_value}
     </div>
   
</div>
[/loop]
</div>]]></item>
			<item id="ptemplate"><![CDATA[]]></item>
			<item id="btemplate"><![CDATA[   <div class="ybflsy_job">
[loop]
<div class="jli">
			<div class="jcom_name_box"><a href="{subject_url}">{subject}</a><div class="j-m-r">投递简历</div></div>
			<div class="jobs_gourp"><a href="{subject_url}">{yb_zp_comname_value}</a></div>
		  </div>
[/loop]
  </div>]]></item>
			<item id="sortid"><![CDATA[8]]></item>
			<item id="available"><![CDATA[1]]></item>
			<item id="required"><![CDATA[1]]></item>
			<item id="unchangeable"><![CDATA[0]]></item>
			<item id="search"><![CDATA[0]]></item>
			<item id="subjectshow"><![CDATA[1]]></item>
			<item id="tpdescription"><![CDATA[]]></item>
			<item id="ttdescription"><![CDATA[]]></item>
			<item id="tpexpiration"><![CDATA[0]]></item>
			<item id="ttexpiration"><![CDATA[0]]></item>
		</item>
		<item id="17">
			<item id="optionid"><![CDATA[204]]></item>
			<item id="classid"><![CDATA[5]]></item>
			<item id="displayorder"><![CDATA[13]]></item>
			<item id="expiration"><![CDATA[0]]></item>
			<item id="title"><![CDATA[公司福利]]></item>
			<item id="description"><![CDATA[]]></item>
			<item id="identifier"><![CDATA[yb_zp_fuli]]></item>
			<item id="type"><![CDATA[checkbox]]></item>
			<item id="unit"><![CDATA[]]></item>
			<item id="permprompt"><![CDATA[]]></item>
			<item id="typeid"><![CDATA[8]]></item>
			<item id="name"><![CDATA[招聘]]></item>
			<item id="icon"><![CDATA[]]></item>
			<item id="special"><![CDATA[1]]></item>
			<item id="modelid"><![CDATA[0]]></item>
			<item id="template"><![CDATA[<!--top-->
<div class="ybzp_cont">
  
  <div class="ybzp_ctop">
    <div class="zpcm_l">
       <p class="zpcml_p1">{ybzzhiwei_value}</p>
       <p class="zpcml_p2">{yb_zp_comname_value}</p>
       <p class="zpcml_p3">{yb_zp_gsgm_value}人<i>|</i>{yb_zp_comxingzhi_value}<i>|</i>公司网址：{yb_zp_webadd_value}</p>
    </div>
    
    <div class="zpcm_r">
       <p><b>{yb_zp_xinzi_value}</b>元/月</p>
       <span><a class="zpcmr_p2" id="go" >投个简历</a>
<a href="#" class="zpcmr_p1"><img src="template/yibai_scity3/ybimg/fenlei/zp_img1.jpg" />收藏</a></span>
    </div> 
  </div>
  
  <div class="ybzp_clist">
     <div class="zpcl_one"><img src="template/yibai_scity3/ybimg/fenlei/zp_img6.png" /><p>{yb_zp_nianxian_value}年经验</p><img src="template/yibai_scity3/ybimg/fenlei/zp_img5.png" /><p>{yb_zp_zxueli_value}</p><img src="template/yibai_scity3/ybimg/fenlei/zp_img4.png" /><p>招聘	{ybzpinre_value}人</p></div>
     <div class="zpcl_two">{yb_zp_fuli_value}</div>
     <div class="zpcl_thr"><span>工作地点：</span><p>	{ybcomquyu_value}</p></div>
     <div class="zpcl_thr"><span>联系人员：</span><p>	{yb_zp_name_value}</p></div>
     <div class="zpcl_thr"><span>联系方式：</span><p>{yb_zp_tel_value}</p></div>
     <div class="zpcl_thr"><span>其他联系：</span><b><A href="tencent://Message/?Uin=	{yb_qz_qq_value}&websiteName=#=&Menu=yes"><img src="template/yibai_scity3/ybimg/fenlei/i_imga2.png" /></a></b></div>
  </div> 
    
</div>

<!--bot-->

<div class="qz_bot">
      
       
       <div class="qzb_div">
          <div class="tit t5">任职要求</div>
          <div class="text_m">        
	{yb_zp_rzyq_value}
          </div>
       </div>
       
       <div class="qzb_div">
          <div class="tit t3">职位描述</div>
          <div class="text_m">          
			{yb_zp_zwms_value}
          </div>
       </div>
       


       
    </div>






<!--botend-->

<script>

jQuery(document).ready(function(){  
jQuery('a#go').click(function(){ 
jQuery('html, body, .content').animate({scrollTop: jQuery(document).height()}, 900); 
return false; 
}); 
}) 
</script>
]]></item>
			<item id="stemplate"><![CDATA[<div>
[loop]
<div class="ybzp_div">

      <div class="zpdr_a"><a href="	{subject_url}">{ybzzhiwei_value}</a><span>|</span><p>{yb_zp_comname_value}</p><b>{dateline}</b></div>
      <div class="zpdr_b">
        <img src="template/yibai_scity3/ybimg/fenlei/i_img30.png" /><p class="zpcolor_a">{yb_zp_xinzi_value}</p><i>|</i><p>中山</p><i>|</i><p>{yb_zp_nianxian_value}工作经验</p><i>|</i><p>{yb_zp_zxueli_value}</p>
      </div>
      <div class="zpdr_c">
        {yb_zp_fuli_value}
     </div>
   
</div>
[/loop]
</div>]]></item>
			<item id="ptemplate"><![CDATA[]]></item>
			<item id="btemplate"><![CDATA[   <div class="ybflsy_job">
[loop]
<div class="jli">
			<div class="jcom_name_box"><a href="{subject_url}">{subject}</a><div class="j-m-r">投递简历</div></div>
			<div class="jobs_gourp"><a href="{subject_url}">{yb_zp_comname_value}</a></div>
		  </div>
[/loop]
  </div>]]></item>
			<item id="sortid"><![CDATA[8]]></item>
			<item id="available"><![CDATA[1]]></item>
			<item id="required"><![CDATA[1]]></item>
			<item id="unchangeable"><![CDATA[0]]></item>
			<item id="search"><![CDATA[0]]></item>
			<item id="subjectshow"><![CDATA[1]]></item>
			<item id="tpdescription"><![CDATA[]]></item>
			<item id="ttdescription"><![CDATA[]]></item>
			<item id="tpexpiration"><![CDATA[0]]></item>
			<item id="ttexpiration"><![CDATA[0]]></item>
			<item id="__protect">
				<item id="usergroup"><![CDATA[]]></item>
				<item id="verify"><![CDATA[]]></item>
			</item>
			<item id="__rules">
				<item id="choices"><![CDATA[1= <span>期权分红</span>
2= <span>五险一金</span>
3 = <span>班车</span>
4 = <span>餐补</span>
5 = <span>下午茶</span>
6 = <span>包住宿</span>
7 = <span>有提成</span>]]></item>
			</item>
		</item>
		<item id="18">
			<item id="optionid"><![CDATA[211]]></item>
			<item id="classid"><![CDATA[5]]></item>
			<item id="displayorder"><![CDATA[16]]></item>
			<item id="expiration"><![CDATA[0]]></item>
			<item id="protect"><![CDATA[]]></item>
			<item id="title"><![CDATA[QQ]]></item>
			<item id="description"><![CDATA[]]></item>
			<item id="identifier"><![CDATA[yb_qz_qq]]></item>
			<item id="type"><![CDATA[text]]></item>
			<item id="unit"><![CDATA[]]></item>
			<item id="rules"><![CDATA[]]></item>
			<item id="permprompt"><![CDATA[]]></item>
			<item id="typeid"><![CDATA[8]]></item>
			<item id="name"><![CDATA[招聘]]></item>
			<item id="icon"><![CDATA[]]></item>
			<item id="special"><![CDATA[1]]></item>
			<item id="modelid"><![CDATA[0]]></item>
			<item id="template"><![CDATA[<!--top-->
<div class="ybzp_cont">
  
  <div class="ybzp_ctop">
    <div class="zpcm_l">
       <p class="zpcml_p1">{ybzzhiwei_value}</p>
       <p class="zpcml_p2">{yb_zp_comname_value}</p>
       <p class="zpcml_p3">{yb_zp_gsgm_value}人<i>|</i>{yb_zp_comxingzhi_value}<i>|</i>公司网址：{yb_zp_webadd_value}</p>
    </div>
    
    <div class="zpcm_r">
       <p><b>{yb_zp_xinzi_value}</b>元/月</p>
       <span><a class="zpcmr_p2" id="go" >投个简历</a>
<a href="#" class="zpcmr_p1"><img src="template/yibai_scity3/ybimg/fenlei/zp_img1.jpg" />收藏</a></span>
    </div> 
  </div>
  
  <div class="ybzp_clist">
     <div class="zpcl_one"><img src="template/yibai_scity3/ybimg/fenlei/zp_img6.png" /><p>{yb_zp_nianxian_value}年经验</p><img src="template/yibai_scity3/ybimg/fenlei/zp_img5.png" /><p>{yb_zp_zxueli_value}</p><img src="template/yibai_scity3/ybimg/fenlei/zp_img4.png" /><p>招聘	{ybzpinre_value}人</p></div>
     <div class="zpcl_two">{yb_zp_fuli_value}</div>
     <div class="zpcl_thr"><span>工作地点：</span><p>	{ybcomquyu_value}</p></div>
     <div class="zpcl_thr"><span>联系人员：</span><p>	{yb_zp_name_value}</p></div>
     <div class="zpcl_thr"><span>联系方式：</span><p>{yb_zp_tel_value}</p></div>
     <div class="zpcl_thr"><span>其他联系：</span><b><A href="tencent://Message/?Uin=	{yb_qz_qq_value}&websiteName=#=&Menu=yes"><img src="template/yibai_scity3/ybimg/fenlei/i_imga2.png" /></a></b></div>
  </div> 
    
</div>

<!--bot-->

<div class="qz_bot">
      
       
       <div class="qzb_div">
          <div class="tit t5">任职要求</div>
          <div class="text_m">        
	{yb_zp_rzyq_value}
          </div>
       </div>
       
       <div class="qzb_div">
          <div class="tit t3">职位描述</div>
          <div class="text_m">          
			{yb_zp_zwms_value}
          </div>
       </div>
       


       
    </div>






<!--botend-->

<script>

jQuery(document).ready(function(){  
jQuery('a#go').click(function(){ 
jQuery('html, body, .content').animate({scrollTop: jQuery(document).height()}, 900); 
return false; 
}); 
}) 
</script>
]]></item>
			<item id="stemplate"><![CDATA[<div>
[loop]
<div class="ybzp_div">

      <div class="zpdr_a"><a href="	{subject_url}">{ybzzhiwei_value}</a><span>|</span><p>{yb_zp_comname_value}</p><b>{dateline}</b></div>
      <div class="zpdr_b">
        <img src="template/yibai_scity3/ybimg/fenlei/i_img30.png" /><p class="zpcolor_a">{yb_zp_xinzi_value}</p><i>|</i><p>中山</p><i>|</i><p>{yb_zp_nianxian_value}工作经验</p><i>|</i><p>{yb_zp_zxueli_value}</p>
      </div>
      <div class="zpdr_c">
        {yb_zp_fuli_value}
     </div>
   
</div>
[/loop]
</div>]]></item>
			<item id="ptemplate"><![CDATA[]]></item>
			<item id="btemplate"><![CDATA[   <div class="ybflsy_job">
[loop]
<div class="jli">
			<div class="jcom_name_box"><a href="{subject_url}">{subject}</a><div class="j-m-r">投递简历</div></div>
			<div class="jobs_gourp"><a href="{subject_url}">{yb_zp_comname_value}</a></div>
		  </div>
[/loop]
  </div>]]></item>
			<item id="sortid"><![CDATA[8]]></item>
			<item id="available"><![CDATA[1]]></item>
			<item id="required"><![CDATA[1]]></item>
			<item id="unchangeable"><![CDATA[0]]></item>
			<item id="search"><![CDATA[0]]></item>
			<item id="subjectshow"><![CDATA[1]]></item>
			<item id="tpdescription"><![CDATA[]]></item>
			<item id="ttdescription"><![CDATA[]]></item>
			<item id="tpexpiration"><![CDATA[0]]></item>
			<item id="ttexpiration"><![CDATA[0]]></item>
		</item>
	</item>
</root>
