<?xml version="1.0" encoding="ISO-8859-1"?>
<root>
	<item id="Title"><![CDATA[Discuz! Threadtypes]]></item>
	<item id="Version"><![CDATA[X3.4]]></item>
	<item id="Time"><![CDATA[2017-08-20 23:02]]></item>
	<item id="From"><![CDATA[Discuz! Board (http://new.100sj.net/scity3/)]]></item>
	<item id="Data">
		<item id="0">
			<item id="optionid"><![CDATA[145]]></item>
			<item id="classid"><![CDATA[3]]></item>
			<item id="displayorder"><![CDATA[1]]></item>
			<item id="expiration"><![CDATA[0]]></item>
			<item id="title"><![CDATA[照片]]></item>
			<item id="description"><![CDATA[]]></item>
			<item id="identifier"><![CDATA[yb_g_lovepic]]></item>
			<item id="type"><![CDATA[image]]></item>
			<item id="unit"><![CDATA[]]></item>
			<item id="permprompt"><![CDATA[]]></item>
			<item id="typeid"><![CDATA[10]]></item>
			<item id="name"><![CDATA[找女朋友]]></item>
			<item id="icon"><![CDATA[]]></item>
			<item id="special"><![CDATA[1]]></item>
			<item id="modelid"><![CDATA[0]]></item>
			<item id="template"><![CDATA[<div class="ybjy_cont">

  <div class="jyc_top">
    <div class="jyct_l"><img src="{yb_g_lovepic_value}"/></div>
    <div class="jyct_r">
       <div class="jyctr_t jy_for">{yb_g_lovename_value}</div>  
       <div class="jyctr_b">
          <ul>
         
            <li><span>身高：</span><p>{yb_g_lovesg_value}cm</p></li>
            <li><span>星座：</span><p>{yb_g_lovexingz_value}</p></li>
            <li><span>学历：</span><p>	{yb_g_lovexl_value}</p></li>
            <li><span>住房情况：</span><p>{yb_love_f_value}</p></li>
            <li><span>微信号：</span><p>{yb_love_wx_value}</p></li>
          </ul>
          <ul>
            <li><span>年龄：</span><p>{yb_g_loveage_value}</p></li>
            <li><span>籍贯：</span><p>{yb_g_lovejiguan_value}</p></li>
     
            <li><span>职业：</span><p>{yb_g_lovezhiye_value}</p></li>
            <li><span>收入：</span><p>{yb_g_lovexz_value}/月</p></li>
            <li><span>QQ号：</span><p>{yb_love_qq_value}</p></li>
          </ul>       
       </div>
    </div>
  </div>
  
  <div class="jyc_bot">
     <div class="jycb_t">对TA说</div>
     <div class="jycb_b">{yb_g_lovedt_value}</div>
     <div class="jycb_t ">爱情宣言</div>
     <div class="jycb_b">	{yb_g_lovexy_value}</div>
  </div>  
    
</div>]]></item>
			<item id="stemplate"><![CDATA[<div class="fenleip">
[loop]
<div class="ybjy_div">
  <div class="jyd_l"><img src="{yb_g_lovepic_value}" /></div>
  <div class="jyd_r">
     <div class="jydr_a"><a href="{subject_url}">{subject}</a></div>
     <div class="jydr_b"><span>	{yb_g_loveage_value}岁</span><span>	{yb_g_lovesg_value}cm</span><span>{yb_g_lovetz_value}KG</span></div>
     <div class="jydr_c">	{yb_g_lovedt_value}</div>
     <div class="jydr_d"><a href="{subject_url}">查看资料</a></div>
  </div>
</div>
[/loop]
</div>]]></item>
			<item id="ptemplate"><![CDATA[]]></item>
			<item id="btemplate"><![CDATA[]]></item>
			<item id="sortid"><![CDATA[10]]></item>
			<item id="available"><![CDATA[1]]></item>
			<item id="required"><![CDATA[1]]></item>
			<item id="unchangeable"><![CDATA[0]]></item>
			<item id="search"><![CDATA[0]]></item>
			<item id="subjectshow"><![CDATA[1]]></item>
			<item id="tpdescription"><![CDATA[]]></item>
			<item id="ttdescription"><![CDATA[]]></item>
			<item id="tpexpiration"><![CDATA[0]]></item>
			<item id="ttexpiration"><![CDATA[0]]></item>
			<item id="__protect">
				<item id="usergroup"><![CDATA[]]></item>
				<item id="verify"><![CDATA[]]></item>
			</item>
			<item id="__rules">
				<item id="maxwidth"><![CDATA[]]></item>
				<item id="maxheight"><![CDATA[]]></item>
				<item id="inputsize"><![CDATA[]]></item>
			</item>
		</item>
		<item id="1">
			<item id="optionid"><![CDATA[146]]></item>
			<item id="classid"><![CDATA[3]]></item>
			<item id="displayorder"><![CDATA[16]]></item>
			<item id="expiration"><![CDATA[0]]></item>
			<item id="title"><![CDATA[对Ta说]]></item>
			<item id="description"><![CDATA[]]></item>
			<item id="identifier"><![CDATA[yb_g_lovedt]]></item>
			<item id="type"><![CDATA[textarea]]></item>
			<item id="unit"><![CDATA[]]></item>
			<item id="permprompt"><![CDATA[]]></item>
			<item id="typeid"><![CDATA[10]]></item>
			<item id="name"><![CDATA[找女朋友]]></item>
			<item id="icon"><![CDATA[]]></item>
			<item id="special"><![CDATA[1]]></item>
			<item id="modelid"><![CDATA[0]]></item>
			<item id="template"><![CDATA[<div class="ybjy_cont">

  <div class="jyc_top">
    <div class="jyct_l"><img src="{yb_g_lovepic_value}"/></div>
    <div class="jyct_r">
       <div class="jyctr_t jy_for">{yb_g_lovename_value}</div>  
       <div class="jyctr_b">
          <ul>
         
            <li><span>身高：</span><p>{yb_g_lovesg_value}cm</p></li>
            <li><span>星座：</span><p>{yb_g_lovexingz_value}</p></li>
            <li><span>学历：</span><p>	{yb_g_lovexl_value}</p></li>
            <li><span>住房情况：</span><p>{yb_love_f_value}</p></li>
            <li><span>微信号：</span><p>{yb_love_wx_value}</p></li>
          </ul>
          <ul>
            <li><span>年龄：</span><p>{yb_g_loveage_value}</p></li>
            <li><span>籍贯：</span><p>{yb_g_lovejiguan_value}</p></li>
     
            <li><span>职业：</span><p>{yb_g_lovezhiye_value}</p></li>
            <li><span>收入：</span><p>{yb_g_lovexz_value}/月</p></li>
            <li><span>QQ号：</span><p>{yb_love_qq_value}</p></li>
          </ul>       
       </div>
    </div>
  </div>
  
  <div class="jyc_bot">
     <div class="jycb_t">对TA说</div>
     <div class="jycb_b">{yb_g_lovedt_value}</div>
     <div class="jycb_t ">爱情宣言</div>
     <div class="jycb_b">	{yb_g_lovexy_value}</div>
  </div>  
    
</div>]]></item>
			<item id="stemplate"><![CDATA[<div class="fenleip">
[loop]
<div class="ybjy_div">
  <div class="jyd_l"><img src="{yb_g_lovepic_value}" /></div>
  <div class="jyd_r">
     <div class="jydr_a"><a href="{subject_url}">{subject}</a></div>
     <div class="jydr_b"><span>	{yb_g_loveage_value}岁</span><span>	{yb_g_lovesg_value}cm</span><span>{yb_g_lovetz_value}KG</span></div>
     <div class="jydr_c">	{yb_g_lovedt_value}</div>
     <div class="jydr_d"><a href="{subject_url}">查看资料</a></div>
  </div>
</div>
[/loop]
</div>]]></item>
			<item id="ptemplate"><![CDATA[]]></item>
			<item id="btemplate"><![CDATA[]]></item>
			<item id="sortid"><![CDATA[10]]></item>
			<item id="available"><![CDATA[1]]></item>
			<item id="required"><![CDATA[1]]></item>
			<item id="unchangeable"><![CDATA[0]]></item>
			<item id="search"><![CDATA[0]]></item>
			<item id="subjectshow"><![CDATA[1]]></item>
			<item id="tpdescription"><![CDATA[说说你对Ta的期待！]]></item>
			<item id="ttdescription"><![CDATA[]]></item>
			<item id="tpexpiration"><![CDATA[0]]></item>
			<item id="ttexpiration"><![CDATA[0]]></item>
			<item id="__protect">
				<item id="status"><![CDATA[0]]></item>
				<item id="usergroup"><![CDATA[]]></item>
				<item id="verify"><![CDATA[]]></item>
			</item>
			<item id="__rules">
				<item id="maxlength"><![CDATA[300]]></item>
				<item id="colsize"><![CDATA[]]></item>
				<item id="rowsize"><![CDATA[]]></item>
				<item id="defaultvalue"><![CDATA[]]></item>
			</item>
		</item>
		<item id="2">
			<item id="optionid"><![CDATA[147]]></item>
			<item id="classid"><![CDATA[3]]></item>
			<item id="displayorder"><![CDATA[9]]></item>
			<item id="expiration"><![CDATA[0]]></item>
			<item id="title"><![CDATA[爱情宣言]]></item>
			<item id="description"><![CDATA[]]></item>
			<item id="identifier"><![CDATA[yb_g_lovexy]]></item>
			<item id="type"><![CDATA[text]]></item>
			<item id="unit"><![CDATA[]]></item>
			<item id="permprompt"><![CDATA[]]></item>
			<item id="typeid"><![CDATA[10]]></item>
			<item id="name"><![CDATA[找女朋友]]></item>
			<item id="icon"><![CDATA[]]></item>
			<item id="special"><![CDATA[1]]></item>
			<item id="modelid"><![CDATA[0]]></item>
			<item id="template"><![CDATA[<div class="ybjy_cont">

  <div class="jyc_top">
    <div class="jyct_l"><img src="{yb_g_lovepic_value}"/></div>
    <div class="jyct_r">
       <div class="jyctr_t jy_for">{yb_g_lovename_value}</div>  
       <div class="jyctr_b">
          <ul>
         
            <li><span>身高：</span><p>{yb_g_lovesg_value}cm</p></li>
            <li><span>星座：</span><p>{yb_g_lovexingz_value}</p></li>
            <li><span>学历：</span><p>	{yb_g_lovexl_value}</p></li>
            <li><span>住房情况：</span><p>{yb_love_f_value}</p></li>
            <li><span>微信号：</span><p>{yb_love_wx_value}</p></li>
          </ul>
          <ul>
            <li><span>年龄：</span><p>{yb_g_loveage_value}</p></li>
            <li><span>籍贯：</span><p>{yb_g_lovejiguan_value}</p></li>
     
            <li><span>职业：</span><p>{yb_g_lovezhiye_value}</p></li>
            <li><span>收入：</span><p>{yb_g_lovexz_value}/月</p></li>
            <li><span>QQ号：</span><p>{yb_love_qq_value}</p></li>
          </ul>       
       </div>
    </div>
  </div>
  
  <div class="jyc_bot">
     <div class="jycb_t">对TA说</div>
     <div class="jycb_b">{yb_g_lovedt_value}</div>
     <div class="jycb_t ">爱情宣言</div>
     <div class="jycb_b">	{yb_g_lovexy_value}</div>
  </div>  
    
</div>]]></item>
			<item id="stemplate"><![CDATA[<div class="fenleip">
[loop]
<div class="ybjy_div">
  <div class="jyd_l"><img src="{yb_g_lovepic_value}" /></div>
  <div class="jyd_r">
     <div class="jydr_a"><a href="{subject_url}">{subject}</a></div>
     <div class="jydr_b"><span>	{yb_g_loveage_value}岁</span><span>	{yb_g_lovesg_value}cm</span><span>{yb_g_lovetz_value}KG</span></div>
     <div class="jydr_c">	{yb_g_lovedt_value}</div>
     <div class="jydr_d"><a href="{subject_url}">查看资料</a></div>
  </div>
</div>
[/loop]
</div>]]></item>
			<item id="ptemplate"><![CDATA[]]></item>
			<item id="btemplate"><![CDATA[]]></item>
			<item id="sortid"><![CDATA[10]]></item>
			<item id="available"><![CDATA[1]]></item>
			<item id="required"><![CDATA[1]]></item>
			<item id="unchangeable"><![CDATA[0]]></item>
			<item id="search"><![CDATA[0]]></item>
			<item id="subjectshow"><![CDATA[1]]></item>
			<item id="tpdescription"><![CDATA[请输入少于20个汉字]]></item>
			<item id="ttdescription"><![CDATA[]]></item>
			<item id="tpexpiration"><![CDATA[0]]></item>
			<item id="ttexpiration"><![CDATA[0]]></item>
			<item id="__protect">
				<item id="status"><![CDATA[0]]></item>
				<item id="usergroup"><![CDATA[]]></item>
				<item id="verify"><![CDATA[]]></item>
			</item>
			<item id="__rules">
				<item id="maxlength"><![CDATA[40]]></item>
				<item id="inputsize"><![CDATA[]]></item>
				<item id="profile"><![CDATA[]]></item>
				<item id="defaultvalue"><![CDATA[]]></item>
			</item>
		</item>
		<item id="3">
			<item id="optionid"><![CDATA[148]]></item>
			<item id="classid"><![CDATA[3]]></item>
			<item id="displayorder"><![CDATA[8]]></item>
			<item id="expiration"><![CDATA[0]]></item>
			<item id="title"><![CDATA[月薪]]></item>
			<item id="description"><![CDATA[]]></item>
			<item id="identifier"><![CDATA[yb_g_lovexz]]></item>
			<item id="type"><![CDATA[radio]]></item>
			<item id="unit"><![CDATA[]]></item>
			<item id="permprompt"><![CDATA[]]></item>
			<item id="typeid"><![CDATA[10]]></item>
			<item id="name"><![CDATA[找女朋友]]></item>
			<item id="icon"><![CDATA[]]></item>
			<item id="special"><![CDATA[1]]></item>
			<item id="modelid"><![CDATA[0]]></item>
			<item id="template"><![CDATA[<div class="ybjy_cont">

  <div class="jyc_top">
    <div class="jyct_l"><img src="{yb_g_lovepic_value}"/></div>
    <div class="jyct_r">
       <div class="jyctr_t jy_for">{yb_g_lovename_value}</div>  
       <div class="jyctr_b">
          <ul>
         
            <li><span>身高：</span><p>{yb_g_lovesg_value}cm</p></li>
            <li><span>星座：</span><p>{yb_g_lovexingz_value}</p></li>
            <li><span>学历：</span><p>	{yb_g_lovexl_value}</p></li>
            <li><span>住房情况：</span><p>{yb_love_f_value}</p></li>
            <li><span>微信号：</span><p>{yb_love_wx_value}</p></li>
          </ul>
          <ul>
            <li><span>年龄：</span><p>{yb_g_loveage_value}</p></li>
            <li><span>籍贯：</span><p>{yb_g_lovejiguan_value}</p></li>
     
            <li><span>职业：</span><p>{yb_g_lovezhiye_value}</p></li>
            <li><span>收入：</span><p>{yb_g_lovexz_value}/月</p></li>
            <li><span>QQ号：</span><p>{yb_love_qq_value}</p></li>
          </ul>       
       </div>
    </div>
  </div>
  
  <div class="jyc_bot">
     <div class="jycb_t">对TA说</div>
     <div class="jycb_b">{yb_g_lovedt_value}</div>
     <div class="jycb_t ">爱情宣言</div>
     <div class="jycb_b">	{yb_g_lovexy_value}</div>
  </div>  
    
</div>]]></item>
			<item id="stemplate"><![CDATA[<div class="fenleip">
[loop]
<div class="ybjy_div">
  <div class="jyd_l"><img src="{yb_g_lovepic_value}" /></div>
  <div class="jyd_r">
     <div class="jydr_a"><a href="{subject_url}">{subject}</a></div>
     <div class="jydr_b"><span>	{yb_g_loveage_value}岁</span><span>	{yb_g_lovesg_value}cm</span><span>{yb_g_lovetz_value}KG</span></div>
     <div class="jydr_c">	{yb_g_lovedt_value}</div>
     <div class="jydr_d"><a href="{subject_url}">查看资料</a></div>
  </div>
</div>
[/loop]
</div>]]></item>
			<item id="ptemplate"><![CDATA[]]></item>
			<item id="btemplate"><![CDATA[]]></item>
			<item id="sortid"><![CDATA[10]]></item>
			<item id="available"><![CDATA[1]]></item>
			<item id="required"><![CDATA[1]]></item>
			<item id="unchangeable"><![CDATA[0]]></item>
			<item id="search"><![CDATA[2]]></item>
			<item id="subjectshow"><![CDATA[1]]></item>
			<item id="tpdescription"><![CDATA[]]></item>
			<item id="ttdescription"><![CDATA[]]></item>
			<item id="tpexpiration"><![CDATA[0]]></item>
			<item id="ttexpiration"><![CDATA[0]]></item>
			<item id="__protect">
				<item id="usergroup"><![CDATA[]]></item>
				<item id="verify"><![CDATA[]]></item>
			</item>
			<item id="__rules">
				<item id="choices"><![CDATA[1 = 1000以下
2 = 1000-2000
3 = 2000-3000
4 = 3000-5000
5 = 5000-8000
6 = 8000-12000
7 = 12000-20000
8 = 20000-30000
9 = 30000-40000
10 = 4万以上]]></item>
			</item>
		</item>
		<item id="4">
			<item id="optionid"><![CDATA[149]]></item>
			<item id="classid"><![CDATA[3]]></item>
			<item id="displayorder"><![CDATA[7]]></item>
			<item id="expiration"><![CDATA[0]]></item>
			<item id="title"><![CDATA[学历]]></item>
			<item id="description"><![CDATA[]]></item>
			<item id="identifier"><![CDATA[yb_g_lovexl]]></item>
			<item id="type"><![CDATA[radio]]></item>
			<item id="unit"><![CDATA[]]></item>
			<item id="permprompt"><![CDATA[]]></item>
			<item id="typeid"><![CDATA[10]]></item>
			<item id="name"><![CDATA[找女朋友]]></item>
			<item id="icon"><![CDATA[]]></item>
			<item id="special"><![CDATA[1]]></item>
			<item id="modelid"><![CDATA[0]]></item>
			<item id="template"><![CDATA[<div class="ybjy_cont">

  <div class="jyc_top">
    <div class="jyct_l"><img src="{yb_g_lovepic_value}"/></div>
    <div class="jyct_r">
       <div class="jyctr_t jy_for">{yb_g_lovename_value}</div>  
       <div class="jyctr_b">
          <ul>
         
            <li><span>身高：</span><p>{yb_g_lovesg_value}cm</p></li>
            <li><span>星座：</span><p>{yb_g_lovexingz_value}</p></li>
            <li><span>学历：</span><p>	{yb_g_lovexl_value}</p></li>
            <li><span>住房情况：</span><p>{yb_love_f_value}</p></li>
            <li><span>微信号：</span><p>{yb_love_wx_value}</p></li>
          </ul>
          <ul>
            <li><span>年龄：</span><p>{yb_g_loveage_value}</p></li>
            <li><span>籍贯：</span><p>{yb_g_lovejiguan_value}</p></li>
     
            <li><span>职业：</span><p>{yb_g_lovezhiye_value}</p></li>
            <li><span>收入：</span><p>{yb_g_lovexz_value}/月</p></li>
            <li><span>QQ号：</span><p>{yb_love_qq_value}</p></li>
          </ul>       
       </div>
    </div>
  </div>
  
  <div class="jyc_bot">
     <div class="jycb_t">对TA说</div>
     <div class="jycb_b">{yb_g_lovedt_value}</div>
     <div class="jycb_t ">爱情宣言</div>
     <div class="jycb_b">	{yb_g_lovexy_value}</div>
  </div>  
    
</div>]]></item>
			<item id="stemplate"><![CDATA[<div class="fenleip">
[loop]
<div class="ybjy_div">
  <div class="jyd_l"><img src="{yb_g_lovepic_value}" /></div>
  <div class="jyd_r">
     <div class="jydr_a"><a href="{subject_url}">{subject}</a></div>
     <div class="jydr_b"><span>	{yb_g_loveage_value}岁</span><span>	{yb_g_lovesg_value}cm</span><span>{yb_g_lovetz_value}KG</span></div>
     <div class="jydr_c">	{yb_g_lovedt_value}</div>
     <div class="jydr_d"><a href="{subject_url}">查看资料</a></div>
  </div>
</div>
[/loop]
</div>]]></item>
			<item id="ptemplate"><![CDATA[]]></item>
			<item id="btemplate"><![CDATA[]]></item>
			<item id="sortid"><![CDATA[10]]></item>
			<item id="available"><![CDATA[1]]></item>
			<item id="required"><![CDATA[1]]></item>
			<item id="unchangeable"><![CDATA[0]]></item>
			<item id="search"><![CDATA[2]]></item>
			<item id="subjectshow"><![CDATA[1]]></item>
			<item id="tpdescription"><![CDATA[]]></item>
			<item id="ttdescription"><![CDATA[]]></item>
			<item id="tpexpiration"><![CDATA[0]]></item>
			<item id="ttexpiration"><![CDATA[0]]></item>
			<item id="__protect">
				<item id="usergroup"><![CDATA[]]></item>
				<item id="verify"><![CDATA[]]></item>
			</item>
			<item id="__rules">
				<item id="choices"><![CDATA[1= 初中以下
2 = 高中
3 = 技校
4 = 中专
5 = 大专
6 = 本科
7 = 硕士
8 = 博士]]></item>
			</item>
		</item>
		<item id="5">
			<item id="optionid"><![CDATA[150]]></item>
			<item id="classid"><![CDATA[3]]></item>
			<item id="displayorder"><![CDATA[6]]></item>
			<item id="expiration"><![CDATA[0]]></item>
			<item id="title"><![CDATA[体重]]></item>
			<item id="description"><![CDATA[]]></item>
			<item id="identifier"><![CDATA[yb_g_lovetz]]></item>
			<item id="type"><![CDATA[text]]></item>
			<item id="unit"><![CDATA[KG]]></item>
			<item id="permprompt"><![CDATA[]]></item>
			<item id="typeid"><![CDATA[10]]></item>
			<item id="name"><![CDATA[找女朋友]]></item>
			<item id="icon"><![CDATA[]]></item>
			<item id="special"><![CDATA[1]]></item>
			<item id="modelid"><![CDATA[0]]></item>
			<item id="template"><![CDATA[<div class="ybjy_cont">

  <div class="jyc_top">
    <div class="jyct_l"><img src="{yb_g_lovepic_value}"/></div>
    <div class="jyct_r">
       <div class="jyctr_t jy_for">{yb_g_lovename_value}</div>  
       <div class="jyctr_b">
          <ul>
         
            <li><span>身高：</span><p>{yb_g_lovesg_value}cm</p></li>
            <li><span>星座：</span><p>{yb_g_lovexingz_value}</p></li>
            <li><span>学历：</span><p>	{yb_g_lovexl_value}</p></li>
            <li><span>住房情况：</span><p>{yb_love_f_value}</p></li>
            <li><span>微信号：</span><p>{yb_love_wx_value}</p></li>
          </ul>
          <ul>
            <li><span>年龄：</span><p>{yb_g_loveage_value}</p></li>
            <li><span>籍贯：</span><p>{yb_g_lovejiguan_value}</p></li>
     
            <li><span>职业：</span><p>{yb_g_lovezhiye_value}</p></li>
            <li><span>收入：</span><p>{yb_g_lovexz_value}/月</p></li>
            <li><span>QQ号：</span><p>{yb_love_qq_value}</p></li>
          </ul>       
       </div>
    </div>
  </div>
  
  <div class="jyc_bot">
     <div class="jycb_t">对TA说</div>
     <div class="jycb_b">{yb_g_lovedt_value}</div>
     <div class="jycb_t ">爱情宣言</div>
     <div class="jycb_b">	{yb_g_lovexy_value}</div>
  </div>  
    
</div>]]></item>
			<item id="stemplate"><![CDATA[<div class="fenleip">
[loop]
<div class="ybjy_div">
  <div class="jyd_l"><img src="{yb_g_lovepic_value}" /></div>
  <div class="jyd_r">
     <div class="jydr_a"><a href="{subject_url}">{subject}</a></div>
     <div class="jydr_b"><span>	{yb_g_loveage_value}岁</span><span>	{yb_g_lovesg_value}cm</span><span>{yb_g_lovetz_value}KG</span></div>
     <div class="jydr_c">	{yb_g_lovedt_value}</div>
     <div class="jydr_d"><a href="{subject_url}">查看资料</a></div>
  </div>
</div>
[/loop]
</div>]]></item>
			<item id="ptemplate"><![CDATA[]]></item>
			<item id="btemplate"><![CDATA[]]></item>
			<item id="sortid"><![CDATA[10]]></item>
			<item id="available"><![CDATA[1]]></item>
			<item id="required"><![CDATA[1]]></item>
			<item id="unchangeable"><![CDATA[0]]></item>
			<item id="search"><![CDATA[0]]></item>
			<item id="subjectshow"><![CDATA[1]]></item>
			<item id="tpdescription"><![CDATA[请输入数字，如：50]]></item>
			<item id="ttdescription"><![CDATA[]]></item>
			<item id="tpexpiration"><![CDATA[0]]></item>
			<item id="ttexpiration"><![CDATA[0]]></item>
			<item id="__protect">
				<item id="status"><![CDATA[0]]></item>
				<item id="usergroup"><![CDATA[]]></item>
				<item id="verify"><![CDATA[]]></item>
			</item>
			<item id="__rules">
				<item id="maxlength"><![CDATA[]]></item>
				<item id="inputsize"><![CDATA[]]></item>
				<item id="profile"><![CDATA[]]></item>
				<item id="defaultvalue"><![CDATA[]]></item>
			</item>
		</item>
		<item id="6">
			<item id="optionid"><![CDATA[151]]></item>
			<item id="classid"><![CDATA[3]]></item>
			<item id="displayorder"><![CDATA[5]]></item>
			<item id="expiration"><![CDATA[0]]></item>
			<item id="title"><![CDATA[身高]]></item>
			<item id="description"><![CDATA[]]></item>
			<item id="identifier"><![CDATA[yb_g_lovesg]]></item>
			<item id="type"><![CDATA[text]]></item>
			<item id="unit"><![CDATA[CM]]></item>
			<item id="permprompt"><![CDATA[]]></item>
			<item id="typeid"><![CDATA[10]]></item>
			<item id="name"><![CDATA[找女朋友]]></item>
			<item id="icon"><![CDATA[]]></item>
			<item id="special"><![CDATA[1]]></item>
			<item id="modelid"><![CDATA[0]]></item>
			<item id="template"><![CDATA[<div class="ybjy_cont">

  <div class="jyc_top">
    <div class="jyct_l"><img src="{yb_g_lovepic_value}"/></div>
    <div class="jyct_r">
       <div class="jyctr_t jy_for">{yb_g_lovename_value}</div>  
       <div class="jyctr_b">
          <ul>
         
            <li><span>身高：</span><p>{yb_g_lovesg_value}cm</p></li>
            <li><span>星座：</span><p>{yb_g_lovexingz_value}</p></li>
            <li><span>学历：</span><p>	{yb_g_lovexl_value}</p></li>
            <li><span>住房情况：</span><p>{yb_love_f_value}</p></li>
            <li><span>微信号：</span><p>{yb_love_wx_value}</p></li>
          </ul>
          <ul>
            <li><span>年龄：</span><p>{yb_g_loveage_value}</p></li>
            <li><span>籍贯：</span><p>{yb_g_lovejiguan_value}</p></li>
     
            <li><span>职业：</span><p>{yb_g_lovezhiye_value}</p></li>
            <li><span>收入：</span><p>{yb_g_lovexz_value}/月</p></li>
            <li><span>QQ号：</span><p>{yb_love_qq_value}</p></li>
          </ul>       
       </div>
    </div>
  </div>
  
  <div class="jyc_bot">
     <div class="jycb_t">对TA说</div>
     <div class="jycb_b">{yb_g_lovedt_value}</div>
     <div class="jycb_t ">爱情宣言</div>
     <div class="jycb_b">	{yb_g_lovexy_value}</div>
  </div>  
    
</div>]]></item>
			<item id="stemplate"><![CDATA[<div class="fenleip">
[loop]
<div class="ybjy_div">
  <div class="jyd_l"><img src="{yb_g_lovepic_value}" /></div>
  <div class="jyd_r">
     <div class="jydr_a"><a href="{subject_url}">{subject}</a></div>
     <div class="jydr_b"><span>	{yb_g_loveage_value}岁</span><span>	{yb_g_lovesg_value}cm</span><span>{yb_g_lovetz_value}KG</span></div>
     <div class="jydr_c">	{yb_g_lovedt_value}</div>
     <div class="jydr_d"><a href="{subject_url}">查看资料</a></div>
  </div>
</div>
[/loop]
</div>]]></item>
			<item id="ptemplate"><![CDATA[]]></item>
			<item id="btemplate"><![CDATA[]]></item>
			<item id="sortid"><![CDATA[10]]></item>
			<item id="available"><![CDATA[1]]></item>
			<item id="required"><![CDATA[1]]></item>
			<item id="unchangeable"><![CDATA[0]]></item>
			<item id="search"><![CDATA[0]]></item>
			<item id="subjectshow"><![CDATA[1]]></item>
			<item id="tpdescription"><![CDATA[请输入数字，如：180]]></item>
			<item id="ttdescription"><![CDATA[]]></item>
			<item id="tpexpiration"><![CDATA[0]]></item>
			<item id="ttexpiration"><![CDATA[0]]></item>
			<item id="__protect">
				<item id="status"><![CDATA[0]]></item>
				<item id="usergroup"><![CDATA[]]></item>
				<item id="verify"><![CDATA[]]></item>
			</item>
			<item id="__rules">
				<item id="maxlength"><![CDATA[]]></item>
				<item id="inputsize"><![CDATA[]]></item>
				<item id="profile"><![CDATA[]]></item>
				<item id="defaultvalue"><![CDATA[]]></item>
			</item>
		</item>
		<item id="7">
			<item id="optionid"><![CDATA[152]]></item>
			<item id="classid"><![CDATA[3]]></item>
			<item id="displayorder"><![CDATA[4]]></item>
			<item id="expiration"><![CDATA[0]]></item>
			<item id="title"><![CDATA[星座]]></item>
			<item id="description"><![CDATA[]]></item>
			<item id="identifier"><![CDATA[yb_g_lovexingz]]></item>
			<item id="type"><![CDATA[radio]]></item>
			<item id="unit"><![CDATA[]]></item>
			<item id="permprompt"><![CDATA[]]></item>
			<item id="typeid"><![CDATA[10]]></item>
			<item id="name"><![CDATA[找女朋友]]></item>
			<item id="icon"><![CDATA[]]></item>
			<item id="special"><![CDATA[1]]></item>
			<item id="modelid"><![CDATA[0]]></item>
			<item id="template"><![CDATA[<div class="ybjy_cont">

  <div class="jyc_top">
    <div class="jyct_l"><img src="{yb_g_lovepic_value}"/></div>
    <div class="jyct_r">
       <div class="jyctr_t jy_for">{yb_g_lovename_value}</div>  
       <div class="jyctr_b">
          <ul>
         
            <li><span>身高：</span><p>{yb_g_lovesg_value}cm</p></li>
            <li><span>星座：</span><p>{yb_g_lovexingz_value}</p></li>
            <li><span>学历：</span><p>	{yb_g_lovexl_value}</p></li>
            <li><span>住房情况：</span><p>{yb_love_f_value}</p></li>
            <li><span>微信号：</span><p>{yb_love_wx_value}</p></li>
          </ul>
          <ul>
            <li><span>年龄：</span><p>{yb_g_loveage_value}</p></li>
            <li><span>籍贯：</span><p>{yb_g_lovejiguan_value}</p></li>
     
            <li><span>职业：</span><p>{yb_g_lovezhiye_value}</p></li>
            <li><span>收入：</span><p>{yb_g_lovexz_value}/月</p></li>
            <li><span>QQ号：</span><p>{yb_love_qq_value}</p></li>
          </ul>       
       </div>
    </div>
  </div>
  
  <div class="jyc_bot">
     <div class="jycb_t">对TA说</div>
     <div class="jycb_b">{yb_g_lovedt_value}</div>
     <div class="jycb_t ">爱情宣言</div>
     <div class="jycb_b">	{yb_g_lovexy_value}</div>
  </div>  
    
</div>]]></item>
			<item id="stemplate"><![CDATA[<div class="fenleip">
[loop]
<div class="ybjy_div">
  <div class="jyd_l"><img src="{yb_g_lovepic_value}" /></div>
  <div class="jyd_r">
     <div class="jydr_a"><a href="{subject_url}">{subject}</a></div>
     <div class="jydr_b"><span>	{yb_g_loveage_value}岁</span><span>	{yb_g_lovesg_value}cm</span><span>{yb_g_lovetz_value}KG</span></div>
     <div class="jydr_c">	{yb_g_lovedt_value}</div>
     <div class="jydr_d"><a href="{subject_url}">查看资料</a></div>
  </div>
</div>
[/loop]
</div>]]></item>
			<item id="ptemplate"><![CDATA[]]></item>
			<item id="btemplate"><![CDATA[]]></item>
			<item id="sortid"><![CDATA[10]]></item>
			<item id="available"><![CDATA[1]]></item>
			<item id="required"><![CDATA[1]]></item>
			<item id="unchangeable"><![CDATA[0]]></item>
			<item id="search"><![CDATA[2]]></item>
			<item id="subjectshow"><![CDATA[1]]></item>
			<item id="tpdescription"><![CDATA[]]></item>
			<item id="ttdescription"><![CDATA[]]></item>
			<item id="tpexpiration"><![CDATA[0]]></item>
			<item id="ttexpiration"><![CDATA[0]]></item>
			<item id="__protect">
				<item id="usergroup"><![CDATA[]]></item>
				<item id="verify"><![CDATA[]]></item>
			</item>
			<item id="__rules">
				<item id="choices"><![CDATA[1 = 白羊座
2 = 金牛座
3 = 双子座
4 = 巨蟹座
5 = 狮子座
6 = 处女座
7 = 天秤座
8 = 天蝎座
9 = 射手座
10 = 摩羯座
11 = 水瓶座
12 = 双鱼座]]></item>
			</item>
		</item>
		<item id="8">
			<item id="optionid"><![CDATA[153]]></item>
			<item id="classid"><![CDATA[3]]></item>
			<item id="displayorder"><![CDATA[3]]></item>
			<item id="expiration"><![CDATA[0]]></item>
			<item id="title"><![CDATA[年龄]]></item>
			<item id="description"><![CDATA[]]></item>
			<item id="identifier"><![CDATA[yb_g_loveage]]></item>
			<item id="type"><![CDATA[text]]></item>
			<item id="unit"><![CDATA[岁]]></item>
			<item id="permprompt"><![CDATA[你不权查看]]></item>
			<item id="typeid"><![CDATA[10]]></item>
			<item id="name"><![CDATA[找女朋友]]></item>
			<item id="icon"><![CDATA[]]></item>
			<item id="special"><![CDATA[1]]></item>
			<item id="modelid"><![CDATA[0]]></item>
			<item id="template"><![CDATA[<div class="ybjy_cont">

  <div class="jyc_top">
    <div class="jyct_l"><img src="{yb_g_lovepic_value}"/></div>
    <div class="jyct_r">
       <div class="jyctr_t jy_for">{yb_g_lovename_value}</div>  
       <div class="jyctr_b">
          <ul>
         
            <li><span>身高：</span><p>{yb_g_lovesg_value}cm</p></li>
            <li><span>星座：</span><p>{yb_g_lovexingz_value}</p></li>
            <li><span>学历：</span><p>	{yb_g_lovexl_value}</p></li>
            <li><span>住房情况：</span><p>{yb_love_f_value}</p></li>
            <li><span>微信号：</span><p>{yb_love_wx_value}</p></li>
          </ul>
          <ul>
            <li><span>年龄：</span><p>{yb_g_loveage_value}</p></li>
            <li><span>籍贯：</span><p>{yb_g_lovejiguan_value}</p></li>
     
            <li><span>职业：</span><p>{yb_g_lovezhiye_value}</p></li>
            <li><span>收入：</span><p>{yb_g_lovexz_value}/月</p></li>
            <li><span>QQ号：</span><p>{yb_love_qq_value}</p></li>
          </ul>       
       </div>
    </div>
  </div>
  
  <div class="jyc_bot">
     <div class="jycb_t">对TA说</div>
     <div class="jycb_b">{yb_g_lovedt_value}</div>
     <div class="jycb_t ">爱情宣言</div>
     <div class="jycb_b">	{yb_g_lovexy_value}</div>
  </div>  
    
</div>]]></item>
			<item id="stemplate"><![CDATA[<div class="fenleip">
[loop]
<div class="ybjy_div">
  <div class="jyd_l"><img src="{yb_g_lovepic_value}" /></div>
  <div class="jyd_r">
     <div class="jydr_a"><a href="{subject_url}">{subject}</a></div>
     <div class="jydr_b"><span>	{yb_g_loveage_value}岁</span><span>	{yb_g_lovesg_value}cm</span><span>{yb_g_lovetz_value}KG</span></div>
     <div class="jydr_c">	{yb_g_lovedt_value}</div>
     <div class="jydr_d"><a href="{subject_url}">查看资料</a></div>
  </div>
</div>
[/loop]
</div>]]></item>
			<item id="ptemplate"><![CDATA[]]></item>
			<item id="btemplate"><![CDATA[]]></item>
			<item id="sortid"><![CDATA[10]]></item>
			<item id="available"><![CDATA[1]]></item>
			<item id="required"><![CDATA[1]]></item>
			<item id="unchangeable"><![CDATA[0]]></item>
			<item id="search"><![CDATA[0]]></item>
			<item id="subjectshow"><![CDATA[1]]></item>
			<item id="tpdescription"><![CDATA[请输入数字，如：20]]></item>
			<item id="ttdescription"><![CDATA[]]></item>
			<item id="tpexpiration"><![CDATA[0]]></item>
			<item id="ttexpiration"><![CDATA[0]]></item>
			<item id="__protect">
				<item id="status"><![CDATA[1]]></item>
				<item id="mode"><![CDATA[2]]></item>
				<item id="usergroup"><![CDATA[]]></item>
				<item id="verify"><![CDATA[]]></item>
			</item>
			<item id="__rules">
				<item id="maxlength"><![CDATA[]]></item>
				<item id="inputsize"><![CDATA[]]></item>
				<item id="profile"><![CDATA[]]></item>
				<item id="defaultvalue"><![CDATA[]]></item>
			</item>
		</item>
		<item id="9">
			<item id="optionid"><![CDATA[154]]></item>
			<item id="classid"><![CDATA[3]]></item>
			<item id="displayorder"><![CDATA[2]]></item>
			<item id="expiration"><![CDATA[0]]></item>
			<item id="title"><![CDATA[姓名]]></item>
			<item id="description"><![CDATA[]]></item>
			<item id="identifier"><![CDATA[yb_g_lovename]]></item>
			<item id="type"><![CDATA[text]]></item>
			<item id="unit"><![CDATA[]]></item>
			<item id="permprompt"><![CDATA[]]></item>
			<item id="typeid"><![CDATA[10]]></item>
			<item id="name"><![CDATA[找女朋友]]></item>
			<item id="icon"><![CDATA[]]></item>
			<item id="special"><![CDATA[1]]></item>
			<item id="modelid"><![CDATA[0]]></item>
			<item id="template"><![CDATA[<div class="ybjy_cont">

  <div class="jyc_top">
    <div class="jyct_l"><img src="{yb_g_lovepic_value}"/></div>
    <div class="jyct_r">
       <div class="jyctr_t jy_for">{yb_g_lovename_value}</div>  
       <div class="jyctr_b">
          <ul>
         
            <li><span>身高：</span><p>{yb_g_lovesg_value}cm</p></li>
            <li><span>星座：</span><p>{yb_g_lovexingz_value}</p></li>
            <li><span>学历：</span><p>	{yb_g_lovexl_value}</p></li>
            <li><span>住房情况：</span><p>{yb_love_f_value}</p></li>
            <li><span>微信号：</span><p>{yb_love_wx_value}</p></li>
          </ul>
          <ul>
            <li><span>年龄：</span><p>{yb_g_loveage_value}</p></li>
            <li><span>籍贯：</span><p>{yb_g_lovejiguan_value}</p></li>
     
            <li><span>职业：</span><p>{yb_g_lovezhiye_value}</p></li>
            <li><span>收入：</span><p>{yb_g_lovexz_value}/月</p></li>
            <li><span>QQ号：</span><p>{yb_love_qq_value}</p></li>
          </ul>       
       </div>
    </div>
  </div>
  
  <div class="jyc_bot">
     <div class="jycb_t">对TA说</div>
     <div class="jycb_b">{yb_g_lovedt_value}</div>
     <div class="jycb_t ">爱情宣言</div>
     <div class="jycb_b">	{yb_g_lovexy_value}</div>
  </div>  
    
</div>]]></item>
			<item id="stemplate"><![CDATA[<div class="fenleip">
[loop]
<div class="ybjy_div">
  <div class="jyd_l"><img src="{yb_g_lovepic_value}" /></div>
  <div class="jyd_r">
     <div class="jydr_a"><a href="{subject_url}">{subject}</a></div>
     <div class="jydr_b"><span>	{yb_g_loveage_value}岁</span><span>	{yb_g_lovesg_value}cm</span><span>{yb_g_lovetz_value}KG</span></div>
     <div class="jydr_c">	{yb_g_lovedt_value}</div>
     <div class="jydr_d"><a href="{subject_url}">查看资料</a></div>
  </div>
</div>
[/loop]
</div>]]></item>
			<item id="ptemplate"><![CDATA[]]></item>
			<item id="btemplate"><![CDATA[]]></item>
			<item id="sortid"><![CDATA[10]]></item>
			<item id="available"><![CDATA[1]]></item>
			<item id="required"><![CDATA[1]]></item>
			<item id="unchangeable"><![CDATA[0]]></item>
			<item id="search"><![CDATA[0]]></item>
			<item id="subjectshow"><![CDATA[1]]></item>
			<item id="tpdescription"><![CDATA[]]></item>
			<item id="ttdescription"><![CDATA[]]></item>
			<item id="tpexpiration"><![CDATA[0]]></item>
			<item id="ttexpiration"><![CDATA[0]]></item>
			<item id="__protect">
				<item id="status"><![CDATA[0]]></item>
				<item id="usergroup"><![CDATA[]]></item>
				<item id="verify"><![CDATA[]]></item>
			</item>
			<item id="__rules">
				<item id="maxlength"><![CDATA[]]></item>
				<item id="inputsize"><![CDATA[]]></item>
				<item id="profile"><![CDATA[]]></item>
				<item id="defaultvalue"><![CDATA[]]></item>
			</item>
		</item>
		<item id="10">
			<item id="optionid"><![CDATA[155]]></item>
			<item id="classid"><![CDATA[3]]></item>
			<item id="displayorder"><![CDATA[14]]></item>
			<item id="expiration"><![CDATA[0]]></item>
			<item id="title"><![CDATA[职业]]></item>
			<item id="description"><![CDATA[]]></item>
			<item id="identifier"><![CDATA[yb_g_lovezhiye]]></item>
			<item id="type"><![CDATA[text]]></item>
			<item id="unit"><![CDATA[]]></item>
			<item id="permprompt"><![CDATA[]]></item>
			<item id="typeid"><![CDATA[10]]></item>
			<item id="name"><![CDATA[找女朋友]]></item>
			<item id="icon"><![CDATA[]]></item>
			<item id="special"><![CDATA[1]]></item>
			<item id="modelid"><![CDATA[0]]></item>
			<item id="template"><![CDATA[<div class="ybjy_cont">

  <div class="jyc_top">
    <div class="jyct_l"><img src="{yb_g_lovepic_value}"/></div>
    <div class="jyct_r">
       <div class="jyctr_t jy_for">{yb_g_lovename_value}</div>  
       <div class="jyctr_b">
          <ul>
         
            <li><span>身高：</span><p>{yb_g_lovesg_value}cm</p></li>
            <li><span>星座：</span><p>{yb_g_lovexingz_value}</p></li>
            <li><span>学历：</span><p>	{yb_g_lovexl_value}</p></li>
            <li><span>住房情况：</span><p>{yb_love_f_value}</p></li>
            <li><span>微信号：</span><p>{yb_love_wx_value}</p></li>
          </ul>
          <ul>
            <li><span>年龄：</span><p>{yb_g_loveage_value}</p></li>
            <li><span>籍贯：</span><p>{yb_g_lovejiguan_value}</p></li>
     
            <li><span>职业：</span><p>{yb_g_lovezhiye_value}</p></li>
            <li><span>收入：</span><p>{yb_g_lovexz_value}/月</p></li>
            <li><span>QQ号：</span><p>{yb_love_qq_value}</p></li>
          </ul>       
       </div>
    </div>
  </div>
  
  <div class="jyc_bot">
     <div class="jycb_t">对TA说</div>
     <div class="jycb_b">{yb_g_lovedt_value}</div>
     <div class="jycb_t ">爱情宣言</div>
     <div class="jycb_b">	{yb_g_lovexy_value}</div>
  </div>  
    
</div>]]></item>
			<item id="stemplate"><![CDATA[<div class="fenleip">
[loop]
<div class="ybjy_div">
  <div class="jyd_l"><img src="{yb_g_lovepic_value}" /></div>
  <div class="jyd_r">
     <div class="jydr_a"><a href="{subject_url}">{subject}</a></div>
     <div class="jydr_b"><span>	{yb_g_loveage_value}岁</span><span>	{yb_g_lovesg_value}cm</span><span>{yb_g_lovetz_value}KG</span></div>
     <div class="jydr_c">	{yb_g_lovedt_value}</div>
     <div class="jydr_d"><a href="{subject_url}">查看资料</a></div>
  </div>
</div>
[/loop]
</div>]]></item>
			<item id="ptemplate"><![CDATA[]]></item>
			<item id="btemplate"><![CDATA[]]></item>
			<item id="sortid"><![CDATA[10]]></item>
			<item id="available"><![CDATA[1]]></item>
			<item id="required"><![CDATA[1]]></item>
			<item id="unchangeable"><![CDATA[0]]></item>
			<item id="search"><![CDATA[0]]></item>
			<item id="subjectshow"><![CDATA[1]]></item>
			<item id="tpdescription"><![CDATA[]]></item>
			<item id="ttdescription"><![CDATA[]]></item>
			<item id="tpexpiration"><![CDATA[0]]></item>
			<item id="ttexpiration"><![CDATA[0]]></item>
			<item id="__protect">
				<item id="status"><![CDATA[0]]></item>
				<item id="usergroup"><![CDATA[]]></item>
				<item id="verify"><![CDATA[]]></item>
			</item>
			<item id="__rules">
				<item id="maxlength"><![CDATA[]]></item>
				<item id="inputsize"><![CDATA[]]></item>
				<item id="profile"><![CDATA[]]></item>
				<item id="defaultvalue"><![CDATA[]]></item>
			</item>
		</item>
		<item id="11">
			<item id="optionid"><![CDATA[156]]></item>
			<item id="classid"><![CDATA[3]]></item>
			<item id="displayorder"><![CDATA[13]]></item>
			<item id="expiration"><![CDATA[0]]></item>
			<item id="title"><![CDATA[作息习惯]]></item>
			<item id="description"><![CDATA[]]></item>
			<item id="identifier"><![CDATA[yb_g_lovexiguan]]></item>
			<item id="type"><![CDATA[textarea]]></item>
			<item id="unit"><![CDATA[]]></item>
			<item id="permprompt"><![CDATA[]]></item>
			<item id="typeid"><![CDATA[10]]></item>
			<item id="name"><![CDATA[找女朋友]]></item>
			<item id="icon"><![CDATA[]]></item>
			<item id="special"><![CDATA[1]]></item>
			<item id="modelid"><![CDATA[0]]></item>
			<item id="template"><![CDATA[<div class="ybjy_cont">

  <div class="jyc_top">
    <div class="jyct_l"><img src="{yb_g_lovepic_value}"/></div>
    <div class="jyct_r">
       <div class="jyctr_t jy_for">{yb_g_lovename_value}</div>  
       <div class="jyctr_b">
          <ul>
         
            <li><span>身高：</span><p>{yb_g_lovesg_value}cm</p></li>
            <li><span>星座：</span><p>{yb_g_lovexingz_value}</p></li>
            <li><span>学历：</span><p>	{yb_g_lovexl_value}</p></li>
            <li><span>住房情况：</span><p>{yb_love_f_value}</p></li>
            <li><span>微信号：</span><p>{yb_love_wx_value}</p></li>
          </ul>
          <ul>
            <li><span>年龄：</span><p>{yb_g_loveage_value}</p></li>
            <li><span>籍贯：</span><p>{yb_g_lovejiguan_value}</p></li>
     
            <li><span>职业：</span><p>{yb_g_lovezhiye_value}</p></li>
            <li><span>收入：</span><p>{yb_g_lovexz_value}/月</p></li>
            <li><span>QQ号：</span><p>{yb_love_qq_value}</p></li>
          </ul>       
       </div>
    </div>
  </div>
  
  <div class="jyc_bot">
     <div class="jycb_t">对TA说</div>
     <div class="jycb_b">{yb_g_lovedt_value}</div>
     <div class="jycb_t ">爱情宣言</div>
     <div class="jycb_b">	{yb_g_lovexy_value}</div>
  </div>  
    
</div>]]></item>
			<item id="stemplate"><![CDATA[<div class="fenleip">
[loop]
<div class="ybjy_div">
  <div class="jyd_l"><img src="{yb_g_lovepic_value}" /></div>
  <div class="jyd_r">
     <div class="jydr_a"><a href="{subject_url}">{subject}</a></div>
     <div class="jydr_b"><span>	{yb_g_loveage_value}岁</span><span>	{yb_g_lovesg_value}cm</span><span>{yb_g_lovetz_value}KG</span></div>
     <div class="jydr_c">	{yb_g_lovedt_value}</div>
     <div class="jydr_d"><a href="{subject_url}">查看资料</a></div>
  </div>
</div>
[/loop]
</div>]]></item>
			<item id="ptemplate"><![CDATA[]]></item>
			<item id="btemplate"><![CDATA[]]></item>
			<item id="sortid"><![CDATA[10]]></item>
			<item id="available"><![CDATA[1]]></item>
			<item id="required"><![CDATA[1]]></item>
			<item id="unchangeable"><![CDATA[0]]></item>
			<item id="search"><![CDATA[0]]></item>
			<item id="subjectshow"><![CDATA[1]]></item>
			<item id="tpdescription"><![CDATA[]]></item>
			<item id="ttdescription"><![CDATA[]]></item>
			<item id="tpexpiration"><![CDATA[0]]></item>
			<item id="ttexpiration"><![CDATA[0]]></item>
			<item id="__protect">
				<item id="status"><![CDATA[0]]></item>
				<item id="usergroup"><![CDATA[]]></item>
				<item id="verify"><![CDATA[]]></item>
			</item>
			<item id="__rules">
				<item id="maxlength"><![CDATA[]]></item>
				<item id="colsize"><![CDATA[]]></item>
				<item id="rowsize"><![CDATA[]]></item>
				<item id="defaultvalue"><![CDATA[]]></item>
			</item>
		</item>
		<item id="12">
			<item id="optionid"><![CDATA[157]]></item>
			<item id="classid"><![CDATA[3]]></item>
			<item id="displayorder"><![CDATA[12]]></item>
			<item id="expiration"><![CDATA[0]]></item>
			<item id="title"><![CDATA[籍贯]]></item>
			<item id="description"><![CDATA[]]></item>
			<item id="identifier"><![CDATA[yb_g_lovejiguan]]></item>
			<item id="type"><![CDATA[text]]></item>
			<item id="unit"><![CDATA[]]></item>
			<item id="permprompt"><![CDATA[]]></item>
			<item id="typeid"><![CDATA[10]]></item>
			<item id="name"><![CDATA[找女朋友]]></item>
			<item id="icon"><![CDATA[]]></item>
			<item id="special"><![CDATA[1]]></item>
			<item id="modelid"><![CDATA[0]]></item>
			<item id="template"><![CDATA[<div class="ybjy_cont">

  <div class="jyc_top">
    <div class="jyct_l"><img src="{yb_g_lovepic_value}"/></div>
    <div class="jyct_r">
       <div class="jyctr_t jy_for">{yb_g_lovename_value}</div>  
       <div class="jyctr_b">
          <ul>
         
            <li><span>身高：</span><p>{yb_g_lovesg_value}cm</p></li>
            <li><span>星座：</span><p>{yb_g_lovexingz_value}</p></li>
            <li><span>学历：</span><p>	{yb_g_lovexl_value}</p></li>
            <li><span>住房情况：</span><p>{yb_love_f_value}</p></li>
            <li><span>微信号：</span><p>{yb_love_wx_value}</p></li>
          </ul>
          <ul>
            <li><span>年龄：</span><p>{yb_g_loveage_value}</p></li>
            <li><span>籍贯：</span><p>{yb_g_lovejiguan_value}</p></li>
     
            <li><span>职业：</span><p>{yb_g_lovezhiye_value}</p></li>
            <li><span>收入：</span><p>{yb_g_lovexz_value}/月</p></li>
            <li><span>QQ号：</span><p>{yb_love_qq_value}</p></li>
          </ul>       
       </div>
    </div>
  </div>
  
  <div class="jyc_bot">
     <div class="jycb_t">对TA说</div>
     <div class="jycb_b">{yb_g_lovedt_value}</div>
     <div class="jycb_t ">爱情宣言</div>
     <div class="jycb_b">	{yb_g_lovexy_value}</div>
  </div>  
    
</div>]]></item>
			<item id="stemplate"><![CDATA[<div class="fenleip">
[loop]
<div class="ybjy_div">
  <div class="jyd_l"><img src="{yb_g_lovepic_value}" /></div>
  <div class="jyd_r">
     <div class="jydr_a"><a href="{subject_url}">{subject}</a></div>
     <div class="jydr_b"><span>	{yb_g_loveage_value}岁</span><span>	{yb_g_lovesg_value}cm</span><span>{yb_g_lovetz_value}KG</span></div>
     <div class="jydr_c">	{yb_g_lovedt_value}</div>
     <div class="jydr_d"><a href="{subject_url}">查看资料</a></div>
  </div>
</div>
[/loop]
</div>]]></item>
			<item id="ptemplate"><![CDATA[]]></item>
			<item id="btemplate"><![CDATA[]]></item>
			<item id="sortid"><![CDATA[10]]></item>
			<item id="available"><![CDATA[1]]></item>
			<item id="required"><![CDATA[1]]></item>
			<item id="unchangeable"><![CDATA[0]]></item>
			<item id="search"><![CDATA[0]]></item>
			<item id="subjectshow"><![CDATA[1]]></item>
			<item id="tpdescription"><![CDATA[]]></item>
			<item id="ttdescription"><![CDATA[]]></item>
			<item id="tpexpiration"><![CDATA[0]]></item>
			<item id="ttexpiration"><![CDATA[0]]></item>
			<item id="__protect">
				<item id="status"><![CDATA[0]]></item>
				<item id="usergroup"><![CDATA[]]></item>
				<item id="verify"><![CDATA[]]></item>
			</item>
			<item id="__rules">
				<item id="maxlength"><![CDATA[]]></item>
				<item id="inputsize"><![CDATA[]]></item>
				<item id="profile"><![CDATA[]]></item>
				<item id="defaultvalue"><![CDATA[]]></item>
			</item>
		</item>
		<item id="13">
			<item id="optionid"><![CDATA[264]]></item>
			<item id="classid"><![CDATA[3]]></item>
			<item id="displayorder"><![CDATA[11]]></item>
			<item id="expiration"><![CDATA[0]]></item>
			<item id="title"><![CDATA[QQ]]></item>
			<item id="description"><![CDATA[]]></item>
			<item id="identifier"><![CDATA[yb_love_qq]]></item>
			<item id="type"><![CDATA[text]]></item>
			<item id="unit"><![CDATA[]]></item>
			<item id="permprompt"><![CDATA[成为会员查看]]></item>
			<item id="typeid"><![CDATA[10]]></item>
			<item id="name"><![CDATA[找女朋友]]></item>
			<item id="icon"><![CDATA[]]></item>
			<item id="special"><![CDATA[1]]></item>
			<item id="modelid"><![CDATA[0]]></item>
			<item id="template"><![CDATA[<div class="ybjy_cont">

  <div class="jyc_top">
    <div class="jyct_l"><img src="{yb_g_lovepic_value}"/></div>
    <div class="jyct_r">
       <div class="jyctr_t jy_for">{yb_g_lovename_value}</div>  
       <div class="jyctr_b">
          <ul>
         
            <li><span>身高：</span><p>{yb_g_lovesg_value}cm</p></li>
            <li><span>星座：</span><p>{yb_g_lovexingz_value}</p></li>
            <li><span>学历：</span><p>	{yb_g_lovexl_value}</p></li>
            <li><span>住房情况：</span><p>{yb_love_f_value}</p></li>
            <li><span>微信号：</span><p>{yb_love_wx_value}</p></li>
          </ul>
          <ul>
            <li><span>年龄：</span><p>{yb_g_loveage_value}</p></li>
            <li><span>籍贯：</span><p>{yb_g_lovejiguan_value}</p></li>
     
            <li><span>职业：</span><p>{yb_g_lovezhiye_value}</p></li>
            <li><span>收入：</span><p>{yb_g_lovexz_value}/月</p></li>
            <li><span>QQ号：</span><p>{yb_love_qq_value}</p></li>
          </ul>       
       </div>
    </div>
  </div>
  
  <div class="jyc_bot">
     <div class="jycb_t">对TA说</div>
     <div class="jycb_b">{yb_g_lovedt_value}</div>
     <div class="jycb_t ">爱情宣言</div>
     <div class="jycb_b">	{yb_g_lovexy_value}</div>
  </div>  
    
</div>]]></item>
			<item id="stemplate"><![CDATA[<div class="fenleip">
[loop]
<div class="ybjy_div">
  <div class="jyd_l"><img src="{yb_g_lovepic_value}" /></div>
  <div class="jyd_r">
     <div class="jydr_a"><a href="{subject_url}">{subject}</a></div>
     <div class="jydr_b"><span>	{yb_g_loveage_value}岁</span><span>	{yb_g_lovesg_value}cm</span><span>{yb_g_lovetz_value}KG</span></div>
     <div class="jydr_c">	{yb_g_lovedt_value}</div>
     <div class="jydr_d"><a href="{subject_url}">查看资料</a></div>
  </div>
</div>
[/loop]
</div>]]></item>
			<item id="ptemplate"><![CDATA[]]></item>
			<item id="btemplate"><![CDATA[]]></item>
			<item id="sortid"><![CDATA[10]]></item>
			<item id="available"><![CDATA[1]]></item>
			<item id="required"><![CDATA[1]]></item>
			<item id="unchangeable"><![CDATA[0]]></item>
			<item id="search"><![CDATA[0]]></item>
			<item id="subjectshow"><![CDATA[1]]></item>
			<item id="tpdescription"><![CDATA[]]></item>
			<item id="ttdescription"><![CDATA[]]></item>
			<item id="tpexpiration"><![CDATA[0]]></item>
			<item id="ttexpiration"><![CDATA[0]]></item>
			<item id="__protect">
				<item id="status"><![CDATA[1]]></item>
				<item id="mode"><![CDATA[2]]></item>
				<item id="usergroup"><![CDATA[10	11	12	13	14	15	16	17]]></item>
				<item id="verify"><![CDATA[]]></item>
			</item>
			<item id="__rules">
				<item id="maxlength"><![CDATA[]]></item>
				<item id="inputsize"><![CDATA[]]></item>
				<item id="profile"><![CDATA[]]></item>
				<item id="defaultvalue"><![CDATA[]]></item>
			</item>
		</item>
		<item id="14">
			<item id="optionid"><![CDATA[263]]></item>
			<item id="classid"><![CDATA[3]]></item>
			<item id="displayorder"><![CDATA[10]]></item>
			<item id="expiration"><![CDATA[0]]></item>
			<item id="title"><![CDATA[微信]]></item>
			<item id="description"><![CDATA[]]></item>
			<item id="identifier"><![CDATA[yb_love_wx]]></item>
			<item id="type"><![CDATA[text]]></item>
			<item id="unit"><![CDATA[]]></item>
			<item id="permprompt"><![CDATA[成为会员查看]]></item>
			<item id="typeid"><![CDATA[10]]></item>
			<item id="name"><![CDATA[找女朋友]]></item>
			<item id="icon"><![CDATA[]]></item>
			<item id="special"><![CDATA[1]]></item>
			<item id="modelid"><![CDATA[0]]></item>
			<item id="template"><![CDATA[<div class="ybjy_cont">

  <div class="jyc_top">
    <div class="jyct_l"><img src="{yb_g_lovepic_value}"/></div>
    <div class="jyct_r">
       <div class="jyctr_t jy_for">{yb_g_lovename_value}</div>  
       <div class="jyctr_b">
          <ul>
         
            <li><span>身高：</span><p>{yb_g_lovesg_value}cm</p></li>
            <li><span>星座：</span><p>{yb_g_lovexingz_value}</p></li>
            <li><span>学历：</span><p>	{yb_g_lovexl_value}</p></li>
            <li><span>住房情况：</span><p>{yb_love_f_value}</p></li>
            <li><span>微信号：</span><p>{yb_love_wx_value}</p></li>
          </ul>
          <ul>
            <li><span>年龄：</span><p>{yb_g_loveage_value}</p></li>
            <li><span>籍贯：</span><p>{yb_g_lovejiguan_value}</p></li>
     
            <li><span>职业：</span><p>{yb_g_lovezhiye_value}</p></li>
            <li><span>收入：</span><p>{yb_g_lovexz_value}/月</p></li>
            <li><span>QQ号：</span><p>{yb_love_qq_value}</p></li>
          </ul>       
       </div>
    </div>
  </div>
  
  <div class="jyc_bot">
     <div class="jycb_t">对TA说</div>
     <div class="jycb_b">{yb_g_lovedt_value}</div>
     <div class="jycb_t ">爱情宣言</div>
     <div class="jycb_b">	{yb_g_lovexy_value}</div>
  </div>  
    
</div>]]></item>
			<item id="stemplate"><![CDATA[<div class="fenleip">
[loop]
<div class="ybjy_div">
  <div class="jyd_l"><img src="{yb_g_lovepic_value}" /></div>
  <div class="jyd_r">
     <div class="jydr_a"><a href="{subject_url}">{subject}</a></div>
     <div class="jydr_b"><span>	{yb_g_loveage_value}岁</span><span>	{yb_g_lovesg_value}cm</span><span>{yb_g_lovetz_value}KG</span></div>
     <div class="jydr_c">	{yb_g_lovedt_value}</div>
     <div class="jydr_d"><a href="{subject_url}">查看资料</a></div>
  </div>
</div>
[/loop]
</div>]]></item>
			<item id="ptemplate"><![CDATA[]]></item>
			<item id="btemplate"><![CDATA[]]></item>
			<item id="sortid"><![CDATA[10]]></item>
			<item id="available"><![CDATA[1]]></item>
			<item id="required"><![CDATA[1]]></item>
			<item id="unchangeable"><![CDATA[0]]></item>
			<item id="search"><![CDATA[0]]></item>
			<item id="subjectshow"><![CDATA[1]]></item>
			<item id="tpdescription"><![CDATA[]]></item>
			<item id="ttdescription"><![CDATA[]]></item>
			<item id="tpexpiration"><![CDATA[0]]></item>
			<item id="ttexpiration"><![CDATA[0]]></item>
			<item id="__protect">
				<item id="status"><![CDATA[1]]></item>
				<item id="mode"><![CDATA[2]]></item>
				<item id="usergroup"><![CDATA[11	12	13	14	15	16	17	18]]></item>
				<item id="verify"><![CDATA[]]></item>
			</item>
			<item id="__rules">
				<item id="maxlength"><![CDATA[]]></item>
				<item id="inputsize"><![CDATA[]]></item>
				<item id="profile"><![CDATA[]]></item>
				<item id="defaultvalue"><![CDATA[]]></item>
			</item>
		</item>
		<item id="15">
			<item id="optionid"><![CDATA[266]]></item>
			<item id="classid"><![CDATA[3]]></item>
			<item id="displayorder"><![CDATA[15]]></item>
			<item id="expiration"><![CDATA[0]]></item>
			<item id="title"><![CDATA[住房情况]]></item>
			<item id="description"><![CDATA[]]></item>
			<item id="identifier"><![CDATA[yb_love_f]]></item>
			<item id="type"><![CDATA[radio]]></item>
			<item id="unit"><![CDATA[]]></item>
			<item id="permprompt"><![CDATA[]]></item>
			<item id="typeid"><![CDATA[10]]></item>
			<item id="name"><![CDATA[找女朋友]]></item>
			<item id="icon"><![CDATA[]]></item>
			<item id="special"><![CDATA[1]]></item>
			<item id="modelid"><![CDATA[0]]></item>
			<item id="template"><![CDATA[<div class="ybjy_cont">

  <div class="jyc_top">
    <div class="jyct_l"><img src="{yb_g_lovepic_value}"/></div>
    <div class="jyct_r">
       <div class="jyctr_t jy_for">{yb_g_lovename_value}</div>  
       <div class="jyctr_b">
          <ul>
         
            <li><span>身高：</span><p>{yb_g_lovesg_value}cm</p></li>
            <li><span>星座：</span><p>{yb_g_lovexingz_value}</p></li>
            <li><span>学历：</span><p>	{yb_g_lovexl_value}</p></li>
            <li><span>住房情况：</span><p>{yb_love_f_value}</p></li>
            <li><span>微信号：</span><p>{yb_love_wx_value}</p></li>
          </ul>
          <ul>
            <li><span>年龄：</span><p>{yb_g_loveage_value}</p></li>
            <li><span>籍贯：</span><p>{yb_g_lovejiguan_value}</p></li>
     
            <li><span>职业：</span><p>{yb_g_lovezhiye_value}</p></li>
            <li><span>收入：</span><p>{yb_g_lovexz_value}/月</p></li>
            <li><span>QQ号：</span><p>{yb_love_qq_value}</p></li>
          </ul>       
       </div>
    </div>
  </div>
  
  <div class="jyc_bot">
     <div class="jycb_t">对TA说</div>
     <div class="jycb_b">{yb_g_lovedt_value}</div>
     <div class="jycb_t ">爱情宣言</div>
     <div class="jycb_b">	{yb_g_lovexy_value}</div>
  </div>  
    
</div>]]></item>
			<item id="stemplate"><![CDATA[<div class="fenleip">
[loop]
<div class="ybjy_div">
  <div class="jyd_l"><img src="{yb_g_lovepic_value}" /></div>
  <div class="jyd_r">
     <div class="jydr_a"><a href="{subject_url}">{subject}</a></div>
     <div class="jydr_b"><span>	{yb_g_loveage_value}岁</span><span>	{yb_g_lovesg_value}cm</span><span>{yb_g_lovetz_value}KG</span></div>
     <div class="jydr_c">	{yb_g_lovedt_value}</div>
     <div class="jydr_d"><a href="{subject_url}">查看资料</a></div>
  </div>
</div>
[/loop]
</div>]]></item>
			<item id="ptemplate"><![CDATA[]]></item>
			<item id="btemplate"><![CDATA[]]></item>
			<item id="sortid"><![CDATA[10]]></item>
			<item id="available"><![CDATA[1]]></item>
			<item id="required"><![CDATA[1]]></item>
			<item id="unchangeable"><![CDATA[0]]></item>
			<item id="search"><![CDATA[0]]></item>
			<item id="subjectshow"><![CDATA[1]]></item>
			<item id="tpdescription"><![CDATA[]]></item>
			<item id="ttdescription"><![CDATA[]]></item>
			<item id="tpexpiration"><![CDATA[0]]></item>
			<item id="ttexpiration"><![CDATA[0]]></item>
			<item id="__protect">
				<item id="usergroup"><![CDATA[]]></item>
				<item id="verify"><![CDATA[]]></item>
			</item>
			<item id="__rules">
				<item id="choices"><![CDATA[1 = 自己住
2= 和父母住]]></item>
			</item>
		</item>
	</item>
</root>
