<?xml version="1.0" encoding="ISO-8859-1"?>
<root>
	<item id="Title"><![CDATA[Discuz! Plugin]]></item>
	<item id="Version"><![CDATA[X3,X3.1,X3.2,X3.3,X3.4,F1.0,L1.0]]></item>
	<item id="Time"><![CDATA[2016-09-06 14:32]]></item>
	<item id="From"><![CDATA[DisM!应用中心 (https://DisM.Taobao.Com/)]]></item>
	<item id="Data">
		<item id="plugin">
			<item id="available"><![CDATA[1]]></item>
			<item id="adminid"><![CDATA[1]]></item>
			<item id="name"><![CDATA[V2_微信登录]]></item>
			<item id="identifier"><![CDATA[v2_we]]></item>
			<item id="description"><![CDATA[]]></item>
			<item id="datatables"><![CDATA[]]></item>
			<item id="directory"><![CDATA[v2_we/]]></item>
			<item id="copyright"><![CDATA[DisM!应用中心(dism.taobao.com)]]></item>
			<item id="version"><![CDATA[1.0]]></item>
			<item id="__modules">
				<item id="0">
					<item id="name"><![CDATA[v2_we]]></item>
					<item id="param"><![CDATA[]]></item>
					<item id="menu"><![CDATA[]]></item>
					<item id="url"><![CDATA[]]></item>
					<item id="type"><![CDATA[28]]></item>
					<item id="adminid"><![CDATA[0]]></item>
					<item id="displayorder"><![CDATA[0]]></item>
					<item id="navtitle"><![CDATA[]]></item>
					<item id="navicon"><![CDATA[]]></item>
					<item id="navsubname"><![CDATA[]]></item>
					<item id="navsuburl"><![CDATA[]]></item>
				</item>
				<item id="1">
					<item id="name"><![CDATA[v2_pc]]></item>
					<item id="param"><![CDATA[]]></item>
					<item id="menu"><![CDATA[]]></item>
					<item id="url"><![CDATA[]]></item>
					<item id="type"><![CDATA[11]]></item>
					<item id="adminid"><![CDATA[0]]></item>
					<item id="displayorder"><![CDATA[0]]></item>
					<item id="navtitle"><![CDATA[]]></item>
					<item id="navicon"><![CDATA[]]></item>
					<item id="navsubname"><![CDATA[]]></item>
					<item id="navsuburl"><![CDATA[]]></item>
				</item>
				<item id="2">
					<item id="name"><![CDATA[update]]></item>
					<item id="param"><![CDATA[]]></item>
					<item id="menu"><![CDATA[<font style="color:#048348;font-weight:bold;">更新模板</font>]]></item>
					<item id="url"><![CDATA[]]></item>
					<item id="type"><![CDATA[3]]></item>
					<item id="adminid"><![CDATA[0]]></item>
					<item id="displayorder"><![CDATA[2]]></item>
					<item id="navtitle"><![CDATA[]]></item>
					<item id="navicon"><![CDATA[]]></item>
					<item id="navsubname"><![CDATA[]]></item>
					<item id="navsuburl"><![CDATA[]]></item>
				</item>
				<item id="3">
					<item id="name"><![CDATA[more]]></item>
					<item id="param"><![CDATA[]]></item>
					<item id="menu"><![CDATA[<font style="color:#f00;font-weight:bold;">更多应用及消息通知</font>]]></item>
					<item id="url"><![CDATA[]]></item>
					<item id="type"><![CDATA[3]]></item>
					<item id="adminid"><![CDATA[0]]></item>
					<item id="displayorder"><![CDATA[3]]></item>
					<item id="navtitle"><![CDATA[]]></item>
					<item id="navicon"><![CDATA[]]></item>
					<item id="navsubname"><![CDATA[]]></item>
					<item id="navsuburl"><![CDATA[]]></item>
				</item>
			</item>
		</item>
		<item id="version"><![CDATA[X3,X3.1,X3.2,X3.3,X3.4,F1.0,L1.0]]></item>
		<item id="var">
			<item id="0">
				<item id="displayorder"><![CDATA[1]]></item>
				<item id="title"><![CDATA[公众号appid]]></item>
				<item id="description"><![CDATA[]]></item>
				<item id="variable"><![CDATA[appid]]></item>
				<item id="type"><![CDATA[text]]></item>
				<item id="value"><![CDATA[]]></item>
				<item id="extra"><![CDATA[]]></item>
			</item>
			<item id="1">
				<item id="displayorder"><![CDATA[2]]></item>
				<item id="title"><![CDATA[公众号appsecert]]></item>
				<item id="description"><![CDATA[]]></item>
				<item id="variable"><![CDATA[appsecert]]></item>
				<item id="type"><![CDATA[text]]></item>
				<item id="value"><![CDATA[]]></item>
				<item id="extra"><![CDATA[]]></item>
			</item>
			<item id="2">
				<item id="displayorder"><![CDATA[3]]></item>
				<item id="title"><![CDATA[只在微信APP中显示登录按钮]]></item>
				<item id="description"><![CDATA[]]></item>
				<item id="variable"><![CDATA[inwechat]]></item>
				<item id="type"><![CDATA[radio]]></item>
				<item id="value"><![CDATA[0]]></item>
				<item id="extra"><![CDATA[]]></item>
			</item>
			<item id="3">
				<item id="displayorder"><![CDATA[4]]></item>
				<item id="title"><![CDATA[用户组]]></item>
				<item id="description"><![CDATA[微信首次登录后加入的用户组]]></item>
				<item id="variable"><![CDATA[user_group]]></item>
				<item id="type"><![CDATA[group]]></item>
				<item id="value"><![CDATA[]]></item>
				<item id="extra"><![CDATA[]]></item>
			</item>
			<item id="4">
				<item id="displayorder"><![CDATA[5]]></item>
				<item id="title"><![CDATA[登录按钮文字]]></item>
				<item id="description"><![CDATA[]]></item>
				<item id="variable"><![CDATA[btntxt]]></item>
				<item id="type"><![CDATA[text]]></item>
				<item id="value"><![CDATA[微信一键登录]]></item>
				<item id="extra"><![CDATA[]]></item>
			</item>
			<item id="5">
				<item id="displayorder"><![CDATA[6]]></item>
				<item id="title"><![CDATA[登录按钮样式]]></item>
				<item id="description"><![CDATA[]]></item>
				<item id="variable"><![CDATA[btnshow]]></item>
				<item id="type"><![CDATA[textarea]]></item>
				<item id="value"><![CDATA[/*.weixinlogin{ display:block; height:40px; margin:10px 0px; line-height:40px; font-size:16px; color:#fff !important; background: #71c228; border-radius:4px; text-align:center; overflow:hidden;}*/]]></item>
				<item id="extra"><![CDATA[]]></item>
			</item>
			<item id="6">
				<item id="displayorder"><![CDATA[7]]></item>
				<item id="title"><![CDATA[二维码API]]></item>
				<item id="description"><![CDATA[填入你的网站地址 (比如 http://www.baidu.com),该API由联图网(http://www.liantu.com/pingtai/)提供]]></item>
				<item id="variable"><![CDATA[qrcode1]]></item>
				<item id="type"><![CDATA[text]]></item>
				<item id="value"><![CDATA[]]></item>
				<item id="extra"><![CDATA[]]></item>
			</item>
			<item id="7">
				<item id="displayorder"><![CDATA[8]]></item>
				<item id="title"><![CDATA[手动填写二维码图片]]></item>
				<item id="description"><![CDATA[不使用二维码API的话, 可以手动在这里填写已有的二维码图片 (图片大小 120*120)]]></item>
				<item id="variable"><![CDATA[qrcode2]]></item>
				<item id="type"><![CDATA[text]]></item>
				<item id="value"><![CDATA[]]></item>
				<item id="extra"><![CDATA[]]></item>
			</item>
			<item id="8">
				<item id="displayorder"><![CDATA[9]]></item>
				<item id="title"><![CDATA[二维码提示文字]]></item>
				<item id="description"><![CDATA[二维码图片下方提示文字]]></item>
				<item id="variable"><![CDATA[qrcodetxt]]></item>
				<item id="type"><![CDATA[text]]></item>
				<item id="value"><![CDATA[扫描二维码]]></item>
				<item id="extra"><![CDATA[]]></item>
			</item>
			<item id="9">
				<item id="displayorder"><![CDATA[10]]></item>
				<item id="title"><![CDATA[页面宽度 1/2]]></item>
				<item id="description"><![CDATA[填上页面宽度尺寸的 1/2 (根据你的模板页面宽度填写, 比如: 480)]]></item>
				<item id="variable"><![CDATA[qrcodeleft]]></item>
				<item id="type"><![CDATA[text]]></item>
				<item id="value"><![CDATA[480]]></item>
				<item id="extra"><![CDATA[]]></item>
			</item>
		</item>
	</item>
</root>