<?xml version="1.0" encoding="ISO-8859-1"?>
<root>
	<item id="spacecss"><![CDATA[#portal_block_654 { background-color:#bbbbbb !important;background-image:none !important;border:#ff6600 1px dotted !important;margin:5px !important;}#portal_block_654 .dxb_bc { margin:5px !important;}#portal_block_655 { border:#ff6600 1px dotted !important;margin:5px !important;}#portal_block_655 .dxb_bc { margin:5px !important;}#portal_block_656 { background-color:#bbbbbb !important;background-image:none !important;border:#ff6600 1px dotted !important;margin:5px !important;}#portal_block_656 .dxb_bc { margin:5px !important;}#portal_block_657 { border:#ff6600 1px dotted !important;margin:5px !important;}#portal_block_657 .dxb_bc { margin:5px !important;}#portal_block_658 { background-color:#bbb !important;background-image:none !important;border:#ff6600 1px dotted !important;margin:5px !important;}#portal_block_658 .dxb_bc { margin:5px !important;}#portal_block_659 { border:#ff6600 1px dotted !important;margin:5px !important;}#portal_block_659 .dxb_bc { margin:5px !important;}#portal_block_660 { background-color:#bbb !important;background-image:none !important;border:#ff6600 1px dotted !important;margin:5px !important;}#portal_block_660 .dxb_bc { margin:5px !important;}#portal_block_661 { border:#ff6600 1px dotted !important;margin:5px !important;}#portal_block_661 .dxb_bc { margin:5px !important;}#portal_block_662 { background-color:#bbb !important;background-image:none !important;border:#ff6600 1px dotted !important;margin:5px !important;}#portal_block_662 .dxb_bc { margin:5px !important;}#portal_block_663 { border:#ff6600 1px dotted !important;margin:5px !important;}#portal_block_663 .dxb_bc { margin:5px !important;}#portal_block_664 { background-color:#bbb !important;background-image:none !important;border:#ff6600 1px dotted !important;margin:5px !important;}#portal_block_664 .dxb_bc { margin:5px !important;}#portal_block_665 { border:#ff6600 1px dotted !important;margin:5px !important;}#portal_block_665 .dxb_bc { margin:5px !important;}#framefDaaAv { background-color:#ffffff !important;background-image:none !important;border:#ff6600 2px solid !important;margin-top:10px !important;margin-right:0px !important;margin-bottom:20px !important;margin-left:0px !important;}]]></item>
	<item id="style"><![CDATA[static/topic/t1/style.css]]></item>
	<item id="layoutdata">
		<item id="diypage">
			<item id="frame`framefDaaAv">
				<item id="attr">
					<item id="name"><![CDATA[framefDaaAv]]></item>
					<item id="moveable"><![CDATA[true]]></item>
					<item id="className"><![CDATA[cl_frame_bm frame move-span cl frame-1-1]]></item>
					<item id="titles">
						<item id="0">
							<item id="text"><![CDATA[小提示：如果想关闭某个模块，只需在模块标识前加个0即可，删除模块是没用的，除非删除专题才行。]]></item>
							<item id="href"><![CDATA[]]></item>
							<item id="color"><![CDATA[rgb(255, 255, 255)]]></item>
							<item id="float"><![CDATA[right]]></item>
							<item id="margin"><![CDATA[]]></item>
							<item id="font-size"><![CDATA[14]]></item>
							<item id="className"><![CDATA[subtitle]]></item>
							<item id="src"><![CDATA[]]></item>
						</item>
						<item id="className">
							<item id="0"><![CDATA[frame-title title]]></item>
						</item>
						<item id="style">
							<item id="background-image"><![CDATA[none]]></item>
							<item id="background-repeat"><![CDATA[repeat]]></item>
							<item id="background-color"><![CDATA[rgb(255, 102, 0)]]></item>
						</item>
						<item id="first">
							<item id="text"><![CDATA[电脑版侧边导航]]></item>
							<item id="href"><![CDATA[]]></item>
							<item id="color"><![CDATA[rgb(255, 255, 255)]]></item>
							<item id="float"><![CDATA[]]></item>
							<item id="margin"><![CDATA[]]></item>
							<item id="font-size"><![CDATA[18]]></item>
							<item id="className"><![CDATA[titletext]]></item>
							<item id="src"><![CDATA[]]></item>
						</item>
					</item>
				</item>
				<item id="column`framefDaaAv_left">
					<item id="attr">
						<item id="name"><![CDATA[framefDaaAv_left]]></item>
						<item id="className"><![CDATA[column frame-1-1-l]]></item>
					</item>
					<item id="frame`frameB1D11N">
						<item id="attr">
							<item id="name"><![CDATA[frameB1D11N]]></item>
							<item id="moveable"><![CDATA[true]]></item>
							<item id="className"><![CDATA[cl_frame_bm frame move-span cl frame-1-1-1]]></item>
							<item id="titles"><![CDATA[]]></item>
						</item>
						<item id="column`frameB1D11N_left">
							<item id="attr">
								<item id="name"><![CDATA[frameB1D11N_left]]></item>
								<item id="className"><![CDATA[column frame-1-1-1-l]]></item>
							</item>
							<item id="block`portal_block_654">
								<item id="attr">
									<item id="name"><![CDATA[portal_block_654]]></item>
									<item id="className"><![CDATA[cl_block_bm block move-span]]></item>
									<item id="titles">
										<item id="className">
											<item id="0"><![CDATA[blocktitle title]]></item>
										</item>
										<item id="style">
											<item id="background-image"><![CDATA[none]]></item>
											<item id="background-repeat"><![CDATA[repeat]]></item>
											<item id="background-color"><![CDATA[rgb(204, 204, 204)]]></item>
										</item>
										<item id="first">
											<item id="text"><![CDATA[导航1图标]]></item>
											<item id="href"><![CDATA[]]></item>
											<item id="color"><![CDATA[]]></item>
											<item id="float"><![CDATA[]]></item>
											<item id="margin"><![CDATA[]]></item>
											<item id="font-size"><![CDATA[]]></item>
											<item id="className"><![CDATA[titletext]]></item>
											<item id="src"><![CDATA[]]></item>
										</item>
									</item>
								</item>
							</item>
							<item id="block`portal_block_655">
								<item id="attr">
									<item id="name"><![CDATA[portal_block_655]]></item>
									<item id="className"><![CDATA[cl_block_bm block move-span]]></item>
									<item id="titles">
										<item id="className">
											<item id="0"><![CDATA[blocktitle title]]></item>
										</item>
										<item id="style">
											<item id="background-image"><![CDATA[none]]></item>
											<item id="background-repeat"><![CDATA[repeat]]></item>
											<item id="background-color"><![CDATA[rgb(204, 204, 204)]]></item>
										</item>
										<item id="first">
											<item id="text"><![CDATA[导航1弹出]]></item>
											<item id="href"><![CDATA[]]></item>
											<item id="color"><![CDATA[]]></item>
											<item id="float"><![CDATA[]]></item>
											<item id="margin"><![CDATA[]]></item>
											<item id="font-size"><![CDATA[]]></item>
											<item id="className"><![CDATA[titletext]]></item>
											<item id="src"><![CDATA[]]></item>
										</item>
									</item>
								</item>
							</item>
						</item>
						<item id="column`frameB1D11N_center">
							<item id="attr">
								<item id="name"><![CDATA[frameB1D11N_center]]></item>
								<item id="className"><![CDATA[column frame-1-1-1-c]]></item>
							</item>
							<item id="block`portal_block_656">
								<item id="attr">
									<item id="name"><![CDATA[portal_block_656]]></item>
									<item id="className"><![CDATA[cl_block_bm block move-span]]></item>
									<item id="titles">
										<item id="className">
											<item id="0"><![CDATA[blocktitle title]]></item>
										</item>
										<item id="style">
											<item id="background-image"><![CDATA[none]]></item>
											<item id="background-repeat"><![CDATA[repeat]]></item>
											<item id="background-color"><![CDATA[rgb(204, 204, 204)]]></item>
										</item>
										<item id="first">
											<item id="text"><![CDATA[导航2图标]]></item>
											<item id="href"><![CDATA[]]></item>
											<item id="color"><![CDATA[]]></item>
											<item id="float"><![CDATA[]]></item>
											<item id="margin"><![CDATA[]]></item>
											<item id="font-size"><![CDATA[]]></item>
											<item id="className"><![CDATA[titletext]]></item>
											<item id="src"><![CDATA[]]></item>
										</item>
									</item>
								</item>
							</item>
							<item id="block`portal_block_657">
								<item id="attr">
									<item id="name"><![CDATA[portal_block_657]]></item>
									<item id="className"><![CDATA[cl_block_bm block move-span]]></item>
									<item id="titles">
										<item id="className">
											<item id="0"><![CDATA[blocktitle title]]></item>
										</item>
										<item id="style">
											<item id="background-image"><![CDATA[none]]></item>
											<item id="background-repeat"><![CDATA[repeat]]></item>
											<item id="background-color"><![CDATA[rgb(204, 204, 204)]]></item>
										</item>
										<item id="first">
											<item id="text"><![CDATA[导航2弹出]]></item>
											<item id="href"><![CDATA[]]></item>
											<item id="color"><![CDATA[]]></item>
											<item id="float"><![CDATA[]]></item>
											<item id="margin"><![CDATA[]]></item>
											<item id="font-size"><![CDATA[]]></item>
											<item id="className"><![CDATA[titletext]]></item>
											<item id="src"><![CDATA[]]></item>
										</item>
									</item>
								</item>
							</item>
						</item>
						<item id="column`frameB1D11N_right">
							<item id="attr">
								<item id="name"><![CDATA[frameB1D11N_right]]></item>
								<item id="className"><![CDATA[column frame-1-1-1-r]]></item>
							</item>
							<item id="block`portal_block_658">
								<item id="attr">
									<item id="name"><![CDATA[portal_block_658]]></item>
									<item id="className"><![CDATA[cl_block_bm block move-span]]></item>
									<item id="titles">
										<item id="className">
											<item id="0"><![CDATA[blocktitle title]]></item>
										</item>
										<item id="style">
											<item id="background-image"><![CDATA[none]]></item>
											<item id="background-repeat"><![CDATA[repeat]]></item>
											<item id="background-color"><![CDATA[rgb(204, 204, 204)]]></item>
										</item>
										<item id="first">
											<item id="text"><![CDATA[导航3图标]]></item>
											<item id="href"><![CDATA[]]></item>
											<item id="color"><![CDATA[]]></item>
											<item id="float"><![CDATA[]]></item>
											<item id="margin"><![CDATA[]]></item>
											<item id="font-size"><![CDATA[]]></item>
											<item id="className"><![CDATA[titletext]]></item>
											<item id="src"><![CDATA[]]></item>
										</item>
									</item>
								</item>
							</item>
							<item id="block`portal_block_659">
								<item id="attr">
									<item id="name"><![CDATA[portal_block_659]]></item>
									<item id="className"><![CDATA[cl_block_bm block move-span]]></item>
									<item id="titles">
										<item id="className">
											<item id="0"><![CDATA[blocktitle title]]></item>
										</item>
										<item id="style">
											<item id="background-image"><![CDATA[none]]></item>
											<item id="background-repeat"><![CDATA[repeat]]></item>
											<item id="background-color"><![CDATA[rgb(204, 204, 204)]]></item>
										</item>
										<item id="first">
											<item id="text"><![CDATA[导航3弹出]]></item>
											<item id="href"><![CDATA[]]></item>
											<item id="color"><![CDATA[]]></item>
											<item id="float"><![CDATA[]]></item>
											<item id="margin"><![CDATA[]]></item>
											<item id="font-size"><![CDATA[]]></item>
											<item id="className"><![CDATA[titletext]]></item>
											<item id="src"><![CDATA[]]></item>
										</item>
									</item>
								</item>
							</item>
						</item>
					</item>
				</item>
				<item id="column`framefDaaAv_center">
					<item id="attr">
						<item id="name"><![CDATA[framefDaaAv_center]]></item>
						<item id="className"><![CDATA[column frame-1-1-r]]></item>
					</item>
					<item id="frame`frameA7gI1F">
						<item id="attr">
							<item id="name"><![CDATA[frameA7gI1F]]></item>
							<item id="moveable"><![CDATA[true]]></item>
							<item id="className"><![CDATA[cl_frame_bm frame move-span cl frame-1-1-1]]></item>
							<item id="titles"><![CDATA[]]></item>
						</item>
						<item id="column`frameA7gI1F_left">
							<item id="attr">
								<item id="name"><![CDATA[frameA7gI1F_left]]></item>
								<item id="className"><![CDATA[column frame-1-1-1-l]]></item>
							</item>
							<item id="block`portal_block_660">
								<item id="attr">
									<item id="name"><![CDATA[portal_block_660]]></item>
									<item id="className"><![CDATA[cl_block_bm block move-span]]></item>
									<item id="titles">
										<item id="className">
											<item id="0"><![CDATA[blocktitle title]]></item>
										</item>
										<item id="style">
											<item id="background-image"><![CDATA[none]]></item>
											<item id="background-repeat"><![CDATA[repeat]]></item>
											<item id="background-color"><![CDATA[rgb(204, 204, 204)]]></item>
										</item>
										<item id="first">
											<item id="text"><![CDATA[导航4图标]]></item>
											<item id="href"><![CDATA[]]></item>
											<item id="color"><![CDATA[]]></item>
											<item id="float"><![CDATA[]]></item>
											<item id="margin"><![CDATA[]]></item>
											<item id="font-size"><![CDATA[]]></item>
											<item id="className"><![CDATA[titletext]]></item>
											<item id="src"><![CDATA[]]></item>
										</item>
									</item>
								</item>
							</item>
							<item id="block`portal_block_661">
								<item id="attr">
									<item id="name"><![CDATA[portal_block_661]]></item>
									<item id="className"><![CDATA[cl_block_bm block move-span]]></item>
									<item id="titles">
										<item id="className">
											<item id="0"><![CDATA[blocktitle title]]></item>
										</item>
										<item id="style">
											<item id="background-image"><![CDATA[none]]></item>
											<item id="background-repeat"><![CDATA[repeat]]></item>
											<item id="background-color"><![CDATA[rgb(204, 204, 204)]]></item>
										</item>
										<item id="first">
											<item id="text"><![CDATA[导航4弹出]]></item>
											<item id="href"><![CDATA[]]></item>
											<item id="color"><![CDATA[]]></item>
											<item id="float"><![CDATA[]]></item>
											<item id="margin"><![CDATA[]]></item>
											<item id="font-size"><![CDATA[]]></item>
											<item id="className"><![CDATA[titletext]]></item>
											<item id="src"><![CDATA[]]></item>
										</item>
									</item>
								</item>
							</item>
						</item>
						<item id="column`frameA7gI1F_center">
							<item id="attr">
								<item id="name"><![CDATA[frameA7gI1F_center]]></item>
								<item id="className"><![CDATA[column frame-1-1-1-c]]></item>
							</item>
							<item id="block`portal_block_662">
								<item id="attr">
									<item id="name"><![CDATA[portal_block_662]]></item>
									<item id="className"><![CDATA[cl_block_bm block move-span]]></item>
									<item id="titles">
										<item id="className">
											<item id="0"><![CDATA[blocktitle title]]></item>
										</item>
										<item id="style">
											<item id="background-image"><![CDATA[none]]></item>
											<item id="background-repeat"><![CDATA[repeat]]></item>
											<item id="background-color"><![CDATA[rgb(204, 204, 204)]]></item>
										</item>
										<item id="first">
											<item id="text"><![CDATA[导航5图标]]></item>
											<item id="href"><![CDATA[]]></item>
											<item id="color"><![CDATA[]]></item>
											<item id="float"><![CDATA[]]></item>
											<item id="margin"><![CDATA[]]></item>
											<item id="font-size"><![CDATA[]]></item>
											<item id="className"><![CDATA[titletext]]></item>
											<item id="src"><![CDATA[]]></item>
										</item>
									</item>
								</item>
							</item>
							<item id="block`portal_block_663">
								<item id="attr">
									<item id="name"><![CDATA[portal_block_663]]></item>
									<item id="className"><![CDATA[cl_block_bm block move-span]]></item>
									<item id="titles">
										<item id="className">
											<item id="0"><![CDATA[blocktitle title]]></item>
										</item>
										<item id="style">
											<item id="background-image"><![CDATA[none]]></item>
											<item id="background-repeat"><![CDATA[repeat]]></item>
											<item id="background-color"><![CDATA[rgb(204, 204, 204)]]></item>
										</item>
										<item id="first">
											<item id="text"><![CDATA[导航5弹出]]></item>
											<item id="href"><![CDATA[]]></item>
											<item id="color"><![CDATA[]]></item>
											<item id="float"><![CDATA[]]></item>
											<item id="margin"><![CDATA[]]></item>
											<item id="font-size"><![CDATA[]]></item>
											<item id="className"><![CDATA[titletext]]></item>
											<item id="src"><![CDATA[]]></item>
										</item>
									</item>
								</item>
							</item>
						</item>
						<item id="column`frameA7gI1F_right">
							<item id="attr">
								<item id="name"><![CDATA[frameA7gI1F_right]]></item>
								<item id="className"><![CDATA[column frame-1-1-1-r]]></item>
							</item>
							<item id="block`portal_block_664">
								<item id="attr">
									<item id="name"><![CDATA[portal_block_664]]></item>
									<item id="className"><![CDATA[cl_block_bm block move-span]]></item>
									<item id="titles">
										<item id="className">
											<item id="0"><![CDATA[blocktitle title]]></item>
										</item>
										<item id="style">
											<item id="background-image"><![CDATA[none]]></item>
											<item id="background-repeat"><![CDATA[repeat]]></item>
											<item id="background-color"><![CDATA[rgb(204, 204, 204)]]></item>
										</item>
										<item id="first">
											<item id="text"><![CDATA[导航6图标]]></item>
											<item id="href"><![CDATA[]]></item>
											<item id="color"><![CDATA[]]></item>
											<item id="float"><![CDATA[]]></item>
											<item id="margin"><![CDATA[]]></item>
											<item id="font-size"><![CDATA[]]></item>
											<item id="className"><![CDATA[titletext]]></item>
											<item id="src"><![CDATA[]]></item>
										</item>
									</item>
								</item>
							</item>
							<item id="block`portal_block_665">
								<item id="attr">
									<item id="name"><![CDATA[portal_block_665]]></item>
									<item id="className"><![CDATA[cl_block_bm block move-span]]></item>
									<item id="titles">
										<item id="className">
											<item id="0"><![CDATA[blocktitle title]]></item>
										</item>
										<item id="style">
											<item id="background-image"><![CDATA[none]]></item>
											<item id="background-repeat"><![CDATA[repeat]]></item>
											<item id="background-color"><![CDATA[rgb(204, 204, 204)]]></item>
										</item>
										<item id="first">
											<item id="text"><![CDATA[导航6弹出]]></item>
											<item id="href"><![CDATA[]]></item>
											<item id="color"><![CDATA[]]></item>
											<item id="float"><![CDATA[]]></item>
											<item id="margin"><![CDATA[]]></item>
											<item id="font-size"><![CDATA[]]></item>
											<item id="className"><![CDATA[titletext]]></item>
											<item id="src"><![CDATA[]]></item>
										</item>
									</item>
								</item>
							</item>
						</item>
					</item>
				</item>
			</item>
		</item>
	</item>
	<item id="blockdata">
		<item id="block">
			<item id="654">
				<item id="bid"><![CDATA[654]]></item>
				<item id="blockclass"><![CDATA[html_html]]></item>
				<item id="blocktype"><![CDATA[0]]></item>
				<item id="name"><![CDATA[简约通用电脑版侧边导航1图标]]></item>
				<item id="title"><![CDATA[<div class="blocktitle title" style="background-image: none; background-repeat: repeat; background-color: rgb(204, 204, 204);"><span class="titletext" style="float:;margin-left:px;font-size:;color: !important;">导航1图标</span></div>]]></item>
				<item id="classname"><![CDATA[cl_block_bm]]></item>
				<item id="summary"><![CDATA[<a href="#" target="_blank"><img src="template/bygsjw/image/side_zidingyi.png" alt="导航1图标" title="导航1图标" /></a>]]></item>
				<item id="uid"><![CDATA[1]]></item>
				<item id="username"><![CDATA[admin]]></item>
				<item id="styleid"><![CDATA[0]]></item>
				<item id="blockstyle"><![CDATA[]]></item>
				<item id="picwidth"><![CDATA[0]]></item>
				<item id="picheight"><![CDATA[0]]></item>
				<item id="target"><![CDATA[blank]]></item>
				<item id="dateformat"><![CDATA[Y-m-d]]></item>
				<item id="dateuformat"><![CDATA[0]]></item>
				<item id="script"><![CDATA[banner]]></item>
				<item id="param">
					<item id="pic"><![CDATA[template/bygsjw/image/side_zidingyi.png]]></item>
					<item id="url"><![CDATA[#]]></item>
					<item id="atarget"><![CDATA[_blank]]></item>
					<item id="width"><![CDATA[]]></item>
					<item id="height"><![CDATA[]]></item>
					<item id="text"><![CDATA[导航1图标]]></item>
					<item id="items"><![CDATA[10]]></item>
				</item>
				<item id="shownum"><![CDATA[10]]></item>
				<item id="cachetime"><![CDATA[0]]></item>
				<item id="cachetimerange"><![CDATA[0,0]]></item>
				<item id="punctualupdate"><![CDATA[0]]></item>
				<item id="hidedisplay"><![CDATA[0]]></item>
				<item id="dateline"><![CDATA[1556521796]]></item>
				<item id="notinherited"><![CDATA[0]]></item>
				<item id="isblank"><![CDATA[0]]></item>
			</item>
			<item id="655">
				<item id="bid"><![CDATA[655]]></item>
				<item id="blockclass"><![CDATA[html_html]]></item>
				<item id="blocktype"><![CDATA[0]]></item>
				<item id="name"><![CDATA[简约通用电脑版侧边导航1弹出]]></item>
				<item id="title"><![CDATA[<div class="blocktitle title" style="background-image: none; background-repeat: repeat; background-color: rgb(204, 204, 204);"><span class="titletext" style="float:;margin-left:px;font-size:;color: !important;">导航1弹出</span></div>]]></item>
				<item id="classname"><![CDATA[cl_block_bm]]></item>
				<item id="summary"><![CDATA[<img src="" alt="导航1弹出" title="导航1弹出" />]]></item>
				<item id="uid"><![CDATA[1]]></item>
				<item id="username"><![CDATA[admin]]></item>
				<item id="styleid"><![CDATA[0]]></item>
				<item id="blockstyle"><![CDATA[]]></item>
				<item id="picwidth"><![CDATA[0]]></item>
				<item id="picheight"><![CDATA[0]]></item>
				<item id="target"><![CDATA[blank]]></item>
				<item id="dateformat"><![CDATA[Y-m-d]]></item>
				<item id="dateuformat"><![CDATA[0]]></item>
				<item id="script"><![CDATA[banner]]></item>
				<item id="param">
					<item id="pic"><![CDATA[]]></item>
					<item id="url"><![CDATA[]]></item>
					<item id="atarget"><![CDATA[_blank]]></item>
					<item id="width"><![CDATA[]]></item>
					<item id="height"><![CDATA[]]></item>
					<item id="text"><![CDATA[导航1弹出]]></item>
					<item id="items"><![CDATA[10]]></item>
				</item>
				<item id="shownum"><![CDATA[10]]></item>
				<item id="cachetime"><![CDATA[0]]></item>
				<item id="cachetimerange"><![CDATA[0,0]]></item>
				<item id="punctualupdate"><![CDATA[0]]></item>
				<item id="hidedisplay"><![CDATA[0]]></item>
				<item id="dateline"><![CDATA[1556521796]]></item>
				<item id="notinherited"><![CDATA[0]]></item>
				<item id="isblank"><![CDATA[0]]></item>
			</item>
			<item id="656">
				<item id="bid"><![CDATA[656]]></item>
				<item id="blockclass"><![CDATA[html_html]]></item>
				<item id="blocktype"><![CDATA[0]]></item>
				<item id="name"><![CDATA[简约通用电脑版侧边导航2图标]]></item>
				<item id="title"><![CDATA[<div class="blocktitle title" style="background-image: none; background-repeat: repeat; background-color: rgb(204, 204, 204);"><span class="titletext" style="float:;margin-left:px;font-size:;color: !important;">导航2图标</span></div>]]></item>
				<item id="classname"><![CDATA[cl_block_bm]]></item>
				<item id="summary"><![CDATA[<a href="#" target="_blank"><img src="template/bygsjw/image/side_qiandao.png" alt="导航2图标" title="导航2图标" /></a>]]></item>
				<item id="uid"><![CDATA[1]]></item>
				<item id="username"><![CDATA[admin]]></item>
				<item id="styleid"><![CDATA[0]]></item>
				<item id="blockstyle"><![CDATA[]]></item>
				<item id="picwidth"><![CDATA[0]]></item>
				<item id="picheight"><![CDATA[0]]></item>
				<item id="target"><![CDATA[blank]]></item>
				<item id="dateformat"><![CDATA[Y-m-d]]></item>
				<item id="dateuformat"><![CDATA[0]]></item>
				<item id="script"><![CDATA[banner]]></item>
				<item id="param">
					<item id="pic"><![CDATA[template/bygsjw/image/side_qiandao.png]]></item>
					<item id="url"><![CDATA[#]]></item>
					<item id="atarget"><![CDATA[_blank]]></item>
					<item id="width"><![CDATA[]]></item>
					<item id="height"><![CDATA[]]></item>
					<item id="text"><![CDATA[导航2图标]]></item>
					<item id="items"><![CDATA[10]]></item>
				</item>
				<item id="shownum"><![CDATA[10]]></item>
				<item id="cachetime"><![CDATA[0]]></item>
				<item id="cachetimerange"><![CDATA[0,0]]></item>
				<item id="punctualupdate"><![CDATA[0]]></item>
				<item id="hidedisplay"><![CDATA[0]]></item>
				<item id="dateline"><![CDATA[1556521796]]></item>
				<item id="notinherited"><![CDATA[0]]></item>
				<item id="isblank"><![CDATA[0]]></item>
			</item>
			<item id="657">
				<item id="bid"><![CDATA[657]]></item>
				<item id="blockclass"><![CDATA[html_html]]></item>
				<item id="blocktype"><![CDATA[0]]></item>
				<item id="name"><![CDATA[简约通用电脑版侧边导航2弹出]]></item>
				<item id="title"><![CDATA[<div class="blocktitle title" style="background-image: none; background-repeat: repeat; background-color: rgb(204, 204, 204);"><span class="titletext" style="float:;margin-left:px;font-size:;color: !important;">导航2弹出</span></div>]]></item>
				<item id="classname"><![CDATA[cl_block_bm]]></item>
				<item id="summary"><![CDATA[<img src="" alt="导航2弹出" title="导航2弹出" />]]></item>
				<item id="uid"><![CDATA[1]]></item>
				<item id="username"><![CDATA[admin]]></item>
				<item id="styleid"><![CDATA[0]]></item>
				<item id="blockstyle"><![CDATA[]]></item>
				<item id="picwidth"><![CDATA[0]]></item>
				<item id="picheight"><![CDATA[0]]></item>
				<item id="target"><![CDATA[blank]]></item>
				<item id="dateformat"><![CDATA[Y-m-d]]></item>
				<item id="dateuformat"><![CDATA[0]]></item>
				<item id="script"><![CDATA[banner]]></item>
				<item id="param">
					<item id="pic"><![CDATA[]]></item>
					<item id="url"><![CDATA[]]></item>
					<item id="atarget"><![CDATA[_blank]]></item>
					<item id="width"><![CDATA[]]></item>
					<item id="height"><![CDATA[]]></item>
					<item id="text"><![CDATA[导航2弹出]]></item>
					<item id="items"><![CDATA[10]]></item>
				</item>
				<item id="shownum"><![CDATA[10]]></item>
				<item id="cachetime"><![CDATA[0]]></item>
				<item id="cachetimerange"><![CDATA[0,0]]></item>
				<item id="punctualupdate"><![CDATA[0]]></item>
				<item id="hidedisplay"><![CDATA[0]]></item>
				<item id="dateline"><![CDATA[1556521796]]></item>
				<item id="notinherited"><![CDATA[0]]></item>
				<item id="isblank"><![CDATA[0]]></item>
			</item>
			<item id="658">
				<item id="bid"><![CDATA[658]]></item>
				<item id="blockclass"><![CDATA[html_html]]></item>
				<item id="blocktype"><![CDATA[0]]></item>
				<item id="name"><![CDATA[简约通用电脑版侧边导航3图标]]></item>
				<item id="title"><![CDATA[<div class="blocktitle title" style="background-image: none; background-repeat: repeat; background-color: rgb(204, 204, 204);"><span class="titletext" style="float:;margin-left:px;font-size:;color: !important;">导航3图标</span></div>]]></item>
				<item id="classname"><![CDATA[cl_block_bm]]></item>
				<item id="summary"><![CDATA[<a href="#" target="_blank"><img src="template/bygsjw/image/side_lianxi.png" alt="导航3图标" title="导航3图标" /></a>]]></item>
				<item id="uid"><![CDATA[1]]></item>
				<item id="username"><![CDATA[admin]]></item>
				<item id="styleid"><![CDATA[0]]></item>
				<item id="blockstyle"><![CDATA[]]></item>
				<item id="picwidth"><![CDATA[0]]></item>
				<item id="picheight"><![CDATA[0]]></item>
				<item id="target"><![CDATA[blank]]></item>
				<item id="dateformat"><![CDATA[Y-m-d]]></item>
				<item id="dateuformat"><![CDATA[0]]></item>
				<item id="script"><![CDATA[banner]]></item>
				<item id="param">
					<item id="pic"><![CDATA[template/bygsjw/image/side_lianxi.png]]></item>
					<item id="url"><![CDATA[#]]></item>
					<item id="atarget"><![CDATA[_blank]]></item>
					<item id="width"><![CDATA[]]></item>
					<item id="height"><![CDATA[]]></item>
					<item id="text"><![CDATA[导航3图标]]></item>
					<item id="items"><![CDATA[10]]></item>
				</item>
				<item id="shownum"><![CDATA[10]]></item>
				<item id="cachetime"><![CDATA[0]]></item>
				<item id="cachetimerange"><![CDATA[0,0]]></item>
				<item id="punctualupdate"><![CDATA[0]]></item>
				<item id="hidedisplay"><![CDATA[0]]></item>
				<item id="dateline"><![CDATA[1556521796]]></item>
				<item id="notinherited"><![CDATA[0]]></item>
				<item id="isblank"><![CDATA[0]]></item>
			</item>
			<item id="659">
				<item id="bid"><![CDATA[659]]></item>
				<item id="blockclass"><![CDATA[html_html]]></item>
				<item id="blocktype"><![CDATA[0]]></item>
				<item id="name"><![CDATA[简约通用电脑版侧边导航3弹出]]></item>
				<item id="title"><![CDATA[<div class="blocktitle title" style="background-image: none; background-repeat: repeat; background-color: rgb(204, 204, 204);"><span class="titletext" style="float:;margin-left:px;font-size:;color: !important;">导航3弹出</span></div>]]></item>
				<item id="classname"><![CDATA[cl_block_bm]]></item>
				<item id="summary"><![CDATA[<img src="" alt="导航3弹出" title="导航3弹出" />]]></item>
				<item id="uid"><![CDATA[1]]></item>
				<item id="username"><![CDATA[admin]]></item>
				<item id="styleid"><![CDATA[0]]></item>
				<item id="blockstyle"><![CDATA[]]></item>
				<item id="picwidth"><![CDATA[0]]></item>
				<item id="picheight"><![CDATA[0]]></item>
				<item id="target"><![CDATA[blank]]></item>
				<item id="dateformat"><![CDATA[Y-m-d]]></item>
				<item id="dateuformat"><![CDATA[0]]></item>
				<item id="script"><![CDATA[banner]]></item>
				<item id="param">
					<item id="pic"><![CDATA[]]></item>
					<item id="url"><![CDATA[]]></item>
					<item id="atarget"><![CDATA[_blank]]></item>
					<item id="width"><![CDATA[]]></item>
					<item id="height"><![CDATA[]]></item>
					<item id="text"><![CDATA[导航3弹出]]></item>
					<item id="items"><![CDATA[10]]></item>
				</item>
				<item id="shownum"><![CDATA[10]]></item>
				<item id="cachetime"><![CDATA[0]]></item>
				<item id="cachetimerange"><![CDATA[0,0]]></item>
				<item id="punctualupdate"><![CDATA[0]]></item>
				<item id="hidedisplay"><![CDATA[0]]></item>
				<item id="dateline"><![CDATA[1556521796]]></item>
				<item id="notinherited"><![CDATA[0]]></item>
				<item id="isblank"><![CDATA[0]]></item>
			</item>
			<item id="660">
				<item id="bid"><![CDATA[660]]></item>
				<item id="blockclass"><![CDATA[html_html]]></item>
				<item id="blocktype"><![CDATA[0]]></item>
				<item id="name"><![CDATA[简约通用电脑版侧边导航4图标]]></item>
				<item id="title"><![CDATA[<div class="blocktitle title" style="background-image: none; background-repeat: repeat; background-color: rgb(204, 204, 204);"><span class="titletext" style="float:;margin-left:px;font-size:;color: !important;">导航4图标</span></div>]]></item>
				<item id="classname"><![CDATA[cl_block_bm]]></item>
				<item id="summary"><![CDATA[<a href="#" target="_blank"><img src="template/bygsjw/image/side_qq.png" alt="导航4图标" title="导航4图标" /></a>]]></item>
				<item id="uid"><![CDATA[1]]></item>
				<item id="username"><![CDATA[admin]]></item>
				<item id="styleid"><![CDATA[0]]></item>
				<item id="blockstyle"><![CDATA[]]></item>
				<item id="picwidth"><![CDATA[0]]></item>
				<item id="picheight"><![CDATA[0]]></item>
				<item id="target"><![CDATA[blank]]></item>
				<item id="dateformat"><![CDATA[Y-m-d]]></item>
				<item id="dateuformat"><![CDATA[0]]></item>
				<item id="script"><![CDATA[banner]]></item>
				<item id="param">
					<item id="pic"><![CDATA[template/bygsjw/image/side_qq.png]]></item>
					<item id="url"><![CDATA[#]]></item>
					<item id="atarget"><![CDATA[_blank]]></item>
					<item id="width"><![CDATA[]]></item>
					<item id="height"><![CDATA[]]></item>
					<item id="text"><![CDATA[导航4图标]]></item>
					<item id="items"><![CDATA[10]]></item>
				</item>
				<item id="shownum"><![CDATA[10]]></item>
				<item id="cachetime"><![CDATA[0]]></item>
				<item id="cachetimerange"><![CDATA[0,0]]></item>
				<item id="punctualupdate"><![CDATA[0]]></item>
				<item id="hidedisplay"><![CDATA[0]]></item>
				<item id="dateline"><![CDATA[1556521796]]></item>
				<item id="notinherited"><![CDATA[0]]></item>
				<item id="isblank"><![CDATA[0]]></item>
			</item>
			<item id="661">
				<item id="bid"><![CDATA[661]]></item>
				<item id="blockclass"><![CDATA[html_html]]></item>
				<item id="blocktype"><![CDATA[0]]></item>
				<item id="name"><![CDATA[简约通用电脑版侧边导航4弹出]]></item>
				<item id="title"><![CDATA[<div class="blocktitle title" style="background-image: none; background-repeat: repeat; background-color: rgb(204, 204, 204);"><span class="titletext" style="float:;margin-left:px;font-size:;color: !important;">导航4弹出</span></div>]]></item>
				<item id="classname"><![CDATA[cl_block_bm]]></item>
				<item id="summary"><![CDATA[<img src="template/bygsjw/image/side_qrcode.jpg" alt="导航4弹出" title="导航4弹出" />]]></item>
				<item id="uid"><![CDATA[1]]></item>
				<item id="username"><![CDATA[admin]]></item>
				<item id="styleid"><![CDATA[0]]></item>
				<item id="blockstyle"><![CDATA[]]></item>
				<item id="picwidth"><![CDATA[0]]></item>
				<item id="picheight"><![CDATA[0]]></item>
				<item id="target"><![CDATA[blank]]></item>
				<item id="dateformat"><![CDATA[Y-m-d]]></item>
				<item id="dateuformat"><![CDATA[0]]></item>
				<item id="script"><![CDATA[banner]]></item>
				<item id="param">
					<item id="pic"><![CDATA[template/bygsjw/image/side_qrcode.jpg]]></item>
					<item id="url"><![CDATA[]]></item>
					<item id="atarget"><![CDATA[_blank]]></item>
					<item id="width"><![CDATA[]]></item>
					<item id="height"><![CDATA[]]></item>
					<item id="text"><![CDATA[导航4弹出]]></item>
					<item id="items"><![CDATA[10]]></item>
				</item>
				<item id="shownum"><![CDATA[10]]></item>
				<item id="cachetime"><![CDATA[0]]></item>
				<item id="cachetimerange"><![CDATA[0,0]]></item>
				<item id="punctualupdate"><![CDATA[0]]></item>
				<item id="hidedisplay"><![CDATA[0]]></item>
				<item id="dateline"><![CDATA[1556521795]]></item>
				<item id="notinherited"><![CDATA[0]]></item>
				<item id="isblank"><![CDATA[0]]></item>
			</item>
			<item id="662">
				<item id="bid"><![CDATA[662]]></item>
				<item id="blockclass"><![CDATA[html_html]]></item>
				<item id="blocktype"><![CDATA[0]]></item>
				<item id="name"><![CDATA[简约通用电脑版侧边导航5图标]]></item>
				<item id="title"><![CDATA[<div class="blocktitle title" style="background-image: none; background-repeat: repeat; background-color: rgb(204, 204, 204);"><span class="titletext" style="float:;margin-left:px;font-size:;color: !important;">导航5图标</span></div>]]></item>
				<item id="classname"><![CDATA[cl_block_bm]]></item>
				<item id="summary"><![CDATA[<a href="#" target="_blank"><img src="template/bygsjw/image/side_weixin.png" alt="导航5图标" title="导航5图标" /></a>]]></item>
				<item id="uid"><![CDATA[1]]></item>
				<item id="username"><![CDATA[admin]]></item>
				<item id="styleid"><![CDATA[0]]></item>
				<item id="blockstyle"><![CDATA[]]></item>
				<item id="picwidth"><![CDATA[0]]></item>
				<item id="picheight"><![CDATA[0]]></item>
				<item id="target"><![CDATA[blank]]></item>
				<item id="dateformat"><![CDATA[Y-m-d]]></item>
				<item id="dateuformat"><![CDATA[0]]></item>
				<item id="script"><![CDATA[banner]]></item>
				<item id="param">
					<item id="pic"><![CDATA[template/bygsjw/image/side_weixin.png]]></item>
					<item id="url"><![CDATA[#]]></item>
					<item id="atarget"><![CDATA[_blank]]></item>
					<item id="width"><![CDATA[]]></item>
					<item id="height"><![CDATA[]]></item>
					<item id="text"><![CDATA[导航5图标]]></item>
					<item id="items"><![CDATA[10]]></item>
				</item>
				<item id="shownum"><![CDATA[10]]></item>
				<item id="cachetime"><![CDATA[0]]></item>
				<item id="cachetimerange"><![CDATA[0,0]]></item>
				<item id="punctualupdate"><![CDATA[0]]></item>
				<item id="hidedisplay"><![CDATA[0]]></item>
				<item id="dateline"><![CDATA[1556521795]]></item>
				<item id="notinherited"><![CDATA[0]]></item>
				<item id="isblank"><![CDATA[0]]></item>
			</item>
			<item id="663">
				<item id="bid"><![CDATA[663]]></item>
				<item id="blockclass"><![CDATA[html_html]]></item>
				<item id="blocktype"><![CDATA[0]]></item>
				<item id="name"><![CDATA[简约通用电脑版侧边导航5弹出]]></item>
				<item id="title"><![CDATA[<div class="blocktitle title" style="background-image: none; background-repeat: repeat; background-color: rgb(204, 204, 204);"><span class="titletext" style="float:;margin-left:px;font-size:;color: !important;">导航5弹出</span></div>]]></item>
				<item id="classname"><![CDATA[cl_block_bm]]></item>
				<item id="summary"><![CDATA[<img src="template/bygsjw/image/side_qrcode.jpg" alt="导航5弹出" title="导航5弹出" />]]></item>
				<item id="uid"><![CDATA[1]]></item>
				<item id="username"><![CDATA[admin]]></item>
				<item id="styleid"><![CDATA[0]]></item>
				<item id="blockstyle"><![CDATA[]]></item>
				<item id="picwidth"><![CDATA[0]]></item>
				<item id="picheight"><![CDATA[0]]></item>
				<item id="target"><![CDATA[blank]]></item>
				<item id="dateformat"><![CDATA[Y-m-d]]></item>
				<item id="dateuformat"><![CDATA[0]]></item>
				<item id="script"><![CDATA[banner]]></item>
				<item id="param">
					<item id="pic"><![CDATA[template/bygsjw/image/side_qrcode.jpg]]></item>
					<item id="url"><![CDATA[]]></item>
					<item id="atarget"><![CDATA[_blank]]></item>
					<item id="width"><![CDATA[]]></item>
					<item id="height"><![CDATA[]]></item>
					<item id="text"><![CDATA[导航5弹出]]></item>
					<item id="items"><![CDATA[10]]></item>
				</item>
				<item id="shownum"><![CDATA[10]]></item>
				<item id="cachetime"><![CDATA[0]]></item>
				<item id="cachetimerange"><![CDATA[0,0]]></item>
				<item id="punctualupdate"><![CDATA[0]]></item>
				<item id="hidedisplay"><![CDATA[0]]></item>
				<item id="dateline"><![CDATA[1556521795]]></item>
				<item id="notinherited"><![CDATA[0]]></item>
				<item id="isblank"><![CDATA[0]]></item>
			</item>
			<item id="664">
				<item id="bid"><![CDATA[664]]></item>
				<item id="blockclass"><![CDATA[html_html]]></item>
				<item id="blocktype"><![CDATA[0]]></item>
				<item id="name"><![CDATA[简约通用电脑版侧边导航6图标]]></item>
				<item id="title"><![CDATA[<div class="blocktitle title" style="background-image: none; background-repeat: repeat; background-color: rgb(204, 204, 204);"><span class="titletext" style="float:;margin-left:px;font-size:;color: !important;">导航6图标</span></div>]]></item>
				<item id="classname"><![CDATA[cl_block_bm]]></item>
				<item id="summary"><![CDATA[<a href="#" target="_blank"><img src="template/bygsjw/image/side_weibo.png" alt="导航6图标" title="导航6图标" /></a>]]></item>
				<item id="uid"><![CDATA[1]]></item>
				<item id="username"><![CDATA[admin]]></item>
				<item id="styleid"><![CDATA[0]]></item>
				<item id="blockstyle"><![CDATA[]]></item>
				<item id="picwidth"><![CDATA[0]]></item>
				<item id="picheight"><![CDATA[0]]></item>
				<item id="target"><![CDATA[blank]]></item>
				<item id="dateformat"><![CDATA[Y-m-d]]></item>
				<item id="dateuformat"><![CDATA[0]]></item>
				<item id="script"><![CDATA[banner]]></item>
				<item id="param">
					<item id="pic"><![CDATA[template/bygsjw/image/side_weibo.png]]></item>
					<item id="url"><![CDATA[#]]></item>
					<item id="atarget"><![CDATA[_blank]]></item>
					<item id="width"><![CDATA[]]></item>
					<item id="height"><![CDATA[]]></item>
					<item id="text"><![CDATA[导航6图标]]></item>
					<item id="items"><![CDATA[10]]></item>
				</item>
				<item id="shownum"><![CDATA[10]]></item>
				<item id="cachetime"><![CDATA[0]]></item>
				<item id="cachetimerange"><![CDATA[0,0]]></item>
				<item id="punctualupdate"><![CDATA[0]]></item>
				<item id="hidedisplay"><![CDATA[0]]></item>
				<item id="dateline"><![CDATA[1556521795]]></item>
				<item id="notinherited"><![CDATA[0]]></item>
				<item id="isblank"><![CDATA[0]]></item>
			</item>
			<item id="665">
				<item id="bid"><![CDATA[665]]></item>
				<item id="blockclass"><![CDATA[html_html]]></item>
				<item id="blocktype"><![CDATA[0]]></item>
				<item id="name"><![CDATA[简约通用电脑版侧边导航6弹出]]></item>
				<item id="title"><![CDATA[<div class="blocktitle title" style="background-image: none; background-repeat: repeat; background-color: rgb(204, 204, 204);"><span class="titletext" style="float:;margin-left:px;font-size:;color: !important;">导航6弹出</span></div>]]></item>
				<item id="classname"><![CDATA[cl_block_bm]]></item>
				<item id="summary"><![CDATA[<img src="template/bygsjw/image/side_qrcode.jpg" alt="导航6弹出" title="导航6弹出" />]]></item>
				<item id="uid"><![CDATA[1]]></item>
				<item id="username"><![CDATA[admin]]></item>
				<item id="styleid"><![CDATA[0]]></item>
				<item id="blockstyle"><![CDATA[]]></item>
				<item id="picwidth"><![CDATA[0]]></item>
				<item id="picheight"><![CDATA[0]]></item>
				<item id="target"><![CDATA[blank]]></item>
				<item id="dateformat"><![CDATA[Y-m-d]]></item>
				<item id="dateuformat"><![CDATA[0]]></item>
				<item id="script"><![CDATA[banner]]></item>
				<item id="param">
					<item id="pic"><![CDATA[template/bygsjw/image/side_qrcode.jpg]]></item>
					<item id="url"><![CDATA[]]></item>
					<item id="atarget"><![CDATA[_blank]]></item>
					<item id="width"><![CDATA[]]></item>
					<item id="height"><![CDATA[]]></item>
					<item id="text"><![CDATA[导航6弹出]]></item>
					<item id="items"><![CDATA[10]]></item>
				</item>
				<item id="shownum"><![CDATA[10]]></item>
				<item id="cachetime"><![CDATA[0]]></item>
				<item id="cachetimerange"><![CDATA[0,0]]></item>
				<item id="punctualupdate"><![CDATA[0]]></item>
				<item id="hidedisplay"><![CDATA[0]]></item>
				<item id="dateline"><![CDATA[1556521795]]></item>
				<item id="notinherited"><![CDATA[0]]></item>
				<item id="isblank"><![CDATA[0]]></item>
			</item>
		</item>
		<item id="style">
		</item>
	</item>
</root>