<?xml version="1.0" encoding="ISO-8859-1"?>
<root>
	<item id="spacecss"><![CDATA[#frameq69ETE { margin:0px !important;border:#000000 0px !important;}#portal_block_393 { margin:0px !important;border:#000000 0px !important;}#portal_block_393 .dxb_bc { margin:0px !important;}#framee8FYyt { border:#000000 0px !important;}#frameKhZa0a { margin:0px !important;border:#000000 0px !important;}#frametku9qM { margin:0px !important;border:#000000 0px !important;}#portal_block_394 { margin:0px !important;border:#000000 0px !important;}#portal_block_394 .dxb_bc { margin:0px !important;}#frameGxDxaX { border:0px !important;}#portal_block_396 { border:#000000 0px !important;margin-top:10px !important;margin-right:15px !important;margin-bottom:10px !important;margin-left:15px !important;}#portal_block_396 .dxb_bc { margin:0px !important;}#frameqspisq { margin:0px !important;border:#000000 0px !important;}#portal_block_400 { margin:10px !important;}#portal_block_400 .dxb_bc { margin:0px !important;}#portal_block_401 .dxb_bc { margin:0px !important;}#portal_block_402 { border:#000000 0px !important;}#portal_block_402 .dxb_bc { margin:0px !important;}#portal_block_401 { margin:0px !important;border:0px !important;}#frameMAcpbT { margin-top:10px !important;margin-bottom:10px !important;border:0px !important;}#framenhb38B { border:0px !important;margin:0px !important;}#portal_block_412 { border:0px !important;margin:0px !important;}#portal_block_412 .dxb_bc { margin:0px !important;}]]></item>
	<item id="layoutdata">
		<item id="diy_vk_ad_top"><![CDATA[]]></item>
		<item id="diy_vk_portal_slide_top">
			<item id="frame`frameq69ETE">
				<item id="attr">
					<item id="name"><![CDATA[frameq69ETE]]></item>
					<item id="moveable"><![CDATA[true]]></item>
					<item id="className"><![CDATA[ frame move-span cl frame-1]]></item>
					<item id="titles"><![CDATA[]]></item>
				</item>
				<item id="column`frameq69ETE_left">
					<item id="attr">
						<item id="name"><![CDATA[frameq69ETE_left]]></item>
						<item id="className"><![CDATA[column frame-1-c]]></item>
					</item>
					<item id="block`portal_block_393">
						<item id="attr">
							<item id="name"><![CDATA[portal_block_393]]></item>
							<item id="className"><![CDATA[block move-span]]></item>
							<item id="titles"><![CDATA[]]></item>
						</item>
					</item>
				</item>
			</item>
		</item>
		<item id="diy_vk_ad_1">
			<item id="frame`frameMAcpbT">
				<item id="attr">
					<item id="name"><![CDATA[frameMAcpbT]]></item>
					<item id="moveable"><![CDATA[true]]></item>
					<item id="className"><![CDATA[ frame move-span cl frame-1]]></item>
					<item id="titles"><![CDATA[]]></item>
				</item>
				<item id="column`frameMAcpbT_left">
					<item id="attr">
						<item id="name"><![CDATA[frameMAcpbT_left]]></item>
						<item id="className"><![CDATA[column frame-1-c]]></item>
					</item>
					<item id="block`portal_block_401">
						<item id="attr">
							<item id="name"><![CDATA[portal_block_401]]></item>
							<item id="className"><![CDATA[block move-span]]></item>
							<item id="titles"><![CDATA[]]></item>
						</item>
					</item>
				</item>
			</item>
		</item>
		<item id="diy_vk_tab">
			<item id="tab`tab73lXlx">
				<item id="attr">
					<item id="name"><![CDATA[tab73lXlx]]></item>
					<item id="moveable"><![CDATA[true]]></item>
					<item id="className"><![CDATA[frame-tab move-span cl]]></item>
					<item id="titles">
						<item id="className">
							<item id="0"><![CDATA[tab-title title column cl]]></item>
						</item>
						<item id="style"><![CDATA[]]></item>
						<item id="switchType">
							<item id="0"><![CDATA[click]]></item>
						</item>
					</item>
				</item>
				<item id="column`tab73lXlx_title">
					<item id="attr">
						<item id="name"><![CDATA[tab73lXlx_title]]></item>
						<item id="className"><![CDATA[tab-title title column cl]]></item>
					</item>
					<item id="block`portal_block_394">
						<item id="attr">
							<item id="name"><![CDATA[portal_block_394]]></item>
							<item id="className"><![CDATA[block move-span]]></item>
							<item id="titles">
								<item id="className">
									<item id="0"><![CDATA[blocktitle title]]></item>
								</item>
								<item id="style"><![CDATA[]]></item>
								<item id="first">
									<item id="text"><![CDATA[最新资讯]]></item>
									<item id="href"><![CDATA[]]></item>
									<item id="color"><![CDATA[]]></item>
									<item id="float"><![CDATA[]]></item>
									<item id="margin"><![CDATA[]]></item>
									<item id="font-size"><![CDATA[]]></item>
									<item id="className"><![CDATA[titletext]]></item>
									<item id="src"><![CDATA[]]></item>
								</item>
							</item>
						</item>
					</item>
					<item id="block`portal_block_556">
						<item id="attr">
							<item id="name"><![CDATA[portal_block_556]]></item>
							<item id="className"><![CDATA[block move-span]]></item>
							<item id="titles">
								<item id="className">
									<item id="0"><![CDATA[blocktitle title]]></item>
								</item>
								<item id="style"><![CDATA[]]></item>
								<item id="first">
									<item id="text"><![CDATA[热门资讯]]></item>
									<item id="href"><![CDATA[]]></item>
									<item id="color"><![CDATA[]]></item>
									<item id="float"><![CDATA[]]></item>
									<item id="margin"><![CDATA[]]></item>
									<item id="font-size"><![CDATA[]]></item>
									<item id="className"><![CDATA[titletext]]></item>
									<item id="src"><![CDATA[]]></item>
								</item>
							</item>
						</item>
					</item>
					<item id="block`portal_block_557">
						<item id="attr">
							<item id="name"><![CDATA[portal_block_557]]></item>
							<item id="className"><![CDATA[block move-span]]></item>
							<item id="titles">
								<item id="className">
									<item id="0"><![CDATA[blocktitle title]]></item>
								</item>
								<item id="style"><![CDATA[]]></item>
								<item id="first">
									<item id="text"><![CDATA[评测]]></item>
									<item id="href"><![CDATA[]]></item>
									<item id="color"><![CDATA[]]></item>
									<item id="float"><![CDATA[]]></item>
									<item id="margin"><![CDATA[]]></item>
									<item id="font-size"><![CDATA[]]></item>
									<item id="className"><![CDATA[titletext]]></item>
									<item id="src"><![CDATA[]]></item>
								</item>
							</item>
						</item>
					</item>
					<item id="block`portal_block_558">
						<item id="attr">
							<item id="name"><![CDATA[portal_block_558]]></item>
							<item id="className"><![CDATA[block move-span]]></item>
							<item id="titles">
								<item id="className">
									<item id="0"><![CDATA[blocktitle title]]></item>
								</item>
								<item id="style"><![CDATA[]]></item>
								<item id="first">
									<item id="text"><![CDATA[人工智能]]></item>
									<item id="href"><![CDATA[]]></item>
									<item id="color"><![CDATA[]]></item>
									<item id="float"><![CDATA[]]></item>
									<item id="margin"><![CDATA[]]></item>
									<item id="font-size"><![CDATA[]]></item>
									<item id="className"><![CDATA[titletext]]></item>
									<item id="src"><![CDATA[]]></item>
								</item>
							</item>
						</item>
					</item>
					<item id="block`portal_block_559">
						<item id="attr">
							<item id="name"><![CDATA[portal_block_559]]></item>
							<item id="className"><![CDATA[block move-span]]></item>
							<item id="titles">
								<item id="className">
									<item id="0"><![CDATA[blocktitle title]]></item>
								</item>
								<item id="style"><![CDATA[]]></item>
								<item id="first">
									<item id="text"><![CDATA[手机数码]]></item>
									<item id="href"><![CDATA[]]></item>
									<item id="color"><![CDATA[]]></item>
									<item id="float"><![CDATA[]]></item>
									<item id="margin"><![CDATA[]]></item>
									<item id="font-size"><![CDATA[]]></item>
									<item id="className"><![CDATA[titletext]]></item>
									<item id="src"><![CDATA[]]></item>
								</item>
							</item>
						</item>
					</item>
					<item id="block`portal_block_560">
						<item id="attr">
							<item id="name"><![CDATA[portal_block_560]]></item>
							<item id="className"><![CDATA[block move-span]]></item>
							<item id="titles">
								<item id="className">
									<item id="0"><![CDATA[blocktitle title]]></item>
								</item>
								<item id="style"><![CDATA[]]></item>
								<item id="first">
									<item id="text"><![CDATA[区块链]]></item>
									<item id="href"><![CDATA[]]></item>
									<item id="color"><![CDATA[]]></item>
									<item id="float"><![CDATA[]]></item>
									<item id="margin"><![CDATA[]]></item>
									<item id="font-size"><![CDATA[]]></item>
									<item id="className"><![CDATA[titletext]]></item>
									<item id="src"><![CDATA[]]></item>
								</item>
							</item>
						</item>
					</item>
				</item>
			</item>
		</item>
		<item id="diy_vk_guide_1_r">
			<item id="frame`frameKhZa0a">
				<item id="attr">
					<item id="name"><![CDATA[frameKhZa0a]]></item>
					<item id="moveable"><![CDATA[true]]></item>
					<item id="className"><![CDATA[ frame move-span cl frame-1]]></item>
					<item id="titles"><![CDATA[]]></item>
				</item>
				<item id="column`frameKhZa0a_left">
					<item id="attr">
						<item id="name"><![CDATA[frameKhZa0a_left]]></item>
						<item id="className"><![CDATA[column frame-1-c]]></item>
					</item>
					<item id="block`portal_block_396">
						<item id="attr">
							<item id="name"><![CDATA[portal_block_396]]></item>
							<item id="className"><![CDATA[block move-span]]></item>
							<item id="titles"><![CDATA[]]></item>
						</item>
					</item>
				</item>
			</item>
		</item>
		<item id="diy_vk_guide_1_r_ad"><![CDATA[]]></item>
		<item id="diy_vk_guide_1_r_2">
			<item id="frame`frameGxDxaX">
				<item id="attr">
					<item id="name"><![CDATA[frameGxDxaX]]></item>
					<item id="moveable"><![CDATA[true]]></item>
					<item id="className"><![CDATA[ frame move-span cl frame-1]]></item>
					<item id="titles"><![CDATA[]]></item>
				</item>
				<item id="column`frameGxDxaX_left">
					<item id="attr">
						<item id="name"><![CDATA[frameGxDxaX_left]]></item>
						<item id="className"><![CDATA[column frame-1-c]]></item>
					</item>
					<item id="block`portal_block_413">
						<item id="attr">
							<item id="name"><![CDATA[portal_block_413]]></item>
							<item id="className"><![CDATA[block move-span]]></item>
							<item id="titles"><![CDATA[]]></item>
						</item>
					</item>
				</item>
			</item>
		</item>
		<item id="diy_vk_guide_2_1_0">
			<item id="frame`framenhb38B">
				<item id="attr">
					<item id="name"><![CDATA[framenhb38B]]></item>
					<item id="moveable"><![CDATA[true]]></item>
					<item id="className"><![CDATA[ frame move-span cl frame-1]]></item>
					<item id="titles"><![CDATA[]]></item>
				</item>
				<item id="column`framenhb38B_left">
					<item id="attr">
						<item id="name"><![CDATA[framenhb38B_left]]></item>
						<item id="className"><![CDATA[column frame-1-c]]></item>
					</item>
					<item id="block`portal_block_412">
						<item id="attr">
							<item id="name"><![CDATA[portal_block_412]]></item>
							<item id="className"><![CDATA[block move-span]]></item>
							<item id="titles"><![CDATA[]]></item>
						</item>
					</item>
				</item>
			</item>
		</item>
		<item id="diy_vk_guide_2_1_1">
			<item id="frame`frametku9qM">
				<item id="attr">
					<item id="name"><![CDATA[frametku9qM]]></item>
					<item id="moveable"><![CDATA[true]]></item>
					<item id="className"><![CDATA[ frame move-span cl frame-1]]></item>
					<item id="titles"><![CDATA[]]></item>
				</item>
				<item id="column`frametku9qM_left">
					<item id="attr">
						<item id="name"><![CDATA[frametku9qM_left]]></item>
						<item id="className"><![CDATA[column frame-1-c]]></item>
					</item>
					<item id="block`portal_block_402">
						<item id="attr">
							<item id="name"><![CDATA[portal_block_402]]></item>
							<item id="className"><![CDATA[block move-span]]></item>
							<item id="titles"><![CDATA[]]></item>
						</item>
					</item>
				</item>
			</item>
		</item>
		<item id="diy_vk_news_1_r">
			<item id="frame`frameqspisq">
				<item id="attr">
					<item id="name"><![CDATA[frameqspisq]]></item>
					<item id="moveable"><![CDATA[true]]></item>
					<item id="className"><![CDATA[ frame move-span cl frame-1]]></item>
					<item id="titles"><![CDATA[]]></item>
				</item>
				<item id="column`frameqspisq_left">
					<item id="attr">
						<item id="name"><![CDATA[frameqspisq_left]]></item>
						<item id="className"><![CDATA[column frame-1-c]]></item>
					</item>
					<item id="block`portal_block_400">
						<item id="attr">
							<item id="name"><![CDATA[portal_block_400]]></item>
							<item id="className"><![CDATA[block move-span]]></item>
							<item id="titles"><![CDATA[]]></item>
						</item>
					</item>
				</item>
			</item>
		</item>
		<item id="diy_vk_ad_5">
			<item id="frame`framee8FYyt">
				<item id="attr">
					<item id="name"><![CDATA[framee8FYyt]]></item>
					<item id="moveable"><![CDATA[true]]></item>
					<item id="className"><![CDATA[ frame move-span cl frame-1]]></item>
					<item id="titles"><![CDATA[]]></item>
				</item>
				<item id="column`framee8FYyt_left">
					<item id="attr">
						<item id="name"><![CDATA[framee8FYyt_left]]></item>
						<item id="className"><![CDATA[column frame-1-c]]></item>
					</item>
				</item>
			</item>
		</item>
		<item id="diy1"><![CDATA[]]></item>
	</item>
	<item id="blockdata">
		<item id="block">
			<item id="393">
				<item id="bid"><![CDATA[393]]></item>
				<item id="blockclass"><![CDATA[portal_article]]></item>
				<item id="blocktype"><![CDATA[0]]></item>
				<item id="name"><![CDATA[首页-上部-左侧-幻灯]]></item>
				<item id="title"><![CDATA[]]></item>
				<item id="classname"><![CDATA[]]></item>
				<item id="summary"><![CDATA[]]></item>
				<item id="uid"><![CDATA[1]]></item>
				<item id="username"><![CDATA[admin]]></item>
				<item id="styleid"><![CDATA[265]]></item>
				<item id="blockstyle">
					<item id="blockclass"><![CDATA[portal_article]]></item>
					<item id="name"><![CDATA[]]></item>
					<item id="template">
						<item id="raw"><![CDATA[<!--
[未来科技]文章-帖子图片幻灯-左右切换-875-350
-->
<style type="text/css">
	/* 因为 要引用 swiper.min.css 和 swiper.min.js 文件，为了避免修改路径麻烦，故js引用代码放在htm文件内，此处只写css 属性和框架 */
	#slide_index { height: 350px; overflow: hidden; margin-top: 0px; position: relative; }
	#slide_index .swiper-slide { position: relative; text-align: center; }
	#slide_index .swiper-slide a { width: 100%; height: 350px; display: block; cursor: pointer;  position: relative; float: left; overflow: hidden; outline: 0;}
	/*
	#slide_index img { max-width: 100%; display: block; }
	*/
	#slide_index h2 { text-align: left; text-indent: 10px; font-size: 16px; height: 40px; line-height: 40px; color: #fff; position: absolute; left:0; bottom: 0; right: 0; font-weight: normal; background-color: rgba(0,0,0,0); background: -moz-linear-gradient(top, rgba(0,0,0,0), rgba(0,0,0,0.7)); background: -webkit-gradient(linear, top, from(rgba(0,0,0,0)), to(rgba(0,0,0,0.7))); background: -webkit-linear-gradient(top, rgba(0,0,0,0), rgba(0,0,0,0.7)); background: -o-linear-gradient(top, rgba(0,0,0,0), rgba(0,0,0,0.7)); }

	#slide_index .swiper-pagination { position: absolute; z-index: 10; bottom: 5px; text-align: right !important; left: -5px /* right: 5px;*/ ; width: 100%; height: 20px; display: block; }
	#slide_index .swiper-pagination-bullet { display: inline-block; width: 8px; height: 8px; border-radius: 8px; background: #fff; margin: 0 3px; opacity: 0.8; cursor: pointer; }
	#slide_index .swiper-pagination-bullet-active { background: #0ad; }
	.swiper-button-next ,
	.swiper-button-prev {  }
</style>

<!-- Swiper -->
<div class="swiper-container_slide" id="slide_index">
	<div class="swiper-wrapper">
		[loop]
			<div class="swiper-slide"  style="width: {picwidth}px;  height:{picheight}">
				<a href="{url}" {target} title="{title}"><img src="{pic}" width="{picwidth}" height="{picheight}" /></a>
				<h2>{title}</h2>
			</div>
		[/loop]
	</div>
	<!-- Add Pagination -->
	<div class="swiper-pagination"></div>
	<!-- Add Arrows -->
	<div class="swiper-button-next"></div>
	<div class="swiper-button-prev"></div>
</div>
<!-- Initialize Swiper --> 
<script>
    var slideSwiper = new Swiper('#slide_index', {
        pagination: '.swiper-container_slide .swiper-pagination',
        nextButton: '.swiper-container_slide .swiper-button-next',
        prevButton: '.swiper-container_slide .swiper-button-prev',
        paginationClickable: true,
        spaceBetween: 30,
        centeredSlides: true,
        autoplay: 2500,
        autoplayDisableOnInteraction: false,
		preventClicks:false,

    });
</script>
]]></item>
						<item id="footer"><![CDATA[]]></item>
						<item id="header"><![CDATA[]]></item>
						<item id="indexplus">
						</item>
						<item id="index">
						</item>
						<item id="orderplus">
						</item>
						<item id="order">
						</item>
						<item id="loopplus">
						</item>
						<item id="loop"><![CDATA[<div class="swiper-slide"  style="width: {picwidth}px;  height:{picheight}">
				<a href="{url}" {target} title="{title}"><img src="{pic}" width="{picwidth}" height="{picheight}" /></a>
				<h2>{title}</h2>
			</div>]]></item>
					</item>
					<item id="hash"><![CDATA[0258e4b3]]></item>
					<item id="getpic"><![CDATA[1]]></item>
					<item id="getsummary"><![CDATA[0]]></item>
					<item id="makethumb"><![CDATA[1]]></item>
					<item id="settarget"><![CDATA[1]]></item>
					<item id="fields">
						<item id="0"><![CDATA[url]]></item>
						<item id="1"><![CDATA[title]]></item>
						<item id="2"><![CDATA[pic]]></item>
					</item>
					<item id="moreurl"><![CDATA[0]]></item>
				</item>
				<item id="picwidth"><![CDATA[875]]></item>
				<item id="picheight"><![CDATA[350]]></item>
				<item id="target"><![CDATA[blank]]></item>
				<item id="dateformat"><![CDATA[Y-m-d]]></item>
				<item id="dateuformat"><![CDATA[0]]></item>
				<item id="script"><![CDATA[articlenew]]></item>
				<item id="param">
					<item id="catid">
						<item id="0"><![CDATA[0]]></item>
					</item>
					<item id="picrequired"><![CDATA[1]]></item>
					<item id="titlelength"><![CDATA[60]]></item>
					<item id="summarylength"><![CDATA[80]]></item>
					<item id="items"><![CDATA[5]]></item>
					<item id="fids">
						<item id="0"><![CDATA[0]]></item>
					</item>
					<item id="special">
						<item id="0"><![CDATA[0]]></item>
					</item>
					<item id="viewmod"><![CDATA[0]]></item>
					<item id="rewardstatus"><![CDATA[0]]></item>
					<item id="orderby"><![CDATA[lastpost]]></item>
					<item id="postdateline"><![CDATA[0]]></item>
					<item id="lastpost"><![CDATA[0]]></item>
					<item id="startrow"><![CDATA[0]]></item>
				</item>
				<item id="shownum"><![CDATA[5]]></item>
				<item id="cachetime"><![CDATA[3600]]></item>
				<item id="cachetimerange"><![CDATA[]]></item>
				<item id="punctualupdate"><![CDATA[0]]></item>
				<item id="hidedisplay"><![CDATA[0]]></item>
				<item id="dateline"><![CDATA[1588961915]]></item>
				<item id="notinherited"><![CDATA[0]]></item>
				<item id="isblank"><![CDATA[0]]></item>
			</item>
			<item id="394">
				<item id="bid"><![CDATA[394]]></item>
				<item id="blockclass"><![CDATA[portal_article]]></item>
				<item id="blocktype"><![CDATA[0]]></item>
				<item id="name"><![CDATA[首页-tab-最新资讯]]></item>
				<item id="title"><![CDATA[<div class="blocktitle title"><span class="titletext" style="float:;margin-left:px;font-size:;color: !important;">最新资讯</span></div>]]></item>
				<item id="classname"><![CDATA[]]></item>
				<item id="summary"><![CDATA[]]></item>
				<item id="uid"><![CDATA[1]]></item>
				<item id="username"><![CDATA[admin]]></item>
				<item id="styleid"><![CDATA[144]]></item>
				<item id="blockstyle">
					<item id="blockclass"><![CDATA[portal_article]]></item>
					<item id="name"><![CDATA[]]></item>
					<item id="template">
						<item id="raw"><![CDATA[<style type="text/css">
.vk_pic_list_1_10_inner_black { }
.vk_pic_list_1_10_inner_black li {  position:relative; float: left;  margin: 0 0px 10px 0px; }

.vk_pic_list_1_10_inner_black li img {background: #fff; border: 0px solid #333;/* -moz-border-radius:5px; -webkit-border-radius:5px; border-radius: 5px; box-shadow: 1px 1px 3px #afafaf; */cursor: pointer; }
/*
.vk_pic_list_1_10_inner_black li:hover img { border-color:#000; }
*/
.vk_pic_list_1_10_inner_black em  { /*display: none; */  background-color:#000; position:absolute; left:0px; bottom:0px; width:100% ; height:40px ; text-indent:5px; line-height:40px; font-size:14px;  color:#fff; overflow:hidden; opacity:.70;filter:alpha(opacity=70);}
.vk_pic_list_1_10_inner_black li:hover em  { display: block; }
	.ie7 .vk_pic_list_1_10_inner_black span, .ie7 .vk_pic_list_1_10_inner_black em  { bottom:0px; }
	
.vk_pic_list_1_10_inner_black li:hover em { background-color:#fff; color:#000; text-decoration:none; }
.vk_pic_list_1_10_inner_black em:hover { color:#fff; text-decoration:none; }

</style>

<div class="vk_pic_list_1_10_inner_black cl">
<ul>
[loop]
<li style="width: {picwidth}px;">
	<a href="{url}"><img src="{pic}" width="{picwidth}" height="{picheight}" alt="{title}" /> <em>{title}</em> </a>
</li>
[/loop]
</ul>
</div>



]]></item>
						<item id="footer"><![CDATA[]]></item>
						<item id="header"><![CDATA[]]></item>
						<item id="indexplus"><![CDATA[
					]]></item>
						<item id="index"><![CDATA[
					]]></item>
						<item id="orderplus"><![CDATA[
					]]></item>
						<item id="order"><![CDATA[
					]]></item>
						<item id="loopplus"><![CDATA[
					]]></item>
						<item id="loop"><![CDATA[<li style="width: {picwidth}px;">
	<a href="{url}"><img src="{pic}" width="{picwidth}" height="{picheight}" alt="{title}" /> <em>{title}</em> </a>
</li>]]></item>
					</item>
					<item id="hash"><![CDATA[620b63be]]></item>
					<item id="getpic"><![CDATA[1]]></item>
					<item id="getsummary"><![CDATA[0]]></item>
					<item id="makethumb"><![CDATA[1]]></item>
					<item id="settarget"><![CDATA[0]]></item>
					<item id="fields">
						<item id="0"><![CDATA[url]]></item>
						<item id="1"><![CDATA[pic]]></item>
						<item id="2"><![CDATA[title]]></item>
					</item>
					<item id="moreurl"><![CDATA[0]]></item>
				</item>
				<item id="picwidth"><![CDATA[250]]></item>
				<item id="picheight"><![CDATA[160]]></item>
				<item id="target"><![CDATA[blank]]></item>
				<item id="dateformat"><![CDATA[Y-m-d]]></item>
				<item id="dateuformat"><![CDATA[0]]></item>
				<item id="script"><![CDATA[articlenew]]></item>
				<item id="param">
					<item id="catid">
						<item id="0"><![CDATA[0]]></item>
					</item>
					<item id="picrequired"><![CDATA[1]]></item>
					<item id="titlelength"><![CDATA[70]]></item>
					<item id="summarylength"><![CDATA[250]]></item>
					<item id="items"><![CDATA[20]]></item>
					<item id="fids">
						<item id="0"><![CDATA[0]]></item>
					</item>
					<item id="special">
						<item id="0"><![CDATA[0]]></item>
					</item>
					<item id="viewmod"><![CDATA[0]]></item>
					<item id="rewardstatus"><![CDATA[0]]></item>
					<item id="orderby"><![CDATA[dateline]]></item>
					<item id="postdateline"><![CDATA[0]]></item>
					<item id="lastpost"><![CDATA[0]]></item>
					<item id="startrow"><![CDATA[0]]></item>
				</item>
				<item id="shownum"><![CDATA[20]]></item>
				<item id="cachetime"><![CDATA[3600]]></item>
				<item id="cachetimerange"><![CDATA[]]></item>
				<item id="punctualupdate"><![CDATA[0]]></item>
				<item id="hidedisplay"><![CDATA[0]]></item>
				<item id="dateline"><![CDATA[1588960643]]></item>
				<item id="notinherited"><![CDATA[0]]></item>
				<item id="isblank"><![CDATA[0]]></item>
			</item>
			<item id="396">
				<item id="bid"><![CDATA[396]]></item>
				<item id="blockclass"><![CDATA[portal_article]]></item>
				<item id="blocktype"><![CDATA[0]]></item>
				<item id="name"><![CDATA[门户-资讯-模块4]]></item>
				<item id="title"><![CDATA[]]></item>
				<item id="classname"><![CDATA[]]></item>
				<item id="summary"><![CDATA[]]></item>
				<item id="uid"><![CDATA[1]]></item>
				<item id="username"><![CDATA[admin]]></item>
				<item id="styleid"><![CDATA[235]]></item>
				<item id="blockstyle">
					<item id="blockclass"><![CDATA[portal_article]]></item>
					<item id="name"><![CDATA[]]></item>
					<item id="template">
						<item id="raw"><![CDATA[<style type="text/css" >
.vk_pic_border_none_borderbottom {}
.vk_pic_border_none_borderbottom .m { float:left; margin:0px 8px 10px 0px; }
.vk_pic_border_none_borderbottom dd { margin-bottom:8px; }
.vk_pic_border_none_borderbottom dt { margin:0px 8px 10px 0px; }

.vk_pic_border_none_borderbottom dl { border-bottom:1px solid #eee; padding-top:10px; }

</style>

<div class="module cl vk_pic_border_none_borderbottom">
[loop]
<dl class="cl">
	<dd class="m"><a href="{url}"{target}><img src="{pic}" width="{picwidth}" height="{picheight}" alt="{title}" /></a></dd>
	<dt  style=" font-size:14px; font-weight: normal; color:#333;">  <a href="{url}" title="{title}"{target}>{title}</a></dt>
	<dd style=" font-size:12px; font-weight: normal; color:#999;">{summary}</dd>
</dl>
[/loop]
</div>
]]></item>
						<item id="footer"><![CDATA[]]></item>
						<item id="header"><![CDATA[]]></item>
						<item id="indexplus"><![CDATA[
						]]></item>
						<item id="index"><![CDATA[
						]]></item>
						<item id="orderplus"><![CDATA[
						]]></item>
						<item id="order"><![CDATA[
						]]></item>
						<item id="loopplus"><![CDATA[
						]]></item>
						<item id="loop"><![CDATA[<dl class="cl">
	<dd class="m"><a href="{url}"{target}><img src="{pic}" width="{picwidth}" height="{picheight}" alt="{title}" /></a></dd>
	<dt  style=" font-size:14px; font-weight: normal; color:#333;">  <a href="{url}" title="{title}"{target}>{title}</a></dt>
	<dd style=" font-size:12px; font-weight: normal; color:#999;">{summary}</dd>
</dl>]]></item>
					</item>
					<item id="hash"><![CDATA[d4a1e215]]></item>
					<item id="getpic"><![CDATA[1]]></item>
					<item id="getsummary"><![CDATA[1]]></item>
					<item id="makethumb"><![CDATA[1]]></item>
					<item id="settarget"><![CDATA[1]]></item>
					<item id="fields">
						<item id="0"><![CDATA[url]]></item>
						<item id="1"><![CDATA[pic]]></item>
						<item id="2"><![CDATA[title]]></item>
						<item id="3"><![CDATA[summary]]></item>
					</item>
					<item id="moreurl"><![CDATA[0]]></item>
				</item>
				<item id="picwidth"><![CDATA[280]]></item>
				<item id="picheight"><![CDATA[150]]></item>
				<item id="target"><![CDATA[blank]]></item>
				<item id="dateformat"><![CDATA[Y-m-d]]></item>
				<item id="dateuformat"><![CDATA[0]]></item>
				<item id="script"><![CDATA[articlenew]]></item>
				<item id="param">
					<item id="catid">
						<item id="0"><![CDATA[0]]></item>
					</item>
					<item id="picrequired"><![CDATA[1]]></item>
					<item id="titlelength"><![CDATA[60]]></item>
					<item id="summarylength"><![CDATA[100]]></item>
					<item id="items"><![CDATA[1]]></item>
					<item id="fids">
						<item id="0"><![CDATA[0]]></item>
					</item>
					<item id="special">
						<item id="0"><![CDATA[0]]></item>
					</item>
					<item id="viewmod"><![CDATA[0]]></item>
					<item id="rewardstatus"><![CDATA[0]]></item>
					<item id="orderby"><![CDATA[dateline]]></item>
					<item id="postdateline"><![CDATA[0]]></item>
					<item id="lastpost"><![CDATA[0]]></item>
					<item id="startrow"><![CDATA[0]]></item>
				</item>
				<item id="shownum"><![CDATA[1]]></item>
				<item id="cachetime"><![CDATA[3600]]></item>
				<item id="cachetimerange"><![CDATA[]]></item>
				<item id="punctualupdate"><![CDATA[0]]></item>
				<item id="hidedisplay"><![CDATA[0]]></item>
				<item id="dateline"><![CDATA[1588960400]]></item>
				<item id="notinherited"><![CDATA[0]]></item>
				<item id="isblank"><![CDATA[0]]></item>
			</item>
			<item id="400">
				<item id="bid"><![CDATA[400]]></item>
				<item id="blockclass"><![CDATA[portal_article]]></item>
				<item id="blocktype"><![CDATA[0]]></item>
				<item id="name"><![CDATA[门户-资讯-模块3]]></item>
				<item id="title"><![CDATA[]]></item>
				<item id="classname"><![CDATA[]]></item>
				<item id="summary"><![CDATA[]]></item>
				<item id="uid"><![CDATA[1]]></item>
				<item id="username"><![CDATA[admin]]></item>
				<item id="styleid"><![CDATA[233]]></item>
				<item id="blockstyle">
					<item id="blockclass"><![CDATA[portal_article]]></item>
					<item id="name"><![CDATA[]]></item>
					<item id="template">
						<item id="raw"><![CDATA[
<style type="text/css" >
.vk_a_blue { color:#18c; }
.vk_a_blue a { color:#18c; }
.vk_a_blue li a { color:#18c; }
.vk_a_blue a:hover { color:#f60; }
.vk_a_blue li a:hover { color:#f60 ; }
.vk_a_black { color:#333; }
.vk_a_black a { color:#333; }
.vk_a_black li a { color:#333; }
.vk_a_black a:hover { color:#f60; }
.vk_a_black li a:hover { color:#f60 ; }


.vk_xld {}
.vk_xld .m { margin:0px 8px 10px 0px;}
.vk_xld dt { padding:0px 0px 10px 0px;}
.vk_xld dl { margin:0px;}


</style>
<div class="module cl xld vk_xld ">
<ul >
[loop]
<li  style=" height:30px; overflow:hidden; " class="vk_a_black " >  <a href="{url}" title="{title}"{target} style="height:30px; line-height:30px; font-size:14px;">{title}</a>
</li>
[/loop]
[order=1]
<li>
<dl class="cl">
	<dd class="m"><a href="{url}"{target}><img src="{pic}" width="{picwidth}" height="{picheight}" alt="{title}" /></a></dd>
	<dt class="vk_a_blue " style=" font-size:14px; font-weight: normal;">  <a href="{url}" title="{title}"{target}>{title}</a> <br>
	<span  style=" line-height:24px; font-size:12px;">{summary}</span> </dt>
</dl>
	<hr class="da" />
</li>
[/order]
</ul>
</div>
]]></item>
						<item id="footer"><![CDATA[]]></item>
						<item id="header"><![CDATA[]]></item>
						<item id="indexplus"><![CDATA[
					]]></item>
						<item id="index"><![CDATA[
					]]></item>
						<item id="orderplus"><![CDATA[
					]]></item>
						<item id="order">
							<item id="1"><![CDATA[<li>
<dl class="cl">
	<dd class="m"><a href="{url}"{target}><img src="{pic}" width="{picwidth}" height="{picheight}" alt="{title}" /></a></dd>
	<dt class="vk_a_blue " style=" font-size:14px; font-weight: normal;">  <a href="{url}" title="{title}"{target}>{title}</a> <br>
	<span  style=" line-height:24px; font-size:12px;">{summary}</span> </dt>
</dl>
	<hr class="da" />
</li>]]></item>
						</item>
						<item id="loopplus"><![CDATA[
					]]></item>
						<item id="loop"><![CDATA[<li  style=" height:30px; overflow:hidden; " class="vk_a_black " >  <a href="{url}" title="{title}"{target} style="height:30px; line-height:30px; font-size:14px;">{title}</a>
</li>]]></item>
					</item>
					<item id="hash"><![CDATA[1f2a3749]]></item>
					<item id="getpic"><![CDATA[1]]></item>
					<item id="getsummary"><![CDATA[1]]></item>
					<item id="makethumb"><![CDATA[1]]></item>
					<item id="settarget"><![CDATA[1]]></item>
					<item id="fields">
						<item id="0"><![CDATA[url]]></item>
						<item id="1"><![CDATA[title]]></item>
						<item id="2"><![CDATA[pic]]></item>
						<item id="3"><![CDATA[summary]]></item>
					</item>
					<item id="moreurl"><![CDATA[0]]></item>
				</item>
				<item id="picwidth"><![CDATA[120]]></item>
				<item id="picheight"><![CDATA[90]]></item>
				<item id="target"><![CDATA[blank]]></item>
				<item id="dateformat"><![CDATA[Y-m-d]]></item>
				<item id="dateuformat"><![CDATA[0]]></item>
				<item id="script"><![CDATA[articlenew]]></item>
				<item id="param">
					<item id="catid">
						<item id="0"><![CDATA[0]]></item>
					</item>
					<item id="picrequired"><![CDATA[1]]></item>
					<item id="titlelength"><![CDATA[40]]></item>
					<item id="summarylength"><![CDATA[40]]></item>
					<item id="items"><![CDATA[6]]></item>
					<item id="fids">
						<item id="0"><![CDATA[0]]></item>
					</item>
					<item id="special">
						<item id="0"><![CDATA[0]]></item>
					</item>
					<item id="viewmod"><![CDATA[0]]></item>
					<item id="rewardstatus"><![CDATA[0]]></item>
					<item id="orderby"><![CDATA[dateline]]></item>
					<item id="postdateline"><![CDATA[0]]></item>
					<item id="lastpost"><![CDATA[0]]></item>
					<item id="startrow"><![CDATA[0]]></item>
				</item>
				<item id="shownum"><![CDATA[6]]></item>
				<item id="cachetime"><![CDATA[3600]]></item>
				<item id="cachetimerange"><![CDATA[]]></item>
				<item id="punctualupdate"><![CDATA[0]]></item>
				<item id="hidedisplay"><![CDATA[0]]></item>
				<item id="dateline"><![CDATA[1588958815]]></item>
				<item id="notinherited"><![CDATA[0]]></item>
				<item id="isblank"><![CDATA[0]]></item>
			</item>
			<item id="401">
				<item id="bid"><![CDATA[401]]></item>
				<item id="blockclass"><![CDATA[html_html]]></item>
				<item id="blocktype"><![CDATA[0]]></item>
				<item id="name"><![CDATA[门户广告008]]></item>
				<item id="title"><![CDATA[]]></item>
				<item id="classname"><![CDATA[]]></item>
				<item id="summary"><![CDATA[<img src="template/wekei_news_05/images/ad/ad_1200_80_b.jpg" width="100%" />]]></item>
				<item id="uid"><![CDATA[1]]></item>
				<item id="username"><![CDATA[admin]]></item>
				<item id="styleid"><![CDATA[0]]></item>
				<item id="blockstyle"><![CDATA[]]></item>
				<item id="picwidth"><![CDATA[0]]></item>
				<item id="picheight"><![CDATA[0]]></item>
				<item id="target"><![CDATA[blank]]></item>
				<item id="dateformat"><![CDATA[Y-m-d]]></item>
				<item id="dateuformat"><![CDATA[0]]></item>
				<item id="script"><![CDATA[banner]]></item>
				<item id="param">
					<item id="pic"><![CDATA[template/wekei_news_05/images/ad/ad_1200_80_b.jpg]]></item>
					<item id="url"><![CDATA[]]></item>
					<item id="atarget"><![CDATA[_blank]]></item>
					<item id="width"><![CDATA[100%]]></item>
					<item id="height"><![CDATA[]]></item>
					<item id="text"><![CDATA[]]></item>
					<item id="items"><![CDATA[10]]></item>
				</item>
				<item id="shownum"><![CDATA[10]]></item>
				<item id="cachetime"><![CDATA[0]]></item>
				<item id="cachetimerange"><![CDATA[0,0]]></item>
				<item id="punctualupdate"><![CDATA[0]]></item>
				<item id="hidedisplay"><![CDATA[0]]></item>
				<item id="dateline"><![CDATA[1583139445]]></item>
				<item id="notinherited"><![CDATA[0]]></item>
				<item id="isblank"><![CDATA[0]]></item>
			</item>
			<item id="402">
				<item id="bid"><![CDATA[402]]></item>
				<item id="blockclass"><![CDATA[portal_article]]></item>
				<item id="blocktype"><![CDATA[0]]></item>
				<item id="name"><![CDATA[门户-上部-右侧-推荐]]></item>
				<item id="title"><![CDATA[]]></item>
				<item id="classname"><![CDATA[]]></item>
				<item id="summary"><![CDATA[]]></item>
				<item id="uid"><![CDATA[1]]></item>
				<item id="username"><![CDATA[admin]]></item>
				<item id="styleid"><![CDATA[230]]></item>
				<item id="blockstyle"><![CDATA[]]></item>
				<item id="picwidth"><![CDATA[100]]></item>
				<item id="picheight"><![CDATA[90]]></item>
				<item id="target"><![CDATA[blank]]></item>
				<item id="dateformat"><![CDATA[Y-m-d]]></item>
				<item id="dateuformat"><![CDATA[0]]></item>
				<item id="script"><![CDATA[articlenew]]></item>
				<item id="param">
					<item id="catid">
						<item id="0"><![CDATA[0]]></item>
					</item>
					<item id="picrequired"><![CDATA[1]]></item>
					<item id="titlelength"><![CDATA[40]]></item>
					<item id="summarylength"><![CDATA[50]]></item>
					<item id="items"><![CDATA[2]]></item>
				</item>
				<item id="shownum"><![CDATA[2]]></item>
				<item id="cachetime"><![CDATA[3600]]></item>
				<item id="cachetimerange"><![CDATA[]]></item>
				<item id="punctualupdate"><![CDATA[0]]></item>
				<item id="hidedisplay"><![CDATA[0]]></item>
				<item id="dateline"><![CDATA[1588960497]]></item>
				<item id="notinherited"><![CDATA[0]]></item>
				<item id="isblank"><![CDATA[0]]></item>
			</item>
			<item id="412">
				<item id="bid"><![CDATA[412]]></item>
				<item id="blockclass"><![CDATA[forum_thread]]></item>
				<item id="blocktype"><![CDATA[0]]></item>
				<item id="name"><![CDATA[首页-实时快讯]]></item>
				<item id="title"><![CDATA[]]></item>
				<item id="classname"><![CDATA[]]></item>
				<item id="summary"><![CDATA[]]></item>
				<item id="uid"><![CDATA[1]]></item>
				<item id="username"><![CDATA[admin]]></item>
				<item id="styleid"><![CDATA[232]]></item>
				<item id="blockstyle"><![CDATA[]]></item>
				<item id="picwidth"><![CDATA[0]]></item>
				<item id="picheight"><![CDATA[0]]></item>
				<item id="target"><![CDATA[blank]]></item>
				<item id="dateformat"><![CDATA[Y-m-d]]></item>
				<item id="dateuformat"><![CDATA[0]]></item>
				<item id="script"><![CDATA[threadnew]]></item>
				<item id="param">
					<item id="fids">
						<item id="0"><![CDATA[0]]></item>
					</item>
					<item id="special">
						<item id="0"><![CDATA[0]]></item>
					</item>
					<item id="viewmod"><![CDATA[0]]></item>
					<item id="rewardstatus"><![CDATA[0]]></item>
					<item id="picrequired"><![CDATA[0]]></item>
					<item id="orderby"><![CDATA[dateline]]></item>
					<item id="postdateline"><![CDATA[0]]></item>
					<item id="lastpost"><![CDATA[0]]></item>
					<item id="titlelength"><![CDATA[40]]></item>
					<item id="summarylength"><![CDATA[80]]></item>
					<item id="startrow"><![CDATA[0]]></item>
					<item id="items"><![CDATA[10]]></item>
				</item>
				<item id="shownum"><![CDATA[10]]></item>
				<item id="cachetime"><![CDATA[3600]]></item>
				<item id="cachetimerange"><![CDATA[]]></item>
				<item id="punctualupdate"><![CDATA[0]]></item>
				<item id="hidedisplay"><![CDATA[0]]></item>
				<item id="dateline"><![CDATA[1588960645]]></item>
				<item id="notinherited"><![CDATA[0]]></item>
				<item id="isblank"><![CDATA[0]]></item>
			</item>
			<item id="413">
				<item id="bid"><![CDATA[413]]></item>
				<item id="blockclass"><![CDATA[member_member]]></item>
				<item id="blocktype"><![CDATA[0]]></item>
				<item id="name"><![CDATA[首页-会员模块-作者专栏]]></item>
				<item id="title"><![CDATA[]]></item>
				<item id="classname"><![CDATA[]]></item>
				<item id="summary"><![CDATA[]]></item>
				<item id="uid"><![CDATA[1]]></item>
				<item id="username"><![CDATA[admin]]></item>
				<item id="styleid"><![CDATA[229]]></item>
				<item id="blockstyle"><![CDATA[]]></item>
				<item id="picwidth"><![CDATA[0]]></item>
				<item id="picheight"><![CDATA[0]]></item>
				<item id="target"><![CDATA[blank]]></item>
				<item id="dateformat"><![CDATA[Y-m-d]]></item>
				<item id="dateuformat"><![CDATA[0]]></item>
				<item id="script"><![CDATA[memberposts]]></item>
				<item id="param">
					<item id="orderby"><![CDATA[posts]]></item>
					<item id="lastpost"><![CDATA[]]></item>
					<item id="startrow"><![CDATA[0]]></item>
					<item id="items"><![CDATA[8]]></item>
				</item>
				<item id="shownum"><![CDATA[8]]></item>
				<item id="cachetime"><![CDATA[3600]]></item>
				<item id="cachetimerange"><![CDATA[]]></item>
				<item id="punctualupdate"><![CDATA[0]]></item>
				<item id="hidedisplay"><![CDATA[0]]></item>
				<item id="dateline"><![CDATA[1588960418]]></item>
				<item id="notinherited"><![CDATA[0]]></item>
				<item id="isblank"><![CDATA[0]]></item>
			</item>
			<item id="556">
				<item id="bid"><![CDATA[556]]></item>
				<item id="blockclass"><![CDATA[portal_article]]></item>
				<item id="blocktype"><![CDATA[0]]></item>
				<item id="name"><![CDATA[首页-tab-热门资讯]]></item>
				<item id="title"><![CDATA[<div class="blocktitle title"><span class="titletext" style="float:;margin-left:px;font-size:;color: !important;">热门资讯</span></div>]]></item>
				<item id="classname"><![CDATA[]]></item>
				<item id="summary"><![CDATA[]]></item>
				<item id="uid"><![CDATA[1]]></item>
				<item id="username"><![CDATA[admin]]></item>
				<item id="styleid"><![CDATA[264]]></item>
				<item id="blockstyle">
					<item id="blockclass"><![CDATA[portal_article]]></item>
					<item id="name"><![CDATA[]]></item>
					<item id="template">
						<item id="raw"><![CDATA[<!--
[未来科技-2017]版块名称+帖子标题+时间-28px-14px-橘色-溢出隐藏-580px
-->
<style type="text/css">
.vk_diy_title_list {}
.vk_diy_title_list li {height:28px; line-height:28px; font-size:14px; overflow:hidden; }
.vk_diy_title_list li span {width:470px; display: inline-block;  overflow:hidden; }
.vk_diy_title_list li a.vk_diy_title_span {color:#f60; font-size:14px;}
.vk_diy_title_list li a.vk_diy_title_a {color:#333; font-size:14px;}
.vk_diy_title_list li em {font-size:12px; color:#999;}
.vk_diy_title_list li a:hover {color: #f60; text-decoration: none;}
</style>

<div class="module cl vk_diy_title_list">
    <ul style="">
    [loop]
        <li> <span> <a href="{caturl}" class="vk_diy_title_span" > {catname}</a> |   
        <a href="{url}" title="{title}" {target} class="vk_diy_title_a" >{title}</a> </span>
        <em > {dateline} </em>
        </li>
    [/loop]
    </ul>
</div>
]]></item>
						<item id="footer"><![CDATA[]]></item>
						<item id="header"><![CDATA[]]></item>
						<item id="indexplus">
						</item>
						<item id="index">
						</item>
						<item id="orderplus">
						</item>
						<item id="order">
						</item>
						<item id="loopplus">
						</item>
						<item id="loop"><![CDATA[<li> <span> <a href="{caturl}" class="vk_diy_title_span" > {catname}</a> |   
        <a href="{url}" title="{title}" {target} class="vk_diy_title_a" >{title}</a> </span>
        <em > {dateline} </em>
        </li>]]></item>
					</item>
					<item id="hash"><![CDATA[f3095ebd]]></item>
					<item id="getpic"><![CDATA[0]]></item>
					<item id="getsummary"><![CDATA[0]]></item>
					<item id="makethumb"><![CDATA[0]]></item>
					<item id="settarget"><![CDATA[1]]></item>
					<item id="fields">
						<item id="0"><![CDATA[caturl]]></item>
						<item id="1"><![CDATA[catname]]></item>
						<item id="2"><![CDATA[url]]></item>
						<item id="3"><![CDATA[title]]></item>
						<item id="4"><![CDATA[dateline]]></item>
					</item>
					<item id="moreurl"><![CDATA[0]]></item>
				</item>
				<item id="picwidth"><![CDATA[250]]></item>
				<item id="picheight"><![CDATA[160]]></item>
				<item id="target"><![CDATA[blank]]></item>
				<item id="dateformat"><![CDATA[Y-m-d]]></item>
				<item id="dateuformat"><![CDATA[0]]></item>
				<item id="script"><![CDATA[articlehot]]></item>
				<item id="param">
					<item id="catid">
						<item id="0"><![CDATA[0]]></item>
					</item>
					<item id="picrequired"><![CDATA[1]]></item>
					<item id="orderby"><![CDATA[viewnum]]></item>
					<item id="titlelength"><![CDATA[70]]></item>
					<item id="summarylength"><![CDATA[250]]></item>
					<item id="items"><![CDATA[10]]></item>
					<item id="fids">
						<item id="0"><![CDATA[0]]></item>
					</item>
					<item id="special">
						<item id="0"><![CDATA[0]]></item>
					</item>
					<item id="viewmod"><![CDATA[0]]></item>
					<item id="rewardstatus"><![CDATA[0]]></item>
					<item id="postdateline"><![CDATA[0]]></item>
					<item id="lastpost"><![CDATA[0]]></item>
					<item id="startrow"><![CDATA[0]]></item>
				</item>
				<item id="shownum"><![CDATA[10]]></item>
				<item id="cachetime"><![CDATA[3600]]></item>
				<item id="cachetimerange"><![CDATA[]]></item>
				<item id="punctualupdate"><![CDATA[0]]></item>
				<item id="hidedisplay"><![CDATA[0]]></item>
				<item id="dateline"><![CDATA[1588960610]]></item>
				<item id="notinherited"><![CDATA[0]]></item>
				<item id="isblank"><![CDATA[0]]></item>
			</item>
			<item id="557">
				<item id="bid"><![CDATA[557]]></item>
				<item id="blockclass"><![CDATA[portal_article]]></item>
				<item id="blocktype"><![CDATA[0]]></item>
				<item id="name"><![CDATA[首页-tab-评测]]></item>
				<item id="title"><![CDATA[<div class="blocktitle title"><span class="titletext" style="float:;margin-left:px;font-size:;color: !important;">评测</span></div>]]></item>
				<item id="classname"><![CDATA[]]></item>
				<item id="summary"><![CDATA[]]></item>
				<item id="uid"><![CDATA[1]]></item>
				<item id="username"><![CDATA[admin]]></item>
				<item id="styleid"><![CDATA[264]]></item>
				<item id="blockstyle"><![CDATA[]]></item>
				<item id="picwidth"><![CDATA[250]]></item>
				<item id="picheight"><![CDATA[160]]></item>
				<item id="target"><![CDATA[blank]]></item>
				<item id="dateformat"><![CDATA[Y-m-d]]></item>
				<item id="dateuformat"><![CDATA[0]]></item>
				<item id="script"><![CDATA[articlenew]]></item>
				<item id="param">
					<item id="catid">
						<item id="0"><![CDATA[0]]></item>
					</item>
					<item id="picrequired"><![CDATA[1]]></item>
					<item id="titlelength"><![CDATA[70]]></item>
					<item id="summarylength"><![CDATA[250]]></item>
					<item id="items"><![CDATA[10]]></item>
				</item>
				<item id="shownum"><![CDATA[10]]></item>
				<item id="cachetime"><![CDATA[3600]]></item>
				<item id="cachetimerange"><![CDATA[]]></item>
				<item id="punctualupdate"><![CDATA[0]]></item>
				<item id="hidedisplay"><![CDATA[0]]></item>
				<item id="dateline"><![CDATA[1588960445]]></item>
				<item id="notinherited"><![CDATA[0]]></item>
				<item id="isblank"><![CDATA[0]]></item>
			</item>
			<item id="558">
				<item id="bid"><![CDATA[558]]></item>
				<item id="blockclass"><![CDATA[portal_article]]></item>
				<item id="blocktype"><![CDATA[0]]></item>
				<item id="name"><![CDATA[首页-tab-人工智能]]></item>
				<item id="title"><![CDATA[<div class="blocktitle title"><span class="titletext" style="float:;margin-left:px;font-size:;color: !important;">人工智能</span></div>]]></item>
				<item id="classname"><![CDATA[]]></item>
				<item id="summary"><![CDATA[]]></item>
				<item id="uid"><![CDATA[1]]></item>
				<item id="username"><![CDATA[admin]]></item>
				<item id="styleid"><![CDATA[264]]></item>
				<item id="blockstyle"><![CDATA[]]></item>
				<item id="picwidth"><![CDATA[250]]></item>
				<item id="picheight"><![CDATA[160]]></item>
				<item id="target"><![CDATA[blank]]></item>
				<item id="dateformat"><![CDATA[Y-m-d]]></item>
				<item id="dateuformat"><![CDATA[0]]></item>
				<item id="script"><![CDATA[articlenew]]></item>
				<item id="param">
					<item id="catid">
						<item id="0"><![CDATA[0]]></item>
					</item>
					<item id="picrequired"><![CDATA[1]]></item>
					<item id="titlelength"><![CDATA[70]]></item>
					<item id="summarylength"><![CDATA[250]]></item>
					<item id="items"><![CDATA[10]]></item>
				</item>
				<item id="shownum"><![CDATA[10]]></item>
				<item id="cachetime"><![CDATA[3600]]></item>
				<item id="cachetimerange"><![CDATA[]]></item>
				<item id="punctualupdate"><![CDATA[0]]></item>
				<item id="hidedisplay"><![CDATA[0]]></item>
				<item id="dateline"><![CDATA[1588960258]]></item>
				<item id="notinherited"><![CDATA[0]]></item>
				<item id="isblank"><![CDATA[0]]></item>
			</item>
			<item id="559">
				<item id="bid"><![CDATA[559]]></item>
				<item id="blockclass"><![CDATA[portal_article]]></item>
				<item id="blocktype"><![CDATA[0]]></item>
				<item id="name"><![CDATA[首页-tab-手机数码]]></item>
				<item id="title"><![CDATA[<div class="blocktitle title"><span class="titletext" style="float:;margin-left:px;font-size:;color: !important;">手机数码</span></div>]]></item>
				<item id="classname"><![CDATA[]]></item>
				<item id="summary"><![CDATA[]]></item>
				<item id="uid"><![CDATA[1]]></item>
				<item id="username"><![CDATA[admin]]></item>
				<item id="styleid"><![CDATA[264]]></item>
				<item id="blockstyle"><![CDATA[]]></item>
				<item id="picwidth"><![CDATA[250]]></item>
				<item id="picheight"><![CDATA[160]]></item>
				<item id="target"><![CDATA[blank]]></item>
				<item id="dateformat"><![CDATA[Y-m-d]]></item>
				<item id="dateuformat"><![CDATA[0]]></item>
				<item id="script"><![CDATA[articlehot]]></item>
				<item id="param">
					<item id="catid">
						<item id="0"><![CDATA[0]]></item>
					</item>
					<item id="picrequired"><![CDATA[1]]></item>
					<item id="orderby"><![CDATA[viewnum]]></item>
					<item id="titlelength"><![CDATA[70]]></item>
					<item id="summarylength"><![CDATA[250]]></item>
					<item id="items"><![CDATA[10]]></item>
				</item>
				<item id="shownum"><![CDATA[10]]></item>
				<item id="cachetime"><![CDATA[3600]]></item>
				<item id="cachetimerange"><![CDATA[]]></item>
				<item id="punctualupdate"><![CDATA[0]]></item>
				<item id="hidedisplay"><![CDATA[0]]></item>
				<item id="dateline"><![CDATA[1588960304]]></item>
				<item id="notinherited"><![CDATA[0]]></item>
				<item id="isblank"><![CDATA[0]]></item>
			</item>
			<item id="560">
				<item id="bid"><![CDATA[560]]></item>
				<item id="blockclass"><![CDATA[portal_article]]></item>
				<item id="blocktype"><![CDATA[0]]></item>
				<item id="name"><![CDATA[首页-tab-区块链]]></item>
				<item id="title"><![CDATA[<div class="blocktitle title"><span class="titletext" style="float:;margin-left:px;font-size:;color: !important;">区块链</span></div>]]></item>
				<item id="classname"><![CDATA[]]></item>
				<item id="summary"><![CDATA[]]></item>
				<item id="uid"><![CDATA[1]]></item>
				<item id="username"><![CDATA[admin]]></item>
				<item id="styleid"><![CDATA[264]]></item>
				<item id="blockstyle"><![CDATA[]]></item>
				<item id="picwidth"><![CDATA[250]]></item>
				<item id="picheight"><![CDATA[160]]></item>
				<item id="target"><![CDATA[blank]]></item>
				<item id="dateformat"><![CDATA[Y-m-d]]></item>
				<item id="dateuformat"><![CDATA[0]]></item>
				<item id="script"><![CDATA[articlenew]]></item>
				<item id="param">
					<item id="catid">
						<item id="0"><![CDATA[0]]></item>
					</item>
					<item id="picrequired"><![CDATA[1]]></item>
					<item id="titlelength"><![CDATA[70]]></item>
					<item id="summarylength"><![CDATA[250]]></item>
					<item id="items"><![CDATA[10]]></item>
				</item>
				<item id="shownum"><![CDATA[10]]></item>
				<item id="cachetime"><![CDATA[3600]]></item>
				<item id="cachetimerange"><![CDATA[]]></item>
				<item id="punctualupdate"><![CDATA[0]]></item>
				<item id="hidedisplay"><![CDATA[0]]></item>
				<item id="dateline"><![CDATA[1588960364]]></item>
				<item id="notinherited"><![CDATA[0]]></item>
				<item id="isblank"><![CDATA[0]]></item>
			</item>
		</item>
		<item id="style">
			<item id="144">
				<item id="styleid"><![CDATA[144]]></item>
				<item id="blockclass"><![CDATA[portal_article]]></item>
				<item id="name"><![CDATA[[未来科技-通用]DIY分页-文章调用-样式二：左图右标题-简约样式：纯色背景型]]></item>
				<item id="template">
					<item id="raw"><![CDATA[
<!--
[未来科技-通用]DIY分页-文章调用-样式二：左图右标题-简约样式：纯色背景型
-->
<!--
1200 = 800 (内部 15+770+15) + 10 + 390
-->
<style type="text/css">
.vk_diy_page { width:870px ;  border:1px solid #fff; background: #fff; }

.vk_diy_page dl { width:850px; height:200px;  padding:5px 0 0 0;  margin: 0 0 0 15px;  background:#fff; border-bottom:1px solid #eee; }
.vk_diy_page .vk_diy_news_page:last-child { border-bottom: none; }
.vk_page_img_frame {/* width:250px; height:160px;*/ margin:15px 20px 0 0;  overflow: hidden ;  }
.vk_diy_page dl img { float:left; transition:all 0.3s ; }
.vk_diy_page dl:hover img { transform: scale(1.1); /*transform: translateZ(0)*/}

.vk_diy_page .vk_diy_page_title { height: 30px; margin-bottom:10px; overflow: hidden;  }
.vk_diy_page .vk_diy_page_title a { height: 30px;  line-height: 30px; font-size: 18px; font-weight: bold; }
.vk_diy_page dl:hover .vk_diy_page_title a { color: #f60; }
.vk_diy_page dl dd  p { line-height:30px; font-size: 14px;  color: #888; }

.vk_diy_news_page .vk_diy_page_info { margin:0 10px; line-height: 32px; font-size: 12px; color: #ccc; }
.vk_diy_news_page .vk_diy_page_info a { font-size: 12px; color: #ccc; }
.vk_diy_news_page .vk_diy_page_info .vk_diy_page_view { margin-right: 10px; }
.vk_diy_news_page .vk_diy_page_info i { padding:0 10px;}

/* 简约样式：纯色背景型 */
.holder { margin: 25px 0 10px 0; padding:15px 0 10px 0; height:40px;text-align:center;}
.holder a { font-size: 12px; cursor: pointer; color: #333; text-decoration: none; margin-left: 5px; padding: 8px 12px; background:#fff; border:1px solid #ccc; border-radius:20px; }
.holder a:hover { background:#5ce; color:#fff; border:1px solid #5ce;}
.holder a.jp-previous { margin-right: 10px; border-radius:3px;}
.holder a.jp-next { margin-left: 10px;  border-radius:3px;}
.holder a.jp-current, a.jp-current:hover {background:#5ce; color:#fff;border:1px solid #5ce;font-weight: bold;}
.holder a.jp-current, a.jp-current:hover,.holder a.jp-disabled, a.jp-disabled:hover {cursor: default; background:{ALLCOL};}
.holder a.jp-disabled, a.jp-disabled:hover { background:#fff; color: #333;}
.holder span { margin: 0 5px; }
</style>

<div  id="hiddenresult" class="module cl xld vk_diy_page" >
	[loop]
	<dl class="cl vk_diy_news_page" >
	
		<dd class="left vk_page_img_frame"> <a href="{url}"{target}><img src="{pic}" width="{picwidth}" height="{picheight}" alt="{title}" /></a></dd>
		
		<dt class="vk_diy_page_title"><a href="{url}" title="{title}"{target} style="" >{title}</a></dt>
		<dd><p class="vk_diy_summary" style="">{summary}</p></dd>
		<dd class="vk_diy_page_info"> 
			<span><a href="{caturl}" title="{title}"{target} >{catname}</a></span> <i>/</i>
			<a href="{uid}" title="{title}"{target} >{username}</a><i>/</i>
			<span class="vk_diy_page_date">{dateline}</span> 
			<span class="vk_diy_page_comment right"><i></i>{commentnum}</span> 
			<span class="vk_diy_page_view right"><i></i>{viewnum}</span> 
		</dd>
	</dl>
	[/loop]
</div>

<div class="holder"></div>
<!--
有上面的 id="hiddenresult" 以及 <div class="holder"></div> 这一行，就显示分页。否则，就是正常的diy模块。
另外，需要调用js文件和代码。在用到的页面，添加下面这段代码
	<script type="text/javascript" src="$_G['style'][styleimgdir]/js/jPages.js"></script>
	<script type="text/javascript">
		jQuery(function() {jQuery("div.holder").jPages({containerID: "hiddenresult",perPage:10,previous: "上一页",next: "下一页"});});
		jQuery(function(){ jQuery("div.holder").click(function(){ jQuery('html,body').animate({scrollTop:540},0); return false; });});
	</script> 
-->
]]></item>
					<item id="footer"><![CDATA[]]></item>
					<item id="header"><![CDATA[]]></item>
					<item id="indexplus">
					</item>
					<item id="index">
					</item>
					<item id="orderplus">
					</item>
					<item id="order">
					</item>
					<item id="loopplus">
					</item>
					<item id="loop"><![CDATA[<dl class="cl vk_diy_news_page" >
	
		<dd class="left vk_page_img_frame"> <a href="{url}"{target}><img src="{pic}" width="{picwidth}" height="{picheight}" alt="{title}" /></a></dd>
		
		<dt class="vk_diy_page_title"><a href="{url}" title="{title}"{target} style="" >{title}</a></dt>
		<dd><p class="vk_diy_summary" style="">{summary}</p></dd>
		<dd class="vk_diy_page_info"> 
			<span><a href="{caturl}" title="{title}"{target} >{catname}</a></span> <i>/</i>
			<a href="{uid}" title="{title}"{target} >{username}</a><i>/</i>
			<span class="vk_diy_page_date">{dateline}</span> 
			<span class="vk_diy_page_comment right"><i></i>{commentnum}</span> 
			<span class="vk_diy_page_view right"><i></i>{viewnum}</span> 
		</dd>
	</dl>]]></item>
				</item>
				<item id="hash"><![CDATA[5862278a]]></item>
				<item id="getpic"><![CDATA[1]]></item>
				<item id="getsummary"><![CDATA[1]]></item>
				<item id="makethumb"><![CDATA[1]]></item>
				<item id="settarget"><![CDATA[1]]></item>
				<item id="fields">
					<item id="0"><![CDATA[ALLCOL]]></item>
					<item id="1"><![CDATA[url]]></item>
					<item id="2"><![CDATA[pic]]></item>
					<item id="3"><![CDATA[title]]></item>
					<item id="4"><![CDATA[summary]]></item>
					<item id="5"><![CDATA[caturl]]></item>
					<item id="6"><![CDATA[catname]]></item>
					<item id="7"><![CDATA[uid]]></item>
					<item id="8"><![CDATA[username]]></item>
					<item id="9"><![CDATA[dateline]]></item>
					<item id="10"><![CDATA[commentnum]]></item>
					<item id="11"><![CDATA[viewnum]]></item>
				</item>
				<item id="moreurl"><![CDATA[0]]></item>
			</item>
			<item id="229">
				<item id="styleid"><![CDATA[229]]></item>
				<item id="blockclass"><![CDATA[member_member]]></item>
				<item id="name"><![CDATA[[未来科技]会员头像-50px-圆形-一列-带序号]]></item>
				<item id="template">
					<item id="raw"><![CDATA[
<!--
[未来科技]会员头像-50px-圆形-一列-带序号
-->
<style type="text/css">
.vk_avt_side_sort { padding:3px 0 3px 0; border-bottom:1px solid #f2f2f2; }
.vk_avt_side_sort:last-child { border-bottom:none; }

.vk_avt_side_sort_l {float: left; display:inline-block; position: relative; background: #fff; border: none; width: 50px; height: 50px; margin:6px 5px 4px 5px;}
.vk_avt_side_sort_l img { border-radius:25px; }
.vk_avt_side_sort_l span { display: block; position: absolute; right: -10px; top: -10px; width: 22px; height: 22px; line-height: 22px; text-align: center; background: #0ad; color: #fff; font-size: 12px; border: 5px solid #fff; border-radius: 15px; } 
.vk_avt_side_sort_l span.vk_avt_color_one { background:#f55;}
.vk_avt_side_sort_l span.vk_avt_color_two { background:#f60;}
.vk_avt_side_sort_l span.vk_avt_color_three { background:#7b2;}
.vk_avt_side_sort_l span.vk_avt_color_four { background:#0ad;}
.vk_avt_side_sort_l span.vk_avt_color_common { background:#9ce;}

.vk_avt_side_sort_r { float:left; margin-left: 10px; height: 50px; color:#ccc; overflow: hidden; padding-top:10px; overflow: hidden; }
.vk_avt_side_sort_r h5 {font-size: 14px; font-weight:normal; }
.vk_avt_side_sort_r a {color:#333;}
.vk_avt_side_sort_r a:hover {color: #f60; text-decoration: none;}
.vk_avt_side_sort_r span { float:left; font-size: 12px; display: inline-block; margin-right: 10px; }
</style>

<div class="module cl" style="margin-top: -5px;">
	<ul>
	[loop]
		<li class="vk_avt_side_sort cl">
		   <div class="vk_avt_side_sort_l animated bounce hvr-wobble-horizontal">
		   		<a href="{url}" c="1"{target}><img src="{avatar}" width="50" height="50" alt="{title}"/><span class="vk_avt_color_common">Lv{currentorder}</span></a>
		   </div>
		   <div class="vk_avt_side_sort_r">
				<h5><a href="{url}"{target}>{title}</a></h5>
				<div><span>发帖:{threads}</span><span>回复:{posts}</span><span>积分:{credits}</span></div>
		   </div>
		</li>
	[/loop]

	[order=1]
		<li class="vk_avt_side_sort cl">
		   <div class="vk_avt_side_sort_l animated bounce hvr-wobble-horizontal">
		   		<a href="{url}" c="1"{target}><img src="{avatar}" width="50" height="50" alt="{title}"/><span class="vk_avt_color_one">Lv{currentorder}</span></a>
		   </div>
		   <div class="vk_avt_side_sort_r">
				<h5><a href="{url}"{target}>{title}</a></h5>
				<div><span>发帖:{threads}</span><span>回复:{posts}</span><span>积分:{credits}</span></div>
		   </div>
		</li>
	[/order]
	[order=2]
		<li class="vk_avt_side_sort cl">
		   <div class="vk_avt_side_sort_l animated bounce hvr-wobble-horizontal">
		   		<a href="{url}" c="1"{target}><img src="{avatar}" width="50" height="50" alt="{title}"/><span class="vk_avt_color_two">Lv{currentorder}</span></a>
		   </div>
		   <div class="vk_avt_side_sort_r">
				<h5><a href="{url}"{target}>{title}</a></h5>
				<div><span>发帖:{threads}</span><span>回复:{posts}</span><span>积分:{credits}</span></div>
		   </div>
		</li>
	[/order]
	[order=3]
		<li class="vk_avt_side_sort cl">
		   <div class="vk_avt_side_sort_l animated bounce hvr-wobble-horizontal">
		   		<a href="{url}" c="1"{target}><img src="{avatar}" width="50" height="50" alt="{title}"/><span class="vk_avt_color_three">Lv{currentorder}</span></a>
		   </div>
		   <div class="vk_avt_side_sort_r">
				<h5><a href="{url}"{target}>{title}</a></h5>
				<div><span>发帖:{threads}</span><span>回复:{posts}</span><span>积分:{credits}</span></div>
		   </div>
		</li>
	[/order]
	[order=4]
		<li class="vk_avt_side_sort cl">
		   <div class="vk_avt_side_sort_l animated bounce hvr-wobble-horizontal">
		   		<a href="{url}" c="1"{target}><img src="{avatar}" width="50" height="50" alt="{title}"/><span class="vk_avt_color_four">Lv{currentorder}</span></a>
		   </div>
		   <div class="vk_avt_side_sort_r">
				<h5><a href="{url}"{target}>{title}</a></h5>
				<div><span>发帖:{threads}</span><span>回复:{posts}</span><span>积分:{credits}</span></div>
		   </div>
		</li>
	[/order]

	</ul>
</div>
]]></item>
					<item id="footer"><![CDATA[]]></item>
					<item id="header"><![CDATA[]]></item>
					<item id="indexplus">
					</item>
					<item id="index">
					</item>
					<item id="orderplus">
					</item>
					<item id="order">
						<item id="1"><![CDATA[<li class="vk_avt_side_sort cl">
		   <div class="vk_avt_side_sort_l animated bounce hvr-wobble-horizontal">
		   		<a href="{url}" c="1"{target}><img src="{avatar}" width="50" height="50" alt="{title}"/><span class="vk_avt_color_one">Lv{currentorder}</span></a>
		   </div>
		   <div class="vk_avt_side_sort_r">
				<h5><a href="{url}"{target}>{title}</a></h5>
				<div><span>发帖:{threads}</span><span>回复:{posts}</span><span>积分:{credits}</span></div>
		   </div>
		</li>]]></item>
						<item id="2"><![CDATA[<li class="vk_avt_side_sort cl">
		   <div class="vk_avt_side_sort_l animated bounce hvr-wobble-horizontal">
		   		<a href="{url}" c="1"{target}><img src="{avatar}" width="50" height="50" alt="{title}"/><span class="vk_avt_color_two">Lv{currentorder}</span></a>
		   </div>
		   <div class="vk_avt_side_sort_r">
				<h5><a href="{url}"{target}>{title}</a></h5>
				<div><span>发帖:{threads}</span><span>回复:{posts}</span><span>积分:{credits}</span></div>
		   </div>
		</li>]]></item>
						<item id="3"><![CDATA[<li class="vk_avt_side_sort cl">
		   <div class="vk_avt_side_sort_l animated bounce hvr-wobble-horizontal">
		   		<a href="{url}" c="1"{target}><img src="{avatar}" width="50" height="50" alt="{title}"/><span class="vk_avt_color_three">Lv{currentorder}</span></a>
		   </div>
		   <div class="vk_avt_side_sort_r">
				<h5><a href="{url}"{target}>{title}</a></h5>
				<div><span>发帖:{threads}</span><span>回复:{posts}</span><span>积分:{credits}</span></div>
		   </div>
		</li>]]></item>
						<item id="4"><![CDATA[<li class="vk_avt_side_sort cl">
		   <div class="vk_avt_side_sort_l animated bounce hvr-wobble-horizontal">
		   		<a href="{url}" c="1"{target}><img src="{avatar}" width="50" height="50" alt="{title}"/><span class="vk_avt_color_four">Lv{currentorder}</span></a>
		   </div>
		   <div class="vk_avt_side_sort_r">
				<h5><a href="{url}"{target}>{title}</a></h5>
				<div><span>发帖:{threads}</span><span>回复:{posts}</span><span>积分:{credits}</span></div>
		   </div>
		</li>]]></item>
					</item>
					<item id="loopplus">
					</item>
					<item id="loop"><![CDATA[<li class="vk_avt_side_sort cl">
		   <div class="vk_avt_side_sort_l animated bounce hvr-wobble-horizontal">
		   		<a href="{url}" c="1"{target}><img src="{avatar}" width="50" height="50" alt="{title}"/><span class="vk_avt_color_common">Lv{currentorder}</span></a>
		   </div>
		   <div class="vk_avt_side_sort_r">
				<h5><a href="{url}"{target}>{title}</a></h5>
				<div><span>发帖:{threads}</span><span>回复:{posts}</span><span>积分:{credits}</span></div>
		   </div>
		</li>]]></item>
				</item>
				<item id="hash"><![CDATA[ea494c78]]></item>
				<item id="getpic"><![CDATA[0]]></item>
				<item id="getsummary"><![CDATA[0]]></item>
				<item id="makethumb"><![CDATA[0]]></item>
				<item id="settarget"><![CDATA[1]]></item>
				<item id="fields">
					<item id="0"><![CDATA[url]]></item>
					<item id="1"><![CDATA[avatar]]></item>
					<item id="2"><![CDATA[title]]></item>
					<item id="3"><![CDATA[currentorder]]></item>
					<item id="4"><![CDATA[threads]]></item>
					<item id="5"><![CDATA[posts]]></item>
					<item id="6"><![CDATA[credits]]></item>
				</item>
				<item id="moreurl"><![CDATA[0]]></item>
			</item>
			<item id="230">
				<item id="styleid"><![CDATA[230]]></item>
				<item id="blockclass"><![CDATA[portal_article]]></item>
				<item id="name"><![CDATA[[未来科技-2017]通用-文章图文列表14px-左图右标题-带摘要]]></item>
				<item id="template">
					<item id="raw"><![CDATA[
<!--
[未来科技-2017]通用-文章图文列表14px-左图右标题-带摘要
-->
<style type="text/css" >
.vk_diy_pic_title_list {}
.vk_diy_pic_title_list .m { float:left; margin:0px 8px 10px 0px; }
.vk_diy_pic_title_list .m img { transition:all 0.3s; }
.vk_diy_pic_title_list dl:hover .m img {transform:scale(1.1); }
.vk_diy_pic_title_list dd { margin-bottom:8px;  overflow:hidden; }
.vk_diy_pic_title_list dt { margin:0 0 10px 0px;  height:26px;  overflow:hidden; }
.vk_diy_pic_title_list dt a { line-height:26px; font-size:14px; font-weight: normal; color:#333;}
.vk_diy_pic_title_list dt a:hover { color:#f60;}
.vk_diy_pic_title_list dl { border-bottom:1px solid #eee; padding-top:10px; }

</style>

<div class="module cl vk_diy_pic_title_list ">
	[loop]
	<dl class="cl">
		<dd class="m"><a href="{url}"{target}><img src="{pic}" width="{picwidth}" height="{picheight}" alt="{title}" /></a></dd>
		<dt>  <a href="{url}" title="{title}"{target}>{title}</a></dt>
		<dd style=" line-height:24px; font-size:12px; font-weight: normal; color:#999;">{summary}</dd>
	</dl>
	[/loop]
</div>

]]></item>
					<item id="footer"><![CDATA[]]></item>
					<item id="header"><![CDATA[]]></item>
					<item id="indexplus"><![CDATA[
					]]></item>
					<item id="index"><![CDATA[
					]]></item>
					<item id="orderplus"><![CDATA[
					]]></item>
					<item id="order"><![CDATA[
					]]></item>
					<item id="loopplus"><![CDATA[
					]]></item>
					<item id="loop"><![CDATA[<dl class="cl">
		<dd class="m"><a href="{url}"{target}><img src="{pic}" width="{picwidth}" height="{picheight}" alt="{title}" /></a></dd>
		<dt>  <a href="{url}" title="{title}"{target}>{title}</a></dt>
		<dd style=" line-height:24px; font-size:12px; font-weight: normal; color:#999;">{summary}</dd>
	</dl>]]></item>
				</item>
				<item id="hash"><![CDATA[9001c9ed]]></item>
				<item id="getpic"><![CDATA[1]]></item>
				<item id="getsummary"><![CDATA[1]]></item>
				<item id="makethumb"><![CDATA[1]]></item>
				<item id="settarget"><![CDATA[1]]></item>
				<item id="fields">
					<item id="0"><![CDATA[url]]></item>
					<item id="1"><![CDATA[pic]]></item>
					<item id="2"><![CDATA[title]]></item>
					<item id="3"><![CDATA[summary]]></item>
				</item>
				<item id="moreurl"><![CDATA[0]]></item>
			</item>
			<item id="232">
				<item id="styleid"><![CDATA[232]]></item>
				<item id="blockclass"><![CDATA[forum_thread]]></item>
				<item id="name"><![CDATA[[未来科技-2020]帖子标题列表-左时间右标题-小字体样式]]></item>
				<item id="template">
					<item id="raw"><![CDATA[
<!--
[未来科技-2020]帖子标题列表-左时间右标题-小字体样式
-->

<style type="text/css">
.vk_time_title_list_little {}
.vk_time_title_list_little ul { }
.vk_time_title_list_little ul li { position: relative; height: 50px; }

.vk_time_title_list_little ul li .time { float: left; width: 90px; height: 30px; line-height: 30px; margin:10px 0px 0 0; font-size: 12px; color: #999; text-align: center; z-index: 10; }

.vk_time_title_list_little ul li a { display: block; height: 50px; line-height: 50px; font-size: 14px; color: #333; overflow: hidden; }

.vk_time_title_list_little ul li:hover .time { background: #f60; color: #fff; border-radius: 20px; }
.vk_time_title_list_little ul li:hover a { color: #f60; }

.vk_time_title_list_little ul li .list_line { position: relative;}
.vk_time_title_list_little ul li .list_dot { float: left; display: inline-block; width: 7px; height: 7px; background: #f60; border-radius: 100%; margin: 23px 10px 0 0; }

.vk_time_title_list_little li:before { content: ''; position: absolute; z-index: 0; width: 1px; height: 100%; left: 93px; top: 29px; background: #ccc; }
.vk_time_title_list_little li:last-child:before { background: none; }
</style>
<div class="vk_time_title_list_little">
    <ul>
        [loop]
		<li class="list_line"><span class="time">{dateline}</span><i class="list_dot"></i><a href="{url}" target="_blank" title="{title}" >{title}</a></li>
        [/loop]
    </ul>
</div>

]]></item>
					<item id="footer"><![CDATA[]]></item>
					<item id="header"><![CDATA[]]></item>
					<item id="indexplus">
					</item>
					<item id="index">
					</item>
					<item id="orderplus">
					</item>
					<item id="order">
					</item>
					<item id="loopplus">
					</item>
					<item id="loop"><![CDATA[<li class="list_line"><span class="time">{dateline}</span><i class="list_dot"></i><a href="{url}" target="_blank" title="{title}" >{title}</a></li>]]></item>
				</item>
				<item id="hash"><![CDATA[65a48eec]]></item>
				<item id="getpic"><![CDATA[0]]></item>
				<item id="getsummary"><![CDATA[0]]></item>
				<item id="makethumb"><![CDATA[0]]></item>
				<item id="settarget"><![CDATA[0]]></item>
				<item id="fields">
					<item id="0"><![CDATA[dateline]]></item>
					<item id="1"><![CDATA[url]]></item>
					<item id="2"><![CDATA[title]]></item>
				</item>
				<item id="moreurl"><![CDATA[0]]></item>
			</item>
			<item id="233">
				<item id="styleid"><![CDATA[233]]></item>
				<item id="blockclass"><![CDATA[portal_article]]></item>
				<item id="name"><![CDATA[[未来科技-通用]文章帖子图文列表-首个左图右文-其余列表-带虚线]]></item>
				<item id="template">
					<item id="raw"><![CDATA[<!--
[未来科技-通用]文章帖子图文列表-首个左图右文-其余列表-带虚线
-->
<style type="text/css" >
	.vk_a_blue ,
	.vk_a_blue a ,
	.vk_a_blue li a { color:#18c; }
	.vk_a_black ,
	.vk_a_black a ,
	.vk_a_black li a { color:#555; }

	.vk_a_blue a:hover ,
	.vk_a_blue li a:hover ,
	.vk_a_black a:hover ,
	.vk_a_black li a:hover { color:#f60 ; }

	.vk_xld_diy {}
	.vk_xld_diy li {border-bottom: 1px dashed #ddd;}
	.vk_xld_diy li:last-child {border-bottom: none;}
	.vk_xld_diy .m { margin:0px 8px 10px 0px;}
	.vk_xld_diy dt { padding:0px 0px 10px 0px;}
	.vk_xld_diy dl { margin:0px; }

</style>
<div class="module cl xld vk_xld_diy ">
	<ul>
		[loop]
			<li style=" height:40px; overflow:hidden; " class="vk_a_black" > <a href="{url}" title="{title}"{target} style="height:40px; line-height:40px; font-size:14px;">{title}</a>
			</li>
		[/loop]
		[order=1]
			<li>
				<dl class="cl">
					<dd class="m"><a href="{url}"{target}><img src="{pic}" width="{picwidth}" height="{picheight}" alt="{title}" /></a></dd>
					<dt class="vk_a_blue " style=" font-size:14px; font-weight: normal;">  <a href="{url}" title="{title}"{target}>{title}</a> <br>
					<span  style=" line-height:24px; font-size:12px; color:#999;">{summary}</span> </dt>
				</dl>
			</li>
		[/order]
	</ul>
</div>
]]></item>
					<item id="footer"><![CDATA[]]></item>
					<item id="header"><![CDATA[]]></item>
					<item id="indexplus">
					</item>
					<item id="index">
					</item>
					<item id="orderplus">
					</item>
					<item id="order">
						<item id="1"><![CDATA[<li>
				<dl class="cl">
					<dd class="m"><a href="{url}"{target}><img src="{pic}" width="{picwidth}" height="{picheight}" alt="{title}" /></a></dd>
					<dt class="vk_a_blue " style=" font-size:14px; font-weight: normal;">  <a href="{url}" title="{title}"{target}>{title}</a> <br>
					<span  style=" line-height:24px; font-size:12px; color:#999;">{summary}</span> </dt>
				</dl>
			</li>]]></item>
					</item>
					<item id="loopplus">
					</item>
					<item id="loop"><![CDATA[<li style=" height:40px; overflow:hidden; " class="vk_a_black" > <a href="{url}" title="{title}"{target} style="height:40px; line-height:40px; font-size:14px;">{title}</a>
			</li>]]></item>
				</item>
				<item id="hash"><![CDATA[be4165eb]]></item>
				<item id="getpic"><![CDATA[1]]></item>
				<item id="getsummary"><![CDATA[1]]></item>
				<item id="makethumb"><![CDATA[1]]></item>
				<item id="settarget"><![CDATA[1]]></item>
				<item id="fields">
					<item id="0"><![CDATA[url]]></item>
					<item id="1"><![CDATA[title]]></item>
					<item id="2"><![CDATA[pic]]></item>
					<item id="3"><![CDATA[summary]]></item>
				</item>
				<item id="moreurl"><![CDATA[0]]></item>
			</item>
			<item id="235">
				<item id="styleid"><![CDATA[235]]></item>
				<item id="blockclass"><![CDATA[portal_article]]></item>
				<item id="name"><![CDATA[[未来科技-通用]文章帖子图文列表14px-上图下标题-一列-带摘要]]></item>
				<item id="template">
					<item id="raw"><![CDATA[<!--
[未来科技-通用]文章帖子图文列表14px-上图下标题-一列-带摘要
-->
<style type="text/css" >
	.vk_pic_title_col_one {}
	.vk_pic_title_col_one .m { float:left; margin:0px 8px 10px 0px; overflow: hidden; }
	.vk_pic_title_col_one dl { border-bottom: 1px dashed #ddd; margin-bottom: 20px; }
	.vk_pic_title_col_one dl:last-child {border-bottom: none;}
	.vk_pic_title_col_one dd { margin-bottom:15px; }

	.vk_pic_title_col_one dt a {line-height:30px; font-size:14px; font-weight: normal; color:#333;}
	.vk_pic_title_col_one dt a:hover { color:#f60;}
	.vk_pic_title_col_one .m img { transition:all 0.3s; }
	.vk_pic_title_col_one dl:hover .m img {transform:scale(1.1); }
</style>

<div class="module cl vk_pic_title_col_one">
	[loop]
		<dl class="cl">
			<dd class="m"><a href="{url}"{target}><img src="{pic}" width="{picwidth}" height="{picheight}" alt="{title}" /></a></dd>
			<dt style=""> <a href="{url}" title="{title}"{target}>{title}</a></dt>
			<dd style=" line-height:24px; font-size:12px; font-weight: normal; color:#999;">{summary}</dd>
		</dl>
	[/loop]
</div>


]]></item>
					<item id="footer"><![CDATA[]]></item>
					<item id="header"><![CDATA[]]></item>
					<item id="indexplus">
					</item>
					<item id="index">
					</item>
					<item id="orderplus">
					</item>
					<item id="order">
					</item>
					<item id="loopplus">
					</item>
					<item id="loop"><![CDATA[<dl class="cl">
			<dd class="m"><a href="{url}"{target}><img src="{pic}" width="{picwidth}" height="{picheight}" alt="{title}" /></a></dd>
			<dt style=""> <a href="{url}" title="{title}"{target}>{title}</a></dt>
			<dd style=" line-height:24px; font-size:12px; font-weight: normal; color:#999;">{summary}</dd>
		</dl>]]></item>
				</item>
				<item id="hash"><![CDATA[ec2c726d]]></item>
				<item id="getpic"><![CDATA[1]]></item>
				<item id="getsummary"><![CDATA[1]]></item>
				<item id="makethumb"><![CDATA[1]]></item>
				<item id="settarget"><![CDATA[1]]></item>
				<item id="fields">
					<item id="0"><![CDATA[url]]></item>
					<item id="1"><![CDATA[pic]]></item>
					<item id="2"><![CDATA[title]]></item>
					<item id="3"><![CDATA[summary]]></item>
				</item>
				<item id="moreurl"><![CDATA[0]]></item>
			</item>
			<item id="264">
				<item id="styleid"><![CDATA[264]]></item>
				<item id="blockclass"><![CDATA[portal_article]]></item>
				<item id="name"><![CDATA[[未来科技-通用]文章调用-样式二：左图右标题-简约样式：纯色背景型]]></item>
				<item id="template">
					<item id="raw"><![CDATA[<!--
[未来科技-通用]文章调用-样式二：左图右标题-简约样式：纯色背景型
-->
<!--
1200 = 800 (内部 15+770+15) + 10 + 390
-->
<style type="text/css">
.vk_diy_page { width:870px ;  border:1px solid #fff; background: #fff; }

.vk_diy_page dl { width:850px; height:200px;  padding:5px 0 0 0;  margin: 0 0 0 15px;  background:#fff; border-bottom:1px solid #eee; }
.vk_diy_page .vk_diy_news_page:last-child { border-bottom: none; }
.vk_page_img_frame {/* width:250px; height:160px;*/ margin:15px 20px 0 0;  overflow: hidden ;  }
.vk_diy_page dl img { float:left; transition:all 0.3s ; }
.vk_diy_page dl:hover img { transform: scale(1.1); /*transform: translateZ(0)*/}

.vk_diy_page .vk_diy_page_title { height: 30px; margin-bottom:10px; overflow: hidden;  }
.vk_diy_page .vk_diy_page_title a { height: 30px;  line-height: 30px; font-size: 18px; font-weight: bold; }
.vk_diy_page dl:hover .vk_diy_page_title a { color: #f60; }
.vk_diy_page dl dd  p { line-height:30px; font-size: 14px;  color: #888; }

.vk_diy_news_page .vk_diy_page_info { margin:0 10px; line-height: 32px; font-size: 12px; color: #ccc; }
.vk_diy_news_page .vk_diy_page_info a { font-size: 12px; color: #ccc; }
.vk_diy_news_page .vk_diy_page_info .vk_diy_page_view { margin-right: 10px; }
.vk_diy_news_page .vk_diy_page_info i { padding:0 10px;}

/* 简约样式：纯色背景型 */
.holder { margin: 25px 0 10px 0; padding:15px 0 10px 0; height:40px;text-align:center;}
.holder a { font-size: 12px; cursor: pointer; color: #333; text-decoration: none; margin-left: 5px; padding: 8px 12px; background:#fff; border:1px solid #ccc; border-radius:20px; }
.holder a:hover { background:#5ce; color:#fff; border:1px solid #5ce;}
.holder a.jp-previous { margin-right: 10px; border-radius:3px;}
.holder a.jp-next { margin-left: 10px;  border-radius:3px;}
.holder a.jp-current, a.jp-current:hover {background:#5ce; color:#fff;border:1px solid #5ce;font-weight: bold;}
.holder a.jp-current, a.jp-current:hover,.holder a.jp-disabled, a.jp-disabled:hover {cursor: default; background:{ALLCOL};}
.holder a.jp-disabled, a.jp-disabled:hover { background:#fff; color: #333;}
.holder span { margin: 0 5px; }
</style>

<div class="module cl xld vk_diy_page" >
	[loop]
	<dl class="cl vk_diy_news_page" >
	
		<dd class="left vk_page_img_frame"> <a href="{url}"{target}><img src="{pic}" width="{picwidth}" height="{picheight}" alt="{title}" /></a></dd>
		
		<dt class="vk_diy_page_title"><a href="{url}" title="{title}"{target} style="" >{title}</a></dt>
		<dd><p class="vk_diy_summary" style="">{summary}</p></dd>
		<dd class="vk_diy_page_info"> 
			<span><a href="{caturl}" title="{title}"{target} >{catname}</a></span> <i>/</i>
			<a href="{uid}" title="{title}"{target} >{username}</a><i>/</i>
			<span class="vk_diy_page_date">{dateline}</span> 
			<span class="vk_diy_page_comment right"><i></i>{commentnum}</span> 
			<span class="vk_diy_page_view right"><i></i>{viewnum}</span> 
		</dd>
	</dl>
	[/loop]
</div>
]]></item>
					<item id="footer"><![CDATA[]]></item>
					<item id="header"><![CDATA[]]></item>
					<item id="indexplus">
					</item>
					<item id="index">
					</item>
					<item id="orderplus">
					</item>
					<item id="order">
					</item>
					<item id="loopplus">
					</item>
					<item id="loop"><![CDATA[<dl class="cl vk_diy_news_page" >
	
		<dd class="left vk_page_img_frame"> <a href="{url}"{target}><img src="{pic}" width="{picwidth}" height="{picheight}" alt="{title}" /></a></dd>
		
		<dt class="vk_diy_page_title"><a href="{url}" title="{title}"{target} style="" >{title}</a></dt>
		<dd><p class="vk_diy_summary" style="">{summary}</p></dd>
		<dd class="vk_diy_page_info"> 
			<span><a href="{caturl}" title="{title}"{target} >{catname}</a></span> <i>/</i>
			<a href="{uid}" title="{title}"{target} >{username}</a><i>/</i>
			<span class="vk_diy_page_date">{dateline}</span> 
			<span class="vk_diy_page_comment right"><i></i>{commentnum}</span> 
			<span class="vk_diy_page_view right"><i></i>{viewnum}</span> 
		</dd>
	</dl>]]></item>
				</item>
				<item id="hash"><![CDATA[d7367162]]></item>
				<item id="getpic"><![CDATA[1]]></item>
				<item id="getsummary"><![CDATA[1]]></item>
				<item id="makethumb"><![CDATA[1]]></item>
				<item id="settarget"><![CDATA[1]]></item>
				<item id="fields">
					<item id="0"><![CDATA[ALLCOL]]></item>
					<item id="1"><![CDATA[url]]></item>
					<item id="2"><![CDATA[pic]]></item>
					<item id="3"><![CDATA[title]]></item>
					<item id="4"><![CDATA[summary]]></item>
					<item id="5"><![CDATA[caturl]]></item>
					<item id="6"><![CDATA[catname]]></item>
					<item id="7"><![CDATA[uid]]></item>
					<item id="8"><![CDATA[username]]></item>
					<item id="9"><![CDATA[dateline]]></item>
					<item id="10"><![CDATA[commentnum]]></item>
					<item id="11"><![CDATA[viewnum]]></item>
				</item>
				<item id="moreurl"><![CDATA[0]]></item>
			</item>
			<item id="265">
				<item id="styleid"><![CDATA[265]]></item>
				<item id="blockclass"><![CDATA[portal_article]]></item>
				<item id="name"><![CDATA[[未来科技]文章-帖子图片幻灯-左右切换-875-350]]></item>
				<item id="template">
					<item id="raw"><![CDATA[<!--
[未来科技]文章-帖子图片幻灯-左右切换-875-350
-->
<style type="text/css">
	/* 因为 要引用 swiper.min.css 和 swiper.min.js 文件，为了避免修改路径麻烦，故js引用代码放在htm文件内，此处只写css 属性和框架 */
	#slide_index { height: 350px; overflow: hidden; margin-top: 0px; position: relative; }
	#slide_index .swiper-slide { position: relative; text-align: center; }
	#slide_index .swiper-slide a { width: 100%; height: 350px; display: block; cursor: pointer;  position: relative; float: left; overflow: hidden; outline: 0;}
	/*
	#slide_index img { max-width: 100%; display: block; }
	*/
	#slide_index h2 { text-align: left; text-indent: 10px; font-size: 16px; height: 40px; line-height: 40px; color: #fff; position: absolute; left:0; bottom: 0; right: 0; font-weight: normal; background-color: rgba(0,0,0,0); background: -moz-linear-gradient(top, rgba(0,0,0,0), rgba(0,0,0,0.7)); background: -webkit-gradient(linear, top, from(rgba(0,0,0,0)), to(rgba(0,0,0,0.7))); background: -webkit-linear-gradient(top, rgba(0,0,0,0), rgba(0,0,0,0.7)); background: -o-linear-gradient(top, rgba(0,0,0,0), rgba(0,0,0,0.7)); }

	#slide_index .swiper-pagination { position: absolute; z-index: 10; bottom: 5px; text-align: right !important; left: -5px /* right: 5px;*/ ; width: 100%; height: 20px; display: block; }
	#slide_index .swiper-pagination-bullet { display: inline-block; width: 8px; height: 8px; border-radius: 8px; background: #fff; margin: 0 3px; opacity: 0.8; cursor: pointer; }
	#slide_index .swiper-pagination-bullet-active { background: #0ad; }
	.swiper-button-next ,
	.swiper-button-prev {  }
</style>

<!-- Swiper -->
<div class="swiper-container_slide" id="slide_index">
	<div class="swiper-wrapper">
		[loop]
			<div class="swiper-slide"  style="width: {picwidth}px;  height:{picheight}">
				<a href="{url}" {target} title="{title}"><img src="{pic}" width="{picwidth}" height="{picheight}" /></a>
				<h2>{title}</h2>
			</div>
		[/loop]
	</div>
	<!-- Add Pagination -->
	<div class="swiper-pagination"></div>
	<!-- Add Arrows -->
	<div class="swiper-button-next"></div>
	<div class="swiper-button-prev"></div>
</div>
<!-- Initialize Swiper --> 
<script>
    var slideSwiper = new Swiper('#slide_index', {
        pagination: '.swiper-container_slide .swiper-pagination',
        nextButton: '.swiper-container_slide .swiper-button-next',
        prevButton: '.swiper-container_slide .swiper-button-prev',
        paginationClickable: true,
        spaceBetween: 30,
        centeredSlides: true,
        autoplay: 2500,
        autoplayDisableOnInteraction: false,
		preventClicks:false,

    });
</script>
]]></item>
					<item id="footer"><![CDATA[]]></item>
					<item id="header"><![CDATA[]]></item>
					<item id="indexplus">
					</item>
					<item id="index">
					</item>
					<item id="orderplus">
					</item>
					<item id="order">
					</item>
					<item id="loopplus">
					</item>
					<item id="loop"><![CDATA[<div class="swiper-slide"  style="width: {picwidth}px;  height:{picheight}">
				<a href="{url}" {target} title="{title}"><img src="{pic}" width="{picwidth}" height="{picheight}" /></a>
				<h2>{title}</h2>
			</div>]]></item>
				</item>
				<item id="hash"><![CDATA[ddb324dc]]></item>
				<item id="getpic"><![CDATA[1]]></item>
				<item id="getsummary"><![CDATA[0]]></item>
				<item id="makethumb"><![CDATA[1]]></item>
				<item id="settarget"><![CDATA[1]]></item>
				<item id="fields">
					<item id="0"><![CDATA[url]]></item>
					<item id="1"><![CDATA[title]]></item>
					<item id="2"><![CDATA[pic]]></item>
				</item>
				<item id="moreurl"><![CDATA[0]]></item>
			</item>
		</item>
	</item>
</root>