<?xml version="1.0" encoding="ISO-8859-1"?>
<root>
	<item id="spacecss"><![CDATA[]]></item>
	<item id="layoutdata">
		<item id="diy1"><![CDATA[]]></item>
		<item id="diy_topic"><![CDATA[]]></item>
		<item id="listcontenttop"><![CDATA[]]></item>
		<item id="listloopbottom"><![CDATA[]]></item>
		<item id="diycontentbottom"><![CDATA[]]></item>
		<item id="diyrighttop"><![CDATA[]]></item>
		<item id="sbody0">
			<item id="frame`framevwHSsG">
				<item id="attr">
					<item id="name"><![CDATA[framevwHSsG]]></item>
					<item id="moveable"><![CDATA[true]]></item>
					<item id="className"><![CDATA[frame move-span cl frame-1]]></item>
					<item id="titles"><![CDATA[]]></item>
				</item>
				<item id="column`framevwHSsG_left">
					<item id="attr">
						<item id="name"><![CDATA[framevwHSsG_left]]></item>
						<item id="className"><![CDATA[column frame-1-c]]></item>
					</item>
					<item id="block`portal_block_6994">
						<item id="attr">
							<item id="name"><![CDATA[portal_block_6994]]></item>
							<item id="className"><![CDATA[block move-span]]></item>
							<item id="titles"><![CDATA[]]></item>
						</item>
					</item>
				</item>
			</item>
			<item id="frame`frame4wIBnC">
				<item id="attr">
					<item id="name"><![CDATA[frame4wIBnC]]></item>
					<item id="moveable"><![CDATA[true]]></item>
					<item id="className"><![CDATA[frame move-span cl frame-1]]></item>
					<item id="titles"><![CDATA[]]></item>
				</item>
				<item id="column`frame4wIBnC_left">
					<item id="attr">
						<item id="name"><![CDATA[frame4wIBnC_left]]></item>
						<item id="className"><![CDATA[column frame-1-c]]></item>
					</item>
					<item id="block`portal_block_6995">
						<item id="attr">
							<item id="name"><![CDATA[portal_block_6995]]></item>
							<item id="className"><![CDATA[block move-span]]></item>
							<item id="titles"><![CDATA[]]></item>
						</item>
					</item>
				</item>
			</item>
		</item>
		<item id="sbody"><![CDATA[]]></item>
		<item id="diy2"><![CDATA[]]></item>
		<item id="diy3"><![CDATA[]]></item>
	</item>
	<item id="blockdata">
		<item id="block">
			<item id="6994">
				<item id="bid"><![CDATA[6994]]></item>
				<item id="blockclass"><![CDATA[portal_article]]></item>
				<item id="blocktype"><![CDATA[0]]></item>
				<item id="name"><![CDATA[24小时热榜]]></item>
				<item id="title"><![CDATA[]]></item>
				<item id="classname"><![CDATA[]]></item>
				<item id="summary"><![CDATA[]]></item>
				<item id="uid"><![CDATA[1]]></item>
				<item id="username"><![CDATA[admin]]></item>
				<item id="styleid"><![CDATA[0]]></item>
				<item id="blockstyle">
					<item id="name"><![CDATA[]]></item>
					<item id="blockclass"><![CDATA[portal_article]]></item>
					<item id="makethumb"><![CDATA[1]]></item>
					<item id="getpic"><![CDATA[1]]></item>
					<item id="getsummary"><![CDATA[0]]></item>
					<item id="settarget"><![CDATA[0]]></item>
					<item id="moreurl"><![CDATA[0]]></item>
					<item id="fields">
						<item id="0"><![CDATA[url]]></item>
						<item id="1"><![CDATA[pic]]></item>
						<item id="2"><![CDATA[title]]></item>
					</item>
					<item id="template">
						<item id="raw"><![CDATA[ [index=1]  
    <div class="hotlist-item-toptwo"><a href="{url}" class="hotlist-item-toptwo-pic" target="_blank" sensors_operation_list="hotlist" rel="noopener noreferrer"><img class=" scaleBig" src="{pic}" alt="{title}" width="{picwidth}" height="{picheight}"></a><span class="hotlist-item-toptwo-icon" style="background-position:0 -153px"></span><a href="{url}" class="hotlist-item-toptwo-title" target="_blank" sensors_operation_list="hotlist" rel="noopener noreferrer">
      <p class="ellipsis-2 weight-bold">{title}</p>
      </a></div>
      [/index]
       [index=2]  
    <div class="hotlist-item-toptwo"><a href="{url}" class="hotlist-item-toptwo-pic" target="_blank" sensors_operation_list="hotlist" rel="noopener noreferrer"><img class=" scaleBig" src="{pic}" alt="{title}" width="{picwidth}" height="{picheight}"></a><span class="hotlist-item-toptwo-icon" style="background-position:0 -191px"></span><a href="{url}" class="hotlist-item-toptwo-title" target="_blank" sensors_operation_list="hotlist" rel="noopener noreferrer">
      <p class="ellipsis-2 weight-bold">{title}</p>
      </a></div>
      [/index]]]></item>
						<item id="footer"><![CDATA[]]></item>
						<item id="header"><![CDATA[]]></item>
						<item id="indexplus">
						</item>
						<item id="index">
							<item id="1"><![CDATA[<div class="hotlist-item-toptwo"><a href="{url}" class="hotlist-item-toptwo-pic" target="_blank" sensors_operation_list="hotlist" rel="noopener noreferrer"><img class=" scaleBig" src="{pic}" alt="{title}" width="{picwidth}" height="{picheight}"></a><span class="hotlist-item-toptwo-icon" style="background-position:0 -153px"></span><a href="{url}" class="hotlist-item-toptwo-title" target="_blank" sensors_operation_list="hotlist" rel="noopener noreferrer">
      <p class="ellipsis-2 weight-bold">{title}</p>
      </a></div>]]></item>
							<item id="2"><![CDATA[<div class="hotlist-item-toptwo"><a href="{url}" class="hotlist-item-toptwo-pic" target="_blank" sensors_operation_list="hotlist" rel="noopener noreferrer"><img class=" scaleBig" src="{pic}" alt="{title}" width="{picwidth}" height="{picheight}"></a><span class="hotlist-item-toptwo-icon" style="background-position:0 -191px"></span><a href="{url}" class="hotlist-item-toptwo-title" target="_blank" sensors_operation_list="hotlist" rel="noopener noreferrer">
      <p class="ellipsis-2 weight-bold">{title}</p>
      </a></div>]]></item>
						</item>
						<item id="orderplus">
						</item>
						<item id="order">
						</item>
						<item id="loopplus">
						</item>
						<item id="loop">
						</item>
					</item>
					<item id="hash"><![CDATA[eb904e8f]]></item>
				</item>
				<item id="picwidth"><![CDATA[300]]></item>
				<item id="picheight"><![CDATA[200]]></item>
				<item id="target"><![CDATA[blank]]></item>
				<item id="dateformat"><![CDATA[m-d]]></item>
				<item id="dateuformat"><![CDATA[1]]></item>
				<item id="script"><![CDATA[article]]></item>
				<item id="param">
					<item id="aids"><![CDATA[]]></item>
					<item id="uids"><![CDATA[]]></item>
					<item id="keyword"><![CDATA[]]></item>
					<item id="picrequired"><![CDATA[1]]></item>
					<item id="starttime"><![CDATA[]]></item>
					<item id="endtime"><![CDATA[]]></item>
					<item id="orderby"><![CDATA[dateline]]></item>
					<item id="publishdateline"><![CDATA[0]]></item>
					<item id="titlelength"><![CDATA[60]]></item>
					<item id="summarylength"><![CDATA[80]]></item>
					<item id="startrow"><![CDATA[0]]></item>
					<item id="items"><![CDATA[2]]></item>
				</item>
				<item id="shownum"><![CDATA[2]]></item>
				<item id="cachetime"><![CDATA[3600]]></item>
				<item id="cachetimerange"><![CDATA[]]></item>
				<item id="punctualupdate"><![CDATA[0]]></item>
				<item id="hidedisplay"><![CDATA[0]]></item>
				<item id="dateline"><![CDATA[1567682166]]></item>
				<item id="notinherited"><![CDATA[0]]></item>
				<item id="isblank"><![CDATA[0]]></item>
			</item>
			<item id="6995">
				<item id="bid"><![CDATA[6995]]></item>
				<item id="blockclass"><![CDATA[portal_article]]></item>
				<item id="blocktype"><![CDATA[0]]></item>
				<item id="name"><![CDATA[热榜2]]></item>
				<item id="title"><![CDATA[]]></item>
				<item id="classname"><![CDATA[]]></item>
				<item id="summary"><![CDATA[]]></item>
				<item id="uid"><![CDATA[1]]></item>
				<item id="username"><![CDATA[admin]]></item>
				<item id="styleid"><![CDATA[0]]></item>
				<item id="blockstyle">
					<item id="name"><![CDATA[]]></item>
					<item id="blockclass"><![CDATA[portal_article]]></item>
					<item id="makethumb"><![CDATA[1]]></item>
					<item id="getpic"><![CDATA[1]]></item>
					<item id="getsummary"><![CDATA[0]]></item>
					<item id="settarget"><![CDATA[0]]></item>
					<item id="moreurl"><![CDATA[0]]></item>
					<item id="fields">
						<item id="0"><![CDATA[url]]></item>
						<item id="1"><![CDATA[pic]]></item>
						<item id="2"><![CDATA[title]]></item>
						<item id="3"><![CDATA[dateline]]></item>
					</item>
					<item id="template">
						<item id="raw"><![CDATA[    [index=1]
    <div class="hotlist-item-other clearfloat">
      <div class="hotlist-item-other-pic"><a href="{url}" target="_blank" sensors_operation_list="hotlist" rel="noopener noreferrer"><img class="scaleBig" src="{pic}" width="{picwidth}" height="{picheight}" alt="{title}"></a><span class="hotlist-item-other-icon" style="background-position:0 -228px;background-color:#4285f4;opacity:1"></span></div>
      <div class="hotlist-item-other-info"><a href="{url}" class="hotlist-item-other-title ellipsis-2 weight-bold" sensors_operation_list="hotlist" target="_blank" rel="noopener noreferrer">{title}</a><span class="hotlist-item-other-time">{dateline}</span></div>
    </div>
    [/index]
    [index=2]
    <div class="hotlist-item-other clearfloat">
      <div class="hotlist-item-other-pic"><a href="{url}" target="_blank" sensors_operation_list="hotlist" rel="noopener noreferrer"><img class="scaleBig" src="{pic}" width="{picwidth}" height="{picheight}" alt="{title}"></a><span class="hotlist-item-other-icon" style="background-position:0 -248px;background-color:#262626;opacity:0.5"></span></div>
      <div class="hotlist-item-other-info"><a href="{url}" class="hotlist-item-other-title ellipsis-2 weight-bold" sensors_operation_list="hotlist" target="_blank" rel="noopener noreferrer">{title}</a><span class="hotlist-item-other-time">{dateline}</span></div>
    </div>
    [/index]
    [index=3]
    <div class="hotlist-item-other clearfloat">
      <div class="hotlist-item-other-pic"><a href="{url}" target="_blank" sensors_operation_list="hotlist" rel="noopener noreferrer"><img class="scaleBig" src="{pic}" width="{picwidth}" height="{picheight}" alt="{title}"></a><span class="hotlist-item-other-icon" style="background-position:0 -268px;background-color:#262626;opacity:0.5"></span></div>
      <div class="hotlist-item-other-info"><a href="{url}" class="hotlist-item-other-title ellipsis-2 weight-bold" sensors_operation_list="hotlist" target="_blank" rel="noopener noreferrer">{title}</a><span class="hotlist-item-other-time">{dateline}</span></div>
    </div>
    [/index]
    [index=4]
    <div class="hotlist-item-other clearfloat">
      <div class="hotlist-item-other-pic"><a href="{url}" target="_blank" sensors_operation_list="hotlist" rel="noopener noreferrer"><img class="scaleBig" src="{pic}" width="{picwidth}" height="{picheight}" alt="{title}"></a><span class="hotlist-item-other-icon" style="background-position:0 -288px;background-color:#262626;opacity:0.5"></span></div>
      <div class="hotlist-item-other-info"><a href="{url}" class="hotlist-item-other-title ellipsis-2 weight-bold" sensors_operation_list="hotlist" target="_blank" rel="noopener noreferrer">{title}</a><span class="hotlist-item-other-time">{dateline}</span></div>
    </div>
    [/index]
    [index=5]
    <div class="hotlist-item-other clearfloat">
      <div class="hotlist-item-other-pic"><a href="{url}" target="_blank" sensors_operation_list="hotlist" rel="noopener noreferrer"><img class="scaleBig" src="{pic}" width="{picwidth}" height="{picheight}" alt="{title}"></a><span class="hotlist-item-other-icon" style="background-position:0 -308px;background-color:#262626;opacity:0.5"></span></div>
      <div class="hotlist-item-other-info"><a href="{url}" class="hotlist-item-other-title ellipsis-2 weight-bold" sensors_operation_list="hotlist" target="_blank" rel="noopener noreferrer">{title}</a><span class="hotlist-item-other-time">{dateline}</span></div>
    </div>
    [/index]
    [index=6]
    <div class="hotlist-item-other clearfloat">
      <div class="hotlist-item-other-pic"><a href="{url}" target="_blank" sensors_operation_list="hotlist" rel="noopener noreferrer"><img class="scaleBig" src="{pic}" width="{picwidth}" height="{picheight}" alt="{title}"></a><span class="hotlist-item-other-icon" style="background-position:0 -328px;background-color:#262626;opacity:0.5"></span></div>
      <div class="hotlist-item-other-info"><a href="{url}" class="hotlist-item-other-title ellipsis-2 weight-bold" sensors_operation_list="hotlist" target="_blank" rel="noopener noreferrer">{title}</a><span class="hotlist-item-other-time">{dateline}</span></div>
    </div>
    [/index]
    [index=7]
    <div class="hotlist-item-other clearfloat">
      <div class="hotlist-item-other-pic"><a href="{url}" target="_blank" sensors_operation_list="hotlist" rel="noopener noreferrer"><img class="scaleBig" src="{pic}" width="{picwidth}" height="{picheight}" alt="{title}"></a><span class="hotlist-item-other-icon" style="background-position:0 -348px;background-color:#262626;opacity:0.5"></span></div>
      <div class="hotlist-item-other-info"><a href="{url}" class="hotlist-item-other-title ellipsis-2 weight-bold" sensors_operation_list="hotlist" target="_blank" rel="noopener noreferrer">{title}</a><span class="hotlist-item-other-time">{dateline}</span></div>
    </div>
    [/index]
    [index=8]
    <div class="hotlist-item-other clearfloat">
      <div class="hotlist-item-other-pic"><a href="{url}" target="_blank" sensors_operation_list="hotlist" rel="noopener noreferrer"><img class="scaleBig" src="{pic}" width="{picwidth}" height="{picheight}" alt="{title}"></a><span class="hotlist-item-other-icon" style="background-position:0 -368px;background-color:#262626;opacity:0.5"></span></div>
      <div class="hotlist-item-other-info"><a href="{url}" class="hotlist-item-other-title ellipsis-2 weight-bold" sensors_operation_list="hotlist" target="_blank" rel="noopener noreferrer">{title}</a><span class="hotlist-item-other-time">{dateline}</span></div>
    </div>
    [/index]]]></item>
						<item id="footer"><![CDATA[]]></item>
						<item id="header"><![CDATA[]]></item>
						<item id="indexplus">
						</item>
						<item id="index">
							<item id="1"><![CDATA[<div class="hotlist-item-other clearfloat">
      <div class="hotlist-item-other-pic"><a href="{url}" target="_blank" sensors_operation_list="hotlist" rel="noopener noreferrer"><img class="scaleBig" src="{pic}" width="{picwidth}" height="{picheight}" alt="{title}"></a><span class="hotlist-item-other-icon" style="background-position:0 -228px;background-color:#4285f4;opacity:1"></span></div>
      <div class="hotlist-item-other-info"><a href="{url}" class="hotlist-item-other-title ellipsis-2 weight-bold" sensors_operation_list="hotlist" target="_blank" rel="noopener noreferrer">{title}</a><span class="hotlist-item-other-time">{dateline}</span></div>
    </div>]]></item>
							<item id="2"><![CDATA[<div class="hotlist-item-other clearfloat">
      <div class="hotlist-item-other-pic"><a href="{url}" target="_blank" sensors_operation_list="hotlist" rel="noopener noreferrer"><img class="scaleBig" src="{pic}" width="{picwidth}" height="{picheight}" alt="{title}"></a><span class="hotlist-item-other-icon" style="background-position:0 -248px;background-color:#262626;opacity:0.5"></span></div>
      <div class="hotlist-item-other-info"><a href="{url}" class="hotlist-item-other-title ellipsis-2 weight-bold" sensors_operation_list="hotlist" target="_blank" rel="noopener noreferrer">{title}</a><span class="hotlist-item-other-time">{dateline}</span></div>
    </div>]]></item>
							<item id="3"><![CDATA[<div class="hotlist-item-other clearfloat">
      <div class="hotlist-item-other-pic"><a href="{url}" target="_blank" sensors_operation_list="hotlist" rel="noopener noreferrer"><img class="scaleBig" src="{pic}" width="{picwidth}" height="{picheight}" alt="{title}"></a><span class="hotlist-item-other-icon" style="background-position:0 -268px;background-color:#262626;opacity:0.5"></span></div>
      <div class="hotlist-item-other-info"><a href="{url}" class="hotlist-item-other-title ellipsis-2 weight-bold" sensors_operation_list="hotlist" target="_blank" rel="noopener noreferrer">{title}</a><span class="hotlist-item-other-time">{dateline}</span></div>
    </div>]]></item>
							<item id="4"><![CDATA[<div class="hotlist-item-other clearfloat">
      <div class="hotlist-item-other-pic"><a href="{url}" target="_blank" sensors_operation_list="hotlist" rel="noopener noreferrer"><img class="scaleBig" src="{pic}" width="{picwidth}" height="{picheight}" alt="{title}"></a><span class="hotlist-item-other-icon" style="background-position:0 -288px;background-color:#262626;opacity:0.5"></span></div>
      <div class="hotlist-item-other-info"><a href="{url}" class="hotlist-item-other-title ellipsis-2 weight-bold" sensors_operation_list="hotlist" target="_blank" rel="noopener noreferrer">{title}</a><span class="hotlist-item-other-time">{dateline}</span></div>
    </div>]]></item>
							<item id="5"><![CDATA[<div class="hotlist-item-other clearfloat">
      <div class="hotlist-item-other-pic"><a href="{url}" target="_blank" sensors_operation_list="hotlist" rel="noopener noreferrer"><img class="scaleBig" src="{pic}" width="{picwidth}" height="{picheight}" alt="{title}"></a><span class="hotlist-item-other-icon" style="background-position:0 -308px;background-color:#262626;opacity:0.5"></span></div>
      <div class="hotlist-item-other-info"><a href="{url}" class="hotlist-item-other-title ellipsis-2 weight-bold" sensors_operation_list="hotlist" target="_blank" rel="noopener noreferrer">{title}</a><span class="hotlist-item-other-time">{dateline}</span></div>
    </div>]]></item>
							<item id="6"><![CDATA[<div class="hotlist-item-other clearfloat">
      <div class="hotlist-item-other-pic"><a href="{url}" target="_blank" sensors_operation_list="hotlist" rel="noopener noreferrer"><img class="scaleBig" src="{pic}" width="{picwidth}" height="{picheight}" alt="{title}"></a><span class="hotlist-item-other-icon" style="background-position:0 -328px;background-color:#262626;opacity:0.5"></span></div>
      <div class="hotlist-item-other-info"><a href="{url}" class="hotlist-item-other-title ellipsis-2 weight-bold" sensors_operation_list="hotlist" target="_blank" rel="noopener noreferrer">{title}</a><span class="hotlist-item-other-time">{dateline}</span></div>
    </div>]]></item>
							<item id="7"><![CDATA[<div class="hotlist-item-other clearfloat">
      <div class="hotlist-item-other-pic"><a href="{url}" target="_blank" sensors_operation_list="hotlist" rel="noopener noreferrer"><img class="scaleBig" src="{pic}" width="{picwidth}" height="{picheight}" alt="{title}"></a><span class="hotlist-item-other-icon" style="background-position:0 -348px;background-color:#262626;opacity:0.5"></span></div>
      <div class="hotlist-item-other-info"><a href="{url}" class="hotlist-item-other-title ellipsis-2 weight-bold" sensors_operation_list="hotlist" target="_blank" rel="noopener noreferrer">{title}</a><span class="hotlist-item-other-time">{dateline}</span></div>
    </div>]]></item>
							<item id="8"><![CDATA[<div class="hotlist-item-other clearfloat">
      <div class="hotlist-item-other-pic"><a href="{url}" target="_blank" sensors_operation_list="hotlist" rel="noopener noreferrer"><img class="scaleBig" src="{pic}" width="{picwidth}" height="{picheight}" alt="{title}"></a><span class="hotlist-item-other-icon" style="background-position:0 -368px;background-color:#262626;opacity:0.5"></span></div>
      <div class="hotlist-item-other-info"><a href="{url}" class="hotlist-item-other-title ellipsis-2 weight-bold" sensors_operation_list="hotlist" target="_blank" rel="noopener noreferrer">{title}</a><span class="hotlist-item-other-time">{dateline}</span></div>
    </div>]]></item>
						</item>
						<item id="orderplus">
						</item>
						<item id="order">
						</item>
						<item id="loopplus">
						</item>
						<item id="loop">
						</item>
					</item>
					<item id="hash"><![CDATA[d80e40dd]]></item>
				</item>
				<item id="picwidth"><![CDATA[105]]></item>
				<item id="picheight"><![CDATA[70]]></item>
				<item id="target"><![CDATA[blank]]></item>
				<item id="dateformat"><![CDATA[m-d]]></item>
				<item id="dateuformat"><![CDATA[1]]></item>
				<item id="script"><![CDATA[article]]></item>
				<item id="param">
					<item id="aids"><![CDATA[]]></item>
					<item id="uids"><![CDATA[]]></item>
					<item id="keyword"><![CDATA[]]></item>
					<item id="picrequired"><![CDATA[1]]></item>
					<item id="starttime"><![CDATA[]]></item>
					<item id="endtime"><![CDATA[]]></item>
					<item id="orderby"><![CDATA[dateline]]></item>
					<item id="publishdateline"><![CDATA[0]]></item>
					<item id="titlelength"><![CDATA[60]]></item>
					<item id="summarylength"><![CDATA[80]]></item>
					<item id="startrow"><![CDATA[2]]></item>
					<item id="items"><![CDATA[8]]></item>
				</item>
				<item id="shownum"><![CDATA[8]]></item>
				<item id="cachetime"><![CDATA[3600]]></item>
				<item id="cachetimerange"><![CDATA[]]></item>
				<item id="punctualupdate"><![CDATA[0]]></item>
				<item id="hidedisplay"><![CDATA[0]]></item>
				<item id="dateline"><![CDATA[1567682182]]></item>
				<item id="notinherited"><![CDATA[0]]></item>
				<item id="isblank"><![CDATA[0]]></item>
			</item>
		</item>
		<item id="style">
		</item>
	</item>
</root>
