<?xml version="1.0" encoding="ISO-8859-1"?>
<root>
	<item id="spacecss"><![CDATA[]]></item>
	<item id="layoutdata">
		<item id="diy1">
			<item id="frame`frameequ3F7">
				<item id="attr">
					<item id="name"><![CDATA[frameequ3F7]]></item>
					<item id="moveable"><![CDATA[true]]></item>
					<item id="className"><![CDATA[frame move-span cl frame-1]]></item>
					<item id="titles"><![CDATA[]]></item>
				</item>
				<item id="column`frameequ3F7_left">
					<item id="attr">
						<item id="name"><![CDATA[frameequ3F7_left]]></item>
						<item id="className"><![CDATA[column frame-1-c]]></item>
					</item>
					<item id="block`portal_block_6705">
						<item id="attr">
							<item id="name"><![CDATA[portal_block_6705]]></item>
							<item id="className"><![CDATA[block move-span]]></item>
							<item id="titles"><![CDATA[]]></item>
						</item>
					</item>
				</item>
			</item>
		</item>
	</item>
	<item id="blockdata">
		<item id="block">
			<item id="6705">
				<item id="bid"><![CDATA[6705]]></item>
				<item id="blockclass"><![CDATA[html_html]]></item>
				<item id="blocktype"><![CDATA[0]]></item>
				<item id="name"><![CDATA[大咖]]></item>
				<item id="title"><![CDATA[]]></item>
				<item id="classname"><![CDATA[]]></item>
				<item id="summary"><![CDATA[<div class="counselor-box">
    <ul class="counselor-content">
          <li class="counselor-imgBox counselor-imgBox-1">
        <div class="move-box">
          <div class="shade"></div>
          <img src="template/elec_201910_travel/style/member/p1.png" alt="">
          <div class="move-intro">
            <span class="name">王润德</span>
            <span class="post">数矩科技CEO王润德</span>
          </div>
        </div>
      </li>
          <li class="counselor-imgBox counselor-imgBox-2">
        <div class="move-box">
          <div class="shade"></div>
          <img src="template/elec_201910_travel/style/member/p2.png" alt="">
          <div class="move-intro">
            <span class="name">邵建良</span>
            <span class="post">嘉楠耘智区块链事业部总经理</span>
          </div>
        </div>
      </li>
          <li class="counselor-imgBox counselor-imgBox-3">
        <div class="move-box">
          <div class="shade"></div>
          <img src="template/elec_201910_travel/style/member/p3.png" alt="">
          <div class="move-intro">
            <span class="name">陆晨</span>
            <span class="post">平安磐海资本有限责任公司首席风险官</span>
          </div>
        </div>
      </li>
          <li class="counselor-imgBox counselor-imgBox-4">
        <div class="move-box">
          <div class="shade"></div>
          <img src="template/elec_201910_travel/style/member/p4.png" alt="">
          <div class="move-intro">
            <span class="name">姚勇杰</span>
            <span class="post">暾澜投资董事长姚勇杰</span>
          </div>
        </div>
      </li>
          <li class="counselor-imgBox counselor-imgBox-5">
        <div class="move-box">
          <div class="shade"></div>
          <img src="template/elec_201910_travel/style/member/p5.png" alt="">
          <div class="move-intro">
            <span class="name">胡润</span>
            <span class="post">胡润百富榜创始人</span>
          </div>
        </div>
      </li>
          <li class="counselor-imgBox counselor-imgBox-6">
        <div class="move-box">
          <div class="shade"></div>
          <img src="template/elec_201910_travel/style/member/p6.png" alt="">
          <div class="move-intro">
            <span class="name">金岩石</span>
            <span class="post">联合国世界区块链组织首席经济学家</span>
          </div>
        </div>
      </li>
          <li class="counselor-imgBox counselor-imgBox-7">
        <div class="move-box">
          <div class="shade"></div>
          <img src="template/elec_201910_travel/style/member/p7.png" alt="">
          <div class="move-intro">
            <span class="name">罗罡瑜</span>
            <span class="post">嘻哈财经创始人</span>
          </div>
        </div>
      </li>
        </ul>
  </div>
  <div class="guwentuan-alert guwentuan-alert-1">    <div class="shade"></div>
    <div class="alert-cont">
      <div><img src="template/elec_201910_travel/style/member/p1.png"></div>
      <div class="intro">
        <h2>王润德</h2>
        <h3>数矩科技CEO王润德</h3>
        <p>区块链在2018年市场趋于冷静期，大家在寻找合适的应用场景的同时也在追寻更合规化，包括DAICO融资方式。虽然区块链并没有形成大规模的落地应用，但是技术的成熟度已经相对完善，并且能够影响很多行业和领域。</p>
      </div>
    </div></div>
    
    
    <div class="guwentuan-alert guwentuan-alert-2">    <div class="shade"></div>
    <div class="alert-cont">
      <div><img src="template/elec_201910_travel/style/member/p2.png"></div>
      <div class="intro">
        <h2>邵建良</h2>
        <h3>嘉楠耘智区块链事业部总经理</h3>
        <p>区块链未来投资机会已到来</p>
      </div>
    </div></div>
    
    
    <div class="guwentuan-alert guwentuan-alert-3">    <div class="shade"></div>
    <div class="alert-cont">
      <div><img src="template/elec_201910_travel/style/member/p3.png"></div>
      <div class="intro">
        <h2>陆晨</h2>
        <h3>平安磐海资本有限责任公司首席风险官</h3>
        <p>陆晨：与基金经理同步风险观念，多路径突围对冲基金困境</p>
      </div>
    </div></div>
    
    
    <div class="guwentuan-alert guwentuan-alert-4">    <div class="shade"></div>
    <div class="alert-cont">
      <div><img src="template/elec_201910_travel/style/member/p4.png"></div>
      <div class="intro">
        <h2>姚勇杰</h2>
        <h3>暾澜投资董事长姚勇杰</h3>
        <p>三年前股权投资，现已获数百倍回报 暾澜投资姚勇杰：我将决战区块链！</p>
      </div>
    </div></div>
    
    <div class="guwentuan-alert guwentuan-alert-5">    <div class="shade"></div>
    <div class="alert-cont">
      <div><img src="template/elec_201910_travel/style/member/p5.png"></div>
      <div class="intro">
        <h2>胡润</h2>
        <h3>胡润百富榜创始人</h3>
        <p>作为经营富豪榜的胡润来说，被诸多网友认为，"充分了解中国国情、中国市场"，抓住了社会转型时期的公众心理，而胡润将自己制作的富豪榜前加上自己的名字，更是被营销专家认为是精明之处。胡润通过制榜，通过榜单的影响也提升了自己的知名度，这样其走穴也就顺理成章。</p>
      </div>
    </div></div>
    
    
    <div class="guwentuan-alert guwentuan-alert-6">    <div class="shade"></div>
    <div class="alert-cont">
      <div><img src="template/elec_201910_travel/style/member/p6.png"></div>
      <div class="intro">
        <h2>金岩石</h2>
        <h3>联合国世界区块链组织首席经济学家</h3>
        <p>金岩石对宏观经济、城市化、房地产、股市、证券行业等都具有自己深入的见解与独特的观点。与国内其他经济学家不同的是，金岩石善于运用幽默风趣的言辞对他的观点加以形象的表述，常常能使听者心领神会，印象深刻！</p>
      </div>
    </div></div>
    
    
    <div class="guwentuan-alert guwentuan-alert-7">    <div class="shade"></div>
    <div class="alert-cont">
      <div><img src="template/elec_201910_travel/style/member/p7.png"></div>
      <div class="intro">
        <h2>罗罡瑜</h2>
        <h3>嘻哈财经创始人</h3>
        <p>曾任职多家金融机构顾问，有丰富的金融经验</p>
      </div>
    </div></div>]]></item>
				<item id="uid"><![CDATA[1]]></item>
				<item id="username"><![CDATA[admin]]></item>
				<item id="styleid"><![CDATA[0]]></item>
				<item id="blockstyle"><![CDATA[]]></item>
				<item id="picwidth"><![CDATA[0]]></item>
				<item id="picheight"><![CDATA[0]]></item>
				<item id="target"><![CDATA[blank]]></item>
				<item id="dateformat"><![CDATA[Y-m-d]]></item>
				<item id="dateuformat"><![CDATA[0]]></item>
				<item id="script"><![CDATA[blank]]></item>
				<item id="param">
					<item id="content"><![CDATA[<div class=\"counselor-box\">
    <ul class=\"counselor-content\">
          <li class=\"counselor-imgBox counselor-imgBox-1\">
        <div class=\"move-box\">
          <div class=\"shade\"></div>
          <img src=\"template/elec_201910_travel/style/member/p1.png\" alt=\"\">
          <div class=\"move-intro\">
            <span class=\"name\">王润德</span>
            <span class=\"post\">数矩科技CEO王润德</span>
          </div>
        </div>
      </li>
          <li class=\"counselor-imgBox counselor-imgBox-2\">
        <div class=\"move-box\">
          <div class=\"shade\"></div>
          <img src=\"template/elec_201910_travel/style/member/p2.png\" alt=\"\">
          <div class=\"move-intro\">
            <span class=\"name\">邵建良</span>
            <span class=\"post\">嘉楠耘智区块链事业部总经理</span>
          </div>
        </div>
      </li>
          <li class=\"counselor-imgBox counselor-imgBox-3\">
        <div class=\"move-box\">
          <div class=\"shade\"></div>
          <img src=\"template/elec_201910_travel/style/member/p3.png\" alt=\"\">
          <div class=\"move-intro\">
            <span class=\"name\">陆晨</span>
            <span class=\"post\">平安磐海资本有限责任公司首席风险官</span>
          </div>
        </div>
      </li>
          <li class=\"counselor-imgBox counselor-imgBox-4\">
        <div class=\"move-box\">
          <div class=\"shade\"></div>
          <img src=\"template/elec_201910_travel/style/member/p4.png\" alt=\"\">
          <div class=\"move-intro\">
            <span class=\"name\">姚勇杰</span>
            <span class=\"post\">暾澜投资董事长姚勇杰</span>
          </div>
        </div>
      </li>
          <li class=\"counselor-imgBox counselor-imgBox-5\">
        <div class=\"move-box\">
          <div class=\"shade\"></div>
          <img src=\"template/elec_201910_travel/style/member/p5.png\" alt=\"\">
          <div class=\"move-intro\">
            <span class=\"name\">胡润</span>
            <span class=\"post\">胡润百富榜创始人</span>
          </div>
        </div>
      </li>
          <li class=\"counselor-imgBox counselor-imgBox-6\">
        <div class=\"move-box\">
          <div class=\"shade\"></div>
          <img src=\"template/elec_201910_travel/style/member/p6.png\" alt=\"\">
          <div class=\"move-intro\">
            <span class=\"name\">金岩石</span>
            <span class=\"post\">联合国世界区块链组织首席经济学家</span>
          </div>
        </div>
      </li>
          <li class=\"counselor-imgBox counselor-imgBox-7\">
        <div class=\"move-box\">
          <div class=\"shade\"></div>
          <img src=\"template/elec_201910_travel/style/member/p7.png\" alt=\"\">
          <div class=\"move-intro\">
            <span class=\"name\">罗罡瑜</span>
            <span class=\"post\">嘻哈财经创始人</span>
          </div>
        </div>
      </li>
        </ul>
  </div>
  <div class=\"guwentuan-alert guwentuan-alert-1\">    <div class=\"shade\"></div>
    <div class=\"alert-cont\">
      <div><img src=\"template/elec_201910_travel/style/member/p1.png\"></div>
      <div class=\"intro\">
        <h2>王润德</h2>
        <h3>数矩科技CEO王润德</h3>
        <p>区块链在2018年市场趋于冷静期，大家在寻找合适的应用场景的同时也在追寻更合规化，包括DAICO融资方式。虽然区块链并没有形成大规模的落地应用，但是技术的成熟度已经相对完善，并且能够影响很多行业和领域。</p>
      </div>
    </div></div>
    
    
    <div class=\"guwentuan-alert guwentuan-alert-2\">    <div class=\"shade\"></div>
    <div class=\"alert-cont\">
      <div><img src=\"template/elec_201910_travel/style/member/p2.png\"></div>
      <div class=\"intro\">
        <h2>邵建良</h2>
        <h3>嘉楠耘智区块链事业部总经理</h3>
        <p>区块链未来投资机会已到来</p>
      </div>
    </div></div>
    
    
    <div class=\"guwentuan-alert guwentuan-alert-3\">    <div class=\"shade\"></div>
    <div class=\"alert-cont\">
      <div><img src=\"template/elec_201910_travel/style/member/p3.png\"></div>
      <div class=\"intro\">
        <h2>陆晨</h2>
        <h3>平安磐海资本有限责任公司首席风险官</h3>
        <p>陆晨：与基金经理同步风险观念，多路径突围对冲基金困境</p>
      </div>
    </div></div>
    
    
    <div class=\"guwentuan-alert guwentuan-alert-4\">    <div class=\"shade\"></div>
    <div class=\"alert-cont\">
      <div><img src=\"template/elec_201910_travel/style/member/p4.png\"></div>
      <div class=\"intro\">
        <h2>姚勇杰</h2>
        <h3>暾澜投资董事长姚勇杰</h3>
        <p>三年前股权投资，现已获数百倍回报 暾澜投资姚勇杰：我将决战区块链！</p>
      </div>
    </div></div>
    
    <div class=\"guwentuan-alert guwentuan-alert-5\">    <div class=\"shade\"></div>
    <div class=\"alert-cont\">
      <div><img src=\"template/elec_201910_travel/style/member/p5.png\"></div>
      <div class=\"intro\">
        <h2>胡润</h2>
        <h3>胡润百富榜创始人</h3>
        <p>作为经营富豪榜的胡润来说，被诸多网友认为，\"充分了解中国国情、中国市场\"，抓住了社会转型时期的公众心理，而胡润将自己制作的富豪榜前加上自己的名字，更是被营销专家认为是精明之处。胡润通过制榜，通过榜单的影响也提升了自己的知名度，这样其走穴也就顺理成章。</p>
      </div>
    </div></div>
    
    
    <div class=\"guwentuan-alert guwentuan-alert-6\">    <div class=\"shade\"></div>
    <div class=\"alert-cont\">
      <div><img src=\"template/elec_201910_travel/style/member/p6.png\"></div>
      <div class=\"intro\">
        <h2>金岩石</h2>
        <h3>联合国世界区块链组织首席经济学家</h3>
        <p>金岩石对宏观经济、城市化、房地产、股市、证券行业等都具有自己深入的见解与独特的观点。与国内其他经济学家不同的是，金岩石善于运用幽默风趣的言辞对他的观点加以形象的表述，常常能使听者心领神会，印象深刻！</p>
      </div>
    </div></div>
    
    
    <div class=\"guwentuan-alert guwentuan-alert-7\">    <div class=\"shade\"></div>
    <div class=\"alert-cont\">
      <div><img src=\"template/elec_201910_travel/style/member/p7.png\"></div>
      <div class=\"intro\">
        <h2>罗罡瑜</h2>
        <h3>嘻哈财经创始人</h3>
        <p>曾任职多家金融机构顾问，有丰富的金融经验</p>
      </div>
    </div></div>]]></item>
					<item id="items"><![CDATA[10]]></item>
				</item>
				<item id="shownum"><![CDATA[10]]></item>
				<item id="cachetime"><![CDATA[0]]></item>
				<item id="cachetimerange"><![CDATA[0,0]]></item>
				<item id="punctualupdate"><![CDATA[0]]></item>
				<item id="hidedisplay"><![CDATA[0]]></item>
				<item id="dateline"><![CDATA[1563336349]]></item>
				<item id="notinherited"><![CDATA[0]]></item>
				<item id="isblank"><![CDATA[0]]></item>
			</item>
		</item>
		<item id="style">
		</item>
	</item>
</root>
