<?xml version="1.0" encoding="ISO-8859-1"?>
<root>
	<item id="Title"><![CDATA[Discuz! Plugin]]></item>
	<item id="Version"><![CDATA[X3.4]]></item>
	<item id="Time"><![CDATA[2020-04-03 06:00]]></item>
	<item id="From"><![CDATA[DisM!应用中心 (https://dism.taobao.com/)]]></item>
	<item id="Data">
		<item id="plugin">
			<item id="available"><![CDATA[1]]></item>
			<item id="adminid"><![CDATA[1]]></item>
			<item id="name"><![CDATA[bilibili视频解析]]></item>
			<item id="identifier"><![CDATA[cack_bilibilijiexi]]></item>
			<item id="description"><![CDATA[]]></item>
			<item id="datatables"><![CDATA[]]></item>
			<item id="directory"><![CDATA[cack_bilibilijiexi/]]></item>
			<item id="copyright"><![CDATA[DisM!应用中心(dism.taobao.com)]]></item>
			<item id="version"><![CDATA[6.0]]></item>
			<item id="__modules">
				<item id="0">
					<item id="name"><![CDATA[hook]]></item>
					<item id="param"><![CDATA[]]></item>
					<item id="menu"><![CDATA[]]></item>
					<item id="url"><![CDATA[]]></item>
					<item id="type"><![CDATA[11]]></item>
					<item id="adminid"><![CDATA[0]]></item>
					<item id="displayorder"><![CDATA[0]]></item>
					<item id="navtitle"><![CDATA[]]></item>
					<item id="navicon"><![CDATA[]]></item>
					<item id="navsubname"><![CDATA[]]></item>
					<item id="navsuburl"><![CDATA[]]></item>
				</item>
				<item id="1">
					<item id="name"><![CDATA[mobile]]></item>
					<item id="param"><![CDATA[]]></item>
					<item id="menu"><![CDATA[]]></item>
					<item id="url"><![CDATA[]]></item>
					<item id="type"><![CDATA[28]]></item>
					<item id="adminid"><![CDATA[0]]></item>
					<item id="displayorder"><![CDATA[0]]></item>
					<item id="navtitle"><![CDATA[]]></item>
					<item id="navicon"><![CDATA[]]></item>
					<item id="navsubname"><![CDATA[]]></item>
					<item id="navsuburl"><![CDATA[]]></item>
				</item>
				<item id="2">
					<item id="name"><![CDATA[cack_addons]]></item>
					<item id="param"><![CDATA[c_ac=zhichi]]></item>
					<item id="menu"><![CDATA[<font style="color: #09c;">技术支持</font>]]></item>
					<item id="url"><![CDATA[]]></item>
					<item id="type"><![CDATA[3]]></item>
					<item id="adminid"><![CDATA[0]]></item>
					<item id="displayorder"><![CDATA[8]]></item>
					<item id="navtitle"><![CDATA[]]></item>
					<item id="navicon"><![CDATA[]]></item>
					<item id="navsubname"><![CDATA[]]></item>
					<item id="navsuburl"><![CDATA[]]></item>
				</item>
				<item id="3">
					<item id="name"><![CDATA[cack_addons]]></item>
					<item id="param"><![CDATA[c_ac=bug]]></item>
					<item id="menu"><![CDATA[<font style="color: #f00;">BUG反馈</font>]]></item>
					<item id="url"><![CDATA[]]></item>
					<item id="type"><![CDATA[3]]></item>
					<item id="adminid"><![CDATA[0]]></item>
					<item id="displayorder"><![CDATA[9]]></item>
					<item id="navtitle"><![CDATA[]]></item>
					<item id="navicon"><![CDATA[]]></item>
					<item id="navsubname"><![CDATA[]]></item>
					<item id="navsuburl"><![CDATA[]]></item>
				</item>
				<item id="4">
					<item id="name"><![CDATA[cack_addons]]></item>
					<item id="param"><![CDATA[c_ac=addons]]></item>
					<item id="menu"><![CDATA[<font style="color: #f60;">获取DisM!更多插件>>></font>]]></item>
					<item id="url"><![CDATA[]]></item>
					<item id="type"><![CDATA[3]]></item>
					<item id="adminid"><![CDATA[0]]></item>
					<item id="displayorder"><![CDATA[10]]></item>
					<item id="navtitle"><![CDATA[c_ac=addons]]></item>
					<item id="navicon"><![CDATA[]]></item>
					<item id="navsubname"><![CDATA[]]></item>
					<item id="navsuburl"><![CDATA[]]></item>
				</item>
			</item>
		</item>
		<item id="version"><![CDATA[X3,X3.1,X3.2,X3.3,X3.4,F1.0,L1.0]]></item>
		<item id="var">
			<item id="0">
				<item id="displayorder"><![CDATA[0]]></item>
				<item id="title"><![CDATA[开启版块]]></item>
				<item id="description"><![CDATA[]]></item>
				<item id="variable"><![CDATA[forums]]></item>
				<item id="type"><![CDATA[forums]]></item>
				<item id="extra"><![CDATA[]]></item>
				<item id="__value">
					<item id="0"><![CDATA[68]]></item>
					<item id="1"><![CDATA[2]]></item>
					<item id="2"><![CDATA[36]]></item>
					<item id="3"><![CDATA[43]]></item>
					<item id="4"><![CDATA[56]]></item>
					<item id="5"><![CDATA[62]]></item>
					<item id="6"><![CDATA[61]]></item>
					<item id="7"><![CDATA[60]]></item>
					<item id="8"><![CDATA[55]]></item>
					<item id="9"><![CDATA[54]]></item>
					<item id="10"><![CDATA[59]]></item>
					<item id="11"><![CDATA[63]]></item>
					<item id="12"><![CDATA[64]]></item>
					<item id="13"><![CDATA[53]]></item>
					<item id="14"><![CDATA[40]]></item>
					<item id="15"><![CDATA[45]]></item>
					<item id="16"><![CDATA[46]]></item>
					<item id="17"><![CDATA[47]]></item>
					<item id="18"><![CDATA[57]]></item>
					<item id="19"><![CDATA[38]]></item>
					<item id="20"><![CDATA[44]]></item>
					<item id="21"><![CDATA[74]]></item>
					<item id="22"><![CDATA[71]]></item>
					<item id="23"><![CDATA[72]]></item>
					<item id="24"><![CDATA[42]]></item>
				</item>
			</item>
			<item id="1">
				<item id="displayorder"><![CDATA[0]]></item>
				<item id="title"><![CDATA[手机视频高度]]></item>
				<item id="description"><![CDATA[]]></item>
				<item id="variable"><![CDATA[height]]></item>
				<item id="type"><![CDATA[text]]></item>
				<item id="value"><![CDATA[200]]></item>
				<item id="extra"><![CDATA[]]></item>
			</item>
			<item id="2">
				<item id="displayorder"><![CDATA[0]]></item>
				<item id="title"><![CDATA[手机视频宽度]]></item>
				<item id="description"><![CDATA[]]></item>
				<item id="variable"><![CDATA[width]]></item>
				<item id="type"><![CDATA[text]]></item>
				<item id="value"><![CDATA[0]]></item>
				<item id="extra"><![CDATA[]]></item>
			</item>
			<item id="3">
				<item id="displayorder"><![CDATA[0]]></item>
				<item id="title"><![CDATA[电脑视频高度]]></item>
				<item id="description"><![CDATA[]]></item>
				<item id="variable"><![CDATA[pcheight]]></item>
				<item id="type"><![CDATA[text]]></item>
				<item id="value"><![CDATA[360]]></item>
				<item id="extra"><![CDATA[]]></item>
			</item>
			<item id="4">
				<item id="displayorder"><![CDATA[0]]></item>
				<item id="title"><![CDATA[电脑视频宽度]]></item>
				<item id="description"><![CDATA[]]></item>
				<item id="variable"><![CDATA[pcwidth]]></item>
				<item id="type"><![CDATA[text]]></item>
				<item id="value"><![CDATA[540]]></item>
				<item id="extra"><![CDATA[]]></item>
			</item>
		</item>
	</item>
</root>