<?xml version="1.0" encoding="ISO-8859-1"?>
<root>
	<item id="spacecss"><![CDATA[]]></item>
	<item id="layoutdata">
		<item id="diynavtop"><![CDATA[]]></item>
		<item id="diy1"><![CDATA[]]></item>
		<item id="diywic_vwtd_bjtj">
			<item id="frame`framenVJeBB">
				<item id="attr">
					<item id="name"><![CDATA[framenVJeBB]]></item>
					<item id="moveable"><![CDATA[true]]></item>
					<item id="className"><![CDATA[frame move-span cl frame-1]]></item>
					<item id="titles"><![CDATA[]]></item>
				</item>
				<item id="column`framenVJeBB_left">
					<item id="attr">
						<item id="name"><![CDATA[framenVJeBB_left]]></item>
						<item id="className"><![CDATA[column frame-1-c]]></item>
					</item>
					<item id="block`portal_block_3224">
						<item id="attr">
							<item id="name"><![CDATA[portal_block_3224]]></item>
							<item id="className"><![CDATA[block move-span]]></item>
							<item id="titles"><![CDATA[]]></item>
						</item>
					</item>
				</item>
			</item>
		</item>
		<item id="diyfastposttop"><![CDATA[]]></item>
		<item id=""><![CDATA[]]></item>
		<item id="diy3"><![CDATA[]]></item>
	</item>
	<item id="blockdata">
		<item id="block">
			<item id="3224">
				<item id="bid"><![CDATA[3224]]></item>
				<item id="blockclass"><![CDATA[forum_thread]]></item>
				<item id="blocktype"><![CDATA[0]]></item>
				<item id="name"><![CDATA[wic_vwtd_bjtj]]></item>
				<item id="title"><![CDATA[]]></item>
				<item id="classname"><![CDATA[]]></item>
				<item id="summary"><![CDATA[]]></item>
				<item id="uid"><![CDATA[1]]></item>
				<item id="username"><![CDATA[admin]]></item>
				<item id="styleid"><![CDATA[1240]]></item>
				<item id="blockstyle"><![CDATA[]]></item>
				<item id="picwidth"><![CDATA[214]]></item>
				<item id="picheight"><![CDATA[130]]></item>
				<item id="target"><![CDATA[blank]]></item>
				<item id="dateformat"><![CDATA[Y-m-d]]></item>
				<item id="dateuformat"><![CDATA[0]]></item>
				<item id="script"><![CDATA[thread]]></item>
				<item id="param">
					<item id="tids"><![CDATA[]]></item>
					<item id="uids"><![CDATA[]]></item>
					<item id="keyword"><![CDATA[]]></item>
					<item id="tagkeyword"><![CDATA[]]></item>
					<item id="fids">
						<item id="0"><![CDATA[0]]></item>
					</item>
					<item id="typeids"><![CDATA[]]></item>
					<item id="recommend"><![CDATA[0]]></item>
					<item id="special">
						<item id="0"><![CDATA[0]]></item>
					</item>
					<item id="viewmod"><![CDATA[0]]></item>
					<item id="rewardstatus"><![CDATA[0]]></item>
					<item id="picrequired"><![CDATA[1]]></item>
					<item id="orderby"><![CDATA[lastpost]]></item>
					<item id="postdateline"><![CDATA[0]]></item>
					<item id="lastpost"><![CDATA[0]]></item>
					<item id="highlight"><![CDATA[0]]></item>
					<item id="titlelength"><![CDATA[40]]></item>
					<item id="summarylength"><![CDATA[80]]></item>
					<item id="startrow"><![CDATA[0]]></item>
					<item id="items"><![CDATA[21]]></item>
				</item>
				<item id="shownum"><![CDATA[21]]></item>
				<item id="cachetime"><![CDATA[3600]]></item>
				<item id="cachetimerange"><![CDATA[]]></item>
				<item id="punctualupdate"><![CDATA[0]]></item>
				<item id="hidedisplay"><![CDATA[0]]></item>
				<item id="dateline"><![CDATA[1552530802]]></item>
				<item id="notinherited"><![CDATA[0]]></item>
				<item id="isblank"><![CDATA[0]]></item>
			</item>
		</item>
		<item id="style">
			<item id="1240">
				<item id="styleid"><![CDATA[1240]]></item>
				<item id="blockclass"><![CDATA[forum_thread]]></item>
				<item id="name"><![CDATA[wic_vwtd_bjtj]]></item>
				<item id="template">
					<item id="raw"><![CDATA[<div class="bd">
<ul>
[loop]
	<li>
		<a href="{url}"{target}>
			<div class="pic">
				<img src="{pic}" width="{picwidth}" height="{picheight}" />
				<div class="info">
					<h3>{title}</h3>
					<p>{summary}...</p>
				</div>
			</div>
			<div class="other cl">
				<span class="views">{views}</span>
				<span class="cate"># {forumname}</span>
			</div>
		</a>
	</li>
[/loop]
</ul>
</div>
<div class="hd">
<ul>
[loop1]
	<li>{currentorder}</li>
[/loop1]
</ul>
</div>
<div class="slide-nav">
<a href="javascript:void(0)" class="prev"></a>
<a href="javascript:void(0)" class="next"></a>
</div>]]></item>
					<item id="footer"><![CDATA[]]></item>
					<item id="header"><![CDATA[]]></item>
					<item id="indexplus">
					</item>
					<item id="index">
					</item>
					<item id="orderplus">
					</item>
					<item id="order">
					</item>
					<item id="loopplus">
						<item id="1"><![CDATA[<li>{currentorder}</li>]]></item>
					</item>
					<item id="loop"><![CDATA[<li>
		<a href="{url}"{target}>
			<div class="pic">
				<img src="{pic}" width="{picwidth}" height="{picheight}" />
				<div class="info">
					<h3>{title}</h3>
					<p>{summary}...</p>
				</div>
			</div>
			<div class="other cl">
				<span class="views">{views}</span>
				<span class="cate"># {forumname}</span>
			</div>
		</a>
	</li>]]></item>
				</item>
				<item id="hash"><![CDATA[b31c9a82]]></item>
				<item id="getpic"><![CDATA[1]]></item>
				<item id="getsummary"><![CDATA[1]]></item>
				<item id="makethumb"><![CDATA[1]]></item>
				<item id="settarget"><![CDATA[1]]></item>
				<item id="fields">
					<item id="0"><![CDATA[url]]></item>
					<item id="1"><![CDATA[pic]]></item>
					<item id="2"><![CDATA[title]]></item>
					<item id="3"><![CDATA[summary]]></item>
					<item id="4"><![CDATA[views]]></item>
					<item id="5"><![CDATA[forumname]]></item>
					<item id="6"><![CDATA[currentorder]]></item>
				</item>
				<item id="moreurl"><![CDATA[0]]></item>
			</item>
		</item>
	</item>
</root>
