<?xml version="1.0" encoding="ISO-8859-1"?>
<root>
	<item id="spacecss"><![CDATA[]]></item>
	<item id="layoutdata">
		<item id="diyabout_main_box1">
			<item id="frame`framey6Nt6d">
				<item id="attr">
					<item id="name"><![CDATA[framey6Nt6d]]></item>
					<item id="moveable"><![CDATA[true]]></item>
					<item id="className"><![CDATA[frame move-span cl frame-1]]></item>
					<item id="titles"><![CDATA[]]></item>
				</item>
				<item id="column`framey6Nt6d_left">
					<item id="attr">
						<item id="name"><![CDATA[framey6Nt6d_left]]></item>
						<item id="className"><![CDATA[column frame-1-c]]></item>
					</item>
					<item id="block`portal_block_176">
						<item id="attr">
							<item id="name"><![CDATA[portal_block_176]]></item>
							<item id="className"><![CDATA[block move-span]]></item>
							<item id="titles"><![CDATA[]]></item>
						</item>
					</item>
				</item>
			</item>
		</item>
		<item id="diyabout_main_box2">
			<item id="frame`frameNPRPp1">
				<item id="attr">
					<item id="name"><![CDATA[frameNPRPp1]]></item>
					<item id="moveable"><![CDATA[true]]></item>
					<item id="className"><![CDATA[frame move-span cl frame-1]]></item>
					<item id="titles"><![CDATA[]]></item>
				</item>
				<item id="column`frameNPRPp1_left">
					<item id="attr">
						<item id="name"><![CDATA[frameNPRPp1_left]]></item>
						<item id="className"><![CDATA[column frame-1-c]]></item>
					</item>
					<item id="block`portal_block_177">
						<item id="attr">
							<item id="name"><![CDATA[portal_block_177]]></item>
							<item id="className"><![CDATA[block move-span]]></item>
							<item id="titles"><![CDATA[]]></item>
						</item>
					</item>
				</item>
			</item>
		</item>
		<item id="diyabout_main_box3">
			<item id="frame`frameLAvOG4">
				<item id="attr">
					<item id="name"><![CDATA[frameLAvOG4]]></item>
					<item id="moveable"><![CDATA[true]]></item>
					<item id="className"><![CDATA[frame move-span cl frame-1]]></item>
					<item id="titles"><![CDATA[]]></item>
				</item>
				<item id="column`frameLAvOG4_left">
					<item id="attr">
						<item id="name"><![CDATA[frameLAvOG4_left]]></item>
						<item id="className"><![CDATA[column frame-1-c]]></item>
					</item>
					<item id="block`portal_block_178">
						<item id="attr">
							<item id="name"><![CDATA[portal_block_178]]></item>
							<item id="className"><![CDATA[block move-span]]></item>
							<item id="titles"><![CDATA[]]></item>
						</item>
					</item>
				</item>
			</item>
		</item>
		<item id="diyabout_main_box4">
			<item id="frame`frameOZUZ35">
				<item id="attr">
					<item id="name"><![CDATA[frameOZUZ35]]></item>
					<item id="moveable"><![CDATA[true]]></item>
					<item id="className"><![CDATA[frame move-span cl frame-1]]></item>
					<item id="titles"><![CDATA[]]></item>
				</item>
				<item id="column`frameOZUZ35_left">
					<item id="attr">
						<item id="name"><![CDATA[frameOZUZ35_left]]></item>
						<item id="className"><![CDATA[column frame-1-c]]></item>
					</item>
					<item id="block`portal_block_179">
						<item id="attr">
							<item id="name"><![CDATA[portal_block_179]]></item>
							<item id="className"><![CDATA[block move-span]]></item>
							<item id="titles"><![CDATA[]]></item>
						</item>
					</item>
				</item>
			</item>
		</item>
		<item id="diyabout_main_box5">
			<item id="frame`frameSKP8uC">
				<item id="attr">
					<item id="name"><![CDATA[frameSKP8uC]]></item>
					<item id="moveable"><![CDATA[true]]></item>
					<item id="className"><![CDATA[frame move-span cl frame-1]]></item>
					<item id="titles"><![CDATA[]]></item>
				</item>
				<item id="column`frameSKP8uC_left">
					<item id="attr">
						<item id="name"><![CDATA[frameSKP8uC_left]]></item>
						<item id="className"><![CDATA[column frame-1-c]]></item>
					</item>
					<item id="block`portal_block_180">
						<item id="attr">
							<item id="name"><![CDATA[portal_block_180]]></item>
							<item id="className"><![CDATA[block move-span]]></item>
							<item id="titles"><![CDATA[]]></item>
						</item>
					</item>
				</item>
			</item>
		</item>
		<item id="diyabout_main_box6">
			<item id="frame`frameKLLps4">
				<item id="attr">
					<item id="name"><![CDATA[frameKLLps4]]></item>
					<item id="moveable"><![CDATA[true]]></item>
					<item id="className"><![CDATA[frame move-span cl frame-1]]></item>
					<item id="titles"><![CDATA[]]></item>
				</item>
				<item id="column`frameKLLps4_left">
					<item id="attr">
						<item id="name"><![CDATA[frameKLLps4_left]]></item>
						<item id="className"><![CDATA[column frame-1-c]]></item>
					</item>
					<item id="block`portal_block_181">
						<item id="attr">
							<item id="name"><![CDATA[portal_block_181]]></item>
							<item id="className"><![CDATA[block move-span]]></item>
							<item id="titles"><![CDATA[]]></item>
						</item>
					</item>
				</item>
			</item>
		</item>
	</item>
	<item id="blockdata">
		<item id="block">
			<item id="176">
				<item id="bid"><![CDATA[176]]></item>
				<item id="blockclass"><![CDATA[html_html]]></item>
				<item id="blocktype"><![CDATA[0]]></item>
				<item id="name"><![CDATA[about_main_box1]]></item>
				<item id="title"><![CDATA[]]></item>
				<item id="classname"><![CDATA[]]></item>
				<item id="summary"><![CDATA[<div class="company_intro">
            	<div class="about_main_title">
                	<h5>公司简介<span>Company Profile</span></h5>
                </div>
                <div class="company_intro_c mt20 cl">
                    <div class="pic z">
                        <img src="template/wic_life/static/about/company.jpg" alt="" width="262" height="184">
                    </div>
                    <p>　　微酷网络—互联网装修领导者（中国建筑装饰行业协会认证），微酷网络由深圳市微酷网络科技有限公司创办，总部位于深圳市南山区科技园，是国家级的高新技术企业。<br>
                        　　自2008年创办以来，微酷网络始终秉承"用心服务用户来赢得口碑和利益"的经营理念，并始终处于高速而稳健的发展态势。截止目前，微酷网络已开通250个城市分站，汇聚全国近8万多家正规装修公司、100万名室内设计师，已成立北京、上海、广州、武汉、长沙、南京、杭州、厦门、福州等53家分公司，当前拥有员工超过3000人。</p>
                    <p> 　　根据百度发布的一份报告显示，中国每天大约有500万人检索装修、家具、建材相关的信息，而微酷网络平台当前每天有超过400万的独立用户，也就是说每2个中国人寻找装修、家具、建材相关的信息，就有超过一个会通过微酷网络平台来完成。2015年，微酷网络获得了全球著名投资基金红杉资本、经纬创投等机构的C轮2亿美金投资，这也是迄今为止，装修家居电子商务领域获得的一笔高额投资。</p>
                    <p> 　　微酷网络致力于让天下没有烦心的装修。为实现这个使命，全体微酷网络人不断努力，推动装修、建材、家居市场的规范化，改变着数千万家庭的装修方式和置家理念，为用户创造卓越的互联网装修体验。作为互联网装修企业，微酷网络将通过O2O的模式，为传统装修及家居领域带来新的变革，不断为用户创造价值，推动行业发展。</p>
                    <p> 　　打造开放、共赢的装修家居生态系统，推动行业更阳光、更透明。微酷网络用实际行动获得众多的关注，相继受到央视网、光明网、新华网、凤凰网、第一财经周刊、21世纪商业评论、IT经理世界、36氪 等多家媒体的关注与报道。2011年微酷网络和腾讯、华为一并入选《深圳质量报告》当作质量工程典范；2014年当选《中国企业家》主办的"未来之星"100强企业、荣膺"全国工商联家居电商专委会执行会长单位"、"中国互联网诚信示范企业"荣誉称号，同年还获得"21世纪中国最佳商业模式奖"。</p>
                </div>
            </div>]]></item>
				<item id="uid"><![CDATA[1]]></item>
				<item id="username"><![CDATA[wicool]]></item>
				<item id="styleid"><![CDATA[0]]></item>
				<item id="blockstyle"><![CDATA[]]></item>
				<item id="picwidth"><![CDATA[0]]></item>
				<item id="picheight"><![CDATA[0]]></item>
				<item id="target"><![CDATA[blank]]></item>
				<item id="dateformat"><![CDATA[Y-m-d]]></item>
				<item id="dateuformat"><![CDATA[0]]></item>
				<item id="script"><![CDATA[blank]]></item>
				<item id="param">
					<item id="content"><![CDATA[<div class=\"company_intro\">
            	<div class=\"about_main_title\">
                	<h5>公司简介<span>Company Profile</span></h5>
                </div>
                <div class=\"company_intro_c mt20 cl\">
                    <div class=\"pic z\">
                        <img src=\"template/wic_life/static/about/company.jpg\" alt=\"\" width=\"262\" height=\"184\">
                    </div>
                    <p>　　微酷网络—互联网装修领导者（中国建筑装饰行业协会认证），微酷网络由深圳市微酷网络科技有限公司创办，总部位于深圳市南山区科技园，是国家级的高新技术企业。<br>
                        　　自2008年创办以来，微酷网络始终秉承\"用心服务用户来赢得口碑和利益\"的经营理念，并始终处于高速而稳健的发展态势。截止目前，微酷网络已开通250个城市分站，汇聚全国近8万多家正规装修公司、100万名室内设计师，已成立北京、上海、广州、武汉、长沙、南京、杭州、厦门、福州等53家分公司，当前拥有员工超过3000人。</p>
                    <p> 　　根据百度发布的一份报告显示，中国每天大约有500万人检索装修、家具、建材相关的信息，而微酷网络平台当前每天有超过400万的独立用户，也就是说每2个中国人寻找装修、家具、建材相关的信息，就有超过一个会通过微酷网络平台来完成。2015年，微酷网络获得了全球著名投资基金红杉资本、经纬创投等机构的C轮2亿美金投资，这也是迄今为止，装修家居电子商务领域获得的一笔高额投资。</p>
                    <p> 　　微酷网络致力于让天下没有烦心的装修。为实现这个使命，全体微酷网络人不断努力，推动装修、建材、家居市场的规范化，改变着数千万家庭的装修方式和置家理念，为用户创造卓越的互联网装修体验。作为互联网装修企业，微酷网络将通过O2O的模式，为传统装修及家居领域带来新的变革，不断为用户创造价值，推动行业发展。</p>
                    <p> 　　打造开放、共赢的装修家居生态系统，推动行业更阳光、更透明。微酷网络用实际行动获得众多的关注，相继受到央视网、光明网、新华网、凤凰网、第一财经周刊、21世纪商业评论、IT经理世界、36氪 等多家媒体的关注与报道。2011年微酷网络和腾讯、华为一并入选《深圳质量报告》当作质量工程典范；2014年当选《中国企业家》主办的\"未来之星\"100强企业、荣膺\"全国工商联家居电商专委会执行会长单位\"、\"中国互联网诚信示范企业\"荣誉称号，同年还获得\"21世纪中国最佳商业模式奖\"。</p>
                </div>
            </div>]]></item>
					<item id="items"><![CDATA[10]]></item>
				</item>
				<item id="shownum"><![CDATA[10]]></item>
				<item id="cachetime"><![CDATA[0]]></item>
				<item id="cachetimerange"><![CDATA[0,0]]></item>
				<item id="punctualupdate"><![CDATA[0]]></item>
				<item id="hidedisplay"><![CDATA[0]]></item>
				<item id="dateline"><![CDATA[1528858576]]></item>
				<item id="notinherited"><![CDATA[0]]></item>
				<item id="isblank"><![CDATA[0]]></item>
			</item>
			<item id="177">
				<item id="bid"><![CDATA[177]]></item>
				<item id="blockclass"><![CDATA[html_html]]></item>
				<item id="blocktype"><![CDATA[0]]></item>
				<item id="name"><![CDATA[about_main_box2]]></item>
				<item id="title"><![CDATA[]]></item>
				<item id="classname"><![CDATA[]]></item>
				<item id="summary"><![CDATA[<div class="company_culture">
            	<div class="about_main_title">
                	<h5>核心价值观<span>Core Values</span></h5>
                </div>
                <div class="company_culture_c mt20">
                	<ul>
                        <li class="one_core">
                            <div class="core_text">
                                <p><strong>客户第一：</strong>将客户利益置于战略核心，推动行业阳光、透明</p>
                            </div>
                        </li>
                        <li class="two_core">
                            <div class="core_text more_text">
                                <p><strong>简单可信：</strong>简单相处，直面地提出自己的观点，欣喜坦诚的看待任何意见</p>
                            </div>
                        </li>
                         <li class="three_core">
                            <div class="core_text">
                                <p><strong>激情进取：</strong>执着投入，永不言败</p>
                            </div>
                        </li>
                        <li class="four_core">
                            <div class="core_text">
                                <p><strong>主动协作：</strong>共享共担，平凡人做非凡事</p>
                            </div>
                        </li>
                        <li class="five_core">
                            <div class="core_text">
                                <p><strong>快速有效：</strong>拥抱变化，动如脱兔，突破性解决问题</p>
                            </div>
                        </li>
                    </ul>
                </div>
            </div>]]></item>
				<item id="uid"><![CDATA[1]]></item>
				<item id="username"><![CDATA[wicool]]></item>
				<item id="styleid"><![CDATA[0]]></item>
				<item id="blockstyle"><![CDATA[]]></item>
				<item id="picwidth"><![CDATA[0]]></item>
				<item id="picheight"><![CDATA[0]]></item>
				<item id="target"><![CDATA[blank]]></item>
				<item id="dateformat"><![CDATA[Y-m-d]]></item>
				<item id="dateuformat"><![CDATA[0]]></item>
				<item id="script"><![CDATA[blank]]></item>
				<item id="param">
					<item id="content"><![CDATA[<div class=\"company_culture\">
            	<div class=\"about_main_title\">
                	<h5>核心价值观<span>Core Values</span></h5>
                </div>
                <div class=\"company_culture_c mt20\">
                	<ul>
                        <li class=\"one_core\">
                            <div class=\"core_text\">
                                <p><strong>客户第一：</strong>将客户利益置于战略核心，推动行业阳光、透明</p>
                            </div>
                        </li>
                        <li class=\"two_core\">
                            <div class=\"core_text more_text\">
                                <p><strong>简单可信：</strong>简单相处，直面地提出自己的观点，欣喜坦诚的看待任何意见</p>
                            </div>
                        </li>
                         <li class=\"three_core\">
                            <div class=\"core_text\">
                                <p><strong>激情进取：</strong>执着投入，永不言败</p>
                            </div>
                        </li>
                        <li class=\"four_core\">
                            <div class=\"core_text\">
                                <p><strong>主动协作：</strong>共享共担，平凡人做非凡事</p>
                            </div>
                        </li>
                        <li class=\"five_core\">
                            <div class=\"core_text\">
                                <p><strong>快速有效：</strong>拥抱变化，动如脱兔，突破性解决问题</p>
                            </div>
                        </li>
                    </ul>
                </div>
            </div>]]></item>
					<item id="items"><![CDATA[10]]></item>
				</item>
				<item id="shownum"><![CDATA[10]]></item>
				<item id="cachetime"><![CDATA[0]]></item>
				<item id="cachetimerange"><![CDATA[0,0]]></item>
				<item id="punctualupdate"><![CDATA[0]]></item>
				<item id="hidedisplay"><![CDATA[0]]></item>
				<item id="dateline"><![CDATA[1528858594]]></item>
				<item id="notinherited"><![CDATA[0]]></item>
				<item id="isblank"><![CDATA[0]]></item>
			</item>
			<item id="178">
				<item id="bid"><![CDATA[178]]></item>
				<item id="blockclass"><![CDATA[html_html]]></item>
				<item id="blocktype"><![CDATA[0]]></item>
				<item id="name"><![CDATA[about_main_box3]]></item>
				<item id="title"><![CDATA[]]></item>
				<item id="classname"><![CDATA[]]></item>
				<item id="summary"><![CDATA[<div class="legal_notice">
                <div class="about_main_title">
                    <h5>服务条款<span>Terms of Service</span></h5>
                </div>
                <div class="legal_notice_c mt20">
                    <p>
                    请您仔细阅读以下声明，如您对本声明中所包含的各项内容有任何疑问，您可向微酷网络咨询。在阅读本声明的过程中，如果您不同意本声明中的任何内容，请您立即停止使用微酷网络服务。如果您使用微酷网络服务，则将被视为对本声明全部内容的认可。</p>
                    <p><strong>一、服务说明</strong></p>
                    <p>微酷网络是将韩国景点门票、公演门票、酒店、移动Wi-Fi、导游租车等旅游服务汇集于互联网平台供用户查阅的互联网信息服务提供商，同时帮助用户与服务提供者联系并预订相关服务项目。对用户预订的旅游服务项目中出现的瑕疵等问题，微酷网络并不承担责任，但微酷网络将尽力协助用户与相关旅游服务项目提供商进行协商，不能协商解决的，用户可以通过法律途径解决。</p>
                    <p><strong>二、知识产权声明</strong>
                    </p>
                    <p>除微酷网络另行声明，微酷网络内的所有产品、技术、数据及其他信息（包括但不限于文字、图像、图片、照片、音频、视频、图表、色彩、版面设计、电子文档）的所有知识产权（包括但不限于版权、商标权、专利权、商业秘密等）及相关权利，均归微酷网络所有。未经微酷网络许可，任何人不得擅自使用（包括但不限于复制、传播、展示、镜像、上载、下载）。
                    </p>
                    <p><strong>三、隐私权条款</strong>
                    </p>
                    <p>微酷网络非常重视用户个人信息的保护，在您使用微酷网络提供的服务时，我们将按照本隐私权条款收集、使用您的个人信息。
                    </p>
                    <p>3.1 隐私权条款的确认</p>
                    <p></p>
                    <p>用户通过完成注册流程并点击"提交注册"的按钮，表示用户已明确知晓本隐私权条款所包含的内容，并与微酷网络达成协议。
                    </p>
                    <p>3.2 用户信息的收集</p>
                    <p>微酷网络收集信息是为了向用户提供更好、更优、更个性化的服务。收集的信息包括用户注册微酷网络会员及使用微酷网络预订相关服务时提供的包括但不限于姓名、性别、护照号码、电话号码、电子邮箱、地址等。
                    </p>
                    <p>3.3 用户信息的使用</p>
                    <p></p>
                    <p>收集您的信息是为了更好的向您提供服务及提升服务质量，为了实现这一目的，我们会把您的信息用于下列用途：</p>
                    <p>　（1）向您提供您预订的各项服务。</p>
                    <p>　（2）经您许可的其他用途。
                    </p>
                    <p>3.4 用户隐私保障</p>
                    <p>微酷网络为严格保障用户隐私权，将会采取严格的措施保障用户的个人信息。因此，微酷网络不会公开、编辑或透露用户的个人信息及保存在微酷网络会员服务中的非公开内容，除非有法律许可要求或微酷网络在诚信的基础上认为透露这些信息在以下情况是必要的：</p>
                    <p>　（1）遵守有关法律规定，遵从微酷网络会员合法服务程序；</p>
                    <p>　（2）保持维护微酷网络的商标所有权；</p>
                    <p>　（3）在紧急情况下竭力维护用户个人和社会大众的隐私安全；</p>
                    <p>　（4）符合其他法定程序相关的要求。微酷网络最大程度确保用户提供的信息不被非法访问，用户明确同意其使用微酷网络会员服务所存在的风险并将完全由其自己承担。
                    </p>
                    <p>3.5 用户的账号、密码和安全性</p>
                    <p>当您完成注册手续后，您将拥有一个特定的账号和密码。通过您的账户（用户名）和密码操作或实施的行为，将视为您本人的行为，由您本人承担相应的责任和后果，因此应妥善保管您的账号和密码。如果您发现他人不当使用您的账户或有任何其他可能危及您的账户安全的情形时，您应当立即以书面或其他有效方式告知微酷网络。对于出现的问题微酷网络进行核实并采取相应的措施需要一定的时间，在采取措施前，已经产生的任何后果，微酷网络不承担任何责任。</p>
                    <p>3.6 Cookie的使用</p>
                    <p>为使您获得更轻松的访问体验，在您访问微酷网络时，我们可能会通过小型数据文件识别您的身份，来帮您省去重复输入信息的步骤。这些数据文件可能是Cookie，Flash Cookie，或您的浏览器或关联应用程序提供的其他本地存储（统称"Cookie"）。如果您的浏览器或浏览器附加服务允许，您可以修改对Cookie的接受程度或者拒绝微酷网络的Cookie，但这一举动可能使您无法完全体验微酷网络提供的快捷服务。
                    </p>
                    <p>3.7 适用范围</p>
                    <p>本隐私权政策适用于微酷网络提供的所有服务。当您访问微酷网络预订服务时，均适用本隐私权条款。</p>
                    <p>但本隐私权条款不适用于以下情况：通过我们的服务而接入的第三方服务（包括任何第三方网站）收集的信息；通过在我们服务中进行广告服务的其他公司和机构所收集的信息。
                    </p>
                    <p><strong>四、其他</strong>
                    </p>
                    <p>4.1 微酷网络不担保网络服务一定能满足用户的要求，也不担保网络服务不会中断，对网络服务的及时性、安全性、准确性也都不做担保。对于因不可抗力或微酷网络不能控制的原因造成的网络服务中断或其他缺陷，微酷网络不承担任何责任，但将尽力减少因此而给用户造成的损失和影响。</p>
                    <p>4.2 在任何情况下，微酷网络对于因微酷网络服务、资料、产品而产生的任何直接、间接、附带或衍生的损失不承担任何责任。</p>
                    <p>4.3 微酷网络对网站上或资料里所提供的外部网站的内容不做任何保证。</p>
                    <p>4.4 微酷网络对网站上或资料里所提供的外部网站的内容所涉及的准确性、著作权、合法性及道德性不承担任何责任。</p>

                </div>
            </div>]]></item>
				<item id="uid"><![CDATA[1]]></item>
				<item id="username"><![CDATA[wicool]]></item>
				<item id="styleid"><![CDATA[0]]></item>
				<item id="blockstyle"><![CDATA[]]></item>
				<item id="picwidth"><![CDATA[0]]></item>
				<item id="picheight"><![CDATA[0]]></item>
				<item id="target"><![CDATA[blank]]></item>
				<item id="dateformat"><![CDATA[Y-m-d]]></item>
				<item id="dateuformat"><![CDATA[0]]></item>
				<item id="script"><![CDATA[blank]]></item>
				<item id="param">
					<item id="content"><![CDATA[<div class=\"legal_notice\">
                <div class=\"about_main_title\">
                    <h5>服务条款<span>Terms of Service</span></h5>
                </div>
                <div class=\"legal_notice_c mt20\">
                    <p>
                    请您仔细阅读以下声明，如您对本声明中所包含的各项内容有任何疑问，您可向微酷网络咨询。在阅读本声明的过程中，如果您不同意本声明中的任何内容，请您立即停止使用微酷网络服务。如果您使用微酷网络服务，则将被视为对本声明全部内容的认可。</p>
                    <p><strong>一、服务说明</strong></p>
                    <p>微酷网络是将韩国景点门票、公演门票、酒店、移动Wi-Fi、导游租车等旅游服务汇集于互联网平台供用户查阅的互联网信息服务提供商，同时帮助用户与服务提供者联系并预订相关服务项目。对用户预订的旅游服务项目中出现的瑕疵等问题，微酷网络并不承担责任，但微酷网络将尽力协助用户与相关旅游服务项目提供商进行协商，不能协商解决的，用户可以通过法律途径解决。</p>
                    <p><strong>二、知识产权声明</strong>
                    </p>
                    <p>除微酷网络另行声明，微酷网络内的所有产品、技术、数据及其他信息（包括但不限于文字、图像、图片、照片、音频、视频、图表、色彩、版面设计、电子文档）的所有知识产权（包括但不限于版权、商标权、专利权、商业秘密等）及相关权利，均归微酷网络所有。未经微酷网络许可，任何人不得擅自使用（包括但不限于复制、传播、展示、镜像、上载、下载）。
                    </p>
                    <p><strong>三、隐私权条款</strong>
                    </p>
                    <p>微酷网络非常重视用户个人信息的保护，在您使用微酷网络提供的服务时，我们将按照本隐私权条款收集、使用您的个人信息。
                    </p>
                    <p>3.1 隐私权条款的确认</p>
                    <p></p>
                    <p>用户通过完成注册流程并点击\"提交注册\"的按钮，表示用户已明确知晓本隐私权条款所包含的内容，并与微酷网络达成协议。
                    </p>
                    <p>3.2 用户信息的收集</p>
                    <p>微酷网络收集信息是为了向用户提供更好、更优、更个性化的服务。收集的信息包括用户注册微酷网络会员及使用微酷网络预订相关服务时提供的包括但不限于姓名、性别、护照号码、电话号码、电子邮箱、地址等。
                    </p>
                    <p>3.3 用户信息的使用</p>
                    <p></p>
                    <p>收集您的信息是为了更好的向您提供服务及提升服务质量，为了实现这一目的，我们会把您的信息用于下列用途：</p>
                    <p>　（1）向您提供您预订的各项服务。</p>
                    <p>　（2）经您许可的其他用途。
                    </p>
                    <p>3.4 用户隐私保障</p>
                    <p>微酷网络为严格保障用户隐私权，将会采取严格的措施保障用户的个人信息。因此，微酷网络不会公开、编辑或透露用户的个人信息及保存在微酷网络会员服务中的非公开内容，除非有法律许可要求或微酷网络在诚信的基础上认为透露这些信息在以下情况是必要的：</p>
                    <p>　（1）遵守有关法律规定，遵从微酷网络会员合法服务程序；</p>
                    <p>　（2）保持维护微酷网络的商标所有权；</p>
                    <p>　（3）在紧急情况下竭力维护用户个人和社会大众的隐私安全；</p>
                    <p>　（4）符合其他法定程序相关的要求。微酷网络最大程度确保用户提供的信息不被非法访问，用户明确同意其使用微酷网络会员服务所存在的风险并将完全由其自己承担。
                    </p>
                    <p>3.5 用户的账号、密码和安全性</p>
                    <p>当您完成注册手续后，您将拥有一个特定的账号和密码。通过您的账户（用户名）和密码操作或实施的行为，将视为您本人的行为，由您本人承担相应的责任和后果，因此应妥善保管您的账号和密码。如果您发现他人不当使用您的账户或有任何其他可能危及您的账户安全的情形时，您应当立即以书面或其他有效方式告知微酷网络。对于出现的问题微酷网络进行核实并采取相应的措施需要一定的时间，在采取措施前，已经产生的任何后果，微酷网络不承担任何责任。</p>
                    <p>3.6 Cookie的使用</p>
                    <p>为使您获得更轻松的访问体验，在您访问微酷网络时，我们可能会通过小型数据文件识别您的身份，来帮您省去重复输入信息的步骤。这些数据文件可能是Cookie，Flash Cookie，或您的浏览器或关联应用程序提供的其他本地存储（统称\"Cookie\"）。如果您的浏览器或浏览器附加服务允许，您可以修改对Cookie的接受程度或者拒绝微酷网络的Cookie，但这一举动可能使您无法完全体验微酷网络提供的快捷服务。
                    </p>
                    <p>3.7 适用范围</p>
                    <p>本隐私权政策适用于微酷网络提供的所有服务。当您访问微酷网络预订服务时，均适用本隐私权条款。</p>
                    <p>但本隐私权条款不适用于以下情况：通过我们的服务而接入的第三方服务（包括任何第三方网站）收集的信息；通过在我们服务中进行广告服务的其他公司和机构所收集的信息。
                    </p>
                    <p><strong>四、其他</strong>
                    </p>
                    <p>4.1 微酷网络不担保网络服务一定能满足用户的要求，也不担保网络服务不会中断，对网络服务的及时性、安全性、准确性也都不做担保。对于因不可抗力或微酷网络不能控制的原因造成的网络服务中断或其他缺陷，微酷网络不承担任何责任，但将尽力减少因此而给用户造成的损失和影响。</p>
                    <p>4.2 在任何情况下，微酷网络对于因微酷网络服务、资料、产品而产生的任何直接、间接、附带或衍生的损失不承担任何责任。</p>
                    <p>4.3 微酷网络对网站上或资料里所提供的外部网站的内容不做任何保证。</p>
                    <p>4.4 微酷网络对网站上或资料里所提供的外部网站的内容所涉及的准确性、著作权、合法性及道德性不承担任何责任。</p>

                </div>
            </div>]]></item>
					<item id="items"><![CDATA[10]]></item>
				</item>
				<item id="shownum"><![CDATA[10]]></item>
				<item id="cachetime"><![CDATA[0]]></item>
				<item id="cachetimerange"><![CDATA[0,0]]></item>
				<item id="punctualupdate"><![CDATA[0]]></item>
				<item id="hidedisplay"><![CDATA[0]]></item>
				<item id="dateline"><![CDATA[1528858611]]></item>
				<item id="notinherited"><![CDATA[0]]></item>
				<item id="isblank"><![CDATA[0]]></item>
			</item>
			<item id="179">
				<item id="bid"><![CDATA[179]]></item>
				<item id="blockclass"><![CDATA[html_html]]></item>
				<item id="blocktype"><![CDATA[0]]></item>
				<item id="name"><![CDATA[about_main_box4]]></item>
				<item id="title"><![CDATA[]]></item>
				<item id="classname"><![CDATA[]]></item>
				<item id="summary"><![CDATA[<div class="develop_path">
            	<div class="about_main_title">
                	<h5>发展历程<span>Development Path</span></h5>
                </div>
                <div class="develop_path_c mt20">
                	<ul>
                    	<li class="cl">
                            <div class="rili_left">
                                <div class="rilitop">2月</div>
                                <div class="rilibot">2017年</div>
                            </div>
                            <div class="right_text">
                                <div class="cl">
                                    <div class="right_round"></div>
                                    <div class="right_cont">
                                        <div class="rcont_text">
                                            <p>6日 平台正式上线运营</p>
                                        </div>
                                        <div class="right_jiantou">
                                        <img src="template/wic_life/static/about/triangle.gif" style="width: 9px; height: 16px;">
                                        </div>
                                    </div>
                                </div>
                            </div>
                        </li>
                        <li class="cl">
                            <div class="rili_left">
                                <div class="rilitop">1月</div>
                                <div class="rilibot">2017年</div>
                            </div>
                            <div class="right_text">
                                <div class="cl">
                                    <div class="right_round"></div>
                                    <div class="right_cont">
                                        <div class="rcont_text">
                                            <p>20日 移动微信社区正式运营</p>
                                        </div>
                                        <div class="right_jiantou">
                                        <img src="template/wic_life/static/about/triangle.gif" style="width: 9px; height: 16px;">
                                        </div>
                                    </div>
                                </div>
                            </div>
                            <div class="right_text">
                                <div class="cl">
                                    <div class="right_round"></div>
                                    <div class="right_cont">
                                        <div class="rcont_text">
                                            <p>13日 作为微信硬件联合主办方，微信硬件大赛拉开序幕</p>
                                        </div>
                                        <div class="right_jiantou">
                                        <img src="template/wic_life/static/about/triangle.gif" style="width: 9px; height: 16px;">
                                        </div>
                                    </div>
                                </div>
                            </div>
                            <div class="right_text">
                                <div class="cl">
                                    <div class="right_round"></div>
                                    <div class="right_cont">
                                        <div class="rcont_text">
                                            <p>4日 在百度世界2015大会的开放云论坛上，百度与科通芯城达成的战略协议，该协议标志着移动互联网生态的全面升级</p>
                                        </div>
                                        <div class="right_jiantou">
                                        <img src="template/wic_life/static/about/triangle.gif" style="width: 9px; height: 16px;">
                                        </div>
                                    </div>
                                </div>
                            </div>
                        </li>
                        <li class="cl">
                            <div class="rili_left">
                                <div class="rilitop">10月</div>
                                <div class="rilibot">2016年</div>
                            </div>
                            <div class="right_text">
                                <div class="cl">
                                    <div class="right_round"></div>
                                    <div class="right_cont">
                                        <div class="rcont_text">
                                            <p>6日 微酷网络入驻Discuz应用中心</p>
                                        </div>
                                        <div class="right_jiantou">
                                        <img src="template/wic_life/static/about/triangle.gif" style="width: 9px; height: 16px;">
                                        </div>
                                    </div>
                                </div>
                            </div>
                        </li>
                        <li class="cl">
                            <div class="rili_left">
                                <div class="rilitop">8月</div>
                                <div class="rilibot">2016年</div>
                            </div>
                            <div class="right_text">
                                <div class="cl">
                                    <div class="right_round"></div>
                                    <div class="right_cont">
                                        <div class="rcont_text">
                                            <p>6日 团队开始策划制作微酷网络</p>
                                        </div>
                                        <div class="right_jiantou">
                                        <img src="template/wic_life/static/about/triangle.gif" style="width: 9px; height: 16px;">
                                        </div>
                                    </div>
                                </div>
                            </div>
                        </li>
                    </ul>
                </div>
            </div>]]></item>
				<item id="uid"><![CDATA[1]]></item>
				<item id="username"><![CDATA[wicool]]></item>
				<item id="styleid"><![CDATA[0]]></item>
				<item id="blockstyle"><![CDATA[]]></item>
				<item id="picwidth"><![CDATA[0]]></item>
				<item id="picheight"><![CDATA[0]]></item>
				<item id="target"><![CDATA[blank]]></item>
				<item id="dateformat"><![CDATA[Y-m-d]]></item>
				<item id="dateuformat"><![CDATA[0]]></item>
				<item id="script"><![CDATA[blank]]></item>
				<item id="param">
					<item id="content"><![CDATA[<div class=\"develop_path\">
            	<div class=\"about_main_title\">
                	<h5>发展历程<span>Development Path</span></h5>
                </div>
                <div class=\"develop_path_c mt20\">
                	<ul>
                    	<li class=\"cl\">
                            <div class=\"rili_left\">
                                <div class=\"rilitop\">2月</div>
                                <div class=\"rilibot\">2017年</div>
                            </div>
                            <div class=\"right_text\">
                                <div class=\"cl\">
                                    <div class=\"right_round\"></div>
                                    <div class=\"right_cont\">
                                        <div class=\"rcont_text\">
                                            <p>6日 平台正式上线运营</p>
                                        </div>
                                        <div class=\"right_jiantou\">
                                        <img src=\"template/wic_life/static/about/triangle.gif\" style=\"width: 9px; height: 16px;\">
                                        </div>
                                    </div>
                                </div>
                            </div>
                        </li>
                        <li class=\"cl\">
                            <div class=\"rili_left\">
                                <div class=\"rilitop\">1月</div>
                                <div class=\"rilibot\">2017年</div>
                            </div>
                            <div class=\"right_text\">
                                <div class=\"cl\">
                                    <div class=\"right_round\"></div>
                                    <div class=\"right_cont\">
                                        <div class=\"rcont_text\">
                                            <p>20日 移动微信社区正式运营</p>
                                        </div>
                                        <div class=\"right_jiantou\">
                                        <img src=\"template/wic_life/static/about/triangle.gif\" style=\"width: 9px; height: 16px;\">
                                        </div>
                                    </div>
                                </div>
                            </div>
                            <div class=\"right_text\">
                                <div class=\"cl\">
                                    <div class=\"right_round\"></div>
                                    <div class=\"right_cont\">
                                        <div class=\"rcont_text\">
                                            <p>13日 作为微信硬件联合主办方，微信硬件大赛拉开序幕</p>
                                        </div>
                                        <div class=\"right_jiantou\">
                                        <img src=\"template/wic_life/static/about/triangle.gif\" style=\"width: 9px; height: 16px;\">
                                        </div>
                                    </div>
                                </div>
                            </div>
                            <div class=\"right_text\">
                                <div class=\"cl\">
                                    <div class=\"right_round\"></div>
                                    <div class=\"right_cont\">
                                        <div class=\"rcont_text\">
                                            <p>4日 在百度世界2015大会的开放云论坛上，百度与科通芯城达成的战略协议，该协议标志着移动互联网生态的全面升级</p>
                                        </div>
                                        <div class=\"right_jiantou\">
                                        <img src=\"template/wic_life/static/about/triangle.gif\" style=\"width: 9px; height: 16px;\">
                                        </div>
                                    </div>
                                </div>
                            </div>
                        </li>
                        <li class=\"cl\">
                            <div class=\"rili_left\">
                                <div class=\"rilitop\">10月</div>
                                <div class=\"rilibot\">2016年</div>
                            </div>
                            <div class=\"right_text\">
                                <div class=\"cl\">
                                    <div class=\"right_round\"></div>
                                    <div class=\"right_cont\">
                                        <div class=\"rcont_text\">
                                            <p>6日 微酷网络入驻Discuz应用中心</p>
                                        </div>
                                        <div class=\"right_jiantou\">
                                        <img src=\"template/wic_life/static/about/triangle.gif\" style=\"width: 9px; height: 16px;\">
                                        </div>
                                    </div>
                                </div>
                            </div>
                        </li>
                        <li class=\"cl\">
                            <div class=\"rili_left\">
                                <div class=\"rilitop\">8月</div>
                                <div class=\"rilibot\">2016年</div>
                            </div>
                            <div class=\"right_text\">
                                <div class=\"cl\">
                                    <div class=\"right_round\"></div>
                                    <div class=\"right_cont\">
                                        <div class=\"rcont_text\">
                                            <p>6日 团队开始策划制作微酷网络</p>
                                        </div>
                                        <div class=\"right_jiantou\">
                                        <img src=\"template/wic_life/static/about/triangle.gif\" style=\"width: 9px; height: 16px;\">
                                        </div>
                                    </div>
                                </div>
                            </div>
                        </li>
                    </ul>
                </div>
            </div>]]></item>
					<item id="items"><![CDATA[10]]></item>
				</item>
				<item id="shownum"><![CDATA[10]]></item>
				<item id="cachetime"><![CDATA[0]]></item>
				<item id="cachetimerange"><![CDATA[0,0]]></item>
				<item id="punctualupdate"><![CDATA[0]]></item>
				<item id="hidedisplay"><![CDATA[0]]></item>
				<item id="dateline"><![CDATA[1528858629]]></item>
				<item id="notinherited"><![CDATA[0]]></item>
				<item id="isblank"><![CDATA[0]]></item>
			</item>
			<item id="180">
				<item id="bid"><![CDATA[180]]></item>
				<item id="blockclass"><![CDATA[html_html]]></item>
				<item id="blocktype"><![CDATA[0]]></item>
				<item id="name"><![CDATA[about_main_box5]]></item>
				<item id="title"><![CDATA[]]></item>
				<item id="classname"><![CDATA[]]></item>
				<item id="summary"><![CDATA[<div class="job_offer">
            	<div class="about_main_title">
                	<h5>招贤纳士<span>Recruitment</span></h5>
                </div>
                <div class="job_offer_c mt20">
                    <h5><b>PHP开发工程师</b></h5>
                    <strong>职位描述：</strong>
                    <ol>
                    <li>参与网站的功能设计和开发；</li>
                    <li>对已有系统在可用性、性能、可运维性上持续优化；</li>
                    <li>配合设计及测试团队完成软件用户体验、运行速度、功能等方面的改进及提升；</li>
                    <li>根据需求改进产品，开发新功能，进行版本迭代；</li>
                    </ol>
                    <strong>职位要求：</strong>
                    <ol>
                    <li>一年以上PHP+MYSQL开发经验，有个人独立项目作品优先；</li>
                    <li>精通PHP基础，熟悉面向对象的编程思想；</li>
                    <li>掌握 HTML/XHTML、CSS、Javascript、jQuery；</li>
                    <li>精通MVC、OOP，熟悉相关框架；</li>
                    <li>拥有良好的代码习惯，要求结构清晰，命名规范，逻辑性强，代码冗余率低，有撰写详细的编码注释的习惯；</li>
                    <li>具有良好的沟通、协作能力和良好的团队合作意识，具有高度的敬业精神和责任感。</li>
                    </ol>
                    <p>如果您有意向，请将个人简历投至discuz@discuz.com</p>
                    <h5><b>高级APP开发工程师(Android/iOS)</b></h5>
                    <strong>职位描述：</strong>
                    <ol>
                    <li>负责网站移动端的开发与维护</li>
                    <li>配合设计及测试团队完成软件用户体验、运行速度、功能等方面的改进及提升；</li>
                    </ol>
                    <strong>职位要求：</strong>
                    <ol>
                    <li>相关专业本科以上学历，至少三年以上开发经验，有相关上线作品者优先；</li>
                    <li>精通Android/IOS系统开发平台及框架，能独立完成项目开发；</li>
                    <li>精通Android/IOS开发语言，与后台配合完成项目开发；</li>
                    <li>有跨平台移动设备开发经验、嵌入式经验或PHP开发经验者优先；</li>
                    <li>拥有良好的代码习惯，要求结构清晰，命名规范，逻辑性强，代码冗余率低，有撰写详细的编码注释的习惯；</li>
                    <li>具有良好的沟通、协作能力和良好的团队合作意识，具有高度的敬业精神和责任感。</li>
                    </ol>
                    <p>如果您有意向，请将个人简历投至discuz@discuz.com</p>
                    <h5><b>前端开发工程师</b></h5>
                    <strong>职位描述：</strong>
                    <ol>
                    <li>负责公司网站的界面UI设计和互交开发方面的需求；</li>
                    <li>以用户为核心的开发工作，从前端的角度充分考虑用户体验和美观度</li>
                    <li>参与产品需求、设计阶段的工作并从前端的角度提出意见；</li>
                    </ol>
                    <strong>职位要求：</strong>
                    <ol>
                    <li>一年以上前端开发经验，有个人独立项目作品优先；</li>
                    <li>精通 XHTML/CSS/JavaScript代码实现做到兼容主流浏览器</li>
                    <li>掌握Jquery，有一种前端UI框架使用经验(例如bootstrap,kissy等)</li>
                    <li>拥有良好的代码习惯，要求结构清晰，命名规范，逻辑性强，代码冗余率低，有撰写详细的编码注释的习惯；</li>
                    <li>具有良好的沟通、协作能力和良好的团队合作意识，具有高度的敬业精神和责任感。</li>
                    </ol>
                    <p>如果您有意向，请将个人简历投至discuz@discuz.com</p>
                </div>
            </div>]]></item>
				<item id="uid"><![CDATA[1]]></item>
				<item id="username"><![CDATA[wicool]]></item>
				<item id="styleid"><![CDATA[0]]></item>
				<item id="blockstyle"><![CDATA[]]></item>
				<item id="picwidth"><![CDATA[0]]></item>
				<item id="picheight"><![CDATA[0]]></item>
				<item id="target"><![CDATA[blank]]></item>
				<item id="dateformat"><![CDATA[Y-m-d]]></item>
				<item id="dateuformat"><![CDATA[0]]></item>
				<item id="script"><![CDATA[blank]]></item>
				<item id="param">
					<item id="content"><![CDATA[<div class=\"job_offer\">
            	<div class=\"about_main_title\">
                	<h5>招贤纳士<span>Recruitment</span></h5>
                </div>
                <div class=\"job_offer_c mt20\">
                    <h5><b>PHP开发工程师</b></h5>
                    <strong>职位描述：</strong>
                    <ol>
                    <li>参与网站的功能设计和开发；</li>
                    <li>对已有系统在可用性、性能、可运维性上持续优化；</li>
                    <li>配合设计及测试团队完成软件用户体验、运行速度、功能等方面的改进及提升；</li>
                    <li>根据需求改进产品，开发新功能，进行版本迭代；</li>
                    </ol>
                    <strong>职位要求：</strong>
                    <ol>
                    <li>一年以上PHP+MYSQL开发经验，有个人独立项目作品优先；</li>
                    <li>精通PHP基础，熟悉面向对象的编程思想；</li>
                    <li>掌握 HTML/XHTML、CSS、Javascript、jQuery；</li>
                    <li>精通MVC、OOP，熟悉相关框架；</li>
                    <li>拥有良好的代码习惯，要求结构清晰，命名规范，逻辑性强，代码冗余率低，有撰写详细的编码注释的习惯；</li>
                    <li>具有良好的沟通、协作能力和良好的团队合作意识，具有高度的敬业精神和责任感。</li>
                    </ol>
                    <p>如果您有意向，请将个人简历投至discuz@discuz.com</p>
                    <h5><b>高级APP开发工程师(Android/iOS)</b></h5>
                    <strong>职位描述：</strong>
                    <ol>
                    <li>负责网站移动端的开发与维护</li>
                    <li>配合设计及测试团队完成软件用户体验、运行速度、功能等方面的改进及提升；</li>
                    </ol>
                    <strong>职位要求：</strong>
                    <ol>
                    <li>相关专业本科以上学历，至少三年以上开发经验，有相关上线作品者优先；</li>
                    <li>精通Android/IOS系统开发平台及框架，能独立完成项目开发；</li>
                    <li>精通Android/IOS开发语言，与后台配合完成项目开发；</li>
                    <li>有跨平台移动设备开发经验、嵌入式经验或PHP开发经验者优先；</li>
                    <li>拥有良好的代码习惯，要求结构清晰，命名规范，逻辑性强，代码冗余率低，有撰写详细的编码注释的习惯；</li>
                    <li>具有良好的沟通、协作能力和良好的团队合作意识，具有高度的敬业精神和责任感。</li>
                    </ol>
                    <p>如果您有意向，请将个人简历投至discuz@discuz.com</p>
                    <h5><b>前端开发工程师</b></h5>
                    <strong>职位描述：</strong>
                    <ol>
                    <li>负责公司网站的界面UI设计和互交开发方面的需求；</li>
                    <li>以用户为核心的开发工作，从前端的角度充分考虑用户体验和美观度</li>
                    <li>参与产品需求、设计阶段的工作并从前端的角度提出意见；</li>
                    </ol>
                    <strong>职位要求：</strong>
                    <ol>
                    <li>一年以上前端开发经验，有个人独立项目作品优先；</li>
                    <li>精通 XHTML/CSS/JavaScript代码实现做到兼容主流浏览器</li>
                    <li>掌握Jquery，有一种前端UI框架使用经验(例如bootstrap,kissy等)</li>
                    <li>拥有良好的代码习惯，要求结构清晰，命名规范，逻辑性强，代码冗余率低，有撰写详细的编码注释的习惯；</li>
                    <li>具有良好的沟通、协作能力和良好的团队合作意识，具有高度的敬业精神和责任感。</li>
                    </ol>
                    <p>如果您有意向，请将个人简历投至discuz@discuz.com</p>
                </div>
            </div>]]></item>
					<item id="items"><![CDATA[10]]></item>
				</item>
				<item id="shownum"><![CDATA[10]]></item>
				<item id="cachetime"><![CDATA[0]]></item>
				<item id="cachetimerange"><![CDATA[0,0]]></item>
				<item id="punctualupdate"><![CDATA[0]]></item>
				<item id="hidedisplay"><![CDATA[0]]></item>
				<item id="dateline"><![CDATA[1528858645]]></item>
				<item id="notinherited"><![CDATA[0]]></item>
				<item id="isblank"><![CDATA[0]]></item>
			</item>
			<item id="181">
				<item id="bid"><![CDATA[181]]></item>
				<item id="blockclass"><![CDATA[html_html]]></item>
				<item id="blocktype"><![CDATA[0]]></item>
				<item id="name"><![CDATA[about_main_box6]]></item>
				<item id="title"><![CDATA[]]></item>
				<item id="classname"><![CDATA[]]></item>
				<item id="summary"><![CDATA[<div class="contact_us">
            	<div class="about_main_title">
                	<h5>联系我们<span>Contact Us</span></h5>
                </div>
                <div class="contact_us_c mt20 cl">
                	<div class="map">
                    <!--引用百度地图API-->
                    <style type="text/css">
                        .iw_poi_title {color:#CC5522;font-size:14px;font-weight:bold;overflow:hidden;padding-right:13px;white-space:nowrap}
                        .iw_poi_content {font:12px arial,sans-serif;overflow:visible;padding-top:4px;white-space:-moz-pre-wrap;word-wrap:break-word}
                    </style>
                    <script type="text/javascript" src="http://api.map.baidu.com/api?key=&v=1.1&services=true"></script>
                    
                    
                    
                      <!--百度地图容器-->
                      <div style="width:555px;height:510px;border:#ccc solid 1px;" id="dituContent"></div>
                    
                    <script type="text/javascript">
                        //创建和初始化地图函数：
                        function initMap(){
                            createMap();//创建地图
                            setMapEvent();//设置地图事件
                            addMapControl();//向地图添加控件
                            addMarker();//向地图中添加marker
                        }
                        
                        //创建地图函数：
                        function createMap(){
                            var map = new BMap.Map("dituContent");//在百度地图容器中创建一个地图
                            var point = new BMap.Point(116.323066,39.989956);//定义一个中心点坐标
                            map.centerAndZoom(point,17);//设定地图的中心点和坐标并将地图显示在地图容器中
                            window.map = map;//将map变量存储在全局
                        }
                        
                        //地图事件设置函数：
                        function setMapEvent(){
                            map.enableDragging();//启用地图拖拽事件，默认启用(可不写)
                            map.enableScrollWheelZoom();//启用地图滚轮放大缩小
                            map.enableDoubleClickZoom();//启用鼠标双击放大，默认启用(可不写)
                            map.enableKeyboard();//启用键盘上下左右键移动地图
                        }
                        
                        //地图控件添加函数：
                        function addMapControl(){
                            //向地图中添加缩放控件
                        var ctrl_nav = new BMap.NavigationControl({anchor:BMAP_ANCHOR_TOP_LEFT,type:BMAP_NAVIGATION_CONTROL_LARGE});
                        map.addControl(ctrl_nav);
                            //向地图中添加缩略图控件
                        var ctrl_ove = new BMap.OverviewMapControl({anchor:BMAP_ANCHOR_BOTTOM_RIGHT,isOpen:1});
                        map.addControl(ctrl_ove);
                            //向地图中添加比例尺控件
                        var ctrl_sca = new BMap.ScaleControl({anchor:BMAP_ANCHOR_BOTTOM_LEFT});
                        map.addControl(ctrl_sca);
                        }
                        
                        //标注点数组
                        var markerArr = [{title:"微酷网络",content:"我的备注",point:"116.323398|39.989998",isOpen:0,icon:{w:21,h:21,l:0,t:0,x:6,lb:5}}
                             ];
                        //创建marker
                        function addMarker(){
                            for(var i=0;i<markerArr.length;i++){
                                var json = markerArr[i];
                                var p0 = json.point.split("|")[0];
                                var p1 = json.point.split("|")[1];
                                var point = new BMap.Point(p0,p1);
                                var iconImg = createIcon(json.icon);
                                var marker = new BMap.Marker(point,{icon:iconImg});
                                var iw = createInfoWindow(i);
                                var label = new BMap.Label(json.title,{"offset":new BMap.Size(json.icon.lb-json.icon.x+10,-20)});
                                marker.setLabel(label);
                                map.addOverlay(marker);
                                label.setStyle({
                                            borderColor:"#808080",
                                            color:"#333",
                                            cursor:"pointer"
                                });
                                
                                (function(){
                                    var index = i;
                                    var _iw = createInfoWindow(i);
                                    var _marker = marker;
                                    _marker.addEventListener("click",function(){
                                        this.openInfoWindow(_iw);
                                    });
                                    _iw.addEventListener("open",function(){
                                        _marker.getLabel().hide();
                                    })
                                    _iw.addEventListener("close",function(){
                                        _marker.getLabel().show();
                                    })
                                    label.addEventListener("click",function(){
                                        _marker.openInfoWindow(_iw);
                                    })
                                    if(!!json.isOpen){
                                        label.hide();
                                        _marker.openInfoWindow(_iw);
                                    }
                                })()
                            }
                        }
                        //创建InfoWindow
                        function createInfoWindow(i){
                            var json = markerArr[i];
                            var iw = new BMap.InfoWindow("<b class='iw_poi_title' title='" + json.title + "'>" + json.title + "</b><div class='iw_poi_content'>"+json.content+"</div>");
                            return iw;
                        }
                        //创建一个Icon
                        function createIcon(json){
                            var icon = new BMap.Icon("http://app.baidu.com/map/images/us_mk_icon.png", new BMap.Size(json.w,json.h),{imageOffset: new BMap.Size(-json.l,-json.t),infoWindowOffset:new BMap.Size(json.lb+5,1),offset:new BMap.Size(json.x,json.h)})
                            return icon;
                        }
                        
                        initMap();//创建和初始化地图
                    </script>


                    </div>
                    <div class="info">
                        <strong>客服中心（技术支持，投诉，建议）：</strong>
                        <p>法律顾问：某某某律师，系中华全国律师协会会员。</p>
                        <p>全国统一客服电话：4006-900-000（服务时间：8:00 - 22:30）</p>
                        <p>版权投诉联系：discuz@discuz.com</p>
                        <div class="contact_hot">
                            <div class="contact_hot_box">
                                <p>如果您是网站、渠道，想洽谈资源置换、市场合作。请联系：</p>
                                <p><i></i>邮箱：discuz@discuz.com</p>
                            </div>
                            <div class="contact_hot_box mt10">
                                <p>如果您想投放广告或获得精准业务。请联系：</p>
                                <p><i></i>邮箱：discuz@discuz.comm</p>
                            </div>
                            <div class="contact_hot_box mt10">
                                <p>如果您是媒体，想沟通采访及报道事宜。请联系：</p>
                                <p><i></i>邮箱：discuz@discuz.com</p>
                            </div>
                        </div>
                    </div>
                </div>
            </div>]]></item>
				<item id="uid"><![CDATA[1]]></item>
				<item id="username"><![CDATA[wicool]]></item>
				<item id="styleid"><![CDATA[0]]></item>
				<item id="blockstyle"><![CDATA[]]></item>
				<item id="picwidth"><![CDATA[0]]></item>
				<item id="picheight"><![CDATA[0]]></item>
				<item id="target"><![CDATA[blank]]></item>
				<item id="dateformat"><![CDATA[Y-m-d]]></item>
				<item id="dateuformat"><![CDATA[0]]></item>
				<item id="script"><![CDATA[blank]]></item>
				<item id="param">
					<item id="content"><![CDATA[<div class=\"contact_us\">
            	<div class=\"about_main_title\">
                	<h5>联系我们<span>Contact Us</span></h5>
                </div>
                <div class=\"contact_us_c mt20 cl\">
                	<div class=\"map\">
                    <!--引用百度地图API-->
                    <style type=\"text/css\">
                        .iw_poi_title {color:#CC5522;font-size:14px;font-weight:bold;overflow:hidden;padding-right:13px;white-space:nowrap}
                        .iw_poi_content {font:12px arial,sans-serif;overflow:visible;padding-top:4px;white-space:-moz-pre-wrap;word-wrap:break-word}
                    </style>
                    <script type=\"text/javascript\" src=\"http://api.map.baidu.com/api?key=&v=1.1&services=true\"></script>
                    
                    
                    
                      <!--百度地图容器-->
                      <div style=\"width:555px;height:510px;border:#ccc solid 1px;\" id=\"dituContent\"></div>
                    
                    <script type=\"text/javascript\">
                        //创建和初始化地图函数：
                        function initMap(){
                            createMap();//创建地图
                            setMapEvent();//设置地图事件
                            addMapControl();//向地图添加控件
                            addMarker();//向地图中添加marker
                        }
                        
                        //创建地图函数：
                        function createMap(){
                            var map = new BMap.Map(\"dituContent\");//在百度地图容器中创建一个地图
                            var point = new BMap.Point(116.323066,39.989956);//定义一个中心点坐标
                            map.centerAndZoom(point,17);//设定地图的中心点和坐标并将地图显示在地图容器中
                            window.map = map;//将map变量存储在全局
                        }
                        
                        //地图事件设置函数：
                        function setMapEvent(){
                            map.enableDragging();//启用地图拖拽事件，默认启用(可不写)
                            map.enableScrollWheelZoom();//启用地图滚轮放大缩小
                            map.enableDoubleClickZoom();//启用鼠标双击放大，默认启用(可不写)
                            map.enableKeyboard();//启用键盘上下左右键移动地图
                        }
                        
                        //地图控件添加函数：
                        function addMapControl(){
                            //向地图中添加缩放控件
                        var ctrl_nav = new BMap.NavigationControl({anchor:BMAP_ANCHOR_TOP_LEFT,type:BMAP_NAVIGATION_CONTROL_LARGE});
                        map.addControl(ctrl_nav);
                            //向地图中添加缩略图控件
                        var ctrl_ove = new BMap.OverviewMapControl({anchor:BMAP_ANCHOR_BOTTOM_RIGHT,isOpen:1});
                        map.addControl(ctrl_ove);
                            //向地图中添加比例尺控件
                        var ctrl_sca = new BMap.ScaleControl({anchor:BMAP_ANCHOR_BOTTOM_LEFT});
                        map.addControl(ctrl_sca);
                        }
                        
                        //标注点数组
                        var markerArr = [{title:\"微酷网络\",content:\"我的备注\",point:\"116.323398|39.989998\",isOpen:0,icon:{w:21,h:21,l:0,t:0,x:6,lb:5}}
                             ];
                        //创建marker
                        function addMarker(){
                            for(var i=0;i<markerArr.length;i++){
                                var json = markerArr[i];
                                var p0 = json.point.split(\"|\")[0];
                                var p1 = json.point.split(\"|\")[1];
                                var point = new BMap.Point(p0,p1);
                                var iconImg = createIcon(json.icon);
                                var marker = new BMap.Marker(point,{icon:iconImg});
                                var iw = createInfoWindow(i);
                                var label = new BMap.Label(json.title,{\"offset\":new BMap.Size(json.icon.lb-json.icon.x+10,-20)});
                                marker.setLabel(label);
                                map.addOverlay(marker);
                                label.setStyle({
                                            borderColor:\"#808080\",
                                            color:\"#333\",
                                            cursor:\"pointer\"
                                });
                                
                                (function(){
                                    var index = i;
                                    var _iw = createInfoWindow(i);
                                    var _marker = marker;
                                    _marker.addEventListener(\"click\",function(){
                                        this.openInfoWindow(_iw);
                                    });
                                    _iw.addEventListener(\"open\",function(){
                                        _marker.getLabel().hide();
                                    })
                                    _iw.addEventListener(\"close\",function(){
                                        _marker.getLabel().show();
                                    })
                                    label.addEventListener(\"click\",function(){
                                        _marker.openInfoWindow(_iw);
                                    })
                                    if(!!json.isOpen){
                                        label.hide();
                                        _marker.openInfoWindow(_iw);
                                    }
                                })()
                            }
                        }
                        //创建InfoWindow
                        function createInfoWindow(i){
                            var json = markerArr[i];
                            var iw = new BMap.InfoWindow(\"<b class=\'iw_poi_title\' title=\'\" + json.title + \"\'>\" + json.title + \"</b><div class=\'iw_poi_content\'>\"+json.content+\"</div>\");
                            return iw;
                        }
                        //创建一个Icon
                        function createIcon(json){
                            var icon = new BMap.Icon(\"http://app.baidu.com/map/images/us_mk_icon.png\", new BMap.Size(json.w,json.h),{imageOffset: new BMap.Size(-json.l,-json.t),infoWindowOffset:new BMap.Size(json.lb+5,1),offset:new BMap.Size(json.x,json.h)})
                            return icon;
                        }
                        
                        initMap();//创建和初始化地图
                    </script>


                    </div>
                    <div class=\"info\">
                        <strong>客服中心（技术支持，投诉，建议）：</strong>
                        <p>法律顾问：某某某律师，系中华全国律师协会会员。</p>
                        <p>全国统一客服电话：4006-900-000（服务时间：8:00 - 22:30）</p>
                        <p>版权投诉联系：discuz@discuz.com</p>
                        <div class=\"contact_hot\">
                            <div class=\"contact_hot_box\">
                                <p>如果您是网站、渠道，想洽谈资源置换、市场合作。请联系：</p>
                                <p><i></i>邮箱：discuz@discuz.com</p>
                            </div>
                            <div class=\"contact_hot_box mt10\">
                                <p>如果您想投放广告或获得精准业务。请联系：</p>
                                <p><i></i>邮箱：discuz@discuz.comm</p>
                            </div>
                            <div class=\"contact_hot_box mt10\">
                                <p>如果您是媒体，想沟通采访及报道事宜。请联系：</p>
                                <p><i></i>邮箱：discuz@discuz.com</p>
                            </div>
                        </div>
                    </div>
                </div>
            </div>]]></item>
					<item id="items"><![CDATA[10]]></item>
				</item>
				<item id="shownum"><![CDATA[10]]></item>
				<item id="cachetime"><![CDATA[0]]></item>
				<item id="cachetimerange"><![CDATA[0,0]]></item>
				<item id="punctualupdate"><![CDATA[0]]></item>
				<item id="hidedisplay"><![CDATA[0]]></item>
				<item id="dateline"><![CDATA[1528858662]]></item>
				<item id="notinherited"><![CDATA[0]]></item>
				<item id="isblank"><![CDATA[0]]></item>
			</item>
		</item>
		<item id="style">
		</item>
	</item>
</root>
