<?xml version="1.0" encoding="ISO-8859-1"?>
<root>
	<item id="spacecss"><![CDATA[]]></item>
	<item id="layoutdata">
		<item id="diy1"><![CDATA[]]></item>
		<item id="listcontenttop"><![CDATA[]]></item>
		<item id="listloopbottom"><![CDATA[]]></item>
		<item id="diycontentbottom"><![CDATA[]]></item>
		<item id="diyrighttop"><![CDATA[]]></item>
		<item id="diywic_hot_recommend">
			<item id="frame`framewmOl88">
				<item id="attr">
					<item id="name"><![CDATA[framewmOl88]]></item>
					<item id="moveable"><![CDATA[true]]></item>
					<item id="className"><![CDATA[frame move-span cl frame-1]]></item>
					<item id="titles"><![CDATA[]]></item>
				</item>
				<item id="column`framewmOl88_left">
					<item id="attr">
						<item id="name"><![CDATA[framewmOl88_left]]></item>
						<item id="className"><![CDATA[column frame-1-c]]></item>
					</item>
					<item id="block`portal_block_3196">
						<item id="attr">
							<item id="name"><![CDATA[portal_block_3196]]></item>
							<item id="className"><![CDATA[block move-span]]></item>
							<item id="titles"><![CDATA[]]></item>
						</item>
					</item>
				</item>
			</item>
		</item>
		<item id="diywic_article_hot">
			<item id="frame`framet29Mql">
				<item id="attr">
					<item id="name"><![CDATA[framet29Mql]]></item>
					<item id="moveable"><![CDATA[true]]></item>
					<item id="className"><![CDATA[frame move-span cl frame-1]]></item>
					<item id="titles"><![CDATA[]]></item>
				</item>
				<item id="column`framet29Mql_left">
					<item id="attr">
						<item id="name"><![CDATA[framet29Mql_left]]></item>
						<item id="className"><![CDATA[column frame-1-c]]></item>
					</item>
					<item id="block`portal_block_3197">
						<item id="attr">
							<item id="name"><![CDATA[portal_block_3197]]></item>
							<item id="className"><![CDATA[block move-span]]></item>
							<item id="titles"><![CDATA[]]></item>
						</item>
					</item>
				</item>
			</item>
		</item>
		<item id="diywic_article_headline">
			<item id="frame`frames05W2C">
				<item id="attr">
					<item id="name"><![CDATA[frames05W2C]]></item>
					<item id="moveable"><![CDATA[true]]></item>
					<item id="className"><![CDATA[frame move-span cl frame-1]]></item>
					<item id="titles"><![CDATA[]]></item>
				</item>
				<item id="column`frames05W2C_left">
					<item id="attr">
						<item id="name"><![CDATA[frames05W2C_left]]></item>
						<item id="className"><![CDATA[column frame-1-c]]></item>
					</item>
					<item id="block`portal_block_3198">
						<item id="attr">
							<item id="name"><![CDATA[portal_block_3198]]></item>
							<item id="className"><![CDATA[block move-span]]></item>
							<item id="titles"><![CDATA[]]></item>
						</item>
					</item>
				</item>
			</item>
		</item>
		<item id="diywic_article_rank">
			<item id="frame`frameNzyya5">
				<item id="attr">
					<item id="name"><![CDATA[frameNzyya5]]></item>
					<item id="moveable"><![CDATA[true]]></item>
					<item id="className"><![CDATA[frame move-span cl frame-1]]></item>
					<item id="titles"><![CDATA[]]></item>
				</item>
				<item id="column`frameNzyya5_left">
					<item id="attr">
						<item id="name"><![CDATA[frameNzyya5_left]]></item>
						<item id="className"><![CDATA[column frame-1-c]]></item>
					</item>
					<item id="block`portal_block_3199">
						<item id="attr">
							<item id="name"><![CDATA[portal_block_3199]]></item>
							<item id="className"><![CDATA[block move-span]]></item>
							<item id="titles"><![CDATA[]]></item>
						</item>
					</item>
				</item>
			</item>
		</item>
		<item id="diy2"><![CDATA[]]></item>
		<item id="diy3"><![CDATA[]]></item>
	</item>
	<item id="blockdata">
		<item id="block">
			<item id="3196">
				<item id="bid"><![CDATA[3196]]></item>
				<item id="blockclass"><![CDATA[portal_article]]></item>
				<item id="blocktype"><![CDATA[0]]></item>
				<item id="name"><![CDATA[article_hot_recommend]]></item>
				<item id="title"><![CDATA[]]></item>
				<item id="classname"><![CDATA[]]></item>
				<item id="summary"><![CDATA[]]></item>
				<item id="uid"><![CDATA[1]]></item>
				<item id="username"><![CDATA[admin]]></item>
				<item id="styleid"><![CDATA[1053]]></item>
				<item id="blockstyle"><![CDATA[]]></item>
				<item id="picwidth"><![CDATA[160]]></item>
				<item id="picheight"><![CDATA[120]]></item>
				<item id="target"><![CDATA[blank]]></item>
				<item id="dateformat"><![CDATA[Y-m-d]]></item>
				<item id="dateuformat"><![CDATA[0]]></item>
				<item id="script"><![CDATA[article]]></item>
				<item id="param">
					<item id="aids"><![CDATA[]]></item>
					<item id="uids"><![CDATA[]]></item>
					<item id="keyword"><![CDATA[]]></item>
					<item id="catid">
						<item id="0"><![CDATA[0]]></item>
					</item>
					<item id="picrequired"><![CDATA[1]]></item>
					<item id="starttime"><![CDATA[]]></item>
					<item id="endtime"><![CDATA[]]></item>
					<item id="orderby"><![CDATA[dateline]]></item>
					<item id="publishdateline"><![CDATA[0]]></item>
					<item id="titlelength"><![CDATA[40]]></item>
					<item id="summarylength"><![CDATA[80]]></item>
					<item id="startrow"><![CDATA[0]]></item>
					<item id="items"><![CDATA[4]]></item>
				</item>
				<item id="shownum"><![CDATA[4]]></item>
				<item id="cachetime"><![CDATA[3600]]></item>
				<item id="cachetimerange"><![CDATA[]]></item>
				<item id="punctualupdate"><![CDATA[0]]></item>
				<item id="hidedisplay"><![CDATA[0]]></item>
				<item id="dateline"><![CDATA[1536135364]]></item>
				<item id="notinherited"><![CDATA[0]]></item>
				<item id="isblank"><![CDATA[0]]></item>
			</item>
			<item id="3197">
				<item id="bid"><![CDATA[3197]]></item>
				<item id="blockclass"><![CDATA[portal_article]]></item>
				<item id="blocktype"><![CDATA[0]]></item>
				<item id="name"><![CDATA[article_hot]]></item>
				<item id="title"><![CDATA[]]></item>
				<item id="classname"><![CDATA[]]></item>
				<item id="summary"><![CDATA[]]></item>
				<item id="uid"><![CDATA[1]]></item>
				<item id="username"><![CDATA[admin]]></item>
				<item id="styleid"><![CDATA[1054]]></item>
				<item id="blockstyle"><![CDATA[]]></item>
				<item id="picwidth"><![CDATA[300]]></item>
				<item id="picheight"><![CDATA[225]]></item>
				<item id="target"><![CDATA[blank]]></item>
				<item id="dateformat"><![CDATA[Y-m-d]]></item>
				<item id="dateuformat"><![CDATA[0]]></item>
				<item id="script"><![CDATA[article]]></item>
				<item id="param">
					<item id="aids"><![CDATA[]]></item>
					<item id="uids"><![CDATA[]]></item>
					<item id="keyword"><![CDATA[]]></item>
					<item id="catid">
						<item id="0"><![CDATA[0]]></item>
					</item>
					<item id="picrequired"><![CDATA[1]]></item>
					<item id="starttime"><![CDATA[]]></item>
					<item id="endtime"><![CDATA[]]></item>
					<item id="orderby"><![CDATA[dateline]]></item>
					<item id="publishdateline"><![CDATA[0]]></item>
					<item id="titlelength"><![CDATA[40]]></item>
					<item id="summarylength"><![CDATA[80]]></item>
					<item id="startrow"><![CDATA[0]]></item>
					<item id="items"><![CDATA[5]]></item>
				</item>
				<item id="shownum"><![CDATA[5]]></item>
				<item id="cachetime"><![CDATA[3600]]></item>
				<item id="cachetimerange"><![CDATA[]]></item>
				<item id="punctualupdate"><![CDATA[0]]></item>
				<item id="hidedisplay"><![CDATA[0]]></item>
				<item id="dateline"><![CDATA[1536134866]]></item>
				<item id="notinherited"><![CDATA[0]]></item>
				<item id="isblank"><![CDATA[0]]></item>
			</item>
			<item id="3198">
				<item id="bid"><![CDATA[3198]]></item>
				<item id="blockclass"><![CDATA[portal_article]]></item>
				<item id="blocktype"><![CDATA[0]]></item>
				<item id="name"><![CDATA[article_headline]]></item>
				<item id="title"><![CDATA[]]></item>
				<item id="classname"><![CDATA[]]></item>
				<item id="summary"><![CDATA[]]></item>
				<item id="uid"><![CDATA[1]]></item>
				<item id="username"><![CDATA[admin]]></item>
				<item id="styleid"><![CDATA[1241]]></item>
				<item id="blockstyle"><![CDATA[]]></item>
				<item id="picwidth"><![CDATA[0]]></item>
				<item id="picheight"><![CDATA[0]]></item>
				<item id="target"><![CDATA[blank]]></item>
				<item id="dateformat"><![CDATA[Y-m-d]]></item>
				<item id="dateuformat"><![CDATA[0]]></item>
				<item id="script"><![CDATA[article]]></item>
				<item id="param">
					<item id="aids"><![CDATA[]]></item>
					<item id="uids"><![CDATA[]]></item>
					<item id="keyword"><![CDATA[]]></item>
					<item id="catid">
						<item id="0"><![CDATA[0]]></item>
					</item>
					<item id="picrequired"><![CDATA[0]]></item>
					<item id="starttime"><![CDATA[]]></item>
					<item id="endtime"><![CDATA[]]></item>
					<item id="orderby"><![CDATA[dateline]]></item>
					<item id="publishdateline"><![CDATA[0]]></item>
					<item id="titlelength"><![CDATA[40]]></item>
					<item id="summarylength"><![CDATA[80]]></item>
					<item id="startrow"><![CDATA[0]]></item>
					<item id="items"><![CDATA[5]]></item>
				</item>
				<item id="shownum"><![CDATA[5]]></item>
				<item id="cachetime"><![CDATA[3600]]></item>
				<item id="cachetimerange"><![CDATA[]]></item>
				<item id="punctualupdate"><![CDATA[0]]></item>
				<item id="hidedisplay"><![CDATA[0]]></item>
				<item id="dateline"><![CDATA[1536135052]]></item>
				<item id="notinherited"><![CDATA[0]]></item>
				<item id="isblank"><![CDATA[0]]></item>
			</item>
			<item id="3199">
				<item id="bid"><![CDATA[3199]]></item>
				<item id="blockclass"><![CDATA[portal_article]]></item>
				<item id="blocktype"><![CDATA[0]]></item>
				<item id="name"><![CDATA[article_rank]]></item>
				<item id="title"><![CDATA[]]></item>
				<item id="classname"><![CDATA[]]></item>
				<item id="summary"><![CDATA[]]></item>
				<item id="uid"><![CDATA[1]]></item>
				<item id="username"><![CDATA[admin]]></item>
				<item id="styleid"><![CDATA[1056]]></item>
				<item id="blockstyle"><![CDATA[]]></item>
				<item id="picwidth"><![CDATA[272]]></item>
				<item id="picheight"><![CDATA[204]]></item>
				<item id="target"><![CDATA[blank]]></item>
				<item id="dateformat"><![CDATA[Y-m-d]]></item>
				<item id="dateuformat"><![CDATA[0]]></item>
				<item id="script"><![CDATA[article]]></item>
				<item id="param">
					<item id="aids"><![CDATA[]]></item>
					<item id="uids"><![CDATA[]]></item>
					<item id="keyword"><![CDATA[]]></item>
					<item id="catid">
						<item id="0"><![CDATA[0]]></item>
					</item>
					<item id="picrequired"><![CDATA[0]]></item>
					<item id="starttime"><![CDATA[]]></item>
					<item id="endtime"><![CDATA[]]></item>
					<item id="orderby"><![CDATA[dateline]]></item>
					<item id="publishdateline"><![CDATA[0]]></item>
					<item id="titlelength"><![CDATA[40]]></item>
					<item id="summarylength"><![CDATA[80]]></item>
					<item id="startrow"><![CDATA[0]]></item>
					<item id="items"><![CDATA[5]]></item>
				</item>
				<item id="shownum"><![CDATA[5]]></item>
				<item id="cachetime"><![CDATA[3600]]></item>
				<item id="cachetimerange"><![CDATA[]]></item>
				<item id="punctualupdate"><![CDATA[0]]></item>
				<item id="hidedisplay"><![CDATA[0]]></item>
				<item id="dateline"><![CDATA[1536135054]]></item>
				<item id="notinherited"><![CDATA[0]]></item>
				<item id="isblank"><![CDATA[0]]></item>
			</item>
		</item>
		<item id="style">
			<item id="1053">
				<item id="styleid"><![CDATA[1053]]></item>
				<item id="blockclass"><![CDATA[portal_article]]></item>
				<item id="name"><![CDATA[wic_article_recom]]></item>
				<item id="template">
					<item id="raw"><![CDATA[
<ul>
[loop]
	[order=odd]<li class="ml0"><a href="{url}"{target}><img src="{pic}" width="{picwidth}" height="{picheight}" /><h3>{title}</h3></a></li>[/order]
	[order=even]<li><a href="{url}"{target}><img src="{pic}" width="{picwidth}" height="{picheight}" /><h3>{title}</h3></a></li>[/order]
[/loop]
</ul>]]></item>
					<item id="footer"><![CDATA[]]></item>
					<item id="header"><![CDATA[]]></item>
					<item id="indexplus">
					</item>
					<item id="index">
					</item>
					<item id="orderplus">
					</item>
					<item id="order">
						<item id="odd"><![CDATA[<li class="ml0"><a href="{url}"{target}><img src="{pic}" width="{picwidth}" height="{picheight}" /><h3>{title}</h3></a></li>]]></item>
						<item id="even"><![CDATA[<li><a href="{url}"{target}><img src="{pic}" width="{picwidth}" height="{picheight}" /><h3>{title}</h3></a></li>]]></item>
					</item>
					<item id="loopplus">
					</item>
					<item id="loop"><![CDATA[[order=odd]<li class="ml0"><a href="{url}"{target}><img src="{pic}" width="{picwidth}" height="{picheight}" /><h3>{title}</h3></a></li>[/order]
	[order=even]<li><a href="{url}"{target}><img src="{pic}" width="{picwidth}" height="{picheight}" /><h3>{title}</h3></a></li>[/order]]]></item>
				</item>
				<item id="hash"><![CDATA[4402bb8c]]></item>
				<item id="getpic"><![CDATA[1]]></item>
				<item id="getsummary"><![CDATA[0]]></item>
				<item id="makethumb"><![CDATA[1]]></item>
				<item id="settarget"><![CDATA[1]]></item>
				<item id="fields">
					<item id="0"><![CDATA[url]]></item>
					<item id="1"><![CDATA[pic]]></item>
					<item id="2"><![CDATA[title]]></item>
				</item>
				<item id="moreurl"><![CDATA[0]]></item>
			</item>
			<item id="1054">
				<item id="styleid"><![CDATA[1054]]></item>
				<item id="blockclass"><![CDATA[portal_article]]></item>
				<item id="name"><![CDATA[wic_article_hot]]></item>
				<item id="template">
					<item id="raw"><![CDATA[<div class="bd">
<ul>
[loop1]
	<li>
		<a href="{url}"{target}>
			<img src="{pic}" width="{picwidth}" height="{picheight}" />
			<h3>{title}</h3>
		</a>
	</li>
[/loop1]
</ul>
</div>
<div class="hd">
<ul>
	[loop2]
	<li>{currentorder}</li>
	[/loop2]
</ul>
</div>
<div class="slide-nav">
<a href="javascript:void(0)" class="prev"></a>
<a href="javascript:void(0)" class="next"></a>
</div>]]></item>
					<item id="footer"><![CDATA[]]></item>
					<item id="header"><![CDATA[]]></item>
					<item id="indexplus">
					</item>
					<item id="index">
					</item>
					<item id="orderplus">
					</item>
					<item id="order">
					</item>
					<item id="loopplus">
						<item id="1"><![CDATA[<li>
		<a href="{url}"{target}>
			<img src="{pic}" width="{picwidth}" height="{picheight}" />
			<h3>{title}</h3>
		</a>
	</li>]]></item>
						<item id="2"><![CDATA[<li>{currentorder}</li>]]></item>
					</item>
					<item id="loop">
					</item>
				</item>
				<item id="hash"><![CDATA[0c59c3be]]></item>
				<item id="getpic"><![CDATA[1]]></item>
				<item id="getsummary"><![CDATA[0]]></item>
				<item id="makethumb"><![CDATA[1]]></item>
				<item id="settarget"><![CDATA[1]]></item>
				<item id="fields">
					<item id="0"><![CDATA[url]]></item>
					<item id="1"><![CDATA[pic]]></item>
					<item id="2"><![CDATA[title]]></item>
					<item id="3"><![CDATA[currentorder]]></item>
				</item>
				<item id="moreurl"><![CDATA[0]]></item>
			</item>
			<item id="1056">
				<item id="styleid"><![CDATA[1056]]></item>
				<item id="blockclass"><![CDATA[portal_article]]></item>
				<item id="name"><![CDATA[wic_article_rank]]></item>
				<item id="template">
					<item id="raw"><![CDATA[<ul>
[loop]
	[order=1]
	<li class="first">
		<a href="{url}"{target}>
			<img src="{pic}" width="{picwidth}" height="{picheight}" />
			<em class="num{currentorder}">{currentorder}</em>
			<div class="info">
				<h3>{title}</h3>
				<div class="other cl">
					<span class="author">作者 : {username}</span>
					<span class="reply">{commentnum}</span>
					<span class="view">{viewnum}</span>
				</div>
			</div>
		</a>
	</li>
	[/order]
	<li class="normal">
		<h3><a href="{url}"{target}>{title}</a></h3>
		<em class="num{currentorder}">{currentorder}</em>
		<div class="other cl">
			<span class="author">作者 : <i>{username}</i></span>
			<span class="reply">{commentnum}</span>
			<span class="view">{viewnum}</span>
		</div>
	</li>
[/loop]
</ul>]]></item>
					<item id="footer"><![CDATA[]]></item>
					<item id="header"><![CDATA[]]></item>
					<item id="indexplus">
					</item>
					<item id="index">
					</item>
					<item id="orderplus">
					</item>
					<item id="order">
						<item id="1"><![CDATA[<li class="first">
		<a href="{url}"{target}>
			<img src="{pic}" width="{picwidth}" height="{picheight}" />
			<em class="num{currentorder}">{currentorder}</em>
			<div class="info">
				<h3>{title}</h3>
				<div class="other cl">
					<span class="author">作者 : {username}</span>
					<span class="reply">{commentnum}</span>
					<span class="view">{viewnum}</span>
				</div>
			</div>
		</a>
	</li>]]></item>
					</item>
					<item id="loopplus">
					</item>
					<item id="loop"><![CDATA[[order=1]
	<li class="first">
		<a href="{url}"{target}>
			<img src="{pic}" width="{picwidth}" height="{picheight}" />
			<em class="num{currentorder}">{currentorder}</em>
			<div class="info">
				<h3>{title}</h3>
				<div class="other cl">
					<span class="author">作者 : {username}</span>
					<span class="reply">{commentnum}</span>
					<span class="view">{viewnum}</span>
				</div>
			</div>
		</a>
	</li>
	[/order]
	<li class="normal">
		<h3><a href="{url}"{target}>{title}</a></h3>
		<em class="num{currentorder}">{currentorder}</em>
		<div class="other cl">
			<span class="author">作者 : <i>{username}</i></span>
			<span class="reply">{commentnum}</span>
			<span class="view">{viewnum}</span>
		</div>
	</li>]]></item>
				</item>
				<item id="hash"><![CDATA[60ec3fd8]]></item>
				<item id="getpic"><![CDATA[1]]></item>
				<item id="getsummary"><![CDATA[0]]></item>
				<item id="makethumb"><![CDATA[1]]></item>
				<item id="settarget"><![CDATA[1]]></item>
				<item id="fields">
					<item id="0"><![CDATA[url]]></item>
					<item id="1"><![CDATA[pic]]></item>
					<item id="2"><![CDATA[currentorder]]></item>
					<item id="3"><![CDATA[title]]></item>
					<item id="4"><![CDATA[username]]></item>
					<item id="5"><![CDATA[commentnum]]></item>
					<item id="6"><![CDATA[viewnum]]></item>
				</item>
				<item id="moreurl"><![CDATA[0]]></item>
			</item>
			<item id="1241">
				<item id="styleid"><![CDATA[1241]]></item>
				<item id="blockclass"><![CDATA[portal_article]]></item>
				<item id="name"><![CDATA[wic_article_headline]]></item>
				<item id="template">
					<item id="raw"><![CDATA[<ul>
[loop]
	<li><a href="{url}"{target}>{title}</a></li>
[/loop]
</ul>]]></item>
					<item id="footer"><![CDATA[]]></item>
					<item id="header"><![CDATA[]]></item>
					<item id="indexplus">
					</item>
					<item id="index">
					</item>
					<item id="orderplus">
					</item>
					<item id="order">
					</item>
					<item id="loopplus">
					</item>
					<item id="loop"><![CDATA[<li><a href="{url}"{target}>{title}</a></li>]]></item>
				</item>
				<item id="hash"><![CDATA[fe3b3915]]></item>
				<item id="getpic"><![CDATA[0]]></item>
				<item id="getsummary"><![CDATA[0]]></item>
				<item id="makethumb"><![CDATA[0]]></item>
				<item id="settarget"><![CDATA[1]]></item>
				<item id="fields">
					<item id="0"><![CDATA[url]]></item>
					<item id="1"><![CDATA[title]]></item>
				</item>
				<item id="moreurl"><![CDATA[0]]></item>
			</item>
		</item>
	</item>
</root>