<?xml version="1.0" encoding="ISO-8859-1"?>
<root>
	<item id="spacecss"><![CDATA[]]></item>
	<item id="layoutdata">
		<item id="diy1"><![CDATA[]]></item>
		<item id="diysummarytop"><![CDATA[]]></item>
		<item id="diysummarybottom"><![CDATA[]]></item>
		<item id="diycontenttop"><![CDATA[]]></item>
		<item id="diycontentbottom"><![CDATA[]]></item>
		<item id="diycontentclickbottom"><![CDATA[]]></item>
		<item id="diycontentrelatetop"><![CDATA[]]></item>
		<item id="diycontentrelate"><![CDATA[]]></item>
		<item id=""><![CDATA[]]></item>
		<item id="diycontentcomment"><![CDATA[]]></item>
		<item id="diywic_article_hot">
			<item id="frame`frameiidDzQ">
				<item id="attr">
					<item id="name"><![CDATA[frameiidDzQ]]></item>
					<item id="moveable"><![CDATA[true]]></item>
					<item id="className"><![CDATA[frame move-span cl frame-1]]></item>
					<item id="titles"><![CDATA[]]></item>
				</item>
				<item id="column`frameiidDzQ_left">
					<item id="attr">
						<item id="name"><![CDATA[frameiidDzQ_left]]></item>
						<item id="className"><![CDATA[column frame-1-c]]></item>
					</item>
					<item id="block`portal_block_3228">
						<item id="attr">
							<item id="name"><![CDATA[portal_block_3228]]></item>
							<item id="className"><![CDATA[block move-span]]></item>
							<item id="titles"><![CDATA[]]></item>
						</item>
					</item>
				</item>
			</item>
		</item>
		<item id="diywic_article_headline">
			<item id="frame`framewn0lEd">
				<item id="attr">
					<item id="name"><![CDATA[framewn0lEd]]></item>
					<item id="moveable"><![CDATA[true]]></item>
					<item id="className"><![CDATA[frame move-span cl frame-1]]></item>
					<item id="titles"><![CDATA[]]></item>
				</item>
				<item id="column`framewn0lEd_left">
					<item id="attr">
						<item id="name"><![CDATA[framewn0lEd_left]]></item>
						<item id="className"><![CDATA[column frame-1-c]]></item>
					</item>
					<item id="block`portal_block_3229">
						<item id="attr">
							<item id="name"><![CDATA[portal_block_3229]]></item>
							<item id="className"><![CDATA[block move-span]]></item>
							<item id="titles"><![CDATA[]]></item>
						</item>
					</item>
				</item>
			</item>
		</item>
		<item id="diywic_article_rank">
			<item id="frame`frameLsRTE5">
				<item id="attr">
					<item id="name"><![CDATA[frameLsRTE5]]></item>
					<item id="moveable"><![CDATA[true]]></item>
					<item id="className"><![CDATA[frame move-span cl frame-1]]></item>
					<item id="titles"><![CDATA[]]></item>
				</item>
				<item id="column`frameLsRTE5_left">
					<item id="attr">
						<item id="name"><![CDATA[frameLsRTE5_left]]></item>
						<item id="className"><![CDATA[column frame-1-c]]></item>
					</item>
					<item id="block`portal_block_3227">
						<item id="attr">
							<item id="name"><![CDATA[portal_block_3227]]></item>
							<item id="className"><![CDATA[block move-span]]></item>
							<item id="titles"><![CDATA[]]></item>
						</item>
					</item>
				</item>
			</item>
		</item>
		<item id="diyrighttop"><![CDATA[]]></item>
		<item id="diy2"><![CDATA[]]></item>
		<item id="diy3"><![CDATA[]]></item>
	</item>
	<item id="blockdata">
		<item id="block">
			<item id="3227">
				<item id="bid"><![CDATA[3227]]></item>
				<item id="blockclass"><![CDATA[portal_article]]></item>
				<item id="blocktype"><![CDATA[0]]></item>
				<item id="name"><![CDATA[articleview_rank]]></item>
				<item id="title"><![CDATA[]]></item>
				<item id="classname"><![CDATA[]]></item>
				<item id="summary"><![CDATA[]]></item>
				<item id="uid"><![CDATA[1]]></item>
				<item id="username"><![CDATA[admin]]></item>
				<item id="styleid"><![CDATA[1056]]></item>
				<item id="blockstyle"><![CDATA[]]></item>
				<item id="picwidth"><![CDATA[272]]></item>
				<item id="picheight"><![CDATA[204]]></item>
				<item id="target"><![CDATA[blank]]></item>
				<item id="dateformat"><![CDATA[Y-m-d]]></item>
				<item id="dateuformat"><![CDATA[0]]></item>
				<item id="script"><![CDATA[article]]></item>
				<item id="param">
					<item id="aids"><![CDATA[]]></item>
					<item id="uids"><![CDATA[]]></item>
					<item id="keyword"><![CDATA[]]></item>
					<item id="catid">
						<item id="0"><![CDATA[0]]></item>
					</item>
					<item id="picrequired"><![CDATA[1]]></item>
					<item id="starttime"><![CDATA[]]></item>
					<item id="endtime"><![CDATA[]]></item>
					<item id="orderby"><![CDATA[dateline]]></item>
					<item id="publishdateline"><![CDATA[0]]></item>
					<item id="titlelength"><![CDATA[40]]></item>
					<item id="summarylength"><![CDATA[80]]></item>
					<item id="startrow"><![CDATA[0]]></item>
					<item id="items"><![CDATA[5]]></item>
				</item>
				<item id="shownum"><![CDATA[5]]></item>
				<item id="cachetime"><![CDATA[3600]]></item>
				<item id="cachetimerange"><![CDATA[]]></item>
				<item id="punctualupdate"><![CDATA[0]]></item>
				<item id="hidedisplay"><![CDATA[0]]></item>
				<item id="dateline"><![CDATA[1536135076]]></item>
				<item id="notinherited"><![CDATA[0]]></item>
				<item id="isblank"><![CDATA[0]]></item>
			</item>
			<item id="3228">
				<item id="bid"><![CDATA[3228]]></item>
				<item id="blockclass"><![CDATA[portal_article]]></item>
				<item id="blocktype"><![CDATA[0]]></item>
				<item id="name"><![CDATA[articleview_hot]]></item>
				<item id="title"><![CDATA[]]></item>
				<item id="classname"><![CDATA[]]></item>
				<item id="summary"><![CDATA[]]></item>
				<item id="uid"><![CDATA[1]]></item>
				<item id="username"><![CDATA[admin]]></item>
				<item id="styleid"><![CDATA[1054]]></item>
				<item id="blockstyle"><![CDATA[]]></item>
				<item id="picwidth"><![CDATA[300]]></item>
				<item id="picheight"><![CDATA[225]]></item>
				<item id="target"><![CDATA[blank]]></item>
				<item id="dateformat"><![CDATA[Y-m-d]]></item>
				<item id="dateuformat"><![CDATA[0]]></item>
				<item id="script"><![CDATA[article]]></item>
				<item id="param">
					<item id="aids"><![CDATA[]]></item>
					<item id="uids"><![CDATA[]]></item>
					<item id="keyword"><![CDATA[]]></item>
					<item id="catid">
						<item id="0"><![CDATA[0]]></item>
					</item>
					<item id="picrequired"><![CDATA[1]]></item>
					<item id="starttime"><![CDATA[]]></item>
					<item id="endtime"><![CDATA[]]></item>
					<item id="orderby"><![CDATA[dateline]]></item>
					<item id="publishdateline"><![CDATA[0]]></item>
					<item id="titlelength"><![CDATA[40]]></item>
					<item id="summarylength"><![CDATA[80]]></item>
					<item id="startrow"><![CDATA[0]]></item>
					<item id="items"><![CDATA[5]]></item>
				</item>
				<item id="shownum"><![CDATA[5]]></item>
				<item id="cachetime"><![CDATA[3600]]></item>
				<item id="cachetimerange"><![CDATA[]]></item>
				<item id="punctualupdate"><![CDATA[0]]></item>
				<item id="hidedisplay"><![CDATA[0]]></item>
				<item id="dateline"><![CDATA[1536135055]]></item>
				<item id="notinherited"><![CDATA[0]]></item>
				<item id="isblank"><![CDATA[0]]></item>
			</item>
			<item id="3229">
				<item id="bid"><![CDATA[3229]]></item>
				<item id="blockclass"><![CDATA[portal_article]]></item>
				<item id="blocktype"><![CDATA[0]]></item>
				<item id="name"><![CDATA[articleview_headline]]></item>
				<item id="title"><![CDATA[]]></item>
				<item id="classname"><![CDATA[]]></item>
				<item id="summary"><![CDATA[]]></item>
				<item id="uid"><![CDATA[1]]></item>
				<item id="username"><![CDATA[admin]]></item>
				<item id="styleid"><![CDATA[1241]]></item>
				<item id="blockstyle"><![CDATA[]]></item>
				<item id="picwidth"><![CDATA[0]]></item>
				<item id="picheight"><![CDATA[0]]></item>
				<item id="target"><![CDATA[blank]]></item>
				<item id="dateformat"><![CDATA[Y-m-d]]></item>
				<item id="dateuformat"><![CDATA[0]]></item>
				<item id="script"><![CDATA[article]]></item>
				<item id="param">
					<item id="aids"><![CDATA[]]></item>
					<item id="uids"><![CDATA[]]></item>
					<item id="keyword"><![CDATA[]]></item>
					<item id="catid">
						<item id="0"><![CDATA[0]]></item>
					</item>
					<item id="picrequired"><![CDATA[0]]></item>
					<item id="starttime"><![CDATA[]]></item>
					<item id="endtime"><![CDATA[]]></item>
					<item id="orderby"><![CDATA[dateline]]></item>
					<item id="publishdateline"><![CDATA[0]]></item>
					<item id="titlelength"><![CDATA[40]]></item>
					<item id="summarylength"><![CDATA[80]]></item>
					<item id="startrow"><![CDATA[0]]></item>
					<item id="items"><![CDATA[5]]></item>
				</item>
				<item id="shownum"><![CDATA[5]]></item>
				<item id="cachetime"><![CDATA[3600]]></item>
				<item id="cachetimerange"><![CDATA[]]></item>
				<item id="punctualupdate"><![CDATA[0]]></item>
				<item id="hidedisplay"><![CDATA[0]]></item>
				<item id="dateline"><![CDATA[1536135069]]></item>
				<item id="notinherited"><![CDATA[0]]></item>
				<item id="isblank"><![CDATA[0]]></item>
			</item>
		</item>
		<item id="style">
			<item id="1054">
				<item id="styleid"><![CDATA[1054]]></item>
				<item id="blockclass"><![CDATA[portal_article]]></item>
				<item id="name"><![CDATA[wic_article_hot]]></item>
				<item id="template">
					<item id="raw"><![CDATA[<div class="bd">
<ul>
[loop1]
	<li>
		<a href="{url}"{target}>
			<img src="{pic}" width="{picwidth}" height="{picheight}" />
			<h3>{title}</h3>
		</a>
	</li>
[/loop1]
</ul>
</div>
<div class="hd">
<ul>
	[loop2]
	<li>{currentorder}</li>
	[/loop2]
</ul>
</div>
<div class="slide-nav">
<a href="javascript:void(0)" class="prev"></a>
<a href="javascript:void(0)" class="next"></a>
</div>]]></item>
					<item id="footer"><![CDATA[]]></item>
					<item id="header"><![CDATA[]]></item>
					<item id="indexplus">
					</item>
					<item id="index">
					</item>
					<item id="orderplus">
					</item>
					<item id="order">
					</item>
					<item id="loopplus">
						<item id="1"><![CDATA[<li>
		<a href="{url}"{target}>
			<img src="{pic}" width="{picwidth}" height="{picheight}" />
			<h3>{title}</h3>
		</a>
	</li>]]></item>
						<item id="2"><![CDATA[<li>{currentorder}</li>]]></item>
					</item>
					<item id="loop">
					</item>
				</item>
				<item id="hash"><![CDATA[0c59c3be]]></item>
				<item id="getpic"><![CDATA[1]]></item>
				<item id="getsummary"><![CDATA[0]]></item>
				<item id="makethumb"><![CDATA[1]]></item>
				<item id="settarget"><![CDATA[1]]></item>
				<item id="fields">
					<item id="0"><![CDATA[url]]></item>
					<item id="1"><![CDATA[pic]]></item>
					<item id="2"><![CDATA[title]]></item>
					<item id="3"><![CDATA[currentorder]]></item>
				</item>
				<item id="moreurl"><![CDATA[0]]></item>
			</item>
			<item id="1056">
				<item id="styleid"><![CDATA[1056]]></item>
				<item id="blockclass"><![CDATA[portal_article]]></item>
				<item id="name"><![CDATA[wic_article_rank]]></item>
				<item id="template">
					<item id="raw"><![CDATA[<ul>
[loop]
	[order=1]
	<li class="first">
		<a href="{url}"{target}>
			<img src="{pic}" width="{picwidth}" height="{picheight}" />
			<em class="num{currentorder}">{currentorder}</em>
			<div class="info">
				<h3>{title}</h3>
				<div class="other cl">
					<span class="author">作者 : {username}</span>
					<span class="reply">{commentnum}</span>
					<span class="view">{viewnum}</span>
				</div>
			</div>
		</a>
	</li>
	[/order]
	<li class="normal">
		<h3><a href="{url}"{target}>{title}</a></h3>
		<em class="num{currentorder}">{currentorder}</em>
		<div class="other cl">
			<span class="author">作者 : <i>{username}</i></span>
			<span class="reply">{commentnum}</span>
			<span class="view">{viewnum}</span>
		</div>
	</li>
[/loop]
</ul>]]></item>
					<item id="footer"><![CDATA[]]></item>
					<item id="header"><![CDATA[]]></item>
					<item id="indexplus">
					</item>
					<item id="index">
					</item>
					<item id="orderplus">
					</item>
					<item id="order">
						<item id="1"><![CDATA[<li class="first">
		<a href="{url}"{target}>
			<img src="{pic}" width="{picwidth}" height="{picheight}" />
			<em class="num{currentorder}">{currentorder}</em>
			<div class="info">
				<h3>{title}</h3>
				<div class="other cl">
					<span class="author">作者 : {username}</span>
					<span class="reply">{commentnum}</span>
					<span class="view">{viewnum}</span>
				</div>
			</div>
		</a>
	</li>]]></item>
					</item>
					<item id="loopplus">
					</item>
					<item id="loop"><![CDATA[[order=1]
	<li class="first">
		<a href="{url}"{target}>
			<img src="{pic}" width="{picwidth}" height="{picheight}" />
			<em class="num{currentorder}">{currentorder}</em>
			<div class="info">
				<h3>{title}</h3>
				<div class="other cl">
					<span class="author">作者 : {username}</span>
					<span class="reply">{commentnum}</span>
					<span class="view">{viewnum}</span>
				</div>
			</div>
		</a>
	</li>
	[/order]
	<li class="normal">
		<h3><a href="{url}"{target}>{title}</a></h3>
		<em class="num{currentorder}">{currentorder}</em>
		<div class="other cl">
			<span class="author">作者 : <i>{username}</i></span>
			<span class="reply">{commentnum}</span>
			<span class="view">{viewnum}</span>
		</div>
	</li>]]></item>
				</item>
				<item id="hash"><![CDATA[60ec3fd8]]></item>
				<item id="getpic"><![CDATA[1]]></item>
				<item id="getsummary"><![CDATA[0]]></item>
				<item id="makethumb"><![CDATA[1]]></item>
				<item id="settarget"><![CDATA[1]]></item>
				<item id="fields">
					<item id="0"><![CDATA[url]]></item>
					<item id="1"><![CDATA[pic]]></item>
					<item id="2"><![CDATA[currentorder]]></item>
					<item id="3"><![CDATA[title]]></item>
					<item id="4"><![CDATA[username]]></item>
					<item id="5"><![CDATA[commentnum]]></item>
					<item id="6"><![CDATA[viewnum]]></item>
				</item>
				<item id="moreurl"><![CDATA[0]]></item>
			</item>
			<item id="1241">
				<item id="styleid"><![CDATA[1241]]></item>
				<item id="blockclass"><![CDATA[portal_article]]></item>
				<item id="name"><![CDATA[wic_article_headline]]></item>
				<item id="template">
					<item id="raw"><![CDATA[<ul>
[loop]
	<li><a href="{url}"{target}>{title}</a></li>
[/loop]
</ul>]]></item>
					<item id="footer"><![CDATA[]]></item>
					<item id="header"><![CDATA[]]></item>
					<item id="indexplus">
					</item>
					<item id="index">
					</item>
					<item id="orderplus">
					</item>
					<item id="order">
					</item>
					<item id="loopplus">
					</item>
					<item id="loop"><![CDATA[<li><a href="{url}"{target}>{title}</a></li>]]></item>
				</item>
				<item id="hash"><![CDATA[fe3b3915]]></item>
				<item id="getpic"><![CDATA[0]]></item>
				<item id="getsummary"><![CDATA[0]]></item>
				<item id="makethumb"><![CDATA[0]]></item>
				<item id="settarget"><![CDATA[1]]></item>
				<item id="fields">
					<item id="0"><![CDATA[url]]></item>
					<item id="1"><![CDATA[title]]></item>
				</item>
				<item id="moreurl"><![CDATA[0]]></item>
			</item>
		</item>
	</item>
</root>