<?xml version="1.0" encoding="ISO-8859-1"?>
<root>
	<item id="Title"><![CDATA[Discuz! Plugin]]></item>
	<item id="Version"><![CDATA[X3.1,X3.2,X3.3,X3.4,X3.5]]></item>
	<item id="Time"><![CDATA[2021-01-06 09:01]]></item>
	<item id="From"><![CDATA[縯示站 (http://127.0.0.1/mso/)]]></item>
	<item id="Data">
		<item id="plugin">
			<item id="available"><![CDATA[1]]></item>
			<item id="adminid"><![CDATA[1]]></item>
			<item id="name"><![CDATA[獲取積分引導頁]]></item>
			<item id="identifier"><![CDATA[qu_creditpage]]></item>
			<item id="description"><![CDATA[本插件生成一個積分引導頁麪，方便社區用戶快速找到賺取積分的方式]]></item>
			<item id="datatables"><![CDATA[]]></item>
			<item id="directory"><![CDATA[qu_creditpage/]]></item>
			<item id="copyright"><![CDATA[DisM!应用中心(dism.taobao.com)]]></item>
			<item id="version"><![CDATA[1.0.4]]></item>
			<item id="__modules">
				<item id="0">
					<item id="name"><![CDATA[qu_creditpage]]></item>
					<item id="param"><![CDATA[]]></item>
					<item id="menu"><![CDATA[獲取積分]]></item>
					<item id="url"><![CDATA[]]></item>
					<item id="type"><![CDATA[1]]></item>
					<item id="adminid"><![CDATA[0]]></item>
					<item id="displayorder"><![CDATA[0]]></item>
					<item id="navtitle"><![CDATA[]]></item>
					<item id="navicon"><![CDATA[]]></item>
					<item id="navsubname"><![CDATA[]]></item>
					<item id="navsuburl"><![CDATA[]]></item>
				</item>
				<item id="1">
					<item id="name"><![CDATA[manage]]></item>
					<item id="param"><![CDATA[]]></item>
					<item id="menu"><![CDATA[內容設置]]></item>
					<item id="url"><![CDATA[]]></item>
					<item id="type"><![CDATA[3]]></item>
					<item id="adminid"><![CDATA[0]]></item>
					<item id="displayorder"><![CDATA[0]]></item>
					<item id="navtitle"><![CDATA[]]></item>
					<item id="navicon"><![CDATA[]]></item>
					<item id="navsubname"><![CDATA[]]></item>
					<item id="navsuburl"><![CDATA[]]></item>
				</item>
				<item id="2">
					<item id="name"><![CDATA[more]]></item>
					<item id="param"><![CDATA[]]></item>
					<item id="menu"><![CDATA[<style>@keyframes rans {from{backgroud-position: 0 0;}to{background-position: 2000px 0;}}</style> <font style="background: -webkit-linear-gradient(18deg, #3300CC, #660099, #990066, #CC0033, #FF9999, #FF4400, #3300CC); 	background: -moz-linear-gradient(18deg, #3300CC, #660099, #990066, #CC0033, #FF9999, #FF4400, #3300CC); 	background: -ms-linear-gradient(18deg, #3300CC, #660099, #990066, #CC0033, #FF9999, #FF4400, #3300CC);animation: rans 18s linear infinite;-webkit-background-clip: text;color: transparent;">获取更多DisM!插件</font>]]></item>
					<item id="url"><![CDATA[]]></item>
					<item id="type"><![CDATA[3]]></item>
					<item id="adminid"><![CDATA[0]]></item>
					<item id="displayorder"><![CDATA[3]]></item>
					<item id="navtitle"><![CDATA[]]></item>
					<item id="navicon"><![CDATA[]]></item>
					<item id="navsubname"><![CDATA[]]></item>
					<item id="navsuburl"><![CDATA[]]></item>
				</item>
			</item>
		</item>
		<item id="version"><![CDATA[X3.1,X3.2,X3.3,X3.4,X3.5]]></item>
		<item id="var">
			<item id="0">
				<item id="displayorder"><![CDATA[0]]></item>
				<item id="title"><![CDATA[頁麪標題]]></item>
				<item id="description"><![CDATA[]]></item>
				<item id="variable"><![CDATA[navtitle]]></item>
				<item id="type"><![CDATA[text]]></item>
				<item id="value"><![CDATA[積分獲取]]></item>
				<item id="extra"><![CDATA[]]></item>
			</item>
			<item id="1">
				<item id="displayorder"><![CDATA[0]]></item>
				<item id="title"><![CDATA[頂部文字]]></item>
				<item id="description"><![CDATA[支持html]]></item>
				<item id="variable"><![CDATA[toptxt]]></item>
				<item id="type"><![CDATA[textarea]]></item>
				<item id="value"><![CDATA[<img src="source/plugin/qu_creditpage/static/images/h.png" style="margin-top: 10px;" width="300">]]></item>
				<item id="extra"><![CDATA[]]></item>
			</item>
			<item id="2">
				<item id="displayorder"><![CDATA[0]]></item>
				<item id="title"><![CDATA[馬甲APP內隱藏頭尾導航]]></item>
				<item id="description"><![CDATA[]]></item>
				<item id="variable"><![CDATA[magapp]]></item>
				<item id="type"><![CDATA[radio]]></item>
				<item id="value"><![CDATA[1]]></item>
				<item id="extra"><![CDATA[]]></item>
			</item>
		</item>
		<item id="language">
			<item id="scriptlang">
				<item id="title"><![CDATA[積分獲取方式]]></item>
				<item id="name"><![CDATA[積分獲取方式]]></item>
				<item id="aorder"><![CDATA[排序]]></item>
				<item id="descript"><![CDATA[詳細說明（支持HTML代碼）]]></item>
				<item id="btn"><![CDATA[鏈接文字]]></item>
				<item id="acolor"><![CDATA[標題顔色]]></item>
				<item id="status"><![CDATA[顯示狀態]]></item>
				<item id="status-0"><![CDATA[隱藏]]></item>
				<item id="status-1"><![CDATA[顯示]]></item>
				<item id="dtip"><![CDATA[填寫獲取積分詳情介紹]]></item>
				<item id="linktip"><![CDATA[跳轉鏈接]]></item>
				<item id="titleerror"><![CDATA[請輸入積分獲取方式]]></item>
				<item id="btntxt"><![CDATA[跳轉按鈕文字]]></item>
				<item id="btntxtvalue"><![CDATA[立即查看]]></item>
				<item id="edit_succeed"><![CDATA[編輯成功]]></item>
				<item id="add_succeed"><![CDATA[增加成功]]></item>
				<item id="update_succeed"><![CDATA[更新成功]]></item>
				<item id="htm"><![CDATA[支持HTML代碼]]></item>
			</item>
			<item id="templatelang">
				<item id="lang01"><![CDATA[您共有積分]]></item>
				<item id="lang02"><![CDATA[請登錄後查看您的積分詳情]]></item>
			</item>
		</item>
		<item id="installfile"><![CDATA[install.php]]></item>
		<item id="uninstallfile"><![CDATA[uninstall.php]]></item>
	</item>
</root>