<?xml version="1.0" encoding="ISO-8859-1"?>
<root>
	<item id="Title"><![CDATA[Discuz! Plugin]]></item>
	<item id="Version"><![CDATA[X3.1,X3.2,X3.3,X3.4,X3.5]]></item>
	<item id="Time"><![CDATA[2021-01-06 09:01]]></item>
	<item id="From"><![CDATA[DisM!应用中心 (https://dism.taobao.com/)]]></item>
	<item id="Data">
		<item id="plugin">
			<item id="available"><![CDATA[1]]></item>
			<item id="adminid"><![CDATA[1]]></item>
			<item id="name"><![CDATA[获取积分引导页]]></item>
			<item id="identifier"><![CDATA[qu_creditpage]]></item>
			<item id="description"><![CDATA[本插件生成一个积分引导页面，方便社区用户快速找到赚取积分的方式]]></item>
			<item id="datatables"><![CDATA[]]></item>
			<item id="directory"><![CDATA[qu_creditpage/]]></item>
			<item id="copyright"><![CDATA[DisM!应用中心(dism.taobao.com)]]></item>
			<item id="version"><![CDATA[1.0.4]]></item>
			<item id="__modules">
				<item id="0">
					<item id="name"><![CDATA[qu_creditpage]]></item>
					<item id="param"><![CDATA[]]></item>
					<item id="menu"><![CDATA[获取积分]]></item>
					<item id="url"><![CDATA[]]></item>
					<item id="type"><![CDATA[1]]></item>
					<item id="adminid"><![CDATA[0]]></item>
					<item id="displayorder"><![CDATA[0]]></item>
					<item id="navtitle"><![CDATA[]]></item>
					<item id="navicon"><![CDATA[]]></item>
					<item id="navsubname"><![CDATA[]]></item>
					<item id="navsuburl"><![CDATA[]]></item>
				</item>
				<item id="1">
					<item id="name"><![CDATA[manage]]></item>
					<item id="param"><![CDATA[]]></item>
					<item id="menu"><![CDATA[内容设置]]></item>
					<item id="url"><![CDATA[]]></item>
					<item id="type"><![CDATA[3]]></item>
					<item id="adminid"><![CDATA[0]]></item>
					<item id="displayorder"><![CDATA[0]]></item>
					<item id="navtitle"><![CDATA[]]></item>
					<item id="navicon"><![CDATA[]]></item>
					<item id="navsubname"><![CDATA[]]></item>
					<item id="navsuburl"><![CDATA[]]></item>
				</item>
				<item id="2">
					<item id="name"><![CDATA[more]]></item>
					<item id="param"><![CDATA[]]></item>
					<item id="menu"><![CDATA[<style>@keyframes rans {from{backgroud-position: 0 0;}to{background-position: 2000px 0;}}</style> <font style="background: -webkit-linear-gradient(18deg, #3300CC, #660099, #990066, #CC0033, #FF9999, #FF4400, #3300CC); 	background: -moz-linear-gradient(18deg, #3300CC, #660099, #990066, #CC0033, #FF9999, #FF4400, #3300CC); 	background: -ms-linear-gradient(18deg, #3300CC, #660099, #990066, #CC0033, #FF9999, #FF4400, #3300CC);animation: rans 18s linear infinite;-webkit-background-clip: text;color: transparent;">获取更多DisM!插件</font>]]></item>
					<item id="url"><![CDATA[]]></item>
					<item id="type"><![CDATA[3]]></item>
					<item id="adminid"><![CDATA[0]]></item>
					<item id="displayorder"><![CDATA[3]]></item>
					<item id="navtitle"><![CDATA[]]></item>
					<item id="navicon"><![CDATA[]]></item>
					<item id="navsubname"><![CDATA[]]></item>
					<item id="navsuburl"><![CDATA[]]></item>
				</item>
			</item>
		</item>
		<item id="version"><![CDATA[X3.1,X3.2,X3.3,X3.4,X3.5]]></item>
		<item id="var">
			<item id="0">
				<item id="displayorder"><![CDATA[0]]></item>
				<item id="title"><![CDATA[页面标题]]></item>
				<item id="description"><![CDATA[]]></item>
				<item id="variable"><![CDATA[navtitle]]></item>
				<item id="type"><![CDATA[text]]></item>
				<item id="value"><![CDATA[积分获取]]></item>
				<item id="extra"><![CDATA[]]></item>
			</item>
			<item id="1">
				<item id="displayorder"><![CDATA[0]]></item>
				<item id="title"><![CDATA[顶部文字]]></item>
				<item id="description"><![CDATA[支持html]]></item>
				<item id="variable"><![CDATA[toptxt]]></item>
				<item id="type"><![CDATA[textarea]]></item>
				<item id="value"><![CDATA[<img src="source/plugin/qu_creditpage/static/images/h.png" style="margin-top: 10px;" width="300">]]></item>
				<item id="extra"><![CDATA[]]></item>
			</item>
			<item id="2">
				<item id="displayorder"><![CDATA[0]]></item>
				<item id="title"><![CDATA[马甲APP内隐藏头尾导航]]></item>
				<item id="description"><![CDATA[]]></item>
				<item id="variable"><![CDATA[magapp]]></item>
				<item id="type"><![CDATA[radio]]></item>
				<item id="value"><![CDATA[1]]></item>
				<item id="extra"><![CDATA[]]></item>
			</item>
		</item>
		<item id="language">
			<item id="scriptlang">
				<item id="title"><![CDATA[积分获取方式]]></item>
				<item id="name"><![CDATA[积分获取方式]]></item>
				<item id="aorder"><![CDATA[排序]]></item>
				<item id="descript"><![CDATA[详细说明（支持HTML代码）]]></item>
				<item id="btn"><![CDATA[链接文字]]></item>
				<item id="acolor"><![CDATA[标题颜色]]></item>
				<item id="status"><![CDATA[显示状态]]></item>
				<item id="status-0"><![CDATA[隐藏]]></item>
				<item id="status-1"><![CDATA[显示]]></item>
				<item id="dtip"><![CDATA[填写获取积分详情介绍]]></item>
				<item id="linktip"><![CDATA[跳转链接]]></item>
				<item id="titleerror"><![CDATA[请输入积分获取方式]]></item>
				<item id="btntxt"><![CDATA[跳转按钮文字]]></item>
				<item id="btntxtvalue"><![CDATA[立即查看]]></item>
				<item id="edit_succeed"><![CDATA[编辑成功]]></item>
				<item id="add_succeed"><![CDATA[增加成功]]></item>
				<item id="update_succeed"><![CDATA[更新成功]]></item>
				<item id="htm"><![CDATA[支持HTML代码]]></item>
			</item>
			<item id="templatelang">
				<item id="lang01"><![CDATA[您共有积分]]></item>
				<item id="lang02"><![CDATA[请登录后查看您的积分详情]]></item>
			</item>
		</item>
		<item id="installfile"><![CDATA[install.php]]></item>
		<item id="uninstallfile"><![CDATA[uninstall.php]]></item>
	</item>
</root>