<?xml version="1.0" encoding="ISO-8859-1"?>
<root>
	<item id="spacecss"><![CDATA[]]></item>
	<item id="layoutdata">
		<item id="diy1"><![CDATA[]]></item>
		<item id="diysummarytop"><![CDATA[]]></item>
		<item id="diysummarybottom"><![CDATA[]]></item>
		<item id="diycontentbottom"><![CDATA[]]></item>
		<item id="diycontentclickbottom"><![CDATA[]]></item>
		<item id="diycontentrelatetop"><![CDATA[]]></item>
		<item id=""><![CDATA[]]></item>
		<item id="diycontentcomment"><![CDATA[]]></item>
		<item id="diy_hot_varticle">
			<item id="frame`frameR8PBiQ">
				<item id="attr">
					<item id="name"><![CDATA[frameR8PBiQ]]></item>
					<item id="moveable"><![CDATA[true]]></item>
					<item id="className"><![CDATA[cl_frame_bm frame move-span cl frame-1]]></item>
					<item id="titles"><![CDATA[]]></item>
				</item>
				<item id="column`frameR8PBiQ_left">
					<item id="attr">
						<item id="name"><![CDATA[frameR8PBiQ_left]]></item>
						<item id="className"><![CDATA[column frame-1-c]]></item>
					</item>
					<item id="block`portal_block_736">
						<item id="attr">
							<item id="name"><![CDATA[portal_block_736]]></item>
							<item id="className"><![CDATA[cl_block_bm block move-span]]></item>
							<item id="titles"><![CDATA[]]></item>
						</item>
					</item>
					<item id="block`portal_block_737">
						<item id="attr">
							<item id="name"><![CDATA[portal_block_737]]></item>
							<item id="className"><![CDATA[cl_block_bm block move-span]]></item>
							<item id="titles"><![CDATA[]]></item>
						</item>
					</item>
				</item>
			</item>
		</item>
		<item id="diy2"><![CDATA[]]></item>
		<item id="diy3"><![CDATA[]]></item>
	</item>
	<item id="blockdata">
		<item id="block">
			<item id="736">
				<item id="bid"><![CDATA[736]]></item>
				<item id="blockclass"><![CDATA[portal_article]]></item>
				<item id="blocktype"><![CDATA[0]]></item>
				<item id="name"><![CDATA[文章阅读页推荐图文]]></item>
				<item id="title"><![CDATA[]]></item>
				<item id="classname"><![CDATA[cl_block_bm]]></item>
				<item id="summary"><![CDATA[]]></item>
				<item id="uid"><![CDATA[1]]></item>
				<item id="username"><![CDATA[admin]]></item>
				<item id="styleid"><![CDATA[0]]></item>
				<item id="blockstyle">
					<item id="name"><![CDATA[]]></item>
					<item id="blockclass"><![CDATA[portal_article]]></item>
					<item id="makethumb"><![CDATA[1]]></item>
					<item id="getpic"><![CDATA[1]]></item>
					<item id="getsummary"><![CDATA[0]]></item>
					<item id="settarget"><![CDATA[1]]></item>
					<item id="moreurl"><![CDATA[0]]></item>
					<item id="fields">
						<item id="0"><![CDATA[url]]></item>
						<item id="1"><![CDATA[title]]></item>
						<item id="2"><![CDATA[currentorder]]></item>
						<item id="3"><![CDATA[pic]]></item>
						<item id="4"><![CDATA[dateline]]></item>
					</item>
					<item id="template">
						<item id="raw"><![CDATA[<div class="laid_tit_b"><i></i>热门文章<a href="#" target="_blank" class="laid_more">更多></a></div>
<div class="laid_topics">
   <ul class="cl">
	 [loop]
	    <li>
	        <div class="laid_topics_pic">
	             <a href="{url}" title="{title}"{target}>
                            <i class="laid_uicon_rank{currentorder}">NO.{currentorder}</i>
		            <img src="{pic}" width="{picwidth}" height="{picheight}" />
		         </a>
	        </div>
	        <div class="laid_topics_txt">
		         <div class="laid_topics_tit">
				      <a href="{url}" title="{title}"{target} title="{title}">{title}</a>
				 </div>
		         <p>{dateline}</p>
	        </div>
        </li>
	  [/loop]
</ul>
</div>]]></item>
						<item id="footer"><![CDATA[]]></item>
						<item id="header"><![CDATA[]]></item>
						<item id="indexplus">
						</item>
						<item id="index">
						</item>
						<item id="orderplus">
						</item>
						<item id="order">
						</item>
						<item id="loopplus">
						</item>
						<item id="loop"><![CDATA[<li>
	        <div class="laid_topics_pic">
	             <a href="{url}" title="{title}"{target}>
                            <i class="laid_uicon_rank{currentorder}">NO.{currentorder}</i>
		            <img src="{pic}" width="{picwidth}" height="{picheight}" />
		         </a>
	        </div>
	        <div class="laid_topics_txt">
		         <div class="laid_topics_tit">
				      <a href="{url}" title="{title}"{target} title="{title}">{title}</a>
				 </div>
		         <p>{dateline}</p>
	        </div>
        </li>]]></item>
					</item>
					<item id="hash"><![CDATA[ab28d7a8]]></item>
				</item>
				<item id="picwidth"><![CDATA[0]]></item>
				<item id="picheight"><![CDATA[0]]></item>
				<item id="target"><![CDATA[blank]]></item>
				<item id="dateformat"><![CDATA[Y-m-d]]></item>
				<item id="dateuformat"><![CDATA[0]]></item>
				<item id="script"><![CDATA[article]]></item>
				<item id="param">
					<item id="aids"><![CDATA[]]></item>
					<item id="uids"><![CDATA[]]></item>
					<item id="keyword"><![CDATA[]]></item>
					<item id="catid">
						<item id="0"><![CDATA[0]]></item>
					</item>
					<item id="picrequired"><![CDATA[1]]></item>
					<item id="starttime"><![CDATA[]]></item>
					<item id="endtime"><![CDATA[]]></item>
					<item id="orderby"><![CDATA[dateline]]></item>
					<item id="publishdateline"><![CDATA[0]]></item>
					<item id="titlelength"><![CDATA[40]]></item>
					<item id="summarylength"><![CDATA[80]]></item>
					<item id="startrow"><![CDATA[0]]></item>
					<item id="items"><![CDATA[3]]></item>
				</item>
				<item id="shownum"><![CDATA[3]]></item>
				<item id="cachetime"><![CDATA[300]]></item>
				<item id="cachetimerange"><![CDATA[]]></item>
				<item id="punctualupdate"><![CDATA[1]]></item>
				<item id="hidedisplay"><![CDATA[0]]></item>
				<item id="dateline"><![CDATA[1569548391]]></item>
				<item id="notinherited"><![CDATA[0]]></item>
				<item id="isblank"><![CDATA[0]]></item>
			</item>
			<item id="737">
				<item id="bid"><![CDATA[737]]></item>
				<item id="blockclass"><![CDATA[portal_article]]></item>
				<item id="blocktype"><![CDATA[0]]></item>
				<item id="name"><![CDATA[文章阅读推荐列表]]></item>
				<item id="title"><![CDATA[]]></item>
				<item id="classname"><![CDATA[cl_block_bm]]></item>
				<item id="summary"><![CDATA[]]></item>
				<item id="uid"><![CDATA[1]]></item>
				<item id="username"><![CDATA[admin]]></item>
				<item id="styleid"><![CDATA[0]]></item>
				<item id="blockstyle">
					<item id="name"><![CDATA[]]></item>
					<item id="blockclass"><![CDATA[portal_article]]></item>
					<item id="makethumb"><![CDATA[0]]></item>
					<item id="getpic"><![CDATA[0]]></item>
					<item id="getsummary"><![CDATA[0]]></item>
					<item id="settarget"><![CDATA[1]]></item>
					<item id="moreurl"><![CDATA[0]]></item>
					<item id="fields">
						<item id="0"><![CDATA[url]]></item>
						<item id="1"><![CDATA[title]]></item>
						<item id="2"><![CDATA[dateline]]></item>
					</item>
					<item id="template">
						<item id="raw"><![CDATA[<div class="laid_tolists">
   <ul class="cl">
	 [index=1]
	    <li>
	        <i>4</i>
			<a href="{url}" title="{title}"{target} title="{title}">{title}</a>
			<span class="y">{dateline}</span>
        </li>
	  [/index]
	  [index=2]
	    <li>
	        <i>5</i>
			<a href="{url}" title="{title}"{target} title="{title}">{title}</a>
			<span class="y">{dateline}</span>
        </li>
	  [/index]
	  [index=3]
	    <li>
	        <i>6</i>
			<a href="{url}" title="{title}"{target} title="{title}">{title}</a>
			<span class="y">{dateline}</span>
        </li>
	  [/index]
	  [index=4]
	    <li>
	        <i>7</i>
			<a href="{url}" title="{title}"{target} title="{title}">{title}</a>
			<span class="y">{dateline}</span>
        </li>
	  [/index]
	  [index=5]
	    <li style="border-bottom: none;">
	        <i>8</i>
			<a href="{url}" title="{title}"{target} title="{title}">{title}</a>
			<span class="y">{dateline}</span>
        </li>
	  [/index]
</ul>
</div> ]]></item>
						<item id="footer"><![CDATA[]]></item>
						<item id="header"><![CDATA[]]></item>
						<item id="indexplus">
						</item>
						<item id="index">
							<item id="1"><![CDATA[<li>
	        <i>4</i>
			<a href="{url}" title="{title}"{target} title="{title}">{title}</a>
			<span class="y">{dateline}</span>
        </li>]]></item>
							<item id="2"><![CDATA[<li>
	        <i>5</i>
			<a href="{url}" title="{title}"{target} title="{title}">{title}</a>
			<span class="y">{dateline}</span>
        </li>]]></item>
							<item id="3"><![CDATA[<li>
	        <i>6</i>
			<a href="{url}" title="{title}"{target} title="{title}">{title}</a>
			<span class="y">{dateline}</span>
        </li>]]></item>
							<item id="4"><![CDATA[<li>
	        <i>7</i>
			<a href="{url}" title="{title}"{target} title="{title}">{title}</a>
			<span class="y">{dateline}</span>
        </li>]]></item>
							<item id="5"><![CDATA[<li style="border-bottom: none;">
	        <i>8</i>
			<a href="{url}" title="{title}"{target} title="{title}">{title}</a>
			<span class="y">{dateline}</span>
        </li>]]></item>
						</item>
						<item id="orderplus">
						</item>
						<item id="order">
						</item>
						<item id="loopplus">
						</item>
						<item id="loop">
						</item>
					</item>
					<item id="hash"><![CDATA[6d8cdc93]]></item>
				</item>
				<item id="picwidth"><![CDATA[0]]></item>
				<item id="picheight"><![CDATA[0]]></item>
				<item id="target"><![CDATA[blank]]></item>
				<item id="dateformat"><![CDATA[Y-m-d]]></item>
				<item id="dateuformat"><![CDATA[0]]></item>
				<item id="script"><![CDATA[article]]></item>
				<item id="param">
					<item id="aids"><![CDATA[]]></item>
					<item id="uids"><![CDATA[]]></item>
					<item id="keyword"><![CDATA[]]></item>
					<item id="catid">
						<item id="0"><![CDATA[0]]></item>
					</item>
					<item id="picrequired"><![CDATA[0]]></item>
					<item id="starttime"><![CDATA[]]></item>
					<item id="endtime"><![CDATA[]]></item>
					<item id="orderby"><![CDATA[dateline]]></item>
					<item id="publishdateline"><![CDATA[0]]></item>
					<item id="titlelength"><![CDATA[40]]></item>
					<item id="summarylength"><![CDATA[80]]></item>
					<item id="startrow"><![CDATA[0]]></item>
					<item id="items"><![CDATA[5]]></item>
				</item>
				<item id="shownum"><![CDATA[5]]></item>
				<item id="cachetime"><![CDATA[300]]></item>
				<item id="cachetimerange"><![CDATA[]]></item>
				<item id="punctualupdate"><![CDATA[1]]></item>
				<item id="hidedisplay"><![CDATA[0]]></item>
				<item id="dateline"><![CDATA[1569548435]]></item>
				<item id="notinherited"><![CDATA[0]]></item>
				<item id="isblank"><![CDATA[0]]></item>
			</item>
		</item>
		<item id="style">
		</item>
	</item>
</root>