<?xml version="1.0" encoding="ISO-8859-1"?>
<root>
	<item id="spacecss"><![CDATA[#frame3Ilt5j { border:0px !important;margin:0px !important;}#portal_block_558 { border:0px !important;margin:0px !important;}#portal_block_558 .dxb_bc { margin:0px !important;}#portal_block_559 { border:0px !important;margin:0px !important;}#portal_block_559 .dxb_bc { margin:0px !important;}#frameUDGCX5 { border:0px !important;margin:0px !important;}#portal_block_560 { border:0px !important;margin:0px !important;}#portal_block_560 .dxb_bc { margin:0px !important;}#framekK571d { border:0px !important;margin:0px !important;}#frame4T2tK4 { border:#000000 0px !important;margin:0px !important;background-color:transparent !important;background-image:none !important;}#portal_block_561 { border:0px !important;margin:0px !important;}#portal_block_561 .dxb_bc { margin:0px !important;}#portal_block_562 { border:0px !important;margin:0px !important;}#portal_block_562 .dxb_bc { margin:0px !important;}#framegKGuxN { border:0px !important;margin:0px !important;}#frame22ewNC { border:#000000 0px !important;margin:0px !important;background-color:transparent !important;background-image:none !important;}#portal_block_563 { border:0px !important;margin:0px !important;}#portal_block_563 .dxb_bc { margin:0px !important;}#frame4Sqiib { border:0px !important;margin:0px !important;}#portal_block_564 { border:0px !important;margin:0px !important;}#portal_block_564 .dxb_bc { margin:0px !important;}#frameW5rs49 { border:0px !important;margin:0px !important;}#portal_block_565 { border:0px !important;margin:0px !important;}#portal_block_565 .dxb_bc { margin:0px !important;}#frameBPzpIc { border:0px !important;margin:0px !important;}#portal_block_566 { border:0px !important;margin:0px !important;}#portal_block_566 .dxb_bc { margin:0px !important;}#frameJM3L9B { border:0px !important;margin:0px !important;}#portal_block_567 { border:0px !important;margin:0px !important;}#portal_block_567 .dxb_bc { margin:0px !important;}#frameZdLEPC { border:0px !important;margin:0px !important;}#portal_block_568 { border:0px !important;margin:0px !important;}#portal_block_568 .dxb_bc { margin:0px !important;}#frameb9LcxJ { border:0px !important;margin:0px !important;}#portal_block_569 { border:0px !important;margin:0px !important;}#portal_block_569 .dxb_bc { margin:0px !important;}]]></item>
	<item id="layoutdata">
		<item id="diy_mumucms_house_focus">
			<item id="frame`frameBPzpIc">
				<item id="attr">
					<item id="name"><![CDATA[frameBPzpIc]]></item>
					<item id="moveable"><![CDATA[true]]></item>
					<item id="className"><![CDATA[ frame move-span cl frame-1]]></item>
					<item id="titles"><![CDATA[]]></item>
				</item>
				<item id="column`frameBPzpIc_left">
					<item id="attr">
						<item id="name"><![CDATA[frameBPzpIc_left]]></item>
						<item id="className"><![CDATA[column frame-1-c]]></item>
					</item>
					<item id="block`portal_block_566">
						<item id="attr">
							<item id="name"><![CDATA[portal_block_566]]></item>
							<item id="className"><![CDATA[block move-span]]></item>
							<item id="titles"><![CDATA[]]></item>
						</item>
					</item>
				</item>
			</item>
		</item>
		<item id="diy_mumucms_loupan_content">
			<item id="frame`frame3Ilt5j">
				<item id="attr">
					<item id="name"><![CDATA[frame3Ilt5j]]></item>
					<item id="moveable"><![CDATA[true]]></item>
					<item id="className"><![CDATA[ frame move-span cl frame-1]]></item>
					<item id="titles"><![CDATA[]]></item>
				</item>
				<item id="column`frame3Ilt5j_left">
					<item id="attr">
						<item id="name"><![CDATA[frame3Ilt5j_left]]></item>
						<item id="className"><![CDATA[column frame-1-c]]></item>
					</item>
					<item id="block`portal_block_558">
						<item id="attr">
							<item id="name"><![CDATA[portal_block_558]]></item>
							<item id="className"><![CDATA[block move-span]]></item>
							<item id="titles"><![CDATA[]]></item>
						</item>
					</item>
				</item>
			</item>
		</item>
		<item id="diy_mumucms_index_tlad_ad_001">
			<item id="frame`frameJM3L9B">
				<item id="attr">
					<item id="name"><![CDATA[frameJM3L9B]]></item>
					<item id="moveable"><![CDATA[true]]></item>
					<item id="className"><![CDATA[ frame move-span cl frame-1]]></item>
					<item id="titles"><![CDATA[]]></item>
				</item>
				<item id="column`frameJM3L9B_left">
					<item id="attr">
						<item id="name"><![CDATA[frameJM3L9B_left]]></item>
						<item id="className"><![CDATA[column frame-1-c]]></item>
					</item>
					<item id="block`portal_block_567">
						<item id="attr">
							<item id="name"><![CDATA[portal_block_567]]></item>
							<item id="className"><![CDATA[ block move-span]]></item>
							<item id="titles"><![CDATA[]]></item>
						</item>
					</item>
				</item>
			</item>
		</item>
		<item id="diy_mumucms_chushou_content">
			<item id="frame`frameUDGCX5">
				<item id="attr">
					<item id="name"><![CDATA[frameUDGCX5]]></item>
					<item id="moveable"><![CDATA[true]]></item>
					<item id="className"><![CDATA[ frame move-span cl frame-1]]></item>
					<item id="titles"><![CDATA[]]></item>
				</item>
				<item id="column`frameUDGCX5_left">
					<item id="attr">
						<item id="name"><![CDATA[frameUDGCX5_left]]></item>
						<item id="className"><![CDATA[column frame-1-c]]></item>
					</item>
					<item id="block`portal_block_559">
						<item id="attr">
							<item id="name"><![CDATA[portal_block_559]]></item>
							<item id="className"><![CDATA[block move-span]]></item>
							<item id="titles"><![CDATA[]]></item>
						</item>
					</item>
				</item>
			</item>
		</item>
		<item id="diy_mumucms_house_news_content">
			<item id="frame`frame4T2tK4">
				<item id="attr">
					<item id="name"><![CDATA[frame4T2tK4]]></item>
					<item id="moveable"><![CDATA[true]]></item>
					<item id="className"><![CDATA[ frame move-span cl frame-1]]></item>
					<item id="titles"><![CDATA[]]></item>
				</item>
				<item id="column`frame4T2tK4_left">
					<item id="attr">
						<item id="name"><![CDATA[frame4T2tK4_left]]></item>
						<item id="className"><![CDATA[column frame-1-c]]></item>
					</item>
					<item id="block`portal_block_561">
						<item id="attr">
							<item id="name"><![CDATA[portal_block_561]]></item>
							<item id="className"><![CDATA[block move-span]]></item>
							<item id="titles"><![CDATA[]]></item>
						</item>
					</item>
				</item>
			</item>
		</item>
		<item id="diy_mumucms_index_tlad_ad_002">
			<item id="frame`frameZdLEPC">
				<item id="attr">
					<item id="name"><![CDATA[frameZdLEPC]]></item>
					<item id="moveable"><![CDATA[true]]></item>
					<item id="className"><![CDATA[ frame move-span cl frame-1]]></item>
					<item id="titles"><![CDATA[]]></item>
				</item>
				<item id="column`frameZdLEPC_left">
					<item id="attr">
						<item id="name"><![CDATA[frameZdLEPC_left]]></item>
						<item id="className"><![CDATA[column frame-1-c]]></item>
					</item>
					<item id="block`portal_block_568">
						<item id="attr">
							<item id="name"><![CDATA[portal_block_568]]></item>
							<item id="className"><![CDATA[ block move-span]]></item>
							<item id="titles"><![CDATA[]]></item>
						</item>
					</item>
				</item>
			</item>
		</item>
		<item id="diy_mumucms_chuzu_content">
			<item id="frame`framekK571d">
				<item id="attr">
					<item id="name"><![CDATA[framekK571d]]></item>
					<item id="moveable"><![CDATA[true]]></item>
					<item id="className"><![CDATA[ frame move-span cl frame-1]]></item>
					<item id="titles"><![CDATA[]]></item>
				</item>
				<item id="column`framekK571d_left">
					<item id="attr">
						<item id="name"><![CDATA[framekK571d_left]]></item>
						<item id="className"><![CDATA[column frame-1-c]]></item>
					</item>
					<item id="block`portal_block_560">
						<item id="attr">
							<item id="name"><![CDATA[portal_block_560]]></item>
							<item id="className"><![CDATA[block move-span]]></item>
							<item id="titles"><![CDATA[]]></item>
						</item>
					</item>
				</item>
			</item>
		</item>
		<item id="diy_mumucms_house_jingjiren_content">
			<item id="frame`framegKGuxN">
				<item id="attr">
					<item id="name"><![CDATA[framegKGuxN]]></item>
					<item id="moveable"><![CDATA[true]]></item>
					<item id="className"><![CDATA[ frame move-span cl frame-1]]></item>
					<item id="titles"><![CDATA[]]></item>
				</item>
				<item id="column`framegKGuxN_left">
					<item id="attr">
						<item id="name"><![CDATA[framegKGuxN_left]]></item>
						<item id="className"><![CDATA[column frame-1-c]]></item>
					</item>
					<item id="block`portal_block_562">
						<item id="attr">
							<item id="name"><![CDATA[portal_block_562]]></item>
							<item id="className"><![CDATA[block move-span]]></item>
							<item id="titles"><![CDATA[]]></item>
						</item>
					</item>
				</item>
			</item>
		</item>
		<item id="diy_mumucms_index_tlad_ad_003">
			<item id="frame`frameb9LcxJ">
				<item id="attr">
					<item id="name"><![CDATA[frameb9LcxJ]]></item>
					<item id="moveable"><![CDATA[true]]></item>
					<item id="className"><![CDATA[ frame move-span cl frame-1]]></item>
					<item id="titles"><![CDATA[]]></item>
				</item>
				<item id="column`frameb9LcxJ_left">
					<item id="attr">
						<item id="name"><![CDATA[frameb9LcxJ_left]]></item>
						<item id="className"><![CDATA[column frame-1-c]]></item>
					</item>
					<item id="block`portal_block_569">
						<item id="attr">
							<item id="name"><![CDATA[portal_block_569]]></item>
							<item id="className"><![CDATA[ block move-span]]></item>
							<item id="titles"><![CDATA[]]></item>
						</item>
					</item>
				</item>
			</item>
		</item>
		<item id="diy_mumucms_qiugou_content">
			<item id="frame`frame4Sqiib">
				<item id="attr">
					<item id="name"><![CDATA[frame4Sqiib]]></item>
					<item id="moveable"><![CDATA[true]]></item>
					<item id="className"><![CDATA[ frame move-span cl frame-1]]></item>
					<item id="titles"><![CDATA[]]></item>
				</item>
				<item id="column`frame4Sqiib_left">
					<item id="attr">
						<item id="name"><![CDATA[frame4Sqiib_left]]></item>
						<item id="className"><![CDATA[column frame-1-c]]></item>
					</item>
					<item id="block`portal_block_564">
						<item id="attr">
							<item id="name"><![CDATA[portal_block_564]]></item>
							<item id="className"><![CDATA[block move-span]]></item>
							<item id="titles"><![CDATA[]]></item>
						</item>
					</item>
				</item>
			</item>
		</item>
		<item id="diy_mumucms_qiuzu_content">
			<item id="frame`frameW5rs49">
				<item id="attr">
					<item id="name"><![CDATA[frameW5rs49]]></item>
					<item id="moveable"><![CDATA[true]]></item>
					<item id="className"><![CDATA[ frame move-span cl frame-1]]></item>
					<item id="titles"><![CDATA[]]></item>
				</item>
				<item id="column`frameW5rs49_left">
					<item id="attr">
						<item id="name"><![CDATA[frameW5rs49_left]]></item>
						<item id="className"><![CDATA[column frame-1-c]]></item>
					</item>
					<item id="block`portal_block_565">
						<item id="attr">
							<item id="name"><![CDATA[portal_block_565]]></item>
							<item id="className"><![CDATA[block move-span]]></item>
							<item id="titles"><![CDATA[]]></item>
						</item>
					</item>
				</item>
			</item>
		</item>
		<item id="diy_mumucms_house_lsgd_content">
			<item id="frame`frame22ewNC">
				<item id="attr">
					<item id="name"><![CDATA[frame22ewNC]]></item>
					<item id="moveable"><![CDATA[true]]></item>
					<item id="className"><![CDATA[ frame move-span cl frame-1]]></item>
					<item id="titles"><![CDATA[]]></item>
				</item>
				<item id="column`frame22ewNC_left">
					<item id="attr">
						<item id="name"><![CDATA[frame22ewNC_left]]></item>
						<item id="className"><![CDATA[column frame-1-c]]></item>
					</item>
					<item id="block`portal_block_563">
						<item id="attr">
							<item id="name"><![CDATA[portal_block_563]]></item>
							<item id="className"><![CDATA[block move-span]]></item>
							<item id="titles"><![CDATA[]]></item>
						</item>
					</item>
				</item>
			</item>
		</item>
	</item>
	<item id="blockdata">
		<item id="block">
			<item id="558">
				<item id="bid"><![CDATA[558]]></item>
				<item id="blockclass"><![CDATA[html_html]]></item>
				<item id="blocktype"><![CDATA[0]]></item>
				<item id="name"><![CDATA[[木木CMS]房产频道_首页_新盘推荐]]></item>
				<item id="title"><![CDATA[]]></item>
				<item id="classname"><![CDATA[]]></item>
				<item id="summary"><![CDATA[<div class="mumucms_sort_diy">
	
<li class="mumucms_index_sort">
<a href="forum.php?mod=viewthread&amp;tid=48" target="_blank"><img src="forum.php?mod=image&aid=97&size=120x120&key=497efc1b01ebf8b9"><span class="junjia">29800元/㎡</span><span class="tit">青城翠湖园</span></a>
</li>
<li class="mumucms_house_sort cl">
<a href="forum.php?mod=viewthread&amp;tid=48" target="_blank">
<img src="forum.php?mod=image&aid=97&size=120x120&key=497efc1b01ebf8b9">
<dl><dt>青城翠湖园</dt><dd>海关大厦</dd></dl>
<div class="mumucms_price">29800元/㎡</div>
</a>
</li>	
	
<li class="mumucms_index_sort">
<a href="forum.php?mod=viewthread&amp;tid=47" target="_blank"><img src="forum.php?mod=image&aid=93&size=120x120&key=2460f90f0d8d4bc4"><span class="junjia">13500元/㎡</span><span class="tit">隅南七里</span></a>
</li>
<li class="mumucms_house_sort cl">
<a href="forum.php?mod=viewthread&amp;tid=47" target="_blank">
<img src="forum.php?mod=image&aid=93&size=120x120&key=2460f90f0d8d4bc4">
<dl><dt>隅南七里</dt><dd>财富广场</dd></dl>
<div class="mumucms_price">13500元/㎡</div>
</a>
</li>	
	
<li class="mumucms_index_sort">
<a href="forum.php?mod=viewthread&amp;tid=46" target="_blank"><img src="forum.php?mod=image&aid=115&size=120x120&key=5728bbe9f108681a"><span class="junjia">13500元/㎡</span><span class="tit">皖投天下名筑</span></a>
</li>
<li class="mumucms_house_sort cl">
<a href="forum.php?mod=viewthread&amp;tid=46" target="_blank">
<img src="forum.php?mod=image&aid=115&size=120x120&key=5728bbe9f108681a">
<dl><dt>皖投天下名筑</dt><dd>财富广场</dd></dl>
<div class="mumucms_price">13500元/㎡</div>
</a>
</li>	
	
<li class="mumucms_index_sort">
<a href="forum.php?mod=viewthread&amp;tid=45" target="_blank"><img src="forum.php?mod=image&aid=119&size=120x120&key=3c1dfa00c80c3da2"><span class="junjia">14798元/㎡</span><span class="tit">华地·紫悦府</span></a>
</li>
<li class="mumucms_house_sort cl">
<a href="forum.php?mod=viewthread&amp;tid=45" target="_blank">
<img src="forum.php?mod=image&aid=119&size=120x120&key=3c1dfa00c80c3da2">
<dl><dt>华地·紫悦府</dt><dd>南门换乘中心</dd></dl>
<div class="mumucms_price">14798元/㎡</div>
</a>
</li>	
	
<li class="mumucms_index_sort">
<a href="forum.php?mod=viewthread&amp;tid=44" target="_blank"><img src="forum.php?mod=image&aid=82&size=120x120&key=51ee8debae8b8554"><span class="junjia">27000元/㎡</span><span class="tit">金科庐州樾</span></a>
</li>
<li class="mumucms_house_sort cl">
<a href="forum.php?mod=viewthread&amp;tid=44" target="_blank">
<img src="forum.php?mod=image&aid=82&size=120x120&key=51ee8debae8b8554">
<dl><dt>金科庐州樾</dt><dd>和平广场</dd></dl>
<div class="mumucms_price">27000元/㎡</div>
</a>
</li>	
	
<li class="mumucms_index_sort">
<a href="forum.php?mod=viewthread&amp;tid=43" target="_blank"><img src="forum.php?mod=image&aid=77&size=120x120&key=0bc63da7e56b234d"><span class="junjia">14800元/㎡</span><span class="tit">万科公园大道</span></a>
</li>
<li class="mumucms_house_sort cl">
<a href="forum.php?mod=viewthread&amp;tid=43" target="_blank">
<img src="forum.php?mod=image&aid=77&size=120x120&key=0bc63da7e56b234d">
<dl><dt>万科公园大道</dt><dd>南门换乘中心</dd></dl>
<div class="mumucms_price">14800元/㎡</div>
</a>
</li>	
	
<li class="mumucms_index_sort">
<a href="forum.php?mod=viewthread&amp;tid=42" target="_blank"><img src="forum.php?mod=image&aid=98&size=120x120&key=3ce1537820f5baee"><span class="junjia">11000元/㎡</span><span class="tit">丽丰铂羽公馆</span></a>
</li>
<li class="mumucms_house_sort cl">
<a href="forum.php?mod=viewthread&amp;tid=42" target="_blank">
<img src="forum.php?mod=image&aid=98&size=120x120&key=3ce1537820f5baee">
<dl><dt>丽丰铂羽公馆</dt><dd>东海花园</dd></dl>
<div class="mumucms_price">11000元/㎡</div>
</a>
</li>	
	
<li class="mumucms_index_sort">
<a href="forum.php?mod=viewthread&amp;tid=41" target="_blank"><img src="forum.php?mod=image&aid=126&size=120x120&key=a3a38e24666f991e"><span class="junjia">27000元/㎡</span><span class="tit">融创·信达政务壹号</span></a>
</li>
<li class="mumucms_house_sort cl">
<a href="forum.php?mod=viewthread&amp;tid=41" target="_blank">
<img src="forum.php?mod=image&aid=126&size=120x120&key=a3a38e24666f991e">
<dl><dt>融创·信达政务壹号</dt><dd>和平广场</dd></dl>
<div class="mumucms_price">27000元/㎡</div>
</a>
</li>	

</div>		]]></item>
				<item id="uid"><![CDATA[1]]></item>
				<item id="username"><![CDATA[admin]]></item>
				<item id="styleid"><![CDATA[0]]></item>
				<item id="blockstyle"><![CDATA[]]></item>
				<item id="picwidth"><![CDATA[0]]></item>
				<item id="picheight"><![CDATA[0]]></item>
				<item id="target"><![CDATA[blank]]></item>
				<item id="dateformat"><![CDATA[Y-m-d]]></item>
				<item id="dateuformat"><![CDATA[0]]></item>
				<item id="script"><![CDATA[sort]]></item>
				<item id="param">
					<item id="tids"><![CDATA[]]></item>
					<item id="sortids"><![CDATA[2]]></item>
					<item id="recommend"><![CDATA[0]]></item>
					<item id="orderby"><![CDATA[lastpost]]></item>
					<item id="lastpost"><![CDATA[0]]></item>
					<item id="startrow"><![CDATA[0]]></item>
					<item id="showitems"><![CDATA[8]]></item>
					<item id="items"><![CDATA[10]]></item>
				</item>
				<item id="shownum"><![CDATA[10]]></item>
				<item id="cachetime"><![CDATA[3600]]></item>
				<item id="cachetimerange"><![CDATA[]]></item>
				<item id="punctualupdate"><![CDATA[0]]></item>
				<item id="hidedisplay"><![CDATA[0]]></item>
				<item id="dateline"><![CDATA[1537945230]]></item>
				<item id="notinherited"><![CDATA[0]]></item>
				<item id="isblank"><![CDATA[0]]></item>
			</item>
			<item id="559">
				<item id="bid"><![CDATA[559]]></item>
				<item id="blockclass"><![CDATA[html_html]]></item>
				<item id="blocktype"><![CDATA[0]]></item>
				<item id="name"><![CDATA[[木木CMS]房产频道_首页_二手房]]></item>
				<item id="title"><![CDATA[]]></item>
				<item id="classname"><![CDATA[]]></item>
				<item id="summary"><![CDATA[<div class="mumucms_sort_diy">
	
<li class="mumucms_house_sort cl">
<a href="forum.php?mod=viewthread&amp;tid=16" target="_blank">
<img src="forum.php?mod=image&aid=20&size=120x120&key=93dedfb416001722">
<dl><dt>万科金色名郡</dt></dl>
<div class="mumucms_price">200万</div>
<div class="mumucms_mianji">3室 2厅 2卫</div>
</a>
</li>	

</div>		]]></item>
				<item id="uid"><![CDATA[1]]></item>
				<item id="username"><![CDATA[admin]]></item>
				<item id="styleid"><![CDATA[0]]></item>
				<item id="blockstyle"><![CDATA[]]></item>
				<item id="picwidth"><![CDATA[0]]></item>
				<item id="picheight"><![CDATA[0]]></item>
				<item id="target"><![CDATA[blank]]></item>
				<item id="dateformat"><![CDATA[Y-m-d]]></item>
				<item id="dateuformat"><![CDATA[0]]></item>
				<item id="script"><![CDATA[sort]]></item>
				<item id="param">
					<item id="tids"><![CDATA[]]></item>
					<item id="sortids"><![CDATA[3]]></item>
					<item id="recommend"><![CDATA[0]]></item>
					<item id="orderby"><![CDATA[lastpost]]></item>
					<item id="lastpost"><![CDATA[0]]></item>
					<item id="startrow"><![CDATA[0]]></item>
					<item id="showitems"><![CDATA[8]]></item>
					<item id="items"><![CDATA[10]]></item>
				</item>
				<item id="shownum"><![CDATA[10]]></item>
				<item id="cachetime"><![CDATA[3600]]></item>
				<item id="cachetimerange"><![CDATA[]]></item>
				<item id="punctualupdate"><![CDATA[0]]></item>
				<item id="hidedisplay"><![CDATA[0]]></item>
				<item id="dateline"><![CDATA[1537948059]]></item>
				<item id="notinherited"><![CDATA[0]]></item>
				<item id="isblank"><![CDATA[0]]></item>
			</item>
			<item id="560">
				<item id="bid"><![CDATA[560]]></item>
				<item id="blockclass"><![CDATA[html_html]]></item>
				<item id="blocktype"><![CDATA[0]]></item>
				<item id="name"><![CDATA[[木木CMS]房产频道_首页_房屋出租]]></item>
				<item id="title"><![CDATA[]]></item>
				<item id="classname"><![CDATA[]]></item>
				<item id="summary"><![CDATA[<div class="muucms_sort_diy">

<dl class="mumucms_index_sort cl">
<dt class="w220"><a href="forum.php?mod=viewthread&amp;tid=14" target="_blank">苹果家园1室1厅1卫</a></dt>
<dd class="w85 wapnone">整套出租</dd>
<dd class="w85 wapnone">50㎡</dd>
<dd class="w85 wapnone">押一付一</dd>
<dd class="w85 wapnone">三孝口</dd>
<dd class="w125">1400元/月</dd>
<dd class="cz wapnone"><a href="forum.php?mod=viewthread&amp;tid=14" target="_blank">详情</a></dd>
</dl>	
<li class="mumucms_house_sort cl">
<a href="forum.php?mod=viewthread&amp;tid=14" target="_blank">
<img src="forum.php?mod=image&aid=12&size=120x120&key=42da2127567eae69">
<dl><dt>	苹果家园</dt></dl>
<div class="mumucms_price">押一付一</div>
<div class="mumucms_mianji">1室1厅1卫</div>
</a>
</li>		

<dl class="mumucms_index_sort cl">
<dt class="w220"><a href="forum.php?mod=viewthread&amp;tid=13" target="_blank">安居苑三室二厅一厨二卫</a></dt>
<dd class="w85 wapnone">单间出租</dd>
<dd class="w85 wapnone">99㎡</dd>
<dd class="w85 wapnone">押一付三</dd>
<dd class="w85 wapnone">长江西路</dd>
<dd class="w125">850元/月</dd>
<dd class="cz wapnone"><a href="forum.php?mod=viewthread&amp;tid=13" target="_blank">详情</a></dd>
</dl>	
<li class="mumucms_house_sort cl">
<a href="forum.php?mod=viewthread&amp;tid=13" target="_blank">
<img src="forum.php?mod=image&aid=8&size=120x120&key=a69b8d1dfa85235e">
<dl><dt>	安居苑</dt></dl>
<div class="mumucms_price">押一付三</div>
<div class="mumucms_mianji">三室二厅一厨二卫</div>
</a>
</li>		

</div>			]]></item>
				<item id="uid"><![CDATA[1]]></item>
				<item id="username"><![CDATA[admin]]></item>
				<item id="styleid"><![CDATA[0]]></item>
				<item id="blockstyle"><![CDATA[]]></item>
				<item id="picwidth"><![CDATA[0]]></item>
				<item id="picheight"><![CDATA[0]]></item>
				<item id="target"><![CDATA[blank]]></item>
				<item id="dateformat"><![CDATA[Y-m-d]]></item>
				<item id="dateuformat"><![CDATA[0]]></item>
				<item id="script"><![CDATA[sort]]></item>
				<item id="param">
					<item id="tids"><![CDATA[]]></item>
					<item id="sortids"><![CDATA[1]]></item>
					<item id="recommend"><![CDATA[0]]></item>
					<item id="orderby"><![CDATA[lastpost]]></item>
					<item id="lastpost"><![CDATA[0]]></item>
					<item id="startrow"><![CDATA[0]]></item>
					<item id="showitems"><![CDATA[8]]></item>
					<item id="items"><![CDATA[10]]></item>
				</item>
				<item id="shownum"><![CDATA[10]]></item>
				<item id="cachetime"><![CDATA[3600]]></item>
				<item id="cachetimerange"><![CDATA[]]></item>
				<item id="punctualupdate"><![CDATA[0]]></item>
				<item id="hidedisplay"><![CDATA[0]]></item>
				<item id="dateline"><![CDATA[1537948068]]></item>
				<item id="notinherited"><![CDATA[0]]></item>
				<item id="isblank"><![CDATA[0]]></item>
			</item>
			<item id="561">
				<item id="bid"><![CDATA[561]]></item>
				<item id="blockclass"><![CDATA[portal_article]]></item>
				<item id="blocktype"><![CDATA[0]]></item>
				<item id="name"><![CDATA[[木木CMS]房产频道_首页_房产资讯]]></item>
				<item id="title"><![CDATA[]]></item>
				<item id="classname"><![CDATA[]]></item>
				<item id="summary"><![CDATA[]]></item>
				<item id="uid"><![CDATA[1]]></item>
				<item id="username"><![CDATA[admin]]></item>
				<item id="styleid"><![CDATA[143]]></item>
				<item id="blockstyle"><![CDATA[]]></item>
				<item id="picwidth"><![CDATA[0]]></item>
				<item id="picheight"><![CDATA[0]]></item>
				<item id="target"><![CDATA[blank]]></item>
				<item id="dateformat"><![CDATA[Y-m-d]]></item>
				<item id="dateuformat"><![CDATA[0]]></item>
				<item id="script"><![CDATA[article]]></item>
				<item id="param">
					<item id="aids"><![CDATA[]]></item>
					<item id="uids"><![CDATA[]]></item>
					<item id="keyword"><![CDATA[]]></item>
					<item id="picrequired"><![CDATA[0]]></item>
					<item id="starttime"><![CDATA[]]></item>
					<item id="endtime"><![CDATA[]]></item>
					<item id="orderby"><![CDATA[dateline]]></item>
					<item id="publishdateline"><![CDATA[0]]></item>
					<item id="titlelength"><![CDATA[40]]></item>
					<item id="summarylength"><![CDATA[80]]></item>
					<item id="startrow"><![CDATA[0]]></item>
					<item id="items"><![CDATA[14]]></item>
				</item>
				<item id="shownum"><![CDATA[14]]></item>
				<item id="cachetime"><![CDATA[3600]]></item>
				<item id="cachetimerange"><![CDATA[]]></item>
				<item id="punctualupdate"><![CDATA[0]]></item>
				<item id="hidedisplay"><![CDATA[0]]></item>
				<item id="dateline"><![CDATA[1538010859]]></item>
				<item id="notinherited"><![CDATA[0]]></item>
				<item id="isblank"><![CDATA[0]]></item>
			</item>
			<item id="562">
				<item id="bid"><![CDATA[562]]></item>
				<item id="blockclass"><![CDATA[html_html]]></item>
				<item id="blocktype"><![CDATA[0]]></item>
				<item id="name"><![CDATA[[木木CMS]房产频道_首页_房产经纪人]]></item>
				<item id="title"><![CDATA[]]></item>
				<item id="classname"><![CDATA[]]></item>
				<item id="summary"><![CDATA[<div class="mumucms_sort_diy">
	
<li class="mumucms_house_sort cl">
<div class="mumucms_img z"><a href="forum.php?mod=viewthread&amp;tid=108" target="_blank"><img src="forum.php?mod=image&aid=201&size=120x120&key=37ded2b958def13f"></a></div>
<div class="mumucms_txt">
<h3><a href="forum.php?mod=viewthread&amp;tid=108" target="_blank">马能俊</a></h3>
<p>服务区域：亳州路</p>
<p>联系电话：13213354563</p>
<div class="mumucms_dp cl"><a href="forum.php?mod=viewthread&amp;tid=108" target="_blank">进入店铺</a></div>
</div>
</li>	

</div>		]]></item>
				<item id="uid"><![CDATA[1]]></item>
				<item id="username"><![CDATA[admin]]></item>
				<item id="styleid"><![CDATA[0]]></item>
				<item id="blockstyle"><![CDATA[]]></item>
				<item id="picwidth"><![CDATA[0]]></item>
				<item id="picheight"><![CDATA[0]]></item>
				<item id="target"><![CDATA[blank]]></item>
				<item id="dateformat"><![CDATA[Y-m-d]]></item>
				<item id="dateuformat"><![CDATA[0]]></item>
				<item id="script"><![CDATA[sort]]></item>
				<item id="param">
					<item id="tids"><![CDATA[]]></item>
					<item id="sortids"><![CDATA[10]]></item>
					<item id="recommend"><![CDATA[0]]></item>
					<item id="orderby"><![CDATA[lastpost]]></item>
					<item id="lastpost"><![CDATA[0]]></item>
					<item id="startrow"><![CDATA[0]]></item>
					<item id="showitems"><![CDATA[6]]></item>
					<item id="items"><![CDATA[10]]></item>
					<item id="title"><![CDATA[]]></item>
				</item>
				<item id="shownum"><![CDATA[10]]></item>
				<item id="cachetime"><![CDATA[3600]]></item>
				<item id="cachetimerange"><![CDATA[]]></item>
				<item id="punctualupdate"><![CDATA[0]]></item>
				<item id="hidedisplay"><![CDATA[0]]></item>
				<item id="dateline"><![CDATA[1537952973]]></item>
				<item id="notinherited"><![CDATA[0]]></item>
				<item id="isblank"><![CDATA[0]]></item>
			</item>
			<item id="563">
				<item id="bid"><![CDATA[563]]></item>
				<item id="blockclass"><![CDATA[forum_thread]]></item>
				<item id="blocktype"><![CDATA[0]]></item>
				<item id="name"><![CDATA[[木木CMS]信息频道_首页_楼市观点]]></item>
				<item id="title"><![CDATA[]]></item>
				<item id="classname"><![CDATA[]]></item>
				<item id="summary"><![CDATA[]]></item>
				<item id="uid"><![CDATA[1]]></item>
				<item id="username"><![CDATA[admin]]></item>
				<item id="styleid"><![CDATA[144]]></item>
				<item id="blockstyle"><![CDATA[]]></item>
				<item id="picwidth"><![CDATA[0]]></item>
				<item id="picheight"><![CDATA[0]]></item>
				<item id="target"><![CDATA[blank]]></item>
				<item id="dateformat"><![CDATA[Y-m-d]]></item>
				<item id="dateuformat"><![CDATA[0]]></item>
				<item id="script"><![CDATA[thread]]></item>
				<item id="param">
					<item id="tids"><![CDATA[]]></item>
					<item id="uids"><![CDATA[]]></item>
					<item id="keyword"><![CDATA[]]></item>
					<item id="tagkeyword"><![CDATA[]]></item>
					<item id="typeids"><![CDATA[]]></item>
					<item id="reply"><![CDATA[0]]></item>
					<item id="recommend"><![CDATA[0]]></item>
					<item id="special">
						<item id="0"><![CDATA[0]]></item>
					</item>
					<item id="viewmod"><![CDATA[0]]></item>
					<item id="rewardstatus"><![CDATA[0]]></item>
					<item id="picrequired"><![CDATA[0]]></item>
					<item id="orderby"><![CDATA[lastpost]]></item>
					<item id="postdateline"><![CDATA[0]]></item>
					<item id="lastpost"><![CDATA[0]]></item>
					<item id="highlight"><![CDATA[0]]></item>
					<item id="titlelength"><![CDATA[40]]></item>
					<item id="summarylength"><![CDATA[80]]></item>
					<item id="startrow"><![CDATA[0]]></item>
					<item id="items"><![CDATA[14]]></item>
				</item>
				<item id="shownum"><![CDATA[14]]></item>
				<item id="cachetime"><![CDATA[3600]]></item>
				<item id="cachetimerange"><![CDATA[]]></item>
				<item id="punctualupdate"><![CDATA[0]]></item>
				<item id="hidedisplay"><![CDATA[0]]></item>
				<item id="dateline"><![CDATA[1538008366]]></item>
				<item id="notinherited"><![CDATA[0]]></item>
				<item id="isblank"><![CDATA[0]]></item>
			</item>
			<item id="564">
				<item id="bid"><![CDATA[564]]></item>
				<item id="blockclass"><![CDATA[forum_thread]]></item>
				<item id="blocktype"><![CDATA[0]]></item>
				<item id="name"><![CDATA[[木木CMS]房产频道_首页_最新求购]]></item>
				<item id="title"><![CDATA[]]></item>
				<item id="classname"><![CDATA[]]></item>
				<item id="summary"><![CDATA[]]></item>
				<item id="uid"><![CDATA[1]]></item>
				<item id="username"><![CDATA[admin]]></item>
				<item id="styleid"><![CDATA[145]]></item>
				<item id="blockstyle"><![CDATA[]]></item>
				<item id="picwidth"><![CDATA[0]]></item>
				<item id="picheight"><![CDATA[0]]></item>
				<item id="target"><![CDATA[blank]]></item>
				<item id="dateformat"><![CDATA[m-d]]></item>
				<item id="dateuformat"><![CDATA[0]]></item>
				<item id="script"><![CDATA[thread]]></item>
				<item id="param">
					<item id="tids"><![CDATA[]]></item>
					<item id="uids"><![CDATA[]]></item>
					<item id="keyword"><![CDATA[]]></item>
					<item id="tagkeyword"><![CDATA[]]></item>
					<item id="typeids"><![CDATA[]]></item>
					<item id="reply"><![CDATA[0]]></item>
					<item id="recommend"><![CDATA[0]]></item>
					<item id="special">
						<item id="0"><![CDATA[0]]></item>
					</item>
					<item id="viewmod"><![CDATA[0]]></item>
					<item id="rewardstatus"><![CDATA[0]]></item>
					<item id="picrequired"><![CDATA[0]]></item>
					<item id="orderby"><![CDATA[lastpost]]></item>
					<item id="postdateline"><![CDATA[0]]></item>
					<item id="lastpost"><![CDATA[0]]></item>
					<item id="highlight"><![CDATA[0]]></item>
					<item id="titlelength"><![CDATA[36]]></item>
					<item id="summarylength"><![CDATA[80]]></item>
					<item id="startrow"><![CDATA[0]]></item>
					<item id="items"><![CDATA[14]]></item>
				</item>
				<item id="shownum"><![CDATA[14]]></item>
				<item id="cachetime"><![CDATA[3600]]></item>
				<item id="cachetimerange"><![CDATA[]]></item>
				<item id="punctualupdate"><![CDATA[0]]></item>
				<item id="hidedisplay"><![CDATA[0]]></item>
				<item id="dateline"><![CDATA[1538010897]]></item>
				<item id="notinherited"><![CDATA[0]]></item>
				<item id="isblank"><![CDATA[0]]></item>
			</item>
			<item id="565">
				<item id="bid"><![CDATA[565]]></item>
				<item id="blockclass"><![CDATA[forum_thread]]></item>
				<item id="blocktype"><![CDATA[0]]></item>
				<item id="name"><![CDATA[[木木CMS]房产频道_首页_最新求租]]></item>
				<item id="title"><![CDATA[]]></item>
				<item id="classname"><![CDATA[]]></item>
				<item id="summary"><![CDATA[]]></item>
				<item id="uid"><![CDATA[1]]></item>
				<item id="username"><![CDATA[admin]]></item>
				<item id="styleid"><![CDATA[145]]></item>
				<item id="blockstyle"><![CDATA[]]></item>
				<item id="picwidth"><![CDATA[0]]></item>
				<item id="picheight"><![CDATA[0]]></item>
				<item id="target"><![CDATA[blank]]></item>
				<item id="dateformat"><![CDATA[m-d]]></item>
				<item id="dateuformat"><![CDATA[0]]></item>
				<item id="script"><![CDATA[thread]]></item>
				<item id="param">
					<item id="tids"><![CDATA[]]></item>
					<item id="uids"><![CDATA[]]></item>
					<item id="keyword"><![CDATA[]]></item>
					<item id="tagkeyword"><![CDATA[]]></item>
					<item id="typeids"><![CDATA[]]></item>
					<item id="reply"><![CDATA[0]]></item>
					<item id="recommend"><![CDATA[0]]></item>
					<item id="special">
						<item id="0"><![CDATA[0]]></item>
					</item>
					<item id="viewmod"><![CDATA[0]]></item>
					<item id="rewardstatus"><![CDATA[0]]></item>
					<item id="picrequired"><![CDATA[0]]></item>
					<item id="orderby"><![CDATA[lastpost]]></item>
					<item id="postdateline"><![CDATA[0]]></item>
					<item id="lastpost"><![CDATA[0]]></item>
					<item id="highlight"><![CDATA[0]]></item>
					<item id="titlelength"><![CDATA[36]]></item>
					<item id="summarylength"><![CDATA[80]]></item>
					<item id="startrow"><![CDATA[0]]></item>
					<item id="items"><![CDATA[14]]></item>
				</item>
				<item id="shownum"><![CDATA[14]]></item>
				<item id="cachetime"><![CDATA[3600]]></item>
				<item id="cachetimerange"><![CDATA[]]></item>
				<item id="punctualupdate"><![CDATA[0]]></item>
				<item id="hidedisplay"><![CDATA[0]]></item>
				<item id="dateline"><![CDATA[1538010944]]></item>
				<item id="notinherited"><![CDATA[0]]></item>
				<item id="isblank"><![CDATA[0]]></item>
			</item>
			<item id="566">
				<item id="bid"><![CDATA[566]]></item>
				<item id="blockclass"><![CDATA[forum_thread]]></item>
				<item id="blocktype"><![CDATA[0]]></item>
				<item id="name"><![CDATA[[木木CMS]房产频道_首页_幻灯片]]></item>
				<item id="title"><![CDATA[]]></item>
				<item id="classname"><![CDATA[]]></item>
				<item id="summary"><![CDATA[]]></item>
				<item id="uid"><![CDATA[1]]></item>
				<item id="username"><![CDATA[admin]]></item>
				<item id="styleid"><![CDATA[146]]></item>
				<item id="blockstyle"><![CDATA[]]></item>
				<item id="picwidth"><![CDATA[320]]></item>
				<item id="picheight"><![CDATA[218]]></item>
				<item id="target"><![CDATA[blank]]></item>
				<item id="dateformat"><![CDATA[Y-m-d]]></item>
				<item id="dateuformat"><![CDATA[0]]></item>
				<item id="script"><![CDATA[thread]]></item>
				<item id="param">
					<item id="tids"><![CDATA[]]></item>
					<item id="uids"><![CDATA[]]></item>
					<item id="keyword"><![CDATA[]]></item>
					<item id="tagkeyword"><![CDATA[]]></item>
					<item id="typeids"><![CDATA[]]></item>
					<item id="reply"><![CDATA[0]]></item>
					<item id="recommend"><![CDATA[0]]></item>
					<item id="special">
						<item id="0"><![CDATA[0]]></item>
					</item>
					<item id="viewmod"><![CDATA[0]]></item>
					<item id="rewardstatus"><![CDATA[0]]></item>
					<item id="picrequired"><![CDATA[1]]></item>
					<item id="orderby"><![CDATA[lastpost]]></item>
					<item id="postdateline"><![CDATA[0]]></item>
					<item id="lastpost"><![CDATA[0]]></item>
					<item id="highlight"><![CDATA[0]]></item>
					<item id="titlelength"><![CDATA[40]]></item>
					<item id="summarylength"><![CDATA[80]]></item>
					<item id="startrow"><![CDATA[0]]></item>
					<item id="items"><![CDATA[5]]></item>
				</item>
				<item id="shownum"><![CDATA[5]]></item>
				<item id="cachetime"><![CDATA[3600]]></item>
				<item id="cachetimerange"><![CDATA[]]></item>
				<item id="punctualupdate"><![CDATA[0]]></item>
				<item id="hidedisplay"><![CDATA[0]]></item>
				<item id="dateline"><![CDATA[1538009232]]></item>
				<item id="notinherited"><![CDATA[0]]></item>
				<item id="isblank"><![CDATA[0]]></item>
			</item>
			<item id="567">
				<item id="bid"><![CDATA[567]]></item>
				<item id="blockclass"><![CDATA[html_html]]></item>
				<item id="blocktype"><![CDATA[0]]></item>
				<item id="name"><![CDATA[[木木CMS]房产频道_首页_广告1]]></item>
				<item id="title"><![CDATA[]]></item>
				<item id="classname"><![CDATA[]]></item>
				<item id="summary"><![CDATA[<a href="javascript:;" target="_blank"><img src="template/mumucms_pctheme/img/common/adimg/mumucms_ad2.jpg" width="100%" height="90" /></a>]]></item>
				<item id="uid"><![CDATA[1]]></item>
				<item id="username"><![CDATA[admin]]></item>
				<item id="styleid"><![CDATA[0]]></item>
				<item id="blockstyle"><![CDATA[]]></item>
				<item id="picwidth"><![CDATA[0]]></item>
				<item id="picheight"><![CDATA[0]]></item>
				<item id="target"><![CDATA[blank]]></item>
				<item id="dateformat"><![CDATA[Y-m-d]]></item>
				<item id="dateuformat"><![CDATA[0]]></item>
				<item id="script"><![CDATA[banner]]></item>
				<item id="param">
					<item id="pic"><![CDATA[template/mumucms_pctheme/img/common/adimg/mumucms_ad2.jpg]]></item>
					<item id="url"><![CDATA[javascript:;]]></item>
					<item id="atarget"><![CDATA[_blank]]></item>
					<item id="width"><![CDATA[100%]]></item>
					<item id="height"><![CDATA[90]]></item>
					<item id="text"><![CDATA[]]></item>
					<item id="items"><![CDATA[10]]></item>
				</item>
				<item id="shownum"><![CDATA[10]]></item>
				<item id="cachetime"><![CDATA[0]]></item>
				<item id="cachetimerange"><![CDATA[0,0]]></item>
				<item id="punctualupdate"><![CDATA[0]]></item>
				<item id="hidedisplay"><![CDATA[0]]></item>
				<item id="dateline"><![CDATA[1537931605]]></item>
				<item id="notinherited"><![CDATA[0]]></item>
				<item id="isblank"><![CDATA[0]]></item>
			</item>
			<item id="568">
				<item id="bid"><![CDATA[568]]></item>
				<item id="blockclass"><![CDATA[html_html]]></item>
				<item id="blocktype"><![CDATA[0]]></item>
				<item id="name"><![CDATA[[木木CMS]房产频道_首页_广告2]]></item>
				<item id="title"><![CDATA[]]></item>
				<item id="classname"><![CDATA[]]></item>
				<item id="summary"><![CDATA[<a href="javascript:;" target="_blank"><img src="template/mumucms_pctheme/img/common/adimg/mumucms_ad5.gif" width="100%" height="90" /></a>]]></item>
				<item id="uid"><![CDATA[1]]></item>
				<item id="username"><![CDATA[admin]]></item>
				<item id="styleid"><![CDATA[0]]></item>
				<item id="blockstyle"><![CDATA[]]></item>
				<item id="picwidth"><![CDATA[0]]></item>
				<item id="picheight"><![CDATA[0]]></item>
				<item id="target"><![CDATA[blank]]></item>
				<item id="dateformat"><![CDATA[Y-m-d]]></item>
				<item id="dateuformat"><![CDATA[0]]></item>
				<item id="script"><![CDATA[banner]]></item>
				<item id="param">
					<item id="pic"><![CDATA[template/mumucms_pctheme/img/common/adimg/mumucms_ad5.gif]]></item>
					<item id="url"><![CDATA[javascript:;]]></item>
					<item id="atarget"><![CDATA[_blank]]></item>
					<item id="width"><![CDATA[100%]]></item>
					<item id="height"><![CDATA[90]]></item>
					<item id="text"><![CDATA[]]></item>
					<item id="items"><![CDATA[10]]></item>
				</item>
				<item id="shownum"><![CDATA[10]]></item>
				<item id="cachetime"><![CDATA[0]]></item>
				<item id="cachetimerange"><![CDATA[0,0]]></item>
				<item id="punctualupdate"><![CDATA[0]]></item>
				<item id="hidedisplay"><![CDATA[0]]></item>
				<item id="dateline"><![CDATA[1537931627]]></item>
				<item id="notinherited"><![CDATA[0]]></item>
				<item id="isblank"><![CDATA[0]]></item>
			</item>
			<item id="569">
				<item id="bid"><![CDATA[569]]></item>
				<item id="blockclass"><![CDATA[html_html]]></item>
				<item id="blocktype"><![CDATA[0]]></item>
				<item id="name"><![CDATA[[木木CMS]房产频道_首页_广告3]]></item>
				<item id="title"><![CDATA[]]></item>
				<item id="classname"><![CDATA[]]></item>
				<item id="summary"><![CDATA[<a href="javascript:;" target="_blank"><img src="template/mumucms_pctheme/img/common/adimg/mumucms_ad6.gif" width="100%" height="90" /></a>]]></item>
				<item id="uid"><![CDATA[1]]></item>
				<item id="username"><![CDATA[admin]]></item>
				<item id="styleid"><![CDATA[0]]></item>
				<item id="blockstyle"><![CDATA[]]></item>
				<item id="picwidth"><![CDATA[0]]></item>
				<item id="picheight"><![CDATA[0]]></item>
				<item id="target"><![CDATA[blank]]></item>
				<item id="dateformat"><![CDATA[Y-m-d]]></item>
				<item id="dateuformat"><![CDATA[0]]></item>
				<item id="script"><![CDATA[banner]]></item>
				<item id="param">
					<item id="pic"><![CDATA[template/mumucms_pctheme/img/common/adimg/mumucms_ad6.gif]]></item>
					<item id="url"><![CDATA[javascript:;]]></item>
					<item id="atarget"><![CDATA[_blank]]></item>
					<item id="width"><![CDATA[100%]]></item>
					<item id="height"><![CDATA[90]]></item>
					<item id="text"><![CDATA[]]></item>
					<item id="items"><![CDATA[10]]></item>
				</item>
				<item id="shownum"><![CDATA[10]]></item>
				<item id="cachetime"><![CDATA[0]]></item>
				<item id="cachetimerange"><![CDATA[0,0]]></item>
				<item id="punctualupdate"><![CDATA[0]]></item>
				<item id="hidedisplay"><![CDATA[0]]></item>
				<item id="dateline"><![CDATA[1537931690]]></item>
				<item id="notinherited"><![CDATA[0]]></item>
				<item id="isblank"><![CDATA[0]]></item>
			</item>
		</item>
		<item id="style">
			<item id="143">
				<item id="styleid"><![CDATA[143]]></item>
				<item id="blockclass"><![CDATA[portal_article]]></item>
				<item id="name"><![CDATA[[木木CMS]房产频道_首页_房产资讯]]></item>
				<item id="template">
					<item id="raw"><![CDATA[[loop]
	<li><a href="{url}"{target}>{title}</a></li>
[/loop]]]></item>
					<item id="footer"><![CDATA[]]></item>
					<item id="header"><![CDATA[]]></item>
					<item id="indexplus">
					</item>
					<item id="index">
					</item>
					<item id="orderplus">
					</item>
					<item id="order">
					</item>
					<item id="loopplus">
					</item>
					<item id="loop"><![CDATA[<li><a href="{url}"{target}>{title}</a></li>]]></item>
				</item>
				<item id="hash"><![CDATA[f9879981]]></item>
				<item id="getpic"><![CDATA[0]]></item>
				<item id="getsummary"><![CDATA[0]]></item>
				<item id="makethumb"><![CDATA[0]]></item>
				<item id="settarget"><![CDATA[1]]></item>
				<item id="fields">
					<item id="0"><![CDATA[url]]></item>
					<item id="1"><![CDATA[title]]></item>
				</item>
				<item id="moreurl"><![CDATA[0]]></item>
			</item>
			<item id="144">
				<item id="styleid"><![CDATA[144]]></item>
				<item id="blockclass"><![CDATA[forum_thread]]></item>
				<item id="name"><![CDATA[[木木CMS]房产频道_首页_楼市观点]]></item>
				<item id="template">
					<item id="raw"><![CDATA[[loop]
	<li><a href="{url}"{target}>{title}</a></li>
[/loop]]]></item>
					<item id="footer"><![CDATA[]]></item>
					<item id="header"><![CDATA[]]></item>
					<item id="indexplus">
					</item>
					<item id="index">
					</item>
					<item id="orderplus">
					</item>
					<item id="order">
					</item>
					<item id="loopplus">
					</item>
					<item id="loop"><![CDATA[<li><a href="{url}"{target}>{title}</a></li>]]></item>
				</item>
				<item id="hash"><![CDATA[cdc721c4]]></item>
				<item id="getpic"><![CDATA[0]]></item>
				<item id="getsummary"><![CDATA[0]]></item>
				<item id="makethumb"><![CDATA[0]]></item>
				<item id="settarget"><![CDATA[1]]></item>
				<item id="fields">
					<item id="0"><![CDATA[url]]></item>
					<item id="1"><![CDATA[title]]></item>
				</item>
				<item id="moreurl"><![CDATA[0]]></item>
			</item>
			<item id="145">
				<item id="styleid"><![CDATA[145]]></item>
				<item id="blockclass"><![CDATA[forum_thread]]></item>
				<item id="name"><![CDATA[[木木CMS]房产频道_首页_最新求购求租]]></item>
				<item id="template">
					<item id="raw"><![CDATA[[loop]
<li><a href="{url}"{target}>{title}</a><em>{dateline}</em></li>
[/loop]]]></item>
					<item id="footer"><![CDATA[]]></item>
					<item id="header"><![CDATA[]]></item>
					<item id="indexplus">
					</item>
					<item id="index">
					</item>
					<item id="orderplus">
					</item>
					<item id="order">
					</item>
					<item id="loopplus">
					</item>
					<item id="loop"><![CDATA[<li><a href="{url}"{target}>{title}</a><em>{dateline}</em></li>]]></item>
				</item>
				<item id="hash"><![CDATA[baa976fc]]></item>
				<item id="getpic"><![CDATA[0]]></item>
				<item id="getsummary"><![CDATA[0]]></item>
				<item id="makethumb"><![CDATA[0]]></item>
				<item id="settarget"><![CDATA[1]]></item>
				<item id="fields">
					<item id="0"><![CDATA[url]]></item>
					<item id="1"><![CDATA[title]]></item>
					<item id="2"><![CDATA[dateline]]></item>
				</item>
				<item id="moreurl"><![CDATA[0]]></item>
			</item>
			<item id="146">
				<item id="styleid"><![CDATA[146]]></item>
				<item id="blockclass"><![CDATA[forum_thread]]></item>
				<item id="name"><![CDATA[[木木CMS]房产频道_首页_幻灯片]]></item>
				<item id="template">
					<item id="raw"><![CDATA[<div id="mumucms_house_focus" class="mumucms_house_focus">
	<span class="next"></span>
	<span class="prev"></span>	
	<div class="hd"> 
		<ul></ul>
	</div>
	<div class="bd">
		<ul>
			[loop]<li><a href="{url}"{target}><img src="{pic}" width="{picwidth}" height="{picheight}" /></a></li>[/loop]
		</ul>
	</div>
</div>]]></item>
					<item id="footer"><![CDATA[]]></item>
					<item id="header"><![CDATA[]]></item>
					<item id="indexplus">
					</item>
					<item id="index">
					</item>
					<item id="orderplus">
					</item>
					<item id="order">
					</item>
					<item id="loopplus">
					</item>
					<item id="loop"><![CDATA[<li><a href="{url}"{target}><img src="{pic}" width="{picwidth}" height="{picheight}" /></a></li>]]></item>
				</item>
				<item id="hash"><![CDATA[327d70c2]]></item>
				<item id="getpic"><![CDATA[1]]></item>
				<item id="getsummary"><![CDATA[0]]></item>
				<item id="makethumb"><![CDATA[1]]></item>
				<item id="settarget"><![CDATA[1]]></item>
				<item id="fields">
					<item id="0"><![CDATA[url]]></item>
					<item id="1"><![CDATA[pic]]></item>
				</item>
				<item id="moreurl"><![CDATA[0]]></item>
			</item>
		</item>
	</item>
</root>
