<?xml version="1.0" encoding="ISO-8859-1"?>
<root>
	<item id="Title"><![CDATA[Discuz! Threadtypes]]></item>
	<item id="Version"><![CDATA[X3.4]]></item>
	<item id="Time"><![CDATA[2019-03-13 15:15]]></item>
	<item id="From"><![CDATA[仁天际网络 (http://localhost/dz/)]]></item>
	<item id="Data">
		<item id="0">
			<item id="optionid"><![CDATA[1338]]></item>
			<item id="classid"><![CDATA[3]]></item>
			<item id="displayorder"><![CDATA[30]]></item>
			<item id="expiration"><![CDATA[0]]></item>
			<item id="title"><![CDATA[转让价格]]></item>
			<item id="description"><![CDATA[带*为必填选项]]></item>
			<item id="identifier"><![CDATA[ren_sy_jg]]></item>
			<item id="type"><![CDATA[text]]></item>
			<item id="unit"><![CDATA[]]></item>
			<item id="permprompt"><![CDATA[]]></item>
			<item id="typeid"><![CDATA[75]]></item>
			<item id="name"><![CDATA[生意转让]]></item>
			<item id="icon"><![CDATA[]]></item>
			<item id="special"><![CDATA[1]]></item>
			<item id="modelid"><![CDATA[0]]></item>
			<item id="template"><![CDATA[<style type="text/css">
    .ren_view_share.ren_view_footer { display: none; }
    .ren_view_share.ren_view_foo { display: none; }
    .rtj1009_m_main .ren_view_xxtop { display: none; }
    .rtj1009_m_main .ren_view_ny .ren_lc_xx { display: none; }
    .rtj1009_m_main .ren_view_ny .pi { overflow: initial; }
    .rtj1009_m_main .message { overflow: initial; }
    .rtj1009_m_main .ren_view_xf .ren_v_xftpxx { margin: -10px -10px 0 -10px; }
</style>

<div class="ren_view_xf ren_view_sjzk cl">
    <div class="ren_v_xftpxx">
        <div class="ren_v_xfpic cl">
            <img src="{ren_sy_tp_value}">
        </div>
    </div>
    <div class="ren_v_xfyiyxx ren_syzr">
        <div class="ren_v_xfbtxx cl">
            <h3>转让费<span class="ren_v_esfbtyi">{ren_sy_jg_value}</span></h3>
        </div>
        <ul class="ren_v_xfyinr cl">
            <li class="ren_v_yinrliu"><span>{ren_sy_hy}</span><p>{ren_sy_hy_value}</p></li>
            <li class="ren_v_yinrliu"><span>{ren_sy_mj}</span><p>{ren_sy_mj_value}{ren_sy_mj_unit}</p></li>
            <li class="ren_v_yinrsan"><span>{ren_sy_qy}</span><p>{ren_sy_qy_value}</p></li>
            <li class="ren_v_yinrliu"><span>{ren_sy_wz}</span><p>{ren_sy_wz_value}</p></li>
        </ul>
        <span class="ren_v_xfpr cl">
            <em class="ren_v_xfi"><i class="icon"></i></em>
	    <em class="ren_v_xfnum"><i class="ming">{ren_sy_lxr_value}</i><i class="tel">{ren_sy_lxdh_value}</i></em>
       </span>
    </div>
</div>
<div class="ren_view_xfe ren_view_sjzk cl">
    <ul class="ren_v_xfnrtap">
        <li>
            <a href="javascript:;" class="xxk">更多说明</a>
        </li>
    </ul>
</div>

<div class="ren_view_share ren_flxx_footer">
    <a href="tel:{ren_sy_lxdh_value}" class="yi"><span>{ren_sy_lxr_value}</span><em>{ren_sy_lxdh_value}</em></a>
    <a href="tel:{ren_sy_lxdh_value}" class="e"><i class="icon ren-font">&#xe6be;</i>电话</a>
    <a class="open-popup san" data-popup=".popup-view"><i class="icon ren-font">&#xe619;</i>评论</a>
    <a href="javascript:;" class="ren_share open-popup si" data-popup=".popup-share"><i class="icon ren-font">&#xe742;</i>分享</a>
</div>]]></item>
			<item id="stemplate"><![CDATA[<ul>
    [loop]
    <li class="ren_fl_xf ren_fl_sjzk ren_fl_tssc cl">
        <div class="ren_xf_pic z">
            <a href="{subject_url}">
                <img src="{ren_sy_tp_value}">
            </a>
        </div>
        <div class="ren_xf_xx">
            <div class="ren_xf_btxx ren_zf_btxx">
                <a href="{subject_url}" class="ren_xf_bt">{subject}</a>
            </div>
            <p class="ren_xf_wz">{ren_sy_hy_value}<span>|</span>{ren_sy_mj_value}{ren_sy_mj_unit}</p>
            <p class="ren_xf_tx">
                <a href="{subject_url}" class="ren_xf_hx">{ren_sy_wz_value}</a>
            </p>
        </div>
        <div class="ren_price y">
            <p class="ren_pr_jg">
                <span class="ren_pr_jgsz">{ren_sy_jg_value}</span>
            </p>
        </div>
    </li>
    [/loop]
</ul>]]></item>
			<item id="ptemplate"><![CDATA[]]></item>
			<item id="btemplate"><![CDATA[]]></item>
			<item id="sortid"><![CDATA[75]]></item>
			<item id="available"><![CDATA[1]]></item>
			<item id="required"><![CDATA[1]]></item>
			<item id="unchangeable"><![CDATA[0]]></item>
			<item id="search"><![CDATA[0]]></item>
			<item id="subjectshow"><![CDATA[1]]></item>
			<item id="tpdescription"><![CDATA[如：7.8 万，或：面议]]></item>
			<item id="ttdescription"><![CDATA[带*为必填选项]]></item>
			<item id="tpexpiration"><![CDATA[0]]></item>
			<item id="ttexpiration"><![CDATA[0]]></item>
			<item id="__protect">
				<item id="status"><![CDATA[0]]></item>
				<item id="usergroup"><![CDATA[]]></item>
				<item id="verify"><![CDATA[]]></item>
			</item>
			<item id="__rules">
				<item id="maxlength"><![CDATA[]]></item>
				<item id="inputsize"><![CDATA[]]></item>
				<item id="profile"><![CDATA[]]></item>
				<item id="defaultvalue"><![CDATA[]]></item>
			</item>
		</item>
		<item id="1">
			<item id="optionid"><![CDATA[1339]]></item>
			<item id="classid"><![CDATA[3]]></item>
			<item id="displayorder"><![CDATA[31]]></item>
			<item id="expiration"><![CDATA[0]]></item>
			<item id="title"><![CDATA[所属行业]]></item>
			<item id="description"><![CDATA[带*为必填选项]]></item>
			<item id="identifier"><![CDATA[ren_sy_hy]]></item>
			<item id="type"><![CDATA[select]]></item>
			<item id="unit"><![CDATA[]]></item>
			<item id="permprompt"><![CDATA[]]></item>
			<item id="typeid"><![CDATA[75]]></item>
			<item id="name"><![CDATA[生意转让]]></item>
			<item id="icon"><![CDATA[]]></item>
			<item id="special"><![CDATA[1]]></item>
			<item id="modelid"><![CDATA[0]]></item>
			<item id="template"><![CDATA[<style type="text/css">
    .ren_view_share.ren_view_footer { display: none; }
    .ren_view_share.ren_view_foo { display: none; }
    .rtj1009_m_main .ren_view_xxtop { display: none; }
    .rtj1009_m_main .ren_view_ny .ren_lc_xx { display: none; }
    .rtj1009_m_main .ren_view_ny .pi { overflow: initial; }
    .rtj1009_m_main .message { overflow: initial; }
    .rtj1009_m_main .ren_view_xf .ren_v_xftpxx { margin: -10px -10px 0 -10px; }
</style>

<div class="ren_view_xf ren_view_sjzk cl">
    <div class="ren_v_xftpxx">
        <div class="ren_v_xfpic cl">
            <img src="{ren_sy_tp_value}">
        </div>
    </div>
    <div class="ren_v_xfyiyxx ren_syzr">
        <div class="ren_v_xfbtxx cl">
            <h3>转让费<span class="ren_v_esfbtyi">{ren_sy_jg_value}</span></h3>
        </div>
        <ul class="ren_v_xfyinr cl">
            <li class="ren_v_yinrliu"><span>{ren_sy_hy}</span><p>{ren_sy_hy_value}</p></li>
            <li class="ren_v_yinrliu"><span>{ren_sy_mj}</span><p>{ren_sy_mj_value}{ren_sy_mj_unit}</p></li>
            <li class="ren_v_yinrsan"><span>{ren_sy_qy}</span><p>{ren_sy_qy_value}</p></li>
            <li class="ren_v_yinrliu"><span>{ren_sy_wz}</span><p>{ren_sy_wz_value}</p></li>
        </ul>
        <span class="ren_v_xfpr cl">
            <em class="ren_v_xfi"><i class="icon"></i></em>
	    <em class="ren_v_xfnum"><i class="ming">{ren_sy_lxr_value}</i><i class="tel">{ren_sy_lxdh_value}</i></em>
       </span>
    </div>
</div>
<div class="ren_view_xfe ren_view_sjzk cl">
    <ul class="ren_v_xfnrtap">
        <li>
            <a href="javascript:;" class="xxk">更多说明</a>
        </li>
    </ul>
</div>

<div class="ren_view_share ren_flxx_footer">
    <a href="tel:{ren_sy_lxdh_value}" class="yi"><span>{ren_sy_lxr_value}</span><em>{ren_sy_lxdh_value}</em></a>
    <a href="tel:{ren_sy_lxdh_value}" class="e"><i class="icon ren-font">&#xe6be;</i>电话</a>
    <a class="open-popup san" data-popup=".popup-view"><i class="icon ren-font">&#xe619;</i>评论</a>
    <a href="javascript:;" class="ren_share open-popup si" data-popup=".popup-share"><i class="icon ren-font">&#xe742;</i>分享</a>
</div>]]></item>
			<item id="stemplate"><![CDATA[<ul>
    [loop]
    <li class="ren_fl_xf ren_fl_sjzk ren_fl_tssc cl">
        <div class="ren_xf_pic z">
            <a href="{subject_url}">
                <img src="{ren_sy_tp_value}">
            </a>
        </div>
        <div class="ren_xf_xx">
            <div class="ren_xf_btxx ren_zf_btxx">
                <a href="{subject_url}" class="ren_xf_bt">{subject}</a>
            </div>
            <p class="ren_xf_wz">{ren_sy_hy_value}<span>|</span>{ren_sy_mj_value}{ren_sy_mj_unit}</p>
            <p class="ren_xf_tx">
                <a href="{subject_url}" class="ren_xf_hx">{ren_sy_wz_value}</a>
            </p>
        </div>
        <div class="ren_price y">
            <p class="ren_pr_jg">
                <span class="ren_pr_jgsz">{ren_sy_jg_value}</span>
            </p>
        </div>
    </li>
    [/loop]
</ul>]]></item>
			<item id="ptemplate"><![CDATA[]]></item>
			<item id="btemplate"><![CDATA[]]></item>
			<item id="sortid"><![CDATA[75]]></item>
			<item id="available"><![CDATA[1]]></item>
			<item id="required"><![CDATA[1]]></item>
			<item id="unchangeable"><![CDATA[0]]></item>
			<item id="search"><![CDATA[2]]></item>
			<item id="subjectshow"><![CDATA[1]]></item>
			<item id="tpdescription"><![CDATA[]]></item>
			<item id="ttdescription"><![CDATA[带*为必填选项]]></item>
			<item id="tpexpiration"><![CDATA[0]]></item>
			<item id="ttexpiration"><![CDATA[0]]></item>
			<item id="__protect">
				<item id="usergroup"><![CDATA[]]></item>
				<item id="verify"><![CDATA[]]></item>
			</item>
			<item id="__rules">
				<item id="choices"><![CDATA[1=餐饮美食
2=美容美发
3=服装鞋包
4=休闲娱乐
5=生活服务
6=汽修美容
7=酒店宾馆
8=百货超市
9=家居建材
10=电器通讯
11=医疗器械
12=教育培训
13=其他]]></item>
				<item id="inputsize"><![CDATA[]]></item>
			</item>
		</item>
		<item id="2">
			<item id="optionid"><![CDATA[1340]]></item>
			<item id="classid"><![CDATA[3]]></item>
			<item id="displayorder"><![CDATA[32]]></item>
			<item id="expiration"><![CDATA[0]]></item>
			<item id="title"><![CDATA[房屋面积]]></item>
			<item id="description"><![CDATA[带*为必填选项]]></item>
			<item id="identifier"><![CDATA[ren_sy_mj]]></item>
			<item id="type"><![CDATA[text]]></item>
			<item id="unit"><![CDATA[平米]]></item>
			<item id="permprompt"><![CDATA[]]></item>
			<item id="typeid"><![CDATA[75]]></item>
			<item id="name"><![CDATA[生意转让]]></item>
			<item id="icon"><![CDATA[]]></item>
			<item id="special"><![CDATA[1]]></item>
			<item id="modelid"><![CDATA[0]]></item>
			<item id="template"><![CDATA[<style type="text/css">
    .ren_view_share.ren_view_footer { display: none; }
    .ren_view_share.ren_view_foo { display: none; }
    .rtj1009_m_main .ren_view_xxtop { display: none; }
    .rtj1009_m_main .ren_view_ny .ren_lc_xx { display: none; }
    .rtj1009_m_main .ren_view_ny .pi { overflow: initial; }
    .rtj1009_m_main .message { overflow: initial; }
    .rtj1009_m_main .ren_view_xf .ren_v_xftpxx { margin: -10px -10px 0 -10px; }
</style>

<div class="ren_view_xf ren_view_sjzk cl">
    <div class="ren_v_xftpxx">
        <div class="ren_v_xfpic cl">
            <img src="{ren_sy_tp_value}">
        </div>
    </div>
    <div class="ren_v_xfyiyxx ren_syzr">
        <div class="ren_v_xfbtxx cl">
            <h3>转让费<span class="ren_v_esfbtyi">{ren_sy_jg_value}</span></h3>
        </div>
        <ul class="ren_v_xfyinr cl">
            <li class="ren_v_yinrliu"><span>{ren_sy_hy}</span><p>{ren_sy_hy_value}</p></li>
            <li class="ren_v_yinrliu"><span>{ren_sy_mj}</span><p>{ren_sy_mj_value}{ren_sy_mj_unit}</p></li>
            <li class="ren_v_yinrsan"><span>{ren_sy_qy}</span><p>{ren_sy_qy_value}</p></li>
            <li class="ren_v_yinrliu"><span>{ren_sy_wz}</span><p>{ren_sy_wz_value}</p></li>
        </ul>
        <span class="ren_v_xfpr cl">
            <em class="ren_v_xfi"><i class="icon"></i></em>
	    <em class="ren_v_xfnum"><i class="ming">{ren_sy_lxr_value}</i><i class="tel">{ren_sy_lxdh_value}</i></em>
       </span>
    </div>
</div>
<div class="ren_view_xfe ren_view_sjzk cl">
    <ul class="ren_v_xfnrtap">
        <li>
            <a href="javascript:;" class="xxk">更多说明</a>
        </li>
    </ul>
</div>

<div class="ren_view_share ren_flxx_footer">
    <a href="tel:{ren_sy_lxdh_value}" class="yi"><span>{ren_sy_lxr_value}</span><em>{ren_sy_lxdh_value}</em></a>
    <a href="tel:{ren_sy_lxdh_value}" class="e"><i class="icon ren-font">&#xe6be;</i>电话</a>
    <a class="open-popup san" data-popup=".popup-view"><i class="icon ren-font">&#xe619;</i>评论</a>
    <a href="javascript:;" class="ren_share open-popup si" data-popup=".popup-share"><i class="icon ren-font">&#xe742;</i>分享</a>
</div>]]></item>
			<item id="stemplate"><![CDATA[<ul>
    [loop]
    <li class="ren_fl_xf ren_fl_sjzk ren_fl_tssc cl">
        <div class="ren_xf_pic z">
            <a href="{subject_url}">
                <img src="{ren_sy_tp_value}">
            </a>
        </div>
        <div class="ren_xf_xx">
            <div class="ren_xf_btxx ren_zf_btxx">
                <a href="{subject_url}" class="ren_xf_bt">{subject}</a>
            </div>
            <p class="ren_xf_wz">{ren_sy_hy_value}<span>|</span>{ren_sy_mj_value}{ren_sy_mj_unit}</p>
            <p class="ren_xf_tx">
                <a href="{subject_url}" class="ren_xf_hx">{ren_sy_wz_value}</a>
            </p>
        </div>
        <div class="ren_price y">
            <p class="ren_pr_jg">
                <span class="ren_pr_jgsz">{ren_sy_jg_value}</span>
            </p>
        </div>
    </li>
    [/loop]
</ul>]]></item>
			<item id="ptemplate"><![CDATA[]]></item>
			<item id="btemplate"><![CDATA[]]></item>
			<item id="sortid"><![CDATA[75]]></item>
			<item id="available"><![CDATA[1]]></item>
			<item id="required"><![CDATA[1]]></item>
			<item id="unchangeable"><![CDATA[0]]></item>
			<item id="search"><![CDATA[0]]></item>
			<item id="subjectshow"><![CDATA[1]]></item>
			<item id="tpdescription"><![CDATA[]]></item>
			<item id="ttdescription"><![CDATA[带*为必填选项]]></item>
			<item id="tpexpiration"><![CDATA[0]]></item>
			<item id="ttexpiration"><![CDATA[0]]></item>
			<item id="__protect">
				<item id="status"><![CDATA[0]]></item>
				<item id="usergroup"><![CDATA[]]></item>
				<item id="verify"><![CDATA[]]></item>
			</item>
			<item id="__rules">
				<item id="maxlength"><![CDATA[]]></item>
				<item id="inputsize"><![CDATA[]]></item>
				<item id="profile"><![CDATA[]]></item>
				<item id="defaultvalue"><![CDATA[]]></item>
			</item>
		</item>
		<item id="3">
			<item id="optionid"><![CDATA[1341]]></item>
			<item id="classid"><![CDATA[3]]></item>
			<item id="displayorder"><![CDATA[35]]></item>
			<item id="expiration"><![CDATA[0]]></item>
			<item id="protect"><![CDATA[]]></item>
			<item id="title"><![CDATA[详细地址]]></item>
			<item id="description"><![CDATA[带*为必填选项]]></item>
			<item id="identifier"><![CDATA[ren_sy_wz]]></item>
			<item id="type"><![CDATA[text]]></item>
			<item id="unit"><![CDATA[]]></item>
			<item id="rules"><![CDATA[]]></item>
			<item id="permprompt"><![CDATA[]]></item>
			<item id="typeid"><![CDATA[75]]></item>
			<item id="name"><![CDATA[生意转让]]></item>
			<item id="icon"><![CDATA[]]></item>
			<item id="special"><![CDATA[1]]></item>
			<item id="modelid"><![CDATA[0]]></item>
			<item id="template"><![CDATA[<style type="text/css">
    .ren_view_share.ren_view_footer { display: none; }
    .ren_view_share.ren_view_foo { display: none; }
    .rtj1009_m_main .ren_view_xxtop { display: none; }
    .rtj1009_m_main .ren_view_ny .ren_lc_xx { display: none; }
    .rtj1009_m_main .ren_view_ny .pi { overflow: initial; }
    .rtj1009_m_main .message { overflow: initial; }
    .rtj1009_m_main .ren_view_xf .ren_v_xftpxx { margin: -10px -10px 0 -10px; }
</style>

<div class="ren_view_xf ren_view_sjzk cl">
    <div class="ren_v_xftpxx">
        <div class="ren_v_xfpic cl">
            <img src="{ren_sy_tp_value}">
        </div>
    </div>
    <div class="ren_v_xfyiyxx ren_syzr">
        <div class="ren_v_xfbtxx cl">
            <h3>转让费<span class="ren_v_esfbtyi">{ren_sy_jg_value}</span></h3>
        </div>
        <ul class="ren_v_xfyinr cl">
            <li class="ren_v_yinrliu"><span>{ren_sy_hy}</span><p>{ren_sy_hy_value}</p></li>
            <li class="ren_v_yinrliu"><span>{ren_sy_mj}</span><p>{ren_sy_mj_value}{ren_sy_mj_unit}</p></li>
            <li class="ren_v_yinrsan"><span>{ren_sy_qy}</span><p>{ren_sy_qy_value}</p></li>
            <li class="ren_v_yinrliu"><span>{ren_sy_wz}</span><p>{ren_sy_wz_value}</p></li>
        </ul>
        <span class="ren_v_xfpr cl">
            <em class="ren_v_xfi"><i class="icon"></i></em>
	    <em class="ren_v_xfnum"><i class="ming">{ren_sy_lxr_value}</i><i class="tel">{ren_sy_lxdh_value}</i></em>
       </span>
    </div>
</div>
<div class="ren_view_xfe ren_view_sjzk cl">
    <ul class="ren_v_xfnrtap">
        <li>
            <a href="javascript:;" class="xxk">更多说明</a>
        </li>
    </ul>
</div>

<div class="ren_view_share ren_flxx_footer">
    <a href="tel:{ren_sy_lxdh_value}" class="yi"><span>{ren_sy_lxr_value}</span><em>{ren_sy_lxdh_value}</em></a>
    <a href="tel:{ren_sy_lxdh_value}" class="e"><i class="icon ren-font">&#xe6be;</i>电话</a>
    <a class="open-popup san" data-popup=".popup-view"><i class="icon ren-font">&#xe619;</i>评论</a>
    <a href="javascript:;" class="ren_share open-popup si" data-popup=".popup-share"><i class="icon ren-font">&#xe742;</i>分享</a>
</div>]]></item>
			<item id="stemplate"><![CDATA[<ul>
    [loop]
    <li class="ren_fl_xf ren_fl_sjzk ren_fl_tssc cl">
        <div class="ren_xf_pic z">
            <a href="{subject_url}">
                <img src="{ren_sy_tp_value}">
            </a>
        </div>
        <div class="ren_xf_xx">
            <div class="ren_xf_btxx ren_zf_btxx">
                <a href="{subject_url}" class="ren_xf_bt">{subject}</a>
            </div>
            <p class="ren_xf_wz">{ren_sy_hy_value}<span>|</span>{ren_sy_mj_value}{ren_sy_mj_unit}</p>
            <p class="ren_xf_tx">
                <a href="{subject_url}" class="ren_xf_hx">{ren_sy_wz_value}</a>
            </p>
        </div>
        <div class="ren_price y">
            <p class="ren_pr_jg">
                <span class="ren_pr_jgsz">{ren_sy_jg_value}</span>
            </p>
        </div>
    </li>
    [/loop]
</ul>]]></item>
			<item id="ptemplate"><![CDATA[]]></item>
			<item id="btemplate"><![CDATA[]]></item>
			<item id="sortid"><![CDATA[75]]></item>
			<item id="available"><![CDATA[1]]></item>
			<item id="required"><![CDATA[1]]></item>
			<item id="unchangeable"><![CDATA[0]]></item>
			<item id="search"><![CDATA[0]]></item>
			<item id="subjectshow"><![CDATA[1]]></item>
			<item id="tpdescription"><![CDATA[]]></item>
			<item id="ttdescription"><![CDATA[带*为必填选项]]></item>
			<item id="tpexpiration"><![CDATA[0]]></item>
			<item id="ttexpiration"><![CDATA[0]]></item>
		</item>
		<item id="4">
			<item id="optionid"><![CDATA[1342]]></item>
			<item id="classid"><![CDATA[3]]></item>
			<item id="displayorder"><![CDATA[36]]></item>
			<item id="expiration"><![CDATA[0]]></item>
			<item id="title"><![CDATA[图片]]></item>
			<item id="description"><![CDATA[带*为必填选项]]></item>
			<item id="identifier"><![CDATA[ren_sy_tp]]></item>
			<item id="type"><![CDATA[image]]></item>
			<item id="unit"><![CDATA[]]></item>
			<item id="permprompt"><![CDATA[]]></item>
			<item id="typeid"><![CDATA[75]]></item>
			<item id="name"><![CDATA[生意转让]]></item>
			<item id="icon"><![CDATA[]]></item>
			<item id="special"><![CDATA[1]]></item>
			<item id="modelid"><![CDATA[0]]></item>
			<item id="template"><![CDATA[<style type="text/css">
    .ren_view_share.ren_view_footer { display: none; }
    .ren_view_share.ren_view_foo { display: none; }
    .rtj1009_m_main .ren_view_xxtop { display: none; }
    .rtj1009_m_main .ren_view_ny .ren_lc_xx { display: none; }
    .rtj1009_m_main .ren_view_ny .pi { overflow: initial; }
    .rtj1009_m_main .message { overflow: initial; }
    .rtj1009_m_main .ren_view_xf .ren_v_xftpxx { margin: -10px -10px 0 -10px; }
</style>

<div class="ren_view_xf ren_view_sjzk cl">
    <div class="ren_v_xftpxx">
        <div class="ren_v_xfpic cl">
            <img src="{ren_sy_tp_value}">
        </div>
    </div>
    <div class="ren_v_xfyiyxx ren_syzr">
        <div class="ren_v_xfbtxx cl">
            <h3>转让费<span class="ren_v_esfbtyi">{ren_sy_jg_value}</span></h3>
        </div>
        <ul class="ren_v_xfyinr cl">
            <li class="ren_v_yinrliu"><span>{ren_sy_hy}</span><p>{ren_sy_hy_value}</p></li>
            <li class="ren_v_yinrliu"><span>{ren_sy_mj}</span><p>{ren_sy_mj_value}{ren_sy_mj_unit}</p></li>
            <li class="ren_v_yinrsan"><span>{ren_sy_qy}</span><p>{ren_sy_qy_value}</p></li>
            <li class="ren_v_yinrliu"><span>{ren_sy_wz}</span><p>{ren_sy_wz_value}</p></li>
        </ul>
        <span class="ren_v_xfpr cl">
            <em class="ren_v_xfi"><i class="icon"></i></em>
	    <em class="ren_v_xfnum"><i class="ming">{ren_sy_lxr_value}</i><i class="tel">{ren_sy_lxdh_value}</i></em>
       </span>
    </div>
</div>
<div class="ren_view_xfe ren_view_sjzk cl">
    <ul class="ren_v_xfnrtap">
        <li>
            <a href="javascript:;" class="xxk">更多说明</a>
        </li>
    </ul>
</div>

<div class="ren_view_share ren_flxx_footer">
    <a href="tel:{ren_sy_lxdh_value}" class="yi"><span>{ren_sy_lxr_value}</span><em>{ren_sy_lxdh_value}</em></a>
    <a href="tel:{ren_sy_lxdh_value}" class="e"><i class="icon ren-font">&#xe6be;</i>电话</a>
    <a class="open-popup san" data-popup=".popup-view"><i class="icon ren-font">&#xe619;</i>评论</a>
    <a href="javascript:;" class="ren_share open-popup si" data-popup=".popup-share"><i class="icon ren-font">&#xe742;</i>分享</a>
</div>]]></item>
			<item id="stemplate"><![CDATA[<ul>
    [loop]
    <li class="ren_fl_xf ren_fl_sjzk ren_fl_tssc cl">
        <div class="ren_xf_pic z">
            <a href="{subject_url}">
                <img src="{ren_sy_tp_value}">
            </a>
        </div>
        <div class="ren_xf_xx">
            <div class="ren_xf_btxx ren_zf_btxx">
                <a href="{subject_url}" class="ren_xf_bt">{subject}</a>
            </div>
            <p class="ren_xf_wz">{ren_sy_hy_value}<span>|</span>{ren_sy_mj_value}{ren_sy_mj_unit}</p>
            <p class="ren_xf_tx">
                <a href="{subject_url}" class="ren_xf_hx">{ren_sy_wz_value}</a>
            </p>
        </div>
        <div class="ren_price y">
            <p class="ren_pr_jg">
                <span class="ren_pr_jgsz">{ren_sy_jg_value}</span>
            </p>
        </div>
    </li>
    [/loop]
</ul>]]></item>
			<item id="ptemplate"><![CDATA[]]></item>
			<item id="btemplate"><![CDATA[]]></item>
			<item id="sortid"><![CDATA[75]]></item>
			<item id="available"><![CDATA[1]]></item>
			<item id="required"><![CDATA[1]]></item>
			<item id="unchangeable"><![CDATA[0]]></item>
			<item id="search"><![CDATA[0]]></item>
			<item id="subjectshow"><![CDATA[1]]></item>
			<item id="tpdescription"><![CDATA[]]></item>
			<item id="ttdescription"><![CDATA[带*为必填选项]]></item>
			<item id="tpexpiration"><![CDATA[0]]></item>
			<item id="ttexpiration"><![CDATA[0]]></item>
			<item id="__protect">
				<item id="status"><![CDATA[0]]></item>
				<item id="usergroup"><![CDATA[]]></item>
				<item id="verify"><![CDATA[]]></item>
			</item>
			<item id="__rules">
				<item id="maxwidth"><![CDATA[]]></item>
				<item id="maxheight"><![CDATA[]]></item>
				<item id="inputsize"><![CDATA[]]></item>
			</item>
		</item>
		<item id="5">
			<item id="optionid"><![CDATA[1343]]></item>
			<item id="classid"><![CDATA[3]]></item>
			<item id="displayorder"><![CDATA[37]]></item>
			<item id="expiration"><![CDATA[0]]></item>
			<item id="protect"><![CDATA[]]></item>
			<item id="title"><![CDATA[联系人]]></item>
			<item id="description"><![CDATA[带*为必填选项]]></item>
			<item id="identifier"><![CDATA[ren_sy_lxr]]></item>
			<item id="type"><![CDATA[text]]></item>
			<item id="unit"><![CDATA[]]></item>
			<item id="rules"><![CDATA[]]></item>
			<item id="permprompt"><![CDATA[]]></item>
			<item id="typeid"><![CDATA[75]]></item>
			<item id="name"><![CDATA[生意转让]]></item>
			<item id="icon"><![CDATA[]]></item>
			<item id="special"><![CDATA[1]]></item>
			<item id="modelid"><![CDATA[0]]></item>
			<item id="template"><![CDATA[<style type="text/css">
    .ren_view_share.ren_view_footer { display: none; }
    .ren_view_share.ren_view_foo { display: none; }
    .rtj1009_m_main .ren_view_xxtop { display: none; }
    .rtj1009_m_main .ren_view_ny .ren_lc_xx { display: none; }
    .rtj1009_m_main .ren_view_ny .pi { overflow: initial; }
    .rtj1009_m_main .message { overflow: initial; }
    .rtj1009_m_main .ren_view_xf .ren_v_xftpxx { margin: -10px -10px 0 -10px; }
</style>

<div class="ren_view_xf ren_view_sjzk cl">
    <div class="ren_v_xftpxx">
        <div class="ren_v_xfpic cl">
            <img src="{ren_sy_tp_value}">
        </div>
    </div>
    <div class="ren_v_xfyiyxx ren_syzr">
        <div class="ren_v_xfbtxx cl">
            <h3>转让费<span class="ren_v_esfbtyi">{ren_sy_jg_value}</span></h3>
        </div>
        <ul class="ren_v_xfyinr cl">
            <li class="ren_v_yinrliu"><span>{ren_sy_hy}</span><p>{ren_sy_hy_value}</p></li>
            <li class="ren_v_yinrliu"><span>{ren_sy_mj}</span><p>{ren_sy_mj_value}{ren_sy_mj_unit}</p></li>
            <li class="ren_v_yinrsan"><span>{ren_sy_qy}</span><p>{ren_sy_qy_value}</p></li>
            <li class="ren_v_yinrliu"><span>{ren_sy_wz}</span><p>{ren_sy_wz_value}</p></li>
        </ul>
        <span class="ren_v_xfpr cl">
            <em class="ren_v_xfi"><i class="icon"></i></em>
	    <em class="ren_v_xfnum"><i class="ming">{ren_sy_lxr_value}</i><i class="tel">{ren_sy_lxdh_value}</i></em>
       </span>
    </div>
</div>
<div class="ren_view_xfe ren_view_sjzk cl">
    <ul class="ren_v_xfnrtap">
        <li>
            <a href="javascript:;" class="xxk">更多说明</a>
        </li>
    </ul>
</div>

<div class="ren_view_share ren_flxx_footer">
    <a href="tel:{ren_sy_lxdh_value}" class="yi"><span>{ren_sy_lxr_value}</span><em>{ren_sy_lxdh_value}</em></a>
    <a href="tel:{ren_sy_lxdh_value}" class="e"><i class="icon ren-font">&#xe6be;</i>电话</a>
    <a class="open-popup san" data-popup=".popup-view"><i class="icon ren-font">&#xe619;</i>评论</a>
    <a href="javascript:;" class="ren_share open-popup si" data-popup=".popup-share"><i class="icon ren-font">&#xe742;</i>分享</a>
</div>]]></item>
			<item id="stemplate"><![CDATA[<ul>
    [loop]
    <li class="ren_fl_xf ren_fl_sjzk ren_fl_tssc cl">
        <div class="ren_xf_pic z">
            <a href="{subject_url}">
                <img src="{ren_sy_tp_value}">
            </a>
        </div>
        <div class="ren_xf_xx">
            <div class="ren_xf_btxx ren_zf_btxx">
                <a href="{subject_url}" class="ren_xf_bt">{subject}</a>
            </div>
            <p class="ren_xf_wz">{ren_sy_hy_value}<span>|</span>{ren_sy_mj_value}{ren_sy_mj_unit}</p>
            <p class="ren_xf_tx">
                <a href="{subject_url}" class="ren_xf_hx">{ren_sy_wz_value}</a>
            </p>
        </div>
        <div class="ren_price y">
            <p class="ren_pr_jg">
                <span class="ren_pr_jgsz">{ren_sy_jg_value}</span>
            </p>
        </div>
    </li>
    [/loop]
</ul>]]></item>
			<item id="ptemplate"><![CDATA[]]></item>
			<item id="btemplate"><![CDATA[]]></item>
			<item id="sortid"><![CDATA[75]]></item>
			<item id="available"><![CDATA[1]]></item>
			<item id="required"><![CDATA[1]]></item>
			<item id="unchangeable"><![CDATA[0]]></item>
			<item id="search"><![CDATA[0]]></item>
			<item id="subjectshow"><![CDATA[1]]></item>
			<item id="tpdescription"><![CDATA[]]></item>
			<item id="ttdescription"><![CDATA[带*为必填选项]]></item>
			<item id="tpexpiration"><![CDATA[0]]></item>
			<item id="ttexpiration"><![CDATA[0]]></item>
		</item>
		<item id="6">
			<item id="optionid"><![CDATA[1344]]></item>
			<item id="classid"><![CDATA[3]]></item>
			<item id="displayorder"><![CDATA[38]]></item>
			<item id="expiration"><![CDATA[0]]></item>
			<item id="protect"><![CDATA[]]></item>
			<item id="title"><![CDATA[联系电话]]></item>
			<item id="description"><![CDATA[带*为必填选项]]></item>
			<item id="identifier"><![CDATA[ren_sy_lxdh]]></item>
			<item id="type"><![CDATA[text]]></item>
			<item id="unit"><![CDATA[]]></item>
			<item id="rules"><![CDATA[]]></item>
			<item id="permprompt"><![CDATA[]]></item>
			<item id="typeid"><![CDATA[75]]></item>
			<item id="name"><![CDATA[生意转让]]></item>
			<item id="icon"><![CDATA[]]></item>
			<item id="special"><![CDATA[1]]></item>
			<item id="modelid"><![CDATA[0]]></item>
			<item id="template"><![CDATA[<style type="text/css">
    .ren_view_share.ren_view_footer { display: none; }
    .ren_view_share.ren_view_foo { display: none; }
    .rtj1009_m_main .ren_view_xxtop { display: none; }
    .rtj1009_m_main .ren_view_ny .ren_lc_xx { display: none; }
    .rtj1009_m_main .ren_view_ny .pi { overflow: initial; }
    .rtj1009_m_main .message { overflow: initial; }
    .rtj1009_m_main .ren_view_xf .ren_v_xftpxx { margin: -10px -10px 0 -10px; }
</style>

<div class="ren_view_xf ren_view_sjzk cl">
    <div class="ren_v_xftpxx">
        <div class="ren_v_xfpic cl">
            <img src="{ren_sy_tp_value}">
        </div>
    </div>
    <div class="ren_v_xfyiyxx ren_syzr">
        <div class="ren_v_xfbtxx cl">
            <h3>转让费<span class="ren_v_esfbtyi">{ren_sy_jg_value}</span></h3>
        </div>
        <ul class="ren_v_xfyinr cl">
            <li class="ren_v_yinrliu"><span>{ren_sy_hy}</span><p>{ren_sy_hy_value}</p></li>
            <li class="ren_v_yinrliu"><span>{ren_sy_mj}</span><p>{ren_sy_mj_value}{ren_sy_mj_unit}</p></li>
            <li class="ren_v_yinrsan"><span>{ren_sy_qy}</span><p>{ren_sy_qy_value}</p></li>
            <li class="ren_v_yinrliu"><span>{ren_sy_wz}</span><p>{ren_sy_wz_value}</p></li>
        </ul>
        <span class="ren_v_xfpr cl">
            <em class="ren_v_xfi"><i class="icon"></i></em>
	    <em class="ren_v_xfnum"><i class="ming">{ren_sy_lxr_value}</i><i class="tel">{ren_sy_lxdh_value}</i></em>
       </span>
    </div>
</div>
<div class="ren_view_xfe ren_view_sjzk cl">
    <ul class="ren_v_xfnrtap">
        <li>
            <a href="javascript:;" class="xxk">更多说明</a>
        </li>
    </ul>
</div>

<div class="ren_view_share ren_flxx_footer">
    <a href="tel:{ren_sy_lxdh_value}" class="yi"><span>{ren_sy_lxr_value}</span><em>{ren_sy_lxdh_value}</em></a>
    <a href="tel:{ren_sy_lxdh_value}" class="e"><i class="icon ren-font">&#xe6be;</i>电话</a>
    <a class="open-popup san" data-popup=".popup-view"><i class="icon ren-font">&#xe619;</i>评论</a>
    <a href="javascript:;" class="ren_share open-popup si" data-popup=".popup-share"><i class="icon ren-font">&#xe742;</i>分享</a>
</div>]]></item>
			<item id="stemplate"><![CDATA[<ul>
    [loop]
    <li class="ren_fl_xf ren_fl_sjzk ren_fl_tssc cl">
        <div class="ren_xf_pic z">
            <a href="{subject_url}">
                <img src="{ren_sy_tp_value}">
            </a>
        </div>
        <div class="ren_xf_xx">
            <div class="ren_xf_btxx ren_zf_btxx">
                <a href="{subject_url}" class="ren_xf_bt">{subject}</a>
            </div>
            <p class="ren_xf_wz">{ren_sy_hy_value}<span>|</span>{ren_sy_mj_value}{ren_sy_mj_unit}</p>
            <p class="ren_xf_tx">
                <a href="{subject_url}" class="ren_xf_hx">{ren_sy_wz_value}</a>
            </p>
        </div>
        <div class="ren_price y">
            <p class="ren_pr_jg">
                <span class="ren_pr_jgsz">{ren_sy_jg_value}</span>
            </p>
        </div>
    </li>
    [/loop]
</ul>]]></item>
			<item id="ptemplate"><![CDATA[]]></item>
			<item id="btemplate"><![CDATA[]]></item>
			<item id="sortid"><![CDATA[75]]></item>
			<item id="available"><![CDATA[1]]></item>
			<item id="required"><![CDATA[1]]></item>
			<item id="unchangeable"><![CDATA[0]]></item>
			<item id="search"><![CDATA[0]]></item>
			<item id="subjectshow"><![CDATA[1]]></item>
			<item id="tpdescription"><![CDATA[]]></item>
			<item id="ttdescription"><![CDATA[带*为必填选项]]></item>
			<item id="tpexpiration"><![CDATA[0]]></item>
			<item id="ttexpiration"><![CDATA[0]]></item>
		</item>
		<item id="7">
			<item id="optionid"><![CDATA[1345]]></item>
			<item id="classid"><![CDATA[3]]></item>
			<item id="displayorder"><![CDATA[34]]></item>
			<item id="expiration"><![CDATA[0]]></item>
			<item id="title"><![CDATA[所在区域]]></item>
			<item id="description"><![CDATA[带*为必填选项]]></item>
			<item id="identifier"><![CDATA[ren_sy_qy]]></item>
			<item id="type"><![CDATA[select]]></item>
			<item id="unit"><![CDATA[]]></item>
			<item id="permprompt"><![CDATA[]]></item>
			<item id="typeid"><![CDATA[75]]></item>
			<item id="name"><![CDATA[生意转让]]></item>
			<item id="icon"><![CDATA[]]></item>
			<item id="special"><![CDATA[1]]></item>
			<item id="modelid"><![CDATA[0]]></item>
			<item id="template"><![CDATA[<style type="text/css">
    .ren_view_share.ren_view_footer { display: none; }
    .ren_view_share.ren_view_foo { display: none; }
    .rtj1009_m_main .ren_view_xxtop { display: none; }
    .rtj1009_m_main .ren_view_ny .ren_lc_xx { display: none; }
    .rtj1009_m_main .ren_view_ny .pi { overflow: initial; }
    .rtj1009_m_main .message { overflow: initial; }
    .rtj1009_m_main .ren_view_xf .ren_v_xftpxx { margin: -10px -10px 0 -10px; }
</style>

<div class="ren_view_xf ren_view_sjzk cl">
    <div class="ren_v_xftpxx">
        <div class="ren_v_xfpic cl">
            <img src="{ren_sy_tp_value}">
        </div>
    </div>
    <div class="ren_v_xfyiyxx ren_syzr">
        <div class="ren_v_xfbtxx cl">
            <h3>转让费<span class="ren_v_esfbtyi">{ren_sy_jg_value}</span></h3>
        </div>
        <ul class="ren_v_xfyinr cl">
            <li class="ren_v_yinrliu"><span>{ren_sy_hy}</span><p>{ren_sy_hy_value}</p></li>
            <li class="ren_v_yinrliu"><span>{ren_sy_mj}</span><p>{ren_sy_mj_value}{ren_sy_mj_unit}</p></li>
            <li class="ren_v_yinrsan"><span>{ren_sy_qy}</span><p>{ren_sy_qy_value}</p></li>
            <li class="ren_v_yinrliu"><span>{ren_sy_wz}</span><p>{ren_sy_wz_value}</p></li>
        </ul>
        <span class="ren_v_xfpr cl">
            <em class="ren_v_xfi"><i class="icon"></i></em>
	    <em class="ren_v_xfnum"><i class="ming">{ren_sy_lxr_value}</i><i class="tel">{ren_sy_lxdh_value}</i></em>
       </span>
    </div>
</div>
<div class="ren_view_xfe ren_view_sjzk cl">
    <ul class="ren_v_xfnrtap">
        <li>
            <a href="javascript:;" class="xxk">更多说明</a>
        </li>
    </ul>
</div>

<div class="ren_view_share ren_flxx_footer">
    <a href="tel:{ren_sy_lxdh_value}" class="yi"><span>{ren_sy_lxr_value}</span><em>{ren_sy_lxdh_value}</em></a>
    <a href="tel:{ren_sy_lxdh_value}" class="e"><i class="icon ren-font">&#xe6be;</i>电话</a>
    <a class="open-popup san" data-popup=".popup-view"><i class="icon ren-font">&#xe619;</i>评论</a>
    <a href="javascript:;" class="ren_share open-popup si" data-popup=".popup-share"><i class="icon ren-font">&#xe742;</i>分享</a>
</div>]]></item>
			<item id="stemplate"><![CDATA[<ul>
    [loop]
    <li class="ren_fl_xf ren_fl_sjzk ren_fl_tssc cl">
        <div class="ren_xf_pic z">
            <a href="{subject_url}">
                <img src="{ren_sy_tp_value}">
            </a>
        </div>
        <div class="ren_xf_xx">
            <div class="ren_xf_btxx ren_zf_btxx">
                <a href="{subject_url}" class="ren_xf_bt">{subject}</a>
            </div>
            <p class="ren_xf_wz">{ren_sy_hy_value}<span>|</span>{ren_sy_mj_value}{ren_sy_mj_unit}</p>
            <p class="ren_xf_tx">
                <a href="{subject_url}" class="ren_xf_hx">{ren_sy_wz_value}</a>
            </p>
        </div>
        <div class="ren_price y">
            <p class="ren_pr_jg">
                <span class="ren_pr_jgsz">{ren_sy_jg_value}</span>
            </p>
        </div>
    </li>
    [/loop]
</ul>]]></item>
			<item id="ptemplate"><![CDATA[]]></item>
			<item id="btemplate"><![CDATA[]]></item>
			<item id="sortid"><![CDATA[75]]></item>
			<item id="available"><![CDATA[1]]></item>
			<item id="required"><![CDATA[1]]></item>
			<item id="unchangeable"><![CDATA[0]]></item>
			<item id="search"><![CDATA[0]]></item>
			<item id="subjectshow"><![CDATA[1]]></item>
			<item id="tpdescription"><![CDATA[]]></item>
			<item id="ttdescription"><![CDATA[带*为必填选项]]></item>
			<item id="tpexpiration"><![CDATA[0]]></item>
			<item id="ttexpiration"><![CDATA[0]]></item>
			<item id="__protect">
				<item id="status"><![CDATA[0]]></item>
				<item id="usergroup"><![CDATA[]]></item>
				<item id="verify"><![CDATA[]]></item>
			</item>
			<item id="__rules">
				<item id="choices"><![CDATA[1=鱼峰区
2=城中区
3=柳南区
4=柳北区
5=柳东新区
6=柳江县
7=鹿寨县
8=柳城县
9=其它]]></item>
				<item id="inputsize"><![CDATA[]]></item>
			</item>
		</item>
	</item>
</root>