<?xml version="1.0" encoding="ISO-8859-1"?>
<root>
	<item id="Title"><![CDATA[Discuz! Threadtypes]]></item>
	<item id="Version"><![CDATA[X3.4]]></item>
	<item id="Time"><![CDATA[2019-03-13 15:03]]></item>
	<item id="From"><![CDATA[仁天际网络 (http://localhost/dz/)]]></item>
	<item id="Data">
		<item id="0">
			<item id="optionid"><![CDATA[1071]]></item>
			<item id="classid"><![CDATA[1]]></item>
			<item id="displayorder"><![CDATA[6]]></item>
			<item id="expiration"><![CDATA[0]]></item>
			<item id="title"><![CDATA[期望价格]]></item>
			<item id="description"><![CDATA[带*为必填选项]]></item>
			<item id="identifier"><![CDATA[esf_qgzj]]></item>
			<item id="type"><![CDATA[text]]></item>
			<item id="unit"><![CDATA[万]]></item>
			<item id="permprompt"><![CDATA[]]></item>
			<item id="typeid"><![CDATA[60]]></item>
			<item id="name"><![CDATA[二手房求购]]></item>
			<item id="icon"><![CDATA[]]></item>
			<item id="special"><![CDATA[1]]></item>
			<item id="modelid"><![CDATA[0]]></item>
			<item id="template"><![CDATA[<style type="text/css">
.ren_view_share.ren_view_footer { display: none; }
.ren_view_share.ren_view_foo { display: none; }
.rtj1009_m_main .ren_view_xxtop { display: none; }
.rtj1009_m_main .ren_view_ny .ren_lc_xx { display: none; }
.rtj1009_m_main .ren_view_ny .pi { overflow: initial; }
.rtj1009_m_main .message { overflow: initial; }
.rtj1009_m_main .ren_view_xf .ren_v_xftpxx { margin: -10px -10px 0 -10px; }
</style>
<div class="ren_view_xf ren_view_qz ren_view_esf ren_view_qgesf cl">
    <div class="ren_v_xfyiyxx">
    	<div class="ren_v_qzbtxx cl">
        	<h3>求购详情</h3>
        </div>
    	<ul class="ren_v_xfyinr cl">
        	<li class="ren_v_yinrsan cl">
            	<div class="ren_v_ban col"><span>期望价格</span><p>{esf_qgzj_value}万</p></div>
            	<div class="ren_v_ban"><span>期望类型</span><p>{erf_leixing_26_value}</p></div>
            </li>
            <li class="ren_v_yinrsan cl">
            	<div class="ren_v_ban"><span>期望区域</span><p>{esf_quyu_26_value}</p></div>
            	<div class="ren_v_ban"><span>意向楼盘</span><p>{esf_kjdd_value}</p></div>
            </li>
            <li class="ren_v_yinrsan cl">
            	<div class="ren_v_ban"><span>期望户型</span><p>{esf_fx_26_value}</p></div>
            	<div class="ren_v_ban"><span>意向面积</span><p>{esf_mianji_26_value}</p></div>
            </li>
            <li class="ren_v_yinrsan cl">
            	<div class="ren_v_ban"><span>期望楼层</span><p>{esf_loucheng_26_value}</p></div>
                <div class="ren_v_ban"><span>期望朝向</span><p>{esf_chaoxiang_26_value}</p></div>
            </li>
            <li class="ren_v_yinrsan cl">
            	<div class="ren_v_ban"><span>联系人</span><p>{esf_lxr_26_value}</p></div>
            	<div class="ren_v_ban col"><span>联系电话</span><p>{esf_lxdh_26_value}</p></div>
            </li>
            <li class="ren_v_yinrsan cl">
            	<div class="ren_v_ban ren_v_zfpt"><span>期望装修</span><p>{esf_qwzx_value}</p></div>
                <div class="ren_v_ban ren_v_zfpt ren_v_zfpt2"><span>期望配套</span><p>{esf_qtsm_26_value}</p></div>
            </li>
        </ul>
    </div>
</div>

<div class="ren_view_share ren_flxx_footer">
	<a href="tel:{esf_lxdh_26_value}" class="yi"><span>{esf_lxr_26_value}</span><em>{esf_lxdh_26_value}</em></a>
	<a href="tel:{esf_lxdh_26_value}" class="e"><i class="icon ren-font">&#xe6be;</i>电话</a>
	<a class="open-popup san" data-popup=".popup-view"><i class="icon ren-font">&#xe619;</i>评论</a>
	<a href="javascript:;" class="ren_share open-popup si" data-popup=".popup-share"><i class="icon ren-font">&#xe742;</i>分享</a>
</div>]]></item>
			<item id="stemplate"><![CDATA[<ul>
[loop]
    <li class="ren_fl_xf ren_fl_qg cl">
        <div class="ren_xf_xx">
            <div class="ren_xf_btxx ren_zf_btxx">
                <a href="{subject_url}" class="ren_xf_bt">{subject}</a>
            </div>
            
            <p class="ren_xf_wz">{erf_leixing_26_value}<span>|</span>{esf_fx_26_value}<span>|</span>{esf_mianji_26_value}平米<span>|</span>		{esf_qwzx_value}</p>
            <p class="ren_xf_tx">
                <a href="{subject_url}" class="ren_xf_hx">{esf_quyu_26_value}<span>|</span>{esf_kjdd_value}</a>
            </p>
            <p class="ren_xf_tag">
                <a href="{subject_url}" class="ren_esc_txx">{esf_lxr_26_value}<em>{dateline}</em></a>
            </p>
        </div>
        <div class="ren_price y">
            <p class="ren_pr_jg">
                <span class="ren_pr_jgsz">{esf_qgzj_value}</span><span class="ren_pr_jgdw">万</span>
            </p>
            <p class="ren_kong"></p>
            <p class="ren_tel"></p>
        </div>
    </li>
[/loop]
</ul>
]]></item>
			<item id="ptemplate"><![CDATA[]]></item>
			<item id="btemplate"><![CDATA[]]></item>
			<item id="sortid"><![CDATA[60]]></item>
			<item id="available"><![CDATA[1]]></item>
			<item id="required"><![CDATA[1]]></item>
			<item id="unchangeable"><![CDATA[0]]></item>
			<item id="search"><![CDATA[0]]></item>
			<item id="subjectshow"><![CDATA[1]]></item>
			<item id="tpdescription"><![CDATA[请输入户型，如：100万则填100]]></item>
			<item id="ttdescription"><![CDATA[带*为必填选项]]></item>
			<item id="tpexpiration"><![CDATA[0]]></item>
			<item id="ttexpiration"><![CDATA[0]]></item>
			<item id="__protect">
				<item id="status"><![CDATA[0]]></item>
				<item id="usergroup"><![CDATA[]]></item>
				<item id="verify"><![CDATA[]]></item>
			</item>
			<item id="__rules">
				<item id="maxlength"><![CDATA[]]></item>
				<item id="inputsize"><![CDATA[]]></item>
				<item id="profile"><![CDATA[]]></item>
				<item id="defaultvalue"><![CDATA[]]></item>
			</item>
		</item>
		<item id="1">
			<item id="optionid"><![CDATA[1072]]></item>
			<item id="classid"><![CDATA[1]]></item>
			<item id="displayorder"><![CDATA[14]]></item>
			<item id="expiration"><![CDATA[0]]></item>
			<item id="title"><![CDATA[有效期]]></item>
			<item id="description"><![CDATA[带*为必填选项]]></item>
			<item id="identifier"><![CDATA[esf_yxqx]]></item>
			<item id="type"><![CDATA[radio]]></item>
			<item id="unit"><![CDATA[]]></item>
			<item id="permprompt"><![CDATA[]]></item>
			<item id="typeid"><![CDATA[60]]></item>
			<item id="name"><![CDATA[二手房求购]]></item>
			<item id="icon"><![CDATA[]]></item>
			<item id="special"><![CDATA[1]]></item>
			<item id="modelid"><![CDATA[0]]></item>
			<item id="template"><![CDATA[<style type="text/css">
.ren_view_share.ren_view_footer { display: none; }
.ren_view_share.ren_view_foo { display: none; }
.rtj1009_m_main .ren_view_xxtop { display: none; }
.rtj1009_m_main .ren_view_ny .ren_lc_xx { display: none; }
.rtj1009_m_main .ren_view_ny .pi { overflow: initial; }
.rtj1009_m_main .message { overflow: initial; }
.rtj1009_m_main .ren_view_xf .ren_v_xftpxx { margin: -10px -10px 0 -10px; }
</style>
<div class="ren_view_xf ren_view_qz ren_view_esf ren_view_qgesf cl">
    <div class="ren_v_xfyiyxx">
    	<div class="ren_v_qzbtxx cl">
        	<h3>求购详情</h3>
        </div>
    	<ul class="ren_v_xfyinr cl">
        	<li class="ren_v_yinrsan cl">
            	<div class="ren_v_ban col"><span>期望价格</span><p>{esf_qgzj_value}万</p></div>
            	<div class="ren_v_ban"><span>期望类型</span><p>{erf_leixing_26_value}</p></div>
            </li>
            <li class="ren_v_yinrsan cl">
            	<div class="ren_v_ban"><span>期望区域</span><p>{esf_quyu_26_value}</p></div>
            	<div class="ren_v_ban"><span>意向楼盘</span><p>{esf_kjdd_value}</p></div>
            </li>
            <li class="ren_v_yinrsan cl">
            	<div class="ren_v_ban"><span>期望户型</span><p>{esf_fx_26_value}</p></div>
            	<div class="ren_v_ban"><span>意向面积</span><p>{esf_mianji_26_value}</p></div>
            </li>
            <li class="ren_v_yinrsan cl">
            	<div class="ren_v_ban"><span>期望楼层</span><p>{esf_loucheng_26_value}</p></div>
                <div class="ren_v_ban"><span>期望朝向</span><p>{esf_chaoxiang_26_value}</p></div>
            </li>
            <li class="ren_v_yinrsan cl">
            	<div class="ren_v_ban"><span>联系人</span><p>{esf_lxr_26_value}</p></div>
            	<div class="ren_v_ban col"><span>联系电话</span><p>{esf_lxdh_26_value}</p></div>
            </li>
            <li class="ren_v_yinrsan cl">
            	<div class="ren_v_ban ren_v_zfpt"><span>期望装修</span><p>{esf_qwzx_value}</p></div>
                <div class="ren_v_ban ren_v_zfpt ren_v_zfpt2"><span>期望配套</span><p>{esf_qtsm_26_value}</p></div>
            </li>
        </ul>
    </div>
</div>

<div class="ren_view_share ren_flxx_footer">
	<a href="tel:{esf_lxdh_26_value}" class="yi"><span>{esf_lxr_26_value}</span><em>{esf_lxdh_26_value}</em></a>
	<a href="tel:{esf_lxdh_26_value}" class="e"><i class="icon ren-font">&#xe6be;</i>电话</a>
	<a class="open-popup san" data-popup=".popup-view"><i class="icon ren-font">&#xe619;</i>评论</a>
	<a href="javascript:;" class="ren_share open-popup si" data-popup=".popup-share"><i class="icon ren-font">&#xe742;</i>分享</a>
</div>]]></item>
			<item id="stemplate"><![CDATA[<ul>
[loop]
    <li class="ren_fl_xf ren_fl_qg cl">
        <div class="ren_xf_xx">
            <div class="ren_xf_btxx ren_zf_btxx">
                <a href="{subject_url}" class="ren_xf_bt">{subject}</a>
            </div>
            
            <p class="ren_xf_wz">{erf_leixing_26_value}<span>|</span>{esf_fx_26_value}<span>|</span>{esf_mianji_26_value}平米<span>|</span>		{esf_qwzx_value}</p>
            <p class="ren_xf_tx">
                <a href="{subject_url}" class="ren_xf_hx">{esf_quyu_26_value}<span>|</span>{esf_kjdd_value}</a>
            </p>
            <p class="ren_xf_tag">
                <a href="{subject_url}" class="ren_esc_txx">{esf_lxr_26_value}<em>{dateline}</em></a>
            </p>
        </div>
        <div class="ren_price y">
            <p class="ren_pr_jg">
                <span class="ren_pr_jgsz">{esf_qgzj_value}</span><span class="ren_pr_jgdw">万</span>
            </p>
            <p class="ren_kong"></p>
            <p class="ren_tel"></p>
        </div>
    </li>
[/loop]
</ul>
]]></item>
			<item id="ptemplate"><![CDATA[]]></item>
			<item id="btemplate"><![CDATA[]]></item>
			<item id="sortid"><![CDATA[60]]></item>
			<item id="available"><![CDATA[1]]></item>
			<item id="required"><![CDATA[1]]></item>
			<item id="unchangeable"><![CDATA[0]]></item>
			<item id="search"><![CDATA[0]]></item>
			<item id="subjectshow"><![CDATA[1]]></item>
			<item id="tpdescription"><![CDATA[]]></item>
			<item id="ttdescription"><![CDATA[带*为必填选项]]></item>
			<item id="tpexpiration"><![CDATA[0]]></item>
			<item id="ttexpiration"><![CDATA[0]]></item>
			<item id="__protect">
				<item id="usergroup"><![CDATA[]]></item>
				<item id="verify"><![CDATA[]]></item>
			</item>
			<item id="__rules">
				<item id="choices"><![CDATA[1=1周
2=2周
3=1个月
4=2个月
5=3个月
6=长期]]></item>
			</item>
		</item>
		<item id="2">
			<item id="optionid"><![CDATA[1073]]></item>
			<item id="classid"><![CDATA[1]]></item>
			<item id="displayorder"><![CDATA[13]]></item>
			<item id="expiration"><![CDATA[0]]></item>
			<item id="title"><![CDATA[意向楼盘]]></item>
			<item id="description"><![CDATA[带*为必填选项]]></item>
			<item id="identifier"><![CDATA[esf_kjdd]]></item>
			<item id="type"><![CDATA[text]]></item>
			<item id="unit"><![CDATA[]]></item>
			<item id="permprompt"><![CDATA[]]></item>
			<item id="typeid"><![CDATA[60]]></item>
			<item id="name"><![CDATA[二手房求购]]></item>
			<item id="icon"><![CDATA[]]></item>
			<item id="special"><![CDATA[1]]></item>
			<item id="modelid"><![CDATA[0]]></item>
			<item id="template"><![CDATA[<style type="text/css">
.ren_view_share.ren_view_footer { display: none; }
.ren_view_share.ren_view_foo { display: none; }
.rtj1009_m_main .ren_view_xxtop { display: none; }
.rtj1009_m_main .ren_view_ny .ren_lc_xx { display: none; }
.rtj1009_m_main .ren_view_ny .pi { overflow: initial; }
.rtj1009_m_main .message { overflow: initial; }
.rtj1009_m_main .ren_view_xf .ren_v_xftpxx { margin: -10px -10px 0 -10px; }
</style>
<div class="ren_view_xf ren_view_qz ren_view_esf ren_view_qgesf cl">
    <div class="ren_v_xfyiyxx">
    	<div class="ren_v_qzbtxx cl">
        	<h3>求购详情</h3>
        </div>
    	<ul class="ren_v_xfyinr cl">
        	<li class="ren_v_yinrsan cl">
            	<div class="ren_v_ban col"><span>期望价格</span><p>{esf_qgzj_value}万</p></div>
            	<div class="ren_v_ban"><span>期望类型</span><p>{erf_leixing_26_value}</p></div>
            </li>
            <li class="ren_v_yinrsan cl">
            	<div class="ren_v_ban"><span>期望区域</span><p>{esf_quyu_26_value}</p></div>
            	<div class="ren_v_ban"><span>意向楼盘</span><p>{esf_kjdd_value}</p></div>
            </li>
            <li class="ren_v_yinrsan cl">
            	<div class="ren_v_ban"><span>期望户型</span><p>{esf_fx_26_value}</p></div>
            	<div class="ren_v_ban"><span>意向面积</span><p>{esf_mianji_26_value}</p></div>
            </li>
            <li class="ren_v_yinrsan cl">
            	<div class="ren_v_ban"><span>期望楼层</span><p>{esf_loucheng_26_value}</p></div>
                <div class="ren_v_ban"><span>期望朝向</span><p>{esf_chaoxiang_26_value}</p></div>
            </li>
            <li class="ren_v_yinrsan cl">
            	<div class="ren_v_ban"><span>联系人</span><p>{esf_lxr_26_value}</p></div>
            	<div class="ren_v_ban col"><span>联系电话</span><p>{esf_lxdh_26_value}</p></div>
            </li>
            <li class="ren_v_yinrsan cl">
            	<div class="ren_v_ban ren_v_zfpt"><span>期望装修</span><p>{esf_qwzx_value}</p></div>
                <div class="ren_v_ban ren_v_zfpt ren_v_zfpt2"><span>期望配套</span><p>{esf_qtsm_26_value}</p></div>
            </li>
        </ul>
    </div>
</div>

<div class="ren_view_share ren_flxx_footer">
	<a href="tel:{esf_lxdh_26_value}" class="yi"><span>{esf_lxr_26_value}</span><em>{esf_lxdh_26_value}</em></a>
	<a href="tel:{esf_lxdh_26_value}" class="e"><i class="icon ren-font">&#xe6be;</i>电话</a>
	<a class="open-popup san" data-popup=".popup-view"><i class="icon ren-font">&#xe619;</i>评论</a>
	<a href="javascript:;" class="ren_share open-popup si" data-popup=".popup-share"><i class="icon ren-font">&#xe742;</i>分享</a>
</div>]]></item>
			<item id="stemplate"><![CDATA[<ul>
[loop]
    <li class="ren_fl_xf ren_fl_qg cl">
        <div class="ren_xf_xx">
            <div class="ren_xf_btxx ren_zf_btxx">
                <a href="{subject_url}" class="ren_xf_bt">{subject}</a>
            </div>
            
            <p class="ren_xf_wz">{erf_leixing_26_value}<span>|</span>{esf_fx_26_value}<span>|</span>{esf_mianji_26_value}平米<span>|</span>		{esf_qwzx_value}</p>
            <p class="ren_xf_tx">
                <a href="{subject_url}" class="ren_xf_hx">{esf_quyu_26_value}<span>|</span>{esf_kjdd_value}</a>
            </p>
            <p class="ren_xf_tag">
                <a href="{subject_url}" class="ren_esc_txx">{esf_lxr_26_value}<em>{dateline}</em></a>
            </p>
        </div>
        <div class="ren_price y">
            <p class="ren_pr_jg">
                <span class="ren_pr_jgsz">{esf_qgzj_value}</span><span class="ren_pr_jgdw">万</span>
            </p>
            <p class="ren_kong"></p>
            <p class="ren_tel"></p>
        </div>
    </li>
[/loop]
</ul>
]]></item>
			<item id="ptemplate"><![CDATA[]]></item>
			<item id="btemplate"><![CDATA[]]></item>
			<item id="sortid"><![CDATA[60]]></item>
			<item id="available"><![CDATA[1]]></item>
			<item id="required"><![CDATA[0]]></item>
			<item id="unchangeable"><![CDATA[0]]></item>
			<item id="search"><![CDATA[0]]></item>
			<item id="subjectshow"><![CDATA[1]]></item>
			<item id="tpdescription"><![CDATA[]]></item>
			<item id="ttdescription"><![CDATA[带*为必填选项]]></item>
			<item id="tpexpiration"><![CDATA[0]]></item>
			<item id="ttexpiration"><![CDATA[0]]></item>
			<item id="__protect">
				<item id="status"><![CDATA[0]]></item>
				<item id="usergroup"><![CDATA[]]></item>
				<item id="verify"><![CDATA[]]></item>
			</item>
			<item id="__rules">
				<item id="maxlength"><![CDATA[]]></item>
				<item id="inputsize"><![CDATA[]]></item>
				<item id="profile"><![CDATA[]]></item>
				<item id="defaultvalue"><![CDATA[]]></item>
			</item>
		</item>
		<item id="3">
			<item id="optionid"><![CDATA[1074]]></item>
			<item id="classid"><![CDATA[1]]></item>
			<item id="displayorder"><![CDATA[3]]></item>
			<item id="expiration"><![CDATA[0]]></item>
			<item id="title"><![CDATA[期望户型]]></item>
			<item id="description"><![CDATA[带*为必填选项]]></item>
			<item id="identifier"><![CDATA[esf_fx_26]]></item>
			<item id="type"><![CDATA[text]]></item>
			<item id="unit"><![CDATA[]]></item>
			<item id="permprompt"><![CDATA[]]></item>
			<item id="typeid"><![CDATA[60]]></item>
			<item id="name"><![CDATA[二手房求购]]></item>
			<item id="icon"><![CDATA[]]></item>
			<item id="special"><![CDATA[1]]></item>
			<item id="modelid"><![CDATA[0]]></item>
			<item id="template"><![CDATA[<style type="text/css">
.ren_view_share.ren_view_footer { display: none; }
.ren_view_share.ren_view_foo { display: none; }
.rtj1009_m_main .ren_view_xxtop { display: none; }
.rtj1009_m_main .ren_view_ny .ren_lc_xx { display: none; }
.rtj1009_m_main .ren_view_ny .pi { overflow: initial; }
.rtj1009_m_main .message { overflow: initial; }
.rtj1009_m_main .ren_view_xf .ren_v_xftpxx { margin: -10px -10px 0 -10px; }
</style>
<div class="ren_view_xf ren_view_qz ren_view_esf ren_view_qgesf cl">
    <div class="ren_v_xfyiyxx">
    	<div class="ren_v_qzbtxx cl">
        	<h3>求购详情</h3>
        </div>
    	<ul class="ren_v_xfyinr cl">
        	<li class="ren_v_yinrsan cl">
            	<div class="ren_v_ban col"><span>期望价格</span><p>{esf_qgzj_value}万</p></div>
            	<div class="ren_v_ban"><span>期望类型</span><p>{erf_leixing_26_value}</p></div>
            </li>
            <li class="ren_v_yinrsan cl">
            	<div class="ren_v_ban"><span>期望区域</span><p>{esf_quyu_26_value}</p></div>
            	<div class="ren_v_ban"><span>意向楼盘</span><p>{esf_kjdd_value}</p></div>
            </li>
            <li class="ren_v_yinrsan cl">
            	<div class="ren_v_ban"><span>期望户型</span><p>{esf_fx_26_value}</p></div>
            	<div class="ren_v_ban"><span>意向面积</span><p>{esf_mianji_26_value}</p></div>
            </li>
            <li class="ren_v_yinrsan cl">
            	<div class="ren_v_ban"><span>期望楼层</span><p>{esf_loucheng_26_value}</p></div>
                <div class="ren_v_ban"><span>期望朝向</span><p>{esf_chaoxiang_26_value}</p></div>
            </li>
            <li class="ren_v_yinrsan cl">
            	<div class="ren_v_ban"><span>联系人</span><p>{esf_lxr_26_value}</p></div>
            	<div class="ren_v_ban col"><span>联系电话</span><p>{esf_lxdh_26_value}</p></div>
            </li>
            <li class="ren_v_yinrsan cl">
            	<div class="ren_v_ban ren_v_zfpt"><span>期望装修</span><p>{esf_qwzx_value}</p></div>
                <div class="ren_v_ban ren_v_zfpt ren_v_zfpt2"><span>期望配套</span><p>{esf_qtsm_26_value}</p></div>
            </li>
        </ul>
    </div>
</div>

<div class="ren_view_share ren_flxx_footer">
	<a href="tel:{esf_lxdh_26_value}" class="yi"><span>{esf_lxr_26_value}</span><em>{esf_lxdh_26_value}</em></a>
	<a href="tel:{esf_lxdh_26_value}" class="e"><i class="icon ren-font">&#xe6be;</i>电话</a>
	<a class="open-popup san" data-popup=".popup-view"><i class="icon ren-font">&#xe619;</i>评论</a>
	<a href="javascript:;" class="ren_share open-popup si" data-popup=".popup-share"><i class="icon ren-font">&#xe742;</i>分享</a>
</div>]]></item>
			<item id="stemplate"><![CDATA[<ul>
[loop]
    <li class="ren_fl_xf ren_fl_qg cl">
        <div class="ren_xf_xx">
            <div class="ren_xf_btxx ren_zf_btxx">
                <a href="{subject_url}" class="ren_xf_bt">{subject}</a>
            </div>
            
            <p class="ren_xf_wz">{erf_leixing_26_value}<span>|</span>{esf_fx_26_value}<span>|</span>{esf_mianji_26_value}平米<span>|</span>		{esf_qwzx_value}</p>
            <p class="ren_xf_tx">
                <a href="{subject_url}" class="ren_xf_hx">{esf_quyu_26_value}<span>|</span>{esf_kjdd_value}</a>
            </p>
            <p class="ren_xf_tag">
                <a href="{subject_url}" class="ren_esc_txx">{esf_lxr_26_value}<em>{dateline}</em></a>
            </p>
        </div>
        <div class="ren_price y">
            <p class="ren_pr_jg">
                <span class="ren_pr_jgsz">{esf_qgzj_value}</span><span class="ren_pr_jgdw">万</span>
            </p>
            <p class="ren_kong"></p>
            <p class="ren_tel"></p>
        </div>
    </li>
[/loop]
</ul>
]]></item>
			<item id="ptemplate"><![CDATA[]]></item>
			<item id="btemplate"><![CDATA[]]></item>
			<item id="sortid"><![CDATA[60]]></item>
			<item id="available"><![CDATA[1]]></item>
			<item id="required"><![CDATA[1]]></item>
			<item id="unchangeable"><![CDATA[0]]></item>
			<item id="search"><![CDATA[0]]></item>
			<item id="subjectshow"><![CDATA[1]]></item>
			<item id="tpdescription"><![CDATA[请输入户型，如：3房2厅2卫]]></item>
			<item id="ttdescription"><![CDATA[带*为必填选项]]></item>
			<item id="tpexpiration"><![CDATA[0]]></item>
			<item id="ttexpiration"><![CDATA[0]]></item>
			<item id="__protect">
				<item id="status"><![CDATA[0]]></item>
				<item id="usergroup"><![CDATA[]]></item>
				<item id="verify"><![CDATA[]]></item>
			</item>
			<item id="__rules">
				<item id="maxlength"><![CDATA[]]></item>
				<item id="inputsize"><![CDATA[]]></item>
				<item id="profile"><![CDATA[]]></item>
				<item id="defaultvalue"><![CDATA[]]></item>
			</item>
		</item>
		<item id="4">
			<item id="optionid"><![CDATA[1075]]></item>
			<item id="classid"><![CDATA[1]]></item>
			<item id="displayorder"><![CDATA[12]]></item>
			<item id="expiration"><![CDATA[0]]></item>
			<item id="protect"><![CDATA[]]></item>
			<item id="title"><![CDATA[联系电话]]></item>
			<item id="description"><![CDATA[带*为必填选项]]></item>
			<item id="identifier"><![CDATA[esf_lxdh_26]]></item>
			<item id="type"><![CDATA[number]]></item>
			<item id="unit"><![CDATA[]]></item>
			<item id="rules"><![CDATA[]]></item>
			<item id="permprompt"><![CDATA[]]></item>
			<item id="typeid"><![CDATA[60]]></item>
			<item id="name"><![CDATA[二手房求购]]></item>
			<item id="icon"><![CDATA[]]></item>
			<item id="special"><![CDATA[1]]></item>
			<item id="modelid"><![CDATA[0]]></item>
			<item id="template"><![CDATA[<style type="text/css">
.ren_view_share.ren_view_footer { display: none; }
.ren_view_share.ren_view_foo { display: none; }
.rtj1009_m_main .ren_view_xxtop { display: none; }
.rtj1009_m_main .ren_view_ny .ren_lc_xx { display: none; }
.rtj1009_m_main .ren_view_ny .pi { overflow: initial; }
.rtj1009_m_main .message { overflow: initial; }
.rtj1009_m_main .ren_view_xf .ren_v_xftpxx { margin: -10px -10px 0 -10px; }
</style>
<div class="ren_view_xf ren_view_qz ren_view_esf ren_view_qgesf cl">
    <div class="ren_v_xfyiyxx">
    	<div class="ren_v_qzbtxx cl">
        	<h3>求购详情</h3>
        </div>
    	<ul class="ren_v_xfyinr cl">
        	<li class="ren_v_yinrsan cl">
            	<div class="ren_v_ban col"><span>期望价格</span><p>{esf_qgzj_value}万</p></div>
            	<div class="ren_v_ban"><span>期望类型</span><p>{erf_leixing_26_value}</p></div>
            </li>
            <li class="ren_v_yinrsan cl">
            	<div class="ren_v_ban"><span>期望区域</span><p>{esf_quyu_26_value}</p></div>
            	<div class="ren_v_ban"><span>意向楼盘</span><p>{esf_kjdd_value}</p></div>
            </li>
            <li class="ren_v_yinrsan cl">
            	<div class="ren_v_ban"><span>期望户型</span><p>{esf_fx_26_value}</p></div>
            	<div class="ren_v_ban"><span>意向面积</span><p>{esf_mianji_26_value}</p></div>
            </li>
            <li class="ren_v_yinrsan cl">
            	<div class="ren_v_ban"><span>期望楼层</span><p>{esf_loucheng_26_value}</p></div>
                <div class="ren_v_ban"><span>期望朝向</span><p>{esf_chaoxiang_26_value}</p></div>
            </li>
            <li class="ren_v_yinrsan cl">
            	<div class="ren_v_ban"><span>联系人</span><p>{esf_lxr_26_value}</p></div>
            	<div class="ren_v_ban col"><span>联系电话</span><p>{esf_lxdh_26_value}</p></div>
            </li>
            <li class="ren_v_yinrsan cl">
            	<div class="ren_v_ban ren_v_zfpt"><span>期望装修</span><p>{esf_qwzx_value}</p></div>
                <div class="ren_v_ban ren_v_zfpt ren_v_zfpt2"><span>期望配套</span><p>{esf_qtsm_26_value}</p></div>
            </li>
        </ul>
    </div>
</div>

<div class="ren_view_share ren_flxx_footer">
	<a href="tel:{esf_lxdh_26_value}" class="yi"><span>{esf_lxr_26_value}</span><em>{esf_lxdh_26_value}</em></a>
	<a href="tel:{esf_lxdh_26_value}" class="e"><i class="icon ren-font">&#xe6be;</i>电话</a>
	<a class="open-popup san" data-popup=".popup-view"><i class="icon ren-font">&#xe619;</i>评论</a>
	<a href="javascript:;" class="ren_share open-popup si" data-popup=".popup-share"><i class="icon ren-font">&#xe742;</i>分享</a>
</div>]]></item>
			<item id="stemplate"><![CDATA[<ul>
[loop]
    <li class="ren_fl_xf ren_fl_qg cl">
        <div class="ren_xf_xx">
            <div class="ren_xf_btxx ren_zf_btxx">
                <a href="{subject_url}" class="ren_xf_bt">{subject}</a>
            </div>
            
            <p class="ren_xf_wz">{erf_leixing_26_value}<span>|</span>{esf_fx_26_value}<span>|</span>{esf_mianji_26_value}平米<span>|</span>		{esf_qwzx_value}</p>
            <p class="ren_xf_tx">
                <a href="{subject_url}" class="ren_xf_hx">{esf_quyu_26_value}<span>|</span>{esf_kjdd_value}</a>
            </p>
            <p class="ren_xf_tag">
                <a href="{subject_url}" class="ren_esc_txx">{esf_lxr_26_value}<em>{dateline}</em></a>
            </p>
        </div>
        <div class="ren_price y">
            <p class="ren_pr_jg">
                <span class="ren_pr_jgsz">{esf_qgzj_value}</span><span class="ren_pr_jgdw">万</span>
            </p>
            <p class="ren_kong"></p>
            <p class="ren_tel"></p>
        </div>
    </li>
[/loop]
</ul>
]]></item>
			<item id="ptemplate"><![CDATA[]]></item>
			<item id="btemplate"><![CDATA[]]></item>
			<item id="sortid"><![CDATA[60]]></item>
			<item id="available"><![CDATA[1]]></item>
			<item id="required"><![CDATA[1]]></item>
			<item id="unchangeable"><![CDATA[0]]></item>
			<item id="search"><![CDATA[0]]></item>
			<item id="subjectshow"><![CDATA[1]]></item>
			<item id="tpdescription"><![CDATA[]]></item>
			<item id="ttdescription"><![CDATA[带*为必填选项]]></item>
			<item id="tpexpiration"><![CDATA[0]]></item>
			<item id="ttexpiration"><![CDATA[0]]></item>
		</item>
		<item id="5">
			<item id="optionid"><![CDATA[1076]]></item>
			<item id="classid"><![CDATA[1]]></item>
			<item id="displayorder"><![CDATA[11]]></item>
			<item id="expiration"><![CDATA[0]]></item>
			<item id="protect"><![CDATA[]]></item>
			<item id="title"><![CDATA[联系人]]></item>
			<item id="description"><![CDATA[带*为必填选项]]></item>
			<item id="identifier"><![CDATA[esf_lxr_26]]></item>
			<item id="type"><![CDATA[text]]></item>
			<item id="unit"><![CDATA[]]></item>
			<item id="rules"><![CDATA[]]></item>
			<item id="permprompt"><![CDATA[]]></item>
			<item id="typeid"><![CDATA[60]]></item>
			<item id="name"><![CDATA[二手房求购]]></item>
			<item id="icon"><![CDATA[]]></item>
			<item id="special"><![CDATA[1]]></item>
			<item id="modelid"><![CDATA[0]]></item>
			<item id="template"><![CDATA[<style type="text/css">
.ren_view_share.ren_view_footer { display: none; }
.ren_view_share.ren_view_foo { display: none; }
.rtj1009_m_main .ren_view_xxtop { display: none; }
.rtj1009_m_main .ren_view_ny .ren_lc_xx { display: none; }
.rtj1009_m_main .ren_view_ny .pi { overflow: initial; }
.rtj1009_m_main .message { overflow: initial; }
.rtj1009_m_main .ren_view_xf .ren_v_xftpxx { margin: -10px -10px 0 -10px; }
</style>
<div class="ren_view_xf ren_view_qz ren_view_esf ren_view_qgesf cl">
    <div class="ren_v_xfyiyxx">
    	<div class="ren_v_qzbtxx cl">
        	<h3>求购详情</h3>
        </div>
    	<ul class="ren_v_xfyinr cl">
        	<li class="ren_v_yinrsan cl">
            	<div class="ren_v_ban col"><span>期望价格</span><p>{esf_qgzj_value}万</p></div>
            	<div class="ren_v_ban"><span>期望类型</span><p>{erf_leixing_26_value}</p></div>
            </li>
            <li class="ren_v_yinrsan cl">
            	<div class="ren_v_ban"><span>期望区域</span><p>{esf_quyu_26_value}</p></div>
            	<div class="ren_v_ban"><span>意向楼盘</span><p>{esf_kjdd_value}</p></div>
            </li>
            <li class="ren_v_yinrsan cl">
            	<div class="ren_v_ban"><span>期望户型</span><p>{esf_fx_26_value}</p></div>
            	<div class="ren_v_ban"><span>意向面积</span><p>{esf_mianji_26_value}</p></div>
            </li>
            <li class="ren_v_yinrsan cl">
            	<div class="ren_v_ban"><span>期望楼层</span><p>{esf_loucheng_26_value}</p></div>
                <div class="ren_v_ban"><span>期望朝向</span><p>{esf_chaoxiang_26_value}</p></div>
            </li>
            <li class="ren_v_yinrsan cl">
            	<div class="ren_v_ban"><span>联系人</span><p>{esf_lxr_26_value}</p></div>
            	<div class="ren_v_ban col"><span>联系电话</span><p>{esf_lxdh_26_value}</p></div>
            </li>
            <li class="ren_v_yinrsan cl">
            	<div class="ren_v_ban ren_v_zfpt"><span>期望装修</span><p>{esf_qwzx_value}</p></div>
                <div class="ren_v_ban ren_v_zfpt ren_v_zfpt2"><span>期望配套</span><p>{esf_qtsm_26_value}</p></div>
            </li>
        </ul>
    </div>
</div>

<div class="ren_view_share ren_flxx_footer">
	<a href="tel:{esf_lxdh_26_value}" class="yi"><span>{esf_lxr_26_value}</span><em>{esf_lxdh_26_value}</em></a>
	<a href="tel:{esf_lxdh_26_value}" class="e"><i class="icon ren-font">&#xe6be;</i>电话</a>
	<a class="open-popup san" data-popup=".popup-view"><i class="icon ren-font">&#xe619;</i>评论</a>
	<a href="javascript:;" class="ren_share open-popup si" data-popup=".popup-share"><i class="icon ren-font">&#xe742;</i>分享</a>
</div>]]></item>
			<item id="stemplate"><![CDATA[<ul>
[loop]
    <li class="ren_fl_xf ren_fl_qg cl">
        <div class="ren_xf_xx">
            <div class="ren_xf_btxx ren_zf_btxx">
                <a href="{subject_url}" class="ren_xf_bt">{subject}</a>
            </div>
            
            <p class="ren_xf_wz">{erf_leixing_26_value}<span>|</span>{esf_fx_26_value}<span>|</span>{esf_mianji_26_value}平米<span>|</span>		{esf_qwzx_value}</p>
            <p class="ren_xf_tx">
                <a href="{subject_url}" class="ren_xf_hx">{esf_quyu_26_value}<span>|</span>{esf_kjdd_value}</a>
            </p>
            <p class="ren_xf_tag">
                <a href="{subject_url}" class="ren_esc_txx">{esf_lxr_26_value}<em>{dateline}</em></a>
            </p>
        </div>
        <div class="ren_price y">
            <p class="ren_pr_jg">
                <span class="ren_pr_jgsz">{esf_qgzj_value}</span><span class="ren_pr_jgdw">万</span>
            </p>
            <p class="ren_kong"></p>
            <p class="ren_tel"></p>
        </div>
    </li>
[/loop]
</ul>
]]></item>
			<item id="ptemplate"><![CDATA[]]></item>
			<item id="btemplate"><![CDATA[]]></item>
			<item id="sortid"><![CDATA[60]]></item>
			<item id="available"><![CDATA[1]]></item>
			<item id="required"><![CDATA[1]]></item>
			<item id="unchangeable"><![CDATA[0]]></item>
			<item id="search"><![CDATA[0]]></item>
			<item id="subjectshow"><![CDATA[1]]></item>
			<item id="tpdescription"><![CDATA[]]></item>
			<item id="ttdescription"><![CDATA[带*为必填选项]]></item>
			<item id="tpexpiration"><![CDATA[0]]></item>
			<item id="ttexpiration"><![CDATA[0]]></item>
		</item>
		<item id="6">
			<item id="optionid"><![CDATA[1077]]></item>
			<item id="classid"><![CDATA[1]]></item>
			<item id="displayorder"><![CDATA[14]]></item>
			<item id="expiration"><![CDATA[0]]></item>
			<item id="title"><![CDATA[期望配套]]></item>
			<item id="description"><![CDATA[带*为必填选项]]></item>
			<item id="identifier"><![CDATA[esf_qtsm_26]]></item>
			<item id="type"><![CDATA[checkbox]]></item>
			<item id="unit"><![CDATA[]]></item>
			<item id="permprompt"><![CDATA[]]></item>
			<item id="typeid"><![CDATA[60]]></item>
			<item id="name"><![CDATA[二手房求购]]></item>
			<item id="icon"><![CDATA[]]></item>
			<item id="special"><![CDATA[1]]></item>
			<item id="modelid"><![CDATA[0]]></item>
			<item id="template"><![CDATA[<style type="text/css">
.ren_view_share.ren_view_footer { display: none; }
.ren_view_share.ren_view_foo { display: none; }
.rtj1009_m_main .ren_view_xxtop { display: none; }
.rtj1009_m_main .ren_view_ny .ren_lc_xx { display: none; }
.rtj1009_m_main .ren_view_ny .pi { overflow: initial; }
.rtj1009_m_main .message { overflow: initial; }
.rtj1009_m_main .ren_view_xf .ren_v_xftpxx { margin: -10px -10px 0 -10px; }
</style>
<div class="ren_view_xf ren_view_qz ren_view_esf ren_view_qgesf cl">
    <div class="ren_v_xfyiyxx">
    	<div class="ren_v_qzbtxx cl">
        	<h3>求购详情</h3>
        </div>
    	<ul class="ren_v_xfyinr cl">
        	<li class="ren_v_yinrsan cl">
            	<div class="ren_v_ban col"><span>期望价格</span><p>{esf_qgzj_value}万</p></div>
            	<div class="ren_v_ban"><span>期望类型</span><p>{erf_leixing_26_value}</p></div>
            </li>
            <li class="ren_v_yinrsan cl">
            	<div class="ren_v_ban"><span>期望区域</span><p>{esf_quyu_26_value}</p></div>
            	<div class="ren_v_ban"><span>意向楼盘</span><p>{esf_kjdd_value}</p></div>
            </li>
            <li class="ren_v_yinrsan cl">
            	<div class="ren_v_ban"><span>期望户型</span><p>{esf_fx_26_value}</p></div>
            	<div class="ren_v_ban"><span>意向面积</span><p>{esf_mianji_26_value}</p></div>
            </li>
            <li class="ren_v_yinrsan cl">
            	<div class="ren_v_ban"><span>期望楼层</span><p>{esf_loucheng_26_value}</p></div>
                <div class="ren_v_ban"><span>期望朝向</span><p>{esf_chaoxiang_26_value}</p></div>
            </li>
            <li class="ren_v_yinrsan cl">
            	<div class="ren_v_ban"><span>联系人</span><p>{esf_lxr_26_value}</p></div>
            	<div class="ren_v_ban col"><span>联系电话</span><p>{esf_lxdh_26_value}</p></div>
            </li>
            <li class="ren_v_yinrsan cl">
            	<div class="ren_v_ban ren_v_zfpt"><span>期望装修</span><p>{esf_qwzx_value}</p></div>
                <div class="ren_v_ban ren_v_zfpt ren_v_zfpt2"><span>期望配套</span><p>{esf_qtsm_26_value}</p></div>
            </li>
        </ul>
    </div>
</div>

<div class="ren_view_share ren_flxx_footer">
	<a href="tel:{esf_lxdh_26_value}" class="yi"><span>{esf_lxr_26_value}</span><em>{esf_lxdh_26_value}</em></a>
	<a href="tel:{esf_lxdh_26_value}" class="e"><i class="icon ren-font">&#xe6be;</i>电话</a>
	<a class="open-popup san" data-popup=".popup-view"><i class="icon ren-font">&#xe619;</i>评论</a>
	<a href="javascript:;" class="ren_share open-popup si" data-popup=".popup-share"><i class="icon ren-font">&#xe742;</i>分享</a>
</div>]]></item>
			<item id="stemplate"><![CDATA[<ul>
[loop]
    <li class="ren_fl_xf ren_fl_qg cl">
        <div class="ren_xf_xx">
            <div class="ren_xf_btxx ren_zf_btxx">
                <a href="{subject_url}" class="ren_xf_bt">{subject}</a>
            </div>
            
            <p class="ren_xf_wz">{erf_leixing_26_value}<span>|</span>{esf_fx_26_value}<span>|</span>{esf_mianji_26_value}平米<span>|</span>		{esf_qwzx_value}</p>
            <p class="ren_xf_tx">
                <a href="{subject_url}" class="ren_xf_hx">{esf_quyu_26_value}<span>|</span>{esf_kjdd_value}</a>
            </p>
            <p class="ren_xf_tag">
                <a href="{subject_url}" class="ren_esc_txx">{esf_lxr_26_value}<em>{dateline}</em></a>
            </p>
        </div>
        <div class="ren_price y">
            <p class="ren_pr_jg">
                <span class="ren_pr_jgsz">{esf_qgzj_value}</span><span class="ren_pr_jgdw">万</span>
            </p>
            <p class="ren_kong"></p>
            <p class="ren_tel"></p>
        </div>
    </li>
[/loop]
</ul>
]]></item>
			<item id="ptemplate"><![CDATA[]]></item>
			<item id="btemplate"><![CDATA[]]></item>
			<item id="sortid"><![CDATA[60]]></item>
			<item id="available"><![CDATA[1]]></item>
			<item id="required"><![CDATA[0]]></item>
			<item id="unchangeable"><![CDATA[0]]></item>
			<item id="search"><![CDATA[0]]></item>
			<item id="subjectshow"><![CDATA[1]]></item>
			<item id="tpdescription"><![CDATA[]]></item>
			<item id="ttdescription"><![CDATA[带*为必填选项]]></item>
			<item id="tpexpiration"><![CDATA[0]]></item>
			<item id="ttexpiration"><![CDATA[0]]></item>
			<item id="__protect">
				<item id="usergroup"><![CDATA[]]></item>
				<item id="verify"><![CDATA[]]></item>
			</item>
			<item id="__rules">
				<item id="choices"><![CDATA[1=<i>天燃气</i>
2=<i>储藏间</i>
3=<i>电梯</i>
4=<i>家具家电齐全</i>
5=<i>停车位</i>]]></item>
			</item>
		</item>
		<item id="7">
			<item id="optionid"><![CDATA[1078]]></item>
			<item id="classid"><![CDATA[1]]></item>
			<item id="displayorder"><![CDATA[10]]></item>
			<item id="expiration"><![CDATA[0]]></item>
			<item id="title"><![CDATA[期望装修]]></item>
			<item id="description"><![CDATA[带*为必填选项]]></item>
			<item id="identifier"><![CDATA[esf_qwzx]]></item>
			<item id="type"><![CDATA[radio]]></item>
			<item id="unit"><![CDATA[]]></item>
			<item id="permprompt"><![CDATA[]]></item>
			<item id="typeid"><![CDATA[60]]></item>
			<item id="name"><![CDATA[二手房求购]]></item>
			<item id="icon"><![CDATA[]]></item>
			<item id="special"><![CDATA[1]]></item>
			<item id="modelid"><![CDATA[0]]></item>
			<item id="template"><![CDATA[<style type="text/css">
.ren_view_share.ren_view_footer { display: none; }
.ren_view_share.ren_view_foo { display: none; }
.rtj1009_m_main .ren_view_xxtop { display: none; }
.rtj1009_m_main .ren_view_ny .ren_lc_xx { display: none; }
.rtj1009_m_main .ren_view_ny .pi { overflow: initial; }
.rtj1009_m_main .message { overflow: initial; }
.rtj1009_m_main .ren_view_xf .ren_v_xftpxx { margin: -10px -10px 0 -10px; }
</style>
<div class="ren_view_xf ren_view_qz ren_view_esf ren_view_qgesf cl">
    <div class="ren_v_xfyiyxx">
    	<div class="ren_v_qzbtxx cl">
        	<h3>求购详情</h3>
        </div>
    	<ul class="ren_v_xfyinr cl">
        	<li class="ren_v_yinrsan cl">
            	<div class="ren_v_ban col"><span>期望价格</span><p>{esf_qgzj_value}万</p></div>
            	<div class="ren_v_ban"><span>期望类型</span><p>{erf_leixing_26_value}</p></div>
            </li>
            <li class="ren_v_yinrsan cl">
            	<div class="ren_v_ban"><span>期望区域</span><p>{esf_quyu_26_value}</p></div>
            	<div class="ren_v_ban"><span>意向楼盘</span><p>{esf_kjdd_value}</p></div>
            </li>
            <li class="ren_v_yinrsan cl">
            	<div class="ren_v_ban"><span>期望户型</span><p>{esf_fx_26_value}</p></div>
            	<div class="ren_v_ban"><span>意向面积</span><p>{esf_mianji_26_value}</p></div>
            </li>
            <li class="ren_v_yinrsan cl">
            	<div class="ren_v_ban"><span>期望楼层</span><p>{esf_loucheng_26_value}</p></div>
                <div class="ren_v_ban"><span>期望朝向</span><p>{esf_chaoxiang_26_value}</p></div>
            </li>
            <li class="ren_v_yinrsan cl">
            	<div class="ren_v_ban"><span>联系人</span><p>{esf_lxr_26_value}</p></div>
            	<div class="ren_v_ban col"><span>联系电话</span><p>{esf_lxdh_26_value}</p></div>
            </li>
            <li class="ren_v_yinrsan cl">
            	<div class="ren_v_ban ren_v_zfpt"><span>期望装修</span><p>{esf_qwzx_value}</p></div>
                <div class="ren_v_ban ren_v_zfpt ren_v_zfpt2"><span>期望配套</span><p>{esf_qtsm_26_value}</p></div>
            </li>
        </ul>
    </div>
</div>

<div class="ren_view_share ren_flxx_footer">
	<a href="tel:{esf_lxdh_26_value}" class="yi"><span>{esf_lxr_26_value}</span><em>{esf_lxdh_26_value}</em></a>
	<a href="tel:{esf_lxdh_26_value}" class="e"><i class="icon ren-font">&#xe6be;</i>电话</a>
	<a class="open-popup san" data-popup=".popup-view"><i class="icon ren-font">&#xe619;</i>评论</a>
	<a href="javascript:;" class="ren_share open-popup si" data-popup=".popup-share"><i class="icon ren-font">&#xe742;</i>分享</a>
</div>]]></item>
			<item id="stemplate"><![CDATA[<ul>
[loop]
    <li class="ren_fl_xf ren_fl_qg cl">
        <div class="ren_xf_xx">
            <div class="ren_xf_btxx ren_zf_btxx">
                <a href="{subject_url}" class="ren_xf_bt">{subject}</a>
            </div>
            
            <p class="ren_xf_wz">{erf_leixing_26_value}<span>|</span>{esf_fx_26_value}<span>|</span>{esf_mianji_26_value}平米<span>|</span>		{esf_qwzx_value}</p>
            <p class="ren_xf_tx">
                <a href="{subject_url}" class="ren_xf_hx">{esf_quyu_26_value}<span>|</span>{esf_kjdd_value}</a>
            </p>
            <p class="ren_xf_tag">
                <a href="{subject_url}" class="ren_esc_txx">{esf_lxr_26_value}<em>{dateline}</em></a>
            </p>
        </div>
        <div class="ren_price y">
            <p class="ren_pr_jg">
                <span class="ren_pr_jgsz">{esf_qgzj_value}</span><span class="ren_pr_jgdw">万</span>
            </p>
            <p class="ren_kong"></p>
            <p class="ren_tel"></p>
        </div>
    </li>
[/loop]
</ul>
]]></item>
			<item id="ptemplate"><![CDATA[]]></item>
			<item id="btemplate"><![CDATA[]]></item>
			<item id="sortid"><![CDATA[60]]></item>
			<item id="available"><![CDATA[1]]></item>
			<item id="required"><![CDATA[1]]></item>
			<item id="unchangeable"><![CDATA[0]]></item>
			<item id="search"><![CDATA[0]]></item>
			<item id="subjectshow"><![CDATA[1]]></item>
			<item id="tpdescription"><![CDATA[]]></item>
			<item id="ttdescription"><![CDATA[带*为必填选项]]></item>
			<item id="tpexpiration"><![CDATA[0]]></item>
			<item id="ttexpiration"><![CDATA[0]]></item>
			<item id="__protect">
				<item id="usergroup"><![CDATA[]]></item>
				<item id="verify"><![CDATA[]]></item>
			</item>
			<item id="__rules">
				<item id="choices"><![CDATA[1=毛坯
2=普通装修
3=中等装修
4=精装修
5=豪华装修]]></item>
			</item>
		</item>
		<item id="8">
			<item id="optionid"><![CDATA[1079]]></item>
			<item id="classid"><![CDATA[1]]></item>
			<item id="displayorder"><![CDATA[9]]></item>
			<item id="expiration"><![CDATA[0]]></item>
			<item id="title"><![CDATA[期望朝向]]></item>
			<item id="description"><![CDATA[带*为必填选项]]></item>
			<item id="identifier"><![CDATA[esf_chaoxiang_26]]></item>
			<item id="type"><![CDATA[select]]></item>
			<item id="unit"><![CDATA[]]></item>
			<item id="permprompt"><![CDATA[]]></item>
			<item id="typeid"><![CDATA[60]]></item>
			<item id="name"><![CDATA[二手房求购]]></item>
			<item id="icon"><![CDATA[]]></item>
			<item id="special"><![CDATA[1]]></item>
			<item id="modelid"><![CDATA[0]]></item>
			<item id="template"><![CDATA[<style type="text/css">
.ren_view_share.ren_view_footer { display: none; }
.ren_view_share.ren_view_foo { display: none; }
.rtj1009_m_main .ren_view_xxtop { display: none; }
.rtj1009_m_main .ren_view_ny .ren_lc_xx { display: none; }
.rtj1009_m_main .ren_view_ny .pi { overflow: initial; }
.rtj1009_m_main .message { overflow: initial; }
.rtj1009_m_main .ren_view_xf .ren_v_xftpxx { margin: -10px -10px 0 -10px; }
</style>
<div class="ren_view_xf ren_view_qz ren_view_esf ren_view_qgesf cl">
    <div class="ren_v_xfyiyxx">
    	<div class="ren_v_qzbtxx cl">
        	<h3>求购详情</h3>
        </div>
    	<ul class="ren_v_xfyinr cl">
        	<li class="ren_v_yinrsan cl">
            	<div class="ren_v_ban col"><span>期望价格</span><p>{esf_qgzj_value}万</p></div>
            	<div class="ren_v_ban"><span>期望类型</span><p>{erf_leixing_26_value}</p></div>
            </li>
            <li class="ren_v_yinrsan cl">
            	<div class="ren_v_ban"><span>期望区域</span><p>{esf_quyu_26_value}</p></div>
            	<div class="ren_v_ban"><span>意向楼盘</span><p>{esf_kjdd_value}</p></div>
            </li>
            <li class="ren_v_yinrsan cl">
            	<div class="ren_v_ban"><span>期望户型</span><p>{esf_fx_26_value}</p></div>
            	<div class="ren_v_ban"><span>意向面积</span><p>{esf_mianji_26_value}</p></div>
            </li>
            <li class="ren_v_yinrsan cl">
            	<div class="ren_v_ban"><span>期望楼层</span><p>{esf_loucheng_26_value}</p></div>
                <div class="ren_v_ban"><span>期望朝向</span><p>{esf_chaoxiang_26_value}</p></div>
            </li>
            <li class="ren_v_yinrsan cl">
            	<div class="ren_v_ban"><span>联系人</span><p>{esf_lxr_26_value}</p></div>
            	<div class="ren_v_ban col"><span>联系电话</span><p>{esf_lxdh_26_value}</p></div>
            </li>
            <li class="ren_v_yinrsan cl">
            	<div class="ren_v_ban ren_v_zfpt"><span>期望装修</span><p>{esf_qwzx_value}</p></div>
                <div class="ren_v_ban ren_v_zfpt ren_v_zfpt2"><span>期望配套</span><p>{esf_qtsm_26_value}</p></div>
            </li>
        </ul>
    </div>
</div>

<div class="ren_view_share ren_flxx_footer">
	<a href="tel:{esf_lxdh_26_value}" class="yi"><span>{esf_lxr_26_value}</span><em>{esf_lxdh_26_value}</em></a>
	<a href="tel:{esf_lxdh_26_value}" class="e"><i class="icon ren-font">&#xe6be;</i>电话</a>
	<a class="open-popup san" data-popup=".popup-view"><i class="icon ren-font">&#xe619;</i>评论</a>
	<a href="javascript:;" class="ren_share open-popup si" data-popup=".popup-share"><i class="icon ren-font">&#xe742;</i>分享</a>
</div>]]></item>
			<item id="stemplate"><![CDATA[<ul>
[loop]
    <li class="ren_fl_xf ren_fl_qg cl">
        <div class="ren_xf_xx">
            <div class="ren_xf_btxx ren_zf_btxx">
                <a href="{subject_url}" class="ren_xf_bt">{subject}</a>
            </div>
            
            <p class="ren_xf_wz">{erf_leixing_26_value}<span>|</span>{esf_fx_26_value}<span>|</span>{esf_mianji_26_value}平米<span>|</span>		{esf_qwzx_value}</p>
            <p class="ren_xf_tx">
                <a href="{subject_url}" class="ren_xf_hx">{esf_quyu_26_value}<span>|</span>{esf_kjdd_value}</a>
            </p>
            <p class="ren_xf_tag">
                <a href="{subject_url}" class="ren_esc_txx">{esf_lxr_26_value}<em>{dateline}</em></a>
            </p>
        </div>
        <div class="ren_price y">
            <p class="ren_pr_jg">
                <span class="ren_pr_jgsz">{esf_qgzj_value}</span><span class="ren_pr_jgdw">万</span>
            </p>
            <p class="ren_kong"></p>
            <p class="ren_tel"></p>
        </div>
    </li>
[/loop]
</ul>
]]></item>
			<item id="ptemplate"><![CDATA[]]></item>
			<item id="btemplate"><![CDATA[]]></item>
			<item id="sortid"><![CDATA[60]]></item>
			<item id="available"><![CDATA[1]]></item>
			<item id="required"><![CDATA[1]]></item>
			<item id="unchangeable"><![CDATA[0]]></item>
			<item id="search"><![CDATA[0]]></item>
			<item id="subjectshow"><![CDATA[1]]></item>
			<item id="tpdescription"><![CDATA[]]></item>
			<item id="ttdescription"><![CDATA[带*为必填选项]]></item>
			<item id="tpexpiration"><![CDATA[0]]></item>
			<item id="ttexpiration"><![CDATA[0]]></item>
			<item id="__protect">
				<item id="usergroup"><![CDATA[]]></item>
				<item id="verify"><![CDATA[]]></item>
			</item>
			<item id="__rules">
				<item id="choices"><![CDATA[1=南北
2=东南
3=东北
4=西南
5=西北
6=东
7=南
8=西
9=北
10=不限]]></item>
				<item id="inputsize"><![CDATA[]]></item>
			</item>
		</item>
		<item id="9">
			<item id="optionid"><![CDATA[1080]]></item>
			<item id="classid"><![CDATA[1]]></item>
			<item id="displayorder"><![CDATA[8]]></item>
			<item id="expiration"><![CDATA[0]]></item>
			<item id="title"><![CDATA[期望楼层]]></item>
			<item id="description"><![CDATA[带*为必填选项]]></item>
			<item id="identifier"><![CDATA[esf_loucheng_26]]></item>
			<item id="type"><![CDATA[text]]></item>
			<item id="unit"><![CDATA[]]></item>
			<item id="permprompt"><![CDATA[]]></item>
			<item id="typeid"><![CDATA[60]]></item>
			<item id="name"><![CDATA[二手房求购]]></item>
			<item id="icon"><![CDATA[]]></item>
			<item id="special"><![CDATA[1]]></item>
			<item id="modelid"><![CDATA[0]]></item>
			<item id="template"><![CDATA[<style type="text/css">
.ren_view_share.ren_view_footer { display: none; }
.ren_view_share.ren_view_foo { display: none; }
.rtj1009_m_main .ren_view_xxtop { display: none; }
.rtj1009_m_main .ren_view_ny .ren_lc_xx { display: none; }
.rtj1009_m_main .ren_view_ny .pi { overflow: initial; }
.rtj1009_m_main .message { overflow: initial; }
.rtj1009_m_main .ren_view_xf .ren_v_xftpxx { margin: -10px -10px 0 -10px; }
</style>
<div class="ren_view_xf ren_view_qz ren_view_esf ren_view_qgesf cl">
    <div class="ren_v_xfyiyxx">
    	<div class="ren_v_qzbtxx cl">
        	<h3>求购详情</h3>
        </div>
    	<ul class="ren_v_xfyinr cl">
        	<li class="ren_v_yinrsan cl">
            	<div class="ren_v_ban col"><span>期望价格</span><p>{esf_qgzj_value}万</p></div>
            	<div class="ren_v_ban"><span>期望类型</span><p>{erf_leixing_26_value}</p></div>
            </li>
            <li class="ren_v_yinrsan cl">
            	<div class="ren_v_ban"><span>期望区域</span><p>{esf_quyu_26_value}</p></div>
            	<div class="ren_v_ban"><span>意向楼盘</span><p>{esf_kjdd_value}</p></div>
            </li>
            <li class="ren_v_yinrsan cl">
            	<div class="ren_v_ban"><span>期望户型</span><p>{esf_fx_26_value}</p></div>
            	<div class="ren_v_ban"><span>意向面积</span><p>{esf_mianji_26_value}</p></div>
            </li>
            <li class="ren_v_yinrsan cl">
            	<div class="ren_v_ban"><span>期望楼层</span><p>{esf_loucheng_26_value}</p></div>
                <div class="ren_v_ban"><span>期望朝向</span><p>{esf_chaoxiang_26_value}</p></div>
            </li>
            <li class="ren_v_yinrsan cl">
            	<div class="ren_v_ban"><span>联系人</span><p>{esf_lxr_26_value}</p></div>
            	<div class="ren_v_ban col"><span>联系电话</span><p>{esf_lxdh_26_value}</p></div>
            </li>
            <li class="ren_v_yinrsan cl">
            	<div class="ren_v_ban ren_v_zfpt"><span>期望装修</span><p>{esf_qwzx_value}</p></div>
                <div class="ren_v_ban ren_v_zfpt ren_v_zfpt2"><span>期望配套</span><p>{esf_qtsm_26_value}</p></div>
            </li>
        </ul>
    </div>
</div>

<div class="ren_view_share ren_flxx_footer">
	<a href="tel:{esf_lxdh_26_value}" class="yi"><span>{esf_lxr_26_value}</span><em>{esf_lxdh_26_value}</em></a>
	<a href="tel:{esf_lxdh_26_value}" class="e"><i class="icon ren-font">&#xe6be;</i>电话</a>
	<a class="open-popup san" data-popup=".popup-view"><i class="icon ren-font">&#xe619;</i>评论</a>
	<a href="javascript:;" class="ren_share open-popup si" data-popup=".popup-share"><i class="icon ren-font">&#xe742;</i>分享</a>
</div>]]></item>
			<item id="stemplate"><![CDATA[<ul>
[loop]
    <li class="ren_fl_xf ren_fl_qg cl">
        <div class="ren_xf_xx">
            <div class="ren_xf_btxx ren_zf_btxx">
                <a href="{subject_url}" class="ren_xf_bt">{subject}</a>
            </div>
            
            <p class="ren_xf_wz">{erf_leixing_26_value}<span>|</span>{esf_fx_26_value}<span>|</span>{esf_mianji_26_value}平米<span>|</span>		{esf_qwzx_value}</p>
            <p class="ren_xf_tx">
                <a href="{subject_url}" class="ren_xf_hx">{esf_quyu_26_value}<span>|</span>{esf_kjdd_value}</a>
            </p>
            <p class="ren_xf_tag">
                <a href="{subject_url}" class="ren_esc_txx">{esf_lxr_26_value}<em>{dateline}</em></a>
            </p>
        </div>
        <div class="ren_price y">
            <p class="ren_pr_jg">
                <span class="ren_pr_jgsz">{esf_qgzj_value}</span><span class="ren_pr_jgdw">万</span>
            </p>
            <p class="ren_kong"></p>
            <p class="ren_tel"></p>
        </div>
    </li>
[/loop]
</ul>
]]></item>
			<item id="ptemplate"><![CDATA[]]></item>
			<item id="btemplate"><![CDATA[]]></item>
			<item id="sortid"><![CDATA[60]]></item>
			<item id="available"><![CDATA[1]]></item>
			<item id="required"><![CDATA[1]]></item>
			<item id="unchangeable"><![CDATA[0]]></item>
			<item id="search"><![CDATA[0]]></item>
			<item id="subjectshow"><![CDATA[1]]></item>
			<item id="tpdescription"><![CDATA[例如：30层以内]]></item>
			<item id="ttdescription"><![CDATA[带*为必填选项]]></item>
			<item id="tpexpiration"><![CDATA[0]]></item>
			<item id="ttexpiration"><![CDATA[0]]></item>
			<item id="__protect">
				<item id="status"><![CDATA[0]]></item>
				<item id="usergroup"><![CDATA[]]></item>
				<item id="verify"><![CDATA[]]></item>
			</item>
			<item id="__rules">
				<item id="maxlength"><![CDATA[]]></item>
				<item id="inputsize"><![CDATA[]]></item>
				<item id="profile"><![CDATA[]]></item>
				<item id="defaultvalue"><![CDATA[]]></item>
			</item>
		</item>
		<item id="10">
			<item id="optionid"><![CDATA[1081]]></item>
			<item id="classid"><![CDATA[1]]></item>
			<item id="displayorder"><![CDATA[7]]></item>
			<item id="expiration"><![CDATA[0]]></item>
			<item id="title"><![CDATA[建筑年代]]></item>
			<item id="description"><![CDATA[带*为必填选项]]></item>
			<item id="identifier"><![CDATA[esf_fangling_26]]></item>
			<item id="type"><![CDATA[select]]></item>
			<item id="unit"><![CDATA[]]></item>
			<item id="permprompt"><![CDATA[]]></item>
			<item id="typeid"><![CDATA[60]]></item>
			<item id="name"><![CDATA[二手房求购]]></item>
			<item id="icon"><![CDATA[]]></item>
			<item id="special"><![CDATA[1]]></item>
			<item id="modelid"><![CDATA[0]]></item>
			<item id="template"><![CDATA[<style type="text/css">
.ren_view_share.ren_view_footer { display: none; }
.ren_view_share.ren_view_foo { display: none; }
.rtj1009_m_main .ren_view_xxtop { display: none; }
.rtj1009_m_main .ren_view_ny .ren_lc_xx { display: none; }
.rtj1009_m_main .ren_view_ny .pi { overflow: initial; }
.rtj1009_m_main .message { overflow: initial; }
.rtj1009_m_main .ren_view_xf .ren_v_xftpxx { margin: -10px -10px 0 -10px; }
</style>
<div class="ren_view_xf ren_view_qz ren_view_esf ren_view_qgesf cl">
    <div class="ren_v_xfyiyxx">
    	<div class="ren_v_qzbtxx cl">
        	<h3>求购详情</h3>
        </div>
    	<ul class="ren_v_xfyinr cl">
        	<li class="ren_v_yinrsan cl">
            	<div class="ren_v_ban col"><span>期望价格</span><p>{esf_qgzj_value}万</p></div>
            	<div class="ren_v_ban"><span>期望类型</span><p>{erf_leixing_26_value}</p></div>
            </li>
            <li class="ren_v_yinrsan cl">
            	<div class="ren_v_ban"><span>期望区域</span><p>{esf_quyu_26_value}</p></div>
            	<div class="ren_v_ban"><span>意向楼盘</span><p>{esf_kjdd_value}</p></div>
            </li>
            <li class="ren_v_yinrsan cl">
            	<div class="ren_v_ban"><span>期望户型</span><p>{esf_fx_26_value}</p></div>
            	<div class="ren_v_ban"><span>意向面积</span><p>{esf_mianji_26_value}</p></div>
            </li>
            <li class="ren_v_yinrsan cl">
            	<div class="ren_v_ban"><span>期望楼层</span><p>{esf_loucheng_26_value}</p></div>
                <div class="ren_v_ban"><span>期望朝向</span><p>{esf_chaoxiang_26_value}</p></div>
            </li>
            <li class="ren_v_yinrsan cl">
            	<div class="ren_v_ban"><span>联系人</span><p>{esf_lxr_26_value}</p></div>
            	<div class="ren_v_ban col"><span>联系电话</span><p>{esf_lxdh_26_value}</p></div>
            </li>
            <li class="ren_v_yinrsan cl">
            	<div class="ren_v_ban ren_v_zfpt"><span>期望装修</span><p>{esf_qwzx_value}</p></div>
                <div class="ren_v_ban ren_v_zfpt ren_v_zfpt2"><span>期望配套</span><p>{esf_qtsm_26_value}</p></div>
            </li>
        </ul>
    </div>
</div>

<div class="ren_view_share ren_flxx_footer">
	<a href="tel:{esf_lxdh_26_value}" class="yi"><span>{esf_lxr_26_value}</span><em>{esf_lxdh_26_value}</em></a>
	<a href="tel:{esf_lxdh_26_value}" class="e"><i class="icon ren-font">&#xe6be;</i>电话</a>
	<a class="open-popup san" data-popup=".popup-view"><i class="icon ren-font">&#xe619;</i>评论</a>
	<a href="javascript:;" class="ren_share open-popup si" data-popup=".popup-share"><i class="icon ren-font">&#xe742;</i>分享</a>
</div>]]></item>
			<item id="stemplate"><![CDATA[<ul>
[loop]
    <li class="ren_fl_xf ren_fl_qg cl">
        <div class="ren_xf_xx">
            <div class="ren_xf_btxx ren_zf_btxx">
                <a href="{subject_url}" class="ren_xf_bt">{subject}</a>
            </div>
            
            <p class="ren_xf_wz">{erf_leixing_26_value}<span>|</span>{esf_fx_26_value}<span>|</span>{esf_mianji_26_value}平米<span>|</span>		{esf_qwzx_value}</p>
            <p class="ren_xf_tx">
                <a href="{subject_url}" class="ren_xf_hx">{esf_quyu_26_value}<span>|</span>{esf_kjdd_value}</a>
            </p>
            <p class="ren_xf_tag">
                <a href="{subject_url}" class="ren_esc_txx">{esf_lxr_26_value}<em>{dateline}</em></a>
            </p>
        </div>
        <div class="ren_price y">
            <p class="ren_pr_jg">
                <span class="ren_pr_jgsz">{esf_qgzj_value}</span><span class="ren_pr_jgdw">万</span>
            </p>
            <p class="ren_kong"></p>
            <p class="ren_tel"></p>
        </div>
    </li>
[/loop]
</ul>
]]></item>
			<item id="ptemplate"><![CDATA[]]></item>
			<item id="btemplate"><![CDATA[]]></item>
			<item id="sortid"><![CDATA[60]]></item>
			<item id="available"><![CDATA[1]]></item>
			<item id="required"><![CDATA[0]]></item>
			<item id="unchangeable"><![CDATA[0]]></item>
			<item id="search"><![CDATA[0]]></item>
			<item id="subjectshow"><![CDATA[1]]></item>
			<item id="tpdescription"><![CDATA[]]></item>
			<item id="ttdescription"><![CDATA[带*为必填选项]]></item>
			<item id="tpexpiration"><![CDATA[0]]></item>
			<item id="ttexpiration"><![CDATA[0]]></item>
			<item id="__protect">
				<item id="usergroup"><![CDATA[]]></item>
				<item id="verify"><![CDATA[]]></item>
			</item>
			<item id="__rules">
				<item id="choices"><![CDATA[1=2001年以前
2=2002年-2008年
3=2009年-2015年
4=2016年
5=2017年]]></item>
				<item id="inputsize"><![CDATA[]]></item>
			</item>
		</item>
		<item id="11">
			<item id="optionid"><![CDATA[1082]]></item>
			<item id="classid"><![CDATA[1]]></item>
			<item id="displayorder"><![CDATA[2]]></item>
			<item id="expiration"><![CDATA[0]]></item>
			<item id="title"><![CDATA[期望户型]]></item>
			<item id="description"><![CDATA[带*为必填选项]]></item>
			<item id="identifier"><![CDATA[esf_huxing_26]]></item>
			<item id="type"><![CDATA[select]]></item>
			<item id="unit"><![CDATA[]]></item>
			<item id="permprompt"><![CDATA[]]></item>
			<item id="typeid"><![CDATA[60]]></item>
			<item id="name"><![CDATA[二手房求购]]></item>
			<item id="icon"><![CDATA[]]></item>
			<item id="special"><![CDATA[1]]></item>
			<item id="modelid"><![CDATA[0]]></item>
			<item id="template"><![CDATA[<style type="text/css">
.ren_view_share.ren_view_footer { display: none; }
.ren_view_share.ren_view_foo { display: none; }
.rtj1009_m_main .ren_view_xxtop { display: none; }
.rtj1009_m_main .ren_view_ny .ren_lc_xx { display: none; }
.rtj1009_m_main .ren_view_ny .pi { overflow: initial; }
.rtj1009_m_main .message { overflow: initial; }
.rtj1009_m_main .ren_view_xf .ren_v_xftpxx { margin: -10px -10px 0 -10px; }
</style>
<div class="ren_view_xf ren_view_qz ren_view_esf ren_view_qgesf cl">
    <div class="ren_v_xfyiyxx">
    	<div class="ren_v_qzbtxx cl">
        	<h3>求购详情</h3>
        </div>
    	<ul class="ren_v_xfyinr cl">
        	<li class="ren_v_yinrsan cl">
            	<div class="ren_v_ban col"><span>期望价格</span><p>{esf_qgzj_value}万</p></div>
            	<div class="ren_v_ban"><span>期望类型</span><p>{erf_leixing_26_value}</p></div>
            </li>
            <li class="ren_v_yinrsan cl">
            	<div class="ren_v_ban"><span>期望区域</span><p>{esf_quyu_26_value}</p></div>
            	<div class="ren_v_ban"><span>意向楼盘</span><p>{esf_kjdd_value}</p></div>
            </li>
            <li class="ren_v_yinrsan cl">
            	<div class="ren_v_ban"><span>期望户型</span><p>{esf_fx_26_value}</p></div>
            	<div class="ren_v_ban"><span>意向面积</span><p>{esf_mianji_26_value}</p></div>
            </li>
            <li class="ren_v_yinrsan cl">
            	<div class="ren_v_ban"><span>期望楼层</span><p>{esf_loucheng_26_value}</p></div>
                <div class="ren_v_ban"><span>期望朝向</span><p>{esf_chaoxiang_26_value}</p></div>
            </li>
            <li class="ren_v_yinrsan cl">
            	<div class="ren_v_ban"><span>联系人</span><p>{esf_lxr_26_value}</p></div>
            	<div class="ren_v_ban col"><span>联系电话</span><p>{esf_lxdh_26_value}</p></div>
            </li>
            <li class="ren_v_yinrsan cl">
            	<div class="ren_v_ban ren_v_zfpt"><span>期望装修</span><p>{esf_qwzx_value}</p></div>
                <div class="ren_v_ban ren_v_zfpt ren_v_zfpt2"><span>期望配套</span><p>{esf_qtsm_26_value}</p></div>
            </li>
        </ul>
    </div>
</div>

<div class="ren_view_share ren_flxx_footer">
	<a href="tel:{esf_lxdh_26_value}" class="yi"><span>{esf_lxr_26_value}</span><em>{esf_lxdh_26_value}</em></a>
	<a href="tel:{esf_lxdh_26_value}" class="e"><i class="icon ren-font">&#xe6be;</i>电话</a>
	<a class="open-popup san" data-popup=".popup-view"><i class="icon ren-font">&#xe619;</i>评论</a>
	<a href="javascript:;" class="ren_share open-popup si" data-popup=".popup-share"><i class="icon ren-font">&#xe742;</i>分享</a>
</div>]]></item>
			<item id="stemplate"><![CDATA[<ul>
[loop]
    <li class="ren_fl_xf ren_fl_qg cl">
        <div class="ren_xf_xx">
            <div class="ren_xf_btxx ren_zf_btxx">
                <a href="{subject_url}" class="ren_xf_bt">{subject}</a>
            </div>
            
            <p class="ren_xf_wz">{erf_leixing_26_value}<span>|</span>{esf_fx_26_value}<span>|</span>{esf_mianji_26_value}平米<span>|</span>		{esf_qwzx_value}</p>
            <p class="ren_xf_tx">
                <a href="{subject_url}" class="ren_xf_hx">{esf_quyu_26_value}<span>|</span>{esf_kjdd_value}</a>
            </p>
            <p class="ren_xf_tag">
                <a href="{subject_url}" class="ren_esc_txx">{esf_lxr_26_value}<em>{dateline}</em></a>
            </p>
        </div>
        <div class="ren_price y">
            <p class="ren_pr_jg">
                <span class="ren_pr_jgsz">{esf_qgzj_value}</span><span class="ren_pr_jgdw">万</span>
            </p>
            <p class="ren_kong"></p>
            <p class="ren_tel"></p>
        </div>
    </li>
[/loop]
</ul>
]]></item>
			<item id="ptemplate"><![CDATA[]]></item>
			<item id="btemplate"><![CDATA[]]></item>
			<item id="sortid"><![CDATA[60]]></item>
			<item id="available"><![CDATA[1]]></item>
			<item id="required"><![CDATA[1]]></item>
			<item id="unchangeable"><![CDATA[0]]></item>
			<item id="search"><![CDATA[2]]></item>
			<item id="subjectshow"><![CDATA[1]]></item>
			<item id="tpdescription"><![CDATA[请选择户型，如：两室，与下方户型对应]]></item>
			<item id="ttdescription"><![CDATA[带*为必填选项]]></item>
			<item id="tpexpiration"><![CDATA[0]]></item>
			<item id="ttexpiration"><![CDATA[0]]></item>
			<item id="__protect">
				<item id="usergroup"><![CDATA[]]></item>
				<item id="verify"><![CDATA[]]></item>
			</item>
			<item id="__rules">
				<item id="choices"><![CDATA[1=一室
2=两室
3=三室
4=四室
5=五室
6=五室以上]]></item>
				<item id="inputsize"><![CDATA[]]></item>
			</item>
		</item>
		<item id="12">
			<item id="optionid"><![CDATA[1083]]></item>
			<item id="classid"><![CDATA[1]]></item>
			<item id="displayorder"><![CDATA[1]]></item>
			<item id="expiration"><![CDATA[0]]></item>
			<item id="title"><![CDATA[期望类型]]></item>
			<item id="description"><![CDATA[带*为必填选项]]></item>
			<item id="identifier"><![CDATA[erf_leixing_26]]></item>
			<item id="type"><![CDATA[radio]]></item>
			<item id="unit"><![CDATA[]]></item>
			<item id="permprompt"><![CDATA[]]></item>
			<item id="typeid"><![CDATA[60]]></item>
			<item id="name"><![CDATA[二手房求购]]></item>
			<item id="icon"><![CDATA[]]></item>
			<item id="special"><![CDATA[1]]></item>
			<item id="modelid"><![CDATA[0]]></item>
			<item id="template"><![CDATA[<style type="text/css">
.ren_view_share.ren_view_footer { display: none; }
.ren_view_share.ren_view_foo { display: none; }
.rtj1009_m_main .ren_view_xxtop { display: none; }
.rtj1009_m_main .ren_view_ny .ren_lc_xx { display: none; }
.rtj1009_m_main .ren_view_ny .pi { overflow: initial; }
.rtj1009_m_main .message { overflow: initial; }
.rtj1009_m_main .ren_view_xf .ren_v_xftpxx { margin: -10px -10px 0 -10px; }
</style>
<div class="ren_view_xf ren_view_qz ren_view_esf ren_view_qgesf cl">
    <div class="ren_v_xfyiyxx">
    	<div class="ren_v_qzbtxx cl">
        	<h3>求购详情</h3>
        </div>
    	<ul class="ren_v_xfyinr cl">
        	<li class="ren_v_yinrsan cl">
            	<div class="ren_v_ban col"><span>期望价格</span><p>{esf_qgzj_value}万</p></div>
            	<div class="ren_v_ban"><span>期望类型</span><p>{erf_leixing_26_value}</p></div>
            </li>
            <li class="ren_v_yinrsan cl">
            	<div class="ren_v_ban"><span>期望区域</span><p>{esf_quyu_26_value}</p></div>
            	<div class="ren_v_ban"><span>意向楼盘</span><p>{esf_kjdd_value}</p></div>
            </li>
            <li class="ren_v_yinrsan cl">
            	<div class="ren_v_ban"><span>期望户型</span><p>{esf_fx_26_value}</p></div>
            	<div class="ren_v_ban"><span>意向面积</span><p>{esf_mianji_26_value}</p></div>
            </li>
            <li class="ren_v_yinrsan cl">
            	<div class="ren_v_ban"><span>期望楼层</span><p>{esf_loucheng_26_value}</p></div>
                <div class="ren_v_ban"><span>期望朝向</span><p>{esf_chaoxiang_26_value}</p></div>
            </li>
            <li class="ren_v_yinrsan cl">
            	<div class="ren_v_ban"><span>联系人</span><p>{esf_lxr_26_value}</p></div>
            	<div class="ren_v_ban col"><span>联系电话</span><p>{esf_lxdh_26_value}</p></div>
            </li>
            <li class="ren_v_yinrsan cl">
            	<div class="ren_v_ban ren_v_zfpt"><span>期望装修</span><p>{esf_qwzx_value}</p></div>
                <div class="ren_v_ban ren_v_zfpt ren_v_zfpt2"><span>期望配套</span><p>{esf_qtsm_26_value}</p></div>
            </li>
        </ul>
    </div>
</div>

<div class="ren_view_share ren_flxx_footer">
	<a href="tel:{esf_lxdh_26_value}" class="yi"><span>{esf_lxr_26_value}</span><em>{esf_lxdh_26_value}</em></a>
	<a href="tel:{esf_lxdh_26_value}" class="e"><i class="icon ren-font">&#xe6be;</i>电话</a>
	<a class="open-popup san" data-popup=".popup-view"><i class="icon ren-font">&#xe619;</i>评论</a>
	<a href="javascript:;" class="ren_share open-popup si" data-popup=".popup-share"><i class="icon ren-font">&#xe742;</i>分享</a>
</div>]]></item>
			<item id="stemplate"><![CDATA[<ul>
[loop]
    <li class="ren_fl_xf ren_fl_qg cl">
        <div class="ren_xf_xx">
            <div class="ren_xf_btxx ren_zf_btxx">
                <a href="{subject_url}" class="ren_xf_bt">{subject}</a>
            </div>
            
            <p class="ren_xf_wz">{erf_leixing_26_value}<span>|</span>{esf_fx_26_value}<span>|</span>{esf_mianji_26_value}平米<span>|</span>		{esf_qwzx_value}</p>
            <p class="ren_xf_tx">
                <a href="{subject_url}" class="ren_xf_hx">{esf_quyu_26_value}<span>|</span>{esf_kjdd_value}</a>
            </p>
            <p class="ren_xf_tag">
                <a href="{subject_url}" class="ren_esc_txx">{esf_lxr_26_value}<em>{dateline}</em></a>
            </p>
        </div>
        <div class="ren_price y">
            <p class="ren_pr_jg">
                <span class="ren_pr_jgsz">{esf_qgzj_value}</span><span class="ren_pr_jgdw">万</span>
            </p>
            <p class="ren_kong"></p>
            <p class="ren_tel"></p>
        </div>
    </li>
[/loop]
</ul>
]]></item>
			<item id="ptemplate"><![CDATA[]]></item>
			<item id="btemplate"><![CDATA[]]></item>
			<item id="sortid"><![CDATA[60]]></item>
			<item id="available"><![CDATA[1]]></item>
			<item id="required"><![CDATA[1]]></item>
			<item id="unchangeable"><![CDATA[0]]></item>
			<item id="search"><![CDATA[2]]></item>
			<item id="subjectshow"><![CDATA[1]]></item>
			<item id="tpdescription"><![CDATA[]]></item>
			<item id="ttdescription"><![CDATA[带*为必填选项]]></item>
			<item id="tpexpiration"><![CDATA[0]]></item>
			<item id="ttexpiration"><![CDATA[0]]></item>
			<item id="__protect">
				<item id="usergroup"><![CDATA[]]></item>
				<item id="verify"><![CDATA[]]></item>
			</item>
			<item id="__rules">
				<item id="choices"><![CDATA[1=普通住宅
2=别墅
3=公寓
4=商铺
5=商住楼
6=写字楼
7=安置房
8=天地楼
9=车库]]></item>
			</item>
		</item>
		<item id="13">
			<item id="optionid"><![CDATA[1084]]></item>
			<item id="classid"><![CDATA[1]]></item>
			<item id="displayorder"><![CDATA[5]]></item>
			<item id="expiration"><![CDATA[0]]></item>
			<item id="title"><![CDATA[面积范围]]></item>
			<item id="description"><![CDATA[带*为必填选项]]></item>
			<item id="identifier"><![CDATA[esf_mianji_26]]></item>
			<item id="type"><![CDATA[radio]]></item>
			<item id="unit"><![CDATA[]]></item>
			<item id="permprompt"><![CDATA[]]></item>
			<item id="typeid"><![CDATA[60]]></item>
			<item id="name"><![CDATA[二手房求购]]></item>
			<item id="icon"><![CDATA[]]></item>
			<item id="special"><![CDATA[1]]></item>
			<item id="modelid"><![CDATA[0]]></item>
			<item id="template"><![CDATA[<style type="text/css">
.ren_view_share.ren_view_footer { display: none; }
.ren_view_share.ren_view_foo { display: none; }
.rtj1009_m_main .ren_view_xxtop { display: none; }
.rtj1009_m_main .ren_view_ny .ren_lc_xx { display: none; }
.rtj1009_m_main .ren_view_ny .pi { overflow: initial; }
.rtj1009_m_main .message { overflow: initial; }
.rtj1009_m_main .ren_view_xf .ren_v_xftpxx { margin: -10px -10px 0 -10px; }
</style>
<div class="ren_view_xf ren_view_qz ren_view_esf ren_view_qgesf cl">
    <div class="ren_v_xfyiyxx">
    	<div class="ren_v_qzbtxx cl">
        	<h3>求购详情</h3>
        </div>
    	<ul class="ren_v_xfyinr cl">
        	<li class="ren_v_yinrsan cl">
            	<div class="ren_v_ban col"><span>期望价格</span><p>{esf_qgzj_value}万</p></div>
            	<div class="ren_v_ban"><span>期望类型</span><p>{erf_leixing_26_value}</p></div>
            </li>
            <li class="ren_v_yinrsan cl">
            	<div class="ren_v_ban"><span>期望区域</span><p>{esf_quyu_26_value}</p></div>
            	<div class="ren_v_ban"><span>意向楼盘</span><p>{esf_kjdd_value}</p></div>
            </li>
            <li class="ren_v_yinrsan cl">
            	<div class="ren_v_ban"><span>期望户型</span><p>{esf_fx_26_value}</p></div>
            	<div class="ren_v_ban"><span>意向面积</span><p>{esf_mianji_26_value}</p></div>
            </li>
            <li class="ren_v_yinrsan cl">
            	<div class="ren_v_ban"><span>期望楼层</span><p>{esf_loucheng_26_value}</p></div>
                <div class="ren_v_ban"><span>期望朝向</span><p>{esf_chaoxiang_26_value}</p></div>
            </li>
            <li class="ren_v_yinrsan cl">
            	<div class="ren_v_ban"><span>联系人</span><p>{esf_lxr_26_value}</p></div>
            	<div class="ren_v_ban col"><span>联系电话</span><p>{esf_lxdh_26_value}</p></div>
            </li>
            <li class="ren_v_yinrsan cl">
            	<div class="ren_v_ban ren_v_zfpt"><span>期望装修</span><p>{esf_qwzx_value}</p></div>
                <div class="ren_v_ban ren_v_zfpt ren_v_zfpt2"><span>期望配套</span><p>{esf_qtsm_26_value}</p></div>
            </li>
        </ul>
    </div>
</div>

<div class="ren_view_share ren_flxx_footer">
	<a href="tel:{esf_lxdh_26_value}" class="yi"><span>{esf_lxr_26_value}</span><em>{esf_lxdh_26_value}</em></a>
	<a href="tel:{esf_lxdh_26_value}" class="e"><i class="icon ren-font">&#xe6be;</i>电话</a>
	<a class="open-popup san" data-popup=".popup-view"><i class="icon ren-font">&#xe619;</i>评论</a>
	<a href="javascript:;" class="ren_share open-popup si" data-popup=".popup-share"><i class="icon ren-font">&#xe742;</i>分享</a>
</div>]]></item>
			<item id="stemplate"><![CDATA[<ul>
[loop]
    <li class="ren_fl_xf ren_fl_qg cl">
        <div class="ren_xf_xx">
            <div class="ren_xf_btxx ren_zf_btxx">
                <a href="{subject_url}" class="ren_xf_bt">{subject}</a>
            </div>
            
            <p class="ren_xf_wz">{erf_leixing_26_value}<span>|</span>{esf_fx_26_value}<span>|</span>{esf_mianji_26_value}平米<span>|</span>		{esf_qwzx_value}</p>
            <p class="ren_xf_tx">
                <a href="{subject_url}" class="ren_xf_hx">{esf_quyu_26_value}<span>|</span>{esf_kjdd_value}</a>
            </p>
            <p class="ren_xf_tag">
                <a href="{subject_url}" class="ren_esc_txx">{esf_lxr_26_value}<em>{dateline}</em></a>
            </p>
        </div>
        <div class="ren_price y">
            <p class="ren_pr_jg">
                <span class="ren_pr_jgsz">{esf_qgzj_value}</span><span class="ren_pr_jgdw">万</span>
            </p>
            <p class="ren_kong"></p>
            <p class="ren_tel"></p>
        </div>
    </li>
[/loop]
</ul>
]]></item>
			<item id="ptemplate"><![CDATA[]]></item>
			<item id="btemplate"><![CDATA[]]></item>
			<item id="sortid"><![CDATA[60]]></item>
			<item id="available"><![CDATA[1]]></item>
			<item id="required"><![CDATA[1]]></item>
			<item id="unchangeable"><![CDATA[0]]></item>
			<item id="search"><![CDATA[0]]></item>
			<item id="subjectshow"><![CDATA[1]]></item>
			<item id="tpdescription"><![CDATA[]]></item>
			<item id="ttdescription"><![CDATA[带*为必填选项]]></item>
			<item id="tpexpiration"><![CDATA[0]]></item>
			<item id="ttexpiration"><![CDATA[0]]></item>
			<item id="__protect">
				<item id="usergroup"><![CDATA[]]></item>
				<item id="verify"><![CDATA[]]></item>
			</item>
			<item id="__rules">
				<item id="choices"><![CDATA[1=50平米以下
2=50-70平米
3=70-90平米
4=90-110平米
5=110-130平米
6=130-150平米
7=150-200平米
8=200-300平米
9=300平米以上]]></item>
			</item>
		</item>
		<item id="14">
			<item id="optionid"><![CDATA[1085]]></item>
			<item id="classid"><![CDATA[1]]></item>
			<item id="displayorder"><![CDATA[4]]></item>
			<item id="expiration"><![CDATA[0]]></item>
			<item id="title"><![CDATA[期望区域]]></item>
			<item id="description"><![CDATA[带*为必填选项]]></item>
			<item id="identifier"><![CDATA[esf_quyu_26]]></item>
			<item id="type"><![CDATA[radio]]></item>
			<item id="unit"><![CDATA[]]></item>
			<item id="permprompt"><![CDATA[]]></item>
			<item id="typeid"><![CDATA[60]]></item>
			<item id="name"><![CDATA[二手房求购]]></item>
			<item id="icon"><![CDATA[]]></item>
			<item id="special"><![CDATA[1]]></item>
			<item id="modelid"><![CDATA[0]]></item>
			<item id="template"><![CDATA[<style type="text/css">
.ren_view_share.ren_view_footer { display: none; }
.ren_view_share.ren_view_foo { display: none; }
.rtj1009_m_main .ren_view_xxtop { display: none; }
.rtj1009_m_main .ren_view_ny .ren_lc_xx { display: none; }
.rtj1009_m_main .ren_view_ny .pi { overflow: initial; }
.rtj1009_m_main .message { overflow: initial; }
.rtj1009_m_main .ren_view_xf .ren_v_xftpxx { margin: -10px -10px 0 -10px; }
</style>
<div class="ren_view_xf ren_view_qz ren_view_esf ren_view_qgesf cl">
    <div class="ren_v_xfyiyxx">
    	<div class="ren_v_qzbtxx cl">
        	<h3>求购详情</h3>
        </div>
    	<ul class="ren_v_xfyinr cl">
        	<li class="ren_v_yinrsan cl">
            	<div class="ren_v_ban col"><span>期望价格</span><p>{esf_qgzj_value}万</p></div>
            	<div class="ren_v_ban"><span>期望类型</span><p>{erf_leixing_26_value}</p></div>
            </li>
            <li class="ren_v_yinrsan cl">
            	<div class="ren_v_ban"><span>期望区域</span><p>{esf_quyu_26_value}</p></div>
            	<div class="ren_v_ban"><span>意向楼盘</span><p>{esf_kjdd_value}</p></div>
            </li>
            <li class="ren_v_yinrsan cl">
            	<div class="ren_v_ban"><span>期望户型</span><p>{esf_fx_26_value}</p></div>
            	<div class="ren_v_ban"><span>意向面积</span><p>{esf_mianji_26_value}</p></div>
            </li>
            <li class="ren_v_yinrsan cl">
            	<div class="ren_v_ban"><span>期望楼层</span><p>{esf_loucheng_26_value}</p></div>
                <div class="ren_v_ban"><span>期望朝向</span><p>{esf_chaoxiang_26_value}</p></div>
            </li>
            <li class="ren_v_yinrsan cl">
            	<div class="ren_v_ban"><span>联系人</span><p>{esf_lxr_26_value}</p></div>
            	<div class="ren_v_ban col"><span>联系电话</span><p>{esf_lxdh_26_value}</p></div>
            </li>
            <li class="ren_v_yinrsan cl">
            	<div class="ren_v_ban ren_v_zfpt"><span>期望装修</span><p>{esf_qwzx_value}</p></div>
                <div class="ren_v_ban ren_v_zfpt ren_v_zfpt2"><span>期望配套</span><p>{esf_qtsm_26_value}</p></div>
            </li>
        </ul>
    </div>
</div>

<div class="ren_view_share ren_flxx_footer">
	<a href="tel:{esf_lxdh_26_value}" class="yi"><span>{esf_lxr_26_value}</span><em>{esf_lxdh_26_value}</em></a>
	<a href="tel:{esf_lxdh_26_value}" class="e"><i class="icon ren-font">&#xe6be;</i>电话</a>
	<a class="open-popup san" data-popup=".popup-view"><i class="icon ren-font">&#xe619;</i>评论</a>
	<a href="javascript:;" class="ren_share open-popup si" data-popup=".popup-share"><i class="icon ren-font">&#xe742;</i>分享</a>
</div>]]></item>
			<item id="stemplate"><![CDATA[<ul>
[loop]
    <li class="ren_fl_xf ren_fl_qg cl">
        <div class="ren_xf_xx">
            <div class="ren_xf_btxx ren_zf_btxx">
                <a href="{subject_url}" class="ren_xf_bt">{subject}</a>
            </div>
            
            <p class="ren_xf_wz">{erf_leixing_26_value}<span>|</span>{esf_fx_26_value}<span>|</span>{esf_mianji_26_value}平米<span>|</span>		{esf_qwzx_value}</p>
            <p class="ren_xf_tx">
                <a href="{subject_url}" class="ren_xf_hx">{esf_quyu_26_value}<span>|</span>{esf_kjdd_value}</a>
            </p>
            <p class="ren_xf_tag">
                <a href="{subject_url}" class="ren_esc_txx">{esf_lxr_26_value}<em>{dateline}</em></a>
            </p>
        </div>
        <div class="ren_price y">
            <p class="ren_pr_jg">
                <span class="ren_pr_jgsz">{esf_qgzj_value}</span><span class="ren_pr_jgdw">万</span>
            </p>
            <p class="ren_kong"></p>
            <p class="ren_tel"></p>
        </div>
    </li>
[/loop]
</ul>
]]></item>
			<item id="ptemplate"><![CDATA[]]></item>
			<item id="btemplate"><![CDATA[]]></item>
			<item id="sortid"><![CDATA[60]]></item>
			<item id="available"><![CDATA[1]]></item>
			<item id="required"><![CDATA[1]]></item>
			<item id="unchangeable"><![CDATA[0]]></item>
			<item id="search"><![CDATA[2]]></item>
			<item id="subjectshow"><![CDATA[1]]></item>
			<item id="tpdescription"><![CDATA[]]></item>
			<item id="ttdescription"><![CDATA[带*为必填选项]]></item>
			<item id="tpexpiration"><![CDATA[0]]></item>
			<item id="ttexpiration"><![CDATA[0]]></item>
			<item id="__protect">
				<item id="usergroup"><![CDATA[]]></item>
				<item id="verify"><![CDATA[]]></item>
			</item>
			<item id="__rules">
				<item id="choices"><![CDATA[1=鱼峰区
2=城中区
3=柳南区
4=柳北区
5=柳东新区
6=柳江县
7=鹿寨县
8=柳城县
9=其它]]></item>
			</item>
		</item>
	</item>
</root>