{
  "id": "818008",
  "name": "GUIIGO-APP",
  "font_family": "icon",
  "css_prefix_text": "guiigoapp-",
  "description": "GUIIGO-APP",
  "glyphs": [
    {
      "icon_id": "6017970",
      "name": "线路",
      "font_class": "xianlu1",
      "unicode": "e724",
      "unicode_decimal": 59172
    },
    {
      "icon_id": "1060987",
      "name": "返程",
      "font_class": "fancheng",
      "unicode": "e71f",
      "unicode_decimal": 59167
    },
    {
      "icon_id": "2667476",
      "name": "时间",
      "font_class": "shijian",
      "unicode": "e720",
      "unicode_decimal": 59168
    },
    {
      "icon_id": "4692691",
      "name": "好友",
      "font_class": "haoyou",
      "unicode": "e721",
      "unicode_decimal": 59169
    },
    {
      "icon_id": "4903060",
      "name": "纸飞机",
      "font_class": "zhifeiji1",
      "unicode": "e722",
      "unicode_decimal": 59170
    },
    {
      "icon_id": "16383965",
      "name": "线路",
      "font_class": "xianlu",
      "unicode": "e723",
      "unicode_decimal": 59171
    },
    {
      "icon_id": "16942345",
      "name": "更多-通用",
      "font_class": "caozuo",
      "unicode": "e71d",
      "unicode_decimal": 59165
    },
    {
      "icon_id": "16942310",
      "name": "爱心",
      "font_class": "aixin",
      "unicode": "e71a",
      "unicode_decimal": 59162
    },
    {
      "icon_id": "16942315",
      "name": "问答",
      "font_class": "wenda",
      "unicode": "e71b",
      "unicode_decimal": 59163
    },
    {
      "icon_id": "16942364",
      "name": "爱心",
      "font_class": "aixin1",
      "unicode": "e71c",
      "unicode_decimal": 59164
    },
    {
      "icon_id": "8568652",
      "name": "点赞",
      "font_class": "wddz",
      "unicode": "e719",
      "unicode_decimal": 59161
    },
    {
      "icon_id": "14710623",
      "name": "投资热度",
      "font_class": "lredu",
      "unicode": "e718",
      "unicode_decimal": 59160
    },
    {
      "icon_id": "1404536",
      "name": "拉黑",
      "font_class": "lahei",
      "unicode": "e717",
      "unicode_decimal": 59159
    },
    {
      "icon_id": "12595150",
      "name": "话题",
      "font_class": "huati1",
      "unicode": "e712",
      "unicode_decimal": 59154
    },
    {
      "icon_id": "955991",
      "name": "神",
      "font_class": "shen",
      "unicode": "e711",
      "unicode_decimal": 59153
    },
    {
      "icon_id": "6464307",
      "name": "赏金",
      "font_class": "shangjin",
      "unicode": "e79a",
      "unicode_decimal": 59290
    },
    {
      "icon_id": "10033357",
      "name": "补充信息",
      "font_class": "buchongxinxi",
      "unicode": "e70f",
      "unicode_decimal": 59151
    },
    {
      "icon_id": "11547408",
      "name": "标签 线",
      "font_class": "biaoqianxian",
      "unicode": "e710",
      "unicode_decimal": 59152
    },
    {
      "icon_id": "13064365",
      "name": "存档",
      "font_class": "cundang",
      "unicode": "e70e",
      "unicode_decimal": 59150
    },
    {
      "icon_id": "2664975",
      "name": "退款",
      "font_class": "tuikuan",
      "unicode": "e70d",
      "unicode_decimal": 59149
    },
    {
      "icon_id": "9505280",
      "name": "推荐",
      "font_class": "tuijian1",
      "unicode": "e747",
      "unicode_decimal": 59207
    },
    {
      "icon_id": "11190008",
      "name": "分割线",
      "font_class": "fengexian",
      "unicode": "e705",
      "unicode_decimal": 59141
    },
    {
      "icon_id": "12323745",
      "name": "标记",
      "font_class": "biaoji",
      "unicode": "e706",
      "unicode_decimal": 59142
    },
    {
      "icon_id": "13781069",
      "name": "升降级",
      "font_class": "shengjiangji",
      "unicode": "e8c0",
      "unicode_decimal": 59584
    },
    {
      "icon_id": "13964947",
      "name": "屏蔽",
      "font_class": "pingbi",
      "unicode": "e707",
      "unicode_decimal": 59143
    },
    {
      "icon_id": "14513694",
      "name": "推送",
      "font_class": "tuisong",
      "unicode": "e709",
      "unicode_decimal": 59145
    },
    {
      "icon_id": "16373045",
      "name": "文字高亮",
      "font_class": "wenzigaoliang",
      "unicode": "e70b",
      "unicode_decimal": 59147
    },
    {
      "icon_id": "16407788",
      "name": "类目 品类 分类 类别",
      "font_class": "classifi",
      "unicode": "e70c",
      "unicode_decimal": 59148
    },
    {
      "icon_id": "1175162",
      "name": "置顶",
      "font_class": "zhiding-copy",
      "unicode": "e6f9",
      "unicode_decimal": 59129
    },
    {
      "icon_id": "2740944",
      "name": "钻石",
      "font_class": "zuanshi",
      "unicode": "e6fa",
      "unicode_decimal": 59130
    },
    {
      "icon_id": "5226423",
      "name": "实时警告",
      "font_class": "shishijinggao",
      "unicode": "e6fb",
      "unicode_decimal": 59131
    },
    {
      "icon_id": "5615018",
      "name": "合并",
      "font_class": "hebing",
      "unicode": "e6fc",
      "unicode_decimal": 59132
    },
    {
      "icon_id": "6625007",
      "name": "盖章坐标配置",
      "font_class": "gaizhangzuobiaopeizhi",
      "unicode": "e800",
      "unicode_decimal": 59392
    },
    {
      "icon_id": "7218935",
      "name": "移动",
      "font_class": "yidong",
      "unicode": "e6fd",
      "unicode_decimal": 59133
    },
    {
      "icon_id": "8045245",
      "name": "锁",
      "font_class": "suo",
      "unicode": "e6fe",
      "unicode_decimal": 59134
    },
    {
      "icon_id": "8429092",
      "name": "live-start",
      "font_class": "live-start",
      "unicode": "e715",
      "unicode_decimal": 59157
    },
    {
      "icon_id": "8453493",
      "name": "编辑",
      "font_class": "bianji1",
      "unicode": "e701",
      "unicode_decimal": 59137
    },
    {
      "icon_id": "8715448",
      "name": "删 除 (1)",
      "font_class": "shanchu1",
      "unicode": "e702",
      "unicode_decimal": 59138
    },
    {
      "icon_id": "9176970",
      "name": "复制",
      "font_class": "fuzhi",
      "unicode": "e703",
      "unicode_decimal": 59139
    },
    {
      "icon_id": "10170029",
      "name": "修复",
      "font_class": "xiufu",
      "unicode": "e704",
      "unicode_decimal": 59140
    },
    {
      "icon_id": "11721981",
      "name": "位置",
      "font_class": "hfweizhi",
      "unicode": "e6f6",
      "unicode_decimal": 59126
    },
    {
      "icon_id": "9702650",
      "name": "上传",
      "font_class": "shangchuan",
      "unicode": "e6f8",
      "unicode_decimal": 59128
    },
    {
      "icon_id": "9590203",
      "name": "附件2",
      "font_class": "fujian",
      "unicode": "e6f5",
      "unicode_decimal": 59125
    },
    {
      "icon_id": "2721593",
      "name": "个人中心-积分奖励",
      "font_class": "htjl",
      "unicode": "e6f4",
      "unicode_decimal": 59124
    },
    {
      "icon_id": "7637647",
      "name": "发帖",
      "font_class": "fatie",
      "unicode": "e6f2",
      "unicode_decimal": 59122
    },
    {
      "icon_id": "9011925",
      "name": "ID",
      "font_class": "ggztid",
      "unicode": "e6f1",
      "unicode_decimal": 59121
    },
    {
      "icon_id": "13162535",
      "name": "小程序",
      "font_class": "xiaochengxu",
      "unicode": "e6f0",
      "unicode_decimal": 59120
    },
    {
      "icon_id": "8973060",
      "name": "更多",
      "font_class": "xcxfx",
      "unicode": "e6ef",
      "unicode_decimal": 59119
    },
    {
      "icon_id": "1013088",
      "name": "播放",
      "font_class": "bofang",
      "unicode": "e6ed",
      "unicode_decimal": 59117
    },
    {
      "icon_id": "1521405",
      "name": "精华",
      "font_class": "jinghua",
      "unicode": "e6ec",
      "unicode_decimal": 59116
    },
    {
      "icon_id": "7927100",
      "name": "上一页",
      "font_class": "shangyiye",
      "unicode": "e6eb",
      "unicode_decimal": 59115
    },
    {
      "icon_id": "1121582",
      "name": "返回",
      "font_class": "fanhui",
      "unicode": "e6ea",
      "unicode_decimal": 59114
    },
    {
      "icon_id": "8860448",
      "name": "菜单",
      "font_class": "caidang",
      "unicode": "e79b",
      "unicode_decimal": 59291
    },
    {
      "icon_id": "5315120",
      "name": "指纹",
      "font_class": "zhiwen",
      "unicode": "e6e9",
      "unicode_decimal": 59113
    },
    {
      "icon_id": "369765",
      "name": "窗户",
      "font_class": "tianchuang",
      "unicode": "e6d7",
      "unicode_decimal": 59095
    },
    {
      "icon_id": "967365",
      "name": "自动驻车／上坡辅助",
      "font_class": "spfzcc",
      "unicode": "e6d8",
      "unicode_decimal": 59096
    },
    {
      "icon_id": "1044281",
      "name": "ESP开",
      "font_class": "espkai",
      "unicode": "e6d9",
      "unicode_decimal": 59097
    },
    {
      "icon_id": "1107252",
      "name": "汽车",
      "font_class": "qiche",
      "unicode": "e6da",
      "unicode_decimal": 59098
    },
    {
      "icon_id": "1414037",
      "name": "刹车片",
      "font_class": "chachepian",
      "unicode": "e6db",
      "unicode_decimal": 59099
    },
    {
      "icon_id": "1548309",
      "name": "无钥匙启动",
      "font_class": "wysqdcc",
      "unicode": "e714",
      "unicode_decimal": 59156
    },
    {
      "icon_id": "1548315",
      "name": "后排空调",
      "font_class": "hpktcc",
      "unicode": "e716",
      "unicode_decimal": 59158
    },
    {
      "icon_id": "1785959",
      "name": "行车灯",
      "font_class": "hangchedeng",
      "unicode": "e6dc",
      "unicode_decimal": 59100
    },
    {
      "icon_id": "3199629",
      "name": "涡轮增压",
      "font_class": "wolunzengya",
      "unicode": "e6dd",
      "unicode_decimal": 59101
    },
    {
      "icon_id": "3244742",
      "name": "转向、制动系统",
      "font_class": "zhuanxiangzhidong",
      "unicode": "e6de",
      "unicode_decimal": 59102
    },
    {
      "icon_id": "4998166",
      "name": "gps",
      "font_class": "gps",
      "unicode": "e6df",
      "unicode_decimal": 59103
    },
    {
      "icon_id": "6139224",
      "name": "倒车视频影像@2x",
      "font_class": "daocheyx",
      "unicode": "e6e0",
      "unicode_decimal": 59104
    },
    {
      "icon_id": "6139230",
      "name": "定速巡航@2x",
      "font_class": "dingsuxunhangx",
      "unicode": "e6e1",
      "unicode_decimal": 59105
    },
    {
      "icon_id": "6139232",
      "name": "发动机启停技术@2x",
      "font_class": "fadongjiqitingjishux",
      "unicode": "e6e2",
      "unicode_decimal": 59106
    },
    {
      "icon_id": "6139257",
      "name": "自动空调@2x",
      "font_class": "zidongkongtiaox",
      "unicode": "e6e3",
      "unicode_decimal": 59107
    },
    {
      "icon_id": "6139258",
      "name": "自动泊车@2x",
      "font_class": "zidongbochex",
      "unicode": "e6e5",
      "unicode_decimal": 59109
    },
    {
      "icon_id": "6139259",
      "name": "自动驻车@2x",
      "font_class": "zidongzhuchex",
      "unicode": "e6e6",
      "unicode_decimal": 59110
    },
    {
      "icon_id": "6704474",
      "name": "套餐换挡",
      "font_class": "taocanhuandang",
      "unicode": "e6e7",
      "unicode_decimal": 59111
    },
    {
      "icon_id": "9679654",
      "name": "胎压",
      "font_class": "taiya",
      "unicode": "e6e8",
      "unicode_decimal": 59112
    },
    {
      "icon_id": "2663542",
      "name": "电话",
      "font_class": "dianhua",
      "unicode": "e698",
      "unicode_decimal": 59032
    },
    {
      "icon_id": "6241406",
      "name": "qq",
      "font_class": "qqlx",
      "unicode": "e6d6",
      "unicode_decimal": 59094
    },
    {
      "icon_id": "9038968",
      "name": "微信",
      "font_class": "weixin",
      "unicode": "e6ee",
      "unicode_decimal": 59118
    },
    {
      "icon_id": "894131",
      "name": "cd无",
      "font_class": "pzwupeizhi",
      "unicode": "e6d5",
      "unicode_decimal": 59093
    },
    {
      "icon_id": "1457806",
      "name": "喜欢",
      "font_class": "kpxh",
      "unicode": "e6d3",
      "unicode_decimal": 59091
    },
    {
      "icon_id": "9503233",
      "name": "球友圈-帖子-神评论",
      "font_class": "shenping",
      "unicode": "e6d2",
      "unicode_decimal": 59090
    },
    {
      "icon_id": "6639306",
      "name": "发布动态",
      "font_class": "fabudongtai",
      "unicode": "e6d1",
      "unicode_decimal": 59089
    },
    {
      "icon_id": "1212292",
      "name": "菜单",
      "font_class": "clnavdh",
      "unicode": "e6ca",
      "unicode_decimal": 59082
    },
    {
      "icon_id": "1565071",
      "name": "刷新",
      "font_class": "clnavsx",
      "unicode": "e6cb",
      "unicode_decimal": 59083
    },
    {
      "icon_id": "1690730",
      "name": "发布",
      "font_class": "clnavfb",
      "unicode": "e6cc",
      "unicode_decimal": 59084
    },
    {
      "icon_id": "1692407",
      "name": "菜单",
      "font_class": "clnavcd",
      "unicode": "e6cf",
      "unicode_decimal": 59087
    },
    {
      "icon_id": "5652205",
      "name": "顶部",
      "font_class": "clnavdb",
      "unicode": "e6d0",
      "unicode_decimal": 59088
    },
    {
      "icon_id": "1817726",
      "name": "创建v",
      "font_class": "chuangjian",
      "unicode": "e629",
      "unicode_decimal": 58921
    },
    {
      "icon_id": "5140091",
      "name": "设置",
      "font_class": "clgsz",
      "unicode": "e65a",
      "unicode_decimal": 58970
    },
    {
      "icon_id": "10519608",
      "name": "登录",
      "font_class": "cldly",
      "unicode": "e6c8",
      "unicode_decimal": 59080
    },
    {
      "icon_id": "9792305",
      "name": "闭眼",
      "font_class": "biyan",
      "unicode": "e736",
      "unicode_decimal": 59190
    },
    {
      "icon_id": "9511257",
      "name": "睁眼",
      "font_class": "zhengyan",
      "unicode": "e6c9",
      "unicode_decimal": 59081
    },
    {
      "icon_id": "2457540",
      "name": "互相关注",
      "font_class": "huguan",
      "unicode": "e6c7",
      "unicode_decimal": 59079
    },
    {
      "icon_id": "2523118",
      "name": "内容",
      "font_class": "neirong",
      "unicode": "e6c6",
      "unicode_decimal": 59078
    },
    {
      "icon_id": "5314495",
      "name": "密码",
      "font_class": "mima",
      "unicode": "e78a",
      "unicode_decimal": 59274
    },
    {
      "icon_id": "1049468",
      "name": "邀请",
      "font_class": "yaoqing",
      "unicode": "e6c5",
      "unicode_decimal": 59077
    },
    {
      "icon_id": "1962550",
      "name": "等待",
      "font_class": "hd-dd",
      "unicode": "e6c0",
      "unicode_decimal": 59072
    },
    {
      "icon_id": "6286715",
      "name": "正确",
      "font_class": "hd-yx",
      "unicode": "e6c2",
      "unicode_decimal": 59074
    },
    {
      "icon_id": "10241403",
      "name": "警告 注意 提醒（圆，填充）",
      "font_class": "hd-ws",
      "unicode": "e6c4",
      "unicode_decimal": 59076
    },
    {
      "icon_id": "1212409",
      "name": "只看楼主",
      "font_class": "zhikanlouzhu",
      "unicode": "e6bf",
      "unicode_decimal": 59071
    },
    {
      "icon_id": "2745507",
      "name": "顺序图",
      "font_class": "shunxutu",
      "unicode": "e6bd",
      "unicode_decimal": 59069
    },
    {
      "icon_id": "2792764",
      "name": "顺序图",
      "font_class": "shunxutu1",
      "unicode": "e6be",
      "unicode_decimal": 59070
    },
    {
      "icon_id": "9920220",
      "name": "待审核",
      "font_class": "ssdsh",
      "unicode": "e6bc",
      "unicode_decimal": 59068
    },
    {
      "icon_id": "4139342",
      "name": "向上圆箭头 上箭头 向上 面性",
      "font_class": "xgwzxs",
      "unicode": "e8f4",
      "unicode_decimal": 59636
    },
    {
      "icon_id": "4139354",
      "name": "向下圆箭头 下箭头 向下 面性",
      "font_class": "xgwzxx",
      "unicode": "e8f6",
      "unicode_decimal": 59638
    },
    {
      "icon_id": "5979902",
      "name": "删  除",
      "font_class": "xgwzsc",
      "unicode": "e6bb",
      "unicode_decimal": 59067
    },
    {
      "icon_id": "4458689",
      "name": "插件-字体样式",
      "font_class": "wzbtys",
      "unicode": "e6b7",
      "unicode_decimal": 59063
    },
    {
      "icon_id": "6930198",
      "name": "警告",
      "font_class": "jinggao",
      "unicode": "e6ba",
      "unicode_decimal": 59066
    },
    {
      "icon_id": "778803",
      "name": "at",
      "font_class": "fbcrat",
      "unicode": "e6b6",
      "unicode_decimal": 59062
    },
    {
      "icon_id": "897088",
      "name": "音乐",
      "font_class": "fbcryy",
      "unicode": "e6ae",
      "unicode_decimal": 59054
    },
    {
      "icon_id": "1108852",
      "name": "话题",
      "font_class": "fbcryr",
      "unicode": "e815",
      "unicode_decimal": 59413
    },
    {
      "icon_id": "1283976",
      "name": "代码配置r",
      "font_class": "fbcrdm",
      "unicode": "e727",
      "unicode_decimal": 59175
    },
    {
      "icon_id": "1467348",
      "name": "flash",
      "font_class": "fbcrfs",
      "unicode": "e6b0",
      "unicode_decimal": 59056
    },
    {
      "icon_id": "2010871",
      "name": "免费版",
      "font_class": "fbcrmf",
      "unicode": "e6b1",
      "unicode_decimal": 59057
    },
    {
      "icon_id": "3142557",
      "name": "视频",
      "font_class": "fbcrsp",
      "unicode": "e6b3",
      "unicode_decimal": 59059
    },
    {
      "icon_id": "3280905",
      "name": "icon-链接",
      "font_class": "fbcrlj",
      "unicode": "e6b4",
      "unicode_decimal": 59060
    },
    {
      "icon_id": "3633544",
      "name": "图片",
      "font_class": "fbcrtp",
      "unicode": "e971",
      "unicode_decimal": 59761
    },
    {
      "icon_id": "2484291",
      "name": "标签",
      "font_class": "biaoqian",
      "unicode": "e6ad",
      "unicode_decimal": 59053
    },
    {
      "icon_id": "2123043",
      "name": "待收费",
      "font_class": "daishoufei",
      "unicode": "e6ac",
      "unicode_decimal": 59052
    },
    {
      "icon_id": "795176",
      "name": "抢答",
      "font_class": "quick_answer",
      "unicode": "e6a9",
      "unicode_decimal": 59049
    },
    {
      "icon_id": "1151689",
      "name": "视频",
      "font_class": "shipin",
      "unicode": "e884",
      "unicode_decimal": 59524
    },
    {
      "icon_id": "2025136",
      "name": "纸飞机",
      "font_class": "zhifeiji",
      "unicode": "e6aa",
      "unicode_decimal": 59050
    },
    {
      "icon_id": "3606588",
      "name": "设置",
      "font_class": "shezhi1",
      "unicode": "e6ab",
      "unicode_decimal": 59051
    },
    {
      "icon_id": "4796798",
      "name": "消息",
      "font_class": "lxmaijia",
      "unicode": "e6a7",
      "unicode_decimal": 59047
    },
    {
      "icon_id": "2817747",
      "name": "联系人",
      "font_class": "lianxiren",
      "unicode": "e90d",
      "unicode_decimal": 59661
    },
    {
      "icon_id": "4488016",
      "name": "宽带",
      "font_class": "pzkuandai",
      "unicode": "e699",
      "unicode_decimal": 59033
    },
    {
      "icon_id": "4534617",
      "name": "房屋配置-衣柜",
      "font_class": "pzyigui",
      "unicode": "e69a",
      "unicode_decimal": 59034
    },
    {
      "icon_id": "4534618",
      "name": "房屋配置-沙发",
      "font_class": "pzshafa",
      "unicode": "e69b",
      "unicode_decimal": 59035
    },
    {
      "icon_id": "4534621",
      "name": "房屋配置-冰箱",
      "font_class": "pzbingxiang",
      "unicode": "e69c",
      "unicode_decimal": 59036
    },
    {
      "icon_id": "4534623",
      "name": "房屋配置-床",
      "font_class": "pzchuang",
      "unicode": "e69d",
      "unicode_decimal": 59037
    },
    {
      "icon_id": "4534628",
      "name": "房屋配置-洗衣机",
      "font_class": "pzxiyiji",
      "unicode": "e69e",
      "unicode_decimal": 59038
    },
    {
      "icon_id": "4534629",
      "name": "房屋配置-空调",
      "font_class": "pzkongtiao",
      "unicode": "e6a0",
      "unicode_decimal": 59040
    },
    {
      "icon_id": "4534630",
      "name": "房屋配置-抽烟机",
      "font_class": "pzchouyanji",
      "unicode": "e6a1",
      "unicode_decimal": 59041
    },
    {
      "icon_id": "4546280",
      "name": "房屋配置-微波炉",
      "font_class": "pzweibolu",
      "unicode": "e6a2",
      "unicode_decimal": 59042
    },
    {
      "icon_id": "4546282",
      "name": "房屋配置-热水器",
      "font_class": "pzreshuiqi",
      "unicode": "e6a3",
      "unicode_decimal": 59043
    },
    {
      "icon_id": "4546288",
      "name": "房屋配置-电视",
      "font_class": "pzdianshi",
      "unicode": "e6a4",
      "unicode_decimal": 59044
    },
    {
      "icon_id": "4546290",
      "name": "房屋配置-桌椅",
      "font_class": "pzzhuoyi",
      "unicode": "e6a5",
      "unicode_decimal": 59045
    },
    {
      "icon_id": "4546292",
      "name": "房屋配置-燃气灶",
      "font_class": "pzranqizao",
      "unicode": "e6a6",
      "unicode_decimal": 59046
    },
    {
      "icon_id": "493477",
      "name": "位置",
      "font_class": "weizhi",
      "unicode": "e7a4",
      "unicode_decimal": 59300
    },
    {
      "icon_id": "3456133",
      "name": "历史",
      "font_class": "lishi",
      "unicode": "e697",
      "unicode_decimal": 59031
    },
    {
      "icon_id": "5844589",
      "name": "皇冠",
      "font_class": "phhg",
      "unicode": "e694",
      "unicode_decimal": 59028
    },
    {
      "icon_id": "2777477",
      "name": "菜单",
      "font_class": "caidan",
      "unicode": "e848",
      "unicode_decimal": 59464
    },
    {
      "icon_id": "2996990",
      "name": "加号",
      "font_class": "tpscjh",
      "unicode": "e693",
      "unicode_decimal": 59027
    },
    {
      "icon_id": "371012",
      "name": "链接",
      "font_class": "wyqlj",
      "unicode": "e692",
      "unicode_decimal": 59026
    },
    {
      "icon_id": "4836780",
      "name": "分享",
      "font_class": "fenxiang",
      "unicode": "e691",
      "unicode_decimal": 59025
    },
    {
      "icon_id": "6882634",
      "name": "对勾",
      "font_class": "duigou",
      "unicode": "e690",
      "unicode_decimal": 59024
    },
    {
      "icon_id": "1094766",
      "name": "公告",
      "font_class": "zdgg",
      "unicode": "e68f",
      "unicode_decimal": 59023
    },
    {
      "icon_id": "857889",
      "name": "其他",
      "font_class": "field8",
      "unicode": "e684",
      "unicode_decimal": 59012
    },
    {
      "icon_id": "877437",
      "name": "其他",
      "font_class": "field7",
      "unicode": "e685",
      "unicode_decimal": 59013
    },
    {
      "icon_id": "2880782",
      "name": "分享其他",
      "font_class": "field6",
      "unicode": "e68a",
      "unicode_decimal": 59018
    },
    {
      "icon_id": "3165414",
      "name": "其他",
      "font_class": "field5",
      "unicode": "e74f",
      "unicode_decimal": 59215
    },
    {
      "icon_id": "3444244",
      "name": "其他配置好慧",
      "font_class": "field4",
      "unicode": "e68b",
      "unicode_decimal": 59019
    },
    {
      "icon_id": "5444371",
      "name": "其他_2px",
      "font_class": "field3",
      "unicode": "e68c",
      "unicode_decimal": 59020
    },
    {
      "icon_id": "8552973",
      "name": "其他icon",
      "font_class": "field2",
      "unicode": "e68d",
      "unicode_decimal": 59021
    },
    {
      "icon_id": "8763007",
      "name": "其他",
      "font_class": "field1",
      "unicode": "e68e",
      "unicode_decimal": 59022
    },
    {
      "icon_id": "323150",
      "name": "自我介绍",
      "font_class": "bio",
      "unicode": "e7cf",
      "unicode_decimal": 59343
    },
    {
      "icon_id": "539540",
      "name": "旺旺",
      "font_class": "taobao",
      "unicode": "e682",
      "unicode_decimal": 59010
    },
    {
      "icon_id": "2403173",
      "name": "链接",
      "font_class": "site",
      "unicode": "e86a",
      "unicode_decimal": 59498
    },
    {
      "icon_id": "7032992",
      "name": "兴趣组",
      "font_class": "interest",
      "unicode": "e683",
      "unicode_decimal": 59011
    },
    {
      "icon_id": "427196",
      "name": "体重",
      "font_class": "weight",
      "unicode": "e660",
      "unicode_decimal": 58976
    },
    {
      "icon_id": "494860",
      "name": "职业",
      "font_class": "occupation",
      "unicode": "e662",
      "unicode_decimal": 58978
    },
    {
      "icon_id": "520275",
      "name": "钱包",
      "font_class": "revenue",
      "unicode": "e6b5",
      "unicode_decimal": 59061
    },
    {
      "icon_id": "737782",
      "name": "身份证",
      "font_class": "idcardtype",
      "unicode": "e689",
      "unicode_decimal": 59017
    },
    {
      "icon_id": "777756",
      "name": "qq",
      "font_class": "qq",
      "unicode": "e664",
      "unicode_decimal": 58980
    },
    {
      "icon_id": "847925",
      "name": "房子",
      "font_class": "residecity",
      "unicode": "e666",
      "unicode_decimal": 58982
    },
    {
      "icon_id": "985804",
      "name": "学历",
      "font_class": "education",
      "unicode": "e667",
      "unicode_decimal": 58983
    },
    {
      "icon_id": "1998568",
      "name": "身高",
      "font_class": "height",
      "unicode": "e668",
      "unicode_decimal": 58984
    },
    {
      "icon_id": "2205304",
      "name": "纸飞机",
      "font_class": "zipcode",
      "unicode": "e669",
      "unicode_decimal": 58985
    },
    {
      "icon_id": "2305471",
      "name": "地球",
      "font_class": "nationality",
      "unicode": "e66b",
      "unicode_decimal": 58987
    },
    {
      "icon_id": "2518714",
      "name": "电话 (1)",
      "font_class": "telephone",
      "unicode": "e66c",
      "unicode_decimal": 58988
    },
    {
      "icon_id": "2689015",
      "name": "公司",
      "font_class": "company",
      "unicode": "e66d",
      "unicode_decimal": 58989
    },
    {
      "icon_id": "3248238",
      "name": "支付宝",
      "font_class": "alipay",
      "unicode": "e66e",
      "unicode_decimal": 58990
    },
    {
      "icon_id": "3531813",
      "name": "学校",
      "font_class": "graduateschool",
      "unicode": "e66f",
      "unicode_decimal": 58991
    },
    {
      "icon_id": "3581800",
      "name": "房间",
      "font_class": "residesuite",
      "unicode": "e670",
      "unicode_decimal": 58992
    },
    {
      "icon_id": "4778456",
      "name": "手机",
      "font_class": "mobile",
      "unicode": "e67c",
      "unicode_decimal": 59004
    },
    {
      "icon_id": "4921339",
      "name": "地址 (4)",
      "font_class": "address",
      "unicode": "e679",
      "unicode_decimal": 59001
    },
    {
      "icon_id": "5199737",
      "name": "血样",
      "font_class": "bloodtype",
      "unicode": "e696",
      "unicode_decimal": 59030
    },
    {
      "icon_id": "5267636",
      "name": "电话本",
      "font_class": "realname",
      "unicode": "e67a",
      "unicode_decimal": 59002
    },
    {
      "icon_id": "5377824",
      "name": "星座",
      "font_class": "xingzuo",
      "unicode": "e67d",
      "unicode_decimal": 59005
    },
    {
      "icon_id": "5877476",
      "name": "儿童",
      "font_class": "birthcity",
      "unicode": "e67e",
      "unicode_decimal": 59006
    },
    {
      "icon_id": "6388120",
      "name": "门牌建筑",
      "font_class": "position",
      "unicode": "e67f",
      "unicode_decimal": 59007
    },
    {
      "icon_id": "7173825",
      "name": "数字",
      "font_class": "idcard",
      "unicode": "e680",
      "unicode_decimal": 59008
    },
    {
      "icon_id": "7276661",
      "name": "爱心",
      "font_class": "affectivestatus",
      "unicode": "e681",
      "unicode_decimal": 59009
    },
    {
      "icon_id": "7539660",
      "name": "朋友",
      "font_class": "lookingfor",
      "unicode": "e794",
      "unicode_decimal": 59284
    },
    {
      "icon_id": "2531232",
      "name": "日历",
      "font_class": "birthday",
      "unicode": "e65f",
      "unicode_decimal": 58975
    },
    {
      "icon_id": "8473087",
      "name": "感叹号",
      "font_class": "gantanhao",
      "unicode": "e6f3",
      "unicode_decimal": 59123
    },
    {
      "icon_id": "5778920",
      "name": "购买",
      "font_class": "goumai",
      "unicode": "e6c3",
      "unicode_decimal": 59075
    },
    {
      "icon_id": "2107643",
      "name": "数字",
      "font_class": "yaoqingma",
      "unicode": "e65b",
      "unicode_decimal": 58971
    },
    {
      "icon_id": "2799198",
      "name": "笑脸",
      "font_class": "yaoqingren",
      "unicode": "e64b",
      "unicode_decimal": 58955
    },
    {
      "icon_id": "5558269",
      "name": "眼睛",
      "font_class": "yanjing",
      "unicode": "e64a",
      "unicode_decimal": 58954
    },
    {
      "icon_id": "4043332",
      "name": "问题",
      "font_class": "wenti1",
      "unicode": "e700",
      "unicode_decimal": 59136
    },
    {
      "icon_id": "2527455",
      "name": "确认密码",
      "font_class": "querenmima",
      "unicode": "e64f",
      "unicode_decimal": 58959
    },
    {
      "icon_id": "4213421",
      "name": "密码icon",
      "font_class": "mimaicon",
      "unicode": "e659",
      "unicode_decimal": 58969
    },
    {
      "icon_id": "507995",
      "name": "问题",
      "font_class": "wenti",
      "unicode": "e649",
      "unicode_decimal": 58953
    },
    {
      "icon_id": "756758",
      "name": "性别",
      "font_class": "gender",
      "unicode": "e688",
      "unicode_decimal": 59016
    },
    {
      "icon_id": "1757727",
      "name": "验证",
      "font_class": "yanzheng",
      "unicode": "e7b4",
      "unicode_decimal": 59316
    },
    {
      "icon_id": "2374641",
      "name": "用户",
      "font_class": "yonghu",
      "unicode": "e678",
      "unicode_decimal": 59000
    },
    {
      "icon_id": "4734722",
      "name": "邮箱",
      "font_class": "youxiang",
      "unicode": "e6b2",
      "unicode_decimal": 59058
    },
    {
      "icon_id": "628582",
      "name": "上",
      "font_class": "wzsyp",
      "unicode": "e665",
      "unicode_decimal": 58981
    },
    {
      "icon_id": "1316957",
      "name": "上",
      "font_class": "wzxyp",
      "unicode": "e648",
      "unicode_decimal": 58952
    },
    {
      "icon_id": "6504095",
      "name": "已删除",
      "font_class": "yishanchu",
      "unicode": "e644",
      "unicode_decimal": 58948
    },
    {
      "icon_id": "7676678",
      "name": "皇冠",
      "font_class": "huangguan",
      "unicode": "e638",
      "unicode_decimal": 58936
    },
    {
      "icon_id": "814861",
      "name": "排行",
      "font_class": "paixing",
      "unicode": "e636",
      "unicode_decimal": 58934
    },
    {
      "icon_id": "7150902",
      "name": "推荐版块",
      "font_class": "tuijianbankuai",
      "unicode": "e663",
      "unicode_decimal": 58979
    },
    {
      "icon_id": "7260027",
      "name": "火",
      "font_class": "huo",
      "unicode": "e637",
      "unicode_decimal": 58935
    },
    {
      "icon_id": "4139623",
      "name": "下拉 展开 下箭头 向下 线性",
      "font_class": "ssxx",
      "unicode": "e910",
      "unicode_decimal": 59664
    },
    {
      "icon_id": "1777341",
      "name": "错",
      "font_class": "cuo",
      "unicode": "e7cb",
      "unicode_decimal": 59339
    },
    {
      "icon_id": "6705614",
      "name": "对",
      "font_class": "dui",
      "unicode": "e632",
      "unicode_decimal": 58930
    },
    {
      "icon_id": "3496136",
      "name": "喜欢",
      "font_class": "xihuan",
      "unicode": "e65d",
      "unicode_decimal": 58973
    },
    {
      "icon_id": "2528039",
      "name": "相机",
      "font_class": "xiangji4",
      "unicode": "e630",
      "unicode_decimal": 58928
    },
    {
      "icon_id": "4193740",
      "name": "帖子",
      "font_class": "tiezi",
      "unicode": "e628",
      "unicode_decimal": 58920
    },
    {
      "icon_id": "807278",
      "name": "回复",
      "font_class": "sshuifu",
      "unicode": "e627",
      "unicode_decimal": 58919
    },
    {
      "icon_id": "4767108",
      "name": "下载",
      "font_class": "xiazai",
      "unicode": "e620",
      "unicode_decimal": 58912
    },
    {
      "icon_id": "4800080",
      "name": "充值",
      "font_class": "chongzhi",
      "unicode": "e6b9",
      "unicode_decimal": 59065
    },
    {
      "icon_id": "3560499",
      "name": "记录",
      "font_class": "jilu",
      "unicode": "e6a8",
      "unicode_decimal": 59048
    },
    {
      "icon_id": "6266281",
      "name": "忽略",
      "font_class": "dzhhl",
      "unicode": "e998",
      "unicode_decimal": 59800
    },
    {
      "icon_id": "420825",
      "name": "更多",
      "font_class": "hygdcz",
      "unicode": "e61e",
      "unicode_decimal": 58910
    },
    {
      "icon_id": "7140894",
      "name": "关  闭",
      "font_class": "hygdgb",
      "unicode": "e61f",
      "unicode_decimal": 58911
    },
    {
      "icon_id": "2579454",
      "name": "粉丝",
      "font_class": "tbxhfs",
      "unicode": "e677",
      "unicode_decimal": 58999
    },
    {
      "icon_id": "237753",
      "name": "wifi",
      "font_class": "zaixian",
      "unicode": "e661",
      "unicode_decimal": 58977
    },
    {
      "icon_id": "3993636",
      "name": "访客用户",
      "font_class": "zuji",
      "unicode": "e61d",
      "unicode_decimal": 58909
    },
    {
      "icon_id": "2668241",
      "name": "火",
      "font_class": "redu",
      "unicode": "e61c",
      "unicode_decimal": 58908
    },
    {
      "icon_id": "996646",
      "name": "关注 (1)",
      "font_class": "tabkgzt",
      "unicode": "e643",
      "unicode_decimal": 58947
    },
    {
      "icon_id": "2145394",
      "name": "成功",
      "font_class": "chenggong",
      "unicode": "e641",
      "unicode_decimal": 58945
    },
    {
      "icon_id": "844868",
      "name": "照相机",
      "font_class": "sctp",
      "unicode": "e673",
      "unicode_decimal": 58995
    },
    {
      "icon_id": "3722683",
      "name": "退出",
      "font_class": "tbxhtc",
      "unicode": "e66a",
      "unicode_decimal": 58986
    },
    {
      "icon_id": "7483897",
      "name": "加入班级",
      "font_class": "tbxhjr",
      "unicode": "e61b",
      "unicode_decimal": 58907
    },
    {
      "icon_id": "2710624",
      "name": "邀请",
      "font_class": "tbxhyq",
      "unicode": "e62a",
      "unicode_decimal": 58922
    },
    {
      "icon_id": "2755224",
      "name": "管理员",
      "font_class": "kjsygl",
      "unicode": "e708",
      "unicode_decimal": 59144
    },
    {
      "icon_id": "2921882",
      "name": "圈子",
      "font_class": "kjsyqz",
      "unicode": "e624",
      "unicode_decimal": 58916
    },
    {
      "icon_id": "953527",
      "name": "认证",
      "font_class": "kjsyrz",
      "unicode": "e619",
      "unicode_decimal": 58905
    },
    {
      "icon_id": "2417696",
      "name": "勋章",
      "font_class": "kjsyxz",
      "unicode": "e62b",
      "unicode_decimal": 58923
    },
    {
      "icon_id": "2519640",
      "name": "个人资料",
      "font_class": "kjsyzl",
      "unicode": "e61a",
      "unicode_decimal": 58906
    },
    {
      "icon_id": "707231",
      "name": "客服聊天",
      "font_class": "tabkfxx",
      "unicode": "e64e",
      "unicode_decimal": 58958
    },
    {
      "icon_id": "466509",
      "name": "打招呼",
      "font_class": "tabkdzh",
      "unicode": "e645",
      "unicode_decimal": 58949
    },
    {
      "icon_id": "3519951",
      "name": "加好友 1",
      "font_class": "tabkjhy",
      "unicode": "e635",
      "unicode_decimal": 58933
    },
    {
      "icon_id": "1358417",
      "name": "风格",
      "font_class": "tbxhfg",
      "unicode": "e623",
      "unicode_decimal": 58915
    },
    {
      "icon_id": "1988329",
      "name": "皇冠",
      "font_class": "tuijian",
      "unicode": "e687",
      "unicode_decimal": 59015
    },
    {
      "icon_id": "1782286",
      "name": "投票",
      "font_class": "toupiao",
      "unicode": "e640",
      "unicode_decimal": 58944
    },
    {
      "icon_id": "2774693",
      "name": "悬赏",
      "font_class": "xuanshang",
      "unicode": "e653",
      "unicode_decimal": 58963
    },
    {
      "icon_id": "3554435",
      "name": "话题",
      "font_class": "huati",
      "unicode": "e658",
      "unicode_decimal": 58968
    },
    {
      "icon_id": "3702285",
      "name": "商品",
      "font_class": "shangpin",
      "unicode": "e65c",
      "unicode_decimal": 58972
    },
    {
      "icon_id": "4494626",
      "name": "讨论区",
      "font_class": "taolunqu",
      "unicode": "e62c",
      "unicode_decimal": 58924
    },
    {
      "icon_id": "4498967",
      "name": "活动",
      "font_class": "huodong",
      "unicode": "e621",
      "unicode_decimal": 58913
    },
    {
      "icon_id": "791055",
      "name": "右双引号",
      "font_class": "ysyh",
      "unicode": "e62d",
      "unicode_decimal": 58925
    },
    {
      "icon_id": "791056",
      "name": "左双引号",
      "font_class": "zsyh",
      "unicode": "e62f",
      "unicode_decimal": 58927
    },
    {
      "icon_id": "712725",
      "name": "时间",
      "font_class": "xldaodu",
      "unicode": "e6af",
      "unicode_decimal": 59055
    },
    {
      "icon_id": "3203228",
      "name": "搜索",
      "font_class": "xlsousuo",
      "unicode": "e77b",
      "unicode_decimal": 59259
    },
    {
      "icon_id": "886550",
      "name": "回复",
      "font_class": "plbhf",
      "unicode": "e633",
      "unicode_decimal": 58931
    },
    {
      "icon_id": "7220634",
      "name": "关 闭@2x",
      "font_class": "guanbix",
      "unicode": "e647",
      "unicode_decimal": 58951
    },
    {
      "icon_id": "3844717",
      "name": "展开",
      "font_class": "clzk",
      "unicode": "e634",
      "unicode_decimal": 58932
    },
    {
      "icon_id": "1875618",
      "name": "隐私监控-01",
      "font_class": "clyinsi",
      "unicode": "e631",
      "unicode_decimal": 58929
    },
    {
      "icon_id": "1801615",
      "name": "问号",
      "font_class": "wenhao1",
      "unicode": "e618",
      "unicode_decimal": 58904
    },
    {
      "icon_id": "1367185",
      "name": "删除",
      "font_class": "shanchu",
      "unicode": "e65e",
      "unicode_decimal": 58974
    },
    {
      "icon_id": "4209085",
      "name": "问号",
      "font_class": "wenhao",
      "unicode": "e617",
      "unicode_decimal": 58903
    },
    {
      "icon_id": "1129191",
      "name": "个人",
      "font_class": "tbgrzx",
      "unicode": "e72b",
      "unicode_decimal": 59179
    },
    {
      "icon_id": "4933306",
      "name": "二维码",
      "font_class": "xhewm",
      "unicode": "e71e",
      "unicode_decimal": 59166
    },
    {
      "icon_id": "2432692",
      "name": "我的资料",
      "font_class": "clziliao",
      "unicode": "e615",
      "unicode_decimal": 58901
    },
    {
      "icon_id": "3061720",
      "name": "密码",
      "font_class": "clmima",
      "unicode": "e652",
      "unicode_decimal": 58962
    },
    {
      "icon_id": "3565930",
      "name": "勋章-星星",
      "font_class": "clxunzhang",
      "unicode": "e76d",
      "unicode_decimal": 59245
    },
    {
      "icon_id": "4335298",
      "name": "认证",
      "font_class": "clrenzheng",
      "unicode": "e616",
      "unicode_decimal": 58902
    },
    {
      "icon_id": "1875773",
      "name": "消息",
      "font_class": "clshuoshuo",
      "unicode": "e656",
      "unicode_decimal": 58966
    },
    {
      "icon_id": "2460948",
      "name": "班级相册",
      "font_class": "clxiangce",
      "unicode": "e729",
      "unicode_decimal": 59177
    },
    {
      "icon_id": "3267272",
      "name": "访客足迹@2x",
      "font_class": "clfangke",
      "unicode": "e614",
      "unicode_decimal": 58900
    },
    {
      "icon_id": "4093268",
      "name": "日志",
      "font_class": "clrizhi",
      "unicode": "e675",
      "unicode_decimal": 58997
    },
    {
      "icon_id": "1968436",
      "name": "礼物",
      "font_class": "liwu",
      "unicode": "e604",
      "unicode_decimal": 58884
    },
    {
      "icon_id": "4731635",
      "name": "设置",
      "font_class": "kjzlbj",
      "unicode": "e69f",
      "unicode_decimal": 59039
    },
    {
      "icon_id": "974942",
      "name": "向左",
      "font_class": "kjfh",
      "unicode": "e6d4",
      "unicode_decimal": 59092
    },
    {
      "icon_id": "6986266",
      "name": "收费标准",
      "font_class": "shoufei",
      "unicode": "e6f7",
      "unicode_decimal": 59127
    },
    {
      "icon_id": "3184252",
      "name": "提示",
      "font_class": "tishi",
      "unicode": "e713",
      "unicode_decimal": 59155
    },
    {
      "icon_id": "3355549",
      "name": "已回复",
      "font_class": "lchuifu",
      "unicode": "e613",
      "unicode_decimal": 58899
    },
    {
      "icon_id": "6356747",
      "name": "红包",
      "font_class": "lchongbao",
      "unicode": "e64c",
      "unicode_decimal": 58956
    },
    {
      "icon_id": "1053195",
      "name": "表情",
      "font_class": "biaoqing",
      "unicode": "e655",
      "unicode_decimal": 58965
    },
    {
      "icon_id": "1234161",
      "name": "艾特",
      "font_class": "aite",
      "unicode": "e603",
      "unicode_decimal": 58883
    },
    {
      "icon_id": "2434490",
      "name": "图片",
      "font_class": "tupian",
      "unicode": "e6c1",
      "unicode_decimal": 59073
    },
    {
      "icon_id": "2285134",
      "name": "视频",
      "font_class": "khshipin",
      "unicode": "e612",
      "unicode_decimal": 58898
    },
    {
      "icon_id": "3211247",
      "name": "分享",
      "font_class": "nydbfx",
      "unicode": "e63f",
      "unicode_decimal": 58943
    },
    {
      "icon_id": "2076187",
      "name": " 收藏2",
      "font_class": "nydbscon",
      "unicode": "e86d",
      "unicode_decimal": 59501
    },
    {
      "icon_id": "2076189",
      "name": " 收藏",
      "font_class": "nydbsc",
      "unicode": "e86e",
      "unicode_decimal": 59502
    },
    {
      "icon_id": "2076195",
      "name": "赞2",
      "font_class": "nydbdzon",
      "unicode": "e870",
      "unicode_decimal": 59504
    },
    {
      "icon_id": "2076196",
      "name": "赞",
      "font_class": "nydbdz",
      "unicode": "e871",
      "unicode_decimal": 59505
    },
    {
      "icon_id": "2076265",
      "name": "评论",
      "font_class": "nydbpl",
      "unicode": "e891",
      "unicode_decimal": 59537
    },
    {
      "icon_id": "5112352",
      "name": "写评论",
      "font_class": "xiepinglun",
      "unicode": "e611",
      "unicode_decimal": 58897
    },
    {
      "icon_id": "394669",
      "name": "返回",
      "font_class": "tbxhfh",
      "unicode": "e671",
      "unicode_decimal": 58993
    },
    {
      "icon_id": "1854183",
      "name": "举报",
      "font_class": "tbxhjb",
      "unicode": "e695",
      "unicode_decimal": 59029
    },
    {
      "icon_id": "1022722",
      "name": "发布",
      "font_class": "fbxhfb",
      "unicode": "e64d",
      "unicode_decimal": 58957
    },
    {
      "icon_id": "1117827",
      "name": "一起玩分享",
      "font_class": "tbxhfx",
      "unicode": "e646",
      "unicode_decimal": 58950
    },
    {
      "icon_id": "2578449",
      "name": "收藏",
      "font_class": "tbxhsc",
      "unicode": "e610",
      "unicode_decimal": 58896
    },
    {
      "icon_id": "4406928",
      "name": "男",
      "font_class": "nan",
      "unicode": "e60c",
      "unicode_decimal": 58892
    },
    {
      "icon_id": "4406944",
      "name": "女",
      "font_class": "nv",
      "unicode": "e60e",
      "unicode_decimal": 58894
    },
    {
      "icon_id": "6575228",
      "name": "红包",
      "font_class": "hongbao",
      "unicode": "e60b",
      "unicode_decimal": 58891
    },
    {
      "icon_id": "702375",
      "name": "权限",
      "font_class": "quanxian",
      "unicode": "e608",
      "unicode_decimal": 58888
    },
    {
      "icon_id": "6131791",
      "name": "打赏",
      "font_class": "dashang",
      "unicode": "e607",
      "unicode_decimal": 58887
    },
    {
      "icon_id": "1984552",
      "name": "不开心_线",
      "font_class": "bukaixin",
      "unicode": "e67b",
      "unicode_decimal": 59003
    },
    {
      "icon_id": "5080455",
      "name": "关注",
      "font_class": "guanzhu",
      "unicode": "e606",
      "unicode_decimal": 58886
    },
    {
      "icon_id": "1472522",
      "name": "编辑",
      "font_class": "bianji",
      "unicode": "e62e",
      "unicode_decimal": 58926
    },
    {
      "icon_id": "398512",
      "name": "app只看楼主",
      "font_class": "zhikanlz",
      "unicode": "e82c",
      "unicode_decimal": 59436
    },
    {
      "icon_id": "1761553",
      "name": "顺序-icon",
      "font_class": "daoxull",
      "unicode": "e63b",
      "unicode_decimal": 58939
    },
    {
      "icon_id": "1221567",
      "name": "设置",
      "font_class": "shezhi",
      "unicode": "e626",
      "unicode_decimal": 58918
    },
    {
      "icon_id": "1273593",
      "name": "向上收起",
      "font_class": "xszk",
      "unicode": "e786",
      "unicode_decimal": 59270
    },
    {
      "icon_id": "3324527",
      "name": "消息",
      "font_class": "xiaoxi",
      "unicode": "e6ff",
      "unicode_decimal": 59135
    },
    {
      "icon_id": "5102372",
      "name": "关 闭",
      "font_class": "guanbi",
      "unicode": "e642",
      "unicode_decimal": 58946
    },
    {
      "icon_id": "2008745",
      "name": "筛选",
      "font_class": "shaixuan",
      "unicode": "e748",
      "unicode_decimal": 59208
    },
    {
      "icon_id": "2337359",
      "name": "公告",
      "font_class": "gonggao",
      "unicode": "e6ce",
      "unicode_decimal": 59086
    },
    {
      "icon_id": "3868759",
      "name": "置顶",
      "font_class": "zhiding",
      "unicode": "e602",
      "unicode_decimal": 58882
    },
    {
      "icon_id": "1056714",
      "name": "发布",
      "font_class": "fabu",
      "unicode": "e676",
      "unicode_decimal": 58998
    },
    {
      "icon_id": "4139624",
      "name": "返回 左箭头 向左 上一步 线性",
      "font_class": "xzfh",
      "unicode": "e911",
      "unicode_decimal": 59665
    },
    {
      "icon_id": "429094",
      "name": "向下",
      "font_class": "xxzk",
      "unicode": "e70a",
      "unicode_decimal": 59146
    },
    {
      "icon_id": "3669827",
      "name": "加号",
      "font_class": "bkscj",
      "unicode": "e650",
      "unicode_decimal": 58960
    },
    {
      "icon_id": "1183090",
      "name": "复选框－向下展开",
      "font_class": "zhankaibk",
      "unicode": "e6b8",
      "unicode_decimal": 59064
    },
    {
      "icon_id": "2792651",
      "name": "复选框－无展开",
      "font_class": "guanbibk",
      "unicode": "e609",
      "unicode_decimal": 58889
    },
    {
      "icon_id": "1094692",
      "name": "点赞",
      "font_class": "dianzanon",
      "unicode": "e63a",
      "unicode_decimal": 58938
    },
    {
      "icon_id": "1121666",
      "name": "点赞",
      "font_class": "dianzan",
      "unicode": "e672",
      "unicode_decimal": 58994
    },
    {
      "icon_id": "679094",
      "name": "回复",
      "font_class": "huifu",
      "unicode": "e63e",
      "unicode_decimal": 58942
    },
    {
      "icon_id": "6291819",
      "name": "查看",
      "font_class": "chakan",
      "unicode": "e651",
      "unicode_decimal": 58961
    },
    {
      "icon_id": "4121153",
      "name": "更多",
      "font_class": "mkbtgd",
      "unicode": "e601",
      "unicode_decimal": 58881
    },
    {
      "icon_id": "4139625",
      "name": "跳转 前往 右箭头 向右 下一步 线性",
      "font_class": "xzdk",
      "unicode": "e912",
      "unicode_decimal": 59666
    },
    {
      "icon_id": "2921888",
      "name": "圈子 选中",
      "font_class": "clquanzi",
      "unicode": "e625",
      "unicode_decimal": 58917
    },
    {
      "icon_id": "4079516",
      "name": "管理",
      "font_class": "clguanli",
      "unicode": "e605",
      "unicode_decimal": 58885
    },
    {
      "icon_id": "951850",
      "name": "电脑",
      "font_class": "cldiannao",
      "unicode": "e63d",
      "unicode_decimal": 58941
    },
    {
      "icon_id": "5621422",
      "name": "搜索",
      "font_class": "clsousuo",
      "unicode": "e654",
      "unicode_decimal": 58964
    },
    {
      "icon_id": "4532577",
      "name": "风格（pitch on）",
      "font_class": "clfengge",
      "unicode": "e600",
      "unicode_decimal": 58880
    },
    {
      "icon_id": "5127124",
      "name": "任务",
      "font_class": "clrenwu",
      "unicode": "e686",
      "unicode_decimal": 59014
    },
    {
      "icon_id": "2416442",
      "name": "时间",
      "font_class": "cldaodu",
      "unicode": "e6cd",
      "unicode_decimal": 59085
    },
    {
      "icon_id": "2683238",
      "name": "资讯",
      "font_class": "clzixun",
      "unicode": "e60a",
      "unicode_decimal": 58890
    },
    {
      "icon_id": "3711476",
      "name": "标签",
      "font_class": "clbiaoqian",
      "unicode": "e657",
      "unicode_decimal": 58967
    },
    {
      "icon_id": "2842197",
      "name": "退出",
      "font_class": "tcqzn",
      "unicode": "e60d",
      "unicode_decimal": 58893
    },
    {
      "icon_id": "4634428",
      "name": "二维码",
      "font_class": "clewm",
      "unicode": "e639",
      "unicode_decimal": 58937
    },
    {
      "icon_id": "3676343",
      "name": "更多",
      "font_class": "txcl",
      "unicode": "e87a",
      "unicode_decimal": 59514
    },
    {
      "icon_id": "3632405",
      "name": "搜索",
      "font_class": "sousuo",
      "unicode": "e6e4",
      "unicode_decimal": 59108
    },
    {
      "icon_id": "1034945",
      "name": "发现",
      "font_class": "faxian1",
      "unicode": "e63c",
      "unicode_decimal": 58940
    },
    {
      "icon_id": "2739726",
      "name": "我的",
      "font_class": "wode1",
      "unicode": "e60f",
      "unicode_decimal": 58895
    },
    {
      "icon_id": "4486699",
      "name": "首页",
      "font_class": "clshouye",
      "unicode": "e674",
      "unicode_decimal": 58996
    },
    {
      "icon_id": "5258677",
      "name": "社区",
      "font_class": "clshequ",
      "unicode": "e622",
      "unicode_decimal": 58914
    }
  ]
}
