<?xml version="1.0" encoding="ISO-8859-1"?>
<root>
	<item id="spacecss"><![CDATA[]]></item>
	<item id="style"><![CDATA[static/topic/t1/style.css]]></item>
	<item id="layoutdata">
		<item id="diypage">
			<item id="frame`framefpY2cK">
				<item id="attr">
					<item id="name"><![CDATA[framefpY2cK]]></item>
					<item id="moveable"><![CDATA[true]]></item>
					<item id="className"><![CDATA[frame move-span cl frame-1]]></item>
					<item id="titles">
						<item id="className">
							<item id="0"><![CDATA[title frame-title]]></item>
						</item>
						<item id="style"><![CDATA[]]></item>
						<item id="first">
							<item id="text"><![CDATA[模块_图片幻灯]]></item>
							<item id="href"><![CDATA[]]></item>
							<item id="color"><![CDATA[]]></item>
							<item id="float"><![CDATA[]]></item>
							<item id="margin"><![CDATA[]]></item>
							<item id="font-size"><![CDATA[]]></item>
							<item id="className"><![CDATA[titletext]]></item>
							<item id="src"><![CDATA[]]></item>
						</item>
					</item>
				</item>
				<item id="column`framefpY2cK_left">
					<item id="attr">
						<item id="name"><![CDATA[framefpY2cK_left]]></item>
						<item id="className"><![CDATA[column frame-1-c]]></item>
					</item>
					<item id="block`portal_block_152">
						<item id="attr">
							<item id="name"><![CDATA[portal_block_152]]></item>
							<item id="className"><![CDATA[block move-span]]></item>
							<item id="titles"><![CDATA[]]></item>
						</item>
					</item>
				</item>
			</item>
			<item id="frame`framek3rJqj">
				<item id="attr">
					<item id="name"><![CDATA[framek3rJqj]]></item>
					<item id="moveable"><![CDATA[true]]></item>
					<item id="className"><![CDATA[frame move-span cl frame-1]]></item>
					<item id="titles">
						<item id="className">
							<item id="0"><![CDATA[title frame-title]]></item>
						</item>
						<item id="style"><![CDATA[]]></item>
						<item id="first">
							<item id="text"><![CDATA[模块_版块图标名称_5列]]></item>
							<item id="href"><![CDATA[]]></item>
							<item id="color"><![CDATA[]]></item>
							<item id="float"><![CDATA[]]></item>
							<item id="margin"><![CDATA[]]></item>
							<item id="font-size"><![CDATA[]]></item>
							<item id="className"><![CDATA[titletext]]></item>
							<item id="src"><![CDATA[]]></item>
						</item>
					</item>
				</item>
				<item id="column`framek3rJqj_left">
					<item id="attr">
						<item id="name"><![CDATA[framek3rJqj_left]]></item>
						<item id="className"><![CDATA[column frame-1-c]]></item>
					</item>
					<item id="block`portal_block_151">
						<item id="attr">
							<item id="name"><![CDATA[portal_block_151]]></item>
							<item id="className"><![CDATA[block move-span]]></item>
							<item id="titles"><![CDATA[]]></item>
						</item>
					</item>
				</item>
			</item>
			<item id="frame`framegDAa0X">
				<item id="attr">
					<item id="name"><![CDATA[framegDAa0X]]></item>
					<item id="moveable"><![CDATA[true]]></item>
					<item id="className"><![CDATA[frame move-span cl frame-1]]></item>
					<item id="titles">
						<item id="className">
							<item id="0"><![CDATA[title frame-title]]></item>
						</item>
						<item id="style"><![CDATA[]]></item>
						<item id="first">
							<item id="text"><![CDATA[公告]]></item>
							<item id="href"><![CDATA[]]></item>
							<item id="color"><![CDATA[]]></item>
							<item id="float"><![CDATA[]]></item>
							<item id="margin"><![CDATA[]]></item>
							<item id="font-size"><![CDATA[]]></item>
							<item id="className"><![CDATA[titletext]]></item>
							<item id="src"><![CDATA[]]></item>
						</item>
					</item>
				</item>
				<item id="column`framegDAa0X_left">
					<item id="attr">
						<item id="name"><![CDATA[framegDAa0X_left]]></item>
						<item id="className"><![CDATA[column frame-1-c]]></item>
					</item>
					<item id="block`portal_block_162">
						<item id="attr">
							<item id="name"><![CDATA[portal_block_162]]></item>
							<item id="className"><![CDATA[block move-span]]></item>
							<item id="titles"><![CDATA[]]></item>
						</item>
					</item>
				</item>
			</item>
			<item id="frame`frameA5j9aZ">
				<item id="attr">
					<item id="name"><![CDATA[frameA5j9aZ]]></item>
					<item id="moveable"><![CDATA[true]]></item>
					<item id="className"><![CDATA[frame move-span cl frame-1]]></item>
					<item id="titles">
						<item id="className">
							<item id="0"><![CDATA[title frame-title]]></item>
						</item>
						<item id="style"><![CDATA[]]></item>
						<item id="first">
							<item id="text"><![CDATA[模块_左标题右图_最新发布]]></item>
							<item id="href"><![CDATA[]]></item>
							<item id="color"><![CDATA[]]></item>
							<item id="float"><![CDATA[]]></item>
							<item id="margin"><![CDATA[]]></item>
							<item id="font-size"><![CDATA[]]></item>
							<item id="className"><![CDATA[titletext]]></item>
							<item id="src"><![CDATA[]]></item>
						</item>
					</item>
				</item>
				<item id="column`frameA5j9aZ_left">
					<item id="attr">
						<item id="name"><![CDATA[frameA5j9aZ_left]]></item>
						<item id="className"><![CDATA[column frame-1-c]]></item>
					</item>
					<item id="block`portal_block_154">
						<item id="attr">
							<item id="name"><![CDATA[portal_block_154]]></item>
							<item id="className"><![CDATA[block move-span]]></item>
							<item id="titles"><![CDATA[]]></item>
						</item>
					</item>
				</item>
			</item>
			<item id="frame`frameCSzAyG">
				<item id="attr">
					<item id="name"><![CDATA[frameCSzAyG]]></item>
					<item id="moveable"><![CDATA[true]]></item>
					<item id="className"><![CDATA[frame move-span cl frame-1]]></item>
					<item id="titles">
						<item id="className">
							<item id="0"><![CDATA[title frame-title]]></item>
						</item>
						<item id="style"><![CDATA[]]></item>
						<item id="first">
							<item id="text"><![CDATA[模块_图片幻灯_部分显示]]></item>
							<item id="href"><![CDATA[]]></item>
							<item id="color"><![CDATA[]]></item>
							<item id="float"><![CDATA[]]></item>
							<item id="margin"><![CDATA[]]></item>
							<item id="font-size"><![CDATA[]]></item>
							<item id="className"><![CDATA[titletext]]></item>
							<item id="src"><![CDATA[]]></item>
						</item>
					</item>
				</item>
				<item id="column`frameCSzAyG_left">
					<item id="attr">
						<item id="name"><![CDATA[frameCSzAyG_left]]></item>
						<item id="className"><![CDATA[column frame-1-c]]></item>
					</item>
					<item id="block`portal_block_153">
						<item id="attr">
							<item id="name"><![CDATA[portal_block_153]]></item>
							<item id="className"><![CDATA[block move-span]]></item>
							<item id="titles"><![CDATA[]]></item>
						</item>
					</item>
				</item>
			</item>
			<item id="frame`framezz2CNo">
				<item id="attr">
					<item id="name"><![CDATA[framezz2CNo]]></item>
					<item id="moveable"><![CDATA[true]]></item>
					<item id="className"><![CDATA[frame move-span cl frame-1]]></item>
					<item id="titles">
						<item id="className">
							<item id="0"><![CDATA[title frame-title]]></item>
						</item>
						<item id="style"><![CDATA[]]></item>
						<item id="first">
							<item id="text"><![CDATA[模块_左标题右图_点击加载]]></item>
							<item id="href"><![CDATA[]]></item>
							<item id="color"><![CDATA[]]></item>
							<item id="float"><![CDATA[]]></item>
							<item id="margin"><![CDATA[]]></item>
							<item id="font-size"><![CDATA[]]></item>
							<item id="className"><![CDATA[titletext]]></item>
							<item id="src"><![CDATA[]]></item>
						</item>
					</item>
				</item>
				<item id="column`framezz2CNo_left">
					<item id="attr">
						<item id="name"><![CDATA[framezz2CNo_left]]></item>
						<item id="className"><![CDATA[column frame-1-c]]></item>
					</item>
					<item id="block`portal_block_157">
						<item id="attr">
							<item id="name"><![CDATA[portal_block_157]]></item>
							<item id="className"><![CDATA[block move-span]]></item>
							<item id="titles"><![CDATA[]]></item>
						</item>
					</item>
				</item>
			</item>
			<item id="frame`frameA73s96">
				<item id="attr">
					<item id="name"><![CDATA[frameA73s96]]></item>
					<item id="moveable"><![CDATA[true]]></item>
					<item id="className"><![CDATA[frame move-span cl frame-1]]></item>
					<item id="titles">
						<item id="className">
							<item id="0"><![CDATA[title frame-title]]></item>
						</item>
						<item id="style"><![CDATA[]]></item>
						<item id="first">
							<item id="text"><![CDATA[模块_左标题右图_热榜]]></item>
							<item id="href"><![CDATA[]]></item>
							<item id="color"><![CDATA[]]></item>
							<item id="float"><![CDATA[]]></item>
							<item id="margin"><![CDATA[]]></item>
							<item id="font-size"><![CDATA[]]></item>
							<item id="className"><![CDATA[titletext]]></item>
							<item id="src"><![CDATA[]]></item>
						</item>
					</item>
				</item>
				<item id="column`frameA73s96_left">
					<item id="attr">
						<item id="name"><![CDATA[frameA73s96_left]]></item>
						<item id="className"><![CDATA[column frame-1-c]]></item>
					</item>
					<item id="block`portal_block_158">
						<item id="attr">
							<item id="name"><![CDATA[portal_block_158]]></item>
							<item id="className"><![CDATA[block move-span]]></item>
							<item id="titles"><![CDATA[]]></item>
						</item>
					</item>
				</item>
			</item>
			<item id="frame`frameM452zs">
				<item id="attr">
					<item id="name"><![CDATA[frameM452zs]]></item>
					<item id="moveable"><![CDATA[true]]></item>
					<item id="className"><![CDATA[frame move-span cl frame-1]]></item>
					<item id="titles">
						<item id="className">
							<item id="0"><![CDATA[title frame-title]]></item>
						</item>
						<item id="style"><![CDATA[]]></item>
						<item id="first">
							<item id="text"><![CDATA[模块_左标题右图_科技]]></item>
							<item id="href"><![CDATA[]]></item>
							<item id="color"><![CDATA[]]></item>
							<item id="float"><![CDATA[]]></item>
							<item id="margin"><![CDATA[]]></item>
							<item id="font-size"><![CDATA[]]></item>
							<item id="className"><![CDATA[titletext]]></item>
							<item id="src"><![CDATA[]]></item>
						</item>
					</item>
				</item>
				<item id="column`frameM452zs_left">
					<item id="attr">
						<item id="name"><![CDATA[frameM452zs_left]]></item>
						<item id="className"><![CDATA[column frame-1-c]]></item>
					</item>
					<item id="block`portal_block_156">
						<item id="attr">
							<item id="name"><![CDATA[portal_block_156]]></item>
							<item id="className"><![CDATA[block move-span]]></item>
							<item id="titles"><![CDATA[]]></item>
						</item>
					</item>
				</item>
			</item>
			<item id="frame`frameC5zXHL">
				<item id="attr">
					<item id="name"><![CDATA[frameC5zXHL]]></item>
					<item id="moveable"><![CDATA[true]]></item>
					<item id="className"><![CDATA[frame move-span cl frame-1]]></item>
					<item id="titles">
						<item id="className">
							<item id="0"><![CDATA[title frame-title]]></item>
						</item>
						<item id="style"><![CDATA[]]></item>
						<item id="first">
							<item id="text"><![CDATA[模块_图片_两列_美女]]></item>
							<item id="href"><![CDATA[]]></item>
							<item id="color"><![CDATA[]]></item>
							<item id="float"><![CDATA[]]></item>
							<item id="margin"><![CDATA[]]></item>
							<item id="font-size"><![CDATA[]]></item>
							<item id="className"><![CDATA[titletext]]></item>
							<item id="src"><![CDATA[]]></item>
						</item>
					</item>
				</item>
				<item id="column`frameC5zXHL_left">
					<item id="attr">
						<item id="name"><![CDATA[frameC5zXHL_left]]></item>
						<item id="className"><![CDATA[column frame-1-c]]></item>
					</item>
					<item id="block`portal_block_160">
						<item id="attr">
							<item id="name"><![CDATA[portal_block_160]]></item>
							<item id="className"><![CDATA[block move-span]]></item>
							<item id="titles"><![CDATA[]]></item>
						</item>
					</item>
				</item>
			</item>
			<item id="frame`frameBVp2E5">
				<item id="attr">
					<item id="name"><![CDATA[frameBVp2E5]]></item>
					<item id="moveable"><![CDATA[true]]></item>
					<item id="className"><![CDATA[frame move-span cl frame-1]]></item>
					<item id="titles">
						<item id="className">
							<item id="0"><![CDATA[title frame-title]]></item>
						</item>
						<item id="style"><![CDATA[]]></item>
						<item id="first">
							<item id="text"><![CDATA[模块_图片_两列_汽车]]></item>
							<item id="href"><![CDATA[]]></item>
							<item id="color"><![CDATA[]]></item>
							<item id="float"><![CDATA[]]></item>
							<item id="margin"><![CDATA[]]></item>
							<item id="font-size"><![CDATA[]]></item>
							<item id="className"><![CDATA[titletext]]></item>
							<item id="src"><![CDATA[]]></item>
						</item>
					</item>
				</item>
				<item id="column`frameBVp2E5_left">
					<item id="attr">
						<item id="name"><![CDATA[frameBVp2E5_left]]></item>
						<item id="className"><![CDATA[column frame-1-c]]></item>
					</item>
					<item id="block`portal_block_155">
						<item id="attr">
							<item id="name"><![CDATA[portal_block_155]]></item>
							<item id="className"><![CDATA[block move-span]]></item>
							<item id="titles"><![CDATA[]]></item>
						</item>
					</item>
				</item>
			</item>
			<item id="frame`frameU9gGth">
				<item id="attr">
					<item id="name"><![CDATA[frameU9gGth]]></item>
					<item id="moveable"><![CDATA[true]]></item>
					<item id="className"><![CDATA[frame move-span cl frame-1]]></item>
					<item id="titles">
						<item id="className">
							<item id="0"><![CDATA[title frame-title]]></item>
						</item>
						<item id="style"><![CDATA[]]></item>
						<item id="first">
							<item id="text"><![CDATA[模块_图片_两列_楼盘]]></item>
							<item id="href"><![CDATA[]]></item>
							<item id="color"><![CDATA[]]></item>
							<item id="float"><![CDATA[]]></item>
							<item id="margin"><![CDATA[]]></item>
							<item id="font-size"><![CDATA[]]></item>
							<item id="className"><![CDATA[titletext]]></item>
							<item id="src"><![CDATA[]]></item>
						</item>
					</item>
				</item>
				<item id="column`frameU9gGth_left">
					<item id="attr">
						<item id="name"><![CDATA[frameU9gGth_left]]></item>
						<item id="className"><![CDATA[column frame-1-c]]></item>
					</item>
					<item id="block`portal_block_161">
						<item id="attr">
							<item id="name"><![CDATA[portal_block_161]]></item>
							<item id="className"><![CDATA[block move-span]]></item>
							<item id="titles"><![CDATA[]]></item>
						</item>
					</item>
				</item>
			</item>
			<item id="frame`frameC7FiVU">
				<item id="attr">
					<item id="name"><![CDATA[frameC7FiVU]]></item>
					<item id="moveable"><![CDATA[true]]></item>
					<item id="className"><![CDATA[frame move-span frame-1 cl]]></item>
					<item id="titles">
						<item id="className">
							<item id="0"><![CDATA[frame-title title]]></item>
						</item>
						<item id="style"><![CDATA[]]></item>
						<item id="first">
							<item id="text"><![CDATA[模块_图片_两列_娱乐]]></item>
							<item id="href"><![CDATA[]]></item>
							<item id="color"><![CDATA[]]></item>
							<item id="float"><![CDATA[]]></item>
							<item id="margin"><![CDATA[]]></item>
							<item id="font-size"><![CDATA[]]></item>
							<item id="className"><![CDATA[titletext]]></item>
							<item id="src"><![CDATA[]]></item>
						</item>
					</item>
				</item>
				<item id="column`frameC7FiVU_left">
					<item id="attr">
						<item id="name"><![CDATA[frameC7FiVU_left]]></item>
						<item id="className"><![CDATA[column frame-1-c]]></item>
					</item>
					<item id="block`portal_block_163">
						<item id="attr">
							<item id="name"><![CDATA[portal_block_163]]></item>
							<item id="className"><![CDATA[block move-span]]></item>
							<item id="titles"><![CDATA[]]></item>
						</item>
					</item>
				</item>
			</item>
		</item>
	</item>
	<item id="blockdata">
		<item id="block">
			<item id="151">
				<item id="bid"><![CDATA[151]]></item>
				<item id="blockclass"><![CDATA[forum_forum]]></item>
				<item id="blocktype"><![CDATA[0]]></item>
				<item id="name"><![CDATA[模块_版块图标名称_5列]]></item>
				<item id="title"><![CDATA[]]></item>
				<item id="classname"><![CDATA[]]></item>
				<item id="summary"><![CDATA[]]></item>
				<item id="uid"><![CDATA[1]]></item>
				<item id="username"><![CDATA[admin]]></item>
				<item id="styleid"><![CDATA[124]]></item>
				<item id="blockstyle"><![CDATA[]]></item>
				<item id="picwidth"><![CDATA[0]]></item>
				<item id="picheight"><![CDATA[0]]></item>
				<item id="target"><![CDATA[blank]]></item>
				<item id="dateformat"><![CDATA[Y-m-d]]></item>
				<item id="dateuformat"><![CDATA[0]]></item>
				<item id="script"><![CDATA[forum]]></item>
				<item id="param">
					<item id="fids"><![CDATA[]]></item>
					<item id="fups">
						<item id="0"><![CDATA[0]]></item>
					</item>
					<item id="titlelength"><![CDATA[40]]></item>
					<item id="summarylength"><![CDATA[80]]></item>
					<item id="orderby"><![CDATA[displayorder]]></item>
					<item id="items"><![CDATA[5]]></item>
				</item>
				<item id="shownum"><![CDATA[5]]></item>
				<item id="cachetime"><![CDATA[3600]]></item>
				<item id="cachetimerange"><![CDATA[]]></item>
				<item id="punctualupdate"><![CDATA[0]]></item>
				<item id="hidedisplay"><![CDATA[0]]></item>
				<item id="dateline"><![CDATA[1606783433]]></item>
				<item id="notinherited"><![CDATA[0]]></item>
				<item id="isblank"><![CDATA[0]]></item>
			</item>
			<item id="152">
				<item id="bid"><![CDATA[152]]></item>
				<item id="blockclass"><![CDATA[forum_thread]]></item>
				<item id="blocktype"><![CDATA[0]]></item>
				<item id="name"><![CDATA[模块_图片幻灯]]></item>
				<item id="title"><![CDATA[]]></item>
				<item id="classname"><![CDATA[]]></item>
				<item id="summary"><![CDATA[]]></item>
				<item id="uid"><![CDATA[1]]></item>
				<item id="username"><![CDATA[admin]]></item>
				<item id="styleid"><![CDATA[110]]></item>
				<item id="blockstyle"><![CDATA[]]></item>
				<item id="picwidth"><![CDATA[800]]></item>
				<item id="picheight"><![CDATA[500]]></item>
				<item id="target"><![CDATA[self]]></item>
				<item id="dateformat"><![CDATA[Y-m-d]]></item>
				<item id="dateuformat"><![CDATA[0]]></item>
				<item id="script"><![CDATA[threadnew]]></item>
				<item id="param">
					<item id="fids">
						<item id="0"><![CDATA[0]]></item>
					</item>
					<item id="special">
						<item id="0"><![CDATA[0]]></item>
					</item>
					<item id="viewmod"><![CDATA[0]]></item>
					<item id="rewardstatus"><![CDATA[0]]></item>
					<item id="picrequired"><![CDATA[1]]></item>
					<item id="orderby"><![CDATA[dateline]]></item>
					<item id="postdateline"><![CDATA[0]]></item>
					<item id="lastpost"><![CDATA[0]]></item>
					<item id="titlelength"><![CDATA[40]]></item>
					<item id="summarylength"><![CDATA[80]]></item>
					<item id="startrow"><![CDATA[0]]></item>
					<item id="items"><![CDATA[5]]></item>
				</item>
				<item id="shownum"><![CDATA[5]]></item>
				<item id="cachetime"><![CDATA[3600]]></item>
				<item id="cachetimerange"><![CDATA[]]></item>
				<item id="punctualupdate"><![CDATA[0]]></item>
				<item id="hidedisplay"><![CDATA[0]]></item>
				<item id="dateline"><![CDATA[1606783424]]></item>
				<item id="notinherited"><![CDATA[0]]></item>
				<item id="isblank"><![CDATA[0]]></item>
			</item>
			<item id="153">
				<item id="bid"><![CDATA[153]]></item>
				<item id="blockclass"><![CDATA[forum_thread]]></item>
				<item id="blocktype"><![CDATA[0]]></item>
				<item id="name"><![CDATA[模块_图片幻灯_部分显示]]></item>
				<item id="title"><![CDATA[]]></item>
				<item id="classname"><![CDATA[]]></item>
				<item id="summary"><![CDATA[]]></item>
				<item id="uid"><![CDATA[1]]></item>
				<item id="username"><![CDATA[admin]]></item>
				<item id="styleid"><![CDATA[187]]></item>
				<item id="blockstyle"><![CDATA[]]></item>
				<item id="picwidth"><![CDATA[480]]></item>
				<item id="picheight"><![CDATA[240]]></item>
				<item id="target"><![CDATA[self]]></item>
				<item id="dateformat"><![CDATA[Y-m-d]]></item>
				<item id="dateuformat"><![CDATA[0]]></item>
				<item id="script"><![CDATA[threadnew]]></item>
				<item id="param">
					<item id="fids">
						<item id="0"><![CDATA[0]]></item>
					</item>
					<item id="special">
						<item id="0"><![CDATA[0]]></item>
					</item>
					<item id="viewmod"><![CDATA[0]]></item>
					<item id="rewardstatus"><![CDATA[0]]></item>
					<item id="picrequired"><![CDATA[1]]></item>
					<item id="orderby"><![CDATA[lastpost]]></item>
					<item id="postdateline"><![CDATA[0]]></item>
					<item id="lastpost"><![CDATA[0]]></item>
					<item id="titlelength"><![CDATA[40]]></item>
					<item id="summarylength"><![CDATA[80]]></item>
					<item id="startrow"><![CDATA[0]]></item>
					<item id="items"><![CDATA[3]]></item>
				</item>
				<item id="shownum"><![CDATA[3]]></item>
				<item id="cachetime"><![CDATA[3600]]></item>
				<item id="cachetimerange"><![CDATA[]]></item>
				<item id="punctualupdate"><![CDATA[0]]></item>
				<item id="hidedisplay"><![CDATA[0]]></item>
				<item id="dateline"><![CDATA[1606783201]]></item>
				<item id="notinherited"><![CDATA[0]]></item>
				<item id="isblank"><![CDATA[0]]></item>
			</item>
			<item id="154">
				<item id="bid"><![CDATA[154]]></item>
				<item id="blockclass"><![CDATA[forum_thread]]></item>
				<item id="blocktype"><![CDATA[0]]></item>
				<item id="name"><![CDATA[模块_左标题右图_最新发布]]></item>
				<item id="title"><![CDATA[]]></item>
				<item id="classname"><![CDATA[]]></item>
				<item id="summary"><![CDATA[]]></item>
				<item id="uid"><![CDATA[1]]></item>
				<item id="username"><![CDATA[admin]]></item>
				<item id="styleid"><![CDATA[175]]></item>
				<item id="blockstyle"><![CDATA[]]></item>
				<item id="picwidth"><![CDATA[240]]></item>
				<item id="picheight"><![CDATA[140]]></item>
				<item id="target"><![CDATA[self]]></item>
				<item id="dateformat"><![CDATA[m-d]]></item>
				<item id="dateuformat"><![CDATA[0]]></item>
				<item id="script"><![CDATA[threadnew]]></item>
				<item id="param">
					<item id="fids">
						<item id="0"><![CDATA[0]]></item>
					</item>
					<item id="special">
						<item id="0"><![CDATA[0]]></item>
					</item>
					<item id="viewmod"><![CDATA[0]]></item>
					<item id="rewardstatus"><![CDATA[0]]></item>
					<item id="picrequired"><![CDATA[1]]></item>
					<item id="orderby"><![CDATA[dateline]]></item>
					<item id="postdateline"><![CDATA[0]]></item>
					<item id="lastpost"><![CDATA[0]]></item>
					<item id="titlelength"><![CDATA[40]]></item>
					<item id="summarylength"><![CDATA[80]]></item>
					<item id="startrow"><![CDATA[0]]></item>
					<item id="items"><![CDATA[10]]></item>
				</item>
				<item id="shownum"><![CDATA[10]]></item>
				<item id="cachetime"><![CDATA[3600]]></item>
				<item id="cachetimerange"><![CDATA[]]></item>
				<item id="punctualupdate"><![CDATA[0]]></item>
				<item id="hidedisplay"><![CDATA[0]]></item>
				<item id="dateline"><![CDATA[1606781738]]></item>
				<item id="notinherited"><![CDATA[0]]></item>
				<item id="isblank"><![CDATA[0]]></item>
			</item>
			<item id="155">
				<item id="bid"><![CDATA[155]]></item>
				<item id="blockclass"><![CDATA[forum_thread]]></item>
				<item id="blocktype"><![CDATA[0]]></item>
				<item id="name"><![CDATA[模块_图片_两列_汽车]]></item>
				<item id="title"><![CDATA[]]></item>
				<item id="classname"><![CDATA[]]></item>
				<item id="summary"><![CDATA[]]></item>
				<item id="uid"><![CDATA[1]]></item>
				<item id="username"><![CDATA[admin]]></item>
				<item id="styleid"><![CDATA[186]]></item>
				<item id="blockstyle"><![CDATA[]]></item>
				<item id="picwidth"><![CDATA[360]]></item>
				<item id="picheight"><![CDATA[240]]></item>
				<item id="target"><![CDATA[self]]></item>
				<item id="dateformat"><![CDATA[m-d]]></item>
				<item id="dateuformat"><![CDATA[0]]></item>
				<item id="script"><![CDATA[threadnew]]></item>
				<item id="param">
					<item id="fids">
						<item id="0"><![CDATA[0]]></item>
					</item>
					<item id="special">
						<item id="0"><![CDATA[0]]></item>
					</item>
					<item id="viewmod"><![CDATA[0]]></item>
					<item id="rewardstatus"><![CDATA[0]]></item>
					<item id="picrequired"><![CDATA[1]]></item>
					<item id="orderby"><![CDATA[lastpost]]></item>
					<item id="postdateline"><![CDATA[0]]></item>
					<item id="lastpost"><![CDATA[0]]></item>
					<item id="titlelength"><![CDATA[40]]></item>
					<item id="summarylength"><![CDATA[80]]></item>
					<item id="startrow"><![CDATA[0]]></item>
					<item id="items"><![CDATA[10]]></item>
				</item>
				<item id="shownum"><![CDATA[10]]></item>
				<item id="cachetime"><![CDATA[3600]]></item>
				<item id="cachetimerange"><![CDATA[]]></item>
				<item id="punctualupdate"><![CDATA[0]]></item>
				<item id="hidedisplay"><![CDATA[0]]></item>
				<item id="dateline"><![CDATA[1606783407]]></item>
				<item id="notinherited"><![CDATA[0]]></item>
				<item id="isblank"><![CDATA[0]]></item>
			</item>
			<item id="156">
				<item id="bid"><![CDATA[156]]></item>
				<item id="blockclass"><![CDATA[forum_thread]]></item>
				<item id="blocktype"><![CDATA[0]]></item>
				<item id="name"><![CDATA[模块_左标题右图_科技]]></item>
				<item id="title"><![CDATA[]]></item>
				<item id="classname"><![CDATA[]]></item>
				<item id="summary"><![CDATA[]]></item>
				<item id="uid"><![CDATA[1]]></item>
				<item id="username"><![CDATA[admin]]></item>
				<item id="styleid"><![CDATA[175]]></item>
				<item id="blockstyle"><![CDATA[]]></item>
				<item id="picwidth"><![CDATA[240]]></item>
				<item id="picheight"><![CDATA[140]]></item>
				<item id="target"><![CDATA[self]]></item>
				<item id="dateformat"><![CDATA[m-d]]></item>
				<item id="dateuformat"><![CDATA[0]]></item>
				<item id="script"><![CDATA[threadnew]]></item>
				<item id="param">
					<item id="fids">
						<item id="0"><![CDATA[0]]></item>
					</item>
					<item id="special">
						<item id="0"><![CDATA[0]]></item>
					</item>
					<item id="viewmod"><![CDATA[0]]></item>
					<item id="rewardstatus"><![CDATA[0]]></item>
					<item id="picrequired"><![CDATA[1]]></item>
					<item id="orderby"><![CDATA[dateline]]></item>
					<item id="postdateline"><![CDATA[0]]></item>
					<item id="lastpost"><![CDATA[0]]></item>
					<item id="titlelength"><![CDATA[40]]></item>
					<item id="summarylength"><![CDATA[80]]></item>
					<item id="startrow"><![CDATA[0]]></item>
					<item id="items"><![CDATA[10]]></item>
				</item>
				<item id="shownum"><![CDATA[10]]></item>
				<item id="cachetime"><![CDATA[3600]]></item>
				<item id="cachetimerange"><![CDATA[]]></item>
				<item id="punctualupdate"><![CDATA[0]]></item>
				<item id="hidedisplay"><![CDATA[0]]></item>
				<item id="dateline"><![CDATA[1606783329]]></item>
				<item id="notinherited"><![CDATA[0]]></item>
				<item id="isblank"><![CDATA[0]]></item>
			</item>
			<item id="157">
				<item id="bid"><![CDATA[157]]></item>
				<item id="blockclass"><![CDATA[forum_thread]]></item>
				<item id="blocktype"><![CDATA[0]]></item>
				<item id="name"><![CDATA[模块_左标题右图_点击加载]]></item>
				<item id="title"><![CDATA[]]></item>
				<item id="classname"><![CDATA[]]></item>
				<item id="summary"><![CDATA[]]></item>
				<item id="uid"><![CDATA[1]]></item>
				<item id="username"><![CDATA[admin]]></item>
				<item id="styleid"><![CDATA[180]]></item>
				<item id="blockstyle"><![CDATA[]]></item>
				<item id="picwidth"><![CDATA[240]]></item>
				<item id="picheight"><![CDATA[140]]></item>
				<item id="target"><![CDATA[self]]></item>
				<item id="dateformat"><![CDATA[m-d]]></item>
				<item id="dateuformat"><![CDATA[0]]></item>
				<item id="script"><![CDATA[threadnew]]></item>
				<item id="param">
					<item id="fids">
						<item id="0"><![CDATA[0]]></item>
					</item>
					<item id="special">
						<item id="0"><![CDATA[0]]></item>
					</item>
					<item id="viewmod"><![CDATA[0]]></item>
					<item id="rewardstatus"><![CDATA[0]]></item>
					<item id="picrequired"><![CDATA[1]]></item>
					<item id="orderby"><![CDATA[lastpost]]></item>
					<item id="postdateline"><![CDATA[0]]></item>
					<item id="lastpost"><![CDATA[0]]></item>
					<item id="titlelength"><![CDATA[40]]></item>
					<item id="summarylength"><![CDATA[80]]></item>
					<item id="startrow"><![CDATA[0]]></item>
					<item id="items"><![CDATA[100]]></item>
				</item>
				<item id="shownum"><![CDATA[100]]></item>
				<item id="cachetime"><![CDATA[3600]]></item>
				<item id="cachetimerange"><![CDATA[]]></item>
				<item id="punctualupdate"><![CDATA[0]]></item>
				<item id="hidedisplay"><![CDATA[0]]></item>
				<item id="dateline"><![CDATA[1606781860]]></item>
				<item id="notinherited"><![CDATA[0]]></item>
				<item id="isblank"><![CDATA[0]]></item>
			</item>
			<item id="158">
				<item id="bid"><![CDATA[158]]></item>
				<item id="blockclass"><![CDATA[forum_thread]]></item>
				<item id="blocktype"><![CDATA[0]]></item>
				<item id="name"><![CDATA[模块_左标题右图_热榜]]></item>
				<item id="title"><![CDATA[]]></item>
				<item id="classname"><![CDATA[]]></item>
				<item id="summary"><![CDATA[]]></item>
				<item id="uid"><![CDATA[1]]></item>
				<item id="username"><![CDATA[admin]]></item>
				<item id="styleid"><![CDATA[175]]></item>
				<item id="blockstyle"><![CDATA[]]></item>
				<item id="picwidth"><![CDATA[240]]></item>
				<item id="picheight"><![CDATA[140]]></item>
				<item id="target"><![CDATA[self]]></item>
				<item id="dateformat"><![CDATA[m-d]]></item>
				<item id="dateuformat"><![CDATA[0]]></item>
				<item id="script"><![CDATA[threadhot]]></item>
				<item id="param">
					<item id="fids">
						<item id="0"><![CDATA[0]]></item>
					</item>
					<item id="special">
						<item id="0"><![CDATA[0]]></item>
					</item>
					<item id="viewmod"><![CDATA[0]]></item>
					<item id="rewardstatus"><![CDATA[0]]></item>
					<item id="picrequired"><![CDATA[1]]></item>
					<item id="orderby"><![CDATA[views]]></item>
					<item id="postdateline"><![CDATA[0]]></item>
					<item id="lastpost"><![CDATA[0]]></item>
					<item id="titlelength"><![CDATA[40]]></item>
					<item id="summarylength"><![CDATA[80]]></item>
					<item id="items"><![CDATA[10]]></item>
				</item>
				<item id="shownum"><![CDATA[10]]></item>
				<item id="cachetime"><![CDATA[3600]]></item>
				<item id="cachetimerange"><![CDATA[]]></item>
				<item id="punctualupdate"><![CDATA[0]]></item>
				<item id="hidedisplay"><![CDATA[0]]></item>
				<item id="dateline"><![CDATA[1606783422]]></item>
				<item id="notinherited"><![CDATA[0]]></item>
				<item id="isblank"><![CDATA[0]]></item>
			</item>
			<item id="160">
				<item id="bid"><![CDATA[160]]></item>
				<item id="blockclass"><![CDATA[forum_thread]]></item>
				<item id="blocktype"><![CDATA[0]]></item>
				<item id="name"><![CDATA[模块_图片_两列_美女]]></item>
				<item id="title"><![CDATA[]]></item>
				<item id="classname"><![CDATA[]]></item>
				<item id="summary"><![CDATA[]]></item>
				<item id="uid"><![CDATA[1]]></item>
				<item id="username"><![CDATA[admin]]></item>
				<item id="styleid"><![CDATA[186]]></item>
				<item id="blockstyle"><![CDATA[]]></item>
				<item id="picwidth"><![CDATA[360]]></item>
				<item id="picheight"><![CDATA[240]]></item>
				<item id="target"><![CDATA[self]]></item>
				<item id="dateformat"><![CDATA[m-d]]></item>
				<item id="dateuformat"><![CDATA[0]]></item>
				<item id="script"><![CDATA[threadnew]]></item>
				<item id="param">
					<item id="fids">
						<item id="0"><![CDATA[0]]></item>
					</item>
					<item id="special">
						<item id="0"><![CDATA[0]]></item>
					</item>
					<item id="viewmod"><![CDATA[0]]></item>
					<item id="rewardstatus"><![CDATA[0]]></item>
					<item id="picrequired"><![CDATA[1]]></item>
					<item id="orderby"><![CDATA[dateline]]></item>
					<item id="postdateline"><![CDATA[0]]></item>
					<item id="lastpost"><![CDATA[0]]></item>
					<item id="titlelength"><![CDATA[40]]></item>
					<item id="summarylength"><![CDATA[80]]></item>
					<item id="startrow"><![CDATA[0]]></item>
					<item id="items"><![CDATA[10]]></item>
				</item>
				<item id="shownum"><![CDATA[10]]></item>
				<item id="cachetime"><![CDATA[3600]]></item>
				<item id="cachetimerange"><![CDATA[]]></item>
				<item id="punctualupdate"><![CDATA[0]]></item>
				<item id="hidedisplay"><![CDATA[0]]></item>
				<item id="dateline"><![CDATA[1606781864]]></item>
				<item id="notinherited"><![CDATA[0]]></item>
				<item id="isblank"><![CDATA[0]]></item>
			</item>
			<item id="161">
				<item id="bid"><![CDATA[161]]></item>
				<item id="blockclass"><![CDATA[forum_thread]]></item>
				<item id="blocktype"><![CDATA[0]]></item>
				<item id="name"><![CDATA[模块_图片_两列_楼盘]]></item>
				<item id="title"><![CDATA[]]></item>
				<item id="classname"><![CDATA[]]></item>
				<item id="summary"><![CDATA[]]></item>
				<item id="uid"><![CDATA[1]]></item>
				<item id="username"><![CDATA[admin]]></item>
				<item id="styleid"><![CDATA[186]]></item>
				<item id="blockstyle"><![CDATA[]]></item>
				<item id="picwidth"><![CDATA[360]]></item>
				<item id="picheight"><![CDATA[240]]></item>
				<item id="target"><![CDATA[self]]></item>
				<item id="dateformat"><![CDATA[m-d]]></item>
				<item id="dateuformat"><![CDATA[0]]></item>
				<item id="script"><![CDATA[threadnew]]></item>
				<item id="param">
					<item id="fids">
						<item id="0"><![CDATA[0]]></item>
					</item>
					<item id="special">
						<item id="0"><![CDATA[0]]></item>
					</item>
					<item id="viewmod"><![CDATA[0]]></item>
					<item id="rewardstatus"><![CDATA[0]]></item>
					<item id="picrequired"><![CDATA[1]]></item>
					<item id="orderby"><![CDATA[lastpost]]></item>
					<item id="postdateline"><![CDATA[0]]></item>
					<item id="lastpost"><![CDATA[0]]></item>
					<item id="titlelength"><![CDATA[40]]></item>
					<item id="summarylength"><![CDATA[80]]></item>
					<item id="startrow"><![CDATA[0]]></item>
					<item id="items"><![CDATA[10]]></item>
				</item>
				<item id="shownum"><![CDATA[10]]></item>
				<item id="cachetime"><![CDATA[3600]]></item>
				<item id="cachetimerange"><![CDATA[]]></item>
				<item id="punctualupdate"><![CDATA[0]]></item>
				<item id="hidedisplay"><![CDATA[0]]></item>
				<item id="dateline"><![CDATA[1606782163]]></item>
				<item id="notinherited"><![CDATA[0]]></item>
				<item id="isblank"><![CDATA[0]]></item>
			</item>
			<item id="162">
				<item id="bid"><![CDATA[162]]></item>
				<item id="blockclass"><![CDATA[forum_thread]]></item>
				<item id="blocktype"><![CDATA[0]]></item>
				<item id="name"><![CDATA[模块_标题滚动显示_时间]]></item>
				<item id="title"><![CDATA[]]></item>
				<item id="classname"><![CDATA[]]></item>
				<item id="summary"><![CDATA[]]></item>
				<item id="uid"><![CDATA[1]]></item>
				<item id="username"><![CDATA[admin]]></item>
				<item id="styleid"><![CDATA[125]]></item>
				<item id="blockstyle"><![CDATA[]]></item>
				<item id="picwidth"><![CDATA[0]]></item>
				<item id="picheight"><![CDATA[0]]></item>
				<item id="target"><![CDATA[self]]></item>
				<item id="dateformat"><![CDATA[m-d]]></item>
				<item id="dateuformat"><![CDATA[0]]></item>
				<item id="script"><![CDATA[threadnew]]></item>
				<item id="param">
					<item id="fids">
						<item id="0"><![CDATA[0]]></item>
					</item>
					<item id="special">
						<item id="0"><![CDATA[0]]></item>
					</item>
					<item id="viewmod"><![CDATA[0]]></item>
					<item id="rewardstatus"><![CDATA[0]]></item>
					<item id="picrequired"><![CDATA[0]]></item>
					<item id="orderby"><![CDATA[dateline]]></item>
					<item id="postdateline"><![CDATA[0]]></item>
					<item id="lastpost"><![CDATA[0]]></item>
					<item id="titlelength"><![CDATA[40]]></item>
					<item id="summarylength"><![CDATA[80]]></item>
					<item id="startrow"><![CDATA[0]]></item>
					<item id="items"><![CDATA[5]]></item>
				</item>
				<item id="shownum"><![CDATA[5]]></item>
				<item id="cachetime"><![CDATA[3600]]></item>
				<item id="cachetimerange"><![CDATA[]]></item>
				<item id="punctualupdate"><![CDATA[0]]></item>
				<item id="hidedisplay"><![CDATA[0]]></item>
				<item id="dateline"><![CDATA[1606781626]]></item>
				<item id="notinherited"><![CDATA[0]]></item>
				<item id="isblank"><![CDATA[0]]></item>
			</item>
			<item id="163">
				<item id="bid"><![CDATA[163]]></item>
				<item id="blockclass"><![CDATA[forum_thread]]></item>
				<item id="blocktype"><![CDATA[0]]></item>
				<item id="name"><![CDATA[模块_图片_两列_娱乐]]></item>
				<item id="title"><![CDATA[]]></item>
				<item id="classname"><![CDATA[]]></item>
				<item id="summary"><![CDATA[]]></item>
				<item id="uid"><![CDATA[1]]></item>
				<item id="username"><![CDATA[admin]]></item>
				<item id="styleid"><![CDATA[186]]></item>
				<item id="blockstyle"><![CDATA[]]></item>
				<item id="picwidth"><![CDATA[360]]></item>
				<item id="picheight"><![CDATA[240]]></item>
				<item id="target"><![CDATA[self]]></item>
				<item id="dateformat"><![CDATA[m-d]]></item>
				<item id="dateuformat"><![CDATA[0]]></item>
				<item id="script"><![CDATA[threadnew]]></item>
				<item id="param">
					<item id="fids">
						<item id="0"><![CDATA[0]]></item>
					</item>
					<item id="special">
						<item id="0"><![CDATA[0]]></item>
					</item>
					<item id="viewmod"><![CDATA[0]]></item>
					<item id="rewardstatus"><![CDATA[0]]></item>
					<item id="picrequired"><![CDATA[1]]></item>
					<item id="orderby"><![CDATA[lastpost]]></item>
					<item id="postdateline"><![CDATA[0]]></item>
					<item id="lastpost"><![CDATA[0]]></item>
					<item id="titlelength"><![CDATA[40]]></item>
					<item id="summarylength"><![CDATA[80]]></item>
					<item id="startrow"><![CDATA[0]]></item>
					<item id="items"><![CDATA[10]]></item>
				</item>
				<item id="shownum"><![CDATA[10]]></item>
				<item id="cachetime"><![CDATA[3600]]></item>
				<item id="cachetimerange"><![CDATA[]]></item>
				<item id="punctualupdate"><![CDATA[0]]></item>
				<item id="hidedisplay"><![CDATA[0]]></item>
				<item id="dateline"><![CDATA[1606782647]]></item>
				<item id="notinherited"><![CDATA[0]]></item>
				<item id="isblank"><![CDATA[0]]></item>
			</item>
		</item>
		<item id="style">
			<item id="110">
				<item id="styleid"><![CDATA[110]]></item>
				<item id="blockclass"><![CDATA[forum_thread]]></item>
				<item id="name"><![CDATA[[内置]帖子图片幻灯片]]></item>
				<item id="template">
					<item id="raw"><![CDATA[<div class="module cl slidebox">
<ul class="slideshow">
[loop]
<li style="width: {picwidth}px; height: {picheight}px;"><a href="{url}"{target}><img src="{pic}" width="{picwidth}" height="{picheight}" /></a><span class="title">{title}</span></li>
[/loop]
</ul>
</div>
<script type="text/javascript">
runslideshow();
</script>]]></item>
					<item id="footer"><![CDATA[]]></item>
					<item id="header"><![CDATA[]]></item>
					<item id="indexplus">
					</item>
					<item id="index">
					</item>
					<item id="orderplus">
					</item>
					<item id="order">
					</item>
					<item id="loopplus">
					</item>
					<item id="loop"><![CDATA[<li style="width: {picwidth}px; height: {picheight}px;"><a href="{url}"{target}><img src="{pic}" width="{picwidth}" height="{picheight}" /></a><span class="title">{title}</span></li>]]></item>
				</item>
				<item id="hash"><![CDATA[cba1f109]]></item>
				<item id="getpic"><![CDATA[1]]></item>
				<item id="getsummary"><![CDATA[0]]></item>
				<item id="makethumb"><![CDATA[1]]></item>
				<item id="settarget"><![CDATA[1]]></item>
				<item id="fields">
					<item id="0"><![CDATA[url]]></item>
					<item id="1"><![CDATA[pic]]></item>
					<item id="2"><![CDATA[title]]></item>
				</item>
				<item id="moreurl"><![CDATA[0]]></item>
			</item>
			<item id="124">
				<item id="styleid"><![CDATA[124]]></item>
				<item id="blockclass"><![CDATA[forum_forum]]></item>
				<item id="name"><![CDATA[[未来科技_手机]]版块调用-图标+版块名称-上图标下标题-五列]]></item>
				<item id="template">
					<item id="raw"><![CDATA[
<!--
[未来科技_手机]]版块调用-图标+版块名称-上图标下标题-五列
-->
<style type="text/css">

.vk_bbs_icon { padding: 10px 0 0 0; }
.vk_bbs_list { padding:0px; width:100%; overflow:hidden; }
.vk_bbs_list li { float:left; width: 19.925%; height: 80px; margin:5px 0;  display:table-cell; vertical-align:middle; text-align:center;}
.vk_bbs_list li:nth-child(5n) { width: 20%; margin-right: -0.5px; }

.vk_bbs_list li img {vertical-align:middle; max-width:40px; max-height: 40px;/* border-radius:50%;*/ }
.vk_bbs_list li p { margin:0 auto; max-width:80px; height:24px; line-height:30px; overflow:hidden; text-align:center; }
.vk_bbs_list li p a { color:#333; font-size:12px; }

</style>
<div class="vk_bbs_icon vk_block_none ">
	<ul class="vk_bbs_list cl"> 
	[loop]
		<li>
		   <a href="{url}" title="{title}" target="_blank" class="vk_bbs_icon"> <img src="{icon}" /> </a>
		   <p><a  href="{url}" title="{title}" target="_blank"> {title} </a></p>
		</li>
	[/loop] 
	</ul>
</div>

]]></item>
					<item id="footer"><![CDATA[]]></item>
					<item id="header"><![CDATA[]]></item>
					<item id="indexplus">
					</item>
					<item id="index">
					</item>
					<item id="orderplus">
					</item>
					<item id="order">
					</item>
					<item id="loopplus">
					</item>
					<item id="loop"><![CDATA[<li>
		   <a href="{url}" title="{title}" target="_blank" class="vk_bbs_icon"> <img src="{icon}" /> </a>
		   <p><a  href="{url}" title="{title}" target="_blank"> {title} </a></p>
		</li>]]></item>
				</item>
				<item id="hash"><![CDATA[89d34202]]></item>
				<item id="getpic"><![CDATA[0]]></item>
				<item id="getsummary"><![CDATA[0]]></item>
				<item id="makethumb"><![CDATA[0]]></item>
				<item id="settarget"><![CDATA[0]]></item>
				<item id="fields">
					<item id="0"><![CDATA[url]]></item>
					<item id="1"><![CDATA[title]]></item>
					<item id="2"><![CDATA[icon]]></item>
				</item>
				<item id="moreurl"><![CDATA[0]]></item>
			</item>
			<item id="125">
				<item id="styleid"><![CDATA[125]]></item>
				<item id="blockclass"><![CDATA[forum_thread]]></item>
				<item id="name"><![CDATA[[未来科技_手机]JS文章/帖子标题滚动显示]]></item>
				<item id="template">
					<item id="raw"><![CDATA[
<!--
[未来科技_手机]文章-帖子通用模块-JS标题滚动显示
对应的DIY模块属性的日期格式，要按照“月-日”形式显示，不要按照“年-月-日”，否则时间错位
-->
<style type="text/css">
    .roll_div { width: 100%; margin:0px; }
    .roll_div ul li { position:relative; height:30px; line-height:30px; color:#333 /*#19f*/; font-size: 14px; overflow: hidden; }
    .roll_div ul li a { display: inline-block; width: 80%; overflow: hidden; color:#333 /*#19f*/; font-weight:700; }

    #rollBox { width: auto; height:30px; line-height:30px; position:relative; overflow:hidden; list-style:none; }
    #rollBox span { position:absolute; width: 15%; right:0px; float:right; color:#999; font-size:12px; }
</style>
<div class="roll_div">
     <ul id="rollBox">
       [loop]
        <li><a href="{url}" title="{title}"{target}>{title} </a>  <span> {dateline} </span></li>
       [/loop]
    </ul>
</div>
 
<script type="text/javascript">
    var rollText={
            go:null,
            oParentUl:null,
            oUlH:null,
            liArr:null,
            childNode:null,
            timeout:null,
            run:function(id,delay){
                    var oLiFirst=this.liArr[0];
                    var liMarTop = oLiFirst.style.marginTop;
                    var liTopNum=parseInt(liMarTop);
                    var c = Math.abs(liTopNum);
                    if(c< parseInt(this.oUlH)){
                            c++;
                            oLiFirst.style.marginTop ='-' + c + 'px';
                    }else if(Math.abs(liTopNum)== parseInt(this.oUlH)){
                            clearInterval(this.go);
                            this.oParentUl.removeChild(oLiFirst);
                            this.oParentUl.appendChild(oLiFirst);
                            this.liArr[this.liArr.length-1].style.marginTop='0px';
                            this.timeout=setTimeout(function(obj,id,childtags,delay){return function(){obj.start(id,childtags,delay);};}(this,id,this.childNode,delay),delay);
                    }
            },
            start:function(id,childtags,delay){
                    this.childNode=childtags;
                    this.oParentUl=document.getElementById(id);
                    this.oUlH=this.oParentUl.currentStyle?this.oParentUl.currentStyle['height']:window.getComputedStyle(this.oParentUl,null)['height'];
                    this.liArr=this.oParentUl.getElementsByTagName(childtags);
                    for(var i=0;i<this.liArr.length;i++){
                            this.liArr[i].style.cssText +=';margin-top:0;height:'+this.oUlH+';line-height:'+this.oUlH+';display:block; width:100%;';
                    }
                    this.go =setInterval(
                             function(obj,id,delay){
                            return function(){obj.run(id,delay)}
                    }(this,id,delay),10);
                    this.oParentUl.onmouseover=function(obj){return function(){clearTimeout(obj.timeout);clearTimeout(obj.go);};}(this);
                    this.oParentUl.onmouseout=function(obj){return function(){obj.go =setInterval(function(obj,id,delay){return function(){obj.run(id,delay)};}(obj,id,delay),10);};}(this);
            }
    }
    rollText.start('rollBox','li',3000);
    function clone(){};
    clone.prototype= rollText;
</script>
]]></item>
					<item id="footer"><![CDATA[]]></item>
					<item id="header"><![CDATA[]]></item>
					<item id="indexplus">
					</item>
					<item id="index">
					</item>
					<item id="orderplus">
					</item>
					<item id="order">
					</item>
					<item id="loopplus">
					</item>
					<item id="loop"><![CDATA[<li><a href="{url}" title="{title}"{target}>{title} </a>  <span> {dateline} </span></li>]]></item>
				</item>
				<item id="hash"><![CDATA[f9410052]]></item>
				<item id="getpic"><![CDATA[0]]></item>
				<item id="getsummary"><![CDATA[0]]></item>
				<item id="makethumb"><![CDATA[0]]></item>
				<item id="settarget"><![CDATA[1]]></item>
				<item id="fields">
					<item id="0"><![CDATA[url]]></item>
					<item id="1"><![CDATA[title]]></item>
					<item id="2"><![CDATA[dateline]]></item>
				</item>
				<item id="moreurl"><![CDATA[0]]></item>
			</item>
			<item id="175">
				<item id="styleid"><![CDATA[175]]></item>
				<item id="blockclass"><![CDATA[forum_thread]]></item>
				<item id="name"><![CDATA[[未来科技_手机]帖子模块-左标题右图宽240高140]]></item>
				<item id="template">
					<item id="raw"><![CDATA[<!--
[未来科技_手机]帖子模块-左标题右图宽240高140
DIY模块属性里：图片设置为 宽 240 高 140
-->
<style type="text/css" >
    .left { float: left;}
    .right { float: right; }
	.vk_li_title_pic { position: relative; padding:0 15px; }
	.vk_li_title_pic ul li { width: 100%; clear: both; height: 80px; padding: 15px 0; border-bottom: 1px solid #eee; border-width: thin; }
	.vk_li_title_pic ul li:last-child { border-bottom:none;}

	.vk_li_title_pic .vk_li_title_pic_title { display: inline-block; /*float: left;*/ width: 68%; overflow: hidden; box-sizing: border-box; }
	.vk_li_title_pic .vk_li_title_pic_title img { width: 22px; height: 22px; border-radius: 50%; }

	.vk_li_title_pic .vk_li_title { height:50px; margin-bottom: 5px; overflow: hidden; }
	.vk_li_title_pic .vk_li_title a { height:24px; line-height:24px; color:#111; font-size:16px; }

	.vk_li_title_pic .vk_li_info a img { margin-right:10px; float:left; }
	.vk_li_title_pic .vk_li_info a span { margin-right:10px; float:left; color:#aaa; font-size:12px; }
	.vk_li_title_pic .vk_li_info span { margin-right:10px; float:left; color:#aaa; font-size:12px; }
	.vk_li_title_pic .vk_li_info i { margin-right:10px; float:right; color:#aaa; font-size:12px; }

	.vk_li_title_pic .vk_li_title_pic_pic { display: inline-block; /*float: right;*/ width: 30%; height: 70px; margin-top: 5px; border-radius: 3px; overflow: hidden; box-sizing: border-box; }
	.vk_li_title_pic .vk_li_title_pic_pic img { width: 120px; height: 70px;  /* width:100% ; min-height: 70px;*/ overflow:hidden; }
</style>

<div class="vk_li_title_pic">
	<ul>
		[loop]
		<li>
			<div class="vk_li_title_pic_title left">
				<div class="vk_li_title"> <a href="{url}" title="{title}"{target}>{title}</a> </div>
				<div class="vk_li_info"><a href="home.php?mod=space&uid={authorid}" {target}><!--<img src="{avatar}">--><span>{author}</span></a> <span>{dateline}</span> <i>{views}阅读</i></div>
			</div>
			<div class="vk_li_title_pic_pic right"><a href="{url}"{target}><img src="{pic}" width="{picwidth}" height="{picheight}" alt="{title}" /></a></div>
		</li>
		[/loop]
	</ul>
</div>
]]></item>
					<item id="footer"><![CDATA[]]></item>
					<item id="header"><![CDATA[]]></item>
					<item id="indexplus">
					</item>
					<item id="index">
					</item>
					<item id="orderplus">
					</item>
					<item id="order">
					</item>
					<item id="loopplus">
					</item>
					<item id="loop"><![CDATA[<li>
			<div class="vk_li_title_pic_title left">
				<div class="vk_li_title"> <a href="{url}" title="{title}"{target}>{title}</a> </div>
				<div class="vk_li_info"><a href="home.php?mod=space&uid={authorid}" {target}><!--<img src="{avatar}">--><span>{author}</span></a> <span>{dateline}</span> <i>{views}阅读</i></div>
			</div>
			<div class="vk_li_title_pic_pic right"><a href="{url}"{target}><img src="{pic}" width="{picwidth}" height="{picheight}" alt="{title}" /></a></div>
		</li>]]></item>
				</item>
				<item id="hash"><![CDATA[98bcd231]]></item>
				<item id="getpic"><![CDATA[1]]></item>
				<item id="getsummary"><![CDATA[0]]></item>
				<item id="makethumb"><![CDATA[1]]></item>
				<item id="settarget"><![CDATA[1]]></item>
				<item id="fields">
					<item id="0"><![CDATA[url]]></item>
					<item id="1"><![CDATA[title]]></item>
					<item id="2"><![CDATA[authorid]]></item>
					<item id="3"><![CDATA[avatar]]></item>
					<item id="4"><![CDATA[author]]></item>
					<item id="5"><![CDATA[dateline]]></item>
					<item id="6"><![CDATA[views]]></item>
					<item id="7"><![CDATA[pic]]></item>
				</item>
				<item id="moreurl"><![CDATA[0]]></item>
			</item>
			<item id="180">
				<item id="styleid"><![CDATA[180]]></item>
				<item id="blockclass"><![CDATA[forum_thread]]></item>
				<item id="name"><![CDATA[[未来科技_手机]帖子模块-左标题右图宽240高140-点击加载]]></item>
				<item id="template">
					<item id="raw"><![CDATA[<!--
[未来科技_手机]帖子模块-左标题右图宽240高140-点击加载
DIY模块属性里：图片设置为 宽 240 高 140

默认显示100条，DIY模块属性内可填写数量100
-->

<style type="text/css" >
	.vk_li_title_pic { position: relative; padding:0 15px; }
	.vk_li_title_pic ul li { width: 100%; clear: both; height: 80px; padding: 15px 0; border-bottom: 1px solid #eee; border-width: thin; }
	/*
	.vk_li_title_pic ul li:first-child { padding-top: 0px;}
	*/
	.vk_li_title_pic ul li:last-child { border-bottom:none;}

	.vk_li_title_pic .vk_li_title_pic_left { display: inline-block; float: left; width: 68%; overflow: hidden; }
	.vk_li_title_pic .vk_li_title_pic_left img { width: 22px; height: 22px; border-radius: 50%; }

	.vk_li_title_pic .vk_li_title { height:50px; margin-bottom: 10px; overflow: hidden; }
	.vk_li_title_pic .vk_li_title a { height:24px; line-height:24px; color:#111; font-size:16px; }

	.vk_li_title_pic .vk_li_info a img { margin-right:10px; float:left; }
	.vk_li_title_pic .vk_li_info a span { margin-right:10px; float:left; color:#aaa; font-size:12px; }
	.vk_li_title_pic .vk_li_info span { margin-right:10px; float:left; color:#aaa; font-size:12px; }
	.vk_li_title_pic .vk_li_info i { margin-right:10px; float:right; color:#aaa; font-size:12px; }

	.vk_li_title_pic .vk_li_title_pic_right { display: inline-block; float: right; width: 30%; height: 70px; margin-top: 5px; border-radius: 3px; overflow: hidden; box-sizing: border-box; }
	.vk_li_title_pic .vk_li_title_pic_right img {width: 120px; height: 70px;  /* width:100% ; min-height: 70px;*/ overflow:hidden; /*border-radius: 3px; */}

	.vk_load_list { display: none; }
	.vk_load_more { width: 100%; padding: 10px 0 15px; text-align: center; }
	.vk_load_more a { display: inline-block; width: 100%; height: 35px; line-height: 35px; text-decoration: none; font-size: 14px; color: #999;  background: #fff; border:1px solid #eee; border-radius:5px; box-sizing: border-box; }
</style>

<div class="vk_li_title_pic">
	<ul>
		[loop]
		<li class="vk_load_list">
			<div class="vk_li_title_pic_left">
				<div class="vk_li_title"> <a href="{url}" title="{title}"{target}>{title}</a> </div>
				<div class="vk_li_info"><a href="home.php?mod=space&uid={authorid}" {target}><!--<img src="{avatar}">--><span>{author}</span></a> <span>{dateline}</span> <i>{views}阅读</i></div>
			</div>
			<div class="vk_li_title_pic_right"><a href="{url}"{target}><img src="{pic}" width="{picwidth}" height="{picheight}" alt="{title}" /></a></div>
		</li>
		[/loop]
		
		<div class="vk_load_more">
			<a href="javascript:;">查看更多 ... </a>
		</div>
		
	</ul>
</div>
<!-- 需要引用 jquery.min.js。如果 head文件引用过，此处可忽略 -->
<script type="text/javascript">
	jQuery(function (){
		showItem(0, 10);
		var itemNum = 10; 

		jQuery('.vk_load_more').click(function(){
			if(itemNum < 100){
				showItem(itemNum, itemNum += 20);
			} else {
				location.href = 'portal.php?mod=list&catid=1';
			}
		});  	

		function showItem(fromindex,toindex){
			var len = jQuery('.vk_load_list').length;
			for(var i = fromindex; i < toindex ; i++ ){
				jQuery('.vk_load_list').eq(i).css('display','block');
			}
		} 

	})
</script>
]]></item>
					<item id="footer"><![CDATA[]]></item>
					<item id="header"><![CDATA[]]></item>
					<item id="indexplus">
					</item>
					<item id="index">
					</item>
					<item id="orderplus">
					</item>
					<item id="order">
					</item>
					<item id="loopplus">
					</item>
					<item id="loop"><![CDATA[<li class="vk_load_list">
			<div class="vk_li_title_pic_left">
				<div class="vk_li_title"> <a href="{url}" title="{title}"{target}>{title}</a> </div>
				<div class="vk_li_info"><a href="home.php?mod=space&uid={authorid}" {target}><!--<img src="{avatar}">--><span>{author}</span></a> <span>{dateline}</span> <i>{views}阅读</i></div>
			</div>
			<div class="vk_li_title_pic_right"><a href="{url}"{target}><img src="{pic}" width="{picwidth}" height="{picheight}" alt="{title}" /></a></div>
		</li>]]></item>
				</item>
				<item id="hash"><![CDATA[31b78a21]]></item>
				<item id="getpic"><![CDATA[1]]></item>
				<item id="getsummary"><![CDATA[0]]></item>
				<item id="makethumb"><![CDATA[1]]></item>
				<item id="settarget"><![CDATA[1]]></item>
				<item id="fields">
					<item id="0"><![CDATA[url]]></item>
					<item id="1"><![CDATA[title]]></item>
					<item id="2"><![CDATA[authorid]]></item>
					<item id="3"><![CDATA[avatar]]></item>
					<item id="4"><![CDATA[author]]></item>
					<item id="5"><![CDATA[dateline]]></item>
					<item id="6"><![CDATA[views]]></item>
					<item id="7"><![CDATA[pic]]></item>
				</item>
				<item id="moreurl"><![CDATA[0]]></item>
			</item>
			<item id="186">
				<item id="styleid"><![CDATA[186]]></item>
				<item id="blockclass"><![CDATA[forum_thread]]></item>
				<item id="name"><![CDATA[[未来科技_手机]文章-帖子通用模块-上图宽360高240-下标题两行-两列-附加信息-带头像]]></item>
				<item id="template">
					<item id="raw"><![CDATA[<!--
模块_图片_两列_附加信息_带头像
[未来科技_手机]文章-帖子通用模块-上图宽360高240-下标题两行-两列-附加信息-带头像
DIY模块属性里：图片设置为 宽 360 高 240
-->
<style type="text/css">
	.vk_li_2_pic_title { display: block; padding: 0 5px; }
	.vk_li_2_pic_title li {float: left; width:47%/*50%*/; padding:0 0px; margin: 10px 5px 5px 5px; border: none; background: none; border-radius: 4px; -webkit-box-sizing: border-box; -moz-box-sizing: border-box; box-sizing: border-box; box-shadow:0 0 0 1px #eee; overflow: hidden; }

	.vk_li_2_pic_title li:nth-child(2n+1) { float:left;  }
	.vk_li_2_pic_title li:nth-child(2n) { float:right; }

	.vk_li_2_pic_title .vk_top_img a { display: block; width:100%; height:120px; background: #fff; overflow:hidden; }
	.vk_li_2_pic_title .vk_top_img img {  width: 180px; height: 120px; /* width:100% ; */ overflow:hidden; }
    
    .vk_li_2_pic_title .vk_top_img { position: relative; float: left; }
    .vk_li_2_pic_title .vk_top_img em { display:block; position:absolute; left:0px; bottom:0px; width:100% ; height:40px ; text-indent:5px; line-height:50px; font-size:12px; color:#fff; overflow:hidden;
        background-color: rgba(0,0,0,0.4); 
        background: -moz-linear-gradient(top, rgba(0,0,0,0), rgba(0,0,0,0.7)); 
        background: -webkit-linear-gradient(top, rgba(0,0,0,0), rgba(0,0,0,0.7)); 
        background: -o-linear-gradient(top, rgba(0,0,0,0), rgba(0,0,0,0.7)); }    
    
    /* 带头像 */
    .vk_li_2_pic_title .vk_bottom_div_avt { position: relative; width:100%; height: 80px; overflow:hidden; background: #fff;/* border:1px solid #eee; border-top: none;*/ padding:5px 10px;  -webkit-box-sizing: border-box; -moz-box-sizing: border-box; box-sizing: border-box;}

    .vk_li_2_pic_title .vk_bottom_div_avt img { width: 22px; height: 22px; border-radius: 50%; }
    .vk_li_2_pic_title .vk_bottom_div_avt .list_title a { display:block; width:100% ; height:40px ; line-height:20px; font-size:13px; font-weight: 400; color:#333; overflow:hidden; text-overflow: ellipsis; -webkit-box-sizing: border-box; -moz-box-sizing: border-box; box-sizing: border-box;}
    .vk_li_2_pic_title .vk_bottom_div_avt .list_info { line-height:16px; }
    .vk_li_2_pic_title .vk_bottom_div_avt .list_info span { height: 30px; line-height: 30px; color: #aaa; font-size:10px; vertical-align: bottom; }
    .vk_li_2_pic_title .vk_bottom_div_avt .list_info i { height: 30px; line-height: 30px; color: #aaa; font-size:10px; vertical-align: bottom; float:right; }

</style>

<div class="vk_li_2_pic_title cl">
	<ul>
		[loop]
		<li >
			<div class="vk_top_img">
                <a href="{url}"{target}><img src="{pic}" width="{picwidth}" height="{picheight}" alt="{title}" />
                    <em>
                        <span class="vk_reply_1 right"><i></i>{replies}</span> 
                        <span class="vk_view_1 right"><i></i>{views}</span> 
                    </em>
                </a>
            </div>
			<div class="vk_bottom_div_avt">
				<div class="list_title"> <a href="{url}" title="{title}"{target}>{title}</a> </div>
				<div class="list_info"><a href="home.php?mod=space&uid={authorid}"><img src="{avatar}"/> <span>{author}</span></a> <i>{lastpost}</i></div>
			</div>
		</li>
		[/loop]
	</ul>
</div>
]]></item>
					<item id="footer"><![CDATA[]]></item>
					<item id="header"><![CDATA[]]></item>
					<item id="indexplus">
					</item>
					<item id="index">
					</item>
					<item id="orderplus">
					</item>
					<item id="order">
					</item>
					<item id="loopplus">
					</item>
					<item id="loop"><![CDATA[<li >
			<div class="vk_top_img">
                <a href="{url}"{target}><img src="{pic}" width="{picwidth}" height="{picheight}" alt="{title}" />
                    <em>
                        <span class="vk_reply_1 right"><i></i>{replies}</span> 
                        <span class="vk_view_1 right"><i></i>{views}</span> 
                    </em>
                </a>
            </div>
			<div class="vk_bottom_div_avt">
				<div class="list_title"> <a href="{url}" title="{title}"{target}>{title}</a> </div>
				<div class="list_info"><a href="home.php?mod=space&uid={authorid}"><img src="{avatar}"/> <span>{author}</span></a> <i>{lastpost}</i></div>
			</div>
		</li>]]></item>
				</item>
				<item id="hash"><![CDATA[60477d35]]></item>
				<item id="getpic"><![CDATA[1]]></item>
				<item id="getsummary"><![CDATA[0]]></item>
				<item id="makethumb"><![CDATA[1]]></item>
				<item id="settarget"><![CDATA[1]]></item>
				<item id="fields">
					<item id="0"><![CDATA[url]]></item>
					<item id="1"><![CDATA[pic]]></item>
					<item id="2"><![CDATA[title]]></item>
					<item id="3"><![CDATA[replies]]></item>
					<item id="4"><![CDATA[views]]></item>
					<item id="5"><![CDATA[authorid]]></item>
					<item id="6"><![CDATA[avatar]]></item>
					<item id="7"><![CDATA[author]]></item>
					<item id="8"><![CDATA[lastpost]]></item>
				</item>
				<item id="moreurl"><![CDATA[0]]></item>
			</item>
			<item id="187">
				<item id="styleid"><![CDATA[187]]></item>
				<item id="blockclass"><![CDATA[forum_thread]]></item>
				<item id="name"><![CDATA[[未来科技_手机]文章-帖子图片宽480高240-部分显示]]></item>
				<item id="template">
					<item id="raw"><![CDATA[<!--
[未来科技_手机]文章-帖子图片宽480高240-部分显示
DIY模块属性里：图片设置为 宽 480 高 240
-->
<style type="text/css">
	/* 因为 要引用 swiper.min.css 和 swiper.min.js 文件，为了避免修改路径麻烦，故js引用代码放在htm文件内，此处只写css 属性和框架 */
	#slide_part { width: 100%; height: 160px; position: relative; }
	#slide_part .swiper-slide { position: relative; text-align: left; background: #fff; width: 65%; height: 160px;}
	
	#slide_part .swiper-slide a { width: 100%; height: 120px; display: block; position: relative; float: left; overflow: hidden; outline: 0;}
	#slide_part .swiper-slide img { width: 240px; height: 120px; /* max-width: 100%;*/ display: block; border-radius: 3px; overflow: hidden;}

	#slide_part h2 a { text-align: left; font-size:16px; height: 40px !important; line-height: 40px; color: #333; font-weight: 700; overflow: hidden; }
</style>

<!-- Swiper -->
<div class="swiper-container-slide-part" id="slide_part">
	<div class="swiper-wrapper">
		[loop]
			<div class="swiper-slide">
				<a href="{url}" {target} title="{title}"><img src="{pic}" width="{picwidth}" height="{picheight}" /></a>
				<h2> <a href="{url}" {target} title="{title}" class="title" >{title}</a></h2>
			</div>
		[/loop]
	</div>
</div>

<!-- Initialize Swiper --> 
<script>
    var slideSwiper = new Swiper('#slide_part', {
        pagination: '#slide_part .swiper-pagination',
        slidesPerView: 'auto',
        spaceBetween: 15,
		preventClicks:false,
    });
</script>
]]></item>
					<item id="footer"><![CDATA[]]></item>
					<item id="header"><![CDATA[]]></item>
					<item id="indexplus">
					</item>
					<item id="index">
					</item>
					<item id="orderplus">
					</item>
					<item id="order">
					</item>
					<item id="loopplus">
					</item>
					<item id="loop"><![CDATA[<div class="swiper-slide">
				<a href="{url}" {target} title="{title}"><img src="{pic}" width="{picwidth}" height="{picheight}" /></a>
				<h2> <a href="{url}" {target} title="{title}" class="title" >{title}</a></h2>
			</div>]]></item>
				</item>
				<item id="hash"><![CDATA[a87ca51c]]></item>
				<item id="getpic"><![CDATA[1]]></item>
				<item id="getsummary"><![CDATA[0]]></item>
				<item id="makethumb"><![CDATA[1]]></item>
				<item id="settarget"><![CDATA[1]]></item>
				<item id="fields">
					<item id="0"><![CDATA[url]]></item>
					<item id="1"><![CDATA[title]]></item>
					<item id="2"><![CDATA[pic]]></item>
				</item>
				<item id="moreurl"><![CDATA[0]]></item>
			</item>
		</item>
	</item>
</root>