<?xml version="1.0" encoding="ISO-8859-1"?>
<root>
	<item id="spacecss"><![CDATA[]]></item>
	<item id="layoutdata">
		<item id="diy_dys1">
			<item id="frame`frame8iRZsN">
				<item id="attr">
					<item id="name"><![CDATA[frame8iRZsN]]></item>
					<item id="moveable"><![CDATA[true]]></item>
					<item id="className"><![CDATA[frame move-span cl frame-1]]></item>
					<item id="titles"><![CDATA[]]></item>
				</item>
				<item id="column`frame8iRZsN_left">
					<item id="attr">
						<item id="name"><![CDATA[frame8iRZsN_left]]></item>
						<item id="className"><![CDATA[column frame-1-c]]></item>
					</item>
					<item id="block`portal_block_4678">
						<item id="attr">
							<item id="name"><![CDATA[portal_block_4678]]></item>
							<item id="className"><![CDATA[block move-span]]></item>
							<item id="titles"><![CDATA[]]></item>
						</item>
					</item>
				</item>
			</item>
		</item>
	</item>
	<item id="blockdata">
		<item id="block">
			<item id="4678">
				<item id="bid"><![CDATA[4678]]></item>
				<item id="blockclass"><![CDATA[html_html]]></item>
				<item id="blocktype"><![CDATA[0]]></item>
				<item id="name"><![CDATA[dy_s1]]></item>
				<item id="title"><![CDATA[]]></item>
				<item id="classname"><![CDATA[]]></item>
				<item id="summary"><![CDATA[<div class="main-content-block">
        <section class="enter-container">
            <div class="enter-header">
                <div class="enter-header-title">机构类型</div>
                <img src="template/boluo_dy/images/header.png" alt="header"></div>
            <div class="enter-content">
                <div class="enter-steps">
                    <div class="enter-steps-title">机构认证步骤</div>
                    <div class="enter-steps-content">
                        <div class="enter-step">
                            <img src="template/boluo_dy/images/step1.png" alt="step">
                            <p class="enter-step-title">准备认证资料</p>
                            <p class="enter-step-text">营业执照（副本原件的拍照或扫描件）
                                <br>认证公函（加盖彩色公章）
                                <br>
                                <a href="#">国家机构-点击下载</a>
                                <br>
                                <a href="#">媒体和其他组织-点击下载</a></p>
                        </div>
                        <div class="enter-step">
                            <img src="template/boluo_dy/images/step2.png" alt="step">
                            <p class="enter-step-title">提交认证资料</p>
                            <p class="enter-step-text">营业执照（副本原件的拍照或扫描件）
                                <br>认证公函（加盖彩色公章）
                                <br>
                                <a href="#">国家机构-点击下载</a>
                                <br>
                                <a href="#">媒体和其他组织-点击下载</a></p>
                        </div>
                        <div class="enter-step">
                            <img src="template/boluo_dy/images/step3.png" alt="step">
                            <p class="enter-step-title">等待审核</p>
                            <p class="enter-step-text">7个工作日内即可完成审核
                                <br>&nbsp;
                                <br>&nbsp;
                                <br>&nbsp;</p></div>
                    </div>
                    <a href="#" class="enter-button">立即申请</a></div>
            </div>
        </section>
</div>]]></item>
				<item id="uid"><![CDATA[1]]></item>
				<item id="username"><![CDATA[麦田守望]]></item>
				<item id="styleid"><![CDATA[0]]></item>
				<item id="blockstyle"><![CDATA[]]></item>
				<item id="picwidth"><![CDATA[0]]></item>
				<item id="picheight"><![CDATA[0]]></item>
				<item id="target"><![CDATA[blank]]></item>
				<item id="dateformat"><![CDATA[Y-m-d]]></item>
				<item id="dateuformat"><![CDATA[0]]></item>
				<item id="script"><![CDATA[blank]]></item>
				<item id="param">
					<item id="content"><![CDATA[<div class=\"main-content-block\">
        <section class=\"enter-container\">
            <div class=\"enter-header\">
                <div class=\"enter-header-title\">机构类型</div>
                <img src=\"template/boluo_dy/images/header.png\" alt=\"header\"></div>
            <div class=\"enter-content\">
                <div class=\"enter-steps\">
                    <div class=\"enter-steps-title\">机构认证步骤</div>
                    <div class=\"enter-steps-content\">
                        <div class=\"enter-step\">
                            <img src=\"template/boluo_dy/images/step1.png\" alt=\"step\">
                            <p class=\"enter-step-title\">准备认证资料</p>
                            <p class=\"enter-step-text\">营业执照（副本原件的拍照或扫描件）
                                <br>认证公函（加盖彩色公章）
                                <br>
                                <a href=\"#\">国家机构-点击下载</a>
                                <br>
                                <a href=\"#\">媒体和其他组织-点击下载</a></p>
                        </div>
                        <div class=\"enter-step\">
                            <img src=\"template/boluo_dy/images/step2.png\" alt=\"step\">
                            <p class=\"enter-step-title\">提交认证资料</p>
                            <p class=\"enter-step-text\">营业执照（副本原件的拍照或扫描件）
                                <br>认证公函（加盖彩色公章）
                                <br>
                                <a href=\"#\">国家机构-点击下载</a>
                                <br>
                                <a href=\"#\">媒体和其他组织-点击下载</a></p>
                        </div>
                        <div class=\"enter-step\">
                            <img src=\"template/boluo_dy/images/step3.png\" alt=\"step\">
                            <p class=\"enter-step-title\">等待审核</p>
                            <p class=\"enter-step-text\">7个工作日内即可完成审核
                                <br>&nbsp;
                                <br>&nbsp;
                                <br>&nbsp;</p></div>
                    </div>
                    <a href=\"#\" class=\"enter-button\">立即申请</a></div>
            </div>
        </section>
</div>]]></item>
					<item id="items"><![CDATA[10]]></item>
				</item>
				<item id="shownum"><![CDATA[10]]></item>
				<item id="cachetime"><![CDATA[3600]]></item>
				<item id="cachetimerange"><![CDATA[]]></item>
				<item id="punctualupdate"><![CDATA[0]]></item>
				<item id="hidedisplay"><![CDATA[0]]></item>
				<item id="dateline"><![CDATA[1543408799]]></item>
				<item id="notinherited"><![CDATA[0]]></item>
				<item id="isblank"><![CDATA[0]]></item>
				
				
			</item>
		</item>
		<item id="style">
		</item>
	</item>
</root>
