<?xml version="1.0" encoding="ISO-8859-1"?>
<root>
	<item id="spacecss"><![CDATA[]]></item>
	<item id="layoutdata">
		<item id="diy_dys2">
			<item id="frame`frameZVY9jY">
				<item id="attr">
					<item id="name"><![CDATA[frameZVY9jY]]></item>
					<item id="moveable"><![CDATA[true]]></item>
					<item id="className"><![CDATA[frame move-span cl frame-1]]></item>
					<item id="titles"><![CDATA[]]></item>
				</item>
				<item id="column`frameZVY9jY_left">
					<item id="attr">
						<item id="name"><![CDATA[frameZVY9jY_left]]></item>
						<item id="className"><![CDATA[column frame-1-c]]></item>
					</item>
					<item id="block`portal_block_4679">
						<item id="attr">
							<item id="name"><![CDATA[portal_block_4679]]></item>
							<item id="className"><![CDATA[block move-span]]></item>
							<item id="titles"><![CDATA[]]></item>
						</item>
					</item>
				</item>
			</item>
		</item>
	</item>
	<item id="blockdata">
		<item id="block">
			<item id="4679">
				<item id="bid"><![CDATA[4679]]></item>
				<item id="blockclass"><![CDATA[html_html]]></item>
				<item id="blocktype"><![CDATA[0]]></item>
				<item id="name"><![CDATA[dy_s2]]></item>
				<item id="title"><![CDATA[]]></item>
				<item id="classname"><![CDATA[]]></item>
				<item id="summary"><![CDATA[<div class="main-content-block">
    <div class="main-content">
        <div class="s2-renzheng-container">
            <p class="stitle">企业认证</p>
            <p class="stitle-text">企业内容营销与用户管理平台</p>
            <a class="a-button" href="#" target="__blank">我要申请</a>
            <p class="stitle-description"></p>
            <div class="main-content">
                <p class="snotice large">
                    <span></span>温馨提示
                    <span></span></p>
                <div class="splite-panel">
                    <div class="main-right-panel">
                        <div class="steps-video">
                            <video src="template/boluo_dy/images/s1.mov" controls="controls" preload width="225px" height="400px">您的浏览器不支持 video 标签,请升级或更换浏览器</video>
                            <p class="video-name">抖音手机号绑定教程</p></div>
                    </div>
                    <div class="main-left-panel">
                        <p class="snotice">
                            <span class="s2-renzheng-spot">*</span>企业认证申请时，登录的帐号即为需被认证的帐号。提交申请后无法更换申请账号。</p>
                        <p class="snotice">
                            <span class="s2-renzheng-spot">*</span>仅支持绑定过手机号的帐号登录，如您帐号尚未绑定手机号，请在抖音客户端绑定后再申请认证。</p>
                        <p class="snotice">
                            <span class="s2-renzheng-spot">*</span>如果您没有抖音帐号，可在登录页面输入未注册的手机号、验证码，系统将为您生成新的抖音帐号。</p>
                        <p class="snotice">
                            <span class="s2-renzheng-spot">*</span>请注意
                            <a href="#" target="__blank">《企业认证规则》</a>，特别是禁止申请行业规则。如有违反规则/资质欺骗，我们将不退审核费用。</p>
                        </div>
                </div>
            </div>
        </div>
    </div>
</div>]]></item>
				<item id="uid"><![CDATA[1]]></item>
				<item id="username"><![CDATA[麦田守望]]></item>
				<item id="styleid"><![CDATA[0]]></item>
				<item id="blockstyle"><![CDATA[]]></item>
				<item id="picwidth"><![CDATA[0]]></item>
				<item id="picheight"><![CDATA[0]]></item>
				<item id="target"><![CDATA[blank]]></item>
				<item id="dateformat"><![CDATA[Y-m-d]]></item>
				<item id="dateuformat"><![CDATA[0]]></item>
				<item id="script"><![CDATA[blank]]></item>
				<item id="param">
					<item id="content"><![CDATA[<div class=\"main-content-block\">
    <div class=\"main-content\">
        <div class=\"s2-renzheng-container\">
            <p class=\"stitle\">企业认证</p>
            <p class=\"stitle-text\">企业内容营销与用户管理平台</p>
            <a class=\"a-button\" href=\"#\" target=\"__blank\">我要申请</a>
            <p class=\"stitle-description\"></p>
            <div class=\"main-content\">
                <p class=\"snotice large\">
                    <span></span>温馨提示
                    <span></span></p>
                <div class=\"splite-panel\">
                    <div class=\"main-right-panel\">
                        <div class=\"steps-video\">
                            <video src=\"template/boluo_dy/images/s1.mov\" controls=\"controls\" preload width=\"225px\" height=\"400px\">您的浏览器不支持 video 标签,请升级或更换浏览器</video>
                            <p class=\"video-name\">抖音手机号绑定教程</p></div>
                    </div>
                    <div class=\"main-left-panel\">
                        <p class=\"snotice\">
                            <span class=\"s2-renzheng-spot\">*</span>企业认证申请时，登录的帐号即为需被认证的帐号。提交申请后无法更换申请账号。</p>
                        <p class=\"snotice\">
                            <span class=\"s2-renzheng-spot\">*</span>仅支持绑定过手机号的帐号登录，如您帐号尚未绑定手机号，请在抖音客户端绑定后再申请认证。</p>
                        <p class=\"snotice\">
                            <span class=\"s2-renzheng-spot\">*</span>如果您没有抖音帐号，可在登录页面输入未注册的手机号、验证码，系统将为您生成新的抖音帐号。</p>
                        <p class=\"snotice\">
                            <span class=\"s2-renzheng-spot\">*</span>请注意
                            <a href=\"#\" target=\"__blank\">《企业认证规则》</a>，特别是禁止申请行业规则。如有违反规则/资质欺骗，我们将不退审核费用。</p>
                        </div>
                </div>
            </div>
        </div>
    </div>
</div>]]></item>
					<item id="items"><![CDATA[10]]></item>
				</item>
				<item id="shownum"><![CDATA[10]]></item>
				<item id="cachetime"><![CDATA[3600]]></item>
				<item id="cachetimerange"><![CDATA[]]></item>
				<item id="punctualupdate"><![CDATA[0]]></item>
				<item id="hidedisplay"><![CDATA[0]]></item>
				<item id="dateline"><![CDATA[1543411538]]></item>
				<item id="notinherited"><![CDATA[0]]></item>
				<item id="isblank"><![CDATA[0]]></item>
				
				
			</item>
		</item>
		<item id="style">
		</item>
	</item>
</root>
