<?xml version="1.0" encoding="ISO-8859-1"?>
<root>
	<item id="Title"><![CDATA[Discuz! Plugin]]></item>
	<item id="version"><![CDATA[X3,X3.1,X3.2,X3.3,X3.4,X3.5,F1.0]]></item>
	<item id="Time"><![CDATA[2021-05-23 21:59]]></item>
	<item id="From"><![CDATA[仁天際網絡 (http://www.1009.com.cn/)]]></item>
	<item id="Data">
		<item id="plugin">
			<item id="available"><![CDATA[1]]></item>
			<item id="adminid"><![CDATA[1]]></item>
			<item id="name"><![CDATA[仁天際-微信登錄]]></item>
			<item id="identifier"><![CDATA[rtj1009_wxlogin]]></item>
			<item id="description"><![CDATA[]]></item>
			<item id="datatables"><![CDATA[]]></item>
			<item id="directory"><![CDATA[rtj1009_wxlogin/]]></item>
			<item id="copyright"><![CDATA[ 仁天際網絡(www.1009.com.cn)]]></item>
			<item id="version"><![CDATA[1.2]]></item>
			<item id="__modules">
				<item id="0">
					<item id="name"><![CDATA[rtj1009_wxlogin]]></item>
					<item id="param"><![CDATA[]]></item>
					<item id="menu"><![CDATA[]]></item>
					<item id="url"><![CDATA[]]></item>
					<item id="type"><![CDATA[11]]></item>
					<item id="adminid"><![CDATA[0]]></item>
					<item id="displayorder"><![CDATA[0]]></item>
					<item id="navtitle"><![CDATA[]]></item>
					<item id="navicon"><![CDATA[]]></item>
					<item id="navsubname"><![CDATA[]]></item>
					<item id="navsuburl"><![CDATA[]]></item>
				</item>
				<item id="1">
					<item id="name"><![CDATA[rtj1009_wxlogin_bind]]></item>
					<item id="param"><![CDATA[]]></item>
					<item id="menu"><![CDATA[微信綁定]]></item>
					<item id="url"><![CDATA[]]></item>
					<item id="type"><![CDATA[7]]></item>
					<item id="adminid"><![CDATA[0]]></item>
					<item id="displayorder"><![CDATA[0]]></item>
					<item id="navtitle"><![CDATA[]]></item>
					<item id="navicon"><![CDATA[]]></item>
					<item id="navsubname"><![CDATA[]]></item>
					<item id="navsuburl"><![CDATA[]]></item>
				</item>
				<item id="2">
					<item id="name"><![CDATA[mobile]]></item>
					<item id="param"><![CDATA[]]></item>
					<item id="menu"><![CDATA[]]></item>
					<item id="url"><![CDATA[]]></item>
					<item id="type"><![CDATA[28]]></item>
					<item id="adminid"><![CDATA[0]]></item>
					<item id="displayorder"><![CDATA[0]]></item>
					<item id="navtitle"><![CDATA[]]></item>
					<item id="navicon"><![CDATA[]]></item>
					<item id="navsubname"><![CDATA[]]></item>
					<item id="navsuburl"><![CDATA[]]></item>
				</item>
				<item id="3">
					<item id="name"><![CDATA[rtj1009_wxlogin_user]]></item>
					<item id="param"><![CDATA[]]></item>
					<item id="menu"><![CDATA[微信用戶列表]]></item>
					<item id="url"><![CDATA[]]></item>
					<item id="type"><![CDATA[3]]></item>
					<item id="adminid"><![CDATA[0]]></item>
					<item id="displayorder"><![CDATA[0]]></item>
					<item id="navtitle"><![CDATA[]]></item>
					<item id="navicon"><![CDATA[]]></item>
					<item id="navsubname"><![CDATA[]]></item>
					<item id="navsuburl"><![CDATA[]]></item>
				</item>
			</item>
		</item>
		<item id="version"><![CDATA[X3,X3.1,X3.2,X3.3,X3.4,X3.5,F1.0]]></item>
		<item id="var">
			<item id="0">
				<item id="displayorder"><![CDATA[1]]></item>
				<item id="title"><![CDATA[微信AppId]]></item>
				<item id="description"><![CDATA[填寫微信服務號的AppId]]></item>
				<item id="variable"><![CDATA[wx_appId]]></item>
				<item id="type"><![CDATA[text]]></item>
				<item id="value"><![CDATA[wx0b6fe53ba5356bd5]]></item>
				<item id="extra"><![CDATA[]]></item>
			</item>
			<item id="1">
				<item id="displayorder"><![CDATA[2]]></item>
				<item id="title"><![CDATA[微信AppSecret]]></item>
				<item id="description"><![CDATA[填寫微信服務號的AppSecret]]></item>
				<item id="variable"><![CDATA[wx_appSecret]]></item>
				<item id="type"><![CDATA[text]]></item>
				<item id="value"><![CDATA[28fe50616cb452039dafd7e3d1940628]]></item>
				<item id="extra"><![CDATA[]]></item>
			</item>
			<item id="2">
				<item id="displayorder"><![CDATA[3]]></item>
				<item id="title"><![CDATA[卸載是否刪除數據表 ...]]></item>
				<item id="description"><![CDATA[卸載儅前插件時是否刪除相關用戶數據表，如刪除則無法恢複微信登錄用戶數據]]></item>
				<item id="variable"><![CDATA[ren_wx_delsql]]></item>
				<item id="type"><![CDATA[radio]]></item>
				<item id="value"><![CDATA[0]]></item>
				<item id="extra"><![CDATA[]]></item>
			</item>
			<item id="3">
				<item id="displayorder"><![CDATA[4]]></item>
				<item id="title"><![CDATA[網頁授權域名]]></item>
				<item id="description"><![CDATA[設置網頁授權廻調域名，請確認與公衆號設置-網頁授權域名中填寫的域名一致]]></item>
				<item id="variable"><![CDATA[wx_redirect_uri]]></item>
				<item id="type"><![CDATA[text]]></item>
				<item id="value"><![CDATA[]]></item>
				<item id="extra"><![CDATA[]]></item>
			</item>
			<item id="4">
				<item id="displayorder"><![CDATA[5]]></item>
				<item id="title"><![CDATA[是否啓用無感知登錄 ... .. ...]]></item>
				<item id="description"><![CDATA[在首次登錄時會提示本站會獲取他微信賬號信息的提示，他點擊確定後才登錄]]></item>
				<item id="variable"><![CDATA[ren_wx_scope]]></item>
				<item id="type"><![CDATA[radio]]></item>
				<item id="value"><![CDATA[0]]></item>
				<item id="extra"><![CDATA[]]></item>
			</item>
			<item id="5">
				<item id="displayorder"><![CDATA[6]]></item>
				<item id="title"><![CDATA[注冊模式]]></item>
				<item id="description"><![CDATA[用戶首次用微信登錄時是提示完善資料（即手動注冊或綁定賬號）模式，還是直接一鍵快速注冊式]]></item>
				<item id="variable"><![CDATA[ren_wx_mode]]></item>
				<item id="type"><![CDATA[select]]></item>
				<item id="value"><![CDATA[1]]></item>
				<item id="extra"><![CDATA[1 = 一鍵登錄注冊
2 = 提示完善資料]]></item>
			</item>
			<item id="6">
				<item id="displayorder"><![CDATA[7]]></item>
				<item id="title"><![CDATA[微信注冊默認用戶組 ...]]></item>
				<item id="description"><![CDATA[可設置使用微信注冊默認用戶組]]></item>
				<item id="variable"><![CDATA[wx_groupid]]></item>
				<item id="type"><![CDATA[group]]></item>
				<item id="value"><![CDATA[10]]></item>
				<item id="extra"><![CDATA[]]></item>
			</item>
			<item id="7">
				<item id="displayorder"><![CDATA[8]]></item>
				<item id="title"><![CDATA[同名用戶提示綁定]]></item>
				<item id="description"><![CDATA[在微信注冊時，微信用戶名與站點已有用戶名相同時是否提示綁定，選否則是不提示直接快速注冊]]></item>
				<item id="variable"><![CDATA[repusername]]></item>
				<item id="type"><![CDATA[radio]]></item>
				<item id="value"><![CDATA[0]]></item>
				<item id="extra"><![CDATA[]]></item>
			</item>
			<item id="8">
				<item id="displayorder"><![CDATA[9]]></item>
				<item id="title"><![CDATA[注冊默認郵箱後綴]]></item>
				<item id="description"><![CDATA[設置注冊時默認的郵箱後綴]]></item>
				<item id="variable"><![CDATA[ren_wx_email]]></item>
				<item id="type"><![CDATA[text]]></item>
				<item id="value"><![CDATA[@qq.com]]></item>
				<item id="extra"><![CDATA[]]></item>
			</item>
			<item id="9">
				<item id="displayorder"><![CDATA[20]]></item>
				<item id="title"><![CDATA[登錄按扭衹在微信顯示 ...]]></item>
				<item id="description"><![CDATA[除微信打開網頁時顯示微信登錄按扭外的其它瀏覽器打開是否顯示微信登錄按扭]]></item>
				<item id="variable"><![CDATA[wx_iswx_btn]]></item>
				<item id="type"><![CDATA[radio]]></item>
				<item id="value"><![CDATA[0]]></item>
				<item id="extra"><![CDATA[]]></item>
			</item>
			<item id="10">
				<item id="displayorder"><![CDATA[21]]></item>
				<item id="title"><![CDATA[右上角顯示圖標或文字 ...  ...]]></item>
				<item id="description"><![CDATA[PC版中右上角微信登錄與綁定入口是顯示圖標還是文字]]></item>
				<item id="variable"><![CDATA[wx_ytop_bind]]></item>
				<item id="type"><![CDATA[select]]></item>
				<item id="value"><![CDATA[2]]></item>
				<item id="extra"><![CDATA[1 = 文字
2 = 圖標]]></item>
			</item>
			<item id="11">
				<item id="displayorder"><![CDATA[22]]></item>
				<item id="title"><![CDATA[風格顔色]]></item>
				<item id="description"><![CDATA[設置手機版自帶的導航、登錄按扭等相關顔色]]></item>
				<item id="variable"><![CDATA[ren_wx_color]]></item>
				<item id="type"><![CDATA[color]]></item>
				<item id="value"><![CDATA[#9CC210]]></item>
				<item id="extra"><![CDATA[]]></item>
			</item>
		</item>
		<item id="language">
			<item id="scriptlang">
				<item id="rtj1009_002"><![CDATA[微信用戶列表]]></item>
				<item id="rtj1009_003"><![CDATA[編號]]></item>
				<item id="rtj1009_004"><![CDATA[UID]]></item>
				<item id="rtj1009_005"><![CDATA[用戶名]]></item>
				<item id="rtj1009_006"><![CDATA[微信昵稱]]></item>
				<item id="rtj1009_007"><![CDATA[注冊時間]]></item>
				<item id="rtj1009_008"><![CDATA[性別]]></item>
				<item id="rtj1009_009"><![CDATA[登錄次數]]></item>
				<item id="rtj1009_010"><![CDATA[地區]]></item>
				<item id="rtj1009_011"><![CDATA[操作]]></item>
				<item id="rtj1009_012"><![CDATA[男]]></item>
				<item id="rtj1009_013"><![CDATA[女]]></item>
				<item id="rtj1009_014"><![CDATA[--]]></item>
				<item id="rtj1009_015"><![CDATA[詳情]]></item>
				<item id="rtj1009_016"><![CDATA[禁止]]></item>
				<item id="rtj1009_017"><![CDATA[解除]]></item>
				<item id="rtj1009_018"><![CDATA[禁止成功]]></item>
				<item id="rtj1009_019"><![CDATA[解除成功]]></item>
				<item id="rtj1009_020"><![CDATA[解綁成功]]></item>
				<item id="rtj1009_021"><![CDATA[登錄成功]]></item>
				<item id="rtj1009_022"><![CDATA[脩改成功]]></item>
				<item id="rtj1009_023"><![CDATA[恭喜您，微信綁定成功]]></item>
				<item id="rtj1009_024"><![CDATA[該帳號已經綁定微信, 請勿重複綁定]]></item>
				<item id="rtj1009_025"><![CDATA[帳號注冊成功]]></item>
				<item id="rtj1009_026"><![CDATA[微信登錄]]></item>
				<item id="rtj1009_027"><![CDATA[操作成功]]></item>
				<item id="rtj1009_028"><![CDATA[微信設置]]></item>
				<item id="rtj1009_029"><![CDATA[抱歉，該賬號已被限制登錄，請聯系站點琯理員]]></item>
			</item>
			<item id="templatelang">
				<item id="rtj1009_001"><![CDATA[微信掃碼，快速登錄]]></item>
				<item id="rtj1009_002"><![CDATA[您好，該微信已綁定過帳號，請解綁後再重新綁定！]]></item>
				<item id="rtj1009_003"><![CDATA[您的帳號 <strong>{$_G[member][username]}</strong> 已綁定微信，如需解綁，請先設置密碼，然後才能進行解除綁定操作！]]></item>
				<item id="rtj1009_004"><![CDATA[使用微信帳號綁定本站，您可以用微信掃碼輕松登錄]]></item>
				<item id="rtj1009_005"><![CDATA[點擊按鈕，立刻綁定微信帳號]]></item>
				<item id="rtj1009_006"><![CDATA[解除已綁定帳號？]]></item>
				<item id="rtj1009_007"><![CDATA[確認解綁]]></item>
				<item id="rtj1009_008"><![CDATA[請設置獨立密碼後再解除綁定關系]]></item>
				<item id="rtj1009_009"><![CDATA[確認密碼]]></item>
				<item id="rtj1009_010"><![CDATA[設置密碼]]></item>
				<item id="rtj1009_011"><![CDATA[賬號信息脩改]]></item>
				<item id="rtj1009_012"><![CDATA[新用戶名]]></item>
				<item id="rtj1009_013"><![CDATA[您的帳號 <strong>{$_G[member][username]}</strong> 已綁定微信，如需解綁，請點擊確認解綁竝掃碼完成]]></item>
				<item id="rtj1009_014"><![CDATA[脩改成功]]></item>
				<item id="rtj1009_015"><![CDATA[登錄成功]]></item>
				<item id="rtj1009_016"><![CDATA[微信綁定]]></item>
				<item id="rtj1009_017"><![CDATA[微信解綁]]></item>
				<item id="rtj1009_018"><![CDATA[您的帳號 <strong>{$_G[member][username]}</strong> 已綁定微信，確認解除？]]></item>
				<item id="rtj1009_019"><![CDATA[微信解綁]]></item>
				<item id="rtj1009_020"><![CDATA[微信設置]]></item>
				<item id="rtj1009_021"><![CDATA[該功能需要在微信中打開竝操作]]></item>
				<item id="rtj1009_022"><![CDATA[請先設置密碼，然後才能進行解除綁定操作！]]></item>
				<item id="rtj1009_023"><![CDATA[馬上設置]]></item>
				<item id="rtj1009_024"><![CDATA[確認解除]]></item>
				<item id="rtj1009_025"><![CDATA[綁定微信，用微信帳號輕松登錄]]></item>
				<item id="rtj1009_026"><![CDATA[確認綁定]]></item>
				<item id="rtj1009_027"><![CDATA[提示：用戶名衹允許脩改一次用哦！]]></item>
				<item id="rtj1009_028"><![CDATA[賬號信息已脩改好，衹能脩改一次哦]]></item>
				<item id="rtj1009_029"><![CDATA[您還未綁定微信，請先綁定]]></item>
				<item id="rtj1009_030"><![CDATA[去綁定]]></item>
				<item id="rtj1009_031"><![CDATA[微信掃碼，解除綁定]]></item>
				<item id="rtj1009_032"><![CDATA[微信掃碼，綁定賬號]]></item>
				<item id="rtj1009_033"><![CDATA[綁定賬號]]></item>
				<item id="rtj1009_034"><![CDATA[快速注冊賬號]]></item>
				<item id="rtj1009_035"><![CDATA[提問]]></item>
				<item id="rtj1009_036"><![CDATA[如未設置請忽略]]></item>
				<item id="rtj1009_037"><![CDATA[答案]]></item>
				<item id="rtj1009_038"><![CDATA[賬號]]></item>
				<item id="rtj1009_039"><![CDATA[密碼]]></item>
				<item id="rtj1009_040"><![CDATA[綁定已有賬號]]></item>
				<item id="rtj1009_041"><![CDATA[注冊新賬號]]></item>
				<item id="rtj1009_042"><![CDATA[1秒快速注冊]]></item>
				<item id="rtj1009_043"><![CDATA[用戶名]]></item>
				<item id="rtj1009_044"><![CDATA[已被注冊，請選擇処理方式。]]></item>
				<item id="rtj1009_045"><![CDATA[未被注冊，請選擇処理方式。]]></item>
				<item id="rtj1009_046"><![CDATA[用戶名]]></item>
			</item>
		</item>
		<item id="installfile"><![CDATA[install.php]]></item>
		<item id="uninstallfile"><![CDATA[uninstall.php]]></item>
	</item>
</root>