<?xml version="1.0" encoding="ISO-8859-1"?>
<root>
	<item id="Title"><![CDATA[Discuz! Plugin]]></item>
	<item id="version"><![CDATA[X3,X3.1,X3.2,X3.3,X3.4,X3.5,F1.0]]></item>
	<item id="Time"><![CDATA[2021-05-23 21:59]]></item>
	<item id="From"><![CDATA[DisM!应用中心 (https://dism.taobao.com/)]]></item>
	<item id="Data">
		<item id="plugin">
			<item id="available"><![CDATA[1]]></item>
			<item id="adminid"><![CDATA[1]]></item>
			<item id="name"><![CDATA[仁天际-微信登录]]></item>
			<item id="identifier"><![CDATA[rtj1009_wxlogin]]></item>
			<item id="description"><![CDATA[]]></item>
			<item id="datatables"><![CDATA[]]></item>
			<item id="directory"><![CDATA[rtj1009_wxlogin/]]></item>
			<item id="copyright"><![CDATA[DisM!应用中心 (https://dism.taobao.com/)]]></item>
			<item id="version"><![CDATA[1.2]]></item>
			<item id="__modules">
				<item id="0">
					<item id="name"><![CDATA[rtj1009_wxlogin]]></item>
					<item id="param"><![CDATA[]]></item>
					<item id="menu"><![CDATA[]]></item>
					<item id="url"><![CDATA[]]></item>
					<item id="type"><![CDATA[11]]></item>
					<item id="adminid"><![CDATA[0]]></item>
					<item id="displayorder"><![CDATA[0]]></item>
					<item id="navtitle"><![CDATA[]]></item>
					<item id="navicon"><![CDATA[]]></item>
					<item id="navsubname"><![CDATA[]]></item>
					<item id="navsuburl"><![CDATA[]]></item>
				</item>
				<item id="1">
					<item id="name"><![CDATA[rtj1009_wxlogin_bind]]></item>
					<item id="param"><![CDATA[]]></item>
					<item id="menu"><![CDATA[微信绑定]]></item>
					<item id="url"><![CDATA[]]></item>
					<item id="type"><![CDATA[7]]></item>
					<item id="adminid"><![CDATA[0]]></item>
					<item id="displayorder"><![CDATA[0]]></item>
					<item id="navtitle"><![CDATA[]]></item>
					<item id="navicon"><![CDATA[]]></item>
					<item id="navsubname"><![CDATA[]]></item>
					<item id="navsuburl"><![CDATA[]]></item>
				</item>
				<item id="2">
					<item id="name"><![CDATA[mobile]]></item>
					<item id="param"><![CDATA[]]></item>
					<item id="menu"><![CDATA[]]></item>
					<item id="url"><![CDATA[]]></item>
					<item id="type"><![CDATA[28]]></item>
					<item id="adminid"><![CDATA[0]]></item>
					<item id="displayorder"><![CDATA[0]]></item>
					<item id="navtitle"><![CDATA[]]></item>
					<item id="navicon"><![CDATA[]]></item>
					<item id="navsubname"><![CDATA[]]></item>
					<item id="navsuburl"><![CDATA[]]></item>
				</item>
				<item id="3">
					<item id="name"><![CDATA[rtj1009_wxlogin_user]]></item>
					<item id="param"><![CDATA[]]></item>
					<item id="menu"><![CDATA[微信用户列表]]></item>
					<item id="url"><![CDATA[]]></item>
					<item id="type"><![CDATA[3]]></item>
					<item id="adminid"><![CDATA[0]]></item>
					<item id="displayorder"><![CDATA[0]]></item>
					<item id="navtitle"><![CDATA[]]></item>
					<item id="navicon"><![CDATA[]]></item>
					<item id="navsubname"><![CDATA[]]></item>
					<item id="navsuburl"><![CDATA[]]></item>
				</item>
			</item>
		</item>
		<item id="version"><![CDATA[X3,X3.1,X3.2,X3.3,X3.4,X3.5,F1.0]]></item>
		<item id="var">
			<item id="0">
				<item id="displayorder"><![CDATA[1]]></item>
				<item id="title"><![CDATA[微信AppId]]></item>
				<item id="description"><![CDATA[填写微信服务号的AppId]]></item>
				<item id="variable"><![CDATA[wx_appId]]></item>
				<item id="type"><![CDATA[text]]></item>
				<item id="value"><![CDATA[wx0b6fe53ba5356bd5]]></item>
				<item id="extra"><![CDATA[]]></item>
			</item>
			<item id="1">
				<item id="displayorder"><![CDATA[2]]></item>
				<item id="title"><![CDATA[微信AppSecret]]></item>
				<item id="description"><![CDATA[填写微信服务号的AppSecret]]></item>
				<item id="variable"><![CDATA[wx_appSecret]]></item>
				<item id="type"><![CDATA[text]]></item>
				<item id="value"><![CDATA[28fe50616cb452039dafd7e3d1940628]]></item>
				<item id="extra"><![CDATA[]]></item>
			</item>
			<item id="2">
				<item id="displayorder"><![CDATA[3]]></item>
				<item id="title"><![CDATA[卸载是否删除数据表 ...]]></item>
				<item id="description"><![CDATA[卸载当前插件时是否删除相关用户数据表，如删除则无法恢复微信登录用户数据]]></item>
				<item id="variable"><![CDATA[ren_wx_delsql]]></item>
				<item id="type"><![CDATA[radio]]></item>
				<item id="value"><![CDATA[0]]></item>
				<item id="extra"><![CDATA[]]></item>
			</item>
			<item id="3">
				<item id="displayorder"><![CDATA[4]]></item>
				<item id="title"><![CDATA[网页授权域名]]></item>
				<item id="description"><![CDATA[设置网页授权回调域名，请确认与公众号设置-网页授权域名中填写的域名一致]]></item>
				<item id="variable"><![CDATA[wx_redirect_uri]]></item>
				<item id="type"><![CDATA[text]]></item>
				<item id="value"><![CDATA[]]></item>
				<item id="extra"><![CDATA[]]></item>
			</item>
			<item id="4">
				<item id="displayorder"><![CDATA[5]]></item>
				<item id="title"><![CDATA[是否启用无感知登录 ... .. ...]]></item>
				<item id="description"><![CDATA[在首次登录时会提示本站会获取他微信账号信息的提示，他点击确定后才登录]]></item>
				<item id="variable"><![CDATA[ren_wx_scope]]></item>
				<item id="type"><![CDATA[radio]]></item>
				<item id="value"><![CDATA[0]]></item>
				<item id="extra"><![CDATA[]]></item>
			</item>
			<item id="5">
				<item id="displayorder"><![CDATA[6]]></item>
				<item id="title"><![CDATA[注册模式]]></item>
				<item id="description"><![CDATA[用户首次用微信登录时是提示完善资料（即手动注册或绑定账号）模式，还是直接一键快速注册式]]></item>
				<item id="variable"><![CDATA[ren_wx_mode]]></item>
				<item id="type"><![CDATA[select]]></item>
				<item id="value"><![CDATA[1]]></item>
				<item id="extra"><![CDATA[1 = 一键登录注册
2 = 提示完善资料]]></item>
			</item>
			<item id="6">
				<item id="displayorder"><![CDATA[7]]></item>
				<item id="title"><![CDATA[微信注册默认用户组 ...]]></item>
				<item id="description"><![CDATA[可设置使用微信注册默认用户组]]></item>
				<item id="variable"><![CDATA[wx_groupid]]></item>
				<item id="type"><![CDATA[group]]></item>
				<item id="value"><![CDATA[10]]></item>
				<item id="extra"><![CDATA[]]></item>
			</item>
			<item id="7">
				<item id="displayorder"><![CDATA[8]]></item>
				<item id="title"><![CDATA[同名用户提示绑定]]></item>
				<item id="description"><![CDATA[在微信注册时，微信用户名与站点已有用户名相同时是否提示绑定，选否则是不提示直接快速注册]]></item>
				<item id="variable"><![CDATA[repusername]]></item>
				<item id="type"><![CDATA[radio]]></item>
				<item id="value"><![CDATA[0]]></item>
				<item id="extra"><![CDATA[]]></item>
			</item>
			<item id="8">
				<item id="displayorder"><![CDATA[9]]></item>
				<item id="title"><![CDATA[注册默认邮箱后缀]]></item>
				<item id="description"><![CDATA[设置注册时默认的邮箱后缀]]></item>
				<item id="variable"><![CDATA[ren_wx_email]]></item>
				<item id="type"><![CDATA[text]]></item>
				<item id="value"><![CDATA[@qq.com]]></item>
				<item id="extra"><![CDATA[]]></item>
			</item>
			<item id="9">
				<item id="displayorder"><![CDATA[20]]></item>
				<item id="title"><![CDATA[登录按扭只在微信显示 ...]]></item>
				<item id="description"><![CDATA[除微信打开网页时显示微信登录按扭外的其它浏览器打开是否显示微信登录按扭]]></item>
				<item id="variable"><![CDATA[wx_iswx_btn]]></item>
				<item id="type"><![CDATA[radio]]></item>
				<item id="value"><![CDATA[0]]></item>
				<item id="extra"><![CDATA[]]></item>
			</item>
			<item id="10">
				<item id="displayorder"><![CDATA[21]]></item>
				<item id="title"><![CDATA[右上角显示图标或文字 ...  ...]]></item>
				<item id="description"><![CDATA[PC版中右上角微信登录与绑定入口是显示图标还是文字]]></item>
				<item id="variable"><![CDATA[wx_ytop_bind]]></item>
				<item id="type"><![CDATA[select]]></item>
				<item id="value"><![CDATA[2]]></item>
				<item id="extra"><![CDATA[1 = 文字
2 = 图标]]></item>
			</item>
			<item id="11">
				<item id="displayorder"><![CDATA[22]]></item>
				<item id="title"><![CDATA[风格颜色]]></item>
				<item id="description"><![CDATA[设置手机版自带的导航、登录按扭等相关颜色]]></item>
				<item id="variable"><![CDATA[ren_wx_color]]></item>
				<item id="type"><![CDATA[color]]></item>
				<item id="value"><![CDATA[#9CC210]]></item>
				<item id="extra"><![CDATA[]]></item>
			</item>
		</item>
		<item id="language">
			<item id="scriptlang">
				<item id="rtj1009_002"><![CDATA[微信用户列表]]></item>
				<item id="rtj1009_003"><![CDATA[编号]]></item>
				<item id="rtj1009_004"><![CDATA[UID]]></item>
				<item id="rtj1009_005"><![CDATA[用户名]]></item>
				<item id="rtj1009_006"><![CDATA[微信昵称]]></item>
				<item id="rtj1009_007"><![CDATA[注册时间]]></item>
				<item id="rtj1009_008"><![CDATA[性别]]></item>
				<item id="rtj1009_009"><![CDATA[登录次数]]></item>
				<item id="rtj1009_010"><![CDATA[地区]]></item>
				<item id="rtj1009_011"><![CDATA[操作]]></item>
				<item id="rtj1009_012"><![CDATA[男]]></item>
				<item id="rtj1009_013"><![CDATA[女]]></item>
				<item id="rtj1009_014"><![CDATA[--]]></item>
				<item id="rtj1009_015"><![CDATA[详情]]></item>
				<item id="rtj1009_016"><![CDATA[禁止]]></item>
				<item id="rtj1009_017"><![CDATA[解除]]></item>
				<item id="rtj1009_018"><![CDATA[禁止成功]]></item>
				<item id="rtj1009_019"><![CDATA[解除成功]]></item>
				<item id="rtj1009_020"><![CDATA[解绑成功]]></item>
				<item id="rtj1009_021"><![CDATA[登录成功]]></item>
				<item id="rtj1009_022"><![CDATA[修改成功]]></item>
				<item id="rtj1009_023"><![CDATA[恭喜您，微信绑定成功]]></item>
				<item id="rtj1009_024"><![CDATA[该帐号已经绑定微信, 请勿重复绑定]]></item>
				<item id="rtj1009_025"><![CDATA[帐号注册成功]]></item>
				<item id="rtj1009_026"><![CDATA[微信登录]]></item>
				<item id="rtj1009_027"><![CDATA[操作成功]]></item>
				<item id="rtj1009_028"><![CDATA[微信设置]]></item>
				<item id="rtj1009_029"><![CDATA[抱歉，该账号已被限制登录，请联系站点管理员]]></item>
			</item>
			<item id="templatelang">
				<item id="rtj1009_001"><![CDATA[微信扫码，快速登录]]></item>
				<item id="rtj1009_002"><![CDATA[您好，该微信已绑定过帐号，请解绑后再重新绑定！]]></item>
				<item id="rtj1009_003"><![CDATA[您的帐号 <strong>{$_G[member][username]}</strong> 已绑定微信，如需解绑，请先设置密码，然后才能进行解除绑定操作！]]></item>
				<item id="rtj1009_004"><![CDATA[使用微信帐号绑定本站，您可以用微信扫码轻松登录]]></item>
				<item id="rtj1009_005"><![CDATA[点击按钮，立刻绑定微信帐号]]></item>
				<item id="rtj1009_006"><![CDATA[解除已绑定帐号？]]></item>
				<item id="rtj1009_007"><![CDATA[确认解绑]]></item>
				<item id="rtj1009_008"><![CDATA[请设置独立密码后再解除绑定关系]]></item>
				<item id="rtj1009_009"><![CDATA[确认密码]]></item>
				<item id="rtj1009_010"><![CDATA[设置密码]]></item>
				<item id="rtj1009_011"><![CDATA[账号信息修改]]></item>
				<item id="rtj1009_012"><![CDATA[新用户名]]></item>
				<item id="rtj1009_013"><![CDATA[您的帐号 <strong>{$_G[member][username]}</strong> 已绑定微信，如需解绑，请点击确认解绑并扫码完成]]></item>
				<item id="rtj1009_014"><![CDATA[修改成功]]></item>
				<item id="rtj1009_015"><![CDATA[登录成功]]></item>
				<item id="rtj1009_016"><![CDATA[微信绑定]]></item>
				<item id="rtj1009_017"><![CDATA[微信解绑]]></item>
				<item id="rtj1009_018"><![CDATA[您的帐号 <strong>{$_G[member][username]}</strong> 已绑定微信，确认解除？]]></item>
				<item id="rtj1009_019"><![CDATA[微信解绑]]></item>
				<item id="rtj1009_020"><![CDATA[微信设置]]></item>
				<item id="rtj1009_021"><![CDATA[该功能需要在微信中打开并操作]]></item>
				<item id="rtj1009_022"><![CDATA[请先设置密码，然后才能进行解除绑定操作！]]></item>
				<item id="rtj1009_023"><![CDATA[马上设置]]></item>
				<item id="rtj1009_024"><![CDATA[确认解除]]></item>
				<item id="rtj1009_025"><![CDATA[绑定微信，用微信帐号轻松登录]]></item>
				<item id="rtj1009_026"><![CDATA[确认绑定]]></item>
				<item id="rtj1009_027"><![CDATA[提示：用户名只允许修改一次用哦！]]></item>
				<item id="rtj1009_028"><![CDATA[账号信息已修改好，只能修改一次哦]]></item>
				<item id="rtj1009_029"><![CDATA[您还未绑定微信，请先绑定]]></item>
				<item id="rtj1009_030"><![CDATA[去绑定]]></item>
				<item id="rtj1009_031"><![CDATA[微信扫码，解除绑定]]></item>
				<item id="rtj1009_032"><![CDATA[微信扫码，绑定账号]]></item>
				<item id="rtj1009_033"><![CDATA[绑定账号]]></item>
				<item id="rtj1009_034"><![CDATA[快速注册账号]]></item>
				<item id="rtj1009_035"><![CDATA[提问]]></item>
				<item id="rtj1009_036"><![CDATA[如未设置请忽略]]></item>
				<item id="rtj1009_037"><![CDATA[答案]]></item>
				<item id="rtj1009_038"><![CDATA[账号]]></item>
				<item id="rtj1009_039"><![CDATA[密码]]></item>
				<item id="rtj1009_040"><![CDATA[绑定已有账号]]></item>
				<item id="rtj1009_041"><![CDATA[注册新账号]]></item>
				<item id="rtj1009_042"><![CDATA[1秒快速注册]]></item>
				<item id="rtj1009_043"><![CDATA[用户名]]></item>
				<item id="rtj1009_044"><![CDATA[已被注册，请选择处理方式。]]></item>
				<item id="rtj1009_045"><![CDATA[未被注册，请选择处理方式。]]></item>
				<item id="rtj1009_046"><![CDATA[用户名]]></item>
			</item>
		</item>
		<item id="installfile"><![CDATA[install.php]]></item>
		<item id="uninstallfile"><![CDATA[uninstall.php]]></item>
	</item>
</root>