<?xml version="1.0" encoding="ISO-8859-1"?>
<root>
	<item id="Title"><![CDATA[Discuz! Plugin]]></item>
	<item id="Version"><![CDATA[X3.4]]></item>
	<item id="Time"><![CDATA[2020-05-01 05:09]]></item>
	<item id="From"><![CDATA[DisM!应用中心 (https://dism.taobao.com/)]]></item>
	<item id="Data">
		<item id="plugin">
			<item id="available"><![CDATA[1]]></item>
			<item id="adminid"><![CDATA[1]]></item>
			<item id="name"><![CDATA[木木CMS-二级导航]]></item>
			<item id="identifier"><![CDATA[mumucms_subnav]]></item>
			<item id="description"><![CDATA[本插件专为木木CMS模板专用，开启之后可以再主导航下面显示一个二级导航，有多种样式可以选择，也支持响应式。]]></item>
			<item id="datatables"><![CDATA[]]></item>
			<item id="directory"><![CDATA[mumucms_subnav/]]></item>
			<item id="copyright"><![CDATA[木木CMS(www.mumucms.com) ]]></item>
			<item id="version"><![CDATA[1.2]]></item>
			<item id="__modules">
				<item id="0">
					<item id="name"><![CDATA[mumucms_subnav]]></item>
					<item id="param"><![CDATA[]]></item>
					<item id="menu"><![CDATA[]]></item>
					<item id="url"><![CDATA[]]></item>
					<item id="type"><![CDATA[11]]></item>
					<item id="adminid"><![CDATA[0]]></item>
					<item id="displayorder"><![CDATA[2]]></item>
					<item id="navtitle"><![CDATA[]]></item>
					<item id="navicon"><![CDATA[]]></item>
					<item id="navsubname"><![CDATA[]]></item>
					<item id="navsuburl"><![CDATA[]]></item>
				</item>
			</item>
		</item>
		<item id="version"><![CDATA[X3,X3.1,X3.2,X3.3,X3.4,F1.0,L1.0]]></item>
		<item id="var">
			<item id="0">
				<item id="displayorder"><![CDATA[1]]></item>
				<item id="title"><![CDATA[启用插件]]></item>
				<item id="description"><![CDATA[]]></item>
				<item id="variable"><![CDATA[mumucms_subnav_qiyong]]></item>
				<item id="type"><![CDATA[radio]]></item>
				<item id="value"><![CDATA[1]]></item>
				<item id="extra"><![CDATA[]]></item>
			</item>
			<item id="1">
				<item id="displayorder"><![CDATA[2]]></item>
				<item id="title"><![CDATA[电脑端显示页面控制]]></item>
				<item id="description"><![CDATA[]]></item>
				<item id="variable"><![CDATA[mumucms_subnav_xspage]]></item>
				<item id="type"><![CDATA[selects]]></item>
				<item id="extra"><![CDATA[1 = 全站显示
2 = 门户首页
3 = 论坛首页
4 = 论坛版块
5 = 论坛帖子
6 = 其他页面]]></item>
				<item id="__value">
					<item id="0"><![CDATA[1]]></item>
				</item>
			</item>
			<item id="2">
				<item id="displayorder"><![CDATA[3]]></item>
				<item id="title"><![CDATA[样式选择]]></item>
				<item id="description"><![CDATA[]]></item>
				<item id="variable"><![CDATA[mumucms_subnav_xuanze]]></item>
				<item id="type"><![CDATA[select]]></item>
				<item id="value"><![CDATA[1]]></item>
				<item id="extra"><![CDATA[1 = 样式一
2 = 样式二]]></item>
			</item>
			<item id="3">
				<item id="displayorder"><![CDATA[4]]></item>
				<item id="title"><![CDATA[样式一]]></item>
				<item id="description"><![CDATA[]]></item>
				<item id="variable"><![CDATA[mumucms_subnav_yangshi1]]></item>
				<item id="type"><![CDATA[textarea]]></item>
				<item id="value"><![CDATA[<div class="mumucms_subnav mumucms_subnav_yangshi1">
<div class="mumucms_subnav_wp">
<div class="nav">
<div class="ico1 ico">
<a href="#"></a>
</div>
<ul>
<li><a href="#">二级导航</a></li>
<li><a href="#">二级导航</a></li>
<li><a href="#">二级导航</a></li>
<li><a href="#">二级导航</a></li>
<li><a href="#">二级导航</a></li>
<li><a href="#">二级导航</a></li>
</ul>
</div>

<div class="nav">
<div class="ico2 ico">
<a href="#"></a>
</div>
<ul>
<li><a href="#">二级导航</a></li>
<li><a href="#">二级导航</a></li>
<li><a href="#">二级导航</a></li>
<li><a href="#">二级导航</a></li>
<li><a href="#">二级导航</a></li>
<li><a href="#">二级导航</a></li>
</ul>
</div>

<div class="nav">
<div class="ico3 ico">
<a href="#"></a>
</div>
<ul>
<li><a href="#">二级导航</a></li>
<li><a href="#">二级导航</a></li>
<li><a href="#">二级导航</a></li>
<li><a href="#">二级导航</a></li>
<li><a href="#">二级导航</a></li>
<li><a href="#">二级导航</a></li>
</ul>
</div>

<div class="nav">
<div class="ico4 ico">
<a href="#"></a>
</div>
<ul>
<li><a href="#">二级导航</a></li>
<li><a href="#">二级导航</a></li>
<li><a href="#">二级导航</a></li>
<li><a href="#">二级导航</a></li>
<li><a href="#">二级导航</a></li>
<li><a href="#">二级导航</a></li>
</ul>
</div>
</div>
</div>]]></item>
				<item id="extra"><![CDATA[]]></item>
			</item>
			<item id="4">
				<item id="displayorder"><![CDATA[5]]></item>
				<item id="title"><![CDATA[样式二]]></item>
				<item id="description"><![CDATA[]]></item>
				<item id="variable"><![CDATA[mumucms_subnav_yangshi2]]></item>
				<item id="type"><![CDATA[textarea]]></item>
				<item id="value"><![CDATA[<div class="mumucms_subnav mumucms_subnav_yangshi2"> 
<div class="mumucms_subnav_wp">
<dl>
	<dt style="background:#48a1ff;"><b class="ico1"></b>话题</dt>
	<dd>
		<p class="top"><a target="_blank" href="#">二级导航</a><a target="_blank" href="#">二级导航</a></p>
		<p><a target="_blank" href="#">二级导航</a><a target="_blank" href="#">二级导航</a></p>
	</dd>
</dl>
<dl>
	<dt style="background:#4dd79a;"><b class="ico2"></b>生活</dt>
	<dd>
		<p class="top"><a target="_blank" href="#">二级导航</a><a target="_blank" href="#">二级导航</a><a target="_blank" href="#">二级导航</a></p>
		<p><a target="_blank" href="#">二级导航</a><a target="_blank" href="#">二级导航</a><a target="_blank" href="#">二级导航</a></p>
	</dd>
</dl>
<dl>
	<dt style="background:#fb8055;"><b class="ico3"></b>兴趣</dt>
	<dd>
		<p class="top"><a target="_blank" href="#">二级导航</a><a target="_blank" href="#">二级导航</a></p>
		<p><a target="_blank" href="#">二级导航</a><a target="_blank" href="#">二级导航</a></p>
	</dd>
</dl>
<dl>
	<dt style="background:#fc648b"><b class="ico4"></b>资讯</dt>
	<dd>
		<p class="top"><a target="_blank" href="#">二级导航</a><a target="_blank" href="#">二级导航</a><a target="_blank" href="#">二级导航</a></p>
		<p><a target="_blank" href="#">二级导航</a><a target="_blank" href="#">二级导航</a><a target="_blank" href="#">二级导航</a></p>
	</dd>
</dl>
<dl>
	<dt style="background:#5f84f8"><b class="ico5"></b>便民</dt>
	<dd>
		<p class="top"><a target="_blank" href="#">导航</a><a target="_blank" href="#">二级导航</a><a target="_blank" href="#">二级导航</a></p>
		<p><a target="_blank" href="#">导航</a><a target="_blank" href="#">二级导航</a><a target="_blank" href="#">二级导航</a></p>
	</dd>
</dl>
</div>
</div>]]></item>
				<item id="extra"><![CDATA[]]></item>
			</item>
			<item id="5">
				<item id="displayorder"><![CDATA[6]]></item>
				<item id="title"><![CDATA[开启小屏端样式]]></item>
				<item id="description"><![CDATA[]]></item>
				<item id="variable"><![CDATA[mumucms_subnav_qiyongwap]]></item>
				<item id="type"><![CDATA[radio]]></item>
				<item id="value"><![CDATA[1]]></item>
				<item id="extra"><![CDATA[]]></item>
			</item>
			<item id="6">
				<item id="displayorder"><![CDATA[7]]></item>
				<item id="title"><![CDATA[小屏端样式]]></item>
				<item id="description"><![CDATA[默认仅在门户首页显示
但是不显示受上面电脑端显示控制影响]]></item>
				<item id="variable"><![CDATA[mumucms_subnav_wapstyle]]></item>
				<item id="type"><![CDATA[textarea]]></item>
				<item id="value"><![CDATA[<div id="mumucms_subnav_wap" class="mumucms_subnav_wap">
    <div class="subnav_wrapper"> 
        <div class="subnav_slide"><a class="mumucms_color" href="#">精选<i class="mumucms_bgcolor"></i></a></div>
        <div class="subnav_slide"><a href="#">新闻</a></div>
        <div class="subnav_slide"><a href="#">社区</a></div>
        <div class="subnav_slide"><a href="#">导读</a></div>
        <div class="subnav_slide"><a href="#">新楼盘</a></div>
        <div class="subnav_slide"><a href="#">二手房</a></div>       
        <div class="subnav_slide"><a href="#">活动</a></div>
        <div class="subnav_slide"><a href="#">招聘</a></div>
        <div class="subnav_slide"><a href="#">商家</a></div>
        <div class="subnav_slide"><a href="#">二手</a></div>
        <div class="subnav_slide"><a href="#">交友</a></div>
        <div class="subnav_slide"><a href="#">图说事</a></div>
        <div class="subnav_slide"><a href="#">本地通</a></div> 
	<div class="subnav_slide_menu y"><a href="javascript:;" class=""><i></i></a></div>
    </div>
<div class="subnav_slide_more">
<a href="#">新闻资讯</a>
<a href="#">人才招聘</a>
<a href="#">房产家居</a>
<a href="#">美食推荐</a>
<a href="#">活动聚会</a>
<a href="#">分类信息</a>
<a href="#">教育培训</a>
<a href="#">跳蚤商城</a>
<a href="#">口碑商家</a>
<a href="#">婚嫁交友</a>
<a href="#">美图欣赏</a>
<a href="#">本地圈子</a>
</div>
</div>]]></item>
				<item id="extra"><![CDATA[]]></item>
			</item>
		</item>
	</item>
</root>