<?xml version="1.0" encoding="ISO-8859-1"?>
<root>
	<item id="Title"><![CDATA[Discuz! Plugin]]></item>
	<item id="Version"><![CDATA[X3.4]]></item>
	<item id="Time"><![CDATA[2018-07-03 13:12]]></item>
	<item id="From"><![CDATA[DisM!应用中心 (https://dism.taobao.com/)]]></item>
	<item id="Data">
		<item id="plugin">
			<item id="available"><![CDATA[1]]></item>
			<item id="adminid"><![CDATA[1]]></item>
			<item id="name"><![CDATA[木木CMS-左侧导航]]></item>
			<item id="identifier"><![CDATA[mumucms_leftnav]]></item>
			<item id="description"><![CDATA[本插件为木木CMS门户专用，开启之后可以在网站左侧显示一个固定导航，可以记录cookie，用户下次打开依然保存上次的展开或收起状态。]]></item>
			<item id="datatables"><![CDATA[]]></item>
			<item id="directory"><![CDATA[mumucms_leftnav/]]></item>
			<item id="copyright"><![CDATA[DisM!应用中心(dism.taobao.com)]]></item>
			<item id="version"><![CDATA[1.0]]></item>
			<item id="__modules">
				<item id="0">
					<item id="name"><![CDATA[mumucms_leftnav]]></item>
					<item id="param"><![CDATA[]]></item>
					<item id="menu"><![CDATA[]]></item>
					<item id="url"><![CDATA[]]></item>
					<item id="type"><![CDATA[11]]></item>
					<item id="adminid"><![CDATA[0]]></item>
					<item id="displayorder"><![CDATA[0]]></item>
					<item id="navtitle"><![CDATA[]]></item>
					<item id="navicon"><![CDATA[]]></item>
					<item id="navsubname"><![CDATA[]]></item>
					<item id="navsuburl"><![CDATA[]]></item>
				</item>
			</item>
		</item>
		<item id="version"><![CDATA[X3,X3.1,X3.2,X3.3,X3.4,F1.0,L1.0]]></item>
		<item id="var">
			<item id="0">
				<item id="displayorder"><![CDATA[1]]></item>
				<item id="title"><![CDATA[启用插件]]></item>
				<item id="description"><![CDATA[]]></item>
				<item id="variable"><![CDATA[mumucms_leftnav_qiyong]]></item>
				<item id="type"><![CDATA[radio]]></item>
				<item id="value"><![CDATA[1]]></item>
				<item id="extra"><![CDATA[]]></item>
			</item>
			<item id="1">
				<item id="displayorder"><![CDATA[2]]></item>
				<item id="title"><![CDATA[默认展开]]></item>
				<item id="description"><![CDATA[]]></item>
				<item id="variable"><![CDATA[mumucms_leftnav_zhankai]]></item>
				<item id="type"><![CDATA[radio]]></item>
				<item id="value"><![CDATA[1]]></item>
				<item id="extra"><![CDATA[]]></item>
			</item>
			<item id="2">
				<item id="displayorder"><![CDATA[3]]></item>
				<item id="title"><![CDATA[显示页面]]></item>
				<item id="description"><![CDATA[]]></item>
				<item id="variable"><![CDATA[mumucms_leftnav_xspage]]></item>
				<item id="type"><![CDATA[selects]]></item>
				<item id="extra"><![CDATA[1 = 全站显示
2 = 门户首页
3 = 论坛首页
4 = 论坛版块
5 = 论坛帖子
6 = 其他页面]]></item>
				<item id="__value">
					<item id="0"><![CDATA[1]]></item>
				</item>
			</item>
			<item id="3">
				<item id="displayorder"><![CDATA[4]]></item>
				<item id="title"><![CDATA[预载jquery]]></item>
				<item id="description"><![CDATA[]]></item>
				<item id="variable"><![CDATA[mumucms_leftnav_jquery]]></item>
				<item id="type"><![CDATA[radio]]></item>
				<item id="value"><![CDATA[1]]></item>
				<item id="extra"><![CDATA[]]></item>
			</item>
			<item id="4">
				<item id="displayorder"><![CDATA[5]]></item>
				<item id="title"><![CDATA[新窗口打开]]></item>
				<item id="description"><![CDATA[]]></item>
				<item id="variable"><![CDATA[mumucms_leftnav_target]]></item>
				<item id="type"><![CDATA[radio]]></item>
				<item id="value"><![CDATA[1]]></item>
				<item id="extra"><![CDATA[]]></item>
			</item>
			<item id="5">
				<item id="displayorder"><![CDATA[6]]></item>
				<item id="title"><![CDATA[背景颜色]]></item>
				<item id="description"><![CDATA[]]></item>
				<item id="variable"><![CDATA[mumucms_leftnav_bgcolor]]></item>
				<item id="type"><![CDATA[color]]></item>
				<item id="value"><![CDATA[#106aa7]]></item>
				<item id="extra"><![CDATA[]]></item>
			</item>
			<item id="6">
				<item id="displayorder"><![CDATA[7]]></item>
				<item id="title"><![CDATA[鼠标高亮颜色]]></item>
				<item id="description"><![CDATA[]]></item>
				<item id="variable"><![CDATA[mumucms_leftnav_glcolor]]></item>
				<item id="type"><![CDATA[color]]></item>
				<item id="value"><![CDATA[#f78015]]></item>
				<item id="extra"><![CDATA[]]></item>
			</item>
			<item id="7">
				<item id="displayorder"><![CDATA[8]]></item>
				<item id="title"><![CDATA[展开收起按钮颜色]]></item>
				<item id="description"><![CDATA[]]></item>
				<item id="variable"><![CDATA[mumucms_leftnav_closecolor]]></item>
				<item id="type"><![CDATA[color]]></item>
				<item id="value"><![CDATA[#106aa7]]></item>
				<item id="extra"><![CDATA[]]></item>
			</item>
			<item id="8">
				<item id="displayorder"><![CDATA[9]]></item>
				<item id="title"><![CDATA[字体颜色]]></item>
				<item id="description"><![CDATA[]]></item>
				<item id="variable"><![CDATA[mumucms_leftnav_fontcolor]]></item>
				<item id="type"><![CDATA[color]]></item>
				<item id="value"><![CDATA[#FFFFFF]]></item>
				<item id="extra"><![CDATA[]]></item>
			</item>
			<item id="9">
				<item id="displayorder"><![CDATA[10]]></item>
				<item id="title"><![CDATA[导航一图片]]></item>
				<item id="description"><![CDATA[默认彩色图标：source/plugin/mumucms_leftnav/template/img/mumucms_ico1.png
默认白色图标：source/plugin/mumucms_leftnav/template/img/mumucms_ico1_bai.png]]></item>
				<item id="variable"><![CDATA[mumucms_leftnav_navimage1]]></item>
				<item id="type"><![CDATA[text]]></item>
				<item id="value"><![CDATA[source/plugin/mumucms_leftnav/template/img/mumucms_ico1_bai.png]]></item>
				<item id="extra"><![CDATA[]]></item>
			</item>
			<item id="10">
				<item id="displayorder"><![CDATA[11]]></item>
				<item id="title"><![CDATA[导航一文字]]></item>
				<item id="description"><![CDATA[]]></item>
				<item id="variable"><![CDATA[mumucms_leftnav_navfont1]]></item>
				<item id="type"><![CDATA[text]]></item>
				<item id="value"><![CDATA[房产]]></item>
				<item id="extra"><![CDATA[]]></item>
			</item>
			<item id="11">
				<item id="displayorder"><![CDATA[12]]></item>
				<item id="title"><![CDATA[导航一链接]]></item>
				<item id="description"><![CDATA[]]></item>
				<item id="variable"><![CDATA[mumucms_leftnav_navlink1]]></item>
				<item id="type"><![CDATA[text]]></item>
				<item id="value"><![CDATA[#]]></item>
				<item id="extra"><![CDATA[]]></item>
			</item>
			<item id="12">
				<item id="displayorder"><![CDATA[13]]></item>
				<item id="title"><![CDATA[导航二图片]]></item>
				<item id="description"><![CDATA[默认彩色图标：source/plugin/mumucms_leftnav/template/img/mumucms_ico2.png
默认白色图标：source/plugin/mumucms_leftnav/template/img/mumucms_ico2_bai.png]]></item>
				<item id="variable"><![CDATA[mumucms_leftnav_navimage2]]></item>
				<item id="type"><![CDATA[text]]></item>
				<item id="value"><![CDATA[source/plugin/mumucms_leftnav/template/img/mumucms_ico2_bai.png]]></item>
				<item id="extra"><![CDATA[]]></item>
			</item>
			<item id="13">
				<item id="displayorder"><![CDATA[14]]></item>
				<item id="title"><![CDATA[导航二文字]]></item>
				<item id="description"><![CDATA[]]></item>
				<item id="variable"><![CDATA[mumucms_leftnav_navfont2]]></item>
				<item id="type"><![CDATA[text]]></item>
				<item id="value"><![CDATA[招聘]]></item>
				<item id="extra"><![CDATA[]]></item>
			</item>
			<item id="14">
				<item id="displayorder"><![CDATA[15]]></item>
				<item id="title"><![CDATA[导航二链接]]></item>
				<item id="description"><![CDATA[]]></item>
				<item id="variable"><![CDATA[mumucms_leftnav_navlink2]]></item>
				<item id="type"><![CDATA[text]]></item>
				<item id="value"><![CDATA[#]]></item>
				<item id="extra"><![CDATA[]]></item>
			</item>
			<item id="15">
				<item id="displayorder"><![CDATA[16]]></item>
				<item id="title"><![CDATA[导航三图片]]></item>
				<item id="description"><![CDATA[默认彩色图标：source/plugin/mumucms_leftnav/template/img/mumucms_ico3.png
默认白色图标：source/plugin/mumucms_leftnav/template/img/mumucms_ico3_bai.png]]></item>
				<item id="variable"><![CDATA[mumucms_leftnav_navimage3]]></item>
				<item id="type"><![CDATA[text]]></item>
				<item id="value"><![CDATA[source/plugin/mumucms_leftnav/template/img/mumucms_ico3_bai.png]]></item>
				<item id="extra"><![CDATA[]]></item>
			</item>
			<item id="16">
				<item id="displayorder"><![CDATA[17]]></item>
				<item id="title"><![CDATA[导航三文字]]></item>
				<item id="description"><![CDATA[]]></item>
				<item id="variable"><![CDATA[mumucms_leftnav_navfont3]]></item>
				<item id="type"><![CDATA[text]]></item>
				<item id="value"><![CDATA[交友]]></item>
				<item id="extra"><![CDATA[]]></item>
			</item>
			<item id="17">
				<item id="displayorder"><![CDATA[18]]></item>
				<item id="title"><![CDATA[导航三链接]]></item>
				<item id="description"><![CDATA[]]></item>
				<item id="variable"><![CDATA[mumucms_leftnav_navlink3]]></item>
				<item id="type"><![CDATA[text]]></item>
				<item id="value"><![CDATA[#]]></item>
				<item id="extra"><![CDATA[]]></item>
			</item>
			<item id="18">
				<item id="displayorder"><![CDATA[19]]></item>
				<item id="title"><![CDATA[导航四图片]]></item>
				<item id="description"><![CDATA[默认彩色图标：source/plugin/mumucms_leftnav/template/img/mumucms_ico4.png
默认白色图标：source/plugin/mumucms_leftnav/template/img/mumucms_ico4_bai.png]]></item>
				<item id="variable"><![CDATA[mumucms_leftnav_navimage4]]></item>
				<item id="type"><![CDATA[text]]></item>
				<item id="value"><![CDATA[source/plugin/mumucms_leftnav/template/img/mumucms_ico4_bai.png]]></item>
				<item id="extra"><![CDATA[]]></item>
			</item>
			<item id="19">
				<item id="displayorder"><![CDATA[20]]></item>
				<item id="title"><![CDATA[导航四文字]]></item>
				<item id="description"><![CDATA[]]></item>
				<item id="variable"><![CDATA[mumucms_leftnav_navfont4]]></item>
				<item id="type"><![CDATA[text]]></item>
				<item id="value"><![CDATA[二手车]]></item>
				<item id="extra"><![CDATA[]]></item>
			</item>
			<item id="20">
				<item id="displayorder"><![CDATA[21]]></item>
				<item id="title"><![CDATA[导航四链接]]></item>
				<item id="description"><![CDATA[]]></item>
				<item id="variable"><![CDATA[mumucms_leftnav_navlink4]]></item>
				<item id="type"><![CDATA[text]]></item>
				<item id="value"><![CDATA[#]]></item>
				<item id="extra"><![CDATA[]]></item>
			</item>
			<item id="21">
				<item id="displayorder"><![CDATA[22]]></item>
				<item id="title"><![CDATA[导航五图片]]></item>
				<item id="description"><![CDATA[默认彩色图标：source/plugin/mumucms_leftnav/template/img/mumucms_ico5.png
默认白色图标：source/plugin/mumucms_leftnav/template/img/mumucms_ico5_bai.png]]></item>
				<item id="variable"><![CDATA[mumucms_leftnav_navimage5]]></item>
				<item id="type"><![CDATA[text]]></item>
				<item id="value"><![CDATA[source/plugin/mumucms_leftnav/template/img/mumucms_ico5_bai.png]]></item>
				<item id="extra"><![CDATA[]]></item>
			</item>
			<item id="22">
				<item id="displayorder"><![CDATA[23]]></item>
				<item id="title"><![CDATA[导航五文字]]></item>
				<item id="description"><![CDATA[]]></item>
				<item id="variable"><![CDATA[mumucms_leftnav_navfont5]]></item>
				<item id="type"><![CDATA[text]]></item>
				<item id="value"><![CDATA[宠物]]></item>
				<item id="extra"><![CDATA[]]></item>
			</item>
			<item id="23">
				<item id="displayorder"><![CDATA[24]]></item>
				<item id="title"><![CDATA[导航五链接]]></item>
				<item id="description"><![CDATA[]]></item>
				<item id="variable"><![CDATA[mumucms_leftnav_navlink5]]></item>
				<item id="type"><![CDATA[text]]></item>
				<item id="value"><![CDATA[#]]></item>
				<item id="extra"><![CDATA[]]></item>
			</item>
			<item id="24">
				<item id="displayorder"><![CDATA[25]]></item>
				<item id="title"><![CDATA[导航六图片]]></item>
				<item id="description"><![CDATA[默认彩色图标：source/plugin/mumucms_leftnav/template/img/mumucms_ico6.png
默认白色图标：source/plugin/mumucms_leftnav/template/img/mumucms_ico6_bai.png]]></item>
				<item id="variable"><![CDATA[mumucms_leftnav_navimage6]]></item>
				<item id="type"><![CDATA[text]]></item>
				<item id="value"><![CDATA[source/plugin/mumucms_leftnav/template/img/mumucms_ico6_bai.png]]></item>
				<item id="extra"><![CDATA[]]></item>
			</item>
			<item id="25">
				<item id="displayorder"><![CDATA[26]]></item>
				<item id="title"><![CDATA[导航六文字]]></item>
				<item id="description"><![CDATA[]]></item>
				<item id="variable"><![CDATA[mumucms_leftnav_navfont6]]></item>
				<item id="type"><![CDATA[text]]></item>
				<item id="value"><![CDATA[百宝箱]]></item>
				<item id="extra"><![CDATA[]]></item>
			</item>
			<item id="26">
				<item id="displayorder"><![CDATA[27]]></item>
				<item id="title"><![CDATA[导航六链接]]></item>
				<item id="description"><![CDATA[]]></item>
				<item id="variable"><![CDATA[mumucms_leftnav_navlink6]]></item>
				<item id="type"><![CDATA[text]]></item>
				<item id="value"><![CDATA[#]]></item>
				<item id="extra"><![CDATA[]]></item>
			</item>
		</item>
	</item>
</root>