<?xml version="1.0" encoding="ISO-8859-1"?>
<root>
	<item id="spacecss"><![CDATA[]]></item>
	<item id="layoutdata">
		<item id="diyyide_about">
			<item id="frame`frameMTKwR4">
				<item id="attr">
					<item id="name"><![CDATA[frameMTKwR4]]></item>
					<item id="moveable"><![CDATA[true]]></item>
					<item id="className"><![CDATA[cl_frame_bm frame move-span cl frame-1]]></item>
					<item id="titles"><![CDATA[]]></item>
				</item>
				<item id="column`frameMTKwR4_left">
					<item id="attr">
						<item id="name"><![CDATA[frameMTKwR4_left]]></item>
						<item id="className"><![CDATA[column frame-1-c]]></item>
					</item>
					<item id="block`portal_block_373">
						<item id="attr">
							<item id="name"><![CDATA[portal_block_373]]></item>
							<item id="className"><![CDATA[cl_block_bm block move-span]]></item>
							<item id="titles"><![CDATA[]]></item>
						</item>
					</item>
				</item>
			</item>
		</item>
	</item>
	<item id="blockdata">
		<item id="block">
			<item id="373">
				<item id="bid"><![CDATA[373]]></item>
				<item id="blockclass"><![CDATA[html_html]]></item>
				<item id="blocktype"><![CDATA[0]]></item>
				<item id="name"><![CDATA[关于我们]]></item>
				<item id="title"><![CDATA[]]></item>
				<item id="classname"><![CDATA[cl_block_bm]]></item>
				<item id="summary"><![CDATA[<div class="yide_about_left">
		<ul class="yide_servicemenu">
			<li class="selected"><a class="on" href="#yide_link_0">公司简介</a></li>
			<li><a href="#yide_link_1">版权声明</a></li>
			<li><a href="#yide_link_2">免责声明</a></li>
			<li><a href="#yide_link_3">关于隐私</a></li>
			<li><a href="#yide_link_4">广告合作</a></li>
		</ul>
	</div>

			<div class="yide_about_right">
        <!-- 1 -->
        <div id="yide_link_0" class="yide_about_line">
            <h2 id="yide_link_0"><span>公司简介</span></h2>
            <div class="yide_about_content">
                    <p><a target="_blank" href="#">艺迪创意网</a>---中国首席设计师网络媒体</p>
                    <p><a target="_blank" href="#">艺迪创意网</a>（<a target="_blank" href="#">www.yidecn.com</a>）是中国设计领域重要的媒体资讯平台，是中国设计领域的文化创意产业阵地，发挥并传播着行业新闻、教育、文化、信息服务等多种功能。是公众获取行业信息的主要渠道，成为推动中国设计发展的力量，让世界看见您的才华。</p>
                    <p>于2000年创建，是中国设计类行业第一批最具人气网络服务商，独具匠心、日新月异，目前以媒体资讯、商业信息服务、原创作品为主，其中媒体资讯分为：国内外行业新闻、行业动态、人物专访、赛事组织等；商业信息服务分为：字体网、文章、人才网、大圣云推广、意品汇等；原创作品分为：平面设计网、包装设计网、室内设计网、工业设计网、网页设计网、插画网、艺术网、摄影网等专业性作品分享和互动平台；艺迪创意网，经过十几年的探索和发展，模式清晰、内容丰富、在业内及公众中拥有极高的知名度和口碑。</p>
                    <p><a target="_blank" href="#">艺迪创意网</a>以“为设计师提供有效传播和服务”为使命，不断寻求为中国设计师搭建更多的推广渠道和品牌栏目，让富有生命力和感染力的优秀作品被大众所欣赏，为行业输送优秀设计人才，为新秀寻找学习和发展机会，搭建为推动设计创新和产业下游传播的推广平台。艺迪创意网致力于以媒体为载体，打造以设计为主导的产业链生态体系平台，与行业佼佼者一起推动中国文化创意产业的健康发展，推动设计价值升级。</p>
            </div>
        </div>
        <!-- 2 -->
        <div id="yide_link_1" class="yide_about_line">
			<h2 id="yide_link_1"><span>版权声明</span></h2>
            <div class="yide_about_content">
                    <p>1、艺迪创意网所有用户发布的原创作品必须确保其拥有发布内容的全部原创版权，或已经获得版权所有者及相关法律的授权,不得侵犯其他人的任何权益,版权由用户解释，任何商业用途均须联系原作者。临摹作品，同人作品原型版权归原作者所有。若因内容产生的任何纠纷，全部责任归于用户本人，艺迪创意网不承担任何责任</p>
                    <p>2、会员在艺迪创意网上发布的内容，默认其内容授权使用到艺迪创意网的平台上（平台包括pc端网络平台以及各种艺迪创意网推送的新媒体平台以及APP端网络平台），艺迪创意网对其作品有审核监督，推荐推广等权利</p>
                    <p>3、任何第三方侵犯了设计网用户的相关权益，用户同意授权艺迪创意网或其指定的代理人代表艺迪创意网自身或用户对该第三方提出警告、投诉、发起行政执法、诉讼、进行上诉，或谈判和解，并且用户同意在艺迪创意网认为必要的情况下参与共同维权</p>
                    <p>4、艺迪创意网用户转载作品需标明出处，如未填写出处，侵犯原创作者的相关权益，由原创作者提交相关证明后，由艺迪创意网和原创作者协商该作品如何处理的解决方案。如给艺迪创意网或者第三方造成损失的，侵权用户应负全部责任</p>
                    <p>5、未经艺迪创意网同意，任何人不得盗链艺迪创意网的下载资源，不得复制或者仿造本站或者在艺迪创意网所属的服务器上建立镜像</p>
                    <p>6、艺迪创意网的所有标识，源代码以及所有页面的设计，版权归艺迪创意网所有。不经授权，不得用于其他任何站点</p>
                    <p>7、艺迪创意网所有用户的言论代表其个人言论，不代表艺迪创意网的观点，不承担因此产生的任何法律责任</p>
                    <p>8、艺迪创意网为开放交流平台，不担保任何私下交易。是否使用本网站服务及资料应由用户自行考虑并自负风险。如用户以自己的独立判断从事私下交易行为，将独立承担可能产生的不利后果和责任，艺迪创意网不承担任何法律责任</p>
            </div>
        </div>
        <!-- 3 -->
       <div id="yide_link_2" class="yide_about_line">
			<h2 id="yide_link_2"><span>免责声明</span></h2>
            <div class="yide_about_content">
                    <p>1、除艺迪创意网注明的服务条款外，其它一切因使用本网而导致任何意外、疏忽、合约毁坏、诽谤、版权或知识产权侵犯、不可抗力及其所造成的各种损失（包括因下载而感染电脑病毒），本网概不负责，亦不承担任何法律责任。</p>
                    <p>2、任何通过艺迪创意网盗链得到的资讯、产品及服务，本网概不负责，亦不负任何法律责任。</p>
                    <p>3、艺迪创意网所有内容均来自网络并不能代表艺迪创意网的观点</p>
                    <p>4、任何浏览艺迪创意网的用户，艺迪创意网默认为已经仔细浏览过本条款并全部同意</p>
                    <p>5、本站文章/作品版权归原作者所有，内容为作者个人观点，本站只提供参考并不构成任何投资及应用建议。如涉及内容、版权和其它问题，请在30日内与本网联系，我们将在第一时间删除内容！</p>
            </div>
        </div>
        <!-- 4 -->
        <div id="yide_link_3" class="yide_about_line">
			<h2 id="yide_link_3"><span>关于隐私</span></h2>
            <div class="yide_about_content">         
                    <h3 style="color: #303030;font-weight: bold;">1. 当您注册本网站时，需要您提交一些个人的信息，您有权利拒绝填写此类信息而放弃注册。凡是同意注册的，您所提供的所有信息都是基于自愿原则</h3>
                    <h3 style="margin-top:10px; color: #303030;font-weight: bold;">2. 未经用户授权同意的情况下，本网站不会将用户的相关信息泄露给第三方，以下情况除外：</h3>
                    <p>1）触犯相关法律规则需要向执法单位提供相关信息的</p>
                    <p>2）用户将用户名或者密码告诉他人，由此导致的个人信息泄露</p>
                    <p>3）由于黑客攻击，服务器损坏，病毒侵入，政府管制等暂时性关闭网站等不可抗力因素造成的用户信息泄露，篡改，盗用等</p>
                    <p>4）由于和本网站链接的其他网站需共享资源而导致的其他网站泄露的</p>
                    <p>5）为免除用户在任何危险环境中而不得不向相关执法单位提供信息的</p>
                     <h3 style="color: #303030;font-weight: bold;">3. 如有必要本网站有权通过您在本网站预留的信息与您取得不定期的联系</h3>
                     <h3 style="margin-top:10px; color: #303030;font-weight: bold;">4. 本站点所提供的服务会自动收集有关访问者的信息，这些信息包括访问者人数、访问时间、访问页面、来访地址等，本站点使用这些信息来对我们的服务器进行分析和对网站进行管理</h3>
            </div>
        </div>  
		<!-- 5 -->
        <div id="yide_link_4" class="yide_about_line">
			<h2 id="yide_link_4"><span>广告合作</span></h2>
            <div class="yide_about_content">         
            	 <h3>1. 联系方式</h3>
                     <p>E-mail：admin#yidecn.com  (#换成@)</p>
				     <p>QQ：10000</p>
					 <p>TEL：021 - 88886666</p>
                 <h3 style="margin-top:10px;">2. 注意事项</h3>
                     <p>(1) 本站不负责广告的设计与制作，仅支持文字、jpg、gif、flash等格式广告，其他形式一律不支持；</p>
                     <p>(2) 只接受设计相关行业的合法广告，拒绝欺诈行为；</p>
                     <p>(3) 不提供试用；</p>
                     <p>(4) 先上广告，验收后付款；</p>
                     <p>(5) 广告到期后，本站将会提前通知，给您足够的时候考虑是否续费；</p>
                     <p style="margin-top:20px; text-align:right; color:#999">更新时间：2019-03-18</p>
            </div>
        </div> 
    </div>]]></item>
				<item id="uid"><![CDATA[1]]></item>
				<item id="username"><![CDATA[admin]]></item>
				<item id="styleid"><![CDATA[0]]></item>
				<item id="blockstyle"><![CDATA[]]></item>
				<item id="picwidth"><![CDATA[0]]></item>
				<item id="picheight"><![CDATA[0]]></item>
				<item id="target"><![CDATA[blank]]></item>
				<item id="dateformat"><![CDATA[Y-m-d]]></item>
				<item id="dateuformat"><![CDATA[0]]></item>
				<item id="script"><![CDATA[blank]]></item>
				<item id="param">
					<item id="content"><![CDATA[	<div class=\"yide_about_left\">
		<ul class=\"yide_servicemenu\">
			<li class=\"selected\"><a class=\"on\" href=\"#yide_link_0\">公司简介</a></li>
			<li><a href=\"#yide_link_1\">版权声明</a></li>
			<li><a href=\"#yide_link_2\">免责声明</a></li>
			<li><a href=\"#yide_link_3\">关于隐私</a></li>
			<li><a href=\"#yide_link_4\">广告合作</a></li>
		</ul>
	</div>

			<div class=\"yide_about_right\">
        <!-- 1 -->
        <div id=\"yide_link_0\" class=\"yide_about_line\">
            <h2 id=\"yide_link_0\"><span>公司简介</span></h2>
            <div class=\"yide_about_content\">
                    <p><a target=\"_blank\" href=\"#\">艺迪创意网</a>---中国首席设计师网络媒体</p>
                    <p><a target=\"_blank\" href=\"#\">艺迪创意网</a>（<a target=\"_blank\" href=\"#\">www.yidecn.com</a>）是中国设计领域重要的媒体资讯平台，是中国设计领域的文化创意产业阵地，发挥并传播着行业新闻、教育、文化、信息服务等多种功能。是公众获取行业信息的主要渠道，成为推动中国设计发展的力量，让世界看见您的才华。</p>
                    <p>于2000年创建，是中国设计类行业第一批最具人气网络服务商，独具匠心、日新月异，目前以媒体资讯、商业信息服务、原创作品为主，其中媒体资讯分为：国内外行业新闻、行业动态、人物专访、赛事组织等；商业信息服务分为：字体网、文章、人才网、大圣云推广、意品汇等；原创作品分为：平面设计网、包装设计网、室内设计网、工业设计网、网页设计网、插画网、艺术网、摄影网等专业性作品分享和互动平台；艺迪创意网，经过十几年的探索和发展，模式清晰、内容丰富、在业内及公众中拥有极高的知名度和口碑。</p>
                    <p><a target=\"_blank\" href=\"#\">艺迪创意网</a>以“为设计师提供有效传播和服务”为使命，不断寻求为中国设计师搭建更多的推广渠道和品牌栏目，让富有生命力和感染力的优秀作品被大众所欣赏，为行业输送优秀设计人才，为新秀寻找学习和发展机会，搭建为推动设计创新和产业下游传播的推广平台。艺迪创意网致力于以媒体为载体，打造以设计为主导的产业链生态体系平台，与行业佼佼者一起推动中国文化创意产业的健康发展，推动设计价值升级。</p>
            </div>
        </div>
        <!-- 2 -->
        <div id=\"yide_link_1\" class=\"yide_about_line\">
			<h2 id=\"yide_link_1\"><span>版权声明</span></h2>
            <div class=\"yide_about_content\">
                    <p>1、艺迪创意网所有用户发布的原创作品必须确保其拥有发布内容的全部原创版权，或已经获得版权所有者及相关法律的授权,不得侵犯其他人的任何权益,版权由用户解释，任何商业用途均须联系原作者。临摹作品，同人作品原型版权归原作者所有。若因内容产生的任何纠纷，全部责任归于用户本人，艺迪创意网不承担任何责任</p>
                    <p>2、会员在艺迪创意网上发布的内容，默认其内容授权使用到艺迪创意网的平台上（平台包括pc端网络平台以及各种艺迪创意网推送的新媒体平台以及APP端网络平台），艺迪创意网对其作品有审核监督，推荐推广等权利</p>
                    <p>3、任何第三方侵犯了设计网用户的相关权益，用户同意授权艺迪创意网或其指定的代理人代表艺迪创意网自身或用户对该第三方提出警告、投诉、发起行政执法、诉讼、进行上诉，或谈判和解，并且用户同意在艺迪创意网认为必要的情况下参与共同维权</p>
                    <p>4、艺迪创意网用户转载作品需标明出处，如未填写出处，侵犯原创作者的相关权益，由原创作者提交相关证明后，由艺迪创意网和原创作者协商该作品如何处理的解决方案。如给艺迪创意网或者第三方造成损失的，侵权用户应负全部责任</p>
                    <p>5、未经艺迪创意网同意，任何人不得盗链艺迪创意网的下载资源，不得复制或者仿造本站或者在艺迪创意网所属的服务器上建立镜像</p>
                    <p>6、艺迪创意网的所有标识，源代码以及所有页面的设计，版权归艺迪创意网所有。不经授权，不得用于其他任何站点</p>
                    <p>7、艺迪创意网所有用户的言论代表其个人言论，不代表艺迪创意网的观点，不承担因此产生的任何法律责任</p>
                    <p>8、艺迪创意网为开放交流平台，不担保任何私下交易。是否使用本网站服务及资料应由用户自行考虑并自负风险。如用户以自己的独立判断从事私下交易行为，将独立承担可能产生的不利后果和责任，艺迪创意网不承担任何法律责任</p>
            </div>
        </div>
        <!-- 3 -->
       <div id=\"yide_link_2\" class=\"yide_about_line\">
			<h2 id=\"yide_link_2\"><span>免责声明</span></h2>
            <div class=\"yide_about_content\">
                    <p>1、除艺迪创意网注明的服务条款外，其它一切因使用本网而导致任何意外、疏忽、合约毁坏、诽谤、版权或知识产权侵犯、不可抗力及其所造成的各种损失（包括因下载而感染电脑病毒），本网概不负责，亦不承担任何法律责任。</p>
                    <p>2、任何通过艺迪创意网盗链得到的资讯、产品及服务，本网概不负责，亦不负任何法律责任。</p>
                    <p>3、艺迪创意网所有内容均来自网络并不能代表艺迪创意网的观点</p>
                    <p>4、任何浏览艺迪创意网的用户，艺迪创意网默认为已经仔细浏览过本条款并全部同意</p>
                    <p>5、本站文章/作品版权归原作者所有，内容为作者个人观点，本站只提供参考并不构成任何投资及应用建议。如涉及内容、版权和其它问题，请在30日内与本网联系，我们将在第一时间删除内容！</p>
            </div>
        </div>
        <!-- 4 -->
        <div id=\"yide_link_3\" class=\"yide_about_line\">
			<h2 id=\"yide_link_3\"><span>关于隐私</span></h2>
            <div class=\"yide_about_content\">         
                    <h3 style=\"color: #303030;font-weight: bold;\">1. 当您注册本网站时，需要您提交一些个人的信息，您有权利拒绝填写此类信息而放弃注册。凡是同意注册的，您所提供的所有信息都是基于自愿原则</h3>
                    <h3 style=\"margin-top:10px; color: #303030;font-weight: bold;\">2. 未经用户授权同意的情况下，本网站不会将用户的相关信息泄露给第三方，以下情况除外：</h3>
                    <p>1）触犯相关法律规则需要向执法单位提供相关信息的</p>
                    <p>2）用户将用户名或者密码告诉他人，由此导致的个人信息泄露</p>
                    <p>3）由于黑客攻击，服务器损坏，病毒侵入，政府管制等暂时性关闭网站等不可抗力因素造成的用户信息泄露，篡改，盗用等</p>
                    <p>4）由于和本网站链接的其他网站需共享资源而导致的其他网站泄露的</p>
                    <p>5）为免除用户在任何危险环境中而不得不向相关执法单位提供信息的</p>
                     <h3 style=\"color: #303030;font-weight: bold;\">3. 如有必要本网站有权通过您在本网站预留的信息与您取得不定期的联系</h3>
                     <h3 style=\"margin-top:10px; color: #303030;font-weight: bold;\">4. 本站点所提供的服务会自动收集有关访问者的信息，这些信息包括访问者人数、访问时间、访问页面、来访地址等，本站点使用这些信息来对我们的服务器进行分析和对网站进行管理</h3>
            </div>
        </div>  
		<!-- 5 -->
        <div id=\"yide_link_4\" class=\"yide_about_line\">
			<h2 id=\"yide_link_4\"><span>广告合作</span></h2>
            <div class=\"yide_about_content\">         
            	 <h3>1. 联系方式</h3>
                     <p>E-mail：admin#yidecn.com  (#换成@)</p>
				     <p>QQ：10000</p>
					 <p>TEL：021 - 88886666</p>
                 <h3 style=\"margin-top:10px;\">2. 注意事项</h3>
                     <p>(1) 本站不负责广告的设计与制作，仅支持文字、jpg、gif、flash等格式广告，其他形式一律不支持；</p>
                     <p>(2) 只接受设计相关行业的合法广告，拒绝欺诈行为；</p>
                     <p>(3) 不提供试用；</p>
                     <p>(4) 先上广告，验收后付款；</p>
                     <p>(5) 广告到期后，本站将会提前通知，给您足够的时候考虑是否续费；</p>
                     <p style=\"margin-top:20px; text-align:right; color:#999\">更新时间：2019-03-18</p>
            </div>
        </div> 
    </div>]]></item>
					<item id="items"><![CDATA[10]]></item>
				</item>
				<item id="shownum"><![CDATA[10]]></item>
				<item id="cachetime"><![CDATA[3600]]></item>
				<item id="cachetimerange"><![CDATA[]]></item>
				<item id="punctualupdate"><![CDATA[0]]></item>
				<item id="hidedisplay"><![CDATA[0]]></item>
				<item id="dateline"><![CDATA[1553246534]]></item>
				<item id="notinherited"><![CDATA[0]]></item>
				<item id="isblank"><![CDATA[0]]></item>
			</item>
		</item>
		<item id="style">
		</item>
	</item>
</root>