<?xml version="1.0" encoding="ISO-8859-1"?>
<root>
	<item id="spacecss"><![CDATA[#framevqr68r { background-color:transparent !important;background-image:none !important;border:0px !important;margin:0px !important;}#framedxo3iF { background-color:transparent !important;background-image:none !important;border:0px !important;margin:0px !important;}#framep3SBoh { background-color:transparent !important;background-image:none !important;border:0px !important;margin:0px !important;}#portal_block_59 { background-color:transparent !important;background-image:none !important;margin:0px !important;}#portal_block_59 .dxb_bc { margin:0px !important;}#portal_block_60 { background-color:transparent !important;background-image:none !important;margin:0px !important;}#portal_block_60 .dxb_bc { margin:0px !important;}#portal_block_61 { background-color:transparent !important;background-image:none !important;margin:0px !important;}#portal_block_61 .dxb_bc { margin:0px !important;}#frameW7I36l { background-color:transparent !important;background-image:none !important;margin:0px !important;}#portal_block_62 { background-color:transparent !important;background-image:none !important;margin:0px !important;}#portal_block_62 .dxb_bc { margin:0px !important;}#frameS8Sj6S { background-color:transparent !important;background-image:none !important;margin:0px !important;}#portal_block_63 { background-color:transparent !important;background-image:none !important;margin:0px !important;}#portal_block_63 .dxb_bc { margin:0px !important;}#framekyFlSB { background-color:transparent !important;background-image:none !important;margin:0px !important;}#portal_block_64 { background-color:transparent !important;background-image:none !important;margin:0px !important;}#portal_block_64 .dxb_bc { margin:0px !important;}#framenfOLf6 { background-color:transparent !important;background-image:none !important;margin:0px !important;}#portal_block_65 { background-color:transparent !important;background-image:none !important;margin:0px !important;}#portal_block_65 .dxb_bc { margin:0px !important;}#frameUCoX38 { background-color:transparent !important;background-image:none !important;margin:0px !important;}#portal_block_66 { background-color:transparent !important;background-image:none !important;margin:0px !important;}#portal_block_66 .dxb_bc { margin:0px !important;}]]></item>
	<item id="layoutdata">
		<item id="diy1"><![CDATA[]]></item>
		<item id="diy_chart"><![CDATA[]]></item>
		<item id="diy_cimgshow_1">
			<item id="frame`frameW7I36l">
				<item id="attr">
					<item id="name"><![CDATA[frameW7I36l]]></item>
					<item id="moveable"><![CDATA[true]]></item>
					<item id="className"><![CDATA[ frame move-span cl frame-1]]></item>
					<item id="titles"><![CDATA[]]></item>
				</item>
				<item id="column`frameW7I36l_left">
					<item id="attr">
						<item id="name"><![CDATA[frameW7I36l_left]]></item>
						<item id="className"><![CDATA[column frame-1-c]]></item>
					</item>
					<item id="block`portal_block_62">
						<item id="attr">
							<item id="name"><![CDATA[portal_block_62]]></item>
							<item id="className"><![CDATA[block move-span]]></item>
							<item id="titles"><![CDATA[]]></item>
						</item>
					</item>
				</item>
			</item>
		</item>
		<item id="diy_newlist_1">
			<item id="frame`frameS8Sj6S">
				<item id="attr">
					<item id="name"><![CDATA[frameS8Sj6S]]></item>
					<item id="moveable"><![CDATA[true]]></item>
					<item id="className"><![CDATA[ frame move-span cl frame-1]]></item>
					<item id="titles"><![CDATA[]]></item>
				</item>
				<item id="column`frameS8Sj6S_left">
					<item id="attr">
						<item id="name"><![CDATA[frameS8Sj6S_left]]></item>
						<item id="className"><![CDATA[column frame-1-c]]></item>
					</item>
					<item id="block`portal_block_63">
						<item id="attr">
							<item id="name"><![CDATA[portal_block_63]]></item>
							<item id="className"><![CDATA[block move-span]]></item>
							<item id="titles"><![CDATA[]]></item>
						</item>
					</item>
				</item>
			</item>
		</item>
		<item id="diy_newlist_2">
			<item id="frame`framekyFlSB">
				<item id="attr">
					<item id="name"><![CDATA[framekyFlSB]]></item>
					<item id="moveable"><![CDATA[true]]></item>
					<item id="className"><![CDATA[ frame move-span cl frame-1]]></item>
					<item id="titles"><![CDATA[]]></item>
				</item>
				<item id="column`framekyFlSB_left">
					<item id="attr">
						<item id="name"><![CDATA[framekyFlSB_left]]></item>
						<item id="className"><![CDATA[column frame-1-c]]></item>
					</item>
					<item id="block`portal_block_64">
						<item id="attr">
							<item id="name"><![CDATA[portal_block_64]]></item>
							<item id="className"><![CDATA[block move-span]]></item>
							<item id="titles"><![CDATA[]]></item>
						</item>
					</item>
				</item>
			</item>
		</item>
		<item id="diy_newlist_3">
			<item id="frame`framenfOLf6">
				<item id="attr">
					<item id="name"><![CDATA[framenfOLf6]]></item>
					<item id="moveable"><![CDATA[true]]></item>
					<item id="className"><![CDATA[ frame move-span cl frame-1]]></item>
					<item id="titles"><![CDATA[]]></item>
				</item>
				<item id="column`framenfOLf6_left">
					<item id="attr">
						<item id="name"><![CDATA[framenfOLf6_left]]></item>
						<item id="className"><![CDATA[column frame-1-c]]></item>
					</item>
					<item id="block`portal_block_65">
						<item id="attr">
							<item id="name"><![CDATA[portal_block_65]]></item>
							<item id="className"><![CDATA[block move-span]]></item>
							<item id="titles"><![CDATA[]]></item>
						</item>
					</item>
				</item>
			</item>
		</item>
		<item id="diy_newlist_4">
			<item id="frame`frameUCoX38">
				<item id="attr">
					<item id="name"><![CDATA[frameUCoX38]]></item>
					<item id="moveable"><![CDATA[true]]></item>
					<item id="className"><![CDATA[ frame move-span cl frame-1]]></item>
					<item id="titles"><![CDATA[]]></item>
				</item>
				<item id="column`frameUCoX38_left">
					<item id="attr">
						<item id="name"><![CDATA[frameUCoX38_left]]></item>
						<item id="className"><![CDATA[column frame-1-c]]></item>
					</item>
					<item id="block`portal_block_66">
						<item id="attr">
							<item id="name"><![CDATA[portal_block_66]]></item>
							<item id="className"><![CDATA[block move-span]]></item>
							<item id="titles"><![CDATA[]]></item>
						</item>
					</item>
				</item>
			</item>
		</item>
		<item id="diy3"><![CDATA[]]></item>
		<item id="diy_day_rank">
			<item id="frame`framevqr68r">
				<item id="attr">
					<item id="name"><![CDATA[framevqr68r]]></item>
					<item id="moveable"><![CDATA[true]]></item>
					<item id="className"><![CDATA[ frame move-span cl frame-1]]></item>
					<item id="titles"><![CDATA[]]></item>
				</item>
				<item id="column`framevqr68r_left">
					<item id="attr">
						<item id="name"><![CDATA[framevqr68r_left]]></item>
						<item id="className"><![CDATA[column frame-1-c]]></item>
					</item>
					<item id="block`portal_block_59">
						<item id="attr">
							<item id="name"><![CDATA[portal_block_59]]></item>
							<item id="className"><![CDATA[block move-span]]></item>
							<item id="titles"><![CDATA[]]></item>
						</item>
					</item>
				</item>
			</item>
		</item>
		<item id="diy_week_rank">
			<item id="frame`framedxo3iF">
				<item id="attr">
					<item id="name"><![CDATA[framedxo3iF]]></item>
					<item id="moveable"><![CDATA[true]]></item>
					<item id="className"><![CDATA[ frame move-span cl frame-1]]></item>
					<item id="titles"><![CDATA[]]></item>
				</item>
				<item id="column`framedxo3iF_left">
					<item id="attr">
						<item id="name"><![CDATA[framedxo3iF_left]]></item>
						<item id="className"><![CDATA[column frame-1-c]]></item>
					</item>
					<item id="block`portal_block_60">
						<item id="attr">
							<item id="name"><![CDATA[portal_block_60]]></item>
							<item id="className"><![CDATA[block move-span]]></item>
							<item id="titles"><![CDATA[]]></item>
						</item>
					</item>
				</item>
			</item>
		</item>
		<item id="diy_month_rank">
			<item id="frame`framep3SBoh">
				<item id="attr">
					<item id="name"><![CDATA[framep3SBoh]]></item>
					<item id="moveable"><![CDATA[true]]></item>
					<item id="className"><![CDATA[ frame move-span cl frame-1]]></item>
					<item id="titles"><![CDATA[]]></item>
				</item>
				<item id="column`framep3SBoh_left">
					<item id="attr">
						<item id="name"><![CDATA[framep3SBoh_left]]></item>
						<item id="className"><![CDATA[column frame-1-c]]></item>
					</item>
					<item id="block`portal_block_61">
						<item id="attr">
							<item id="name"><![CDATA[portal_block_61]]></item>
							<item id="className"><![CDATA[block move-span]]></item>
							<item id="titles"><![CDATA[]]></item>
						</item>
					</item>
				</item>
			</item>
		</item>
		<item id="diy2"><![CDATA[]]></item>
	</item>
	<item id="blockdata">
		<item id="block">
			<item id="59">
				<item id="bid"><![CDATA[59]]></item>
				<item id="blockclass"><![CDATA[forum_thread]]></item>
				<item id="blocktype"><![CDATA[0]]></item>
				<item id="name"><![CDATA[C_F_diysd_ranklist_1]]></item>
				<item id="title"><![CDATA[]]></item>
				<item id="classname"><![CDATA[]]></item>
				<item id="summary"><![CDATA[]]></item>
				<item id="uid"><![CDATA[1]]></item>
				<item id="username"><![CDATA[admin]]></item>
				<item id="styleid"><![CDATA[0]]></item>
				<item id="blockstyle">
					<item id="name"><![CDATA[]]></item>
					<item id="blockclass"><![CDATA[forum_thread]]></item>
					<item id="makethumb"><![CDATA[0]]></item>
					<item id="getpic"><![CDATA[0]]></item>
					<item id="getsummary"><![CDATA[0]]></item>
					<item id="settarget"><![CDATA[1]]></item>
					<item id="moreurl"><![CDATA[0]]></item>
					<item id="fields">
						<item id="0"><![CDATA[currentorder]]></item>
						<item id="1"><![CDATA[authorid]]></item>
						<item id="2"><![CDATA[author]]></item>
						<item id="3"><![CDATA[avatar]]></item>
						<item id="4"><![CDATA[url]]></item>
						<item id="5"><![CDATA[title]]></item>
						<item id="6"><![CDATA[forumurl]]></item>
						<item id="7"><![CDATA[forumname]]></item>
						<item id="8"><![CDATA[views]]></item>
						<item id="9"><![CDATA[replies]]></item>
						<item id="10"><![CDATA[dateline]]></item>
						<item id="11"><![CDATA[lastpost]]></item>
					</item>
					<item id="template">
						<item id="raw"><![CDATA[[loop]
	<li class="lk_{currentorder}">
		<a href="home.php?mod=space&uid={authorid}"{target} class="aor" title="{author}"><img src="{avatar}" alt="{author}" /></a>
		<a href="{url}" class="tit" {target}>
			<i>{currentorder}</i>{title}
		</a>
		<div class="sub">
			<span class="cur"></span>
			作者: <a href="home.php?mod=space&uid={authorid}"{target}>{author}</a><br/>
			版塊: <a href="{forumurl}"{target}>{forumname}</a><br/>
			瀏覽: {views}<br/>
			回復: {replies}<br/>
			發帖時間: {dateline}<br/>
			最后發表: {lastpost}
		</div>
	</li>
[/loop]]]></item>
						<item id="footer"><![CDATA[]]></item>
						<item id="header"><![CDATA[]]></item>
						<item id="indexplus">
						</item>
						<item id="index">
						</item>
						<item id="orderplus">
						</item>
						<item id="order">
						</item>
						<item id="loopplus">
						</item>
						<item id="loop"><![CDATA[<li class="lk_{currentorder}">
		<a href="home.php?mod=space&uid={authorid}"{target} class="aor" title="{author}"><img src="{avatar}" alt="{author}" /></a>
		<a href="{url}" class="tit" {target}>
			<i>{currentorder}</i>{title}
		</a>
		<div class="sub">
			<span class="cur"></span>
			作者: <a href="home.php?mod=space&uid={authorid}"{target}>{author}</a><br/>
			版塊: <a href="{forumurl}"{target}>{forumname}</a><br/>
			瀏覽: {views}<br/>
			回復: {replies}<br/>
			發帖時間: {dateline}<br/>
			最后發表: {lastpost}
		</div>
	</li>]]></item>
					</item>
					<item id="hash"><![CDATA[c82e2790]]></item>
				</item>
				<item id="picwidth"><![CDATA[0]]></item>
				<item id="picheight"><![CDATA[0]]></item>
				<item id="target"><![CDATA[blank]]></item>
				<item id="dateformat"><![CDATA[Y-m-d]]></item>
				<item id="dateuformat"><![CDATA[0]]></item>
				<item id="script"><![CDATA[thread]]></item>
				<item id="param">
					<item id="tids"><![CDATA[]]></item>
					<item id="uids"><![CDATA[]]></item>
					<item id="keyword"><![CDATA[]]></item>
					<item id="tagkeyword"><![CDATA[]]></item>
					<item id="fids">
						<item id="0"><![CDATA[0]]></item>
					</item>
					<item id="typeids"><![CDATA[]]></item>
					<item id="recommend"><![CDATA[0]]></item>
					<item id="viewmod"><![CDATA[0]]></item>
					<item id="rewardstatus"><![CDATA[0]]></item>
					<item id="picrequired"><![CDATA[0]]></item>
					<item id="orderby"><![CDATA[lastpost]]></item>
					<item id="postdateline"><![CDATA[0]]></item>
					<item id="lastpost"><![CDATA[0]]></item>
					<item id="highlight"><![CDATA[0]]></item>
					<item id="titlelength"><![CDATA[80]]></item>
					<item id="summarylength"><![CDATA[80]]></item>
					<item id="startrow"><![CDATA[0]]></item>
					<item id="items"><![CDATA[9]]></item>
				</item>
				<item id="shownum"><![CDATA[9]]></item>
				<item id="cachetime"><![CDATA[3600]]></item>
				<item id="cachetimerange"><![CDATA[]]></item>
				<item id="punctualupdate"><![CDATA[0]]></item>
				<item id="hidedisplay"><![CDATA[0]]></item>
				<item id="dateline"><![CDATA[1499735531]]></item>
				<item id="notinherited"><![CDATA[0]]></item>
				<item id="isblank"><![CDATA[0]]></item>
			</item>
			<item id="60">
				<item id="bid"><![CDATA[60]]></item>
				<item id="blockclass"><![CDATA[forum_thread]]></item>
				<item id="blocktype"><![CDATA[0]]></item>
				<item id="name"><![CDATA[C_F_diysd_ranklist_2]]></item>
				<item id="title"><![CDATA[]]></item>
				<item id="classname"><![CDATA[]]></item>
				<item id="summary"><![CDATA[]]></item>
				<item id="uid"><![CDATA[1]]></item>
				<item id="username"><![CDATA[admin]]></item>
				<item id="styleid"><![CDATA[0]]></item>
				<item id="blockstyle">
					<item id="name"><![CDATA[]]></item>
					<item id="blockclass"><![CDATA[forum_thread]]></item>
					<item id="makethumb"><![CDATA[0]]></item>
					<item id="getpic"><![CDATA[0]]></item>
					<item id="getsummary"><![CDATA[0]]></item>
					<item id="settarget"><![CDATA[1]]></item>
					<item id="moreurl"><![CDATA[0]]></item>
					<item id="fields">
						<item id="0"><![CDATA[currentorder]]></item>
						<item id="1"><![CDATA[authorid]]></item>
						<item id="2"><![CDATA[author]]></item>
						<item id="3"><![CDATA[avatar]]></item>
						<item id="4"><![CDATA[url]]></item>
						<item id="5"><![CDATA[title]]></item>
						<item id="6"><![CDATA[forumurl]]></item>
						<item id="7"><![CDATA[forumname]]></item>
						<item id="8"><![CDATA[views]]></item>
						<item id="9"><![CDATA[replies]]></item>
						<item id="10"><![CDATA[dateline]]></item>
						<item id="11"><![CDATA[lastpost]]></item>
					</item>
					<item id="template">
						<item id="raw"><![CDATA[[loop]
	<li class="lk_{currentorder}">
		<a href="home.php?mod=space&uid={authorid}"{target} class="aor" title="{author}"><img src="{avatar}" alt="{author}" /></a>
		<a href="{url}" class="tit" {target}>
			<i>{currentorder}</i>{title}
		</a>
		<div class="sub">
			<span class="cur"></span>
			作者: <a href="home.php?mod=space&uid={authorid}"{target}>{author}</a><br/>
			版塊: <a href="{forumurl}"{target}>{forumname}</a><br/>
			瀏覽: {views}<br/>
			回復: {replies}<br/>
			發帖時間: {dateline}<br/>
			最后發表: {lastpost}
		</div>
	</li>
[/loop]]]></item>
						<item id="footer"><![CDATA[]]></item>
						<item id="header"><![CDATA[]]></item>
						<item id="indexplus">
						</item>
						<item id="index">
						</item>
						<item id="orderplus">
						</item>
						<item id="order">
						</item>
						<item id="loopplus">
						</item>
						<item id="loop"><![CDATA[<li class="lk_{currentorder}">
		<a href="home.php?mod=space&uid={authorid}"{target} class="aor" title="{author}"><img src="{avatar}" alt="{author}" /></a>
		<a href="{url}" class="tit" {target}>
			<i>{currentorder}</i>{title}
		</a>
		<div class="sub">
			<span class="cur"></span>
			作者: <a href="home.php?mod=space&uid={authorid}"{target}>{author}</a><br/>
			版塊: <a href="{forumurl}"{target}>{forumname}</a><br/>
			瀏覽: {views}<br/>
			回復: {replies}<br/>
			發帖時間: {dateline}<br/>
			最后發表: {lastpost}
		</div>
	</li>]]></item>
					</item>
					<item id="hash"><![CDATA[c82e2790]]></item>
				</item>
				<item id="picwidth"><![CDATA[0]]></item>
				<item id="picheight"><![CDATA[0]]></item>
				<item id="target"><![CDATA[blank]]></item>
				<item id="dateformat"><![CDATA[Y-m-d]]></item>
				<item id="dateuformat"><![CDATA[0]]></item>
				<item id="script"><![CDATA[thread]]></item>
				<item id="param">
					<item id="tids"><![CDATA[]]></item>
					<item id="uids"><![CDATA[]]></item>
					<item id="keyword"><![CDATA[]]></item>
					<item id="tagkeyword"><![CDATA[]]></item>
					<item id="fids">
						<item id="0"><![CDATA[0]]></item>
					</item>
					<item id="typeids"><![CDATA[]]></item>
					<item id="recommend"><![CDATA[0]]></item>
					<item id="viewmod"><![CDATA[0]]></item>
					<item id="rewardstatus"><![CDATA[0]]></item>
					<item id="picrequired"><![CDATA[0]]></item>
					<item id="orderby"><![CDATA[replies]]></item>
					<item id="postdateline"><![CDATA[0]]></item>
					<item id="lastpost"><![CDATA[0]]></item>
					<item id="highlight"><![CDATA[0]]></item>
					<item id="titlelength"><![CDATA[80]]></item>
					<item id="summarylength"><![CDATA[80]]></item>
					<item id="startrow"><![CDATA[0]]></item>
					<item id="items"><![CDATA[9]]></item>
				</item>
				<item id="shownum"><![CDATA[9]]></item>
				<item id="cachetime"><![CDATA[3600]]></item>
				<item id="cachetimerange"><![CDATA[]]></item>
				<item id="punctualupdate"><![CDATA[0]]></item>
				<item id="hidedisplay"><![CDATA[0]]></item>
				<item id="dateline"><![CDATA[1499735535]]></item>
				<item id="notinherited"><![CDATA[0]]></item>
				<item id="isblank"><![CDATA[0]]></item>
			</item>
			<item id="61">
				<item id="bid"><![CDATA[61]]></item>
				<item id="blockclass"><![CDATA[forum_thread]]></item>
				<item id="blocktype"><![CDATA[0]]></item>
				<item id="name"><![CDATA[C_F_diysd_ranklist_3]]></item>
				<item id="title"><![CDATA[]]></item>
				<item id="classname"><![CDATA[]]></item>
				<item id="summary"><![CDATA[]]></item>
				<item id="uid"><![CDATA[1]]></item>
				<item id="username"><![CDATA[admin]]></item>
				<item id="styleid"><![CDATA[0]]></item>
				<item id="blockstyle">
					<item id="name"><![CDATA[]]></item>
					<item id="blockclass"><![CDATA[forum_thread]]></item>
					<item id="makethumb"><![CDATA[0]]></item>
					<item id="getpic"><![CDATA[0]]></item>
					<item id="getsummary"><![CDATA[0]]></item>
					<item id="settarget"><![CDATA[1]]></item>
					<item id="moreurl"><![CDATA[0]]></item>
					<item id="fields">
						<item id="0"><![CDATA[currentorder]]></item>
						<item id="1"><![CDATA[authorid]]></item>
						<item id="2"><![CDATA[author]]></item>
						<item id="3"><![CDATA[avatar]]></item>
						<item id="4"><![CDATA[url]]></item>
						<item id="5"><![CDATA[title]]></item>
						<item id="6"><![CDATA[forumurl]]></item>
						<item id="7"><![CDATA[forumname]]></item>
						<item id="8"><![CDATA[views]]></item>
						<item id="9"><![CDATA[replies]]></item>
						<item id="10"><![CDATA[dateline]]></item>
						<item id="11"><![CDATA[lastpost]]></item>
					</item>
					<item id="template">
						<item id="raw"><![CDATA[[loop]
	<li class="lk_{currentorder}">
		<a href="home.php?mod=space&uid={authorid}"{target} class="aor" title="{author}"><img src="{avatar}" alt="{author}" /></a>
		<a href="{url}" class="tit" {target}>
			<i>{currentorder}</i>{title}
		</a>
		<div class="sub">
			<span class="cur"></span>
			作者: <a href="home.php?mod=space&uid={authorid}"{target}>{author}</a><br/>
			版塊: <a href="{forumurl}"{target}>{forumname}</a><br/>
			瀏覽: {views}<br/>
			回復: {replies}<br/>
			發帖時間: {dateline}<br/>
			最后發表: {lastpost}
		</div>
	</li>
[/loop]]]></item>
						<item id="footer"><![CDATA[]]></item>
						<item id="header"><![CDATA[]]></item>
						<item id="indexplus">
						</item>
						<item id="index">
						</item>
						<item id="orderplus">
						</item>
						<item id="order">
						</item>
						<item id="loopplus">
						</item>
						<item id="loop"><![CDATA[<li class="lk_{currentorder}">
		<a href="home.php?mod=space&uid={authorid}"{target} class="aor" title="{author}"><img src="{avatar}" alt="{author}" /></a>
		<a href="{url}" class="tit" {target}>
			<i>{currentorder}</i>{title}
		</a>
		<div class="sub">
			<span class="cur"></span>
			作者: <a href="home.php?mod=space&uid={authorid}"{target}>{author}</a><br/>
			版塊: <a href="{forumurl}"{target}>{forumname}</a><br/>
			瀏覽: {views}<br/>
			回復: {replies}<br/>
			發帖時間: {dateline}<br/>
			最后發表: {lastpost}
		</div>
	</li>]]></item>
					</item>
					<item id="hash"><![CDATA[c82e2790]]></item>
				</item>
				<item id="picwidth"><![CDATA[0]]></item>
				<item id="picheight"><![CDATA[0]]></item>
				<item id="target"><![CDATA[blank]]></item>
				<item id="dateformat"><![CDATA[Y-m-d]]></item>
				<item id="dateuformat"><![CDATA[0]]></item>
				<item id="script"><![CDATA[thread]]></item>
				<item id="param">
					<item id="tids"><![CDATA[]]></item>
					<item id="uids"><![CDATA[]]></item>
					<item id="keyword"><![CDATA[]]></item>
					<item id="tagkeyword"><![CDATA[]]></item>
					<item id="fids">
						<item id="0"><![CDATA[0]]></item>
					</item>
					<item id="typeids"><![CDATA[]]></item>
					<item id="recommend"><![CDATA[0]]></item>
					<item id="viewmod"><![CDATA[0]]></item>
					<item id="rewardstatus"><![CDATA[0]]></item>
					<item id="picrequired"><![CDATA[0]]></item>
					<item id="orderby"><![CDATA[dateline]]></item>
					<item id="postdateline"><![CDATA[0]]></item>
					<item id="lastpost"><![CDATA[0]]></item>
					<item id="highlight"><![CDATA[0]]></item>
					<item id="titlelength"><![CDATA[80]]></item>
					<item id="summarylength"><![CDATA[80]]></item>
					<item id="startrow"><![CDATA[0]]></item>
					<item id="items"><![CDATA[9]]></item>
				</item>
				<item id="shownum"><![CDATA[9]]></item>
				<item id="cachetime"><![CDATA[3600]]></item>
				<item id="cachetimerange"><![CDATA[]]></item>
				<item id="punctualupdate"><![CDATA[0]]></item>
				<item id="hidedisplay"><![CDATA[0]]></item>
				<item id="dateline"><![CDATA[1499735539]]></item>
				<item id="notinherited"><![CDATA[0]]></item>
				<item id="isblank"><![CDATA[0]]></item>
			</item>
			<item id="62">
				<item id="bid"><![CDATA[62]]></item>
				<item id="blockclass"><![CDATA[forum_thread]]></item>
				<item id="blocktype"><![CDATA[0]]></item>
				<item id="name"><![CDATA[C_F_diy_cimgshow]]></item>
				<item id="title"><![CDATA[]]></item>
				<item id="classname"><![CDATA[]]></item>
				<item id="summary"><![CDATA[]]></item>
				<item id="uid"><![CDATA[1]]></item>
				<item id="username"><![CDATA[admin]]></item>
				<item id="styleid"><![CDATA[0]]></item>
				<item id="blockstyle">
					<item id="name"><![CDATA[]]></item>
					<item id="blockclass"><![CDATA[forum_thread]]></item>
					<item id="makethumb"><![CDATA[1]]></item>
					<item id="getpic"><![CDATA[1]]></item>
					<item id="getsummary"><![CDATA[0]]></item>
					<item id="settarget"><![CDATA[0]]></item>
					<item id="moreurl"><![CDATA[0]]></item>
					<item id="fields">
						<item id="0"><![CDATA[url]]></item>
						<item id="1"><![CDATA[pic]]></item>
						<item id="2"><![CDATA[title]]></item>
					</item>
					<item id="template">
						<item id="raw"><![CDATA[<div class="bd cl">
	<ul>
		[loop]
			<li style="width:{picwidth}px;height:{picheight}px;">
				<a href="{url}" style="background-image:url({pic});filter:progid:DXImageTransform.Microsoft.AlphaImageLoader(src='{pic}',sizingMethod='scale');">
					<p class="tit txt_s">{title}</p>
				</a>
			</li>
		[/loop]
	</ul>
</div>
<div class="hd">
	<ul>
	</ul>
</div>
<a class="prev" href="javascript:void(0)"></a>
<a class="next" href="javascript:void(0)"></a>]]></item>
						<item id="footer"><![CDATA[]]></item>
						<item id="header"><![CDATA[]]></item>
						<item id="indexplus">
						</item>
						<item id="index">
						</item>
						<item id="orderplus">
						</item>
						<item id="order">
						</item>
						<item id="loopplus">
						</item>
						<item id="loop"><![CDATA[<li style="width:{picwidth}px;height:{picheight}px;">
				<a href="{url}" style="background-image:url({pic});filter:progid:DXImageTransform.Microsoft.AlphaImageLoader(src='{pic}',sizingMethod='scale');">
					<p class="tit txt_s">{title}</p>
				</a>
			</li>]]></item>
					</item>
					<item id="hash"><![CDATA[3fcb1c7f]]></item>
				</item>
				<item id="picwidth"><![CDATA[420]]></item>
				<item id="picheight"><![CDATA[260]]></item>
				<item id="target"><![CDATA[blank]]></item>
				<item id="dateformat"><![CDATA[Y-m-d]]></item>
				<item id="dateuformat"><![CDATA[0]]></item>
				<item id="script"><![CDATA[thread]]></item>
				<item id="param">
					<item id="tids"><![CDATA[]]></item>
					<item id="uids"><![CDATA[]]></item>
					<item id="keyword"><![CDATA[]]></item>
					<item id="tagkeyword"><![CDATA[]]></item>
					<item id="fids">
						<item id="0"><![CDATA[0]]></item>
					</item>
					<item id="typeids"><![CDATA[]]></item>
					<item id="recommend"><![CDATA[0]]></item>
					<item id="viewmod"><![CDATA[0]]></item>
					<item id="rewardstatus"><![CDATA[0]]></item>
					<item id="picrequired"><![CDATA[0]]></item>
					<item id="orderby"><![CDATA[dateline]]></item>
					<item id="postdateline"><![CDATA[0]]></item>
					<item id="lastpost"><![CDATA[0]]></item>
					<item id="highlight"><![CDATA[0]]></item>
					<item id="titlelength"><![CDATA[80]]></item>
					<item id="summarylength"><![CDATA[80]]></item>
					<item id="startrow"><![CDATA[0]]></item>
					<item id="items"><![CDATA[10]]></item>
				</item>
				<item id="shownum"><![CDATA[10]]></item>
				<item id="cachetime"><![CDATA[600]]></item>
				<item id="cachetimerange"><![CDATA[]]></item>
				<item id="punctualupdate"><![CDATA[0]]></item>
				<item id="hidedisplay"><![CDATA[0]]></item>
				<item id="dateline"><![CDATA[1499735525]]></item>
				<item id="notinherited"><![CDATA[0]]></item>
				<item id="isblank"><![CDATA[0]]></item>
			</item>
			<item id="63">
				<item id="bid"><![CDATA[63]]></item>
				<item id="blockclass"><![CDATA[forum_thread]]></item>
				<item id="blocktype"><![CDATA[0]]></item>
				<item id="name"><![CDATA[C_F_diy_newlist_1]]></item>
				<item id="title"><![CDATA[]]></item>
				<item id="classname"><![CDATA[]]></item>
				<item id="summary"><![CDATA[]]></item>
				<item id="uid"><![CDATA[1]]></item>
				<item id="username"><![CDATA[admin]]></item>
				<item id="styleid"><![CDATA[0]]></item>
				<item id="blockstyle">
					<item id="name"><![CDATA[]]></item>
					<item id="blockclass"><![CDATA[forum_thread]]></item>
					<item id="makethumb"><![CDATA[0]]></item>
					<item id="getpic"><![CDATA[0]]></item>
					<item id="getsummary"><![CDATA[0]]></item>
					<item id="settarget"><![CDATA[1]]></item>
					<item id="moreurl"><![CDATA[0]]></item>
					<item id="fields">
						<item id="0"><![CDATA[currentorder]]></item>
						<item id="1"><![CDATA[dateline]]></item>
						<item id="2"><![CDATA[authorid]]></item>
						<item id="3"><![CDATA[author]]></item>
						<item id="4"><![CDATA[avatar]]></item>
						<item id="5"><![CDATA[url]]></item>
						<item id="6"><![CDATA[title]]></item>
						<item id="7"><![CDATA[forumurl]]></item>
						<item id="8"><![CDATA[forumname]]></item>
						<item id="9"><![CDATA[views]]></item>
						<item id="10"><![CDATA[replies]]></item>
						<item id="11"><![CDATA[lastpost]]></item>
					</item>
					<item id="template">
						<item id="raw"><![CDATA[[loop]
	<li class="lk_{currentorder}">
		<em>{dateline}</em><a href="home.php?mod=space&uid={authorid}"{target} class="aor" title="{author}"><img src="{avatar}" alt="{author}" /></a>
		<div class="titbd">
			<a href="{url}" class="tit" {target}>
				<i>{currentorder}</i>{title}
			</a>
			<div class="sub">
				<span class="cur"></span>
				作者: <a href="home.php?mod=space&uid={authorid}"{target}>{author}</a><br/>
				版塊: <a href="{forumurl}"{target}>{forumname}</a><br/>
				瀏覽: {views}<br/>
				回復: {replies}<br/>
				發帖時間: {dateline}<br/>
				最后發表: {lastpost}
			</div>
		</div>
	</li>
[/loop]]]></item>
						<item id="footer"><![CDATA[]]></item>
						<item id="header"><![CDATA[]]></item>
						<item id="indexplus">
						</item>
						<item id="index">
						</item>
						<item id="orderplus">
						</item>
						<item id="order">
						</item>
						<item id="loopplus">
						</item>
						<item id="loop"><![CDATA[<li class="lk_{currentorder}">
		<em>{dateline}</em><a href="home.php?mod=space&uid={authorid}"{target} class="aor" title="{author}"><img src="{avatar}" alt="{author}" /></a>
		<div class="titbd">
			<a href="{url}" class="tit" {target}>
				<i>{currentorder}</i>{title}
			</a>
			<div class="sub">
				<span class="cur"></span>
				作者: <a href="home.php?mod=space&uid={authorid}"{target}>{author}</a><br/>
				版塊: <a href="{forumurl}"{target}>{forumname}</a><br/>
				瀏覽: {views}<br/>
				回復: {replies}<br/>
				發帖時間: {dateline}<br/>
				最后發表: {lastpost}
			</div>
		</div>
	</li>]]></item>
					</item>
					<item id="hash"><![CDATA[6cd74d17]]></item>
				</item>
				<item id="picwidth"><![CDATA[0]]></item>
				<item id="picheight"><![CDATA[0]]></item>
				<item id="target"><![CDATA[blank]]></item>
				<item id="dateformat"><![CDATA[Y-m-d]]></item>
				<item id="dateuformat"><![CDATA[0]]></item>
				<item id="script"><![CDATA[thread]]></item>
				<item id="param">
					<item id="tids"><![CDATA[]]></item>
					<item id="uids"><![CDATA[]]></item>
					<item id="keyword"><![CDATA[]]></item>
					<item id="tagkeyword"><![CDATA[]]></item>
					<item id="fids">
						<item id="0"><![CDATA[0]]></item>
					</item>
					<item id="typeids"><![CDATA[]]></item>
					<item id="recommend"><![CDATA[0]]></item>
					<item id="viewmod"><![CDATA[0]]></item>
					<item id="rewardstatus"><![CDATA[0]]></item>
					<item id="picrequired"><![CDATA[0]]></item>
					<item id="orderby"><![CDATA[dateline]]></item>
					<item id="postdateline"><![CDATA[0]]></item>
					<item id="lastpost"><![CDATA[0]]></item>
					<item id="highlight"><![CDATA[0]]></item>
					<item id="titlelength"><![CDATA[80]]></item>
					<item id="summarylength"><![CDATA[80]]></item>
					<item id="startrow"><![CDATA[0]]></item>
					<item id="items"><![CDATA[7]]></item>
				</item>
				<item id="shownum"><![CDATA[7]]></item>
				<item id="cachetime"><![CDATA[600]]></item>
				<item id="cachetimerange"><![CDATA[]]></item>
				<item id="punctualupdate"><![CDATA[0]]></item>
				<item id="hidedisplay"><![CDATA[0]]></item>
				<item id="dateline"><![CDATA[1499735498]]></item>
				<item id="notinherited"><![CDATA[0]]></item>
				<item id="isblank"><![CDATA[0]]></item>
			</item>
			<item id="64">
				<item id="bid"><![CDATA[64]]></item>
				<item id="blockclass"><![CDATA[forum_thread]]></item>
				<item id="blocktype"><![CDATA[0]]></item>
				<item id="name"><![CDATA[C_F_diy_newlist_2]]></item>
				<item id="title"><![CDATA[]]></item>
				<item id="classname"><![CDATA[]]></item>
				<item id="summary"><![CDATA[]]></item>
				<item id="uid"><![CDATA[1]]></item>
				<item id="username"><![CDATA[admin]]></item>
				<item id="styleid"><![CDATA[0]]></item>
				<item id="blockstyle">
					<item id="name"><![CDATA[]]></item>
					<item id="blockclass"><![CDATA[forum_thread]]></item>
					<item id="makethumb"><![CDATA[0]]></item>
					<item id="getpic"><![CDATA[0]]></item>
					<item id="getsummary"><![CDATA[0]]></item>
					<item id="settarget"><![CDATA[1]]></item>
					<item id="moreurl"><![CDATA[0]]></item>
					<item id="fields">
						<item id="0"><![CDATA[currentorder]]></item>
						<item id="1"><![CDATA[dateline]]></item>
						<item id="2"><![CDATA[authorid]]></item>
						<item id="3"><![CDATA[author]]></item>
						<item id="4"><![CDATA[avatar]]></item>
						<item id="5"><![CDATA[url]]></item>
						<item id="6"><![CDATA[title]]></item>
						<item id="7"><![CDATA[forumurl]]></item>
						<item id="8"><![CDATA[forumname]]></item>
						<item id="9"><![CDATA[views]]></item>
						<item id="10"><![CDATA[replies]]></item>
						<item id="11"><![CDATA[lastpost]]></item>
					</item>
					<item id="template">
						<item id="raw"><![CDATA[[loop]
	<li class="lk_{currentorder}">
		<em>{dateline}</em><a href="home.php?mod=space&uid={authorid}"{target} class="aor" title="{author}"><img src="{avatar}" alt="{author}" /></a>
		<div class="titbd">
			<a href="{url}" class="tit" {target}>
				<i>{currentorder}</i>{title}
			</a>
			<div class="sub">
				<span class="cur"></span>
				作者: <a href="home.php?mod=space&uid={authorid}"{target}>{author}</a><br/>
				版塊: <a href="{forumurl}"{target}>{forumname}</a><br/>
				瀏覽: {views}<br/>
				回復: {replies}<br/>
				發帖時間: {dateline}<br/>
				最后發表: {lastpost}
			</div>
		</div>
	</li>
[/loop]]]></item>
						<item id="footer"><![CDATA[]]></item>
						<item id="header"><![CDATA[]]></item>
						<item id="indexplus">
						</item>
						<item id="index">
						</item>
						<item id="orderplus">
						</item>
						<item id="order">
						</item>
						<item id="loopplus">
						</item>
						<item id="loop"><![CDATA[<li class="lk_{currentorder}">
		<em>{dateline}</em><a href="home.php?mod=space&uid={authorid}"{target} class="aor" title="{author}"><img src="{avatar}" alt="{author}" /></a>
		<div class="titbd">
			<a href="{url}" class="tit" {target}>
				<i>{currentorder}</i>{title}
			</a>
			<div class="sub">
				<span class="cur"></span>
				作者: <a href="home.php?mod=space&uid={authorid}"{target}>{author}</a><br/>
				版塊: <a href="{forumurl}"{target}>{forumname}</a><br/>
				瀏覽: {views}<br/>
				回復: {replies}<br/>
				發帖時間: {dateline}<br/>
				最后發表: {lastpost}
			</div>
		</div>
	</li>]]></item>
					</item>
					<item id="hash"><![CDATA[6cd74d17]]></item>
				</item>
				<item id="picwidth"><![CDATA[0]]></item>
				<item id="picheight"><![CDATA[0]]></item>
				<item id="target"><![CDATA[blank]]></item>
				<item id="dateformat"><![CDATA[Y-m-d]]></item>
				<item id="dateuformat"><![CDATA[0]]></item>
				<item id="script"><![CDATA[thread]]></item>
				<item id="param">
					<item id="tids"><![CDATA[]]></item>
					<item id="uids"><![CDATA[]]></item>
					<item id="keyword"><![CDATA[]]></item>
					<item id="tagkeyword"><![CDATA[]]></item>
					<item id="fids">
						<item id="0"><![CDATA[0]]></item>
					</item>
					<item id="typeids"><![CDATA[]]></item>
					<item id="recommend"><![CDATA[0]]></item>
					<item id="viewmod"><![CDATA[0]]></item>
					<item id="rewardstatus"><![CDATA[0]]></item>
					<item id="picrequired"><![CDATA[0]]></item>
					<item id="orderby"><![CDATA[lastpost]]></item>
					<item id="postdateline"><![CDATA[0]]></item>
					<item id="lastpost"><![CDATA[0]]></item>
					<item id="highlight"><![CDATA[0]]></item>
					<item id="titlelength"><![CDATA[80]]></item>
					<item id="summarylength"><![CDATA[80]]></item>
					<item id="startrow"><![CDATA[0]]></item>
					<item id="items"><![CDATA[7]]></item>
				</item>
				<item id="shownum"><![CDATA[7]]></item>
				<item id="cachetime"><![CDATA[600]]></item>
				<item id="cachetimerange"><![CDATA[]]></item>
				<item id="punctualupdate"><![CDATA[0]]></item>
				<item id="hidedisplay"><![CDATA[0]]></item>
				<item id="dateline"><![CDATA[1499735509]]></item>
				<item id="notinherited"><![CDATA[0]]></item>
				<item id="isblank"><![CDATA[0]]></item>
			</item>
			<item id="65">
				<item id="bid"><![CDATA[65]]></item>
				<item id="blockclass"><![CDATA[forum_thread]]></item>
				<item id="blocktype"><![CDATA[0]]></item>
				<item id="name"><![CDATA[C_F_diy_newlist_3]]></item>
				<item id="title"><![CDATA[]]></item>
				<item id="classname"><![CDATA[]]></item>
				<item id="summary"><![CDATA[]]></item>
				<item id="uid"><![CDATA[1]]></item>
				<item id="username"><![CDATA[admin]]></item>
				<item id="styleid"><![CDATA[0]]></item>
				<item id="blockstyle">
					<item id="name"><![CDATA[]]></item>
					<item id="blockclass"><![CDATA[forum_thread]]></item>
					<item id="makethumb"><![CDATA[0]]></item>
					<item id="getpic"><![CDATA[0]]></item>
					<item id="getsummary"><![CDATA[0]]></item>
					<item id="settarget"><![CDATA[1]]></item>
					<item id="moreurl"><![CDATA[0]]></item>
					<item id="fields">
						<item id="0"><![CDATA[currentorder]]></item>
						<item id="1"><![CDATA[dateline]]></item>
						<item id="2"><![CDATA[authorid]]></item>
						<item id="3"><![CDATA[author]]></item>
						<item id="4"><![CDATA[avatar]]></item>
						<item id="5"><![CDATA[url]]></item>
						<item id="6"><![CDATA[title]]></item>
						<item id="7"><![CDATA[forumurl]]></item>
						<item id="8"><![CDATA[forumname]]></item>
						<item id="9"><![CDATA[views]]></item>
						<item id="10"><![CDATA[replies]]></item>
						<item id="11"><![CDATA[lastpost]]></item>
					</item>
					<item id="template">
						<item id="raw"><![CDATA[[loop]
	<li class="lk_{currentorder}">
		<em>{dateline}</em><a href="home.php?mod=space&uid={authorid}"{target} class="aor" title="{author}"><img src="{avatar}" alt="{author}" /></a>
		<div class="titbd">
			<a href="{url}" class="tit" {target}>
				<i>{currentorder}</i>{title}
			</a>
			<div class="sub">
				<span class="cur"></span>
				作者: <a href="home.php?mod=space&uid={authorid}"{target}>{author}</a><br/>
				版塊: <a href="{forumurl}"{target}>{forumname}</a><br/>
				瀏覽: {views}<br/>
				回復: {replies}<br/>
				發帖時間: {dateline}<br/>
				最后發表: {lastpost}
			</div>
		</div>
	</li>
[/loop]]]></item>
						<item id="footer"><![CDATA[]]></item>
						<item id="header"><![CDATA[]]></item>
						<item id="indexplus">
						</item>
						<item id="index">
						</item>
						<item id="orderplus">
						</item>
						<item id="order">
						</item>
						<item id="loopplus">
						</item>
						<item id="loop"><![CDATA[<li class="lk_{currentorder}">
		<em>{dateline}</em><a href="home.php?mod=space&uid={authorid}"{target} class="aor" title="{author}"><img src="{avatar}" alt="{author}" /></a>
		<div class="titbd">
			<a href="{url}" class="tit" {target}>
				<i>{currentorder}</i>{title}
			</a>
			<div class="sub">
				<span class="cur"></span>
				作者: <a href="home.php?mod=space&uid={authorid}"{target}>{author}</a><br/>
				版塊: <a href="{forumurl}"{target}>{forumname}</a><br/>
				瀏覽: {views}<br/>
				回復: {replies}<br/>
				發帖時間: {dateline}<br/>
				最后發表: {lastpost}
			</div>
		</div>
	</li>]]></item>
					</item>
					<item id="hash"><![CDATA[6cd74d17]]></item>
				</item>
				<item id="picwidth"><![CDATA[0]]></item>
				<item id="picheight"><![CDATA[0]]></item>
				<item id="target"><![CDATA[blank]]></item>
				<item id="dateformat"><![CDATA[Y-m-d]]></item>
				<item id="dateuformat"><![CDATA[0]]></item>
				<item id="script"><![CDATA[thread]]></item>
				<item id="param">
					<item id="tids"><![CDATA[]]></item>
					<item id="uids"><![CDATA[]]></item>
					<item id="keyword"><![CDATA[]]></item>
					<item id="tagkeyword"><![CDATA[]]></item>
					<item id="fids">
						<item id="0"><![CDATA[0]]></item>
					</item>
					<item id="typeids"><![CDATA[]]></item>
					<item id="recommend"><![CDATA[0]]></item>
					<item id="viewmod"><![CDATA[0]]></item>
					<item id="rewardstatus"><![CDATA[0]]></item>
					<item id="picrequired"><![CDATA[0]]></item>
					<item id="orderby"><![CDATA[views]]></item>
					<item id="postdateline"><![CDATA[0]]></item>
					<item id="lastpost"><![CDATA[0]]></item>
					<item id="highlight"><![CDATA[0]]></item>
					<item id="titlelength"><![CDATA[80]]></item>
					<item id="summarylength"><![CDATA[80]]></item>
					<item id="startrow"><![CDATA[0]]></item>
					<item id="items"><![CDATA[10]]></item>
				</item>
				<item id="shownum"><![CDATA[10]]></item>
				<item id="cachetime"><![CDATA[420]]></item>
				<item id="cachetimerange"><![CDATA[]]></item>
				<item id="punctualupdate"><![CDATA[0]]></item>
				<item id="hidedisplay"><![CDATA[0]]></item>
				<item id="dateline"><![CDATA[1499735517]]></item>
				<item id="notinherited"><![CDATA[0]]></item>
				<item id="isblank"><![CDATA[0]]></item>
			</item>
			<item id="66">
				<item id="bid"><![CDATA[66]]></item>
				<item id="blockclass"><![CDATA[forum_thread]]></item>
				<item id="blocktype"><![CDATA[0]]></item>
				<item id="name"><![CDATA[C_F_diy_newlist_4]]></item>
				<item id="title"><![CDATA[]]></item>
				<item id="classname"><![CDATA[]]></item>
				<item id="summary"><![CDATA[]]></item>
				<item id="uid"><![CDATA[1]]></item>
				<item id="username"><![CDATA[admin]]></item>
				<item id="styleid"><![CDATA[0]]></item>
				<item id="blockstyle">
					<item id="name"><![CDATA[]]></item>
					<item id="blockclass"><![CDATA[forum_thread]]></item>
					<item id="makethumb"><![CDATA[0]]></item>
					<item id="getpic"><![CDATA[0]]></item>
					<item id="getsummary"><![CDATA[0]]></item>
					<item id="settarget"><![CDATA[1]]></item>
					<item id="moreurl"><![CDATA[0]]></item>
					<item id="fields">
						<item id="0"><![CDATA[currentorder]]></item>
						<item id="1"><![CDATA[dateline]]></item>
						<item id="2"><![CDATA[authorid]]></item>
						<item id="3"><![CDATA[author]]></item>
						<item id="4"><![CDATA[avatar]]></item>
						<item id="5"><![CDATA[url]]></item>
						<item id="6"><![CDATA[title]]></item>
						<item id="7"><![CDATA[forumurl]]></item>
						<item id="8"><![CDATA[forumname]]></item>
						<item id="9"><![CDATA[views]]></item>
						<item id="10"><![CDATA[replies]]></item>
						<item id="11"><![CDATA[lastpost]]></item>
					</item>
					<item id="template">
						<item id="raw"><![CDATA[[loop]
	<li class="lk_{currentorder}">
		<em>{dateline}</em><a href="home.php?mod=space&uid={authorid}"{target} class="aor" title="{author}"><img src="{avatar}" alt="{author}" /></a>
		<div class="titbd">
			<a href="{url}" class="tit" {target}>
				<i>{currentorder}</i>{title}
			</a>
			<div class="sub">
				<span class="cur"></span>
				作者: <a href="home.php?mod=space&uid={authorid}"{target}>{author}</a><br/>
				版塊: <a href="{forumurl}"{target}>{forumname}</a><br/>
				瀏覽: {views}<br/>
				回復: {replies}<br/>
				發帖時間: {dateline}<br/>
				最后發表: {lastpost}
			</div>
		</div>
	</li>
[/loop]]]></item>
						<item id="footer"><![CDATA[]]></item>
						<item id="header"><![CDATA[]]></item>
						<item id="indexplus">
						</item>
						<item id="index">
						</item>
						<item id="orderplus">
						</item>
						<item id="order">
						</item>
						<item id="loopplus">
						</item>
						<item id="loop"><![CDATA[<li class="lk_{currentorder}">
		<em>{dateline}</em><a href="home.php?mod=space&uid={authorid}"{target} class="aor" title="{author}"><img src="{avatar}" alt="{author}" /></a>
		<div class="titbd">
			<a href="{url}" class="tit" {target}>
				<i>{currentorder}</i>{title}
			</a>
			<div class="sub">
				<span class="cur"></span>
				作者: <a href="home.php?mod=space&uid={authorid}"{target}>{author}</a><br/>
				版塊: <a href="{forumurl}"{target}>{forumname}</a><br/>
				瀏覽: {views}<br/>
				回復: {replies}<br/>
				發帖時間: {dateline}<br/>
				最后發表: {lastpost}
			</div>
		</div>
	</li>]]></item>
					</item>
					<item id="hash"><![CDATA[6cd74d17]]></item>
				</item>
				<item id="picwidth"><![CDATA[0]]></item>
				<item id="picheight"><![CDATA[0]]></item>
				<item id="target"><![CDATA[blank]]></item>
				<item id="dateformat"><![CDATA[Y-m-d]]></item>
				<item id="dateuformat"><![CDATA[0]]></item>
				<item id="script"><![CDATA[threaddigest]]></item>
				<item id="param">
					<item id="special">
						<item id="0"><![CDATA[0]]></item>
					</item>
					<item id="viewmod"><![CDATA[0]]></item>
					<item id="rewardstatus"><![CDATA[0]]></item>
					<item id="picrequired"><![CDATA[0]]></item>
					<item id="titlelength"><![CDATA[80]]></item>
					<item id="summarylength"><![CDATA[80]]></item>
					<item id="items"><![CDATA[7]]></item>
				</item>
				<item id="shownum"><![CDATA[7]]></item>
				<item id="cachetime"><![CDATA[600]]></item>
				<item id="cachetimerange"><![CDATA[]]></item>
				<item id="punctualupdate"><![CDATA[0]]></item>
				<item id="hidedisplay"><![CDATA[0]]></item>
				<item id="dateline"><![CDATA[1499735521]]></item>
				<item id="notinherited"><![CDATA[0]]></item>
				<item id="isblank"><![CDATA[0]]></item>
			</item>
		</item>
		<item id="style">
		</item>
	</item>
</root>