<?xml version="1.0" encoding="ISO-8859-1"?>
<root>
	<item id="Title"><![CDATA[Discuz! Plugin]]></item>
	<item id="Version"><![CDATA[X3.4]]></item>
	<item id="Time"><![CDATA[2019-07-16 18:32]]></item>
	<item id="From"><![CDATA[Cack工作室 (http://127.0.0.1/dz/)]]></item>
	<item id="Data">
		<item id="plugin">
			<item id="available"><![CDATA[1]]></item>
			<item id="adminid"><![CDATA[1]]></item>
			<item id="name"><![CDATA[Cack！手机资料修改]]></item>
			<item id="identifier"><![CDATA[cack_app_avatar]]></item>
			<item id="description"><![CDATA[]]></item>
			<item id="datatables"><![CDATA[]]></item>
			<item id="directory"><![CDATA[cack_app_avatar/]]></item>
			<item id="copyright"><![CDATA[DisM!应用中心(dism.taobao.com)]]></item>
			<item id="version"><![CDATA[6.0]]></item>
			<item id="__modules">
				<item id="0">
					<item id="name"><![CDATA[hook]]></item>
					<item id="param"><![CDATA[]]></item>
					<item id="menu"><![CDATA[]]></item>
					<item id="url"><![CDATA[]]></item>
					<item id="type"><![CDATA[28]]></item>
					<item id="adminid"><![CDATA[0]]></item>
					<item id="displayorder"><![CDATA[0]]></item>
					<item id="navtitle"><![CDATA[]]></item>
					<item id="navicon"><![CDATA[]]></item>
					<item id="navsubname"><![CDATA[]]></item>
					<item id="navsuburl"><![CDATA[]]></item>
				</item>
			</item>
		</item>
		<item id="version"><![CDATA[X3,X3.1,X3.2,X3.3,X3.4,F1.0,L1.0]]></item>
		<item id="var">
			<item id="0">
				<item id="displayorder"><![CDATA[0]]></item>
				<item id="title"><![CDATA[色调]]></item>
				<item id="description"><![CDATA[]]></item>
				<item id="variable"><![CDATA[c_color]]></item>
				<item id="type"><![CDATA[color]]></item>
				<item id="value"><![CDATA[#33CCFF]]></item>
				<item id="extra"><![CDATA[]]></item>
			</item>
			<item id="1">
				<item id="displayorder"><![CDATA[0]]></item>
				<item id="title"><![CDATA[开启嵌入到个人页面]]></item>
				<item id="description"><![CDATA[]]></item>
				<item id="variable"><![CDATA[c_kqqrdgrym]]></item>
				<item id="type"><![CDATA[radio]]></item>
				<item id="value"><![CDATA[1]]></item>
				<item id="extra"><![CDATA[]]></item>
			</item>
		</item>
		<item id="language">
			<item id="scriptlang">
			</item>
			<item id="templatelang">
				<item id="tlang01"><![CDATA[修改资料]]></item>
				<item id="tlang02"><![CDATA[裁剪]]></item>
				<item id="tlang03"><![CDATA[完成]]></item>
				<item id="tlang04"><![CDATA[手机号码]]></item>
				<item id="tlang05"><![CDATA[个人签名]]></item>
				<item id="tlang06"><![CDATA[请输入11位手机号]]></item>
				<item id="tlang07"><![CDATA[保存]]></item>
				<item id="tlang08"><![CDATA[刷新]]></item>
				<item id="tlang09"><![CDATA[取消]]></item>
			</item>
		</item>
	</item>
</root>