<?xml version="1.0" encoding="ISO-8859-1"?>
<root>
	<item id="Title"><![CDATA[Discuz! Style]]></item>
	<item id="Version"><![CDATA[X3,X3.1,X3.2,X3.3,X3.4,X3.5,Q1.0]]></item>
	<item id="Time"><![CDATA[2019-07-22 15:35]]></item>
	<item id="From"><![CDATA[小鱼设计 QQ562828385]]></item>
	<item id="Data">
		<item id="name"><![CDATA[xiaoyu_marry]]></item>
		<item id="extstyle"><![CDATA[|]]></item>
		<item id="tplname"><![CDATA[xiaoyu_marry]]></item>
		<item id="directory"><![CDATA[./template/xiaoyu_marry]]></item>
		<item id="copyright"><![CDATA[DisM!应用中心(dism.taobao.com)]]></item>
		<item id="style">
			<item id="menutext"><![CDATA[#FFF]]></item>
			<item id="menubgcolor"><![CDATA[#E9EDE9]]></item>
			<item id="footertext"><![CDATA[#666]]></item>
			<item id="fontsize"><![CDATA[12px/1.5]]></item>
			<item id="titlebgcolor"><![CDATA[#F8F8F8 titlebg.png]]></item>
			<item id="menuhoverbgcolor"><![CDATA[#005AB4]]></item>
			<item id="lightlink"><![CDATA[#FFF]]></item>
			<item id="floatbgcolor"><![CDATA[#FFF]]></item>
			<item id="dropmenubgcolor"><![CDATA[#FEFEFE]]></item>
			<item id="floatmaskbgcolor"><![CDATA[#000]]></item>
			<item id="dropmenuborder"><![CDATA[#DDD]]></item>
			<item id="specialbg"><![CDATA[#F7F9FB]]></item>
			<item id="available"><![CDATA[]]></item>
			<item id="specialborder"><![CDATA[#ddd]]></item>
			<item id="commonbg"><![CDATA[#F8F8F8]]></item>
			<item id="commonborder"><![CDATA[#ddd]]></item>
			<item id="inputbg"><![CDATA[#FFF]]></item>
			<item id="stypeid"><![CDATA[1]]></item>
			<item id="inputborderdarkcolor"><![CDATA[#848484]]></item>
			<item id="headerbgcolor"><![CDATA[]]></item>
			<item id="sidebgcolor"><![CDATA[#FFF vlineb.png repeat-y 0 0]]></item>
			<item id="headerborder"><![CDATA[0]]></item>
			<item id="msgfontsize"><![CDATA[14px]]></item>
			<item id="bgcolor"><![CDATA[#FFF background.png repeat-x 0 0]]></item>
			<item id="noticetext"><![CDATA[#F26C4F]]></item>
			<item id="link"><![CDATA[#444]]></item>
			<item id="highlightlink"><![CDATA[#030]]></item>
			<item id="midtext"><![CDATA[#666]]></item>
			<item id="lighttext"><![CDATA[#999]]></item>
			<item id="tabletext"><![CDATA[#444]]></item>
			<item id="smfontsize"><![CDATA[0.83em]]></item>
			<item id="threadtitlefont"><![CDATA[Tahoma,'Microsoft Yahei','Simsun']]></item>
			<item id="threadtitlefontsize"><![CDATA[14px]]></item>
			<item id="smfont"><![CDATA[Arial]]></item>
			<item id="font"><![CDATA[Tahoma,'Microsoft Yahei','Simsun']]></item>
			<item id="styleimgdir"><![CDATA[template/xiaoyu_marry/style/img]]></item>
			<item id="boardimg"><![CDATA[logo.png]]></item>
			<item id="imgdir"><![CDATA[template/xiaoyu_marry/style/images]]></item>
			<item id="headertext"><![CDATA[#444]]></item>
			<item id="menuhovertext"><![CDATA[#333333]]></item>
			<item id="wrapbg"><![CDATA[#FFF]]></item>
			<item id="wrapbordercolor"><![CDATA[#CCC]]></item>
			<item id="contentwidth"><![CDATA[600px]]></item>
			<item id="contentseparate"><![CDATA[#ddd]]></item>
			<item id="inputborder"><![CDATA[#E0E0E0]]></item>
		</item>
		<item id="version"><![CDATA[X3,X3.1,X3.2,X3.3,X3.4,X3.5,Q1.0]]></item>
	</item>
</root>
