<?xml version="1.0" encoding="ISO-8859-1"?>
<root>
	<item id="spacecss"><![CDATA[]]></item>
	<item id="layoutdata">
		<item id="diy1"><![CDATA[]]></item>
		<item id="nex_grid_ads">
			<item id="frame`frameNDG558">
				<item id="attr">
					<item id="name"><![CDATA[frameNDG558]]></item>
					<item id="moveable"><![CDATA[true]]></item>
					<item id="className"><![CDATA[frame move-span cl frame-1]]></item>
					<item id="titles"><![CDATA[]]></item>
				</item>
				<item id="column`frameNDG558_left">
					<item id="attr">
						<item id="name"><![CDATA[frameNDG558_left]]></item>
						<item id="className"><![CDATA[column frame-1-c]]></item>
					</item>
					<item id="block`portal_block_254">
						<item id="attr">
							<item id="name"><![CDATA[portal_block_254]]></item>
							<item id="className"><![CDATA[block move-span]]></item>
							<item id="titles"><![CDATA[]]></item>
						</item>
					</item>
				</item>
			</item>
		</item>
		<item id="diycontentclickbottom"><![CDATA[]]></item>
		<item id="nex_articleAds">
			<item id="frame`framehgCkiW">
				<item id="attr">
					<item id="name"><![CDATA[framehgCkiW]]></item>
					<item id="moveable"><![CDATA[true]]></item>
					<item id="className"><![CDATA[frame move-span cl frame-1]]></item>
					<item id="titles"><![CDATA[]]></item>
				</item>
				<item id="column`framehgCkiW_left">
					<item id="attr">
						<item id="name"><![CDATA[framehgCkiW_left]]></item>
						<item id="className"><![CDATA[column frame-1-c]]></item>
					</item>
					<item id="block`portal_block_261">
						<item id="attr">
							<item id="name"><![CDATA[portal_block_261]]></item>
							<item id="className"><![CDATA[block move-span]]></item>
							<item id="titles"><![CDATA[]]></item>
						</item>
					</item>
				</item>
			</item>
		</item>
		<item id=""><![CDATA[]]></item>
		<item id="nex_grid_newpost">
			<item id="frame`frame9UZ81Q">
				<item id="attr">
					<item id="name"><![CDATA[frame9UZ81Q]]></item>
					<item id="moveable"><![CDATA[true]]></item>
					<item id="className"><![CDATA[frame move-span cl frame-1]]></item>
					<item id="titles"><![CDATA[]]></item>
				</item>
				<item id="column`frame9UZ81Q_left">
					<item id="attr">
						<item id="name"><![CDATA[frame9UZ81Q_left]]></item>
						<item id="className"><![CDATA[column frame-1-c]]></item>
					</item>
					<item id="block`portal_block_255">
						<item id="attr">
							<item id="name"><![CDATA[portal_block_255]]></item>
							<item id="className"><![CDATA[block move-span]]></item>
							<item id="titles"><![CDATA[]]></item>
						</item>
					</item>
				</item>
			</item>
		</item>
		<item id="nex_grid_side_ads1">
			<item id="frame`framevExor6">
				<item id="attr">
					<item id="name"><![CDATA[framevExor6]]></item>
					<item id="moveable"><![CDATA[true]]></item>
					<item id="className"><![CDATA[frame move-span cl frame-1]]></item>
					<item id="titles"><![CDATA[]]></item>
				</item>
				<item id="column`framevExor6_left">
					<item id="attr">
						<item id="name"><![CDATA[framevExor6_left]]></item>
						<item id="className"><![CDATA[column frame-1-c]]></item>
					</item>
					<item id="block`portal_block_256">
						<item id="attr">
							<item id="name"><![CDATA[portal_block_256]]></item>
							<item id="className"><![CDATA[block move-span]]></item>
							<item id="titles"><![CDATA[]]></item>
						</item>
					</item>
				</item>
			</item>
		</item>
		<item id="nex_grid_rankls">
			<item id="frame`frame8gFrT2">
				<item id="attr">
					<item id="name"><![CDATA[frame8gFrT2]]></item>
					<item id="moveable"><![CDATA[true]]></item>
					<item id="className"><![CDATA[frame move-span cl frame-1]]></item>
					<item id="titles"><![CDATA[]]></item>
				</item>
				<item id="column`frame8gFrT2_left">
					<item id="attr">
						<item id="name"><![CDATA[frame8gFrT2_left]]></item>
						<item id="className"><![CDATA[column frame-1-c]]></item>
					</item>
					<item id="block`portal_block_257">
						<item id="attr">
							<item id="name"><![CDATA[portal_block_257]]></item>
							<item id="className"><![CDATA[block move-span]]></item>
							<item id="titles"><![CDATA[]]></item>
						</item>
					</item>
				</item>
			</item>
		</item>
		<item id="nex_grid_rankls1">
			<item id="frame`frame5Hqxc3">
				<item id="attr">
					<item id="name"><![CDATA[frame5Hqxc3]]></item>
					<item id="moveable"><![CDATA[true]]></item>
					<item id="className"><![CDATA[frame move-span cl frame-1]]></item>
					<item id="titles"><![CDATA[]]></item>
				</item>
				<item id="column`frame5Hqxc3_left">
					<item id="attr">
						<item id="name"><![CDATA[frame5Hqxc3_left]]></item>
						<item id="className"><![CDATA[column frame-1-c]]></item>
					</item>
					<item id="block`portal_block_258">
						<item id="attr">
							<item id="name"><![CDATA[portal_block_258]]></item>
							<item id="className"><![CDATA[block move-span]]></item>
							<item id="titles"><![CDATA[]]></item>
						</item>
					</item>
				</item>
			</item>
		</item>
		<item id="nex_grid_rankls12">
			<item id="frame`frame7jUb4s">
				<item id="attr">
					<item id="name"><![CDATA[frame7jUb4s]]></item>
					<item id="moveable"><![CDATA[true]]></item>
					<item id="className"><![CDATA[frame move-span cl frame-1]]></item>
					<item id="titles"><![CDATA[]]></item>
				</item>
				<item id="column`frame7jUb4s_left">
					<item id="attr">
						<item id="name"><![CDATA[frame7jUb4s_left]]></item>
						<item id="className"><![CDATA[column frame-1-c]]></item>
					</item>
					<item id="block`portal_block_259">
						<item id="attr">
							<item id="name"><![CDATA[portal_block_259]]></item>
							<item id="className"><![CDATA[block move-span]]></item>
							<item id="titles"><![CDATA[]]></item>
						</item>
					</item>
				</item>
			</item>
		</item>
		<item id="nex_grid_banzys">
			<item id="frame`frame2n1fT7">
				<item id="attr">
					<item id="name"><![CDATA[frame2n1fT7]]></item>
					<item id="moveable"><![CDATA[true]]></item>
					<item id="className"><![CDATA[frame move-span cl frame-1]]></item>
					<item id="titles"><![CDATA[]]></item>
				</item>
				<item id="column`frame2n1fT7_left">
					<item id="attr">
						<item id="name"><![CDATA[frame2n1fT7_left]]></item>
						<item id="className"><![CDATA[column frame-1-c]]></item>
					</item>
					<item id="block`portal_block_260">
						<item id="attr">
							<item id="name"><![CDATA[portal_block_260]]></item>
							<item id="className"><![CDATA[block move-span]]></item>
							<item id="titles"><![CDATA[]]></item>
						</item>
					</item>
				</item>
			</item>
		</item>
		<item id="diy3"><![CDATA[]]></item>
	</item>
	<item id="blockdata">
		<item id="block">
			<item id="254">
				<item id="bid"><![CDATA[254]]></item>
				<item id="blockclass"><![CDATA[html_html]]></item>
				<item id="blocktype"><![CDATA[0]]></item>
				<item id="name"><![CDATA[top_ads]]></item>
				<item id="title"><![CDATA[]]></item>
				<item id="classname"><![CDATA[]]></item>
				<item id="summary"><![CDATA[<a href="#" target="_blank"><img src="template/nex_midea_180808/neoconex/grid/ads.jpg" /></a>]]></item>
				<item id="uid"><![CDATA[1]]></item>
				<item id="username"><![CDATA[admin]]></item>
				<item id="styleid"><![CDATA[0]]></item>
				<item id="blockstyle"><![CDATA[]]></item>
				<item id="picwidth"><![CDATA[0]]></item>
				<item id="picheight"><![CDATA[0]]></item>
				<item id="target"><![CDATA[blank]]></item>
				<item id="dateformat"><![CDATA[Y-m-d]]></item>
				<item id="dateuformat"><![CDATA[0]]></item>
				<item id="script"><![CDATA[blank]]></item>
				<item id="param">
					<item id="content"><![CDATA[<a href=\"#\" target=\"_blank\"><img src=\"template/nex_midea_180808/neoconex/grid/ads.jpg\" /></a>]]></item>
					<item id="items"><![CDATA[10]]></item>
				</item>
				<item id="shownum"><![CDATA[10]]></item>
				<item id="cachetime"><![CDATA[3600]]></item>
				<item id="cachetimerange"><![CDATA[]]></item>
				<item id="punctualupdate"><![CDATA[0]]></item>
				<item id="hidedisplay"><![CDATA[0]]></item>
				<item id="dateline"><![CDATA[1536028275]]></item>
				<item id="notinherited"><![CDATA[0]]></item>
				<item id="isblank"><![CDATA[0]]></item>
			</item>
			<item id="255">
				<item id="bid"><![CDATA[255]]></item>
				<item id="blockclass"><![CDATA[portal_article]]></item>
				<item id="blocktype"><![CDATA[0]]></item>
				<item id="name"><![CDATA[hot_arts]]></item>
				<item id="title"><![CDATA[]]></item>
				<item id="classname"><![CDATA[]]></item>
				<item id="summary"><![CDATA[]]></item>
				<item id="uid"><![CDATA[1]]></item>
				<item id="username"><![CDATA[admin]]></item>
				<item id="styleid"><![CDATA[0]]></item>
				<item id="blockstyle">
					<item id="name"><![CDATA[]]></item>
					<item id="blockclass"><![CDATA[portal_article]]></item>
					<item id="makethumb"><![CDATA[1]]></item>
					<item id="getpic"><![CDATA[1]]></item>
					<item id="getsummary"><![CDATA[0]]></item>
					<item id="settarget"><![CDATA[1]]></item>
					<item id="moreurl"><![CDATA[0]]></item>
					<item id="fields">
						<item id="0"><![CDATA[url]]></item>
						<item id="1"><![CDATA[pic]]></item>
						<item id="2"><![CDATA[title]]></item>
						<item id="3"><![CDATA[dateline]]></item>
					</item>
					<item id="template">
						<item id="raw"><![CDATA[[loop]
<li>
                            	<div class="nex_grid_newpic"><a href="{url}" target="_blank"><img src="{pic}" width="{picwidth}" height="{picheight}" /></a></div>
                                <div class="nex_grid_newinfo">
                                	<h5><a href="{url}"{target}>{title}</a></h5>
                                    <p>{dateline}</p>
                                </div>
                                <div class="clear"></div>
                            </li>
[/loop]]]></item>
						<item id="footer"><![CDATA[]]></item>
						<item id="header"><![CDATA[]]></item>
						<item id="indexplus">
						</item>
						<item id="index">
						</item>
						<item id="orderplus">
						</item>
						<item id="order">
						</item>
						<item id="loopplus">
						</item>
						<item id="loop"><![CDATA[<li>
                            	<div class="nex_grid_newpic"><a href="{url}" target="_blank"><img src="{pic}" width="{picwidth}" height="{picheight}" /></a></div>
                                <div class="nex_grid_newinfo">
                                	<h5><a href="{url}"{target}>{title}</a></h5>
                                    <p>{dateline}</p>
                                </div>
                                <div class="clear"></div>
                            </li>]]></item>
					</item>
					<item id="hash"><![CDATA[3c4b89b2]]></item>
				</item>
				<item id="picwidth"><![CDATA[95]]></item>
				<item id="picheight"><![CDATA[70]]></item>
				<item id="target"><![CDATA[blank]]></item>
				<item id="dateformat"><![CDATA[Y-m-d]]></item>
				<item id="dateuformat"><![CDATA[0]]></item>
				<item id="script"><![CDATA[article]]></item>
				<item id="param">
					<item id="aids"><![CDATA[]]></item>
					<item id="uids"><![CDATA[]]></item>
					<item id="keyword"><![CDATA[]]></item>
					<item id="picrequired"><![CDATA[1]]></item>
					<item id="starttime"><![CDATA[]]></item>
					<item id="endtime"><![CDATA[]]></item>
					<item id="orderby"><![CDATA[commentnum]]></item>
					<item id="publishdateline"><![CDATA[0]]></item>
					<item id="titlelength"><![CDATA[40]]></item>
					<item id="summarylength"><![CDATA[80]]></item>
					<item id="startrow"><![CDATA[0]]></item>
					<item id="items"><![CDATA[5]]></item>
				</item>
				<item id="shownum"><![CDATA[5]]></item>
				<item id="cachetime"><![CDATA[3600]]></item>
				<item id="cachetimerange"><![CDATA[]]></item>
				<item id="punctualupdate"><![CDATA[0]]></item>
				<item id="hidedisplay"><![CDATA[0]]></item>
				<item id="dateline"><![CDATA[1536029047]]></item>
				<item id="notinherited"><![CDATA[0]]></item>
				<item id="isblank"><![CDATA[0]]></item>
			</item>
			<item id="256">
				<item id="bid"><![CDATA[256]]></item>
				<item id="blockclass"><![CDATA[html_html]]></item>
				<item id="blocktype"><![CDATA[0]]></item>
				<item id="name"><![CDATA[ads]]></item>
				<item id="title"><![CDATA[]]></item>
				<item id="classname"><![CDATA[]]></item>
				<item id="summary"><![CDATA[<a href="#" target="_blank"><img src="template/nex_midea_180808/neoconex/grid/side_ads.jpg" /></a>]]></item>
				<item id="uid"><![CDATA[1]]></item>
				<item id="username"><![CDATA[admin]]></item>
				<item id="styleid"><![CDATA[0]]></item>
				<item id="blockstyle"><![CDATA[]]></item>
				<item id="picwidth"><![CDATA[0]]></item>
				<item id="picheight"><![CDATA[0]]></item>
				<item id="target"><![CDATA[blank]]></item>
				<item id="dateformat"><![CDATA[Y-m-d]]></item>
				<item id="dateuformat"><![CDATA[0]]></item>
				<item id="script"><![CDATA[blank]]></item>
				<item id="param">
					<item id="content"><![CDATA[<a href=\"#\" target=\"_blank\"><img src=\"template/nex_midea_180808/neoconex/grid/side_ads.jpg\" /></a>]]></item>
					<item id="items"><![CDATA[10]]></item>
				</item>
				<item id="shownum"><![CDATA[10]]></item>
				<item id="cachetime"><![CDATA[0]]></item>
				<item id="cachetimerange"><![CDATA[0,0]]></item>
				<item id="punctualupdate"><![CDATA[0]]></item>
				<item id="hidedisplay"><![CDATA[0]]></item>
				<item id="dateline"><![CDATA[1536029214]]></item>
				<item id="notinherited"><![CDATA[0]]></item>
				<item id="isblank"><![CDATA[0]]></item>
			</item>
			<item id="257">
				<item id="bid"><![CDATA[257]]></item>
				<item id="blockclass"><![CDATA[portal_article]]></item>
				<item id="blocktype"><![CDATA[0]]></item>
				<item id="name"><![CDATA[day_list]]></item>
				<item id="title"><![CDATA[]]></item>
				<item id="classname"><![CDATA[]]></item>
				<item id="summary"><![CDATA[]]></item>
				<item id="uid"><![CDATA[1]]></item>
				<item id="username"><![CDATA[admin]]></item>
				<item id="styleid"><![CDATA[0]]></item>
				<item id="blockstyle">
					<item id="name"><![CDATA[]]></item>
					<item id="blockclass"><![CDATA[portal_article]]></item>
					<item id="makethumb"><![CDATA[1]]></item>
					<item id="getpic"><![CDATA[1]]></item>
					<item id="getsummary"><![CDATA[0]]></item>
					<item id="settarget"><![CDATA[1]]></item>
					<item id="moreurl"><![CDATA[0]]></item>
					<item id="fields">
						<item id="0"><![CDATA[url]]></item>
						<item id="1"><![CDATA[pic]]></item>
						<item id="2"><![CDATA[currentorder]]></item>
						<item id="3"><![CDATA[caturl]]></item>
						<item id="4"><![CDATA[catname]]></item>
						<item id="5"><![CDATA[dateline]]></item>
						<item id="6"><![CDATA[title]]></item>
					</item>
					<item id="template">
						<item id="raw"><![CDATA[[loop]
<dd>
                                        	<div class="nex_rankpiv">
                                            	<a href="{url}" target="_blank">
                                                	<img src="{pic}" width="{picwidth}" height="{picheight}" />
                                                    <em>{currentorder}</em>
                                                </a>
                                            </div>
                                            <div class="nex_rankinfo">
                                            	<div class="nex_rankinfo_top">
                                                	<a href="{caturl}" target="_blank">{catname}</a>
                                                    <span>{dateline}</span>
                                                    <div class="clear"></div>
                                                </div>
                                                <h5><a href="{url}"{target}>{title}</a></h5>
                                            </div>
                                            <div class="clear"></div>
                                        </dd>
[/loop]]]></item>
						<item id="footer"><![CDATA[]]></item>
						<item id="header"><![CDATA[]]></item>
						<item id="indexplus">
						</item>
						<item id="index">
						</item>
						<item id="orderplus">
						</item>
						<item id="order">
						</item>
						<item id="loopplus">
						</item>
						<item id="loop"><![CDATA[<dd>
                                        	<div class="nex_rankpiv">
                                            	<a href="{url}" target="_blank">
                                                	<img src="{pic}" width="{picwidth}" height="{picheight}" />
                                                    <em>{currentorder}</em>
                                                </a>
                                            </div>
                                            <div class="nex_rankinfo">
                                            	<div class="nex_rankinfo_top">
                                                	<a href="{caturl}" target="_blank">{catname}</a>
                                                    <span>{dateline}</span>
                                                    <div class="clear"></div>
                                                </div>
                                                <h5><a href="{url}"{target}>{title}</a></h5>
                                            </div>
                                            <div class="clear"></div>
                                        </dd>]]></item>
					</item>
					<item id="hash"><![CDATA[4f94d606]]></item>
				</item>
				<item id="picwidth"><![CDATA[60]]></item>
				<item id="picheight"><![CDATA[60]]></item>
				<item id="target"><![CDATA[blank]]></item>
				<item id="dateformat"><![CDATA[Y-m-d]]></item>
				<item id="dateuformat"><![CDATA[0]]></item>
				<item id="script"><![CDATA[article]]></item>
				<item id="param">
					<item id="aids"><![CDATA[]]></item>
					<item id="uids"><![CDATA[]]></item>
					<item id="keyword"><![CDATA[]]></item>
					<item id="picrequired"><![CDATA[1]]></item>
					<item id="starttime"><![CDATA[]]></item>
					<item id="endtime"><![CDATA[]]></item>
					<item id="orderby"><![CDATA[viewnum]]></item>
					<item id="publishdateline"><![CDATA[0]]></item>
					<item id="titlelength"><![CDATA[40]]></item>
					<item id="summarylength"><![CDATA[80]]></item>
					<item id="startrow"><![CDATA[0]]></item>
					<item id="items"><![CDATA[6]]></item>
				</item>
				<item id="shownum"><![CDATA[6]]></item>
				<item id="cachetime"><![CDATA[3600]]></item>
				<item id="cachetimerange"><![CDATA[]]></item>
				<item id="punctualupdate"><![CDATA[0]]></item>
				<item id="hidedisplay"><![CDATA[0]]></item>
				<item id="dateline"><![CDATA[1536029347]]></item>
				<item id="notinherited"><![CDATA[0]]></item>
				<item id="isblank"><![CDATA[0]]></item>
			</item>
			<item id="258">
				<item id="bid"><![CDATA[258]]></item>
				<item id="blockclass"><![CDATA[portal_article]]></item>
				<item id="blocktype"><![CDATA[0]]></item>
				<item id="name"><![CDATA[week_list]]></item>
				<item id="title"><![CDATA[]]></item>
				<item id="classname"><![CDATA[]]></item>
				<item id="summary"><![CDATA[]]></item>
				<item id="uid"><![CDATA[1]]></item>
				<item id="username"><![CDATA[admin]]></item>
				<item id="styleid"><![CDATA[0]]></item>
				<item id="blockstyle">
					<item id="name"><![CDATA[]]></item>
					<item id="blockclass"><![CDATA[portal_article]]></item>
					<item id="makethumb"><![CDATA[1]]></item>
					<item id="getpic"><![CDATA[1]]></item>
					<item id="getsummary"><![CDATA[0]]></item>
					<item id="settarget"><![CDATA[1]]></item>
					<item id="moreurl"><![CDATA[0]]></item>
					<item id="fields">
						<item id="0"><![CDATA[url]]></item>
						<item id="1"><![CDATA[pic]]></item>
						<item id="2"><![CDATA[currentorder]]></item>
						<item id="3"><![CDATA[caturl]]></item>
						<item id="4"><![CDATA[catname]]></item>
						<item id="5"><![CDATA[dateline]]></item>
						<item id="6"><![CDATA[title]]></item>
					</item>
					<item id="template">
						<item id="raw"><![CDATA[[loop]
<dd>
                                        	<div class="nex_rankpiv">
                                            	<a href="{url}" target="_blank">
                                                	<img src="{pic}" width="{picwidth}" height="{picheight}" />
                                                    <em>{currentorder}</em>
                                                </a>
                                            </div>
                                            <div class="nex_rankinfo">
                                            	<div class="nex_rankinfo_top">
                                                	<a href="{caturl}" target="_blank">{catname}</a>
                                                    <span>{dateline}</span>
                                                    <div class="clear"></div>
                                                </div>
                                                <h5><a href="{url}"{target}>{title}</a></h5>
                                            </div>
                                            <div class="clear"></div>
                                        </dd>
[/loop]]]></item>
						<item id="footer"><![CDATA[]]></item>
						<item id="header"><![CDATA[]]></item>
						<item id="indexplus">
						</item>
						<item id="index">
						</item>
						<item id="orderplus">
						</item>
						<item id="order">
						</item>
						<item id="loopplus">
						</item>
						<item id="loop"><![CDATA[<dd>
                                        	<div class="nex_rankpiv">
                                            	<a href="{url}" target="_blank">
                                                	<img src="{pic}" width="{picwidth}" height="{picheight}" />
                                                    <em>{currentorder}</em>
                                                </a>
                                            </div>
                                            <div class="nex_rankinfo">
                                            	<div class="nex_rankinfo_top">
                                                	<a href="{caturl}" target="_blank">{catname}</a>
                                                    <span>{dateline}</span>
                                                    <div class="clear"></div>
                                                </div>
                                                <h5><a href="{url}"{target}>{title}</a></h5>
                                            </div>
                                            <div class="clear"></div>
                                        </dd>]]></item>
					</item>
					<item id="hash"><![CDATA[4f94d606]]></item>
				</item>
				<item id="picwidth"><![CDATA[60]]></item>
				<item id="picheight"><![CDATA[60]]></item>
				<item id="target"><![CDATA[blank]]></item>
				<item id="dateformat"><![CDATA[Y-m-d]]></item>
				<item id="dateuformat"><![CDATA[0]]></item>
				<item id="script"><![CDATA[article]]></item>
				<item id="param">
					<item id="aids"><![CDATA[]]></item>
					<item id="uids"><![CDATA[]]></item>
					<item id="keyword"><![CDATA[]]></item>
					<item id="picrequired"><![CDATA[1]]></item>
					<item id="starttime"><![CDATA[]]></item>
					<item id="endtime"><![CDATA[]]></item>
					<item id="orderby"><![CDATA[viewnum]]></item>
					<item id="publishdateline"><![CDATA[0]]></item>
					<item id="titlelength"><![CDATA[40]]></item>
					<item id="summarylength"><![CDATA[80]]></item>
					<item id="startrow"><![CDATA[0]]></item>
					<item id="items"><![CDATA[6]]></item>
				</item>
				<item id="shownum"><![CDATA[6]]></item>
				<item id="cachetime"><![CDATA[3600]]></item>
				<item id="cachetimerange"><![CDATA[]]></item>
				<item id="punctualupdate"><![CDATA[0]]></item>
				<item id="hidedisplay"><![CDATA[0]]></item>
				<item id="dateline"><![CDATA[1536029516]]></item>
				<item id="notinherited"><![CDATA[0]]></item>
				<item id="isblank"><![CDATA[0]]></item>
			</item>
			<item id="259">
				<item id="bid"><![CDATA[259]]></item>
				<item id="blockclass"><![CDATA[portal_article]]></item>
				<item id="blocktype"><![CDATA[0]]></item>
				<item id="name"><![CDATA[month_list]]></item>
				<item id="title"><![CDATA[]]></item>
				<item id="classname"><![CDATA[]]></item>
				<item id="summary"><![CDATA[]]></item>
				<item id="uid"><![CDATA[1]]></item>
				<item id="username"><![CDATA[admin]]></item>
				<item id="styleid"><![CDATA[0]]></item>
				<item id="blockstyle">
					<item id="name"><![CDATA[]]></item>
					<item id="blockclass"><![CDATA[portal_article]]></item>
					<item id="makethumb"><![CDATA[1]]></item>
					<item id="getpic"><![CDATA[1]]></item>
					<item id="getsummary"><![CDATA[0]]></item>
					<item id="settarget"><![CDATA[1]]></item>
					<item id="moreurl"><![CDATA[0]]></item>
					<item id="fields">
						<item id="0"><![CDATA[url]]></item>
						<item id="1"><![CDATA[pic]]></item>
						<item id="2"><![CDATA[currentorder]]></item>
						<item id="3"><![CDATA[caturl]]></item>
						<item id="4"><![CDATA[catname]]></item>
						<item id="5"><![CDATA[dateline]]></item>
						<item id="6"><![CDATA[title]]></item>
					</item>
					<item id="template">
						<item id="raw"><![CDATA[[loop]
<dd>
                                        	<div class="nex_rankpiv">
                                            	<a href="{url}" target="_blank">
                                                	<img src="{pic}" width="{picwidth}" height="{picheight}" />
                                                    <em>{currentorder}</em>
                                                </a>
                                            </div>
                                            <div class="nex_rankinfo">
                                            	<div class="nex_rankinfo_top">
                                                	<a href="{caturl}" target="_blank">{catname}</a>
                                                    <span>{dateline}</span>
                                                    <div class="clear"></div>
                                                </div>
                                                <h5><a href="{url}"{target}>{title}</a></h5>
                                            </div>
                                            <div class="clear"></div>
                                        </dd>
[/loop]]]></item>
						<item id="footer"><![CDATA[]]></item>
						<item id="header"><![CDATA[]]></item>
						<item id="indexplus">
						</item>
						<item id="index">
						</item>
						<item id="orderplus">
						</item>
						<item id="order">
						</item>
						<item id="loopplus">
						</item>
						<item id="loop"><![CDATA[<dd>
                                        	<div class="nex_rankpiv">
                                            	<a href="{url}" target="_blank">
                                                	<img src="{pic}" width="{picwidth}" height="{picheight}" />
                                                    <em>{currentorder}</em>
                                                </a>
                                            </div>
                                            <div class="nex_rankinfo">
                                            	<div class="nex_rankinfo_top">
                                                	<a href="{caturl}" target="_blank">{catname}</a>
                                                    <span>{dateline}</span>
                                                    <div class="clear"></div>
                                                </div>
                                                <h5><a href="{url}"{target}>{title}</a></h5>
                                            </div>
                                            <div class="clear"></div>
                                        </dd>]]></item>
					</item>
					<item id="hash"><![CDATA[4f94d606]]></item>
				</item>
				<item id="picwidth"><![CDATA[60]]></item>
				<item id="picheight"><![CDATA[60]]></item>
				<item id="target"><![CDATA[blank]]></item>
				<item id="dateformat"><![CDATA[Y-m-d]]></item>
				<item id="dateuformat"><![CDATA[0]]></item>
				<item id="script"><![CDATA[article]]></item>
				<item id="param">
					<item id="aids"><![CDATA[]]></item>
					<item id="uids"><![CDATA[]]></item>
					<item id="keyword"><![CDATA[]]></item>
					<item id="picrequired"><![CDATA[1]]></item>
					<item id="starttime"><![CDATA[]]></item>
					<item id="endtime"><![CDATA[]]></item>
					<item id="orderby"><![CDATA[commentnum]]></item>
					<item id="publishdateline"><![CDATA[0]]></item>
					<item id="titlelength"><![CDATA[40]]></item>
					<item id="summarylength"><![CDATA[80]]></item>
					<item id="startrow"><![CDATA[0]]></item>
					<item id="items"><![CDATA[6]]></item>
				</item>
				<item id="shownum"><![CDATA[6]]></item>
				<item id="cachetime"><![CDATA[3600]]></item>
				<item id="cachetimerange"><![CDATA[]]></item>
				<item id="punctualupdate"><![CDATA[0]]></item>
				<item id="hidedisplay"><![CDATA[0]]></item>
				<item id="dateline"><![CDATA[1536029841]]></item>
				<item id="notinherited"><![CDATA[0]]></item>
				<item id="isblank"><![CDATA[0]]></item>
			</item>
			<item id="260">
				<item id="bid"><![CDATA[260]]></item>
				<item id="blockclass"><![CDATA[portal_article]]></item>
				<item id="blocktype"><![CDATA[0]]></item>
				<item id="name"><![CDATA[dongtai]]></item>
				<item id="title"><![CDATA[]]></item>
				<item id="classname"><![CDATA[]]></item>
				<item id="summary"><![CDATA[]]></item>
				<item id="uid"><![CDATA[1]]></item>
				<item id="username"><![CDATA[admin]]></item>
				<item id="styleid"><![CDATA[0]]></item>
				<item id="blockstyle">
					<item id="name"><![CDATA[]]></item>
					<item id="blockclass"><![CDATA[portal_article]]></item>
					<item id="makethumb"><![CDATA[1]]></item>
					<item id="getpic"><![CDATA[1]]></item>
					<item id="getsummary"><![CDATA[0]]></item>
					<item id="settarget"><![CDATA[1]]></item>
					<item id="moreurl"><![CDATA[0]]></item>
					<item id="fields">
						<item id="0"><![CDATA[url]]></item>
						<item id="1"><![CDATA[pic]]></item>
						<item id="2"><![CDATA[catname]]></item>
						<item id="3"><![CDATA[title]]></item>
						<item id="4"><![CDATA[username]]></item>
						<item id="5"><![CDATA[dateline]]></item>
					</item>
					<item id="template">
						<item id="raw"><![CDATA[[loop]
[order=1]

<li>
                            	<div class="nex_bz_coverpivs">
                                	<a href="{url}" target="_blank">
                                    	<img src="{pic}" width="{picwidth}" height="{picheight}" />
                                        <span>{catname}</span>
                                    </a>
                                </div>
                                <div class="nex_bz_btmintel">
                                	<h5><a href="{url}"{target}>{title}</a></h5>
                                    <div class="nex_bz_btm_forms">
                                    	<span>{username}</span>
                                        <em>{dateline}</em>
                                        <div class="clear"></div>
                                    </div>
                                </div>
                            </li>
[/order]

[order=2]


                            <li>
                            	<div class="nex_bz_coverpivs">
                                	<a href="{url}" target="_blank">
                                    	<img src="{pic}" width="{picwidth}" height="{picheight}" />
                                        <span>{catname}</span>
                                    </a>
                                </div>
                                <div class="nex_bz_btmintel">
                                	<h5><a href="{url}"{target}>{title}</a></h5>
                                    <div class="nex_bz_btm_forms">
                                    	<span>{username}</span>
                                        <em>{dateline}</em>
                                        <div class="clear"></div>
                                    </div>
                                </div>
                            </li>
[/order]
                            <li>
                            	<div class="nex_bz_simplytxt"><em>[{catname}]</em><a href="{url}"{target}>{title}</a></div>
                                <div class="nex_bz_simbtms">
                                	<span>{username}</span>
                                    <em>{dateline}</em>
                                    <div class="clear"></div>
                                </div>
                            </li>
                            
[/loop]]]></item>
						<item id="footer"><![CDATA[]]></item>
						<item id="header"><![CDATA[]]></item>
						<item id="indexplus">
						</item>
						<item id="index">
						</item>
						<item id="orderplus">
						</item>
						<item id="order">
							<item id="1"><![CDATA[<li>
                            	<div class="nex_bz_coverpivs">
                                	<a href="{url}" target="_blank">
                                    	<img src="{pic}" width="{picwidth}" height="{picheight}" />
                                        <span>{catname}</span>
                                    </a>
                                </div>
                                <div class="nex_bz_btmintel">
                                	<h5><a href="{url}"{target}>{title}</a></h5>
                                    <div class="nex_bz_btm_forms">
                                    	<span>{username}</span>
                                        <em>{dateline}</em>
                                        <div class="clear"></div>
                                    </div>
                                </div>
                            </li>]]></item>
							<item id="2"><![CDATA[<li>
                            	<div class="nex_bz_coverpivs">
                                	<a href="{url}" target="_blank">
                                    	<img src="{pic}" width="{picwidth}" height="{picheight}" />
                                        <span>{catname}</span>
                                    </a>
                                </div>
                                <div class="nex_bz_btmintel">
                                	<h5><a href="{url}"{target}>{title}</a></h5>
                                    <div class="nex_bz_btm_forms">
                                    	<span>{username}</span>
                                        <em>{dateline}</em>
                                        <div class="clear"></div>
                                    </div>
                                </div>
                            </li>]]></item>
						</item>
						<item id="loopplus">
						</item>
						<item id="loop"><![CDATA[[order=1]

<li>
                            	<div class="nex_bz_coverpivs">
                                	<a href="{url}" target="_blank">
                                    	<img src="{pic}" width="{picwidth}" height="{picheight}" />
                                        <span>{catname}</span>
                                    </a>
                                </div>
                                <div class="nex_bz_btmintel">
                                	<h5><a href="{url}"{target}>{title}</a></h5>
                                    <div class="nex_bz_btm_forms">
                                    	<span>{username}</span>
                                        <em>{dateline}</em>
                                        <div class="clear"></div>
                                    </div>
                                </div>
                            </li>
[/order]

[order=2]


                            <li>
                            	<div class="nex_bz_coverpivs">
                                	<a href="{url}" target="_blank">
                                    	<img src="{pic}" width="{picwidth}" height="{picheight}" />
                                        <span>{catname}</span>
                                    </a>
                                </div>
                                <div class="nex_bz_btmintel">
                                	<h5><a href="{url}"{target}>{title}</a></h5>
                                    <div class="nex_bz_btm_forms">
                                    	<span>{username}</span>
                                        <em>{dateline}</em>
                                        <div class="clear"></div>
                                    </div>
                                </div>
                            </li>
[/order]
                            <li>
                            	<div class="nex_bz_simplytxt"><em>[{catname}]</em><a href="{url}"{target}>{title}</a></div>
                                <div class="nex_bz_simbtms">
                                	<span>{username}</span>
                                    <em>{dateline}</em>
                                    <div class="clear"></div>
                                </div>
                            </li>]]></item>
					</item>
					<item id="hash"><![CDATA[e52abb37]]></item>
				</item>
				<item id="picwidth"><![CDATA[260]]></item>
				<item id="picheight"><![CDATA[160]]></item>
				<item id="target"><![CDATA[blank]]></item>
				<item id="dateformat"><![CDATA[Y-m-d]]></item>
				<item id="dateuformat"><![CDATA[0]]></item>
				<item id="script"><![CDATA[article]]></item>
				<item id="param">
					<item id="aids"><![CDATA[]]></item>
					<item id="uids"><![CDATA[]]></item>
					<item id="keyword"><![CDATA[]]></item>
					<item id="picrequired"><![CDATA[1]]></item>
					<item id="starttime"><![CDATA[]]></item>
					<item id="endtime"><![CDATA[]]></item>
					<item id="orderby"><![CDATA[viewnum]]></item>
					<item id="publishdateline"><![CDATA[0]]></item>
					<item id="titlelength"><![CDATA[40]]></item>
					<item id="summarylength"><![CDATA[80]]></item>
					<item id="startrow"><![CDATA[0]]></item>
					<item id="items"><![CDATA[5]]></item>
				</item>
				<item id="shownum"><![CDATA[5]]></item>
				<item id="cachetime"><![CDATA[3600]]></item>
				<item id="cachetimerange"><![CDATA[]]></item>
				<item id="punctualupdate"><![CDATA[0]]></item>
				<item id="hidedisplay"><![CDATA[0]]></item>
				<item id="dateline"><![CDATA[1536030214]]></item>
				<item id="notinherited"><![CDATA[0]]></item>
				<item id="isblank"><![CDATA[0]]></item>
			</item>
			<item id="261">
				<item id="bid"><![CDATA[261]]></item>
				<item id="blockclass"><![CDATA[html_html]]></item>
				<item id="blocktype"><![CDATA[0]]></item>
				<item id="name"><![CDATA[ads_inner]]></item>
				<item id="title"><![CDATA[]]></item>
				<item id="classname"><![CDATA[]]></item>
				<item id="summary"><![CDATA[<a href="#" target="_blank"><img src="template/nex_midea_180808/neoconex/grid/ads_btm.jpg" /></a>]]></item>
				<item id="uid"><![CDATA[1]]></item>
				<item id="username"><![CDATA[admin]]></item>
				<item id="styleid"><![CDATA[0]]></item>
				<item id="blockstyle"><![CDATA[]]></item>
				<item id="picwidth"><![CDATA[0]]></item>
				<item id="picheight"><![CDATA[0]]></item>
				<item id="target"><![CDATA[blank]]></item>
				<item id="dateformat"><![CDATA[Y-m-d]]></item>
				<item id="dateuformat"><![CDATA[0]]></item>
				<item id="script"><![CDATA[blank]]></item>
				<item id="param">
					<item id="content"><![CDATA[<a href=\"#\" target=\"_blank\"><img src=\"template/nex_midea_180808/neoconex/grid/ads_btm.jpg\" /></a>]]></item>
					<item id="items"><![CDATA[10]]></item>
				</item>
				<item id="shownum"><![CDATA[10]]></item>
				<item id="cachetime"><![CDATA[0]]></item>
				<item id="cachetimerange"><![CDATA[0,0]]></item>
				<item id="punctualupdate"><![CDATA[0]]></item>
				<item id="hidedisplay"><![CDATA[0]]></item>
				<item id="dateline"><![CDATA[1536030411]]></item>
				<item id="notinherited"><![CDATA[0]]></item>
				<item id="isblank"><![CDATA[0]]></item>
			</item>
		</item>
		<item id="style">
		</item>
	</item>
</root>
