﻿<?xml version="1.0" encoding="ISO-8859-1"?>
<root>
	<item id="spacecss"><![CDATA[]]></item>
	<item id="layoutdata">
		<item id="diynavtop"><![CDATA[]]></item>
		<item id="diy1"><![CDATA[]]></item>
		<item id="diy4"><![CDATA[]]></item>
		<item id="diyfastposttop"><![CDATA[]]></item>
		<item id=""><![CDATA[]]></item>
		<item id="diyforumdisplaybottom"><![CDATA[]]></item>
		<item id="deanguanzhuwm">
			<item id="frame`frameLS6i1S">
				<item id="attr">
					<item id="name"><![CDATA[frameLS6i1S]]></item>
					<item id="moveable"><![CDATA[true]]></item>
					<item id="className"><![CDATA[frame move-span cl frame-1]]></item>
					<item id="titles"><![CDATA[]]></item>
				</item>
				<item id="column`frameLS6i1S_left">
					<item id="attr">
						<item id="name"><![CDATA[frameLS6i1S_left]]></item>
						<item id="className"><![CDATA[column frame-1-c]]></item>
					</item>
					<item id="block`portal_block_494">
						<item id="attr">
							<item id="name"><![CDATA[portal_block_494]]></item>
							<item id="className"><![CDATA[block move-span]]></item>
							<item id="titles"><![CDATA[]]></item>
						</item>
					</item>
				</item>
			</item>
		</item>
		<item id="deanhotpics">
			<item id="frame`frameyV5SS6">
				<item id="attr">
					<item id="name"><![CDATA[frameyV5SS6]]></item>
					<item id="moveable"><![CDATA[true]]></item>
					<item id="className"><![CDATA[frame move-span cl frame-1]]></item>
					<item id="titles"><![CDATA[]]></item>
				</item>
				<item id="column`frameyV5SS6_left">
					<item id="attr">
						<item id="name"><![CDATA[frameyV5SS6_left]]></item>
						<item id="className"><![CDATA[column frame-1-c]]></item>
					</item>
					<item id="block`portal_block_495">
						<item id="attr">
							<item id="name"><![CDATA[portal_block_495]]></item>
							<item id="className"><![CDATA[block move-span]]></item>
							<item id="titles"><![CDATA[]]></item>
						</item>
					</item>
				</item>
			</item>
		</item>
		<item id="deanmblldiv">
			<item id="frame`frames50qy9">
				<item id="attr">
					<item id="name"><![CDATA[frames50qy9]]></item>
					<item id="moveable"><![CDATA[true]]></item>
					<item id="className"><![CDATA[frame move-span cl frame-1]]></item>
					<item id="titles"><![CDATA[]]></item>
				</item>
				<item id="column`frames50qy9_left">
					<item id="attr">
						<item id="name"><![CDATA[frames50qy9_left]]></item>
						<item id="className"><![CDATA[column frame-1-c]]></item>
					</item>
					<item id="block`portal_block_496">
						<item id="attr">
							<item id="name"><![CDATA[portal_block_496]]></item>
							<item id="className"><![CDATA[block move-span]]></item>
							<item id="titles"><![CDATA[]]></item>
						</item>
					</item>
				</item>
			</item>
		</item>
		<item id="deanad4s">
			<item id="frame`frameRl6S16">
				<item id="attr">
					<item id="name"><![CDATA[frameRl6S16]]></item>
					<item id="moveable"><![CDATA[true]]></item>
					<item id="className"><![CDATA[frame move-span cl frame-1]]></item>
					<item id="titles"><![CDATA[]]></item>
				</item>
				<item id="column`frameRl6S16_left">
					<item id="attr">
						<item id="name"><![CDATA[frameRl6S16_left]]></item>
						<item id="className"><![CDATA[column frame-1-c]]></item>
					</item>
					<item id="block`portal_block_497">
						<item id="attr">
							<item id="name"><![CDATA[portal_block_497]]></item>
							<item id="className"><![CDATA[block move-span]]></item>
							<item id="titles"><![CDATA[]]></item>
						</item>
					</item>
				</item>
			</item>
		</item>
		<item id="deanrankcha">
			<item id="frame`framew5S565">
				<item id="attr">
					<item id="name"><![CDATA[framew5S565]]></item>
					<item id="moveable"><![CDATA[true]]></item>
					<item id="className"><![CDATA[frame move-span cl frame-1]]></item>
					<item id="titles"><![CDATA[]]></item>
				</item>
				<item id="column`framew5S565_left">
					<item id="attr">
						<item id="name"><![CDATA[framew5S565_left]]></item>
						<item id="className"><![CDATA[column frame-1-c]]></item>
					</item>
					<item id="block`portal_block_499">
						<item id="attr">
							<item id="name"><![CDATA[portal_block_499]]></item>
							<item id="className"><![CDATA[block move-span]]></item>
							<item id="titles"><![CDATA[]]></item>
						</item>
					</item>
				</item>
			</item>
		</item>
		<item id="deanrankcha1">
			<item id="frame`frameeQ6VV5">
				<item id="attr">
					<item id="name"><![CDATA[frameeQ6VV5]]></item>
					<item id="moveable"><![CDATA[true]]></item>
					<item id="className"><![CDATA[frame move-span cl frame-1]]></item>
					<item id="titles"><![CDATA[]]></item>
				</item>
				<item id="column`frameeQ6VV5_left">
					<item id="attr">
						<item id="name"><![CDATA[frameeQ6VV5_left]]></item>
						<item id="className"><![CDATA[column frame-1-c]]></item>
					</item>
					<item id="block`portal_block_500">
						<item id="attr">
							<item id="name"><![CDATA[portal_block_500]]></item>
							<item id="className"><![CDATA[block move-span]]></item>
							<item id="titles"><![CDATA[]]></item>
						</item>
					</item>
				</item>
			</item>
		</item>
		<item id="deanrankcha2">
			<item id="frame`frameALslu9">
				<item id="attr">
					<item id="name"><![CDATA[frameALslu9]]></item>
					<item id="moveable"><![CDATA[true]]></item>
					<item id="className"><![CDATA[frame move-span cl frame-1]]></item>
					<item id="titles"><![CDATA[]]></item>
				</item>
				<item id="column`frameALslu9_left">
					<item id="attr">
						<item id="name"><![CDATA[frameALslu9_left]]></item>
						<item id="className"><![CDATA[column frame-1-c]]></item>
					</item>
					<item id="block`portal_block_501">
						<item id="attr">
							<item id="name"><![CDATA[portal_block_501]]></item>
							<item id="className"><![CDATA[block move-span]]></item>
							<item id="titles"><![CDATA[]]></item>
						</item>
					</item>
				</item>
			</item>
		</item>
		<item id="deanzlzuozhe">
			<item id="frame`framehSL60C">
				<item id="attr">
					<item id="name"><![CDATA[framehSL60C]]></item>
					<item id="moveable"><![CDATA[true]]></item>
					<item id="className"><![CDATA[frame move-span cl frame-1]]></item>
					<item id="titles"><![CDATA[]]></item>
				</item>
				<item id="column`framehSL60C_left">
					<item id="attr">
						<item id="name"><![CDATA[framehSL60C_left]]></item>
						<item id="className"><![CDATA[column frame-1-c]]></item>
					</item>
					<item id="block`portal_block_498">
						<item id="attr">
							<item id="name"><![CDATA[portal_block_498]]></item>
							<item id="className"><![CDATA[block move-span]]></item>
							<item id="titles"><![CDATA[]]></item>
						</item>
					</item>
				</item>
			</item>
		</item>
		<item id="diy3"><![CDATA[]]></item>
	</item>
	<item id="blockdata">
		<item id="block">
			<item id="494">
				<item id="bid"><![CDATA[494]]></item>
				<item id="blockclass"><![CDATA[html_html]]></item>
				<item id="blocktype"><![CDATA[0]]></item>
				<item id="name"><![CDATA[guanzhu]]></item>
				<item id="title"><![CDATA[]]></item>
				<item id="classname"><![CDATA[]]></item>
				<item id="summary"><![CDATA[<div class="deangzimg"><img src="./template/dean_newpx_180112/deancss/list/banner.jpg" width="300" /></div>
                <div class="deangzinfo">
                	<div class="deangzinfol"><img src="./template/dean_newpx_180112/deancss/adt/weixin.jpg" width="100" /></div>
                    <div class="deangzinfor"><h3>关注迪恩网络</h3><div class="clear"></div><p>扫描关注,了解最新资讯</p></div>
                    <div class="clear"></div>
                </div>
                <div class="clear"></div>
                <ul>
                	<li><a href="#" target="_blank"><i class="icon-twitter"></i>迪恩twitter</a></li>
                    <li><a href="#" target="_blank"><i class="icon-facebook"></i>迪恩facebook</a></li>
                </ul>
                <div class="clear"></div>
                <dl>
                	<dd><i class="icon-user"></i>联系人：高经理</dd>
                    <dd><i class="icon-phone-sign"></i>电话：15562103797</dd>
                    <dd><i class="icon-envelope"></i><a href="mailto:3318850993@qq.com">EMAIL：3318850993@qq.com</a></dd>
                    <dd><i class="icon-home"></i>地址：威海市创新创业大厦2702</dd>
                </dl>]]></item>
				<item id="uid"><![CDATA[1]]></item>
				<item id="username"><![CDATA[admin]]></item>
				<item id="styleid"><![CDATA[0]]></item>
				<item id="blockstyle"><![CDATA[]]></item>
				<item id="picwidth"><![CDATA[0]]></item>
				<item id="picheight"><![CDATA[0]]></item>
				<item id="target"><![CDATA[blank]]></item>
				<item id="dateformat"><![CDATA[Y-m-d]]></item>
				<item id="dateuformat"><![CDATA[0]]></item>
				<item id="script"><![CDATA[blank]]></item>
				<item id="param">
					<item id="content"><![CDATA[<div class=\"deangzimg\"><img src=\"./template/dean_newpx_180112/deancss/list/banner.jpg\" width=\"300\" /></div>
                <div class=\"deangzinfo\">
                	<div class=\"deangzinfol\"><img src=\"./template/dean_newpx_180112/deancss/adt/weixin.jpg\" width=\"100\" /></div>
                    <div class=\"deangzinfor\"><h3>关注迪恩网络</h3><div class=\"clear\"></div><p>扫描关注,了解最新资讯</p></div>
                    <div class=\"clear\"></div>
                </div>
                <div class=\"clear\"></div>
                <ul>
                	<li><a href=\"#\" target=\"_blank\"><i class=\"icon-twitter\"></i>迪恩twitter</a></li>
                    <li><a href=\"#\" target=\"_blank\"><i class=\"icon-facebook\"></i>迪恩facebook</a></li>
                </ul>
                <div class=\"clear\"></div>
                <dl>
                	<dd><i class=\"icon-user\"></i>联系人：高经理</dd>
                    <dd><i class=\"icon-phone-sign\"></i>电话：15562103797</dd>
                    <dd><i class=\"icon-envelope\"></i><a href=\"mailto:3318850993@qq.com\">EMAIL：3318850993@qq.com</a></dd>
                    <dd><i class=\"icon-home\"></i>地址：威海市创新创业大厦2702</dd>
                </dl>]]></item>
					<item id="items"><![CDATA[10]]></item>
				</item>
				<item id="shownum"><![CDATA[10]]></item>
				<item id="cachetime"><![CDATA[0]]></item>
				<item id="cachetimerange"><![CDATA[0,0]]></item>
				<item id="punctualupdate"><![CDATA[0]]></item>
				<item id="hidedisplay"><![CDATA[0]]></item>
				<item id="dateline"><![CDATA[1516780805]]></item>
				<item id="notinherited"><![CDATA[0]]></item>
				<item id="isblank"><![CDATA[0]]></item>
			</item>
			<item id="495">
				<item id="bid"><![CDATA[495]]></item>
				<item id="blockclass"><![CDATA[forum_thread]]></item>
				<item id="blocktype"><![CDATA[0]]></item>
				<item id="name"><![CDATA[hot-tuwen]]></item>
				<item id="title"><![CDATA[]]></item>
				<item id="classname"><![CDATA[]]></item>
				<item id="summary"><![CDATA[]]></item>
				<item id="uid"><![CDATA[1]]></item>
				<item id="username"><![CDATA[admin]]></item>
				<item id="styleid"><![CDATA[165]]></item>
				<item id="blockstyle"><![CDATA[]]></item>
				<item id="picwidth"><![CDATA[130]]></item>
				<item id="picheight"><![CDATA[100]]></item>
				<item id="target"><![CDATA[blank]]></item>
				<item id="dateformat"><![CDATA[Y-m-d]]></item>
				<item id="dateuformat"><![CDATA[0]]></item>
				<item id="script"><![CDATA[threadnew]]></item>
				<item id="param">
					<item id="fids">
						<item id="0"><![CDATA[0]]></item>
					</item>
					<item id="special">
						<item id="0"><![CDATA[0]]></item>
					</item>
					<item id="viewmod"><![CDATA[0]]></item>
					<item id="rewardstatus"><![CDATA[0]]></item>
					<item id="picrequired"><![CDATA[1]]></item>
					<item id="orderby"><![CDATA[dateline]]></item>
					<item id="postdateline"><![CDATA[0]]></item>
					<item id="lastpost"><![CDATA[0]]></item>
					<item id="titlelength"><![CDATA[40]]></item>
					<item id="summarylength"><![CDATA[80]]></item>
					<item id="startrow"><![CDATA[0]]></item>
					<item id="items"><![CDATA[6]]></item>
				</item>
				<item id="shownum"><![CDATA[6]]></item>
				<item id="cachetime"><![CDATA[3600]]></item>
				<item id="cachetimerange"><![CDATA[]]></item>
				<item id="punctualupdate"><![CDATA[0]]></item>
				<item id="hidedisplay"><![CDATA[0]]></item>
				<item id="dateline"><![CDATA[1517670586]]></item>
				<item id="notinherited"><![CDATA[0]]></item>
				<item id="isblank"><![CDATA[0]]></item>
			</item>
			<item id="496">
				<item id="bid"><![CDATA[496]]></item>
				<item id="blockclass"><![CDATA[forum_thread]]></item>
				<item id="blocktype"><![CDATA[0]]></item>
				<item id="name"><![CDATA[hot-tie]]></item>
				<item id="title"><![CDATA[]]></item>
				<item id="classname"><![CDATA[]]></item>
				<item id="summary"><![CDATA[]]></item>
				<item id="uid"><![CDATA[1]]></item>
				<item id="username"><![CDATA[admin]]></item>
				<item id="styleid"><![CDATA[164]]></item>
				<item id="blockstyle"><![CDATA[]]></item>
				<item id="picwidth"><![CDATA[0]]></item>
				<item id="picheight"><![CDATA[0]]></item>
				<item id="target"><![CDATA[blank]]></item>
				<item id="dateformat"><![CDATA[Y-m-d]]></item>
				<item id="dateuformat"><![CDATA[0]]></item>
				<item id="script"><![CDATA[threadhot]]></item>
				<item id="param">
					<item id="fids">
						<item id="0"><![CDATA[0]]></item>
					</item>
					<item id="special">
						<item id="0"><![CDATA[0]]></item>
					</item>
					<item id="viewmod"><![CDATA[0]]></item>
					<item id="rewardstatus"><![CDATA[0]]></item>
					<item id="picrequired"><![CDATA[0]]></item>
					<item id="orderby"><![CDATA[views]]></item>
					<item id="postdateline"><![CDATA[0]]></item>
					<item id="lastpost"><![CDATA[0]]></item>
					<item id="titlelength"><![CDATA[40]]></item>
					<item id="summarylength"><![CDATA[80]]></item>
					<item id="items"><![CDATA[8]]></item>
				</item>
				<item id="shownum"><![CDATA[8]]></item>
				<item id="cachetime"><![CDATA[3600]]></item>
				<item id="cachetimerange"><![CDATA[]]></item>
				<item id="punctualupdate"><![CDATA[0]]></item>
				<item id="hidedisplay"><![CDATA[0]]></item>
				<item id="dateline"><![CDATA[1517451878]]></item>
				<item id="notinherited"><![CDATA[0]]></item>
				<item id="isblank"><![CDATA[0]]></item>
			</item>
			<item id="497">
				<item id="bid"><![CDATA[497]]></item>
				<item id="blockclass"><![CDATA[html_html]]></item>
				<item id="blocktype"><![CDATA[0]]></item>
				<item id="name"><![CDATA[ad]]></item>
				<item id="title"><![CDATA[]]></item>
				<item id="classname"><![CDATA[]]></item>
				<item id="summary"><![CDATA[<a href="#" target="_blank"><img src="./template/dean_newpx_180112/deancss/adt/ad5.jpg" width="300" /><i>300x180 AD</i></a>]]></item>
				<item id="uid"><![CDATA[1]]></item>
				<item id="username"><![CDATA[admin]]></item>
				<item id="styleid"><![CDATA[0]]></item>
				<item id="blockstyle"><![CDATA[]]></item>
				<item id="picwidth"><![CDATA[0]]></item>
				<item id="picheight"><![CDATA[0]]></item>
				<item id="target"><![CDATA[blank]]></item>
				<item id="dateformat"><![CDATA[Y-m-d]]></item>
				<item id="dateuformat"><![CDATA[0]]></item>
				<item id="script"><![CDATA[blank]]></item>
				<item id="param">
					<item id="content"><![CDATA[<a href=\"#\" target=\"_blank\"><img src=\"./template/dean_newpx_180112/deancss/adt/ad5.jpg\" width=\"300\" /><i>300x180 AD</i></a>]]></item>
					<item id="items"><![CDATA[10]]></item>
				</item>
				<item id="shownum"><![CDATA[10]]></item>
				<item id="cachetime"><![CDATA[0]]></item>
				<item id="cachetimerange"><![CDATA[0,0]]></item>
				<item id="punctualupdate"><![CDATA[0]]></item>
				<item id="hidedisplay"><![CDATA[0]]></item>
				<item id="dateline"><![CDATA[1516780805]]></item>
				<item id="notinherited"><![CDATA[0]]></item>
				<item id="isblank"><![CDATA[0]]></item>
			</item>
			<item id="498">
				<item id="bid"><![CDATA[498]]></item>
				<item id="blockclass"><![CDATA[member_member]]></item>
				<item id="blocktype"><![CDATA[0]]></item>
				<item id="name"><![CDATA[member]]></item>
				<item id="title"><![CDATA[]]></item>
				<item id="classname"><![CDATA[]]></item>
				<item id="summary"><![CDATA[]]></item>
				<item id="uid"><![CDATA[1]]></item>
				<item id="username"><![CDATA[admin]]></item>
				<item id="styleid"><![CDATA[163]]></item>
				<item id="blockstyle"><![CDATA[]]></item>
				<item id="picwidth"><![CDATA[55]]></item>
				<item id="picheight"><![CDATA[55]]></item>
				<item id="target"><![CDATA[blank]]></item>
				<item id="dateformat"><![CDATA[Y-m-d]]></item>
				<item id="dateuformat"><![CDATA[0]]></item>
				<item id="script"><![CDATA[memberposts]]></item>
				<item id="param">
					<item id="orderby"><![CDATA[threads]]></item>
					<item id="lastpost"><![CDATA[]]></item>
					<item id="startrow"><![CDATA[0]]></item>
					<item id="items"><![CDATA[5]]></item>
				</item>
				<item id="shownum"><![CDATA[5]]></item>
				<item id="cachetime"><![CDATA[3600]]></item>
				<item id="cachetimerange"><![CDATA[]]></item>
				<item id="punctualupdate"><![CDATA[0]]></item>
				<item id="hidedisplay"><![CDATA[0]]></item>
				<item id="dateline"><![CDATA[1517447276]]></item>
				<item id="notinherited"><![CDATA[0]]></item>
				<item id="isblank"><![CDATA[0]]></item>
			</item>
			<item id="499">
				<item id="bid"><![CDATA[499]]></item>
				<item id="blockclass"><![CDATA[forum_thread]]></item>
				<item id="blocktype"><![CDATA[0]]></item>
				<item id="name"><![CDATA[today]]></item>
				<item id="title"><![CDATA[]]></item>
				<item id="classname"><![CDATA[]]></item>
				<item id="summary"><![CDATA[]]></item>
				<item id="uid"><![CDATA[1]]></item>
				<item id="username"><![CDATA[admin]]></item>
				<item id="styleid"><![CDATA[166]]></item>
				<item id="blockstyle"><![CDATA[]]></item>
				<item id="picwidth"><![CDATA[100]]></item>
				<item id="picheight"><![CDATA[70]]></item>
				<item id="target"><![CDATA[blank]]></item>
				<item id="dateformat"><![CDATA[Y-m-d]]></item>
				<item id="dateuformat"><![CDATA[0]]></item>
				<item id="script"><![CDATA[threadnew]]></item>
				<item id="param">
					<item id="fids">
						<item id="0"><![CDATA[0]]></item>
					</item>
					<item id="special">
						<item id="0"><![CDATA[0]]></item>
					</item>
					<item id="viewmod"><![CDATA[0]]></item>
					<item id="rewardstatus"><![CDATA[0]]></item>
					<item id="picrequired"><![CDATA[1]]></item>
					<item id="orderby"><![CDATA[dateline]]></item>
					<item id="postdateline"><![CDATA[0]]></item>
					<item id="lastpost"><![CDATA[0]]></item>
					<item id="titlelength"><![CDATA[40]]></item>
					<item id="summarylength"><![CDATA[80]]></item>
					<item id="startrow"><![CDATA[0]]></item>
					<item id="items"><![CDATA[10]]></item>
				</item>
				<item id="shownum"><![CDATA[10]]></item>
				<item id="cachetime"><![CDATA[3600]]></item>
				<item id="cachetimerange"><![CDATA[]]></item>
				<item id="punctualupdate"><![CDATA[0]]></item>
				<item id="hidedisplay"><![CDATA[0]]></item>
				<item id="dateline"><![CDATA[1517670591]]></item>
				<item id="notinherited"><![CDATA[0]]></item>
				<item id="isblank"><![CDATA[0]]></item>
			</item>
			<item id="500">
				<item id="bid"><![CDATA[500]]></item>
				<item id="blockclass"><![CDATA[forum_thread]]></item>
				<item id="blocktype"><![CDATA[0]]></item>
				<item id="name"><![CDATA[week]]></item>
				<item id="title"><![CDATA[]]></item>
				<item id="classname"><![CDATA[]]></item>
				<item id="summary"><![CDATA[]]></item>
				<item id="uid"><![CDATA[1]]></item>
				<item id="username"><![CDATA[admin]]></item>
				<item id="styleid"><![CDATA[166]]></item>
				<item id="blockstyle"><![CDATA[]]></item>
				<item id="picwidth"><![CDATA[100]]></item>
				<item id="picheight"><![CDATA[70]]></item>
				<item id="target"><![CDATA[blank]]></item>
				<item id="dateformat"><![CDATA[Y-m-d]]></item>
				<item id="dateuformat"><![CDATA[0]]></item>
				<item id="script"><![CDATA[threadhot]]></item>
				<item id="param">
					<item id="fids">
						<item id="0"><![CDATA[0]]></item>
					</item>
					<item id="special">
						<item id="0"><![CDATA[0]]></item>
					</item>
					<item id="viewmod"><![CDATA[0]]></item>
					<item id="rewardstatus"><![CDATA[0]]></item>
					<item id="picrequired"><![CDATA[1]]></item>
					<item id="orderby"><![CDATA[views]]></item>
					<item id="postdateline"><![CDATA[0]]></item>
					<item id="lastpost"><![CDATA[0]]></item>
					<item id="titlelength"><![CDATA[40]]></item>
					<item id="summarylength"><![CDATA[80]]></item>
					<item id="items"><![CDATA[10]]></item>
				</item>
				<item id="shownum"><![CDATA[10]]></item>
				<item id="cachetime"><![CDATA[3600]]></item>
				<item id="cachetimerange"><![CDATA[]]></item>
				<item id="punctualupdate"><![CDATA[0]]></item>
				<item id="hidedisplay"><![CDATA[0]]></item>
				<item id="dateline"><![CDATA[1516787564]]></item>
				<item id="notinherited"><![CDATA[0]]></item>
				<item id="isblank"><![CDATA[0]]></item>
			</item>
			<item id="501">
				<item id="bid"><![CDATA[501]]></item>
				<item id="blockclass"><![CDATA[forum_thread]]></item>
				<item id="blocktype"><![CDATA[0]]></item>
				<item id="name"><![CDATA[month]]></item>
				<item id="title"><![CDATA[]]></item>
				<item id="classname"><![CDATA[]]></item>
				<item id="summary"><![CDATA[]]></item>
				<item id="uid"><![CDATA[1]]></item>
				<item id="username"><![CDATA[admin]]></item>
				<item id="styleid"><![CDATA[166]]></item>
				<item id="blockstyle"><![CDATA[]]></item>
				<item id="picwidth"><![CDATA[100]]></item>
				<item id="picheight"><![CDATA[70]]></item>
				<item id="target"><![CDATA[blank]]></item>
				<item id="dateformat"><![CDATA[Y-m-d]]></item>
				<item id="dateuformat"><![CDATA[0]]></item>
				<item id="script"><![CDATA[threadnew]]></item>
				<item id="param">
					<item id="fids">
						<item id="0"><![CDATA[0]]></item>
					</item>
					<item id="special">
						<item id="0"><![CDATA[0]]></item>
					</item>
					<item id="viewmod"><![CDATA[0]]></item>
					<item id="rewardstatus"><![CDATA[0]]></item>
					<item id="picrequired"><![CDATA[1]]></item>
					<item id="orderby"><![CDATA[dateline]]></item>
					<item id="postdateline"><![CDATA[0]]></item>
					<item id="lastpost"><![CDATA[0]]></item>
					<item id="titlelength"><![CDATA[40]]></item>
					<item id="summarylength"><![CDATA[80]]></item>
					<item id="startrow"><![CDATA[0]]></item>
					<item id="items"><![CDATA[10]]></item>
				</item>
				<item id="shownum"><![CDATA[10]]></item>
				<item id="cachetime"><![CDATA[3600]]></item>
				<item id="cachetimerange"><![CDATA[]]></item>
				<item id="punctualupdate"><![CDATA[0]]></item>
				<item id="hidedisplay"><![CDATA[0]]></item>
				<item id="dateline"><![CDATA[1517445563]]></item>
				<item id="notinherited"><![CDATA[0]]></item>
				<item id="isblank"><![CDATA[0]]></item>
			</item>
		</item>
		<item id="style">
			<item id="163">
				<item id="styleid"><![CDATA[163]]></item>
				<item id="blockclass"><![CDATA[member_member]]></item>
				<item id="name"><![CDATA[dean-wlnet-authors]]></item>
				<item id="template">
					<item id="raw"><![CDATA[[loop]
					<li class="deanauthorli{currentorder}">
                    	<div class="deanzzimg deanxz"><a href="{url}" target="_blank"><img src="{avatar_middle}" width="{picwidth}" height="{picheight}" /><span title="作者发布{threads}篇主题">{threads}</span></a></div>
                        <div class="deanzzinfo">
                        	<h3><a href="{url}"{target}>{title}</a></h3>
                            <div class="clear"></div>
                            <div class="deanzzjss">
                            	{bio}
                            </div>
                        </div>
                        <div class="clear"></div>
                    </li>
					[/loop]]]></item>
					<item id="footer"><![CDATA[]]></item>
					<item id="header"><![CDATA[]]></item>
					<item id="indexplus"><![CDATA[
					]]></item>
					<item id="index"><![CDATA[
					]]></item>
					<item id="orderplus"><![CDATA[
					]]></item>
					<item id="order"><![CDATA[
					]]></item>
					<item id="loopplus"><![CDATA[
					]]></item>
					<item id="loop"><![CDATA[<li class="deanauthorli{currentorder}">
                    	<div class="deanzzimg deanxz"><a href="{url}" target="_blank"><img src="{avatar_middle}" width="{picwidth}" height="{picheight}" /><span title="作者发布{threads}篇主题">{threads}</span></a></div>
                        <div class="deanzzinfo">
                        	<h3><a href="{url}"{target}>{title}</a></h3>
                            <div class="clear"></div>
                            <div class="deanzzjss">
                            	{bio}
                            </div>
                        </div>
                        <div class="clear"></div>
                    </li>]]></item>
				</item>
				<item id="hash"><![CDATA[71b5bad1]]></item>
				<item id="getpic"><![CDATA[0]]></item>
				<item id="getsummary"><![CDATA[0]]></item>
				<item id="makethumb"><![CDATA[1]]></item>
				<item id="settarget"><![CDATA[1]]></item>
				<item id="fields">
					<item id="0"><![CDATA[currentorder]]></item>
					<item id="1"><![CDATA[url]]></item>
					<item id="2"><![CDATA[avatar_middle]]></item>
					<item id="3"><![CDATA[threads]]></item>
					<item id="4"><![CDATA[title]]></item>
					<item id="5"><![CDATA[bio]]></item>
				</item>
				<item id="moreurl"><![CDATA[0]]></item>
			</item>
			<item id="164">
				<item id="styleid"><![CDATA[164]]></item>
				<item id="blockclass"><![CDATA[forum_thread]]></item>
				<item id="name"><![CDATA[dean-wlnet-forum-hotlist]]></item>
				<item id="template">
					<item id="raw"><![CDATA[[loop]
<li><a href="{forumurl}" target="_blank" class="deantypenamest">{forumname}</a><a href="{url}" target="_blank" class="deanhotlia">{title}</a><div class="clear"></div></li>
[/loop]]]></item>
					<item id="footer"><![CDATA[]]></item>
					<item id="header"><![CDATA[]]></item>
					<item id="indexplus"><![CDATA[
					]]></item>
					<item id="index"><![CDATA[
					]]></item>
					<item id="orderplus"><![CDATA[
					]]></item>
					<item id="order"><![CDATA[
					]]></item>
					<item id="loopplus"><![CDATA[
					]]></item>
					<item id="loop"><![CDATA[<li><a href="{forumurl}" target="_blank" class="deantypenamest">{forumname}</a><a href="{url}" target="_blank" class="deanhotlia">{title}</a><div class="clear"></div></li>]]></item>
				</item>
				<item id="hash"><![CDATA[63e8dc4e]]></item>
				<item id="getpic"><![CDATA[0]]></item>
				<item id="getsummary"><![CDATA[0]]></item>
				<item id="makethumb"><![CDATA[0]]></item>
				<item id="settarget"><![CDATA[0]]></item>
				<item id="fields">
					<item id="0"><![CDATA[forumurl]]></item>
					<item id="1"><![CDATA[forumname]]></item>
					<item id="2"><![CDATA[url]]></item>
					<item id="3"><![CDATA[title]]></item>
				</item>
				<item id="moreurl"><![CDATA[0]]></item>
			</item>
			<item id="165">
				<item id="styleid"><![CDATA[165]]></item>
				<item id="blockclass"><![CDATA[forum_thread]]></item>
				<item id="name"><![CDATA[dean-wlnet-forum-topic]]></item>
				<item id="template">
					<item id="raw"><![CDATA[[loop]
<li><a href="{url}" target="_blank"><img src="{pic}" width="{picwidth}" height="{picheight}" /><div class="deanspanbg"><span>{title}</span></div></a></li>
[/loop]]]></item>
					<item id="footer"><![CDATA[]]></item>
					<item id="header"><![CDATA[]]></item>
					<item id="indexplus"><![CDATA[
					]]></item>
					<item id="index"><![CDATA[
					]]></item>
					<item id="orderplus"><![CDATA[
					]]></item>
					<item id="order"><![CDATA[
					]]></item>
					<item id="loopplus"><![CDATA[
					]]></item>
					<item id="loop"><![CDATA[<li><a href="{url}" target="_blank"><img src="{pic}" width="{picwidth}" height="{picheight}" /><div class="deanspanbg"><span>{title}</span></div></a></li>]]></item>
				</item>
				<item id="hash"><![CDATA[ddf3978a]]></item>
				<item id="getpic"><![CDATA[1]]></item>
				<item id="getsummary"><![CDATA[0]]></item>
				<item id="makethumb"><![CDATA[1]]></item>
				<item id="settarget"><![CDATA[0]]></item>
				<item id="fields">
					<item id="0"><![CDATA[url]]></item>
					<item id="1"><![CDATA[pic]]></item>
					<item id="2"><![CDATA[title]]></item>
				</item>
				<item id="moreurl"><![CDATA[0]]></item>
			</item>
			<item id="166">
				<item id="styleid"><![CDATA[166]]></item>
				<item id="blockclass"><![CDATA[forum_thread]]></item>
				<item id="name"><![CDATA[dean-wlnet-forum-ranklist]]></item>
				<item id="template">
					<item id="raw"><![CDATA[[loop]
[order=1]
<li class="deanrankli{currentorder}">
                            <div class="deanranktit"><span>{currentorder}</span><h3><a href="{url}" target="_blank">{title}</a></h3><div class="clear"></div></div>
                            <div class="clear"></div>
                            <div class="deanrankinfost" style="display:block;">
                            	<div class="deanrankinfoimg"><a href="{url}" target="_blank"><img src="{pic}" width="{picwidth}" height="{picheight}" /></a></div>
                                <div class="deanrankinfor">
                                	<div class="deanranksummary">{summary}</div>
                                    <div class="deanranknums"><span><i class="icon-eye-open"></i>{views}</span><em></em><span><i class="icon-comments-alt"></i>{replies}</span></div>
                                </div>
				<div class="clear"></div>
                            </div>
                        </li>
[/order]
<li class="deanrankli{currentorder}">
                            <div class="deanranktit"><span>{currentorder}</span><h3><a href="{url}" target="_blank">{title}</a></h3><div class="clear"></div></div>
                            <div class="clear"></div>
                            <div class="deanrankinfost">
                            	<div class="deanrankinfoimg"><a href="{url}" target="_blank"><img src="{pic}" width="{picwidth}" height="{picheight}" /></a></div>
                                <div class="deanrankinfor">
                                	<div class="deanranksummary">{summary}</div>
                                    <div class="deanranknums"><span><i class="icon-eye-open"></i>{views}</span><em></em><span><i class="icon-comments-alt"></i>{replies}</span></div>
                                </div>
				<div class="clear"></div>
                            </div>
                        </li>
[/loop]]]></item>
					<item id="footer"><![CDATA[]]></item>
					<item id="header"><![CDATA[]]></item>
					<item id="indexplus"><![CDATA[
					]]></item>
					<item id="index"><![CDATA[
					]]></item>
					<item id="orderplus"><![CDATA[
					]]></item>
					<item id="order">
						<item id="1"><![CDATA[<li class="deanrankli{currentorder}">
                            <div class="deanranktit"><span>{currentorder}</span><h3><a href="{url}" target="_blank">{title}</a></h3><div class="clear"></div></div>
                            <div class="clear"></div>
                            <div class="deanrankinfost" style="display:block;">
                            	<div class="deanrankinfoimg"><a href="{url}" target="_blank"><img src="{pic}" width="{picwidth}" height="{picheight}" /></a></div>
                                <div class="deanrankinfor">
                                	<div class="deanranksummary">{summary}</div>
                                    <div class="deanranknums"><span><i class="icon-eye-open"></i>{views}</span><em></em><span><i class="icon-comments-alt"></i>{replies}</span></div>
                                </div>
				<div class="clear"></div>
                            </div>
                        </li>]]></item>
					</item>
					<item id="loopplus"><![CDATA[
					]]></item>
					<item id="loop"><![CDATA[[order=1]
<li class="deanrankli{currentorder}">
                            <div class="deanranktit"><span>{currentorder}</span><h3><a href="{url}" target="_blank">{title}</a></h3><div class="clear"></div></div>
                            <div class="clear"></div>
                            <div class="deanrankinfost" style="display:block;">
                            	<div class="deanrankinfoimg"><a href="{url}" target="_blank"><img src="{pic}" width="{picwidth}" height="{picheight}" /></a></div>
                                <div class="deanrankinfor">
                                	<div class="deanranksummary">{summary}</div>
                                    <div class="deanranknums"><span><i class="icon-eye-open"></i>{views}</span><em></em><span><i class="icon-comments-alt"></i>{replies}</span></div>
                                </div>
				<div class="clear"></div>
                            </div>
                        </li>
[/order]
<li class="deanrankli{currentorder}">
                            <div class="deanranktit"><span>{currentorder}</span><h3><a href="{url}" target="_blank">{title}</a></h3><div class="clear"></div></div>
                            <div class="clear"></div>
                            <div class="deanrankinfost">
                            	<div class="deanrankinfoimg"><a href="{url}" target="_blank"><img src="{pic}" width="{picwidth}" height="{picheight}" /></a></div>
                                <div class="deanrankinfor">
                                	<div class="deanranksummary">{summary}</div>
                                    <div class="deanranknums"><span><i class="icon-eye-open"></i>{views}</span><em></em><span><i class="icon-comments-alt"></i>{replies}</span></div>
                                </div>
				<div class="clear"></div>
                            </div>
                        </li>]]></item>
				</item>
				<item id="hash"><![CDATA[df77d2d4]]></item>
				<item id="getpic"><![CDATA[1]]></item>
				<item id="getsummary"><![CDATA[1]]></item>
				<item id="makethumb"><![CDATA[1]]></item>
				<item id="settarget"><![CDATA[0]]></item>
				<item id="fields">
					<item id="0"><![CDATA[currentorder]]></item>
					<item id="1"><![CDATA[url]]></item>
					<item id="2"><![CDATA[title]]></item>
					<item id="3"><![CDATA[pic]]></item>
					<item id="4"><![CDATA[summary]]></item>
					<item id="5"><![CDATA[views]]></item>
					<item id="6"><![CDATA[replies]]></item>
				</item>
				<item id="moreurl"><![CDATA[0]]></item>
			</item>
		</item>
	</item>
</root>