<?xml version="1.0" encoding="ISO-8859-1"?>
<root>
	<item id="spacecss"><![CDATA[]]></item>
	<item id="layoutdata">
		<item id="nex_RK_btm_top1"><![CDATA[]]></item>
		<item id="nex_sort_read_list2"><![CDATA[]]></item>
		<item id="nex_sucai_grids">
			<item id="frame`frameg95552">
				<item id="attr">
					<item id="name"><![CDATA[frameg95552]]></item>
					<item id="moveable"><![CDATA[true]]></item>
					<item id="className"><![CDATA[frame move-span cl frame-1]]></item>
					<item id="titles"><![CDATA[]]></item>
				</item>
				<item id="column`frameg95552_left">
					<item id="attr">
						<item id="name"><![CDATA[frameg95552_left]]></item>
						<item id="className"><![CDATA[column frame-1-c]]></item>
					</item>
					<item id="block`portal_block_320">
						<item id="attr">
							<item id="name"><![CDATA[portal_block_320]]></item>
							<item id="className"><![CDATA[block move-span]]></item>
							<item id="titles"><![CDATA[]]></item>
						</item>
					</item>
				</item>
			</item>
		</item>
		<item id="nex_sucai_grids2">
			<item id="frame`frame4G48lP">
				<item id="attr">
					<item id="name"><![CDATA[frame4G48lP]]></item>
					<item id="moveable"><![CDATA[true]]></item>
					<item id="className"><![CDATA[frame move-span cl frame-1]]></item>
					<item id="titles"><![CDATA[]]></item>
				</item>
				<item id="column`frame4G48lP_left">
					<item id="attr">
						<item id="name"><![CDATA[frame4G48lP_left]]></item>
						<item id="className"><![CDATA[column frame-1-c]]></item>
					</item>
					<item id="block`portal_block_321">
						<item id="attr">
							<item id="name"><![CDATA[portal_block_321]]></item>
							<item id="className"><![CDATA[block move-span]]></item>
							<item id="titles"><![CDATA[]]></item>
						</item>
					</item>
				</item>
			</item>
		</item>
		<item id="nex_sucai_grids3">
			<item id="frame`framew1Ih45">
				<item id="attr">
					<item id="name"><![CDATA[framew1Ih45]]></item>
					<item id="moveable"><![CDATA[true]]></item>
					<item id="className"><![CDATA[frame move-span cl frame-1]]></item>
					<item id="titles"><![CDATA[]]></item>
				</item>
				<item id="column`framew1Ih45_left">
					<item id="attr">
						<item id="name"><![CDATA[framew1Ih45_left]]></item>
						<item id="className"><![CDATA[column frame-1-c]]></item>
					</item>
					<item id="block`portal_block_322">
						<item id="attr">
							<item id="name"><![CDATA[portal_block_322]]></item>
							<item id="className"><![CDATA[block move-span]]></item>
							<item id="titles"><![CDATA[]]></item>
						</item>
					</item>
				</item>
			</item>
		</item>
		<item id="nex_sucai_grids4">
			<item id="frame`frame7d9323">
				<item id="attr">
					<item id="name"><![CDATA[frame7d9323]]></item>
					<item id="moveable"><![CDATA[true]]></item>
					<item id="className"><![CDATA[frame move-span cl frame-1]]></item>
					<item id="titles"><![CDATA[]]></item>
				</item>
				<item id="column`frame7d9323_left">
					<item id="attr">
						<item id="name"><![CDATA[frame7d9323_left]]></item>
						<item id="className"><![CDATA[column frame-1-c]]></item>
					</item>
					<item id="block`portal_block_323">
						<item id="attr">
							<item id="name"><![CDATA[portal_block_323]]></item>
							<item id="className"><![CDATA[block move-span]]></item>
							<item id="titles"><![CDATA[]]></item>
						</item>
					</item>
				</item>
			</item>
		</item>
		<item id="nex_sucai_grids5">
			<item id="frame`frameG8Zr67">
				<item id="attr">
					<item id="name"><![CDATA[frameG8Zr67]]></item>
					<item id="moveable"><![CDATA[true]]></item>
					<item id="className"><![CDATA[frame move-span cl frame-1]]></item>
					<item id="titles"><![CDATA[]]></item>
				</item>
				<item id="column`frameG8Zr67_left">
					<item id="attr">
						<item id="name"><![CDATA[frameG8Zr67_left]]></item>
						<item id="className"><![CDATA[column frame-1-c]]></item>
					</item>
					<item id="block`portal_block_324">
						<item id="attr">
							<item id="name"><![CDATA[portal_block_324]]></item>
							<item id="className"><![CDATA[block move-span]]></item>
							<item id="titles"><![CDATA[]]></item>
						</item>
					</item>
				</item>
			</item>
		</item>
		<item id="nex_sucai_grids0">
			<item id="frame`frame39YD4g">
				<item id="attr">
					<item id="name"><![CDATA[frame39YD4g]]></item>
					<item id="moveable"><![CDATA[true]]></item>
					<item id="className"><![CDATA[frame move-span cl frame-1]]></item>
					<item id="titles"><![CDATA[]]></item>
				</item>
				<item id="column`frame39YD4g_left">
					<item id="attr">
						<item id="name"><![CDATA[frame39YD4g_left]]></item>
						<item id="className"><![CDATA[column frame-1-c]]></item>
					</item>
					<item id="block`portal_block_328">
						<item id="attr">
							<item id="name"><![CDATA[portal_block_328]]></item>
							<item id="className"><![CDATA[block move-span]]></item>
							<item id="titles"><![CDATA[]]></item>
						</item>
					</item>
				</item>
			</item>
		</item>
		<item id="nex_sucai_grids6">
			<item id="frame`frameN6X8oH">
				<item id="attr">
					<item id="name"><![CDATA[frameN6X8oH]]></item>
					<item id="moveable"><![CDATA[true]]></item>
					<item id="className"><![CDATA[frame move-span cl frame-1]]></item>
					<item id="titles"><![CDATA[]]></item>
				</item>
				<item id="column`frameN6X8oH_left">
					<item id="attr">
						<item id="name"><![CDATA[frameN6X8oH_left]]></item>
						<item id="className"><![CDATA[column frame-1-c]]></item>
					</item>
					<item id="block`portal_block_325">
						<item id="attr">
							<item id="name"><![CDATA[portal_block_325]]></item>
							<item id="className"><![CDATA[block move-span]]></item>
							<item id="titles"><![CDATA[]]></item>
						</item>
					</item>
				</item>
			</item>
		</item>
		<item id="nex_sucai_grids7">
			<item id="frame`frame483T8P">
				<item id="attr">
					<item id="name"><![CDATA[frame483T8P]]></item>
					<item id="moveable"><![CDATA[true]]></item>
					<item id="className"><![CDATA[frame move-span cl frame-1]]></item>
					<item id="titles"><![CDATA[]]></item>
				</item>
				<item id="column`frame483T8P_left">
					<item id="attr">
						<item id="name"><![CDATA[frame483T8P_left]]></item>
						<item id="className"><![CDATA[column frame-1-c]]></item>
					</item>
					<item id="block`portal_block_326">
						<item id="attr">
							<item id="name"><![CDATA[portal_block_326]]></item>
							<item id="className"><![CDATA[block move-span]]></item>
							<item id="titles"><![CDATA[]]></item>
						</item>
					</item>
				</item>
			</item>
		</item>
		<item id="nex_sucai_grids8">
			<item id="frame`frame28rCu1">
				<item id="attr">
					<item id="name"><![CDATA[frame28rCu1]]></item>
					<item id="moveable"><![CDATA[true]]></item>
					<item id="className"><![CDATA[frame move-span cl frame-1]]></item>
					<item id="titles"><![CDATA[]]></item>
				</item>
				<item id="column`frame28rCu1_left">
					<item id="attr">
						<item id="name"><![CDATA[frame28rCu1_left]]></item>
						<item id="className"><![CDATA[column frame-1-c]]></item>
					</item>
					<item id="block`portal_block_327">
						<item id="attr">
							<item id="name"><![CDATA[portal_block_327]]></item>
							<item id="className"><![CDATA[block move-span]]></item>
							<item id="titles"><![CDATA[]]></item>
						</item>
					</item>
				</item>
			</item>
		</item>
		<item id="nex_RK_btm_top">
			<item id="frame`frameH52TO2">
				<item id="attr">
					<item id="name"><![CDATA[frameH52TO2]]></item>
					<item id="moveable"><![CDATA[true]]></item>
					<item id="className"><![CDATA[frame move-span cl frame-1]]></item>
					<item id="titles"><![CDATA[]]></item>
				</item>
				<item id="column`frameH52TO2_left">
					<item id="attr">
						<item id="name"><![CDATA[frameH52TO2_left]]></item>
						<item id="className"><![CDATA[column frame-1-c]]></item>
					</item>
					<item id="block`portal_block_319">
						<item id="attr">
							<item id="name"><![CDATA[portal_block_319]]></item>
							<item id="className"><![CDATA[block move-span]]></item>
							<item id="titles"><![CDATA[]]></item>
						</item>
					</item>
				</item>
			</item>
		</item>
	</item>
	<item id="blockdata">
		<item id="block">
			<item id="319">
				<item id="bid"><![CDATA[319]]></item>
				<item id="blockclass"><![CDATA[html_html]]></item>
				<item id="blocktype"><![CDATA[0]]></item>
				<item id="name"><![CDATA[排行榜底部]]></item>
				<item id="title"><![CDATA[]]></item>
				<item id="classname"><![CDATA[]]></item>
				<item id="summary"><![CDATA[<li>
                	<em class="nex_RK_btm_icon1"></em>
                    <h5>正版承诺</h5>
                    <p>拒绝盗版，侵权赔付最高无限额</p>
                </li>
                <li>
                	<em class="nex_RK_btm_icon2"></em>
                    <h5>版权保障 商用无忧</h5>
                    <p>对全站所有素材均拥有版权</p>
                </li>
                <li>
                	<em class="nex_RK_btm_icon3"></em>
                    <h5>授权证书 在线获取</h5>
                    <p>在线生成授权证书<br>企业商用不受时间、次数限制</p>
                </li>
                <li>
                	<em class="nex_RK_btm_icon4"></em>
                    <h5>全天候 贴心服务</h5>
                    <p>发票支持，报销无忧<br>团队协作，多人使用，云端共享</p>
                </li>]]></item>
				<item id="uid"><![CDATA[1]]></item>
				<item id="username"><![CDATA[admin]]></item>
				<item id="styleid"><![CDATA[0]]></item>
				<item id="blockstyle"><![CDATA[]]></item>
				<item id="picwidth"><![CDATA[0]]></item>
				<item id="picheight"><![CDATA[0]]></item>
				<item id="target"><![CDATA[blank]]></item>
				<item id="dateformat"><![CDATA[Y-m-d]]></item>
				<item id="dateuformat"><![CDATA[0]]></item>
				<item id="script"><![CDATA[blank]]></item>
				<item id="param">
					<item id="content"><![CDATA[<li>
                	<em class=\"nex_RK_btm_icon1\"></em>
                    <h5>正版承诺</h5>
                    <p>拒绝盗版，侵权赔付最高无限额</p>
                </li>
                <li>
                	<em class=\"nex_RK_btm_icon2\"></em>
                    <h5>版权保障 商用无忧</h5>
                    <p>对全站所有素材均拥有版权</p>
                </li>
                <li>
                	<em class=\"nex_RK_btm_icon3\"></em>
                    <h5>授权证书 在线获取</h5>
                    <p>在线生成授权证书<br>企业商用不受时间、次数限制</p>
                </li>
                <li>
                	<em class=\"nex_RK_btm_icon4\"></em>
                    <h5>全天候 贴心服务</h5>
                    <p>发票支持，报销无忧<br>团队协作，多人使用，云端共享</p>
                </li>]]></item>
					<item id="items"><![CDATA[10]]></item>
				</item>
				<item id="shownum"><![CDATA[10]]></item>
				<item id="cachetime"><![CDATA[3600]]></item>
				<item id="cachetimerange"><![CDATA[]]></item>
				<item id="punctualupdate"><![CDATA[0]]></item>
				<item id="hidedisplay"><![CDATA[0]]></item>
				<item id="dateline"><![CDATA[1568107788]]></item>
				<item id="notinherited"><![CDATA[0]]></item>
				<item id="isblank"><![CDATA[0]]></item>
			</item>
			<item id="320">
				<item id="bid"><![CDATA[320]]></item>
				<item id="blockclass"><![CDATA[forum_thread]]></item>
				<item id="blocktype"><![CDATA[0]]></item>
				<item id="name"><![CDATA[HTML模板下载排行]]></item>
				<item id="title"><![CDATA[]]></item>
				<item id="classname"><![CDATA[]]></item>
				<item id="summary"><![CDATA[]]></item>
				<item id="uid"><![CDATA[1]]></item>
				<item id="username"><![CDATA[admin]]></item>
				<item id="styleid"><![CDATA[0]]></item>
				<item id="blockstyle">
					<item id="name"><![CDATA[]]></item>
					<item id="blockclass"><![CDATA[forum_thread]]></item>
					<item id="makethumb"><![CDATA[0]]></item>
					<item id="getpic"><![CDATA[1]]></item>
					<item id="getsummary"><![CDATA[0]]></item>
					<item id="settarget"><![CDATA[1]]></item>
					<item id="moreurl"><![CDATA[0]]></item>
					<item id="fields">
						<item id="0"><![CDATA[url]]></item>
						<item id="1"><![CDATA[pic]]></item>
						<item id="2"><![CDATA[title]]></item>
					</item>
					<item id="template">
						<item id="raw"><![CDATA[[loop]
<li>
                    	<div class="nex_sc_grid_inner">
                        	<div class="nex_sc_img">
                            	<a href="{url}" target="_blank" style="background:url({pic}) center no-repeat; background-size:cover;"></a>
                            </div>
                            <div class="nex_sc_inters">
                            	<h5><a href="{url}"{target}>{title}</a></h5>
                               
                            </div>
                        </div>
                    </li>
[/loop]]]></item>
						<item id="footer"><![CDATA[]]></item>
						<item id="header"><![CDATA[]]></item>
						<item id="indexplus">
						</item>
						<item id="index">
						</item>
						<item id="orderplus">
						</item>
						<item id="order">
						</item>
						<item id="loopplus">
						</item>
						<item id="loop"><![CDATA[<li>
                    	<div class="nex_sc_grid_inner">
                        	<div class="nex_sc_img">
                            	<a href="{url}" target="_blank" style="background:url({pic}) center no-repeat; background-size:cover;"></a>
                            </div>
                            <div class="nex_sc_inters">
                            	<h5><a href="{url}"{target}>{title}</a></h5>
                               
                            </div>
                        </div>
                    </li>]]></item>
					</item>
					<item id="hash"><![CDATA[f14f8db4]]></item>
				</item>
				<item id="picwidth"><![CDATA[0]]></item>
				<item id="picheight"><![CDATA[0]]></item>
				<item id="target"><![CDATA[blank]]></item>
				<item id="dateformat"><![CDATA[Y-m-d]]></item>
				<item id="dateuformat"><![CDATA[0]]></item>
				<item id="script"><![CDATA[thread]]></item>
				<item id="param">
					<item id="tids"><![CDATA[]]></item>
					<item id="uids"><![CDATA[]]></item>
					<item id="keyword"><![CDATA[]]></item>
					<item id="tagkeyword"><![CDATA[]]></item>
					<item id="fids">
						<item id="0"><![CDATA[2]]></item>
					</item>
					<item id="typeids"><![CDATA[]]></item>
					<item id="reply"><![CDATA[0]]></item>
					<item id="recommend"><![CDATA[0]]></item>
					<item id="special">
						<item id="0"><![CDATA[0]]></item>
					</item>
					<item id="viewmod"><![CDATA[0]]></item>
					<item id="rewardstatus"><![CDATA[0]]></item>
					<item id="picrequired"><![CDATA[1]]></item>
					<item id="orderby"><![CDATA[views]]></item>
					<item id="postdateline"><![CDATA[0]]></item>
					<item id="lastpost"><![CDATA[0]]></item>
					<item id="highlight"><![CDATA[0]]></item>
					<item id="titlelength"><![CDATA[40]]></item>
					<item id="summarylength"><![CDATA[80]]></item>
					<item id="startrow"><![CDATA[0]]></item>
					<item id="items"><![CDATA[10]]></item>
				</item>
				<item id="shownum"><![CDATA[10]]></item>
				<item id="cachetime"><![CDATA[3600]]></item>
				<item id="cachetimerange"><![CDATA[]]></item>
				<item id="punctualupdate"><![CDATA[0]]></item>
				<item id="hidedisplay"><![CDATA[0]]></item>
				<item id="dateline"><![CDATA[1568103429]]></item>
				<item id="notinherited"><![CDATA[0]]></item>
				<item id="isblank"><![CDATA[0]]></item>
			</item>
			<item id="321">
				<item id="bid"><![CDATA[321]]></item>
				<item id="blockclass"><![CDATA[forum_thread]]></item>
				<item id="blocktype"><![CDATA[0]]></item>
				<item id="name"><![CDATA[ppt]]></item>
				<item id="title"><![CDATA[]]></item>
				<item id="classname"><![CDATA[]]></item>
				<item id="summary"><![CDATA[]]></item>
				<item id="uid"><![CDATA[1]]></item>
				<item id="username"><![CDATA[admin]]></item>
				<item id="styleid"><![CDATA[0]]></item>
				<item id="blockstyle">
					<item id="name"><![CDATA[]]></item>
					<item id="blockclass"><![CDATA[forum_thread]]></item>
					<item id="makethumb"><![CDATA[0]]></item>
					<item id="getpic"><![CDATA[1]]></item>
					<item id="getsummary"><![CDATA[0]]></item>
					<item id="settarget"><![CDATA[1]]></item>
					<item id="moreurl"><![CDATA[0]]></item>
					<item id="fields">
						<item id="0"><![CDATA[url]]></item>
						<item id="1"><![CDATA[pic]]></item>
						<item id="2"><![CDATA[title]]></item>
					</item>
					<item id="template">
						<item id="raw"><![CDATA[[loop]
<li>
                    	<div class="nex_sc_grid_inner">
                        	<div class="nex_sc_img nex_sc_img_ppt">
                            	<a href="{url}" target="_blank" style="background:url({pic}) center no-repeat; background-size:cover;"></a>
                            </div>
                            <div class="nex_sc_inters">
                            	<h5><a href="{url}"{target}>{title}</a></h5>
                               
                            </div>
                        </div>
                    </li>
[/loop]]]></item>
						<item id="footer"><![CDATA[]]></item>
						<item id="header"><![CDATA[]]></item>
						<item id="indexplus">
						</item>
						<item id="index">
						</item>
						<item id="orderplus">
						</item>
						<item id="order">
						</item>
						<item id="loopplus">
						</item>
						<item id="loop"><![CDATA[<li>
                    	<div class="nex_sc_grid_inner">
                        	<div class="nex_sc_img nex_sc_img_ppt">
                            	<a href="{url}" target="_blank" style="background:url({pic}) center no-repeat; background-size:cover;"></a>
                            </div>
                            <div class="nex_sc_inters">
                            	<h5><a href="{url}"{target}>{title}</a></h5>
                               
                            </div>
                        </div>
                    </li>]]></item>
					</item>
					<item id="hash"><![CDATA[c487d7b6]]></item>
				</item>
				<item id="picwidth"><![CDATA[0]]></item>
				<item id="picheight"><![CDATA[0]]></item>
				<item id="target"><![CDATA[blank]]></item>
				<item id="dateformat"><![CDATA[Y-m-d]]></item>
				<item id="dateuformat"><![CDATA[0]]></item>
				<item id="script"><![CDATA[thread]]></item>
				<item id="param">
					<item id="tids"><![CDATA[]]></item>
					<item id="uids"><![CDATA[]]></item>
					<item id="keyword"><![CDATA[]]></item>
					<item id="tagkeyword"><![CDATA[]]></item>
					<item id="fids">
						<item id="0"><![CDATA[37]]></item>
					</item>
					<item id="typeids"><![CDATA[]]></item>
					<item id="reply"><![CDATA[0]]></item>
					<item id="recommend"><![CDATA[0]]></item>
					<item id="special">
						<item id="0"><![CDATA[0]]></item>
					</item>
					<item id="viewmod"><![CDATA[0]]></item>
					<item id="rewardstatus"><![CDATA[0]]></item>
					<item id="picrequired"><![CDATA[1]]></item>
					<item id="orderby"><![CDATA[views]]></item>
					<item id="postdateline"><![CDATA[0]]></item>
					<item id="lastpost"><![CDATA[0]]></item>
					<item id="highlight"><![CDATA[0]]></item>
					<item id="titlelength"><![CDATA[40]]></item>
					<item id="summarylength"><![CDATA[80]]></item>
					<item id="startrow"><![CDATA[0]]></item>
					<item id="items"><![CDATA[10]]></item>
				</item>
				<item id="shownum"><![CDATA[10]]></item>
				<item id="cachetime"><![CDATA[3600]]></item>
				<item id="cachetimerange"><![CDATA[]]></item>
				<item id="punctualupdate"><![CDATA[0]]></item>
				<item id="hidedisplay"><![CDATA[0]]></item>
				<item id="dateline"><![CDATA[1568103571]]></item>
				<item id="notinherited"><![CDATA[0]]></item>
				<item id="isblank"><![CDATA[0]]></item>
			</item>
			<item id="322">
				<item id="bid"><![CDATA[322]]></item>
				<item id="blockclass"><![CDATA[forum_thread]]></item>
				<item id="blocktype"><![CDATA[0]]></item>
				<item id="name"><![CDATA[设计元素PNG素材下载排行]]></item>
				<item id="title"><![CDATA[]]></item>
				<item id="classname"><![CDATA[]]></item>
				<item id="summary"><![CDATA[]]></item>
				<item id="uid"><![CDATA[1]]></item>
				<item id="username"><![CDATA[admin]]></item>
				<item id="styleid"><![CDATA[0]]></item>
				<item id="blockstyle">
					<item id="name"><![CDATA[]]></item>
					<item id="blockclass"><![CDATA[forum_thread]]></item>
					<item id="makethumb"><![CDATA[0]]></item>
					<item id="getpic"><![CDATA[1]]></item>
					<item id="getsummary"><![CDATA[0]]></item>
					<item id="settarget"><![CDATA[1]]></item>
					<item id="moreurl"><![CDATA[0]]></item>
					<item id="fields">
						<item id="0"><![CDATA[url]]></item>
						<item id="1"><![CDATA[pic]]></item>
						<item id="2"><![CDATA[title]]></item>
					</item>
					<item id="template">
						<item id="raw"><![CDATA[[loop]
<li>
                    	<div class="nex_sc_grid_inner">
                        	<div class="nex_sc_img">
                            	<a href="{url}" target="_blank" style="background:url({pic}) center no-repeat; background-size:cover;"></a>
                            </div>
                            <div class="nex_sc_inters">
                            	<h5><a href="{url}"{target}>{title}</a></h5>
                               
                            </div>
                        </div>
                    </li>
[/loop]]]></item>
						<item id="footer"><![CDATA[]]></item>
						<item id="header"><![CDATA[]]></item>
						<item id="indexplus">
						</item>
						<item id="index">
						</item>
						<item id="orderplus">
						</item>
						<item id="order">
						</item>
						<item id="loopplus">
						</item>
						<item id="loop"><![CDATA[<li>
                    	<div class="nex_sc_grid_inner">
                        	<div class="nex_sc_img">
                            	<a href="{url}" target="_blank" style="background:url({pic}) center no-repeat; background-size:cover;"></a>
                            </div>
                            <div class="nex_sc_inters">
                            	<h5><a href="{url}"{target}>{title}</a></h5>
                               
                            </div>
                        </div>
                    </li>]]></item>
					</item>
					<item id="hash"><![CDATA[f14f8db4]]></item>
				</item>
				<item id="picwidth"><![CDATA[0]]></item>
				<item id="picheight"><![CDATA[0]]></item>
				<item id="target"><![CDATA[blank]]></item>
				<item id="dateformat"><![CDATA[Y-m-d]]></item>
				<item id="dateuformat"><![CDATA[0]]></item>
				<item id="script"><![CDATA[thread]]></item>
				<item id="param">
					<item id="tids"><![CDATA[]]></item>
					<item id="uids"><![CDATA[]]></item>
					<item id="keyword"><![CDATA[]]></item>
					<item id="tagkeyword"><![CDATA[]]></item>
					<item id="fids">
						<item id="0"><![CDATA[36]]></item>
					</item>
					<item id="typeids"><![CDATA[]]></item>
					<item id="reply"><![CDATA[0]]></item>
					<item id="recommend"><![CDATA[0]]></item>
					<item id="special">
						<item id="0"><![CDATA[0]]></item>
					</item>
					<item id="viewmod"><![CDATA[0]]></item>
					<item id="rewardstatus"><![CDATA[0]]></item>
					<item id="picrequired"><![CDATA[1]]></item>
					<item id="orderby"><![CDATA[views]]></item>
					<item id="postdateline"><![CDATA[0]]></item>
					<item id="lastpost"><![CDATA[0]]></item>
					<item id="highlight"><![CDATA[0]]></item>
					<item id="titlelength"><![CDATA[40]]></item>
					<item id="summarylength"><![CDATA[80]]></item>
					<item id="startrow"><![CDATA[0]]></item>
					<item id="items"><![CDATA[10]]></item>
				</item>
				<item id="shownum"><![CDATA[10]]></item>
				<item id="cachetime"><![CDATA[3600]]></item>
				<item id="cachetimerange"><![CDATA[]]></item>
				<item id="punctualupdate"><![CDATA[0]]></item>
				<item id="hidedisplay"><![CDATA[0]]></item>
				<item id="dateline"><![CDATA[1568103727]]></item>
				<item id="notinherited"><![CDATA[0]]></item>
				<item id="isblank"><![CDATA[0]]></item>
			</item>
			<item id="323">
				<item id="bid"><![CDATA[323]]></item>
				<item id="blockclass"><![CDATA[forum_thread]]></item>
				<item id="blocktype"><![CDATA[0]]></item>
				<item id="name"><![CDATA[电商淘宝素材下载排行]]></item>
				<item id="title"><![CDATA[]]></item>
				<item id="classname"><![CDATA[]]></item>
				<item id="summary"><![CDATA[]]></item>
				<item id="uid"><![CDATA[1]]></item>
				<item id="username"><![CDATA[admin]]></item>
				<item id="styleid"><![CDATA[0]]></item>
				<item id="blockstyle">
					<item id="name"><![CDATA[]]></item>
					<item id="blockclass"><![CDATA[forum_thread]]></item>
					<item id="makethumb"><![CDATA[0]]></item>
					<item id="getpic"><![CDATA[1]]></item>
					<item id="getsummary"><![CDATA[0]]></item>
					<item id="settarget"><![CDATA[1]]></item>
					<item id="moreurl"><![CDATA[0]]></item>
					<item id="fields">
						<item id="0"><![CDATA[url]]></item>
						<item id="1"><![CDATA[pic]]></item>
						<item id="2"><![CDATA[title]]></item>
					</item>
					<item id="template">
						<item id="raw"><![CDATA[[loop]
<li>
                    	<div class="nex_sc_grid_inner">
                        	<div class="nex_sc_img">
                            	<a href="{url}" target="_blank" style="background:url({pic}) center no-repeat; background-size:cover;"></a>
                            </div>
                            <div class="nex_sc_inters">
                            	<h5><a href="{url}"{target}>{title}</a></h5>
                               
                            </div>
                        </div>
                    </li>
[/loop]]]></item>
						<item id="footer"><![CDATA[]]></item>
						<item id="header"><![CDATA[]]></item>
						<item id="indexplus">
						</item>
						<item id="index">
						</item>
						<item id="orderplus">
						</item>
						<item id="order">
						</item>
						<item id="loopplus">
						</item>
						<item id="loop"><![CDATA[<li>
                    	<div class="nex_sc_grid_inner">
                        	<div class="nex_sc_img">
                            	<a href="{url}" target="_blank" style="background:url({pic}) center no-repeat; background-size:cover;"></a>
                            </div>
                            <div class="nex_sc_inters">
                            	<h5><a href="{url}"{target}>{title}</a></h5>
                               
                            </div>
                        </div>
                    </li>]]></item>
					</item>
					<item id="hash"><![CDATA[f14f8db4]]></item>
				</item>
				<item id="picwidth"><![CDATA[0]]></item>
				<item id="picheight"><![CDATA[0]]></item>
				<item id="target"><![CDATA[blank]]></item>
				<item id="dateformat"><![CDATA[Y-m-d]]></item>
				<item id="dateuformat"><![CDATA[0]]></item>
				<item id="script"><![CDATA[thread]]></item>
				<item id="param">
					<item id="tids"><![CDATA[]]></item>
					<item id="uids"><![CDATA[]]></item>
					<item id="keyword"><![CDATA[]]></item>
					<item id="tagkeyword"><![CDATA[]]></item>
					<item id="fids">
						<item id="0"><![CDATA[39]]></item>
					</item>
					<item id="typeids"><![CDATA[]]></item>
					<item id="reply"><![CDATA[0]]></item>
					<item id="recommend"><![CDATA[0]]></item>
					<item id="special">
						<item id="0"><![CDATA[0]]></item>
					</item>
					<item id="viewmod"><![CDATA[0]]></item>
					<item id="rewardstatus"><![CDATA[0]]></item>
					<item id="picrequired"><![CDATA[1]]></item>
					<item id="orderby"><![CDATA[views]]></item>
					<item id="postdateline"><![CDATA[0]]></item>
					<item id="lastpost"><![CDATA[0]]></item>
					<item id="highlight"><![CDATA[0]]></item>
					<item id="titlelength"><![CDATA[40]]></item>
					<item id="summarylength"><![CDATA[80]]></item>
					<item id="startrow"><![CDATA[0]]></item>
					<item id="items"><![CDATA[10]]></item>
				</item>
				<item id="shownum"><![CDATA[10]]></item>
				<item id="cachetime"><![CDATA[3600]]></item>
				<item id="cachetimerange"><![CDATA[]]></item>
				<item id="punctualupdate"><![CDATA[0]]></item>
				<item id="hidedisplay"><![CDATA[0]]></item>
				<item id="dateline"><![CDATA[1568103853]]></item>
				<item id="notinherited"><![CDATA[0]]></item>
				<item id="isblank"><![CDATA[0]]></item>
			</item>
			<item id="324">
				<item id="bid"><![CDATA[324]]></item>
				<item id="blockclass"><![CDATA[forum_thread]]></item>
				<item id="blocktype"><![CDATA[0]]></item>
				<item id="name"><![CDATA[高清背景图下载排行]]></item>
				<item id="title"><![CDATA[]]></item>
				<item id="classname"><![CDATA[]]></item>
				<item id="summary"><![CDATA[]]></item>
				<item id="uid"><![CDATA[1]]></item>
				<item id="username"><![CDATA[admin]]></item>
				<item id="styleid"><![CDATA[0]]></item>
				<item id="blockstyle">
					<item id="name"><![CDATA[]]></item>
					<item id="blockclass"><![CDATA[forum_thread]]></item>
					<item id="makethumb"><![CDATA[0]]></item>
					<item id="getpic"><![CDATA[1]]></item>
					<item id="getsummary"><![CDATA[0]]></item>
					<item id="settarget"><![CDATA[1]]></item>
					<item id="moreurl"><![CDATA[0]]></item>
					<item id="fields">
						<item id="0"><![CDATA[url]]></item>
						<item id="1"><![CDATA[pic]]></item>
						<item id="2"><![CDATA[title]]></item>
					</item>
					<item id="template">
						<item id="raw"><![CDATA[[loop]
<li>
                    	<div class="nex_sc_grid_inner">
                        	<div class="nex_sc_img">
                            	<a href="{url}" target="_blank" style="background:url({pic}) center no-repeat; background-size:cover;"></a>
                            </div>
                            <div class="nex_sc_inters">
                            	<h5><a href="{url}"{target}>{title}</a></h5>
                               
                            </div>
                        </div>
                    </li>
[/loop]]]></item>
						<item id="footer"><![CDATA[]]></item>
						<item id="header"><![CDATA[]]></item>
						<item id="indexplus">
						</item>
						<item id="index">
						</item>
						<item id="orderplus">
						</item>
						<item id="order">
						</item>
						<item id="loopplus">
						</item>
						<item id="loop"><![CDATA[<li>
                    	<div class="nex_sc_grid_inner">
                        	<div class="nex_sc_img">
                            	<a href="{url}" target="_blank" style="background:url({pic}) center no-repeat; background-size:cover;"></a>
                            </div>
                            <div class="nex_sc_inters">
                            	<h5><a href="{url}"{target}>{title}</a></h5>
                               
                            </div>
                        </div>
                    </li>]]></item>
					</item>
					<item id="hash"><![CDATA[f14f8db4]]></item>
				</item>
				<item id="picwidth"><![CDATA[0]]></item>
				<item id="picheight"><![CDATA[0]]></item>
				<item id="target"><![CDATA[blank]]></item>
				<item id="dateformat"><![CDATA[Y-m-d]]></item>
				<item id="dateuformat"><![CDATA[0]]></item>
				<item id="script"><![CDATA[thread]]></item>
				<item id="param">
					<item id="tids"><![CDATA[]]></item>
					<item id="uids"><![CDATA[]]></item>
					<item id="keyword"><![CDATA[]]></item>
					<item id="tagkeyword"><![CDATA[]]></item>
					<item id="fids">
						<item id="0"><![CDATA[40]]></item>
					</item>
					<item id="typeids"><![CDATA[]]></item>
					<item id="reply"><![CDATA[0]]></item>
					<item id="recommend"><![CDATA[0]]></item>
					<item id="special">
						<item id="0"><![CDATA[0]]></item>
					</item>
					<item id="viewmod"><![CDATA[0]]></item>
					<item id="rewardstatus"><![CDATA[0]]></item>
					<item id="picrequired"><![CDATA[1]]></item>
					<item id="orderby"><![CDATA[views]]></item>
					<item id="postdateline"><![CDATA[0]]></item>
					<item id="lastpost"><![CDATA[0]]></item>
					<item id="highlight"><![CDATA[0]]></item>
					<item id="titlelength"><![CDATA[40]]></item>
					<item id="summarylength"><![CDATA[80]]></item>
					<item id="startrow"><![CDATA[0]]></item>
					<item id="items"><![CDATA[10]]></item>
				</item>
				<item id="shownum"><![CDATA[10]]></item>
				<item id="cachetime"><![CDATA[3600]]></item>
				<item id="cachetimerange"><![CDATA[]]></item>
				<item id="punctualupdate"><![CDATA[0]]></item>
				<item id="hidedisplay"><![CDATA[0]]></item>
				<item id="dateline"><![CDATA[1568103857]]></item>
				<item id="notinherited"><![CDATA[0]]></item>
				<item id="isblank"><![CDATA[0]]></item>
			</item>
			<item id="325">
				<item id="bid"><![CDATA[325]]></item>
				<item id="blockclass"><![CDATA[html_html]]></item>
				<item id="blocktype"><![CDATA[0]]></item>
				<item id="name"><![CDATA[视频素材下载排行]]></item>
				<item id="title"><![CDATA[]]></item>
				<item id="classname"><![CDATA[]]></item>
				<item id="summary"><![CDATA[<dd data-video-url="https://cloud.video.taobao.com//play/u/95292294/p/1/e/6/t/1/218021108603.mp4">
                            	<a href="forum.php?mod=viewthread&amp;tid=211" target="_blank">
                                    <div class="nex_video_grids_img">
                                        <span class="right-time">00:15</span>
                                        <video id="nex_video_covers" autoplay="autoplay" preload="none" loop="loop" poster="forum.php?mod=image&aid=300&size=400x230&key=ba8dbec31880fdd9" src=""  style="object-fit:fill">
                                        </video>
                                        <div class="nex_video_entb_btm"><span>国新年卡通舞师团圆饭喜庆节日猪年祝福片头</span></div>
                                        
                                        <div class="nex_video_entb_hover_btm">
                                            <div class="nex_video_entb_lbox">
                                                <h5>国新年卡通舞师团圆饭喜庆节日猪年祝福片头</h5>
                                                <div class="nex_video_entb_tags">
                                                    <span>分辨率：1920×1080</span>
                                                    <span>格式：AEP</span>
                                                </div>
                                            </div>
                                            <div class="nex_video_entb_rbox"><span>下载</span></div>
                                            <div class="clear"></div>
                                        </div>
                                    </div>
                                </a>
                            </dd><dd data-video-url="demo/12.mp4">
                            	<a href="forum.php?mod=viewthread&amp;tid=208" target="_blank">
                                    <div class="nex_video_grids_img">
                                        <span class="right-time">00:15</span>
                                        <video id="nex_video_covers" autoplay="autoplay" preload="none" loop="loop" poster="forum.php?mod=image&aid=297&size=400x230&key=856fe55c64d8d7db" src=""  style="object-fit:fill">
                                        </video>
                                        <div class="nex_video_entb_btm"><span>CAD制图建筑师蓝图绘制三维标志开场揭示</span></div>
                                        
                                        <div class="nex_video_entb_hover_btm">
                                            <div class="nex_video_entb_lbox">
                                                <h5>CAD制图建筑师蓝图绘制三维标志开场揭示</h5>
                                                <div class="nex_video_entb_tags">
                                                    <span>分辨率：1920×1080</span>
                                                    <span>格式：AEP</span>
                                                </div>
                                            </div>
                                            <div class="nex_video_entb_rbox"><span>下载</span></div>
                                            <div class="clear"></div>
                                        </div>
                                    </div>
                                </a>
                            </dd><dd data-video-url="demo/6.mp4">
                            	<a href="forum.php?mod=viewthread&amp;tid=202" target="_blank">
                                    <div class="nex_video_grids_img">
                                        <span class="right-time">00:45</span>
                                        <video id="nex_video_covers" autoplay="autoplay" preload="none" loop="loop" poster="forum.php?mod=image&aid=291&size=400x230&key=39216a425269b73e" src=""  style="object-fit:fill">
                                        </video>
                                        <div class="nex_video_entb_btm"><span>多彩动感快速现代时尚简约幻灯片节奏感图片开场片头</span></div>
                                        
                                        <div class="nex_video_entb_hover_btm">
                                            <div class="nex_video_entb_lbox">
                                                <h5>多彩动感快速现代时尚简约幻灯片节奏感图片开场片头</h5>
                                                <div class="nex_video_entb_tags">
                                                    <span>分辨率：1920×1080</span>
                                                    <span>格式：AEP</span>
                                                </div>
                                            </div>
                                            <div class="nex_video_entb_rbox"><span>下载</span></div>
                                            <div class="clear"></div>
                                        </div>
                                    </div>
                                </a>
                            </dd><dd data-video-url="https://cloud.video.taobao.com//play/u/95292294/p/1/e/6/t/1/218166492370.mp4">
                            	<a href="forum.php?mod=viewthread&amp;tid=210" target="_blank">
                                    <div class="nex_video_grids_img">
                                        <span class="right-time">01:25</span>
                                        <video id="nex_video_covers" autoplay="autoplay" preload="none" loop="loop" poster="forum.php?mod=image&aid=299&size=400x230&key=d6d1406c547fffc2" src=""  style="object-fit:fill">
                                        </video>
                                        <div class="nex_video_entb_btm"><span>时装秀公司简介网站宣传</span></div>
                                        
                                        <div class="nex_video_entb_hover_btm">
                                            <div class="nex_video_entb_lbox">
                                                <h5>时装秀公司简介网站宣传</h5>
                                                <div class="nex_video_entb_tags">
                                                    <span>分辨率：1920×1080</span>
                                                    <span>格式：AEP</span>
                                                </div>
                                            </div>
                                            <div class="nex_video_entb_rbox"><span>下载</span></div>
                                            <div class="clear"></div>
                                        </div>
                                    </div>
                                </a>
                            </dd><dd data-video-url="https://cloud.video.taobao.com//play/u/95292294/p/1/e/6/t/1/218113212907.mp4">
                            	<a href="forum.php?mod=viewthread&amp;tid=209" target="_blank">
                                    <div class="nex_video_grids_img">
                                        <span class="right-time">00:25</span>
                                        <video id="nex_video_covers" autoplay="autoplay" preload="none" loop="loop" poster="forum.php?mod=image&aid=298&size=400x230&key=bd16e044de7e521f" src=""  style="object-fit:fill">
                                        </video>
                                        <div class="nex_video_entb_btm"><span>油漆泼墨效果公司品牌介绍LOGO展示</span></div>
                                        
                                        <div class="nex_video_entb_hover_btm">
                                            <div class="nex_video_entb_lbox">
                                                <h5>油漆泼墨效果公司品牌介绍LOGO展示</h5>
                                                <div class="nex_video_entb_tags">
                                                    <span>分辨率：3840×2160</span>
                                                    <span>格式：AEP</span>
                                                </div>
                                            </div>
                                            <div class="nex_video_entb_rbox"><span>下载</span></div>
                                            <div class="clear"></div>
                                        </div>
                                    </div>
                                </a>
                            </dd><dd data-video-url="demo/5.mp4">
                            	<a href="forum.php?mod=viewthread&amp;tid=201" target="_blank">
                                    <div class="nex_video_grids_img">
                                        <span class="right-time">01:06</span>
                                        <video id="nex_video_covers" autoplay="autoplay" preload="none" loop="loop" poster="forum.php?mod=image&aid=290&size=400x230&key=bd7c280b84005906" src=""  style="object-fit:fill">
                                        </video>
                                        <div class="nex_video_entb_btm"><span>彩色笔刷粉笔画艺术人物作品展示品牌开幕片头</span></div>
                                        
                                        <div class="nex_video_entb_hover_btm">
                                            <div class="nex_video_entb_lbox">
                                                <h5>彩色笔刷粉笔画艺术人物作品展示品牌开幕片头</h5>
                                                <div class="nex_video_entb_tags">
                                                    <span>分辨率：1920×1080</span>
                                                    <span>格式：PRPROJ</span>
                                                </div>
                                            </div>
                                            <div class="nex_video_entb_rbox"><span>下载</span></div>
                                            <div class="clear"></div>
                                        </div>
                                    </div>
                                </a>
                            </dd><dd data-video-url="demo/3.mp4">
                            	<a href="forum.php?mod=viewthread&amp;tid=199" target="_blank">
                                    <div class="nex_video_grids_img">
                                        <span class="right-time">01:15</span>
                                        <video id="nex_video_covers" autoplay="autoplay" preload="none" loop="loop" poster="forum.php?mod=image&aid=287&size=400x230&key=2a312bc056975bcd" src=""  style="object-fit:fill">
                                        </video>
                                        <div class="nex_video_entb_btm"><span>老旧怀旧历史照片电子相册视频模板</span></div>
                                        
                                        <div class="nex_video_entb_hover_btm">
                                            <div class="nex_video_entb_lbox">
                                                <h5>老旧怀旧历史照片电子相册视频模板</h5>
                                                <div class="nex_video_entb_tags">
                                                    <span>分辨率：720x360</span>
                                                    <span>格式：MP4</span>
                                                </div>
                                            </div>
                                            <div class="nex_video_entb_rbox"><span>下载</span></div>
                                            <div class="clear"></div>
                                        </div>
                                    </div>
                                </a>
                            </dd><dd data-video-url="demo/7.mp4">
                            	<a href="forum.php?mod=viewthread&amp;tid=203" target="_blank">
                                    <div class="nex_video_grids_img">
                                        <span class="right-time">24:56</span>
                                        <video id="nex_video_covers" autoplay="autoplay" preload="none" loop="loop" poster="forum.php?mod=image&aid=292&size=400x230&key=69b53c07c3ce7c75" src=""  style="object-fit:fill">
                                        </video>
                                        <div class="nex_video_entb_btm"><span>卡通能量爆炸水流火焰烟雾元素MG动画效果</span></div>
                                        
                                        <div class="nex_video_entb_hover_btm">
                                            <div class="nex_video_entb_lbox">
                                                <h5>卡通能量爆炸水流火焰烟雾元素MG动画效果</h5>
                                                <div class="nex_video_entb_tags">
                                                    <span>分辨率：1920x1080</span>
                                                    <span>格式：VEG</span>
                                                </div>
                                            </div>
                                            <div class="nex_video_entb_rbox"><span>下载</span></div>
                                            <div class="clear"></div>
                                        </div>
                                    </div>
                                </a>
                            </dd><dd data-video-url="demo/9.mp4">
                            	<a href="forum.php?mod=viewthread&amp;tid=205" target="_blank">
                                    <div class="nex_video_grids_img">
                                        <span class="right-time">00:17</span>
                                        <video id="nex_video_covers" autoplay="autoplay" preload="none" loop="loop" poster="forum.php?mod=image&aid=294&size=400x230&key=5a2b05ccf05f3aa8" src=""  style="object-fit:fill">
                                        </video>
                                        <div class="nex_video_entb_btm"><span>猪年大吉祝福拜年开场视频C4D模板</span></div>
                                        
                                        <div class="nex_video_entb_hover_btm">
                                            <div class="nex_video_entb_lbox">
                                                <h5>猪年大吉祝福拜年开场视频C4D模板</h5>
                                                <div class="nex_video_entb_tags">
                                                    <span>分辨率：720x360</span>
                                                    <span>格式：VEG</span>
                                                </div>
                                            </div>
                                            <div class="nex_video_entb_rbox"><span>下载</span></div>
                                            <div class="clear"></div>
                                        </div>
                                    </div>
                                </a>
                            </dd>]]></item>
				<item id="uid"><![CDATA[1]]></item>
				<item id="username"><![CDATA[admin]]></item>
				<item id="styleid"><![CDATA[0]]></item>
				<item id="blockstyle"><![CDATA[]]></item>
				<item id="picwidth"><![CDATA[0]]></item>
				<item id="picheight"><![CDATA[0]]></item>
				<item id="target"><![CDATA[blank]]></item>
				<item id="dateformat"><![CDATA[Y-m-d]]></item>
				<item id="dateuformat"><![CDATA[0]]></item>
				<item id="script"><![CDATA[sort]]></item>
				<item id="param">
					<item id="tids"><![CDATA[]]></item>
					<item id="fids">
						<item id="0"><![CDATA[46]]></item>
					</item>
					<item id="sortids"><![CDATA[8]]></item>
					<item id="recommend"><![CDATA[0]]></item>
					<item id="orderby"><![CDATA[views]]></item>
					<item id="lastpost"><![CDATA[0]]></item>
					<item id="startrow"><![CDATA[0]]></item>
					<item id="showitems"><![CDATA[9]]></item>
					<item id="items"><![CDATA[10]]></item>
				</item>
				<item id="shownum"><![CDATA[10]]></item>
				<item id="cachetime"><![CDATA[3600]]></item>
				<item id="cachetimerange"><![CDATA[]]></item>
				<item id="punctualupdate"><![CDATA[0]]></item>
				<item id="hidedisplay"><![CDATA[0]]></item>
				<item id="dateline"><![CDATA[1568104168]]></item>
				<item id="notinherited"><![CDATA[0]]></item>
				<item id="isblank"><![CDATA[0]]></item>
			</item>
			<item id="326">
				<item id="bid"><![CDATA[326]]></item>
				<item id="blockclass"><![CDATA[html_html]]></item>
				<item id="blocktype"><![CDATA[0]]></item>
				<item id="name"><![CDATA[音频素材下载排行]]></item>
				<item id="title"><![CDATA[]]></item>
				<item id="classname"><![CDATA[]]></item>
				<item id="summary"><![CDATA[ <dd>
            <div class="nex_audio_grids_inner">
                <div class="nex_audio_grids_inner_l">
                    <div class="nex_audio_grids_bgbox" style="background:url(forum.php?mod=image&aid=320&size=400x230&key=c725008c802e4b39) center no-repeat; background-size:cover;"></div>
                    <div class="nex_audio_grids_circlebox">
                        <span class="nex_audio_grids_smallbox" style="background:url(forum.php?mod=image&aid=320&size=400x230&key=c725008c802e4b39) center no-repeat; background-size:cover;"></span>
                    </div>
                </div>
                <div class="nex_audio_grids_inner_r">
                    <h5><a href="forum.php?mod=viewthread&amp;tid=222" target="_blank">清新的流行摇滚音效</a></h5>
                    <div class="nex_audio_types">格式：MP4</div>
                    <div class="nex_audio_play">
                                            <audio preload="auto" controls>
                                                <source src="https://vfine.oss-cn-beijing.aliyuncs.com/qianku_no_watermark_music/Kc53nfazw40fhUFWlZUOV8ELSJRDc829iq3m7NPadh4P34TB5P.mp3" />
                                            </audio>
                                        </div>
                                        <div class="nex_audio_grids_btnbox"><a href="forum.php?mod=viewthread&amp;tid=222" target="_blank">下载音乐</a></div>
                </div>
                <div class="clear"></div>
            </div>
        </dd> <dd>
            <div class="nex_audio_grids_inner">
                <div class="nex_audio_grids_inner_l">
                    <div class="nex_audio_grids_bgbox" style="background:url(forum.php?mod=image&aid=319&size=400x230&key=25d268bd53875cf1) center no-repeat; background-size:cover;"></div>
                    <div class="nex_audio_grids_circlebox">
                        <span class="nex_audio_grids_smallbox" style="background:url(forum.php?mod=image&aid=319&size=400x230&key=25d268bd53875cf1) center no-repeat; background-size:cover;"></span>
                    </div>
                </div>
                <div class="nex_audio_grids_inner_r">
                    <h5><a href="forum.php?mod=viewthread&amp;tid=221" target="_blank">清新的流行摇滚音效</a></h5>
                    <div class="nex_audio_types">格式：MP4</div>
                    <div class="nex_audio_play">
                                            <audio preload="auto" controls>
                                                <source src="https://vfine.oss-cn-beijing.aliyuncs.com/qianku_no_watermark_music/Its581808748.mp3" />
                                            </audio>
                                        </div>
                                        <div class="nex_audio_grids_btnbox"><a href="forum.php?mod=viewthread&amp;tid=221" target="_blank">下载音乐</a></div>
                </div>
                <div class="clear"></div>
            </div>
        </dd> <dd>
            <div class="nex_audio_grids_inner">
                <div class="nex_audio_grids_inner_l">
                    <div class="nex_audio_grids_bgbox" style="background:url(forum.php?mod=image&aid=319&size=400x230&key=25d268bd53875cf1) center no-repeat; background-size:cover;"></div>
                    <div class="nex_audio_grids_circlebox">
                        <span class="nex_audio_grids_smallbox" style="background:url(forum.php?mod=image&aid=319&size=400x230&key=25d268bd53875cf1) center no-repeat; background-size:cover;"></span>
                    </div>
                </div>
                <div class="nex_audio_grids_inner_r">
                    <h5><a href="forum.php?mod=viewthread&amp;tid=223" target="_blank">清新的流行摇滚音效</a></h5>
                    <div class="nex_audio_types">格式：MP4</div>
                    <div class="nex_audio_play">
                                            <audio preload="auto" controls>
                                                <source src="https://vfine.oss-cn-beijing.aliyuncs.com/qianku_no_watermark_music/Its581808748.mp3" />
                                            </audio>
                                        </div>
                                        <div class="nex_audio_grids_btnbox"><a href="forum.php?mod=viewthread&amp;tid=223" target="_blank">下载音乐</a></div>
                </div>
                <div class="clear"></div>
            </div>
        </dd> <dd>
            <div class="nex_audio_grids_inner">
                <div class="nex_audio_grids_inner_l">
                    <div class="nex_audio_grids_bgbox" style="background:url(forum.php?mod=image&aid=319&size=400x230&key=25d268bd53875cf1) center no-repeat; background-size:cover;"></div>
                    <div class="nex_audio_grids_circlebox">
                        <span class="nex_audio_grids_smallbox" style="background:url(forum.php?mod=image&aid=319&size=400x230&key=25d268bd53875cf1) center no-repeat; background-size:cover;"></span>
                    </div>
                </div>
                <div class="nex_audio_grids_inner_r">
                    <h5><a href="forum.php?mod=viewthread&amp;tid=224" target="_blank">清新的流行摇滚音效</a></h5>
                    <div class="nex_audio_types">格式：MP4</div>
                    <div class="nex_audio_play">
                                            <audio preload="auto" controls>
                                                <source src="https://vfine.oss-cn-beijing.aliyuncs.com/qianku_no_watermark_music/Its581808748.mp3" />
                                            </audio>
                                        </div>
                                        <div class="nex_audio_grids_btnbox"><a href="forum.php?mod=viewthread&amp;tid=224" target="_blank">下载音乐</a></div>
                </div>
                <div class="clear"></div>
            </div>
        </dd>]]></item>
				<item id="uid"><![CDATA[1]]></item>
				<item id="username"><![CDATA[admin]]></item>
				<item id="styleid"><![CDATA[0]]></item>
				<item id="blockstyle"><![CDATA[]]></item>
				<item id="picwidth"><![CDATA[0]]></item>
				<item id="picheight"><![CDATA[0]]></item>
				<item id="target"><![CDATA[blank]]></item>
				<item id="dateformat"><![CDATA[Y-m-d]]></item>
				<item id="dateuformat"><![CDATA[0]]></item>
				<item id="script"><![CDATA[sort]]></item>
				<item id="param">
					<item id="tids"><![CDATA[]]></item>
					<item id="fids">
						<item id="0"><![CDATA[52]]></item>
					</item>
					<item id="sortids"><![CDATA[12]]></item>
					<item id="recommend"><![CDATA[0]]></item>
					<item id="orderby"><![CDATA[views]]></item>
					<item id="lastpost"><![CDATA[0]]></item>
					<item id="startrow"><![CDATA[0]]></item>
					<item id="showitems"><![CDATA[9]]></item>
					<item id="items"><![CDATA[10]]></item>
				</item>
				<item id="shownum"><![CDATA[10]]></item>
				<item id="cachetime"><![CDATA[3600]]></item>
				<item id="cachetimerange"><![CDATA[]]></item>
				<item id="punctualupdate"><![CDATA[0]]></item>
				<item id="hidedisplay"><![CDATA[0]]></item>
				<item id="dateline"><![CDATA[1568104426]]></item>
				<item id="notinherited"><![CDATA[0]]></item>
				<item id="isblank"><![CDATA[0]]></item>
			</item>
			<item id="327">
				<item id="bid"><![CDATA[327]]></item>
				<item id="blockclass"><![CDATA[html_html]]></item>
				<item id="blocktype"><![CDATA[0]]></item>
				<item id="name"><![CDATA[软件下载排行]]></item>
				<item id="title"><![CDATA[]]></item>
				<item id="classname"><![CDATA[]]></item>
				<item id="summary"><![CDATA[<li>
        	<div class="nex_software_grids_inner">
            	<h5><a href="forum.php?mod=viewthread&amp;tid=229" target="_blank">草图大师(SketchUp Pro) V8.0 官方中文版</a></h5>
                <div class="nex_sodtware_grids_film">
                	<div class="nex_sodtware_grids_film_icon">
                    	<a href="forum.php?mod=viewthread&amp;tid=229" target="_blank" style="background:url(forum.php?mod=image&aid=321&size=400x230&key=070d9c4d9c4ae2fa) center no-repeat; background-size:cover;"></a>
                    </div>
                    <div class="nex_sodtware_grids_film_mid">
                    	<div class="nex_sodtware_grids_film_star"><span style="width:60%"></span></div>
                        <p>125MB<em>|</em>中文版</p>
                    </div>
                    <div class="nex_sodtware_grids_film_dl">
                    	<a href="forum.php?mod=viewthread&amp;tid=229" target="_blank">下载</a>
                    </div>
                    <div class="clear"></div>
                </div>
            </div>
        </li><li>
        	<div class="nex_software_grids_inner">
            	<h5><a href="forum.php?mod=viewthread&amp;tid=228" target="_blank">草图大师(SketchUp Pro) V8.0 官方中文版</a></h5>
                <div class="nex_sodtware_grids_film">
                	<div class="nex_sodtware_grids_film_icon">
                    	<a href="forum.php?mod=viewthread&amp;tid=228" target="_blank" style="background:url(forum.php?mod=image&aid=321&size=400x230&key=070d9c4d9c4ae2fa) center no-repeat; background-size:cover;"></a>
                    </div>
                    <div class="nex_sodtware_grids_film_mid">
                    	<div class="nex_sodtware_grids_film_star"><span style="width:60%"></span></div>
                        <p>125MB<em>|</em>中文版</p>
                    </div>
                    <div class="nex_sodtware_grids_film_dl">
                    	<a href="forum.php?mod=viewthread&amp;tid=228" target="_blank">下载</a>
                    </div>
                    <div class="clear"></div>
                </div>
            </div>
        </li><li>
        	<div class="nex_software_grids_inner">
            	<h5><a href="forum.php?mod=viewthread&amp;tid=227" target="_blank">草图大师(SketchUp Pro) V8.0 官方中文版</a></h5>
                <div class="nex_sodtware_grids_film">
                	<div class="nex_sodtware_grids_film_icon">
                    	<a href="forum.php?mod=viewthread&amp;tid=227" target="_blank" style="background:url(forum.php?mod=image&aid=321&size=400x230&key=070d9c4d9c4ae2fa) center no-repeat; background-size:cover;"></a>
                    </div>
                    <div class="nex_sodtware_grids_film_mid">
                    	<div class="nex_sodtware_grids_film_star"><span style="width:60%"></span></div>
                        <p>125MB<em>|</em>中文版</p>
                    </div>
                    <div class="nex_sodtware_grids_film_dl">
                    	<a href="forum.php?mod=viewthread&amp;tid=227" target="_blank">下载</a>
                    </div>
                    <div class="clear"></div>
                </div>
            </div>
        </li><li>
        	<div class="nex_software_grids_inner">
            	<h5><a href="forum.php?mod=viewthread&amp;tid=226" target="_blank">草图大师(SketchUp Pro) V8.0 官方中文版</a></h5>
                <div class="nex_sodtware_grids_film">
                	<div class="nex_sodtware_grids_film_icon">
                    	<a href="forum.php?mod=viewthread&amp;tid=226" target="_blank" style="background:url(forum.php?mod=image&aid=321&size=400x230&key=070d9c4d9c4ae2fa) center no-repeat; background-size:cover;"></a>
                    </div>
                    <div class="nex_sodtware_grids_film_mid">
                    	<div class="nex_sodtware_grids_film_star"><span style="width:60%"></span></div>
                        <p>125MB<em>|</em>中文版</p>
                    </div>
                    <div class="nex_sodtware_grids_film_dl">
                    	<a href="forum.php?mod=viewthread&amp;tid=226" target="_blank">下载</a>
                    </div>
                    <div class="clear"></div>
                </div>
            </div>
        </li><li>
        	<div class="nex_software_grids_inner">
            	<h5><a href="forum.php?mod=viewthread&amp;tid=225" target="_blank">草图大师(SketchUp Pro) V8.0 官方中文版</a></h5>
                <div class="nex_sodtware_grids_film">
                	<div class="nex_sodtware_grids_film_icon">
                    	<a href="forum.php?mod=viewthread&amp;tid=225" target="_blank" style="background:url(forum.php?mod=image&aid=321&size=400x230&key=070d9c4d9c4ae2fa) center no-repeat; background-size:cover;"></a>
                    </div>
                    <div class="nex_sodtware_grids_film_mid">
                    	<div class="nex_sodtware_grids_film_star"><span style="width:60%"></span></div>
                        <p>125MB<em>|</em>中文版</p>
                    </div>
                    <div class="nex_sodtware_grids_film_dl">
                    	<a href="forum.php?mod=viewthread&amp;tid=225" target="_blank">下载</a>
                    </div>
                    <div class="clear"></div>
                </div>
            </div>
        </li>]]></item>
				<item id="uid"><![CDATA[1]]></item>
				<item id="username"><![CDATA[admin]]></item>
				<item id="styleid"><![CDATA[0]]></item>
				<item id="blockstyle"><![CDATA[]]></item>
				<item id="picwidth"><![CDATA[0]]></item>
				<item id="picheight"><![CDATA[0]]></item>
				<item id="target"><![CDATA[blank]]></item>
				<item id="dateformat"><![CDATA[Y-m-d]]></item>
				<item id="dateuformat"><![CDATA[0]]></item>
				<item id="script"><![CDATA[sort]]></item>
				<item id="param">
					<item id="tids"><![CDATA[]]></item>
					<item id="fids">
						<item id="0"><![CDATA[53]]></item>
					</item>
					<item id="sortids"><![CDATA[13]]></item>
					<item id="recommend"><![CDATA[0]]></item>
					<item id="orderby"><![CDATA[lastpost]]></item>
					<item id="lastpost"><![CDATA[0]]></item>
					<item id="startrow"><![CDATA[0]]></item>
					<item id="showitems"><![CDATA[8]]></item>
					<item id="items"><![CDATA[10]]></item>
				</item>
				<item id="shownum"><![CDATA[10]]></item>
				<item id="cachetime"><![CDATA[3600]]></item>
				<item id="cachetimerange"><![CDATA[]]></item>
				<item id="punctualupdate"><![CDATA[0]]></item>
				<item id="hidedisplay"><![CDATA[0]]></item>
				<item id="dateline"><![CDATA[1568104484]]></item>
				<item id="notinherited"><![CDATA[0]]></item>
				<item id="isblank"><![CDATA[0]]></item>
			</item>
			<item id="328">
				<item id="bid"><![CDATA[328]]></item>
				<item id="blockclass"><![CDATA[forum_thread]]></item>
				<item id="blocktype"><![CDATA[0]]></item>
				<item id="name"><![CDATA[CG素材下载排行]]></item>
				<item id="title"><![CDATA[]]></item>
				<item id="classname"><![CDATA[]]></item>
				<item id="summary"><![CDATA[]]></item>
				<item id="uid"><![CDATA[1]]></item>
				<item id="username"><![CDATA[admin]]></item>
				<item id="styleid"><![CDATA[0]]></item>
				<item id="blockstyle">
					<item id="name"><![CDATA[]]></item>
					<item id="blockclass"><![CDATA[forum_thread]]></item>
					<item id="makethumb"><![CDATA[0]]></item>
					<item id="getpic"><![CDATA[1]]></item>
					<item id="getsummary"><![CDATA[0]]></item>
					<item id="settarget"><![CDATA[1]]></item>
					<item id="moreurl"><![CDATA[0]]></item>
					<item id="fields">
						<item id="0"><![CDATA[url]]></item>
						<item id="1"><![CDATA[pic]]></item>
						<item id="2"><![CDATA[title]]></item>
					</item>
					<item id="template">
						<item id="raw"><![CDATA[[loop]
<li>
                    	<div class="nex_sc_grid_inner">
                        	<div class="nex_sc_img">
                            	<a href="{url}" target="_blank" style="background:url({pic}) center no-repeat; background-size:cover;"></a>
                            </div>
                            <div class="nex_sc_inters">
                            	<h5><a href="{url}"{target}>{title}</a></h5>
                               
                            </div>
                        </div>
                    </li>
[/loop]]]></item>
						<item id="footer"><![CDATA[]]></item>
						<item id="header"><![CDATA[]]></item>
						<item id="indexplus">
						</item>
						<item id="index">
						</item>
						<item id="orderplus">
						</item>
						<item id="order">
						</item>
						<item id="loopplus">
						</item>
						<item id="loop"><![CDATA[<li>
                    	<div class="nex_sc_grid_inner">
                        	<div class="nex_sc_img">
                            	<a href="{url}" target="_blank" style="background:url({pic}) center no-repeat; background-size:cover;"></a>
                            </div>
                            <div class="nex_sc_inters">
                            	<h5><a href="{url}"{target}>{title}</a></h5>
                               
                            </div>
                        </div>
                    </li>]]></item>
					</item>
					<item id="hash"><![CDATA[f14f8db4]]></item>
				</item>
				<item id="picwidth"><![CDATA[0]]></item>
				<item id="picheight"><![CDATA[0]]></item>
				<item id="target"><![CDATA[blank]]></item>
				<item id="dateformat"><![CDATA[Y-m-d]]></item>
				<item id="dateuformat"><![CDATA[0]]></item>
				<item id="script"><![CDATA[thread]]></item>
				<item id="param">
					<item id="tids"><![CDATA[]]></item>
					<item id="uids"><![CDATA[]]></item>
					<item id="keyword"><![CDATA[]]></item>
					<item id="tagkeyword"><![CDATA[]]></item>
					<item id="fids">
						<item id="0"><![CDATA[48]]></item>
					</item>
					<item id="typeids"><![CDATA[]]></item>
					<item id="reply"><![CDATA[0]]></item>
					<item id="recommend"><![CDATA[0]]></item>
					<item id="special">
						<item id="0"><![CDATA[0]]></item>
					</item>
					<item id="viewmod"><![CDATA[0]]></item>
					<item id="rewardstatus"><![CDATA[0]]></item>
					<item id="picrequired"><![CDATA[1]]></item>
					<item id="orderby"><![CDATA[views]]></item>
					<item id="postdateline"><![CDATA[0]]></item>
					<item id="lastpost"><![CDATA[0]]></item>
					<item id="highlight"><![CDATA[0]]></item>
					<item id="titlelength"><![CDATA[40]]></item>
					<item id="summarylength"><![CDATA[80]]></item>
					<item id="startrow"><![CDATA[0]]></item>
					<item id="items"><![CDATA[10]]></item>
				</item>
				<item id="shownum"><![CDATA[10]]></item>
				<item id="cachetime"><![CDATA[3600]]></item>
				<item id="cachetimerange"><![CDATA[]]></item>
				<item id="punctualupdate"><![CDATA[0]]></item>
				<item id="hidedisplay"><![CDATA[0]]></item>
				<item id="dateline"><![CDATA[1568104629]]></item>
				<item id="notinherited"><![CDATA[0]]></item>
				<item id="isblank"><![CDATA[0]]></item>
			</item>
		</item>
		<item id="style">
		</item>
	</item>
</root>