<?xml version="1.0" encoding="ISO-8859-1"?>
<root>
	<item id="spacecss"><![CDATA[]]></item>
	<item id="layoutdata">
		<item id="diynavtop"><![CDATA[]]></item>
		<item id="diy1"><![CDATA[]]></item>
		<item id="diy4"><![CDATA[]]></item>
		<item id="diyfastposttop"><![CDATA[]]></item>
		<item id=""><![CDATA[]]></item>
		<item id="diyforumdisplaybottom"><![CDATA[]]></item>
		<item id="nex_nh_sideheader_title1">
			<item id="frame`frame9nkmsp">
				<item id="attr">
					<item id="name"><![CDATA[frame9nkmsp]]></item>
					<item id="moveable"><![CDATA[true]]></item>
					<item id="className"><![CDATA[frame move-span cl frame-1]]></item>
					<item id="titles"><![CDATA[]]></item>
				</item>
				<item id="column`frame9nkmsp_left">
					<item id="attr">
						<item id="name"><![CDATA[frame9nkmsp_left]]></item>
						<item id="className"><![CDATA[column frame-1-c]]></item>
					</item>
					<item id="block`portal_block_92">
						<item id="attr">
							<item id="name"><![CDATA[portal_block_92]]></item>
							<item id="className"><![CDATA[block move-span]]></item>
							<item id="titles"><![CDATA[]]></item>
						</item>
					</item>
				</item>
			</item>
		</item>
		<item id="nex_curban_read">
			<item id="frame`frame468qrk">
				<item id="attr">
					<item id="name"><![CDATA[frame468qrk]]></item>
					<item id="moveable"><![CDATA[true]]></item>
					<item id="className"><![CDATA[frame move-span cl frame-1]]></item>
					<item id="titles"><![CDATA[]]></item>
				</item>
				<item id="column`frame468qrk_left">
					<item id="attr">
						<item id="name"><![CDATA[frame468qrk_left]]></item>
						<item id="className"><![CDATA[column frame-1-c]]></item>
					</item>
					<item id="block`portal_block_88">
						<item id="attr">
							<item id="name"><![CDATA[portal_block_88]]></item>
							<item id="className"><![CDATA[block move-span]]></item>
							<item id="titles"><![CDATA[]]></item>
						</item>
					</item>
				</item>
			</item>
		</item>
		<item id="nex_nh_sideheader_title2">
			<item id="frame`frameRwT5M8">
				<item id="attr">
					<item id="name"><![CDATA[frameRwT5M8]]></item>
					<item id="moveable"><![CDATA[true]]></item>
					<item id="className"><![CDATA[frame move-span cl frame-1]]></item>
					<item id="titles"><![CDATA[]]></item>
				</item>
				<item id="column`frameRwT5M8_left">
					<item id="attr">
						<item id="name"><![CDATA[frameRwT5M8_left]]></item>
						<item id="className"><![CDATA[column frame-1-c]]></item>
					</item>
					<item id="block`portal_block_93">
						<item id="attr">
							<item id="name"><![CDATA[portal_block_93]]></item>
							<item id="className"><![CDATA[block move-span]]></item>
							<item id="titles"><![CDATA[]]></item>
						</item>
					</item>
				</item>
			</item>
		</item>
		<item id="nex_hot_course_lists">
			<item id="frame`framenFo8y1">
				<item id="attr">
					<item id="name"><![CDATA[framenFo8y1]]></item>
					<item id="moveable"><![CDATA[true]]></item>
					<item id="className"><![CDATA[frame move-span cl frame-1]]></item>
					<item id="titles"><![CDATA[]]></item>
				</item>
				<item id="column`framenFo8y1_left">
					<item id="attr">
						<item id="name"><![CDATA[framenFo8y1_left]]></item>
						<item id="className"><![CDATA[column frame-1-c]]></item>
					</item>
					<item id="block`portal_block_89">
						<item id="attr">
							<item id="name"><![CDATA[portal_block_89]]></item>
							<item id="className"><![CDATA[block move-span]]></item>
							<item id="titles"><![CDATA[]]></item>
						</item>
					</item>
				</item>
			</item>
		</item>
		<item id="nex_forumlist_sd_ads"><![CDATA[]]></item>
		<item id="diy3"><![CDATA[]]></item>
	</item>
	<item id="blockdata">
		<item id="block">
			<item id="88">
				<item id="bid"><![CDATA[88]]></item>
				<item id="blockclass"><![CDATA[forum_thread]]></item>
				<item id="blocktype"><![CDATA[0]]></item>
				<item id="name"><![CDATA[本版精彩阅读]]></item>
				<item id="title"><![CDATA[]]></item>
				<item id="classname"><![CDATA[]]></item>
				<item id="summary"><![CDATA[]]></item>
				<item id="uid"><![CDATA[1]]></item>
				<item id="username"><![CDATA[admin]]></item>
				<item id="styleid"><![CDATA[0]]></item>
				<item id="blockstyle">
					<item id="name"><![CDATA[]]></item>
					<item id="blockclass"><![CDATA[forum_thread]]></item>
					<item id="makethumb"><![CDATA[0]]></item>
					<item id="getpic"><![CDATA[1]]></item>
					<item id="getsummary"><![CDATA[1]]></item>
					<item id="settarget"><![CDATA[0]]></item>
					<item id="moreurl"><![CDATA[0]]></item>
					<item id="fields">
						<item id="0"><![CDATA[url]]></item>
						<item id="1"><![CDATA[pic]]></item>
						<item id="2"><![CDATA[title]]></item>
						<item id="3"><![CDATA[summary]]></item>
					</item>
					<item id="template">
						<item id="raw"><![CDATA[[loop]
[order=1]
<li>
    <div class="nex_cr_img">
        <a href="{url}" target="_blank" style="background:url({pic}) center no-repeat; background-size:cover;">
            <div class="nex_cr_img_news_tit">{title}</div>
        </a>
    </div>
</li>
[/order]
[order=2]
<li>
    <div class="nex_cr_txt">
        <h5><a href="{url}" target="_blank">{title}</a></h5>
        <p>{summary}</p>
    </div>
</li>
[/order]
<li>
    <div class="nex_cr_lists"><a href="{url}" target="_blank">{title}</a></div>
</li>
[/loop]]]></item>
						<item id="footer"><![CDATA[]]></item>
						<item id="header"><![CDATA[]]></item>
						<item id="indexplus">
						</item>
						<item id="index">
						</item>
						<item id="orderplus">
						</item>
						<item id="order">
							<item id="1"><![CDATA[<li>
    <div class="nex_cr_img">
        <a href="{url}" target="_blank" style="background:url({pic}) center no-repeat; background-size:cover;">
            <div class="nex_cr_img_news_tit">{title}</div>
        </a>
    </div>
</li>]]></item>
							<item id="2"><![CDATA[<li>
    <div class="nex_cr_txt">
        <h5><a href="{url}" target="_blank">{title}</a></h5>
        <p>{summary}</p>
    </div>
</li>]]></item>
						</item>
						<item id="loopplus">
						</item>
						<item id="loop"><![CDATA[[order=1]
<li>
    <div class="nex_cr_img">
        <a href="{url}" target="_blank" style="background:url({pic}) center no-repeat; background-size:cover;">
            <div class="nex_cr_img_news_tit">{title}</div>
        </a>
    </div>
</li>
[/order]
[order=2]
<li>
    <div class="nex_cr_txt">
        <h5><a href="{url}" target="_blank">{title}</a></h5>
        <p>{summary}</p>
    </div>
</li>
[/order]
<li>
    <div class="nex_cr_lists"><a href="{url}" target="_blank">{title}</a></div>
</li>]]></item>
					</item>
					<item id="hash"><![CDATA[a340c2e1]]></item>
				</item>
				<item id="picwidth"><![CDATA[0]]></item>
				<item id="picheight"><![CDATA[0]]></item>
				<item id="target"><![CDATA[blank]]></item>
				<item id="dateformat"><![CDATA[Y-m-d]]></item>
				<item id="dateuformat"><![CDATA[0]]></item>
				<item id="script"><![CDATA[thread]]></item>
				<item id="param">
					<item id="tids"><![CDATA[]]></item>
					<item id="uids"><![CDATA[]]></item>
					<item id="keyword"><![CDATA[]]></item>
					<item id="tagkeyword"><![CDATA[]]></item>
					<item id="fids">
						<item id="0"><![CDATA[42]]></item>
					</item>
					<item id="typeids"><![CDATA[]]></item>
					<item id="reply"><![CDATA[0]]></item>
					<item id="recommend"><![CDATA[0]]></item>
					<item id="viewmod"><![CDATA[0]]></item>
					<item id="rewardstatus"><![CDATA[0]]></item>
					<item id="picrequired"><![CDATA[1]]></item>
					<item id="orderby"><![CDATA[views]]></item>
					<item id="postdateline"><![CDATA[0]]></item>
					<item id="lastpost"><![CDATA[0]]></item>
					<item id="highlight"><![CDATA[0]]></item>
					<item id="titlelength"><![CDATA[56]]></item>
					<item id="summarylength"><![CDATA[80]]></item>
					<item id="startrow"><![CDATA[0]]></item>
					<item id="items"><![CDATA[6]]></item>
				</item>
				<item id="shownum"><![CDATA[6]]></item>
				<item id="cachetime"><![CDATA[3600]]></item>
				<item id="cachetimerange"><![CDATA[]]></item>
				<item id="punctualupdate"><![CDATA[0]]></item>
				<item id="hidedisplay"><![CDATA[0]]></item>
				<item id="dateline"><![CDATA[1606879884]]></item>
				<item id="notinherited"><![CDATA[0]]></item>
				<item id="isblank"><![CDATA[0]]></item>
			</item>
			<item id="89">
				<item id="bid"><![CDATA[89]]></item>
				<item id="blockclass"><![CDATA[html_html]]></item>
				<item id="blocktype"><![CDATA[0]]></item>
				<item id="name"><![CDATA[热门课程]]></item>
				<item id="title"><![CDATA[]]></item>
				<item id="classname"><![CDATA[]]></item>
				<item id="summary"><![CDATA[<li>
                	
                    	<div class="nex_course_coverimg" style="background:url(forum.php?mod=image&aid=57&size=295x180&key=b3c089b37cc94052) center no-repeat; background-size:cover;">
                        	<a href="forum.php?mod=viewthread&amp;tid=45" target="_blank"><span></span></a>
                        </div>
                        <div class="nex_course_coverinfo">
                        	<h5><a href="forum.php?mod=viewthread&amp;tid=45" target="_blank">银行理财业务销售话术技巧</a></h5>
                            <div class="nex_course_infobtm">
                            	<a href="home.php?mod=space&uid=9" target="_blank">大鱼FREE</a>
                                <em>1人在学<i>·</i>初级<i>·</i>1课时</em>
                                <div class="clear"></div>
                            </div>
                        </div>
                    
                </li><li>
                	
                    	<div class="nex_course_coverimg" style="background:url(forum.php?mod=image&aid=56&size=295x180&key=8023956104852061) center no-repeat; background-size:cover;">
                        	<a href="forum.php?mod=viewthread&amp;tid=44" target="_blank"><span></span></a>
                        </div>
                        <div class="nex_course_coverinfo">
                        	<h5><a href="forum.php?mod=viewthread&amp;tid=44" target="_blank">罗斯公司理财课程送配套练习，为保证学习效果</a></h5>
                            <div class="nex_course_infobtm">
                            	<a href="home.php?mod=space&uid=9" target="_blank">大鱼FREE</a>
                                <em>3人在学<i>·</i>初级<i>·</i>13课时</em>
                                <div class="clear"></div>
                            </div>
                        </div>
                    
                </li><li>
                	
                    	<div class="nex_course_coverimg" style="background:url(forum.php?mod=image&aid=55&size=295x180&key=58616b7f254f003b) center no-repeat; background-size:cover;">
                        	<a href="forum.php?mod=viewthread&amp;tid=43" target="_blank"><span></span></a>
                        </div>
                        <div class="nex_course_coverinfo">
                        	<h5><a href="forum.php?mod=viewthread&amp;tid=43" target="_blank">公司理财划重点课，满满2小时直播</a></h5>
                            <div class="nex_course_infobtm">
                            	<a href="home.php?mod=space&uid=9" target="_blank">大鱼FREE</a>
                                <em>2人在学<i>·</i>中级<i>·</i>1课时</em>
                                <div class="clear"></div>
                            </div>
                        </div>
                    
                </li><li>
                	
                    	<div class="nex_course_coverimg" style="background:url(forum.php?mod=image&aid=54&size=295x180&key=1ca0dc0f5c85867e) center no-repeat; background-size:cover;">
                        	<a href="forum.php?mod=viewthread&amp;tid=42" target="_blank"><span></span></a>
                        </div>
                        <div class="nex_course_coverinfo">
                        	<h5><a href="forum.php?mod=viewthread&amp;tid=42" target="_blank">2.5小时带你学透4种公司理财题【金融硕士考研必看】</a></h5>
                            <div class="nex_course_infobtm">
                            	<a href="home.php?mod=space&uid=9" target="_blank">大鱼FREE</a>
                                <em>1人在学<i>·</i>高级<i>·</i>1课时</em>
                                <div class="clear"></div>
                            </div>
                        </div>
                    
                </li><li>
                	
                    	<div class="nex_course_coverimg" style="background:url(forum.php?mod=image&aid=53&size=295x180&key=c4abf59f3e08d3e7) center no-repeat; background-size:cover;">
                        	<a href="forum.php?mod=viewthread&amp;tid=41" target="_blank"><span></span></a>
                        </div>
                        <div class="nex_course_coverinfo">
                        	<h5><a href="forum.php?mod=viewthread&amp;tid=41" target="_blank">转型区块链开发（比特币/公链开发/以太坊/EOS/DAPP/钱包/交易所</a></h5>
                            <div class="nex_course_infobtm">
                            	<a href="home.php?mod=space&uid=11" target="_blank">大人物尹老师</a>
                                <em>1人在学<i>·</i>高级<i>·</i>16课时</em>
                                <div class="clear"></div>
                            </div>
                        </div>
                    
                </li><li>
                	
                    	<div class="nex_course_coverimg" style="background:url(forum.php?mod=image&aid=52&size=295x180&key=c7fb18befa639e11) center no-repeat; background-size:cover;">
                        	<a href="forum.php?mod=viewthread&amp;tid=40" target="_blank"><span></span></a>
                        </div>
                        <div class="nex_course_coverinfo">
                        	<h5><a href="forum.php?mod=viewthread&amp;tid=40" target="_blank">go语言与区块链高级教程之区块链从入门到精通-智能合约</a></h5>
                            <div class="nex_course_infobtm">
                            	<a href="home.php?mod=space&uid=11" target="_blank">大人物尹老师</a>
                                <em>1人在学<i>·</i>高级<i>·</i>17课时</em>
                                <div class="clear"></div>
                            </div>
                        </div>
                    
                </li>]]></item>
				<item id="uid"><![CDATA[1]]></item>
				<item id="username"><![CDATA[admin]]></item>
				<item id="styleid"><![CDATA[0]]></item>
				<item id="blockstyle"><![CDATA[]]></item>
				<item id="picwidth"><![CDATA[0]]></item>
				<item id="picheight"><![CDATA[0]]></item>
				<item id="target"><![CDATA[blank]]></item>
				<item id="dateformat"><![CDATA[Y-m-d]]></item>
				<item id="dateuformat"><![CDATA[0]]></item>
				<item id="script"><![CDATA[sort]]></item>
				<item id="param">
					<item id="tids"><![CDATA[]]></item>
					<item id="fids">
						<item id="0"><![CDATA[41]]></item>
						<item id="1"><![CDATA[40]]></item>
						<item id="2"><![CDATA[39]]></item>
						<item id="3"><![CDATA[38]]></item>
						<item id="4"><![CDATA[37]]></item>
					</item>
					<item id="sortids"><![CDATA[5]]></item>
					<item id="recommend"><![CDATA[0]]></item>
					<item id="orderby"><![CDATA[lastpost]]></item>
					<item id="lastpost"><![CDATA[0]]></item>
					<item id="startrow"><![CDATA[0]]></item>
					<item id="showitems"><![CDATA[6]]></item>
					<item id="items"><![CDATA[10]]></item>
				</item>
				<item id="shownum"><![CDATA[10]]></item>
				<item id="cachetime"><![CDATA[3600]]></item>
				<item id="cachetimerange"><![CDATA[]]></item>
				<item id="punctualupdate"><![CDATA[0]]></item>
				<item id="hidedisplay"><![CDATA[0]]></item>
				<item id="dateline"><![CDATA[1606879886]]></item>
				<item id="notinherited"><![CDATA[0]]></item>
				<item id="isblank"><![CDATA[0]]></item>
			</item>
			<item id="92">
				<item id="bid"><![CDATA[92]]></item>
				<item id="blockclass"><![CDATA[html_html]]></item>
				<item id="blocktype"><![CDATA[0]]></item>
				<item id="name"><![CDATA[标题文字]]></item>
				<item id="title"><![CDATA[]]></item>
				<item id="classname"><![CDATA[]]></item>
				<item id="summary"><![CDATA[<span>本版精彩阅读</span>
                    <div class="clear"></div>]]></item>
				<item id="uid"><![CDATA[1]]></item>
				<item id="username"><![CDATA[admin]]></item>
				<item id="styleid"><![CDATA[0]]></item>
				<item id="blockstyle"><![CDATA[]]></item>
				<item id="picwidth"><![CDATA[0]]></item>
				<item id="picheight"><![CDATA[0]]></item>
				<item id="target"><![CDATA[blank]]></item>
				<item id="dateformat"><![CDATA[Y-m-d]]></item>
				<item id="dateuformat"><![CDATA[0]]></item>
				<item id="script"><![CDATA[blank]]></item>
				<item id="param">
					<item id="content"><![CDATA[<span>本版精彩阅读</span>
                    <div class=\"clear\"></div>]]></item>
					<item id="items"><![CDATA[10]]></item>
				</item>
				<item id="shownum"><![CDATA[10]]></item>
				<item id="cachetime"><![CDATA[3600]]></item>
				<item id="cachetimerange"><![CDATA[]]></item>
				<item id="punctualupdate"><![CDATA[0]]></item>
				<item id="hidedisplay"><![CDATA[0]]></item>
				<item id="dateline"><![CDATA[1606880021]]></item>
				<item id="notinherited"><![CDATA[0]]></item>
				<item id="isblank"><![CDATA[0]]></item>
			</item>
			<item id="93">
				<item id="bid"><![CDATA[93]]></item>
				<item id="blockclass"><![CDATA[html_html]]></item>
				<item id="blocktype"><![CDATA[0]]></item>
				<item id="name"><![CDATA[标题文字]]></item>
				<item id="title"><![CDATA[]]></item>
				<item id="classname"><![CDATA[]]></item>
				<item id="summary"><![CDATA[<span>热门课程</span>
                    <a href="#" target="_blank">更多课程</a>]]></item>
				<item id="uid"><![CDATA[1]]></item>
				<item id="username"><![CDATA[admin]]></item>
				<item id="styleid"><![CDATA[0]]></item>
				<item id="blockstyle"><![CDATA[]]></item>
				<item id="picwidth"><![CDATA[0]]></item>
				<item id="picheight"><![CDATA[0]]></item>
				<item id="target"><![CDATA[blank]]></item>
				<item id="dateformat"><![CDATA[Y-m-d]]></item>
				<item id="dateuformat"><![CDATA[0]]></item>
				<item id="script"><![CDATA[blank]]></item>
				<item id="param">
					<item id="content"><![CDATA[<span>热门课程</span>
                    <a href=\"#\" target=\"_blank\">更多课程</a>]]></item>
					<item id="items"><![CDATA[10]]></item>
				</item>
				<item id="shownum"><![CDATA[10]]></item>
				<item id="cachetime"><![CDATA[3600]]></item>
				<item id="cachetimerange"><![CDATA[]]></item>
				<item id="punctualupdate"><![CDATA[0]]></item>
				<item id="hidedisplay"><![CDATA[0]]></item>
				<item id="dateline"><![CDATA[1606880069]]></item>
				<item id="notinherited"><![CDATA[0]]></item>
				<item id="isblank"><![CDATA[0]]></item>
			</item>
		</item>
		<item id="style">
		</item>
	</item>
</root>
