<?xml version="1.0" encoding="ISO-8859-1"?>
<root>
	<item id="spacecss"><![CDATA[]]></item>
	<item id="layoutdata">
		<item id="diy1"><![CDATA[]]></item>
		<item id="nex_art_btm_promotion"><![CDATA[]]></item>
		<item id=""><![CDATA[]]></item>
		<item id="nex_tech_reading_list">
			<item id="frame`framesUEA6F">
				<item id="attr">
					<item id="name"><![CDATA[framesUEA6F]]></item>
					<item id="moveable"><![CDATA[true]]></item>
					<item id="className"><![CDATA[frame move-span cl frame-1]]></item>
					<item id="titles"><![CDATA[]]></item>
				</item>
				<item id="column`framesUEA6F_left">
					<item id="attr">
						<item id="name"><![CDATA[framesUEA6F_left]]></item>
						<item id="className"><![CDATA[column frame-1-c]]></item>
					</item>
					<item id="block`portal_block_55">
						<item id="attr">
							<item id="name"><![CDATA[portal_block_55]]></item>
							<item id="className"><![CDATA[block move-span]]></item>
							<item id="titles"><![CDATA[]]></item>
						</item>
					</item>
				</item>
			</item>
		</item>
		<item id="nex_recom_reading_list">
			<item id="frame`frameEoeoC9">
				<item id="attr">
					<item id="name"><![CDATA[frameEoeoC9]]></item>
					<item id="moveable"><![CDATA[true]]></item>
					<item id="className"><![CDATA[frame move-span cl frame-1]]></item>
					<item id="titles"><![CDATA[]]></item>
				</item>
				<item id="column`frameEoeoC9_left">
					<item id="attr">
						<item id="name"><![CDATA[frameEoeoC9_left]]></item>
						<item id="className"><![CDATA[column frame-1-c]]></item>
					</item>
					<item id="block`portal_block_54">
						<item id="attr">
							<item id="name"><![CDATA[portal_block_54]]></item>
							<item id="className"><![CDATA[block move-span]]></item>
							<item id="titles"><![CDATA[]]></item>
						</item>
					</item>
				</item>
			</item>
		</item>
		<item id="diy3"><![CDATA[]]></item>
	</item>
	<item id="blockdata">
		<item id="block">
			<item id="54">
				<item id="bid"><![CDATA[54]]></item>
				<item id="blockclass"><![CDATA[html_html]]></item>
				<item id="blocktype"><![CDATA[0]]></item>
				<item id="name"><![CDATA[推荐课程]]></item>
				<item id="title"><![CDATA[]]></item>
				<item id="classname"><![CDATA[]]></item>
				<item id="summary"><![CDATA[<li>
                	
                    	<div class="nex_course_coverimg" style="background:url(forum.php?mod=image&aid=37&size=295x180&key=986bb29a1dc93745) center no-repeat; background-size:cover;">
                        	<a href="forum.php?mod=viewthread&amp;tid=25" target="_blank"><span></span></a>
                        </div>
                        <div class="nex_course_coverinfo">
                        	<h5><a href="forum.php?mod=viewthread&amp;tid=25" target="_blank">社区工作者视频课程</a></h5>
                            <div class="nex_course_infobtm">
                            	<a href="home.php?mod=space&uid=7" target="_blank">venmen</a>
                                <em>2人在学<i>·</i>初级<i>·</i>1课时</em>
                                <div class="clear"></div>
                            </div>
                        </div>
                    
                </li><li>
                	
                    	<div class="nex_course_coverimg" style="background:url(forum.php?mod=image&aid=34&size=295x180&key=e87e031168cb844a) center no-repeat; background-size:cover;">
                        	<a href="forum.php?mod=viewthread&amp;tid=22" target="_blank"><span></span></a>
                        </div>
                        <div class="nex_course_coverinfo">
                        	<h5><a href="forum.php?mod=viewthread&amp;tid=22" target="_blank">2020税务师|注册税务师|财务与会计|税法|涉税服务</a></h5>
                            <div class="nex_course_infobtm">
                            	<a href="home.php?mod=space&uid=7" target="_blank">venmen</a>
                                <em>1人在学<i>·</i>中级<i>·</i>113课时</em>
                                <div class="clear"></div>
                            </div>
                        </div>
                    
                </li><li>
                	
                    	<div class="nex_course_coverimg" style="background:url(forum.php?mod=image&aid=35&size=295x180&key=13dfd106fe7c62a5) center no-repeat; background-size:cover;">
                        	<a href="forum.php?mod=viewthread&amp;tid=23" target="_blank"><span></span></a>
                        </div>
                        <div class="nex_course_coverinfo">
                        	<h5><a href="forum.php?mod=viewthread&amp;tid=23" target="_blank">2020下半年教师资格证面试基础精讲班</a></h5>
                            <div class="nex_course_infobtm">
                            	<a href="home.php?mod=space&uid=7" target="_blank">venmen</a>
                                <em>1人在学<i>·</i>高级<i>·</i>23课时</em>
                                <div class="clear"></div>
                            </div>
                        </div>
                    
                </li><li>
                	
                    	<div class="nex_course_coverimg" style="background:url(forum.php?mod=image&aid=36&size=295x180&key=960648b7d9855b41) center no-repeat; background-size:cover;">
                        	<a href="forum.php?mod=viewthread&amp;tid=24" target="_blank"><span></span></a>
                        </div>
                        <div class="nex_course_coverinfo">
                        	<h5><a href="forum.php?mod=viewthread&amp;tid=24" target="_blank">公务员面试公开课（适用省考、事业单位）</a></h5>
                            <div class="nex_course_infobtm">
                            	<a href="home.php?mod=space&uid=7" target="_blank">venmen</a>
                                <em>1人在学<i>·</i>初级<i>·</i>4课时</em>
                                <div class="clear"></div>
                            </div>
                        </div>
                    
                </li><li>
                	
                    	<div class="nex_course_coverimg" style="background:url(forum.php?mod=image&aid=38&size=295x180&key=cf772c3a3d8cc67a) center no-repeat; background-size:cover;">
                        	<a href="forum.php?mod=viewthread&amp;tid=26" target="_blank"><span></span></a>
                        </div>
                        <div class="nex_course_coverinfo">
                        	<h5><a href="forum.php?mod=viewthread&amp;tid=26" target="_blank">地基基础结构设计实战班公开课</a></h5>
                            <div class="nex_course_infobtm">
                            	<a href="home.php?mod=space&uid=7" target="_blank">venmen</a>
                                <em>1人在学<i>·</i>中级<i>·</i>6课时</em>
                                <div class="clear"></div>
                            </div>
                        </div>
                    
                </li><li>
                	
                    	<div class="nex_course_coverimg" style="background:url(forum.php?mod=image&aid=39&size=295x180&key=780775e2dc9a164b) center no-repeat; background-size:cover;">
                        	<a href="forum.php?mod=viewthread&amp;tid=27" target="_blank"><span></span></a>
                        </div>
                        <div class="nex_course_coverinfo">
                        	<h5><a href="forum.php?mod=viewthread&amp;tid=27" target="_blank">2021执业/助理医师资格考试女性生殖系统考点精讲</a></h5>
                            <div class="nex_course_infobtm">
                            	<a href="home.php?mod=space&uid=7" target="_blank">venmen</a>
                                <em>1人在学<i>·</i>高级<i>·</i>25课时</em>
                                <div class="clear"></div>
                            </div>
                        </div>
                    
                </li>]]></item>
				<item id="uid"><![CDATA[1]]></item>
				<item id="username"><![CDATA[admin]]></item>
				<item id="styleid"><![CDATA[0]]></item>
				<item id="blockstyle"><![CDATA[]]></item>
				<item id="picwidth"><![CDATA[0]]></item>
				<item id="picheight"><![CDATA[0]]></item>
				<item id="target"><![CDATA[blank]]></item>
				<item id="dateformat"><![CDATA[Y-m-d]]></item>
				<item id="dateuformat"><![CDATA[0]]></item>
				<item id="script"><![CDATA[sort]]></item>
				<item id="param">
					<item id="tids"><![CDATA[]]></item>
					<item id="fids">
						<item id="0"><![CDATA[39]]></item>
					</item>
					<item id="sortids"><![CDATA[3]]></item>
					<item id="recommend"><![CDATA[0]]></item>
					<item id="orderby"><![CDATA[views]]></item>
					<item id="lastpost"><![CDATA[0]]></item>
					<item id="startrow"><![CDATA[0]]></item>
					<item id="showitems"><![CDATA[6]]></item>
					<item id="items"><![CDATA[10]]></item>
				</item>
				<item id="shownum"><![CDATA[10]]></item>
				<item id="cachetime"><![CDATA[3600]]></item>
				<item id="cachetimerange"><![CDATA[]]></item>
				<item id="punctualupdate"><![CDATA[0]]></item>
				<item id="hidedisplay"><![CDATA[0]]></item>
				<item id="dateline"><![CDATA[1606880397]]></item>
				<item id="notinherited"><![CDATA[0]]></item>
				<item id="isblank"><![CDATA[0]]></item>
			</item>
			<item id="55">
				<item id="bid"><![CDATA[55]]></item>
				<item id="blockclass"><![CDATA[portal_article]]></item>
				<item id="blocktype"><![CDATA[0]]></item>
				<item id="name"><![CDATA[技术文章]]></item>
				<item id="title"><![CDATA[]]></item>
				<item id="classname"><![CDATA[]]></item>
				<item id="summary"><![CDATA[]]></item>
				<item id="uid"><![CDATA[1]]></item>
				<item id="username"><![CDATA[admin]]></item>
				<item id="styleid"><![CDATA[0]]></item>
				<item id="blockstyle">
					<item id="name"><![CDATA[]]></item>
					<item id="blockclass"><![CDATA[portal_article]]></item>
					<item id="makethumb"><![CDATA[0]]></item>
					<item id="getpic"><![CDATA[0]]></item>
					<item id="getsummary"><![CDATA[0]]></item>
					<item id="settarget"><![CDATA[1]]></item>
					<item id="moreurl"><![CDATA[0]]></item>
					<item id="fields">
						<item id="0"><![CDATA[url]]></item>
						<item id="1"><![CDATA[title]]></item>
					</item>
					<item id="template">
						<item id="raw"><![CDATA[
[loop]
<li><a href="{url}" title="{title}"{target}>{title}</a></li>
[/loop]]]></item>
						<item id="footer"><![CDATA[]]></item>
						<item id="header"><![CDATA[]]></item>
						<item id="indexplus"><![CDATA[
						]]></item>
						<item id="index"><![CDATA[
						]]></item>
						<item id="orderplus"><![CDATA[
						]]></item>
						<item id="order"><![CDATA[
						]]></item>
						<item id="loopplus"><![CDATA[
						]]></item>
						<item id="loop"><![CDATA[<li><a href="{url}" title="{title}"{target}>{title}</a></li>]]></item>
					</item>
					<item id="hash"><![CDATA[ca649d05]]></item>
				</item>
				<item id="picwidth"><![CDATA[0]]></item>
				<item id="picheight"><![CDATA[0]]></item>
				<item id="target"><![CDATA[blank]]></item>
				<item id="dateformat"><![CDATA[Y-m-d]]></item>
				<item id="dateuformat"><![CDATA[0]]></item>
				<item id="script"><![CDATA[article]]></item>
				<item id="param">
					<item id="aids"><![CDATA[]]></item>
					<item id="uids"><![CDATA[]]></item>
					<item id="keyword"><![CDATA[]]></item>
					<item id="picrequired"><![CDATA[0]]></item>
					<item id="starttime"><![CDATA[]]></item>
					<item id="endtime"><![CDATA[]]></item>
					<item id="orderby"><![CDATA[dateline]]></item>
					<item id="publishdateline"><![CDATA[0]]></item>
					<item id="titlelength"><![CDATA[56]]></item>
					<item id="summarylength"><![CDATA[80]]></item>
					<item id="startrow"><![CDATA[0]]></item>
					<item id="items"><![CDATA[10]]></item>
				</item>
				<item id="shownum"><![CDATA[10]]></item>
				<item id="cachetime"><![CDATA[3600]]></item>
				<item id="cachetimerange"><![CDATA[]]></item>
				<item id="punctualupdate"><![CDATA[0]]></item>
				<item id="hidedisplay"><![CDATA[0]]></item>
				<item id="dateline"><![CDATA[1606880395]]></item>
				<item id="notinherited"><![CDATA[0]]></item>
				<item id="isblank"><![CDATA[0]]></item>
			</item>
		</item>
		<item id="style">
		</item>
	</item>
</root>
