<?xml version="1.0" encoding="ISO-8859-1"?>
<root>
	<item id="spacecss"><![CDATA[]]></item>
	<item id="layoutdata">
		<item id="diy1"><![CDATA[]]></item>
		<item id="diycontentbottom"><![CDATA[]]></item>
		<item id="nex_hot_articles_list">
			<item id="frame`frametZFM5I">
				<item id="attr">
					<item id="name"><![CDATA[frametZFM5I]]></item>
					<item id="moveable"><![CDATA[true]]></item>
					<item id="className"><![CDATA[frame move-span cl frame-1]]></item>
					<item id="titles"><![CDATA[]]></item>
				</item>
				<item id="column`frametZFM5I_left">
					<item id="attr">
						<item id="name"><![CDATA[frametZFM5I_left]]></item>
						<item id="className"><![CDATA[column frame-1-c]]></item>
					</item>
					<item id="block`portal_block_36">
						<item id="attr">
							<item id="name"><![CDATA[portal_block_36]]></item>
							<item id="className"><![CDATA[block move-span]]></item>
							<item id="titles"><![CDATA[]]></item>
						</item>
					</item>
				</item>
			</item>
		</item>
		<item id="nex_hot_arthor_list">
			<item id="frame`frameOOeDxA">
				<item id="attr">
					<item id="name"><![CDATA[frameOOeDxA]]></item>
					<item id="moveable"><![CDATA[true]]></item>
					<item id="className"><![CDATA[frame move-span cl frame-1]]></item>
					<item id="titles"><![CDATA[]]></item>
				</item>
				<item id="column`frameOOeDxA_left">
					<item id="attr">
						<item id="name"><![CDATA[frameOOeDxA_left]]></item>
						<item id="className"><![CDATA[column frame-1-c]]></item>
					</item>
					<item id="block`portal_block_37">
						<item id="attr">
							<item id="name"><![CDATA[portal_block_37]]></item>
							<item id="className"><![CDATA[block move-span]]></item>
							<item id="titles"><![CDATA[]]></item>
						</item>
					</item>
				</item>
			</item>
		</item>
		<item id="nex_rank_articles_list">
			<item id="frame`framezZwnYd">
				<item id="attr">
					<item id="name"><![CDATA[framezZwnYd]]></item>
					<item id="moveable"><![CDATA[true]]></item>
					<item id="className"><![CDATA[frame move-span cl frame-1]]></item>
					<item id="titles"><![CDATA[]]></item>
				</item>
				<item id="column`framezZwnYd_left">
					<item id="attr">
						<item id="name"><![CDATA[framezZwnYd_left]]></item>
						<item id="className"><![CDATA[column frame-1-c]]></item>
					</item>
					<item id="block`portal_block_38">
						<item id="attr">
							<item id="name"><![CDATA[portal_block_38]]></item>
							<item id="className"><![CDATA[block move-span]]></item>
							<item id="titles"><![CDATA[]]></item>
						</item>
					</item>
				</item>
			</item>
		</item>
	</item>
	<item id="blockdata">
		<item id="block">
			<item id="36">
				<item id="bid"><![CDATA[36]]></item>
				<item id="blockclass"><![CDATA[portal_article]]></item>
				<item id="blocktype"><![CDATA[0]]></item>
				<item id="name"><![CDATA[热门文章]]></item>
				<item id="title"><![CDATA[]]></item>
				<item id="classname"><![CDATA[]]></item>
				<item id="summary"><![CDATA[]]></item>
				<item id="uid"><![CDATA[1]]></item>
				<item id="username"><![CDATA[admin]]></item>
				<item id="styleid"><![CDATA[0]]></item>
				<item id="blockstyle">
					<item id="name"><![CDATA[]]></item>
					<item id="blockclass"><![CDATA[portal_article]]></item>
					<item id="makethumb"><![CDATA[0]]></item>
					<item id="getpic"><![CDATA[1]]></item>
					<item id="getsummary"><![CDATA[0]]></item>
					<item id="settarget"><![CDATA[0]]></item>
					<item id="moreurl"><![CDATA[0]]></item>
					<item id="fields">
						<item id="0"><![CDATA[url]]></item>
						<item id="1"><![CDATA[pic]]></item>
						<item id="2"><![CDATA[title]]></item>
					</item>
					<item id="template">
						<item id="raw"><![CDATA[[loop]
                                [order=1]
                            	<li>
                                	<a href="{url}" target="_blank">
                                    	<div class="nex_ha_img" style="background:url({pic}) center no-repeat; background-size:cover;">
                                        	<span class="nex_ha_num1">TOP1</span>
                                        </div>
                                        <div class="nex_ha_info"><h5>{title}</h5></div>
                                        <div class="clear"></div>
                                    </a>
                                </li>
                                [/order]
                                [order=2]
                            	<li>
                                	<a href="{url}" target="_blank">
                                    	<div class="nex_ha_img" style="background:url({pic}) center no-repeat; background-size:cover;">
                                        	<span class="nex_ha_num2">TOP2</span>
                                        </div>
                                        <div class="nex_ha_info"><h5>{title}</h5></div>
                                        <div class="clear"></div>
                                    </a>
                                </li>
                                [/order]
                                [order=3]
                            	<li>
                                	<a href="{url}" target="_blank">
                                    	<div class="nex_ha_img" style="background:url({pic}) center no-repeat; background-size:cover;">
                                        	<span class="nex_ha_num3">TOP3</span>
                                        </div>
                                        <div class="nex_ha_info"><h5>{title}</h5></div>
                                        <div class="clear"></div>
                                    </a>
                                </li>
                                [/order]
                                <li>
                                	<a href="{url}" target="_blank">
                                    	<div class="nex_ha_img" style="background:url({pic}) center no-repeat; background-size:cover;"></div>
                                        <div class="nex_ha_info"><h5>{title}</h5></div>
                                        <div class="clear"></div>
                                    </a>
                                </li>
                                [/loop]]]></item>
						<item id="footer"><![CDATA[]]></item>
						<item id="header"><![CDATA[]]></item>
						<item id="indexplus"><![CDATA[
						]]></item>
						<item id="index"><![CDATA[
						]]></item>
						<item id="orderplus"><![CDATA[
						]]></item>
						<item id="order">
							<item id="1"><![CDATA[<li>
                                	<a href="{url}" target="_blank">
                                    	<div class="nex_ha_img" style="background:url({pic}) center no-repeat; background-size:cover;">
                                        	<span class="nex_ha_num1">TOP1</span>
                                        </div>
                                        <div class="nex_ha_info"><h5>{title}</h5></div>
                                        <div class="clear"></div>
                                    </a>
                                </li>]]></item>
							<item id="2"><![CDATA[<li>
                                	<a href="{url}" target="_blank">
                                    	<div class="nex_ha_img" style="background:url({pic}) center no-repeat; background-size:cover;">
                                        	<span class="nex_ha_num2">TOP2</span>
                                        </div>
                                        <div class="nex_ha_info"><h5>{title}</h5></div>
                                        <div class="clear"></div>
                                    </a>
                                </li>]]></item>
							<item id="3"><![CDATA[<li>
                                	<a href="{url}" target="_blank">
                                    	<div class="nex_ha_img" style="background:url({pic}) center no-repeat; background-size:cover;">
                                        	<span class="nex_ha_num3">TOP3</span>
                                        </div>
                                        <div class="nex_ha_info"><h5>{title}</h5></div>
                                        <div class="clear"></div>
                                    </a>
                                </li>]]></item>
						</item>
						<item id="loopplus"><![CDATA[
						]]></item>
						<item id="loop"><![CDATA[[order=1]
                            	<li>
                                	<a href="{url}" target="_blank">
                                    	<div class="nex_ha_img" style="background:url({pic}) center no-repeat; background-size:cover;">
                                        	<span class="nex_ha_num1">TOP1</span>
                                        </div>
                                        <div class="nex_ha_info"><h5>{title}</h5></div>
                                        <div class="clear"></div>
                                    </a>
                                </li>
                                [/order]
                                [order=2]
                            	<li>
                                	<a href="{url}" target="_blank">
                                    	<div class="nex_ha_img" style="background:url({pic}) center no-repeat; background-size:cover;">
                                        	<span class="nex_ha_num2">TOP2</span>
                                        </div>
                                        <div class="nex_ha_info"><h5>{title}</h5></div>
                                        <div class="clear"></div>
                                    </a>
                                </li>
                                [/order]
                                [order=3]
                            	<li>
                                	<a href="{url}" target="_blank">
                                    	<div class="nex_ha_img" style="background:url({pic}) center no-repeat; background-size:cover;">
                                        	<span class="nex_ha_num3">TOP3</span>
                                        </div>
                                        <div class="nex_ha_info"><h5>{title}</h5></div>
                                        <div class="clear"></div>
                                    </a>
                                </li>
                                [/order]
                                <li>
                                	<a href="{url}" target="_blank">
                                    	<div class="nex_ha_img" style="background:url({pic}) center no-repeat; background-size:cover;"></div>
                                        <div class="nex_ha_info"><h5>{title}</h5></div>
                                        <div class="clear"></div>
                                    </a>
                                </li>]]></item>
					</item>
					<item id="hash"><![CDATA[8846e212]]></item>
				</item>
				<item id="picwidth"><![CDATA[0]]></item>
				<item id="picheight"><![CDATA[0]]></item>
				<item id="target"><![CDATA[blank]]></item>
				<item id="dateformat"><![CDATA[Y-m-d]]></item>
				<item id="dateuformat"><![CDATA[0]]></item>
				<item id="script"><![CDATA[article]]></item>
				<item id="param">
					<item id="aids"><![CDATA[]]></item>
					<item id="uids"><![CDATA[]]></item>
					<item id="keyword"><![CDATA[]]></item>
					<item id="picrequired"><![CDATA[1]]></item>
					<item id="starttime"><![CDATA[]]></item>
					<item id="endtime"><![CDATA[]]></item>
					<item id="orderby"><![CDATA[commentnum]]></item>
					<item id="publishdateline"><![CDATA[0]]></item>
					<item id="titlelength"><![CDATA[56]]></item>
					<item id="summarylength"><![CDATA[80]]></item>
					<item id="startrow"><![CDATA[0]]></item>
					<item id="items"><![CDATA[8]]></item>
				</item>
				<item id="shownum"><![CDATA[8]]></item>
				<item id="cachetime"><![CDATA[3600]]></item>
				<item id="cachetimerange"><![CDATA[]]></item>
				<item id="punctualupdate"><![CDATA[0]]></item>
				<item id="hidedisplay"><![CDATA[0]]></item>
				<item id="dateline"><![CDATA[1606880369]]></item>
				<item id="notinherited"><![CDATA[0]]></item>
				<item id="isblank"><![CDATA[0]]></item>
			</item>
			<item id="37">
				<item id="bid"><![CDATA[37]]></item>
				<item id="blockclass"><![CDATA[member_member]]></item>
				<item id="blocktype"><![CDATA[0]]></item>
				<item id="name"><![CDATA[推荐作者]]></item>
				<item id="title"><![CDATA[]]></item>
				<item id="classname"><![CDATA[]]></item>
				<item id="summary"><![CDATA[]]></item>
				<item id="uid"><![CDATA[1]]></item>
				<item id="username"><![CDATA[admin]]></item>
				<item id="styleid"><![CDATA[0]]></item>
				<item id="blockstyle">
					<item id="name"><![CDATA[]]></item>
					<item id="blockclass"><![CDATA[member_member]]></item>
					<item id="makethumb"><![CDATA[0]]></item>
					<item id="getpic"><![CDATA[0]]></item>
					<item id="getsummary"><![CDATA[0]]></item>
					<item id="settarget"><![CDATA[0]]></item>
					<item id="moreurl"><![CDATA[0]]></item>
					<item id="fields">
						<item id="0"><![CDATA[url]]></item>
						<item id="1"><![CDATA[avatar_big]]></item>
						<item id="2"><![CDATA[title]]></item>
						<item id="3"><![CDATA[id]]></item>
						<item id="4"><![CDATA[threads]]></item>
						<item id="5"><![CDATA[regdate]]></item>
					</item>
					<item id="template">
						<item id="raw"><![CDATA[[loop]
                            	<li>
                                	<div class="nex_hal_l">
                                    	<a href="{url}" target="_blank"><img src="{avatar_big}"></a>
                                    </div>
                                    <div class="nex_hal_r">
                                    	<div class="nex_hal_r_top">
                                        	<span><a href="{url}" target="_blank">{title}</a></span>
                                            <em><a href="home.php?mod=spacecp&ac=friend&op=add&uid={id}&handlekey=addfriendhk_1" target="_blank">+关注</a></em>
                                            <div class="clear"></div>
                                        </div>
                                        <div class="nex_hal_r_btm">
                                        	<p>{threads}个主题<span>注册时间{regdate}</span></p>
                                        </div>
                                    </div>
                                    <div class="clear"></div>
                                </li>
                                [/loop]]]></item>
						<item id="footer"><![CDATA[]]></item>
						<item id="header"><![CDATA[]]></item>
						<item id="indexplus"><![CDATA[
						]]></item>
						<item id="index"><![CDATA[
						]]></item>
						<item id="orderplus"><![CDATA[
						]]></item>
						<item id="order"><![CDATA[
						]]></item>
						<item id="loopplus"><![CDATA[
						]]></item>
						<item id="loop"><![CDATA[<li>
                                	<div class="nex_hal_l">
                                    	<a href="{url}" target="_blank"><img src="{avatar_big}"></a>
                                    </div>
                                    <div class="nex_hal_r">
                                    	<div class="nex_hal_r_top">
                                        	<span><a href="{url}" target="_blank">{title}</a></span>
                                            <em><a href="home.php?mod=spacecp&ac=friend&op=add&uid={id}&handlekey=addfriendhk_1" target="_blank">+关注</a></em>
                                            <div class="clear"></div>
                                        </div>
                                        <div class="nex_hal_r_btm">
                                        	<p>{threads}个主题<span>注册时间{regdate}</span></p>
                                        </div>
                                    </div>
                                    <div class="clear"></div>
                                </li>]]></item>
					</item>
					<item id="hash"><![CDATA[314ca0d4]]></item>
				</item>
				<item id="picwidth"><![CDATA[0]]></item>
				<item id="picheight"><![CDATA[0]]></item>
				<item id="target"><![CDATA[blank]]></item>
				<item id="dateformat"><![CDATA[Y-m-d]]></item>
				<item id="dateuformat"><![CDATA[0]]></item>
				<item id="script"><![CDATA[member]]></item>
				<item id="param">
					<item id="uids"><![CDATA[]]></item>
					<item id="special"><![CDATA[]]></item>
					<item id="gender"><![CDATA[]]></item>
					<item id="xbirthprovince"><![CDATA[]]></item>
					<item id="xresideprovince"><![CDATA[]]></item>
					<item id="avatarstatus"><![CDATA[0]]></item>
					<item id="orderby"><![CDATA[credits]]></item>
					<item id="extcredit"><![CDATA[1]]></item>
					<item id="lastpost"><![CDATA[]]></item>
					<item id="startrow"><![CDATA[0]]></item>
					<item id="items"><![CDATA[6]]></item>
				</item>
				<item id="shownum"><![CDATA[6]]></item>
				<item id="cachetime"><![CDATA[3600]]></item>
				<item id="cachetimerange"><![CDATA[]]></item>
				<item id="punctualupdate"><![CDATA[0]]></item>
				<item id="hidedisplay"><![CDATA[0]]></item>
				<item id="dateline"><![CDATA[1606873252]]></item>
				<item id="notinherited"><![CDATA[0]]></item>
				<item id="isblank"><![CDATA[0]]></item>
			</item>
			<item id="38">
				<item id="bid"><![CDATA[38]]></item>
				<item id="blockclass"><![CDATA[portal_article]]></item>
				<item id="blocktype"><![CDATA[0]]></item>
				<item id="name"><![CDATA[阅读排行]]></item>
				<item id="title"><![CDATA[]]></item>
				<item id="classname"><![CDATA[]]></item>
				<item id="summary"><![CDATA[]]></item>
				<item id="uid"><![CDATA[1]]></item>
				<item id="username"><![CDATA[admin]]></item>
				<item id="styleid"><![CDATA[0]]></item>
				<item id="blockstyle">
					<item id="name"><![CDATA[]]></item>
					<item id="blockclass"><![CDATA[portal_article]]></item>
					<item id="makethumb"><![CDATA[0]]></item>
					<item id="getpic"><![CDATA[0]]></item>
					<item id="getsummary"><![CDATA[0]]></item>
					<item id="settarget"><![CDATA[0]]></item>
					<item id="moreurl"><![CDATA[0]]></item>
					<item id="fields">
						<item id="0"><![CDATA[url]]></item>
						<item id="1"><![CDATA[title]]></item>
						<item id="2"><![CDATA[currentorder]]></item>
					</item>
					<item id="template">
						<item id="raw"><![CDATA[[loop]
                                [order=1]
                            	<li>
                                	<em class="nex_rk_num1">1.</em>
                                    <a href="{url}" target="_blank">{title}</a>
                                    <div class="clear"></div>
                                </li>
                                [/order]
                                [order=2]
                            	<li>
                                	<em class="nex_rk_num2">2.</em>
                                    <a href="{url}" target="_blank">{title}</a>
                                    <div class="clear"></div>
                                </li>
                                [/order]
                                [order=3]
                            	<li>
                                	<em class="nex_rk_num3">3.</em>
                                    <a href="{url}" target="_blank">{title}</a>
                                    <div class="clear"></div>
                                </li>
                                [/order]
                                <li>
                                	<em>{currentorder}.</em>
                                    <a href="{url}" target="_blank">{title}</a>
                                    <div class="clear"></div>
                                </li>
                                [/loop]]]></item>
						<item id="footer"><![CDATA[]]></item>
						<item id="header"><![CDATA[]]></item>
						<item id="indexplus"><![CDATA[
						]]></item>
						<item id="index"><![CDATA[
						]]></item>
						<item id="orderplus"><![CDATA[
						]]></item>
						<item id="order">
							<item id="1"><![CDATA[<li>
                                	<em class="nex_rk_num1">1.</em>
                                    <a href="{url}" target="_blank">{title}</a>
                                    <div class="clear"></div>
                                </li>]]></item>
							<item id="2"><![CDATA[<li>
                                	<em class="nex_rk_num2">2.</em>
                                    <a href="{url}" target="_blank">{title}</a>
                                    <div class="clear"></div>
                                </li>]]></item>
							<item id="3"><![CDATA[<li>
                                	<em class="nex_rk_num3">3.</em>
                                    <a href="{url}" target="_blank">{title}</a>
                                    <div class="clear"></div>
                                </li>]]></item>
						</item>
						<item id="loopplus"><![CDATA[
						]]></item>
						<item id="loop"><![CDATA[[order=1]
                            	<li>
                                	<em class="nex_rk_num1">1.</em>
                                    <a href="{url}" target="_blank">{title}</a>
                                    <div class="clear"></div>
                                </li>
                                [/order]
                                [order=2]
                            	<li>
                                	<em class="nex_rk_num2">2.</em>
                                    <a href="{url}" target="_blank">{title}</a>
                                    <div class="clear"></div>
                                </li>
                                [/order]
                                [order=3]
                            	<li>
                                	<em class="nex_rk_num3">3.</em>
                                    <a href="{url}" target="_blank">{title}</a>
                                    <div class="clear"></div>
                                </li>
                                [/order]
                                <li>
                                	<em>{currentorder}.</em>
                                    <a href="{url}" target="_blank">{title}</a>
                                    <div class="clear"></div>
                                </li>]]></item>
					</item>
					<item id="hash"><![CDATA[9ed3c3ae]]></item>
				</item>
				<item id="picwidth"><![CDATA[0]]></item>
				<item id="picheight"><![CDATA[0]]></item>
				<item id="target"><![CDATA[blank]]></item>
				<item id="dateformat"><![CDATA[Y-m-d]]></item>
				<item id="dateuformat"><![CDATA[0]]></item>
				<item id="script"><![CDATA[article]]></item>
				<item id="param">
					<item id="aids"><![CDATA[]]></item>
					<item id="uids"><![CDATA[]]></item>
					<item id="keyword"><![CDATA[]]></item>
					<item id="picrequired"><![CDATA[0]]></item>
					<item id="starttime"><![CDATA[]]></item>
					<item id="endtime"><![CDATA[]]></item>
					<item id="orderby"><![CDATA[viewnum]]></item>
					<item id="publishdateline"><![CDATA[0]]></item>
					<item id="titlelength"><![CDATA[56]]></item>
					<item id="summarylength"><![CDATA[80]]></item>
					<item id="startrow"><![CDATA[0]]></item>
					<item id="items"><![CDATA[8]]></item>
				</item>
				<item id="shownum"><![CDATA[8]]></item>
				<item id="cachetime"><![CDATA[3600]]></item>
				<item id="cachetimerange"><![CDATA[]]></item>
				<item id="punctualupdate"><![CDATA[0]]></item>
				<item id="hidedisplay"><![CDATA[0]]></item>
				<item id="dateline"><![CDATA[1606880367]]></item>
				<item id="notinherited"><![CDATA[0]]></item>
				<item id="isblank"><![CDATA[0]]></item>
			</item>
		</item>
		<item id="style">
		</item>
	</item>
</root>
