<?xml version="1.0" encoding="ISO-8859-1"?>
<root>
	<item id="spacecss"><![CDATA[]]></item>
	<item id="layoutdata">
		<item id="diynavtop"><![CDATA[]]></item>
		<item id="diy1"><![CDATA[]]></item>
		<item id="diy4"><![CDATA[]]></item>
		<item id="diyfastposttop"><![CDATA[]]></item>
		<item id="diyforumdisplaybottom"><![CDATA[]]></item>
		<item id="biaoqicn_b_diy5">
			<item id="frame`frameMiDcC6">
				<item id="attr">
					<item id="name"><![CDATA[frameMiDcC6]]></item>
					<item id="moveable"><![CDATA[true]]></item>
					<item id="className"><![CDATA[cl_frame_bm frame move-span cl frame-1]]></item>
					<item id="titles"><![CDATA[]]></item>
				</item>
				<item id="column`frameMiDcC6_left">
					<item id="attr">
						<item id="name"><![CDATA[frameMiDcC6_left]]></item>
						<item id="className"><![CDATA[column frame-1-c]]></item>
					</item>
					<item id="block`portal_block_232">
						<item id="attr">
							<item id="name"><![CDATA[portal_block_232]]></item>
							<item id="className"><![CDATA[cl_block_bm block move-span]]></item>
							<item id="titles"><![CDATA[]]></item>
						</item>
					</item>
				</item>
			</item>
		</item>
		<item id="biaoqicn_b_diy9">
			<item id="frame`framewDwkm4">
				<item id="attr">
					<item id="name"><![CDATA[framewDwkm4]]></item>
					<item id="moveable"><![CDATA[true]]></item>
					<item id="className"><![CDATA[cl_frame_bm frame move-span cl frame-1]]></item>
					<item id="titles"><![CDATA[]]></item>
				</item>
				<item id="column`framewDwkm4_left">
					<item id="attr">
						<item id="name"><![CDATA[framewDwkm4_left]]></item>
						<item id="className"><![CDATA[column frame-1-c]]></item>
					</item>
					<item id="block`portal_block_235">
						<item id="attr">
							<item id="name"><![CDATA[portal_block_235]]></item>
							<item id="className"><![CDATA[cl_block_bm block move-span]]></item>
							<item id="titles"><![CDATA[]]></item>
						</item>
					</item>
				</item>
			</item>
		</item>
		<item id="biaoqicn_b_diy8">
			<item id="frame`frameQyl0o8">
				<item id="attr">
					<item id="name"><![CDATA[frameQyl0o8]]></item>
					<item id="moveable"><![CDATA[true]]></item>
					<item id="className"><![CDATA[cl_frame_bm frame move-span cl frame-1]]></item>
					<item id="titles"><![CDATA[]]></item>
				</item>
				<item id="column`frameQyl0o8_left">
					<item id="attr">
						<item id="name"><![CDATA[frameQyl0o8_left]]></item>
						<item id="className"><![CDATA[column frame-1-c]]></item>
					</item>
					<item id="block`portal_block_234">
						<item id="attr">
							<item id="name"><![CDATA[portal_block_234]]></item>
							<item id="className"><![CDATA[cl_block_bm block move-span]]></item>
							<item id="titles"><![CDATA[]]></item>
						</item>
					</item>
				</item>
			</item>
		</item>
		<item id="biaoqicn_b_diy6">
			<item id="frame`framemzTsz8">
				<item id="attr">
					<item id="name"><![CDATA[framemzTsz8]]></item>
					<item id="moveable"><![CDATA[true]]></item>
					<item id="className"><![CDATA[cl_frame_bm frame move-span cl frame-1]]></item>
					<item id="titles"><![CDATA[]]></item>
				</item>
				<item id="column`framemzTsz8_left">
					<item id="attr">
						<item id="name"><![CDATA[framemzTsz8_left]]></item>
						<item id="className"><![CDATA[column frame-1-c]]></item>
					</item>
					<item id="block`portal_block_233">
						<item id="attr">
							<item id="name"><![CDATA[portal_block_233]]></item>
							<item id="className"><![CDATA[cl_block_bm block move-span]]></item>
							<item id="titles"><![CDATA[]]></item>
						</item>
					</item>
				</item>
			</item>
		</item>
		<item id="diy2"><![CDATA[]]></item>
		<item id="diy3"><![CDATA[]]></item>
	</item>
	<item id="blockdata">
		<item id="block">
			<item id="232">
				<item id="bid"><![CDATA[232]]></item>
				<item id="blockclass"><![CDATA[html_html]]></item>
				<item id="blocktype"><![CDATA[0]]></item>
				<item id="name"><![CDATA[门户频道AD]]></item>
				<item id="title"><![CDATA[]]></item>
				<item id="classname"><![CDATA[cl_block_bm]]></item>
				<item id="summary"><![CDATA[<a href="http://addon.discuz.com/?@68363.developer" target="_blank"> 
   <img src="template/biaoqi_east/images/ad/p_ad.png" />
</a>]]></item>
				<item id="uid"><![CDATA[1]]></item>
				<item id="username"><![CDATA[admin]]></item>
				<item id="styleid"><![CDATA[0]]></item>
				<item id="blockstyle"><![CDATA[]]></item>
				<item id="picwidth"><![CDATA[0]]></item>
				<item id="picheight"><![CDATA[0]]></item>
				<item id="target"><![CDATA[blank]]></item>
				<item id="dateformat"><![CDATA[Y-m-d]]></item>
				<item id="dateuformat"><![CDATA[0]]></item>
				<item id="script"><![CDATA[blank]]></item>
				<item id="param">
					<item id="content"><![CDATA[<a href=\"http://addon.discuz.com/?@68363.developer\" target=\"_blank\"> 
   <img src=\"template/biaoqi_east/images/ad/p_ad.png\" />
</a> ]]></item>
					<item id="items"><![CDATA[10]]></item>
				</item>
				<item id="shownum"><![CDATA[10]]></item>
				<item id="cachetime"><![CDATA[0]]></item>
				<item id="cachetimerange"><![CDATA[0,0]]></item>
				<item id="punctualupdate"><![CDATA[0]]></item>
				<item id="hidedisplay"><![CDATA[0]]></item>
				<item id="dateline"><![CDATA[1563318953]]></item>
				<item id="notinherited"><![CDATA[0]]></item>
				<item id="isblank"><![CDATA[0]]></item>
			</item>
			<item id="233">
				<item id="bid"><![CDATA[233]]></item>
				<item id="blockclass"><![CDATA[forum_thread]]></item>
				<item id="blocktype"><![CDATA[0]]></item>
				<item id="name"><![CDATA[门户精选帖子]]></item>
				<item id="title"><![CDATA[]]></item>
				<item id="classname"><![CDATA[cl_block_bm]]></item>
				<item id="summary"><![CDATA[]]></item>
				<item id="uid"><![CDATA[1]]></item>
				<item id="username"><![CDATA[admin]]></item>
				<item id="styleid"><![CDATA[0]]></item>
				<item id="blockstyle">
					<item id="name"><![CDATA[]]></item>
					<item id="blockclass"><![CDATA[forum_thread]]></item>
					<item id="makethumb"><![CDATA[0]]></item>
					<item id="getpic"><![CDATA[0]]></item>
					<item id="getsummary"><![CDATA[0]]></item>
					<item id="settarget"><![CDATA[0]]></item>
					<item id="moreurl"><![CDATA[0]]></item>
					<item id="fields">
						<item id="0"><![CDATA[currentorder]]></item>
						<item id="1"><![CDATA[url]]></item>
						<item id="2"><![CDATA[title]]></item>
					</item>
					<item id="template">
						<item id="raw"><![CDATA[<div class="main-right-p15">
<h2 class="main-right-tit"><span>精选内容</span></h2> 

<ul class="biaoqicn_bjctj cl"> 
[loop]
    <li>
<span class="rank{currentorder}">{currentorder}</span>
 <a href="{url}" title="{title}">{title}</a>
	</li>
[/loop]
</ul>
</div>]]></item>
						<item id="footer"><![CDATA[]]></item>
						<item id="header"><![CDATA[]]></item>
						<item id="indexplus"><![CDATA[
						]]></item>
						<item id="index"><![CDATA[
						]]></item>
						<item id="orderplus"><![CDATA[
						]]></item>
						<item id="order"><![CDATA[
						]]></item>
						<item id="loopplus"><![CDATA[
						]]></item>
						<item id="loop"><![CDATA[<li>
<span class="rank{currentorder}">{currentorder}</span>
 <a href="{url}" title="{title}">{title}</a>
	</li>]]></item>
					</item>
					<item id="hash"><![CDATA[91090c45]]></item>
				</item>
				<item id="picwidth"><![CDATA[0]]></item>
				<item id="picheight"><![CDATA[0]]></item>
				<item id="target"><![CDATA[blank]]></item>
				<item id="dateformat"><![CDATA[Y-m-d]]></item>
				<item id="dateuformat"><![CDATA[0]]></item>
				<item id="script"><![CDATA[thread]]></item>
				<item id="param">
					<item id="tids"><![CDATA[]]></item>
					<item id="uids"><![CDATA[]]></item>
					<item id="keyword"><![CDATA[]]></item>
					<item id="tagkeyword"><![CDATA[]]></item>
					<item id="fids">
						<item id="0"><![CDATA[0]]></item>
					</item>
					<item id="typeids"><![CDATA[]]></item>
					<item id="recommend"><![CDATA[0]]></item>
					<item id="special">
						<item id="0"><![CDATA[0]]></item>
					</item>
					<item id="viewmod"><![CDATA[0]]></item>
					<item id="rewardstatus"><![CDATA[0]]></item>
					<item id="picrequired"><![CDATA[0]]></item>
					<item id="orderby"><![CDATA[views]]></item>
					<item id="postdateline"><![CDATA[0]]></item>
					<item id="lastpost"><![CDATA[0]]></item>
					<item id="highlight"><![CDATA[0]]></item>
					<item id="titlelength"><![CDATA[40]]></item>
					<item id="summarylength"><![CDATA[80]]></item>
					<item id="startrow"><![CDATA[0]]></item>
					<item id="items"><![CDATA[8]]></item>
				</item>
				<item id="shownum"><![CDATA[8]]></item>
				<item id="cachetime"><![CDATA[300]]></item>
				<item id="cachetimerange"><![CDATA[]]></item>
				<item id="punctualupdate"><![CDATA[1]]></item>
				<item id="hidedisplay"><![CDATA[0]]></item>
				<item id="dateline"><![CDATA[1563318953]]></item>
				<item id="notinherited"><![CDATA[0]]></item>
				<item id="isblank"><![CDATA[0]]></item>
			</item>
			<item id="234">
				<item id="bid"><![CDATA[234]]></item>
				<item id="blockclass"><![CDATA[forum_thread]]></item>
				<item id="blocktype"><![CDATA[0]]></item>
				<item id="name"><![CDATA[门户推荐阅读]]></item>
				<item id="title"><![CDATA[]]></item>
				<item id="classname"><![CDATA[cl_block_bm]]></item>
				<item id="summary"><![CDATA[]]></item>
				<item id="uid"><![CDATA[1]]></item>
				<item id="username"><![CDATA[admin]]></item>
				<item id="styleid"><![CDATA[0]]></item>
				<item id="blockstyle">
					<item id="name"><![CDATA[]]></item>
					<item id="blockclass"><![CDATA[forum_thread]]></item>
					<item id="makethumb"><![CDATA[1]]></item>
					<item id="getpic"><![CDATA[1]]></item>
					<item id="getsummary"><![CDATA[0]]></item>
					<item id="settarget"><![CDATA[1]]></item>
					<item id="moreurl"><![CDATA[0]]></item>
					<item id="fields">
						<item id="0"><![CDATA[url]]></item>
						<item id="1"><![CDATA[pic]]></item>
						<item id="2"><![CDATA[title]]></item>
						<item id="3"><![CDATA[dateline]]></item>
					</item>
					<item id="template">
						<item id="raw"><![CDATA[<div class="main-right-p15">
<h2 class="main-right-tit"><span>精选内容</span></h2>  
<ul class="main-right-kuaixu cl"> 
[loop]
  <li>
    <div class="main-right-kuaixu-pic z">
	     <a href="{url}"{target}>
		  <img src="{pic}" width="{picwidth}" height="{picheight}" />
		</a>
	</div>
    <div class="main-right-kuaixu-txt y">
	   <a href="{url}"{target}>{title}</a>
		<p>{dateline}</p>
	</div>
</li>
[/loop]
</ul>
</div>]]></item>
						<item id="footer"><![CDATA[]]></item>
						<item id="header"><![CDATA[]]></item>
						<item id="indexplus"><![CDATA[
						]]></item>
						<item id="index"><![CDATA[
						]]></item>
						<item id="orderplus"><![CDATA[
						]]></item>
						<item id="order"><![CDATA[
						]]></item>
						<item id="loopplus"><![CDATA[
						]]></item>
						<item id="loop"><![CDATA[<li>
    <div class="main-right-kuaixu-pic z">
	     <a href="{url}"{target}>
		  <img src="{pic}" width="{picwidth}" height="{picheight}" />
		</a>
	</div>
    <div class="main-right-kuaixu-txt y">
	   <a href="{url}"{target}>{title}</a>
		<p>{dateline}</p>
	</div>
</li>]]></item>
					</item>
					<item id="hash"><![CDATA[a5b6cec3]]></item>
				</item>
				<item id="picwidth"><![CDATA[95]]></item>
				<item id="picheight"><![CDATA[75]]></item>
				<item id="target"><![CDATA[blank]]></item>
				<item id="dateformat"><![CDATA[Y-m-d]]></item>
				<item id="dateuformat"><![CDATA[0]]></item>
				<item id="script"><![CDATA[thread]]></item>
				<item id="param">
					<item id="tids"><![CDATA[]]></item>
					<item id="uids"><![CDATA[]]></item>
					<item id="keyword"><![CDATA[]]></item>
					<item id="tagkeyword"><![CDATA[]]></item>
					<item id="fids">
						<item id="0"><![CDATA[0]]></item>
					</item>
					<item id="typeids"><![CDATA[]]></item>
					<item id="recommend"><![CDATA[0]]></item>
					<item id="special">
						<item id="0"><![CDATA[0]]></item>
					</item>
					<item id="viewmod"><![CDATA[0]]></item>
					<item id="rewardstatus"><![CDATA[0]]></item>
					<item id="picrequired"><![CDATA[1]]></item>
					<item id="orderby"><![CDATA[views]]></item>
					<item id="postdateline"><![CDATA[0]]></item>
					<item id="lastpost"><![CDATA[0]]></item>
					<item id="highlight"><![CDATA[0]]></item>
					<item id="titlelength"><![CDATA[40]]></item>
					<item id="summarylength"><![CDATA[80]]></item>
					<item id="startrow"><![CDATA[0]]></item>
					<item id="items"><![CDATA[5]]></item>
				</item>
				<item id="shownum"><![CDATA[5]]></item>
				<item id="cachetime"><![CDATA[300]]></item>
				<item id="cachetimerange"><![CDATA[]]></item>
				<item id="punctualupdate"><![CDATA[1]]></item>
				<item id="hidedisplay"><![CDATA[0]]></item>
				<item id="dateline"><![CDATA[1563318953]]></item>
				<item id="notinherited"><![CDATA[0]]></item>
				<item id="isblank"><![CDATA[0]]></item>
			</item>
			<item id="235">
				<item id="bid"><![CDATA[235]]></item>
				<item id="blockclass"><![CDATA[forum_thread]]></item>
				<item id="blocktype"><![CDATA[0]]></item>
				<item id="name"><![CDATA[版块主题右边最新回复]]></item>
				<item id="title"><![CDATA[]]></item>
				<item id="classname"><![CDATA[cl_block_bm]]></item>
				<item id="summary"><![CDATA[]]></item>
				<item id="uid"><![CDATA[1]]></item>
				<item id="username"><![CDATA[admin]]></item>
				<item id="styleid"><![CDATA[0]]></item>
				<item id="blockstyle">
					<item id="name"><![CDATA[]]></item>
					<item id="blockclass"><![CDATA[forum_thread]]></item>
					<item id="makethumb"><![CDATA[0]]></item>
					<item id="getpic"><![CDATA[0]]></item>
					<item id="getsummary"><![CDATA[1]]></item>
					<item id="settarget"><![CDATA[1]]></item>
					<item id="moreurl"><![CDATA[0]]></item>
					<item id="fields">
						<item id="0"><![CDATA[currentorder]]></item>
						<item id="1"><![CDATA[url]]></item>
						<item id="2"><![CDATA[title]]></item>
						<item id="3"><![CDATA[authorid]]></item>
						<item id="4"><![CDATA[avatar_middle]]></item>
						<item id="5"><![CDATA[author]]></item>
						<item id="6"><![CDATA[dateline]]></item>
						<item id="7"><![CDATA[summary]]></item>
					</item>
					<item id="template">
						<item id="raw"><![CDATA[<div class="main-right-p15">
<h2 class="main-right-tit"><span>最新回复</span></h2> 
<div class="main-right-zuixin">
<ul>
[loop]
<li class="bt{currentorder}">
  <div class="comment-post">
     <a href="{url}"{target} title="{title}">{title}</a>
  </div>
   <div class="comment-info">
	  <a href="home.php?mod=space&uid={authorid}"{target}>
         <img src="{avatar_middle}" alt="{author}">
      </a>
      
      <a href="home.php?mod=space&uid={authorid}"{target} class="comment-author">{author}</a>
      <span>{dateline}</span>
  </div>
  <div class="comment-excerpt">
      <p>{summary}</p>
  </div>
</li>
[/loop]
</ul>
</div>
</div>]]></item>
						<item id="footer"><![CDATA[]]></item>
						<item id="header"><![CDATA[]]></item>
						<item id="indexplus">
						</item>
						<item id="index">
						</item>
						<item id="orderplus">
						</item>
						<item id="order">
						</item>
						<item id="loopplus">
						</item>
						<item id="loop"><![CDATA[<li class="bt{currentorder}">
  <div class="comment-post">
     <a href="{url}"{target} title="{title}">{title}</a>
  </div>
   <div class="comment-info">
	  <a href="home.php?mod=space&uid={authorid}"{target}>
         <img src="{avatar_middle}" alt="{author}">
      </a>
      
      <a href="home.php?mod=space&uid={authorid}"{target} class="comment-author">{author}</a>
      <span>{dateline}</span>
  </div>
  <div class="comment-excerpt">
      <p>{summary}</p>
  </div>
</li>]]></item>
					</item>
					<item id="hash"><![CDATA[a904ca9a]]></item>
				</item>
				<item id="picwidth"><![CDATA[0]]></item>
				<item id="picheight"><![CDATA[0]]></item>
				<item id="target"><![CDATA[blank]]></item>
				<item id="dateformat"><![CDATA[Y-m-d]]></item>
				<item id="dateuformat"><![CDATA[0]]></item>
				<item id="script"><![CDATA[thread]]></item>
				<item id="param">
					<item id="tids"><![CDATA[]]></item>
					<item id="uids"><![CDATA[]]></item>
					<item id="keyword"><![CDATA[]]></item>
					<item id="tagkeyword"><![CDATA[]]></item>
					<item id="fids">
						<item id="0"><![CDATA[0]]></item>
					</item>
					<item id="typeids"><![CDATA[]]></item>
					<item id="recommend"><![CDATA[0]]></item>
					<item id="special">
						<item id="0"><![CDATA[0]]></item>
					</item>
					<item id="viewmod"><![CDATA[0]]></item>
					<item id="rewardstatus"><![CDATA[0]]></item>
					<item id="picrequired"><![CDATA[0]]></item>
					<item id="orderby"><![CDATA[lastpost]]></item>
					<item id="postdateline"><![CDATA[0]]></item>
					<item id="lastpost"><![CDATA[0]]></item>
					<item id="highlight"><![CDATA[0]]></item>
					<item id="titlelength"><![CDATA[40]]></item>
					<item id="summarylength"><![CDATA[80]]></item>
					<item id="startrow"><![CDATA[0]]></item>
					<item id="items"><![CDATA[3]]></item>
				</item>
				<item id="shownum"><![CDATA[3]]></item>
				<item id="cachetime"><![CDATA[300]]></item>
				<item id="cachetimerange"><![CDATA[]]></item>
				<item id="punctualupdate"><![CDATA[1]]></item>
				<item id="hidedisplay"><![CDATA[0]]></item>
				<item id="dateline"><![CDATA[1563319054]]></item>
				<item id="notinherited"><![CDATA[0]]></item>
				<item id="isblank"><![CDATA[0]]></item>
			</item>
		</item>
		<item id="style">
		</item>
	</item>
</root>