<?xml version="1.0" encoding="ISO-8859-1"?>
<root>
	<item id="spacecss"><![CDATA[#frameNAA41s { background-color:transparent !important;background-image:none !important;}#framelP3UG5 { background-color:transparent !important;background-image:none !important;}#frameVeReWe { background-color:transparent !important;background-image:none !important;}#framesIDkK8 { background-color:transparent !important;background-image:none !important;}#frameq89y89 { background-color:transparent !important;background-image:none !important;}#portal_block_205 { background-color:transparent !important;background-image:none !important;}]]></item>
	<item id="layoutdata">
		<item id="diy1"><![CDATA[]]></item>
		<item id="q_indexdiyfocus">
			<item id="frame`frameNAA41s">
				<item id="attr">
					<item id="name"><![CDATA[frameNAA41s]]></item>
					<item id="moveable"><![CDATA[true]]></item>
					<item id="className"><![CDATA[cl_frame_bm frame move-span cl frame-1]]></item>
					<item id="titles"><![CDATA[]]></item>
				</item>
				<item id="column`frameNAA41s_left">
					<item id="attr">
						<item id="name"><![CDATA[frameNAA41s_left]]></item>
						<item id="className"><![CDATA[column frame-1-c]]></item>
					</item>
					<item id="block`portal_block_196">
						<item id="attr">
							<item id="name"><![CDATA[portal_block_196]]></item>
							<item id="className"><![CDATA[cl_block_bm block move-span]]></item>
							<item id="titles"><![CDATA[]]></item>
						</item>
					</item>
				</item>
			</item>
		</item>
		<item id="q_indexdiyfocusb">
			<item id="frame`frame258gVv">
				<item id="attr">
					<item id="name"><![CDATA[frame258gVv]]></item>
					<item id="moveable"><![CDATA[true]]></item>
					<item id="className"><![CDATA[cl_frame_bm frame move-span cl frame-1]]></item>
					<item id="titles"><![CDATA[]]></item>
				</item>
				<item id="column`frame258gVv_left">
					<item id="attr">
						<item id="name"><![CDATA[frame258gVv_left]]></item>
						<item id="className"><![CDATA[column frame-1-c]]></item>
					</item>
					<item id="block`portal_block_206">
						<item id="attr">
							<item id="name"><![CDATA[portal_block_206]]></item>
							<item id="className"><![CDATA[cl_block_bm block move-span]]></item>
							<item id="titles"><![CDATA[]]></item>
						</item>
					</item>
				</item>
			</item>
		</item>
		<item id="q_indexdiyleftlist">
			<item id="frame`framelP3UG5">
				<item id="attr">
					<item id="name"><![CDATA[framelP3UG5]]></item>
					<item id="moveable"><![CDATA[true]]></item>
					<item id="className"><![CDATA[cl_frame_bm frame move-span cl frame-1]]></item>
					<item id="titles"><![CDATA[]]></item>
				</item>
				<item id="column`framelP3UG5_left">
					<item id="attr">
						<item id="name"><![CDATA[framelP3UG5_left]]></item>
						<item id="className"><![CDATA[column frame-1-c]]></item>
					</item>
					<item id="block`portal_block_197">
						<item id="attr">
							<item id="name"><![CDATA[portal_block_197]]></item>
							<item id="className"><![CDATA[cl_block_bm block move-span]]></item>
							<item id="titles"><![CDATA[]]></item>
						</item>
					</item>
				</item>
			</item>
		</item>
		<item id="q_indexdiyright">
			<item id="frame`frameVeReWe">
				<item id="attr">
					<item id="name"><![CDATA[frameVeReWe]]></item>
					<item id="moveable"><![CDATA[true]]></item>
					<item id="className"><![CDATA[cl_frame_bm frame move-span cl frame-1]]></item>
					<item id="titles"><![CDATA[]]></item>
				</item>
				<item id="column`frameVeReWe_left">
					<item id="attr">
						<item id="name"><![CDATA[frameVeReWe_left]]></item>
						<item id="className"><![CDATA[column frame-1-c]]></item>
					</item>
					<item id="block`portal_block_198">
						<item id="attr">
							<item id="name"><![CDATA[portal_block_198]]></item>
							<item id="className"><![CDATA[cl_block_bm block move-span]]></item>
							<item id="titles"><![CDATA[]]></item>
						</item>
					</item>
				</item>
			</item>
		</item>
		<item id="q_indexdiysqdh"><![CDATA[]]></item>
		<item id="q_indexdiyrightdown">
			<item id="frame`framesIDkK8">
				<item id="attr">
					<item id="name"><![CDATA[framesIDkK8]]></item>
					<item id="moveable"><![CDATA[true]]></item>
					<item id="className"><![CDATA[cl_frame_bm frame move-span cl frame-1]]></item>
					<item id="titles"><![CDATA[]]></item>
				</item>
				<item id="column`framesIDkK8_left">
					<item id="attr">
						<item id="name"><![CDATA[framesIDkK8_left]]></item>
						<item id="className"><![CDATA[column frame-1-c]]></item>
					</item>
					<item id="block`portal_block_207">
						<item id="attr">
							<item id="name"><![CDATA[portal_block_207]]></item>
							<item id="className"><![CDATA[cl_block_bm block move-span]]></item>
							<item id="titles"><![CDATA[]]></item>
						</item>
					</item>
					<item id="block`portal_block_202">
						<item id="attr">
							<item id="name"><![CDATA[portal_block_202]]></item>
							<item id="className"><![CDATA[cl_block_bm block move-span]]></item>
							<item id="titles"><![CDATA[]]></item>
						</item>
					</item>
					<item id="block`portal_block_204">
						<item id="attr">
							<item id="name"><![CDATA[portal_block_204]]></item>
							<item id="className"><![CDATA[cl_block_bm block move-span]]></item>
							<item id="titles"><![CDATA[]]></item>
						</item>
					</item>
				</item>
			</item>
		</item>
		<item id="q_indexdiylink">
			<item id="frame`frameq89y89">
				<item id="attr">
					<item id="name"><![CDATA[frameq89y89]]></item>
					<item id="moveable"><![CDATA[true]]></item>
					<item id="className"><![CDATA[cl_frame_bm frame move-span cl frame-1]]></item>
					<item id="titles"><![CDATA[]]></item>
				</item>
				<item id="column`frameq89y89_left">
					<item id="attr">
						<item id="name"><![CDATA[frameq89y89_left]]></item>
						<item id="className"><![CDATA[column frame-1-c]]></item>
					</item>
					<item id="block`portal_block_205">
						<item id="attr">
							<item id="name"><![CDATA[portal_block_205]]></item>
							<item id="className"><![CDATA[cl_block_bm block move-span]]></item>
							<item id="titles"><![CDATA[]]></item>
						</item>
					</item>
				</item>
			</item>
		</item>
	</item>
	<item id="blockdata">
		<item id="block">
			<item id="196">
				<item id="bid"><![CDATA[196]]></item>
				<item id="blockclass"><![CDATA[forum_thread]]></item>
				<item id="blocktype"><![CDATA[0]]></item>
				<item id="name"><![CDATA[首页焦点图]]></item>
				<item id="title"><![CDATA[]]></item>
				<item id="classname"><![CDATA[cl_block_bm]]></item>
				<item id="summary"><![CDATA[]]></item>
				<item id="uid"><![CDATA[1]]></item>
				<item id="username"><![CDATA[admin]]></item>
				<item id="styleid"><![CDATA[0]]></item>
				<item id="blockstyle">
					<item id="name"><![CDATA[]]></item>
					<item id="blockclass"><![CDATA[forum_thread]]></item>
					<item id="makethumb"><![CDATA[1]]></item>
					<item id="getpic"><![CDATA[1]]></item>
					<item id="getsummary"><![CDATA[0]]></item>
					<item id="settarget"><![CDATA[1]]></item>
					<item id="moreurl"><![CDATA[0]]></item>
					<item id="fields">
						<item id="0"><![CDATA[url]]></item>
						<item id="1"><![CDATA[pic]]></item>
						<item id="2"><![CDATA[title]]></item>
					</item>
					<item id="template">
						<item id="raw"><![CDATA[<div class="qing_index_focus cl">
            <div class="q_topltslide">
                <ul class="rpic">
                [loop2]
                <li><a href="{url}"{target}><img src="{pic}" width="{picwidth}" height="{picheight}" /></a></li>
                [/loop2]
                </ul>
                <div class="txt-bg"></div>
                <div class="rtxt">
                    <ul>
                        [loop1]
                        <li><a href="{url}"{target}>{title}</a></li>
                        [/loop1]
                    </ul>
                </div>
                <ul class="rnum">
                [loop]
                <li><a href="javascript:;"></a></li>
                [/loop]
                </ul>
            </div>
        </div>]]></item>
						<item id="footer"><![CDATA[]]></item>
						<item id="header"><![CDATA[]]></item>
						<item id="indexplus"><![CDATA[
						]]></item>
						<item id="index"><![CDATA[
						]]></item>
						<item id="orderplus"><![CDATA[
						]]></item>
						<item id="order"><![CDATA[
						]]></item>
						<item id="loopplus">
							<item id="2"><![CDATA[<li><a href="{url}"{target}><img src="{pic}" width="{picwidth}" height="{picheight}" /></a></li>]]></item>
							<item id="1"><![CDATA[<li><a href="{url}"{target}>{title}</a></li>]]></item>
						</item>
						<item id="loop"><![CDATA[<li><a href="javascript:;"></a></li>]]></item>
					</item>
					<item id="hash"><![CDATA[40360cbb]]></item>
				</item>
				<item id="picwidth"><![CDATA[640]]></item>
				<item id="picheight"><![CDATA[270]]></item>
				<item id="target"><![CDATA[blank]]></item>
				<item id="dateformat"><![CDATA[Y-m-d]]></item>
				<item id="dateuformat"><![CDATA[0]]></item>
				<item id="script"><![CDATA[thread]]></item>
				<item id="param">
					<item id="tids"><![CDATA[]]></item>
					<item id="uids"><![CDATA[]]></item>
					<item id="keyword"><![CDATA[]]></item>
					<item id="tagkeyword"><![CDATA[]]></item>
					<item id="typeids"><![CDATA[]]></item>
					<item id="reply"><![CDATA[0]]></item>
					<item id="recommend"><![CDATA[0]]></item>
					<item id="viewmod"><![CDATA[0]]></item>
					<item id="rewardstatus"><![CDATA[0]]></item>
					<item id="picrequired"><![CDATA[1]]></item>
					<item id="orderby"><![CDATA[lastpost]]></item>
					<item id="postdateline"><![CDATA[0]]></item>
					<item id="lastpost"><![CDATA[0]]></item>
					<item id="highlight"><![CDATA[0]]></item>
					<item id="titlelength"><![CDATA[80]]></item>
					<item id="summarylength"><![CDATA[80]]></item>
					<item id="startrow"><![CDATA[0]]></item>
					<item id="items"><![CDATA[5]]></item>
				</item>
				<item id="shownum"><![CDATA[5]]></item>
				<item id="cachetime"><![CDATA[600]]></item>
				<item id="cachetimerange"><![CDATA[]]></item>
				<item id="punctualupdate"><![CDATA[1]]></item>
				<item id="hidedisplay"><![CDATA[0]]></item>
				<item id="dateline"><![CDATA[1516377581]]></item>
				<item id="notinherited"><![CDATA[0]]></item>
				<item id="isblank"><![CDATA[0]]></item>
			</item>
			<item id="197">
				<item id="bid"><![CDATA[197]]></item>
				<item id="blockclass"><![CDATA[forum_thread]]></item>
				<item id="blocktype"><![CDATA[0]]></item>
				<item id="name"><![CDATA[首页左侧列表]]></item>
				<item id="title"><![CDATA[]]></item>
				<item id="classname"><![CDATA[cl_block_bm]]></item>
				<item id="summary"><![CDATA[]]></item>
				<item id="uid"><![CDATA[1]]></item>
				<item id="username"><![CDATA[admin]]></item>
				<item id="styleid"><![CDATA[0]]></item>
				<item id="blockstyle">
					<item id="name"><![CDATA[]]></item>
					<item id="blockclass"><![CDATA[forum_thread]]></item>
					<item id="makethumb"><![CDATA[1]]></item>
					<item id="getpic"><![CDATA[1]]></item>
					<item id="getsummary"><![CDATA[1]]></item>
					<item id="settarget"><![CDATA[1]]></item>
					<item id="moreurl"><![CDATA[0]]></item>
					<item id="fields">
						<item id="0"><![CDATA[url]]></item>
						<item id="1"><![CDATA[pic]]></item>
						<item id="2"><![CDATA[title]]></item>
						<item id="3"><![CDATA[summary]]></item>
						<item id="4"><![CDATA[views]]></item>
						<item id="5"><![CDATA[authorid]]></item>
						<item id="6"><![CDATA[author]]></item>
						<item id="7"><![CDATA[forumurl]]></item>
						<item id="8"><![CDATA[forumname]]></item>
						<item id="9"><![CDATA[dateline]]></item>
					</item>
					<item id="template">
						<item id="raw"><![CDATA[<ul id="qing_indexpage">
[loop]
    <li>
        <a href="{url}" class="recommend_article_list_pic"{target}><img src="{pic}" width="{picwidth}" height="{picheight}" /></a>
        <div class="recommend_article_list_content">
            <h2><a href="{url}"{target}>{title}</a></h2>
            <div class="recommend_article_list_simple">{summary}</div>
            <div class="recommend_article_list_info">
            <a href="{url}" class="icon16link"{target}><i class="s_view"></i>{views}</a>
            <a href="home.php?mod=space&uid={authorid}" class="colorlink"{target}>{author}</a><span class="pipe">|</span><a href="{forumurl}" class="mr10"{target}>{forumname}</a>{dateline}</div>
        </div>
    </li>
[/loop]
</ul>]]></item>
						<item id="footer"><![CDATA[]]></item>
						<item id="header"><![CDATA[]]></item>
						<item id="indexplus"><![CDATA[
						]]></item>
						<item id="index"><![CDATA[
						]]></item>
						<item id="orderplus"><![CDATA[
						]]></item>
						<item id="order"><![CDATA[
						]]></item>
						<item id="loopplus"><![CDATA[
						]]></item>
						<item id="loop"><![CDATA[<li>
        <a href="{url}" class="recommend_article_list_pic"{target}><img src="{pic}" width="{picwidth}" height="{picheight}" /></a>
        <div class="recommend_article_list_content">
            <h2><a href="{url}"{target}>{title}</a></h2>
            <div class="recommend_article_list_simple">{summary}</div>
            <div class="recommend_article_list_info">
            <a href="{url}" class="icon16link"{target}><i class="s_view"></i>{views}</a>
            <a href="home.php?mod=space&uid={authorid}" class="colorlink"{target}>{author}</a><span class="pipe">|</span><a href="{forumurl}" class="mr10"{target}>{forumname}</a>{dateline}</div>
        </div>
    </li>]]></item>
					</item>
					<item id="hash"><![CDATA[3921fd19]]></item>
				</item>
				<item id="picwidth"><![CDATA[150]]></item>
				<item id="picheight"><![CDATA[120]]></item>
				<item id="target"><![CDATA[blank]]></item>
				<item id="dateformat"><![CDATA[Y-m-d]]></item>
				<item id="dateuformat"><![CDATA[0]]></item>
				<item id="script"><![CDATA[thread]]></item>
				<item id="param">
					<item id="tids"><![CDATA[]]></item>
					<item id="uids"><![CDATA[]]></item>
					<item id="keyword"><![CDATA[]]></item>
					<item id="tagkeyword"><![CDATA[]]></item>
					<item id="typeids"><![CDATA[]]></item>
					<item id="reply"><![CDATA[0]]></item>
					<item id="recommend"><![CDATA[0]]></item>
					<item id="viewmod"><![CDATA[0]]></item>
					<item id="rewardstatus"><![CDATA[0]]></item>
					<item id="picrequired"><![CDATA[1]]></item>
					<item id="orderby"><![CDATA[lastpost]]></item>
					<item id="postdateline"><![CDATA[0]]></item>
					<item id="lastpost"><![CDATA[0]]></item>
					<item id="highlight"><![CDATA[1]]></item>
					<item id="titlelength"><![CDATA[40]]></item>
					<item id="summarylength"><![CDATA[120]]></item>
					<item id="startrow"><![CDATA[0]]></item>
					<item id="items"><![CDATA[30]]></item>
				</item>
				<item id="shownum"><![CDATA[30]]></item>
				<item id="cachetime"><![CDATA[3600]]></item>
				<item id="cachetimerange"><![CDATA[]]></item>
				<item id="punctualupdate"><![CDATA[1]]></item>
				<item id="hidedisplay"><![CDATA[0]]></item>
				<item id="dateline"><![CDATA[1516374816]]></item>
				<item id="notinherited"><![CDATA[0]]></item>
				<item id="isblank"><![CDATA[0]]></item>
			</item>
			<item id="198">
				<item id="bid"><![CDATA[198]]></item>
				<item id="blockclass"><![CDATA[html_html]]></item>
				<item id="blocktype"><![CDATA[0]]></item>
				<item id="name"><![CDATA[自定义列表]]></item>
				<item id="title"><![CDATA[]]></item>
				<item id="classname"><![CDATA[cl_block_bm]]></item>
				<item id="summary"><![CDATA[<div class="bm qing_topbox cl">
    <ul>
        <li><a href="forum.php?mod=guide&view=newthread"><img src="template/qu_jianshu/img/index1.png" /></a></li>
        <li><a href="forum.php?mod=guide&view=new"><img src="template/qu_jianshu/img/index2.png" /></a></li>
        <li><a href="forum.php?mod=guide&view=hot"><img src="template/qu_jianshu/img/index3.png" /></a></li>
        <li><a href="forum.php?mod=guide&view=sofa"><img src="template/qu_jianshu/img/index4.png" /></a></li>
        <li><a href="forum.php?mod=guide&view=digest"><img src="template/qu_jianshu/img/index5.png" /></a></li>
    </ul>
</div>]]></item>
				<item id="uid"><![CDATA[1]]></item>
				<item id="username"><![CDATA[admin]]></item>
				<item id="styleid"><![CDATA[0]]></item>
				<item id="blockstyle"><![CDATA[]]></item>
				<item id="picwidth"><![CDATA[0]]></item>
				<item id="picheight"><![CDATA[0]]></item>
				<item id="target"><![CDATA[blank]]></item>
				<item id="dateformat"><![CDATA[Y-m-d]]></item>
				<item id="dateuformat"><![CDATA[0]]></item>
				<item id="script"><![CDATA[blank]]></item>
				<item id="param">
					<item id="content"><![CDATA[<div class=\"bm qing_topbox cl\">
    <ul>
        <li><a href=\"forum.php?mod=guide&view=newthread\"><img src=\"template/qu_jianshu/img/index1.png\" /></a></li>
        <li><a href=\"forum.php?mod=guide&view=new\"><img src=\"template/qu_jianshu/img/index2.png\" /></a></li>
        <li><a href=\"forum.php?mod=guide&view=hot\"><img src=\"template/qu_jianshu/img/index3.png\" /></a></li>
        <li><a href=\"forum.php?mod=guide&view=sofa\"><img src=\"template/qu_jianshu/img/index4.png\" /></a></li>
        <li><a href=\"forum.php?mod=guide&view=digest\"><img src=\"template/qu_jianshu/img/index5.png\" /></a></li>
    </ul>
</div>]]></item>
					<item id="items"><![CDATA[10]]></item>
				</item>
				<item id="shownum"><![CDATA[10]]></item>
				<item id="cachetime"><![CDATA[0]]></item>
				<item id="cachetimerange"><![CDATA[0,0]]></item>
				<item id="punctualupdate"><![CDATA[0]]></item>
				<item id="hidedisplay"><![CDATA[0]]></item>
				<item id="dateline"><![CDATA[1516346459]]></item>
				<item id="notinherited"><![CDATA[0]]></item>
				<item id="isblank"><![CDATA[0]]></item>
			</item>
			<item id="202">
				<item id="bid"><![CDATA[202]]></item>
				<item id="blockclass"><![CDATA[forum_thread]]></item>
				<item id="blocktype"><![CDATA[0]]></item>
				<item id="name"><![CDATA[官方公告]]></item>
				<item id="title"><![CDATA[]]></item>
				<item id="classname"><![CDATA[cl_block_bm]]></item>
				<item id="summary"><![CDATA[]]></item>
				<item id="uid"><![CDATA[1]]></item>
				<item id="username"><![CDATA[admin]]></item>
				<item id="styleid"><![CDATA[0]]></item>
				<item id="blockstyle">
					<item id="name"><![CDATA[]]></item>
					<item id="blockclass"><![CDATA[forum_thread]]></item>
					<item id="makethumb"><![CDATA[0]]></item>
					<item id="getpic"><![CDATA[0]]></item>
					<item id="getsummary"><![CDATA[0]]></item>
					<item id="settarget"><![CDATA[1]]></item>
					<item id="moreurl"><![CDATA[0]]></item>
					<item id="fields">
						<item id="0"><![CDATA[dateline]]></item>
						<item id="1"><![CDATA[url]]></item>
						<item id="2"><![CDATA[title]]></item>
					</item>
					<item id="template">
						<item id="raw"><![CDATA[<div class="bm">
<div class="bm_h"><h2>官方公告</h2></div>
<div class="qing_rmtz cl">
<ul>
[loop]
<li onMouseOver="this.className='on cl'" onMouseOut="this.className='cl'">
    <i><span></span></i>
    <p>{dateline}</p>
    <a href="{url}" title="{title}"{target}>{title}</a>
</li>
[/loop]
</ul>
</div>
</div>]]></item>
						<item id="footer"><![CDATA[]]></item>
						<item id="header"><![CDATA[]]></item>
						<item id="indexplus"><![CDATA[
						]]></item>
						<item id="index"><![CDATA[
						]]></item>
						<item id="orderplus"><![CDATA[
						]]></item>
						<item id="order"><![CDATA[
						]]></item>
						<item id="loopplus"><![CDATA[
						]]></item>
						<item id="loop"><![CDATA[<li onMouseOver="this.className='on cl'" onMouseOut="this.className='cl'">
    <i><span></span></i>
    <p>{dateline}</p>
    <a href="{url}" title="{title}"{target}>{title}</a>
</li>]]></item>
					</item>
					<item id="hash"><![CDATA[b2ef3e45]]></item>
				</item>
				<item id="picwidth"><![CDATA[0]]></item>
				<item id="picheight"><![CDATA[0]]></item>
				<item id="target"><![CDATA[blank]]></item>
				<item id="dateformat"><![CDATA[Y-m-d]]></item>
				<item id="dateuformat"><![CDATA[0]]></item>
				<item id="script"><![CDATA[thread]]></item>
				<item id="param">
					<item id="tids"><![CDATA[]]></item>
					<item id="uids"><![CDATA[]]></item>
					<item id="keyword"><![CDATA[]]></item>
					<item id="tagkeyword"><![CDATA[]]></item>
					<item id="typeids"><![CDATA[]]></item>
					<item id="recommend"><![CDATA[0]]></item>
					<item id="viewmod"><![CDATA[0]]></item>
					<item id="rewardstatus"><![CDATA[0]]></item>
					<item id="picrequired"><![CDATA[0]]></item>
					<item id="orderby"><![CDATA[lastpost]]></item>
					<item id="postdateline"><![CDATA[0]]></item>
					<item id="lastpost"><![CDATA[0]]></item>
					<item id="highlight"><![CDATA[1]]></item>
					<item id="titlelength"><![CDATA[40]]></item>
					<item id="summarylength"><![CDATA[80]]></item>
					<item id="startrow"><![CDATA[0]]></item>
					<item id="items"><![CDATA[5]]></item>
				</item>
				<item id="shownum"><![CDATA[5]]></item>
				<item id="cachetime"><![CDATA[3600]]></item>
				<item id="cachetimerange"><![CDATA[]]></item>
				<item id="punctualupdate"><![CDATA[1]]></item>
				<item id="hidedisplay"><![CDATA[0]]></item>
				<item id="dateline"><![CDATA[1516374816]]></item>
				<item id="notinherited"><![CDATA[0]]></item>
				<item id="isblank"><![CDATA[0]]></item>
			</item>
			<item id="204">
				<item id="bid"><![CDATA[204]]></item>
				<item id="blockclass"><![CDATA[html_html]]></item>
				<item id="blocktype"><![CDATA[0]]></item>
				<item id="name"><![CDATA[微信]]></item>
				<item id="title"><![CDATA[]]></item>
				<item id="classname"><![CDATA[cl_block_bm]]></item>
				<item id="summary"><![CDATA[<div class="bm">
    <div class="bm_h cl"><h2>关注微信</h2></div>
<div class="qing_weibo cl">
    <div class="sns_widget cl">
    	<img src="template/qu_jianshu/img/weixin.png" />
	</div>
</div>
</div>]]></item>
				<item id="uid"><![CDATA[1]]></item>
				<item id="username"><![CDATA[admin]]></item>
				<item id="styleid"><![CDATA[0]]></item>
				<item id="blockstyle"><![CDATA[]]></item>
				<item id="picwidth"><![CDATA[0]]></item>
				<item id="picheight"><![CDATA[0]]></item>
				<item id="target"><![CDATA[blank]]></item>
				<item id="dateformat"><![CDATA[Y-m-d]]></item>
				<item id="dateuformat"><![CDATA[0]]></item>
				<item id="script"><![CDATA[blank]]></item>
				<item id="param">
					<item id="content"><![CDATA[<div class=\"bm\">
    <div class=\"bm_h cl\"><h2>关注微信</h2></div>
<div class=\"qing_weibo cl\">
    <div class=\"sns_widget cl\">
    	<img src=\"template/qu_jianshu/img/weixin.png\" />
	</div>
</div>
</div>
]]></item>
					<item id="items"><![CDATA[10]]></item>
				</item>
				<item id="shownum"><![CDATA[10]]></item>
				<item id="cachetime"><![CDATA[0]]></item>
				<item id="cachetimerange"><![CDATA[0,0]]></item>
				<item id="punctualupdate"><![CDATA[0]]></item>
				<item id="hidedisplay"><![CDATA[0]]></item>
				<item id="dateline"><![CDATA[1516346700]]></item>
				<item id="notinherited"><![CDATA[0]]></item>
				<item id="isblank"><![CDATA[0]]></item>
			</item>
			<item id="205">
				<item id="bid"><![CDATA[205]]></item>
				<item id="blockclass"><![CDATA[html_html]]></item>
				<item id="blocktype"><![CDATA[0]]></item>
				<item id="name"><![CDATA[友情连接]]></item>
				<item id="title"><![CDATA[]]></item>
				<item id="classname"><![CDATA[cl_block_bm]]></item>
				<item id="summary"><![CDATA[<div class="bn lk"><ul class="x cl"><li><a target="_blank" href="http://www.dzzsk.com">社区资源网</a></li><li><a target="_blank" href="http://bbs.zuk.cn/z1/">ZUK手机论坛</a></li><li><a target="_blank" href="http://tieba.baidu.com/f?kw=zuk">ZUK吧</a></li><li><a target="_blank" href="http://www.lenovomm.com/">乐商店</a></li><li><a target="_blank" href="http://www.gfan.com/">机锋网</a></li><li><a target="_blank" href="http://bbs.dospy.com/home.php">DOSPY(原塞班论坛)</a></li><li><a target="_blank" href="http://www.jiguo.com/">极果酷玩</a></li><li><a target="_blank" href="http://www.cnmo.com/">手机中国</a></li><li><a target="_blank" href="http://bbs.zn8.com/">智能吧社区</a></li><li><a target="_blank" href="http://yinyue.kuwo.cn/">歌曲排行榜</a></li><li><a target="_blank" href="http://www.zhangyu.tv/">章鱼TV</a></li><li><a target="_blank" href="http://www.kaolafm.com/">考拉FM</a></li><li><a target="_blank" href="http://zhidx.com/">智东西</a></li><li><a target="_blank" href="http://app.yzmg.com/">APP推广</a></li><li><a target="_blank" href="http://www.7to.cn/">奇兔刷机</a></li><li><a target="_blank" href="http://rom.7to.cn/">奇兔ROM市场 </a></li><li><a target="_blank" href="http://bbs.7to.cn/">奇兔论坛</a></li><li><a target="_blank" href="http://www.kaolafm.com/">考拉FM电台</a></li></ul></div>]]></item>
				<item id="uid"><![CDATA[1]]></item>
				<item id="username"><![CDATA[admin]]></item>
				<item id="styleid"><![CDATA[0]]></item>
				<item id="blockstyle"><![CDATA[]]></item>
				<item id="picwidth"><![CDATA[0]]></item>
				<item id="picheight"><![CDATA[0]]></item>
				<item id="target"><![CDATA[blank]]></item>
				<item id="dateformat"><![CDATA[Y-m-d]]></item>
				<item id="dateuformat"><![CDATA[0]]></item>
				<item id="script"><![CDATA[friendlink]]></item>
				<item id="param">
					<item id="content"><![CDATA[text]]></item>
					<item id="type">
						<item id="0"><![CDATA[1]]></item>
						<item id="1"><![CDATA[2]]></item>
						<item id="2"><![CDATA[3]]></item>
						<item id="3"><![CDATA[4]]></item>
					</item>
					<item id="items"><![CDATA[10]]></item>
				</item>
				<item id="shownum"><![CDATA[10]]></item>
				<item id="cachetime"><![CDATA[3600]]></item>
				<item id="cachetimerange"><![CDATA[]]></item>
				<item id="punctualupdate"><![CDATA[0]]></item>
				<item id="hidedisplay"><![CDATA[0]]></item>
				<item id="dateline"><![CDATA[1516374816]]></item>
				<item id="notinherited"><![CDATA[0]]></item>
				<item id="isblank"><![CDATA[0]]></item>
			</item>
			<item id="206">
				<item id="bid"><![CDATA[206]]></item>
				<item id="blockclass"><![CDATA[forum_forum]]></item>
				<item id="blocktype"><![CDATA[0]]></item>
				<item id="name"><![CDATA[首页热门专题]]></item>
				<item id="title"><![CDATA[]]></item>
				<item id="classname"><![CDATA[cl_block_bm]]></item>
				<item id="summary"><![CDATA[]]></item>
				<item id="uid"><![CDATA[1]]></item>
				<item id="username"><![CDATA[admin]]></item>
				<item id="styleid"><![CDATA[0]]></item>
				<item id="blockstyle">
					<item id="name"><![CDATA[]]></item>
					<item id="blockclass"><![CDATA[forum_forum]]></item>
					<item id="makethumb"><![CDATA[1]]></item>
					<item id="getpic"><![CDATA[0]]></item>
					<item id="getsummary"><![CDATA[0]]></item>
					<item id="settarget"><![CDATA[1]]></item>
					<item id="moreurl"><![CDATA[0]]></item>
					<item id="fields">
						<item id="0"><![CDATA[url]]></item>
						<item id="1"><![CDATA[icon]]></item>
						<item id="2"><![CDATA[title]]></item>
					</item>
					<item id="template">
						<item id="raw"><![CDATA[<div class="recommend-collection cl">
    [loop]
    <a class="collection" href="{url}"{target}><img src="{icon}" width="{picwidth}" height="{picheight}" /><div class="name">{title}</div></a>
    [/loop]
    <a class="more-hot-collection collection" target="_blank" href="forum.php" style="border:none; background:none;">更多热门专题></a>
</div>
]]></item>
						<item id="footer"><![CDATA[]]></item>
						<item id="header"><![CDATA[]]></item>
						<item id="indexplus">
						</item>
						<item id="index">
						</item>
						<item id="orderplus">
						</item>
						<item id="order">
						</item>
						<item id="loopplus">
						</item>
						<item id="loop"><![CDATA[<a class="collection" href="{url}"{target}><img src="{icon}" width="{picwidth}" height="{picheight}" /><div class="name">{title}</div></a>]]></item>
					</item>
					<item id="hash"><![CDATA[f8d75c38]]></item>
				</item>
				<item id="picwidth"><![CDATA[32]]></item>
				<item id="picheight"><![CDATA[32]]></item>
				<item id="target"><![CDATA[blank]]></item>
				<item id="dateformat"><![CDATA[Y-m-d]]></item>
				<item id="dateuformat"><![CDATA[0]]></item>
				<item id="script"><![CDATA[forum]]></item>
				<item id="param">
					<item id="fids"><![CDATA[]]></item>
					<item id="fups">
						<item id="0"><![CDATA[0]]></item>
					</item>
					<item id="titlelength"><![CDATA[40]]></item>
					<item id="summarylength"><![CDATA[80]]></item>
					<item id="orderby"><![CDATA[displayorder]]></item>
					<item id="items"><![CDATA[7]]></item>
				</item>
				<item id="shownum"><![CDATA[7]]></item>
				<item id="cachetime"><![CDATA[3600]]></item>
				<item id="cachetimerange"><![CDATA[]]></item>
				<item id="punctualupdate"><![CDATA[0]]></item>
				<item id="hidedisplay"><![CDATA[0]]></item>
				<item id="dateline"><![CDATA[1516374988]]></item>
				<item id="notinherited"><![CDATA[0]]></item>
				<item id="isblank"><![CDATA[0]]></item>
			</item>
			<item id="207">
				<item id="bid"><![CDATA[207]]></item>
				<item id="blockclass"><![CDATA[member_member]]></item>
				<item id="blocktype"><![CDATA[0]]></item>
				<item id="name"><![CDATA[活跃会员]]></item>
				<item id="title"><![CDATA[]]></item>
				<item id="classname"><![CDATA[cl_block_bm]]></item>
				<item id="summary"><![CDATA[]]></item>
				<item id="uid"><![CDATA[1]]></item>
				<item id="username"><![CDATA[admin]]></item>
				<item id="styleid"><![CDATA[0]]></item>
				<item id="blockstyle">
					<item id="name"><![CDATA[]]></item>
					<item id="blockclass"><![CDATA[member_member]]></item>
					<item id="makethumb"><![CDATA[0]]></item>
					<item id="getpic"><![CDATA[0]]></item>
					<item id="getsummary"><![CDATA[0]]></item>
					<item id="settarget"><![CDATA[1]]></item>
					<item id="moreurl"><![CDATA[0]]></item>
					<item id="fields">
						<item id="0"><![CDATA[url]]></item>
						<item id="1"><![CDATA[avatar]]></item>
						<item id="2"><![CDATA[title]]></item>
					</item>
					<item id="template">
						<item id="raw"><![CDATA[<div class=" bm hyhuiyuan">
<div class="bm_h"><h2>活跃会员</h2></div>
<ul>
[loop]
<li>
	<a href="{url}"{target}><img src="{avatar}" width="48" height="48" alt="{title}" />{title}</a>
</li>
[/loop]
</ul>
</div>]]></item>
						<item id="footer"><![CDATA[]]></item>
						<item id="header"><![CDATA[]]></item>
						<item id="indexplus">
						</item>
						<item id="index">
						</item>
						<item id="orderplus">
						</item>
						<item id="order">
						</item>
						<item id="loopplus">
						</item>
						<item id="loop"><![CDATA[<li>
	<a href="{url}"{target}><img src="{avatar}" width="48" height="48" alt="{title}" />{title}</a>
</li>]]></item>
					</item>
					<item id="hash"><![CDATA[26ebb13c]]></item>
				</item>
				<item id="picwidth"><![CDATA[0]]></item>
				<item id="picheight"><![CDATA[0]]></item>
				<item id="target"><![CDATA[blank]]></item>
				<item id="dateformat"><![CDATA[Y-m-d]]></item>
				<item id="dateuformat"><![CDATA[0]]></item>
				<item id="script"><![CDATA[member]]></item>
				<item id="param">
					<item id="uids"><![CDATA[]]></item>
					<item id="special"><![CDATA[]]></item>
					<item id="gender"><![CDATA[]]></item>
					<item id="xbirthprovince"><![CDATA[]]></item>
					<item id="xresideprovince"><![CDATA[]]></item>
					<item id="avatarstatus"><![CDATA[0]]></item>
					<item id="orderby"><![CDATA[credits]]></item>
					<item id="extcredit"><![CDATA[1]]></item>
					<item id="lastpost"><![CDATA[]]></item>
					<item id="startrow"><![CDATA[0]]></item>
					<item id="items"><![CDATA[10]]></item>
				</item>
				<item id="shownum"><![CDATA[10]]></item>
				<item id="cachetime"><![CDATA[3600]]></item>
				<item id="cachetimerange"><![CDATA[]]></item>
				<item id="punctualupdate"><![CDATA[0]]></item>
				<item id="hidedisplay"><![CDATA[0]]></item>
				<item id="dateline"><![CDATA[1516376428]]></item>
				<item id="notinherited"><![CDATA[0]]></item>
				<item id="isblank"><![CDATA[0]]></item>
			</item>
		</item>
		<item id="style">
		</item>
	</item>
</root>