<?xml version="1.0" encoding="ISO-8859-1"?>
<root>
	<item id="Title"><![CDATA[Discuz! Plugin]]></item>
	<item id="Version"><![CDATA[X3.4]]></item>
	<item id="Time"><![CDATA[2019-12-07 12:10]]></item>
	<item id="From"><![CDATA[木木CMS-超級門戶 (http://wap2.mumucms.com/)]]></item>
	<item id="Data">
		<item id="plugin">
			<item id="available"><![CDATA[1]]></item>
			<item id="adminid"><![CDATA[1]]></item>
			<item id="name"><![CDATA[木木CMS-wap控制台]]></item>
			<item id="identifier"><![CDATA[mumucms_wapcontrol]]></item>
			<item id="description"><![CDATA[插件可對木木CMS-超級手機實行控制，實現多種功能，可以控制各個模塊。]]></item>
			<item id="datatables"><![CDATA[]]></item>
			<item id="directory"><![CDATA[mumucms_wapcontrol/]]></item>
			<item id="copyright"><![CDATA[DisM!应用中心(dism.taobao.com)]]></item>
			<item id="version"><![CDATA[1.1.4]]></item>
			<item id="__modules">
				<item id="0">
					<item id="name"><![CDATA[mumucms_wapcontrol_other]]></item>
					<item id="param"><![CDATA[]]></item>
					<item id="menu"><![CDATA[其他功能]]></item>
					<item id="url"><![CDATA[]]></item>
					<item id="type"><![CDATA[3]]></item>
					<item id="adminid"><![CDATA[0]]></item>
					<item id="displayorder"><![CDATA[0]]></item>
					<item id="navtitle"><![CDATA[]]></item>
					<item id="navicon"><![CDATA[]]></item>
					<item id="navsubname"><![CDATA[]]></item>
					<item id="navsuburl"><![CDATA[]]></item>
				</item>
				<item id="1">
					<item id="name"><![CDATA[mumucms_wapcontrol]]></item>
					<item id="param"><![CDATA[]]></item>
					<item id="menu"><![CDATA[]]></item>
					<item id="url"><![CDATA[]]></item>
					<item id="type"><![CDATA[28]]></item>
					<item id="adminid"><![CDATA[0]]></item>
					<item id="displayorder"><![CDATA[0]]></item>
					<item id="navtitle"><![CDATA[]]></item>
					<item id="navicon"><![CDATA[]]></item>
					<item id="navsubname"><![CDATA[]]></item>
					<item id="navsuburl"><![CDATA[]]></item>
				</item>
			</item>
		</item>
		<item id="version"><![CDATA[X3,X3.1,X3.2,X3.3,X3.4,F1.0,L1.0]]></item>
		<item id="var">
			<item id="0">
				<item id="displayorder"><![CDATA[1]]></item>
				<item id="title"><![CDATA[設置門戶默認首頁]]></item>
				<item id="description"><![CDATA[開啓將設置門戶爲默認首頁，否則以導讀作爲默認首頁]]></item>
				<item id="variable"><![CDATA[mumucms_wapcontrol_index]]></item>
				<item id="type"><![CDATA[radio]]></item>
				<item id="value"><![CDATA[1]]></item>
				<item id="extra"><![CDATA[]]></item>
			</item>
			<item id="1">
				<item id="displayorder"><![CDATA[2]]></item>
				<item id="title"><![CDATA[門戶無限下拉版塊]]></item>
				<item id="description"><![CDATA[]]></item>
				<item id="variable"><![CDATA[mumucms_wapcontrol_index_ajax]]></item>
				<item id="type"><![CDATA[forums]]></item>
				<item id="extra"><![CDATA[]]></item>
				<item id="__value">
					<item id="0"><![CDATA[]]></item>
					<item id="1"><![CDATA[42]]></item>
					<item id="2"><![CDATA[43]]></item>
					<item id="3"><![CDATA[41]]></item>
					<item id="4"><![CDATA[57]]></item>
					<item id="5"><![CDATA[46]]></item>
					<item id="6"><![CDATA[45]]></item>
					<item id="7"><![CDATA[47]]></item>
					<item id="8"><![CDATA[49]]></item>
					<item id="9"><![CDATA[50]]></item>
					<item id="10"><![CDATA[52]]></item>
					<item id="11"><![CDATA[2]]></item>
					<item id="12"><![CDATA[39]]></item>
					<item id="13"><![CDATA[38]]></item>
					<item id="14"><![CDATA[37]]></item>
					<item id="15"><![CDATA[60]]></item>
					<item id="16"><![CDATA[61]]></item>
					<item id="17"><![CDATA[59]]></item>
					<item id="18"><![CDATA[75]]></item>
					<item id="19"><![CDATA[70]]></item>
					<item id="20"><![CDATA[54]]></item>
					<item id="21"><![CDATA[55]]></item>
					<item id="22"><![CDATA[56]]></item>
					<item id="23"><![CDATA[58]]></item>
					<item id="24"><![CDATA[65]]></item>
					<item id="25"><![CDATA[67]]></item>
					<item id="26"><![CDATA[66]]></item>
					<item id="27"><![CDATA[64]]></item>
					<item id="28"><![CDATA[68]]></item>
					<item id="29"><![CDATA[53]]></item>
					<item id="30"><![CDATA[62]]></item>
					<item id="31"><![CDATA[63]]></item>
				</item>
			</item>
			<item id="2">
				<item id="displayorder"><![CDATA[3]]></item>
				<item id="title"><![CDATA[默認配色]]></item>
				<item id="description"><![CDATA[設置模板默認的顔色
但是不影響用戶自己切換自己喜歡的顔色]]></item>
				<item id="variable"><![CDATA[mumucms_wapcontrol_defaultcolor]]></item>
				<item id="type"><![CDATA[select]]></item>
				<item id="value"><![CDATA[0]]></item>
				<item id="extra"><![CDATA[0 = 默認
1 = 紅色
2 = 綠色
3 = 橙色
4 = 粉紅色
5 = 黑色
6 = 深綠色
7 = 紫色
8 = 天藍色]]></item>
			</item>
			<item id="3">
				<item id="displayorder"><![CDATA[4]]></item>
				<item id="title"><![CDATA[自定義全侷代碼]]></item>
				<item id="description"><![CDATA[可在全侷頁頭插入自定義的代碼（如第三方統計代碼)
源代碼可查，但頁麪不顯示，用隱藏標簽包裹住
例：<div class="mumucms_none">代碼內容</div>]]></item>
				<item id="variable"><![CDATA[mumucms_wapcontrol_zdcode]]></item>
				<item id="type"><![CDATA[textarea]]></item>
				<item id="value"><![CDATA[<div class="mumucms_none">統計代碼</div>
<link rel="stylesheet" href="template/mumucms_pctheme/img/sort/sort001/sort.css">]]></item>
				<item id="extra"><![CDATA[]]></item>
			</item>
			<item id="4">
				<item id="displayorder"><![CDATA[5]]></item>
				<item id="title"><![CDATA[最新樓磐版塊ID]]></item>
				<item id="description"><![CDATA[]]></item>
				<item id="variable"><![CDATA[mumucms_wapcontrol_zxlp_fid]]></item>
				<item id="type"><![CDATA[text]]></item>
				<item id="value"><![CDATA[42]]></item>
				<item id="extra"><![CDATA[]]></item>
			</item>
			<item id="5">
				<item id="displayorder"><![CDATA[6]]></item>
				<item id="title"><![CDATA[最新樓磐分類信息ID]]></item>
				<item id="description"><![CDATA[]]></item>
				<item id="variable"><![CDATA[mumucms_wapcontrol_zxlp_sortid]]></item>
				<item id="type"><![CDATA[text]]></item>
				<item id="value"><![CDATA[2]]></item>
				<item id="extra"><![CDATA[]]></item>
			</item>
			<item id="6">
				<item id="displayorder"><![CDATA[7]]></item>
				<item id="title"><![CDATA[開啓高級模式分類信息ID]]></item>
				<item id="description"><![CDATA[]]></item>
				<item id="variable"><![CDATA[mumucms_wapcontrol_gaoji_sortid]]></item>
				<item id="type"><![CDATA[text]]></item>
				<item id="value"><![CDATA[2,4]]></item>
				<item id="extra"><![CDATA[]]></item>
			</item>
		</item>
		<item id="language">
			<item id="scriptlang">
				<item id="mumucms_startup"><![CDATA[啓動動畫]]></item>
				<item id="startup_qiyong"><![CDATA[是否啓用]]></item>
				<item id="startup_guoqi"><![CDATA[過期時間]]></item>
				<item id="startup_guanbi"><![CDATA[自動關閉時間]]></item>
				<item id="startup_text"><![CDATA[顯示文字]]></item>
				<item id="startup_shengxiao"><![CDATA[是否僅對遊客生傚]]></item>
				<item id="startup_imgadr"><![CDATA[廣告圖片地址]]></item>
				<item id="startup_imglink"><![CDATA[廣告圖片鏈接]]></item>
				<item id="startup_imglogo"><![CDATA[LOGO圖片地址]]></item>
				<item id="startup_logotext"><![CDATA[LOGO底部文字]]></item>
				<item id="mumucms_app"><![CDATA[APP下載]]></item>
				<item id="app_qiyong"><![CDATA[是否啓用]]></item>
				<item id="app_guidexs"><![CDATA[導讀頁是否顯示]]></item>
				<item id="app_forumdisplayxs"><![CDATA[版塊列表是否顯示]]></item>
				<item id="app_viewthreadxs"><![CDATA[帖子列表是否顯示]]></item>
				<item id="app_downkz"><![CDATA[是否直接下載]]></item>
				<item id="app_downtext"><![CDATA[提示app下載文字]]></item>
				<item id="app_android"><![CDATA[安卓版本下載地址]]></item>
				<item id="app_ios"><![CDATA[蘋果版本下載地址]]></item>
				<item id="app_duli"><![CDATA[APP獨立下載頁]]></item>
				<item id="app_ico"><![CDATA[APP圖標]]></item>
				<item id="app_name"><![CDATA[APP名稱]]></item>
				<item id="app_sum"><![CDATA[APP介紹]]></item>
			</item>
			<item id="installlang">
				<item id="startup_text_install"><![CDATA[秒跳過]]></item>
				<item id="app_downtext_install"><![CDATA[免費下載超級手機APP]]></item>
				<item id="app_ico_install"><![CDATA[template/mumucms_pctheme/img/special/app/app001/mumucms_app_ico.png]]></item>
				<item id="app_name_install"><![CDATA[木木CMS-超級手機]]></item>
				<item id="app_sum_install"><![CDATA[隨時隨地了解同城事，不錯過任何動態]]></item>
			</item>
		</item>
		<item id="installfile"><![CDATA[mumucms_wapcontrol.install.php]]></item>
		<item id="upgradefile"><![CDATA[mumucms_wapcontrol.upgrade.php]]></item>		
	</item>
</root>