<?xml version="1.0" encoding="ISO-8859-1"?>
<root>
	<item id="Title"><![CDATA[Discuz! Plugin]]></item>
	<item id="Version"><![CDATA[X3.2]]></item>
	<item id="Time"><![CDATA[2018-05-20 10:07]]></item>
	<item id="From"><![CDATA[DisM!应用中心 (http://127.0.0.1)]]></item>
	<item id="Data">
		<item id="plugin">
			<item id="available"><![CDATA[1]]></item>
			<item id="adminid"><![CDATA[1]]></item>
			<item id="name"><![CDATA[家装量房报价申请表]]></item>
			<item id="identifier"><![CDATA[nex_decos_180401]]></item>
			<item id="description"><![CDATA[]]></item>
			<item id="datatables"><![CDATA[]]></item>
			<item id="directory"><![CDATA[nex_decos_180401/]]></item>
			<item id="copyright"><![CDATA[DisM!应用中心(dism.taobao.com)]]></item>
			<item id="version"><![CDATA[V1.3]]></item>
			<item id="__modules">
				<item id="0">
					<item id="name"><![CDATA[admin]]></item>
					<item id="param"><![CDATA[]]></item>
					<item id="menu"><![CDATA[量房/设计]]></item>
					<item id="url"><![CDATA[]]></item>
					<item id="type"><![CDATA[3]]></item>
					<item id="adminid"><![CDATA[0]]></item>
					<item id="displayorder"><![CDATA[1]]></item>
					<item id="navtitle"><![CDATA[]]></item>
					<item id="navicon"><![CDATA[]]></item>
					<item id="navsubname"><![CDATA[]]></item>
					<item id="navsuburl"><![CDATA[]]></item>
				</item>
				<item id="1">
					<item id="name"><![CDATA[admin_offer]]></item>
					<item id="param"><![CDATA[]]></item>
					<item id="menu"><![CDATA[预算报价]]></item>
					<item id="url"><![CDATA[]]></item>
					<item id="type"><![CDATA[3]]></item>
					<item id="adminid"><![CDATA[0]]></item>
					<item id="displayorder"><![CDATA[2]]></item>
					<item id="navtitle"><![CDATA[]]></item>
					<item id="navicon"><![CDATA[]]></item>
					<item id="navsubname"><![CDATA[]]></item>
					<item id="navsuburl"><![CDATA[]]></item>
				</item>
			</item>
		</item>
		<item id="version"><![CDATA[X3.2,X3.3,X3.4,X3.5,Q1.0]]></item>
		<item id="var">
			<item id="0">
				<item id="displayorder"><![CDATA[1]]></item>
				<item id="title"><![CDATA[地区设置]]></item>
				<item id="description"><![CDATA[]]></item>
				<item id="variable"><![CDATA[area]]></item>
				<item id="type"><![CDATA[textarea]]></item>
				<item id="value"><![CDATA[黄浦
徐汇
长宁
静安
虹口
杨浦
普陀
闵行
宝山
宝山
嘉定
浦东
金山
松江
青浦
奉贤
崇明]]></item>
				<item id="extra"><![CDATA[]]></item>
			</item>
			<item id="1">
				<item id="displayorder"><![CDATA[2]]></item>
				<item id="title"><![CDATA[装修风格]]></item>
				<item id="description"><![CDATA[]]></item>
				<item id="variable"><![CDATA[style]]></item>
				<item id="type"><![CDATA[textarea]]></item>
				<item id="value"><![CDATA[欧式
美式
田园
日韩
地中海
现代
中式
北欧
宜家
混搭
新古典
东南亚
简约
其他]]></item>
				<item id="extra"><![CDATA[]]></item>
			</item>
			<item id="2">
				<item id="displayorder"><![CDATA[3]]></item>
				<item id="title"><![CDATA[户型设置]]></item>
				<item id="description"><![CDATA[]]></item>
				<item id="variable"><![CDATA[housetype]]></item>
				<item id="type"><![CDATA[textarea]]></item>
				<item id="value"><![CDATA[1居室
2居室
3居室
4居室
5居室
6居室
其他]]></item>
				<item id="extra"><![CDATA[]]></item>
			</item>
			<item id="3">
				<item id="displayorder"><![CDATA[5]]></item>
				<item id="title"><![CDATA[预算期间]]></item>
				<item id="description"><![CDATA[]]></item>
				<item id="variable"><![CDATA[budget]]></item>
				<item id="type"><![CDATA[textarea]]></item>
				<item id="value"><![CDATA[5万以下
5-10万
10-15万
15-20万
20-30万
30-50万
50万以上]]></item>
				<item id="extra"><![CDATA[]]></item>
			</item>
			<item id="4">
				<item id="displayorder"><![CDATA[6]]></item>
				<item id="title"><![CDATA[提交成功提示文字]]></item>
				<item id="description"><![CDATA[]]></item>
				<item id="variable"><![CDATA[success]]></item>
				<item id="type"><![CDATA[text]]></item>
				<item id="value"><![CDATA[提交成功,请等待工作人员与您联系]]></item>
				<item id="extra"><![CDATA[]]></item>
			</item>
			<item id="5">
				<item id="displayorder"><![CDATA[7]]></item>
				<item id="title"><![CDATA[成功获取报价预算数量基数]]></item>
				<item id="description"><![CDATA[用于显示在底部 已有X位业主成功获取装修预算清单。填此基数后，将会在真实的数量上加上此数值，达到更佳宣传效果]]></item>
				<item id="variable"><![CDATA[succoffer]]></item>
				<item id="type"><![CDATA[number]]></item>
				<item id="value"><![CDATA[100]]></item>
				<item id="extra"><![CDATA[]]></item>
			</item>
			<item id="6">
				<item id="displayorder"><![CDATA[8]]></item>
				<item id="title"><![CDATA[是否允许游客提交]]></item>
				<item id="description"><![CDATA[]]></item>
				<item id="variable"><![CDATA[tourists]]></item>
				<item id="type"><![CDATA[radio]]></item>
				<item id="value"><![CDATA[0]]></item>
				<item id="extra"><![CDATA[]]></item>
			</item>
		</item>
		<item id="language">
			<item id="scriptlang">
				<item id="l001"><![CDATA[全部]]></item>
				<item id="l002"><![CDATA[请输入您的称呼]]></item>
				<item id="l003"><![CDATA[请输入您的手机号]]></item>
				<item id="l004"><![CDATA[请输入小区名称]]></item>
				<item id="l005"><![CDATA[请输入区域]]></item>
				<item id="l006"><![CDATA[请输入您的名字]]></item>
				<item id="l007"><![CDATA[请输入您的手机号]]></item>
				<item id="l008"><![CDATA[请输入小区名称]]></item>
				<item id="l009"><![CDATA[请输入面积数]]></item>
				<item id="l010"><![CDATA[请输入区域]]></item>
				<item id="l011"><![CDATA[请输入装修风格]]></item>
				<item id="l012"><![CDATA[请输入户型]]></item>
				<item id="l013"><![CDATA[请输入预算]]></item>
				<item id="l014"><![CDATA[请输入正确的手机号]]></item>
				<item id="l015"><![CDATA[您没有导出权限]]></item>
				<item id="l016"><![CDATA[称呼]]></item>
				<item id="l017"><![CDATA[手机号]]></item>
				<item id="l018"><![CDATA[区域]]></item>
				<item id="l019"><![CDATA[小区名称]]></item>
				<item id="l020"><![CDATA[装修风格]]></item>
				<item id="l021"><![CDATA[户型]]></item>
				<item id="l022"><![CDATA[装修预算]]></item>
				<item id="l023"><![CDATA[面积]]></item>
				<item id="l024"><![CDATA[提交时间]]></item>
				<item id="l025"><![CDATA[量房/设计]]></item>
				<item id="l026"><![CDATA[预算报价]]></item>
				<item id="l027"><![CDATA[操作成功]]></item>
				<item id="l028"><![CDATA[数据筛选]]></item>
				<item id="l029"><![CDATA[所在区域]]></item>
				<item id="l030"><![CDATA[ ① 搜索数据 ]]></item>
				<item id="l031"><![CDATA[ ② 导出数据 ]]></item>
				<item id="l032"><![CDATA[提示: 请先进行条件筛选搜索后再导出数据，以免数据过多造成不必要的资源损耗]]></item>
				<item id="l033"><![CDATA[申请数据管理]]></item>
				<item id="l034"><![CDATA[请登录后提交]]></item>
			</item>
			<item id="templatelang">
				<item id="lt001"><![CDATA[申请免费量房/设计]]></item>
				<item id="lt002"><![CDATA[10秒登记,免费获取量房服务与装修设计方案]]></item>
				<item id="lt003"><![CDATA[请填写您的称呼]]></item>
				<item id="lt004"><![CDATA[请填写您的手机号]]></item>
				<item id="lt005"><![CDATA[请填写小区名称]]></item>
				<item id="lt006"><![CDATA[立即申请]]></item>
				<item id="lt007"><![CDATA[免费设计]]></item>
				<item id="lt008"><![CDATA[免费量房]]></item>
				<item id="lt009"><![CDATA[售后无忧]]></item>
				<item id="lt010"><![CDATA[多种方案]]></item>
				<item id="lt011"><![CDATA[请输入您的称呼]]></item>
				<item id="lt012"><![CDATA[称呼只允许输入中文或英文]]></item>
				<item id="lt013"><![CDATA[请输入您的手机号]]></item>
				<item id="lt014"><![CDATA[请输入正确的手机号]]></item>
				<item id="lt015"><![CDATA[请输入小区名称]]></item>
				<item id="lt016"><![CDATA[小区名称只允许输入中文或英文]]></item>
				<item id="lt017"><![CDATA[已有]]></item>
				<item id="lt018"><![CDATA[位业主成功获取装修预算清单]]></item>
				<item id="lt019"><![CDATA[您的名字]]></item>
				<item id="lt020"><![CDATA[小区名称]]></item>
				<item id="lt021"><![CDATA[建筑面积]]></item>
				<item id="lt022"><![CDATA[平米]]></item>
				<item id="lt023"><![CDATA[手机号码]]></item>
				<item id="lt024"><![CDATA[立即获取报价]]></item>
				<item id="lt025"><![CDATA[请输入您的名字]]></item>
				<item id="lt026"><![CDATA[名字只允许输入中文或英文]]></item>
				<item id="lt027"><![CDATA[请输入建筑面积]]></item>
			</item>
		</item>
		<item id="installfile"><![CDATA[install.php]]></item>
		<item id="uninstallfile"><![CDATA[uninstall.php]]></item>
		<item id="upgradefile"><![CDATA[upgrade.php]]></item>
	</item>
</root>