<?xml version="1.0" encoding="ISO-8859-1"?>
<root>
	<item id="spacecss"><![CDATA[]]></item>
	<item id="layoutdata">
		<item id="diynavtop"><![CDATA[]]></item>
		<item id="diyfastposttop"><![CDATA[]]></item>
		<item id=""><![CDATA[]]></item>
		<item id="deanhotpics">
			<item id="frame`framecZQZk1">
				<item id="attr">
					<item id="name"><![CDATA[framecZQZk1]]></item>
					<item id="moveable"><![CDATA[true]]></item>
					<item id="className"><![CDATA[frame move-span cl frame-1]]></item>
					<item id="titles"><![CDATA[]]></item>
				</item>
				<item id="column`framecZQZk1_left">
					<item id="attr">
						<item id="name"><![CDATA[framecZQZk1_left]]></item>
						<item id="className"><![CDATA[column frame-1-c]]></item>
					</item>
					<item id="block`portal_block_778">
						<item id="attr">
							<item id="name"><![CDATA[portal_block_778]]></item>
							<item id="className"><![CDATA[block move-span]]></item>
							<item id="titles"><![CDATA[]]></item>
						</item>
					</item>
				</item>
			</item>
		</item>
		<item id="deanmblldiv">
			<item id="frame`frameoQm6HG">
				<item id="attr">
					<item id="name"><![CDATA[frameoQm6HG]]></item>
					<item id="moveable"><![CDATA[true]]></item>
					<item id="className"><![CDATA[frame move-span cl frame-1]]></item>
					<item id="titles"><![CDATA[]]></item>
				</item>
				<item id="column`frameoQm6HG_left">
					<item id="attr">
						<item id="name"><![CDATA[frameoQm6HG_left]]></item>
						<item id="className"><![CDATA[column frame-1-c]]></item>
					</item>
					<item id="block`portal_block_779">
						<item id="attr">
							<item id="name"><![CDATA[portal_block_779]]></item>
							<item id="className"><![CDATA[block move-span]]></item>
							<item id="titles"><![CDATA[]]></item>
						</item>
					</item>
				</item>
			</item>
		</item>
		<item id="deanad4s">
			<item id="frame`frameVSp9gs">
				<item id="attr">
					<item id="name"><![CDATA[frameVSp9gs]]></item>
					<item id="moveable"><![CDATA[true]]></item>
					<item id="className"><![CDATA[frame move-span cl frame-1]]></item>
					<item id="titles"><![CDATA[]]></item>
				</item>
				<item id="column`frameVSp9gs_left">
					<item id="attr">
						<item id="name"><![CDATA[frameVSp9gs_left]]></item>
						<item id="className"><![CDATA[column frame-1-c]]></item>
					</item>
					<item id="block`portal_block_780">
						<item id="attr">
							<item id="name"><![CDATA[portal_block_780]]></item>
							<item id="className"><![CDATA[block move-span]]></item>
							<item id="titles"><![CDATA[]]></item>
						</item>
					</item>
				</item>
			</item>
		</item>
		<item id="deanrankcha">
			<item id="frame`frameBLUhZY">
				<item id="attr">
					<item id="name"><![CDATA[frameBLUhZY]]></item>
					<item id="moveable"><![CDATA[true]]></item>
					<item id="className"><![CDATA[frame move-span cl frame-1]]></item>
					<item id="titles"><![CDATA[]]></item>
				</item>
				<item id="column`frameBLUhZY_left">
					<item id="attr">
						<item id="name"><![CDATA[frameBLUhZY_left]]></item>
						<item id="className"><![CDATA[column frame-1-c]]></item>
					</item>
					<item id="block`portal_block_782">
						<item id="attr">
							<item id="name"><![CDATA[portal_block_782]]></item>
							<item id="className"><![CDATA[block move-span]]></item>
							<item id="titles"><![CDATA[]]></item>
						</item>
					</item>
				</item>
			</item>
		</item>
		<item id="deanrankcha1">
			<item id="frame`frameOkH2lu">
				<item id="attr">
					<item id="name"><![CDATA[frameOkH2lu]]></item>
					<item id="moveable"><![CDATA[true]]></item>
					<item id="className"><![CDATA[frame move-span cl frame-1]]></item>
					<item id="titles"><![CDATA[]]></item>
				</item>
				<item id="column`frameOkH2lu_left">
					<item id="attr">
						<item id="name"><![CDATA[frameOkH2lu_left]]></item>
						<item id="className"><![CDATA[column frame-1-c]]></item>
					</item>
					<item id="block`portal_block_783">
						<item id="attr">
							<item id="name"><![CDATA[portal_block_783]]></item>
							<item id="className"><![CDATA[block move-span]]></item>
							<item id="titles"><![CDATA[]]></item>
						</item>
					</item>
				</item>
			</item>
		</item>
		<item id="deanrankcha2">
			<item id="frame`frameLuyhHH">
				<item id="attr">
					<item id="name"><![CDATA[frameLuyhHH]]></item>
					<item id="moveable"><![CDATA[true]]></item>
					<item id="className"><![CDATA[frame move-span cl frame-1]]></item>
					<item id="titles"><![CDATA[]]></item>
				</item>
				<item id="column`frameLuyhHH_left">
					<item id="attr">
						<item id="name"><![CDATA[frameLuyhHH_left]]></item>
						<item id="className"><![CDATA[column frame-1-c]]></item>
					</item>
					<item id="block`portal_block_784">
						<item id="attr">
							<item id="name"><![CDATA[portal_block_784]]></item>
							<item id="className"><![CDATA[block move-span]]></item>
							<item id="titles"><![CDATA[]]></item>
						</item>
					</item>
				</item>
			</item>
		</item>
		<item id="deanzlzuozhe">
			<item id="frame`framekUKcwH">
				<item id="attr">
					<item id="name"><![CDATA[framekUKcwH]]></item>
					<item id="moveable"><![CDATA[true]]></item>
					<item id="className"><![CDATA[frame move-span cl frame-1]]></item>
					<item id="titles"><![CDATA[]]></item>
				</item>
				<item id="column`framekUKcwH_left">
					<item id="attr">
						<item id="name"><![CDATA[framekUKcwH_left]]></item>
						<item id="className"><![CDATA[column frame-1-c]]></item>
					</item>
					<item id="block`portal_block_781">
						<item id="attr">
							<item id="name"><![CDATA[portal_block_781]]></item>
							<item id="className"><![CDATA[block move-span]]></item>
							<item id="titles"><![CDATA[]]></item>
						</item>
					</item>
				</item>
			</item>
		</item>
		<item id="diy3"><![CDATA[]]></item>
	</item>
	<item id="blockdata">
		<item id="block">
			<item id="778">
				<item id="bid"><![CDATA[778]]></item>
				<item id="blockclass"><![CDATA[forum_thread]]></item>
				<item id="blocktype"><![CDATA[0]]></item>
				<item id="name"><![CDATA[hot-tuwen]]></item>
				<item id="title"><![CDATA[]]></item>
				<item id="classname"><![CDATA[]]></item>
				<item id="summary"><![CDATA[]]></item>
				<item id="uid"><![CDATA[1]]></item>
				<item id="username"><![CDATA[admin]]></item>
				<item id="styleid"><![CDATA[169]]></item>
				<item id="blockstyle"><![CDATA[]]></item>
				<item id="picwidth"><![CDATA[130]]></item>
				<item id="picheight"><![CDATA[100]]></item>
				<item id="target"><![CDATA[blank]]></item>
				<item id="dateformat"><![CDATA[Y-m-d]]></item>
				<item id="dateuformat"><![CDATA[0]]></item>
				<item id="script"><![CDATA[threadhot]]></item>
				<item id="param">
					<item id="fids">
						<item id="0"><![CDATA[0]]></item>
					</item>
					<item id="special">
						<item id="0"><![CDATA[0]]></item>
					</item>
					<item id="viewmod"><![CDATA[0]]></item>
					<item id="rewardstatus"><![CDATA[0]]></item>
					<item id="picrequired"><![CDATA[1]]></item>
					<item id="orderby"><![CDATA[views]]></item>
					<item id="postdateline"><![CDATA[0]]></item>
					<item id="lastpost"><![CDATA[0]]></item>
					<item id="titlelength"><![CDATA[40]]></item>
					<item id="summarylength"><![CDATA[80]]></item>
					<item id="items"><![CDATA[6]]></item>
				</item>
				<item id="shownum"><![CDATA[6]]></item>
				<item id="cachetime"><![CDATA[3600]]></item>
				<item id="cachetimerange"><![CDATA[]]></item>
				<item id="punctualupdate"><![CDATA[0]]></item>
				<item id="hidedisplay"><![CDATA[0]]></item>
				<item id="dateline"><![CDATA[1534230540]]></item>
				<item id="notinherited"><![CDATA[0]]></item>
				<item id="isblank"><![CDATA[0]]></item>
			</item>
			<item id="779">
				<item id="bid"><![CDATA[779]]></item>
				<item id="blockclass"><![CDATA[forum_thread]]></item>
				<item id="blocktype"><![CDATA[0]]></item>
				<item id="name"><![CDATA[hot-tie]]></item>
				<item id="title"><![CDATA[]]></item>
				<item id="classname"><![CDATA[]]></item>
				<item id="summary"><![CDATA[]]></item>
				<item id="uid"><![CDATA[1]]></item>
				<item id="username"><![CDATA[admin]]></item>
				<item id="styleid"><![CDATA[168]]></item>
				<item id="blockstyle"><![CDATA[]]></item>
				<item id="picwidth"><![CDATA[0]]></item>
				<item id="picheight"><![CDATA[0]]></item>
				<item id="target"><![CDATA[blank]]></item>
				<item id="dateformat"><![CDATA[Y-m-d]]></item>
				<item id="dateuformat"><![CDATA[0]]></item>
				<item id="script"><![CDATA[threadhot]]></item>
				<item id="param">
					<item id="fids">
						<item id="0"><![CDATA[0]]></item>
					</item>
					<item id="special">
						<item id="0"><![CDATA[0]]></item>
					</item>
					<item id="viewmod"><![CDATA[0]]></item>
					<item id="rewardstatus"><![CDATA[0]]></item>
					<item id="picrequired"><![CDATA[0]]></item>
					<item id="orderby"><![CDATA[views]]></item>
					<item id="postdateline"><![CDATA[0]]></item>
					<item id="lastpost"><![CDATA[0]]></item>
					<item id="titlelength"><![CDATA[40]]></item>
					<item id="summarylength"><![CDATA[80]]></item>
					<item id="items"><![CDATA[8]]></item>
				</item>
				<item id="shownum"><![CDATA[8]]></item>
				<item id="cachetime"><![CDATA[3600]]></item>
				<item id="cachetimerange"><![CDATA[]]></item>
				<item id="punctualupdate"><![CDATA[0]]></item>
				<item id="hidedisplay"><![CDATA[0]]></item>
				<item id="dateline"><![CDATA[1534230540]]></item>
				<item id="notinherited"><![CDATA[0]]></item>
				<item id="isblank"><![CDATA[0]]></item>
			</item>
			<item id="780">
				<item id="bid"><![CDATA[780]]></item>
				<item id="blockclass"><![CDATA[html_html]]></item>
				<item id="blocktype"><![CDATA[0]]></item>
				<item id="name"><![CDATA[ad]]></item>
				<item id="title"><![CDATA[]]></item>
				<item id="classname"><![CDATA[]]></item>
				<item id="summary"><![CDATA[<a href="#" target="_blank"><img src="./template/dean_newsc_180209/deancss/adt/ad2.jpg" width="300" /><i>300x180 AD</i></a>]]></item>
				<item id="uid"><![CDATA[1]]></item>
				<item id="username"><![CDATA[admin]]></item>
				<item id="styleid"><![CDATA[0]]></item>
				<item id="blockstyle"><![CDATA[]]></item>
				<item id="picwidth"><![CDATA[0]]></item>
				<item id="picheight"><![CDATA[0]]></item>
				<item id="target"><![CDATA[blank]]></item>
				<item id="dateformat"><![CDATA[Y-m-d]]></item>
				<item id="dateuformat"><![CDATA[0]]></item>
				<item id="script"><![CDATA[blank]]></item>
				<item id="param">
					<item id="content"><![CDATA[<a href=\"#\" target=\"_blank\"><img src=\"./template/dean_newsc_180209/deancss/adt/ad2.jpg\" width=\"300\" /><i>300x180 AD</i></a>]]></item>
					<item id="items"><![CDATA[10]]></item>
				</item>
				<item id="shownum"><![CDATA[10]]></item>
				<item id="cachetime"><![CDATA[0]]></item>
				<item id="cachetimerange"><![CDATA[0,0]]></item>
				<item id="punctualupdate"><![CDATA[0]]></item>
				<item id="hidedisplay"><![CDATA[0]]></item>
				<item id="dateline"><![CDATA[1534230583]]></item>
				<item id="notinherited"><![CDATA[0]]></item>
				<item id="isblank"><![CDATA[0]]></item>
			</item>
			<item id="781">
				<item id="bid"><![CDATA[781]]></item>
				<item id="blockclass"><![CDATA[member_member]]></item>
				<item id="blocktype"><![CDATA[0]]></item>
				<item id="name"><![CDATA[member]]></item>
				<item id="title"><![CDATA[]]></item>
				<item id="classname"><![CDATA[]]></item>
				<item id="summary"><![CDATA[]]></item>
				<item id="uid"><![CDATA[1]]></item>
				<item id="username"><![CDATA[admin]]></item>
				<item id="styleid"><![CDATA[170]]></item>
				<item id="blockstyle"><![CDATA[]]></item>
				<item id="picwidth"><![CDATA[55]]></item>
				<item id="picheight"><![CDATA[55]]></item>
				<item id="target"><![CDATA[blank]]></item>
				<item id="dateformat"><![CDATA[Y-m-d]]></item>
				<item id="dateuformat"><![CDATA[0]]></item>
				<item id="script"><![CDATA[memberposts]]></item>
				<item id="param">
					<item id="orderby"><![CDATA[threads]]></item>
					<item id="lastpost"><![CDATA[]]></item>
					<item id="startrow"><![CDATA[0]]></item>
					<item id="items"><![CDATA[5]]></item>
				</item>
				<item id="shownum"><![CDATA[5]]></item>
				<item id="cachetime"><![CDATA[3600]]></item>
				<item id="cachetimerange"><![CDATA[]]></item>
				<item id="punctualupdate"><![CDATA[0]]></item>
				<item id="hidedisplay"><![CDATA[0]]></item>
				<item id="dateline"><![CDATA[1534230539]]></item>
				<item id="notinherited"><![CDATA[0]]></item>
				<item id="isblank"><![CDATA[0]]></item>
			</item>
			<item id="782">
				<item id="bid"><![CDATA[782]]></item>
				<item id="blockclass"><![CDATA[forum_thread]]></item>
				<item id="blocktype"><![CDATA[0]]></item>
				<item id="name"><![CDATA[today]]></item>
				<item id="title"><![CDATA[]]></item>
				<item id="classname"><![CDATA[]]></item>
				<item id="summary"><![CDATA[]]></item>
				<item id="uid"><![CDATA[1]]></item>
				<item id="username"><![CDATA[admin]]></item>
				<item id="styleid"><![CDATA[171]]></item>
				<item id="blockstyle"><![CDATA[]]></item>
				<item id="picwidth"><![CDATA[100]]></item>
				<item id="picheight"><![CDATA[70]]></item>
				<item id="target"><![CDATA[blank]]></item>
				<item id="dateformat"><![CDATA[Y-m-d]]></item>
				<item id="dateuformat"><![CDATA[0]]></item>
				<item id="script"><![CDATA[threadnew]]></item>
				<item id="param">
					<item id="fids">
						<item id="0"><![CDATA[0]]></item>
					</item>
					<item id="special">
						<item id="0"><![CDATA[0]]></item>
					</item>
					<item id="viewmod"><![CDATA[0]]></item>
					<item id="rewardstatus"><![CDATA[0]]></item>
					<item id="picrequired"><![CDATA[1]]></item>
					<item id="orderby"><![CDATA[dateline]]></item>
					<item id="postdateline"><![CDATA[0]]></item>
					<item id="lastpost"><![CDATA[0]]></item>
					<item id="titlelength"><![CDATA[40]]></item>
					<item id="summarylength"><![CDATA[80]]></item>
					<item id="startrow"><![CDATA[0]]></item>
					<item id="items"><![CDATA[10]]></item>
				</item>
				<item id="shownum"><![CDATA[10]]></item>
				<item id="cachetime"><![CDATA[3600]]></item>
				<item id="cachetimerange"><![CDATA[]]></item>
				<item id="punctualupdate"><![CDATA[0]]></item>
				<item id="hidedisplay"><![CDATA[0]]></item>
				<item id="dateline"><![CDATA[1534230539]]></item>
				<item id="notinherited"><![CDATA[0]]></item>
				<item id="isblank"><![CDATA[0]]></item>
			</item>
			<item id="783">
				<item id="bid"><![CDATA[783]]></item>
				<item id="blockclass"><![CDATA[forum_thread]]></item>
				<item id="blocktype"><![CDATA[0]]></item>
				<item id="name"><![CDATA[week]]></item>
				<item id="title"><![CDATA[]]></item>
				<item id="classname"><![CDATA[]]></item>
				<item id="summary"><![CDATA[]]></item>
				<item id="uid"><![CDATA[1]]></item>
				<item id="username"><![CDATA[admin]]></item>
				<item id="styleid"><![CDATA[171]]></item>
				<item id="blockstyle"><![CDATA[]]></item>
				<item id="picwidth"><![CDATA[100]]></item>
				<item id="picheight"><![CDATA[70]]></item>
				<item id="target"><![CDATA[blank]]></item>
				<item id="dateformat"><![CDATA[Y-m-d]]></item>
				<item id="dateuformat"><![CDATA[0]]></item>
				<item id="script"><![CDATA[threadhot]]></item>
				<item id="param">
					<item id="fids">
						<item id="0"><![CDATA[0]]></item>
					</item>
					<item id="special">
						<item id="0"><![CDATA[0]]></item>
					</item>
					<item id="viewmod"><![CDATA[0]]></item>
					<item id="rewardstatus"><![CDATA[0]]></item>
					<item id="picrequired"><![CDATA[1]]></item>
					<item id="orderby"><![CDATA[views]]></item>
					<item id="postdateline"><![CDATA[0]]></item>
					<item id="lastpost"><![CDATA[0]]></item>
					<item id="titlelength"><![CDATA[40]]></item>
					<item id="summarylength"><![CDATA[80]]></item>
					<item id="items"><![CDATA[10]]></item>
				</item>
				<item id="shownum"><![CDATA[10]]></item>
				<item id="cachetime"><![CDATA[3600]]></item>
				<item id="cachetimerange"><![CDATA[]]></item>
				<item id="punctualupdate"><![CDATA[0]]></item>
				<item id="hidedisplay"><![CDATA[0]]></item>
				<item id="dateline"><![CDATA[1534230539]]></item>
				<item id="notinherited"><![CDATA[0]]></item>
				<item id="isblank"><![CDATA[0]]></item>
			</item>
			<item id="784">
				<item id="bid"><![CDATA[784]]></item>
				<item id="blockclass"><![CDATA[forum_thread]]></item>
				<item id="blocktype"><![CDATA[0]]></item>
				<item id="name"><![CDATA[month]]></item>
				<item id="title"><![CDATA[]]></item>
				<item id="classname"><![CDATA[]]></item>
				<item id="summary"><![CDATA[]]></item>
				<item id="uid"><![CDATA[1]]></item>
				<item id="username"><![CDATA[admin]]></item>
				<item id="styleid"><![CDATA[171]]></item>
				<item id="blockstyle"><![CDATA[]]></item>
				<item id="picwidth"><![CDATA[100]]></item>
				<item id="picheight"><![CDATA[70]]></item>
				<item id="target"><![CDATA[blank]]></item>
				<item id="dateformat"><![CDATA[Y-m-d]]></item>
				<item id="dateuformat"><![CDATA[0]]></item>
				<item id="script"><![CDATA[threadnew]]></item>
				<item id="param">
					<item id="fids">
						<item id="0"><![CDATA[0]]></item>
					</item>
					<item id="special">
						<item id="0"><![CDATA[0]]></item>
					</item>
					<item id="viewmod"><![CDATA[0]]></item>
					<item id="rewardstatus"><![CDATA[0]]></item>
					<item id="picrequired"><![CDATA[1]]></item>
					<item id="orderby"><![CDATA[dateline]]></item>
					<item id="postdateline"><![CDATA[0]]></item>
					<item id="lastpost"><![CDATA[0]]></item>
					<item id="titlelength"><![CDATA[40]]></item>
					<item id="summarylength"><![CDATA[80]]></item>
					<item id="startrow"><![CDATA[0]]></item>
					<item id="items"><![CDATA[10]]></item>
				</item>
				<item id="shownum"><![CDATA[10]]></item>
				<item id="cachetime"><![CDATA[3600]]></item>
				<item id="cachetimerange"><![CDATA[]]></item>
				<item id="punctualupdate"><![CDATA[0]]></item>
				<item id="hidedisplay"><![CDATA[0]]></item>
				<item id="dateline"><![CDATA[1534230538]]></item>
				<item id="notinherited"><![CDATA[0]]></item>
				<item id="isblank"><![CDATA[0]]></item>
			</item>
		</item>
		<item id="style">
			<item id="168">
				<item id="styleid"><![CDATA[168]]></item>
				<item id="blockclass"><![CDATA[forum_thread]]></item>
				<item id="name"><![CDATA[dean-wlnet-forum-hotlist]]></item>
				<item id="template">
					<item id="raw"><![CDATA[[loop]
<li><a href="{forumurl}" target="_blank" class="deantypenamest">{forumname}</a><a href="{url}" target="_blank" class="deanhotlia">{title}</a><div class="clear"></div></li>
[/loop]]]></item>
					<item id="footer"><![CDATA[]]></item>
					<item id="header"><![CDATA[]]></item>
					<item id="indexplus"><![CDATA[
					]]></item>
					<item id="index"><![CDATA[
					]]></item>
					<item id="orderplus"><![CDATA[
					]]></item>
					<item id="order"><![CDATA[
					]]></item>
					<item id="loopplus"><![CDATA[
					]]></item>
					<item id="loop"><![CDATA[<li><a href="{forumurl}" target="_blank" class="deantypenamest">{forumname}</a><a href="{url}" target="_blank" class="deanhotlia">{title}</a><div class="clear"></div></li>]]></item>
				</item>
				<item id="hash"><![CDATA[63e8dc4e]]></item>
				<item id="getpic"><![CDATA[0]]></item>
				<item id="getsummary"><![CDATA[0]]></item>
				<item id="makethumb"><![CDATA[0]]></item>
				<item id="settarget"><![CDATA[0]]></item>
				<item id="fields">
					<item id="0"><![CDATA[forumurl]]></item>
					<item id="1"><![CDATA[forumname]]></item>
					<item id="2"><![CDATA[url]]></item>
					<item id="3"><![CDATA[title]]></item>
				</item>
				<item id="moreurl"><![CDATA[0]]></item>
			</item>
			<item id="169">
				<item id="styleid"><![CDATA[169]]></item>
				<item id="blockclass"><![CDATA[forum_thread]]></item>
				<item id="name"><![CDATA[dean-wlnet-forum-topic]]></item>
				<item id="template">
					<item id="raw"><![CDATA[[loop]
<li><a href="{url}" target="_blank"><img src="{pic}" width="{picwidth}" height="{picheight}" /><div class="deanspanbg"><span>{title}</span></div></a></li>
[/loop]]]></item>
					<item id="footer"><![CDATA[]]></item>
					<item id="header"><![CDATA[]]></item>
					<item id="indexplus"><![CDATA[
					]]></item>
					<item id="index"><![CDATA[
					]]></item>
					<item id="orderplus"><![CDATA[
					]]></item>
					<item id="order"><![CDATA[
					]]></item>
					<item id="loopplus"><![CDATA[
					]]></item>
					<item id="loop"><![CDATA[<li><a href="{url}" target="_blank"><img src="{pic}" width="{picwidth}" height="{picheight}" /><div class="deanspanbg"><span>{title}</span></div></a></li>]]></item>
				</item>
				<item id="hash"><![CDATA[ddf3978a]]></item>
				<item id="getpic"><![CDATA[1]]></item>
				<item id="getsummary"><![CDATA[0]]></item>
				<item id="makethumb"><![CDATA[1]]></item>
				<item id="settarget"><![CDATA[0]]></item>
				<item id="fields">
					<item id="0"><![CDATA[url]]></item>
					<item id="1"><![CDATA[pic]]></item>
					<item id="2"><![CDATA[title]]></item>
				</item>
				<item id="moreurl"><![CDATA[0]]></item>
			</item>
			<item id="170">
				<item id="styleid"><![CDATA[170]]></item>
				<item id="blockclass"><![CDATA[member_member]]></item>
				<item id="name"><![CDATA[dean-wlnet-authors]]></item>
				<item id="template">
					<item id="raw"><![CDATA[[loop]
					<li class="deanauthorli{currentorder}">
                    	<div class="deanzzimg deanxz"><a href="{url}" target="_blank"><img src="{avatar_middle}" width="{picwidth}" height="{picheight}" /><span title="???߷???{threads}ƪ????">{threads}</span></a></div>
                        <div class="deanzzinfo">
                        	<h3><a href="{url}"{target}>{title}</a></h3>
                            <div class="clear"></div>
                            <div class="deanzzjss">
                            	{bio}
                            </div>
                        </div>
                        <div class="clear"></div>
                    </li>
					[/loop]]]></item>
					<item id="footer"><![CDATA[]]></item>
					<item id="header"><![CDATA[]]></item>
					<item id="indexplus"><![CDATA[
					]]></item>
					<item id="index"><![CDATA[
					]]></item>
					<item id="orderplus"><![CDATA[
					]]></item>
					<item id="order"><![CDATA[
					]]></item>
					<item id="loopplus"><![CDATA[
					]]></item>
					<item id="loop"><![CDATA[<li class="deanauthorli{currentorder}">
                    	<div class="deanzzimg deanxz"><a href="{url}" target="_blank"><img src="{avatar_middle}" width="{picwidth}" height="{picheight}" /><span title="???߷???{threads}ƪ????">{threads}</span></a></div>
                        <div class="deanzzinfo">
                        	<h3><a href="{url}"{target}>{title}</a></h3>
                            <div class="clear"></div>
                            <div class="deanzzjss">
                            	{bio}
                            </div>
                        </div>
                        <div class="clear"></div>
                    </li>]]></item>
				</item>
				<item id="hash"><![CDATA[71b5bad1]]></item>
				<item id="getpic"><![CDATA[0]]></item>
				<item id="getsummary"><![CDATA[0]]></item>
				<item id="makethumb"><![CDATA[1]]></item>
				<item id="settarget"><![CDATA[1]]></item>
				<item id="fields">
					<item id="0"><![CDATA[currentorder]]></item>
					<item id="1"><![CDATA[url]]></item>
					<item id="2"><![CDATA[avatar_middle]]></item>
					<item id="3"><![CDATA[threads]]></item>
					<item id="4"><![CDATA[title]]></item>
					<item id="5"><![CDATA[bio]]></item>
				</item>
				<item id="moreurl"><![CDATA[0]]></item>
			</item>
			<item id="171">
				<item id="styleid"><![CDATA[171]]></item>
				<item id="blockclass"><![CDATA[forum_thread]]></item>
				<item id="name"><![CDATA[dean-wlnet-forum-ranklist]]></item>
				<item id="template">
					<item id="raw"><![CDATA[[loop]
[order=1]
<li class="deanrankli{currentorder}">
                            <div class="deanranktit"><span>{currentorder}</span><h3><a href="{url}" target="_blank">{title}</a></h3><div class="clear"></div></div>
                            <div class="clear"></div>
                            <div class="deanrankinfost" style="display:block;">
                            	<div class="deanrankinfoimg"><a href="{url}" target="_blank"><img src="{pic}" width="{picwidth}" height="{picheight}" /></a></div>
                                <div class="deanrankinfor">
                                	<div class="deanranksummary">{summary}</div>
                                    <div class="deanranknums"><span><i class="icon-eye-open"></i>{views}</span><em></em><span><i class="icon-comments-alt"></i>{replies}</span></div>
                                </div>
				<div class="clear"></div>
                            </div>
                        </li>
[/order]
<li class="deanrankli{currentorder}">
                            <div class="deanranktit"><span>{currentorder}</span><h3><a href="{url}" target="_blank">{title}</a></h3><div class="clear"></div></div>
                            <div class="clear"></div>
                            <div class="deanrankinfost">
                            	<div class="deanrankinfoimg"><a href="{url}" target="_blank"><img src="{pic}" width="{picwidth}" height="{picheight}" /></a></div>
                                <div class="deanrankinfor">
                                	<div class="deanranksummary">{summary}</div>
                                    <div class="deanranknums"><span><i class="icon-eye-open"></i>{views}</span><em></em><span><i class="icon-comments-alt"></i>{replies}</span></div>
                                </div>
				<div class="clear"></div>
                            </div>
                        </li>
[/loop]]]></item>
					<item id="footer"><![CDATA[]]></item>
					<item id="header"><![CDATA[]]></item>
					<item id="indexplus"><![CDATA[
					]]></item>
					<item id="index"><![CDATA[
					]]></item>
					<item id="orderplus"><![CDATA[
					]]></item>
					<item id="order">
						<item id="1"><![CDATA[<li class="deanrankli{currentorder}">
                            <div class="deanranktit"><span>{currentorder}</span><h3><a href="{url}" target="_blank">{title}</a></h3><div class="clear"></div></div>
                            <div class="clear"></div>
                            <div class="deanrankinfost" style="display:block;">
                            	<div class="deanrankinfoimg"><a href="{url}" target="_blank"><img src="{pic}" width="{picwidth}" height="{picheight}" /></a></div>
                                <div class="deanrankinfor">
                                	<div class="deanranksummary">{summary}</div>
                                    <div class="deanranknums"><span><i class="icon-eye-open"></i>{views}</span><em></em><span><i class="icon-comments-alt"></i>{replies}</span></div>
                                </div>
				<div class="clear"></div>
                            </div>
                        </li>]]></item>
					</item>
					<item id="loopplus"><![CDATA[
					]]></item>
					<item id="loop"><![CDATA[[order=1]
<li class="deanrankli{currentorder}">
                            <div class="deanranktit"><span>{currentorder}</span><h3><a href="{url}" target="_blank">{title}</a></h3><div class="clear"></div></div>
                            <div class="clear"></div>
                            <div class="deanrankinfost" style="display:block;">
                            	<div class="deanrankinfoimg"><a href="{url}" target="_blank"><img src="{pic}" width="{picwidth}" height="{picheight}" /></a></div>
                                <div class="deanrankinfor">
                                	<div class="deanranksummary">{summary}</div>
                                    <div class="deanranknums"><span><i class="icon-eye-open"></i>{views}</span><em></em><span><i class="icon-comments-alt"></i>{replies}</span></div>
                                </div>
				<div class="clear"></div>
                            </div>
                        </li>
[/order]
<li class="deanrankli{currentorder}">
                            <div class="deanranktit"><span>{currentorder}</span><h3><a href="{url}" target="_blank">{title}</a></h3><div class="clear"></div></div>
                            <div class="clear"></div>
                            <div class="deanrankinfost">
                            	<div class="deanrankinfoimg"><a href="{url}" target="_blank"><img src="{pic}" width="{picwidth}" height="{picheight}" /></a></div>
                                <div class="deanrankinfor">
                                	<div class="deanranksummary">{summary}</div>
                                    <div class="deanranknums"><span><i class="icon-eye-open"></i>{views}</span><em></em><span><i class="icon-comments-alt"></i>{replies}</span></div>
                                </div>
				<div class="clear"></div>
                            </div>
                        </li>]]></item>
				</item>
				<item id="hash"><![CDATA[df77d2d4]]></item>
				<item id="getpic"><![CDATA[1]]></item>
				<item id="getsummary"><![CDATA[1]]></item>
				<item id="makethumb"><![CDATA[1]]></item>
				<item id="settarget"><![CDATA[0]]></item>
				<item id="fields">
					<item id="0"><![CDATA[currentorder]]></item>
					<item id="1"><![CDATA[url]]></item>
					<item id="2"><![CDATA[title]]></item>
					<item id="3"><![CDATA[pic]]></item>
					<item id="4"><![CDATA[summary]]></item>
					<item id="5"><![CDATA[views]]></item>
					<item id="6"><![CDATA[replies]]></item>
				</item>
				<item id="moreurl"><![CDATA[0]]></item>
			</item>
		</item>
	</item>
</root>