<?xml version="1.0" encoding="ISO-8859-1"?>
<root>
	<item id="Title"><![CDATA[Discuz! Threadtypes]]></item>
	<item id="Version"><![CDATA[X3.4]]></item>
	<item id="Time"><![CDATA[2018-11-09 21:41]]></item>
	<item id="From"><![CDATA[Discuz! Board (http://www.ux3.cc/)]]></item>
	<item id="Data">
		<item id="0">
			<item id="optionid"><![CDATA[15]]></item>
			<item id="classid"><![CDATA[3]]></item>
			<item id="displayorder"><![CDATA[1]]></item>
			<item id="expiration"><![CDATA[0]]></item>
			<item id="title"><![CDATA[风格]]></item>
			<item id="description"><![CDATA[背景图库]]></item>
			<item id="identifier"><![CDATA[deanbgfg]]></item>
			<item id="type"><![CDATA[select]]></item>
			<item id="unit"><![CDATA[]]></item>
			<item id="permprompt"><![CDATA[]]></item>
			<item id="typeid"><![CDATA[2]]></item>
			<item id="name"><![CDATA[背景图库]]></item>
			<item id="icon"><![CDATA[]]></item>
			<item id="special"><![CDATA[1]]></item>
			<item id="modelid"><![CDATA[0]]></item>
			<item id="template"><![CDATA[<style type="text/css">
.firstfloor .pi{ display:none;}
.firstfloor .plc{ padding:0!important;}
.deannolz .deanviewtit{ display:none!important;}
.deannolz .deanviewtit,.deannolz .viewbox.firstfloor .boxtable{ border:0!important;}
	.deanbang,.deanbuttonpost,.vwthd{display:none;}
.dean_author .r_arrow{ display:none;}
.deanscview{ width:860px;}
	.deanscviewleft{ width:500px; float:left; text-align:center;}
		.deanscviewleft img{ max-width:500px;}
		.deanbqsm{ text-align:left; padding:15px;  margin-top:15px; font-size:13px; color:#808080; background:#fbfbfb; line-height:25px; border:1px dashed #f0f0f0;}
	.deanscviewright{ width:338px; float:right;}
		.deanscviewright table{ width:100%;}
			.deanscviewright table tr{}
				.deanscviewright table tr td{ border:1px solid #f0f0f0; padding:10px 0; text-indent:10px; font-size:14px;}
				.deanscviewright table tr td.deantd1{ background:#fafafa; width:90px;}
					.deanscviewright table tr td i{ border:1px solid #f0f0f0; text-indent:0; padding:0px 5px; display:inline-block; color: #999; height:22px; line-height:22px; border-radius: 22px; font-size: 12px; margin-right:5px;}
		.deanscviewright p{ height:30px; line-height:30px; font-size:13px; color:#bbb; margin-top:10px;}
			.deanscviewright p i{ padding-right:5px; color:#5b9ffc;}
		.deandowninfo{}
			.deandowninfo a{ display:block; height:60px; line-height:60px; margin-top:10px; background:#5b9ffc; color:#fff; font-size:20px; text-align:center; border-radius:2px; -webkit-transition: all 0.3s ease;  -moz-transition: all 0.3s ease;  -o-transition: all 0.3s ease;  transition: all 0.3s ease; }
			.deandowninfo a.deandownaaa{ background:#00c091; border-radius:2px; -webkit-transition: all 0.3s ease;  -moz-transition: all 0.3s ease;  -o-transition: all 0.3s ease;  transition: all 0.3s ease; }
				.deandowninfo a i{ padding-right:10px;}
			.deandowninfo a:hover{ background:#f98888;}	
				.deandowninfo span#sortmessage_dwpmm{ display:block; height:60px; line-height:60px; margin-top:10px; background:#f90; color:#fff; font-size:20px; text-align:center; border-radius:2px;}
			.deanxzmm{ display:block; height:60px; line-height:60px; margin-top:10px; background:#0ec5a1; color:#fff; font-size:20px; text-align:center; border-radius:2px;}
			.deanczvips{ height:60px; line-height:60px;}
				.deanczvips a{ display:block; background:#ff6060; color:#fff; height:60px; line-height:60px;}
					.deanczvips a i{ display:inline-block; float:left; margin-left:30px; margin-top:21px;}
					.deanczvips a span{display:inline-block; float:left;}
					.deanczvips a em{ display:inline-block; float:left; display:block; background:#ff8f8f; height:26px; line-height:26px; margin:18px 7px; margin-left:25px; padding:0 10px; color:#fff; font-size:14px; border-radius:20px;}
</style>
<div class="deanscview">
	<div class="deanscviewleft">
    	<img src="{deanbgylt_value}" zoomfile="{deanbgylt_value}" file="{deanbgylt_value}" class="zoom" onclick="zoom(this, this.src, 0, 0, 0)" />
        <div class="clear"></div>
        <div class="deanbqsm">该素材为迪恩素材原创或已获得相关权利人授权，作品（含预览图）受著作权法保护，著作权及相关权利.如有问题请联系客服QQ：3318850993。</div>
    </div>
    <div class="deanscviewright">
    	<table>
        	<tr><td class="deantd1">版式</td><td>{deanbgbs_value}</td></tr>
            <tr><td class="deantd1">格式</td><td>{deanbggs_value}</td></tr>
            <tr><td class="deantd1">风格</td><td>{deanbgfg_value}</td></tr>
            <tr><td class="deantd1">原分辨率</td><td>	{deanbgfbl_value}</td></tr>
            <tr><td class="deantd1">原图尺寸</td><td>{deanbgcc_value}</td></tr>
            <tr><td class="deantd1">上传时间</td><td>{deanbgdate_value}</td></tr>
        </table>
        <div class="clear"></div>
        <p><i class="icon-exclamation-sign"></i>肖像权：人物画像及字体仅供参考禁止商用</p>
        <div class="clear"></div>
        <div class="deandowninfo">
        	<a href="{deanbgdownload_value}" target="_blank" class="deandownaaa"><i class="icon-download-alt"></i><span>点击下载</span><div class="clear"></div></a>
            <div class="clear"></div>
            <div class="deanxzmm">{deanbgmm_value}</div>
            <div class="clear"></div>
            <div class="deanczvips"><a href="vip"><i class="icon-cloud-download"></i><span>海量畅享下载</span><em>成为VIP会员</em></a></div>
        </div>
        
    </div>
    <div class="clear"></div>
</div>]]></item>
			<item id="stemplate"><![CDATA[<style type="text/css">
.ct2 .sd{ display:none;}
.ct2 .mn,#threadlist{ width:1180px!important;}
.clear{ clear:both;}
#threadlist{ border:0; background:none!important;}
#threadlist .bm_c{ padding:0; padding-bottom:15px;}
.mn{ overflow:visible!important;}
.pgs #newspecialtmp{ display:none;}
#mdly{ z-index:11;}
.deanwaterfall{ margin-top:0px;}
	.deanwaterfall ul{ width:1200px;}
		.deanwaterfall li{ background:#fff; width:220px; border:1px solid #f0f0f0; border-radius:0 0 3px 3px; margin-right:18px; float:left; margin-bottom:18px;  -ms-transition: transform .2s; -webkit-transition: transform .2s; -moz-transition: transform .2s; transition: transform .2s;}
		.deanwaterfall li:hover{ transform: translateY(-6px);
    -webkit-transform: translateY(-6px);
    -moz-transform: translateY(-6px);
    box-shadow: 0 26px 40px -24px rgba(0,36,100,0.3);
    -webkit-box-shadow: 0 26px 40px -24px rgba(0,36,100,0.3);
    -moz-box-shadow: 0 26px 40px -24px rgba(0,36,100,0.3);
    -webkit-transition: all 0.3s ease;
    -moz-transition: all 0.3s ease;
    -o-transition: all 0.3s ease;
    transition: all 0.3s ease;}
		.deanwaterfall .c, .deanwaterfall h3{ font-size:13px; background:#fff; border-color:#e6e6e6; font-weight:normal; }
		.deanwaterfall .c{ padding:0; position:relative; z-index:1;}
			.deanwaterfall h3{ padding:5px 10px; height:30px; line-height:30px; display:block;white-space:nowrap; overflow:hidden; text-overflow:ellipsis; overflow:hidden;}
			.deanwaterfall .auth{ background:#fff; border-top:1px solid #f0f0f0; border-radius:0 0 3px 3px; padding:5px 10px; color:#666; position:relative;}
				.deanwaterfall .auth b.deanarrowss{ position: absolute; z-index: 11; top: -11px; left: 15px; border-width:6px;  overflow: visible; display:block; border: 5px dashed transparent; border-bottom-color: #ededed;}
					.deanwaterfall .auth b.deanarrowss i{position: absolute; width: 0; height: 0; top: -3px; left: -5px; border:5px solid transparent; border-bottom-color: #fff; display:block; }
			.deanwaterfall h3 a{ color:#333; font-size:16px;}
			.deanwaterfall h3 a:hover{ color:#00B091;}
			.deanwaterfall .auth .xg1, .waterfall .auth a{ color:#aaa!important; font-size:12px;}
			
			.deanyhz{ height:30px; margin:5px 0; line-height:30px;}
				.deanyhz img{ width:30px; height:30px; border-radius:30px; float:left;}
				.deanyhz b{ float:left; font-weight:normal; display:block;  padding-left:10px;}
			.deantnums{ height:30px; line-height:30px; font-size:12px; color:#bbb;}
				.deantnums b{ display:inline-block; float:left; font-weight:normal;}
				.deantnums i{ display:block; margin:0 7px; border-right:1px solid #ddd; float:left; width:1px; height:12px; margin-top:10px;}
</style>
<div class="deanwaterfall">
    <ul class="cl">
        [loop]
        <li id="deanidlist">
            <div class="c cl"><a href="{subject_url}" class="z"><img src="{deanbgylt_value}" width="220" height="300" /></a></div>
            <h3><a href="{subject_url}">{subject}</a></h3>
            <div class="auth cl">
                <b class="deanarrowss"><i></i></b>
                <div class="deanyhz">
                    <a href="{author_url}"><img src="{avatar_small}" /><b>{author}</b></a><b>{author_verify}</b>
                    <div class="clear"></div>
                </div>
                <div class="clear"></div>
                <div class="deantnums">  
                    <b>浏览:{views}</b>
                    <i></i>
                    <b>回复:{replies}</b><i></i>
                    <b>{dateline}</b>
                    <div class="clear"></div>
                </div>
            </div>
        </li>
        [/loop]
        <div class="clear"></div>
    </ul>
</div>]]></item>
			<item id="ptemplate"><![CDATA[]]></item>
			<item id="btemplate"><![CDATA[]]></item>
			<item id="sortid"><![CDATA[2]]></item>
			<item id="available"><![CDATA[1]]></item>
			<item id="required"><![CDATA[0]]></item>
			<item id="unchangeable"><![CDATA[0]]></item>
			<item id="search"><![CDATA[2]]></item>
			<item id="subjectshow"><![CDATA[1]]></item>
			<item id="tpdescription"><![CDATA[]]></item>
			<item id="ttdescription"><![CDATA[背景图库]]></item>
			<item id="tpexpiration"><![CDATA[0]]></item>
			<item id="ttexpiration"><![CDATA[0]]></item>
			<item id="__protect">
				<item id="usergroup"><![CDATA[]]></item>
				<item id="verify"><![CDATA[]]></item>
			</item>
			<item id="__rules">
				<item id="choices"><![CDATA[1=扁平/简约
2=商务/科技
3=文艺/清新
4=卡通/手绘
5=质感/纹理
6=摄影/风景
7=电商/狂欢
8=复古/中国风
9=另类/其他
10=党政/党建]]></item>
				<item id="inputsize"><![CDATA[]]></item>
			</item>
		</item>
		<item id="1">
			<item id="optionid"><![CDATA[16]]></item>
			<item id="classid"><![CDATA[3]]></item>
			<item id="displayorder"><![CDATA[2]]></item>
			<item id="expiration"><![CDATA[0]]></item>
			<item id="title"><![CDATA[版式]]></item>
			<item id="description"><![CDATA[背景图库]]></item>
			<item id="identifier"><![CDATA[deanbgbs]]></item>
			<item id="type"><![CDATA[checkbox]]></item>
			<item id="unit"><![CDATA[]]></item>
			<item id="permprompt"><![CDATA[]]></item>
			<item id="typeid"><![CDATA[2]]></item>
			<item id="name"><![CDATA[背景图库]]></item>
			<item id="icon"><![CDATA[]]></item>
			<item id="special"><![CDATA[1]]></item>
			<item id="modelid"><![CDATA[0]]></item>
			<item id="template"><![CDATA[<style type="text/css">
.firstfloor .pi{ display:none;}
.firstfloor .plc{ padding:0!important;}
.deannolz .deanviewtit{ display:none!important;}
.deannolz .deanviewtit,.deannolz .viewbox.firstfloor .boxtable{ border:0!important;}
	.deanbang,.deanbuttonpost,.vwthd{display:none;}
.dean_author .r_arrow{ display:none;}
.deanscview{ width:860px;}
	.deanscviewleft{ width:500px; float:left; text-align:center;}
		.deanscviewleft img{ max-width:500px;}
		.deanbqsm{ text-align:left; padding:15px;  margin-top:15px; font-size:13px; color:#808080; background:#fbfbfb; line-height:25px; border:1px dashed #f0f0f0;}
	.deanscviewright{ width:338px; float:right;}
		.deanscviewright table{ width:100%;}
			.deanscviewright table tr{}
				.deanscviewright table tr td{ border:1px solid #f0f0f0; padding:10px 0; text-indent:10px; font-size:14px;}
				.deanscviewright table tr td.deantd1{ background:#fafafa; width:90px;}
					.deanscviewright table tr td i{ border:1px solid #f0f0f0; text-indent:0; padding:0px 5px; display:inline-block; color: #999; height:22px; line-height:22px; border-radius: 22px; font-size: 12px; margin-right:5px;}
		.deanscviewright p{ height:30px; line-height:30px; font-size:13px; color:#bbb; margin-top:10px;}
			.deanscviewright p i{ padding-right:5px; color:#5b9ffc;}
		.deandowninfo{}
			.deandowninfo a{ display:block; height:60px; line-height:60px; margin-top:10px; background:#5b9ffc; color:#fff; font-size:20px; text-align:center; border-radius:2px; -webkit-transition: all 0.3s ease;  -moz-transition: all 0.3s ease;  -o-transition: all 0.3s ease;  transition: all 0.3s ease; }
			.deandowninfo a.deandownaaa{ background:#00c091; border-radius:2px; -webkit-transition: all 0.3s ease;  -moz-transition: all 0.3s ease;  -o-transition: all 0.3s ease;  transition: all 0.3s ease; }
				.deandowninfo a i{ padding-right:10px;}
			.deandowninfo a:hover{ background:#f98888;}	
				.deandowninfo span#sortmessage_dwpmm{ display:block; height:60px; line-height:60px; margin-top:10px; background:#f90; color:#fff; font-size:20px; text-align:center; border-radius:2px;}
			.deanxzmm{ display:block; height:60px; line-height:60px; margin-top:10px; background:#0ec5a1; color:#fff; font-size:20px; text-align:center; border-radius:2px;}
			.deanczvips{ height:60px; line-height:60px;}
				.deanczvips a{ display:block; background:#ff6060; color:#fff; height:60px; line-height:60px;}
					.deanczvips a i{ display:inline-block; float:left; margin-left:30px; margin-top:21px;}
					.deanczvips a span{display:inline-block; float:left;}
					.deanczvips a em{ display:inline-block; float:left; display:block; background:#ff8f8f; height:26px; line-height:26px; margin:18px 7px; margin-left:25px; padding:0 10px; color:#fff; font-size:14px; border-radius:20px;}
</style>
<div class="deanscview">
	<div class="deanscviewleft">
    	<img src="{deanbgylt_value}" zoomfile="{deanbgylt_value}" file="{deanbgylt_value}" class="zoom" onclick="zoom(this, this.src, 0, 0, 0)" />
        <div class="clear"></div>
        <div class="deanbqsm">该素材为迪恩素材原创或已获得相关权利人授权，作品（含预览图）受著作权法保护，著作权及相关权利.如有问题请联系客服QQ：3318850993。</div>
    </div>
    <div class="deanscviewright">
    	<table>
        	<tr><td class="deantd1">版式</td><td>{deanbgbs_value}</td></tr>
            <tr><td class="deantd1">格式</td><td>{deanbggs_value}</td></tr>
            <tr><td class="deantd1">风格</td><td>{deanbgfg_value}</td></tr>
            <tr><td class="deantd1">原分辨率</td><td>	{deanbgfbl_value}</td></tr>
            <tr><td class="deantd1">原图尺寸</td><td>{deanbgcc_value}</td></tr>
            <tr><td class="deantd1">上传时间</td><td>{deanbgdate_value}</td></tr>
        </table>
        <div class="clear"></div>
        <p><i class="icon-exclamation-sign"></i>肖像权：人物画像及字体仅供参考禁止商用</p>
        <div class="clear"></div>
        <div class="deandowninfo">
        	<a href="{deanbgdownload_value}" target="_blank" class="deandownaaa"><i class="icon-download-alt"></i><span>点击下载</span><div class="clear"></div></a>
            <div class="clear"></div>
            <div class="deanxzmm">{deanbgmm_value}</div>
            <div class="clear"></div>
            <div class="deanczvips"><a href="vip"><i class="icon-cloud-download"></i><span>海量畅享下载</span><em>成为VIP会员</em></a></div>
        </div>
        
    </div>
    <div class="clear"></div>
</div>]]></item>
			<item id="stemplate"><![CDATA[<style type="text/css">
.ct2 .sd{ display:none;}
.ct2 .mn,#threadlist{ width:1180px!important;}
.clear{ clear:both;}
#threadlist{ border:0; background:none!important;}
#threadlist .bm_c{ padding:0; padding-bottom:15px;}
.mn{ overflow:visible!important;}
.pgs #newspecialtmp{ display:none;}
#mdly{ z-index:11;}
.deanwaterfall{ margin-top:0px;}
	.deanwaterfall ul{ width:1200px;}
		.deanwaterfall li{ background:#fff; width:220px; border:1px solid #f0f0f0; border-radius:0 0 3px 3px; margin-right:18px; float:left; margin-bottom:18px;  -ms-transition: transform .2s; -webkit-transition: transform .2s; -moz-transition: transform .2s; transition: transform .2s;}
		.deanwaterfall li:hover{ transform: translateY(-6px);
    -webkit-transform: translateY(-6px);
    -moz-transform: translateY(-6px);
    box-shadow: 0 26px 40px -24px rgba(0,36,100,0.3);
    -webkit-box-shadow: 0 26px 40px -24px rgba(0,36,100,0.3);
    -moz-box-shadow: 0 26px 40px -24px rgba(0,36,100,0.3);
    -webkit-transition: all 0.3s ease;
    -moz-transition: all 0.3s ease;
    -o-transition: all 0.3s ease;
    transition: all 0.3s ease;}
		.deanwaterfall .c, .deanwaterfall h3{ font-size:13px; background:#fff; border-color:#e6e6e6; font-weight:normal; }
		.deanwaterfall .c{ padding:0; position:relative; z-index:1;}
			.deanwaterfall h3{ padding:5px 10px; height:30px; line-height:30px; display:block;white-space:nowrap; overflow:hidden; text-overflow:ellipsis; overflow:hidden;}
			.deanwaterfall .auth{ background:#fff; border-top:1px solid #f0f0f0; border-radius:0 0 3px 3px; padding:5px 10px; color:#666; position:relative;}
				.deanwaterfall .auth b.deanarrowss{ position: absolute; z-index: 11; top: -11px; left: 15px; border-width:6px;  overflow: visible; display:block; border: 5px dashed transparent; border-bottom-color: #ededed;}
					.deanwaterfall .auth b.deanarrowss i{position: absolute; width: 0; height: 0; top: -3px; left: -5px; border:5px solid transparent; border-bottom-color: #fff; display:block; }
			.deanwaterfall h3 a{ color:#333; font-size:16px;}
			.deanwaterfall h3 a:hover{ color:#00B091;}
			.deanwaterfall .auth .xg1, .waterfall .auth a{ color:#aaa!important; font-size:12px;}
			
			.deanyhz{ height:30px; margin:5px 0; line-height:30px;}
				.deanyhz img{ width:30px; height:30px; border-radius:30px; float:left;}
				.deanyhz b{ float:left; font-weight:normal; display:block;  padding-left:10px;}
			.deantnums{ height:30px; line-height:30px; font-size:12px; color:#bbb;}
				.deantnums b{ display:inline-block; float:left; font-weight:normal;}
				.deantnums i{ display:block; margin:0 7px; border-right:1px solid #ddd; float:left; width:1px; height:12px; margin-top:10px;}
</style>
<div class="deanwaterfall">
    <ul class="cl">
        [loop]
        <li id="deanidlist">
            <div class="c cl"><a href="{subject_url}" class="z"><img src="{deanbgylt_value}" width="220" height="300" /></a></div>
            <h3><a href="{subject_url}">{subject}</a></h3>
            <div class="auth cl">
                <b class="deanarrowss"><i></i></b>
                <div class="deanyhz">
                    <a href="{author_url}"><img src="{avatar_small}" /><b>{author}</b></a><b>{author_verify}</b>
                    <div class="clear"></div>
                </div>
                <div class="clear"></div>
                <div class="deantnums">  
                    <b>浏览:{views}</b>
                    <i></i>
                    <b>回复:{replies}</b><i></i>
                    <b>{dateline}</b>
                    <div class="clear"></div>
                </div>
            </div>
        </li>
        [/loop]
        <div class="clear"></div>
    </ul>
</div>]]></item>
			<item id="ptemplate"><![CDATA[]]></item>
			<item id="btemplate"><![CDATA[]]></item>
			<item id="sortid"><![CDATA[2]]></item>
			<item id="available"><![CDATA[1]]></item>
			<item id="required"><![CDATA[0]]></item>
			<item id="unchangeable"><![CDATA[0]]></item>
			<item id="search"><![CDATA[2]]></item>
			<item id="subjectshow"><![CDATA[1]]></item>
			<item id="tpdescription"><![CDATA[]]></item>
			<item id="ttdescription"><![CDATA[背景图库]]></item>
			<item id="tpexpiration"><![CDATA[0]]></item>
			<item id="ttexpiration"><![CDATA[0]]></item>
			<item id="__protect">
				<item id="usergroup"><![CDATA[]]></item>
				<item id="verify"><![CDATA[]]></item>
			</item>
			<item id="__rules">
				<item id="choices"><![CDATA[1=精品套图
2=竖图
3=横图
4=方图
5=摄影图]]></item>
			</item>
		</item>
		<item id="2">
			<item id="optionid"><![CDATA[17]]></item>
			<item id="classid"><![CDATA[3]]></item>
			<item id="displayorder"><![CDATA[3]]></item>
			<item id="expiration"><![CDATA[0]]></item>
			<item id="title"><![CDATA[格式]]></item>
			<item id="description"><![CDATA[背景图库]]></item>
			<item id="identifier"><![CDATA[deanbggs]]></item>
			<item id="type"><![CDATA[checkbox]]></item>
			<item id="unit"><![CDATA[]]></item>
			<item id="permprompt"><![CDATA[]]></item>
			<item id="typeid"><![CDATA[2]]></item>
			<item id="name"><![CDATA[背景图库]]></item>
			<item id="icon"><![CDATA[]]></item>
			<item id="special"><![CDATA[1]]></item>
			<item id="modelid"><![CDATA[0]]></item>
			<item id="template"><![CDATA[<style type="text/css">
.firstfloor .pi{ display:none;}
.firstfloor .plc{ padding:0!important;}
.deannolz .deanviewtit{ display:none!important;}
.deannolz .deanviewtit,.deannolz .viewbox.firstfloor .boxtable{ border:0!important;}
	.deanbang,.deanbuttonpost,.vwthd{display:none;}
.dean_author .r_arrow{ display:none;}
.deanscview{ width:860px;}
	.deanscviewleft{ width:500px; float:left; text-align:center;}
		.deanscviewleft img{ max-width:500px;}
		.deanbqsm{ text-align:left; padding:15px;  margin-top:15px; font-size:13px; color:#808080; background:#fbfbfb; line-height:25px; border:1px dashed #f0f0f0;}
	.deanscviewright{ width:338px; float:right;}
		.deanscviewright table{ width:100%;}
			.deanscviewright table tr{}
				.deanscviewright table tr td{ border:1px solid #f0f0f0; padding:10px 0; text-indent:10px; font-size:14px;}
				.deanscviewright table tr td.deantd1{ background:#fafafa; width:90px;}
					.deanscviewright table tr td i{ border:1px solid #f0f0f0; text-indent:0; padding:0px 5px; display:inline-block; color: #999; height:22px; line-height:22px; border-radius: 22px; font-size: 12px; margin-right:5px;}
		.deanscviewright p{ height:30px; line-height:30px; font-size:13px; color:#bbb; margin-top:10px;}
			.deanscviewright p i{ padding-right:5px; color:#5b9ffc;}
		.deandowninfo{}
			.deandowninfo a{ display:block; height:60px; line-height:60px; margin-top:10px; background:#5b9ffc; color:#fff; font-size:20px; text-align:center; border-radius:2px; -webkit-transition: all 0.3s ease;  -moz-transition: all 0.3s ease;  -o-transition: all 0.3s ease;  transition: all 0.3s ease; }
			.deandowninfo a.deandownaaa{ background:#00c091; border-radius:2px; -webkit-transition: all 0.3s ease;  -moz-transition: all 0.3s ease;  -o-transition: all 0.3s ease;  transition: all 0.3s ease; }
				.deandowninfo a i{ padding-right:10px;}
			.deandowninfo a:hover{ background:#f98888;}	
				.deandowninfo span#sortmessage_dwpmm{ display:block; height:60px; line-height:60px; margin-top:10px; background:#f90; color:#fff; font-size:20px; text-align:center; border-radius:2px;}
			.deanxzmm{ display:block; height:60px; line-height:60px; margin-top:10px; background:#0ec5a1; color:#fff; font-size:20px; text-align:center; border-radius:2px;}
			.deanczvips{ height:60px; line-height:60px;}
				.deanczvips a{ display:block; background:#ff6060; color:#fff; height:60px; line-height:60px;}
					.deanczvips a i{ display:inline-block; float:left; margin-left:30px; margin-top:21px;}
					.deanczvips a span{display:inline-block; float:left;}
					.deanczvips a em{ display:inline-block; float:left; display:block; background:#ff8f8f; height:26px; line-height:26px; margin:18px 7px; margin-left:25px; padding:0 10px; color:#fff; font-size:14px; border-radius:20px;}
</style>
<div class="deanscview">
	<div class="deanscviewleft">
    	<img src="{deanbgylt_value}" zoomfile="{deanbgylt_value}" file="{deanbgylt_value}" class="zoom" onclick="zoom(this, this.src, 0, 0, 0)" />
        <div class="clear"></div>
        <div class="deanbqsm">该素材为迪恩素材原创或已获得相关权利人授权，作品（含预览图）受著作权法保护，著作权及相关权利.如有问题请联系客服QQ：3318850993。</div>
    </div>
    <div class="deanscviewright">
    	<table>
        	<tr><td class="deantd1">版式</td><td>{deanbgbs_value}</td></tr>
            <tr><td class="deantd1">格式</td><td>{deanbggs_value}</td></tr>
            <tr><td class="deantd1">风格</td><td>{deanbgfg_value}</td></tr>
            <tr><td class="deantd1">原分辨率</td><td>	{deanbgfbl_value}</td></tr>
            <tr><td class="deantd1">原图尺寸</td><td>{deanbgcc_value}</td></tr>
            <tr><td class="deantd1">上传时间</td><td>{deanbgdate_value}</td></tr>
        </table>
        <div class="clear"></div>
        <p><i class="icon-exclamation-sign"></i>肖像权：人物画像及字体仅供参考禁止商用</p>
        <div class="clear"></div>
        <div class="deandowninfo">
        	<a href="{deanbgdownload_value}" target="_blank" class="deandownaaa"><i class="icon-download-alt"></i><span>点击下载</span><div class="clear"></div></a>
            <div class="clear"></div>
            <div class="deanxzmm">{deanbgmm_value}</div>
            <div class="clear"></div>
            <div class="deanczvips"><a href="vip"><i class="icon-cloud-download"></i><span>海量畅享下载</span><em>成为VIP会员</em></a></div>
        </div>
        
    </div>
    <div class="clear"></div>
</div>]]></item>
			<item id="stemplate"><![CDATA[<style type="text/css">
.ct2 .sd{ display:none;}
.ct2 .mn,#threadlist{ width:1180px!important;}
.clear{ clear:both;}
#threadlist{ border:0; background:none!important;}
#threadlist .bm_c{ padding:0; padding-bottom:15px;}
.mn{ overflow:visible!important;}
.pgs #newspecialtmp{ display:none;}
#mdly{ z-index:11;}
.deanwaterfall{ margin-top:0px;}
	.deanwaterfall ul{ width:1200px;}
		.deanwaterfall li{ background:#fff; width:220px; border:1px solid #f0f0f0; border-radius:0 0 3px 3px; margin-right:18px; float:left; margin-bottom:18px;  -ms-transition: transform .2s; -webkit-transition: transform .2s; -moz-transition: transform .2s; transition: transform .2s;}
		.deanwaterfall li:hover{ transform: translateY(-6px);
    -webkit-transform: translateY(-6px);
    -moz-transform: translateY(-6px);
    box-shadow: 0 26px 40px -24px rgba(0,36,100,0.3);
    -webkit-box-shadow: 0 26px 40px -24px rgba(0,36,100,0.3);
    -moz-box-shadow: 0 26px 40px -24px rgba(0,36,100,0.3);
    -webkit-transition: all 0.3s ease;
    -moz-transition: all 0.3s ease;
    -o-transition: all 0.3s ease;
    transition: all 0.3s ease;}
		.deanwaterfall .c, .deanwaterfall h3{ font-size:13px; background:#fff; border-color:#e6e6e6; font-weight:normal; }
		.deanwaterfall .c{ padding:0; position:relative; z-index:1;}
			.deanwaterfall h3{ padding:5px 10px; height:30px; line-height:30px; display:block;white-space:nowrap; overflow:hidden; text-overflow:ellipsis; overflow:hidden;}
			.deanwaterfall .auth{ background:#fff; border-top:1px solid #f0f0f0; border-radius:0 0 3px 3px; padding:5px 10px; color:#666; position:relative;}
				.deanwaterfall .auth b.deanarrowss{ position: absolute; z-index: 11; top: -11px; left: 15px; border-width:6px;  overflow: visible; display:block; border: 5px dashed transparent; border-bottom-color: #ededed;}
					.deanwaterfall .auth b.deanarrowss i{position: absolute; width: 0; height: 0; top: -3px; left: -5px; border:5px solid transparent; border-bottom-color: #fff; display:block; }
			.deanwaterfall h3 a{ color:#333; font-size:16px;}
			.deanwaterfall h3 a:hover{ color:#00B091;}
			.deanwaterfall .auth .xg1, .waterfall .auth a{ color:#aaa!important; font-size:12px;}
			
			.deanyhz{ height:30px; margin:5px 0; line-height:30px;}
				.deanyhz img{ width:30px; height:30px; border-radius:30px; float:left;}
				.deanyhz b{ float:left; font-weight:normal; display:block;  padding-left:10px;}
			.deantnums{ height:30px; line-height:30px; font-size:12px; color:#bbb;}
				.deantnums b{ display:inline-block; float:left; font-weight:normal;}
				.deantnums i{ display:block; margin:0 7px; border-right:1px solid #ddd; float:left; width:1px; height:12px; margin-top:10px;}
</style>
<div class="deanwaterfall">
    <ul class="cl">
        [loop]
        <li id="deanidlist">
            <div class="c cl"><a href="{subject_url}" class="z"><img src="{deanbgylt_value}" width="220" height="300" /></a></div>
            <h3><a href="{subject_url}">{subject}</a></h3>
            <div class="auth cl">
                <b class="deanarrowss"><i></i></b>
                <div class="deanyhz">
                    <a href="{author_url}"><img src="{avatar_small}" /><b>{author}</b></a><b>{author_verify}</b>
                    <div class="clear"></div>
                </div>
                <div class="clear"></div>
                <div class="deantnums">  
                    <b>浏览:{views}</b>
                    <i></i>
                    <b>回复:{replies}</b><i></i>
                    <b>{dateline}</b>
                    <div class="clear"></div>
                </div>
            </div>
        </li>
        [/loop]
        <div class="clear"></div>
    </ul>
</div>]]></item>
			<item id="ptemplate"><![CDATA[]]></item>
			<item id="btemplate"><![CDATA[]]></item>
			<item id="sortid"><![CDATA[2]]></item>
			<item id="available"><![CDATA[1]]></item>
			<item id="required"><![CDATA[0]]></item>
			<item id="unchangeable"><![CDATA[0]]></item>
			<item id="search"><![CDATA[2]]></item>
			<item id="subjectshow"><![CDATA[1]]></item>
			<item id="tpdescription"><![CDATA[]]></item>
			<item id="ttdescription"><![CDATA[背景图库]]></item>
			<item id="tpexpiration"><![CDATA[0]]></item>
			<item id="ttexpiration"><![CDATA[0]]></item>
			<item id="__protect">
				<item id="usergroup"><![CDATA[]]></item>
				<item id="verify"><![CDATA[]]></item>
			</item>
			<item id="__rules">
				<item id="choices"><![CDATA[1=<i>PSD</i>
2=<i>AI</i>
3=<i>EPS</i>
4=<i>CDR</i>]]></item>
			</item>
		</item>
		<item id="3">
			<item id="optionid"><![CDATA[18]]></item>
			<item id="classid"><![CDATA[3]]></item>
			<item id="displayorder"><![CDATA[4]]></item>
			<item id="expiration"><![CDATA[0]]></item>
			<item id="protect"><![CDATA[]]></item>
			<item id="title"><![CDATA[预览图]]></item>
			<item id="description"><![CDATA[背景图库]]></item>
			<item id="identifier"><![CDATA[deanbgylt]]></item>
			<item id="type"><![CDATA[image]]></item>
			<item id="unit"><![CDATA[]]></item>
			<item id="rules"><![CDATA[]]></item>
			<item id="permprompt"><![CDATA[]]></item>
			<item id="typeid"><![CDATA[2]]></item>
			<item id="name"><![CDATA[背景图库]]></item>
			<item id="icon"><![CDATA[]]></item>
			<item id="special"><![CDATA[1]]></item>
			<item id="modelid"><![CDATA[0]]></item>
			<item id="template"><![CDATA[<style type="text/css">
.firstfloor .pi{ display:none;}
.firstfloor .plc{ padding:0!important;}
.deannolz .deanviewtit{ display:none!important;}
.deannolz .deanviewtit,.deannolz .viewbox.firstfloor .boxtable{ border:0!important;}
	.deanbang,.deanbuttonpost,.vwthd{display:none;}
.dean_author .r_arrow{ display:none;}
.deanscview{ width:860px;}
	.deanscviewleft{ width:500px; float:left; text-align:center;}
		.deanscviewleft img{ max-width:500px;}
		.deanbqsm{ text-align:left; padding:15px;  margin-top:15px; font-size:13px; color:#808080; background:#fbfbfb; line-height:25px; border:1px dashed #f0f0f0;}
	.deanscviewright{ width:338px; float:right;}
		.deanscviewright table{ width:100%;}
			.deanscviewright table tr{}
				.deanscviewright table tr td{ border:1px solid #f0f0f0; padding:10px 0; text-indent:10px; font-size:14px;}
				.deanscviewright table tr td.deantd1{ background:#fafafa; width:90px;}
					.deanscviewright table tr td i{ border:1px solid #f0f0f0; text-indent:0; padding:0px 5px; display:inline-block; color: #999; height:22px; line-height:22px; border-radius: 22px; font-size: 12px; margin-right:5px;}
		.deanscviewright p{ height:30px; line-height:30px; font-size:13px; color:#bbb; margin-top:10px;}
			.deanscviewright p i{ padding-right:5px; color:#5b9ffc;}
		.deandowninfo{}
			.deandowninfo a{ display:block; height:60px; line-height:60px; margin-top:10px; background:#5b9ffc; color:#fff; font-size:20px; text-align:center; border-radius:2px; -webkit-transition: all 0.3s ease;  -moz-transition: all 0.3s ease;  -o-transition: all 0.3s ease;  transition: all 0.3s ease; }
			.deandowninfo a.deandownaaa{ background:#00c091; border-radius:2px; -webkit-transition: all 0.3s ease;  -moz-transition: all 0.3s ease;  -o-transition: all 0.3s ease;  transition: all 0.3s ease; }
				.deandowninfo a i{ padding-right:10px;}
			.deandowninfo a:hover{ background:#f98888;}	
				.deandowninfo span#sortmessage_dwpmm{ display:block; height:60px; line-height:60px; margin-top:10px; background:#f90; color:#fff; font-size:20px; text-align:center; border-radius:2px;}
			.deanxzmm{ display:block; height:60px; line-height:60px; margin-top:10px; background:#0ec5a1; color:#fff; font-size:20px; text-align:center; border-radius:2px;}
			.deanczvips{ height:60px; line-height:60px;}
				.deanczvips a{ display:block; background:#ff6060; color:#fff; height:60px; line-height:60px;}
					.deanczvips a i{ display:inline-block; float:left; margin-left:30px; margin-top:21px;}
					.deanczvips a span{display:inline-block; float:left;}
					.deanczvips a em{ display:inline-block; float:left; display:block; background:#ff8f8f; height:26px; line-height:26px; margin:18px 7px; margin-left:25px; padding:0 10px; color:#fff; font-size:14px; border-radius:20px;}
</style>
<div class="deanscview">
	<div class="deanscviewleft">
    	<img src="{deanbgylt_value}" zoomfile="{deanbgylt_value}" file="{deanbgylt_value}" class="zoom" onclick="zoom(this, this.src, 0, 0, 0)" />
        <div class="clear"></div>
        <div class="deanbqsm">该素材为迪恩素材原创或已获得相关权利人授权，作品（含预览图）受著作权法保护，著作权及相关权利.如有问题请联系客服QQ：3318850993。</div>
    </div>
    <div class="deanscviewright">
    	<table>
        	<tr><td class="deantd1">版式</td><td>{deanbgbs_value}</td></tr>
            <tr><td class="deantd1">格式</td><td>{deanbggs_value}</td></tr>
            <tr><td class="deantd1">风格</td><td>{deanbgfg_value}</td></tr>
            <tr><td class="deantd1">原分辨率</td><td>	{deanbgfbl_value}</td></tr>
            <tr><td class="deantd1">原图尺寸</td><td>{deanbgcc_value}</td></tr>
            <tr><td class="deantd1">上传时间</td><td>{deanbgdate_value}</td></tr>
        </table>
        <div class="clear"></div>
        <p><i class="icon-exclamation-sign"></i>肖像权：人物画像及字体仅供参考禁止商用</p>
        <div class="clear"></div>
        <div class="deandowninfo">
        	<a href="{deanbgdownload_value}" target="_blank" class="deandownaaa"><i class="icon-download-alt"></i><span>点击下载</span><div class="clear"></div></a>
            <div class="clear"></div>
            <div class="deanxzmm">{deanbgmm_value}</div>
            <div class="clear"></div>
            <div class="deanczvips"><a href="vip"><i class="icon-cloud-download"></i><span>海量畅享下载</span><em>成为VIP会员</em></a></div>
        </div>
        
    </div>
    <div class="clear"></div>
</div>]]></item>
			<item id="stemplate"><![CDATA[<style type="text/css">
.ct2 .sd{ display:none;}
.ct2 .mn,#threadlist{ width:1180px!important;}
.clear{ clear:both;}
#threadlist{ border:0; background:none!important;}
#threadlist .bm_c{ padding:0; padding-bottom:15px;}
.mn{ overflow:visible!important;}
.pgs #newspecialtmp{ display:none;}
#mdly{ z-index:11;}
.deanwaterfall{ margin-top:0px;}
	.deanwaterfall ul{ width:1200px;}
		.deanwaterfall li{ background:#fff; width:220px; border:1px solid #f0f0f0; border-radius:0 0 3px 3px; margin-right:18px; float:left; margin-bottom:18px;  -ms-transition: transform .2s; -webkit-transition: transform .2s; -moz-transition: transform .2s; transition: transform .2s;}
		.deanwaterfall li:hover{ transform: translateY(-6px);
    -webkit-transform: translateY(-6px);
    -moz-transform: translateY(-6px);
    box-shadow: 0 26px 40px -24px rgba(0,36,100,0.3);
    -webkit-box-shadow: 0 26px 40px -24px rgba(0,36,100,0.3);
    -moz-box-shadow: 0 26px 40px -24px rgba(0,36,100,0.3);
    -webkit-transition: all 0.3s ease;
    -moz-transition: all 0.3s ease;
    -o-transition: all 0.3s ease;
    transition: all 0.3s ease;}
		.deanwaterfall .c, .deanwaterfall h3{ font-size:13px; background:#fff; border-color:#e6e6e6; font-weight:normal; }
		.deanwaterfall .c{ padding:0; position:relative; z-index:1;}
			.deanwaterfall h3{ padding:5px 10px; height:30px; line-height:30px; display:block;white-space:nowrap; overflow:hidden; text-overflow:ellipsis; overflow:hidden;}
			.deanwaterfall .auth{ background:#fff; border-top:1px solid #f0f0f0; border-radius:0 0 3px 3px; padding:5px 10px; color:#666; position:relative;}
				.deanwaterfall .auth b.deanarrowss{ position: absolute; z-index: 11; top: -11px; left: 15px; border-width:6px;  overflow: visible; display:block; border: 5px dashed transparent; border-bottom-color: #ededed;}
					.deanwaterfall .auth b.deanarrowss i{position: absolute; width: 0; height: 0; top: -3px; left: -5px; border:5px solid transparent; border-bottom-color: #fff; display:block; }
			.deanwaterfall h3 a{ color:#333; font-size:16px;}
			.deanwaterfall h3 a:hover{ color:#00B091;}
			.deanwaterfall .auth .xg1, .waterfall .auth a{ color:#aaa!important; font-size:12px;}
			
			.deanyhz{ height:30px; margin:5px 0; line-height:30px;}
				.deanyhz img{ width:30px; height:30px; border-radius:30px; float:left;}
				.deanyhz b{ float:left; font-weight:normal; display:block;  padding-left:10px;}
			.deantnums{ height:30px; line-height:30px; font-size:12px; color:#bbb;}
				.deantnums b{ display:inline-block; float:left; font-weight:normal;}
				.deantnums i{ display:block; margin:0 7px; border-right:1px solid #ddd; float:left; width:1px; height:12px; margin-top:10px;}
</style>
<div class="deanwaterfall">
    <ul class="cl">
        [loop]
        <li id="deanidlist">
            <div class="c cl"><a href="{subject_url}" class="z"><img src="{deanbgylt_value}" width="220" height="300" /></a></div>
            <h3><a href="{subject_url}">{subject}</a></h3>
            <div class="auth cl">
                <b class="deanarrowss"><i></i></b>
                <div class="deanyhz">
                    <a href="{author_url}"><img src="{avatar_small}" /><b>{author}</b></a><b>{author_verify}</b>
                    <div class="clear"></div>
                </div>
                <div class="clear"></div>
                <div class="deantnums">  
                    <b>浏览:{views}</b>
                    <i></i>
                    <b>回复:{replies}</b><i></i>
                    <b>{dateline}</b>
                    <div class="clear"></div>
                </div>
            </div>
        </li>
        [/loop]
        <div class="clear"></div>
    </ul>
</div>]]></item>
			<item id="ptemplate"><![CDATA[]]></item>
			<item id="btemplate"><![CDATA[]]></item>
			<item id="sortid"><![CDATA[2]]></item>
			<item id="available"><![CDATA[1]]></item>
			<item id="required"><![CDATA[0]]></item>
			<item id="unchangeable"><![CDATA[0]]></item>
			<item id="search"><![CDATA[0]]></item>
			<item id="subjectshow"><![CDATA[1]]></item>
			<item id="tpdescription"><![CDATA[]]></item>
			<item id="ttdescription"><![CDATA[背景图库]]></item>
			<item id="tpexpiration"><![CDATA[0]]></item>
			<item id="ttexpiration"><![CDATA[0]]></item>
		</item>
		<item id="4">
			<item id="optionid"><![CDATA[19]]></item>
			<item id="classid"><![CDATA[3]]></item>
			<item id="displayorder"><![CDATA[5]]></item>
			<item id="expiration"><![CDATA[0]]></item>
			<item id="protect"><![CDATA[]]></item>
			<item id="title"><![CDATA[源分辨率]]></item>
			<item id="description"><![CDATA[背景图库]]></item>
			<item id="identifier"><![CDATA[deanbgfbl]]></item>
			<item id="type"><![CDATA[text]]></item>
			<item id="unit"><![CDATA[]]></item>
			<item id="rules"><![CDATA[]]></item>
			<item id="permprompt"><![CDATA[]]></item>
			<item id="typeid"><![CDATA[2]]></item>
			<item id="name"><![CDATA[背景图库]]></item>
			<item id="icon"><![CDATA[]]></item>
			<item id="special"><![CDATA[1]]></item>
			<item id="modelid"><![CDATA[0]]></item>
			<item id="template"><![CDATA[<style type="text/css">
.firstfloor .pi{ display:none;}
.firstfloor .plc{ padding:0!important;}
.deannolz .deanviewtit{ display:none!important;}
.deannolz .deanviewtit,.deannolz .viewbox.firstfloor .boxtable{ border:0!important;}
	.deanbang,.deanbuttonpost,.vwthd{display:none;}
.dean_author .r_arrow{ display:none;}
.deanscview{ width:860px;}
	.deanscviewleft{ width:500px; float:left; text-align:center;}
		.deanscviewleft img{ max-width:500px;}
		.deanbqsm{ text-align:left; padding:15px;  margin-top:15px; font-size:13px; color:#808080; background:#fbfbfb; line-height:25px; border:1px dashed #f0f0f0;}
	.deanscviewright{ width:338px; float:right;}
		.deanscviewright table{ width:100%;}
			.deanscviewright table tr{}
				.deanscviewright table tr td{ border:1px solid #f0f0f0; padding:10px 0; text-indent:10px; font-size:14px;}
				.deanscviewright table tr td.deantd1{ background:#fafafa; width:90px;}
					.deanscviewright table tr td i{ border:1px solid #f0f0f0; text-indent:0; padding:0px 5px; display:inline-block; color: #999; height:22px; line-height:22px; border-radius: 22px; font-size: 12px; margin-right:5px;}
		.deanscviewright p{ height:30px; line-height:30px; font-size:13px; color:#bbb; margin-top:10px;}
			.deanscviewright p i{ padding-right:5px; color:#5b9ffc;}
		.deandowninfo{}
			.deandowninfo a{ display:block; height:60px; line-height:60px; margin-top:10px; background:#5b9ffc; color:#fff; font-size:20px; text-align:center; border-radius:2px; -webkit-transition: all 0.3s ease;  -moz-transition: all 0.3s ease;  -o-transition: all 0.3s ease;  transition: all 0.3s ease; }
			.deandowninfo a.deandownaaa{ background:#00c091; border-radius:2px; -webkit-transition: all 0.3s ease;  -moz-transition: all 0.3s ease;  -o-transition: all 0.3s ease;  transition: all 0.3s ease; }
				.deandowninfo a i{ padding-right:10px;}
			.deandowninfo a:hover{ background:#f98888;}	
				.deandowninfo span#sortmessage_dwpmm{ display:block; height:60px; line-height:60px; margin-top:10px; background:#f90; color:#fff; font-size:20px; text-align:center; border-radius:2px;}
			.deanxzmm{ display:block; height:60px; line-height:60px; margin-top:10px; background:#0ec5a1; color:#fff; font-size:20px; text-align:center; border-radius:2px;}
			.deanczvips{ height:60px; line-height:60px;}
				.deanczvips a{ display:block; background:#ff6060; color:#fff; height:60px; line-height:60px;}
					.deanczvips a i{ display:inline-block; float:left; margin-left:30px; margin-top:21px;}
					.deanczvips a span{display:inline-block; float:left;}
					.deanczvips a em{ display:inline-block; float:left; display:block; background:#ff8f8f; height:26px; line-height:26px; margin:18px 7px; margin-left:25px; padding:0 10px; color:#fff; font-size:14px; border-radius:20px;}
</style>
<div class="deanscview">
	<div class="deanscviewleft">
    	<img src="{deanbgylt_value}" zoomfile="{deanbgylt_value}" file="{deanbgylt_value}" class="zoom" onclick="zoom(this, this.src, 0, 0, 0)" />
        <div class="clear"></div>
        <div class="deanbqsm">该素材为迪恩素材原创或已获得相关权利人授权，作品（含预览图）受著作权法保护，著作权及相关权利.如有问题请联系客服QQ：3318850993。</div>
    </div>
    <div class="deanscviewright">
    	<table>
        	<tr><td class="deantd1">版式</td><td>{deanbgbs_value}</td></tr>
            <tr><td class="deantd1">格式</td><td>{deanbggs_value}</td></tr>
            <tr><td class="deantd1">风格</td><td>{deanbgfg_value}</td></tr>
            <tr><td class="deantd1">原分辨率</td><td>	{deanbgfbl_value}</td></tr>
            <tr><td class="deantd1">原图尺寸</td><td>{deanbgcc_value}</td></tr>
            <tr><td class="deantd1">上传时间</td><td>{deanbgdate_value}</td></tr>
        </table>
        <div class="clear"></div>
        <p><i class="icon-exclamation-sign"></i>肖像权：人物画像及字体仅供参考禁止商用</p>
        <div class="clear"></div>
        <div class="deandowninfo">
        	<a href="{deanbgdownload_value}" target="_blank" class="deandownaaa"><i class="icon-download-alt"></i><span>点击下载</span><div class="clear"></div></a>
            <div class="clear"></div>
            <div class="deanxzmm">{deanbgmm_value}</div>
            <div class="clear"></div>
            <div class="deanczvips"><a href="vip"><i class="icon-cloud-download"></i><span>海量畅享下载</span><em>成为VIP会员</em></a></div>
        </div>
        
    </div>
    <div class="clear"></div>
</div>]]></item>
			<item id="stemplate"><![CDATA[<style type="text/css">
.ct2 .sd{ display:none;}
.ct2 .mn,#threadlist{ width:1180px!important;}
.clear{ clear:both;}
#threadlist{ border:0; background:none!important;}
#threadlist .bm_c{ padding:0; padding-bottom:15px;}
.mn{ overflow:visible!important;}
.pgs #newspecialtmp{ display:none;}
#mdly{ z-index:11;}
.deanwaterfall{ margin-top:0px;}
	.deanwaterfall ul{ width:1200px;}
		.deanwaterfall li{ background:#fff; width:220px; border:1px solid #f0f0f0; border-radius:0 0 3px 3px; margin-right:18px; float:left; margin-bottom:18px;  -ms-transition: transform .2s; -webkit-transition: transform .2s; -moz-transition: transform .2s; transition: transform .2s;}
		.deanwaterfall li:hover{ transform: translateY(-6px);
    -webkit-transform: translateY(-6px);
    -moz-transform: translateY(-6px);
    box-shadow: 0 26px 40px -24px rgba(0,36,100,0.3);
    -webkit-box-shadow: 0 26px 40px -24px rgba(0,36,100,0.3);
    -moz-box-shadow: 0 26px 40px -24px rgba(0,36,100,0.3);
    -webkit-transition: all 0.3s ease;
    -moz-transition: all 0.3s ease;
    -o-transition: all 0.3s ease;
    transition: all 0.3s ease;}
		.deanwaterfall .c, .deanwaterfall h3{ font-size:13px; background:#fff; border-color:#e6e6e6; font-weight:normal; }
		.deanwaterfall .c{ padding:0; position:relative; z-index:1;}
			.deanwaterfall h3{ padding:5px 10px; height:30px; line-height:30px; display:block;white-space:nowrap; overflow:hidden; text-overflow:ellipsis; overflow:hidden;}
			.deanwaterfall .auth{ background:#fff; border-top:1px solid #f0f0f0; border-radius:0 0 3px 3px; padding:5px 10px; color:#666; position:relative;}
				.deanwaterfall .auth b.deanarrowss{ position: absolute; z-index: 11; top: -11px; left: 15px; border-width:6px;  overflow: visible; display:block; border: 5px dashed transparent; border-bottom-color: #ededed;}
					.deanwaterfall .auth b.deanarrowss i{position: absolute; width: 0; height: 0; top: -3px; left: -5px; border:5px solid transparent; border-bottom-color: #fff; display:block; }
			.deanwaterfall h3 a{ color:#333; font-size:16px;}
			.deanwaterfall h3 a:hover{ color:#00B091;}
			.deanwaterfall .auth .xg1, .waterfall .auth a{ color:#aaa!important; font-size:12px;}
			
			.deanyhz{ height:30px; margin:5px 0; line-height:30px;}
				.deanyhz img{ width:30px; height:30px; border-radius:30px; float:left;}
				.deanyhz b{ float:left; font-weight:normal; display:block;  padding-left:10px;}
			.deantnums{ height:30px; line-height:30px; font-size:12px; color:#bbb;}
				.deantnums b{ display:inline-block; float:left; font-weight:normal;}
				.deantnums i{ display:block; margin:0 7px; border-right:1px solid #ddd; float:left; width:1px; height:12px; margin-top:10px;}
</style>
<div class="deanwaterfall">
    <ul class="cl">
        [loop]
        <li id="deanidlist">
            <div class="c cl"><a href="{subject_url}" class="z"><img src="{deanbgylt_value}" width="220" height="300" /></a></div>
            <h3><a href="{subject_url}">{subject}</a></h3>
            <div class="auth cl">
                <b class="deanarrowss"><i></i></b>
                <div class="deanyhz">
                    <a href="{author_url}"><img src="{avatar_small}" /><b>{author}</b></a><b>{author_verify}</b>
                    <div class="clear"></div>
                </div>
                <div class="clear"></div>
                <div class="deantnums">  
                    <b>浏览:{views}</b>
                    <i></i>
                    <b>回复:{replies}</b><i></i>
                    <b>{dateline}</b>
                    <div class="clear"></div>
                </div>
            </div>
        </li>
        [/loop]
        <div class="clear"></div>
    </ul>
</div>]]></item>
			<item id="ptemplate"><![CDATA[]]></item>
			<item id="btemplate"><![CDATA[]]></item>
			<item id="sortid"><![CDATA[2]]></item>
			<item id="available"><![CDATA[1]]></item>
			<item id="required"><![CDATA[0]]></item>
			<item id="unchangeable"><![CDATA[0]]></item>
			<item id="search"><![CDATA[0]]></item>
			<item id="subjectshow"><![CDATA[1]]></item>
			<item id="tpdescription"><![CDATA[]]></item>
			<item id="ttdescription"><![CDATA[背景图库]]></item>
			<item id="tpexpiration"><![CDATA[0]]></item>
			<item id="ttexpiration"><![CDATA[0]]></item>
		</item>
		<item id="5">
			<item id="optionid"><![CDATA[20]]></item>
			<item id="classid"><![CDATA[3]]></item>
			<item id="displayorder"><![CDATA[6]]></item>
			<item id="expiration"><![CDATA[0]]></item>
			<item id="protect"><![CDATA[]]></item>
			<item id="title"><![CDATA[原图尺寸]]></item>
			<item id="description"><![CDATA[背景图库]]></item>
			<item id="identifier"><![CDATA[deanbgcc]]></item>
			<item id="type"><![CDATA[text]]></item>
			<item id="unit"><![CDATA[]]></item>
			<item id="rules"><![CDATA[]]></item>
			<item id="permprompt"><![CDATA[]]></item>
			<item id="typeid"><![CDATA[2]]></item>
			<item id="name"><![CDATA[背景图库]]></item>
			<item id="icon"><![CDATA[]]></item>
			<item id="special"><![CDATA[1]]></item>
			<item id="modelid"><![CDATA[0]]></item>
			<item id="template"><![CDATA[<style type="text/css">
.firstfloor .pi{ display:none;}
.firstfloor .plc{ padding:0!important;}
.deannolz .deanviewtit{ display:none!important;}
.deannolz .deanviewtit,.deannolz .viewbox.firstfloor .boxtable{ border:0!important;}
	.deanbang,.deanbuttonpost,.vwthd{display:none;}
.dean_author .r_arrow{ display:none;}
.deanscview{ width:860px;}
	.deanscviewleft{ width:500px; float:left; text-align:center;}
		.deanscviewleft img{ max-width:500px;}
		.deanbqsm{ text-align:left; padding:15px;  margin-top:15px; font-size:13px; color:#808080; background:#fbfbfb; line-height:25px; border:1px dashed #f0f0f0;}
	.deanscviewright{ width:338px; float:right;}
		.deanscviewright table{ width:100%;}
			.deanscviewright table tr{}
				.deanscviewright table tr td{ border:1px solid #f0f0f0; padding:10px 0; text-indent:10px; font-size:14px;}
				.deanscviewright table tr td.deantd1{ background:#fafafa; width:90px;}
					.deanscviewright table tr td i{ border:1px solid #f0f0f0; text-indent:0; padding:0px 5px; display:inline-block; color: #999; height:22px; line-height:22px; border-radius: 22px; font-size: 12px; margin-right:5px;}
		.deanscviewright p{ height:30px; line-height:30px; font-size:13px; color:#bbb; margin-top:10px;}
			.deanscviewright p i{ padding-right:5px; color:#5b9ffc;}
		.deandowninfo{}
			.deandowninfo a{ display:block; height:60px; line-height:60px; margin-top:10px; background:#5b9ffc; color:#fff; font-size:20px; text-align:center; border-radius:2px; -webkit-transition: all 0.3s ease;  -moz-transition: all 0.3s ease;  -o-transition: all 0.3s ease;  transition: all 0.3s ease; }
			.deandowninfo a.deandownaaa{ background:#00c091; border-radius:2px; -webkit-transition: all 0.3s ease;  -moz-transition: all 0.3s ease;  -o-transition: all 0.3s ease;  transition: all 0.3s ease; }
				.deandowninfo a i{ padding-right:10px;}
			.deandowninfo a:hover{ background:#f98888;}	
				.deandowninfo span#sortmessage_dwpmm{ display:block; height:60px; line-height:60px; margin-top:10px; background:#f90; color:#fff; font-size:20px; text-align:center; border-radius:2px;}
			.deanxzmm{ display:block; height:60px; line-height:60px; margin-top:10px; background:#0ec5a1; color:#fff; font-size:20px; text-align:center; border-radius:2px;}
			.deanczvips{ height:60px; line-height:60px;}
				.deanczvips a{ display:block; background:#ff6060; color:#fff; height:60px; line-height:60px;}
					.deanczvips a i{ display:inline-block; float:left; margin-left:30px; margin-top:21px;}
					.deanczvips a span{display:inline-block; float:left;}
					.deanczvips a em{ display:inline-block; float:left; display:block; background:#ff8f8f; height:26px; line-height:26px; margin:18px 7px; margin-left:25px; padding:0 10px; color:#fff; font-size:14px; border-radius:20px;}
</style>
<div class="deanscview">
	<div class="deanscviewleft">
    	<img src="{deanbgylt_value}" zoomfile="{deanbgylt_value}" file="{deanbgylt_value}" class="zoom" onclick="zoom(this, this.src, 0, 0, 0)" />
        <div class="clear"></div>
        <div class="deanbqsm">该素材为迪恩素材原创或已获得相关权利人授权，作品（含预览图）受著作权法保护，著作权及相关权利.如有问题请联系客服QQ：3318850993。</div>
    </div>
    <div class="deanscviewright">
    	<table>
        	<tr><td class="deantd1">版式</td><td>{deanbgbs_value}</td></tr>
            <tr><td class="deantd1">格式</td><td>{deanbggs_value}</td></tr>
            <tr><td class="deantd1">风格</td><td>{deanbgfg_value}</td></tr>
            <tr><td class="deantd1">原分辨率</td><td>	{deanbgfbl_value}</td></tr>
            <tr><td class="deantd1">原图尺寸</td><td>{deanbgcc_value}</td></tr>
            <tr><td class="deantd1">上传时间</td><td>{deanbgdate_value}</td></tr>
        </table>
        <div class="clear"></div>
        <p><i class="icon-exclamation-sign"></i>肖像权：人物画像及字体仅供参考禁止商用</p>
        <div class="clear"></div>
        <div class="deandowninfo">
        	<a href="{deanbgdownload_value}" target="_blank" class="deandownaaa"><i class="icon-download-alt"></i><span>点击下载</span><div class="clear"></div></a>
            <div class="clear"></div>
            <div class="deanxzmm">{deanbgmm_value}</div>
            <div class="clear"></div>
            <div class="deanczvips"><a href="vip"><i class="icon-cloud-download"></i><span>海量畅享下载</span><em>成为VIP会员</em></a></div>
        </div>
        
    </div>
    <div class="clear"></div>
</div>]]></item>
			<item id="stemplate"><![CDATA[<style type="text/css">
.ct2 .sd{ display:none;}
.ct2 .mn,#threadlist{ width:1180px!important;}
.clear{ clear:both;}
#threadlist{ border:0; background:none!important;}
#threadlist .bm_c{ padding:0; padding-bottom:15px;}
.mn{ overflow:visible!important;}
.pgs #newspecialtmp{ display:none;}
#mdly{ z-index:11;}
.deanwaterfall{ margin-top:0px;}
	.deanwaterfall ul{ width:1200px;}
		.deanwaterfall li{ background:#fff; width:220px; border:1px solid #f0f0f0; border-radius:0 0 3px 3px; margin-right:18px; float:left; margin-bottom:18px;  -ms-transition: transform .2s; -webkit-transition: transform .2s; -moz-transition: transform .2s; transition: transform .2s;}
		.deanwaterfall li:hover{ transform: translateY(-6px);
    -webkit-transform: translateY(-6px);
    -moz-transform: translateY(-6px);
    box-shadow: 0 26px 40px -24px rgba(0,36,100,0.3);
    -webkit-box-shadow: 0 26px 40px -24px rgba(0,36,100,0.3);
    -moz-box-shadow: 0 26px 40px -24px rgba(0,36,100,0.3);
    -webkit-transition: all 0.3s ease;
    -moz-transition: all 0.3s ease;
    -o-transition: all 0.3s ease;
    transition: all 0.3s ease;}
		.deanwaterfall .c, .deanwaterfall h3{ font-size:13px; background:#fff; border-color:#e6e6e6; font-weight:normal; }
		.deanwaterfall .c{ padding:0; position:relative; z-index:1;}
			.deanwaterfall h3{ padding:5px 10px; height:30px; line-height:30px; display:block;white-space:nowrap; overflow:hidden; text-overflow:ellipsis; overflow:hidden;}
			.deanwaterfall .auth{ background:#fff; border-top:1px solid #f0f0f0; border-radius:0 0 3px 3px; padding:5px 10px; color:#666; position:relative;}
				.deanwaterfall .auth b.deanarrowss{ position: absolute; z-index: 11; top: -11px; left: 15px; border-width:6px;  overflow: visible; display:block; border: 5px dashed transparent; border-bottom-color: #ededed;}
					.deanwaterfall .auth b.deanarrowss i{position: absolute; width: 0; height: 0; top: -3px; left: -5px; border:5px solid transparent; border-bottom-color: #fff; display:block; }
			.deanwaterfall h3 a{ color:#333; font-size:16px;}
			.deanwaterfall h3 a:hover{ color:#00B091;}
			.deanwaterfall .auth .xg1, .waterfall .auth a{ color:#aaa!important; font-size:12px;}
			
			.deanyhz{ height:30px; margin:5px 0; line-height:30px;}
				.deanyhz img{ width:30px; height:30px; border-radius:30px; float:left;}
				.deanyhz b{ float:left; font-weight:normal; display:block;  padding-left:10px;}
			.deantnums{ height:30px; line-height:30px; font-size:12px; color:#bbb;}
				.deantnums b{ display:inline-block; float:left; font-weight:normal;}
				.deantnums i{ display:block; margin:0 7px; border-right:1px solid #ddd; float:left; width:1px; height:12px; margin-top:10px;}
</style>
<div class="deanwaterfall">
    <ul class="cl">
        [loop]
        <li id="deanidlist">
            <div class="c cl"><a href="{subject_url}" class="z"><img src="{deanbgylt_value}" width="220" height="300" /></a></div>
            <h3><a href="{subject_url}">{subject}</a></h3>
            <div class="auth cl">
                <b class="deanarrowss"><i></i></b>
                <div class="deanyhz">
                    <a href="{author_url}"><img src="{avatar_small}" /><b>{author}</b></a><b>{author_verify}</b>
                    <div class="clear"></div>
                </div>
                <div class="clear"></div>
                <div class="deantnums">  
                    <b>浏览:{views}</b>
                    <i></i>
                    <b>回复:{replies}</b><i></i>
                    <b>{dateline}</b>
                    <div class="clear"></div>
                </div>
            </div>
        </li>
        [/loop]
        <div class="clear"></div>
    </ul>
</div>]]></item>
			<item id="ptemplate"><![CDATA[]]></item>
			<item id="btemplate"><![CDATA[]]></item>
			<item id="sortid"><![CDATA[2]]></item>
			<item id="available"><![CDATA[1]]></item>
			<item id="required"><![CDATA[0]]></item>
			<item id="unchangeable"><![CDATA[0]]></item>
			<item id="search"><![CDATA[0]]></item>
			<item id="subjectshow"><![CDATA[1]]></item>
			<item id="tpdescription"><![CDATA[]]></item>
			<item id="ttdescription"><![CDATA[背景图库]]></item>
			<item id="tpexpiration"><![CDATA[0]]></item>
			<item id="ttexpiration"><![CDATA[0]]></item>
		</item>
		<item id="6">
			<item id="optionid"><![CDATA[21]]></item>
			<item id="classid"><![CDATA[3]]></item>
			<item id="displayorder"><![CDATA[7]]></item>
			<item id="expiration"><![CDATA[0]]></item>
			<item id="protect"><![CDATA[]]></item>
			<item id="title"><![CDATA[上传时间]]></item>
			<item id="description"><![CDATA[背景图库]]></item>
			<item id="identifier"><![CDATA[deanbgdate]]></item>
			<item id="type"><![CDATA[calendar]]></item>
			<item id="unit"><![CDATA[]]></item>
			<item id="rules"><![CDATA[]]></item>
			<item id="permprompt"><![CDATA[]]></item>
			<item id="typeid"><![CDATA[2]]></item>
			<item id="name"><![CDATA[背景图库]]></item>
			<item id="icon"><![CDATA[]]></item>
			<item id="special"><![CDATA[1]]></item>
			<item id="modelid"><![CDATA[0]]></item>
			<item id="template"><![CDATA[<style type="text/css">
.firstfloor .pi{ display:none;}
.firstfloor .plc{ padding:0!important;}
.deannolz .deanviewtit{ display:none!important;}
.deannolz .deanviewtit,.deannolz .viewbox.firstfloor .boxtable{ border:0!important;}
	.deanbang,.deanbuttonpost,.vwthd{display:none;}
.dean_author .r_arrow{ display:none;}
.deanscview{ width:860px;}
	.deanscviewleft{ width:500px; float:left; text-align:center;}
		.deanscviewleft img{ max-width:500px;}
		.deanbqsm{ text-align:left; padding:15px;  margin-top:15px; font-size:13px; color:#808080; background:#fbfbfb; line-height:25px; border:1px dashed #f0f0f0;}
	.deanscviewright{ width:338px; float:right;}
		.deanscviewright table{ width:100%;}
			.deanscviewright table tr{}
				.deanscviewright table tr td{ border:1px solid #f0f0f0; padding:10px 0; text-indent:10px; font-size:14px;}
				.deanscviewright table tr td.deantd1{ background:#fafafa; width:90px;}
					.deanscviewright table tr td i{ border:1px solid #f0f0f0; text-indent:0; padding:0px 5px; display:inline-block; color: #999; height:22px; line-height:22px; border-radius: 22px; font-size: 12px; margin-right:5px;}
		.deanscviewright p{ height:30px; line-height:30px; font-size:13px; color:#bbb; margin-top:10px;}
			.deanscviewright p i{ padding-right:5px; color:#5b9ffc;}
		.deandowninfo{}
			.deandowninfo a{ display:block; height:60px; line-height:60px; margin-top:10px; background:#5b9ffc; color:#fff; font-size:20px; text-align:center; border-radius:2px; -webkit-transition: all 0.3s ease;  -moz-transition: all 0.3s ease;  -o-transition: all 0.3s ease;  transition: all 0.3s ease; }
			.deandowninfo a.deandownaaa{ background:#00c091; border-radius:2px; -webkit-transition: all 0.3s ease;  -moz-transition: all 0.3s ease;  -o-transition: all 0.3s ease;  transition: all 0.3s ease; }
				.deandowninfo a i{ padding-right:10px;}
			.deandowninfo a:hover{ background:#f98888;}	
				.deandowninfo span#sortmessage_dwpmm{ display:block; height:60px; line-height:60px; margin-top:10px; background:#f90; color:#fff; font-size:20px; text-align:center; border-radius:2px;}
			.deanxzmm{ display:block; height:60px; line-height:60px; margin-top:10px; background:#0ec5a1; color:#fff; font-size:20px; text-align:center; border-radius:2px;}
			.deanczvips{ height:60px; line-height:60px;}
				.deanczvips a{ display:block; background:#ff6060; color:#fff; height:60px; line-height:60px;}
					.deanczvips a i{ display:inline-block; float:left; margin-left:30px; margin-top:21px;}
					.deanczvips a span{display:inline-block; float:left;}
					.deanczvips a em{ display:inline-block; float:left; display:block; background:#ff8f8f; height:26px; line-height:26px; margin:18px 7px; margin-left:25px; padding:0 10px; color:#fff; font-size:14px; border-radius:20px;}
</style>
<div class="deanscview">
	<div class="deanscviewleft">
    	<img src="{deanbgylt_value}" zoomfile="{deanbgylt_value}" file="{deanbgylt_value}" class="zoom" onclick="zoom(this, this.src, 0, 0, 0)" />
        <div class="clear"></div>
        <div class="deanbqsm">该素材为迪恩素材原创或已获得相关权利人授权，作品（含预览图）受著作权法保护，著作权及相关权利.如有问题请联系客服QQ：3318850993。</div>
    </div>
    <div class="deanscviewright">
    	<table>
        	<tr><td class="deantd1">版式</td><td>{deanbgbs_value}</td></tr>
            <tr><td class="deantd1">格式</td><td>{deanbggs_value}</td></tr>
            <tr><td class="deantd1">风格</td><td>{deanbgfg_value}</td></tr>
            <tr><td class="deantd1">原分辨率</td><td>	{deanbgfbl_value}</td></tr>
            <tr><td class="deantd1">原图尺寸</td><td>{deanbgcc_value}</td></tr>
            <tr><td class="deantd1">上传时间</td><td>{deanbgdate_value}</td></tr>
        </table>
        <div class="clear"></div>
        <p><i class="icon-exclamation-sign"></i>肖像权：人物画像及字体仅供参考禁止商用</p>
        <div class="clear"></div>
        <div class="deandowninfo">
        	<a href="{deanbgdownload_value}" target="_blank" class="deandownaaa"><i class="icon-download-alt"></i><span>点击下载</span><div class="clear"></div></a>
            <div class="clear"></div>
            <div class="deanxzmm">{deanbgmm_value}</div>
            <div class="clear"></div>
            <div class="deanczvips"><a href="vip"><i class="icon-cloud-download"></i><span>海量畅享下载</span><em>成为VIP会员</em></a></div>
        </div>
        
    </div>
    <div class="clear"></div>
</div>]]></item>
			<item id="stemplate"><![CDATA[<style type="text/css">
.ct2 .sd{ display:none;}
.ct2 .mn,#threadlist{ width:1180px!important;}
.clear{ clear:both;}
#threadlist{ border:0; background:none!important;}
#threadlist .bm_c{ padding:0; padding-bottom:15px;}
.mn{ overflow:visible!important;}
.pgs #newspecialtmp{ display:none;}
#mdly{ z-index:11;}
.deanwaterfall{ margin-top:0px;}
	.deanwaterfall ul{ width:1200px;}
		.deanwaterfall li{ background:#fff; width:220px; border:1px solid #f0f0f0; border-radius:0 0 3px 3px; margin-right:18px; float:left; margin-bottom:18px;  -ms-transition: transform .2s; -webkit-transition: transform .2s; -moz-transition: transform .2s; transition: transform .2s;}
		.deanwaterfall li:hover{ transform: translateY(-6px);
    -webkit-transform: translateY(-6px);
    -moz-transform: translateY(-6px);
    box-shadow: 0 26px 40px -24px rgba(0,36,100,0.3);
    -webkit-box-shadow: 0 26px 40px -24px rgba(0,36,100,0.3);
    -moz-box-shadow: 0 26px 40px -24px rgba(0,36,100,0.3);
    -webkit-transition: all 0.3s ease;
    -moz-transition: all 0.3s ease;
    -o-transition: all 0.3s ease;
    transition: all 0.3s ease;}
		.deanwaterfall .c, .deanwaterfall h3{ font-size:13px; background:#fff; border-color:#e6e6e6; font-weight:normal; }
		.deanwaterfall .c{ padding:0; position:relative; z-index:1;}
			.deanwaterfall h3{ padding:5px 10px; height:30px; line-height:30px; display:block;white-space:nowrap; overflow:hidden; text-overflow:ellipsis; overflow:hidden;}
			.deanwaterfall .auth{ background:#fff; border-top:1px solid #f0f0f0; border-radius:0 0 3px 3px; padding:5px 10px; color:#666; position:relative;}
				.deanwaterfall .auth b.deanarrowss{ position: absolute; z-index: 11; top: -11px; left: 15px; border-width:6px;  overflow: visible; display:block; border: 5px dashed transparent; border-bottom-color: #ededed;}
					.deanwaterfall .auth b.deanarrowss i{position: absolute; width: 0; height: 0; top: -3px; left: -5px; border:5px solid transparent; border-bottom-color: #fff; display:block; }
			.deanwaterfall h3 a{ color:#333; font-size:16px;}
			.deanwaterfall h3 a:hover{ color:#00B091;}
			.deanwaterfall .auth .xg1, .waterfall .auth a{ color:#aaa!important; font-size:12px;}
			
			.deanyhz{ height:30px; margin:5px 0; line-height:30px;}
				.deanyhz img{ width:30px; height:30px; border-radius:30px; float:left;}
				.deanyhz b{ float:left; font-weight:normal; display:block;  padding-left:10px;}
			.deantnums{ height:30px; line-height:30px; font-size:12px; color:#bbb;}
				.deantnums b{ display:inline-block; float:left; font-weight:normal;}
				.deantnums i{ display:block; margin:0 7px; border-right:1px solid #ddd; float:left; width:1px; height:12px; margin-top:10px;}
</style>
<div class="deanwaterfall">
    <ul class="cl">
        [loop]
        <li id="deanidlist">
            <div class="c cl"><a href="{subject_url}" class="z"><img src="{deanbgylt_value}" width="220" height="300" /></a></div>
            <h3><a href="{subject_url}">{subject}</a></h3>
            <div class="auth cl">
                <b class="deanarrowss"><i></i></b>
                <div class="deanyhz">
                    <a href="{author_url}"><img src="{avatar_small}" /><b>{author}</b></a><b>{author_verify}</b>
                    <div class="clear"></div>
                </div>
                <div class="clear"></div>
                <div class="deantnums">  
                    <b>浏览:{views}</b>
                    <i></i>
                    <b>回复:{replies}</b><i></i>
                    <b>{dateline}</b>
                    <div class="clear"></div>
                </div>
            </div>
        </li>
        [/loop]
        <div class="clear"></div>
    </ul>
</div>]]></item>
			<item id="ptemplate"><![CDATA[]]></item>
			<item id="btemplate"><![CDATA[]]></item>
			<item id="sortid"><![CDATA[2]]></item>
			<item id="available"><![CDATA[1]]></item>
			<item id="required"><![CDATA[0]]></item>
			<item id="unchangeable"><![CDATA[0]]></item>
			<item id="search"><![CDATA[0]]></item>
			<item id="subjectshow"><![CDATA[1]]></item>
			<item id="tpdescription"><![CDATA[]]></item>
			<item id="ttdescription"><![CDATA[背景图库]]></item>
			<item id="tpexpiration"><![CDATA[0]]></item>
			<item id="ttexpiration"><![CDATA[0]]></item>
		</item>
		<item id="7">
			<item id="optionid"><![CDATA[22]]></item>
			<item id="classid"><![CDATA[3]]></item>
			<item id="displayorder"><![CDATA[8]]></item>
			<item id="expiration"><![CDATA[0]]></item>
			<item id="protect"><![CDATA[]]></item>
			<item id="title"><![CDATA[网盘下载地址]]></item>
			<item id="description"><![CDATA[背景图库]]></item>
			<item id="identifier"><![CDATA[deanbgdownload]]></item>
			<item id="type"><![CDATA[text]]></item>
			<item id="unit"><![CDATA[]]></item>
			<item id="rules"><![CDATA[]]></item>
			<item id="permprompt"><![CDATA[]]></item>
			<item id="typeid"><![CDATA[2]]></item>
			<item id="name"><![CDATA[背景图库]]></item>
			<item id="icon"><![CDATA[]]></item>
			<item id="special"><![CDATA[1]]></item>
			<item id="modelid"><![CDATA[0]]></item>
			<item id="template"><![CDATA[<style type="text/css">
.firstfloor .pi{ display:none;}
.firstfloor .plc{ padding:0!important;}
.deannolz .deanviewtit{ display:none!important;}
.deannolz .deanviewtit,.deannolz .viewbox.firstfloor .boxtable{ border:0!important;}
	.deanbang,.deanbuttonpost,.vwthd{display:none;}
.dean_author .r_arrow{ display:none;}
.deanscview{ width:860px;}
	.deanscviewleft{ width:500px; float:left; text-align:center;}
		.deanscviewleft img{ max-width:500px;}
		.deanbqsm{ text-align:left; padding:15px;  margin-top:15px; font-size:13px; color:#808080; background:#fbfbfb; line-height:25px; border:1px dashed #f0f0f0;}
	.deanscviewright{ width:338px; float:right;}
		.deanscviewright table{ width:100%;}
			.deanscviewright table tr{}
				.deanscviewright table tr td{ border:1px solid #f0f0f0; padding:10px 0; text-indent:10px; font-size:14px;}
				.deanscviewright table tr td.deantd1{ background:#fafafa; width:90px;}
					.deanscviewright table tr td i{ border:1px solid #f0f0f0; text-indent:0; padding:0px 5px; display:inline-block; color: #999; height:22px; line-height:22px; border-radius: 22px; font-size: 12px; margin-right:5px;}
		.deanscviewright p{ height:30px; line-height:30px; font-size:13px; color:#bbb; margin-top:10px;}
			.deanscviewright p i{ padding-right:5px; color:#5b9ffc;}
		.deandowninfo{}
			.deandowninfo a{ display:block; height:60px; line-height:60px; margin-top:10px; background:#5b9ffc; color:#fff; font-size:20px; text-align:center; border-radius:2px; -webkit-transition: all 0.3s ease;  -moz-transition: all 0.3s ease;  -o-transition: all 0.3s ease;  transition: all 0.3s ease; }
			.deandowninfo a.deandownaaa{ background:#00c091; border-radius:2px; -webkit-transition: all 0.3s ease;  -moz-transition: all 0.3s ease;  -o-transition: all 0.3s ease;  transition: all 0.3s ease; }
				.deandowninfo a i{ padding-right:10px;}
			.deandowninfo a:hover{ background:#f98888;}	
				.deandowninfo span#sortmessage_dwpmm{ display:block; height:60px; line-height:60px; margin-top:10px; background:#f90; color:#fff; font-size:20px; text-align:center; border-radius:2px;}
			.deanxzmm{ display:block; height:60px; line-height:60px; margin-top:10px; background:#0ec5a1; color:#fff; font-size:20px; text-align:center; border-radius:2px;}
			.deanczvips{ height:60px; line-height:60px;}
				.deanczvips a{ display:block; background:#ff6060; color:#fff; height:60px; line-height:60px;}
					.deanczvips a i{ display:inline-block; float:left; margin-left:30px; margin-top:21px;}
					.deanczvips a span{display:inline-block; float:left;}
					.deanczvips a em{ display:inline-block; float:left; display:block; background:#ff8f8f; height:26px; line-height:26px; margin:18px 7px; margin-left:25px; padding:0 10px; color:#fff; font-size:14px; border-radius:20px;}
</style>
<div class="deanscview">
	<div class="deanscviewleft">
    	<img src="{deanbgylt_value}" zoomfile="{deanbgylt_value}" file="{deanbgylt_value}" class="zoom" onclick="zoom(this, this.src, 0, 0, 0)" />
        <div class="clear"></div>
        <div class="deanbqsm">该素材为迪恩素材原创或已获得相关权利人授权，作品（含预览图）受著作权法保护，著作权及相关权利.如有问题请联系客服QQ：3318850993。</div>
    </div>
    <div class="deanscviewright">
    	<table>
        	<tr><td class="deantd1">版式</td><td>{deanbgbs_value}</td></tr>
            <tr><td class="deantd1">格式</td><td>{deanbggs_value}</td></tr>
            <tr><td class="deantd1">风格</td><td>{deanbgfg_value}</td></tr>
            <tr><td class="deantd1">原分辨率</td><td>	{deanbgfbl_value}</td></tr>
            <tr><td class="deantd1">原图尺寸</td><td>{deanbgcc_value}</td></tr>
            <tr><td class="deantd1">上传时间</td><td>{deanbgdate_value}</td></tr>
        </table>
        <div class="clear"></div>
        <p><i class="icon-exclamation-sign"></i>肖像权：人物画像及字体仅供参考禁止商用</p>
        <div class="clear"></div>
        <div class="deandowninfo">
        	<a href="{deanbgdownload_value}" target="_blank" class="deandownaaa"><i class="icon-download-alt"></i><span>点击下载</span><div class="clear"></div></a>
            <div class="clear"></div>
            <div class="deanxzmm">{deanbgmm_value}</div>
            <div class="clear"></div>
            <div class="deanczvips"><a href="vip"><i class="icon-cloud-download"></i><span>海量畅享下载</span><em>成为VIP会员</em></a></div>
        </div>
        
    </div>
    <div class="clear"></div>
</div>]]></item>
			<item id="stemplate"><![CDATA[<style type="text/css">
.ct2 .sd{ display:none;}
.ct2 .mn,#threadlist{ width:1180px!important;}
.clear{ clear:both;}
#threadlist{ border:0; background:none!important;}
#threadlist .bm_c{ padding:0; padding-bottom:15px;}
.mn{ overflow:visible!important;}
.pgs #newspecialtmp{ display:none;}
#mdly{ z-index:11;}
.deanwaterfall{ margin-top:0px;}
	.deanwaterfall ul{ width:1200px;}
		.deanwaterfall li{ background:#fff; width:220px; border:1px solid #f0f0f0; border-radius:0 0 3px 3px; margin-right:18px; float:left; margin-bottom:18px;  -ms-transition: transform .2s; -webkit-transition: transform .2s; -moz-transition: transform .2s; transition: transform .2s;}
		.deanwaterfall li:hover{ transform: translateY(-6px);
    -webkit-transform: translateY(-6px);
    -moz-transform: translateY(-6px);
    box-shadow: 0 26px 40px -24px rgba(0,36,100,0.3);
    -webkit-box-shadow: 0 26px 40px -24px rgba(0,36,100,0.3);
    -moz-box-shadow: 0 26px 40px -24px rgba(0,36,100,0.3);
    -webkit-transition: all 0.3s ease;
    -moz-transition: all 0.3s ease;
    -o-transition: all 0.3s ease;
    transition: all 0.3s ease;}
		.deanwaterfall .c, .deanwaterfall h3{ font-size:13px; background:#fff; border-color:#e6e6e6; font-weight:normal; }
		.deanwaterfall .c{ padding:0; position:relative; z-index:1;}
			.deanwaterfall h3{ padding:5px 10px; height:30px; line-height:30px; display:block;white-space:nowrap; overflow:hidden; text-overflow:ellipsis; overflow:hidden;}
			.deanwaterfall .auth{ background:#fff; border-top:1px solid #f0f0f0; border-radius:0 0 3px 3px; padding:5px 10px; color:#666; position:relative;}
				.deanwaterfall .auth b.deanarrowss{ position: absolute; z-index: 11; top: -11px; left: 15px; border-width:6px;  overflow: visible; display:block; border: 5px dashed transparent; border-bottom-color: #ededed;}
					.deanwaterfall .auth b.deanarrowss i{position: absolute; width: 0; height: 0; top: -3px; left: -5px; border:5px solid transparent; border-bottom-color: #fff; display:block; }
			.deanwaterfall h3 a{ color:#333; font-size:16px;}
			.deanwaterfall h3 a:hover{ color:#00B091;}
			.deanwaterfall .auth .xg1, .waterfall .auth a{ color:#aaa!important; font-size:12px;}
			
			.deanyhz{ height:30px; margin:5px 0; line-height:30px;}
				.deanyhz img{ width:30px; height:30px; border-radius:30px; float:left;}
				.deanyhz b{ float:left; font-weight:normal; display:block;  padding-left:10px;}
			.deantnums{ height:30px; line-height:30px; font-size:12px; color:#bbb;}
				.deantnums b{ display:inline-block; float:left; font-weight:normal;}
				.deantnums i{ display:block; margin:0 7px; border-right:1px solid #ddd; float:left; width:1px; height:12px; margin-top:10px;}
</style>
<div class="deanwaterfall">
    <ul class="cl">
        [loop]
        <li id="deanidlist">
            <div class="c cl"><a href="{subject_url}" class="z"><img src="{deanbgylt_value}" width="220" height="300" /></a></div>
            <h3><a href="{subject_url}">{subject}</a></h3>
            <div class="auth cl">
                <b class="deanarrowss"><i></i></b>
                <div class="deanyhz">
                    <a href="{author_url}"><img src="{avatar_small}" /><b>{author}</b></a><b>{author_verify}</b>
                    <div class="clear"></div>
                </div>
                <div class="clear"></div>
                <div class="deantnums">  
                    <b>浏览:{views}</b>
                    <i></i>
                    <b>回复:{replies}</b><i></i>
                    <b>{dateline}</b>
                    <div class="clear"></div>
                </div>
            </div>
        </li>
        [/loop]
        <div class="clear"></div>
    </ul>
</div>]]></item>
			<item id="ptemplate"><![CDATA[]]></item>
			<item id="btemplate"><![CDATA[]]></item>
			<item id="sortid"><![CDATA[2]]></item>
			<item id="available"><![CDATA[1]]></item>
			<item id="required"><![CDATA[0]]></item>
			<item id="unchangeable"><![CDATA[0]]></item>
			<item id="search"><![CDATA[0]]></item>
			<item id="subjectshow"><![CDATA[1]]></item>
			<item id="tpdescription"><![CDATA[]]></item>
			<item id="ttdescription"><![CDATA[背景图库]]></item>
			<item id="tpexpiration"><![CDATA[0]]></item>
			<item id="ttexpiration"><![CDATA[0]]></item>
		</item>
		<item id="8">
			<item id="optionid"><![CDATA[23]]></item>
			<item id="classid"><![CDATA[3]]></item>
			<item id="displayorder"><![CDATA[9]]></item>
			<item id="expiration"><![CDATA[0]]></item>
			<item id="title"><![CDATA[网盘密码]]></item>
			<item id="description"><![CDATA[背景图库]]></item>
			<item id="identifier"><![CDATA[deanbgmm]]></item>
			<item id="type"><![CDATA[text]]></item>
			<item id="unit"><![CDATA[]]></item>
			<item id="permprompt"><![CDATA[充值VIP之后可见密码]]></item>
			<item id="typeid"><![CDATA[2]]></item>
			<item id="name"><![CDATA[背景图库]]></item>
			<item id="icon"><![CDATA[]]></item>
			<item id="special"><![CDATA[1]]></item>
			<item id="modelid"><![CDATA[0]]></item>
			<item id="template"><![CDATA[<style type="text/css">
.firstfloor .pi{ display:none;}
.firstfloor .plc{ padding:0!important;}
.deannolz .deanviewtit{ display:none!important;}
.deannolz .deanviewtit,.deannolz .viewbox.firstfloor .boxtable{ border:0!important;}
	.deanbang,.deanbuttonpost,.vwthd{display:none;}
.dean_author .r_arrow{ display:none;}
.deanscview{ width:860px;}
	.deanscviewleft{ width:500px; float:left; text-align:center;}
		.deanscviewleft img{ max-width:500px;}
		.deanbqsm{ text-align:left; padding:15px;  margin-top:15px; font-size:13px; color:#808080; background:#fbfbfb; line-height:25px; border:1px dashed #f0f0f0;}
	.deanscviewright{ width:338px; float:right;}
		.deanscviewright table{ width:100%;}
			.deanscviewright table tr{}
				.deanscviewright table tr td{ border:1px solid #f0f0f0; padding:10px 0; text-indent:10px; font-size:14px;}
				.deanscviewright table tr td.deantd1{ background:#fafafa; width:90px;}
					.deanscviewright table tr td i{ border:1px solid #f0f0f0; text-indent:0; padding:0px 5px; display:inline-block; color: #999; height:22px; line-height:22px; border-radius: 22px; font-size: 12px; margin-right:5px;}
		.deanscviewright p{ height:30px; line-height:30px; font-size:13px; color:#bbb; margin-top:10px;}
			.deanscviewright p i{ padding-right:5px; color:#5b9ffc;}
		.deandowninfo{}
			.deandowninfo a{ display:block; height:60px; line-height:60px; margin-top:10px; background:#5b9ffc; color:#fff; font-size:20px; text-align:center; border-radius:2px; -webkit-transition: all 0.3s ease;  -moz-transition: all 0.3s ease;  -o-transition: all 0.3s ease;  transition: all 0.3s ease; }
			.deandowninfo a.deandownaaa{ background:#00c091; border-radius:2px; -webkit-transition: all 0.3s ease;  -moz-transition: all 0.3s ease;  -o-transition: all 0.3s ease;  transition: all 0.3s ease; }
				.deandowninfo a i{ padding-right:10px;}
			.deandowninfo a:hover{ background:#f98888;}	
				.deandowninfo span#sortmessage_dwpmm{ display:block; height:60px; line-height:60px; margin-top:10px; background:#f90; color:#fff; font-size:20px; text-align:center; border-radius:2px;}
			.deanxzmm{ display:block; height:60px; line-height:60px; margin-top:10px; background:#0ec5a1; color:#fff; font-size:20px; text-align:center; border-radius:2px;}
			.deanczvips{ height:60px; line-height:60px;}
				.deanczvips a{ display:block; background:#ff6060; color:#fff; height:60px; line-height:60px;}
					.deanczvips a i{ display:inline-block; float:left; margin-left:30px; margin-top:21px;}
					.deanczvips a span{display:inline-block; float:left;}
					.deanczvips a em{ display:inline-block; float:left; display:block; background:#ff8f8f; height:26px; line-height:26px; margin:18px 7px; margin-left:25px; padding:0 10px; color:#fff; font-size:14px; border-radius:20px;}
</style>
<div class="deanscview">
	<div class="deanscviewleft">
    	<img src="{deanbgylt_value}" zoomfile="{deanbgylt_value}" file="{deanbgylt_value}" class="zoom" onclick="zoom(this, this.src, 0, 0, 0)" />
        <div class="clear"></div>
        <div class="deanbqsm">该素材为迪恩素材原创或已获得相关权利人授权，作品（含预览图）受著作权法保护，著作权及相关权利.如有问题请联系客服QQ：3318850993。</div>
    </div>
    <div class="deanscviewright">
    	<table>
        	<tr><td class="deantd1">版式</td><td>{deanbgbs_value}</td></tr>
            <tr><td class="deantd1">格式</td><td>{deanbggs_value}</td></tr>
            <tr><td class="deantd1">风格</td><td>{deanbgfg_value}</td></tr>
            <tr><td class="deantd1">原分辨率</td><td>	{deanbgfbl_value}</td></tr>
            <tr><td class="deantd1">原图尺寸</td><td>{deanbgcc_value}</td></tr>
            <tr><td class="deantd1">上传时间</td><td>{deanbgdate_value}</td></tr>
        </table>
        <div class="clear"></div>
        <p><i class="icon-exclamation-sign"></i>肖像权：人物画像及字体仅供参考禁止商用</p>
        <div class="clear"></div>
        <div class="deandowninfo">
        	<a href="{deanbgdownload_value}" target="_blank" class="deandownaaa"><i class="icon-download-alt"></i><span>点击下载</span><div class="clear"></div></a>
            <div class="clear"></div>
            <div class="deanxzmm">{deanbgmm_value}</div>
            <div class="clear"></div>
            <div class="deanczvips"><a href="vip"><i class="icon-cloud-download"></i><span>海量畅享下载</span><em>成为VIP会员</em></a></div>
        </div>
        
    </div>
    <div class="clear"></div>
</div>]]></item>
			<item id="stemplate"><![CDATA[<style type="text/css">
.ct2 .sd{ display:none;}
.ct2 .mn,#threadlist{ width:1180px!important;}
.clear{ clear:both;}
#threadlist{ border:0; background:none!important;}
#threadlist .bm_c{ padding:0; padding-bottom:15px;}
.mn{ overflow:visible!important;}
.pgs #newspecialtmp{ display:none;}
#mdly{ z-index:11;}
.deanwaterfall{ margin-top:0px;}
	.deanwaterfall ul{ width:1200px;}
		.deanwaterfall li{ background:#fff; width:220px; border:1px solid #f0f0f0; border-radius:0 0 3px 3px; margin-right:18px; float:left; margin-bottom:18px;  -ms-transition: transform .2s; -webkit-transition: transform .2s; -moz-transition: transform .2s; transition: transform .2s;}
		.deanwaterfall li:hover{ transform: translateY(-6px);
    -webkit-transform: translateY(-6px);
    -moz-transform: translateY(-6px);
    box-shadow: 0 26px 40px -24px rgba(0,36,100,0.3);
    -webkit-box-shadow: 0 26px 40px -24px rgba(0,36,100,0.3);
    -moz-box-shadow: 0 26px 40px -24px rgba(0,36,100,0.3);
    -webkit-transition: all 0.3s ease;
    -moz-transition: all 0.3s ease;
    -o-transition: all 0.3s ease;
    transition: all 0.3s ease;}
		.deanwaterfall .c, .deanwaterfall h3{ font-size:13px; background:#fff; border-color:#e6e6e6; font-weight:normal; }
		.deanwaterfall .c{ padding:0; position:relative; z-index:1;}
			.deanwaterfall h3{ padding:5px 10px; height:30px; line-height:30px; display:block;white-space:nowrap; overflow:hidden; text-overflow:ellipsis; overflow:hidden;}
			.deanwaterfall .auth{ background:#fff; border-top:1px solid #f0f0f0; border-radius:0 0 3px 3px; padding:5px 10px; color:#666; position:relative;}
				.deanwaterfall .auth b.deanarrowss{ position: absolute; z-index: 11; top: -11px; left: 15px; border-width:6px;  overflow: visible; display:block; border: 5px dashed transparent; border-bottom-color: #ededed;}
					.deanwaterfall .auth b.deanarrowss i{position: absolute; width: 0; height: 0; top: -3px; left: -5px; border:5px solid transparent; border-bottom-color: #fff; display:block; }
			.deanwaterfall h3 a{ color:#333; font-size:16px;}
			.deanwaterfall h3 a:hover{ color:#00B091;}
			.deanwaterfall .auth .xg1, .waterfall .auth a{ color:#aaa!important; font-size:12px;}
			
			.deanyhz{ height:30px; margin:5px 0; line-height:30px;}
				.deanyhz img{ width:30px; height:30px; border-radius:30px; float:left;}
				.deanyhz b{ float:left; font-weight:normal; display:block;  padding-left:10px;}
			.deantnums{ height:30px; line-height:30px; font-size:12px; color:#bbb;}
				.deantnums b{ display:inline-block; float:left; font-weight:normal;}
				.deantnums i{ display:block; margin:0 7px; border-right:1px solid #ddd; float:left; width:1px; height:12px; margin-top:10px;}
</style>
<div class="deanwaterfall">
    <ul class="cl">
        [loop]
        <li id="deanidlist">
            <div class="c cl"><a href="{subject_url}" class="z"><img src="{deanbgylt_value}" width="220" height="300" /></a></div>
            <h3><a href="{subject_url}">{subject}</a></h3>
            <div class="auth cl">
                <b class="deanarrowss"><i></i></b>
                <div class="deanyhz">
                    <a href="{author_url}"><img src="{avatar_small}" /><b>{author}</b></a><b>{author_verify}</b>
                    <div class="clear"></div>
                </div>
                <div class="clear"></div>
                <div class="deantnums">  
                    <b>浏览:{views}</b>
                    <i></i>
                    <b>回复:{replies}</b><i></i>
                    <b>{dateline}</b>
                    <div class="clear"></div>
                </div>
            </div>
        </li>
        [/loop]
        <div class="clear"></div>
    </ul>
</div>]]></item>
			<item id="ptemplate"><![CDATA[]]></item>
			<item id="btemplate"><![CDATA[]]></item>
			<item id="sortid"><![CDATA[2]]></item>
			<item id="available"><![CDATA[1]]></item>
			<item id="required"><![CDATA[0]]></item>
			<item id="unchangeable"><![CDATA[0]]></item>
			<item id="search"><![CDATA[0]]></item>
			<item id="subjectshow"><![CDATA[1]]></item>
			<item id="tpdescription"><![CDATA[]]></item>
			<item id="ttdescription"><![CDATA[背景图库]]></item>
			<item id="tpexpiration"><![CDATA[0]]></item>
			<item id="ttexpiration"><![CDATA[0]]></item>
			<item id="__protect">
				<item id="status"><![CDATA[1]]></item>
				<item id="mode"><![CDATA[2]]></item>
				<item id="usergroup"><![CDATA[1	2	3]]></item>
				<item id="verify"><![CDATA[]]></item>
			</item>
			<item id="__rules">
				<item id="maxlength"><![CDATA[]]></item>
				<item id="inputsize"><![CDATA[]]></item>
				<item id="profile"><![CDATA[]]></item>
				<item id="defaultvalue"><![CDATA[]]></item>
			</item>
		</item>
	</item>
</root>