<?xml version="1.0" encoding="ISO-8859-1"?>
<root>
	<item id="spacecss"><![CDATA[]]></item>
	<item id="layoutdata">
		<item id="zhanzhuai_diy001">
			<item id="frame`frameb4jkk7">
				<item id="attr">
					<item id="name"><![CDATA[frameb4jkk7]]></item>
					<item id="moveable"><![CDATA[true]]></item>
					<item id="className"><![CDATA[cl_frame_bm frame move-span cl frame-1]]></item>
					<item id="titles"><![CDATA[]]></item>
				</item>
				<item id="column`frameb4jkk7_left">
					<item id="attr">
						<item id="name"><![CDATA[frameb4jkk7_left]]></item>
						<item id="className"><![CDATA[column frame-1-c]]></item>
					</item>
					<item id="block`portal_block_1351">
						<item id="attr">
							<item id="name"><![CDATA[portal_block_1351]]></item>
							<item id="className"><![CDATA[cl_block_bm block move-span]]></item>
							<item id="titles"><![CDATA[]]></item>
						</item>
					</item>
				</item>
			</item>
			<item id="frame`frameX98aG6">
				<item id="attr">
					<item id="name"><![CDATA[frameX98aG6]]></item>
					<item id="moveable"><![CDATA[true]]></item>
					<item id="className"><![CDATA[cl_frame_bm frame move-span cl frame-1]]></item>
					<item id="titles"><![CDATA[]]></item>
				</item>
				<item id="column`frameX98aG6_left">
					<item id="attr">
						<item id="name"><![CDATA[frameX98aG6_left]]></item>
						<item id="className"><![CDATA[column frame-1-c]]></item>
					</item>
				</item>
			</item>
		</item>
		<item id="zhanzhuai_b_diy4">
			<item id="frame`frameTc8AdJ">
				<item id="attr">
					<item id="name"><![CDATA[frameTc8AdJ]]></item>
					<item id="moveable"><![CDATA[true]]></item>
					<item id="className"><![CDATA[cl_frame_bm frame move-span cl frame-1]]></item>
					<item id="titles"><![CDATA[]]></item>
				</item>
				<item id="column`frameTc8AdJ_left">
					<item id="attr">
						<item id="name"><![CDATA[frameTc8AdJ_left]]></item>
						<item id="className"><![CDATA[column frame-1-c]]></item>
					</item>
					<item id="block`portal_block_1346">
						<item id="attr">
							<item id="name"><![CDATA[portal_block_1346]]></item>
							<item id="className"><![CDATA[cl_block_bm block move-span]]></item>
							<item id="titles"><![CDATA[]]></item>
						</item>
					</item>
				</item>
			</item>
		</item>
		<item id="zhanzhuai_b_diy4a">
			<item id="frame`framewTeE4e">
				<item id="attr">
					<item id="name"><![CDATA[framewTeE4e]]></item>
					<item id="moveable"><![CDATA[true]]></item>
					<item id="className"><![CDATA[cl_frame_bm frame move-span cl frame-1]]></item>
					<item id="titles"><![CDATA[]]></item>
				</item>
				<item id="column`framewTeE4e_left">
					<item id="attr">
						<item id="name"><![CDATA[framewTeE4e_left]]></item>
						<item id="className"><![CDATA[column frame-1-c]]></item>
					</item>
					<item id="block`portal_block_1352">
						<item id="attr">
							<item id="name"><![CDATA[portal_block_1352]]></item>
							<item id="className"><![CDATA[cl_block_bm block move-span]]></item>
							<item id="titles"><![CDATA[]]></item>
						</item>
					</item>
				</item>
			</item>
		</item>
		<item id="zhanzhuai_b_diy4b">
			<item id="frame`frameyFfbBd">
				<item id="attr">
					<item id="name"><![CDATA[frameyFfbBd]]></item>
					<item id="moveable"><![CDATA[true]]></item>
					<item id="className"><![CDATA[cl_frame_bm frame move-span cl frame-1]]></item>
					<item id="titles"><![CDATA[]]></item>
				</item>
				<item id="column`frameyFfbBd_left">
					<item id="attr">
						<item id="name"><![CDATA[frameyFfbBd_left]]></item>
						<item id="className"><![CDATA[column frame-1-c]]></item>
					</item>
					<item id="block`portal_block_1353">
						<item id="attr">
							<item id="name"><![CDATA[portal_block_1353]]></item>
							<item id="className"><![CDATA[cl_block_bm block move-span]]></item>
							<item id="titles"><![CDATA[]]></item>
						</item>
					</item>
				</item>
			</item>
		</item>
		<item id="zhanzhuai_b_diy4c">
			<item id="frame`framer00yP0">
				<item id="attr">
					<item id="name"><![CDATA[framer00yP0]]></item>
					<item id="moveable"><![CDATA[true]]></item>
					<item id="className"><![CDATA[cl_frame_bm frame move-span cl frame-1]]></item>
					<item id="titles"><![CDATA[]]></item>
				</item>
				<item id="column`framer00yP0_left">
					<item id="attr">
						<item id="name"><![CDATA[framer00yP0_left]]></item>
						<item id="className"><![CDATA[column frame-1-c]]></item>
					</item>
					<item id="block`portal_block_1354">
						<item id="attr">
							<item id="name"><![CDATA[portal_block_1354]]></item>
							<item id="className"><![CDATA[cl_block_bm block move-span]]></item>
							<item id="titles"><![CDATA[]]></item>
						</item>
					</item>
				</item>
			</item>
		</item>
		<item id="zhanzhuai_b_diy6">
			<item id="frame`frameIgmmoo">
				<item id="attr">
					<item id="name"><![CDATA[frameIgmmoo]]></item>
					<item id="moveable"><![CDATA[true]]></item>
					<item id="className"><![CDATA[cl_frame_bm frame move-span cl frame-1]]></item>
					<item id="titles"><![CDATA[]]></item>
				</item>
				<item id="column`frameIgmmoo_left">
					<item id="attr">
						<item id="name"><![CDATA[frameIgmmoo_left]]></item>
						<item id="className"><![CDATA[column frame-1-c]]></item>
					</item>
					<item id="block`portal_block_1348">
						<item id="attr">
							<item id="name"><![CDATA[portal_block_1348]]></item>
							<item id="className"><![CDATA[cl_block_bm block move-span]]></item>
							<item id="titles"><![CDATA[]]></item>
						</item>
					</item>
				</item>
			</item>
		</item>
		<item id="zhanzhuai_b_diy5">
			<item id="frame`framebNw9Vr">
				<item id="attr">
					<item id="name"><![CDATA[framebNw9Vr]]></item>
					<item id="moveable"><![CDATA[true]]></item>
					<item id="className"><![CDATA[cl_frame_bm frame move-span cl frame-1]]></item>
					<item id="titles"><![CDATA[]]></item>
				</item>
				<item id="column`framebNw9Vr_left">
					<item id="attr">
						<item id="name"><![CDATA[framebNw9Vr_left]]></item>
						<item id="className"><![CDATA[column frame-1-c]]></item>
					</item>
					<item id="block`portal_block_1347">
						<item id="attr">
							<item id="name"><![CDATA[portal_block_1347]]></item>
							<item id="className"><![CDATA[cl_block_bm block move-span]]></item>
							<item id="titles"><![CDATA[]]></item>
						</item>
					</item>
				</item>
			</item>
		</item>
		<item id="zhanzhuai_b_diy7">
			<item id="frame`framelZ5MZk">
				<item id="attr">
					<item id="name"><![CDATA[framelZ5MZk]]></item>
					<item id="moveable"><![CDATA[true]]></item>
					<item id="className"><![CDATA[cl_frame_bm frame move-span cl frame-1]]></item>
					<item id="titles"><![CDATA[]]></item>
				</item>
				<item id="column`framelZ5MZk_left">
					<item id="attr">
						<item id="name"><![CDATA[framelZ5MZk_left]]></item>
						<item id="className"><![CDATA[column frame-1-c]]></item>
					</item>
					<item id="block`portal_block_1350">
						<item id="attr">
							<item id="name"><![CDATA[portal_block_1350]]></item>
							<item id="className"><![CDATA[cl_block_bm block move-span]]></item>
							<item id="titles"><![CDATA[]]></item>
						</item>
					</item>
				</item>
			</item>
		</item>
		<item id="zhanzhuai_b_diy8">
			<item id="frame`frameabutbL">
				<item id="attr">
					<item id="name"><![CDATA[frameabutbL]]></item>
					<item id="moveable"><![CDATA[true]]></item>
					<item id="className"><![CDATA[cl_frame_bm frame move-span cl frame-1]]></item>
					<item id="titles"><![CDATA[]]></item>
				</item>
				<item id="column`frameabutbL_left">
					<item id="attr">
						<item id="name"><![CDATA[frameabutbL_left]]></item>
						<item id="className"><![CDATA[column frame-1-c]]></item>
					</item>
					<item id="block`portal_block_1349">
						<item id="attr">
							<item id="name"><![CDATA[portal_block_1349]]></item>
							<item id="className"><![CDATA[cl_block_bm block move-span]]></item>
							<item id="titles"><![CDATA[]]></item>
						</item>
					</item>
				</item>
			</item>
		</item>
	</item>
	<item id="blockdata">
		<item id="block">
			<item id="1346">
				<item id="bid"><![CDATA[1346]]></item>
				<item id="blockclass"><![CDATA[portal_article]]></item>
				<item id="blocktype"><![CDATA[0]]></item>
				<item id="name"><![CDATA[门户热门帖子]]></item>
				<item id="title"><![CDATA[]]></item>
				<item id="classname"><![CDATA[cl_block_bm]]></item>
				<item id="summary"><![CDATA[]]></item>
				<item id="uid"><![CDATA[1]]></item>
				<item id="username"><![CDATA[admin]]></item>
				<item id="styleid"><![CDATA[0]]></item>
				<item id="blockstyle">
					<item id="name"><![CDATA[]]></item>
					<item id="blockclass"><![CDATA[portal_article]]></item>
					<item id="makethumb"><![CDATA[1]]></item>
					<item id="getpic"><![CDATA[1]]></item>
					<item id="getsummary"><![CDATA[1]]></item>
					<item id="settarget"><![CDATA[1]]></item>
					<item id="moreurl"><![CDATA[0]]></item>
					<item id="fields">
						<item id="0"><![CDATA[currentorder]]></item>
						<item id="1"><![CDATA[url]]></item>
						<item id="2"><![CDATA[title]]></item>
						<item id="3"><![CDATA[pic]]></item>
						<item id="4"><![CDATA[summary]]></item>
						<item id="5"><![CDATA[uid]]></item>
						<item id="6"><![CDATA[username]]></item>
						<item id="7"><![CDATA[avatar]]></item>
						<item id="8"><![CDATA[caturl]]></item>
						<item id="9"><![CDATA[catname]]></item>
						<item id="10"><![CDATA[dateline]]></item>
						<item id="11"><![CDATA[commentnum]]></item>
						<item id="12"><![CDATA[viewnum]]></item>
					</item>
					<item id="template">
						<item id="raw"><![CDATA[<ul class="zz_threads_list">
[loop]
<li class="zz_list_item zz_item{currentorder} cl">
	<div class="zz_item_pic">
		<a href="{url}"{target} title="{title}">
		   <img src="{pic}" width="{picwidth}" height="{picheight}" alt="{title}" />
        </a>
	</div>
   
   <div class="zz_item_content">
	   <div class="zz_item_title"><a href="{url}"{target} title="{title}">{title}</a></div>
       <p class="zz_item_desc">{summary}...</p>  
	   <div class="zz_item_info">          
	       <span class="zz_item_info_a"><a href="home.php?mod=space&uid={uid}"{target} title="{username}"><img src="{avatar}" alt="{username}"/>{username}</a></span>
           <span class="pipe">|</span>
		   <span class="zz_item_info_a"><a href="{caturl}"{target} title="{catname}">{catname}</a></span> 
          <span class="zz_item_info_d">{dateline}</span>        
           <span class="zz_item_info_r">{commentnum}</span>
           <span class="zz_item_info_v">{viewnum}</span> 
       </div>
  </div>
</li>
[/loop]
</ul>]]></item>
						<item id="footer"><![CDATA[]]></item>
						<item id="header"><![CDATA[]]></item>
						<item id="indexplus">
						</item>
						<item id="index">
						</item>
						<item id="orderplus">
						</item>
						<item id="order">
						</item>
						<item id="loopplus">
						</item>
						<item id="loop"><![CDATA[<li class="zz_list_item zz_item{currentorder} cl">
	<div class="zz_item_pic">
		<a href="{url}"{target} title="{title}">
		   <img src="{pic}" width="{picwidth}" height="{picheight}" alt="{title}" />
        </a>
	</div>
   
   <div class="zz_item_content">
	   <div class="zz_item_title"><a href="{url}"{target} title="{title}">{title}</a></div>
       <p class="zz_item_desc">{summary}...</p>  
	   <div class="zz_item_info">          
	       <span class="zz_item_info_a"><a href="home.php?mod=space&uid={uid}"{target} title="{username}"><img src="{avatar}" alt="{username}"/>{username}</a></span>
           <span class="pipe">|</span>
		   <span class="zz_item_info_a"><a href="{caturl}"{target} title="{catname}">{catname}</a></span> 
          <span class="zz_item_info_d">{dateline}</span>        
           <span class="zz_item_info_r">{commentnum}</span>
           <span class="zz_item_info_v">{viewnum}</span> 
       </div>
  </div>
</li>]]></item>
					</item>
					<item id="hash"><![CDATA[f29af81e]]></item>
				</item>
				<item id="picwidth"><![CDATA[200]]></item>
				<item id="picheight"><![CDATA[135]]></item>
				<item id="target"><![CDATA[blank]]></item>
				<item id="dateformat"><![CDATA[Y-m-d]]></item>
				<item id="dateuformat"><![CDATA[0]]></item>
				<item id="script"><![CDATA[article]]></item>
				<item id="param">
					<item id="aids"><![CDATA[]]></item>
					<item id="uids"><![CDATA[]]></item>
					<item id="keyword"><![CDATA[]]></item>
					<item id="catid">
						<item id="0"><![CDATA[0]]></item>
					</item>
					<item id="picrequired"><![CDATA[1]]></item>
					<item id="starttime"><![CDATA[]]></item>
					<item id="endtime"><![CDATA[]]></item>
					<item id="publishdateline"><![CDATA[0]]></item>
					<item id="titlelength"><![CDATA[40]]></item>
					<item id="summarylength"><![CDATA[120]]></item>
					<item id="startrow"><![CDATA[0]]></item>
					<item id="items"><![CDATA[25]]></item>
					<item id="tids"><![CDATA[]]></item>
					<item id="tagkeyword"><![CDATA[]]></item>
					<item id="fids">
						<item id="0"><![CDATA[0]]></item>
					</item>
					<item id="typeids"><![CDATA[]]></item>
					<item id="recommend"><![CDATA[0]]></item>
					<item id="special">
						<item id="0"><![CDATA[0]]></item>
					</item>
					<item id="viewmod"><![CDATA[0]]></item>
					<item id="rewardstatus"><![CDATA[0]]></item>
					<item id="orderby"><![CDATA[views]]></item>
					<item id="postdateline"><![CDATA[0]]></item>
					<item id="lastpost"><![CDATA[0]]></item>
					<item id="highlight"><![CDATA[0]]></item>
				</item>
				<item id="shownum"><![CDATA[25]]></item>
				<item id="cachetime"><![CDATA[300]]></item>
				<item id="cachetimerange"><![CDATA[]]></item>
				<item id="punctualupdate"><![CDATA[1]]></item>
				<item id="hidedisplay"><![CDATA[0]]></item>
				<item id="dateline"><![CDATA[1586143934]]></item>
				<item id="notinherited"><![CDATA[0]]></item>
				<item id="isblank"><![CDATA[0]]></item>
			</item>
			<item id="1347">
				<item id="bid"><![CDATA[1347]]></item>
				<item id="blockclass"><![CDATA[html_html]]></item>
				<item id="blocktype"><![CDATA[0]]></item>
				<item id="name"><![CDATA[门户频道AD]]></item>
				<item id="title"><![CDATA[]]></item>
				<item id="classname"><![CDATA[cl_block_bm]]></item>
				<item id="summary"><![CDATA[<div class="zz_frame_c p15">
     <a href="#" target="_blank">
	    <img src="template/zhanzhuai_feng/images/banner/p_ad.png" width="280px" />
	 </a>
</div>]]></item>
				<item id="uid"><![CDATA[1]]></item>
				<item id="username"><![CDATA[admin]]></item>
				<item id="styleid"><![CDATA[0]]></item>
				<item id="blockstyle"><![CDATA[]]></item>
				<item id="picwidth"><![CDATA[0]]></item>
				<item id="picheight"><![CDATA[0]]></item>
				<item id="target"><![CDATA[blank]]></item>
				<item id="dateformat"><![CDATA[Y-m-d]]></item>
				<item id="dateuformat"><![CDATA[0]]></item>
				<item id="script"><![CDATA[blank]]></item>
				<item id="param">
					<item id="content"><![CDATA[<div class=\"zz_frame_c p15\">
     <a href=\"#\" target=\"_blank\">
	    <img src=\"template/zhanzhuai_feng/images/banner/p_ad.png\" width=\"280px\" />
	 </a>
</div>]]></item>
					<item id="items"><![CDATA[10]]></item>
				</item>
				<item id="shownum"><![CDATA[10]]></item>
				<item id="cachetime"><![CDATA[0]]></item>
				<item id="cachetimerange"><![CDATA[0,0]]></item>
				<item id="punctualupdate"><![CDATA[0]]></item>
				<item id="hidedisplay"><![CDATA[0]]></item>
				<item id="dateline"><![CDATA[1586143933]]></item>
				<item id="notinherited"><![CDATA[0]]></item>
				<item id="isblank"><![CDATA[0]]></item>
			</item>
			<item id="1348">
				<item id="bid"><![CDATA[1348]]></item>
				<item id="blockclass"><![CDATA[forum_thread]]></item>
				<item id="blocktype"><![CDATA[0]]></item>
				<item id="name"><![CDATA[门户首页社区热门]]></item>
				<item id="title"><![CDATA[]]></item>
				<item id="classname"><![CDATA[cl_block_bm]]></item>
				<item id="summary"><![CDATA[]]></item>
				<item id="uid"><![CDATA[1]]></item>
				<item id="username"><![CDATA[admin]]></item>
				<item id="styleid"><![CDATA[0]]></item>
				<item id="blockstyle">
					<item id="name"><![CDATA[]]></item>
					<item id="blockclass"><![CDATA[forum_thread]]></item>
					<item id="makethumb"><![CDATA[0]]></item>
					<item id="getpic"><![CDATA[0]]></item>
					<item id="getsummary"><![CDATA[0]]></item>
					<item id="settarget"><![CDATA[0]]></item>
					<item id="moreurl"><![CDATA[0]]></item>
					<item id="fields">
						<item id="0"><![CDATA[currentorder]]></item>
						<item id="1"><![CDATA[url]]></item>
						<item id="2"><![CDATA[title]]></item>
						<item id="3"><![CDATA[authorid]]></item>
						<item id="4"><![CDATA[author]]></item>
						<item id="5"><![CDATA[dateline]]></item>
					</item>
					<item id="template">
						<item id="raw"><![CDATA[<div class="zz_fun_title cl"><span class="line"></span>社区热门</div>
<div class="zz_drank_item cl" style="padding: 6px 15px;">
<ul> 
[loop]
    <li>
        <div class="zz_drank_ricon rank{currentorder}">{currentorder}</div>
        <div class="item-content">
		    <div class="zz_drank_title cl"><a href="{url}" title="{title}">{title}</a></div>
			<p>
			    <a href="home.php?mod=space&uid={authorid}" target="_blank" >{author}</a>
				<span class="y">{dateline}</span>
			</p>
		</div>
	</li>
[/loop]
</ul>
</div>]]></item>
						<item id="footer"><![CDATA[]]></item>
						<item id="header"><![CDATA[]]></item>
						<item id="indexplus">
						</item>
						<item id="index">
						</item>
						<item id="orderplus">
						</item>
						<item id="order">
						</item>
						<item id="loopplus">
						</item>
						<item id="loop"><![CDATA[<li>
        <div class="zz_drank_ricon rank{currentorder}">{currentorder}</div>
        <div class="item-content">
		    <div class="zz_drank_title cl"><a href="{url}" title="{title}">{title}</a></div>
			<p>
			    <a href="home.php?mod=space&uid={authorid}" target="_blank" >{author}</a>
				<span class="y">{dateline}</span>
			</p>
		</div>
	</li>]]></item>
					</item>
					<item id="hash"><![CDATA[67fd545a]]></item>
				</item>
				<item id="picwidth"><![CDATA[0]]></item>
				<item id="picheight"><![CDATA[0]]></item>
				<item id="target"><![CDATA[blank]]></item>
				<item id="dateformat"><![CDATA[Y-m-d]]></item>
				<item id="dateuformat"><![CDATA[0]]></item>
				<item id="script"><![CDATA[thread]]></item>
				<item id="param">
					<item id="tids"><![CDATA[]]></item>
					<item id="uids"><![CDATA[]]></item>
					<item id="keyword"><![CDATA[]]></item>
					<item id="tagkeyword"><![CDATA[]]></item>
					<item id="fids">
						<item id="0"><![CDATA[0]]></item>
					</item>
					<item id="typeids"><![CDATA[]]></item>
					<item id="recommend"><![CDATA[0]]></item>
					<item id="special">
						<item id="0"><![CDATA[0]]></item>
					</item>
					<item id="viewmod"><![CDATA[0]]></item>
					<item id="rewardstatus"><![CDATA[0]]></item>
					<item id="picrequired"><![CDATA[0]]></item>
					<item id="orderby"><![CDATA[views]]></item>
					<item id="postdateline"><![CDATA[0]]></item>
					<item id="lastpost"><![CDATA[0]]></item>
					<item id="highlight"><![CDATA[0]]></item>
					<item id="titlelength"><![CDATA[40]]></item>
					<item id="summarylength"><![CDATA[80]]></item>
					<item id="startrow"><![CDATA[0]]></item>
					<item id="items"><![CDATA[6]]></item>
				</item>
				<item id="shownum"><![CDATA[6]]></item>
				<item id="cachetime"><![CDATA[300]]></item>
				<item id="cachetimerange"><![CDATA[]]></item>
				<item id="punctualupdate"><![CDATA[1]]></item>
				<item id="hidedisplay"><![CDATA[0]]></item>
				<item id="dateline"><![CDATA[1586143933]]></item>
				<item id="notinherited"><![CDATA[0]]></item>
				<item id="isblank"><![CDATA[0]]></item>
			</item>
			<item id="1349">
				<item id="bid"><![CDATA[1349]]></item>
				<item id="blockclass"><![CDATA[forum_thread]]></item>
				<item id="blocktype"><![CDATA[0]]></item>
				<item id="name"><![CDATA[门户热文]]></item>
				<item id="title"><![CDATA[]]></item>
				<item id="classname"><![CDATA[cl_block_bm]]></item>
				<item id="summary"><![CDATA[]]></item>
				<item id="uid"><![CDATA[1]]></item>
				<item id="username"><![CDATA[admin]]></item>
				<item id="styleid"><![CDATA[0]]></item>
				<item id="blockstyle">
					<item id="name"><![CDATA[]]></item>
					<item id="blockclass"><![CDATA[forum_thread]]></item>
					<item id="makethumb"><![CDATA[1]]></item>
					<item id="getpic"><![CDATA[1]]></item>
					<item id="getsummary"><![CDATA[0]]></item>
					<item id="settarget"><![CDATA[1]]></item>
					<item id="moreurl"><![CDATA[0]]></item>
					<item id="fields">
						<item id="0"><![CDATA[currentorder]]></item>
						<item id="1"><![CDATA[url]]></item>
						<item id="2"><![CDATA[title]]></item>
						<item id="3"><![CDATA[pic]]></item>
						<item id="4"><![CDATA[authorid]]></item>
						<item id="5"><![CDATA[avatar_middle]]></item>
						<item id="6"><![CDATA[author]]></item>
					</item>
					<item id="template">
						<item id="raw"><![CDATA[<div class="zz_fun_title cl"><span class="line"></span>热门图文</div>
<div class="zz_sd_flist p20 cl">
<ul>
[loop]
<li class="zz_flist_item zz_li_num{currentorder}">
     <a href="{url}" title="{title}"{target}>
        <img src="{pic}"  class="zz_flist_pic" width="{picwidth}" height="{picheight}" alt="{title}" />
     </a>
     <a href="home.php?mod=space&uid={authorid}"{target} class="zz_flist_author">
        <img src="{avatar_middle}" class="zz_flist_author_pic" alt="{title}" />
        <span class="zz_flist_author_name">{author}</span>
     </a>
     <div class="zz_flist_title">
          <a href="{url}" title="{title}"{target}>{title}</a>
     </div>
</li>
[/loop]
</ul>
</div>]]></item>
						<item id="footer"><![CDATA[]]></item>
						<item id="header"><![CDATA[]]></item>
						<item id="indexplus">
						</item>
						<item id="index">
						</item>
						<item id="orderplus">
						</item>
						<item id="order">
						</item>
						<item id="loopplus">
						</item>
						<item id="loop"><![CDATA[<li class="zz_flist_item zz_li_num{currentorder}">
     <a href="{url}" title="{title}"{target}>
        <img src="{pic}"  class="zz_flist_pic" width="{picwidth}" height="{picheight}" alt="{title}" />
     </a>
     <a href="home.php?mod=space&uid={authorid}"{target} class="zz_flist_author">
        <img src="{avatar_middle}" class="zz_flist_author_pic" alt="{title}" />
        <span class="zz_flist_author_name">{author}</span>
     </a>
     <div class="zz_flist_title">
          <a href="{url}" title="{title}"{target}>{title}</a>
     </div>
</li>]]></item>
					</item>
					<item id="hash"><![CDATA[68bae02b]]></item>
				</item>
				<item id="picwidth"><![CDATA[270]]></item>
				<item id="picheight"><![CDATA[150]]></item>
				<item id="target"><![CDATA[blank]]></item>
				<item id="dateformat"><![CDATA[Y-m-d]]></item>
				<item id="dateuformat"><![CDATA[0]]></item>
				<item id="script"><![CDATA[thread]]></item>
				<item id="param">
					<item id="tids"><![CDATA[]]></item>
					<item id="uids"><![CDATA[]]></item>
					<item id="keyword"><![CDATA[]]></item>
					<item id="tagkeyword"><![CDATA[]]></item>
					<item id="fids">
						<item id="0"><![CDATA[0]]></item>
					</item>
					<item id="typeids"><![CDATA[]]></item>
					<item id="recommend"><![CDATA[0]]></item>
					<item id="special">
						<item id="0"><![CDATA[0]]></item>
					</item>
					<item id="viewmod"><![CDATA[0]]></item>
					<item id="rewardstatus"><![CDATA[0]]></item>
					<item id="picrequired"><![CDATA[1]]></item>
					<item id="postdateline"><![CDATA[0]]></item>
					<item id="lastpost"><![CDATA[0]]></item>
					<item id="highlight"><![CDATA[0]]></item>
					<item id="titlelength"><![CDATA[40]]></item>
					<item id="summarylength"><![CDATA[80]]></item>
					<item id="startrow"><![CDATA[0]]></item>
					<item id="items"><![CDATA[3]]></item>
					<item id="aids"><![CDATA[]]></item>
					<item id="catid">
						<item id="0"><![CDATA[0]]></item>
					</item>
					<item id="starttime"><![CDATA[]]></item>
					<item id="endtime"><![CDATA[]]></item>
					<item id="orderby"><![CDATA[viewnum]]></item>
					<item id="publishdateline"><![CDATA[0]]></item>
				</item>
				<item id="shownum"><![CDATA[3]]></item>
				<item id="cachetime"><![CDATA[300]]></item>
				<item id="cachetimerange"><![CDATA[]]></item>
				<item id="punctualupdate"><![CDATA[1]]></item>
				<item id="hidedisplay"><![CDATA[0]]></item>
				<item id="dateline"><![CDATA[1586143933]]></item>
				<item id="notinherited"><![CDATA[0]]></item>
				<item id="isblank"><![CDATA[0]]></item>
			</item>
			<item id="1350">
				<item id="bid"><![CDATA[1350]]></item>
				<item id="blockclass"><![CDATA[forum_thread]]></item>
				<item id="blocktype"><![CDATA[0]]></item>
				<item id="name"><![CDATA[门户首页热门活动]]></item>
				<item id="title"><![CDATA[]]></item>
				<item id="classname"><![CDATA[cl_block_bm]]></item>
				<item id="summary"><![CDATA[]]></item>
				<item id="uid"><![CDATA[1]]></item>
				<item id="username"><![CDATA[admin]]></item>
				<item id="styleid"><![CDATA[0]]></item>
				<item id="blockstyle">
					<item id="name"><![CDATA[]]></item>
					<item id="blockclass"><![CDATA[forum_thread]]></item>
					<item id="makethumb"><![CDATA[1]]></item>
					<item id="getpic"><![CDATA[1]]></item>
					<item id="getsummary"><![CDATA[0]]></item>
					<item id="settarget"><![CDATA[1]]></item>
					<item id="moreurl"><![CDATA[0]]></item>
					<item id="fields">
						<item id="0"><![CDATA[currentorder]]></item>
						<item id="1"><![CDATA[url]]></item>
						<item id="2"><![CDATA[pic]]></item>
						<item id="3"><![CDATA[title]]></item>
						<item id="4"><![CDATA[dateline]]></item>
					</item>
					<item id="template">
						<item id="raw"><![CDATA[<div class="zz_fun_title cl"><span class="line"></span>热门文章</div>
<div class="zz_hot_imglist p20 cl">
<ul class="cl">
[loop]
<li class="zz_li_num{currentorder}">
	<div class="zz_imglist_l cl">
	     <a href="{url}"{target}>
		     <img src="{pic}" width="{picwidth}" height="{picheight}" alt="{title}" />
		 </a>
	</div>
	<div class="zz_imglist_r cl">
	    <div class="zz_imglist_title"><a href="{url}"{target} title="{title}">{title}</a></div>
	    <p>{dateline}</p>
	</div>
</li>
[/loop]
</ul>
</div>]]></item>
						<item id="footer"><![CDATA[]]></item>
						<item id="header"><![CDATA[]]></item>
						<item id="indexplus">
						</item>
						<item id="index">
						</item>
						<item id="orderplus">
						</item>
						<item id="order">
						</item>
						<item id="loopplus">
						</item>
						<item id="loop"><![CDATA[<li class="zz_li_num{currentorder}">
	<div class="zz_imglist_l cl">
	     <a href="{url}"{target}>
		     <img src="{pic}" width="{picwidth}" height="{picheight}" alt="{title}" />
		 </a>
	</div>
	<div class="zz_imglist_r cl">
	    <div class="zz_imglist_title"><a href="{url}"{target} title="{title}">{title}</a></div>
	    <p>{dateline}</p>
	</div>
</li>]]></item>
					</item>
					<item id="hash"><![CDATA[c80814fd]]></item>
				</item>
				<item id="picwidth"><![CDATA[100]]></item>
				<item id="picheight"><![CDATA[70]]></item>
				<item id="target"><![CDATA[blank]]></item>
				<item id="dateformat"><![CDATA[Y-m-d]]></item>
				<item id="dateuformat"><![CDATA[0]]></item>
				<item id="script"><![CDATA[thread]]></item>
				<item id="param">
					<item id="tids"><![CDATA[]]></item>
					<item id="uids"><![CDATA[]]></item>
					<item id="keyword"><![CDATA[]]></item>
					<item id="tagkeyword"><![CDATA[]]></item>
					<item id="fids">
						<item id="0"><![CDATA[0]]></item>
					</item>
					<item id="typeids"><![CDATA[]]></item>
					<item id="recommend"><![CDATA[0]]></item>
					<item id="special">
						<item id="0"><![CDATA[0]]></item>
					</item>
					<item id="viewmod"><![CDATA[0]]></item>
					<item id="rewardstatus"><![CDATA[0]]></item>
					<item id="picrequired"><![CDATA[1]]></item>
					<item id="orderby"><![CDATA[replies]]></item>
					<item id="postdateline"><![CDATA[0]]></item>
					<item id="lastpost"><![CDATA[0]]></item>
					<item id="highlight"><![CDATA[0]]></item>
					<item id="titlelength"><![CDATA[40]]></item>
					<item id="summarylength"><![CDATA[80]]></item>
					<item id="startrow"><![CDATA[0]]></item>
					<item id="items"><![CDATA[5]]></item>
				</item>
				<item id="shownum"><![CDATA[5]]></item>
				<item id="cachetime"><![CDATA[300]]></item>
				<item id="cachetimerange"><![CDATA[]]></item>
				<item id="punctualupdate"><![CDATA[1]]></item>
				<item id="hidedisplay"><![CDATA[0]]></item>
				<item id="dateline"><![CDATA[1586143933]]></item>
				<item id="notinherited"><![CDATA[0]]></item>
				<item id="isblank"><![CDATA[0]]></item>
			</item>
			<item id="1351">
				<item id="bid"><![CDATA[1351]]></item>
				<item id="blockclass"><![CDATA[forum_thread]]></item>
				<item id="blocktype"><![CDATA[0]]></item>
				<item id="name"><![CDATA[门户首页幻灯]]></item>
				<item id="title"><![CDATA[]]></item>
				<item id="classname"><![CDATA[cl_block_bm]]></item>
				<item id="summary"><![CDATA[]]></item>
				<item id="uid"><![CDATA[1]]></item>
				<item id="username"><![CDATA[admin]]></item>
				<item id="styleid"><![CDATA[0]]></item>
				<item id="blockstyle">
					<item id="name"><![CDATA[]]></item>
					<item id="blockclass"><![CDATA[forum_thread]]></item>
					<item id="makethumb"><![CDATA[1]]></item>
					<item id="getpic"><![CDATA[1]]></item>
					<item id="getsummary"><![CDATA[0]]></item>
					<item id="settarget"><![CDATA[1]]></item>
					<item id="moreurl"><![CDATA[0]]></item>
					<item id="fields">
						<item id="0"><![CDATA[url]]></item>
						<item id="1"><![CDATA[pic]]></item>
						<item id="2"><![CDATA[title]]></item>
					</item>
					<item id="template">
						<item id="raw"><![CDATA[<div class="zz_slide_main"> 
<div class="slidebox cl">
    <div class="slide_cc cl">
	    <ul class="slideshow">
           [loop]
            <li style="width: {picwidth}px; height: {picheight}px;">
			    <a href="{url}"{target}>
				    <img src="{pic}" width="{picwidth}" height="{picheight}" />
				    <span class="title"><p>{title}</p></span>
				</a>
			</li>
           [/loop]
        </ul>
	</div>
    <div class="zz_slide_btn">
        <a class="slidebarup" href="javascript:;">&lsaquo;</a>
        <a class="slidebardown" href="javascript:;">&rsaquo;</a>
    </div>
</div>
</div>
<script type="text/javascript">
runslideshow();
</script>]]></item>
						<item id="footer"><![CDATA[]]></item>
						<item id="header"><![CDATA[]]></item>
						<item id="indexplus"><![CDATA[
						]]></item>
						<item id="index"><![CDATA[
						]]></item>
						<item id="orderplus"><![CDATA[
						]]></item>
						<item id="order"><![CDATA[
						]]></item>
						<item id="loopplus"><![CDATA[
						]]></item>
						<item id="loop"><![CDATA[<li style="width: {picwidth}px; height: {picheight}px;">
			    <a href="{url}"{target}>
				    <img src="{pic}" width="{picwidth}" height="{picheight}" />
				    <span class="title"><p>{title}</p></span>
				</a>
			</li>]]></item>
					</item>
					<item id="hash"><![CDATA[ffb90fa3]]></item>
				</item>
				<item id="picwidth"><![CDATA[798]]></item>
				<item id="picheight"><![CDATA[340]]></item>
				<item id="target"><![CDATA[blank]]></item>
				<item id="dateformat"><![CDATA[Y-m-d]]></item>
				<item id="dateuformat"><![CDATA[0]]></item>
				<item id="script"><![CDATA[thread]]></item>
				<item id="param">
					<item id="tids"><![CDATA[]]></item>
					<item id="uids"><![CDATA[]]></item>
					<item id="keyword"><![CDATA[]]></item>
					<item id="tagkeyword"><![CDATA[]]></item>
					<item id="fids">
						<item id="0"><![CDATA[0]]></item>
					</item>
					<item id="typeids"><![CDATA[]]></item>
					<item id="recommend"><![CDATA[0]]></item>
					<item id="special">
						<item id="0"><![CDATA[0]]></item>
					</item>
					<item id="viewmod"><![CDATA[0]]></item>
					<item id="rewardstatus"><![CDATA[0]]></item>
					<item id="picrequired"><![CDATA[1]]></item>
					<item id="orderby"><![CDATA[lastpost]]></item>
					<item id="postdateline"><![CDATA[0]]></item>
					<item id="lastpost"><![CDATA[0]]></item>
					<item id="highlight"><![CDATA[0]]></item>
					<item id="titlelength"><![CDATA[40]]></item>
					<item id="summarylength"><![CDATA[80]]></item>
					<item id="startrow"><![CDATA[0]]></item>
					<item id="items"><![CDATA[3]]></item>
					<item id="bannedids"><![CDATA[105,123,56,112,132,106,58]]></item>
				</item>
				<item id="shownum"><![CDATA[3]]></item>
				<item id="cachetime"><![CDATA[300]]></item>
				<item id="cachetimerange"><![CDATA[]]></item>
				<item id="punctualupdate"><![CDATA[1]]></item>
				<item id="hidedisplay"><![CDATA[0]]></item>
				<item id="dateline"><![CDATA[1586143934]]></item>
				<item id="notinherited"><![CDATA[0]]></item>
				<item id="isblank"><![CDATA[0]]></item>
			</item>
			<item id="1352">
				<item id="bid"><![CDATA[1352]]></item>
				<item id="blockclass"><![CDATA[forum_thread]]></item>
				<item id="blocktype"><![CDATA[0]]></item>
				<item id="name"><![CDATA[zz_plist2]]></item>
				<item id="title"><![CDATA[]]></item>
				<item id="classname"><![CDATA[cl_block_bm]]></item>
				<item id="summary"><![CDATA[]]></item>
				<item id="uid"><![CDATA[1]]></item>
				<item id="username"><![CDATA[admin]]></item>
				<item id="styleid"><![CDATA[0]]></item>
				<item id="blockstyle">
					<item id="name"><![CDATA[]]></item>
					<item id="blockclass"><![CDATA[forum_thread]]></item>
					<item id="makethumb"><![CDATA[1]]></item>
					<item id="getpic"><![CDATA[1]]></item>
					<item id="getsummary"><![CDATA[1]]></item>
					<item id="settarget"><![CDATA[1]]></item>
					<item id="moreurl"><![CDATA[0]]></item>
					<item id="fields">
						<item id="0"><![CDATA[currentorder]]></item>
						<item id="1"><![CDATA[url]]></item>
						<item id="2"><![CDATA[title]]></item>
						<item id="3"><![CDATA[pic]]></item>
						<item id="4"><![CDATA[summary]]></item>
						<item id="5"><![CDATA[authorid]]></item>
						<item id="6"><![CDATA[author]]></item>
						<item id="7"><![CDATA[avatar]]></item>
						<item id="8"><![CDATA[forumurl]]></item>
						<item id="9"><![CDATA[forumname]]></item>
						<item id="10"><![CDATA[dateline]]></item>
						<item id="11"><![CDATA[replies]]></item>
						<item id="12"><![CDATA[views]]></item>
					</item>
					<item id="template">
						<item id="raw"><![CDATA[<ul class="zz_threads_list">
[loop]
<li class="zz_list_item zz_item{currentorder} cl">
	<div class="zz_item_pic">
		<a href="{url}"{target} title="{title}">
		   <img src="{pic}" width="{picwidth}" height="{picheight}" alt="{title}" />
        </a>
	</div>
   
   <div class="zz_item_content">
	   <div class="zz_item_title"><a href="{url}"{target} title="{title}">{title}</a></div>
       <p class="zz_item_desc">{summary}...</p>  
	   <div class="zz_item_info">          
	       <span class="zz_item_info_a"><a href="home.php?mod=space&uid={authorid}"{target} title="{author}"><img src="{avatar}" alt="{author}"/>{author}</a></span>
           <span class="pipe">|</span>
		   <span class="zz_item_info_a"><a href="{forumurl}"{target} title="{forumname}">{forumname}</a></span> 
          <span class="zz_item_info_d">{dateline}</span>        
           <span class="zz_item_info_r">{replies}</span>
           <span class="zz_item_info_v">{views}</span> 
       </div>
  </div>
</li>
[/loop]
</ul>]]></item>
						<item id="footer"><![CDATA[]]></item>
						<item id="header"><![CDATA[]]></item>
						<item id="indexplus">
						</item>
						<item id="index">
						</item>
						<item id="orderplus">
						</item>
						<item id="order">
						</item>
						<item id="loopplus">
						</item>
						<item id="loop"><![CDATA[<li class="zz_list_item zz_item{currentorder} cl">
	<div class="zz_item_pic">
		<a href="{url}"{target} title="{title}">
		   <img src="{pic}" width="{picwidth}" height="{picheight}" alt="{title}" />
        </a>
	</div>
   
   <div class="zz_item_content">
	   <div class="zz_item_title"><a href="{url}"{target} title="{title}">{title}</a></div>
       <p class="zz_item_desc">{summary}...</p>  
	   <div class="zz_item_info">          
	       <span class="zz_item_info_a"><a href="home.php?mod=space&uid={authorid}"{target} title="{author}"><img src="{avatar}" alt="{author}"/>{author}</a></span>
           <span class="pipe">|</span>
		   <span class="zz_item_info_a"><a href="{forumurl}"{target} title="{forumname}">{forumname}</a></span> 
          <span class="zz_item_info_d">{dateline}</span>        
           <span class="zz_item_info_r">{replies}</span>
           <span class="zz_item_info_v">{views}</span> 
       </div>
  </div>
</li>]]></item>
					</item>
					<item id="hash"><![CDATA[fddc0587]]></item>
				</item>
				<item id="picwidth"><![CDATA[200]]></item>
				<item id="picheight"><![CDATA[135]]></item>
				<item id="target"><![CDATA[blank]]></item>
				<item id="dateformat"><![CDATA[Y-m-d]]></item>
				<item id="dateuformat"><![CDATA[0]]></item>
				<item id="script"><![CDATA[thread]]></item>
				<item id="param">
					<item id="tids"><![CDATA[]]></item>
					<item id="uids"><![CDATA[]]></item>
					<item id="keyword"><![CDATA[]]></item>
					<item id="tagkeyword"><![CDATA[]]></item>
					<item id="fids">
						<item id="0"><![CDATA[0]]></item>
					</item>
					<item id="typeids"><![CDATA[]]></item>
					<item id="recommend"><![CDATA[0]]></item>
					<item id="special">
						<item id="0"><![CDATA[0]]></item>
					</item>
					<item id="viewmod"><![CDATA[0]]></item>
					<item id="rewardstatus"><![CDATA[0]]></item>
					<item id="picrequired"><![CDATA[1]]></item>
					<item id="orderby"><![CDATA[dateline]]></item>
					<item id="postdateline"><![CDATA[0]]></item>
					<item id="lastpost"><![CDATA[0]]></item>
					<item id="highlight"><![CDATA[0]]></item>
					<item id="titlelength"><![CDATA[40]]></item>
					<item id="summarylength"><![CDATA[120]]></item>
					<item id="startrow"><![CDATA[0]]></item>
					<item id="items"><![CDATA[16]]></item>
				</item>
				<item id="shownum"><![CDATA[16]]></item>
				<item id="cachetime"><![CDATA[300]]></item>
				<item id="cachetimerange"><![CDATA[]]></item>
				<item id="punctualupdate"><![CDATA[1]]></item>
				<item id="hidedisplay"><![CDATA[0]]></item>
				<item id="dateline"><![CDATA[1586143934]]></item>
				<item id="notinherited"><![CDATA[0]]></item>
				<item id="isblank"><![CDATA[0]]></item>
			</item>
			<item id="1353">
				<item id="bid"><![CDATA[1353]]></item>
				<item id="blockclass"><![CDATA[forum_thread]]></item>
				<item id="blocktype"><![CDATA[0]]></item>
				<item id="name"><![CDATA[zz_plist3]]></item>
				<item id="title"><![CDATA[]]></item>
				<item id="classname"><![CDATA[cl_block_bm]]></item>
				<item id="summary"><![CDATA[]]></item>
				<item id="uid"><![CDATA[1]]></item>
				<item id="username"><![CDATA[admin]]></item>
				<item id="styleid"><![CDATA[0]]></item>
				<item id="blockstyle">
					<item id="name"><![CDATA[]]></item>
					<item id="blockclass"><![CDATA[forum_thread]]></item>
					<item id="makethumb"><![CDATA[1]]></item>
					<item id="getpic"><![CDATA[1]]></item>
					<item id="getsummary"><![CDATA[1]]></item>
					<item id="settarget"><![CDATA[1]]></item>
					<item id="moreurl"><![CDATA[0]]></item>
					<item id="fields">
						<item id="0"><![CDATA[currentorder]]></item>
						<item id="1"><![CDATA[url]]></item>
						<item id="2"><![CDATA[title]]></item>
						<item id="3"><![CDATA[pic]]></item>
						<item id="4"><![CDATA[summary]]></item>
						<item id="5"><![CDATA[authorid]]></item>
						<item id="6"><![CDATA[author]]></item>
						<item id="7"><![CDATA[avatar]]></item>
						<item id="8"><![CDATA[forumurl]]></item>
						<item id="9"><![CDATA[forumname]]></item>
						<item id="10"><![CDATA[dateline]]></item>
						<item id="11"><![CDATA[replies]]></item>
						<item id="12"><![CDATA[views]]></item>
					</item>
					<item id="template">
						<item id="raw"><![CDATA[<ul class="zz_threads_list">
[loop]
<li class="zz_list_item zz_item{currentorder} cl">
	<div class="zz_item_pic">
		<a href="{url}"{target} title="{title}">
		   <img src="{pic}" width="{picwidth}" height="{picheight}" alt="{title}" />
        </a>
	</div>
   
   <div class="zz_item_content">
	   <div class="zz_item_title"><a href="{url}"{target} title="{title}">{title}</a></div>
       <p class="zz_item_desc">{summary}...</p>  
	   <div class="zz_item_info">          
	       <span class="zz_item_info_a"><a href="home.php?mod=space&uid={authorid}"{target} title="{author}"><img src="{avatar}" alt="{author}"/>{author}</a></span>
           <span class="pipe">|</span>
		   <span class="zz_item_info_a"><a href="{forumurl}"{target} title="{forumname}">{forumname}</a></span> 
          <span class="zz_item_info_d">{dateline}</span>        
           <span class="zz_item_info_r">{replies}</span>
           <span class="zz_item_info_v">{views}</span> 
       </div>
  </div>
</li>
[/loop]
</ul>]]></item>
						<item id="footer"><![CDATA[]]></item>
						<item id="header"><![CDATA[]]></item>
						<item id="indexplus">
						</item>
						<item id="index">
						</item>
						<item id="orderplus">
						</item>
						<item id="order">
						</item>
						<item id="loopplus">
						</item>
						<item id="loop"><![CDATA[<li class="zz_list_item zz_item{currentorder} cl">
	<div class="zz_item_pic">
		<a href="{url}"{target} title="{title}">
		   <img src="{pic}" width="{picwidth}" height="{picheight}" alt="{title}" />
        </a>
	</div>
   
   <div class="zz_item_content">
	   <div class="zz_item_title"><a href="{url}"{target} title="{title}">{title}</a></div>
       <p class="zz_item_desc">{summary}...</p>  
	   <div class="zz_item_info">          
	       <span class="zz_item_info_a"><a href="home.php?mod=space&uid={authorid}"{target} title="{author}"><img src="{avatar}" alt="{author}"/>{author}</a></span>
           <span class="pipe">|</span>
		   <span class="zz_item_info_a"><a href="{forumurl}"{target} title="{forumname}">{forumname}</a></span> 
          <span class="zz_item_info_d">{dateline}</span>        
           <span class="zz_item_info_r">{replies}</span>
           <span class="zz_item_info_v">{views}</span> 
       </div>
  </div>
</li>]]></item>
					</item>
					<item id="hash"><![CDATA[fddc0587]]></item>
				</item>
				<item id="picwidth"><![CDATA[200]]></item>
				<item id="picheight"><![CDATA[135]]></item>
				<item id="target"><![CDATA[blank]]></item>
				<item id="dateformat"><![CDATA[Y-m-d]]></item>
				<item id="dateuformat"><![CDATA[0]]></item>
				<item id="script"><![CDATA[thread]]></item>
				<item id="param">
					<item id="tids"><![CDATA[]]></item>
					<item id="uids"><![CDATA[]]></item>
					<item id="keyword"><![CDATA[]]></item>
					<item id="tagkeyword"><![CDATA[]]></item>
					<item id="fids">
						<item id="0"><![CDATA[0]]></item>
					</item>
					<item id="typeids"><![CDATA[]]></item>
					<item id="recommend"><![CDATA[0]]></item>
					<item id="special">
						<item id="0"><![CDATA[0]]></item>
					</item>
					<item id="viewmod"><![CDATA[0]]></item>
					<item id="rewardstatus"><![CDATA[0]]></item>
					<item id="picrequired"><![CDATA[1]]></item>
					<item id="orderby"><![CDATA[replies]]></item>
					<item id="postdateline"><![CDATA[0]]></item>
					<item id="lastpost"><![CDATA[0]]></item>
					<item id="highlight"><![CDATA[0]]></item>
					<item id="titlelength"><![CDATA[40]]></item>
					<item id="summarylength"><![CDATA[120]]></item>
					<item id="startrow"><![CDATA[0]]></item>
					<item id="items"><![CDATA[16]]></item>
				</item>
				<item id="shownum"><![CDATA[16]]></item>
				<item id="cachetime"><![CDATA[300]]></item>
				<item id="cachetimerange"><![CDATA[]]></item>
				<item id="punctualupdate"><![CDATA[1]]></item>
				<item id="hidedisplay"><![CDATA[0]]></item>
				<item id="dateline"><![CDATA[1586143934]]></item>
				<item id="notinherited"><![CDATA[0]]></item>
				<item id="isblank"><![CDATA[0]]></item>
			</item>
			<item id="1354">
				<item id="bid"><![CDATA[1354]]></item>
				<item id="blockclass"><![CDATA[forum_thread]]></item>
				<item id="blocktype"><![CDATA[0]]></item>
				<item id="name"><![CDATA[zz_plist4]]></item>
				<item id="title"><![CDATA[]]></item>
				<item id="classname"><![CDATA[cl_block_bm]]></item>
				<item id="summary"><![CDATA[]]></item>
				<item id="uid"><![CDATA[1]]></item>
				<item id="username"><![CDATA[admin]]></item>
				<item id="styleid"><![CDATA[0]]></item>
				<item id="blockstyle">
					<item id="name"><![CDATA[]]></item>
					<item id="blockclass"><![CDATA[forum_thread]]></item>
					<item id="makethumb"><![CDATA[1]]></item>
					<item id="getpic"><![CDATA[1]]></item>
					<item id="getsummary"><![CDATA[1]]></item>
					<item id="settarget"><![CDATA[1]]></item>
					<item id="moreurl"><![CDATA[0]]></item>
					<item id="fields">
						<item id="0"><![CDATA[currentorder]]></item>
						<item id="1"><![CDATA[url]]></item>
						<item id="2"><![CDATA[title]]></item>
						<item id="3"><![CDATA[pic]]></item>
						<item id="4"><![CDATA[summary]]></item>
						<item id="5"><![CDATA[authorid]]></item>
						<item id="6"><![CDATA[author]]></item>
						<item id="7"><![CDATA[avatar]]></item>
						<item id="8"><![CDATA[forumurl]]></item>
						<item id="9"><![CDATA[forumname]]></item>
						<item id="10"><![CDATA[dateline]]></item>
						<item id="11"><![CDATA[replies]]></item>
						<item id="12"><![CDATA[views]]></item>
					</item>
					<item id="template">
						<item id="raw"><![CDATA[<ul class="zz_threads_list">
[loop]
<li class="zz_list_item zz_item{currentorder} cl">
	<div class="zz_item_pic">
		<a href="{url}"{target} title="{title}">
		   <img src="{pic}" width="{picwidth}" height="{picheight}" alt="{title}" />
        </a>
	</div>
   
   <div class="zz_item_content">
	   <div class="zz_item_title"><a href="{url}"{target} title="{title}">{title}</a></div>
       <p class="zz_item_desc">{summary}...</p>  
	   <div class="zz_item_info">          
	       <span class="zz_item_info_a"><a href="home.php?mod=space&uid={authorid}"{target} title="{author}"><img src="{avatar}" alt="{author}"/>{author}</a></span>
           <span class="pipe">|</span>
		   <span class="zz_item_info_a"><a href="{forumurl}"{target} title="{forumname}">{forumname}</a></span> 
          <span class="zz_item_info_d">{dateline}</span>        
           <span class="zz_item_info_r">{replies}</span>
           <span class="zz_item_info_v">{views}</span> 
       </div>
  </div>
</li>
[/loop]
</ul>]]></item>
						<item id="footer"><![CDATA[]]></item>
						<item id="header"><![CDATA[]]></item>
						<item id="indexplus">
						</item>
						<item id="index">
						</item>
						<item id="orderplus">
						</item>
						<item id="order">
						</item>
						<item id="loopplus">
						</item>
						<item id="loop"><![CDATA[<li class="zz_list_item zz_item{currentorder} cl">
	<div class="zz_item_pic">
		<a href="{url}"{target} title="{title}">
		   <img src="{pic}" width="{picwidth}" height="{picheight}" alt="{title}" />
        </a>
	</div>
   
   <div class="zz_item_content">
	   <div class="zz_item_title"><a href="{url}"{target} title="{title}">{title}</a></div>
       <p class="zz_item_desc">{summary}...</p>  
	   <div class="zz_item_info">          
	       <span class="zz_item_info_a"><a href="home.php?mod=space&uid={authorid}"{target} title="{author}"><img src="{avatar}" alt="{author}"/>{author}</a></span>
           <span class="pipe">|</span>
		   <span class="zz_item_info_a"><a href="{forumurl}"{target} title="{forumname}">{forumname}</a></span> 
          <span class="zz_item_info_d">{dateline}</span>        
           <span class="zz_item_info_r">{replies}</span>
           <span class="zz_item_info_v">{views}</span> 
       </div>
  </div>
</li>]]></item>
					</item>
					<item id="hash"><![CDATA[fddc0587]]></item>
				</item>
				<item id="picwidth"><![CDATA[200]]></item>
				<item id="picheight"><![CDATA[135]]></item>
				<item id="target"><![CDATA[blank]]></item>
				<item id="dateformat"><![CDATA[Y-m-d]]></item>
				<item id="dateuformat"><![CDATA[0]]></item>
				<item id="script"><![CDATA[thread]]></item>
				<item id="param">
					<item id="tids"><![CDATA[]]></item>
					<item id="uids"><![CDATA[]]></item>
					<item id="keyword"><![CDATA[]]></item>
					<item id="tagkeyword"><![CDATA[]]></item>
					<item id="fids">
						<item id="0"><![CDATA[0]]></item>
					</item>
					<item id="typeids"><![CDATA[]]></item>
					<item id="recommend"><![CDATA[0]]></item>
					<item id="special">
						<item id="0"><![CDATA[0]]></item>
					</item>
					<item id="viewmod"><![CDATA[0]]></item>
					<item id="rewardstatus"><![CDATA[0]]></item>
					<item id="picrequired"><![CDATA[1]]></item>
					<item id="orderby"><![CDATA[views]]></item>
					<item id="postdateline"><![CDATA[0]]></item>
					<item id="lastpost"><![CDATA[0]]></item>
					<item id="highlight"><![CDATA[0]]></item>
					<item id="titlelength"><![CDATA[40]]></item>
					<item id="summarylength"><![CDATA[120]]></item>
					<item id="startrow"><![CDATA[0]]></item>
					<item id="items"><![CDATA[16]]></item>
				</item>
				<item id="shownum"><![CDATA[16]]></item>
				<item id="cachetime"><![CDATA[300]]></item>
				<item id="cachetimerange"><![CDATA[]]></item>
				<item id="punctualupdate"><![CDATA[1]]></item>
				<item id="hidedisplay"><![CDATA[0]]></item>
				<item id="dateline"><![CDATA[1586143934]]></item>
				<item id="notinherited"><![CDATA[0]]></item>
				<item id="isblank"><![CDATA[0]]></item>
			</item>
		</item>
		<item id="style">
		</item>
	</item>
</root>