<?xml version="1.0" encoding="ISO-8859-1"?>
<root>
	<item id="spacecss"><![CDATA[]]></item>
	<item id="layoutdata">
		<item id="diy1">
			<item id="frame`frameDG2dpW">
				<item id="attr">
					<item id="name"><![CDATA[frameDG2dpW]]></item>
					<item id="moveable"><![CDATA[true]]></item>
					<item id="className"><![CDATA[frame move-span cl frame-1]]></item>
					<item id="titles"><![CDATA[]]></item>
				</item>
				<item id="column`frameDG2dpW_left">
					<item id="attr">
						<item id="name"><![CDATA[frameDG2dpW_left]]></item>
						<item id="className"><![CDATA[column frame-1-c]]></item>
					</item>
					<item id="block`portal_block_43">
						<item id="attr">
							<item id="name"><![CDATA[portal_block_43]]></item>
							<item id="className"><![CDATA[block move-span]]></item>
							<item id="titles"><![CDATA[]]></item>
						</item>
					</item>
				</item>
			</item>
		</item>
		<item id="diy2">
			<item id="frame`framelM8BZc">
				<item id="attr">
					<item id="name"><![CDATA[framelM8BZc]]></item>
					<item id="moveable"><![CDATA[true]]></item>
					<item id="className"><![CDATA[frame move-span cl frame-1]]></item>
					<item id="titles"><![CDATA[]]></item>
				</item>
				<item id="column`framelM8BZc_left">
					<item id="attr">
						<item id="name"><![CDATA[framelM8BZc_left]]></item>
						<item id="className"><![CDATA[column frame-1-c]]></item>
					</item>
					<item id="block`portal_block_44">
						<item id="attr">
							<item id="name"><![CDATA[portal_block_44]]></item>
							<item id="className"><![CDATA[block move-span]]></item>
							<item id="titles"><![CDATA[]]></item>
						</item>
					</item>
				</item>
			</item>
		</item>
		<item id="diy3">
			<item id="frame`frameN3zQR7">
				<item id="attr">
					<item id="name"><![CDATA[frameN3zQR7]]></item>
					<item id="moveable"><![CDATA[true]]></item>
					<item id="className"><![CDATA[frame move-span cl frame-1]]></item>
					<item id="titles"><![CDATA[]]></item>
				</item>
				<item id="column`frameN3zQR7_left">
					<item id="attr">
						<item id="name"><![CDATA[frameN3zQR7_left]]></item>
						<item id="className"><![CDATA[column frame-1-c]]></item>
					</item>
					<item id="block`portal_block_45">
						<item id="attr">
							<item id="name"><![CDATA[portal_block_45]]></item>
							<item id="className"><![CDATA[block move-span]]></item>
							<item id="titles"><![CDATA[]]></item>
						</item>
					</item>
				</item>
			</item>
		</item>
		<item id="deanddlist">
			<item id="frame`frameQd8dH9">
				<item id="attr">
					<item id="name"><![CDATA[frameQd8dH9]]></item>
					<item id="moveable"><![CDATA[true]]></item>
					<item id="className"><![CDATA[frame move-span cl frame-1]]></item>
					<item id="titles"><![CDATA[]]></item>
				</item>
				<item id="column`frameQd8dH9_left">
					<item id="attr">
						<item id="name"><![CDATA[frameQd8dH9_left]]></item>
						<item id="className"><![CDATA[column frame-1-c]]></item>
					</item>
					<item id="block`portal_block_46">
						<item id="attr">
							<item id="name"><![CDATA[portal_block_46]]></item>
							<item id="className"><![CDATA[block move-span]]></item>
							<item id="titles"><![CDATA[]]></item>
						</item>
					</item>
				</item>
			</item>
		</item>
		<item id="deanddlist1">
			<item id="frame`frameJNBmMP">
				<item id="attr">
					<item id="name"><![CDATA[frameJNBmMP]]></item>
					<item id="moveable"><![CDATA[true]]></item>
					<item id="className"><![CDATA[frame move-span cl frame-1]]></item>
					<item id="titles"><![CDATA[]]></item>
				</item>
				<item id="column`frameJNBmMP_left">
					<item id="attr">
						<item id="name"><![CDATA[frameJNBmMP_left]]></item>
						<item id="className"><![CDATA[column frame-1-c]]></item>
					</item>
					<item id="block`portal_block_47">
						<item id="attr">
							<item id="name"><![CDATA[portal_block_47]]></item>
							<item id="className"><![CDATA[block move-span]]></item>
							<item id="titles"><![CDATA[]]></item>
						</item>
					</item>
				</item>
			</item>
		</item>
		<item id="deanddlist2">
			<item id="frame`framei7rfj9">
				<item id="attr">
					<item id="name"><![CDATA[framei7rfj9]]></item>
					<item id="moveable"><![CDATA[true]]></item>
					<item id="className"><![CDATA[frame move-span cl frame-1]]></item>
					<item id="titles"><![CDATA[]]></item>
				</item>
				<item id="column`framei7rfj9_left">
					<item id="attr">
						<item id="name"><![CDATA[framei7rfj9_left]]></item>
						<item id="className"><![CDATA[column frame-1-c]]></item>
					</item>
					<item id="block`portal_block_48">
						<item id="attr">
							<item id="name"><![CDATA[portal_block_48]]></item>
							<item id="className"><![CDATA[block move-span]]></item>
							<item id="titles"><![CDATA[]]></item>
						</item>
					</item>
				</item>
			</item>
		</item>
		<item id="deanddlist3">
			<item id="frame`framebkI9c6">
				<item id="attr">
					<item id="name"><![CDATA[framebkI9c6]]></item>
					<item id="moveable"><![CDATA[true]]></item>
					<item id="className"><![CDATA[frame move-span cl frame-1]]></item>
					<item id="titles"><![CDATA[]]></item>
				</item>
				<item id="column`framebkI9c6_left">
					<item id="attr">
						<item id="name"><![CDATA[framebkI9c6_left]]></item>
						<item id="className"><![CDATA[column frame-1-c]]></item>
					</item>
					<item id="block`portal_block_49">
						<item id="attr">
							<item id="name"><![CDATA[portal_block_49]]></item>
							<item id="className"><![CDATA[block move-span]]></item>
							<item id="titles"><![CDATA[]]></item>
						</item>
					</item>
				</item>
			</item>
		</item>
		<item id="deanddlist4">
			<item id="frame`framePP988F">
				<item id="attr">
					<item id="name"><![CDATA[framePP988F]]></item>
					<item id="moveable"><![CDATA[true]]></item>
					<item id="className"><![CDATA[frame move-span cl frame-1]]></item>
					<item id="titles"><![CDATA[]]></item>
				</item>
				<item id="column`framePP988F_left">
					<item id="attr">
						<item id="name"><![CDATA[framePP988F_left]]></item>
						<item id="className"><![CDATA[column frame-1-c]]></item>
					</item>
					<item id="block`portal_block_50">
						<item id="attr">
							<item id="name"><![CDATA[portal_block_50]]></item>
							<item id="className"><![CDATA[block move-span]]></item>
							<item id="titles"><![CDATA[]]></item>
						</item>
					</item>
				</item>
			</item>
		</item>
		<item id="deanddlist5">
			<item id="frame`framel5Annw">
				<item id="attr">
					<item id="name"><![CDATA[framel5Annw]]></item>
					<item id="moveable"><![CDATA[true]]></item>
					<item id="className"><![CDATA[frame move-span cl frame-1]]></item>
					<item id="titles"><![CDATA[]]></item>
				</item>
				<item id="column`framel5Annw_left">
					<item id="attr">
						<item id="name"><![CDATA[framel5Annw_left]]></item>
						<item id="className"><![CDATA[column frame-1-c]]></item>
					</item>
					<item id="block`portal_block_51">
						<item id="attr">
							<item id="name"><![CDATA[portal_block_51]]></item>
							<item id="className"><![CDATA[block move-span]]></item>
							<item id="titles"><![CDATA[]]></item>
						</item>
					</item>
				</item>
			</item>
		</item>
		<item id="diyry">
			<item id="frame`frameBJva72">
				<item id="attr">
					<item id="name"><![CDATA[frameBJva72]]></item>
					<item id="moveable"><![CDATA[true]]></item>
					<item id="className"><![CDATA[frame move-span cl frame-1]]></item>
					<item id="titles"><![CDATA[]]></item>
				</item>
				<item id="column`frameBJva72_left">
					<item id="attr">
						<item id="name"><![CDATA[frameBJva72_left]]></item>
						<item id="className"><![CDATA[column frame-1-c]]></item>
					</item>
					<item id="block`portal_block_52">
						<item id="attr">
							<item id="name"><![CDATA[portal_block_52]]></item>
							<item id="className"><![CDATA[block move-span]]></item>
							<item id="titles"><![CDATA[]]></item>
						</item>
					</item>
				</item>
			</item>
		</item>
		<item id="deanzp">
			<item id="frame`framev81gG5">
				<item id="attr">
					<item id="name"><![CDATA[framev81gG5]]></item>
					<item id="moveable"><![CDATA[true]]></item>
					<item id="className"><![CDATA[frame move-span cl frame-1]]></item>
					<item id="titles"><![CDATA[]]></item>
				</item>
				<item id="column`framev81gG5_left">
					<item id="attr">
						<item id="name"><![CDATA[framev81gG5_left]]></item>
						<item id="className"><![CDATA[column frame-1-c]]></item>
					</item>
					<item id="block`portal_block_53">
						<item id="attr">
							<item id="name"><![CDATA[portal_block_53]]></item>
							<item id="className"><![CDATA[block move-span]]></item>
							<item id="titles"><![CDATA[]]></item>
						</item>
					</item>
				</item>
			</item>
		</item>
	</item>
	<item id="blockdata">
		<item id="block">
			<item id="43">
				<item id="bid"><![CDATA[43]]></item>
				<item id="blockclass"><![CDATA[html_html]]></item>
				<item id="blocktype"><![CDATA[0]]></item>
				<item id="name"><![CDATA[公司介绍]]></item>
				<item id="title"><![CDATA[]]></item>
				<item id="classname"><![CDATA[]]></item>
				<item id="summary"><![CDATA[<div class="deangsc"><p>迪恩网络科技有限公司(Dean模板工作室)成立于08年，迄今已有五年web互联网开发实战经验，我们是一个专注于discuz模板制作和仿制以及企业网站建设优化的团队. </p>
                <p>公司的服务宗旨是："用心服务，创新产品！" </p>
<p>我们的商业客户数量超过5000家，模板超过7万站长使用；模板数量超过200套，包括定制模板以及我们的商业和免费模板。</p>
<img src="./template/dean_zx_170826/deancss/about/new.png" width="1120" style="padding:30px 0" />
                <div class="clear"></div>
<p>公司地址坐落于美丽的海滨城市威海市高区，旅游开发大厦12楼1206室。 </p>
<p>工作室成员4人，分别是1名美工，2名程序员，1名服务器系统维护人员。 </p>
<p>工作时间：每周一到周五工作日正常上班，早8:30-11：30，下午13:30-17:30，周六周日休息（如有业务均可以联系）</p>
				</div>
                <div class="clear"></div>
                
                <div class="deangsc" style="margin-top:15px;">
                	<p>杭州总部：Add: 浙江省杭州市西湖区古墩路99号浙商财富中心一号楼</p>
                    <p>广州分公司：Add: 广东省广州市越秀区中山三路33号中华广场b栋3301</p>
                </div>]]></item>
				<item id="uid"><![CDATA[1]]></item>
				<item id="username"><![CDATA[admin]]></item>
				<item id="styleid"><![CDATA[0]]></item>
				<item id="blockstyle"><![CDATA[]]></item>
				<item id="picwidth"><![CDATA[0]]></item>
				<item id="picheight"><![CDATA[0]]></item>
				<item id="target"><![CDATA[blank]]></item>
				<item id="dateformat"><![CDATA[Y-m-d]]></item>
				<item id="dateuformat"><![CDATA[0]]></item>
				<item id="script"><![CDATA[blank]]></item>
				<item id="param">
					<item id="content"><![CDATA[<div class=\"deangsc\"><p>迪恩网络科技有限公司(Dean模板工作室)成立于08年，迄今已有五年web互联网开发实战经验，我们是一个专注于discuz模板制作和仿制以及企业网站建设优化的团队. </p>
                <p>公司的服务宗旨是：\"用心服务，创新产品！\" </p>
<p>我们的商业客户数量超过5000家，模板超过7万站长使用；模板数量超过200套，包括定制模板以及我们的商业和免费模板。</p>
<img src=\"./template/dean_zx_170826/deancss/about/new.png\" width=\"1120\" style=\"padding:30px 0\" />
                <div class=\"clear\"></div>
<p>公司地址坐落于美丽的海滨城市威海市高区，旅游开发大厦12楼1206室。 </p>
<p>工作室成员4人，分别是1名美工，2名程序员，1名服务器系统维护人员。 </p>
<p>工作时间：每周一到周五工作日正常上班，早8:30-11：30，下午13:30-17:30，周六周日休息（如有业务均可以联系）</p>
				</div>
                <div class=\"clear\"></div>
                
                <div class=\"deangsc\" style=\"margin-top:15px;\">
                	<p>杭州总部：Add: 浙江省杭州市西湖区古墩路99号浙商财富中心一号楼</p>
                    <p>广州分公司：Add: 广东省广州市越秀区中山三路33号中华广场b栋3301</p>
                </div>]]></item>
					<item id="items"><![CDATA[10]]></item>
				</item>
				<item id="shownum"><![CDATA[10]]></item>
				<item id="cachetime"><![CDATA[0]]></item>
				<item id="cachetimerange"><![CDATA[0,0]]></item>
				<item id="punctualupdate"><![CDATA[0]]></item>
				<item id="hidedisplay"><![CDATA[0]]></item>
				<item id="dateline"><![CDATA[1504877769]]></item>
				<item id="notinherited"><![CDATA[0]]></item>
				<item id="isblank"><![CDATA[0]]></item>
			</item>
			<item id="44">
				<item id="bid"><![CDATA[44]]></item>
				<item id="blockclass"><![CDATA[html_html]]></item>
				<item id="blocktype"><![CDATA[0]]></item>
				<item id="name"><![CDATA[联系我们]]></item>
				<item id="title"><![CDATA[]]></item>
				<item id="classname"><![CDATA[]]></item>
				<item id="summary"><![CDATA[<dd>
                        	<div class="deandlicon1"></div>
                            <div class="clear"></div>
                            <span>客服电话</span>
                            <div class="clear"></div>
                            <b>400-808-9176 ( 7x24 )</b>
                        </dd>
                        <dd>
                        	<div class="deandlicon2"></div>
                            <div class="clear"></div>
                            <span>销售联系</span>
                            <div class="clear"></div>
                            <b>15562103797</b>
                        </dd>
                        <dd>
                        	<div class="deandlicon3"></div>
                            <div class="clear"></div>
                            <span>市场合作</span>
                            <div class="clear"></div>
                            <b>1589787930@qq.com</b>
                        </dd>
                        <dd>
                        	<div class="deandlicon4"></div>
                            <div class="clear"></div>
                            <span>技术支持</span>
                            <div class="clear"></div>
                            <b>1589787930@qq.com</b>
                        </dd>]]></item>
				<item id="uid"><![CDATA[1]]></item>
				<item id="username"><![CDATA[admin]]></item>
				<item id="styleid"><![CDATA[0]]></item>
				<item id="blockstyle"><![CDATA[]]></item>
				<item id="picwidth"><![CDATA[0]]></item>
				<item id="picheight"><![CDATA[0]]></item>
				<item id="target"><![CDATA[blank]]></item>
				<item id="dateformat"><![CDATA[Y-m-d]]></item>
				<item id="dateuformat"><![CDATA[0]]></item>
				<item id="script"><![CDATA[blank]]></item>
				<item id="param">
					<item id="content"><![CDATA[<dd>
                        	<div class=\"deandlicon1\"></div>
                            <div class=\"clear\"></div>
                            <span>客服电话</span>
                            <div class=\"clear\"></div>
                            <b>400-808-9176 ( 7x24 )</b>
                        </dd>
                        <dd>
                        	<div class=\"deandlicon2\"></div>
                            <div class=\"clear\"></div>
                            <span>销售联系</span>
                            <div class=\"clear\"></div>
                            <b>15562103797</b>
                        </dd>
                        <dd>
                        	<div class=\"deandlicon3\"></div>
                            <div class=\"clear\"></div>
                            <span>市场合作</span>
                            <div class=\"clear\"></div>
                            <b>1589787930@qq.com</b>
                        </dd>
                        <dd>
                        	<div class=\"deandlicon4\"></div>
                            <div class=\"clear\"></div>
                            <span>技术支持</span>
                            <div class=\"clear\"></div>
                            <b>1589787930@qq.com</b>
                        </dd>]]></item>
					<item id="items"><![CDATA[10]]></item>
				</item>
				<item id="shownum"><![CDATA[10]]></item>
				<item id="cachetime"><![CDATA[3600]]></item>
				<item id="cachetimerange"><![CDATA[]]></item>
				<item id="punctualupdate"><![CDATA[0]]></item>
				<item id="hidedisplay"><![CDATA[0]]></item>
				<item id="dateline"><![CDATA[1504877754]]></item>
				<item id="notinherited"><![CDATA[0]]></item>
				<item id="isblank"><![CDATA[0]]></item>
			</item>
			<item id="45">
				<item id="bid"><![CDATA[45]]></item>
				<item id="blockclass"><![CDATA[html_html]]></item>
				<item id="blocktype"><![CDATA[0]]></item>
				<item id="name"><![CDATA[联系方式]]></item>
				<item id="title"><![CDATA[]]></item>
				<item id="classname"><![CDATA[]]></item>
				<item id="summary"><![CDATA[<p>地址: 威海市高区旅游大厦1206室</p>
                            <p>电话: +15562103797</p>
                            <p>Email: 1589787930@qq.com</p>
                            <p>联系人：高经理</p>
                            <p>客户QQ：1589787930</p>]]></item>
				<item id="uid"><![CDATA[1]]></item>
				<item id="username"><![CDATA[admin]]></item>
				<item id="styleid"><![CDATA[0]]></item>
				<item id="blockstyle"><![CDATA[]]></item>
				<item id="picwidth"><![CDATA[0]]></item>
				<item id="picheight"><![CDATA[0]]></item>
				<item id="target"><![CDATA[blank]]></item>
				<item id="dateformat"><![CDATA[Y-m-d]]></item>
				<item id="dateuformat"><![CDATA[0]]></item>
				<item id="script"><![CDATA[blank]]></item>
				<item id="param">
					<item id="content"><![CDATA[<p>地址: 威海市高区旅游大厦1206室</p>
                            <p>电话: +15562103797</p>
                            <p>Email: 1589787930@qq.com</p>
                            <p>联系人：高经理</p>
                            <p>客户QQ：1589787930</p>]]></item>
					<item id="items"><![CDATA[10]]></item>
				</item>
				<item id="shownum"><![CDATA[10]]></item>
				<item id="cachetime"><![CDATA[0]]></item>
				<item id="cachetimerange"><![CDATA[0,0]]></item>
				<item id="punctualupdate"><![CDATA[0]]></item>
				<item id="hidedisplay"><![CDATA[0]]></item>
				<item id="dateline"><![CDATA[1504877754]]></item>
				<item id="notinherited"><![CDATA[0]]></item>
				<item id="isblank"><![CDATA[0]]></item>
			</item>
			<item id="46">
				<item id="bid"><![CDATA[46]]></item>
				<item id="blockclass"><![CDATA[html_html]]></item>
				<item id="blocktype"><![CDATA[0]]></item>
				<item id="name"><![CDATA[1]]></item>
				<item id="title"><![CDATA[]]></item>
				<item id="classname"><![CDATA[]]></item>
				<item id="summary"><![CDATA[<p>2014年度CEAC信息化培训认证管理办公室颁发
“国家信息化人才培养与职业技能鉴定示范单位”</p>]]></item>
				<item id="uid"><![CDATA[1]]></item>
				<item id="username"><![CDATA[admin]]></item>
				<item id="styleid"><![CDATA[0]]></item>
				<item id="blockstyle"><![CDATA[]]></item>
				<item id="picwidth"><![CDATA[0]]></item>
				<item id="picheight"><![CDATA[0]]></item>
				<item id="target"><![CDATA[blank]]></item>
				<item id="dateformat"><![CDATA[Y-m-d]]></item>
				<item id="dateuformat"><![CDATA[0]]></item>
				<item id="script"><![CDATA[blank]]></item>
				<item id="param">
					<item id="content"><![CDATA[<p>2014年度CEAC信息化培训认证管理办公室颁发
“国家信息化人才培养与职业技能鉴定示范单位”</p>
                             ]]></item>
					<item id="items"><![CDATA[10]]></item>
				</item>
				<item id="shownum"><![CDATA[10]]></item>
				<item id="cachetime"><![CDATA[3600]]></item>
				<item id="cachetimerange"><![CDATA[]]></item>
				<item id="punctualupdate"><![CDATA[0]]></item>
				<item id="hidedisplay"><![CDATA[0]]></item>
				<item id="dateline"><![CDATA[1504877753]]></item>
				<item id="notinherited"><![CDATA[0]]></item>
				<item id="isblank"><![CDATA[0]]></item>
			</item>
			<item id="47">
				<item id="bid"><![CDATA[47]]></item>
				<item id="blockclass"><![CDATA[html_html]]></item>
				<item id="blocktype"><![CDATA[0]]></item>
				<item id="name"><![CDATA[2]]></item>
				<item id="title"><![CDATA[]]></item>
				<item id="classname"><![CDATA[]]></item>
				<item id="summary"><![CDATA[<p>2014年度CEAC信息化培训认证管理办公室颁发
“国家信息化人才培养与职业技能鉴定示范单位”</p>]]></item>
				<item id="uid"><![CDATA[1]]></item>
				<item id="username"><![CDATA[admin]]></item>
				<item id="styleid"><![CDATA[0]]></item>
				<item id="blockstyle"><![CDATA[]]></item>
				<item id="picwidth"><![CDATA[0]]></item>
				<item id="picheight"><![CDATA[0]]></item>
				<item id="target"><![CDATA[blank]]></item>
				<item id="dateformat"><![CDATA[Y-m-d]]></item>
				<item id="dateuformat"><![CDATA[0]]></item>
				<item id="script"><![CDATA[blank]]></item>
				<item id="param">
					<item id="content"><![CDATA[<p>2014年度CEAC信息化培训认证管理办公室颁发
“国家信息化人才培养与职业技能鉴定示范单位”</p>
                             ]]></item>
					<item id="items"><![CDATA[10]]></item>
				</item>
				<item id="shownum"><![CDATA[10]]></item>
				<item id="cachetime"><![CDATA[3600]]></item>
				<item id="cachetimerange"><![CDATA[]]></item>
				<item id="punctualupdate"><![CDATA[0]]></item>
				<item id="hidedisplay"><![CDATA[0]]></item>
				<item id="dateline"><![CDATA[1504877753]]></item>
				<item id="notinherited"><![CDATA[0]]></item>
				<item id="isblank"><![CDATA[0]]></item>
			</item>
			<item id="48">
				<item id="bid"><![CDATA[48]]></item>
				<item id="blockclass"><![CDATA[html_html]]></item>
				<item id="blocktype"><![CDATA[0]]></item>
				<item id="name"><![CDATA[3]]></item>
				<item id="title"><![CDATA[]]></item>
				<item id="classname"><![CDATA[]]></item>
				<item id="summary"><![CDATA[<p>2014年度CEAC信息化培训认证管理办公室颁发
“国家信息化人才培养与职业技能鉴定示范单位”</p>]]></item>
				<item id="uid"><![CDATA[1]]></item>
				<item id="username"><![CDATA[admin]]></item>
				<item id="styleid"><![CDATA[0]]></item>
				<item id="blockstyle"><![CDATA[]]></item>
				<item id="picwidth"><![CDATA[0]]></item>
				<item id="picheight"><![CDATA[0]]></item>
				<item id="target"><![CDATA[blank]]></item>
				<item id="dateformat"><![CDATA[Y-m-d]]></item>
				<item id="dateuformat"><![CDATA[0]]></item>
				<item id="script"><![CDATA[blank]]></item>
				<item id="param">
					<item id="content"><![CDATA[<p>2014年度CEAC信息化培训认证管理办公室颁发
“国家信息化人才培养与职业技能鉴定示范单位”</p>
                             ]]></item>
					<item id="items"><![CDATA[10]]></item>
				</item>
				<item id="shownum"><![CDATA[10]]></item>
				<item id="cachetime"><![CDATA[3600]]></item>
				<item id="cachetimerange"><![CDATA[]]></item>
				<item id="punctualupdate"><![CDATA[0]]></item>
				<item id="hidedisplay"><![CDATA[0]]></item>
				<item id="dateline"><![CDATA[1504877753]]></item>
				<item id="notinherited"><![CDATA[0]]></item>
				<item id="isblank"><![CDATA[0]]></item>
			</item>
			<item id="49">
				<item id="bid"><![CDATA[49]]></item>
				<item id="blockclass"><![CDATA[html_html]]></item>
				<item id="blocktype"><![CDATA[0]]></item>
				<item id="name"><![CDATA[4]]></item>
				<item id="title"><![CDATA[]]></item>
				<item id="classname"><![CDATA[]]></item>
				<item id="summary"><![CDATA[<p>2014年度CEAC信息化培训认证管理办公室颁发
“国家信息化人才培养与职业技能鉴定示范单位”</p>]]></item>
				<item id="uid"><![CDATA[1]]></item>
				<item id="username"><![CDATA[admin]]></item>
				<item id="styleid"><![CDATA[0]]></item>
				<item id="blockstyle"><![CDATA[]]></item>
				<item id="picwidth"><![CDATA[0]]></item>
				<item id="picheight"><![CDATA[0]]></item>
				<item id="target"><![CDATA[blank]]></item>
				<item id="dateformat"><![CDATA[Y-m-d]]></item>
				<item id="dateuformat"><![CDATA[0]]></item>
				<item id="script"><![CDATA[blank]]></item>
				<item id="param">
					<item id="content"><![CDATA[<p>2014年度CEAC信息化培训认证管理办公室颁发
“国家信息化人才培养与职业技能鉴定示范单位”</p>
                             ]]></item>
					<item id="items"><![CDATA[10]]></item>
				</item>
				<item id="shownum"><![CDATA[10]]></item>
				<item id="cachetime"><![CDATA[3600]]></item>
				<item id="cachetimerange"><![CDATA[]]></item>
				<item id="punctualupdate"><![CDATA[0]]></item>
				<item id="hidedisplay"><![CDATA[0]]></item>
				<item id="dateline"><![CDATA[1504877753]]></item>
				<item id="notinherited"><![CDATA[0]]></item>
				<item id="isblank"><![CDATA[0]]></item>
			</item>
			<item id="50">
				<item id="bid"><![CDATA[50]]></item>
				<item id="blockclass"><![CDATA[html_html]]></item>
				<item id="blocktype"><![CDATA[0]]></item>
				<item id="name"><![CDATA[5]]></item>
				<item id="title"><![CDATA[]]></item>
				<item id="classname"><![CDATA[]]></item>
				<item id="summary"><![CDATA[<p>2014年度CEAC信息化培训认证管理办公室颁发
“国家信息化人才培养与职业技能鉴定示范单位”</p>]]></item>
				<item id="uid"><![CDATA[1]]></item>
				<item id="username"><![CDATA[admin]]></item>
				<item id="styleid"><![CDATA[0]]></item>
				<item id="blockstyle"><![CDATA[]]></item>
				<item id="picwidth"><![CDATA[0]]></item>
				<item id="picheight"><![CDATA[0]]></item>
				<item id="target"><![CDATA[blank]]></item>
				<item id="dateformat"><![CDATA[Y-m-d]]></item>
				<item id="dateuformat"><![CDATA[0]]></item>
				<item id="script"><![CDATA[blank]]></item>
				<item id="param">
					<item id="content"><![CDATA[<p>2014年度CEAC信息化培训认证管理办公室颁发
“国家信息化人才培养与职业技能鉴定示范单位”</p>
                             ]]></item>
					<item id="items"><![CDATA[10]]></item>
				</item>
				<item id="shownum"><![CDATA[10]]></item>
				<item id="cachetime"><![CDATA[3600]]></item>
				<item id="cachetimerange"><![CDATA[]]></item>
				<item id="punctualupdate"><![CDATA[0]]></item>
				<item id="hidedisplay"><![CDATA[0]]></item>
				<item id="dateline"><![CDATA[1504877753]]></item>
				<item id="notinherited"><![CDATA[0]]></item>
				<item id="isblank"><![CDATA[0]]></item>
			</item>
			<item id="51">
				<item id="bid"><![CDATA[51]]></item>
				<item id="blockclass"><![CDATA[html_html]]></item>
				<item id="blocktype"><![CDATA[0]]></item>
				<item id="name"><![CDATA[6]]></item>
				<item id="title"><![CDATA[]]></item>
				<item id="classname"><![CDATA[]]></item>
				<item id="summary"><![CDATA[<p>2014年度CEAC信息化培训认证管理办公室颁发
“国家信息化人才培养与职业技能鉴定示范单位”</p>]]></item>
				<item id="uid"><![CDATA[1]]></item>
				<item id="username"><![CDATA[admin]]></item>
				<item id="styleid"><![CDATA[0]]></item>
				<item id="blockstyle"><![CDATA[]]></item>
				<item id="picwidth"><![CDATA[0]]></item>
				<item id="picheight"><![CDATA[0]]></item>
				<item id="target"><![CDATA[blank]]></item>
				<item id="dateformat"><![CDATA[Y-m-d]]></item>
				<item id="dateuformat"><![CDATA[0]]></item>
				<item id="script"><![CDATA[blank]]></item>
				<item id="param">
					<item id="content"><![CDATA[<p>2014年度CEAC信息化培训认证管理办公室颁发
“国家信息化人才培养与职业技能鉴定示范单位”</p>
                             ]]></item>
					<item id="items"><![CDATA[10]]></item>
				</item>
				<item id="shownum"><![CDATA[10]]></item>
				<item id="cachetime"><![CDATA[3600]]></item>
				<item id="cachetimerange"><![CDATA[]]></item>
				<item id="punctualupdate"><![CDATA[0]]></item>
				<item id="hidedisplay"><![CDATA[0]]></item>
				<item id="dateline"><![CDATA[1504877753]]></item>
				<item id="notinherited"><![CDATA[0]]></item>
				<item id="isblank"><![CDATA[0]]></item>
			</item>
			<item id="52">
				<item id="bid"><![CDATA[52]]></item>
				<item id="blockclass"><![CDATA[html_html]]></item>
				<item id="blocktype"><![CDATA[0]]></item>
				<item id="name"><![CDATA[公司荣誉]]></item>
				<item id="title"><![CDATA[]]></item>
				<item id="classname"><![CDATA[]]></item>
				<item id="summary"><![CDATA[<div class="deangsc deanrongyu">
<p>创立于2014年6月，是一家专注于学习服务的创新科技企业，主要由来自知名教育机构的领军人物和百度、阿里、新浪、搜狐等著名互联网公司的顶尖人才组建。</p>
<p>跟谁学致力于打造人人乐用的学习服务平台，通过更高效、更智能、更精准地匹配师生资源，为老师及学生提供多种增值服务和学习工具，全力创建一个专业、简单、智能、安全的高品质学习服务的第三方平台，让学习变得更加容易、平等和高效。在让跟谁学成为一种生活方式的同时，跟谁学也在全力打造更富活力、更加健康的教育生态圈，以实现全行业乃至全产业链的共赢。</p>
<p>我们的商业客户数量超过5000家，模板超过7万站长使用；模板数量超过200套，包括定制模板以及我们的商业和免费模板。</p>
<div class="clear"></div>
<div class="deanrongyuimg">
<img src="./template/dean_zx_170826/deancss/about/r1.png"  />
<img src="./template/dean_zx_170826/deancss/about/r2.png"  />
<img src="./template/dean_zx_170826/deancss/about/r3.png"  />
<img src="./template/dean_zx_170826/deancss/about/r4.png"  />
<div class="clear"></div>
</div>
<div class="clear"></div>
<p>通过移动互联网让教与学变得"更平等、更便捷、更高效"是跟谁学的使命。我们会秉持"用户第一、诚信、简单、极致、创新"12字核心价值观，与您一起，共同学习，快速成长！</p>
</div>]]></item>
				<item id="uid"><![CDATA[1]]></item>
				<item id="username"><![CDATA[admin]]></item>
				<item id="styleid"><![CDATA[0]]></item>
				<item id="blockstyle"><![CDATA[]]></item>
				<item id="picwidth"><![CDATA[0]]></item>
				<item id="picheight"><![CDATA[0]]></item>
				<item id="target"><![CDATA[blank]]></item>
				<item id="dateformat"><![CDATA[Y-m-d]]></item>
				<item id="dateuformat"><![CDATA[0]]></item>
				<item id="script"><![CDATA[blank]]></item>
				<item id="param">
					<item id="content"><![CDATA[<div class=\"deangsc deanrongyu\">
<p>创立于2014年6月，是一家专注于学习服务的创新科技企业，主要由来自知名教育机构的领军人物和百度、阿里、新浪、搜狐等著名互联网公司的顶尖人才组建。</p>
<p>跟谁学致力于打造人人乐用的学习服务平台，通过更高效、更智能、更精准地匹配师生资源，为老师及学生提供多种增值服务和学习工具，全力创建一个专业、简单、智能、安全的高品质学习服务的第三方平台，让学习变得更加容易、平等和高效。在让跟谁学成为一种生活方式的同时，跟谁学也在全力打造更富活力、更加健康的教育生态圈，以实现全行业乃至全产业链的共赢。</p>
<p>我们的商业客户数量超过5000家，模板超过7万站长使用；模板数量超过200套，包括定制模板以及我们的商业和免费模板。</p>
<div class=\"clear\"></div>
<div class=\"deanrongyuimg\">
<img src=\"./template/dean_zx_170826/deancss/about/r1.png\"  />
<img src=\"./template/dean_zx_170826/deancss/about/r2.png\"  />
<img src=\"./template/dean_zx_170826/deancss/about/r3.png\"  />
<img src=\"./template/dean_zx_170826/deancss/about/r4.png\"  />
<div class=\"clear\"></div>
</div>
<div class=\"clear\"></div>
<p>通过移动互联网让教与学变得\"更平等、更便捷、更高效\"是跟谁学的使命。我们会秉持\"用户第一、诚信、简单、极致、创新\"12字核心价值观，与您一起，共同学习，快速成长！</p>
</div>
]]></item>
					<item id="items"><![CDATA[10]]></item>
				</item>
				<item id="shownum"><![CDATA[10]]></item>
				<item id="cachetime"><![CDATA[0]]></item>
				<item id="cachetimerange"><![CDATA[0,0]]></item>
				<item id="punctualupdate"><![CDATA[0]]></item>
				<item id="hidedisplay"><![CDATA[0]]></item>
				<item id="dateline"><![CDATA[1504877782]]></item>
				<item id="notinherited"><![CDATA[0]]></item>
				<item id="isblank"><![CDATA[0]]></item>
			</item>
			<item id="53">
				<item id="bid"><![CDATA[53]]></item>
				<item id="blockclass"><![CDATA[forum_thread]]></item>
				<item id="blocktype"><![CDATA[0]]></item>
				<item id="name"><![CDATA[人才招聘]]></item>
				<item id="title"><![CDATA[]]></item>
				<item id="classname"><![CDATA[]]></item>
				<item id="summary"><![CDATA[]]></item>
				<item id="uid"><![CDATA[1]]></item>
				<item id="username"><![CDATA[admin]]></item>
				<item id="styleid"><![CDATA[0]]></item>
				<item id="blockstyle">
					<item id="name"><![CDATA[]]></item>
					<item id="blockclass"><![CDATA[forum_thread]]></item>
					<item id="makethumb"><![CDATA[0]]></item>
					<item id="getpic"><![CDATA[0]]></item>
					<item id="getsummary"><![CDATA[0]]></item>
					<item id="settarget"><![CDATA[0]]></item>
					<item id="moreurl"><![CDATA[0]]></item>
					<item id="fields">
						<item id="0"><![CDATA[url]]></item>
						<item id="1"><![CDATA[title]]></item>
						<item id="2"><![CDATA[dateline]]></item>
					</item>
					<item id="template">
						<item id="raw"><![CDATA[[loop]
<dd><a href="{url}" target="_blank">{title}</a><span>{dateline}</span><div class="clear"></div></dd>
[/loop]]]></item>
						<item id="footer"><![CDATA[]]></item>
						<item id="header"><![CDATA[]]></item>
						<item id="indexplus"><![CDATA[
						]]></item>
						<item id="index"><![CDATA[
						]]></item>
						<item id="orderplus"><![CDATA[
						]]></item>
						<item id="order"><![CDATA[
						]]></item>
						<item id="loopplus"><![CDATA[
						]]></item>
						<item id="loop"><![CDATA[<dd><a href="{url}" target="_blank">{title}</a><span>{dateline}</span><div class="clear"></div></dd>]]></item>
					</item>
					<item id="hash"><![CDATA[3e85f13b]]></item>
				</item>
				<item id="picwidth"><![CDATA[0]]></item>
				<item id="picheight"><![CDATA[0]]></item>
				<item id="target"><![CDATA[blank]]></item>
				<item id="dateformat"><![CDATA[Y-m-d]]></item>
				<item id="dateuformat"><![CDATA[0]]></item>
				<item id="script"><![CDATA[threadhot]]></item>
				<item id="param">
					<item id="fids">
						<item id="0"><![CDATA[0]]></item>
					</item>
					<item id="special">
						<item id="0"><![CDATA[0]]></item>
					</item>
					<item id="viewmod"><![CDATA[0]]></item>
					<item id="rewardstatus"><![CDATA[0]]></item>
					<item id="picrequired"><![CDATA[0]]></item>
					<item id="orderby"><![CDATA[views]]></item>
					<item id="postdateline"><![CDATA[0]]></item>
					<item id="lastpost"><![CDATA[0]]></item>
					<item id="titlelength"><![CDATA[40]]></item>
					<item id="summarylength"><![CDATA[80]]></item>
					<item id="items"><![CDATA[10]]></item>
				</item>
				<item id="shownum"><![CDATA[10]]></item>
				<item id="cachetime"><![CDATA[3600]]></item>
				<item id="cachetimerange"><![CDATA[]]></item>
				<item id="punctualupdate"><![CDATA[0]]></item>
				<item id="hidedisplay"><![CDATA[0]]></item>
				<item id="dateline"><![CDATA[1504877753]]></item>
				<item id="notinherited"><![CDATA[0]]></item>
				<item id="isblank"><![CDATA[0]]></item>
			</item>
		</item>
		<item id="style">
		</item>
	</item>
</root>