<?xml version="1.0" encoding="ISO-8859-1"?>
<root>
	<item id="spacecss"><![CDATA[]]></item>
	<item id="layoutdata">
		<item id="deanzxbutton">
			<item id="frame`framelooRP8">
				<item id="attr">
					<item id="name"><![CDATA[framelooRP8]]></item>
					<item id="moveable"><![CDATA[true]]></item>
					<item id="className"><![CDATA[frame move-span cl frame-1]]></item>
					<item id="titles"><![CDATA[]]></item>
				</item>
				<item id="column`framelooRP8_left">
					<item id="attr">
						<item id="name"><![CDATA[framelooRP8_left]]></item>
						<item id="className"><![CDATA[column frame-1-c]]></item>
					</item>
					<item id="block`portal_block_3">
						<item id="attr">
							<item id="name"><![CDATA[portal_block_3]]></item>
							<item id="className"><![CDATA[block move-span]]></item>
							<item id="titles"><![CDATA[]]></item>
						</item>
					</item>
				</item>
			</item>
		</item>
		<item id="deanzxtabc">
			<item id="frame`framee5I04i">
				<item id="attr">
					<item id="name"><![CDATA[framee5I04i]]></item>
					<item id="moveable"><![CDATA[true]]></item>
					<item id="className"><![CDATA[frame move-span cl frame-1]]></item>
					<item id="titles"><![CDATA[]]></item>
				</item>
				<item id="column`framee5I04i_left">
					<item id="attr">
						<item id="name"><![CDATA[framee5I04i_left]]></item>
						<item id="className"><![CDATA[column frame-1-c]]></item>
					</item>
					<item id="block`portal_block_4">
						<item id="attr">
							<item id="name"><![CDATA[portal_block_4]]></item>
							<item id="className"><![CDATA[block move-span]]></item>
							<item id="titles"><![CDATA[]]></item>
						</item>
					</item>
				</item>
			</item>
		</item>
		<item id="deanzxtabc2">
			<item id="frame`framej983x2">
				<item id="attr">
					<item id="name"><![CDATA[framej983x2]]></item>
					<item id="moveable"><![CDATA[true]]></item>
					<item id="className"><![CDATA[frame move-span cl frame-1]]></item>
					<item id="titles"><![CDATA[]]></item>
				</item>
				<item id="column`framej983x2_left">
					<item id="attr">
						<item id="name"><![CDATA[framej983x2_left]]></item>
						<item id="className"><![CDATA[column frame-1-c]]></item>
					</item>
					<item id="block`portal_block_5">
						<item id="attr">
							<item id="name"><![CDATA[portal_block_5]]></item>
							<item id="className"><![CDATA[block move-span]]></item>
							<item id="titles"><![CDATA[]]></item>
						</item>
					</item>
				</item>
			</item>
		</item>
		<item id="deanzxtabc3">
			<item id="frame`frameZ69a7m">
				<item id="attr">
					<item id="name"><![CDATA[frameZ69a7m]]></item>
					<item id="moveable"><![CDATA[true]]></item>
					<item id="className"><![CDATA[frame move-span cl frame-1]]></item>
					<item id="titles"><![CDATA[]]></item>
				</item>
				<item id="column`frameZ69a7m_left">
					<item id="attr">
						<item id="name"><![CDATA[frameZ69a7m_left]]></item>
						<item id="className"><![CDATA[column frame-1-c]]></item>
					</item>
					<item id="block`portal_block_6">
						<item id="attr">
							<item id="name"><![CDATA[portal_block_6]]></item>
							<item id="className"><![CDATA[block move-span]]></item>
							<item id="titles"><![CDATA[]]></item>
						</item>
					</item>
				</item>
			</item>
		</item>
		<item id="deanzxtabc4">
			<item id="frame`framebdXB99">
				<item id="attr">
					<item id="name"><![CDATA[framebdXB99]]></item>
					<item id="moveable"><![CDATA[true]]></item>
					<item id="className"><![CDATA[frame move-span cl frame-1]]></item>
					<item id="titles"><![CDATA[]]></item>
				</item>
				<item id="column`framebdXB99_left">
					<item id="attr">
						<item id="name"><![CDATA[framebdXB99_left]]></item>
						<item id="className"><![CDATA[column frame-1-c]]></item>
					</item>
					<item id="block`portal_block_7">
						<item id="attr">
							<item id="name"><![CDATA[portal_block_7]]></item>
							<item id="className"><![CDATA[block move-span]]></item>
							<item id="titles"><![CDATA[]]></item>
						</item>
					</item>
				</item>
			</item>
		</item>
		<item id="deanzxtabc5">
			<item id="frame`frameR4z853">
				<item id="attr">
					<item id="name"><![CDATA[frameR4z853]]></item>
					<item id="moveable"><![CDATA[true]]></item>
					<item id="className"><![CDATA[frame move-span cl frame-1]]></item>
					<item id="titles"><![CDATA[]]></item>
				</item>
				<item id="column`frameR4z853_left">
					<item id="attr">
						<item id="name"><![CDATA[frameR4z853_left]]></item>
						<item id="className"><![CDATA[column frame-1-c]]></item>
					</item>
					<item id="block`portal_block_8">
						<item id="attr">
							<item id="name"><![CDATA[portal_block_8]]></item>
							<item id="className"><![CDATA[block move-span]]></item>
							<item id="titles"><![CDATA[]]></item>
						</item>
					</item>
				</item>
			</item>
		</item>
		<item id="deanzxtabc6">
			<item id="frame`frameR5Y8mJ">
				<item id="attr">
					<item id="name"><![CDATA[frameR5Y8mJ]]></item>
					<item id="moveable"><![CDATA[true]]></item>
					<item id="className"><![CDATA[frame move-span cl frame-1]]></item>
					<item id="titles"><![CDATA[]]></item>
				</item>
				<item id="column`frameR5Y8mJ_left">
					<item id="attr">
						<item id="name"><![CDATA[frameR5Y8mJ_left]]></item>
						<item id="className"><![CDATA[column frame-1-c]]></item>
					</item>
					<item id="block`portal_block_9">
						<item id="attr">
							<item id="name"><![CDATA[portal_block_9]]></item>
							<item id="className"><![CDATA[block move-span]]></item>
							<item id="titles"><![CDATA[]]></item>
						</item>
					</item>
				</item>
			</item>
		</item>
		<item id="deanzxnote">
			<item id="frame`frameG1Dp2X">
				<item id="attr">
					<item id="name"><![CDATA[frameG1Dp2X]]></item>
					<item id="moveable"><![CDATA[true]]></item>
					<item id="className"><![CDATA[frame move-span cl frame-1]]></item>
					<item id="titles"><![CDATA[]]></item>
				</item>
				<item id="column`frameG1Dp2X_left">
					<item id="attr">
						<item id="name"><![CDATA[frameG1Dp2X_left]]></item>
						<item id="className"><![CDATA[column frame-1-c]]></item>
					</item>
					<item id="block`portal_block_10">
						<item id="attr">
							<item id="name"><![CDATA[portal_block_10]]></item>
							<item id="className"><![CDATA[block move-span]]></item>
							<item id="titles"><![CDATA[]]></item>
						</item>
					</item>
				</item>
			</item>
		</item>
		<item id="deanzxlc">
			<item id="frame`framey717m1">
				<item id="attr">
					<item id="name"><![CDATA[framey717m1]]></item>
					<item id="moveable"><![CDATA[true]]></item>
					<item id="className"><![CDATA[frame move-span cl frame-1]]></item>
					<item id="titles"><![CDATA[]]></item>
				</item>
				<item id="column`framey717m1_left">
					<item id="attr">
						<item id="name"><![CDATA[framey717m1_left]]></item>
						<item id="className"><![CDATA[column frame-1-c]]></item>
					</item>
					<item id="block`portal_block_11">
						<item id="attr">
							<item id="name"><![CDATA[portal_block_11]]></item>
							<item id="className"><![CDATA[block move-span]]></item>
							<item id="titles"><![CDATA[]]></item>
						</item>
					</item>
				</item>
			</item>
		</item>
		<item id="deanzxgs">
			<item id="frame`frameE7u750">
				<item id="attr">
					<item id="name"><![CDATA[frameE7u750]]></item>
					<item id="moveable"><![CDATA[true]]></item>
					<item id="className"><![CDATA[frame move-span cl frame-1]]></item>
					<item id="titles"><![CDATA[]]></item>
				</item>
				<item id="column`frameE7u750_left">
					<item id="attr">
						<item id="name"><![CDATA[frameE7u750_left]]></item>
						<item id="className"><![CDATA[column frame-1-c]]></item>
					</item>
					<item id="block`portal_block_20">
						<item id="attr">
							<item id="name"><![CDATA[portal_block_20]]></item>
							<item id="className"><![CDATA[block move-span]]></item>
							<item id="titles"><![CDATA[]]></item>
						</item>
					</item>
				</item>
			</item>
		</item>
		<item id="deandllist">
			<item id="frame`framedPpp55">
				<item id="attr">
					<item id="name"><![CDATA[framedPpp55]]></item>
					<item id="moveable"><![CDATA[true]]></item>
					<item id="className"><![CDATA[frame move-span cl frame-1]]></item>
					<item id="titles"><![CDATA[]]></item>
				</item>
				<item id="column`framedPpp55_left">
					<item id="attr">
						<item id="name"><![CDATA[framedPpp55_left]]></item>
						<item id="className"><![CDATA[column frame-1-c]]></item>
					</item>
					<item id="block`portal_block_12">
						<item id="attr">
							<item id="name"><![CDATA[portal_block_12]]></item>
							<item id="className"><![CDATA[block move-span]]></item>
							<item id="titles"><![CDATA[]]></item>
						</item>
					</item>
				</item>
			</item>
		</item>
		<item id="deandllist2">
			<item id="frame`frameKp71OX">
				<item id="attr">
					<item id="name"><![CDATA[frameKp71OX]]></item>
					<item id="moveable"><![CDATA[true]]></item>
					<item id="className"><![CDATA[frame move-span cl frame-1]]></item>
					<item id="titles"><![CDATA[]]></item>
				</item>
				<item id="column`frameKp71OX_left">
					<item id="attr">
						<item id="name"><![CDATA[frameKp71OX_left]]></item>
						<item id="className"><![CDATA[column frame-1-c]]></item>
					</item>
					<item id="block`portal_block_13">
						<item id="attr">
							<item id="name"><![CDATA[portal_block_13]]></item>
							<item id="className"><![CDATA[block move-span]]></item>
							<item id="titles"><![CDATA[]]></item>
						</item>
					</item>
				</item>
			</item>
		</item>
		<item id="deandllist3">
			<item id="frame`frameXjaFdJ">
				<item id="attr">
					<item id="name"><![CDATA[frameXjaFdJ]]></item>
					<item id="moveable"><![CDATA[true]]></item>
					<item id="className"><![CDATA[frame move-span cl frame-1]]></item>
					<item id="titles"><![CDATA[]]></item>
				</item>
				<item id="column`frameXjaFdJ_left">
					<item id="attr">
						<item id="name"><![CDATA[frameXjaFdJ_left]]></item>
						<item id="className"><![CDATA[column frame-1-c]]></item>
					</item>
					<item id="block`portal_block_14">
						<item id="attr">
							<item id="name"><![CDATA[portal_block_14]]></item>
							<item id="className"><![CDATA[block move-span]]></item>
							<item id="titles"><![CDATA[]]></item>
						</item>
					</item>
				</item>
			</item>
		</item>
		<item id="deandllist4">
			<item id="frame`frameLoir59">
				<item id="attr">
					<item id="name"><![CDATA[frameLoir59]]></item>
					<item id="moveable"><![CDATA[true]]></item>
					<item id="className"><![CDATA[frame move-span cl frame-1]]></item>
					<item id="titles"><![CDATA[]]></item>
				</item>
				<item id="column`frameLoir59_left">
					<item id="attr">
						<item id="name"><![CDATA[frameLoir59_left]]></item>
						<item id="className"><![CDATA[column frame-1-c]]></item>
					</item>
					<item id="block`portal_block_15">
						<item id="attr">
							<item id="name"><![CDATA[portal_block_15]]></item>
							<item id="className"><![CDATA[block move-span]]></item>
							<item id="titles"><![CDATA[]]></item>
						</item>
					</item>
				</item>
			</item>
		</item>
		<item id="deangoodlist">
			<item id="frame`framene01OL">
				<item id="attr">
					<item id="name"><![CDATA[framene01OL]]></item>
					<item id="moveable"><![CDATA[true]]></item>
					<item id="className"><![CDATA[frame move-span cl frame-1]]></item>
					<item id="titles"><![CDATA[]]></item>
				</item>
				<item id="column`framene01OL_left">
					<item id="attr">
						<item id="name"><![CDATA[framene01OL_left]]></item>
						<item id="className"><![CDATA[column frame-1-c]]></item>
					</item>
					<item id="block`portal_block_16">
						<item id="attr">
							<item id="name"><![CDATA[portal_block_16]]></item>
							<item id="className"><![CDATA[block move-span]]></item>
							<item id="titles"><![CDATA[]]></item>
						</item>
					</item>
				</item>
			</item>
		</item>
		<item id="deanaddl">
			<item id="frame`frameEOgSDj">
				<item id="attr">
					<item id="name"><![CDATA[frameEOgSDj]]></item>
					<item id="moveable"><![CDATA[true]]></item>
					<item id="className"><![CDATA[frame move-span cl frame-1]]></item>
					<item id="titles"><![CDATA[]]></item>
				</item>
				<item id="column`frameEOgSDj_left">
					<item id="attr">
						<item id="name"><![CDATA[frameEOgSDj_left]]></item>
						<item id="className"><![CDATA[column frame-1-c]]></item>
					</item>
					<item id="block`portal_block_17">
						<item id="attr">
							<item id="name"><![CDATA[portal_block_17]]></item>
							<item id="className"><![CDATA[block move-span]]></item>
							<item id="titles"><![CDATA[]]></item>
						</item>
					</item>
				</item>
			</item>
		</item>
		<item id="deannewindexc">
			<item id="frame`frameryyL8A">
				<item id="attr">
					<item id="name"><![CDATA[frameryyL8A]]></item>
					<item id="moveable"><![CDATA[true]]></item>
					<item id="className"><![CDATA[frame move-span cl frame-1]]></item>
					<item id="titles"><![CDATA[]]></item>
				</item>
				<item id="column`frameryyL8A_left">
					<item id="attr">
						<item id="name"><![CDATA[frameryyL8A_left]]></item>
						<item id="className"><![CDATA[column frame-1-c]]></item>
					</item>
					<item id="block`portal_block_18">
						<item id="attr">
							<item id="name"><![CDATA[portal_block_18]]></item>
							<item id="className"><![CDATA[block move-span]]></item>
							<item id="titles"><![CDATA[]]></item>
						</item>
					</item>
				</item>
			</item>
		</item>
		<item id="deanlinkindex">
			<item id="frame`frameEK6yyz">
				<item id="attr">
					<item id="name"><![CDATA[frameEK6yyz]]></item>
					<item id="moveable"><![CDATA[true]]></item>
					<item id="className"><![CDATA[frame move-span cl frame-1]]></item>
					<item id="titles"><![CDATA[]]></item>
				</item>
				<item id="column`frameEK6yyz_left">
					<item id="attr">
						<item id="name"><![CDATA[frameEK6yyz_left]]></item>
						<item id="className"><![CDATA[column frame-1-c]]></item>
					</item>
					<item id="block`portal_block_19">
						<item id="attr">
							<item id="name"><![CDATA[portal_block_19]]></item>
							<item id="className"><![CDATA[block move-span]]></item>
							<item id="titles"><![CDATA[]]></item>
						</item>
					</item>
				</item>
			</item>
		</item>
	</item>
	<item id="blockdata">
		<item id="block">
			<item id="3">
				<item id="bid"><![CDATA[3]]></item>
				<item id="blockclass"><![CDATA[html_html]]></item>
				<item id="blocktype"><![CDATA[0]]></item>
				<item id="name"><![CDATA[btn]]></item>
				<item id="title"><![CDATA[]]></item>
				<item id="classname"><![CDATA[]]></item>
				<item id="summary"><![CDATA[<li class="wow fadeInLeft"><a href="#" target="_blank"><div class="deanzxbtnl"><h3>免费设计</h3><span>获取三份设计方案</span></div><div class="deanzxbtnr deanzxbtnr1"></div><div class="clear"></div></a></li>
<li class="wow fadeInUp"><a href="#" target="_blank"><div class="deanzxbtnl"><h3>免费报价</h3><span>算算装修要花多少钱</span></div><div class="deanzxbtnr deanzxbtnr2"></div><div class="clear"></div></a></li>
<li class="wow fadeInDown"><a href="#" target="_blank"><div class="deanzxbtnl"><h3>装修分期</h3><span>0元启动装修，资金无压力</span></div><div class="deanzxbtnr deanzxbtnr3"></div><div class="clear"></div></a></li>
<li class="wow fadeInRight"><a href="#" target="_blank"><div class="deanzxbtnl"><h3>装修保</h3><span>专业质检排查62项装修指标</span></div><div class="deanzxbtnr deanzxbtnr4"></div><div class="clear"></div></a></li>]]></item>
				<item id="uid"><![CDATA[1]]></item>
				<item id="username"><![CDATA[admin]]></item>
				<item id="styleid"><![CDATA[0]]></item>
				<item id="blockstyle"><![CDATA[]]></item>
				<item id="picwidth"><![CDATA[0]]></item>
				<item id="picheight"><![CDATA[0]]></item>
				<item id="target"><![CDATA[blank]]></item>
				<item id="dateformat"><![CDATA[Y-m-d]]></item>
				<item id="dateuformat"><![CDATA[0]]></item>
				<item id="script"><![CDATA[blank]]></item>
				<item id="param">
					<item id="content"><![CDATA[<li class=\"wow fadeInLeft\"><a href=\"#\" target=\"_blank\"><div class=\"deanzxbtnl\"><h3>免费设计</h3><span>获取三份设计方案</span></div><div class=\"deanzxbtnr deanzxbtnr1\"></div><div class=\"clear\"></div></a></li>
<li class=\"wow fadeInUp\"><a href=\"#\" target=\"_blank\"><div class=\"deanzxbtnl\"><h3>免费报价</h3><span>算算装修要花多少钱</span></div><div class=\"deanzxbtnr deanzxbtnr2\"></div><div class=\"clear\"></div></a></li>
<li class=\"wow fadeInDown\"><a href=\"#\" target=\"_blank\"><div class=\"deanzxbtnl\"><h3>装修分期</h3><span>0元启动装修，资金无压力</span></div><div class=\"deanzxbtnr deanzxbtnr3\"></div><div class=\"clear\"></div></a></li>
<li class=\"wow fadeInRight\"><a href=\"#\" target=\"_blank\"><div class=\"deanzxbtnl\"><h3>装修保</h3><span>专业质检排查62项装修指标</span></div><div class=\"deanzxbtnr deanzxbtnr4\"></div><div class=\"clear\"></div></a></li>]]></item>
					<item id="items"><![CDATA[10]]></item>
				</item>
				<item id="shownum"><![CDATA[10]]></item>
				<item id="cachetime"><![CDATA[0]]></item>
				<item id="cachetimerange"><![CDATA[0,0]]></item>
				<item id="punctualupdate"><![CDATA[0]]></item>
				<item id="hidedisplay"><![CDATA[0]]></item>
				<item id="dateline"><![CDATA[1504877255]]></item>
				<item id="notinherited"><![CDATA[0]]></item>
				<item id="isblank"><![CDATA[0]]></item>
			</item>
			<item id="4">
				<item id="bid"><![CDATA[4]]></item>
				<item id="blockclass"><![CDATA[forum_thread]]></item>
				<item id="blocktype"><![CDATA[0]]></item>
				<item id="name"><![CDATA[tab1]]></item>
				<item id="title"><![CDATA[]]></item>
				<item id="classname"><![CDATA[]]></item>
				<item id="summary"><![CDATA[]]></item>
				<item id="uid"><![CDATA[1]]></item>
				<item id="username"><![CDATA[admin]]></item>
				<item id="styleid"><![CDATA[112]]></item>
				<item id="blockstyle"><![CDATA[]]></item>
				<item id="picwidth"><![CDATA[278]]></item>
				<item id="picheight"><![CDATA[200]]></item>
				<item id="target"><![CDATA[blank]]></item>
				<item id="dateformat"><![CDATA[Y-m-d]]></item>
				<item id="dateuformat"><![CDATA[1]]></item>
				<item id="script"><![CDATA[threadhot]]></item>
				<item id="param">
					<item id="fids">
						<item id="0"><![CDATA[0]]></item>
					</item>
					<item id="special">
						<item id="0"><![CDATA[0]]></item>
					</item>
					<item id="viewmod"><![CDATA[0]]></item>
					<item id="rewardstatus"><![CDATA[0]]></item>
					<item id="picrequired"><![CDATA[1]]></item>
					<item id="orderby"><![CDATA[views]]></item>
					<item id="postdateline"><![CDATA[0]]></item>
					<item id="lastpost"><![CDATA[0]]></item>
					<item id="titlelength"><![CDATA[60]]></item>
					<item id="summarylength"><![CDATA[80]]></item>
					<item id="items"><![CDATA[8]]></item>
				</item>
				<item id="shownum"><![CDATA[8]]></item>
				<item id="cachetime"><![CDATA[3600]]></item>
				<item id="cachetimerange"><![CDATA[]]></item>
				<item id="punctualupdate"><![CDATA[0]]></item>
				<item id="hidedisplay"><![CDATA[0]]></item>
				<item id="dateline"><![CDATA[1504877203]]></item>
				<item id="notinherited"><![CDATA[0]]></item>
				<item id="isblank"><![CDATA[0]]></item>
			</item>
			<item id="5">
				<item id="bid"><![CDATA[5]]></item>
				<item id="blockclass"><![CDATA[forum_thread]]></item>
				<item id="blocktype"><![CDATA[0]]></item>
				<item id="name"><![CDATA[tab2]]></item>
				<item id="title"><![CDATA[]]></item>
				<item id="classname"><![CDATA[]]></item>
				<item id="summary"><![CDATA[]]></item>
				<item id="uid"><![CDATA[1]]></item>
				<item id="username"><![CDATA[admin]]></item>
				<item id="styleid"><![CDATA[112]]></item>
				<item id="blockstyle"><![CDATA[]]></item>
				<item id="picwidth"><![CDATA[278]]></item>
				<item id="picheight"><![CDATA[200]]></item>
				<item id="target"><![CDATA[blank]]></item>
				<item id="dateformat"><![CDATA[Y-m-d]]></item>
				<item id="dateuformat"><![CDATA[0]]></item>
				<item id="script"><![CDATA[threadnew]]></item>
				<item id="param">
					<item id="fids">
						<item id="0"><![CDATA[2]]></item>
					</item>
					<item id="special">
						<item id="0"><![CDATA[0]]></item>
					</item>
					<item id="viewmod"><![CDATA[0]]></item>
					<item id="rewardstatus"><![CDATA[0]]></item>
					<item id="picrequired"><![CDATA[1]]></item>
					<item id="orderby"><![CDATA[dateline]]></item>
					<item id="postdateline"><![CDATA[0]]></item>
					<item id="lastpost"><![CDATA[0]]></item>
					<item id="titlelength"><![CDATA[60]]></item>
					<item id="summarylength"><![CDATA[80]]></item>
					<item id="startrow"><![CDATA[0]]></item>
					<item id="items"><![CDATA[8]]></item>
				</item>
				<item id="shownum"><![CDATA[8]]></item>
				<item id="cachetime"><![CDATA[3600]]></item>
				<item id="cachetimerange"><![CDATA[]]></item>
				<item id="punctualupdate"><![CDATA[0]]></item>
				<item id="hidedisplay"><![CDATA[0]]></item>
				<item id="dateline"><![CDATA[1504877203]]></item>
				<item id="notinherited"><![CDATA[0]]></item>
				<item id="isblank"><![CDATA[0]]></item>
			</item>
			<item id="6">
				<item id="bid"><![CDATA[6]]></item>
				<item id="blockclass"><![CDATA[forum_thread]]></item>
				<item id="blocktype"><![CDATA[0]]></item>
				<item id="name"><![CDATA[tab3]]></item>
				<item id="title"><![CDATA[]]></item>
				<item id="classname"><![CDATA[]]></item>
				<item id="summary"><![CDATA[]]></item>
				<item id="uid"><![CDATA[1]]></item>
				<item id="username"><![CDATA[admin]]></item>
				<item id="styleid"><![CDATA[112]]></item>
				<item id="blockstyle"><![CDATA[]]></item>
				<item id="picwidth"><![CDATA[278]]></item>
				<item id="picheight"><![CDATA[200]]></item>
				<item id="target"><![CDATA[blank]]></item>
				<item id="dateformat"><![CDATA[Y-m-d]]></item>
				<item id="dateuformat"><![CDATA[0]]></item>
				<item id="script"><![CDATA[thread]]></item>
				<item id="param">
					<item id="tids"><![CDATA[]]></item>
					<item id="uids"><![CDATA[]]></item>
					<item id="keyword"><![CDATA[]]></item>
					<item id="tagkeyword"><![CDATA[]]></item>
					<item id="fids">
						<item id="0"><![CDATA[2]]></item>
					</item>
					<item id="typeids"><![CDATA[]]></item>
					<item id="recommend"><![CDATA[0]]></item>
					<item id="viewmod"><![CDATA[0]]></item>
					<item id="rewardstatus"><![CDATA[0]]></item>
					<item id="picrequired"><![CDATA[1]]></item>
					<item id="orderby"><![CDATA[lastpost]]></item>
					<item id="postdateline"><![CDATA[0]]></item>
					<item id="lastpost"><![CDATA[0]]></item>
					<item id="highlight"><![CDATA[0]]></item>
					<item id="titlelength"><![CDATA[60]]></item>
					<item id="summarylength"><![CDATA[80]]></item>
					<item id="startrow"><![CDATA[0]]></item>
					<item id="items"><![CDATA[8]]></item>
				</item>
				<item id="shownum"><![CDATA[8]]></item>
				<item id="cachetime"><![CDATA[3600]]></item>
				<item id="cachetimerange"><![CDATA[]]></item>
				<item id="punctualupdate"><![CDATA[0]]></item>
				<item id="hidedisplay"><![CDATA[0]]></item>
				<item id="dateline"><![CDATA[1504877203]]></item>
				<item id="notinherited"><![CDATA[0]]></item>
				<item id="isblank"><![CDATA[0]]></item>
			</item>
			<item id="7">
				<item id="bid"><![CDATA[7]]></item>
				<item id="blockclass"><![CDATA[forum_thread]]></item>
				<item id="blocktype"><![CDATA[0]]></item>
				<item id="name"><![CDATA[tab4]]></item>
				<item id="title"><![CDATA[]]></item>
				<item id="classname"><![CDATA[]]></item>
				<item id="summary"><![CDATA[]]></item>
				<item id="uid"><![CDATA[1]]></item>
				<item id="username"><![CDATA[admin]]></item>
				<item id="styleid"><![CDATA[112]]></item>
				<item id="blockstyle"><![CDATA[]]></item>
				<item id="picwidth"><![CDATA[278]]></item>
				<item id="picheight"><![CDATA[200]]></item>
				<item id="target"><![CDATA[blank]]></item>
				<item id="dateformat"><![CDATA[Y-m-d]]></item>
				<item id="dateuformat"><![CDATA[0]]></item>
				<item id="script"><![CDATA[threadhot]]></item>
				<item id="param">
					<item id="fids">
						<item id="0"><![CDATA[0]]></item>
					</item>
					<item id="special">
						<item id="0"><![CDATA[0]]></item>
					</item>
					<item id="viewmod"><![CDATA[0]]></item>
					<item id="rewardstatus"><![CDATA[0]]></item>
					<item id="picrequired"><![CDATA[1]]></item>
					<item id="orderby"><![CDATA[views]]></item>
					<item id="postdateline"><![CDATA[0]]></item>
					<item id="lastpost"><![CDATA[0]]></item>
					<item id="titlelength"><![CDATA[60]]></item>
					<item id="summarylength"><![CDATA[80]]></item>
					<item id="items"><![CDATA[8]]></item>
				</item>
				<item id="shownum"><![CDATA[8]]></item>
				<item id="cachetime"><![CDATA[3600]]></item>
				<item id="cachetimerange"><![CDATA[]]></item>
				<item id="punctualupdate"><![CDATA[0]]></item>
				<item id="hidedisplay"><![CDATA[0]]></item>
				<item id="dateline"><![CDATA[1504877203]]></item>
				<item id="notinherited"><![CDATA[0]]></item>
				<item id="isblank"><![CDATA[0]]></item>
			</item>
			<item id="8">
				<item id="bid"><![CDATA[8]]></item>
				<item id="blockclass"><![CDATA[forum_thread]]></item>
				<item id="blocktype"><![CDATA[0]]></item>
				<item id="name"><![CDATA[tab5]]></item>
				<item id="title"><![CDATA[]]></item>
				<item id="classname"><![CDATA[]]></item>
				<item id="summary"><![CDATA[]]></item>
				<item id="uid"><![CDATA[1]]></item>
				<item id="username"><![CDATA[admin]]></item>
				<item id="styleid"><![CDATA[112]]></item>
				<item id="blockstyle"><![CDATA[]]></item>
				<item id="picwidth"><![CDATA[278]]></item>
				<item id="picheight"><![CDATA[200]]></item>
				<item id="target"><![CDATA[blank]]></item>
				<item id="dateformat"><![CDATA[Y-m-d]]></item>
				<item id="dateuformat"><![CDATA[0]]></item>
				<item id="script"><![CDATA[threadnew]]></item>
				<item id="param">
					<item id="fids">
						<item id="0"><![CDATA[2]]></item>
					</item>
					<item id="special">
						<item id="0"><![CDATA[0]]></item>
					</item>
					<item id="viewmod"><![CDATA[0]]></item>
					<item id="rewardstatus"><![CDATA[0]]></item>
					<item id="picrequired"><![CDATA[1]]></item>
					<item id="orderby"><![CDATA[dateline]]></item>
					<item id="postdateline"><![CDATA[0]]></item>
					<item id="lastpost"><![CDATA[0]]></item>
					<item id="titlelength"><![CDATA[40]]></item>
					<item id="summarylength"><![CDATA[80]]></item>
					<item id="startrow"><![CDATA[0]]></item>
					<item id="items"><![CDATA[8]]></item>
				</item>
				<item id="shownum"><![CDATA[8]]></item>
				<item id="cachetime"><![CDATA[3600]]></item>
				<item id="cachetimerange"><![CDATA[]]></item>
				<item id="punctualupdate"><![CDATA[0]]></item>
				<item id="hidedisplay"><![CDATA[0]]></item>
				<item id="dateline"><![CDATA[1504877202]]></item>
				<item id="notinherited"><![CDATA[0]]></item>
				<item id="isblank"><![CDATA[0]]></item>
			</item>
			<item id="9">
				<item id="bid"><![CDATA[9]]></item>
				<item id="blockclass"><![CDATA[forum_thread]]></item>
				<item id="blocktype"><![CDATA[0]]></item>
				<item id="name"><![CDATA[tab6]]></item>
				<item id="title"><![CDATA[]]></item>
				<item id="classname"><![CDATA[]]></item>
				<item id="summary"><![CDATA[]]></item>
				<item id="uid"><![CDATA[1]]></item>
				<item id="username"><![CDATA[admin]]></item>
				<item id="styleid"><![CDATA[112]]></item>
				<item id="blockstyle"><![CDATA[]]></item>
				<item id="picwidth"><![CDATA[278]]></item>
				<item id="picheight"><![CDATA[200]]></item>
				<item id="target"><![CDATA[blank]]></item>
				<item id="dateformat"><![CDATA[Y-m-d]]></item>
				<item id="dateuformat"><![CDATA[0]]></item>
				<item id="script"><![CDATA[threadhot]]></item>
				<item id="param">
					<item id="fids">
						<item id="0"><![CDATA[0]]></item>
					</item>
					<item id="special">
						<item id="0"><![CDATA[0]]></item>
					</item>
					<item id="viewmod"><![CDATA[0]]></item>
					<item id="rewardstatus"><![CDATA[0]]></item>
					<item id="picrequired"><![CDATA[1]]></item>
					<item id="orderby"><![CDATA[views]]></item>
					<item id="postdateline"><![CDATA[0]]></item>
					<item id="lastpost"><![CDATA[0]]></item>
					<item id="titlelength"><![CDATA[40]]></item>
					<item id="summarylength"><![CDATA[80]]></item>
					<item id="items"><![CDATA[8]]></item>
				</item>
				<item id="shownum"><![CDATA[8]]></item>
				<item id="cachetime"><![CDATA[3600]]></item>
				<item id="cachetimerange"><![CDATA[]]></item>
				<item id="punctualupdate"><![CDATA[0]]></item>
				<item id="hidedisplay"><![CDATA[0]]></item>
				<item id="dateline"><![CDATA[1504877202]]></item>
				<item id="notinherited"><![CDATA[0]]></item>
				<item id="isblank"><![CDATA[0]]></item>
			</item>
			<item id="10">
				<item id="bid"><![CDATA[10]]></item>
				<item id="blockclass"><![CDATA[forum_thread]]></item>
				<item id="blocktype"><![CDATA[0]]></item>
				<item id="name"><![CDATA[zxnote]]></item>
				<item id="title"><![CDATA[]]></item>
				<item id="classname"><![CDATA[]]></item>
				<item id="summary"><![CDATA[]]></item>
				<item id="uid"><![CDATA[1]]></item>
				<item id="username"><![CDATA[admin]]></item>
				<item id="styleid"><![CDATA[113]]></item>
				<item id="blockstyle"><![CDATA[]]></item>
				<item id="picwidth"><![CDATA[400]]></item>
				<item id="picheight"><![CDATA[200]]></item>
				<item id="target"><![CDATA[blank]]></item>
				<item id="dateformat"><![CDATA[Y-m-d]]></item>
				<item id="dateuformat"><![CDATA[0]]></item>
				<item id="script"><![CDATA[threadhot]]></item>
				<item id="param">
					<item id="fids">
						<item id="0"><![CDATA[0]]></item>
					</item>
					<item id="special">
						<item id="0"><![CDATA[0]]></item>
					</item>
					<item id="viewmod"><![CDATA[0]]></item>
					<item id="rewardstatus"><![CDATA[0]]></item>
					<item id="picrequired"><![CDATA[1]]></item>
					<item id="orderby"><![CDATA[views]]></item>
					<item id="postdateline"><![CDATA[0]]></item>
					<item id="lastpost"><![CDATA[0]]></item>
					<item id="titlelength"><![CDATA[40]]></item>
					<item id="summarylength"><![CDATA[180]]></item>
					<item id="items"><![CDATA[12]]></item>
				</item>
				<item id="shownum"><![CDATA[12]]></item>
				<item id="cachetime"><![CDATA[3600]]></item>
				<item id="cachetimerange"><![CDATA[]]></item>
				<item id="punctualupdate"><![CDATA[0]]></item>
				<item id="hidedisplay"><![CDATA[0]]></item>
				<item id="dateline"><![CDATA[1504877299]]></item>
				<item id="notinherited"><![CDATA[0]]></item>
				<item id="isblank"><![CDATA[0]]></item>
			</item>
			<item id="11">
				<item id="bid"><![CDATA[11]]></item>
				<item id="blockclass"><![CDATA[html_html]]></item>
				<item id="blocktype"><![CDATA[0]]></item>
				<item id="name"><![CDATA[service]]></item>
				<item id="title"><![CDATA[]]></item>
				<item id="classname"><![CDATA[]]></item>
				<item id="summary"><![CDATA[<li class="deanttli1"><a href="#" target="_blank"><span></span><div class="clear"></div><em>收房量房</em></a></li>
            <li class="deanttli2"><a href="#" target="_blank"><span></span><div class="clear"></div><em>前期准备</em></a></li>
            <li class="deanttli3"><a href="#" target="_blank"><span></span><div class="clear"></div><em>选装修公司</em></a></li>
            <li class="deanttli4"><a href="#" target="_blank"><span></span><div class="clear"></div><em>设计阶段</em></a></li>
            <li class="deanttli5"><a href="#" target="_blank"><span></span><div class="clear"></div><em>材料选购</em></a></li>
            <li class="deanttli6"><a href="#" target="_blank"><span></span><div class="clear"></div><em>施工阶段</em></a></li>
            <li class="deanttli7"><a href="#" target="_blank"><span></span><div class="clear"></div><em>竣工验收</em></a></li>
            <li class="deanttli8"><a href="#" target="_blank"><span></span><div class="clear"></div><em>软装配饰</em></a></li>
            <li class="deanttli9"><a href="#" target="_blank"><span></span><div class="clear"></div><em>装修保障</em></a></li>]]></item>
				<item id="uid"><![CDATA[1]]></item>
				<item id="username"><![CDATA[admin]]></item>
				<item id="styleid"><![CDATA[0]]></item>
				<item id="blockstyle"><![CDATA[]]></item>
				<item id="picwidth"><![CDATA[0]]></item>
				<item id="picheight"><![CDATA[0]]></item>
				<item id="target"><![CDATA[blank]]></item>
				<item id="dateformat"><![CDATA[Y-m-d]]></item>
				<item id="dateuformat"><![CDATA[0]]></item>
				<item id="script"><![CDATA[blank]]></item>
				<item id="param">
					<item id="content"><![CDATA[<li class=\"deanttli1\"><a href=\"#\" target=\"_blank\"><span></span><div class=\"clear\"></div><em>收房量房</em></a></li>
            <li class=\"deanttli2\"><a href=\"#\" target=\"_blank\"><span></span><div class=\"clear\"></div><em>前期准备</em></a></li>
            <li class=\"deanttli3\"><a href=\"#\" target=\"_blank\"><span></span><div class=\"clear\"></div><em>选装修公司</em></a></li>
            <li class=\"deanttli4\"><a href=\"#\" target=\"_blank\"><span></span><div class=\"clear\"></div><em>设计阶段</em></a></li>
            <li class=\"deanttli5\"><a href=\"#\" target=\"_blank\"><span></span><div class=\"clear\"></div><em>材料选购</em></a></li>
            <li class=\"deanttli6\"><a href=\"#\" target=\"_blank\"><span></span><div class=\"clear\"></div><em>施工阶段</em></a></li>
            <li class=\"deanttli7\"><a href=\"#\" target=\"_blank\"><span></span><div class=\"clear\"></div><em>竣工验收</em></a></li>
            <li class=\"deanttli8\"><a href=\"#\" target=\"_blank\"><span></span><div class=\"clear\"></div><em>软装配饰</em></a></li>
            <li class=\"deanttli9\"><a href=\"#\" target=\"_blank\"><span></span><div class=\"clear\"></div><em>装修保障</em></a></li>]]></item>
					<item id="items"><![CDATA[10]]></item>
				</item>
				<item id="shownum"><![CDATA[10]]></item>
				<item id="cachetime"><![CDATA[0]]></item>
				<item id="cachetimerange"><![CDATA[0,0]]></item>
				<item id="punctualupdate"><![CDATA[0]]></item>
				<item id="hidedisplay"><![CDATA[0]]></item>
				<item id="dateline"><![CDATA[1504877314]]></item>
				<item id="notinherited"><![CDATA[0]]></item>
				<item id="isblank"><![CDATA[0]]></item>
			</item>
			<item id="12">
				<item id="bid"><![CDATA[12]]></item>
				<item id="blockclass"><![CDATA[portal_article]]></item>
				<item id="blocktype"><![CDATA[0]]></item>
				<item id="name"><![CDATA[gxgl]]></item>
				<item id="title"><![CDATA[]]></item>
				<item id="classname"><![CDATA[]]></item>
				<item id="summary"><![CDATA[]]></item>
				<item id="uid"><![CDATA[1]]></item>
				<item id="username"><![CDATA[admin]]></item>
				<item id="styleid"><![CDATA[114]]></item>
				<item id="blockstyle"><![CDATA[]]></item>
				<item id="picwidth"><![CDATA[0]]></item>
				<item id="picheight"><![CDATA[0]]></item>
				<item id="target"><![CDATA[blank]]></item>
				<item id="dateformat"><![CDATA[Y-m-d]]></item>
				<item id="dateuformat"><![CDATA[0]]></item>
				<item id="script"><![CDATA[articlehot]]></item>
				<item id="param">
					<item id="catid">
						<item id="0"><![CDATA[1]]></item>
						<item id="1"><![CDATA[4]]></item>
						<item id="2"><![CDATA[5]]></item>
						<item id="3"><![CDATA[6]]></item>
					</item>
					<item id="picrequired"><![CDATA[0]]></item>
					<item id="orderby"><![CDATA[viewnum]]></item>
					<item id="titlelength"><![CDATA[50]]></item>
					<item id="summarylength"><![CDATA[80]]></item>
					<item id="items"><![CDATA[6]]></item>
				</item>
				<item id="shownum"><![CDATA[6]]></item>
				<item id="cachetime"><![CDATA[3600]]></item>
				<item id="cachetimerange"><![CDATA[]]></item>
				<item id="punctualupdate"><![CDATA[0]]></item>
				<item id="hidedisplay"><![CDATA[0]]></item>
				<item id="dateline"><![CDATA[1504877201]]></item>
				<item id="notinherited"><![CDATA[0]]></item>
				<item id="isblank"><![CDATA[0]]></item>
			</item>
			<item id="13">
				<item id="bid"><![CDATA[13]]></item>
				<item id="blockclass"><![CDATA[forum_thread]]></item>
				<item id="blocktype"><![CDATA[0]]></item>
				<item id="name"><![CDATA[zxrz]]></item>
				<item id="title"><![CDATA[]]></item>
				<item id="classname"><![CDATA[]]></item>
				<item id="summary"><![CDATA[]]></item>
				<item id="uid"><![CDATA[1]]></item>
				<item id="username"><![CDATA[admin]]></item>
				<item id="styleid"><![CDATA[115]]></item>
				<item id="blockstyle"><![CDATA[]]></item>
				<item id="picwidth"><![CDATA[0]]></item>
				<item id="picheight"><![CDATA[0]]></item>
				<item id="target"><![CDATA[blank]]></item>
				<item id="dateformat"><![CDATA[Y-m-d]]></item>
				<item id="dateuformat"><![CDATA[0]]></item>
				<item id="script"><![CDATA[threadhot]]></item>
				<item id="param">
					<item id="fids">
						<item id="0"><![CDATA[0]]></item>
					</item>
					<item id="special">
						<item id="0"><![CDATA[0]]></item>
					</item>
					<item id="viewmod"><![CDATA[0]]></item>
					<item id="rewardstatus"><![CDATA[0]]></item>
					<item id="picrequired"><![CDATA[0]]></item>
					<item id="orderby"><![CDATA[views]]></item>
					<item id="postdateline"><![CDATA[0]]></item>
					<item id="lastpost"><![CDATA[0]]></item>
					<item id="titlelength"><![CDATA[50]]></item>
					<item id="summarylength"><![CDATA[80]]></item>
					<item id="items"><![CDATA[6]]></item>
				</item>
				<item id="shownum"><![CDATA[6]]></item>
				<item id="cachetime"><![CDATA[3600]]></item>
				<item id="cachetimerange"><![CDATA[]]></item>
				<item id="punctualupdate"><![CDATA[0]]></item>
				<item id="hidedisplay"><![CDATA[0]]></item>
				<item id="dateline"><![CDATA[1504877200]]></item>
				<item id="notinherited"><![CDATA[0]]></item>
				<item id="isblank"><![CDATA[0]]></item>
			</item>
			<item id="14">
				<item id="bid"><![CDATA[14]]></item>
				<item id="blockclass"><![CDATA[forum_thread]]></item>
				<item id="blocktype"><![CDATA[0]]></item>
				<item id="name"><![CDATA[zxwd]]></item>
				<item id="title"><![CDATA[]]></item>
				<item id="classname"><![CDATA[]]></item>
				<item id="summary"><![CDATA[]]></item>
				<item id="uid"><![CDATA[1]]></item>
				<item id="username"><![CDATA[admin]]></item>
				<item id="styleid"><![CDATA[115]]></item>
				<item id="blockstyle"><![CDATA[]]></item>
				<item id="picwidth"><![CDATA[0]]></item>
				<item id="picheight"><![CDATA[0]]></item>
				<item id="target"><![CDATA[blank]]></item>
				<item id="dateformat"><![CDATA[Y-m-d]]></item>
				<item id="dateuformat"><![CDATA[0]]></item>
				<item id="script"><![CDATA[threadhot]]></item>
				<item id="param">
					<item id="fids">
						<item id="0"><![CDATA[0]]></item>
					</item>
					<item id="special">
						<item id="0"><![CDATA[0]]></item>
					</item>
					<item id="viewmod"><![CDATA[0]]></item>
					<item id="rewardstatus"><![CDATA[0]]></item>
					<item id="picrequired"><![CDATA[0]]></item>
					<item id="orderby"><![CDATA[replies]]></item>
					<item id="postdateline"><![CDATA[0]]></item>
					<item id="lastpost"><![CDATA[0]]></item>
					<item id="titlelength"><![CDATA[50]]></item>
					<item id="summarylength"><![CDATA[80]]></item>
					<item id="items"><![CDATA[6]]></item>
					<item id="startrow"><![CDATA[0]]></item>
				</item>
				<item id="shownum"><![CDATA[6]]></item>
				<item id="cachetime"><![CDATA[3600]]></item>
				<item id="cachetimerange"><![CDATA[]]></item>
				<item id="punctualupdate"><![CDATA[0]]></item>
				<item id="hidedisplay"><![CDATA[0]]></item>
				<item id="dateline"><![CDATA[1504877200]]></item>
				<item id="notinherited"><![CDATA[0]]></item>
				<item id="isblank"><![CDATA[0]]></item>
			</item>
			<item id="15">
				<item id="bid"><![CDATA[15]]></item>
				<item id="blockclass"><![CDATA[html_html]]></item>
				<item id="blocktype"><![CDATA[0]]></item>
				<item id="name"><![CDATA[tools]]></item>
				<item id="title"><![CDATA[]]></item>
				<item id="classname"><![CDATA[]]></item>
				<item id="summary"><![CDATA[<dd><a href="#" target="_blank"><i class="deani1"></i><span>装修贷款计算器</span></a></dd>
                    <dd><a href="#" target="_blank"><i class="deani2"></i><span>装修完全手册</span></a></dd>
                    <dd><a href="#" target="_blank"><i class="deani3"></i><span>墙纸计算器</span></a></dd>
                    <dd><a href="#" target="_blank"><i class="deani4"></i><span>地砖计算器</span></a></dd>
                    <dd><a href="#" target="_blank"><i class="deani5"></i><span>2017装修吉日</span></a></dd>
                    <dd><a href="#" target="_blank"><i class="deani6"></i><span>2017入住吉日</span></a></dd>]]></item>
				<item id="uid"><![CDATA[1]]></item>
				<item id="username"><![CDATA[admin]]></item>
				<item id="styleid"><![CDATA[0]]></item>
				<item id="blockstyle"><![CDATA[]]></item>
				<item id="picwidth"><![CDATA[0]]></item>
				<item id="picheight"><![CDATA[0]]></item>
				<item id="target"><![CDATA[blank]]></item>
				<item id="dateformat"><![CDATA[Y-m-d]]></item>
				<item id="dateuformat"><![CDATA[0]]></item>
				<item id="script"><![CDATA[blank]]></item>
				<item id="param">
					<item id="content"><![CDATA[<dd><a href=\"#\" target=\"_blank\"><i class=\"deani1\"></i><span>装修贷款计算器</span></a></dd>
                    <dd><a href=\"#\" target=\"_blank\"><i class=\"deani2\"></i><span>装修完全手册</span></a></dd>
                    <dd><a href=\"#\" target=\"_blank\"><i class=\"deani3\"></i><span>墙纸计算器</span></a></dd>
                    <dd><a href=\"#\" target=\"_blank\"><i class=\"deani4\"></i><span>地砖计算器</span></a></dd>
                    <dd><a href=\"#\" target=\"_blank\"><i class=\"deani5\"></i><span>2017装修吉日</span></a></dd>
                    <dd><a href=\"#\" target=\"_blank\"><i class=\"deani6\"></i><span>2017入住吉日</span></a></dd>]]></item>
					<item id="items"><![CDATA[10]]></item>
				</item>
				<item id="shownum"><![CDATA[10]]></item>
				<item id="cachetime"><![CDATA[0]]></item>
				<item id="cachetimerange"><![CDATA[0,0]]></item>
				<item id="punctualupdate"><![CDATA[0]]></item>
				<item id="hidedisplay"><![CDATA[0]]></item>
				<item id="dateline"><![CDATA[1504877334]]></item>
				<item id="notinherited"><![CDATA[0]]></item>
				<item id="isblank"><![CDATA[0]]></item>
			</item>
			<item id="16">
				<item id="bid"><![CDATA[16]]></item>
				<item id="blockclass"><![CDATA[html_html]]></item>
				<item id="blocktype"><![CDATA[0]]></item>
				<item id="name"><![CDATA[shops]]></item>
				<item id="title"><![CDATA[]]></item>
				<item id="classname"><![CDATA[]]></item>
				<item id="summary"><![CDATA[]]></item>
				<item id="uid"><![CDATA[1]]></item>
				<item id="username"><![CDATA[admin]]></item>
				<item id="styleid"><![CDATA[0]]></item>
				<item id="blockstyle"><![CDATA[]]></item>
				<item id="picwidth"><![CDATA[0]]></item>
				<item id="picheight"><![CDATA[0]]></item>
				<item id="target"><![CDATA[blank]]></item>
				<item id="dateformat"><![CDATA[Y-m-d]]></item>
				<item id="dateuformat"><![CDATA[0]]></item>
				<item id="script"><![CDATA[sort]]></item>
				<item id="param">
					<item id="tids"><![CDATA[]]></item>
					<item id="fids">
						<item id="0"><![CDATA[0]]></item>
					</item>
					<item id="sortids"><![CDATA[1]]></item>
					<item id="recommend"><![CDATA[0]]></item>
					<item id="orderby"><![CDATA[views]]></item>
					<item id="lastpost"><![CDATA[0]]></item>
					<item id="startrow"><![CDATA[0]]></item>
					<item id="showitems"><![CDATA[10]]></item>
					<item id="items"><![CDATA[10]]></item>
				</item>
				<item id="shownum"><![CDATA[10]]></item>
				<item id="cachetime"><![CDATA[3600]]></item>
				<item id="cachetimerange"><![CDATA[]]></item>
				<item id="punctualupdate"><![CDATA[0]]></item>
				<item id="hidedisplay"><![CDATA[0]]></item>
				<item id="dateline"><![CDATA[1504877199]]></item>
				<item id="notinherited"><![CDATA[0]]></item>
				<item id="isblank"><![CDATA[0]]></item>
			</item>
			<item id="17">
				<item id="bid"><![CDATA[17]]></item>
				<item id="blockclass"><![CDATA[html_html]]></item>
				<item id="blocktype"><![CDATA[0]]></item>
				<item id="name"><![CDATA[ad]]></item>
				<item id="title"><![CDATA[]]></item>
				<item id="classname"><![CDATA[]]></item>
				<item id="summary"><![CDATA[<dd><a href="#" target="_blank"><img src="./template/dean_zx_170826/deancss/part/1.jpg" /></a></dd>
                <dd><a href="#" target="_blank"><img src="./template/dean_zx_170826/deancss/part/2.jpg" /></a></dd>
                <dd><a href="#" target="_blank"><img src="./template/dean_zx_170826/deancss/part/3.jpg" /></a></dd>
                <dd><a href="#" target="_blank"><img src="./template/dean_zx_170826/deancss/part/4.jpg" /></a></dd>
                <dd><a href="#" target="_blank"><img src="./template/dean_zx_170826/deancss/part/5.jpg" /></a></dd>]]></item>
				<item id="uid"><![CDATA[1]]></item>
				<item id="username"><![CDATA[admin]]></item>
				<item id="styleid"><![CDATA[0]]></item>
				<item id="blockstyle"><![CDATA[]]></item>
				<item id="picwidth"><![CDATA[0]]></item>
				<item id="picheight"><![CDATA[0]]></item>
				<item id="target"><![CDATA[blank]]></item>
				<item id="dateformat"><![CDATA[Y-m-d]]></item>
				<item id="dateuformat"><![CDATA[0]]></item>
				<item id="script"><![CDATA[blank]]></item>
				<item id="param">
					<item id="content"><![CDATA[<dd><a href=\"#\" target=\"_blank\"><img src=\"./template/dean_zx_170826/deancss/part/1.jpg\" /></a></dd>
                <dd><a href=\"#\" target=\"_blank\"><img src=\"./template/dean_zx_170826/deancss/part/2.jpg\" /></a></dd>
                <dd><a href=\"#\" target=\"_blank\"><img src=\"./template/dean_zx_170826/deancss/part/3.jpg\" /></a></dd>
                <dd><a href=\"#\" target=\"_blank\"><img src=\"./template/dean_zx_170826/deancss/part/4.jpg\" /></a></dd>
                <dd><a href=\"#\" target=\"_blank\"><img src=\"./template/dean_zx_170826/deancss/part/5.jpg\" /></a></dd>]]></item>
					<item id="items"><![CDATA[10]]></item>
				</item>
				<item id="shownum"><![CDATA[10]]></item>
				<item id="cachetime"><![CDATA[3600]]></item>
				<item id="cachetimerange"><![CDATA[]]></item>
				<item id="punctualupdate"><![CDATA[0]]></item>
				<item id="hidedisplay"><![CDATA[0]]></item>
				<item id="dateline"><![CDATA[1504877199]]></item>
				<item id="notinherited"><![CDATA[0]]></item>
				<item id="isblank"><![CDATA[0]]></item>
			</item>
			<item id="18">
				<item id="bid"><![CDATA[18]]></item>
				<item id="blockclass"><![CDATA[portal_article]]></item>
				<item id="blocktype"><![CDATA[0]]></item>
				<item id="name"><![CDATA[newindex]]></item>
				<item id="title"><![CDATA[]]></item>
				<item id="classname"><![CDATA[]]></item>
				<item id="summary"><![CDATA[]]></item>
				<item id="uid"><![CDATA[1]]></item>
				<item id="username"><![CDATA[admin]]></item>
				<item id="styleid"><![CDATA[116]]></item>
				<item id="blockstyle"><![CDATA[]]></item>
				<item id="picwidth"><![CDATA[378]]></item>
				<item id="picheight"><![CDATA[220]]></item>
				<item id="target"><![CDATA[blank]]></item>
				<item id="dateformat"><![CDATA[Y-m-d]]></item>
				<item id="dateuformat"><![CDATA[0]]></item>
				<item id="script"><![CDATA[articlehot]]></item>
				<item id="param">
					<item id="catid">
						<item id="0"><![CDATA[0]]></item>
					</item>
					<item id="picrequired"><![CDATA[1]]></item>
					<item id="orderby"><![CDATA[commentnum]]></item>
					<item id="titlelength"><![CDATA[50]]></item>
					<item id="summarylength"><![CDATA[80]]></item>
					<item id="items"><![CDATA[3]]></item>
				</item>
				<item id="shownum"><![CDATA[3]]></item>
				<item id="cachetime"><![CDATA[3600]]></item>
				<item id="cachetimerange"><![CDATA[]]></item>
				<item id="punctualupdate"><![CDATA[0]]></item>
				<item id="hidedisplay"><![CDATA[0]]></item>
				<item id="dateline"><![CDATA[1504877199]]></item>
				<item id="notinherited"><![CDATA[0]]></item>
				<item id="isblank"><![CDATA[0]]></item>
			</item>
			<item id="19">
				<item id="bid"><![CDATA[19]]></item>
				<item id="blockclass"><![CDATA[other_otherfriendlink]]></item>
				<item id="blocktype"><![CDATA[0]]></item>
				<item id="name"><![CDATA[links]]></item>
				<item id="title"><![CDATA[]]></item>
				<item id="classname"><![CDATA[]]></item>
				<item id="summary"><![CDATA[]]></item>
				<item id="uid"><![CDATA[1]]></item>
				<item id="username"><![CDATA[admin]]></item>
				<item id="styleid"><![CDATA[117]]></item>
				<item id="blockstyle"><![CDATA[]]></item>
				<item id="picwidth"><![CDATA[0]]></item>
				<item id="picheight"><![CDATA[0]]></item>
				<item id="target"><![CDATA[blank]]></item>
				<item id="dateformat"><![CDATA[Y-m-d]]></item>
				<item id="dateuformat"><![CDATA[0]]></item>
				<item id="script"><![CDATA[otherfriendlink]]></item>
				<item id="param">
					<item id="type">
						<item id="0"><![CDATA[1]]></item>
						<item id="1"><![CDATA[2]]></item>
						<item id="2"><![CDATA[3]]></item>
						<item id="3"><![CDATA[4]]></item>
					</item>
					<item id="titlelength"><![CDATA[40]]></item>
					<item id="summarylength"><![CDATA[80]]></item>
					<item id="items"><![CDATA[20]]></item>
				</item>
				<item id="shownum"><![CDATA[20]]></item>
				<item id="cachetime"><![CDATA[3600]]></item>
				<item id="cachetimerange"><![CDATA[]]></item>
				<item id="punctualupdate"><![CDATA[0]]></item>
				<item id="hidedisplay"><![CDATA[0]]></item>
				<item id="dateline"><![CDATA[1504877199]]></item>
				<item id="notinherited"><![CDATA[0]]></item>
				<item id="isblank"><![CDATA[0]]></item>
			</item>
			<item id="20">
				<item id="bid"><![CDATA[20]]></item>
				<item id="blockclass"><![CDATA[html_html]]></item>
				<item id="blocktype"><![CDATA[0]]></item>
				<item id="name"><![CDATA[zzx]]></item>
				<item id="title"><![CDATA[]]></item>
				<item id="classname"><![CDATA[]]></item>
				<item id="summary"><![CDATA[]]></item>
				<item id="uid"><![CDATA[1]]></item>
				<item id="username"><![CDATA[admin]]></item>
				<item id="styleid"><![CDATA[0]]></item>
				<item id="blockstyle"><![CDATA[]]></item>
				<item id="picwidth"><![CDATA[0]]></item>
				<item id="picheight"><![CDATA[0]]></item>
				<item id="target"><![CDATA[blank]]></item>
				<item id="dateformat"><![CDATA[Y-m-d]]></item>
				<item id="dateuformat"><![CDATA[0]]></item>
				<item id="script"><![CDATA[sort]]></item>
				<item id="param">
					<item id="tids"><![CDATA[]]></item>
					<item id="fids">
						<item id="0"><![CDATA[0]]></item>
					</item>
					<item id="sortids"><![CDATA[3]]></item>
					<item id="recommend"><![CDATA[0]]></item>
					<item id="orderby"><![CDATA[views]]></item>
					<item id="lastpost"><![CDATA[0]]></item>
					<item id="startrow"><![CDATA[0]]></item>
					<item id="showitems"><![CDATA[4]]></item>
					<item id="items"><![CDATA[10]]></item>
				</item>
				<item id="shownum"><![CDATA[10]]></item>
				<item id="cachetime"><![CDATA[3600]]></item>
				<item id="cachetimerange"><![CDATA[]]></item>
				<item id="punctualupdate"><![CDATA[0]]></item>
				<item id="hidedisplay"><![CDATA[0]]></item>
				<item id="dateline"><![CDATA[1504877198]]></item>
				<item id="notinherited"><![CDATA[0]]></item>
				<item id="isblank"><![CDATA[0]]></item>
			</item>
		</item>
		<item id="style">
			<item id="112">
				<item id="styleid"><![CDATA[112]]></item>
				<item id="blockclass"><![CDATA[forum_thread]]></item>
				<item id="name"><![CDATA[dean-zxddimg-list]]></item>
				<item id="template">
					<item id="raw"><![CDATA[[loop]
<dd>
                            <div class="deanzxpicimg deanlarge"><a href="{url}" target="_blank"><img src="{pic}" width="{picwidth}" height="{picheight}" title="{title}" /></a></div>
                            <div class="clear"></div>
                            <div class="deanzxpicinfo">
                                <h3><a href="{url}" target="_blank" title="{title}">{title}</a></h3>
                                <div class="clear"></div>
                                <div class="deanzxpicnum"><i>{views}</i><em>{replies}</em><b>{recommends}</b><div class="clear"></div></div>
                                <div class="clear"></div>
                                <div class="deanzxpicavar">
                                    <a href="home.php?mod=space&uid={authorid}&do=profile" target="_blank"><img src="{avatar_middle}" /></a>
                                    <span>{author}</span>
                                    <b>{dateline}</b>
                                    <div class="clear"></div>
                                </div>
                            </div>
                        </dd>
[/loop]]]></item>
					<item id="footer"><![CDATA[]]></item>
					<item id="header"><![CDATA[]]></item>
					<item id="indexplus"><![CDATA[
					]]></item>
					<item id="index"><![CDATA[
					]]></item>
					<item id="orderplus"><![CDATA[
					]]></item>
					<item id="order"><![CDATA[
					]]></item>
					<item id="loopplus"><![CDATA[
					]]></item>
					<item id="loop"><![CDATA[<dd>
                            <div class="deanzxpicimg deanlarge"><a href="{url}" target="_blank"><img src="{pic}" width="{picwidth}" height="{picheight}" title="{title}" /></a></div>
                            <div class="clear"></div>
                            <div class="deanzxpicinfo">
                                <h3><a href="{url}" target="_blank" title="{title}">{title}</a></h3>
                                <div class="clear"></div>
                                <div class="deanzxpicnum"><i>{views}</i><em>{replies}</em><b>{recommends}</b><div class="clear"></div></div>
                                <div class="clear"></div>
                                <div class="deanzxpicavar">
                                    <a href="home.php?mod=space&uid={authorid}&do=profile" target="_blank"><img src="{avatar_middle}" /></a>
                                    <span>{author}</span>
                                    <b>{dateline}</b>
                                    <div class="clear"></div>
                                </div>
                            </div>
                        </dd>]]></item>
				</item>
				<item id="hash"><![CDATA[f2bfa873]]></item>
				<item id="getpic"><![CDATA[1]]></item>
				<item id="getsummary"><![CDATA[0]]></item>
				<item id="makethumb"><![CDATA[1]]></item>
				<item id="settarget"><![CDATA[0]]></item>
				<item id="fields">
					<item id="0"><![CDATA[url]]></item>
					<item id="1"><![CDATA[pic]]></item>
					<item id="2"><![CDATA[title]]></item>
					<item id="3"><![CDATA[views]]></item>
					<item id="4"><![CDATA[replies]]></item>
					<item id="5"><![CDATA[recommends]]></item>
					<item id="6"><![CDATA[authorid]]></item>
					<item id="7"><![CDATA[avatar_middle]]></item>
					<item id="8"><![CDATA[author]]></item>
					<item id="9"><![CDATA[dateline]]></item>
				</item>
				<item id="moreurl"><![CDATA[0]]></item>
			</item>
			<item id="113">
				<item id="styleid"><![CDATA[113]]></item>
				<item id="blockclass"><![CDATA[forum_thread]]></item>
				<item id="name"><![CDATA[dean-zx-zxnote]]></item>
				<item id="template">
					<item id="raw"><![CDATA[<div class="deannotel wow fadeInLeft">
    <div class="deannoteinfo">
        <ul>
            [loop1]
                [order1=1]
                <li style="display:block;">
                    <div class="deannoteavar">
                        <div class="deannoteavarimg"><a href="home.php?mod=space&uid={authorid}&do=profile" target="_blank"><img src="{avatar_middle}"  /></a></div>
                        <div class="deannoteavarinfo">
                            <h3><a href="{url}" target="_blank" title="{title}">{title}</a></h3>
                            <div class="clear"></div>
                            <dl>
                                <dd><a href="home.php?mod=space&uid={authorid}&do=profile" target="_blank">{author}</a></dd>
                                <dd class="deanddpipe">|</dd>
                                <dd>{forumname}</dd>
                                <dd class="deanddpipe">|</dd>
                                <dd>{dateline}</dd>
                            </dl>
                        </div>
                        <div class="clear"></div>
                        <div class="deanzxnotesummary">{summary}</div>
                        <div class="clear"></div>
                        <div class="deanzxnotepics"><a href="{url}" target="_blank"><img src="{pic}" width="{picwidth}" height="{picheight}" title="{title}" /></a></div>
                    </div>
                </li>
                [/order1]
                <li>
                    <div class="deannoteavar">
                        <div class="deannoteavarimg"><a href="home.php?mod=space&uid={authorid}&do=profile" target="_blank"><img src="{avatar_middle}"  /></a></div>
                        <div class="deannoteavarinfo">
                            <h3><a href="{url}" target="_blank" title="{title}">{title}</a></h3>
                            <div class="clear"></div>
                            <dl>
                                <dd><a href="home.php?mod=space&uid={authorid}&do=profile" target="_blank">{author}</a></dd>
                                <dd class="deanddpipe">|</dd>
                                <dd>{forumname}</dd>
                                <dd class="deanddpipe">|</dd>
                                <dd>{dateline}</dd>
                            </dl>
                        </div>
                        <div class="clear"></div>
                        <div class="deanzxnotesummary">{summary}</div>
                        <div class="clear"></div>
                        <div class="deanzxnotepics"><a href="{url}" target="_blank"><img src="{pic}" width="{picwidth}" height="{picheight}" title="{title}" /></a></div>
                    </div>
                </li>
            [/loop1]
        </ul>
    </div>
</div>
<div class="deannoter wow fadeInRight">
    <div class="deannotemb">
    	<h3>装修日记</h3>
    	<div class="clear"></div>
    	<p>业主分享装修历程，还原线下装修体验 拆解各家装修公司服务口碑</p>
    	<div class="clear"></div>
        <ul>
            [loop2]
                [order2=1]<li class="cur"><img src="{avatar_middle}" /></li>[/order2]
                <li class="deangray"><img src="{avatar_middle}" /></li>
            [/loop2]
        </ul>
    </div>
</div>]]></item>
					<item id="footer"><![CDATA[]]></item>
					<item id="header"><![CDATA[]]></item>
					<item id="indexplus">
					</item>
					<item id="index">
					</item>
					<item id="orderplus">
						<item id="1">
							<item id="1"><![CDATA[<li style="display:block;">
                    <div class="deannoteavar">
                        <div class="deannoteavarimg"><a href="home.php?mod=space&uid={authorid}&do=profile" target="_blank"><img src="{avatar_middle}"  /></a></div>
                        <div class="deannoteavarinfo">
                            <h3><a href="{url}" target="_blank" title="{title}">{title}</a></h3>
                            <div class="clear"></div>
                            <dl>
                                <dd><a href="home.php?mod=space&uid={authorid}&do=profile" target="_blank">{author}</a></dd>
                                <dd class="deanddpipe">|</dd>
                                <dd>{forumname}</dd>
                                <dd class="deanddpipe">|</dd>
                                <dd>{dateline}</dd>
                            </dl>
                        </div>
                        <div class="clear"></div>
                        <div class="deanzxnotesummary">{summary}</div>
                        <div class="clear"></div>
                        <div class="deanzxnotepics"><a href="{url}" target="_blank"><img src="{pic}" width="{picwidth}" height="{picheight}" title="{title}" /></a></div>
                    </div>
                </li>]]></item>
						</item>
						<item id="2">
							<item id="1"><![CDATA[<li class="cur"><img src="{avatar_middle}" /></li>]]></item>
						</item>
					</item>
					<item id="order">
					</item>
					<item id="loopplus">
						<item id="1"><![CDATA[[order1=1]
                <li style="display:block;">
                    <div class="deannoteavar">
                        <div class="deannoteavarimg"><a href="home.php?mod=space&uid={authorid}&do=profile" target="_blank"><img src="{avatar_middle}"  /></a></div>
                        <div class="deannoteavarinfo">
                            <h3><a href="{url}" target="_blank" title="{title}">{title}</a></h3>
                            <div class="clear"></div>
                            <dl>
                                <dd><a href="home.php?mod=space&uid={authorid}&do=profile" target="_blank">{author}</a></dd>
                                <dd class="deanddpipe">|</dd>
                                <dd>{forumname}</dd>
                                <dd class="deanddpipe">|</dd>
                                <dd>{dateline}</dd>
                            </dl>
                        </div>
                        <div class="clear"></div>
                        <div class="deanzxnotesummary">{summary}</div>
                        <div class="clear"></div>
                        <div class="deanzxnotepics"><a href="{url}" target="_blank"><img src="{pic}" width="{picwidth}" height="{picheight}" title="{title}" /></a></div>
                    </div>
                </li>
                [/order1]
                <li>
                    <div class="deannoteavar">
                        <div class="deannoteavarimg"><a href="home.php?mod=space&uid={authorid}&do=profile" target="_blank"><img src="{avatar_middle}"  /></a></div>
                        <div class="deannoteavarinfo">
                            <h3><a href="{url}" target="_blank" title="{title}">{title}</a></h3>
                            <div class="clear"></div>
                            <dl>
                                <dd><a href="home.php?mod=space&uid={authorid}&do=profile" target="_blank">{author}</a></dd>
                                <dd class="deanddpipe">|</dd>
                                <dd>{forumname}</dd>
                                <dd class="deanddpipe">|</dd>
                                <dd>{dateline}</dd>
                            </dl>
                        </div>
                        <div class="clear"></div>
                        <div class="deanzxnotesummary">{summary}</div>
                        <div class="clear"></div>
                        <div class="deanzxnotepics"><a href="{url}" target="_blank"><img src="{pic}" width="{picwidth}" height="{picheight}" title="{title}" /></a></div>
                    </div>
                </li>]]></item>
						<item id="2"><![CDATA[[order2=1]<li class="cur"><img src="{avatar_middle}" /></li>[/order2]
                <li class="deangray"><img src="{avatar_middle}" /></li>]]></item>
					</item>
					<item id="loop">
					</item>
				</item>
				<item id="hash"><![CDATA[9968cdc2]]></item>
				<item id="getpic"><![CDATA[1]]></item>
				<item id="getsummary"><![CDATA[1]]></item>
				<item id="makethumb"><![CDATA[1]]></item>
				<item id="settarget"><![CDATA[0]]></item>
				<item id="fields">
					<item id="0"><![CDATA[authorid]]></item>
					<item id="1"><![CDATA[avatar_middle]]></item>
					<item id="2"><![CDATA[url]]></item>
					<item id="3"><![CDATA[title]]></item>
					<item id="4"><![CDATA[author]]></item>
					<item id="5"><![CDATA[forumname]]></item>
					<item id="6"><![CDATA[dateline]]></item>
					<item id="7"><![CDATA[summary]]></item>
					<item id="8"><![CDATA[pic]]></item>
				</item>
				<item id="moreurl"><![CDATA[0]]></item>
			</item>
			<item id="114">
				<item id="styleid"><![CDATA[114]]></item>
				<item id="blockclass"><![CDATA[portal_article]]></item>
				<item id="name"><![CDATA[dean-zx-zxgl]]></item>
				<item id="template">
					<item id="raw"><![CDATA[
[loop]
	<dd><a href="{url}"{target} title="{title}">{title}</a></dd>
[/loop]
]]></item>
					<item id="footer"><![CDATA[]]></item>
					<item id="header"><![CDATA[]]></item>
					<item id="indexplus"><![CDATA[
					]]></item>
					<item id="index"><![CDATA[
					]]></item>
					<item id="orderplus"><![CDATA[
					]]></item>
					<item id="order"><![CDATA[
					]]></item>
					<item id="loopplus"><![CDATA[
					]]></item>
					<item id="loop"><![CDATA[<dd><a href="{url}"{target} title="{title}">{title}</a></dd>]]></item>
				</item>
				<item id="hash"><![CDATA[8d26e7ad]]></item>
				<item id="getpic"><![CDATA[0]]></item>
				<item id="getsummary"><![CDATA[0]]></item>
				<item id="makethumb"><![CDATA[0]]></item>
				<item id="settarget"><![CDATA[1]]></item>
				<item id="fields">
					<item id="0"><![CDATA[url]]></item>
					<item id="1"><![CDATA[title]]></item>
				</item>
				<item id="moreurl"><![CDATA[0]]></item>
			</item>
			<item id="115">
				<item id="styleid"><![CDATA[115]]></item>
				<item id="blockclass"><![CDATA[forum_thread]]></item>
				<item id="name"><![CDATA[dean-zx-zxrz]]></item>
				<item id="template">
					<item id="raw"><![CDATA[
[loop]
	<dd><a href="{url}"{target} title="{title}">{title}</a></dd>
[/loop]
]]></item>
					<item id="footer"><![CDATA[]]></item>
					<item id="header"><![CDATA[]]></item>
					<item id="indexplus"><![CDATA[
					]]></item>
					<item id="index"><![CDATA[
					]]></item>
					<item id="orderplus"><![CDATA[
					]]></item>
					<item id="order"><![CDATA[
					]]></item>
					<item id="loopplus"><![CDATA[
					]]></item>
					<item id="loop"><![CDATA[<dd><a href="{url}"{target} title="{title}">{title}</a></dd>]]></item>
				</item>
				<item id="hash"><![CDATA[ce4c8c43]]></item>
				<item id="getpic"><![CDATA[0]]></item>
				<item id="getsummary"><![CDATA[0]]></item>
				<item id="makethumb"><![CDATA[0]]></item>
				<item id="settarget"><![CDATA[1]]></item>
				<item id="fields">
					<item id="0"><![CDATA[url]]></item>
					<item id="1"><![CDATA[title]]></item>
				</item>
				<item id="moreurl"><![CDATA[0]]></item>
			</item>
			<item id="116">
				<item id="styleid"><![CDATA[116]]></item>
				<item id="blockclass"><![CDATA[portal_article]]></item>
				<item id="name"><![CDATA[dean-zx-newindex]]></item>
				<item id="template">
					<item id="raw"><![CDATA[[loop]
<li>
                	<a href="{url}" target="_blank">
                    	<div class="deannewimg"><img src="{pic}" width="{picwidth}" height="{picheight}"  alt="{title}" title="{title}" /></div>
                        <div class="clear"></div>
                        <h3>{title}</h3>
                        <div class="clear"></div>
                        <div class="deannewname">
                        	浏览:{viewnum} / 日期：{dateline}
                        </div>
                    </a>
                </li>
[/loop]]]></item>
					<item id="footer"><![CDATA[]]></item>
					<item id="header"><![CDATA[]]></item>
					<item id="indexplus">
					</item>
					<item id="index">
					</item>
					<item id="orderplus">
					</item>
					<item id="order">
					</item>
					<item id="loopplus">
					</item>
					<item id="loop"><![CDATA[<li>
                	<a href="{url}" target="_blank">
                    	<div class="deannewimg"><img src="{pic}" width="{picwidth}" height="{picheight}"  alt="{title}" title="{title}" /></div>
                        <div class="clear"></div>
                        <h3>{title}</h3>
                        <div class="clear"></div>
                        <div class="deannewname">
                        	浏览:{viewnum} / 日期：{dateline}
                        </div>
                    </a>
                </li>]]></item>
				</item>
				<item id="hash"><![CDATA[096e93e4]]></item>
				<item id="getpic"><![CDATA[1]]></item>
				<item id="getsummary"><![CDATA[0]]></item>
				<item id="makethumb"><![CDATA[1]]></item>
				<item id="settarget"><![CDATA[0]]></item>
				<item id="fields">
					<item id="0"><![CDATA[url]]></item>
					<item id="1"><![CDATA[pic]]></item>
					<item id="2"><![CDATA[title]]></item>
					<item id="3"><![CDATA[viewnum]]></item>
					<item id="4"><![CDATA[dateline]]></item>
				</item>
				<item id="moreurl"><![CDATA[0]]></item>
			</item>
			<item id="117">
				<item id="styleid"><![CDATA[117]]></item>
				<item id="blockclass"><![CDATA[other_otherfriendlink]]></item>
				<item id="name"><![CDATA[dean-zx-links]]></item>
				<item id="template">
					<item id="raw"><![CDATA[[loop]
<li><a href="{url}" target="_blank" title="{title}">{title}</a></li>
[/loop]]]></item>
					<item id="footer"><![CDATA[]]></item>
					<item id="header"><![CDATA[]]></item>
					<item id="indexplus"><![CDATA[
					]]></item>
					<item id="index"><![CDATA[
					]]></item>
					<item id="orderplus"><![CDATA[
					]]></item>
					<item id="order"><![CDATA[
					]]></item>
					<item id="loopplus"><![CDATA[
					]]></item>
					<item id="loop"><![CDATA[<li><a href="{url}" target="_blank" title="{title}">{title}</a></li>]]></item>
				</item>
				<item id="hash"><![CDATA[7afabaaa]]></item>
				<item id="getpic"><![CDATA[0]]></item>
				<item id="getsummary"><![CDATA[0]]></item>
				<item id="makethumb"><![CDATA[0]]></item>
				<item id="settarget"><![CDATA[0]]></item>
				<item id="fields">
					<item id="0"><![CDATA[url]]></item>
					<item id="1"><![CDATA[title]]></item>
				</item>
				<item id="moreurl"><![CDATA[0]]></item>
			</item>
		</item>
	</item>
</root>