<?xml version="1.0" encoding="ISO-8859-1"?>
<root>
	<item id="spacecss"><![CDATA[]]></item>
	<item id="layoutdata">
		<item id="v2_diy1"><![CDATA[]]></item>
		<item id="v2_ad1"><![CDATA[]]></item>
		<item id="v2_diy2">
			<item id="frame`frameI1ITwc">
				<item id="attr">
					<item id="name"><![CDATA[frameI1ITwc]]></item>
					<item id="moveable"><![CDATA[true]]></item>
					<item id="className"><![CDATA[frame move-span cl frame-1]]></item>
					<item id="titles"><![CDATA[]]></item>
				</item>
				<item id="column`frameI1ITwc_left">
					<item id="attr">
						<item id="name"><![CDATA[frameI1ITwc_left]]></item>
						<item id="className"><![CDATA[column frame-1-c]]></item>
					</item>
					<item id="block`portal_block_391">
						<item id="attr">
							<item id="name"><![CDATA[portal_block_391]]></item>
							<item id="className"><![CDATA[block move-span]]></item>
							<item id="titles"><![CDATA[]]></item>
						</item>
					</item>
				</item>
			</item>
			<item id="frame`frameVWlTc2">
				<item id="attr">
					<item id="name"><![CDATA[frameVWlTc2]]></item>
					<item id="moveable"><![CDATA[true]]></item>
					<item id="className"><![CDATA[frame move-span cl frame-1]]></item>
					<item id="titles"><![CDATA[]]></item>
				</item>
				<item id="column`frameVWlTc2_left">
					<item id="attr">
						<item id="name"><![CDATA[frameVWlTc2_left]]></item>
						<item id="className"><![CDATA[column frame-1-c]]></item>
					</item>
					<item id="block`portal_block_401">
						<item id="attr">
							<item id="name"><![CDATA[portal_block_401]]></item>
							<item id="className"><![CDATA[block move-span]]></item>
							<item id="titles"><![CDATA[]]></item>
						</item>
					</item>
				</item>
			</item>
		</item>
		<item id="v2_ad2"><![CDATA[]]></item>
		<item id="v2_diy3">
			<item id="frame`framerW61wC">
				<item id="attr">
					<item id="name"><![CDATA[framerW61wC]]></item>
					<item id="moveable"><![CDATA[true]]></item>
					<item id="className"><![CDATA[frame move-span cl frame-1]]></item>
					<item id="titles"><![CDATA[]]></item>
				</item>
				<item id="column`framerW61wC_left">
					<item id="attr">
						<item id="name"><![CDATA[framerW61wC_left]]></item>
						<item id="className"><![CDATA[column frame-1-c]]></item>
					</item>
					<item id="block`portal_block_392">
						<item id="attr">
							<item id="name"><![CDATA[portal_block_392]]></item>
							<item id="className"><![CDATA[block move-span]]></item>
							<item id="titles"><![CDATA[]]></item>
						</item>
					</item>
				</item>
			</item>
		</item>
		<item id="v2_ad3">
			<item id="frame`framehWL0Iw">
				<item id="attr">
					<item id="name"><![CDATA[framehWL0Iw]]></item>
					<item id="moveable"><![CDATA[true]]></item>
					<item id="className"><![CDATA[frame move-span cl frame-1]]></item>
					<item id="titles"><![CDATA[]]></item>
				</item>
				<item id="column`framehWL0Iw_left">
					<item id="attr">
						<item id="name"><![CDATA[framehWL0Iw_left]]></item>
						<item id="className"><![CDATA[column frame-1-c]]></item>
					</item>
					<item id="block`portal_block_399">
						<item id="attr">
							<item id="name"><![CDATA[portal_block_399]]></item>
							<item id="className"><![CDATA[block move-span]]></item>
							<item id="titles"><![CDATA[]]></item>
						</item>
					</item>
				</item>
			</item>
		</item>
		<item id="v2_diy4">
			<item id="frame`framePDL62w">
				<item id="attr">
					<item id="name"><![CDATA[framePDL62w]]></item>
					<item id="moveable"><![CDATA[true]]></item>
					<item id="className"><![CDATA[frame move-span cl frame-1]]></item>
					<item id="titles"><![CDATA[]]></item>
				</item>
				<item id="column`framePDL62w_left">
					<item id="attr">
						<item id="name"><![CDATA[framePDL62w_left]]></item>
						<item id="className"><![CDATA[column frame-1-c]]></item>
					</item>
					<item id="block`portal_block_398">
						<item id="attr">
							<item id="name"><![CDATA[portal_block_398]]></item>
							<item id="className"><![CDATA[block move-span]]></item>
							<item id="titles"><![CDATA[]]></item>
						</item>
					</item>
				</item>
			</item>
		</item>
		<item id="v2_ad4"><![CDATA[]]></item>
		<item id="v2_diy5">
			<item id="frame`framekLDCFd">
				<item id="attr">
					<item id="name"><![CDATA[framekLDCFd]]></item>
					<item id="moveable"><![CDATA[true]]></item>
					<item id="className"><![CDATA[frame move-span cl frame-1]]></item>
					<item id="titles"><![CDATA[]]></item>
				</item>
				<item id="column`framekLDCFd_left">
					<item id="attr">
						<item id="name"><![CDATA[framekLDCFd_left]]></item>
						<item id="className"><![CDATA[column frame-1-c]]></item>
					</item>
					<item id="block`portal_block_394">
						<item id="attr">
							<item id="name"><![CDATA[portal_block_394]]></item>
							<item id="className"><![CDATA[block move-span]]></item>
							<item id="titles"><![CDATA[]]></item>
						</item>
					</item>
				</item>
			</item>
		</item>
		<item id="v2_ad5">
			<item id="frame`framemp1JJ2">
				<item id="attr">
					<item id="name"><![CDATA[framemp1JJ2]]></item>
					<item id="moveable"><![CDATA[true]]></item>
					<item id="className"><![CDATA[frame move-span cl frame-1]]></item>
					<item id="titles"><![CDATA[]]></item>
				</item>
				<item id="column`framemp1JJ2_left">
					<item id="attr">
						<item id="name"><![CDATA[framemp1JJ2_left]]></item>
						<item id="className"><![CDATA[column frame-1-c]]></item>
					</item>
					<item id="block`portal_block_393">
						<item id="attr">
							<item id="name"><![CDATA[portal_block_393]]></item>
							<item id="className"><![CDATA[block move-span]]></item>
							<item id="titles"><![CDATA[]]></item>
						</item>
					</item>
				</item>
			</item>
		</item>
		<item id="v2_diy6">
			<item id="frame`frameePHduc">
				<item id="attr">
					<item id="name"><![CDATA[frameePHduc]]></item>
					<item id="moveable"><![CDATA[true]]></item>
					<item id="className"><![CDATA[frame move-span cl frame-1]]></item>
					<item id="titles"><![CDATA[]]></item>
				</item>
				<item id="column`frameePHduc_left">
					<item id="attr">
						<item id="name"><![CDATA[frameePHduc_left]]></item>
						<item id="className"><![CDATA[column frame-1-c]]></item>
					</item>
					<item id="block`portal_block_395">
						<item id="attr">
							<item id="name"><![CDATA[portal_block_395]]></item>
							<item id="className"><![CDATA[block move-span]]></item>
							<item id="titles"><![CDATA[]]></item>
						</item>
					</item>
				</item>
			</item>
		</item>
		<item id="v2_ad6"><![CDATA[]]></item>
		<item id="v2_diy7">
			<item id="frame`frameDluLWu">
				<item id="attr">
					<item id="name"><![CDATA[frameDluLWu]]></item>
					<item id="moveable"><![CDATA[true]]></item>
					<item id="className"><![CDATA[frame move-span cl frame-1]]></item>
					<item id="titles"><![CDATA[]]></item>
				</item>
				<item id="column`frameDluLWu_left">
					<item id="attr">
						<item id="name"><![CDATA[frameDluLWu_left]]></item>
						<item id="className"><![CDATA[column frame-1-c]]></item>
					</item>
					<item id="block`portal_block_400">
						<item id="attr">
							<item id="name"><![CDATA[portal_block_400]]></item>
							<item id="className"><![CDATA[block move-span]]></item>
							<item id="titles"><![CDATA[]]></item>
						</item>
					</item>
				</item>
			</item>
		</item>
		<item id="v2_ad7"><![CDATA[]]></item>
		<item id="v2_diy8">
			<item id="frame`framefdu0d9">
				<item id="attr">
					<item id="name"><![CDATA[framefdu0d9]]></item>
					<item id="moveable"><![CDATA[true]]></item>
					<item id="className"><![CDATA[frame move-span cl frame-1]]></item>
					<item id="titles"><![CDATA[]]></item>
				</item>
				<item id="column`framefdu0d9_left">
					<item id="attr">
						<item id="name"><![CDATA[framefdu0d9_left]]></item>
						<item id="className"><![CDATA[column frame-1-c]]></item>
					</item>
					<item id="block`portal_block_396">
						<item id="attr">
							<item id="name"><![CDATA[portal_block_396]]></item>
							<item id="className"><![CDATA[block move-span]]></item>
							<item id="titles"><![CDATA[]]></item>
						</item>
					</item>
				</item>
			</item>
		</item>
		<item id="v2_ad8">
			<item id="frame`framezFXT2U">
				<item id="attr">
					<item id="name"><![CDATA[framezFXT2U]]></item>
					<item id="moveable"><![CDATA[true]]></item>
					<item id="className"><![CDATA[frame move-span cl frame-1]]></item>
					<item id="titles"><![CDATA[]]></item>
				</item>
				<item id="column`framezFXT2U_left">
					<item id="attr">
						<item id="name"><![CDATA[framezFXT2U_left]]></item>
						<item id="className"><![CDATA[column frame-1-c]]></item>
					</item>
					<item id="block`portal_block_397">
						<item id="attr">
							<item id="name"><![CDATA[portal_block_397]]></item>
							<item id="className"><![CDATA[block move-span]]></item>
							<item id="titles"><![CDATA[]]></item>
						</item>
					</item>
				</item>
			</item>
		</item>
		<item id="v2_diy9">
			<item id="frame`framerChiCu">
				<item id="attr">
					<item id="name"><![CDATA[framerChiCu]]></item>
					<item id="moveable"><![CDATA[true]]></item>
					<item id="className"><![CDATA[frame move-span cl frame-1]]></item>
					<item id="titles"><![CDATA[]]></item>
				</item>
				<item id="column`framerChiCu_left">
					<item id="attr">
						<item id="name"><![CDATA[framerChiCu_left]]></item>
						<item id="className"><![CDATA[column frame-1-c]]></item>
					</item>
					<item id="block`portal_block_402">
						<item id="attr">
							<item id="name"><![CDATA[portal_block_402]]></item>
							<item id="className"><![CDATA[block move-span]]></item>
							<item id="titles"><![CDATA[]]></item>
						</item>
					</item>
				</item>
			</item>
		</item>
		<item id="v2_ad9"><![CDATA[]]></item>
		<item id="v2_diy10">
			<item id="frame`framevdcDCw">
				<item id="attr">
					<item id="name"><![CDATA[framevdcDCw]]></item>
					<item id="moveable"><![CDATA[true]]></item>
					<item id="className"><![CDATA[frame move-span cl frame-1]]></item>
					<item id="titles"><![CDATA[]]></item>
				</item>
				<item id="column`framevdcDCw_left">
					<item id="attr">
						<item id="name"><![CDATA[framevdcDCw_left]]></item>
						<item id="className"><![CDATA[column frame-1-c]]></item>
					</item>
					<item id="block`portal_block_403">
						<item id="attr">
							<item id="name"><![CDATA[portal_block_403]]></item>
							<item id="className"><![CDATA[block move-span]]></item>
							<item id="titles"><![CDATA[]]></item>
						</item>
					</item>
				</item>
			</item>
		</item>
		<item id="v2_ad10"><![CDATA[]]></item>
		<item id="v2_diy11"><![CDATA[]]></item>
	</item>
	<item id="blockdata">
		<item id="block">
			<item id="391">
				<item id="bid"><![CDATA[391]]></item>
				<item id="blockclass"><![CDATA[forum_thread]]></item>
				<item id="blocktype"><![CDATA[0]]></item>
				<item id="name"><![CDATA[H_幻燈片]]></item>
				<item id="title"><![CDATA[]]></item>
				<item id="classname"><![CDATA[]]></item>
				<item id="summary"><![CDATA[]]></item>
				<item id="uid"><![CDATA[1]]></item>
				<item id="username"><![CDATA[管理員]]></item>
				<item id="styleid"><![CDATA[0]]></item>
				<item id="blockstyle">
					<item id="name"><![CDATA[]]></item>
					<item id="blockclass"><![CDATA[forum_thread]]></item>
					<item id="makethumb"><![CDATA[1]]></item>
					<item id="getpic"><![CDATA[1]]></item>
					<item id="getsummary"><![CDATA[0]]></item>
					<item id="settarget"><![CDATA[0]]></item>
					<item id="moreurl"><![CDATA[0]]></item>
					<item id="fields">
						<item id="0"><![CDATA[url]]></item>
						<item id="1"><![CDATA[pic]]></item>
					</item>
					<item id="template">
						<item id="raw"><![CDATA[<div class="slide_scroll">
    <ul class="aslide_box">
    [loop1]<li class="aslide_item"><a href="{url}"><img src="{pic}" width="{picwidth}" height="{picheight}" /></a></li>[/loop1] 
    </ul>
    <div class="slide_pagination"></div>
<div class="waves"><div class="waves_top"></div><div class="waves_bottom"></div></div>
</div>
<script type="text/javascript">
    var swiperslide = new Swiper('.slide_scroll', {
        wrapperClass:'aslide_box',
        slideClass:'aslide_item',
        pagination:'.slide_pagination',
        loop:true,
        autoplay:5000,
        autoplayDisableOnInteraction:false,
        grabCursor:true,
        paginationClickable:true,
    });
</script>]]></item>
						<item id="footer"><![CDATA[]]></item>
						<item id="header"><![CDATA[]]></item>
						<item id="indexplus"><![CDATA[
						]]></item>
						<item id="index"><![CDATA[
						]]></item>
						<item id="orderplus"><![CDATA[
						]]></item>
						<item id="order"><![CDATA[
						]]></item>
						<item id="loopplus">
							<item id="1"><![CDATA[<li class="aslide_item"><a href="{url}"><img src="{pic}" width="{picwidth}" height="{picheight}" /></a></li>]]></item>
						</item>
						<item id="loop"><![CDATA[
						]]></item>
					</item>
					<item id="hash"><![CDATA[bd250af8]]></item>
				</item>
				<item id="picwidth"><![CDATA[600]]></item>
				<item id="picheight"><![CDATA[340]]></item>
				<item id="target"><![CDATA[blank]]></item>
				<item id="dateformat"><![CDATA[m-d]]></item>
				<item id="dateuformat"><![CDATA[1]]></item>
				<item id="script"><![CDATA[thread]]></item>
				<item id="param">
					<item id="tids"><![CDATA[]]></item>
					<item id="uids"><![CDATA[]]></item>
					<item id="keyword"><![CDATA[]]></item>
					<item id="tagkeyword"><![CDATA[]]></item>
					<item id="fids">
						<item id="0"><![CDATA[46]]></item>
						<item id="1"><![CDATA[101]]></item>
						<item id="2"><![CDATA[100]]></item>
						<item id="3"><![CDATA[106]]></item>
						<item id="4"><![CDATA[107]]></item>
						<item id="5"><![CDATA[108]]></item>
						<item id="6"><![CDATA[109]]></item>
						<item id="7"><![CDATA[110]]></item>
						<item id="8"><![CDATA[102]]></item>
						<item id="9"><![CDATA[111]]></item>
						<item id="10"><![CDATA[112]]></item>
						<item id="11"><![CDATA[103]]></item>
						<item id="12"><![CDATA[113]]></item>
						<item id="13"><![CDATA[47]]></item>
						<item id="14"><![CDATA[48]]></item>
						<item id="15"><![CDATA[99]]></item>
						<item id="16"><![CDATA[116]]></item>
						<item id="17"><![CDATA[117]]></item>
						<item id="18"><![CDATA[1]]></item>
						<item id="19"><![CDATA[2]]></item>
						<item id="20"><![CDATA[58]]></item>
						<item id="21"><![CDATA[57]]></item>
						<item id="22"><![CDATA[49]]></item>
						<item id="23"><![CDATA[50]]></item>
						<item id="24"><![CDATA[53]]></item>
						<item id="25"><![CDATA[38]]></item>
						<item id="26"><![CDATA[115]]></item>
						<item id="27"><![CDATA[51]]></item>
						<item id="28"><![CDATA[52]]></item>
						<item id="29"><![CDATA[36]]></item>
						<item id="30"><![CDATA[37]]></item>
						<item id="31"><![CDATA[39]]></item>
						<item id="32"><![CDATA[40]]></item>
						<item id="33"><![CDATA[68]]></item>
						<item id="34"><![CDATA[69]]></item>
						<item id="35"><![CDATA[70]]></item>
						<item id="36"><![CDATA[73]]></item>
						<item id="37"><![CDATA[74]]></item>
						<item id="38"><![CDATA[71]]></item>
						<item id="39"><![CDATA[72]]></item>
						<item id="40"><![CDATA[42]]></item>
						<item id="41"><![CDATA[60]]></item>
						<item id="42"><![CDATA[59]]></item>
						<item id="43"><![CDATA[43]]></item>
					</item>
					<item id="typeids"><![CDATA[]]></item>
					<item id="reply"><![CDATA[0]]></item>
					<item id="recommend"><![CDATA[0]]></item>
					<item id="special">
						<item id="0"><![CDATA[0]]></item>
					</item>
					<item id="viewmod"><![CDATA[0]]></item>
					<item id="rewardstatus"><![CDATA[0]]></item>
					<item id="picrequired"><![CDATA[1]]></item>
					<item id="orderby"><![CDATA[views]]></item>
					<item id="postdateline"><![CDATA[0]]></item>
					<item id="lastpost"><![CDATA[0]]></item>
					<item id="highlight"><![CDATA[0]]></item>
					<item id="titlelength"><![CDATA[40]]></item>
					<item id="summarylength"><![CDATA[80]]></item>
					<item id="startrow"><![CDATA[0]]></item>
					<item id="items"><![CDATA[3]]></item>
					<item id="bannedids"><![CDATA[9,256]]></item>
				</item>
				<item id="shownum"><![CDATA[3]]></item>
				<item id="cachetime"><![CDATA[60]]></item>
				<item id="cachetimerange"><![CDATA[]]></item>
				<item id="punctualupdate"><![CDATA[0]]></item>
				<item id="hidedisplay"><![CDATA[0]]></item>
				<item id="dateline"><![CDATA[1567673655]]></item>
				<item id="notinherited"><![CDATA[0]]></item>
				<item id="isblank"><![CDATA[0]]></item>
			</item>
			<item id="392">
				<item id="bid"><![CDATA[392]]></item>
				<item id="blockclass"><![CDATA[forum_thread]]></item>
				<item id="blocktype"><![CDATA[0]]></item>
				<item id="name"><![CDATA[H_今日快訊]]></item>
				<item id="title"><![CDATA[]]></item>
				<item id="classname"><![CDATA[]]></item>
				<item id="summary"><![CDATA[]]></item>
				<item id="uid"><![CDATA[1]]></item>
				<item id="username"><![CDATA[管理員]]></item>
				<item id="styleid"><![CDATA[0]]></item>
				<item id="blockstyle">
					<item id="name"><![CDATA[]]></item>
					<item id="blockclass"><![CDATA[forum_thread]]></item>
					<item id="makethumb"><![CDATA[0]]></item>
					<item id="getpic"><![CDATA[0]]></item>
					<item id="getsummary"><![CDATA[1]]></item>
					<item id="settarget"><![CDATA[1]]></item>
					<item id="moreurl"><![CDATA[0]]></item>
					<item id="fields">
						<item id="0"><![CDATA[url]]></item>
						<item id="1"><![CDATA[title]]></item>
						<item id="2"><![CDATA[summary]]></item>
						<item id="3"><![CDATA[dateline]]></item>
					</item>
					<item id="template">
						<item id="raw"><![CDATA[<div class="index-title">
<span class="z"><a href="#">今日快訊</a></span>
<a href="#" class="title-more"><i class="vt-right"></i></a>
</div>
<div class="recommend">
<div class="topline">
[index=1]
<a href="{url}" title="{title}"{target}>
<h1>{title}</h1>
<p>{summary}</p>
</a>
[/index]
</div>
<ul id="list1">
[loop]
<li><a href="{url}" title="{title}"{target}><em>{dateline}</em>{title}</a></li>
[/loop]
</ul>
</div>]]></item>
						<item id="footer"><![CDATA[]]></item>
						<item id="header"><![CDATA[]]></item>
						<item id="indexplus"><![CDATA[
						]]></item>
						<item id="index">
							<item id="1"><![CDATA[<a href="{url}" title="{title}"{target}>
<h1>{title}</h1>
<p>{summary}</p>
</a>]]></item>
						</item>
						<item id="orderplus"><![CDATA[
						]]></item>
						<item id="order"><![CDATA[
						]]></item>
						<item id="loopplus"><![CDATA[
						]]></item>
						<item id="loop"><![CDATA[<li><a href="{url}" title="{title}"{target}><em>{dateline}</em>{title}</a></li>]]></item>
					</item>
					<item id="hash"><![CDATA[87578c91]]></item>
				</item>
				<item id="picwidth"><![CDATA[0]]></item>
				<item id="picheight"><![CDATA[0]]></item>
				<item id="target"><![CDATA[blank]]></item>
				<item id="dateformat"><![CDATA[m-d]]></item>
				<item id="dateuformat"><![CDATA[1]]></item>
				<item id="script"><![CDATA[thread]]></item>
				<item id="param">
					<item id="tids"><![CDATA[]]></item>
					<item id="uids"><![CDATA[]]></item>
					<item id="keyword"><![CDATA[]]></item>
					<item id="tagkeyword"><![CDATA[]]></item>
					<item id="fids">
						<item id="0"><![CDATA[2]]></item>
					</item>
					<item id="typeids"><![CDATA[]]></item>
					<item id="reply"><![CDATA[0]]></item>
					<item id="recommend"><![CDATA[0]]></item>
					<item id="viewmod"><![CDATA[0]]></item>
					<item id="rewardstatus"><![CDATA[0]]></item>
					<item id="picrequired"><![CDATA[0]]></item>
					<item id="orderby"><![CDATA[replies]]></item>
					<item id="postdateline"><![CDATA[0]]></item>
					<item id="lastpost"><![CDATA[0]]></item>
					<item id="highlight"><![CDATA[0]]></item>
					<item id="titlelength"><![CDATA[40]]></item>
					<item id="summarylength"><![CDATA[80]]></item>
					<item id="startrow"><![CDATA[0]]></item>
					<item id="items"><![CDATA[5]]></item>
				</item>
				<item id="shownum"><![CDATA[5]]></item>
				<item id="cachetime"><![CDATA[60]]></item>
				<item id="cachetimerange"><![CDATA[]]></item>
				<item id="punctualupdate"><![CDATA[0]]></item>
				<item id="hidedisplay"><![CDATA[0]]></item>
				<item id="dateline"><![CDATA[1567673660]]></item>
				<item id="notinherited"><![CDATA[0]]></item>
				<item id="isblank"><![CDATA[0]]></item>
			</item>
			<item id="393">
				<item id="bid"><![CDATA[393]]></item>
				<item id="blockclass"><![CDATA[html_html]]></item>
				<item id="blocktype"><![CDATA[0]]></item>
				<item id="name"><![CDATA[v6_廣告]]></item>
				<item id="title"><![CDATA[]]></item>
				<item id="classname"><![CDATA[]]></item>
				<item id="summary"><![CDATA[<table cellpadding="0" cellspacing="0" border="0" width="100%" style=" background:#fff; margin-bottom:8px;">
<tr>            
<td width="50%" style="border-right:1px solid #f5f5f5;">
<a href="https://addon.dismall.com/?@v2_mbl20121009.template" style="display:block;"><img src="template/v2_mbl20121009/touch_plus/img/2017/2017_1.jpg" style=" width:100%; vertical-align:top"></a>
</td>
<td width="50%;">
<div style="border-bottom:1px solid #f5f5f5;"><a href="http://d2.v2my.com/forum.php?mod=forumdisplay&fid=54" style="display:block;"><img src="template/v2_mbl20121009/touch_plus/img/2017/2017_2.jpg" style="width:100%; vertical-align:top"></a></div>
<div><a href="http://d2.v2my.com/forum.php?mod=forumdisplay&fid=47" style="display:block;"><img src="template/v2_mbl20121009/touch_plus/img/2017/2017_3.jpg" style="width:100%; vertical-align:top"></a></div>
</td>
</tr>
</table>]]></item>
				<item id="uid"><![CDATA[1]]></item>
				<item id="username"><![CDATA[管理員]]></item>
				<item id="styleid"><![CDATA[0]]></item>
				<item id="blockstyle"><![CDATA[]]></item>
				<item id="picwidth"><![CDATA[0]]></item>
				<item id="picheight"><![CDATA[0]]></item>
				<item id="target"><![CDATA[blank]]></item>
				<item id="dateformat"><![CDATA[Y-m-d]]></item>
				<item id="dateuformat"><![CDATA[0]]></item>
				<item id="script"><![CDATA[blank]]></item>
				<item id="param">
					<item id="content"><![CDATA[<table cellpadding=\"0\" cellspacing=\"0\" border=\"0\" width=\"100%\" style=\" background:#fff; margin-bottom:8px;\">
<tr>            
<td width=\"50%\" style=\"border-right:1px solid #f5f5f5;\">
<a href=\"https://addon.dismall.com/?@v2_mbl20121009.template\" style=\"display:block;\"><img src=\"template/v2_mbl20121009/touch_plus/img/2017/2017_1.jpg\" style=\" width:100%; vertical-align:top\"></a>
</td>
<td width=\"50%;\">
<div style=\"border-bottom:1px solid #f5f5f5;\"><a href=\"http://d2.v2my.com/forum.php?mod=forumdisplay&fid=54\" style=\"display:block;\"><img src=\"template/v2_mbl20121009/touch_plus/img/2017/2017_2.jpg\" style=\"width:100%; vertical-align:top\"></a></div>
<div><a href=\"http://d2.v2my.com/forum.php?mod=forumdisplay&fid=47\" style=\"display:block;\"><img src=\"template/v2_mbl20121009/touch_plus/img/2017/2017_3.jpg\" style=\"width:100%; vertical-align:top\"></a></div>
</td>
</tr>
</table>]]></item>
					<item id="items"><![CDATA[10]]></item>
				</item>
				<item id="shownum"><![CDATA[10]]></item>
				<item id="cachetime"><![CDATA[0]]></item>
				<item id="cachetimerange"><![CDATA[0,0]]></item>
				<item id="punctualupdate"><![CDATA[0]]></item>
				<item id="hidedisplay"><![CDATA[0]]></item>
				<item id="dateline"><![CDATA[1567673619]]></item>
				<item id="notinherited"><![CDATA[0]]></item>
				<item id="isblank"><![CDATA[0]]></item>
			</item>
			<item id="394">
				<item id="bid"><![CDATA[394]]></item>
				<item id="blockclass"><![CDATA[forum_thread]]></item>
				<item id="blocktype"><![CDATA[0]]></item>
				<item id="name"><![CDATA[H_身邊事]]></item>
				<item id="title"><![CDATA[]]></item>
				<item id="classname"><![CDATA[]]></item>
				<item id="summary"><![CDATA[]]></item>
				<item id="uid"><![CDATA[1]]></item>
				<item id="username"><![CDATA[管理員]]></item>
				<item id="styleid"><![CDATA[0]]></item>
				<item id="blockstyle">
					<item id="name"><![CDATA[]]></item>
					<item id="blockclass"><![CDATA[forum_thread]]></item>
					<item id="makethumb"><![CDATA[1]]></item>
					<item id="getpic"><![CDATA[1]]></item>
					<item id="getsummary"><![CDATA[0]]></item>
					<item id="settarget"><![CDATA[1]]></item>
					<item id="moreurl"><![CDATA[0]]></item>
					<item id="fields">
						<item id="0"><![CDATA[url]]></item>
						<item id="1"><![CDATA[title]]></item>
						<item id="2"><![CDATA[pic]]></item>
						<item id="3"><![CDATA[author]]></item>
						<item id="4"><![CDATA[dateline]]></item>
						<item id="5"><![CDATA[views]]></item>
					</item>
					<item id="template">
						<item id="raw"><![CDATA[<div class="index-title">
<span class="z"><a href="#">身邊事</a></span>
<span class="y"><a href="#">看點</a><span>|</span><a href="#">突發</a></span>
</div>
<div class="recommend-pic">
<ul id="list2">
[loop]
<li>
<a href="{url}" title="{title}"{target}>
<img src="{pic}" width="{picwidth}" height="{picheight}" class="tw_img" />
<h1>{title}</h1>
<p><span>{author}</span>{dateline}<em>{views}閱讀</em></p>
</a>
</li>
[/loop]
</ul>
</div>
]]></item>
						<item id="footer"><![CDATA[]]></item>
						<item id="header"><![CDATA[]]></item>
						<item id="indexplus"><![CDATA[
						]]></item>
						<item id="index"><![CDATA[
						]]></item>
						<item id="orderplus"><![CDATA[
						]]></item>
						<item id="order"><![CDATA[
						]]></item>
						<item id="loopplus"><![CDATA[
						]]></item>
						<item id="loop"><![CDATA[<li>
<a href="{url}" title="{title}"{target}>
<img src="{pic}" width="{picwidth}" height="{picheight}" class="tw_img" />
<h1>{title}</h1>
<p><span>{author}</span>{dateline}<em>{views}閱讀</em></p>
</a>
</li>]]></item>
					</item>
					<item id="hash"><![CDATA[615328fc]]></item>
				</item>
				<item id="picwidth"><![CDATA[180]]></item>
				<item id="picheight"><![CDATA[144]]></item>
				<item id="target"><![CDATA[blank]]></item>
				<item id="dateformat"><![CDATA[m-d]]></item>
				<item id="dateuformat"><![CDATA[1]]></item>
				<item id="script"><![CDATA[thread]]></item>
				<item id="param">
					<item id="tids"><![CDATA[]]></item>
					<item id="uids"><![CDATA[]]></item>
					<item id="keyword"><![CDATA[]]></item>
					<item id="tagkeyword"><![CDATA[]]></item>
					<item id="fids">
						<item id="0"><![CDATA[2]]></item>
					</item>
					<item id="typeids"><![CDATA[]]></item>
					<item id="reply"><![CDATA[0]]></item>
					<item id="recommend"><![CDATA[0]]></item>
					<item id="viewmod"><![CDATA[0]]></item>
					<item id="rewardstatus"><![CDATA[0]]></item>
					<item id="picrequired"><![CDATA[1]]></item>
					<item id="orderby"><![CDATA[views]]></item>
					<item id="postdateline"><![CDATA[0]]></item>
					<item id="lastpost"><![CDATA[0]]></item>
					<item id="highlight"><![CDATA[0]]></item>
					<item id="titlelength"><![CDATA[40]]></item>
					<item id="summarylength"><![CDATA[80]]></item>
					<item id="startrow"><![CDATA[0]]></item>
					<item id="items"><![CDATA[7]]></item>
				</item>
				<item id="shownum"><![CDATA[7]]></item>
				<item id="cachetime"><![CDATA[60]]></item>
				<item id="cachetimerange"><![CDATA[]]></item>
				<item id="punctualupdate"><![CDATA[0]]></item>
				<item id="hidedisplay"><![CDATA[0]]></item>
				<item id="dateline"><![CDATA[1567671362]]></item>
				<item id="notinherited"><![CDATA[0]]></item>
				<item id="isblank"><![CDATA[0]]></item>
			</item>
			<item id="395">
				<item id="bid"><![CDATA[395]]></item>
				<item id="blockclass"><![CDATA[forum_thread]]></item>
				<item id="blocktype"><![CDATA[0]]></item>
				<item id="name"><![CDATA[H_新聞畫報]]></item>
				<item id="title"><![CDATA[]]></item>
				<item id="classname"><![CDATA[]]></item>
				<item id="summary"><![CDATA[]]></item>
				<item id="uid"><![CDATA[1]]></item>
				<item id="username"><![CDATA[管理員]]></item>
				<item id="styleid"><![CDATA[0]]></item>
				<item id="blockstyle">
					<item id="name"><![CDATA[]]></item>
					<item id="blockclass"><![CDATA[forum_thread]]></item>
					<item id="makethumb"><![CDATA[1]]></item>
					<item id="getpic"><![CDATA[1]]></item>
					<item id="getsummary"><![CDATA[0]]></item>
					<item id="settarget"><![CDATA[1]]></item>
					<item id="moreurl"><![CDATA[0]]></item>
					<item id="fields">
						<item id="0"><![CDATA[url]]></item>
						<item id="1"><![CDATA[title]]></item>
						<item id="2"><![CDATA[pic]]></item>
					</item>
					<item id="template">
						<item id="raw"><![CDATA[<div class="index-title">
<span class="z"><a href="#">新聞畫報</a></span>
<span class="y"><a href="#">娛樂</a><span>|</span><a href="#">體育</a></span>
</div>
<div class="pictorials">
    <ul class="pictorials_roll">
        [loop]<li class="pictorials_wrapper"><a href="{url}" title="{title}"{target}><img src="{pic}" width="{picwidth}" height="{picheight}" /><h1>{title}</h1></a></li>[/loop]
    </ul>
</div>]]></item>
						<item id="footer"><![CDATA[]]></item>
						<item id="header"><![CDATA[]]></item>
						<item id="indexplus"><![CDATA[
						]]></item>
						<item id="index"><![CDATA[
						]]></item>
						<item id="orderplus"><![CDATA[
						]]></item>
						<item id="order"><![CDATA[
						]]></item>
						<item id="loopplus"><![CDATA[
						]]></item>
						<item id="loop"><![CDATA[<li class="pictorials_wrapper"><a href="{url}" title="{title}"{target}><img src="{pic}" width="{picwidth}" height="{picheight}" /><h1>{title}</h1></a></li>]]></item>
					</item>
					<item id="hash"><![CDATA[64285941]]></item>
				</item>
				<item id="picwidth"><![CDATA[290]]></item>
				<item id="picheight"><![CDATA[220]]></item>
				<item id="target"><![CDATA[blank]]></item>
				<item id="dateformat"><![CDATA[m-d]]></item>
				<item id="dateuformat"><![CDATA[1]]></item>
				<item id="script"><![CDATA[thread]]></item>
				<item id="param">
					<item id="tids"><![CDATA[]]></item>
					<item id="uids"><![CDATA[]]></item>
					<item id="keyword"><![CDATA[]]></item>
					<item id="tagkeyword"><![CDATA[]]></item>
					<item id="fids">
						<item id="0"><![CDATA[2]]></item>
					</item>
					<item id="typeids"><![CDATA[]]></item>
					<item id="reply"><![CDATA[0]]></item>
					<item id="recommend"><![CDATA[0]]></item>
					<item id="special">
						<item id="0"><![CDATA[0]]></item>
					</item>
					<item id="viewmod"><![CDATA[0]]></item>
					<item id="rewardstatus"><![CDATA[0]]></item>
					<item id="picrequired"><![CDATA[1]]></item>
					<item id="orderby"><![CDATA[dateline]]></item>
					<item id="postdateline"><![CDATA[0]]></item>
					<item id="lastpost"><![CDATA[0]]></item>
					<item id="highlight"><![CDATA[0]]></item>
					<item id="titlelength"><![CDATA[40]]></item>
					<item id="summarylength"><![CDATA[80]]></item>
					<item id="startrow"><![CDATA[0]]></item>
					<item id="items"><![CDATA[6]]></item>
				</item>
				<item id="shownum"><![CDATA[6]]></item>
				<item id="cachetime"><![CDATA[60]]></item>
				<item id="cachetimerange"><![CDATA[]]></item>
				<item id="punctualupdate"><![CDATA[0]]></item>
				<item id="hidedisplay"><![CDATA[0]]></item>
				<item id="dateline"><![CDATA[1567673487]]></item>
				<item id="notinherited"><![CDATA[0]]></item>
				<item id="isblank"><![CDATA[0]]></item>
			</item>
			<item id="396">
				<item id="bid"><![CDATA[396]]></item>
				<item id="blockclass"><![CDATA[forum_thread]]></item>
				<item id="blocktype"><![CDATA[0]]></item>
				<item id="name"><![CDATA[H_新聞動態]]></item>
				<item id="title"><![CDATA[]]></item>
				<item id="classname"><![CDATA[]]></item>
				<item id="summary"><![CDATA[]]></item>
				<item id="uid"><![CDATA[1]]></item>
				<item id="username"><![CDATA[管理員]]></item>
				<item id="styleid"><![CDATA[0]]></item>
				<item id="blockstyle">
					<item id="name"><![CDATA[]]></item>
					<item id="blockclass"><![CDATA[forum_thread]]></item>
					<item id="makethumb"><![CDATA[1]]></item>
					<item id="getpic"><![CDATA[1]]></item>
					<item id="getsummary"><![CDATA[0]]></item>
					<item id="settarget"><![CDATA[1]]></item>
					<item id="moreurl"><![CDATA[0]]></item>
					<item id="fields">
						<item id="0"><![CDATA[url]]></item>
						<item id="1"><![CDATA[title]]></item>
						<item id="2"><![CDATA[pic]]></item>
						<item id="3"><![CDATA[forumname]]></item>
						<item id="4"><![CDATA[dateline]]></item>
						<item id="5"><![CDATA[views]]></item>
					</item>
					<item id="template">
						<item id="raw"><![CDATA[<div class="index-title">
<span class="z"><a href="#">新聞動態</a></span>
<span class="y"><a href="#">熱點</a><span>|</span><a href="#">推薦</a></span>
</div>
<div class="pic-title-list">
<ul>
[loop]
<li>
<a href="{url}" title="{title}"{target}>
<img src="{pic}" width="{picwidth}" height="{picheight}" class="tw_img" />
<h1>{title}</h1>
<p><span>{forumname}</span>{dateline}<em class="y">{views}閱讀</em></p>
</a>
</li>
[/loop]
</ul>
</div>]]></item>
						<item id="footer"><![CDATA[]]></item>
						<item id="header"><![CDATA[]]></item>
						<item id="indexplus"><![CDATA[
						]]></item>
						<item id="index"><![CDATA[
						]]></item>
						<item id="orderplus"><![CDATA[
						]]></item>
						<item id="order"><![CDATA[
						]]></item>
						<item id="loopplus"><![CDATA[
						]]></item>
						<item id="loop"><![CDATA[<li>
<a href="{url}" title="{title}"{target}>
<img src="{pic}" width="{picwidth}" height="{picheight}" class="tw_img" />
<h1>{title}</h1>
<p><span>{forumname}</span>{dateline}<em class="y">{views}閱讀</em></p>
</a>
</li>]]></item>
					</item>
					<item id="hash"><![CDATA[2d3b6114]]></item>
				</item>
				<item id="picwidth"><![CDATA[180]]></item>
				<item id="picheight"><![CDATA[144]]></item>
				<item id="target"><![CDATA[blank]]></item>
				<item id="dateformat"><![CDATA[m-d]]></item>
				<item id="dateuformat"><![CDATA[1]]></item>
				<item id="script"><![CDATA[thread]]></item>
				<item id="param">
					<item id="tids"><![CDATA[]]></item>
					<item id="uids"><![CDATA[]]></item>
					<item id="keyword"><![CDATA[]]></item>
					<item id="tagkeyword"><![CDATA[]]></item>
					<item id="fids">
						<item id="0"><![CDATA[58]]></item>
						<item id="1"><![CDATA[57]]></item>
						<item id="2"><![CDATA[49]]></item>
						<item id="3"><![CDATA[50]]></item>
						<item id="4"><![CDATA[53]]></item>
					</item>
					<item id="typeids"><![CDATA[]]></item>
					<item id="reply"><![CDATA[0]]></item>
					<item id="recommend"><![CDATA[0]]></item>
					<item id="special">
						<item id="0"><![CDATA[0]]></item>
					</item>
					<item id="viewmod"><![CDATA[0]]></item>
					<item id="rewardstatus"><![CDATA[0]]></item>
					<item id="picrequired"><![CDATA[1]]></item>
					<item id="orderby"><![CDATA[replies]]></item>
					<item id="postdateline"><![CDATA[0]]></item>
					<item id="lastpost"><![CDATA[0]]></item>
					<item id="highlight"><![CDATA[0]]></item>
					<item id="titlelength"><![CDATA[40]]></item>
					<item id="summarylength"><![CDATA[80]]></item>
					<item id="startrow"><![CDATA[0]]></item>
					<item id="items"><![CDATA[7]]></item>
				</item>
				<item id="shownum"><![CDATA[7]]></item>
				<item id="cachetime"><![CDATA[60]]></item>
				<item id="cachetimerange"><![CDATA[]]></item>
				<item id="punctualupdate"><![CDATA[0]]></item>
				<item id="hidedisplay"><![CDATA[0]]></item>
				<item id="dateline"><![CDATA[1567673492]]></item>
				<item id="notinherited"><![CDATA[0]]></item>
				<item id="isblank"><![CDATA[0]]></item>
			</item>
			<item id="397">
				<item id="bid"><![CDATA[397]]></item>
				<item id="blockclass"><![CDATA[html_html]]></item>
				<item id="blocktype"><![CDATA[0]]></item>
				<item id="name"><![CDATA[廣告]]></item>
				<item id="title"><![CDATA[]]></item>
				<item id="classname"><![CDATA[]]></item>
				<item id="summary"><![CDATA[<div style="background:#fff; padding:12px;   margin-bottom:8px;">
<a href="https://addon.dismall.com/?@14.developer" style="display:block" target="_blank"><img src="template/v2_mbl20121009/touch_plus/img/2017/wwwtc.jpg" style="vertical-align:top; width:100%;" /></a>
</div>]]></item>
				<item id="uid"><![CDATA[1]]></item>
				<item id="username"><![CDATA[管理員]]></item>
				<item id="styleid"><![CDATA[0]]></item>
				<item id="blockstyle"><![CDATA[]]></item>
				<item id="picwidth"><![CDATA[0]]></item>
				<item id="picheight"><![CDATA[0]]></item>
				<item id="target"><![CDATA[blank]]></item>
				<item id="dateformat"><![CDATA[Y-m-d]]></item>
				<item id="dateuformat"><![CDATA[0]]></item>
				<item id="script"><![CDATA[blank]]></item>
				<item id="param">
					<item id="content"><![CDATA[<div style=\"background:#fff; padding:12px;   margin-bottom:8px;\">
<a href=\"https://addon.dismall.com/?@14.developer\" style=\"display:block\" target=\"_blank\"><img src=\"template/v2_mbl20121009/touch_plus/img/2017/wwwtc.jpg\" style=\"vertical-align:top; width:100%;\" /></a>
</div>]]></item>
					<item id="items"><![CDATA[10]]></item>
				</item>
				<item id="shownum"><![CDATA[10]]></item>
				<item id="cachetime"><![CDATA[0]]></item>
				<item id="cachetimerange"><![CDATA[0,0]]></item>
				<item id="punctualupdate"><![CDATA[0]]></item>
				<item id="hidedisplay"><![CDATA[0]]></item>
				<item id="dateline"><![CDATA[1567673652]]></item>
				<item id="notinherited"><![CDATA[0]]></item>
				<item id="isblank"><![CDATA[0]]></item>
			</item>
			<item id="398">
				<item id="bid"><![CDATA[398]]></item>
				<item id="blockclass"><![CDATA[forum_thread]]></item>
				<item id="blocktype"><![CDATA[0]]></item>
				<item id="name"><![CDATA[H_要聞推薦]]></item>
				<item id="title"><![CDATA[]]></item>
				<item id="classname"><![CDATA[]]></item>
				<item id="summary"><![CDATA[]]></item>
				<item id="uid"><![CDATA[1]]></item>
				<item id="username"><![CDATA[管理員]]></item>
				<item id="styleid"><![CDATA[0]]></item>
				<item id="blockstyle">
					<item id="name"><![CDATA[]]></item>
					<item id="blockclass"><![CDATA[forum_thread]]></item>
					<item id="makethumb"><![CDATA[1]]></item>
					<item id="getpic"><![CDATA[1]]></item>
					<item id="getsummary"><![CDATA[0]]></item>
					<item id="settarget"><![CDATA[1]]></item>
					<item id="moreurl"><![CDATA[0]]></item>
					<item id="fields">
						<item id="0"><![CDATA[url]]></item>
						<item id="1"><![CDATA[title]]></item>
						<item id="2"><![CDATA[pic]]></item>
						<item id="3"><![CDATA[forumname]]></item>
						<item id="4"><![CDATA[dateline]]></item>
						<item id="5"><![CDATA[views]]></item>
					</item>
					<item id="template">
						<item id="raw"><![CDATA[<div class="index-title">
<span class="z"><a href="#">要聞推薦</a></span>
<span class="y"><a href="#">數碼</a><span>|</span><a href="#">房產</a><span>|</span><a href="#">民生</a></span>
</div>
<div class="pic-title-list">
<ul>
[loop]
<li>
<a href="{url}" title="{title}"{target}>
<img src="{pic}" width="{picwidth}" height="{picheight}" class="tw_img" />
<h1>{title}</h1>
<p><span>{forumname}</span>{dateline}<em class="y">{views}閱讀</em></p>
</a>
</li>
[/loop]
</ul>
</div>]]></item>
						<item id="footer"><![CDATA[]]></item>
						<item id="header"><![CDATA[]]></item>
						<item id="indexplus"><![CDATA[
						]]></item>
						<item id="index"><![CDATA[
						]]></item>
						<item id="orderplus"><![CDATA[
						]]></item>
						<item id="order"><![CDATA[
						]]></item>
						<item id="loopplus"><![CDATA[
						]]></item>
						<item id="loop"><![CDATA[<li>
<a href="{url}" title="{title}"{target}>
<img src="{pic}" width="{picwidth}" height="{picheight}" class="tw_img" />
<h1>{title}</h1>
<p><span>{forumname}</span>{dateline}<em class="y">{views}閱讀</em></p>
</a>
</li>]]></item>
					</item>
					<item id="hash"><![CDATA[2fdbaa81]]></item>
				</item>
				<item id="picwidth"><![CDATA[200]]></item>
				<item id="picheight"><![CDATA[200]]></item>
				<item id="target"><![CDATA[blank]]></item>
				<item id="dateformat"><![CDATA[Y-m-d]]></item>
				<item id="dateuformat"><![CDATA[0]]></item>
				<item id="script"><![CDATA[thread]]></item>
				<item id="param">
					<item id="tids"><![CDATA[]]></item>
					<item id="uids"><![CDATA[]]></item>
					<item id="keyword"><![CDATA[]]></item>
					<item id="tagkeyword"><![CDATA[]]></item>
					<item id="typeids"><![CDATA[]]></item>
					<item id="reply"><![CDATA[0]]></item>
					<item id="recommend"><![CDATA[0]]></item>
					<item id="viewmod"><![CDATA[0]]></item>
					<item id="rewardstatus"><![CDATA[0]]></item>
					<item id="picrequired"><![CDATA[1]]></item>
					<item id="orderby"><![CDATA[lastpost]]></item>
					<item id="postdateline"><![CDATA[0]]></item>
					<item id="lastpost"><![CDATA[0]]></item>
					<item id="highlight"><![CDATA[0]]></item>
					<item id="titlelength"><![CDATA[40]]></item>
					<item id="summarylength"><![CDATA[80]]></item>
					<item id="startrow"><![CDATA[0]]></item>
					<item id="items"><![CDATA[7]]></item>
				</item>
				<item id="shownum"><![CDATA[7]]></item>
				<item id="cachetime"><![CDATA[3600]]></item>
				<item id="cachetimerange"><![CDATA[]]></item>
				<item id="punctualupdate"><![CDATA[0]]></item>
				<item id="hidedisplay"><![CDATA[0]]></item>
				<item id="dateline"><![CDATA[1567671155]]></item>
				<item id="notinherited"><![CDATA[0]]></item>
				<item id="isblank"><![CDATA[0]]></item>
			</item>
			<item id="399">
				<item id="bid"><![CDATA[399]]></item>
				<item id="blockclass"><![CDATA[html_html]]></item>
				<item id="blocktype"><![CDATA[0]]></item>
				<item id="name"><![CDATA[廣告]]></item>
				<item id="title"><![CDATA[]]></item>
				<item id="classname"><![CDATA[]]></item>
				<item id="summary"><![CDATA[<div style="background:#fff; padding:12px;   margin-bottom:8px;">
<a href="https://addon.dismall.com/?@14.developer" style="display:block" target="_blank"><img src="template/v2_mbl20121009/touch_plus/img/2017/wwwcs.jpg" style="vertical-align:top; width:100%;" /></a>
</div>]]></item>
				<item id="uid"><![CDATA[1]]></item>
				<item id="username"><![CDATA[管理員]]></item>
				<item id="styleid"><![CDATA[0]]></item>
				<item id="blockstyle"><![CDATA[]]></item>
				<item id="picwidth"><![CDATA[0]]></item>
				<item id="picheight"><![CDATA[0]]></item>
				<item id="target"><![CDATA[blank]]></item>
				<item id="dateformat"><![CDATA[Y-m-d]]></item>
				<item id="dateuformat"><![CDATA[0]]></item>
				<item id="script"><![CDATA[blank]]></item>
				<item id="param">
					<item id="content"><![CDATA[<div style=\"background:#fff; padding:12px;   margin-bottom:8px;\">
<a href=\"https://addon.dismall.com/?@14.developer\" style=\"display:block\" target=\"_blank\"><img src=\"template/v2_mbl20121009/touch_plus/img/2017/wwwcs.jpg\" style=\"vertical-align:top; width:100%;\" /></a>
</div>]]></item>
					<item id="items"><![CDATA[10]]></item>
				</item>
				<item id="shownum"><![CDATA[10]]></item>
				<item id="cachetime"><![CDATA[0]]></item>
				<item id="cachetimerange"><![CDATA[0,0]]></item>
				<item id="punctualupdate"><![CDATA[0]]></item>
				<item id="hidedisplay"><![CDATA[0]]></item>
				<item id="dateline"><![CDATA[1567673587]]></item>
				<item id="notinherited"><![CDATA[0]]></item>
				<item id="isblank"><![CDATA[0]]></item>
			</item>
			<item id="400">
				<item id="bid"><![CDATA[400]]></item>
				<item id="blockclass"><![CDATA[forum_thread]]></item>
				<item id="blocktype"><![CDATA[0]]></item>
				<item id="name"><![CDATA[H_app下載]]></item>
				<item id="title"><![CDATA[]]></item>
				<item id="classname"><![CDATA[]]></item>
				<item id="summary"><![CDATA[]]></item>
				<item id="uid"><![CDATA[1]]></item>
				<item id="username"><![CDATA[管理員]]></item>
				<item id="styleid"><![CDATA[0]]></item>
				<item id="blockstyle">
					<item id="name"><![CDATA[]]></item>
					<item id="blockclass"><![CDATA[forum_thread]]></item>
					<item id="makethumb"><![CDATA[0]]></item>
					<item id="getpic"><![CDATA[0]]></item>
					<item id="getsummary"><![CDATA[0]]></item>
					<item id="settarget"><![CDATA[1]]></item>
					<item id="moreurl"><![CDATA[0]]></item>
					<item id="fields">
						<item id="0"><![CDATA[url]]></item>
						<item id="1"><![CDATA[title]]></item>
						<item id="2"><![CDATA[currentorder]]></item>
						<item id="3"><![CDATA[views]]></item>
					</item>
					<item id="template">
						<item id="raw"><![CDATA[<div class="recommend">
<ul id="list1">
<div class="index-title-app">
<span class="z"><a href="#"><img src="template/v2_mbl20121009/touch_plus/img/wwwapp.png" />我的網站APP</a></span>
<span class="y"><a href="#" class="title-app-dl">下載</a></span>
</div>
[loop]
<li><a href="{url}" title="{title}"{target}><span class="type4">{currentorder}</span><em>{views}閱讀</em>{title}</a></li>
[/loop]
<div class="app-dl-re"><a href="#">下載網站APP , 看更多熱門話題<i class="vt-right"></i></a></div>
</ul>
</div>]]></item>
						<item id="footer"><![CDATA[]]></item>
						<item id="header"><![CDATA[]]></item>
						<item id="indexplus">
						</item>
						<item id="index">
						</item>
						<item id="orderplus">
						</item>
						<item id="order">
						</item>
						<item id="loopplus">
						</item>
						<item id="loop"><![CDATA[<li><a href="{url}" title="{title}"{target}><span class="type4">{currentorder}</span><em>{views}閱讀</em>{title}</a></li>]]></item>
					</item>
					<item id="hash"><![CDATA[f0b0efab]]></item>
				</item>
				<item id="picwidth"><![CDATA[0]]></item>
				<item id="picheight"><![CDATA[0]]></item>
				<item id="target"><![CDATA[blank]]></item>
				<item id="dateformat"><![CDATA[Y-m-d]]></item>
				<item id="dateuformat"><![CDATA[0]]></item>
				<item id="script"><![CDATA[thread]]></item>
				<item id="param">
					<item id="tids"><![CDATA[]]></item>
					<item id="uids"><![CDATA[]]></item>
					<item id="keyword"><![CDATA[]]></item>
					<item id="tagkeyword"><![CDATA[]]></item>
					<item id="typeids"><![CDATA[]]></item>
					<item id="reply"><![CDATA[0]]></item>
					<item id="recommend"><![CDATA[0]]></item>
					<item id="viewmod"><![CDATA[0]]></item>
					<item id="rewardstatus"><![CDATA[0]]></item>
					<item id="picrequired"><![CDATA[0]]></item>
					<item id="orderby"><![CDATA[replies]]></item>
					<item id="postdateline"><![CDATA[0]]></item>
					<item id="lastpost"><![CDATA[0]]></item>
					<item id="highlight"><![CDATA[0]]></item>
					<item id="titlelength"><![CDATA[40]]></item>
					<item id="summarylength"><![CDATA[80]]></item>
					<item id="startrow"><![CDATA[0]]></item>
					<item id="items"><![CDATA[3]]></item>
				</item>
				<item id="shownum"><![CDATA[3]]></item>
				<item id="cachetime"><![CDATA[3600]]></item>
				<item id="cachetimerange"><![CDATA[]]></item>
				<item id="punctualupdate"><![CDATA[0]]></item>
				<item id="hidedisplay"><![CDATA[0]]></item>
				<item id="dateline"><![CDATA[1567673634]]></item>
				<item id="notinherited"><![CDATA[0]]></item>
				<item id="isblank"><![CDATA[0]]></item>
			</item>
			<item id="401">
				<item id="bid"><![CDATA[401]]></item>
				<item id="blockclass"><![CDATA[html_html]]></item>
				<item id="blocktype"><![CDATA[0]]></item>
				<item id="name"><![CDATA[H_圖標鏈接]]></item>
				<item id="title"><![CDATA[]]></item>
				<item id="classname"><![CDATA[]]></item>
				<item id="summary"><![CDATA[<div class="links-item">
<div class="links-box">
<ul class="links-ul">
<li><a href="#" target="_blank"><img src="template/v2_mbl20121009/touch_plus/img/r.png"><p>熱圖</p></a></li>
<li><a href="#" target="_blank"><img src="template/v2_mbl20121009/touch_plus/img/z.png"><p>直播</p></a></li>
<li><a href="#" target="_blank"><img src="template/v2_mbl20121009/touch_plus/img/x.png"><p>星聞</p></a></li>
<li><a href="#" target="_blank"><img src="template/v2_mbl20121009/touch_plus/img/b.png"><p>本地</p></a></li>
<li><a href="#" target="_blank"><img src="template/v2_mbl20121009/touch_plus/img/f.png"><p>發現</p></a></li>
</ul>
<ul class="links-ul">
<li><a href="#" target="_blank"><img src="template/v2_mbl20121009/touch_plus/img/r.png"><p>熱圖</p></a></li>
<li><a href="#" target="_blank"><img src="template/v2_mbl20121009/touch_plus/img/z.png"><p>直播</p></a></li>
<li><a href="#" target="_blank"><img src="template/v2_mbl20121009/touch_plus/img/x.png"><p>星聞</p></a></li>
<li><a href="#" target="_blank"><img src="template/v2_mbl20121009/touch_plus/img/b.png"><p>本地</p></a></li>
<li><a href="#" target="_blank"><img src="template/v2_mbl20121009/touch_plus/img/f.png"><p>發現</p></a></li>
</ul>
<ul class="links-ul">
<li><a href="#" target="_blank"><img src="template/v2_mbl20121009/touch_plus/img/r.png"><p>熱圖</p></a></li>
<li><a href="#" target="_blank"><img src="template/v2_mbl20121009/touch_plus/img/z.png"><p>直播</p></a></li>
<li><a href="#" target="_blank"><img src="template/v2_mbl20121009/touch_plus/img/x.png"><p>星聞</p></a></li>
<li><a href="#" target="_blank"><img src="template/v2_mbl20121009/touch_plus/img/b.png"><p>本地</p></a></li>
<li><a href="#" target="_blank"><img src="template/v2_mbl20121009/touch_plus/img/f.png"><p>發現</p></a></li>
</ul>
</div>
<div class="links-pagination"></div>
</div>

<script type="text/javascript">
    var swiperslide = new Swiper('.links-item', {
        wrapperClass:'links-box',
        slideClass:'links-ul',
        pagination:'.links-pagination',
        loop:true,
        autoplay:10000,
        autoplayDisableOnInteraction:false,
        grabCursor:true,
        paginationClickable:true,		
    });
</script>]]></item>
				<item id="uid"><![CDATA[1]]></item>
				<item id="username"><![CDATA[管理員]]></item>
				<item id="styleid"><![CDATA[0]]></item>
				<item id="blockstyle"><![CDATA[]]></item>
				<item id="picwidth"><![CDATA[0]]></item>
				<item id="picheight"><![CDATA[0]]></item>
				<item id="target"><![CDATA[blank]]></item>
				<item id="dateformat"><![CDATA[Y-m-d]]></item>
				<item id="dateuformat"><![CDATA[0]]></item>
				<item id="script"><![CDATA[blank]]></item>
				<item id="param">
					<item id="content"><![CDATA[<div class=\"links-item\">
<div class=\"links-box\">
<ul class=\"links-ul\">
<li><a href=\"#\" target=\"_blank\"><img src=\"template/v2_mbl20121009/touch_plus/img/r.png\"><p>熱圖</p></a></li>
<li><a href=\"#\" target=\"_blank\"><img src=\"template/v2_mbl20121009/touch_plus/img/z.png\"><p>直播</p></a></li>
<li><a href=\"#\" target=\"_blank\"><img src=\"template/v2_mbl20121009/touch_plus/img/x.png\"><p>星聞</p></a></li>
<li><a href=\"#\" target=\"_blank\"><img src=\"template/v2_mbl20121009/touch_plus/img/b.png\"><p>本地</p></a></li>
<li><a href=\"#\" target=\"_blank\"><img src=\"template/v2_mbl20121009/touch_plus/img/f.png\"><p>發現</p></a></li>
</ul>
<ul class=\"links-ul\">
<li><a href=\"#\" target=\"_blank\"><img src=\"template/v2_mbl20121009/touch_plus/img/r.png\"><p>熱圖</p></a></li>
<li><a href=\"#\" target=\"_blank\"><img src=\"template/v2_mbl20121009/touch_plus/img/z.png\"><p>直播</p></a></li>
<li><a href=\"#\" target=\"_blank\"><img src=\"template/v2_mbl20121009/touch_plus/img/x.png\"><p>星聞</p></a></li>
<li><a href=\"#\" target=\"_blank\"><img src=\"template/v2_mbl20121009/touch_plus/img/b.png\"><p>本地</p></a></li>
<li><a href=\"#\" target=\"_blank\"><img src=\"template/v2_mbl20121009/touch_plus/img/f.png\"><p>發現</p></a></li>
</ul>
<ul class=\"links-ul\">
<li><a href=\"#\" target=\"_blank\"><img src=\"template/v2_mbl20121009/touch_plus/img/r.png\"><p>熱圖</p></a></li>
<li><a href=\"#\" target=\"_blank\"><img src=\"template/v2_mbl20121009/touch_plus/img/z.png\"><p>直播</p></a></li>
<li><a href=\"#\" target=\"_blank\"><img src=\"template/v2_mbl20121009/touch_plus/img/x.png\"><p>星聞</p></a></li>
<li><a href=\"#\" target=\"_blank\"><img src=\"template/v2_mbl20121009/touch_plus/img/b.png\"><p>本地</p></a></li>
<li><a href=\"#\" target=\"_blank\"><img src=\"template/v2_mbl20121009/touch_plus/img/f.png\"><p>發現</p></a></li>
</ul>
</div>
<div class=\"links-pagination\"></div>
</div>

<script type=\"text/javascript\">
    var swiperslide = new Swiper(\'.links-item\', {
        wrapperClass:\'links-box\',
        slideClass:\'links-ul\',
        pagination:\'.links-pagination\',
        loop:true,
        autoplay:10000,
        autoplayDisableOnInteraction:false,
        grabCursor:true,
        paginationClickable:true,		
    });
</script>]]></item>
					<item id="items"><![CDATA[10]]></item>
				</item>
				<item id="shownum"><![CDATA[10]]></item>
				<item id="cachetime"><![CDATA[0]]></item>
				<item id="cachetimerange"><![CDATA[0,0]]></item>
				<item id="punctualupdate"><![CDATA[0]]></item>
				<item id="hidedisplay"><![CDATA[0]]></item>
				<item id="dateline"><![CDATA[1567673541]]></item>
				<item id="notinherited"><![CDATA[0]]></item>
				<item id="isblank"><![CDATA[0]]></item>
			</item>
			<item id="402">
				<item id="bid"><![CDATA[402]]></item>
				<item id="blockclass"><![CDATA[html_html]]></item>
				<item id="blocktype"><![CDATA[0]]></item>
				<item id="name"><![CDATA[H_文字鏈接]]></item>
				<item id="title"><![CDATA[]]></item>
				<item id="classname"><![CDATA[]]></item>
				<item id="summary"><![CDATA[<div class="indexnav">
<ul>
  <li>
    <a href="#">新聞</a></li>
  <li>
    <a href="#">體育</a></li>
  <li>
    <a href="#">娛樂</a></li>
  <li>
    <a href="#">財經</a></li>
  <li>
    <a href="#">軍事</a></li>
  <li>
    <a href="#">教育</a></li>
  <li>
    <a href="#">科技</a></li>
  <li>
    <a href="#">NBA</a></li>
  <li>
    <a href="#">CBA</a></li>
  <li>
    <a href="#">遊戲</a></li>
  <li>
    <a href="#">汽車</a></li>
  <li>
    <a href="#">房產</a></li>
  <li>
    <a href="#">國際</a></li>
  <li>
    <a href="#">圖片</a></li>
  <li>
    <a href="#">足球</a></li>
  <li>
    <a href="#">中超</a></li>
  <li>
    <a href="#">手機</a></li>
  <li>
    <a href="#">星座</a></li>
</ul>
</div>]]></item>
				<item id="uid"><![CDATA[1]]></item>
				<item id="username"><![CDATA[管理員]]></item>
				<item id="styleid"><![CDATA[0]]></item>
				<item id="blockstyle"><![CDATA[]]></item>
				<item id="picwidth"><![CDATA[0]]></item>
				<item id="picheight"><![CDATA[0]]></item>
				<item id="target"><![CDATA[blank]]></item>
				<item id="dateformat"><![CDATA[Y-m-d]]></item>
				<item id="dateuformat"><![CDATA[0]]></item>
				<item id="script"><![CDATA[blank]]></item>
				<item id="param">
					<item id="content"><![CDATA[<div class=\"indexnav\">
<ul>
  <li>
    <a href=\"#\">新聞</a></li>
  <li>
    <a href=\"#\">體育</a></li>
  <li>
    <a href=\"#\">娛樂</a></li>
  <li>
    <a href=\"#\">財經</a></li>
  <li>
    <a href=\"#\">軍事</a></li>
  <li>
    <a href=\"#\">教育</a></li>
  <li>
    <a href=\"#\">科技</a></li>
  <li>
    <a href=\"#\">NBA</a></li>
  <li>
    <a href=\"#\">CBA</a></li>
  <li>
    <a href=\"#\">遊戲</a></li>
  <li>
    <a href=\"#\">汽車</a></li>
  <li>
    <a href=\"#\">房產</a></li>
  <li>
    <a href=\"#\">國際</a></li>
  <li>
    <a href=\"#\">圖片</a></li>
  <li>
    <a href=\"#\">足球</a></li>
  <li>
    <a href=\"#\">中超</a></li>
  <li>
    <a href=\"#\">手機</a></li>
  <li>
    <a href=\"#\">星座</a></li>
</ul>
</div>]]></item>
					<item id="items"><![CDATA[10]]></item>
				</item>
				<item id="shownum"><![CDATA[10]]></item>
				<item id="cachetime"><![CDATA[0]]></item>
				<item id="cachetimerange"><![CDATA[0,0]]></item>
				<item id="punctualupdate"><![CDATA[0]]></item>
				<item id="hidedisplay"><![CDATA[0]]></item>
				<item id="dateline"><![CDATA[1567671205]]></item>
				<item id="notinherited"><![CDATA[0]]></item>
				<item id="isblank"><![CDATA[0]]></item>
			</item>
			<item id="403">
				<item id="bid"><![CDATA[403]]></item>
				<item id="blockclass"><![CDATA[html_html]]></item>
				<item id="blocktype"><![CDATA[0]]></item>
				<item id="name"><![CDATA[copy]]></item>
				<item id="title"><![CDATA[]]></item>
				<item id="classname"><![CDATA[]]></item>
				<item id="summary"><![CDATA[<div class="hm ptw pbw fz4 qian">&copy; 2001-2017 <a href="$_G['setting']['siteurl']" class="qian">網站名稱</a></div>]]></item>
				<item id="uid"><![CDATA[1]]></item>
				<item id="username"><![CDATA[管理員]]></item>
				<item id="styleid"><![CDATA[0]]></item>
				<item id="blockstyle"><![CDATA[]]></item>
				<item id="picwidth"><![CDATA[0]]></item>
				<item id="picheight"><![CDATA[0]]></item>
				<item id="target"><![CDATA[blank]]></item>
				<item id="dateformat"><![CDATA[Y-m-d]]></item>
				<item id="dateuformat"><![CDATA[0]]></item>
				<item id="script"><![CDATA[blank]]></item>
				<item id="param">
					<item id="content"><![CDATA[<div class=\"hm ptw pbw fz4 qian\">&copy; 2001-2017 <a href=\"$_G[\'setting\'][\'siteurl\']\" class=\"qian\">網站名稱</a></div>]]></item>
					<item id="items"><![CDATA[10]]></item>
				</item>
				<item id="shownum"><![CDATA[10]]></item>
				<item id="cachetime"><![CDATA[3600]]></item>
				<item id="cachetimerange"><![CDATA[]]></item>
				<item id="punctualupdate"><![CDATA[0]]></item>
				<item id="hidedisplay"><![CDATA[0]]></item>
				<item id="dateline"><![CDATA[1567671091]]></item>
				<item id="notinherited"><![CDATA[0]]></item>
				<item id="isblank"><![CDATA[0]]></item>
			</item>
		</item>
		<item id="style">
		</item>
	</item>
</root>