<?xml version="1.0" encoding="ISO-8859-1"?>
<root>
	<item id="spacecss"><![CDATA[]]></item>
	<item id="layoutdata">
		<item id="diy1"><![CDATA[]]></item>
		<item id="nex_intel_nleft_ads">
			<item id="frame`framen87eU7">
				<item id="attr">
					<item id="name"><![CDATA[framen87eU7]]></item>
					<item id="moveable"><![CDATA[true]]></item>
					<item id="className"><![CDATA[frame move-span cl frame-1]]></item>
					<item id="titles"><![CDATA[]]></item>
				</item>
				<item id="column`framen87eU7_left">
					<item id="attr">
						<item id="name"><![CDATA[framen87eU7_left]]></item>
						<item id="className"><![CDATA[column frame-1-c]]></item>
					</item>
					<item id="block`portal_block_453">
						<item id="attr">
							<item id="name"><![CDATA[portal_block_453]]></item>
							<item id="className"><![CDATA[block move-span]]></item>
							<item id="titles"><![CDATA[]]></item>
						</item>
					</item>
				</item>
			</item>
		</item>
		<item id="diycontentbottom"><![CDATA[]]></item>
		<item id="nex_focus_box">
			<item id="frame`frame3GWc7X">
				<item id="attr">
					<item id="name"><![CDATA[frame3GWc7X]]></item>
					<item id="moveable"><![CDATA[true]]></item>
					<item id="className"><![CDATA[frame move-span cl frame-1]]></item>
					<item id="titles"><![CDATA[]]></item>
				</item>
				<item id="column`frame3GWc7X_left">
					<item id="attr">
						<item id="name"><![CDATA[frame3GWc7X_left]]></item>
						<item id="className"><![CDATA[column frame-1-c]]></item>
					</item>
					<item id="block`portal_block_460">
						<item id="attr">
							<item id="name"><![CDATA[portal_block_460]]></item>
							<item id="className"><![CDATA[block move-span]]></item>
							<item id="titles"><![CDATA[]]></item>
						</item>
					</item>
				</item>
			</item>
		</item>
		<item id="nex_interrank">
			<item id="frame`framec2t1cj">
				<item id="attr">
					<item id="name"><![CDATA[framec2t1cj]]></item>
					<item id="moveable"><![CDATA[true]]></item>
					<item id="className"><![CDATA[frame move-span cl frame-1]]></item>
					<item id="titles"><![CDATA[]]></item>
				</item>
				<item id="column`framec2t1cj_left">
					<item id="attr">
						<item id="name"><![CDATA[framec2t1cj_left]]></item>
						<item id="className"><![CDATA[column frame-1-c]]></item>
					</item>
					<item id="block`portal_block_454">
						<item id="attr">
							<item id="name"><![CDATA[portal_block_454]]></item>
							<item id="className"><![CDATA[block move-span]]></item>
							<item id="titles"><![CDATA[]]></item>
						</item>
					</item>
				</item>
			</item>
		</item>
		<item id="nex_interrank1">
			<item id="frame`frameHC93G8">
				<item id="attr">
					<item id="name"><![CDATA[frameHC93G8]]></item>
					<item id="moveable"><![CDATA[true]]></item>
					<item id="className"><![CDATA[frame move-span cl frame-1]]></item>
					<item id="titles"><![CDATA[]]></item>
				</item>
				<item id="column`frameHC93G8_left">
					<item id="attr">
						<item id="name"><![CDATA[frameHC93G8_left]]></item>
						<item id="className"><![CDATA[column frame-1-c]]></item>
					</item>
					<item id="block`portal_block_455">
						<item id="attr">
							<item id="name"><![CDATA[portal_block_455]]></item>
							<item id="className"><![CDATA[block move-span]]></item>
							<item id="titles"><![CDATA[]]></item>
						</item>
					</item>
				</item>
			</item>
		</item>
		<item id="nex_hotartlist">
			<item id="frame`frameg371D5">
				<item id="attr">
					<item id="name"><![CDATA[frameg371D5]]></item>
					<item id="moveable"><![CDATA[true]]></item>
					<item id="className"><![CDATA[frame move-span cl frame-1]]></item>
					<item id="titles"><![CDATA[]]></item>
				</item>
				<item id="column`frameg371D5_left">
					<item id="attr">
						<item id="name"><![CDATA[frameg371D5_left]]></item>
						<item id="className"><![CDATA[column frame-1-c]]></item>
					</item>
					<item id="block`portal_block_456">
						<item id="attr">
							<item id="name"><![CDATA[portal_block_456]]></item>
							<item id="className"><![CDATA[block move-span]]></item>
							<item id="titles"><![CDATA[]]></item>
						</item>
					</item>
				</item>
			</item>
		</item>
		<item id="nex_newpostings">
			<item id="frame`frameMKj861">
				<item id="attr">
					<item id="name"><![CDATA[frameMKj861]]></item>
					<item id="moveable"><![CDATA[true]]></item>
					<item id="className"><![CDATA[frame move-span cl frame-1]]></item>
					<item id="titles"><![CDATA[]]></item>
				</item>
				<item id="column`frameMKj861_left">
					<item id="attr">
						<item id="name"><![CDATA[frameMKj861_left]]></item>
						<item id="className"><![CDATA[column frame-1-c]]></item>
					</item>
					<item id="block`portal_block_457">
						<item id="attr">
							<item id="name"><![CDATA[portal_block_457]]></item>
							<item id="className"><![CDATA[block move-span]]></item>
							<item id="titles"><![CDATA[]]></item>
						</item>
					</item>
				</item>
			</item>
		</item>
		<item id="nex_tropicles">
			<item id="frame`frameHtiy2W">
				<item id="attr">
					<item id="name"><![CDATA[frameHtiy2W]]></item>
					<item id="moveable"><![CDATA[true]]></item>
					<item id="className"><![CDATA[frame move-span cl frame-1]]></item>
					<item id="titles"><![CDATA[]]></item>
				</item>
				<item id="column`frameHtiy2W_left">
					<item id="attr">
						<item id="name"><![CDATA[frameHtiy2W_left]]></item>
						<item id="className"><![CDATA[column frame-1-c]]></item>
					</item>
					<item id="block`portal_block_458">
						<item id="attr">
							<item id="name"><![CDATA[portal_block_458]]></item>
							<item id="className"><![CDATA[block move-span]]></item>
							<item id="titles"><![CDATA[]]></item>
						</item>
					</item>
				</item>
			</item>
		</item>
		<item id="nex_side_wrap_ads">
			<item id="frame`frameb651d2">
				<item id="attr">
					<item id="name"><![CDATA[frameb651d2]]></item>
					<item id="moveable"><![CDATA[true]]></item>
					<item id="className"><![CDATA[frame move-span cl frame-1]]></item>
					<item id="titles"><![CDATA[]]></item>
				</item>
				<item id="column`frameb651d2_left">
					<item id="attr">
						<item id="name"><![CDATA[frameb651d2_left]]></item>
						<item id="className"><![CDATA[column frame-1-c]]></item>
					</item>
					<item id="block`portal_block_459">
						<item id="attr">
							<item id="name"><![CDATA[portal_block_459]]></item>
							<item id="className"><![CDATA[block move-span]]></item>
							<item id="titles"><![CDATA[]]></item>
						</item>
					</item>
				</item>
			</item>
		</item>
		<item id="diy3"><![CDATA[]]></item>
	</item>
	<item id="blockdata">
		<item id="block">
			<item id="453">
				<item id="bid"><![CDATA[453]]></item>
				<item id="blockclass"><![CDATA[html_html]]></item>
				<item id="blocktype"><![CDATA[0]]></item>
				<item id="name"><![CDATA[pd_ads]]></item>
				<item id="title"><![CDATA[]]></item>
				<item id="classname"><![CDATA[]]></item>
				<item id="summary"><![CDATA[<a href="http://t.cn/Aiux1Qh0" target="_blank"><img src="template/nex_film_181120/neoconex/info/art_ads.jpg" /></a>]]></item>
				<item id="uid"><![CDATA[1]]></item>
				<item id="username"><![CDATA[admin]]></item>
				<item id="styleid"><![CDATA[0]]></item>
				<item id="blockstyle"><![CDATA[]]></item>
				<item id="picwidth"><![CDATA[0]]></item>
				<item id="picheight"><![CDATA[0]]></item>
				<item id="target"><![CDATA[blank]]></item>
				<item id="dateformat"><![CDATA[Y-m-d]]></item>
				<item id="dateuformat"><![CDATA[0]]></item>
				<item id="script"><![CDATA[blank]]></item>
				<item id="param">
					<item id="content"><![CDATA[<a href=\"#\" target=\"_blank\"><img src=\"template/nex_film_181120/neoconex/info/art_ads.jpg\" /></a>]]></item>
					<item id="items"><![CDATA[10]]></item>
				</item>
				<item id="shownum"><![CDATA[10]]></item>
				<item id="cachetime"><![CDATA[0]]></item>
				<item id="cachetimerange"><![CDATA[0,0]]></item>
				<item id="punctualupdate"><![CDATA[0]]></item>
				<item id="hidedisplay"><![CDATA[0]]></item>
				<item id="dateline"><![CDATA[1543389156]]></item>
				<item id="notinherited"><![CDATA[0]]></item>
				<item id="isblank"><![CDATA[0]]></item>
			</item>
			<item id="454">
				<item id="bid"><![CDATA[454]]></item>
				<item id="blockclass"><![CDATA[portal_article]]></item>
				<item id="blocktype"><![CDATA[0]]></item>
				<item id="name"><![CDATA[yuedu_wz]]></item>
				<item id="title"><![CDATA[]]></item>
				<item id="classname"><![CDATA[]]></item>
				<item id="summary"><![CDATA[]]></item>
				<item id="uid"><![CDATA[1]]></item>
				<item id="username"><![CDATA[admin]]></item>
				<item id="styleid"><![CDATA[0]]></item>
				<item id="blockstyle">
					<item id="name"><![CDATA[]]></item>
					<item id="blockclass"><![CDATA[portal_article]]></item>
					<item id="makethumb"><![CDATA[1]]></item>
					<item id="getpic"><![CDATA[1]]></item>
					<item id="getsummary"><![CDATA[1]]></item>
					<item id="settarget"><![CDATA[1]]></item>
					<item id="moreurl"><![CDATA[0]]></item>
					<item id="fields">
						<item id="0"><![CDATA[currentorder]]></item>
						<item id="1"><![CDATA[url]]></item>
						<item id="2"><![CDATA[title]]></item>
						<item id="3"><![CDATA[pic]]></item>
						<item id="4"><![CDATA[summary]]></item>
						<item id="5"><![CDATA[viewnum]]></item>
						<item id="6"><![CDATA[dateline]]></item>
					</item>
					<item id="template">
						<item id="raw"><![CDATA[[loop]
[order=1]

<dd class="curs">
                                        	<div class="nex_outwardbox">
                                            	<em class="nex_outwardbox_num1">{currentorder}</em>
                                                <a href="{url}"{target}>{title}</a>
                                                <div class="clear"></div>
                                            </div>
                                            <div class="nex_innerward">
                                            	<div class="nex_innerwardpic">
                                                	<a href="{url}" target="_blank"><img src="{pic}" width="{picwidth}" height="{picheight}" /></a>
                                                </div>
                                                <div class="nex_innerwardinfos">
                                                	<div class="nex_innerwardsums">{summary}</div>
                                                    <div class="nex_innerward_btms">
                                                    	<span class="nex_innerward_btms_views">{viewnum}</span>
                                                        <span class="nex_innerward_btms_date">{dateline}</span>
                                                        <div class="clear"></div>
                                                    </div>
                                                </div>
                                                <div class="clear"></div>
                                            </div>
                                        </dd>
[/order]
[order=2]

<dd>
                                        	<div class="nex_outwardbox">
                                            	<em class="nex_outwardbox_num2">{currentorder}</em>
                                                <a href="{url}"{target}>{title}</a>
                                                <div class="clear"></div>
                                            </div>
                                            <div class="nex_innerward">
                                            	<div class="nex_innerwardpic">
                                                	<a href="{url}" target="_blank"><img src="{pic}" width="{picwidth}" height="{picheight}" /></a>
                                                </div>
                                                <div class="nex_innerwardinfos">
                                                	<div class="nex_innerwardsums">{summary}</div>
                                                    <div class="nex_innerward_btms">
                                                    	<span class="nex_innerward_btms_views">{viewnum}</span>
                                                        <span class="nex_innerward_btms_date">{dateline}</span>
                                                        <div class="clear"></div>
                                                    </div>
                                                </div>
                                                <div class="clear"></div>
                                            </div>
                                        </dd>
[/order]
[order=3]

<dd>
                                        	<div class="nex_outwardbox">
                                            	<em class="nex_outwardbox_num3">{currentorder}</em>
                                                <a href="{url}"{target}>{title}</a>
                                                <div class="clear"></div>
                                            </div>
                                            <div class="nex_innerward">
                                            	<div class="nex_innerwardpic">
                                                	<a href="{url}" target="_blank"><img src="{pic}" width="{picwidth}" height="{picheight}" /></a>
                                                </div>
                                                <div class="nex_innerwardinfos">
                                                	<div class="nex_innerwardsums">{summary}</div>
                                                    <div class="nex_innerward_btms">
                                                    	<span class="nex_innerward_btms_views">{viewnum}</span>
                                                        <span class="nex_innerward_btms_date">{dateline}</span>
                                                        <div class="clear"></div>
                                                    </div>
                                                </div>
                                                <div class="clear"></div>
                                            </div>
                                        </dd>
[/order]
                                        <dd>
                                        	<div class="nex_outwardbox">
                                            	<em>{currentorder}</em>
                                                <a href="{url}"{target}>{title}</a>
                                                <div class="clear"></div>
                                            </div>
                                            <div class="nex_innerward">
                                            	<div class="nex_innerwardpic">
                                                	<a href="{url}" target="_blank"><img src="{pic}" width="{picwidth}" height="{picheight}" /></a>
                                                </div>
                                                <div class="nex_innerwardinfos">
                                                	<div class="nex_innerwardsums">{summary}</div>
                                                    <div class="nex_innerward_btms">
                                                    	<span class="nex_innerward_btms_views">{viewnum}</span>
                                                        <span class="nex_innerward_btms_date">{dateline}</span>
                                                        <div class="clear"></div>
                                                    </div>
                                                </div>
                                                <div class="clear"></div>
                                            </div>
                                        </dd>
[/loop]]]></item>
						<item id="footer"><![CDATA[]]></item>
						<item id="header"><![CDATA[]]></item>
						<item id="indexplus">
						</item>
						<item id="index">
						</item>
						<item id="orderplus">
						</item>
						<item id="order">
							<item id="1"><![CDATA[<dd class="curs">
                                        	<div class="nex_outwardbox">
                                            	<em class="nex_outwardbox_num1">{currentorder}</em>
                                                <a href="{url}"{target}>{title}</a>
                                                <div class="clear"></div>
                                            </div>
                                            <div class="nex_innerward">
                                            	<div class="nex_innerwardpic">
                                                	<a href="{url}" target="_blank"><img src="{pic}" width="{picwidth}" height="{picheight}" /></a>
                                                </div>
                                                <div class="nex_innerwardinfos">
                                                	<div class="nex_innerwardsums">{summary}</div>
                                                    <div class="nex_innerward_btms">
                                                    	<span class="nex_innerward_btms_views">{viewnum}</span>
                                                        <span class="nex_innerward_btms_date">{dateline}</span>
                                                        <div class="clear"></div>
                                                    </div>
                                                </div>
                                                <div class="clear"></div>
                                            </div>
                                        </dd>]]></item>
							<item id="2"><![CDATA[<dd>
                                        	<div class="nex_outwardbox">
                                            	<em class="nex_outwardbox_num2">{currentorder}</em>
                                                <a href="{url}"{target}>{title}</a>
                                                <div class="clear"></div>
                                            </div>
                                            <div class="nex_innerward">
                                            	<div class="nex_innerwardpic">
                                                	<a href="{url}" target="_blank"><img src="{pic}" width="{picwidth}" height="{picheight}" /></a>
                                                </div>
                                                <div class="nex_innerwardinfos">
                                                	<div class="nex_innerwardsums">{summary}</div>
                                                    <div class="nex_innerward_btms">
                                                    	<span class="nex_innerward_btms_views">{viewnum}</span>
                                                        <span class="nex_innerward_btms_date">{dateline}</span>
                                                        <div class="clear"></div>
                                                    </div>
                                                </div>
                                                <div class="clear"></div>
                                            </div>
                                        </dd>]]></item>
							<item id="3"><![CDATA[<dd>
                                        	<div class="nex_outwardbox">
                                            	<em class="nex_outwardbox_num3">{currentorder}</em>
                                                <a href="{url}"{target}>{title}</a>
                                                <div class="clear"></div>
                                            </div>
                                            <div class="nex_innerward">
                                            	<div class="nex_innerwardpic">
                                                	<a href="{url}" target="_blank"><img src="{pic}" width="{picwidth}" height="{picheight}" /></a>
                                                </div>
                                                <div class="nex_innerwardinfos">
                                                	<div class="nex_innerwardsums">{summary}</div>
                                                    <div class="nex_innerward_btms">
                                                    	<span class="nex_innerward_btms_views">{viewnum}</span>
                                                        <span class="nex_innerward_btms_date">{dateline}</span>
                                                        <div class="clear"></div>
                                                    </div>
                                                </div>
                                                <div class="clear"></div>
                                            </div>
                                        </dd>]]></item>
						</item>
						<item id="loopplus">
						</item>
						<item id="loop"><![CDATA[[order=1]

<dd class="curs">
                                        	<div class="nex_outwardbox">
                                            	<em class="nex_outwardbox_num1">{currentorder}</em>
                                                <a href="{url}"{target}>{title}</a>
                                                <div class="clear"></div>
                                            </div>
                                            <div class="nex_innerward">
                                            	<div class="nex_innerwardpic">
                                                	<a href="{url}" target="_blank"><img src="{pic}" width="{picwidth}" height="{picheight}" /></a>
                                                </div>
                                                <div class="nex_innerwardinfos">
                                                	<div class="nex_innerwardsums">{summary}</div>
                                                    <div class="nex_innerward_btms">
                                                    	<span class="nex_innerward_btms_views">{viewnum}</span>
                                                        <span class="nex_innerward_btms_date">{dateline}</span>
                                                        <div class="clear"></div>
                                                    </div>
                                                </div>
                                                <div class="clear"></div>
                                            </div>
                                        </dd>
[/order]
[order=2]

<dd>
                                        	<div class="nex_outwardbox">
                                            	<em class="nex_outwardbox_num2">{currentorder}</em>
                                                <a href="{url}"{target}>{title}</a>
                                                <div class="clear"></div>
                                            </div>
                                            <div class="nex_innerward">
                                            	<div class="nex_innerwardpic">
                                                	<a href="{url}" target="_blank"><img src="{pic}" width="{picwidth}" height="{picheight}" /></a>
                                                </div>
                                                <div class="nex_innerwardinfos">
                                                	<div class="nex_innerwardsums">{summary}</div>
                                                    <div class="nex_innerward_btms">
                                                    	<span class="nex_innerward_btms_views">{viewnum}</span>
                                                        <span class="nex_innerward_btms_date">{dateline}</span>
                                                        <div class="clear"></div>
                                                    </div>
                                                </div>
                                                <div class="clear"></div>
                                            </div>
                                        </dd>
[/order]
[order=3]

<dd>
                                        	<div class="nex_outwardbox">
                                            	<em class="nex_outwardbox_num3">{currentorder}</em>
                                                <a href="{url}"{target}>{title}</a>
                                                <div class="clear"></div>
                                            </div>
                                            <div class="nex_innerward">
                                            	<div class="nex_innerwardpic">
                                                	<a href="{url}" target="_blank"><img src="{pic}" width="{picwidth}" height="{picheight}" /></a>
                                                </div>
                                                <div class="nex_innerwardinfos">
                                                	<div class="nex_innerwardsums">{summary}</div>
                                                    <div class="nex_innerward_btms">
                                                    	<span class="nex_innerward_btms_views">{viewnum}</span>
                                                        <span class="nex_innerward_btms_date">{dateline}</span>
                                                        <div class="clear"></div>
                                                    </div>
                                                </div>
                                                <div class="clear"></div>
                                            </div>
                                        </dd>
[/order]
                                        <dd>
                                        	<div class="nex_outwardbox">
                                            	<em>{currentorder}</em>
                                                <a href="{url}"{target}>{title}</a>
                                                <div class="clear"></div>
                                            </div>
                                            <div class="nex_innerward">
                                            	<div class="nex_innerwardpic">
                                                	<a href="{url}" target="_blank"><img src="{pic}" width="{picwidth}" height="{picheight}" /></a>
                                                </div>
                                                <div class="nex_innerwardinfos">
                                                	<div class="nex_innerwardsums">{summary}</div>
                                                    <div class="nex_innerward_btms">
                                                    	<span class="nex_innerward_btms_views">{viewnum}</span>
                                                        <span class="nex_innerward_btms_date">{dateline}</span>
                                                        <div class="clear"></div>
                                                    </div>
                                                </div>
                                                <div class="clear"></div>
                                            </div>
                                        </dd>]]></item>
					</item>
					<item id="hash"><![CDATA[6bc3008b]]></item>
				</item>
				<item id="picwidth"><![CDATA[270]]></item>
				<item id="picheight"><![CDATA[155]]></item>
				<item id="target"><![CDATA[blank]]></item>
				<item id="dateformat"><![CDATA[Y-m-d]]></item>
				<item id="dateuformat"><![CDATA[0]]></item>
				<item id="script"><![CDATA[article]]></item>
				<item id="param">
					<item id="aids"><![CDATA[]]></item>
					<item id="uids"><![CDATA[]]></item>
					<item id="keyword"><![CDATA[]]></item>
					<item id="picrequired"><![CDATA[1]]></item>
					<item id="starttime"><![CDATA[]]></item>
					<item id="endtime"><![CDATA[]]></item>
					<item id="orderby"><![CDATA[viewnum]]></item>
					<item id="publishdateline"><![CDATA[0]]></item>
					<item id="titlelength"><![CDATA[40]]></item>
					<item id="summarylength"><![CDATA[80]]></item>
					<item id="startrow"><![CDATA[0]]></item>
					<item id="items"><![CDATA[10]]></item>
				</item>
				<item id="shownum"><![CDATA[10]]></item>
				<item id="cachetime"><![CDATA[3600]]></item>
				<item id="cachetimerange"><![CDATA[]]></item>
				<item id="punctualupdate"><![CDATA[0]]></item>
				<item id="hidedisplay"><![CDATA[0]]></item>
				<item id="dateline"><![CDATA[1543810619]]></item>
				<item id="notinherited"><![CDATA[0]]></item>
				<item id="isblank"><![CDATA[0]]></item>
			</item>
			<item id="455">
				<item id="bid"><![CDATA[455]]></item>
				<item id="blockclass"><![CDATA[portal_article]]></item>
				<item id="blocktype"><![CDATA[0]]></item>
				<item id="name"><![CDATA[yuedu_bang]]></item>
				<item id="title"><![CDATA[]]></item>
				<item id="classname"><![CDATA[]]></item>
				<item id="summary"><![CDATA[]]></item>
				<item id="uid"><![CDATA[1]]></item>
				<item id="username"><![CDATA[admin]]></item>
				<item id="styleid"><![CDATA[0]]></item>
				<item id="blockstyle">
					<item id="name"><![CDATA[]]></item>
					<item id="blockclass"><![CDATA[portal_article]]></item>
					<item id="makethumb"><![CDATA[1]]></item>
					<item id="getpic"><![CDATA[1]]></item>
					<item id="getsummary"><![CDATA[1]]></item>
					<item id="settarget"><![CDATA[1]]></item>
					<item id="moreurl"><![CDATA[0]]></item>
					<item id="fields">
						<item id="0"><![CDATA[currentorder]]></item>
						<item id="1"><![CDATA[url]]></item>
						<item id="2"><![CDATA[title]]></item>
						<item id="3"><![CDATA[pic]]></item>
						<item id="4"><![CDATA[summary]]></item>
						<item id="5"><![CDATA[viewnum]]></item>
						<item id="6"><![CDATA[dateline]]></item>
					</item>
					<item id="template">
						<item id="raw"><![CDATA[[loop]
[order=1]

<dd class="curs">
                                        	<div class="nex_outwardbox">
                                            	<em class="nex_outwardbox_num1">{currentorder}</em>
                                                <a href="{url}"{target}>{title}</a>
                                                <div class="clear"></div>
                                            </div>
                                            <div class="nex_innerward">
                                            	<div class="nex_innerwardpic">
                                                	<a href="{url}" target="_blank"><img src="{pic}" width="{picwidth}" height="{picheight}" /></a>
                                                </div>
                                                <div class="nex_innerwardinfos">
                                                	<div class="nex_innerwardsums">{summary}</div>
                                                    <div class="nex_innerward_btms">
                                                    	<span class="nex_innerward_btms_views">{viewnum}</span>
                                                        <span class="nex_innerward_btms_date">{dateline}</span>
                                                        <div class="clear"></div>
                                                    </div>
                                                </div>
                                                <div class="clear"></div>
                                            </div>
                                        </dd>
[/order]
[order=2]

<dd>
                                        	<div class="nex_outwardbox">
                                            	<em class="nex_outwardbox_num2">{currentorder}</em>
                                                <a href="{url}"{target}>{title}</a>
                                                <div class="clear"></div>
                                            </div>
                                            <div class="nex_innerward">
                                            	<div class="nex_innerwardpic">
                                                	<a href="{url}" target="_blank"><img src="{pic}" width="{picwidth}" height="{picheight}" /></a>
                                                </div>
                                                <div class="nex_innerwardinfos">
                                                	<div class="nex_innerwardsums">{summary}</div>
                                                    <div class="nex_innerward_btms">
                                                    	<span class="nex_innerward_btms_views">{viewnum}</span>
                                                        <span class="nex_innerward_btms_date">{dateline}</span>
                                                        <div class="clear"></div>
                                                    </div>
                                                </div>
                                                <div class="clear"></div>
                                            </div>
                                        </dd>
[/order]
[order=3]

<dd>
                                        	<div class="nex_outwardbox">
                                            	<em class="nex_outwardbox_num3">{currentorder}</em>
                                                <a href="{url}"{target}>{title}</a>
                                                <div class="clear"></div>
                                            </div>
                                            <div class="nex_innerward">
                                            	<div class="nex_innerwardpic">
                                                	<a href="{url}" target="_blank"><img src="{pic}" width="{picwidth}" height="{picheight}" /></a>
                                                </div>
                                                <div class="nex_innerwardinfos">
                                                	<div class="nex_innerwardsums">{summary}</div>
                                                    <div class="nex_innerward_btms">
                                                    	<span class="nex_innerward_btms_views">{viewnum}</span>
                                                        <span class="nex_innerward_btms_date">{dateline}</span>
                                                        <div class="clear"></div>
                                                    </div>
                                                </div>
                                                <div class="clear"></div>
                                            </div>
                                        </dd>
[/order]
                                        <dd>
                                        	<div class="nex_outwardbox">
                                            	<em>{currentorder}</em>
                                                <a href="{url}"{target}>{title}</a>
                                                <div class="clear"></div>
                                            </div>
                                            <div class="nex_innerward">
                                            	<div class="nex_innerwardpic">
                                                	<a href="{url}" target="_blank"><img src="{pic}" width="{picwidth}" height="{picheight}" /></a>
                                                </div>
                                                <div class="nex_innerwardinfos">
                                                	<div class="nex_innerwardsums">{summary}</div>
                                                    <div class="nex_innerward_btms">
                                                    	<span class="nex_innerward_btms_views">{viewnum}</span>
                                                        <span class="nex_innerward_btms_date">{dateline}</span>
                                                        <div class="clear"></div>
                                                    </div>
                                                </div>
                                                <div class="clear"></div>
                                            </div>
                                        </dd>
[/loop]]]></item>
						<item id="footer"><![CDATA[]]></item>
						<item id="header"><![CDATA[]]></item>
						<item id="indexplus">
						</item>
						<item id="index">
						</item>
						<item id="orderplus">
						</item>
						<item id="order">
							<item id="1"><![CDATA[<dd class="curs">
                                        	<div class="nex_outwardbox">
                                            	<em class="nex_outwardbox_num1">{currentorder}</em>
                                                <a href="{url}"{target}>{title}</a>
                                                <div class="clear"></div>
                                            </div>
                                            <div class="nex_innerward">
                                            	<div class="nex_innerwardpic">
                                                	<a href="{url}" target="_blank"><img src="{pic}" width="{picwidth}" height="{picheight}" /></a>
                                                </div>
                                                <div class="nex_innerwardinfos">
                                                	<div class="nex_innerwardsums">{summary}</div>
                                                    <div class="nex_innerward_btms">
                                                    	<span class="nex_innerward_btms_views">{viewnum}</span>
                                                        <span class="nex_innerward_btms_date">{dateline}</span>
                                                        <div class="clear"></div>
                                                    </div>
                                                </div>
                                                <div class="clear"></div>
                                            </div>
                                        </dd>]]></item>
							<item id="2"><![CDATA[<dd>
                                        	<div class="nex_outwardbox">
                                            	<em class="nex_outwardbox_num2">{currentorder}</em>
                                                <a href="{url}"{target}>{title}</a>
                                                <div class="clear"></div>
                                            </div>
                                            <div class="nex_innerward">
                                            	<div class="nex_innerwardpic">
                                                	<a href="{url}" target="_blank"><img src="{pic}" width="{picwidth}" height="{picheight}" /></a>
                                                </div>
                                                <div class="nex_innerwardinfos">
                                                	<div class="nex_innerwardsums">{summary}</div>
                                                    <div class="nex_innerward_btms">
                                                    	<span class="nex_innerward_btms_views">{viewnum}</span>
                                                        <span class="nex_innerward_btms_date">{dateline}</span>
                                                        <div class="clear"></div>
                                                    </div>
                                                </div>
                                                <div class="clear"></div>
                                            </div>
                                        </dd>]]></item>
							<item id="3"><![CDATA[<dd>
                                        	<div class="nex_outwardbox">
                                            	<em class="nex_outwardbox_num3">{currentorder}</em>
                                                <a href="{url}"{target}>{title}</a>
                                                <div class="clear"></div>
                                            </div>
                                            <div class="nex_innerward">
                                            	<div class="nex_innerwardpic">
                                                	<a href="{url}" target="_blank"><img src="{pic}" width="{picwidth}" height="{picheight}" /></a>
                                                </div>
                                                <div class="nex_innerwardinfos">
                                                	<div class="nex_innerwardsums">{summary}</div>
                                                    <div class="nex_innerward_btms">
                                                    	<span class="nex_innerward_btms_views">{viewnum}</span>
                                                        <span class="nex_innerward_btms_date">{dateline}</span>
                                                        <div class="clear"></div>
                                                    </div>
                                                </div>
                                                <div class="clear"></div>
                                            </div>
                                        </dd>]]></item>
						</item>
						<item id="loopplus">
						</item>
						<item id="loop"><![CDATA[[order=1]

<dd class="curs">
                                        	<div class="nex_outwardbox">
                                            	<em class="nex_outwardbox_num1">{currentorder}</em>
                                                <a href="{url}"{target}>{title}</a>
                                                <div class="clear"></div>
                                            </div>
                                            <div class="nex_innerward">
                                            	<div class="nex_innerwardpic">
                                                	<a href="{url}" target="_blank"><img src="{pic}" width="{picwidth}" height="{picheight}" /></a>
                                                </div>
                                                <div class="nex_innerwardinfos">
                                                	<div class="nex_innerwardsums">{summary}</div>
                                                    <div class="nex_innerward_btms">
                                                    	<span class="nex_innerward_btms_views">{viewnum}</span>
                                                        <span class="nex_innerward_btms_date">{dateline}</span>
                                                        <div class="clear"></div>
                                                    </div>
                                                </div>
                                                <div class="clear"></div>
                                            </div>
                                        </dd>
[/order]
[order=2]

<dd>
                                        	<div class="nex_outwardbox">
                                            	<em class="nex_outwardbox_num2">{currentorder}</em>
                                                <a href="{url}"{target}>{title}</a>
                                                <div class="clear"></div>
                                            </div>
                                            <div class="nex_innerward">
                                            	<div class="nex_innerwardpic">
                                                	<a href="{url}" target="_blank"><img src="{pic}" width="{picwidth}" height="{picheight}" /></a>
                                                </div>
                                                <div class="nex_innerwardinfos">
                                                	<div class="nex_innerwardsums">{summary}</div>
                                                    <div class="nex_innerward_btms">
                                                    	<span class="nex_innerward_btms_views">{viewnum}</span>
                                                        <span class="nex_innerward_btms_date">{dateline}</span>
                                                        <div class="clear"></div>
                                                    </div>
                                                </div>
                                                <div class="clear"></div>
                                            </div>
                                        </dd>
[/order]
[order=3]

<dd>
                                        	<div class="nex_outwardbox">
                                            	<em class="nex_outwardbox_num3">{currentorder}</em>
                                                <a href="{url}"{target}>{title}</a>
                                                <div class="clear"></div>
                                            </div>
                                            <div class="nex_innerward">
                                            	<div class="nex_innerwardpic">
                                                	<a href="{url}" target="_blank"><img src="{pic}" width="{picwidth}" height="{picheight}" /></a>
                                                </div>
                                                <div class="nex_innerwardinfos">
                                                	<div class="nex_innerwardsums">{summary}</div>
                                                    <div class="nex_innerward_btms">
                                                    	<span class="nex_innerward_btms_views">{viewnum}</span>
                                                        <span class="nex_innerward_btms_date">{dateline}</span>
                                                        <div class="clear"></div>
                                                    </div>
                                                </div>
                                                <div class="clear"></div>
                                            </div>
                                        </dd>
[/order]
                                        <dd>
                                        	<div class="nex_outwardbox">
                                            	<em>{currentorder}</em>
                                                <a href="{url}"{target}>{title}</a>
                                                <div class="clear"></div>
                                            </div>
                                            <div class="nex_innerward">
                                            	<div class="nex_innerwardpic">
                                                	<a href="{url}" target="_blank"><img src="{pic}" width="{picwidth}" height="{picheight}" /></a>
                                                </div>
                                                <div class="nex_innerwardinfos">
                                                	<div class="nex_innerwardsums">{summary}</div>
                                                    <div class="nex_innerward_btms">
                                                    	<span class="nex_innerward_btms_views">{viewnum}</span>
                                                        <span class="nex_innerward_btms_date">{dateline}</span>
                                                        <div class="clear"></div>
                                                    </div>
                                                </div>
                                                <div class="clear"></div>
                                            </div>
                                        </dd>]]></item>
					</item>
					<item id="hash"><![CDATA[6bc3008b]]></item>
				</item>
				<item id="picwidth"><![CDATA[270]]></item>
				<item id="picheight"><![CDATA[155]]></item>
				<item id="target"><![CDATA[blank]]></item>
				<item id="dateformat"><![CDATA[Y-m-d]]></item>
				<item id="dateuformat"><![CDATA[0]]></item>
				<item id="script"><![CDATA[article]]></item>
				<item id="param">
					<item id="aids"><![CDATA[]]></item>
					<item id="uids"><![CDATA[]]></item>
					<item id="keyword"><![CDATA[]]></item>
					<item id="picrequired"><![CDATA[1]]></item>
					<item id="starttime"><![CDATA[]]></item>
					<item id="endtime"><![CDATA[]]></item>
					<item id="orderby"><![CDATA[viewnum]]></item>
					<item id="publishdateline"><![CDATA[0]]></item>
					<item id="titlelength"><![CDATA[40]]></item>
					<item id="summarylength"><![CDATA[80]]></item>
					<item id="startrow"><![CDATA[0]]></item>
					<item id="items"><![CDATA[10]]></item>
				</item>
				<item id="shownum"><![CDATA[10]]></item>
				<item id="cachetime"><![CDATA[3600]]></item>
				<item id="cachetimerange"><![CDATA[]]></item>
				<item id="punctualupdate"><![CDATA[0]]></item>
				<item id="hidedisplay"><![CDATA[0]]></item>
				<item id="dateline"><![CDATA[1543411169]]></item>
				<item id="notinherited"><![CDATA[0]]></item>
				<item id="isblank"><![CDATA[0]]></item>
			</item>
			<item id="456">
				<item id="bid"><![CDATA[456]]></item>
				<item id="blockclass"><![CDATA[portal_article]]></item>
				<item id="blocktype"><![CDATA[0]]></item>
				<item id="name"><![CDATA[hot_arts]]></item>
				<item id="title"><![CDATA[]]></item>
				<item id="classname"><![CDATA[]]></item>
				<item id="summary"><![CDATA[]]></item>
				<item id="uid"><![CDATA[1]]></item>
				<item id="username"><![CDATA[admin]]></item>
				<item id="styleid"><![CDATA[0]]></item>
				<item id="blockstyle">
					<item id="name"><![CDATA[]]></item>
					<item id="blockclass"><![CDATA[portal_article]]></item>
					<item id="makethumb"><![CDATA[1]]></item>
					<item id="getpic"><![CDATA[1]]></item>
					<item id="getsummary"><![CDATA[0]]></item>
					<item id="settarget"><![CDATA[1]]></item>
					<item id="moreurl"><![CDATA[0]]></item>
					<item id="fields">
						<item id="0"><![CDATA[url]]></item>
						<item id="1"><![CDATA[pic]]></item>
						<item id="2"><![CDATA[title]]></item>
						<item id="3"><![CDATA[username]]></item>
						<item id="4"><![CDATA[dateline]]></item>
					</item>
					<item id="template">
						<item id="raw"><![CDATA[[loop]
<li>
                        	<div class="nex_hotartpics">
                            	<a href="{url}" target="_blank"><img src="{pic}" width="{picwidth}" height="{picheight}" /></a>
                            </div>
                            <div class="nex_hotartinfo">
                            	<h5><a href="{url}"{target}>{title}</a></h5>
                                <p>{username} / {dateline}</p>
                            </div>
                            <div class="clear"></div>
                        </li>
[/loop]]]></item>
						<item id="footer"><![CDATA[]]></item>
						<item id="header"><![CDATA[]]></item>
						<item id="indexplus">
						</item>
						<item id="index">
						</item>
						<item id="orderplus">
						</item>
						<item id="order">
						</item>
						<item id="loopplus">
						</item>
						<item id="loop"><![CDATA[<li>
                        	<div class="nex_hotartpics">
                            	<a href="{url}" target="_blank"><img src="{pic}" width="{picwidth}" height="{picheight}" /></a>
                            </div>
                            <div class="nex_hotartinfo">
                            	<h5><a href="{url}"{target}>{title}</a></h5>
                                <p>{username} / {dateline}</p>
                            </div>
                            <div class="clear"></div>
                        </li>]]></item>
					</item>
					<item id="hash"><![CDATA[ec0165ca]]></item>
				</item>
				<item id="picwidth"><![CDATA[110]]></item>
				<item id="picheight"><![CDATA[70]]></item>
				<item id="target"><![CDATA[blank]]></item>
				<item id="dateformat"><![CDATA[Y-m-d]]></item>
				<item id="dateuformat"><![CDATA[0]]></item>
				<item id="script"><![CDATA[article]]></item>
				<item id="param">
					<item id="aids"><![CDATA[]]></item>
					<item id="uids"><![CDATA[]]></item>
					<item id="keyword"><![CDATA[]]></item>
					<item id="picrequired"><![CDATA[1]]></item>
					<item id="starttime"><![CDATA[]]></item>
					<item id="endtime"><![CDATA[]]></item>
					<item id="orderby"><![CDATA[viewnum]]></item>
					<item id="publishdateline"><![CDATA[0]]></item>
					<item id="titlelength"><![CDATA[40]]></item>
					<item id="summarylength"><![CDATA[80]]></item>
					<item id="startrow"><![CDATA[0]]></item>
					<item id="items"><![CDATA[5]]></item>
				</item>
				<item id="shownum"><![CDATA[5]]></item>
				<item id="cachetime"><![CDATA[3600]]></item>
				<item id="cachetimerange"><![CDATA[]]></item>
				<item id="punctualupdate"><![CDATA[0]]></item>
				<item id="hidedisplay"><![CDATA[0]]></item>
				<item id="dateline"><![CDATA[1543810617]]></item>
				<item id="notinherited"><![CDATA[0]]></item>
				<item id="isblank"><![CDATA[0]]></item>
			</item>
			<item id="457">
				<item id="bid"><![CDATA[457]]></item>
				<item id="blockclass"><![CDATA[portal_article]]></item>
				<item id="blocktype"><![CDATA[0]]></item>
				<item id="name"><![CDATA[newpost]]></item>
				<item id="title"><![CDATA[]]></item>
				<item id="classname"><![CDATA[]]></item>
				<item id="summary"><![CDATA[]]></item>
				<item id="uid"><![CDATA[1]]></item>
				<item id="username"><![CDATA[admin]]></item>
				<item id="styleid"><![CDATA[0]]></item>
				<item id="blockstyle">
					<item id="name"><![CDATA[]]></item>
					<item id="blockclass"><![CDATA[portal_article]]></item>
					<item id="makethumb"><![CDATA[0]]></item>
					<item id="getpic"><![CDATA[0]]></item>
					<item id="getsummary"><![CDATA[0]]></item>
					<item id="settarget"><![CDATA[1]]></item>
					<item id="moreurl"><![CDATA[0]]></item>
					<item id="fields">
						<item id="0"><![CDATA[catname]]></item>
						<item id="1"><![CDATA[url]]></item>
						<item id="2"><![CDATA[title]]></item>
					</item>
					<item id="template">
						<item id="raw"><![CDATA[[loop]
[order=1]

<li>
                        	<em class="nex_bc_1">{catname}</em>
                            <a href="{url}"{target}>{title}</a>
                            <div class="clear"></div>
                        </li>

[/order]
                       [order=2]

<li>
                        	<em class="nex_bc_1">{catname}</em>
                            <a href="{url}"{target}>{title}</a>
                            <div class="clear"></div>
                        </li>

[/order]
[order=3]

<li>
                        	<em class="nex_bc_2">{catname}</em>
                            <a href="{url}"{target}>{title}</a>
                            <div class="clear"></div>
                        </li>

[/order]
                        [order=4]

<li>
                        	<em class="nex_bc_2">{catname}</em>
                            <a href="{url}"{target}>{title}</a>
                            <div class="clear"></div>
                        </li>

[/order]
[order=5]

<li>
                        	<em class="nex_bc_2">{catname}</em>
                            <a href="{url}"{target}>{title}</a>
                            <div class="clear"></div>
                        </li>

[/order]
[order=6]

<li>
                        	<em class="nex_bc_3">{catname}</em>
                            <a href="{url}"{target}>{title}</a>
                            <div class="clear"></div>
                        </li>

[/order]
[order=7]

<li>
                        	<em class="nex_bc_3">{catname}</em>
                            <a href="{url}"{target}>{title}</a>
                            <div class="clear"></div>
                        </li>

[/order]
[/loop]]]></item>
						<item id="footer"><![CDATA[]]></item>
						<item id="header"><![CDATA[]]></item>
						<item id="indexplus">
						</item>
						<item id="index">
						</item>
						<item id="orderplus">
						</item>
						<item id="order">
							<item id="1"><![CDATA[<li>
                        	<em class="nex_bc_1">{catname}</em>
                            <a href="{url}"{target}>{title}</a>
                            <div class="clear"></div>
                        </li>]]></item>
							<item id="2"><![CDATA[<li>
                        	<em class="nex_bc_1">{catname}</em>
                            <a href="{url}"{target}>{title}</a>
                            <div class="clear"></div>
                        </li>]]></item>
							<item id="3"><![CDATA[<li>
                        	<em class="nex_bc_2">{catname}</em>
                            <a href="{url}"{target}>{title}</a>
                            <div class="clear"></div>
                        </li>]]></item>
							<item id="4"><![CDATA[<li>
                        	<em class="nex_bc_2">{catname}</em>
                            <a href="{url}"{target}>{title}</a>
                            <div class="clear"></div>
                        </li>]]></item>
							<item id="5"><![CDATA[<li>
                        	<em class="nex_bc_2">{catname}</em>
                            <a href="{url}"{target}>{title}</a>
                            <div class="clear"></div>
                        </li>]]></item>
							<item id="6"><![CDATA[<li>
                        	<em class="nex_bc_3">{catname}</em>
                            <a href="{url}"{target}>{title}</a>
                            <div class="clear"></div>
                        </li>]]></item>
							<item id="7"><![CDATA[<li>
                        	<em class="nex_bc_3">{catname}</em>
                            <a href="{url}"{target}>{title}</a>
                            <div class="clear"></div>
                        </li>]]></item>
						</item>
						<item id="loopplus">
						</item>
						<item id="loop"><![CDATA[[order=1]

<li>
                        	<em class="nex_bc_1">{catname}</em>
                            <a href="{url}"{target}>{title}</a>
                            <div class="clear"></div>
                        </li>

[/order]
                       [order=2]

<li>
                        	<em class="nex_bc_1">{catname}</em>
                            <a href="{url}"{target}>{title}</a>
                            <div class="clear"></div>
                        </li>

[/order]
[order=3]

<li>
                        	<em class="nex_bc_2">{catname}</em>
                            <a href="{url}"{target}>{title}</a>
                            <div class="clear"></div>
                        </li>

[/order]
                        [order=4]

<li>
                        	<em class="nex_bc_2">{catname}</em>
                            <a href="{url}"{target}>{title}</a>
                            <div class="clear"></div>
                        </li>

[/order]
[order=5]

<li>
                        	<em class="nex_bc_2">{catname}</em>
                            <a href="{url}"{target}>{title}</a>
                            <div class="clear"></div>
                        </li>

[/order]
[order=6]

<li>
                        	<em class="nex_bc_3">{catname}</em>
                            <a href="{url}"{target}>{title}</a>
                            <div class="clear"></div>
                        </li>

[/order]
[order=7]

<li>
                        	<em class="nex_bc_3">{catname}</em>
                            <a href="{url}"{target}>{title}</a>
                            <div class="clear"></div>
                        </li>

[/order]]]></item>
					</item>
					<item id="hash"><![CDATA[85819d24]]></item>
				</item>
				<item id="picwidth"><![CDATA[0]]></item>
				<item id="picheight"><![CDATA[0]]></item>
				<item id="target"><![CDATA[blank]]></item>
				<item id="dateformat"><![CDATA[Y-m-d]]></item>
				<item id="dateuformat"><![CDATA[0]]></item>
				<item id="script"><![CDATA[article]]></item>
				<item id="param">
					<item id="aids"><![CDATA[]]></item>
					<item id="uids"><![CDATA[]]></item>
					<item id="keyword"><![CDATA[]]></item>
					<item id="picrequired"><![CDATA[0]]></item>
					<item id="starttime"><![CDATA[]]></item>
					<item id="endtime"><![CDATA[]]></item>
					<item id="orderby"><![CDATA[dateline]]></item>
					<item id="publishdateline"><![CDATA[0]]></item>
					<item id="titlelength"><![CDATA[40]]></item>
					<item id="summarylength"><![CDATA[80]]></item>
					<item id="startrow"><![CDATA[0]]></item>
					<item id="items"><![CDATA[7]]></item>
				</item>
				<item id="shownum"><![CDATA[7]]></item>
				<item id="cachetime"><![CDATA[3600]]></item>
				<item id="cachetimerange"><![CDATA[]]></item>
				<item id="punctualupdate"><![CDATA[0]]></item>
				<item id="hidedisplay"><![CDATA[0]]></item>
				<item id="dateline"><![CDATA[1543455061]]></item>
				<item id="notinherited"><![CDATA[0]]></item>
				<item id="isblank"><![CDATA[0]]></item>
			</item>
			<item id="458">
				<item id="bid"><![CDATA[458]]></item>
				<item id="blockclass"><![CDATA[portal_article]]></item>
				<item id="blocktype"><![CDATA[0]]></item>
				<item id="name"><![CDATA[tropical]]></item>
				<item id="title"><![CDATA[]]></item>
				<item id="classname"><![CDATA[]]></item>
				<item id="summary"><![CDATA[]]></item>
				<item id="uid"><![CDATA[1]]></item>
				<item id="username"><![CDATA[admin]]></item>
				<item id="styleid"><![CDATA[0]]></item>
				<item id="blockstyle">
					<item id="name"><![CDATA[]]></item>
					<item id="blockclass"><![CDATA[portal_article]]></item>
					<item id="makethumb"><![CDATA[1]]></item>
					<item id="getpic"><![CDATA[1]]></item>
					<item id="getsummary"><![CDATA[0]]></item>
					<item id="settarget"><![CDATA[1]]></item>
					<item id="moreurl"><![CDATA[0]]></item>
					<item id="fields">
						<item id="0"><![CDATA[url]]></item>
						<item id="1"><![CDATA[pic]]></item>
						<item id="2"><![CDATA[title]]></item>
					</item>
					<item id="template">
						<item id="raw"><![CDATA[[loop]
[order=1]

<li class="nex_tropi_top">
                        	<div class="nex_tropitoppim">
                            	<a href="{url}" target="_blank">
                                	<img src="{pic}" width="{picwidth}" height="{picheight}" />
                                    <i>话题</i>
                                </a>
                            </div>
                            <div class="nex_tropitopbtm">
                            	<h5><a href="{url}"{target}>{title}</a></h5>
                            </div>
                        </li>
                        
[/order]
                        <li class="nex_tropi_mid">
                        	<div class="nex_tropiimg"><a href="{url}" target="_blank"><img src="{pic}" width="{picwidth}" height="{picheight}" /></a></div>
                            <h5><a href="{url}"{target}>{title}</a></h5>
                        </li>
[/loop]]]></item>
						<item id="footer"><![CDATA[]]></item>
						<item id="header"><![CDATA[]]></item>
						<item id="indexplus">
						</item>
						<item id="index">
						</item>
						<item id="orderplus">
						</item>
						<item id="order">
							<item id="1"><![CDATA[<li class="nex_tropi_top">
                        	<div class="nex_tropitoppim">
                            	<a href="{url}" target="_blank">
                                	<img src="{pic}" width="{picwidth}" height="{picheight}" />
                                    <i>话题</i>
                                </a>
                            </div>
                            <div class="nex_tropitopbtm">
                            	<h5><a href="{url}"{target}>{title}</a></h5>
                            </div>
                        </li>]]></item>
						</item>
						<item id="loopplus">
						</item>
						<item id="loop"><![CDATA[[order=1]

<li class="nex_tropi_top">
                        	<div class="nex_tropitoppim">
                            	<a href="{url}" target="_blank">
                                	<img src="{pic}" width="{picwidth}" height="{picheight}" />
                                    <i>话题</i>
                                </a>
                            </div>
                            <div class="nex_tropitopbtm">
                            	<h5><a href="{url}"{target}>{title}</a></h5>
                            </div>
                        </li>
                        
[/order]
                        <li class="nex_tropi_mid">
                        	<div class="nex_tropiimg"><a href="{url}" target="_blank"><img src="{pic}" width="{picwidth}" height="{picheight}" /></a></div>
                            <h5><a href="{url}"{target}>{title}</a></h5>
                        </li>]]></item>
					</item>
					<item id="hash"><![CDATA[c7f37a76]]></item>
				</item>
				<item id="picwidth"><![CDATA[270]]></item>
				<item id="picheight"><![CDATA[155]]></item>
				<item id="target"><![CDATA[blank]]></item>
				<item id="dateformat"><![CDATA[Y-m-d]]></item>
				<item id="dateuformat"><![CDATA[0]]></item>
				<item id="script"><![CDATA[article]]></item>
				<item id="param">
					<item id="aids"><![CDATA[]]></item>
					<item id="uids"><![CDATA[]]></item>
					<item id="keyword"><![CDATA[]]></item>
					<item id="picrequired"><![CDATA[1]]></item>
					<item id="starttime"><![CDATA[]]></item>
					<item id="endtime"><![CDATA[]]></item>
					<item id="orderby"><![CDATA[viewnum]]></item>
					<item id="publishdateline"><![CDATA[0]]></item>
					<item id="titlelength"><![CDATA[40]]></item>
					<item id="summarylength"><![CDATA[80]]></item>
					<item id="startrow"><![CDATA[0]]></item>
					<item id="items"><![CDATA[5]]></item>
				</item>
				<item id="shownum"><![CDATA[5]]></item>
				<item id="cachetime"><![CDATA[3600]]></item>
				<item id="cachetimerange"><![CDATA[]]></item>
				<item id="punctualupdate"><![CDATA[0]]></item>
				<item id="hidedisplay"><![CDATA[0]]></item>
				<item id="dateline"><![CDATA[1543389820]]></item>
				<item id="notinherited"><![CDATA[0]]></item>
				<item id="isblank"><![CDATA[0]]></item>
			</item>
			<item id="459">
				<item id="bid"><![CDATA[459]]></item>
				<item id="blockclass"><![CDATA[html_html]]></item>
				<item id="blocktype"><![CDATA[0]]></item>
				<item id="name"><![CDATA[ads]]></item>
				<item id="title"><![CDATA[]]></item>
				<item id="classname"><![CDATA[]]></item>
				<item id="summary"><![CDATA[<a href="http://t.cn/Aiux1Qh0" target="_blank"><img src="template/nex_film_181120/neoconex/info/s_ads1.jpg" /></a>]]></item>
				<item id="uid"><![CDATA[1]]></item>
				<item id="username"><![CDATA[admin]]></item>
				<item id="styleid"><![CDATA[0]]></item>
				<item id="blockstyle"><![CDATA[]]></item>
				<item id="picwidth"><![CDATA[0]]></item>
				<item id="picheight"><![CDATA[0]]></item>
				<item id="target"><![CDATA[blank]]></item>
				<item id="dateformat"><![CDATA[Y-m-d]]></item>
				<item id="dateuformat"><![CDATA[0]]></item>
				<item id="script"><![CDATA[blank]]></item>
				<item id="param">
					<item id="content"><![CDATA[<a href=\"#\" target=\"_blank\"><img src=\"template/nex_film_181120/neoconex/info/s_ads1.jpg\" /></a>]]></item>
					<item id="items"><![CDATA[10]]></item>
				</item>
				<item id="shownum"><![CDATA[10]]></item>
				<item id="cachetime"><![CDATA[0]]></item>
				<item id="cachetimerange"><![CDATA[0,0]]></item>
				<item id="punctualupdate"><![CDATA[0]]></item>
				<item id="hidedisplay"><![CDATA[0]]></item>
				<item id="dateline"><![CDATA[1543386121]]></item>
				<item id="notinherited"><![CDATA[0]]></item>
				<item id="isblank"><![CDATA[0]]></item>
			</item>
			<item id="460">
				<item id="bid"><![CDATA[460]]></item>
				<item id="blockclass"><![CDATA[html_html]]></item>
				<item id="blocktype"><![CDATA[0]]></item>
				<item id="name"><![CDATA[guanzhu]]></item>
				<item id="title"><![CDATA[]]></item>
				<item id="classname"><![CDATA[]]></item>
				<item id="summary"><![CDATA[<div class="nex_focus_bg"><a href="http://t.cn/Aiux1Qh0" target="_blank"><img src="template/nex_film_181120/neoconex/info/bgf.jpg" /></a></div>
                <div class="nex_focus_fgs">
                	<div class="nex_focus_code"><img src="template/nex_film_181120/neoconex/info/weixin.png" /></div>
                    <div class="nex_focus_txt"><span>微信关注“星点互联影视”</span><span>每天分享有趣的影视资讯</span></div>
                    <div class="clear"></div>
                </div>
                <div class="nex_focus_btm">
                	<ul>
                    	<li class="nex_focus_btmqq"><a href="http://t.cn/Aiux1Qh0" target="_blank">加入福利群</a></li>
                        <li class="nex_focus_btmsina"><a href="http://t.cn/Aiux1Qh0" target="_blank">官方微博</a></li>
                        <div class="clear"></div>
                    </ul>
                </div>]]></item>
				<item id="uid"><![CDATA[1]]></item>
				<item id="username"><![CDATA[admin]]></item>
				<item id="styleid"><![CDATA[0]]></item>
				<item id="blockstyle"><![CDATA[]]></item>
				<item id="picwidth"><![CDATA[0]]></item>
				<item id="picheight"><![CDATA[0]]></item>
				<item id="target"><![CDATA[blank]]></item>
				<item id="dateformat"><![CDATA[Y-m-d]]></item>
				<item id="dateuformat"><![CDATA[0]]></item>
				<item id="script"><![CDATA[blank]]></item>
				<item id="param">
					<item id="content"><![CDATA[<div class=\"nex_focus_bg\"><a href=\"#\" target=\"_blank\"><img src=\"template/nex_film_181120/neoconex/info/bgf.jpg\" /></a></div>
                <div class=\"nex_focus_fgs\">
                	<div class=\"nex_focus_code\"><img src=\"template/nex_film_181120/neoconex/info/weixin.png\" /></div>
                    <div class=\"nex_focus_txt\"><span>微信关注“星点互联影视”</span><span>每天分享有趣的影视资讯</span></div>
                    <div class=\"clear\"></div>
                </div>
                <div class=\"nex_focus_btm\">
                	<ul>
                    	<li class=\"nex_focus_btmqq\"><a href=\"#\" target=\"_blank\">加入福利群</a></li>
                        <li class=\"nex_focus_btmsina\"><a href=\"#\" target=\"_blank\">官方微博</a></li>
                        <div class=\"clear\"></div>
                    </ul>
                </div>]]></item>
					<item id="items"><![CDATA[10]]></item>
				</item>
				<item id="shownum"><![CDATA[10]]></item>
				<item id="cachetime"><![CDATA[0]]></item>
				<item id="cachetimerange"><![CDATA[0,0]]></item>
				<item id="punctualupdate"><![CDATA[0]]></item>
				<item id="hidedisplay"><![CDATA[0]]></item>
				<item id="dateline"><![CDATA[1543384128]]></item>
				<item id="notinherited"><![CDATA[0]]></item>
				<item id="isblank"><![CDATA[0]]></item>
			</item>
		</item>
		<item id="style">
		</item>
	</item>
</root>