<?xml version="1.0" encoding="ISO-8859-1"?>
<root>
	<item id="Title"><![CDATA[Discuz! Threadtypes]]></item>
	<item id="Version"><![CDATA[X3.4]]></item>
	<item id="Time"><![CDATA[2019-12-06 08:41]]></item>
	<item id="From"><![CDATA[星点互联素材资源下载 (http://localhost/sucai/)]]></item>
	<item id="Data">
		<item id="0">
			<item id="optionid"><![CDATA[7]]></item>
			<item id="classid"><![CDATA[4]]></item>
			<item id="displayorder"><![CDATA[2]]></item>
			<item id="expiration"><![CDATA[0]]></item>
			<item id="protect"><![CDATA[]]></item>
			<item id="title"><![CDATA[封面图]]></item>
			<item id="description"><![CDATA[素材资源下载帖子]]></item>
			<item id="identifier"><![CDATA[nex_sc_coverpic]]></item>
			<item id="type"><![CDATA[image]]></item>
			<item id="unit"><![CDATA[]]></item>
			<item id="rules"><![CDATA[]]></item>
			<item id="permprompt"><![CDATA[]]></item>
			<item id="typeid"><![CDATA[4]]></item>
			<item id="name"><![CDATA[高清背景图]]></item>
			<item id="icon"><![CDATA[]]></item>
			<item id="special"><![CDATA[1]]></item>
			<item id="modelid"><![CDATA[0]]></item>
			<item id="template"><![CDATA[<div class="nex_sucaiBox">
	
    <div class="nex_sucai_main">
    	<div class="nex_sucai_pic">
        	<div class="nex_sucai_Title">{nex_sc_name_value}</div>
        	<div class="nex_sucai_pic_img"><img src="{nex_sc_coverpic_value}" /></div>
            <div class="nex_sucai_pic_txt">素材介绍：本作品内容为{nex_sc_name_value}， 格式为 {nex_sc_geshi_value}， {nex_sc_size}{nex_sc_size_value} {nex_sc_size_unit}；{nex_sc_measure}为{nex_sc_measure_value}{nex_sc_measure_unit}；颜色{nex_sc_color_value}；{nex_faceright}：{nex_faceright_value}，请使用软件{nex_sc_software_value}打开， 作品中文字及图均可以修改和编辑，图片更改请在作品中右键图片并更换，文字修改请直接点击文字进行修改，也可以新增和删除作品中的内容， 欢迎使用。 <p>**声明：该资源来自用户分享，如果损害了你的权利，请联系网站客服处理</p></div>
        </div>
        <div class="nex_sucai_info">
        	<div class="nex_dl_fav">
            	<ul>
                	<li class="nex_dl_btn"><a href="{nex_sc_adds_value}" target="_blank">下载素材</a></li>
                    <li class="nex_fav_btn"><a id="nex_favtocell">收藏</a></li>
                    <div class="clear"></div>
                </ul>
            </div>
            
            <div class="nex_scdetail_info">
                <ul>
                    <li><em>尺寸：</em>{nex_sc_measure_value}像素</li>
                    <li><em>适用软件：</em><span class="nex_software">{nex_sc_software_value}</span></li>
                    <li><em>格式：</em><span class="nex_geshi">{nex_sc_geshi_value}</span></li>
                    <li><em>颜色：</em><span class="nex_yanse">{nex_sc_color_value}</span></li>
                    <li><em>大小：</em>{nex_sc_size_value}{nex_sc_size_unit}</li>
		    <li><em>{nex_faceright}：</em>{nex_faceright_value}</li>
                    <li><em>上传时间：</em>{nex_sc_upload_value}</li>
                    <li class="nex_getcode"><em>提取码：</em>{nex_sc_pw_value}</li>
                </ul>
            </div>
            <div class="nex_bdshare">
            	<h5>一键分享：</h5>
            	<div class="bshare-custom nex_Sucai_share"><a title="分享到花瓣" class="bshare-huaban"></a><a title="分享到微信" class="bshare-weixin"></a><a title="分享到新浪微博" class="bshare-sinaminiblog"></a><a title="分享到QQ好友" class="bshare-qqim"></a><a title="分享到QQ空间" class="bshare-qzone"></a><script type="text/javascript" charset="utf-8" src="http://static.bshare.cn/b/buttonLite.js#style=-1&amp;uuid=&amp;pophcol=3&amp;lang=zh"></script><script type="text/javascript" charset="utf-8" src="http://static.bshare.cn/b/bshareC0.js"></script></script>
            </div>
        </div>
        <div class="clear"></div>
    </div>
</div>]]></item>
			<item id="stemplate"><![CDATA[<style type="text/css">
.nex_top_bar_link{background:url(template/nex_sucai_190828/neoconex/fenlei/hd_bg.jpg) center no-repeat!important; background-size:cover;}
</style>
<div class="nex_contentbox">
    <dl>
        [loop]
        <dd>
            <div class="nex_contpics">
                <a href="{subject_url}" target="_blank" style="background:url({nex_sc_coverpic_value}) center no-repeat; background-size:cover;"><em>{nex_BG_sort_value}</em></a>
                
            </div>
            <div class="nex_contbtm">
                <h5><a href="{subject_url}" target="_blank">{nex_sc_name_value}</a></h5>
                <div class="nex_contgyu">
                    <em class="nex_download_nums">{views}</em>
                    <em class="nex_update_time">{dateline}</em>
                    <div class="clear"></div>
                </div>
            </div>
        </dd>
        [/loop]
        <div class="clear"></div>
    </dl>
</div>]]></item>
			<item id="ptemplate"><![CDATA[]]></item>
			<item id="btemplate"><![CDATA[]]></item>
			<item id="sortid"><![CDATA[4]]></item>
			<item id="available"><![CDATA[1]]></item>
			<item id="required"><![CDATA[1]]></item>
			<item id="unchangeable"><![CDATA[0]]></item>
			<item id="search"><![CDATA[0]]></item>
			<item id="subjectshow"><![CDATA[1]]></item>
			<item id="tpdescription"><![CDATA[]]></item>
			<item id="ttdescription"><![CDATA[素材资源下载帖子]]></item>
			<item id="tpexpiration"><![CDATA[0]]></item>
			<item id="ttexpiration"><![CDATA[0]]></item>
		</item>
		<item id="1">
			<item id="optionid"><![CDATA[8]]></item>
			<item id="classid"><![CDATA[4]]></item>
			<item id="displayorder"><![CDATA[1]]></item>
			<item id="expiration"><![CDATA[0]]></item>
			<item id="protect"><![CDATA[]]></item>
			<item id="title"><![CDATA[素材名称]]></item>
			<item id="description"><![CDATA[素材资源下载帖子]]></item>
			<item id="identifier"><![CDATA[nex_sc_name]]></item>
			<item id="type"><![CDATA[text]]></item>
			<item id="unit"><![CDATA[]]></item>
			<item id="rules"><![CDATA[]]></item>
			<item id="permprompt"><![CDATA[]]></item>
			<item id="typeid"><![CDATA[4]]></item>
			<item id="name"><![CDATA[高清背景图]]></item>
			<item id="icon"><![CDATA[]]></item>
			<item id="special"><![CDATA[1]]></item>
			<item id="modelid"><![CDATA[0]]></item>
			<item id="template"><![CDATA[<div class="nex_sucaiBox">
	
    <div class="nex_sucai_main">
    	<div class="nex_sucai_pic">
        	<div class="nex_sucai_Title">{nex_sc_name_value}</div>
        	<div class="nex_sucai_pic_img"><img src="{nex_sc_coverpic_value}" /></div>
            <div class="nex_sucai_pic_txt">素材介绍：本作品内容为{nex_sc_name_value}， 格式为 {nex_sc_geshi_value}， {nex_sc_size}{nex_sc_size_value} {nex_sc_size_unit}；{nex_sc_measure}为{nex_sc_measure_value}{nex_sc_measure_unit}；颜色{nex_sc_color_value}；{nex_faceright}：{nex_faceright_value}，请使用软件{nex_sc_software_value}打开， 作品中文字及图均可以修改和编辑，图片更改请在作品中右键图片并更换，文字修改请直接点击文字进行修改，也可以新增和删除作品中的内容， 欢迎使用。 <p>**声明：该资源来自用户分享，如果损害了你的权利，请联系网站客服处理</p></div>
        </div>
        <div class="nex_sucai_info">
        	<div class="nex_dl_fav">
            	<ul>
                	<li class="nex_dl_btn"><a href="{nex_sc_adds_value}" target="_blank">下载素材</a></li>
                    <li class="nex_fav_btn"><a id="nex_favtocell">收藏</a></li>
                    <div class="clear"></div>
                </ul>
            </div>
            
            <div class="nex_scdetail_info">
                <ul>
                    <li><em>尺寸：</em>{nex_sc_measure_value}像素</li>
                    <li><em>适用软件：</em><span class="nex_software">{nex_sc_software_value}</span></li>
                    <li><em>格式：</em><span class="nex_geshi">{nex_sc_geshi_value}</span></li>
                    <li><em>颜色：</em><span class="nex_yanse">{nex_sc_color_value}</span></li>
                    <li><em>大小：</em>{nex_sc_size_value}{nex_sc_size_unit}</li>
		    <li><em>{nex_faceright}：</em>{nex_faceright_value}</li>
                    <li><em>上传时间：</em>{nex_sc_upload_value}</li>
                    <li class="nex_getcode"><em>提取码：</em>{nex_sc_pw_value}</li>
                </ul>
            </div>
            <div class="nex_bdshare">
            	<h5>一键分享：</h5>
            	<div class="bshare-custom nex_Sucai_share"><a title="分享到花瓣" class="bshare-huaban"></a><a title="分享到微信" class="bshare-weixin"></a><a title="分享到新浪微博" class="bshare-sinaminiblog"></a><a title="分享到QQ好友" class="bshare-qqim"></a><a title="分享到QQ空间" class="bshare-qzone"></a><script type="text/javascript" charset="utf-8" src="http://static.bshare.cn/b/buttonLite.js#style=-1&amp;uuid=&amp;pophcol=3&amp;lang=zh"></script><script type="text/javascript" charset="utf-8" src="http://static.bshare.cn/b/bshareC0.js"></script></script>
            </div>
        </div>
        <div class="clear"></div>
    </div>
</div>]]></item>
			<item id="stemplate"><![CDATA[<style type="text/css">
.nex_top_bar_link{background:url(template/nex_sucai_190828/neoconex/fenlei/hd_bg.jpg) center no-repeat!important; background-size:cover;}
</style>
<div class="nex_contentbox">
    <dl>
        [loop]
        <dd>
            <div class="nex_contpics">
                <a href="{subject_url}" target="_blank" style="background:url({nex_sc_coverpic_value}) center no-repeat; background-size:cover;"><em>{nex_BG_sort_value}</em></a>
                
            </div>
            <div class="nex_contbtm">
                <h5><a href="{subject_url}" target="_blank">{nex_sc_name_value}</a></h5>
                <div class="nex_contgyu">
                    <em class="nex_download_nums">{views}</em>
                    <em class="nex_update_time">{dateline}</em>
                    <div class="clear"></div>
                </div>
            </div>
        </dd>
        [/loop]
        <div class="clear"></div>
    </dl>
</div>]]></item>
			<item id="ptemplate"><![CDATA[]]></item>
			<item id="btemplate"><![CDATA[]]></item>
			<item id="sortid"><![CDATA[4]]></item>
			<item id="available"><![CDATA[1]]></item>
			<item id="required"><![CDATA[1]]></item>
			<item id="unchangeable"><![CDATA[0]]></item>
			<item id="search"><![CDATA[0]]></item>
			<item id="subjectshow"><![CDATA[1]]></item>
			<item id="tpdescription"><![CDATA[]]></item>
			<item id="ttdescription"><![CDATA[素材资源下载帖子]]></item>
			<item id="tpexpiration"><![CDATA[0]]></item>
			<item id="ttexpiration"><![CDATA[0]]></item>
		</item>
		<item id="2">
			<item id="optionid"><![CDATA[9]]></item>
			<item id="classid"><![CDATA[4]]></item>
			<item id="displayorder"><![CDATA[5]]></item>
			<item id="expiration"><![CDATA[0]]></item>
			<item id="title"><![CDATA[大小]]></item>
			<item id="description"><![CDATA[素材资源下载帖子]]></item>
			<item id="identifier"><![CDATA[nex_sc_size]]></item>
			<item id="type"><![CDATA[text]]></item>
			<item id="unit"><![CDATA[MB]]></item>
			<item id="permprompt"><![CDATA[]]></item>
			<item id="typeid"><![CDATA[4]]></item>
			<item id="name"><![CDATA[高清背景图]]></item>
			<item id="icon"><![CDATA[]]></item>
			<item id="special"><![CDATA[1]]></item>
			<item id="modelid"><![CDATA[0]]></item>
			<item id="template"><![CDATA[<div class="nex_sucaiBox">
	
    <div class="nex_sucai_main">
    	<div class="nex_sucai_pic">
        	<div class="nex_sucai_Title">{nex_sc_name_value}</div>
        	<div class="nex_sucai_pic_img"><img src="{nex_sc_coverpic_value}" /></div>
            <div class="nex_sucai_pic_txt">素材介绍：本作品内容为{nex_sc_name_value}， 格式为 {nex_sc_geshi_value}， {nex_sc_size}{nex_sc_size_value} {nex_sc_size_unit}；{nex_sc_measure}为{nex_sc_measure_value}{nex_sc_measure_unit}；颜色{nex_sc_color_value}；{nex_faceright}：{nex_faceright_value}，请使用软件{nex_sc_software_value}打开， 作品中文字及图均可以修改和编辑，图片更改请在作品中右键图片并更换，文字修改请直接点击文字进行修改，也可以新增和删除作品中的内容， 欢迎使用。 <p>**声明：该资源来自用户分享，如果损害了你的权利，请联系网站客服处理</p></div>
        </div>
        <div class="nex_sucai_info">
        	<div class="nex_dl_fav">
            	<ul>
                	<li class="nex_dl_btn"><a href="{nex_sc_adds_value}" target="_blank">下载素材</a></li>
                    <li class="nex_fav_btn"><a id="nex_favtocell">收藏</a></li>
                    <div class="clear"></div>
                </ul>
            </div>
            
            <div class="nex_scdetail_info">
                <ul>
                    <li><em>尺寸：</em>{nex_sc_measure_value}像素</li>
                    <li><em>适用软件：</em><span class="nex_software">{nex_sc_software_value}</span></li>
                    <li><em>格式：</em><span class="nex_geshi">{nex_sc_geshi_value}</span></li>
                    <li><em>颜色：</em><span class="nex_yanse">{nex_sc_color_value}</span></li>
                    <li><em>大小：</em>{nex_sc_size_value}{nex_sc_size_unit}</li>
		    <li><em>{nex_faceright}：</em>{nex_faceright_value}</li>
                    <li><em>上传时间：</em>{nex_sc_upload_value}</li>
                    <li class="nex_getcode"><em>提取码：</em>{nex_sc_pw_value}</li>
                </ul>
            </div>
            <div class="nex_bdshare">
            	<h5>一键分享：</h5>
            	<div class="bshare-custom nex_Sucai_share"><a title="分享到花瓣" class="bshare-huaban"></a><a title="分享到微信" class="bshare-weixin"></a><a title="分享到新浪微博" class="bshare-sinaminiblog"></a><a title="分享到QQ好友" class="bshare-qqim"></a><a title="分享到QQ空间" class="bshare-qzone"></a><script type="text/javascript" charset="utf-8" src="http://static.bshare.cn/b/buttonLite.js#style=-1&amp;uuid=&amp;pophcol=3&amp;lang=zh"></script><script type="text/javascript" charset="utf-8" src="http://static.bshare.cn/b/bshareC0.js"></script></script>
            </div>
        </div>
        <div class="clear"></div>
    </div>
</div>]]></item>
			<item id="stemplate"><![CDATA[<style type="text/css">
.nex_top_bar_link{background:url(template/nex_sucai_190828/neoconex/fenlei/hd_bg.jpg) center no-repeat!important; background-size:cover;}
</style>
<div class="nex_contentbox">
    <dl>
        [loop]
        <dd>
            <div class="nex_contpics">
                <a href="{subject_url}" target="_blank" style="background:url({nex_sc_coverpic_value}) center no-repeat; background-size:cover;"><em>{nex_BG_sort_value}</em></a>
                
            </div>
            <div class="nex_contbtm">
                <h5><a href="{subject_url}" target="_blank">{nex_sc_name_value}</a></h5>
                <div class="nex_contgyu">
                    <em class="nex_download_nums">{views}</em>
                    <em class="nex_update_time">{dateline}</em>
                    <div class="clear"></div>
                </div>
            </div>
        </dd>
        [/loop]
        <div class="clear"></div>
    </dl>
</div>]]></item>
			<item id="ptemplate"><![CDATA[]]></item>
			<item id="btemplate"><![CDATA[]]></item>
			<item id="sortid"><![CDATA[4]]></item>
			<item id="available"><![CDATA[1]]></item>
			<item id="required"><![CDATA[1]]></item>
			<item id="unchangeable"><![CDATA[0]]></item>
			<item id="search"><![CDATA[0]]></item>
			<item id="subjectshow"><![CDATA[1]]></item>
			<item id="tpdescription"><![CDATA[]]></item>
			<item id="ttdescription"><![CDATA[素材资源下载帖子]]></item>
			<item id="tpexpiration"><![CDATA[0]]></item>
			<item id="ttexpiration"><![CDATA[0]]></item>
			<item id="__protect">
				<item id="status"><![CDATA[0]]></item>
				<item id="usergroup"><![CDATA[]]></item>
				<item id="verify"><![CDATA[]]></item>
			</item>
			<item id="__rules">
				<item id="maxlength"><![CDATA[]]></item>
				<item id="inputsize"><![CDATA[]]></item>
				<item id="profile"><![CDATA[]]></item>
				<item id="defaultvalue"><![CDATA[]]></item>
			</item>
		</item>
		<item id="3">
			<item id="optionid"><![CDATA[10]]></item>
			<item id="classid"><![CDATA[4]]></item>
			<item id="displayorder"><![CDATA[4]]></item>
			<item id="expiration"><![CDATA[0]]></item>
			<item id="protect"><![CDATA[]]></item>
			<item id="title"><![CDATA[格式]]></item>
			<item id="description"><![CDATA[素材资源下载帖子]]></item>
			<item id="identifier"><![CDATA[nex_sc_geshi]]></item>
			<item id="type"><![CDATA[text]]></item>
			<item id="unit"><![CDATA[]]></item>
			<item id="rules"><![CDATA[]]></item>
			<item id="permprompt"><![CDATA[]]></item>
			<item id="typeid"><![CDATA[4]]></item>
			<item id="name"><![CDATA[高清背景图]]></item>
			<item id="icon"><![CDATA[]]></item>
			<item id="special"><![CDATA[1]]></item>
			<item id="modelid"><![CDATA[0]]></item>
			<item id="template"><![CDATA[<div class="nex_sucaiBox">
	
    <div class="nex_sucai_main">
    	<div class="nex_sucai_pic">
        	<div class="nex_sucai_Title">{nex_sc_name_value}</div>
        	<div class="nex_sucai_pic_img"><img src="{nex_sc_coverpic_value}" /></div>
            <div class="nex_sucai_pic_txt">素材介绍：本作品内容为{nex_sc_name_value}， 格式为 {nex_sc_geshi_value}， {nex_sc_size}{nex_sc_size_value} {nex_sc_size_unit}；{nex_sc_measure}为{nex_sc_measure_value}{nex_sc_measure_unit}；颜色{nex_sc_color_value}；{nex_faceright}：{nex_faceright_value}，请使用软件{nex_sc_software_value}打开， 作品中文字及图均可以修改和编辑，图片更改请在作品中右键图片并更换，文字修改请直接点击文字进行修改，也可以新增和删除作品中的内容， 欢迎使用。 <p>**声明：该资源来自用户分享，如果损害了你的权利，请联系网站客服处理</p></div>
        </div>
        <div class="nex_sucai_info">
        	<div class="nex_dl_fav">
            	<ul>
                	<li class="nex_dl_btn"><a href="{nex_sc_adds_value}" target="_blank">下载素材</a></li>
                    <li class="nex_fav_btn"><a id="nex_favtocell">收藏</a></li>
                    <div class="clear"></div>
                </ul>
            </div>
            
            <div class="nex_scdetail_info">
                <ul>
                    <li><em>尺寸：</em>{nex_sc_measure_value}像素</li>
                    <li><em>适用软件：</em><span class="nex_software">{nex_sc_software_value}</span></li>
                    <li><em>格式：</em><span class="nex_geshi">{nex_sc_geshi_value}</span></li>
                    <li><em>颜色：</em><span class="nex_yanse">{nex_sc_color_value}</span></li>
                    <li><em>大小：</em>{nex_sc_size_value}{nex_sc_size_unit}</li>
		    <li><em>{nex_faceright}：</em>{nex_faceright_value}</li>
                    <li><em>上传时间：</em>{nex_sc_upload_value}</li>
                    <li class="nex_getcode"><em>提取码：</em>{nex_sc_pw_value}</li>
                </ul>
            </div>
            <div class="nex_bdshare">
            	<h5>一键分享：</h5>
            	<div class="bshare-custom nex_Sucai_share"><a title="分享到花瓣" class="bshare-huaban"></a><a title="分享到微信" class="bshare-weixin"></a><a title="分享到新浪微博" class="bshare-sinaminiblog"></a><a title="分享到QQ好友" class="bshare-qqim"></a><a title="分享到QQ空间" class="bshare-qzone"></a><script type="text/javascript" charset="utf-8" src="http://static.bshare.cn/b/buttonLite.js#style=-1&amp;uuid=&amp;pophcol=3&amp;lang=zh"></script><script type="text/javascript" charset="utf-8" src="http://static.bshare.cn/b/bshareC0.js"></script></script>
            </div>
        </div>
        <div class="clear"></div>
    </div>
</div>]]></item>
			<item id="stemplate"><![CDATA[<style type="text/css">
.nex_top_bar_link{background:url(template/nex_sucai_190828/neoconex/fenlei/hd_bg.jpg) center no-repeat!important; background-size:cover;}
</style>
<div class="nex_contentbox">
    <dl>
        [loop]
        <dd>
            <div class="nex_contpics">
                <a href="{subject_url}" target="_blank" style="background:url({nex_sc_coverpic_value}) center no-repeat; background-size:cover;"><em>{nex_BG_sort_value}</em></a>
                
            </div>
            <div class="nex_contbtm">
                <h5><a href="{subject_url}" target="_blank">{nex_sc_name_value}</a></h5>
                <div class="nex_contgyu">
                    <em class="nex_download_nums">{views}</em>
                    <em class="nex_update_time">{dateline}</em>
                    <div class="clear"></div>
                </div>
            </div>
        </dd>
        [/loop]
        <div class="clear"></div>
    </dl>
</div>]]></item>
			<item id="ptemplate"><![CDATA[]]></item>
			<item id="btemplate"><![CDATA[]]></item>
			<item id="sortid"><![CDATA[4]]></item>
			<item id="available"><![CDATA[1]]></item>
			<item id="required"><![CDATA[1]]></item>
			<item id="unchangeable"><![CDATA[0]]></item>
			<item id="search"><![CDATA[0]]></item>
			<item id="subjectshow"><![CDATA[1]]></item>
			<item id="tpdescription"><![CDATA[]]></item>
			<item id="ttdescription"><![CDATA[素材资源下载帖子]]></item>
			<item id="tpexpiration"><![CDATA[0]]></item>
			<item id="ttexpiration"><![CDATA[0]]></item>
		</item>
		<item id="4">
			<item id="optionid"><![CDATA[11]]></item>
			<item id="classid"><![CDATA[4]]></item>
			<item id="displayorder"><![CDATA[8]]></item>
			<item id="expiration"><![CDATA[0]]></item>
			<item id="protect"><![CDATA[]]></item>
			<item id="title"><![CDATA[上传时间]]></item>
			<item id="description"><![CDATA[素材资源下载帖子]]></item>
			<item id="identifier"><![CDATA[nex_sc_upload]]></item>
			<item id="type"><![CDATA[calendar]]></item>
			<item id="unit"><![CDATA[]]></item>
			<item id="rules"><![CDATA[]]></item>
			<item id="permprompt"><![CDATA[]]></item>
			<item id="typeid"><![CDATA[4]]></item>
			<item id="name"><![CDATA[高清背景图]]></item>
			<item id="icon"><![CDATA[]]></item>
			<item id="special"><![CDATA[1]]></item>
			<item id="modelid"><![CDATA[0]]></item>
			<item id="template"><![CDATA[<div class="nex_sucaiBox">
	
    <div class="nex_sucai_main">
    	<div class="nex_sucai_pic">
        	<div class="nex_sucai_Title">{nex_sc_name_value}</div>
        	<div class="nex_sucai_pic_img"><img src="{nex_sc_coverpic_value}" /></div>
            <div class="nex_sucai_pic_txt">素材介绍：本作品内容为{nex_sc_name_value}， 格式为 {nex_sc_geshi_value}， {nex_sc_size}{nex_sc_size_value} {nex_sc_size_unit}；{nex_sc_measure}为{nex_sc_measure_value}{nex_sc_measure_unit}；颜色{nex_sc_color_value}；{nex_faceright}：{nex_faceright_value}，请使用软件{nex_sc_software_value}打开， 作品中文字及图均可以修改和编辑，图片更改请在作品中右键图片并更换，文字修改请直接点击文字进行修改，也可以新增和删除作品中的内容， 欢迎使用。 <p>**声明：该资源来自用户分享，如果损害了你的权利，请联系网站客服处理</p></div>
        </div>
        <div class="nex_sucai_info">
        	<div class="nex_dl_fav">
            	<ul>
                	<li class="nex_dl_btn"><a href="{nex_sc_adds_value}" target="_blank">下载素材</a></li>
                    <li class="nex_fav_btn"><a id="nex_favtocell">收藏</a></li>
                    <div class="clear"></div>
                </ul>
            </div>
            
            <div class="nex_scdetail_info">
                <ul>
                    <li><em>尺寸：</em>{nex_sc_measure_value}像素</li>
                    <li><em>适用软件：</em><span class="nex_software">{nex_sc_software_value}</span></li>
                    <li><em>格式：</em><span class="nex_geshi">{nex_sc_geshi_value}</span></li>
                    <li><em>颜色：</em><span class="nex_yanse">{nex_sc_color_value}</span></li>
                    <li><em>大小：</em>{nex_sc_size_value}{nex_sc_size_unit}</li>
		    <li><em>{nex_faceright}：</em>{nex_faceright_value}</li>
                    <li><em>上传时间：</em>{nex_sc_upload_value}</li>
                    <li class="nex_getcode"><em>提取码：</em>{nex_sc_pw_value}</li>
                </ul>
            </div>
            <div class="nex_bdshare">
            	<h5>一键分享：</h5>
            	<div class="bshare-custom nex_Sucai_share"><a title="分享到花瓣" class="bshare-huaban"></a><a title="分享到微信" class="bshare-weixin"></a><a title="分享到新浪微博" class="bshare-sinaminiblog"></a><a title="分享到QQ好友" class="bshare-qqim"></a><a title="分享到QQ空间" class="bshare-qzone"></a><script type="text/javascript" charset="utf-8" src="http://static.bshare.cn/b/buttonLite.js#style=-1&amp;uuid=&amp;pophcol=3&amp;lang=zh"></script><script type="text/javascript" charset="utf-8" src="http://static.bshare.cn/b/bshareC0.js"></script></script>
            </div>
        </div>
        <div class="clear"></div>
    </div>
</div>]]></item>
			<item id="stemplate"><![CDATA[<style type="text/css">
.nex_top_bar_link{background:url(template/nex_sucai_190828/neoconex/fenlei/hd_bg.jpg) center no-repeat!important; background-size:cover;}
</style>
<div class="nex_contentbox">
    <dl>
        [loop]
        <dd>
            <div class="nex_contpics">
                <a href="{subject_url}" target="_blank" style="background:url({nex_sc_coverpic_value}) center no-repeat; background-size:cover;"><em>{nex_BG_sort_value}</em></a>
                
            </div>
            <div class="nex_contbtm">
                <h5><a href="{subject_url}" target="_blank">{nex_sc_name_value}</a></h5>
                <div class="nex_contgyu">
                    <em class="nex_download_nums">{views}</em>
                    <em class="nex_update_time">{dateline}</em>
                    <div class="clear"></div>
                </div>
            </div>
        </dd>
        [/loop]
        <div class="clear"></div>
    </dl>
</div>]]></item>
			<item id="ptemplate"><![CDATA[]]></item>
			<item id="btemplate"><![CDATA[]]></item>
			<item id="sortid"><![CDATA[4]]></item>
			<item id="available"><![CDATA[1]]></item>
			<item id="required"><![CDATA[1]]></item>
			<item id="unchangeable"><![CDATA[0]]></item>
			<item id="search"><![CDATA[0]]></item>
			<item id="subjectshow"><![CDATA[1]]></item>
			<item id="tpdescription"><![CDATA[]]></item>
			<item id="ttdescription"><![CDATA[素材资源下载帖子]]></item>
			<item id="tpexpiration"><![CDATA[0]]></item>
			<item id="ttexpiration"><![CDATA[0]]></item>
		</item>
		<item id="5">
			<item id="optionid"><![CDATA[12]]></item>
			<item id="classid"><![CDATA[4]]></item>
			<item id="displayorder"><![CDATA[7]]></item>
			<item id="expiration"><![CDATA[0]]></item>
			<item id="title"><![CDATA[适用软件]]></item>
			<item id="description"><![CDATA[素材资源下载帖子]]></item>
			<item id="identifier"><![CDATA[nex_sc_software]]></item>
			<item id="type"><![CDATA[radio]]></item>
			<item id="unit"><![CDATA[]]></item>
			<item id="permprompt"><![CDATA[]]></item>
			<item id="typeid"><![CDATA[4]]></item>
			<item id="name"><![CDATA[高清背景图]]></item>
			<item id="icon"><![CDATA[]]></item>
			<item id="special"><![CDATA[1]]></item>
			<item id="modelid"><![CDATA[0]]></item>
			<item id="template"><![CDATA[<div class="nex_sucaiBox">
	
    <div class="nex_sucai_main">
    	<div class="nex_sucai_pic">
        	<div class="nex_sucai_Title">{nex_sc_name_value}</div>
        	<div class="nex_sucai_pic_img"><img src="{nex_sc_coverpic_value}" /></div>
            <div class="nex_sucai_pic_txt">素材介绍：本作品内容为{nex_sc_name_value}， 格式为 {nex_sc_geshi_value}， {nex_sc_size}{nex_sc_size_value} {nex_sc_size_unit}；{nex_sc_measure}为{nex_sc_measure_value}{nex_sc_measure_unit}；颜色{nex_sc_color_value}；{nex_faceright}：{nex_faceright_value}，请使用软件{nex_sc_software_value}打开， 作品中文字及图均可以修改和编辑，图片更改请在作品中右键图片并更换，文字修改请直接点击文字进行修改，也可以新增和删除作品中的内容， 欢迎使用。 <p>**声明：该资源来自用户分享，如果损害了你的权利，请联系网站客服处理</p></div>
        </div>
        <div class="nex_sucai_info">
        	<div class="nex_dl_fav">
            	<ul>
                	<li class="nex_dl_btn"><a href="{nex_sc_adds_value}" target="_blank">下载素材</a></li>
                    <li class="nex_fav_btn"><a id="nex_favtocell">收藏</a></li>
                    <div class="clear"></div>
                </ul>
            </div>
            
            <div class="nex_scdetail_info">
                <ul>
                    <li><em>尺寸：</em>{nex_sc_measure_value}像素</li>
                    <li><em>适用软件：</em><span class="nex_software">{nex_sc_software_value}</span></li>
                    <li><em>格式：</em><span class="nex_geshi">{nex_sc_geshi_value}</span></li>
                    <li><em>颜色：</em><span class="nex_yanse">{nex_sc_color_value}</span></li>
                    <li><em>大小：</em>{nex_sc_size_value}{nex_sc_size_unit}</li>
		    <li><em>{nex_faceright}：</em>{nex_faceright_value}</li>
                    <li><em>上传时间：</em>{nex_sc_upload_value}</li>
                    <li class="nex_getcode"><em>提取码：</em>{nex_sc_pw_value}</li>
                </ul>
            </div>
            <div class="nex_bdshare">
            	<h5>一键分享：</h5>
            	<div class="bshare-custom nex_Sucai_share"><a title="分享到花瓣" class="bshare-huaban"></a><a title="分享到微信" class="bshare-weixin"></a><a title="分享到新浪微博" class="bshare-sinaminiblog"></a><a title="分享到QQ好友" class="bshare-qqim"></a><a title="分享到QQ空间" class="bshare-qzone"></a><script type="text/javascript" charset="utf-8" src="http://static.bshare.cn/b/buttonLite.js#style=-1&amp;uuid=&amp;pophcol=3&amp;lang=zh"></script><script type="text/javascript" charset="utf-8" src="http://static.bshare.cn/b/bshareC0.js"></script></script>
            </div>
        </div>
        <div class="clear"></div>
    </div>
</div>]]></item>
			<item id="stemplate"><![CDATA[<style type="text/css">
.nex_top_bar_link{background:url(template/nex_sucai_190828/neoconex/fenlei/hd_bg.jpg) center no-repeat!important; background-size:cover;}
</style>
<div class="nex_contentbox">
    <dl>
        [loop]
        <dd>
            <div class="nex_contpics">
                <a href="{subject_url}" target="_blank" style="background:url({nex_sc_coverpic_value}) center no-repeat; background-size:cover;"><em>{nex_BG_sort_value}</em></a>
                
            </div>
            <div class="nex_contbtm">
                <h5><a href="{subject_url}" target="_blank">{nex_sc_name_value}</a></h5>
                <div class="nex_contgyu">
                    <em class="nex_download_nums">{views}</em>
                    <em class="nex_update_time">{dateline}</em>
                    <div class="clear"></div>
                </div>
            </div>
        </dd>
        [/loop]
        <div class="clear"></div>
    </dl>
</div>]]></item>
			<item id="ptemplate"><![CDATA[]]></item>
			<item id="btemplate"><![CDATA[]]></item>
			<item id="sortid"><![CDATA[4]]></item>
			<item id="available"><![CDATA[1]]></item>
			<item id="required"><![CDATA[1]]></item>
			<item id="unchangeable"><![CDATA[0]]></item>
			<item id="search"><![CDATA[0]]></item>
			<item id="subjectshow"><![CDATA[1]]></item>
			<item id="tpdescription"><![CDATA[]]></item>
			<item id="ttdescription"><![CDATA[素材资源下载帖子]]></item>
			<item id="tpexpiration"><![CDATA[0]]></item>
			<item id="ttexpiration"><![CDATA[0]]></item>
			<item id="__protect">
				<item id="usergroup"><![CDATA[]]></item>
				<item id="verify"><![CDATA[]]></item>
			</item>
			<item id="__rules">
				<item id="choices"><![CDATA[1=Powerpoint
2=Photoshop
3=Illustrator
4=After Effects
5=CorelDRAW
6=Premiere
7=AutoCAD
8=Cinema 4D
9=Zbrush
10=3dsMax
11=Maya
12=Dreamwaver]]></item>
			</item>
		</item>
		<item id="6">
			<item id="optionid"><![CDATA[13]]></item>
			<item id="classid"><![CDATA[4]]></item>
			<item id="displayorder"><![CDATA[11]]></item>
			<item id="expiration"><![CDATA[0]]></item>
			<item id="title"><![CDATA[提取码]]></item>
			<item id="description"><![CDATA[素材资源下载帖子]]></item>
			<item id="identifier"><![CDATA[nex_sc_pw]]></item>
			<item id="type"><![CDATA[text]]></item>
			<item id="unit"><![CDATA[]]></item>
			<item id="permprompt"><![CDATA[购买VIP用户组查看提取密码]]></item>
			<item id="typeid"><![CDATA[4]]></item>
			<item id="name"><![CDATA[高清背景图]]></item>
			<item id="icon"><![CDATA[]]></item>
			<item id="special"><![CDATA[1]]></item>
			<item id="modelid"><![CDATA[0]]></item>
			<item id="template"><![CDATA[<div class="nex_sucaiBox">
	
    <div class="nex_sucai_main">
    	<div class="nex_sucai_pic">
        	<div class="nex_sucai_Title">{nex_sc_name_value}</div>
        	<div class="nex_sucai_pic_img"><img src="{nex_sc_coverpic_value}" /></div>
            <div class="nex_sucai_pic_txt">素材介绍：本作品内容为{nex_sc_name_value}， 格式为 {nex_sc_geshi_value}， {nex_sc_size}{nex_sc_size_value} {nex_sc_size_unit}；{nex_sc_measure}为{nex_sc_measure_value}{nex_sc_measure_unit}；颜色{nex_sc_color_value}；{nex_faceright}：{nex_faceright_value}，请使用软件{nex_sc_software_value}打开， 作品中文字及图均可以修改和编辑，图片更改请在作品中右键图片并更换，文字修改请直接点击文字进行修改，也可以新增和删除作品中的内容， 欢迎使用。 <p>**声明：该资源来自用户分享，如果损害了你的权利，请联系网站客服处理</p></div>
        </div>
        <div class="nex_sucai_info">
        	<div class="nex_dl_fav">
            	<ul>
                	<li class="nex_dl_btn"><a href="{nex_sc_adds_value}" target="_blank">下载素材</a></li>
                    <li class="nex_fav_btn"><a id="nex_favtocell">收藏</a></li>
                    <div class="clear"></div>
                </ul>
            </div>
            
            <div class="nex_scdetail_info">
                <ul>
                    <li><em>尺寸：</em>{nex_sc_measure_value}像素</li>
                    <li><em>适用软件：</em><span class="nex_software">{nex_sc_software_value}</span></li>
                    <li><em>格式：</em><span class="nex_geshi">{nex_sc_geshi_value}</span></li>
                    <li><em>颜色：</em><span class="nex_yanse">{nex_sc_color_value}</span></li>
                    <li><em>大小：</em>{nex_sc_size_value}{nex_sc_size_unit}</li>
		    <li><em>{nex_faceright}：</em>{nex_faceright_value}</li>
                    <li><em>上传时间：</em>{nex_sc_upload_value}</li>
                    <li class="nex_getcode"><em>提取码：</em>{nex_sc_pw_value}</li>
                </ul>
            </div>
            <div class="nex_bdshare">
            	<h5>一键分享：</h5>
            	<div class="bshare-custom nex_Sucai_share"><a title="分享到花瓣" class="bshare-huaban"></a><a title="分享到微信" class="bshare-weixin"></a><a title="分享到新浪微博" class="bshare-sinaminiblog"></a><a title="分享到QQ好友" class="bshare-qqim"></a><a title="分享到QQ空间" class="bshare-qzone"></a><script type="text/javascript" charset="utf-8" src="http://static.bshare.cn/b/buttonLite.js#style=-1&amp;uuid=&amp;pophcol=3&amp;lang=zh"></script><script type="text/javascript" charset="utf-8" src="http://static.bshare.cn/b/bshareC0.js"></script></script>
            </div>
        </div>
        <div class="clear"></div>
    </div>
</div>]]></item>
			<item id="stemplate"><![CDATA[<style type="text/css">
.nex_top_bar_link{background:url(template/nex_sucai_190828/neoconex/fenlei/hd_bg.jpg) center no-repeat!important; background-size:cover;}
</style>
<div class="nex_contentbox">
    <dl>
        [loop]
        <dd>
            <div class="nex_contpics">
                <a href="{subject_url}" target="_blank" style="background:url({nex_sc_coverpic_value}) center no-repeat; background-size:cover;"><em>{nex_BG_sort_value}</em></a>
                
            </div>
            <div class="nex_contbtm">
                <h5><a href="{subject_url}" target="_blank">{nex_sc_name_value}</a></h5>
                <div class="nex_contgyu">
                    <em class="nex_download_nums">{views}</em>
                    <em class="nex_update_time">{dateline}</em>
                    <div class="clear"></div>
                </div>
            </div>
        </dd>
        [/loop]
        <div class="clear"></div>
    </dl>
</div>]]></item>
			<item id="ptemplate"><![CDATA[]]></item>
			<item id="btemplate"><![CDATA[]]></item>
			<item id="sortid"><![CDATA[4]]></item>
			<item id="available"><![CDATA[1]]></item>
			<item id="required"><![CDATA[1]]></item>
			<item id="unchangeable"><![CDATA[0]]></item>
			<item id="search"><![CDATA[0]]></item>
			<item id="subjectshow"><![CDATA[1]]></item>
			<item id="tpdescription"><![CDATA[]]></item>
			<item id="ttdescription"><![CDATA[素材资源下载帖子]]></item>
			<item id="tpexpiration"><![CDATA[0]]></item>
			<item id="ttexpiration"><![CDATA[0]]></item>
			<item id="__protect">
				<item id="status"><![CDATA[1]]></item>
				<item id="usergroup"><![CDATA[1]]></item>
				<item id="verify"><![CDATA[]]></item>
			</item>
			<item id="__rules">
				<item id="maxlength"><![CDATA[]]></item>
				<item id="inputsize"><![CDATA[]]></item>
				<item id="profile"><![CDATA[]]></item>
				<item id="defaultvalue"><![CDATA[]]></item>
			</item>
		</item>
		<item id="7">
			<item id="optionid"><![CDATA[17]]></item>
			<item id="classid"><![CDATA[4]]></item>
			<item id="displayorder"><![CDATA[10]]></item>
			<item id="expiration"><![CDATA[0]]></item>
			<item id="protect"><![CDATA[]]></item>
			<item id="title"><![CDATA[下载地址]]></item>
			<item id="description"><![CDATA[素材资源下载帖子]]></item>
			<item id="identifier"><![CDATA[nex_sc_adds]]></item>
			<item id="type"><![CDATA[text]]></item>
			<item id="unit"><![CDATA[]]></item>
			<item id="rules"><![CDATA[]]></item>
			<item id="permprompt"><![CDATA[]]></item>
			<item id="typeid"><![CDATA[4]]></item>
			<item id="name"><![CDATA[高清背景图]]></item>
			<item id="icon"><![CDATA[]]></item>
			<item id="special"><![CDATA[1]]></item>
			<item id="modelid"><![CDATA[0]]></item>
			<item id="template"><![CDATA[<div class="nex_sucaiBox">
	
    <div class="nex_sucai_main">
    	<div class="nex_sucai_pic">
        	<div class="nex_sucai_Title">{nex_sc_name_value}</div>
        	<div class="nex_sucai_pic_img"><img src="{nex_sc_coverpic_value}" /></div>
            <div class="nex_sucai_pic_txt">素材介绍：本作品内容为{nex_sc_name_value}， 格式为 {nex_sc_geshi_value}， {nex_sc_size}{nex_sc_size_value} {nex_sc_size_unit}；{nex_sc_measure}为{nex_sc_measure_value}{nex_sc_measure_unit}；颜色{nex_sc_color_value}；{nex_faceright}：{nex_faceright_value}，请使用软件{nex_sc_software_value}打开， 作品中文字及图均可以修改和编辑，图片更改请在作品中右键图片并更换，文字修改请直接点击文字进行修改，也可以新增和删除作品中的内容， 欢迎使用。 <p>**声明：该资源来自用户分享，如果损害了你的权利，请联系网站客服处理</p></div>
        </div>
        <div class="nex_sucai_info">
        	<div class="nex_dl_fav">
            	<ul>
                	<li class="nex_dl_btn"><a href="{nex_sc_adds_value}" target="_blank">下载素材</a></li>
                    <li class="nex_fav_btn"><a id="nex_favtocell">收藏</a></li>
                    <div class="clear"></div>
                </ul>
            </div>
            
            <div class="nex_scdetail_info">
                <ul>
                    <li><em>尺寸：</em>{nex_sc_measure_value}像素</li>
                    <li><em>适用软件：</em><span class="nex_software">{nex_sc_software_value}</span></li>
                    <li><em>格式：</em><span class="nex_geshi">{nex_sc_geshi_value}</span></li>
                    <li><em>颜色：</em><span class="nex_yanse">{nex_sc_color_value}</span></li>
                    <li><em>大小：</em>{nex_sc_size_value}{nex_sc_size_unit}</li>
		    <li><em>{nex_faceright}：</em>{nex_faceright_value}</li>
                    <li><em>上传时间：</em>{nex_sc_upload_value}</li>
                    <li class="nex_getcode"><em>提取码：</em>{nex_sc_pw_value}</li>
                </ul>
            </div>
            <div class="nex_bdshare">
            	<h5>一键分享：</h5>
            	<div class="bshare-custom nex_Sucai_share"><a title="分享到花瓣" class="bshare-huaban"></a><a title="分享到微信" class="bshare-weixin"></a><a title="分享到新浪微博" class="bshare-sinaminiblog"></a><a title="分享到QQ好友" class="bshare-qqim"></a><a title="分享到QQ空间" class="bshare-qzone"></a><script type="text/javascript" charset="utf-8" src="http://static.bshare.cn/b/buttonLite.js#style=-1&amp;uuid=&amp;pophcol=3&amp;lang=zh"></script><script type="text/javascript" charset="utf-8" src="http://static.bshare.cn/b/bshareC0.js"></script></script>
            </div>
        </div>
        <div class="clear"></div>
    </div>
</div>]]></item>
			<item id="stemplate"><![CDATA[<style type="text/css">
.nex_top_bar_link{background:url(template/nex_sucai_190828/neoconex/fenlei/hd_bg.jpg) center no-repeat!important; background-size:cover;}
</style>
<div class="nex_contentbox">
    <dl>
        [loop]
        <dd>
            <div class="nex_contpics">
                <a href="{subject_url}" target="_blank" style="background:url({nex_sc_coverpic_value}) center no-repeat; background-size:cover;"><em>{nex_BG_sort_value}</em></a>
                
            </div>
            <div class="nex_contbtm">
                <h5><a href="{subject_url}" target="_blank">{nex_sc_name_value}</a></h5>
                <div class="nex_contgyu">
                    <em class="nex_download_nums">{views}</em>
                    <em class="nex_update_time">{dateline}</em>
                    <div class="clear"></div>
                </div>
            </div>
        </dd>
        [/loop]
        <div class="clear"></div>
    </dl>
</div>]]></item>
			<item id="ptemplate"><![CDATA[]]></item>
			<item id="btemplate"><![CDATA[]]></item>
			<item id="sortid"><![CDATA[4]]></item>
			<item id="available"><![CDATA[1]]></item>
			<item id="required"><![CDATA[1]]></item>
			<item id="unchangeable"><![CDATA[0]]></item>
			<item id="search"><![CDATA[0]]></item>
			<item id="subjectshow"><![CDATA[1]]></item>
			<item id="tpdescription"><![CDATA[]]></item>
			<item id="ttdescription"><![CDATA[素材资源下载帖子]]></item>
			<item id="tpexpiration"><![CDATA[0]]></item>
			<item id="ttexpiration"><![CDATA[0]]></item>
		</item>
		<item id="8">
			<item id="optionid"><![CDATA[35]]></item>
			<item id="classid"><![CDATA[4]]></item>
			<item id="displayorder"><![CDATA[9]]></item>
			<item id="expiration"><![CDATA[0]]></item>
			<item id="title"><![CDATA[肖像权]]></item>
			<item id="description"><![CDATA[素材资源下载帖子]]></item>
			<item id="identifier"><![CDATA[nex_faceright]]></item>
			<item id="type"><![CDATA[radio]]></item>
			<item id="unit"><![CDATA[]]></item>
			<item id="permprompt"><![CDATA[]]></item>
			<item id="typeid"><![CDATA[4]]></item>
			<item id="name"><![CDATA[高清背景图]]></item>
			<item id="icon"><![CDATA[]]></item>
			<item id="special"><![CDATA[1]]></item>
			<item id="modelid"><![CDATA[0]]></item>
			<item id="template"><![CDATA[<div class="nex_sucaiBox">
	
    <div class="nex_sucai_main">
    	<div class="nex_sucai_pic">
        	<div class="nex_sucai_Title">{nex_sc_name_value}</div>
        	<div class="nex_sucai_pic_img"><img src="{nex_sc_coverpic_value}" /></div>
            <div class="nex_sucai_pic_txt">素材介绍：本作品内容为{nex_sc_name_value}， 格式为 {nex_sc_geshi_value}， {nex_sc_size}{nex_sc_size_value} {nex_sc_size_unit}；{nex_sc_measure}为{nex_sc_measure_value}{nex_sc_measure_unit}；颜色{nex_sc_color_value}；{nex_faceright}：{nex_faceright_value}，请使用软件{nex_sc_software_value}打开， 作品中文字及图均可以修改和编辑，图片更改请在作品中右键图片并更换，文字修改请直接点击文字进行修改，也可以新增和删除作品中的内容， 欢迎使用。 <p>**声明：该资源来自用户分享，如果损害了你的权利，请联系网站客服处理</p></div>
        </div>
        <div class="nex_sucai_info">
        	<div class="nex_dl_fav">
            	<ul>
                	<li class="nex_dl_btn"><a href="{nex_sc_adds_value}" target="_blank">下载素材</a></li>
                    <li class="nex_fav_btn"><a id="nex_favtocell">收藏</a></li>
                    <div class="clear"></div>
                </ul>
            </div>
            
            <div class="nex_scdetail_info">
                <ul>
                    <li><em>尺寸：</em>{nex_sc_measure_value}像素</li>
                    <li><em>适用软件：</em><span class="nex_software">{nex_sc_software_value}</span></li>
                    <li><em>格式：</em><span class="nex_geshi">{nex_sc_geshi_value}</span></li>
                    <li><em>颜色：</em><span class="nex_yanse">{nex_sc_color_value}</span></li>
                    <li><em>大小：</em>{nex_sc_size_value}{nex_sc_size_unit}</li>
		    <li><em>{nex_faceright}：</em>{nex_faceright_value}</li>
                    <li><em>上传时间：</em>{nex_sc_upload_value}</li>
                    <li class="nex_getcode"><em>提取码：</em>{nex_sc_pw_value}</li>
                </ul>
            </div>
            <div class="nex_bdshare">
            	<h5>一键分享：</h5>
            	<div class="bshare-custom nex_Sucai_share"><a title="分享到花瓣" class="bshare-huaban"></a><a title="分享到微信" class="bshare-weixin"></a><a title="分享到新浪微博" class="bshare-sinaminiblog"></a><a title="分享到QQ好友" class="bshare-qqim"></a><a title="分享到QQ空间" class="bshare-qzone"></a><script type="text/javascript" charset="utf-8" src="http://static.bshare.cn/b/buttonLite.js#style=-1&amp;uuid=&amp;pophcol=3&amp;lang=zh"></script><script type="text/javascript" charset="utf-8" src="http://static.bshare.cn/b/bshareC0.js"></script></script>
            </div>
        </div>
        <div class="clear"></div>
    </div>
</div>]]></item>
			<item id="stemplate"><![CDATA[<style type="text/css">
.nex_top_bar_link{background:url(template/nex_sucai_190828/neoconex/fenlei/hd_bg.jpg) center no-repeat!important; background-size:cover;}
</style>
<div class="nex_contentbox">
    <dl>
        [loop]
        <dd>
            <div class="nex_contpics">
                <a href="{subject_url}" target="_blank" style="background:url({nex_sc_coverpic_value}) center no-repeat; background-size:cover;"><em>{nex_BG_sort_value}</em></a>
                
            </div>
            <div class="nex_contbtm">
                <h5><a href="{subject_url}" target="_blank">{nex_sc_name_value}</a></h5>
                <div class="nex_contgyu">
                    <em class="nex_download_nums">{views}</em>
                    <em class="nex_update_time">{dateline}</em>
                    <div class="clear"></div>
                </div>
            </div>
        </dd>
        [/loop]
        <div class="clear"></div>
    </dl>
</div>]]></item>
			<item id="ptemplate"><![CDATA[]]></item>
			<item id="btemplate"><![CDATA[]]></item>
			<item id="sortid"><![CDATA[4]]></item>
			<item id="available"><![CDATA[1]]></item>
			<item id="required"><![CDATA[1]]></item>
			<item id="unchangeable"><![CDATA[0]]></item>
			<item id="search"><![CDATA[0]]></item>
			<item id="subjectshow"><![CDATA[1]]></item>
			<item id="tpdescription"><![CDATA[]]></item>
			<item id="ttdescription"><![CDATA[素材资源下载帖子]]></item>
			<item id="tpexpiration"><![CDATA[0]]></item>
			<item id="ttexpiration"><![CDATA[0]]></item>
			<item id="__protect">
				<item id="usergroup"><![CDATA[]]></item>
				<item id="verify"><![CDATA[]]></item>
			</item>
			<item id="__rules">
				<item id="choices"><![CDATA[1=人物画像仅供参考禁止商用
2=人物画像可商用]]></item>
			</item>
		</item>
		<item id="9">
			<item id="optionid"><![CDATA[49]]></item>
			<item id="classid"><![CDATA[4]]></item>
			<item id="displayorder"><![CDATA[111]]></item>
			<item id="expiration"><![CDATA[0]]></item>
			<item id="title"><![CDATA[高清背景分类]]></item>
			<item id="description"><![CDATA[素材资源下载帖子]]></item>
			<item id="identifier"><![CDATA[nex_sorttype6]]></item>
			<item id="type"><![CDATA[radio]]></item>
			<item id="unit"><![CDATA[]]></item>
			<item id="permprompt"><![CDATA[]]></item>
			<item id="typeid"><![CDATA[4]]></item>
			<item id="name"><![CDATA[高清背景图]]></item>
			<item id="icon"><![CDATA[]]></item>
			<item id="special"><![CDATA[1]]></item>
			<item id="modelid"><![CDATA[0]]></item>
			<item id="template"><![CDATA[<div class="nex_sucaiBox">
	
    <div class="nex_sucai_main">
    	<div class="nex_sucai_pic">
        	<div class="nex_sucai_Title">{nex_sc_name_value}</div>
        	<div class="nex_sucai_pic_img"><img src="{nex_sc_coverpic_value}" /></div>
            <div class="nex_sucai_pic_txt">素材介绍：本作品内容为{nex_sc_name_value}， 格式为 {nex_sc_geshi_value}， {nex_sc_size}{nex_sc_size_value} {nex_sc_size_unit}；{nex_sc_measure}为{nex_sc_measure_value}{nex_sc_measure_unit}；颜色{nex_sc_color_value}；{nex_faceright}：{nex_faceright_value}，请使用软件{nex_sc_software_value}打开， 作品中文字及图均可以修改和编辑，图片更改请在作品中右键图片并更换，文字修改请直接点击文字进行修改，也可以新增和删除作品中的内容， 欢迎使用。 <p>**声明：该资源来自用户分享，如果损害了你的权利，请联系网站客服处理</p></div>
        </div>
        <div class="nex_sucai_info">
        	<div class="nex_dl_fav">
            	<ul>
                	<li class="nex_dl_btn"><a href="{nex_sc_adds_value}" target="_blank">下载素材</a></li>
                    <li class="nex_fav_btn"><a id="nex_favtocell">收藏</a></li>
                    <div class="clear"></div>
                </ul>
            </div>
            
            <div class="nex_scdetail_info">
                <ul>
                    <li><em>尺寸：</em>{nex_sc_measure_value}像素</li>
                    <li><em>适用软件：</em><span class="nex_software">{nex_sc_software_value}</span></li>
                    <li><em>格式：</em><span class="nex_geshi">{nex_sc_geshi_value}</span></li>
                    <li><em>颜色：</em><span class="nex_yanse">{nex_sc_color_value}</span></li>
                    <li><em>大小：</em>{nex_sc_size_value}{nex_sc_size_unit}</li>
		    <li><em>{nex_faceright}：</em>{nex_faceright_value}</li>
                    <li><em>上传时间：</em>{nex_sc_upload_value}</li>
                    <li class="nex_getcode"><em>提取码：</em>{nex_sc_pw_value}</li>
                </ul>
            </div>
            <div class="nex_bdshare">
            	<h5>一键分享：</h5>
            	<div class="bshare-custom nex_Sucai_share"><a title="分享到花瓣" class="bshare-huaban"></a><a title="分享到微信" class="bshare-weixin"></a><a title="分享到新浪微博" class="bshare-sinaminiblog"></a><a title="分享到QQ好友" class="bshare-qqim"></a><a title="分享到QQ空间" class="bshare-qzone"></a><script type="text/javascript" charset="utf-8" src="http://static.bshare.cn/b/buttonLite.js#style=-1&amp;uuid=&amp;pophcol=3&amp;lang=zh"></script><script type="text/javascript" charset="utf-8" src="http://static.bshare.cn/b/bshareC0.js"></script></script>
            </div>
        </div>
        <div class="clear"></div>
    </div>
</div>]]></item>
			<item id="stemplate"><![CDATA[<style type="text/css">
.nex_top_bar_link{background:url(template/nex_sucai_190828/neoconex/fenlei/hd_bg.jpg) center no-repeat!important; background-size:cover;}
</style>
<div class="nex_contentbox">
    <dl>
        [loop]
        <dd>
            <div class="nex_contpics">
                <a href="{subject_url}" target="_blank" style="background:url({nex_sc_coverpic_value}) center no-repeat; background-size:cover;"><em>{nex_BG_sort_value}</em></a>
                
            </div>
            <div class="nex_contbtm">
                <h5><a href="{subject_url}" target="_blank">{nex_sc_name_value}</a></h5>
                <div class="nex_contgyu">
                    <em class="nex_download_nums">{views}</em>
                    <em class="nex_update_time">{dateline}</em>
                    <div class="clear"></div>
                </div>
            </div>
        </dd>
        [/loop]
        <div class="clear"></div>
    </dl>
</div>]]></item>
			<item id="ptemplate"><![CDATA[]]></item>
			<item id="btemplate"><![CDATA[]]></item>
			<item id="sortid"><![CDATA[4]]></item>
			<item id="available"><![CDATA[1]]></item>
			<item id="required"><![CDATA[1]]></item>
			<item id="unchangeable"><![CDATA[0]]></item>
			<item id="search"><![CDATA[2]]></item>
			<item id="subjectshow"><![CDATA[1]]></item>
			<item id="tpdescription"><![CDATA[]]></item>
			<item id="ttdescription"><![CDATA[素材资源下载帖子]]></item>
			<item id="tpexpiration"><![CDATA[0]]></item>
			<item id="ttexpiration"><![CDATA[0]]></item>
			<item id="__protect">
				<item id="usergroup"><![CDATA[]]></item>
				<item id="verify"><![CDATA[]]></item>
			</item>
			<item id="__rules">
				<item id="choices"><![CDATA[1=广告背景
2=banner背景
3=主图/直通车背景
4=H5背景
5=店铺背景
6=简约背景
7=卡通背景
8=渐变背景
9=科技背景
10=其他类型]]></item>
			</item>
		</item>
		<item id="10">
			<item id="optionid"><![CDATA[50]]></item>
			<item id="classid"><![CDATA[4]]></item>
			<item id="displayorder"><![CDATA[112]]></item>
			<item id="expiration"><![CDATA[0]]></item>
			<item id="title"><![CDATA[背景图格式]]></item>
			<item id="description"><![CDATA[素材资源下载帖子]]></item>
			<item id="identifier"><![CDATA[nex_BG_sort]]></item>
			<item id="type"><![CDATA[radio]]></item>
			<item id="unit"><![CDATA[]]></item>
			<item id="permprompt"><![CDATA[]]></item>
			<item id="typeid"><![CDATA[4]]></item>
			<item id="name"><![CDATA[高清背景图]]></item>
			<item id="icon"><![CDATA[]]></item>
			<item id="special"><![CDATA[1]]></item>
			<item id="modelid"><![CDATA[0]]></item>
			<item id="template"><![CDATA[<div class="nex_sucaiBox">
	
    <div class="nex_sucai_main">
    	<div class="nex_sucai_pic">
        	<div class="nex_sucai_Title">{nex_sc_name_value}</div>
        	<div class="nex_sucai_pic_img"><img src="{nex_sc_coverpic_value}" /></div>
            <div class="nex_sucai_pic_txt">素材介绍：本作品内容为{nex_sc_name_value}， 格式为 {nex_sc_geshi_value}， {nex_sc_size}{nex_sc_size_value} {nex_sc_size_unit}；{nex_sc_measure}为{nex_sc_measure_value}{nex_sc_measure_unit}；颜色{nex_sc_color_value}；{nex_faceright}：{nex_faceright_value}，请使用软件{nex_sc_software_value}打开， 作品中文字及图均可以修改和编辑，图片更改请在作品中右键图片并更换，文字修改请直接点击文字进行修改，也可以新增和删除作品中的内容， 欢迎使用。 <p>**声明：该资源来自用户分享，如果损害了你的权利，请联系网站客服处理</p></div>
        </div>
        <div class="nex_sucai_info">
        	<div class="nex_dl_fav">
            	<ul>
                	<li class="nex_dl_btn"><a href="{nex_sc_adds_value}" target="_blank">下载素材</a></li>
                    <li class="nex_fav_btn"><a id="nex_favtocell">收藏</a></li>
                    <div class="clear"></div>
                </ul>
            </div>
            
            <div class="nex_scdetail_info">
                <ul>
                    <li><em>尺寸：</em>{nex_sc_measure_value}像素</li>
                    <li><em>适用软件：</em><span class="nex_software">{nex_sc_software_value}</span></li>
                    <li><em>格式：</em><span class="nex_geshi">{nex_sc_geshi_value}</span></li>
                    <li><em>颜色：</em><span class="nex_yanse">{nex_sc_color_value}</span></li>
                    <li><em>大小：</em>{nex_sc_size_value}{nex_sc_size_unit}</li>
		    <li><em>{nex_faceright}：</em>{nex_faceright_value}</li>
                    <li><em>上传时间：</em>{nex_sc_upload_value}</li>
                    <li class="nex_getcode"><em>提取码：</em>{nex_sc_pw_value}</li>
                </ul>
            </div>
            <div class="nex_bdshare">
            	<h5>一键分享：</h5>
            	<div class="bshare-custom nex_Sucai_share"><a title="分享到花瓣" class="bshare-huaban"></a><a title="分享到微信" class="bshare-weixin"></a><a title="分享到新浪微博" class="bshare-sinaminiblog"></a><a title="分享到QQ好友" class="bshare-qqim"></a><a title="分享到QQ空间" class="bshare-qzone"></a><script type="text/javascript" charset="utf-8" src="http://static.bshare.cn/b/buttonLite.js#style=-1&amp;uuid=&amp;pophcol=3&amp;lang=zh"></script><script type="text/javascript" charset="utf-8" src="http://static.bshare.cn/b/bshareC0.js"></script></script>
            </div>
        </div>
        <div class="clear"></div>
    </div>
</div>]]></item>
			<item id="stemplate"><![CDATA[<style type="text/css">
.nex_top_bar_link{background:url(template/nex_sucai_190828/neoconex/fenlei/hd_bg.jpg) center no-repeat!important; background-size:cover;}
</style>
<div class="nex_contentbox">
    <dl>
        [loop]
        <dd>
            <div class="nex_contpics">
                <a href="{subject_url}" target="_blank" style="background:url({nex_sc_coverpic_value}) center no-repeat; background-size:cover;"><em>{nex_BG_sort_value}</em></a>
                
            </div>
            <div class="nex_contbtm">
                <h5><a href="{subject_url}" target="_blank">{nex_sc_name_value}</a></h5>
                <div class="nex_contgyu">
                    <em class="nex_download_nums">{views}</em>
                    <em class="nex_update_time">{dateline}</em>
                    <div class="clear"></div>
                </div>
            </div>
        </dd>
        [/loop]
        <div class="clear"></div>
    </dl>
</div>]]></item>
			<item id="ptemplate"><![CDATA[]]></item>
			<item id="btemplate"><![CDATA[]]></item>
			<item id="sortid"><![CDATA[4]]></item>
			<item id="available"><![CDATA[1]]></item>
			<item id="required"><![CDATA[1]]></item>
			<item id="unchangeable"><![CDATA[0]]></item>
			<item id="search"><![CDATA[2]]></item>
			<item id="subjectshow"><![CDATA[1]]></item>
			<item id="tpdescription"><![CDATA[]]></item>
			<item id="ttdescription"><![CDATA[素材资源下载帖子]]></item>
			<item id="tpexpiration"><![CDATA[0]]></item>
			<item id="ttexpiration"><![CDATA[0]]></item>
			<item id="__protect">
				<item id="usergroup"><![CDATA[]]></item>
				<item id="verify"><![CDATA[]]></item>
			</item>
			<item id="__rules">
				<item id="choices"><![CDATA[1=PSD
2=JPG
3=PNG
4=AI
5=BMP
6=GIF
7=EPS
8=TIFF]]></item>
			</item>
		</item>
		<item id="11">
			<item id="optionid"><![CDATA[184]]></item>
			<item id="classid"><![CDATA[4]]></item>
			<item id="displayorder"><![CDATA[3]]></item>
			<item id="expiration"><![CDATA[0]]></item>
			<item id="title"><![CDATA[尺寸]]></item>
			<item id="description"><![CDATA[素材资源下载帖子]]></item>
			<item id="identifier"><![CDATA[nex_sc_measure]]></item>
			<item id="type"><![CDATA[text]]></item>
			<item id="unit"><![CDATA[像素]]></item>
			<item id="permprompt"><![CDATA[]]></item>
			<item id="typeid"><![CDATA[4]]></item>
			<item id="name"><![CDATA[高清背景图]]></item>
			<item id="icon"><![CDATA[]]></item>
			<item id="special"><![CDATA[1]]></item>
			<item id="modelid"><![CDATA[0]]></item>
			<item id="template"><![CDATA[<div class="nex_sucaiBox">
	
    <div class="nex_sucai_main">
    	<div class="nex_sucai_pic">
        	<div class="nex_sucai_Title">{nex_sc_name_value}</div>
        	<div class="nex_sucai_pic_img"><img src="{nex_sc_coverpic_value}" /></div>
            <div class="nex_sucai_pic_txt">素材介绍：本作品内容为{nex_sc_name_value}， 格式为 {nex_sc_geshi_value}， {nex_sc_size}{nex_sc_size_value} {nex_sc_size_unit}；{nex_sc_measure}为{nex_sc_measure_value}{nex_sc_measure_unit}；颜色{nex_sc_color_value}；{nex_faceright}：{nex_faceright_value}，请使用软件{nex_sc_software_value}打开， 作品中文字及图均可以修改和编辑，图片更改请在作品中右键图片并更换，文字修改请直接点击文字进行修改，也可以新增和删除作品中的内容， 欢迎使用。 <p>**声明：该资源来自用户分享，如果损害了你的权利，请联系网站客服处理</p></div>
        </div>
        <div class="nex_sucai_info">
        	<div class="nex_dl_fav">
            	<ul>
                	<li class="nex_dl_btn"><a href="{nex_sc_adds_value}" target="_blank">下载素材</a></li>
                    <li class="nex_fav_btn"><a id="nex_favtocell">收藏</a></li>
                    <div class="clear"></div>
                </ul>
            </div>
            
            <div class="nex_scdetail_info">
                <ul>
                    <li><em>尺寸：</em>{nex_sc_measure_value}像素</li>
                    <li><em>适用软件：</em><span class="nex_software">{nex_sc_software_value}</span></li>
                    <li><em>格式：</em><span class="nex_geshi">{nex_sc_geshi_value}</span></li>
                    <li><em>颜色：</em><span class="nex_yanse">{nex_sc_color_value}</span></li>
                    <li><em>大小：</em>{nex_sc_size_value}{nex_sc_size_unit}</li>
		    <li><em>{nex_faceright}：</em>{nex_faceright_value}</li>
                    <li><em>上传时间：</em>{nex_sc_upload_value}</li>
                    <li class="nex_getcode"><em>提取码：</em>{nex_sc_pw_value}</li>
                </ul>
            </div>
            <div class="nex_bdshare">
            	<h5>一键分享：</h5>
            	<div class="bshare-custom nex_Sucai_share"><a title="分享到花瓣" class="bshare-huaban"></a><a title="分享到微信" class="bshare-weixin"></a><a title="分享到新浪微博" class="bshare-sinaminiblog"></a><a title="分享到QQ好友" class="bshare-qqim"></a><a title="分享到QQ空间" class="bshare-qzone"></a><script type="text/javascript" charset="utf-8" src="http://static.bshare.cn/b/buttonLite.js#style=-1&amp;uuid=&amp;pophcol=3&amp;lang=zh"></script><script type="text/javascript" charset="utf-8" src="http://static.bshare.cn/b/bshareC0.js"></script></script>
            </div>
        </div>
        <div class="clear"></div>
    </div>
</div>]]></item>
			<item id="stemplate"><![CDATA[<style type="text/css">
.nex_top_bar_link{background:url(template/nex_sucai_190828/neoconex/fenlei/hd_bg.jpg) center no-repeat!important; background-size:cover;}
</style>
<div class="nex_contentbox">
    <dl>
        [loop]
        <dd>
            <div class="nex_contpics">
                <a href="{subject_url}" target="_blank" style="background:url({nex_sc_coverpic_value}) center no-repeat; background-size:cover;"><em>{nex_BG_sort_value}</em></a>
                
            </div>
            <div class="nex_contbtm">
                <h5><a href="{subject_url}" target="_blank">{nex_sc_name_value}</a></h5>
                <div class="nex_contgyu">
                    <em class="nex_download_nums">{views}</em>
                    <em class="nex_update_time">{dateline}</em>
                    <div class="clear"></div>
                </div>
            </div>
        </dd>
        [/loop]
        <div class="clear"></div>
    </dl>
</div>]]></item>
			<item id="ptemplate"><![CDATA[]]></item>
			<item id="btemplate"><![CDATA[]]></item>
			<item id="sortid"><![CDATA[4]]></item>
			<item id="available"><![CDATA[1]]></item>
			<item id="required"><![CDATA[1]]></item>
			<item id="unchangeable"><![CDATA[0]]></item>
			<item id="search"><![CDATA[0]]></item>
			<item id="subjectshow"><![CDATA[1]]></item>
			<item id="tpdescription"><![CDATA[填写提示：如800x600]]></item>
			<item id="ttdescription"><![CDATA[素材资源下载帖子]]></item>
			<item id="tpexpiration"><![CDATA[0]]></item>
			<item id="ttexpiration"><![CDATA[0]]></item>
			<item id="__protect">
				<item id="status"><![CDATA[0]]></item>
				<item id="usergroup"><![CDATA[]]></item>
				<item id="verify"><![CDATA[]]></item>
			</item>
			<item id="__rules">
				<item id="maxlength"><![CDATA[]]></item>
				<item id="inputsize"><![CDATA[]]></item>
				<item id="profile"><![CDATA[]]></item>
				<item id="defaultvalue"><![CDATA[]]></item>
			</item>
		</item>
		<item id="12">
			<item id="optionid"><![CDATA[185]]></item>
			<item id="classid"><![CDATA[4]]></item>
			<item id="displayorder"><![CDATA[6]]></item>
			<item id="expiration"><![CDATA[0]]></item>
			<item id="title"><![CDATA[颜色]]></item>
			<item id="description"><![CDATA[素材资源下载帖子]]></item>
			<item id="identifier"><![CDATA[nex_sc_color]]></item>
			<item id="type"><![CDATA[radio]]></item>
			<item id="unit"><![CDATA[]]></item>
			<item id="permprompt"><![CDATA[]]></item>
			<item id="typeid"><![CDATA[4]]></item>
			<item id="name"><![CDATA[高清背景图]]></item>
			<item id="icon"><![CDATA[]]></item>
			<item id="special"><![CDATA[1]]></item>
			<item id="modelid"><![CDATA[0]]></item>
			<item id="template"><![CDATA[<div class="nex_sucaiBox">
	
    <div class="nex_sucai_main">
    	<div class="nex_sucai_pic">
        	<div class="nex_sucai_Title">{nex_sc_name_value}</div>
        	<div class="nex_sucai_pic_img"><img src="{nex_sc_coverpic_value}" /></div>
            <div class="nex_sucai_pic_txt">素材介绍：本作品内容为{nex_sc_name_value}， 格式为 {nex_sc_geshi_value}， {nex_sc_size}{nex_sc_size_value} {nex_sc_size_unit}；{nex_sc_measure}为{nex_sc_measure_value}{nex_sc_measure_unit}；颜色{nex_sc_color_value}；{nex_faceright}：{nex_faceright_value}，请使用软件{nex_sc_software_value}打开， 作品中文字及图均可以修改和编辑，图片更改请在作品中右键图片并更换，文字修改请直接点击文字进行修改，也可以新增和删除作品中的内容， 欢迎使用。 <p>**声明：该资源来自用户分享，如果损害了你的权利，请联系网站客服处理</p></div>
        </div>
        <div class="nex_sucai_info">
        	<div class="nex_dl_fav">
            	<ul>
                	<li class="nex_dl_btn"><a href="{nex_sc_adds_value}" target="_blank">下载素材</a></li>
                    <li class="nex_fav_btn"><a id="nex_favtocell">收藏</a></li>
                    <div class="clear"></div>
                </ul>
            </div>
            
            <div class="nex_scdetail_info">
                <ul>
                    <li><em>尺寸：</em>{nex_sc_measure_value}像素</li>
                    <li><em>适用软件：</em><span class="nex_software">{nex_sc_software_value}</span></li>
                    <li><em>格式：</em><span class="nex_geshi">{nex_sc_geshi_value}</span></li>
                    <li><em>颜色：</em><span class="nex_yanse">{nex_sc_color_value}</span></li>
                    <li><em>大小：</em>{nex_sc_size_value}{nex_sc_size_unit}</li>
		    <li><em>{nex_faceright}：</em>{nex_faceright_value}</li>
                    <li><em>上传时间：</em>{nex_sc_upload_value}</li>
                    <li class="nex_getcode"><em>提取码：</em>{nex_sc_pw_value}</li>
                </ul>
            </div>
            <div class="nex_bdshare">
            	<h5>一键分享：</h5>
            	<div class="bshare-custom nex_Sucai_share"><a title="分享到花瓣" class="bshare-huaban"></a><a title="分享到微信" class="bshare-weixin"></a><a title="分享到新浪微博" class="bshare-sinaminiblog"></a><a title="分享到QQ好友" class="bshare-qqim"></a><a title="分享到QQ空间" class="bshare-qzone"></a><script type="text/javascript" charset="utf-8" src="http://static.bshare.cn/b/buttonLite.js#style=-1&amp;uuid=&amp;pophcol=3&amp;lang=zh"></script><script type="text/javascript" charset="utf-8" src="http://static.bshare.cn/b/bshareC0.js"></script></script>
            </div>
        </div>
        <div class="clear"></div>
    </div>
</div>]]></item>
			<item id="stemplate"><![CDATA[<style type="text/css">
.nex_top_bar_link{background:url(template/nex_sucai_190828/neoconex/fenlei/hd_bg.jpg) center no-repeat!important; background-size:cover;}
</style>
<div class="nex_contentbox">
    <dl>
        [loop]
        <dd>
            <div class="nex_contpics">
                <a href="{subject_url}" target="_blank" style="background:url({nex_sc_coverpic_value}) center no-repeat; background-size:cover;"><em>{nex_BG_sort_value}</em></a>
                
            </div>
            <div class="nex_contbtm">
                <h5><a href="{subject_url}" target="_blank">{nex_sc_name_value}</a></h5>
                <div class="nex_contgyu">
                    <em class="nex_download_nums">{views}</em>
                    <em class="nex_update_time">{dateline}</em>
                    <div class="clear"></div>
                </div>
            </div>
        </dd>
        [/loop]
        <div class="clear"></div>
    </dl>
</div>]]></item>
			<item id="ptemplate"><![CDATA[]]></item>
			<item id="btemplate"><![CDATA[]]></item>
			<item id="sortid"><![CDATA[4]]></item>
			<item id="available"><![CDATA[1]]></item>
			<item id="required"><![CDATA[1]]></item>
			<item id="unchangeable"><![CDATA[0]]></item>
			<item id="search"><![CDATA[0]]></item>
			<item id="subjectshow"><![CDATA[1]]></item>
			<item id="tpdescription"><![CDATA[]]></item>
			<item id="ttdescription"><![CDATA[素材资源下载帖子]]></item>
			<item id="tpexpiration"><![CDATA[0]]></item>
			<item id="ttexpiration"><![CDATA[0]]></item>
			<item id="__protect">
				<item id="usergroup"><![CDATA[]]></item>
				<item id="verify"><![CDATA[]]></item>
			</item>
			<item id="__rules">
				<item id="choices"><![CDATA[1=RGB
2=SOLO]]></item>
			</item>
		</item>
	</item>
</root>