<?xml version="1.0" encoding="ISO-8859-1"?>
<root>
	<item id="spacecss"><![CDATA[]]></item>
	<item id="layoutdata">
		<item id="diynavtop"><![CDATA[]]></item>
		<item id="diy1"><![CDATA[]]></item>
		<item id=""><![CDATA[]]></item>
		<item id="diyfastposttop">
			<item id="frame`frameQsYKfE">
				<item id="attr">
					<item id="name"><![CDATA[frameQsYKfE]]></item>
					<item id="moveable"><![CDATA[true]]></item>
					<item id="className"><![CDATA[cl_frame_bm frame move-span cl frame-1]]></item>
					<item id="titles"><![CDATA[]]></item>
				</item>
				<item id="column`frameQsYKfE_left">
					<item id="attr">
						<item id="name"><![CDATA[frameQsYKfE_left]]></item>
						<item id="className"><![CDATA[column frame-1-c]]></item>
					</item>
					<item id="block`portal_block_493">
						<item id="attr">
							<item id="name"><![CDATA[portal_block_493]]></item>
							<item id="className"><![CDATA[cl_block_bm block move-span]]></item>
							<item id="titles"><![CDATA[]]></item>
						</item>
					</item>
				</item>
			</item>
		</item>
		<item id="xlmmsd"><![CDATA[]]></item>
		<item id="diyrighttop">
			<item id="frame`framea2ud36">
				<item id="attr">
					<item id="name"><![CDATA[framea2ud36]]></item>
					<item id="moveable"><![CDATA[true]]></item>
					<item id="className"><![CDATA[cl_frame_bm frame move-span cl frame-1]]></item>
					<item id="titles"><![CDATA[]]></item>
				</item>
				<item id="column`framea2ud36_left">
					<item id="attr">
						<item id="name"><![CDATA[framea2ud36_left]]></item>
						<item id="className"><![CDATA[column frame-1-c]]></item>
					</item>
					<item id="block`portal_block_495">
						<item id="attr">
							<item id="name"><![CDATA[portal_block_495]]></item>
							<item id="className"><![CDATA[cl_block_bm block move-span]]></item>
							<item id="titles"><![CDATA[]]></item>
						</item>
					</item>
					<item id="block`portal_block_494">
						<item id="attr">
							<item id="name"><![CDATA[portal_block_494]]></item>
							<item id="className"><![CDATA[cl_block_bm block move-span]]></item>
							<item id="titles"><![CDATA[]]></item>
						</item>
					</item>
				</item>
			</item>
		</item>
		<item id="diy3"><![CDATA[]]></item>
	</item>
	<item id="blockdata">
		<item id="block">
			<item id="493">
				<item id="bid"><![CDATA[493]]></item>
				<item id="blockclass"><![CDATA[forum_thread]]></item>
				<item id="blocktype"><![CDATA[0]]></item>
				<item id="name"><![CDATA[贴内推荐阅读]]></item>
				<item id="title"><![CDATA[]]></item>
				<item id="classname"><![CDATA[cl_block_bm]]></item>
				<item id="summary"><![CDATA[]]></item>
				<item id="uid"><![CDATA[1]]></item>
				<item id="username"><![CDATA[admin]]></item>
				<item id="styleid"><![CDATA[0]]></item>
				<item id="blockstyle">
					<item id="name"><![CDATA[]]></item>
					<item id="blockclass"><![CDATA[forum_thread]]></item>
					<item id="makethumb"><![CDATA[1]]></item>
					<item id="getpic"><![CDATA[1]]></item>
					<item id="getsummary"><![CDATA[0]]></item>
					<item id="settarget"><![CDATA[1]]></item>
					<item id="moreurl"><![CDATA[0]]></item>
					<item id="fields">
						<item id="0"><![CDATA[url]]></item>
						<item id="1"><![CDATA[title]]></item>
						<item id="2"><![CDATA[authorid]]></item>
						<item id="3"><![CDATA[author]]></item>
						<item id="4"><![CDATA[avatar]]></item>
						<item id="5"><![CDATA[replies]]></item>
						<item id="6"><![CDATA[lastpost]]></item>
						<item id="7"><![CDATA[forumname]]></item>
						<item id="8"><![CDATA[pic]]></item>
					</item>
					<item id="template">
						<item id="raw"><![CDATA[<div class="xlmmtjtit">相关推荐</div>
		<div class="relatedFeed"> 
		<ul class="xlmmjz" pagesize="5">
		[loop] <li class="item">
		  <div class="item-inner y-box"> 
		  <div class="normal rbox "> 
		  <div class="rbox-inner"> 
		  <div class="title-box"> <a href="{url}"{target} class="link xlmmtit">{title}</a></div>  
		  <div class="y-box footer"> 
		  <div class="y-left">  
		  <div class="y-left"> 
		  <a href="home.php?mod=space&uid={authorid}&do=index&view={author}"{target} class="lbtn media-avatar"> <img src="{avatar}"> </a> 
		  <a href="home.php?mod=space&uid={authorid}&do=index&view={author}"{target} class="lbtn source">&#160;{author}&#160;</a> </div> 
		  <a class="lbtn comment">&#160;{replies}评论&#160;</a> <span class="lbtn">?&#160;{lastpost}</span> <span class="lbtn recommend">{forumname}</span>   
		  </div> 
		  <div class="y-right"></div> 
		  </div> </div> </div> 
		  <div class="lbox"> <a href="{url}"{target} class="img-wrap"><img src="{pic}" width="{picwidth}" height="{picheight}" /> </a> </div> 
		  </div> </li>[/loop]
		 
		 </ul> 

</div>
]]></item>
						<item id="footer"><![CDATA[]]></item>
						<item id="header"><![CDATA[]]></item>
						<item id="indexplus"><![CDATA[
						]]></item>
						<item id="index"><![CDATA[
						]]></item>
						<item id="orderplus"><![CDATA[
						]]></item>
						<item id="order"><![CDATA[
						]]></item>
						<item id="loopplus"><![CDATA[
						]]></item>
						<item id="loop"><![CDATA[<li class="item">
		  <div class="item-inner y-box"> 
		  <div class="normal rbox "> 
		  <div class="rbox-inner"> 
		  <div class="title-box"> <a href="{url}"{target} class="link xlmmtit">{title}</a></div>  
		  <div class="y-box footer"> 
		  <div class="y-left">  
		  <div class="y-left"> 
		  <a href="home.php?mod=space&uid={authorid}&do=index&view={author}"{target} class="lbtn media-avatar"> <img src="{avatar}"> </a> 
		  <a href="home.php?mod=space&uid={authorid}&do=index&view={author}"{target} class="lbtn source">&#160;{author}&#160;</a> </div> 
		  <a class="lbtn comment">&#160;{replies}评论&#160;</a> <span class="lbtn">?&#160;{lastpost}</span> <span class="lbtn recommend">{forumname}</span>   
		  </div> 
		  <div class="y-right"></div> 
		  </div> </div> </div> 
		  <div class="lbox"> <a href="{url}"{target} class="img-wrap"><img src="{pic}" width="{picwidth}" height="{picheight}" /> </a> </div> 
		  </div> </li>]]></item>
					</item>
					<item id="hash"><![CDATA[24809d80]]></item>
				</item>
				<item id="picwidth"><![CDATA[200]]></item>
				<item id="picheight"><![CDATA[200]]></item>
				<item id="target"><![CDATA[blank]]></item>
				<item id="dateformat"><![CDATA[Y-m-d]]></item>
				<item id="dateuformat"><![CDATA[0]]></item>
				<item id="script"><![CDATA[thread]]></item>
				<item id="param">
					<item id="tids"><![CDATA[]]></item>
					<item id="uids"><![CDATA[]]></item>
					<item id="keyword"><![CDATA[]]></item>
					<item id="tagkeyword"><![CDATA[]]></item>
					<item id="typeids"><![CDATA[]]></item>
					<item id="reply"><![CDATA[0]]></item>
					<item id="recommend"><![CDATA[0]]></item>
					<item id="viewmod"><![CDATA[0]]></item>
					<item id="rewardstatus"><![CDATA[0]]></item>
					<item id="picrequired"><![CDATA[1]]></item>
					<item id="orderby"><![CDATA[lastpost]]></item>
					<item id="postdateline"><![CDATA[0]]></item>
					<item id="lastpost"><![CDATA[0]]></item>
					<item id="highlight"><![CDATA[0]]></item>
					<item id="titlelength"><![CDATA[60]]></item>
					<item id="summarylength"><![CDATA[80]]></item>
					<item id="startrow"><![CDATA[0]]></item>
					<item id="items"><![CDATA[20]]></item>
				</item>
				<item id="shownum"><![CDATA[20]]></item>
				<item id="cachetime"><![CDATA[3600]]></item>
				<item id="cachetimerange"><![CDATA[]]></item>
				<item id="punctualupdate"><![CDATA[0]]></item>
				<item id="hidedisplay"><![CDATA[0]]></item>
				<item id="dateline"><![CDATA[1508997103]]></item>
				<item id="notinherited"><![CDATA[0]]></item>
				<item id="isblank"><![CDATA[0]]></item>
			</item>
			<item id="494">
				<item id="bid"><![CDATA[494]]></item>
				<item id="blockclass"><![CDATA[forum_thread]]></item>
				<item id="blocktype"><![CDATA[0]]></item>
				<item id="name"><![CDATA[精彩图片]]></item>
				<item id="title"><![CDATA[]]></item>
				<item id="classname"><![CDATA[cl_block_bm]]></item>
				<item id="summary"><![CDATA[]]></item>
				<item id="uid"><![CDATA[1]]></item>
				<item id="username"><![CDATA[admin]]></item>
				<item id="styleid"><![CDATA[0]]></item>
				<item id="blockstyle">
					<item id="name"><![CDATA[]]></item>
					<item id="blockclass"><![CDATA[forum_thread]]></item>
					<item id="makethumb"><![CDATA[1]]></item>
					<item id="getpic"><![CDATA[1]]></item>
					<item id="getsummary"><![CDATA[0]]></item>
					<item id="settarget"><![CDATA[1]]></item>
					<item id="moreurl"><![CDATA[0]]></item>
					<item id="fields">
						<item id="0"><![CDATA[url]]></item>
						<item id="1"><![CDATA[pic]]></item>
						<item id="2"><![CDATA[title]]></item>
					</item>
					<item id="template">
						<item id="raw"><![CDATA[      <div class="whotpicture module">
      <div class="module-head picture-head"> <a href="./" target="_blank">精彩图片</a> </div> 
      <ul class="cl picture-list"> 
      [loop]<li class="z picture-item"><a href="{url}"{target}><div class="module-pic picture-img"><img src="{pic}" width="{picwidth}" height="{picheight}" /></div> <p>{title}</p> </a> </li>[/loop]
      </ul></div>
]]></item>
						<item id="footer"><![CDATA[]]></item>
						<item id="header"><![CDATA[]]></item>
						<item id="indexplus"><![CDATA[
						]]></item>
						<item id="index"><![CDATA[
						]]></item>
						<item id="orderplus"><![CDATA[
						]]></item>
						<item id="order"><![CDATA[
						]]></item>
						<item id="loopplus"><![CDATA[
						]]></item>
						<item id="loop"><![CDATA[<li class="z picture-item"><a href="{url}"{target}><div class="module-pic picture-img"><img src="{pic}" width="{picwidth}" height="{picheight}" /></div> <p>{title}</p> </a> </li>]]></item>
					</item>
					<item id="hash"><![CDATA[09f5b09e]]></item>
				</item>
				<item id="picwidth"><![CDATA[144]]></item>
				<item id="picheight"><![CDATA[88]]></item>
				<item id="target"><![CDATA[blank]]></item>
				<item id="dateformat"><![CDATA[Y-m-d]]></item>
				<item id="dateuformat"><![CDATA[0]]></item>
				<item id="script"><![CDATA[thread]]></item>
				<item id="param">
					<item id="tids"><![CDATA[]]></item>
					<item id="uids"><![CDATA[]]></item>
					<item id="keyword"><![CDATA[]]></item>
					<item id="tagkeyword"><![CDATA[]]></item>
					<item id="typeids"><![CDATA[]]></item>
					<item id="reply"><![CDATA[0]]></item>
					<item id="recommend"><![CDATA[0]]></item>
					<item id="viewmod"><![CDATA[0]]></item>
					<item id="rewardstatus"><![CDATA[0]]></item>
					<item id="picrequired"><![CDATA[1]]></item>
					<item id="orderby"><![CDATA[lastpost]]></item>
					<item id="postdateline"><![CDATA[0]]></item>
					<item id="lastpost"><![CDATA[0]]></item>
					<item id="highlight"><![CDATA[0]]></item>
					<item id="titlelength"><![CDATA[40]]></item>
					<item id="summarylength"><![CDATA[80]]></item>
					<item id="startrow"><![CDATA[0]]></item>
					<item id="items"><![CDATA[6]]></item>
				</item>
				<item id="shownum"><![CDATA[6]]></item>
				<item id="cachetime"><![CDATA[3600]]></item>
				<item id="cachetimerange"><![CDATA[]]></item>
				<item id="punctualupdate"><![CDATA[0]]></item>
				<item id="hidedisplay"><![CDATA[0]]></item>
				<item id="dateline"><![CDATA[1508997096]]></item>
				<item id="notinherited"><![CDATA[0]]></item>
				<item id="isblank"><![CDATA[0]]></item>
			</item>
			<item id="495">
				<item id="bid"><![CDATA[495]]></item>
				<item id="blockclass"><![CDATA[forum_thread]]></item>
				<item id="blocktype"><![CDATA[0]]></item>
				<item id="name"><![CDATA[24小时热文]]></item>
				<item id="title"><![CDATA[]]></item>
				<item id="classname"><![CDATA[cl_block_bm]]></item>
				<item id="summary"><![CDATA[]]></item>
				<item id="uid"><![CDATA[1]]></item>
				<item id="username"><![CDATA[admin]]></item>
				<item id="styleid"><![CDATA[0]]></item>
				<item id="blockstyle">
					<item id="name"><![CDATA[]]></item>
					<item id="blockclass"><![CDATA[forum_thread]]></item>
					<item id="makethumb"><![CDATA[1]]></item>
					<item id="getpic"><![CDATA[1]]></item>
					<item id="getsummary"><![CDATA[0]]></item>
					<item id="settarget"><![CDATA[1]]></item>
					<item id="moreurl"><![CDATA[0]]></item>
					<item id="fields">
						<item id="0"><![CDATA[url]]></item>
						<item id="1"><![CDATA[pic]]></item>
						<item id="2"><![CDATA[title]]></item>
						<item id="3"><![CDATA[views]]></item>
						<item id="4"><![CDATA[replies]]></item>
					</item>
					<item id="template">
						<item id="raw"><![CDATA[      <div class="whotxlmmbbs module">
      <div class="module-head xlmmbbs-head"> <a href="./" target="_blank">社区热图</a> </div> 
      <ul class="xlmmbbs-list"> 
       [loop]<li class="xlmmbbs-item"><a href="{url}"{target}> <dl> <dt class="module-pic"><img src="{pic}" width="{picwidth}" height="{picheight}" /></dt> <dd> <div class="cell"> <h4>{title}</h4> <p> <span>{views}次查看&#160;</span> <span>&#160;{replies}评论</span> </p> 
      </div> </dd> </dl> </a> </li>[/loop]
      </ul></div>
]]></item>
						<item id="footer"><![CDATA[]]></item>
						<item id="header"><![CDATA[]]></item>
						<item id="indexplus"><![CDATA[
						]]></item>
						<item id="index"><![CDATA[
						]]></item>
						<item id="orderplus"><![CDATA[
						]]></item>
						<item id="order"><![CDATA[
						]]></item>
						<item id="loopplus"><![CDATA[
						]]></item>
						<item id="loop"><![CDATA[<li class="xlmmbbs-item"><a href="{url}"{target}> <dl> <dt class="module-pic"><img src="{pic}" width="{picwidth}" height="{picheight}" /></dt> <dd> <div class="cell"> <h4>{title}</h4> <p> <span>{views}次查看&#160;</span> <span>&#160;{replies}评论</span> </p> 
      </div> </dd> </dl> </a> </li>]]></item>
					</item>
					<item id="hash"><![CDATA[16c1ce5c]]></item>
				</item>
				<item id="picwidth"><![CDATA[124]]></item>
				<item id="picheight"><![CDATA[71]]></item>
				<item id="target"><![CDATA[blank]]></item>
				<item id="dateformat"><![CDATA[Y-m-d]]></item>
				<item id="dateuformat"><![CDATA[0]]></item>
				<item id="script"><![CDATA[thread]]></item>
				<item id="param">
					<item id="tids"><![CDATA[]]></item>
					<item id="uids"><![CDATA[]]></item>
					<item id="keyword"><![CDATA[]]></item>
					<item id="tagkeyword"><![CDATA[]]></item>
					<item id="typeids"><![CDATA[]]></item>
					<item id="reply"><![CDATA[0]]></item>
					<item id="recommend"><![CDATA[0]]></item>
					<item id="viewmod"><![CDATA[0]]></item>
					<item id="rewardstatus"><![CDATA[0]]></item>
					<item id="picrequired"><![CDATA[1]]></item>
					<item id="orderby"><![CDATA[lastpost]]></item>
					<item id="postdateline"><![CDATA[0]]></item>
					<item id="lastpost"><![CDATA[0]]></item>
					<item id="highlight"><![CDATA[0]]></item>
					<item id="titlelength"><![CDATA[40]]></item>
					<item id="summarylength"><![CDATA[80]]></item>
					<item id="startrow"><![CDATA[0]]></item>
					<item id="items"><![CDATA[3]]></item>
				</item>
				<item id="shownum"><![CDATA[3]]></item>
				<item id="cachetime"><![CDATA[3600]]></item>
				<item id="cachetimerange"><![CDATA[]]></item>
				<item id="punctualupdate"><![CDATA[0]]></item>
				<item id="hidedisplay"><![CDATA[0]]></item>
				<item id="dateline"><![CDATA[1508987681]]></item>
				<item id="notinherited"><![CDATA[0]]></item>
				<item id="isblank"><![CDATA[0]]></item>
			</item>
		</item>
		<item id="style">
		</item>
	</item>
</root>
