<?xml version="1.0" encoding="ISO-8859-1"?>
<root>
	<item id="spacecss"><![CDATA[#portal_block_94 { margin-bottom:16px !important;}]]></item>
	<item id="layoutdata">
		<item id="diy1"><![CDATA[]]></item>
		<item id="diysummarytop"><![CDATA[]]></item>
		<item id="diysummarybottom"><![CDATA[]]></item>
		<item id="diycontenttop"><![CDATA[]]></item>
		<item id="diycontentbottom"><![CDATA[]]></item>
		<item id="diycontentclickbottom"><![CDATA[]]></item>
		<item id="diycontentrelatetop"><![CDATA[]]></item>
		<item id="diycontentrelate"><![CDATA[]]></item>
		<item id=""><![CDATA[]]></item>
		<item id="diycontentcomment"><![CDATA[]]></item>
		<item id="ad"><![CDATA[]]></item>
		<item id="xlmmsqtj">
			<item id="frame`frameLETZM4">
				<item id="attr">
					<item id="name"><![CDATA[frameLETZM4]]></item>
					<item id="moveable"><![CDATA[true]]></item>
					<item id="className"><![CDATA[cl_frame_bm frame move-span cl frame-1]]></item>
					<item id="titles"><![CDATA[]]></item>
				</item>
				<item id="column`frameLETZM4_left">
					<item id="attr">
						<item id="name"><![CDATA[frameLETZM4_left]]></item>
						<item id="className"><![CDATA[column frame-1-c]]></item>
					</item>
					<item id="block`portal_block_86">
						<item id="attr">
							<item id="name"><![CDATA[portal_block_86]]></item>
							<item id="className"><![CDATA[cl_block_bm block move-span]]></item>
							<item id="titles"><![CDATA[]]></item>
						</item>
					</item>
				</item>
			</item>
		</item>
		<item id="xlmmxqlist">
			<item id="frame`framezni3GB">
				<item id="attr">
					<item id="name"><![CDATA[framezni3GB]]></item>
					<item id="moveable"><![CDATA[true]]></item>
					<item id="className"><![CDATA[cl_frame_bm frame move-span cl frame-1]]></item>
					<item id="titles"><![CDATA[]]></item>
				</item>
				<item id="column`framezni3GB_left">
					<item id="attr">
						<item id="name"><![CDATA[framezni3GB_left]]></item>
						<item id="className"><![CDATA[column frame-1-c]]></item>
					</item>
					<item id="block`portal_block_87">
						<item id="attr">
							<item id="name"><![CDATA[portal_block_87]]></item>
							<item id="className"><![CDATA[cl_block_bm block move-span]]></item>
							<item id="titles"><![CDATA[]]></item>
						</item>
					</item>
				</item>
			</item>
		</item>
		<item id="xlmmxq2">
			<item id="frame`frametvx3K6">
				<item id="attr">
					<item id="name"><![CDATA[frametvx3K6]]></item>
					<item id="moveable"><![CDATA[true]]></item>
					<item id="className"><![CDATA[cl_frame_bm frame move-span cl frame-1]]></item>
					<item id="titles"><![CDATA[]]></item>
				</item>
				<item id="column`frametvx3K6_left">
					<item id="attr">
						<item id="name"><![CDATA[frametvx3K6_left]]></item>
						<item id="className"><![CDATA[column frame-1-c]]></item>
					</item>
					<item id="block`portal_block_88">
						<item id="attr">
							<item id="name"><![CDATA[portal_block_88]]></item>
							<item id="className"><![CDATA[cl_block_bm block move-span]]></item>
							<item id="titles"><![CDATA[]]></item>
						</item>
					</item>
				</item>
			</item>
		</item>
		<item id="xlmmxq3">
			<item id="frame`frameSgmxU6">
				<item id="attr">
					<item id="name"><![CDATA[frameSgmxU6]]></item>
					<item id="moveable"><![CDATA[true]]></item>
					<item id="className"><![CDATA[cl_frame_bm frame move-span cl frame-1]]></item>
					<item id="titles"><![CDATA[]]></item>
				</item>
				<item id="column`frameSgmxU6_left">
					<item id="attr">
						<item id="name"><![CDATA[frameSgmxU6_left]]></item>
						<item id="className"><![CDATA[column frame-1-c]]></item>
					</item>
					<item id="block`portal_block_89">
						<item id="attr">
							<item id="name"><![CDATA[portal_block_89]]></item>
							<item id="className"><![CDATA[cl_block_bm block move-span]]></item>
							<item id="titles"><![CDATA[]]></item>
						</item>
					</item>
				</item>
			</item>
		</item>
		<item id="xlmmxq4">
			<item id="frame`frameFuYzv3">
				<item id="attr">
					<item id="name"><![CDATA[frameFuYzv3]]></item>
					<item id="moveable"><![CDATA[true]]></item>
					<item id="className"><![CDATA[cl_frame_bm frame move-span cl frame-1]]></item>
					<item id="titles"><![CDATA[]]></item>
				</item>
				<item id="column`frameFuYzv3_left">
					<item id="attr">
						<item id="name"><![CDATA[frameFuYzv3_left]]></item>
						<item id="className"><![CDATA[column frame-1-c]]></item>
					</item>
					<item id="block`portal_block_90">
						<item id="attr">
							<item id="name"><![CDATA[portal_block_90]]></item>
							<item id="className"><![CDATA[cl_block_bm block move-span]]></item>
							<item id="titles"><![CDATA[]]></item>
						</item>
					</item>
				</item>
			</item>
		</item>
		<item id="diyrighttop">
			<item id="frame`framex89oU8">
				<item id="attr">
					<item id="name"><![CDATA[framex89oU8]]></item>
					<item id="moveable"><![CDATA[true]]></item>
					<item id="className"><![CDATA[cl_frame_bm frame move-span cl frame-1]]></item>
					<item id="titles"><![CDATA[]]></item>
				</item>
				<item id="column`framex89oU8_left">
					<item id="attr">
						<item id="name"><![CDATA[framex89oU8_left]]></item>
						<item id="className"><![CDATA[column frame-1-c]]></item>
					</item>
					<item id="block`portal_block_94">
						<item id="attr">
							<item id="name"><![CDATA[portal_block_94]]></item>
							<item id="className"><![CDATA[cl_block_bm block move-span]]></item>
							<item id="titles"><![CDATA[]]></item>
						</item>
					</item>
					<item id="block`portal_block_93">
						<item id="attr">
							<item id="name"><![CDATA[portal_block_93]]></item>
							<item id="className"><![CDATA[cl_block_bm block move-span]]></item>
							<item id="titles"><![CDATA[]]></item>
						</item>
					</item>
					<item id="block`portal_block_91">
						<item id="attr">
							<item id="name"><![CDATA[portal_block_91]]></item>
							<item id="className"><![CDATA[cl_block_bm block move-span]]></item>
							<item id="titles"><![CDATA[]]></item>
						</item>
					</item>
					<item id="block`portal_block_92">
						<item id="attr">
							<item id="name"><![CDATA[portal_block_92]]></item>
							<item id="className"><![CDATA[cl_block_bm block move-span]]></item>
							<item id="titles"><![CDATA[]]></item>
						</item>
					</item>
				</item>
			</item>
		</item>
		<item id="diy2"><![CDATA[]]></item>
		<item id="diy3"><![CDATA[]]></item>
	</item>
	<item id="blockdata">
		<item id="block">
			<item id="86">
				<item id="bid"><![CDATA[86]]></item>
				<item id="blockclass"><![CDATA[html_html]]></item>
				<item id="blocktype"><![CDATA[0]]></item>
				<item id="name"><![CDATA[文章详情页社区推荐导航]]></item>
				<item id="title"><![CDATA[]]></item>
				<item id="classname"><![CDATA[cl_block_bm]]></item>
				<item id="summary"><![CDATA[<div class="relatedChannel hd" id="fthread"> 
		<h2 class="relatedChannel-header">社区推荐</h2> 
		<ul class="relatedChannel-list">
		 <li> <a href="javacript:;" class="relatedChannel-item"> <span>新帖</span> </a> </li>
		 <li> <a href="javacript:;" class="relatedChannel-item"> <span>热点</span> </a> </li>
		 <li> <a href="javacript:;" class="relatedChannel-item"> <span>精华</span> </a> </li>
		 <li> <a href="javacript:;" class="relatedChannel-item"> <span>回复</span> </a> </li>
		 </ul> 
		 </div>]]></item>
				<item id="uid"><![CDATA[1]]></item>
				<item id="username"><![CDATA[admin]]></item>
				<item id="styleid"><![CDATA[0]]></item>
				<item id="blockstyle"><![CDATA[]]></item>
				<item id="picwidth"><![CDATA[0]]></item>
				<item id="picheight"><![CDATA[0]]></item>
				<item id="target"><![CDATA[blank]]></item>
				<item id="dateformat"><![CDATA[Y-m-d]]></item>
				<item id="dateuformat"><![CDATA[0]]></item>
				<item id="script"><![CDATA[blank]]></item>
				<item id="param">
					<item id="content"><![CDATA[		<div class=\"relatedChannel hd\" id=\"fthread\"> 
		<h2 class=\"relatedChannel-header\">社区推荐</h2> 
		<ul class=\"relatedChannel-list\">
		 <li> <a href=\"javacript:;\" class=\"relatedChannel-item\"> <span>新帖</span> </a> </li>
		 <li> <a href=\"javacript:;\" class=\"relatedChannel-item\"> <span>热点</span> </a> </li>
		 <li> <a href=\"javacript:;\" class=\"relatedChannel-item\"> <span>精华</span> </a> </li>
		 <li> <a href=\"javacript:;\" class=\"relatedChannel-item\"> <span>回复</span> </a> </li>
		 </ul> 
		 </div>
]]></item>
					<item id="items"><![CDATA[10]]></item>
				</item>
				<item id="shownum"><![CDATA[10]]></item>
				<item id="cachetime"><![CDATA[0]]></item>
				<item id="cachetimerange"><![CDATA[0,0]]></item>
				<item id="punctualupdate"><![CDATA[0]]></item>
				<item id="hidedisplay"><![CDATA[0]]></item>
				<item id="dateline"><![CDATA[1480304285]]></item>
				<item id="notinherited"><![CDATA[0]]></item>
				<item id="isblank"><![CDATA[0]]></item>
			</item>
			<item id="87">
				<item id="bid"><![CDATA[87]]></item>
				<item id="blockclass"><![CDATA[forum_thread]]></item>
				<item id="blocktype"><![CDATA[0]]></item>
				<item id="name"><![CDATA[头条文章社区推荐新帖]]></item>
				<item id="title"><![CDATA[]]></item>
				<item id="classname"><![CDATA[cl_block_bm]]></item>
				<item id="summary"><![CDATA[]]></item>
				<item id="uid"><![CDATA[1]]></item>
				<item id="username"><![CDATA[admin]]></item>
				<item id="styleid"><![CDATA[0]]></item>
				<item id="blockstyle">
					<item id="name"><![CDATA[]]></item>
					<item id="blockclass"><![CDATA[forum_thread]]></item>
					<item id="makethumb"><![CDATA[1]]></item>
					<item id="getpic"><![CDATA[1]]></item>
					<item id="getsummary"><![CDATA[0]]></item>
					<item id="settarget"><![CDATA[1]]></item>
					<item id="moreurl"><![CDATA[0]]></item>
					<item id="fields">
						<item id="0"><![CDATA[url]]></item>
						<item id="1"><![CDATA[title]]></item>
						<item id="2"><![CDATA[authorid]]></item>
						<item id="3"><![CDATA[author]]></item>
						<item id="4"><![CDATA[avatar]]></item>
						<item id="5"><![CDATA[replies]]></item>
						<item id="6"><![CDATA[lastpost]]></item>
						<item id="7"><![CDATA[forumname]]></item>
						<item id="8"><![CDATA[pic]]></item>
					</item>
					<item id="template">
						<item id="raw"><![CDATA[		<ul>
		[loop] <li class="item">
		  <div class="item-inner y-box"> 
		  <div class="normal rbox "> 
		  <div class="rbox-inner"> 
		  <div class="title-box"> <a href="{url}"{target} class="link xlmmtit">{title}</a></div>  
		  <div class="y-box footer"> 
		  <div class="y-left">  
		  <div class="y-left"> 
		  <a href="home.php?mod=space&uid={authorid}&do=index&view={author}"{target} class="lbtn media-avatar"> <img src="{avatar}"> </a> 
		  <a href="home.php?mod=space&uid={authorid}&do=index&view={author}"{target} class="lbtn source">&#160;{author}&#160;</a> </div> 
		  <a class="lbtn comment">?&#160;{replies}评论&#160;</a> <span class="lbtn">?&#160;{lastpost}</span> <span class="lbtn recommend">{forumname}</span>   
		  </div> 
		  <div class="y-right"></div> 
		  </div> </div> </div> 
		  <div class="lbox"> <a href="{url}"{target} class="img-wrap"><img src="{pic}" width="{picwidth}" height="{picheight}" /> </a> </div> 
		  </div> </li>[/loop]
		 
		 </ul> 
		<div id="pgbtn" class="pgbtn"><a href="forum.php?mod=guide&view=newthread" target="_blank" style="border:0;box-shadow: 0 0 0 #fff; margin-bottom:-15px;">更多新帖 &raquo;</a></div>
]]></item>
						<item id="footer"><![CDATA[]]></item>
						<item id="header"><![CDATA[]]></item>
						<item id="indexplus"><![CDATA[
						]]></item>
						<item id="index"><![CDATA[
						]]></item>
						<item id="orderplus"><![CDATA[
						]]></item>
						<item id="order"><![CDATA[
						]]></item>
						<item id="loopplus"><![CDATA[
						]]></item>
						<item id="loop"><![CDATA[<li class="item">
		  <div class="item-inner y-box"> 
		  <div class="normal rbox "> 
		  <div class="rbox-inner"> 
		  <div class="title-box"> <a href="{url}"{target} class="link xlmmtit">{title}</a></div>  
		  <div class="y-box footer"> 
		  <div class="y-left">  
		  <div class="y-left"> 
		  <a href="home.php?mod=space&uid={authorid}&do=index&view={author}"{target} class="lbtn media-avatar"> <img src="{avatar}"> </a> 
		  <a href="home.php?mod=space&uid={authorid}&do=index&view={author}"{target} class="lbtn source">&#160;{author}&#160;</a> </div> 
		  <a class="lbtn comment">?&#160;{replies}评论&#160;</a> <span class="lbtn">?&#160;{lastpost}</span> <span class="lbtn recommend">{forumname}</span>   
		  </div> 
		  <div class="y-right"></div> 
		  </div> </div> </div> 
		  <div class="lbox"> <a href="{url}"{target} class="img-wrap"><img src="{pic}" width="{picwidth}" height="{picheight}" /> </a> </div> 
		  </div> </li>]]></item>
					</item>
					<item id="hash"><![CDATA[51096812]]></item>
				</item>
				<item id="picwidth"><![CDATA[156]]></item>
				<item id="picheight"><![CDATA[100]]></item>
				<item id="target"><![CDATA[blank]]></item>
				<item id="dateformat"><![CDATA[Y-m-d]]></item>
				<item id="dateuformat"><![CDATA[0]]></item>
				<item id="script"><![CDATA[thread]]></item>
				<item id="param">
					<item id="tids"><![CDATA[]]></item>
					<item id="uids"><![CDATA[]]></item>
					<item id="keyword"><![CDATA[]]></item>
					<item id="tagkeyword"><![CDATA[]]></item>
					<item id="typeids"><![CDATA[]]></item>
					<item id="recommend"><![CDATA[0]]></item>
					<item id="viewmod"><![CDATA[0]]></item>
					<item id="rewardstatus"><![CDATA[0]]></item>
					<item id="picrequired"><![CDATA[1]]></item>
					<item id="orderby"><![CDATA[lastpost]]></item>
					<item id="postdateline"><![CDATA[0]]></item>
					<item id="lastpost"><![CDATA[0]]></item>
					<item id="highlight"><![CDATA[0]]></item>
					<item id="titlelength"><![CDATA[60]]></item>
					<item id="summarylength"><![CDATA[80]]></item>
					<item id="startrow"><![CDATA[0]]></item>
					<item id="items"><![CDATA[10]]></item>
				</item>
				<item id="shownum"><![CDATA[10]]></item>
				<item id="cachetime"><![CDATA[3600]]></item>
				<item id="cachetimerange"><![CDATA[]]></item>
				<item id="punctualupdate"><![CDATA[0]]></item>
				<item id="hidedisplay"><![CDATA[0]]></item>
				<item id="dateline"><![CDATA[1480749506]]></item>
				<item id="notinherited"><![CDATA[0]]></item>
				<item id="isblank"><![CDATA[0]]></item>
			</item>
			<item id="88">
				<item id="bid"><![CDATA[88]]></item>
				<item id="blockclass"><![CDATA[forum_thread]]></item>
				<item id="blocktype"><![CDATA[0]]></item>
				<item id="name"><![CDATA[头条文章社区推荐热点]]></item>
				<item id="title"><![CDATA[]]></item>
				<item id="classname"><![CDATA[cl_block_bm]]></item>
				<item id="summary"><![CDATA[]]></item>
				<item id="uid"><![CDATA[1]]></item>
				<item id="username"><![CDATA[admin]]></item>
				<item id="styleid"><![CDATA[0]]></item>
				<item id="blockstyle">
					<item id="name"><![CDATA[]]></item>
					<item id="blockclass"><![CDATA[forum_thread]]></item>
					<item id="makethumb"><![CDATA[1]]></item>
					<item id="getpic"><![CDATA[1]]></item>
					<item id="getsummary"><![CDATA[0]]></item>
					<item id="settarget"><![CDATA[1]]></item>
					<item id="moreurl"><![CDATA[0]]></item>
					<item id="fields">
						<item id="0"><![CDATA[url]]></item>
						<item id="1"><![CDATA[title]]></item>
						<item id="2"><![CDATA[authorid]]></item>
						<item id="3"><![CDATA[author]]></item>
						<item id="4"><![CDATA[avatar]]></item>
						<item id="5"><![CDATA[replies]]></item>
						<item id="6"><![CDATA[lastpost]]></item>
						<item id="7"><![CDATA[forumname]]></item>
						<item id="8"><![CDATA[pic]]></item>
					</item>
					<item id="template">
						<item id="raw"><![CDATA[		<ul>
		[loop] <li class="item">
		  <div class="item-inner y-box"> 
		  <div class="normal rbox "> 
		  <div class="rbox-inner"> 
		  <div class="title-box"> <a href="{url}"{target} class="link xlmmtit">{title}</a></div>  
		  <div class="y-box footer"> 
		  <div class="y-left">  
		  <div class="y-left"> 
		  <a href="home.php?mod=space&uid={authorid}&do=index&view={author}"{target} class="lbtn media-avatar"> <img src="{avatar}"> </a> 
		  <a href="home.php?mod=space&uid={authorid}&do=index&view={author}"{target} class="lbtn source">&#160;{author}&#160;</a> </div> 
		  <a class="lbtn comment">?&#160;{replies}评论&#160;</a> <span class="lbtn">?&#160;{lastpost}</span> <span class="lbtn recommend">{forumname}</span>   
		  </div> 
		  <div class="y-right"></div> 
		  </div> </div> </div> 
		  <div class="lbox"> <a href="{url}"{target} class="img-wrap"><img src="{pic}" width="{picwidth}" height="{picheight}" /> </a> </div> 
		  </div> </li>[/loop]
		 
		 </ul> 
		<div id="pgbtn" class="pgbtn"><a href="forum.php?mod=guide&view=hot" target="_blank" style="border:0;box-shadow: 0 0 0 #fff; margin-bottom:-15px;">更多热点 &raquo;</a></div>
]]></item>
						<item id="footer"><![CDATA[]]></item>
						<item id="header"><![CDATA[]]></item>
						<item id="indexplus"><![CDATA[
						]]></item>
						<item id="index"><![CDATA[
						]]></item>
						<item id="orderplus"><![CDATA[
						]]></item>
						<item id="order"><![CDATA[
						]]></item>
						<item id="loopplus"><![CDATA[
						]]></item>
						<item id="loop"><![CDATA[<li class="item">
		  <div class="item-inner y-box"> 
		  <div class="normal rbox "> 
		  <div class="rbox-inner"> 
		  <div class="title-box"> <a href="{url}"{target} class="link xlmmtit">{title}</a></div>  
		  <div class="y-box footer"> 
		  <div class="y-left">  
		  <div class="y-left"> 
		  <a href="home.php?mod=space&uid={authorid}&do=index&view={author}"{target} class="lbtn media-avatar"> <img src="{avatar}"> </a> 
		  <a href="home.php?mod=space&uid={authorid}&do=index&view={author}"{target} class="lbtn source">&#160;{author}&#160;</a> </div> 
		  <a class="lbtn comment">?&#160;{replies}评论&#160;</a> <span class="lbtn">?&#160;{lastpost}</span> <span class="lbtn recommend">{forumname}</span>   
		  </div> 
		  <div class="y-right"></div> 
		  </div> </div> </div> 
		  <div class="lbox"> <a href="{url}"{target} class="img-wrap"><img src="{pic}" width="{picwidth}" height="{picheight}" /> </a> </div> 
		  </div> </li>]]></item>
					</item>
					<item id="hash"><![CDATA[d1e01893]]></item>
				</item>
				<item id="picwidth"><![CDATA[156]]></item>
				<item id="picheight"><![CDATA[100]]></item>
				<item id="target"><![CDATA[blank]]></item>
				<item id="dateformat"><![CDATA[Y-m-d]]></item>
				<item id="dateuformat"><![CDATA[0]]></item>
				<item id="script"><![CDATA[thread]]></item>
				<item id="param">
					<item id="tids"><![CDATA[]]></item>
					<item id="uids"><![CDATA[]]></item>
					<item id="keyword"><![CDATA[]]></item>
					<item id="tagkeyword"><![CDATA[]]></item>
					<item id="typeids"><![CDATA[]]></item>
					<item id="recommend"><![CDATA[0]]></item>
					<item id="viewmod"><![CDATA[0]]></item>
					<item id="rewardstatus"><![CDATA[0]]></item>
					<item id="picrequired"><![CDATA[0]]></item>
					<item id="orderby"><![CDATA[lastpost]]></item>
					<item id="postdateline"><![CDATA[0]]></item>
					<item id="lastpost"><![CDATA[0]]></item>
					<item id="highlight"><![CDATA[0]]></item>
					<item id="titlelength"><![CDATA[60]]></item>
					<item id="summarylength"><![CDATA[80]]></item>
					<item id="startrow"><![CDATA[0]]></item>
					<item id="items"><![CDATA[10]]></item>
				</item>
				<item id="shownum"><![CDATA[10]]></item>
				<item id="cachetime"><![CDATA[3600]]></item>
				<item id="cachetimerange"><![CDATA[]]></item>
				<item id="punctualupdate"><![CDATA[0]]></item>
				<item id="hidedisplay"><![CDATA[0]]></item>
				<item id="dateline"><![CDATA[1480801386]]></item>
				<item id="notinherited"><![CDATA[0]]></item>
				<item id="isblank"><![CDATA[0]]></item>
			</item>
			<item id="89">
				<item id="bid"><![CDATA[89]]></item>
				<item id="blockclass"><![CDATA[forum_thread]]></item>
				<item id="blocktype"><![CDATA[0]]></item>
				<item id="name"><![CDATA[头条文章社区推荐精品]]></item>
				<item id="title"><![CDATA[]]></item>
				<item id="classname"><![CDATA[cl_block_bm]]></item>
				<item id="summary"><![CDATA[]]></item>
				<item id="uid"><![CDATA[1]]></item>
				<item id="username"><![CDATA[admin]]></item>
				<item id="styleid"><![CDATA[0]]></item>
				<item id="blockstyle">
					<item id="name"><![CDATA[]]></item>
					<item id="blockclass"><![CDATA[forum_thread]]></item>
					<item id="makethumb"><![CDATA[1]]></item>
					<item id="getpic"><![CDATA[1]]></item>
					<item id="getsummary"><![CDATA[0]]></item>
					<item id="settarget"><![CDATA[1]]></item>
					<item id="moreurl"><![CDATA[0]]></item>
					<item id="fields">
						<item id="0"><![CDATA[url]]></item>
						<item id="1"><![CDATA[title]]></item>
						<item id="2"><![CDATA[authorid]]></item>
						<item id="3"><![CDATA[author]]></item>
						<item id="4"><![CDATA[avatar]]></item>
						<item id="5"><![CDATA[replies]]></item>
						<item id="6"><![CDATA[lastpost]]></item>
						<item id="7"><![CDATA[forumname]]></item>
						<item id="8"><![CDATA[pic]]></item>
					</item>
					<item id="template">
						<item id="raw"><![CDATA[		<ul>
		[loop] <li class="item">
		  <div class="item-inner y-box"> 
		  <div class="normal rbox "> 
		  <div class="rbox-inner"> 
		  <div class="title-box"> <a href="{url}"{target} class="link xlmmtit">{title}</a></div>  
		  <div class="y-box footer"> 
		  <div class="y-left">  
		  <div class="y-left"> 
		  <a href="home.php?mod=space&uid={authorid}&do=index&view={author}"{target} class="lbtn media-avatar"> <img src="{avatar}"> </a> 
		  <a href="home.php?mod=space&uid={authorid}&do=index&view={author}"{target} class="lbtn source">&#160;{author}&#160;</a> </div> 
		  <a class="lbtn comment">?&#160;{replies}评论&#160;</a> <span class="lbtn">?&#160;{lastpost}</span> <span class="lbtn recommend">{forumname}</span>   
		  </div> 
		  <div class="y-right"></div> 
		  </div> </div> </div> 
		  <div class="lbox"> <a href="{url}"{target} class="img-wrap"><img src="{pic}" width="{picwidth}" height="{picheight}" /> </a> </div> 
		  </div> </li>[/loop]
		 
		 </ul> 
		<div id="pgbtn" class="pgbtn"><a href="forum.php?mod=guide&view=digest" target="_blank" style="border:0;box-shadow: 0 0 0 #fff; margin-bottom:-15px;">更多精华 &raquo;</a></div>
]]></item>
						<item id="footer"><![CDATA[]]></item>
						<item id="header"><![CDATA[]]></item>
						<item id="indexplus"><![CDATA[
						]]></item>
						<item id="index"><![CDATA[
						]]></item>
						<item id="orderplus"><![CDATA[
						]]></item>
						<item id="order"><![CDATA[
						]]></item>
						<item id="loopplus"><![CDATA[
						]]></item>
						<item id="loop"><![CDATA[<li class="item">
		  <div class="item-inner y-box"> 
		  <div class="normal rbox "> 
		  <div class="rbox-inner"> 
		  <div class="title-box"> <a href="{url}"{target} class="link xlmmtit">{title}</a></div>  
		  <div class="y-box footer"> 
		  <div class="y-left">  
		  <div class="y-left"> 
		  <a href="home.php?mod=space&uid={authorid}&do=index&view={author}"{target} class="lbtn media-avatar"> <img src="{avatar}"> </a> 
		  <a href="home.php?mod=space&uid={authorid}&do=index&view={author}"{target} class="lbtn source">&#160;{author}&#160;</a> </div> 
		  <a class="lbtn comment">?&#160;{replies}评论&#160;</a> <span class="lbtn">?&#160;{lastpost}</span> <span class="lbtn recommend">{forumname}</span>   
		  </div> 
		  <div class="y-right"></div> 
		  </div> </div> </div> 
		  <div class="lbox"> <a href="{url}"{target} class="img-wrap"><img src="{pic}" width="{picwidth}" height="{picheight}" /> </a> </div> 
		  </div> </li>]]></item>
					</item>
					<item id="hash"><![CDATA[7ed698ba]]></item>
				</item>
				<item id="picwidth"><![CDATA[156]]></item>
				<item id="picheight"><![CDATA[100]]></item>
				<item id="target"><![CDATA[blank]]></item>
				<item id="dateformat"><![CDATA[Y-m-d]]></item>
				<item id="dateuformat"><![CDATA[0]]></item>
				<item id="script"><![CDATA[thread]]></item>
				<item id="param">
					<item id="tids"><![CDATA[]]></item>
					<item id="uids"><![CDATA[]]></item>
					<item id="keyword"><![CDATA[]]></item>
					<item id="tagkeyword"><![CDATA[]]></item>
					<item id="typeids"><![CDATA[]]></item>
					<item id="recommend"><![CDATA[0]]></item>
					<item id="viewmod"><![CDATA[0]]></item>
					<item id="rewardstatus"><![CDATA[0]]></item>
					<item id="picrequired"><![CDATA[0]]></item>
					<item id="orderby"><![CDATA[lastpost]]></item>
					<item id="postdateline"><![CDATA[0]]></item>
					<item id="lastpost"><![CDATA[0]]></item>
					<item id="highlight"><![CDATA[0]]></item>
					<item id="titlelength"><![CDATA[60]]></item>
					<item id="summarylength"><![CDATA[80]]></item>
					<item id="startrow"><![CDATA[0]]></item>
					<item id="items"><![CDATA[10]]></item>
				</item>
				<item id="shownum"><![CDATA[10]]></item>
				<item id="cachetime"><![CDATA[3600]]></item>
				<item id="cachetimerange"><![CDATA[]]></item>
				<item id="punctualupdate"><![CDATA[0]]></item>
				<item id="hidedisplay"><![CDATA[0]]></item>
				<item id="dateline"><![CDATA[1480834478]]></item>
				<item id="notinherited"><![CDATA[0]]></item>
				<item id="isblank"><![CDATA[0]]></item>
			</item>
			<item id="90">
				<item id="bid"><![CDATA[90]]></item>
				<item id="blockclass"><![CDATA[forum_thread]]></item>
				<item id="blocktype"><![CDATA[0]]></item>
				<item id="name"><![CDATA[头条文章社区推荐最新回复]]></item>
				<item id="title"><![CDATA[]]></item>
				<item id="classname"><![CDATA[cl_block_bm]]></item>
				<item id="summary"><![CDATA[]]></item>
				<item id="uid"><![CDATA[1]]></item>
				<item id="username"><![CDATA[admin]]></item>
				<item id="styleid"><![CDATA[0]]></item>
				<item id="blockstyle">
					<item id="name"><![CDATA[]]></item>
					<item id="blockclass"><![CDATA[forum_thread]]></item>
					<item id="makethumb"><![CDATA[1]]></item>
					<item id="getpic"><![CDATA[1]]></item>
					<item id="getsummary"><![CDATA[0]]></item>
					<item id="settarget"><![CDATA[1]]></item>
					<item id="moreurl"><![CDATA[0]]></item>
					<item id="fields">
						<item id="0"><![CDATA[url]]></item>
						<item id="1"><![CDATA[title]]></item>
						<item id="2"><![CDATA[authorid]]></item>
						<item id="3"><![CDATA[author]]></item>
						<item id="4"><![CDATA[avatar]]></item>
						<item id="5"><![CDATA[replies]]></item>
						<item id="6"><![CDATA[lastpost]]></item>
						<item id="7"><![CDATA[forumname]]></item>
						<item id="8"><![CDATA[pic]]></item>
					</item>
					<item id="template">
						<item id="raw"><![CDATA[		<ul>
		[loop] <li class="item">
		  <div class="item-inner y-box"> 
		  <div class="normal rbox "> 
		  <div class="rbox-inner"> 
		  <div class="title-box"> <a href="{url}"{target} class="link xlmmtit">{title}</a></div>  
		  <div class="y-box footer"> 
		  <div class="y-left">  
		  <div class="y-left"> 
		  <a href="home.php?mod=space&uid={authorid}&do=index&view={author}"{target} class="lbtn media-avatar"> <img src="{avatar}"> </a> 
		  <a href="home.php?mod=space&uid={authorid}&do=index&view={author}"{target} class="lbtn source">&#160;{author}&#160;</a> </div> 
		  <a class="lbtn comment">?&#160;{replies}评论&#160;</a> <span class="lbtn">?&#160;{lastpost}</span> <span class="lbtn recommend">{forumname}</span>   
		  </div> 
		  <div class="y-right"></div> 
		  </div> </div> </div> 
		  <div class="lbox"> <a href="{url}"{target} class="img-wrap"><img src="{pic}" width="{picwidth}" height="{picheight}" /> </a> </div> 
		  </div> </li>[/loop]
		 
		 </ul> 
		<div id="pgbtn" class="pgbtn"><a href="forum.php?mod=guide&view=new" target="_blank" style="border:0;box-shadow: 0 0 0 #fff; margin-bottom:-15px;">更多新回复 &raquo;</a></div>
]]></item>
						<item id="footer"><![CDATA[]]></item>
						<item id="header"><![CDATA[]]></item>
						<item id="indexplus"><![CDATA[
						]]></item>
						<item id="index"><![CDATA[
						]]></item>
						<item id="orderplus"><![CDATA[
						]]></item>
						<item id="order"><![CDATA[
						]]></item>
						<item id="loopplus"><![CDATA[
						]]></item>
						<item id="loop"><![CDATA[<li class="item">
		  <div class="item-inner y-box"> 
		  <div class="normal rbox "> 
		  <div class="rbox-inner"> 
		  <div class="title-box"> <a href="{url}"{target} class="link xlmmtit">{title}</a></div>  
		  <div class="y-box footer"> 
		  <div class="y-left">  
		  <div class="y-left"> 
		  <a href="home.php?mod=space&uid={authorid}&do=index&view={author}"{target} class="lbtn media-avatar"> <img src="{avatar}"> </a> 
		  <a href="home.php?mod=space&uid={authorid}&do=index&view={author}"{target} class="lbtn source">&#160;{author}&#160;</a> </div> 
		  <a class="lbtn comment">?&#160;{replies}评论&#160;</a> <span class="lbtn">?&#160;{lastpost}</span> <span class="lbtn recommend">{forumname}</span>   
		  </div> 
		  <div class="y-right"></div> 
		  </div> </div> </div> 
		  <div class="lbox"> <a href="{url}"{target} class="img-wrap"><img src="{pic}" width="{picwidth}" height="{picheight}" /> </a> </div> 
		  </div> </li>]]></item>
					</item>
					<item id="hash"><![CDATA[0667d64e]]></item>
				</item>
				<item id="picwidth"><![CDATA[156]]></item>
				<item id="picheight"><![CDATA[100]]></item>
				<item id="target"><![CDATA[blank]]></item>
				<item id="dateformat"><![CDATA[Y-m-d]]></item>
				<item id="dateuformat"><![CDATA[0]]></item>
				<item id="script"><![CDATA[thread]]></item>
				<item id="param">
					<item id="tids"><![CDATA[]]></item>
					<item id="uids"><![CDATA[]]></item>
					<item id="keyword"><![CDATA[]]></item>
					<item id="tagkeyword"><![CDATA[]]></item>
					<item id="typeids"><![CDATA[]]></item>
					<item id="recommend"><![CDATA[0]]></item>
					<item id="viewmod"><![CDATA[0]]></item>
					<item id="rewardstatus"><![CDATA[0]]></item>
					<item id="picrequired"><![CDATA[0]]></item>
					<item id="orderby"><![CDATA[lastpost]]></item>
					<item id="postdateline"><![CDATA[0]]></item>
					<item id="lastpost"><![CDATA[0]]></item>
					<item id="highlight"><![CDATA[0]]></item>
					<item id="titlelength"><![CDATA[60]]></item>
					<item id="summarylength"><![CDATA[80]]></item>
					<item id="startrow"><![CDATA[0]]></item>
					<item id="items"><![CDATA[10]]></item>
				</item>
				<item id="shownum"><![CDATA[10]]></item>
				<item id="cachetime"><![CDATA[3600]]></item>
				<item id="cachetimerange"><![CDATA[]]></item>
				<item id="punctualupdate"><![CDATA[0]]></item>
				<item id="hidedisplay"><![CDATA[0]]></item>
				<item id="dateline"><![CDATA[1480828931]]></item>
				<item id="notinherited"><![CDATA[0]]></item>
				<item id="isblank"><![CDATA[0]]></item>
			</item>
			<item id="91">
				<item id="bid"><![CDATA[91]]></item>
				<item id="blockclass"><![CDATA[forum_thread]]></item>
				<item id="blocktype"><![CDATA[0]]></item>
				<item id="name"><![CDATA[精彩图片]]></item>
				<item id="title"><![CDATA[]]></item>
				<item id="classname"><![CDATA[cl_block_bm]]></item>
				<item id="summary"><![CDATA[]]></item>
				<item id="uid"><![CDATA[1]]></item>
				<item id="username"><![CDATA[admin]]></item>
				<item id="styleid"><![CDATA[0]]></item>
				<item id="blockstyle">
					<item id="name"><![CDATA[]]></item>
					<item id="blockclass"><![CDATA[forum_thread]]></item>
					<item id="makethumb"><![CDATA[1]]></item>
					<item id="getpic"><![CDATA[1]]></item>
					<item id="getsummary"><![CDATA[0]]></item>
					<item id="settarget"><![CDATA[1]]></item>
					<item id="moreurl"><![CDATA[0]]></item>
					<item id="fields">
						<item id="0"><![CDATA[url]]></item>
						<item id="1"><![CDATA[pic]]></item>
						<item id="2"><![CDATA[title]]></item>
					</item>
					<item id="template">
						<item id="raw"><![CDATA[<div class="hotPicture module">
<div class="module-head pic-head"><a href="#" target="_blank">精彩图片</a></div> 
<ul> 
[loop]<li class="hot-item"> <a href="{url}"{target} class="hot-link"> <div class="pic-style style_1"> <div class="module-pic pic-big"><img src="{pic}" width="{picwidth}" height="{picheight}" /></div> </div><p class="hot-title module-title">{title}</p> </a> </li>[/loop]
 </ul></div>
]]></item>
						<item id="footer"><![CDATA[]]></item>
						<item id="header"><![CDATA[]]></item>
						<item id="indexplus"><![CDATA[
						]]></item>
						<item id="index"><![CDATA[
						]]></item>
						<item id="orderplus"><![CDATA[
						]]></item>
						<item id="order"><![CDATA[
						]]></item>
						<item id="loopplus"><![CDATA[
						]]></item>
						<item id="loop"><![CDATA[<li class="hot-item"> <a href="{url}"{target} class="hot-link"> <div class="pic-style style_1"> <div class="module-pic pic-big"><img src="{pic}" width="{picwidth}" height="{picheight}" /></div> </div><p class="hot-title module-title">{title}</p> </a> </li>]]></item>
					</item>
					<item id="hash"><![CDATA[4c13c422]]></item>
				</item>
				<item id="picwidth"><![CDATA[270]]></item>
				<item id="picheight"><![CDATA[154]]></item>
				<item id="target"><![CDATA[blank]]></item>
				<item id="dateformat"><![CDATA[Y-m-d]]></item>
				<item id="dateuformat"><![CDATA[0]]></item>
				<item id="script"><![CDATA[thread]]></item>
				<item id="param">
					<item id="tids"><![CDATA[]]></item>
					<item id="uids"><![CDATA[]]></item>
					<item id="keyword"><![CDATA[]]></item>
					<item id="tagkeyword"><![CDATA[]]></item>
					<item id="typeids"><![CDATA[]]></item>
					<item id="recommend"><![CDATA[0]]></item>
					<item id="viewmod"><![CDATA[0]]></item>
					<item id="rewardstatus"><![CDATA[0]]></item>
					<item id="picrequired"><![CDATA[1]]></item>
					<item id="orderby"><![CDATA[lastpost]]></item>
					<item id="postdateline"><![CDATA[0]]></item>
					<item id="lastpost"><![CDATA[0]]></item>
					<item id="highlight"><![CDATA[0]]></item>
					<item id="titlelength"><![CDATA[40]]></item>
					<item id="summarylength"><![CDATA[80]]></item>
					<item id="startrow"><![CDATA[0]]></item>
					<item id="items"><![CDATA[3]]></item>
				</item>
				<item id="shownum"><![CDATA[3]]></item>
				<item id="cachetime"><![CDATA[3600]]></item>
				<item id="cachetimerange"><![CDATA[]]></item>
				<item id="punctualupdate"><![CDATA[0]]></item>
				<item id="hidedisplay"><![CDATA[0]]></item>
				<item id="dateline"><![CDATA[1480832402]]></item>
				<item id="notinherited"><![CDATA[0]]></item>
				<item id="isblank"><![CDATA[0]]></item>
			</item>
			<item id="92">
				<item id="bid"><![CDATA[92]]></item>
				<item id="blockclass"><![CDATA[html_html]]></item>
				<item id="blocktype"><![CDATA[0]]></item>
				<item id="name"><![CDATA[二维码]]></item>
				<item id="title"><![CDATA[]]></item>
				<item id="classname"><![CDATA[cl_block_bm]]></item>
				<item id="summary"><![CDATA[<div class="fixed">
<div class="hotPicture module">
<div class="module-head pic-head"><a href="#" target="_blank">官方微信</a></div> 
<ul> 
<li class="hot-item" style="text-align:center;"> <a href="{url}"{target} class="hot-link"> <div class="pic-style style_1" style="height:200px;"> <div class="module-pic pic-big" style="height:200px;"><img src="template/xlmm_zx/image/sjb.png"  style="height:200px;" /></div> </div><p class="hot-title module-title">拿出手机扫一扫</p> </a> </li>
 </ul></div>
    </div>]]></item>
				<item id="uid"><![CDATA[1]]></item>
				<item id="username"><![CDATA[admin]]></item>
				<item id="styleid"><![CDATA[0]]></item>
				<item id="blockstyle"><![CDATA[]]></item>
				<item id="picwidth"><![CDATA[0]]></item>
				<item id="picheight"><![CDATA[0]]></item>
				<item id="target"><![CDATA[blank]]></item>
				<item id="dateformat"><![CDATA[Y-m-d]]></item>
				<item id="dateuformat"><![CDATA[0]]></item>
				<item id="script"><![CDATA[blank]]></item>
				<item id="param">
					<item id="content"><![CDATA[<div class=\"fixed\">
<div class=\"hotPicture module\">
<div class=\"module-head pic-head\"><a href=\"#\" target=\"_blank\">官方微信</a></div> 
<ul> 
<li class=\"hot-item\" style=\"text-align:center;\"> <a href=\"{url}\"{target} class=\"hot-link\"> <div class=\"pic-style style_1\" style=\"height:200px;\"> <div class=\"module-pic pic-big\" style=\"height:200px;\"><img src=\"template/xlmm_zx/image/sjb.png\"  style=\"height:200px;\" /></div> </div><p class=\"hot-title module-title\">拿出手机扫一扫</p> </a> </li>
 </ul></div>
    </div>
]]></item>
					<item id="items"><![CDATA[10]]></item>
				</item>
				<item id="shownum"><![CDATA[10]]></item>
				<item id="cachetime"><![CDATA[3600]]></item>
				<item id="cachetimerange"><![CDATA[]]></item>
				<item id="punctualupdate"><![CDATA[0]]></item>
				<item id="hidedisplay"><![CDATA[0]]></item>
				<item id="dateline"><![CDATA[1480834434]]></item>
				<item id="notinherited"><![CDATA[0]]></item>
				<item id="isblank"><![CDATA[0]]></item>
			</item>
			<item id="93">
				<item id="bid"><![CDATA[93]]></item>
				<item id="blockclass"><![CDATA[forum_thread]]></item>
				<item id="blocktype"><![CDATA[0]]></item>
				<item id="name"><![CDATA[24小时热文]]></item>
				<item id="title"><![CDATA[]]></item>
				<item id="classname"><![CDATA[cl_block_bm]]></item>
				<item id="summary"><![CDATA[]]></item>
				<item id="uid"><![CDATA[1]]></item>
				<item id="username"><![CDATA[admin]]></item>
				<item id="styleid"><![CDATA[0]]></item>
				<item id="blockstyle">
					<item id="name"><![CDATA[]]></item>
					<item id="blockclass"><![CDATA[forum_thread]]></item>
					<item id="makethumb"><![CDATA[1]]></item>
					<item id="getpic"><![CDATA[1]]></item>
					<item id="getsummary"><![CDATA[0]]></item>
					<item id="settarget"><![CDATA[1]]></item>
					<item id="moreurl"><![CDATA[0]]></item>
					<item id="fields">
						<item id="0"><![CDATA[url]]></item>
						<item id="1"><![CDATA[pic]]></item>
						<item id="2"><![CDATA[title]]></item>
					</item>
					<item id="template">
						<item id="raw"><![CDATA[<div class="hotNews module">
<div class="module-head news-head"> 24小时热闻 </div> 
<ul class="news-content"> 
[loop]<li class="news-list"> 
<a href="{url}"{target} class="news-link"> <div class="module-pic news-pic"><img src="{pic}" width="{picwidth}" height="{picheight}" /></div> 
<div class="news-inner"> <p class="module-title">{title}</p> </div> </a> </li>
[/loop]</ul></div>
]]></item>
						<item id="footer"><![CDATA[]]></item>
						<item id="header"><![CDATA[]]></item>
						<item id="indexplus"><![CDATA[
						]]></item>
						<item id="index"><![CDATA[
						]]></item>
						<item id="orderplus"><![CDATA[
						]]></item>
						<item id="order"><![CDATA[
						]]></item>
						<item id="loopplus"><![CDATA[
						]]></item>
						<item id="loop"><![CDATA[<li class="news-list"> 
<a href="{url}"{target} class="news-link"> <div class="module-pic news-pic"><img src="{pic}" width="{picwidth}" height="{picheight}" /></div> 
<div class="news-inner"> <p class="module-title">{title}</p> </div> </a> </li>]]></item>
					</item>
					<item id="hash"><![CDATA[a138af2f]]></item>
				</item>
				<item id="picwidth"><![CDATA[60]]></item>
				<item id="picheight"><![CDATA[60]]></item>
				<item id="target"><![CDATA[blank]]></item>
				<item id="dateformat"><![CDATA[Y-m-d]]></item>
				<item id="dateuformat"><![CDATA[0]]></item>
				<item id="script"><![CDATA[thread]]></item>
				<item id="param">
					<item id="tids"><![CDATA[]]></item>
					<item id="uids"><![CDATA[]]></item>
					<item id="keyword"><![CDATA[]]></item>
					<item id="tagkeyword"><![CDATA[]]></item>
					<item id="typeids"><![CDATA[]]></item>
					<item id="recommend"><![CDATA[0]]></item>
					<item id="viewmod"><![CDATA[0]]></item>
					<item id="rewardstatus"><![CDATA[0]]></item>
					<item id="picrequired"><![CDATA[1]]></item>
					<item id="orderby"><![CDATA[lastpost]]></item>
					<item id="postdateline"><![CDATA[0]]></item>
					<item id="lastpost"><![CDATA[0]]></item>
					<item id="highlight"><![CDATA[0]]></item>
					<item id="titlelength"><![CDATA[40]]></item>
					<item id="summarylength"><![CDATA[80]]></item>
					<item id="startrow"><![CDATA[0]]></item>
					<item id="items"><![CDATA[3]]></item>
				</item>
				<item id="shownum"><![CDATA[3]]></item>
				<item id="cachetime"><![CDATA[3600]]></item>
				<item id="cachetimerange"><![CDATA[]]></item>
				<item id="punctualupdate"><![CDATA[0]]></item>
				<item id="hidedisplay"><![CDATA[0]]></item>
				<item id="dateline"><![CDATA[1480829976]]></item>
				<item id="notinherited"><![CDATA[0]]></item>
				<item id="isblank"><![CDATA[0]]></item>
			</item>
			<item id="94">
				<item id="bid"><![CDATA[94]]></item>
				<item id="blockclass"><![CDATA[html_html]]></item>
				<item id="blocktype"><![CDATA[0]]></item>
				<item id="name"><![CDATA[头条文章右侧演示广告]]></item>
				<item id="title"><![CDATA[]]></item>
				<item id="classname"><![CDATA[cl_block_bm]]></item>
				<item id="summary"><![CDATA[<img src="template/xlmm_zx/portal/list/ad.jpg" width="100%" />]]></item>
				<item id="uid"><![CDATA[1]]></item>
				<item id="username"><![CDATA[admin]]></item>
				<item id="styleid"><![CDATA[0]]></item>
				<item id="blockstyle"><![CDATA[]]></item>
				<item id="picwidth"><![CDATA[0]]></item>
				<item id="picheight"><![CDATA[0]]></item>
				<item id="target"><![CDATA[blank]]></item>
				<item id="dateformat"><![CDATA[Y-m-d]]></item>
				<item id="dateuformat"><![CDATA[0]]></item>
				<item id="script"><![CDATA[banner]]></item>
				<item id="param">
					<item id="pic"><![CDATA[template/xlmm_zx/portal/list/ad.jpg]]></item>
					<item id="url"><![CDATA[]]></item>
					<item id="atarget"><![CDATA[_blank]]></item>
					<item id="width"><![CDATA[100%]]></item>
					<item id="height"><![CDATA[]]></item>
					<item id="text"><![CDATA[]]></item>
					<item id="items"><![CDATA[10]]></item>
				</item>
				<item id="shownum"><![CDATA[10]]></item>
				<item id="cachetime"><![CDATA[0]]></item>
				<item id="cachetimerange"><![CDATA[0,0]]></item>
				<item id="punctualupdate"><![CDATA[0]]></item>
				<item id="hidedisplay"><![CDATA[0]]></item>
				<item id="dateline"><![CDATA[1480304281]]></item>
				<item id="notinherited"><![CDATA[0]]></item>
				<item id="isblank"><![CDATA[0]]></item>
			</item>
		</item>
		<item id="style">
		</item>
	</item>
</root>
