<?xml version="1.0" encoding="ISO-8859-1"?>
<root>
	<item id="spacecss"><![CDATA[#portal_block_316 .dxb_bc { margin-top:20px !important;}]]></item>
	<item id="layoutdata">
		<item id="xlmm-t"><![CDATA[]]></item>
		<item id="xlmm-l">
			<item id="frame`framev9Y909">
				<item id="attr">
					<item id="name"><![CDATA[framev9Y909]]></item>
					<item id="moveable"><![CDATA[true]]></item>
					<item id="className"><![CDATA[cl_frame_bm frame move-span cl frame-1]]></item>
					<item id="titles"><![CDATA[]]></item>
				</item>
				<item id="column`framev9Y909_left">
					<item id="attr">
						<item id="name"><![CDATA[framev9Y909_left]]></item>
						<item id="className"><![CDATA[column frame-1-c]]></item>
					</item>
					<item id="block`portal_block_317">
						<item id="attr">
							<item id="name"><![CDATA[portal_block_317]]></item>
							<item id="className"><![CDATA[cl_block_bm block move-span]]></item>
							<item id="titles"><![CDATA[]]></item>
						</item>
					</item>
				</item>
			</item>
		</item>
		<item id="xlmm-hd">
			<item id="frame`framek62662">
				<item id="attr">
					<item id="name"><![CDATA[framek62662]]></item>
					<item id="moveable"><![CDATA[true]]></item>
					<item id="className"><![CDATA[cl_frame_bm frame move-span cl frame-1]]></item>
					<item id="titles"><![CDATA[]]></item>
				</item>
				<item id="column`framek62662_left">
					<item id="attr">
						<item id="name"><![CDATA[framek62662_left]]></item>
						<item id="className"><![CDATA[column frame-1-c]]></item>
					</item>
					<item id="block`portal_block_312">
						<item id="attr">
							<item id="name"><![CDATA[portal_block_312]]></item>
							<item id="className"><![CDATA[cl_block_bm block move-span]]></item>
							<item id="titles"><![CDATA[]]></item>
						</item>
					</item>
					<item id="block`portal_block_319">
						<item id="attr">
							<item id="name"><![CDATA[portal_block_319]]></item>
							<item id="className"><![CDATA[cl_block_bm block move-span]]></item>
							<item id="titles"><![CDATA[]]></item>
						</item>
					</item>
				</item>
			</item>
		</item>
		<item id="xlmm-r">
			<item id="frame`framebgjs4E">
				<item id="attr">
					<item id="name"><![CDATA[framebgjs4E]]></item>
					<item id="moveable"><![CDATA[true]]></item>
					<item id="className"><![CDATA[cl_frame_bm frame move-span cl frame-1]]></item>
					<item id="titles"><![CDATA[]]></item>
				</item>
				<item id="column`framebgjs4E_left">
					<item id="attr">
						<item id="name"><![CDATA[framebgjs4E_left]]></item>
						<item id="className"><![CDATA[column frame-1-c]]></item>
					</item>
					<item id="block`portal_block_345">
						<item id="attr">
							<item id="name"><![CDATA[portal_block_345]]></item>
							<item id="className"><![CDATA[cl_block_bm block move-span]]></item>
							<item id="titles"><![CDATA[]]></item>
						</item>
					</item>
					<item id="block`portal_block_349">
						<item id="attr">
							<item id="name"><![CDATA[portal_block_349]]></item>
							<item id="className"><![CDATA[cl_block_bm block move-span]]></item>
							<item id="titles"><![CDATA[]]></item>
						</item>
					</item>
					<item id="block`portal_block_313">
						<item id="attr">
							<item id="name"><![CDATA[portal_block_313]]></item>
							<item id="className"><![CDATA[cl_block_bm block move-span]]></item>
							<item id="titles"><![CDATA[]]></item>
						</item>
					</item>
					<item id="block`portal_block_350">
						<item id="attr">
							<item id="name"><![CDATA[portal_block_350]]></item>
							<item id="className"><![CDATA[cl_block_bm block move-span]]></item>
							<item id="titles"><![CDATA[]]></item>
						</item>
					</item>
					<item id="block`portal_block_314">
						<item id="attr">
							<item id="name"><![CDATA[portal_block_314]]></item>
							<item id="className"><![CDATA[cl_block_bm block move-span]]></item>
							<item id="titles"><![CDATA[]]></item>
						</item>
					</item>
					<item id="block`portal_block_315">
						<item id="attr">
							<item id="name"><![CDATA[portal_block_315]]></item>
							<item id="className"><![CDATA[cl_block_bm block move-span]]></item>
							<item id="titles"><![CDATA[]]></item>
						</item>
					</item>
					<item id="block`portal_block_348">
						<item id="attr">
							<item id="name"><![CDATA[portal_block_348]]></item>
							<item id="className"><![CDATA[cl_block_bm block move-span]]></item>
							<item id="titles"><![CDATA[]]></item>
						</item>
					</item>
					<item id="block`portal_block_316">
						<item id="attr">
							<item id="name"><![CDATA[portal_block_316]]></item>
							<item id="className"><![CDATA[cl_block_bm block move-span]]></item>
							<item id="titles"><![CDATA[]]></item>
						</item>
					</item>
				</item>
			</item>
		</item>
		<item id="xlmm-rf">
			<item id="frame`frameuSI053">
				<item id="attr">
					<item id="name"><![CDATA[frameuSI053]]></item>
					<item id="moveable"><![CDATA[true]]></item>
					<item id="className"><![CDATA[cl_frame_bm frame move-span cl frame-1]]></item>
					<item id="titles"><![CDATA[]]></item>
				</item>
				<item id="column`frameuSI053_left">
					<item id="attr">
						<item id="name"><![CDATA[frameuSI053_left]]></item>
						<item id="className"><![CDATA[column frame-1-c]]></item>
					</item>
					<item id="block`portal_block_318">
						<item id="attr">
							<item id="name"><![CDATA[portal_block_318]]></item>
							<item id="className"><![CDATA[cl_block_bm block move-span]]></item>
							<item id="titles"><![CDATA[]]></item>
						</item>
					</item>
				</item>
			</item>
		</item>
		<item id="xlmm-f"><![CDATA[]]></item>
	</item>
	<item id="blockdata">
		<item id="block">
			<item id="312">
				<item id="bid"><![CDATA[312]]></item>
				<item id="blockclass"><![CDATA[forum_thread]]></item>
				<item id="blocktype"><![CDATA[0]]></item>
				<item id="name"><![CDATA[头条文章列表幻灯片]]></item>
				<item id="title"><![CDATA[]]></item>
				<item id="classname"><![CDATA[cl_block_bm]]></item>
				<item id="summary"><![CDATA[]]></item>
				<item id="uid"><![CDATA[1]]></item>
				<item id="username"><![CDATA[admin]]></item>
				<item id="styleid"><![CDATA[0]]></item>
				<item id="blockstyle">
					<item id="name"><![CDATA[]]></item>
					<item id="blockclass"><![CDATA[forum_thread]]></item>
					<item id="makethumb"><![CDATA[1]]></item>
					<item id="getpic"><![CDATA[1]]></item>
					<item id="getsummary"><![CDATA[0]]></item>
					<item id="settarget"><![CDATA[1]]></item>
					<item id="moreurl"><![CDATA[0]]></item>
					<item id="fields">
						<item id="0"><![CDATA[url]]></item>
						<item id="1"><![CDATA[pic]]></item>
						<item id="2"><![CDATA[title]]></item>
					</item>
					<item id="template">
						<item id="raw"><![CDATA[ 			<!--轮播开始-->
   <div id="carouselList" style="height: 300px; margin-bottom: 16px;" class="y-box carouselBox">
    <div class="carouselList z">
    <ul class="carousel-list">
    [loop1] <li style="opacity: 1;" class="carousel-item "><a href="{url}"{target}><img src="{pic}" width="{picwidth}" height="{picheight}" /></a> <p class="titles">{title}</p> </li>
[/loop1]     </ul></div> 
    <div id="carouselTab" class="carouselTab y">
    <ul class="tab-list"> 
   [index=1] <li class="tab-item "> 要闻</li>[/index]
   [index=2] <li class="tab-item "> 社会</li>[/index]
   [index=3] <li class="tab-item "> 娱乐</li>[/index]
   [index=4] <li class="tab-item "> 体育</li>[/index]
   [index=5] <li class="tab-item "> 军事 </li>[/index]
   [index=6] <li class="tab-item "> 明星 </li>[/index]
    </ul></div></div>
    
	<script type="text/javascript">jQuery("#carouselList").slide({ titCell:".tab-list li", mainCell:".carousel-list",effect:"fold",autoPlay:true,delayTime:1000,interTime:5000 });</script>
]]></item>
						<item id="footer"><![CDATA[]]></item>
						<item id="header"><![CDATA[]]></item>
						<item id="indexplus">
						</item>
						<item id="index">
							<item id="1"><![CDATA[<li class="tab-item "> 要闻</li>]]></item>
							<item id="2"><![CDATA[<li class="tab-item "> 社会</li>]]></item>
							<item id="3"><![CDATA[<li class="tab-item "> 娱乐</li>]]></item>
							<item id="4"><![CDATA[<li class="tab-item "> 体育</li>]]></item>
							<item id="5"><![CDATA[<li class="tab-item "> 军事 </li>]]></item>
							<item id="6"><![CDATA[<li class="tab-item "> 明星 </li>]]></item>
						</item>
						<item id="orderplus">
						</item>
						<item id="order">
						</item>
						<item id="loopplus">
							<item id="1"><![CDATA[<li style="opacity: 1;" class="carousel-item "><a href="{url}"{target}><img src="{pic}" width="{picwidth}" height="{picheight}" /></a> <p class="titles">{title}</p> </li>]]></item>
						</item>
						<item id="loop">
						</item>
					</item>
					<item id="hash"><![CDATA[deca2b25]]></item>
				</item>
				<item id="picwidth"><![CDATA[0]]></item>
				<item id="picheight"><![CDATA[0]]></item>
				<item id="target"><![CDATA[blank]]></item>
				<item id="dateformat"><![CDATA[Y-m-d]]></item>
				<item id="dateuformat"><![CDATA[0]]></item>
				<item id="script"><![CDATA[thread]]></item>
				<item id="param">
					<item id="tids"><![CDATA[]]></item>
					<item id="uids"><![CDATA[]]></item>
					<item id="keyword"><![CDATA[]]></item>
					<item id="tagkeyword"><![CDATA[]]></item>
					<item id="typeids"><![CDATA[]]></item>
					<item id="recommend"><![CDATA[0]]></item>
					<item id="viewmod"><![CDATA[0]]></item>
					<item id="rewardstatus"><![CDATA[0]]></item>
					<item id="picrequired"><![CDATA[1]]></item>
					<item id="orderby"><![CDATA[lastpost]]></item>
					<item id="postdateline"><![CDATA[0]]></item>
					<item id="lastpost"><![CDATA[0]]></item>
					<item id="highlight"><![CDATA[0]]></item>
					<item id="titlelength"><![CDATA[40]]></item>
					<item id="summarylength"><![CDATA[80]]></item>
					<item id="startrow"><![CDATA[0]]></item>
					<item id="items"><![CDATA[6]]></item>
					<item id="bannedids"><![CDATA[26,6]]></item>
				</item>
				<item id="shownum"><![CDATA[6]]></item>
				<item id="cachetime"><![CDATA[3600]]></item>
				<item id="cachetimerange"><![CDATA[]]></item>
				<item id="punctualupdate"><![CDATA[0]]></item>
				<item id="hidedisplay"><![CDATA[0]]></item>
				<item id="dateline"><![CDATA[1498109284]]></item>
				<item id="notinherited"><![CDATA[0]]></item>
				<item id="isblank"><![CDATA[0]]></item>
			</item>
			<item id="313">
				<item id="bid"><![CDATA[313]]></item>
				<item id="blockclass"><![CDATA[portal_article]]></item>
				<item id="blocktype"><![CDATA[0]]></item>
				<item id="name"><![CDATA[头条24小时热文]]></item>
				<item id="title"><![CDATA[]]></item>
				<item id="classname"><![CDATA[cl_block_bm]]></item>
				<item id="summary"><![CDATA[]]></item>
				<item id="uid"><![CDATA[1]]></item>
				<item id="username"><![CDATA[admin]]></item>
				<item id="styleid"><![CDATA[0]]></item>
				<item id="blockstyle">
					<item id="name"><![CDATA[]]></item>
					<item id="blockclass"><![CDATA[portal_article]]></item>
					<item id="makethumb"><![CDATA[1]]></item>
					<item id="getpic"><![CDATA[1]]></item>
					<item id="getsummary"><![CDATA[0]]></item>
					<item id="settarget"><![CDATA[1]]></item>
					<item id="moreurl"><![CDATA[0]]></item>
					<item id="fields">
						<item id="0"><![CDATA[url]]></item>
						<item id="1"><![CDATA[pic]]></item>
						<item id="2"><![CDATA[title]]></item>
					</item>
					<item id="template">
						<item id="raw"><![CDATA[      <div style="height: 366px; overflow:hidden;">
          <div class="hotNews module">
          <div class="module-head news-head"> 24小时热闻 </div> 
          <ul class="news-content"> 
          [loop]<li class="news-list"><a href="{url}"{target} class="news-link"> <div class="module-pic news-pic"><img src="{pic}" width="{picwidth}" height="{picheight}" /></div> <div class="news-inner"> <p class="module-title">{title}</p> </div> </a> </li>[/loop]

        </div>
      </div>
]]></item>
						<item id="footer"><![CDATA[]]></item>
						<item id="header"><![CDATA[]]></item>
						<item id="indexplus"><![CDATA[
						]]></item>
						<item id="index"><![CDATA[
						]]></item>
						<item id="orderplus"><![CDATA[
						]]></item>
						<item id="order"><![CDATA[
						]]></item>
						<item id="loopplus"><![CDATA[
						]]></item>
						<item id="loop"><![CDATA[<li class="news-list"><a href="{url}"{target} class="news-link"> <div class="module-pic news-pic"><img src="{pic}" width="{picwidth}" height="{picheight}" /></div> <div class="news-inner"> <p class="module-title">{title}</p> </div> </a> </li>]]></item>
					</item>
					<item id="hash"><![CDATA[23bc79aa]]></item>
				</item>
				<item id="picwidth"><![CDATA[63]]></item>
				<item id="picheight"><![CDATA[63]]></item>
				<item id="target"><![CDATA[blank]]></item>
				<item id="dateformat"><![CDATA[Y-m-d]]></item>
				<item id="dateuformat"><![CDATA[0]]></item>
				<item id="script"><![CDATA[article]]></item>
				<item id="param">
					<item id="tids"><![CDATA[]]></item>
					<item id="uids"><![CDATA[]]></item>
					<item id="keyword"><![CDATA[]]></item>
					<item id="tagkeyword"><![CDATA[]]></item>
					<item id="typeids"><![CDATA[]]></item>
					<item id="recommend"><![CDATA[0]]></item>
					<item id="viewmod"><![CDATA[0]]></item>
					<item id="rewardstatus"><![CDATA[0]]></item>
					<item id="picrequired"><![CDATA[1]]></item>
					<item id="orderby"><![CDATA[lastpost]]></item>
					<item id="postdateline"><![CDATA[0]]></item>
					<item id="lastpost"><![CDATA[0]]></item>
					<item id="highlight"><![CDATA[0]]></item>
					<item id="titlelength"><![CDATA[40]]></item>
					<item id="summarylength"><![CDATA[80]]></item>
					<item id="startrow"><![CDATA[0]]></item>
					<item id="items"><![CDATA[4]]></item>
				</item>
				<item id="shownum"><![CDATA[4]]></item>
				<item id="cachetime"><![CDATA[3600]]></item>
				<item id="cachetimerange"><![CDATA[]]></item>
				<item id="punctualupdate"><![CDATA[0]]></item>
				<item id="hidedisplay"><![CDATA[0]]></item>
				<item id="dateline"><![CDATA[1498109821]]></item>
				<item id="notinherited"><![CDATA[0]]></item>
				<item id="isblank"><![CDATA[0]]></item>
			</item>
			<item id="314">
				<item id="bid"><![CDATA[314]]></item>
				<item id="blockclass"><![CDATA[forum_thread]]></item>
				<item id="blocktype"><![CDATA[0]]></item>
				<item id="name"><![CDATA[社区热图]]></item>
				<item id="title"><![CDATA[]]></item>
				<item id="classname"><![CDATA[cl_block_bm]]></item>
				<item id="summary"><![CDATA[]]></item>
				<item id="uid"><![CDATA[1]]></item>
				<item id="username"><![CDATA[admin]]></item>
				<item id="styleid"><![CDATA[0]]></item>
				<item id="blockstyle">
					<item id="name"><![CDATA[]]></item>
					<item id="blockclass"><![CDATA[forum_thread]]></item>
					<item id="makethumb"><![CDATA[1]]></item>
					<item id="getpic"><![CDATA[1]]></item>
					<item id="getsummary"><![CDATA[0]]></item>
					<item id="settarget"><![CDATA[1]]></item>
					<item id="moreurl"><![CDATA[0]]></item>
					<item id="fields">
						<item id="0"><![CDATA[url]]></item>
						<item id="1"><![CDATA[pic]]></item>
						<item id="2"><![CDATA[title]]></item>
						<item id="3"><![CDATA[views]]></item>
						<item id="4"><![CDATA[replies]]></item>
					</item>
					<item id="template">
						<item id="raw"><![CDATA[      <div class="whotxlmmbbs module">
      <div class="module-head xlmmbbs-head"> <a href="./" target="_blank">社区热图</a> </div> 
      <ul class="xlmmbbs-list"> 
       [loop]<li class="xlmmbbs-item"><a href="{url}"{target}> <dl> <dt class="module-pic"><img src="{pic}" width="{picwidth}" height="{picheight}" /></dt> <dd> <div class="cell"> <h4>{title}</h4> <p> <span>{views}次查看&nbsp;</span> <span>&nbsp;{replies}评论</span> </p> 
      </div> </dd> </dl> </a> </li>[/loop]
      </ul></div>
]]></item>
						<item id="footer"><![CDATA[]]></item>
						<item id="header"><![CDATA[]]></item>
						<item id="indexplus"><![CDATA[
						]]></item>
						<item id="index"><![CDATA[
						]]></item>
						<item id="orderplus"><![CDATA[
						]]></item>
						<item id="order"><![CDATA[
						]]></item>
						<item id="loopplus"><![CDATA[
						]]></item>
						<item id="loop"><![CDATA[<li class="xlmmbbs-item"><a href="{url}"{target}> <dl> <dt class="module-pic"><img src="{pic}" width="{picwidth}" height="{picheight}" /></dt> <dd> <div class="cell"> <h4>{title}</h4> <p> <span>{views}次查看&nbsp;</span> <span>&nbsp;{replies}评论</span> </p> 
      </div> </dd> </dl> </a> </li>]]></item>
					</item>
					<item id="hash"><![CDATA[3a163bcf]]></item>
				</item>
				<item id="picwidth"><![CDATA[124]]></item>
				<item id="picheight"><![CDATA[71]]></item>
				<item id="target"><![CDATA[blank]]></item>
				<item id="dateformat"><![CDATA[Y-m-d]]></item>
				<item id="dateuformat"><![CDATA[0]]></item>
				<item id="script"><![CDATA[thread]]></item>
				<item id="param">
					<item id="tids"><![CDATA[]]></item>
					<item id="uids"><![CDATA[]]></item>
					<item id="keyword"><![CDATA[]]></item>
					<item id="tagkeyword"><![CDATA[]]></item>
					<item id="typeids"><![CDATA[]]></item>
					<item id="recommend"><![CDATA[0]]></item>
					<item id="viewmod"><![CDATA[0]]></item>
					<item id="rewardstatus"><![CDATA[0]]></item>
					<item id="picrequired"><![CDATA[1]]></item>
					<item id="orderby"><![CDATA[lastpost]]></item>
					<item id="postdateline"><![CDATA[0]]></item>
					<item id="lastpost"><![CDATA[0]]></item>
					<item id="highlight"><![CDATA[0]]></item>
					<item id="titlelength"><![CDATA[40]]></item>
					<item id="summarylength"><![CDATA[80]]></item>
					<item id="startrow"><![CDATA[0]]></item>
					<item id="items"><![CDATA[3]]></item>
					<item id="bannedids"><![CDATA[30]]></item>
				</item>
				<item id="shownum"><![CDATA[3]]></item>
				<item id="cachetime"><![CDATA[3600]]></item>
				<item id="cachetimerange"><![CDATA[]]></item>
				<item id="punctualupdate"><![CDATA[0]]></item>
				<item id="hidedisplay"><![CDATA[0]]></item>
				<item id="dateline"><![CDATA[1498108815]]></item>
				<item id="notinherited"><![CDATA[0]]></item>
				<item id="isblank"><![CDATA[0]]></item>
			</item>
			<item id="315">
				<item id="bid"><![CDATA[315]]></item>
				<item id="blockclass"><![CDATA[forum_thread]]></item>
				<item id="blocktype"><![CDATA[0]]></item>
				<item id="name"><![CDATA[精彩图片]]></item>
				<item id="title"><![CDATA[]]></item>
				<item id="classname"><![CDATA[cl_block_bm]]></item>
				<item id="summary"><![CDATA[]]></item>
				<item id="uid"><![CDATA[1]]></item>
				<item id="username"><![CDATA[admin]]></item>
				<item id="styleid"><![CDATA[0]]></item>
				<item id="blockstyle">
					<item id="name"><![CDATA[]]></item>
					<item id="blockclass"><![CDATA[forum_thread]]></item>
					<item id="makethumb"><![CDATA[1]]></item>
					<item id="getpic"><![CDATA[1]]></item>
					<item id="getsummary"><![CDATA[0]]></item>
					<item id="settarget"><![CDATA[1]]></item>
					<item id="moreurl"><![CDATA[0]]></item>
					<item id="fields">
						<item id="0"><![CDATA[url]]></item>
						<item id="1"><![CDATA[pic]]></item>
						<item id="2"><![CDATA[title]]></item>
					</item>
					<item id="template">
						<item id="raw"><![CDATA[      <div class="whotpicture module">
      <div class="module-head picture-head"> <a href="./" target="_blank">精彩图片</a> </div> 
      <ul class="y-box picture-list"> 
      [loop]<li class="y-left picture-item"><a href="{url}"{target}><div class="module-pic picture-img"><img src="{pic}" width="{picwidth}" height="{picheight}" /></div> <p>{title}</p> </a> </li>[/loop]
      </ul></div>
]]></item>
						<item id="footer"><![CDATA[]]></item>
						<item id="header"><![CDATA[]]></item>
						<item id="indexplus"><![CDATA[
						]]></item>
						<item id="index"><![CDATA[
						]]></item>
						<item id="orderplus"><![CDATA[
						]]></item>
						<item id="order"><![CDATA[
						]]></item>
						<item id="loopplus"><![CDATA[
						]]></item>
						<item id="loop"><![CDATA[<li class="y-left picture-item"><a href="{url}"{target}><div class="module-pic picture-img"><img src="{pic}" width="{picwidth}" height="{picheight}" /></div> <p>{title}</p> </a> </li>]]></item>
					</item>
					<item id="hash"><![CDATA[f889d60f]]></item>
				</item>
				<item id="picwidth"><![CDATA[151]]></item>
				<item id="picheight"><![CDATA[88]]></item>
				<item id="target"><![CDATA[blank]]></item>
				<item id="dateformat"><![CDATA[Y-m-d]]></item>
				<item id="dateuformat"><![CDATA[0]]></item>
				<item id="script"><![CDATA[thread]]></item>
				<item id="param">
					<item id="tids"><![CDATA[]]></item>
					<item id="uids"><![CDATA[]]></item>
					<item id="keyword"><![CDATA[]]></item>
					<item id="tagkeyword"><![CDATA[]]></item>
					<item id="typeids"><![CDATA[]]></item>
					<item id="recommend"><![CDATA[0]]></item>
					<item id="viewmod"><![CDATA[0]]></item>
					<item id="rewardstatus"><![CDATA[0]]></item>
					<item id="picrequired"><![CDATA[1]]></item>
					<item id="orderby"><![CDATA[lastpost]]></item>
					<item id="postdateline"><![CDATA[0]]></item>
					<item id="lastpost"><![CDATA[0]]></item>
					<item id="highlight"><![CDATA[0]]></item>
					<item id="titlelength"><![CDATA[40]]></item>
					<item id="summarylength"><![CDATA[80]]></item>
					<item id="startrow"><![CDATA[0]]></item>
					<item id="items"><![CDATA[6]]></item>
				</item>
				<item id="shownum"><![CDATA[6]]></item>
				<item id="cachetime"><![CDATA[3600]]></item>
				<item id="cachetimerange"><![CDATA[]]></item>
				<item id="punctualupdate"><![CDATA[0]]></item>
				<item id="hidedisplay"><![CDATA[0]]></item>
				<item id="dateline"><![CDATA[1498109268]]></item>
				<item id="notinherited"><![CDATA[0]]></item>
				<item id="isblank"><![CDATA[0]]></item>
			</item>
			<item id="316">
				<item id="bid"><![CDATA[316]]></item>
				<item id="blockclass"><![CDATA[other_otherfriendlink]]></item>
				<item id="blocktype"><![CDATA[0]]></item>
				<item id="name"><![CDATA[头条友情链接]]></item>
				<item id="title"><![CDATA[]]></item>
				<item id="classname"><![CDATA[cl_block_bm]]></item>
				<item id="summary"><![CDATA[]]></item>
				<item id="uid"><![CDATA[1]]></item>
				<item id="username"><![CDATA[admin]]></item>
				<item id="styleid"><![CDATA[0]]></item>
				<item id="blockstyle">
					<item id="name"><![CDATA[]]></item>
					<item id="blockclass"><![CDATA[other_otherfriendlink]]></item>
					<item id="makethumb"><![CDATA[0]]></item>
					<item id="getpic"><![CDATA[0]]></item>
					<item id="getsummary"><![CDATA[0]]></item>
					<item id="settarget"><![CDATA[1]]></item>
					<item id="moreurl"><![CDATA[0]]></item>
					<item id="fields">
						<item id="0"><![CDATA[url]]></item>
						<item id="1"><![CDATA[title]]></item>
					</item>
					<item id="template">
						<item id="raw"><![CDATA[      <div class="friendLink module">
<div class="module-head link-head">友情链接</div>
<div class="link-content">
<ul>
	[loop]<li class="item"><a href="{url}"{target}>{title}</a></li>
[/loop]</ul>
</div>
</div>
]]></item>
						<item id="footer"><![CDATA[]]></item>
						<item id="header"><![CDATA[]]></item>
						<item id="indexplus"><![CDATA[
						]]></item>
						<item id="index"><![CDATA[
						]]></item>
						<item id="orderplus"><![CDATA[
						]]></item>
						<item id="order"><![CDATA[
						]]></item>
						<item id="loopplus"><![CDATA[
						]]></item>
						<item id="loop"><![CDATA[<li class="item"><a href="{url}"{target}>{title}</a></li>]]></item>
					</item>
					<item id="hash"><![CDATA[c5033e5f]]></item>
				</item>
				<item id="picwidth"><![CDATA[200]]></item>
				<item id="picheight"><![CDATA[200]]></item>
				<item id="target"><![CDATA[blank]]></item>
				<item id="dateformat"><![CDATA[Y-m-d]]></item>
				<item id="dateuformat"><![CDATA[0]]></item>
				<item id="script"><![CDATA[otherfriendlink]]></item>
				<item id="param">
					<item id="type">
						<item id="0"><![CDATA[1]]></item>
						<item id="1"><![CDATA[2]]></item>
						<item id="2"><![CDATA[3]]></item>
						<item id="3"><![CDATA[4]]></item>
					</item>
					<item id="titlelength"><![CDATA[40]]></item>
					<item id="summarylength"><![CDATA[80]]></item>
					<item id="items"><![CDATA[10]]></item>
				</item>
				<item id="shownum"><![CDATA[10]]></item>
				<item id="cachetime"><![CDATA[3600]]></item>
				<item id="cachetimerange"><![CDATA[]]></item>
				<item id="punctualupdate"><![CDATA[0]]></item>
				<item id="hidedisplay"><![CDATA[0]]></item>
				<item id="dateline"><![CDATA[1498109278]]></item>
				<item id="notinherited"><![CDATA[0]]></item>
				<item id="isblank"><![CDATA[0]]></item>
			</item>
			<item id="317">
				<item id="bid"><![CDATA[317]]></item>
				<item id="blockclass"><![CDATA[html_html]]></item>
				<item id="blocktype"><![CDATA[0]]></item>
				<item id="name"><![CDATA[头条左侧导航]]></item>
				<item id="title"><![CDATA[]]></item>
				<item id="classname"><![CDATA[cl_block_bm]]></item>
				<item id="summary"><![CDATA[<div class="wchannel " id="fthread"> 
    <a class="logo" href="news"> <img src="template/xlmm_zx/portal/list/logo.png"> </a> 
    <ul> 
    <li> <a class="wchannel-item active" href="news"> <span>全部</span> </a> </li>
 <li> <a class="wchannel-item" href="portal.php?mod=list&catid=3"> <span>军事</span> </a> </li>
    <li> <a class="wchannel-item " href="portal.php?mod=list&catid=17"> <span>视频</span> </a> </li>
    <li> <a class="wchannel-item " href="portal.php?mod=list&catid=9"> <span>图片</span> </a> </li>
    <li> <a class="wchannel-item " href="portal.php?mod=list&catid=10"> <span>段子</span> </a> </li>
    <li> <a class="wchannel-item " href="portal.php?mod=list&catid=2"> <span>社会</span> </a> </li>
    <li> <a class="wchannel-item " href="portal.php?mod=list&catid=4"> <span>娱乐</span> </a> </li>
    <li> <a class="wchannel-item " href="portal.php?mod=list&catid=11"> <span>科技</span> </a> </li>
    <li> <a class="wchannel-item " href="portal.php?mod=list&catid=12"> <span>体育</span> </a> </li>
    <li> <a class="wchannel-item " href="portal.php?mod=list&catid=7"> <span>汽车</span> </a> </li>
    <li> <a class="wchannel-item " href="portal.php?mod=list&catid=13"> <span>财经</span> </a> </li>
    <li> <a class="wchannel-item " href="portal.php?mod=list&catid=14"> <span>搞笑</span> </a> </li>
    <li class="wchannel-more" id="p-more"  onmouseover="showMenu({'ctrlid':this.id,'ctrlclass':'active','pos':'34!'})"> <a href="javascript:;" class="wchannel-item"> <span>更多</span> </a></li> 
 </ul> 
 
 </div>
     <!-- 左侧弹出菜单 -->
   <div id="p-more_menu" class="wchannel" style="display:none"> 
       <div class="wchannel-more-layer"> 
<ul>
    <li> <a class="y-left wchannel-item " href="portal.php?mod=list&catid=15"> <span>热点</span> </a> </li>
 <li> <a class="y-left wchannel-item" href="portal.php?mod=list&catid=18"> <span>国际</span> </a> </li>
 <li> <a class="y-left wchannel-item" href="portal.php?mod=list&catid=19"> <span>时尚</span> </a> </li>
 <li> <a class="y-left wchannel-item" href="portal.php?mod=list&catid=5"> <span>旅游</span> </a> </li>
 <li> <a class="y-left wchannel-item" href="portal.php?mod=list&catid=21"> <span>探索</span> </a> </li>
 <li> <a class="y-left wchannel-item" href="portal.php?mod=list&catid=22"> <span>亲子</span> </a> </li>
 <li> <a class="y-left wchannel-item" href="portal.php?mod=list&catid=23"> <span>养生</span> </a> </li>
 <li> <a class="y-left wchannel-item" href="portal.php?mod=list&catid=24"> <span>故事</span> </a> </li>
 <li> <a class="y-left wchannel-item" href="portal.php?mod=list&catid=25"> <span>美文</span> </a> </li>
 <li> <a class="y-left wchannel-item" href="portal.php?mod=list&catid=6"> <span>游戏</span> </a> </li>
 <li> <a class="y-left wchannel-item" href="portal.php?mod=list&catid=27"> <span>历史</span> </a> </li>
 <li> <a class="y-left wchannel-item" href="portal.php?mod=list&catid=28"> <span>美食</span> </a> </li>
 </ul> </div> </div>]]></item>
				<item id="uid"><![CDATA[1]]></item>
				<item id="username"><![CDATA[admin]]></item>
				<item id="styleid"><![CDATA[0]]></item>
				<item id="blockstyle"><![CDATA[]]></item>
				<item id="picwidth"><![CDATA[0]]></item>
				<item id="picheight"><![CDATA[0]]></item>
				<item id="target"><![CDATA[blank]]></item>
				<item id="dateformat"><![CDATA[Y-m-d]]></item>
				<item id="dateuformat"><![CDATA[0]]></item>
				<item id="script"><![CDATA[blank]]></item>
				<item id="param">
					<item id="content"><![CDATA[    <div class=\"wchannel \" id=\"fthread\"> 
    <a class=\"logo\" href=\"news\"> <img src=\"template/xlmm_zx/portal/list/logo.png\"> </a> 
    <ul> 
    <li> <a class=\"wchannel-item active\" href=\"news\"> <span>全部</span> </a> </li>
 <li> <a class=\"wchannel-item\" href=\"portal.php?mod=list&catid=3\"> <span>军事</span> </a> </li>
    <li> <a class=\"wchannel-item \" href=\"portal.php?mod=list&catid=17\"> <span>视频</span> </a> </li>
    <li> <a class=\"wchannel-item \" href=\"portal.php?mod=list&catid=9\"> <span>图片</span> </a> </li>
    <li> <a class=\"wchannel-item \" href=\"portal.php?mod=list&catid=10\"> <span>段子</span> </a> </li>
    <li> <a class=\"wchannel-item \" href=\"portal.php?mod=list&catid=2\"> <span>社会</span> </a> </li>
    <li> <a class=\"wchannel-item \" href=\"portal.php?mod=list&catid=4\"> <span>娱乐</span> </a> </li>
    <li> <a class=\"wchannel-item \" href=\"portal.php?mod=list&catid=11\"> <span>科技</span> </a> </li>
    <li> <a class=\"wchannel-item \" href=\"portal.php?mod=list&catid=12\"> <span>体育</span> </a> </li>
    <li> <a class=\"wchannel-item \" href=\"portal.php?mod=list&catid=7\"> <span>汽车</span> </a> </li>
    <li> <a class=\"wchannel-item \" href=\"portal.php?mod=list&catid=13\"> <span>财经</span> </a> </li>
    <li> <a class=\"wchannel-item \" href=\"portal.php?mod=list&catid=14\"> <span>搞笑</span> </a> </li>
    <li class=\"wchannel-more\" id=\"p-more\"  onmouseover=\"showMenu({\'ctrlid\':this.id,\'ctrlclass\':\'active\',\'pos\':\'34!\'})\"> <a href=\"javascript:;\" class=\"wchannel-item\"> <span>更多</span> </a></li> 
 </ul> 
 
 </div>
     <!-- 左侧弹出菜单 -->
   <div id=\"p-more_menu\" class=\"wchannel\" style=\"display:none\"> 
       <div class=\"wchannel-more-layer\"> 
<ul>
    <li> <a class=\"y-left wchannel-item \" href=\"portal.php?mod=list&catid=15\"> <span>热点</span> </a> </li>
 <li> <a class=\"y-left wchannel-item\" href=\"portal.php?mod=list&catid=18\"> <span>国际</span> </a> </li>
 <li> <a class=\"y-left wchannel-item\" href=\"portal.php?mod=list&catid=19\"> <span>时尚</span> </a> </li>
 <li> <a class=\"y-left wchannel-item\" href=\"portal.php?mod=list&catid=5\"> <span>旅游</span> </a> </li>
 <li> <a class=\"y-left wchannel-item\" href=\"portal.php?mod=list&catid=21\"> <span>探索</span> </a> </li>
 <li> <a class=\"y-left wchannel-item\" href=\"portal.php?mod=list&catid=22\"> <span>亲子</span> </a> </li>
 <li> <a class=\"y-left wchannel-item\" href=\"portal.php?mod=list&catid=23\"> <span>养生</span> </a> </li>
 <li> <a class=\"y-left wchannel-item\" href=\"portal.php?mod=list&catid=24\"> <span>故事</span> </a> </li>
 <li> <a class=\"y-left wchannel-item\" href=\"portal.php?mod=list&catid=25\"> <span>美文</span> </a> </li>
 <li> <a class=\"y-left wchannel-item\" href=\"portal.php?mod=list&catid=6\"> <span>游戏</span> </a> </li>
 <li> <a class=\"y-left wchannel-item\" href=\"portal.php?mod=list&catid=27\"> <span>历史</span> </a> </li>
 <li> <a class=\"y-left wchannel-item\" href=\"portal.php?mod=list&catid=28\"> <span>美食</span> </a> </li>
 </ul> </div> </div> 
]]></item>
					<item id="items"><![CDATA[10]]></item>
				</item>
				<item id="shownum"><![CDATA[10]]></item>
				<item id="cachetime"><![CDATA[0]]></item>
				<item id="cachetimerange"><![CDATA[0,0]]></item>
				<item id="punctualupdate"><![CDATA[0]]></item>
				<item id="hidedisplay"><![CDATA[0]]></item>
				<item id="dateline"><![CDATA[1498110895]]></item>
				<item id="notinherited"><![CDATA[0]]></item>
				<item id="isblank"><![CDATA[0]]></item>
			</item>
			<item id="318">
				<item id="bid"><![CDATA[318]]></item>
				<item id="blockclass"><![CDATA[html_html]]></item>
				<item id="blocktype"><![CDATA[0]]></item>
				<item id="name"><![CDATA[二维码]]></item>
				<item id="title"><![CDATA[]]></item>
				<item id="classname"><![CDATA[cl_block_bm]]></item>
				<item id="summary"><![CDATA[<div id="fixed">
<div class="hotPicture module hides">
<div class="module-head pic-head"><a href="#" target="_blank">官方微信</a></div> 
<ul> 
<li class="hot-item" style="text-align:center; padding-bottom:16px;"> <a href="{url}"{target} class="hot-link"><div class="module-pic pic-big" style="height:280px;"><img src="template/xlmm_zx/image/sjb.png"  style="height:260px; width:300px; margin-top:16px;" /></div><p style="width: 340px;font-size: 16px;margin-top: 10px;line-height: 22px;">拿出手机扫一扫</p> </a> </li>
 </ul></div>
    </div>]]></item>
				<item id="uid"><![CDATA[1]]></item>
				<item id="username"><![CDATA[admin]]></item>
				<item id="styleid"><![CDATA[0]]></item>
				<item id="blockstyle"><![CDATA[]]></item>
				<item id="picwidth"><![CDATA[0]]></item>
				<item id="picheight"><![CDATA[0]]></item>
				<item id="target"><![CDATA[blank]]></item>
				<item id="dateformat"><![CDATA[Y-m-d]]></item>
				<item id="dateuformat"><![CDATA[0]]></item>
				<item id="script"><![CDATA[blank]]></item>
				<item id="param">
					<item id="content"><![CDATA[<div id=\"fixed\">
<div class=\"hotPicture module hides\">
<div class=\"module-head pic-head\"><a href=\"#\" target=\"_blank\">官方微信</a></div> 
<ul> 
<li class=\"hot-item\" style=\"text-align:center; padding-bottom:16px;\"> <a href=\"{url}\"{target} class=\"hot-link\"><div class=\"module-pic pic-big\" style=\"height:280px;\"><img src=\"template/xlmm_zx/image/sjb.png\"  style=\"height:260px; width:300px; margin-top:16px;\" /></div><p style=\"width: 340px;font-size: 16px;margin-top: 10px;line-height: 22px;\">拿出手机扫一扫</p> </a> </li>
 </ul></div>
    </div>
]]></item>
					<item id="items"><![CDATA[10]]></item>
				</item>
				<item id="shownum"><![CDATA[10]]></item>
				<item id="cachetime"><![CDATA[0]]></item>
				<item id="cachetimerange"><![CDATA[0,0]]></item>
				<item id="punctualupdate"><![CDATA[0]]></item>
				<item id="hidedisplay"><![CDATA[0]]></item>
				<item id="dateline"><![CDATA[1489633290]]></item>
				<item id="notinherited"><![CDATA[0]]></item>
				<item id="isblank"><![CDATA[0]]></item>
			</item>
			<item id="319">
				<item id="bid"><![CDATA[319]]></item>
				<item id="blockclass"><![CDATA[forum_thread]]></item>
				<item id="blocktype"><![CDATA[0]]></item>
				<item id="name"><![CDATA[门户头条列表推荐]]></item>
				<item id="title"><![CDATA[]]></item>
				<item id="classname"><![CDATA[cl_block_bm]]></item>
				<item id="summary"><![CDATA[]]></item>
				<item id="uid"><![CDATA[1]]></item>
				<item id="username"><![CDATA[admin]]></item>
				<item id="styleid"><![CDATA[0]]></item>
				<item id="blockstyle">
					<item id="name"><![CDATA[]]></item>
					<item id="blockclass"><![CDATA[forum_thread]]></item>
					<item id="makethumb"><![CDATA[1]]></item>
					<item id="getpic"><![CDATA[1]]></item>
					<item id="getsummary"><![CDATA[0]]></item>
					<item id="settarget"><![CDATA[1]]></item>
					<item id="moreurl"><![CDATA[0]]></item>
					<item id="fields">
						<item id="0"><![CDATA[url]]></item>
						<item id="1"><![CDATA[title]]></item>
						<item id="2"><![CDATA[authorid]]></item>
						<item id="3"><![CDATA[avatar_middle]]></item>
						<item id="4"><![CDATA[author]]></item>
						<item id="5"><![CDATA[replies]]></item>
						<item id="6"><![CDATA[dateline]]></item>
						<item id="7"><![CDATA[pic]]></item>
					</item>
					<item id="template">
						<item id="raw"><![CDATA[ <div class="msgAlert msgAlert-hidden">为您推荐</div>
   
    <div class="feedBox">
     <div class="wcommonFeed">
						<ul class="">
   [loop]  <li class="item"><div class="item-inner y-box"> <div class="normal rbox "> <div class="rbox-inner"> <div class="title-box"><a href="{url}"{target} class="link">{title}</a> 
</div>  <div class="y-box footer"> <div class="y-left"><div class="y-left"> <a href="home.php?mod=space&uid=	{authorid}" class="lbtn media-avatar" target="_blank"><img src="{avatar_middle}" /></a> <a href="home.php?mod=space&uid=	{authorid}" class="lbtn source" target="_blank">&nbsp;{author}&nbsp;</a><a  href="{url}"{target} class="lbtn comment">&nbsp;	{replies}评论&nbsp;</a></div> <span class="lbtn">&nbsp;{dateline}</span>    
  
   </div> <div class="y-right">	
</div> </div> </div> </div> <div class="lbox" ga_event="article_img_click"><a href="{url}"{target} class="img-wrap"><img src="{pic}" width="{picwidth}" height="{picheight}" alt="{title}"></a> </div> </div>  </li> [/loop]   
</ul>
</div>
</div>
<a class="list-refresh-msg" href="portal.php#"> 最新文章都在这里 &#160;点击刷新 </a>
]]></item>
						<item id="footer"><![CDATA[]]></item>
						<item id="header"><![CDATA[]]></item>
						<item id="indexplus"><![CDATA[
						]]></item>
						<item id="index"><![CDATA[
						]]></item>
						<item id="orderplus"><![CDATA[
						]]></item>
						<item id="order"><![CDATA[
						]]></item>
						<item id="loopplus"><![CDATA[
						]]></item>
						<item id="loop"><![CDATA[<li class="item"><div class="item-inner y-box"> <div class="normal rbox "> <div class="rbox-inner"> <div class="title-box"><a href="{url}"{target} class="link">{title}</a> 
</div>  <div class="y-box footer"> <div class="y-left"><div class="y-left"> <a href="home.php?mod=space&uid=	{authorid}" class="lbtn media-avatar" target="_blank"><img src="{avatar_middle}" /></a> <a href="home.php?mod=space&uid=	{authorid}" class="lbtn source" target="_blank">&nbsp;{author}&nbsp;</a><a  href="{url}"{target} class="lbtn comment">&nbsp;	{replies}评论&nbsp;</a></div> <span class="lbtn">&nbsp;{dateline}</span>    
  
   </div> <div class="y-right">	
</div> </div> </div> </div> <div class="lbox" ga_event="article_img_click"><a href="{url}"{target} class="img-wrap"><img src="{pic}" width="{picwidth}" height="{picheight}" alt="{title}"></a> </div> </div>  </li>]]></item>
					</item>
					<item id="hash"><![CDATA[a62f45b3]]></item>
				</item>
				<item id="picwidth"><![CDATA[200]]></item>
				<item id="picheight"><![CDATA[200]]></item>
				<item id="target"><![CDATA[blank]]></item>
				<item id="dateformat"><![CDATA[Y-m-d]]></item>
				<item id="dateuformat"><![CDATA[0]]></item>
				<item id="script"><![CDATA[thread]]></item>
				<item id="param">
					<item id="tids"><![CDATA[]]></item>
					<item id="uids"><![CDATA[]]></item>
					<item id="keyword"><![CDATA[]]></item>
					<item id="tagkeyword"><![CDATA[]]></item>
					<item id="typeids"><![CDATA[]]></item>
					<item id="recommend"><![CDATA[0]]></item>
					<item id="viewmod"><![CDATA[0]]></item>
					<item id="rewardstatus"><![CDATA[0]]></item>
					<item id="picrequired"><![CDATA[1]]></item>
					<item id="orderby"><![CDATA[lastpost]]></item>
					<item id="postdateline"><![CDATA[0]]></item>
					<item id="lastpost"><![CDATA[0]]></item>
					<item id="highlight"><![CDATA[0]]></item>
					<item id="titlelength"><![CDATA[60]]></item>
					<item id="summarylength"><![CDATA[80]]></item>
					<item id="startrow"><![CDATA[0]]></item>
					<item id="items"><![CDATA[10]]></item>
				</item>
				<item id="shownum"><![CDATA[10]]></item>
				<item id="cachetime"><![CDATA[3600]]></item>
				<item id="cachetimerange"><![CDATA[]]></item>
				<item id="punctualupdate"><![CDATA[0]]></item>
				<item id="hidedisplay"><![CDATA[0]]></item>
				<item id="dateline"><![CDATA[1498108814]]></item>
				<item id="notinherited"><![CDATA[0]]></item>
				<item id="isblank"><![CDATA[0]]></item>
			</item>
			<item id="345">
				<item id="bid"><![CDATA[345]]></item>
				<item id="blockclass"><![CDATA[html_html]]></item>
				<item id="blocktype"><![CDATA[0]]></item>
				<item id="name"><![CDATA[举报信息]]></item>
				<item id="title"><![CDATA[]]></item>
				<item id="classname"><![CDATA[cl_block_bm]]></item>
				<item id="summary"><![CDATA[<style type="text/css">
.container .index-modules .module-inner .report {display: block;padding: 12px 22px;background-color: #F4F5F6;margin-bottom: 16px;}
.container .index-modules .module-inner .report .img-holder {width: 57px;height: 50px;}
.container .index-modules .module-inner .report .img-holder > img {width: 100%;height: 100%;}
.container .index-modules .module-inner .report .info {margin-top: 4px;margin-left: 15px;}
.container .index-modules .module-inner .report .info .titlexlmm {font-size: 18px;color: #222;margin-bottom: 8px;}
.container .index-modules .module-inner .report .info .tel {font-size: 14px;color: #777;}
</style>
<a href="./" class="y-box report" target="_blank">
  <div class="y-left img-holder">
    <img src="template/xlmm_zx/image/xlmmjb.png">
  </div>
  <div class="y-left info">
    <p class="titlexlmm">网上有害信息举报专区</p>
    <p class="tel">举报电话：1234567</p>
  </div>
</a>]]></item>
				<item id="uid"><![CDATA[1]]></item>
				<item id="username"><![CDATA[admin]]></item>
				<item id="styleid"><![CDATA[0]]></item>
				<item id="blockstyle"><![CDATA[]]></item>
				<item id="picwidth"><![CDATA[0]]></item>
				<item id="picheight"><![CDATA[0]]></item>
				<item id="target"><![CDATA[blank]]></item>
				<item id="dateformat"><![CDATA[Y-m-d]]></item>
				<item id="dateuformat"><![CDATA[0]]></item>
				<item id="script"><![CDATA[blank]]></item>
				<item id="param">
					<item id="content"><![CDATA[<style type=\"text/css\">
.container .index-modules .module-inner .report {display: block;padding: 12px 22px;background-color: #F4F5F6;margin-bottom: 16px;}
.container .index-modules .module-inner .report .img-holder {width: 57px;height: 50px;}
.container .index-modules .module-inner .report .img-holder > img {width: 100%;height: 100%;}
.container .index-modules .module-inner .report .info {margin-top: 4px;margin-left: 15px;}
.container .index-modules .module-inner .report .info .titlexlmm {font-size: 18px;color: #222;margin-bottom: 8px;}
.container .index-modules .module-inner .report .info .tel {font-size: 14px;color: #777;}
</style>
<a href=\"./\" class=\"y-box report\" target=\"_blank\">
  <div class=\"y-left img-holder\">
    <img src=\"template/xlmm_zx/image/xlmmjb.png\">
  </div>
  <div class=\"y-left info\">
    <p class=\"titlexlmm\">网上有害信息举报专区</p>
    <p class=\"tel\">举报电话：1234567</p>
  </div>
</a>
]]></item>
					<item id="items"><![CDATA[10]]></item>
				</item>
				<item id="shownum"><![CDATA[10]]></item>
				<item id="cachetime"><![CDATA[0]]></item>
				<item id="cachetimerange"><![CDATA[0,0]]></item>
				<item id="punctualupdate"><![CDATA[0]]></item>
				<item id="hidedisplay"><![CDATA[0]]></item>
				<item id="dateline"><![CDATA[1496559940]]></item>
				<item id="notinherited"><![CDATA[0]]></item>
				<item id="isblank"><![CDATA[0]]></item>
			</item>
			<item id="348">
				<item id="bid"><![CDATA[348]]></item>
				<item id="blockclass"><![CDATA[html_html]]></item>
				<item id="blocktype"><![CDATA[0]]></item>
				<item id="name"><![CDATA[更多自定义]]></item>
				<item id="title"><![CDATA[]]></item>
				<item id="classname"><![CDATA[cl_block_bm]]></item>
				<item id="summary"><![CDATA[<style>
	.more-items-content {overflow: hidden;margin-left: 20px;margin-bottom: -20px;}
	.more-items-content .item {float: left;margin: 0 20px 20px 0;}
.more-items-content .item a {color: #222;line-height: 1.4;font-size: 14px;}
	</style>

    <div class="whotxlmmbbs module">
      <div class="module-head xlmmbbs-head">更多 </div> 
      	<ul class="more-items-content">
		<li class="item"><a href="#">关于本站</a></li>
		<li class="item"><a href="#">加入本站</a></li>
		<li class="item"><a href="#">媒体报道</a></li>
		<li class="item"><a href="#">媒体合作</a></li>
		<li class="item"><a href="#">产品合作</a></li>
		<li class="item"><a href="#">合作说明</a></li>
		<li class="item"><a href="#" target="_blank">广告投放</a></li>
		<li class="item"><a href="#">联系我们</a></li>
		<li class="item"><a href="#">用户协议</a></li>
		<li class="item"><a href="#">侵权投诉</a></li>
		<li class="item"><a href="#">廉洁举报</a></li>
	</ul>
</div>
        <div class="clearfix"> </div>]]></item>
				<item id="uid"><![CDATA[1]]></item>
				<item id="username"><![CDATA[admin]]></item>
				<item id="styleid"><![CDATA[0]]></item>
				<item id="blockstyle"><![CDATA[]]></item>
				<item id="picwidth"><![CDATA[0]]></item>
				<item id="picheight"><![CDATA[0]]></item>
				<item id="target"><![CDATA[blank]]></item>
				<item id="dateformat"><![CDATA[Y-m-d]]></item>
				<item id="dateuformat"><![CDATA[0]]></item>
				<item id="script"><![CDATA[blank]]></item>
				<item id="param">
					<item id="content"><![CDATA[	<style>
	.more-items-content {overflow: hidden;margin-left: 20px;margin-bottom: -20px;}
	.more-items-content .item {float: left;margin: 0 20px 20px 0;}
.more-items-content .item a {color: #222;line-height: 1.4;font-size: 14px;}
	</style>

    <div class=\"whotxlmmbbs module\">
      <div class=\"module-head xlmmbbs-head\">更多 </div> 
      	<ul class=\"more-items-content\">
		<li class=\"item\"><a href=\"#\">关于本站</a></li>
		<li class=\"item\"><a href=\"#\">加入本站</a></li>
		<li class=\"item\"><a href=\"#\">媒体报道</a></li>
		<li class=\"item\"><a href=\"#\">媒体合作</a></li>
		<li class=\"item\"><a href=\"#\">产品合作</a></li>
		<li class=\"item\"><a href=\"#\">合作说明</a></li>
		<li class=\"item\"><a href=\"#\" target=\"_blank\">广告投放</a></li>
		<li class=\"item\"><a href=\"#\">联系我们</a></li>
		<li class=\"item\"><a href=\"#\">用户协议</a></li>
		<li class=\"item\"><a href=\"#\">侵权投诉</a></li>
		<li class=\"item\"><a href=\"#\">廉洁举报</a></li>
	</ul>
</div>
        <div class=\"clearfix\"> </div>

]]></item>
					<item id="items"><![CDATA[10]]></item>
				</item>
				<item id="shownum"><![CDATA[10]]></item>
				<item id="cachetime"><![CDATA[0]]></item>
				<item id="cachetimerange"><![CDATA[0,0]]></item>
				<item id="punctualupdate"><![CDATA[0]]></item>
				<item id="hidedisplay"><![CDATA[0]]></item>
				<item id="dateline"><![CDATA[1497863483]]></item>
				<item id="notinherited"><![CDATA[0]]></item>
				<item id="isblank"><![CDATA[0]]></item>
			</item>
			<item id="349">
				<item id="bid"><![CDATA[349]]></item>
				<item id="blockclass"><![CDATA[html_html]]></item>
				<item id="blocktype"><![CDATA[0]]></item>
				<item id="name"><![CDATA[自定义广告]]></item>
				<item id="title"><![CDATA[]]></item>
				<item id="classname"><![CDATA[cl_block_bm]]></item>
				<item id="summary"><![CDATA[<style>
.right-iframe-img {	margin-bottom: 16px;	padding: 20px;background-color: #f4f5f6;}
.right-iframe-img .wrap {display: block;}
.right-iframe-img img {width: 100%;}
.right-iframe-img h4 {color: #222;font-size: 18px;padding: 12px 0 18px;}
.right-iframe-img .y-box {font-size: 12px;}
.right-iframe-img .source, .right-iframe-img .comment {color: #999;}
.right-iframe-img a {display: inline-block;}
.right-iframe-img .label {color: #2a90d7;}
	</style>
<div class="right-iframe-img">
<div class="pic-wrap">
                <a href="#" class="wrap" target="_blank">
                    <img src="template/xlmm_zx/m-img/ad/4.jpg">
                </a>
                <a href="#" target="_blank" class="wrap">
                    <h4>本站模板咨询QQ2374198406！</h4>
                </a>
                <div class="y-box">
                    <a href="#" target="_blank" class="source">军迷360</a>
                    <a href="#" target="_blank" class="label">&nbsp;&nbsp;广告</a>
                </div>
            </div></div>]]></item>
				<item id="uid"><![CDATA[1]]></item>
				<item id="username"><![CDATA[admin]]></item>
				<item id="styleid"><![CDATA[0]]></item>
				<item id="blockstyle"><![CDATA[]]></item>
				<item id="picwidth"><![CDATA[0]]></item>
				<item id="picheight"><![CDATA[0]]></item>
				<item id="target"><![CDATA[blank]]></item>
				<item id="dateformat"><![CDATA[Y-m-d]]></item>
				<item id="dateuformat"><![CDATA[0]]></item>
				<item id="script"><![CDATA[blank]]></item>
				<item id="param">
					<item id="content"><![CDATA[	<style>
.right-iframe-img {	margin-bottom: 16px;	padding: 20px;background-color: #f4f5f6;}
.right-iframe-img .wrap {display: block;}
.right-iframe-img img {width: 100%;}
.right-iframe-img h4 {color: #222;font-size: 18px;padding: 12px 0 18px;}
.right-iframe-img .y-box {font-size: 12px;}
.right-iframe-img .source, .right-iframe-img .comment {color: #999;}
.right-iframe-img a {display: inline-block;}
.right-iframe-img .label {color: #2a90d7;}
	</style>
<div class=\"right-iframe-img\">
<div class=\"pic-wrap\">
                <a href=\"#\" class=\"wrap\" target=\"_blank\">
                    <img src=\"template/xlmm_zx/m-img/ad/4.jpg\">
                </a>
                <a href=\"#\" target=\"_blank\" class=\"wrap\">
                    <h4>本站模板咨询QQ2374198406！</h4>
                </a>
                <div class=\"y-box\">
                    <a href=\"#\" target=\"_blank\" class=\"source\">军迷360</a>
                    <a href=\"#\" target=\"_blank\" class=\"label\">&nbsp;&nbsp;广告</a>
                </div>
            </div></div>]]></item>
					<item id="items"><![CDATA[10]]></item>
				</item>
				<item id="shownum"><![CDATA[10]]></item>
				<item id="cachetime"><![CDATA[0]]></item>
				<item id="cachetimerange"><![CDATA[0,0]]></item>
				<item id="punctualupdate"><![CDATA[0]]></item>
				<item id="hidedisplay"><![CDATA[0]]></item>
				<item id="dateline"><![CDATA[1497862676]]></item>
				<item id="notinherited"><![CDATA[0]]></item>
				<item id="isblank"><![CDATA[0]]></item>
			</item>
			<item id="350">
				<item id="bid"><![CDATA[350]]></item>
				<item id="blockclass"><![CDATA[html_html]]></item>
				<item id="blocktype"><![CDATA[0]]></item>
				<item id="name"><![CDATA[视频分类信息diy]]></item>
				<item id="title"><![CDATA[]]></item>
				<item id="classname"><![CDATA[cl_block_bm]]></item>
				<item id="summary"><![CDATA[  	<style>
.module-tag {position: absolute;right: 8px;bottom: 8px;padding: 0 6px;border-radius: 10px;background: #000;background: rgba(0,0,0,.7);}
.video-tag {padding-left: 16px;}
.module-tag span { line-height: 20px;font-size: 12px;color: #fff;}
.video-tag::before { content: ""; position: absolute; right: 16px;border-top: 4px solid transparent;border-left: 6px solid #fff;border-right: 6px solid transparent;border-bottom: 4px solid transparent;top: 6px;left: 8px;}
	</style>
        <div class="whotxlmmbbs module">
      <div class="module-head xlmmbbs-head"> <a href="./" target="_blank">热门视频</a> </div> 
      <ul class="xlmmbbs-list"> 
       <li class="xlmmbbs-item"><a href="thread-75-1-1.html"> <dl> <dt class="module-pic" style="height:68px"><img src="forum.php?mod=image&aid=74&size=120x120&key=05e5b0d89ba2d7d4" style=" width:118px;height:118px" /><i class="module-tag video-tag"><span>02：25</span></i></dt> <dd> <div class="cell"> <h4>《金刚：骷髅岛》终极版预告片 群兽乱战全面升级</h4> <p> <span>2次查看&#160;</span> <span>&#160;0评论</span> </p> 
      </div> </dd> </dl> </a> </li><li class="xlmmbbs-item"><a href="thread-74-1-1.html"> <dl> <dt class="module-pic" style="height:68px"><img src="forum.php?mod=image&aid=73&size=120x120&key=cf1d26d728f96ffc" style=" width:118px;height:118px" /><i class="module-tag video-tag"><span>140:08</span></i></dt> <dd> <div class="cell"> <h4>史诗级战争电影我就服它 硫磺岛家书</h4> <p> <span>86次查看&#160;</span> <span>&#160;0评论</span> </p> 
      </div> </dd> </dl> </a> </li>
      </ul></div>]]></item>
				<item id="uid"><![CDATA[1]]></item>
				<item id="username"><![CDATA[admin]]></item>
				<item id="styleid"><![CDATA[0]]></item>
				<item id="blockstyle"><![CDATA[]]></item>
				<item id="picwidth"><![CDATA[0]]></item>
				<item id="picheight"><![CDATA[0]]></item>
				<item id="target"><![CDATA[blank]]></item>
				<item id="dateformat"><![CDATA[Y-m-d]]></item>
				<item id="dateuformat"><![CDATA[0]]></item>
				<item id="script"><![CDATA[sort]]></item>
				<item id="param">
					<item id="tids"><![CDATA[]]></item>
					<item id="sortids"><![CDATA[1]]></item>
					<item id="recommend"><![CDATA[0]]></item>
					<item id="orderby"><![CDATA[lastpost]]></item>
					<item id="lastpost"><![CDATA[0]]></item>
					<item id="startrow"><![CDATA[0]]></item>
					<item id="showitems"><![CDATA[10]]></item>
					<item id="items"><![CDATA[10]]></item>
				</item>
				<item id="shownum"><![CDATA[10]]></item>
				<item id="cachetime"><![CDATA[3600]]></item>
				<item id="cachetimerange"><![CDATA[]]></item>
				<item id="punctualupdate"><![CDATA[0]]></item>
				<item id="hidedisplay"><![CDATA[0]]></item>
				<item id="dateline"><![CDATA[1498109136]]></item>
				<item id="notinherited"><![CDATA[0]]></item>
				<item id="isblank"><![CDATA[0]]></item>
			</item>
		</item>
		<item id="style">
		</item>
	</item>
</root>
