<?xml version="1.0" encoding="ISO-8859-1"?>
<root>
	<item id="spacecss"><![CDATA[#frameRvyVFM { margin-top:55px !important;}]]></item>
	<item id="layoutdata">
		<item id="diy1"><![CDATA[]]></item>
		<item id=""><![CDATA[]]></item>
		<item id="r">
			<item id="frame`frameRvyVFM">
				<item id="attr">
					<item id="name"><![CDATA[frameRvyVFM]]></item>
					<item id="moveable"><![CDATA[true]]></item>
					<item id="className"><![CDATA[cl_frame_bm frame move-span cl frame-1]]></item>
					<item id="titles"><![CDATA[]]></item>
				</item>
				<item id="column`frameRvyVFM_left">
					<item id="attr">
						<item id="name"><![CDATA[frameRvyVFM_left]]></item>
						<item id="className"><![CDATA[column frame-1-c]]></item>
					</item>
					<item id="block`portal_block_108">
						<item id="attr">
							<item id="name"><![CDATA[portal_block_108]]></item>
							<item id="className"><![CDATA[cl_block_bm block move-span]]></item>
							<item id="titles"><![CDATA[]]></item>
						</item>
					</item>
				</item>
			</item>
		</item>
		<item id="t1">
			<item id="frame`frameq3h595">
				<item id="attr">
					<item id="name"><![CDATA[frameq3h595]]></item>
					<item id="moveable"><![CDATA[true]]></item>
					<item id="className"><![CDATA[cl_frame_bm frame move-span cl frame-1]]></item>
					<item id="titles"><![CDATA[]]></item>
				</item>
				<item id="column`frameq3h595_left">
					<item id="attr">
						<item id="name"><![CDATA[frameq3h595_left]]></item>
						<item id="className"><![CDATA[column frame-1-c]]></item>
					</item>
					<item id="block`portal_block_109">
						<item id="attr">
							<item id="name"><![CDATA[portal_block_109]]></item>
							<item id="className"><![CDATA[cl_block_bm block move-span]]></item>
							<item id="titles"><![CDATA[]]></item>
						</item>
					</item>
				</item>
			</item>
		</item>
		<item id="a1">
			<item id="frame`frameBjaFIM">
				<item id="attr">
					<item id="name"><![CDATA[frameBjaFIM]]></item>
					<item id="moveable"><![CDATA[true]]></item>
					<item id="className"><![CDATA[cl_frame_bm frame move-span cl frame-1]]></item>
					<item id="titles"><![CDATA[]]></item>
				</item>
				<item id="column`frameBjaFIM_left">
					<item id="attr">
						<item id="name"><![CDATA[frameBjaFIM_left]]></item>
						<item id="className"><![CDATA[column frame-1-c]]></item>
					</item>
					<item id="block`portal_block_110">
						<item id="attr">
							<item id="name"><![CDATA[portal_block_110]]></item>
							<item id="className"><![CDATA[cl_block_bm block move-span]]></item>
							<item id="titles"><![CDATA[]]></item>
						</item>
					</item>
				</item>
			</item>
		</item>
		<item id="a2">
			<item id="frame`framePxE7RI">
				<item id="attr">
					<item id="name"><![CDATA[framePxE7RI]]></item>
					<item id="moveable"><![CDATA[true]]></item>
					<item id="className"><![CDATA[cl_frame_bm frame move-span cl frame-1]]></item>
					<item id="titles"><![CDATA[]]></item>
				</item>
				<item id="column`framePxE7RI_left">
					<item id="attr">
						<item id="name"><![CDATA[framePxE7RI_left]]></item>
						<item id="className"><![CDATA[column frame-1-c]]></item>
					</item>
					<item id="block`portal_block_111">
						<item id="attr">
							<item id="name"><![CDATA[portal_block_111]]></item>
							<item id="className"><![CDATA[cl_block_bm block move-span]]></item>
							<item id="titles"><![CDATA[]]></item>
						</item>
					</item>
				</item>
			</item>
		</item>
		<item id="a3">
			<item id="frame`framefj587V">
				<item id="attr">
					<item id="name"><![CDATA[framefj587V]]></item>
					<item id="moveable"><![CDATA[true]]></item>
					<item id="className"><![CDATA[cl_frame_bm frame move-span cl frame-1]]></item>
					<item id="titles"><![CDATA[]]></item>
				</item>
				<item id="column`framefj587V_left">
					<item id="attr">
						<item id="name"><![CDATA[framefj587V_left]]></item>
						<item id="className"><![CDATA[column frame-1-c]]></item>
					</item>
					<item id="block`portal_block_112">
						<item id="attr">
							<item id="name"><![CDATA[portal_block_112]]></item>
							<item id="className"><![CDATA[cl_block_bm block move-span]]></item>
							<item id="titles"><![CDATA[]]></item>
						</item>
					</item>
				</item>
			</item>
		</item>
		<item id="ad"><![CDATA[]]></item>
		<item id="diy3"><![CDATA[]]></item>
	</item>
	<item id="blockdata">
		<item id="block">
			<item id="108">
				<item id="bid"><![CDATA[108]]></item>
				<item id="blockclass"><![CDATA[portal_article]]></item>
				<item id="blocktype"><![CDATA[0]]></item>
				<item id="name"><![CDATA[评论页面快报]]></item>
				<item id="title"><![CDATA[]]></item>
				<item id="classname"><![CDATA[cl_block_bm]]></item>
				<item id="summary"><![CDATA[]]></item>
				<item id="uid"><![CDATA[1]]></item>
				<item id="username"><![CDATA[admin]]></item>
				<item id="styleid"><![CDATA[0]]></item>
				<item id="blockstyle">
					<item id="name"><![CDATA[]]></item>
					<item id="blockclass"><![CDATA[portal_article]]></item>
					<item id="makethumb"><![CDATA[1]]></item>
					<item id="getpic"><![CDATA[1]]></item>
					<item id="getsummary"><![CDATA[0]]></item>
					<item id="settarget"><![CDATA[1]]></item>
					<item id="moreurl"><![CDATA[0]]></item>
					<item id="fields">
						<item id="0"><![CDATA[url]]></item>
						<item id="1"><![CDATA[pic]]></item>
						<item id="2"><![CDATA[caturl]]></item>
						<item id="3"><![CDATA[catname]]></item>
						<item id="4"><![CDATA[title]]></item>
					</item>
					<item id="template">
						<item id="raw"><![CDATA[<div class="kb">
	<div class="hd">
		<a href="portal.php" target="_blank" title="新闻快报"></a>
	</div>
	<div class="bd">
		[index=1]<div class="tops"><a href="{url}"{target} class="aimg"><img src="{pic}" width="{picwidth}" height="{picheight}" />
</a><dl><dt class="topss"><a href="{caturl}"{target} style="color:#FFFFFF">{catname}</a></dt><dd><a href="{url}"{target}>{title}</a></dd></dl></div>[/index]
		[index=2]<div class="tops"><a href="{url}"{target} class="aimg"><img src="{pic}" width="{picwidth}" height="{picheight}" />
</a><dl><dt class="btss"><a href="{caturl}"{target} style="color:#FFFFFF">{catname}</a></dt><dd><a href="{url}"{target}>{title}</a></dd></dl></div>[/index]
	</div>
</div>
]]></item>
						<item id="footer"><![CDATA[]]></item>
						<item id="header"><![CDATA[]]></item>
						<item id="indexplus"><![CDATA[
						]]></item>
						<item id="index">
							<item id="1"><![CDATA[<div class="tops"><a href="{url}"{target} class="aimg"><img src="{pic}" width="{picwidth}" height="{picheight}" />
</a><dl><dt class="topss"><a href="{caturl}"{target} style="color:#FFFFFF">{catname}</a></dt><dd><a href="{url}"{target}>{title}</a></dd></dl></div>]]></item>
							<item id="2"><![CDATA[<div class="tops"><a href="{url}"{target} class="aimg"><img src="{pic}" width="{picwidth}" height="{picheight}" />
</a><dl><dt class="btss"><a href="{caturl}"{target} style="color:#FFFFFF">{catname}</a></dt><dd><a href="{url}"{target}>{title}</a></dd></dl></div>]]></item>
						</item>
						<item id="orderplus"><![CDATA[
						]]></item>
						<item id="order"><![CDATA[
						]]></item>
						<item id="loopplus"><![CDATA[
						]]></item>
						<item id="loop"><![CDATA[
						]]></item>
					</item>
					<item id="hash"><![CDATA[bc4b4e92]]></item>
				</item>
				<item id="picwidth"><![CDATA[108]]></item>
				<item id="picheight"><![CDATA[70]]></item>
				<item id="target"><![CDATA[blank]]></item>
				<item id="dateformat"><![CDATA[Y-m-d]]></item>
				<item id="dateuformat"><![CDATA[0]]></item>
				<item id="script"><![CDATA[article]]></item>
				<item id="param">
					<item id="aids"><![CDATA[]]></item>
					<item id="uids"><![CDATA[]]></item>
					<item id="keyword"><![CDATA[]]></item>
					<item id="picrequired"><![CDATA[1]]></item>
					<item id="starttime"><![CDATA[]]></item>
					<item id="endtime"><![CDATA[]]></item>
					<item id="publishdateline"><![CDATA[0]]></item>
					<item id="titlelength"><![CDATA[40]]></item>
					<item id="summarylength"><![CDATA[80]]></item>
					<item id="startrow"><![CDATA[0]]></item>
					<item id="items"><![CDATA[2]]></item>
					<item id="tids"><![CDATA[]]></item>
					<item id="tagkeyword"><![CDATA[]]></item>
					<item id="typeids"><![CDATA[]]></item>
					<item id="recommend"><![CDATA[0]]></item>
					<item id="viewmod"><![CDATA[0]]></item>
					<item id="rewardstatus"><![CDATA[0]]></item>
					<item id="orderby"><![CDATA[lastpost]]></item>
					<item id="postdateline"><![CDATA[0]]></item>
					<item id="lastpost"><![CDATA[0]]></item>
					<item id="highlight"><![CDATA[0]]></item>
					<item id="bannedids"><![CDATA[85,84,81]]></item>
				</item>
				<item id="shownum"><![CDATA[2]]></item>
				<item id="cachetime"><![CDATA[3600]]></item>
				<item id="cachetimerange"><![CDATA[]]></item>
				<item id="punctualupdate"><![CDATA[0]]></item>
				<item id="hidedisplay"><![CDATA[0]]></item>
				<item id="dateline"><![CDATA[1480834510]]></item>
				<item id="notinherited"><![CDATA[0]]></item>
				<item id="isblank"><![CDATA[0]]></item>
			</item>
			<item id="109">
				<item id="bid"><![CDATA[109]]></item>
				<item id="blockclass"><![CDATA[html_html]]></item>
				<item id="blocktype"><![CDATA[0]]></item>
				<item id="name"><![CDATA[tab标题]]></item>
				<item id="title"><![CDATA[]]></item>
				<item id="classname"><![CDATA[cl_block_bm]]></item>
				<item id="summary"><![CDATA[<div class="hd">
<strong class="lefttitle">热门新闻</strong>        
<ul class="side-tab-title">          
<li class="on">本日</li>          
<li>本周</li>          
<li>本月</li>        
</ul>      
</div>]]></item>
				<item id="uid"><![CDATA[1]]></item>
				<item id="username"><![CDATA[admin]]></item>
				<item id="styleid"><![CDATA[0]]></item>
				<item id="blockstyle"><![CDATA[]]></item>
				<item id="picwidth"><![CDATA[0]]></item>
				<item id="picheight"><![CDATA[0]]></item>
				<item id="target"><![CDATA[blank]]></item>
				<item id="dateformat"><![CDATA[Y-m-d]]></item>
				<item id="dateuformat"><![CDATA[0]]></item>
				<item id="script"><![CDATA[blank]]></item>
				<item id="param">
					<item id="content"><![CDATA[<div class=\"hd\">
<strong class=\"lefttitle\">热门新闻</strong>        
<ul class=\"side-tab-title\">          
<li class=\"on\">本日</li>          
<li>本周</li>          
<li>本月</li>        
</ul>      
</div>     
]]></item>
					<item id="items"><![CDATA[10]]></item>
				</item>
				<item id="shownum"><![CDATA[10]]></item>
				<item id="cachetime"><![CDATA[3600]]></item>
				<item id="cachetimerange"><![CDATA[]]></item>
				<item id="punctualupdate"><![CDATA[0]]></item>
				<item id="hidedisplay"><![CDATA[0]]></item>
				<item id="dateline"><![CDATA[1480834564]]></item>
				<item id="notinherited"><![CDATA[0]]></item>
				<item id="isblank"><![CDATA[0]]></item>
			</item>
			<item id="110">
				<item id="bid"><![CDATA[110]]></item>
				<item id="blockclass"><![CDATA[portal_article]]></item>
				<item id="blocktype"><![CDATA[0]]></item>
				<item id="name"><![CDATA[日排行]]></item>
				<item id="title"><![CDATA[]]></item>
				<item id="classname"><![CDATA[cl_block_bm]]></item>
				<item id="summary"><![CDATA[]]></item>
				<item id="uid"><![CDATA[1]]></item>
				<item id="username"><![CDATA[admin]]></item>
				<item id="styleid"><![CDATA[0]]></item>
				<item id="blockstyle">
					<item id="name"><![CDATA[]]></item>
					<item id="blockclass"><![CDATA[portal_article]]></item>
					<item id="makethumb"><![CDATA[0]]></item>
					<item id="getpic"><![CDATA[0]]></item>
					<item id="getsummary"><![CDATA[0]]></item>
					<item id="settarget"><![CDATA[1]]></item>
					<item id="moreurl"><![CDATA[0]]></item>
					<item id="fields">
						<item id="0"><![CDATA[url]]></item>
						<item id="1"><![CDATA[title]]></item>
						<item id="2"><![CDATA[commentnum]]></item>
						<item id="3"><![CDATA[currentorder]]></item>
					</item>
					<item id="template">
						<item id="raw"><![CDATA[ [index=1]<li class="f-three"><em>1</em><span class="r_txt"><a href="{url}"{target}>{title}</a><i><a href="{url}"{target}>(共{commentnum}条评论)</a></i></span></li>[/index]
 [index=2]<li class="f-three"><em>2</em><span class="r_txt"><a href="{url}"{target}>{title}</a><i><a href="{url}"{target}>(共{commentnum}条评论)</a></i></span></li>[/index]
[index=3] <li class="f-three"><em>3</em><span class="r_txt"><a href="{url}"{target}>{title}</a><i><a href="{url}"{target}>(共{commentnum}条评论)</a></i></span></li>[/index]
[loop] <li class=""><em>{currentorder}</em><span class="r_txt"><a href="{url}"{target}>{title}</a><i><a href="{url}"{target}>(共{commentnum}条评论)</a></i></span></li>[/loop]
]]></item>
						<item id="footer"><![CDATA[]]></item>
						<item id="header"><![CDATA[]]></item>
						<item id="indexplus"><![CDATA[
						]]></item>
						<item id="index">
							<item id="1"><![CDATA[<li class="f-three"><em>1</em><span class="r_txt"><a href="{url}"{target}>{title}</a><i><a href="{url}"{target}>(共{commentnum}条评论)</a></i></span></li>]]></item>
							<item id="2"><![CDATA[<li class="f-three"><em>2</em><span class="r_txt"><a href="{url}"{target}>{title}</a><i><a href="{url}"{target}>(共{commentnum}条评论)</a></i></span></li>]]></item>
							<item id="3"><![CDATA[<li class="f-three"><em>3</em><span class="r_txt"><a href="{url}"{target}>{title}</a><i><a href="{url}"{target}>(共{commentnum}条评论)</a></i></span></li>]]></item>
						</item>
						<item id="orderplus"><![CDATA[
						]]></item>
						<item id="order"><![CDATA[
						]]></item>
						<item id="loopplus"><![CDATA[
						]]></item>
						<item id="loop"><![CDATA[<li class=""><em>{currentorder}</em><span class="r_txt"><a href="{url}"{target}>{title}</a><i><a href="{url}"{target}>(共{commentnum}条评论)</a></i></span></li>]]></item>
					</item>
					<item id="hash"><![CDATA[b9b7cff8]]></item>
				</item>
				<item id="picwidth"><![CDATA[0]]></item>
				<item id="picheight"><![CDATA[0]]></item>
				<item id="target"><![CDATA[blank]]></item>
				<item id="dateformat"><![CDATA[Y-m-d]]></item>
				<item id="dateuformat"><![CDATA[0]]></item>
				<item id="script"><![CDATA[article]]></item>
				<item id="param">
					<item id="aids"><![CDATA[]]></item>
					<item id="uids"><![CDATA[]]></item>
					<item id="keyword"><![CDATA[]]></item>
					<item id="picrequired"><![CDATA[0]]></item>
					<item id="starttime"><![CDATA[]]></item>
					<item id="endtime"><![CDATA[]]></item>
					<item id="publishdateline"><![CDATA[0]]></item>
					<item id="titlelength"><![CDATA[50]]></item>
					<item id="summarylength"><![CDATA[80]]></item>
					<item id="startrow"><![CDATA[0]]></item>
					<item id="items"><![CDATA[10]]></item>
					<item id="tids"><![CDATA[]]></item>
					<item id="tagkeyword"><![CDATA[]]></item>
					<item id="typeids"><![CDATA[]]></item>
					<item id="recommend"><![CDATA[0]]></item>
					<item id="viewmod"><![CDATA[0]]></item>
					<item id="rewardstatus"><![CDATA[0]]></item>
					<item id="orderby"><![CDATA[lastpost]]></item>
					<item id="postdateline"><![CDATA[0]]></item>
					<item id="lastpost"><![CDATA[0]]></item>
					<item id="highlight"><![CDATA[0]]></item>
				</item>
				<item id="shownum"><![CDATA[10]]></item>
				<item id="cachetime"><![CDATA[3600]]></item>
				<item id="cachetimerange"><![CDATA[]]></item>
				<item id="punctualupdate"><![CDATA[0]]></item>
				<item id="hidedisplay"><![CDATA[0]]></item>
				<item id="dateline"><![CDATA[1480733041]]></item>
				<item id="notinherited"><![CDATA[0]]></item>
				<item id="isblank"><![CDATA[0]]></item>
			</item>
			<item id="111">
				<item id="bid"><![CDATA[111]]></item>
				<item id="blockclass"><![CDATA[forum_thread]]></item>
				<item id="blocktype"><![CDATA[0]]></item>
				<item id="name"><![CDATA[周排行]]></item>
				<item id="title"><![CDATA[]]></item>
				<item id="classname"><![CDATA[cl_block_bm]]></item>
				<item id="summary"><![CDATA[]]></item>
				<item id="uid"><![CDATA[1]]></item>
				<item id="username"><![CDATA[admin]]></item>
				<item id="styleid"><![CDATA[0]]></item>
				<item id="blockstyle">
					<item id="name"><![CDATA[]]></item>
					<item id="blockclass"><![CDATA[forum_thread]]></item>
					<item id="makethumb"><![CDATA[0]]></item>
					<item id="getpic"><![CDATA[0]]></item>
					<item id="getsummary"><![CDATA[0]]></item>
					<item id="settarget"><![CDATA[1]]></item>
					<item id="moreurl"><![CDATA[0]]></item>
					<item id="fields">
						<item id="0"><![CDATA[url]]></item>
						<item id="1"><![CDATA[title]]></item>
						<item id="2"><![CDATA[replies]]></item>
						<item id="3"><![CDATA[currentorder]]></item>
					</item>
					<item id="template">
						<item id="raw"><![CDATA[ [index=1]<li class="f-three"><em>1</em><span class="r_txt"><a href="{url}"{target}>{title}</a><i><a href="{url}"{target}>(共{replies}条评论)</a></i></span></li>[/index]
 [index=2]<li class="f-three"><em>2</em><span class="r_txt"><a href="{url}"{target}>{title}</a><i><a href="{url}"{target}>(共{replies}条评论)</a></i></span></li>[/index]
[index=3] <li class="f-three"><em>3</em><span class="r_txt"><a href="{url}"{target}>{title}</a><i><a href="{url}"{target}>(共{replies}条评论)</a></i></span></li>[/index]
[loop] <li class=""><em>{currentorder}</em><span class="r_txt"><a href="{url}"{target}>{title}</a><i><a href="{url}"{target}>(共{replies}条评论)</a></i></span></li>[/loop]
]]></item>
						<item id="footer"><![CDATA[]]></item>
						<item id="header"><![CDATA[]]></item>
						<item id="indexplus"><![CDATA[
						]]></item>
						<item id="index">
							<item id="1"><![CDATA[<li class="f-three"><em>1</em><span class="r_txt"><a href="{url}"{target}>{title}</a><i><a href="{url}"{target}>(共{replies}条评论)</a></i></span></li>]]></item>
							<item id="2"><![CDATA[<li class="f-three"><em>2</em><span class="r_txt"><a href="{url}"{target}>{title}</a><i><a href="{url}"{target}>(共{replies}条评论)</a></i></span></li>]]></item>
							<item id="3"><![CDATA[<li class="f-three"><em>3</em><span class="r_txt"><a href="{url}"{target}>{title}</a><i><a href="{url}"{target}>(共{replies}条评论)</a></i></span></li>]]></item>
						</item>
						<item id="orderplus"><![CDATA[
						]]></item>
						<item id="order"><![CDATA[
						]]></item>
						<item id="loopplus"><![CDATA[
						]]></item>
						<item id="loop"><![CDATA[<li class=""><em>{currentorder}</em><span class="r_txt"><a href="{url}"{target}>{title}</a><i><a href="{url}"{target}>(共{replies}条评论)</a></i></span></li>]]></item>
					</item>
					<item id="hash"><![CDATA[b9b7cff8]]></item>
				</item>
				<item id="picwidth"><![CDATA[0]]></item>
				<item id="picheight"><![CDATA[0]]></item>
				<item id="target"><![CDATA[blank]]></item>
				<item id="dateformat"><![CDATA[Y-m-d]]></item>
				<item id="dateuformat"><![CDATA[0]]></item>
				<item id="script"><![CDATA[thread]]></item>
				<item id="param">
					<item id="tids"><![CDATA[]]></item>
					<item id="uids"><![CDATA[]]></item>
					<item id="keyword"><![CDATA[]]></item>
					<item id="tagkeyword"><![CDATA[]]></item>
					<item id="typeids"><![CDATA[]]></item>
					<item id="recommend"><![CDATA[0]]></item>
					<item id="viewmod"><![CDATA[0]]></item>
					<item id="rewardstatus"><![CDATA[0]]></item>
					<item id="picrequired"><![CDATA[0]]></item>
					<item id="orderby"><![CDATA[lastpost]]></item>
					<item id="postdateline"><![CDATA[0]]></item>
					<item id="lastpost"><![CDATA[0]]></item>
					<item id="highlight"><![CDATA[0]]></item>
					<item id="titlelength"><![CDATA[50]]></item>
					<item id="summarylength"><![CDATA[80]]></item>
					<item id="startrow"><![CDATA[0]]></item>
					<item id="items"><![CDATA[10]]></item>
				</item>
				<item id="shownum"><![CDATA[10]]></item>
				<item id="cachetime"><![CDATA[3600]]></item>
				<item id="cachetimerange"><![CDATA[]]></item>
				<item id="punctualupdate"><![CDATA[0]]></item>
				<item id="hidedisplay"><![CDATA[0]]></item>
				<item id="dateline"><![CDATA[1480746990]]></item>
				<item id="notinherited"><![CDATA[0]]></item>
				<item id="isblank"><![CDATA[0]]></item>
			</item>
			<item id="112">
				<item id="bid"><![CDATA[112]]></item>
				<item id="blockclass"><![CDATA[forum_thread]]></item>
				<item id="blocktype"><![CDATA[0]]></item>
				<item id="name"><![CDATA[月排行]]></item>
				<item id="title"><![CDATA[]]></item>
				<item id="classname"><![CDATA[cl_block_bm]]></item>
				<item id="summary"><![CDATA[]]></item>
				<item id="uid"><![CDATA[1]]></item>
				<item id="username"><![CDATA[admin]]></item>
				<item id="styleid"><![CDATA[0]]></item>
				<item id="blockstyle">
					<item id="name"><![CDATA[]]></item>
					<item id="blockclass"><![CDATA[forum_thread]]></item>
					<item id="makethumb"><![CDATA[0]]></item>
					<item id="getpic"><![CDATA[0]]></item>
					<item id="getsummary"><![CDATA[0]]></item>
					<item id="settarget"><![CDATA[1]]></item>
					<item id="moreurl"><![CDATA[0]]></item>
					<item id="fields">
						<item id="0"><![CDATA[url]]></item>
						<item id="1"><![CDATA[title]]></item>
						<item id="2"><![CDATA[replies]]></item>
						<item id="3"><![CDATA[currentorder]]></item>
					</item>
					<item id="template">
						<item id="raw"><![CDATA[ [index=1]<li class="f-three"><em>1</em><span class="r_txt"><a href="{url}"{target}>{title}</a><i><a href="{url}"{target}>(共{replies}条评论)</a></i></span></li>[/index]
 [index=2]<li class="f-three"><em>2</em><span class="r_txt"><a href="{url}"{target}>{title}</a><i><a href="{url}"{target}>(共{replies}条评论)</a></i></span></li>[/index]
[index=3] <li class="f-three"><em>3</em><span class="r_txt"><a href="{url}"{target}>{title}</a><i><a href="{url}"{target}>(共{replies}条评论)</a></i></span></li>[/index]
[loop] <li class=""><em>{currentorder}</em><span class="r_txt"><a href="{url}"{target}>{title}</a><i><a href="{url}"{target}>(共{replies}条评论)</a></i></span></li>[/loop]
]]></item>
						<item id="footer"><![CDATA[]]></item>
						<item id="header"><![CDATA[]]></item>
						<item id="indexplus"><![CDATA[
						]]></item>
						<item id="index">
							<item id="1"><![CDATA[<li class="f-three"><em>1</em><span class="r_txt"><a href="{url}"{target}>{title}</a><i><a href="{url}"{target}>(共{replies}条评论)</a></i></span></li>]]></item>
							<item id="2"><![CDATA[<li class="f-three"><em>2</em><span class="r_txt"><a href="{url}"{target}>{title}</a><i><a href="{url}"{target}>(共{replies}条评论)</a></i></span></li>]]></item>
							<item id="3"><![CDATA[<li class="f-three"><em>3</em><span class="r_txt"><a href="{url}"{target}>{title}</a><i><a href="{url}"{target}>(共{replies}条评论)</a></i></span></li>]]></item>
						</item>
						<item id="orderplus"><![CDATA[
						]]></item>
						<item id="order"><![CDATA[
						]]></item>
						<item id="loopplus"><![CDATA[
						]]></item>
						<item id="loop"><![CDATA[<li class=""><em>{currentorder}</em><span class="r_txt"><a href="{url}"{target}>{title}</a><i><a href="{url}"{target}>(共{replies}条评论)</a></i></span></li>]]></item>
					</item>
					<item id="hash"><![CDATA[b9b7cff8]]></item>
				</item>
				<item id="picwidth"><![CDATA[0]]></item>
				<item id="picheight"><![CDATA[0]]></item>
				<item id="target"><![CDATA[blank]]></item>
				<item id="dateformat"><![CDATA[Y-m-d]]></item>
				<item id="dateuformat"><![CDATA[0]]></item>
				<item id="script"><![CDATA[thread]]></item>
				<item id="param">
					<item id="tids"><![CDATA[]]></item>
					<item id="uids"><![CDATA[]]></item>
					<item id="keyword"><![CDATA[]]></item>
					<item id="tagkeyword"><![CDATA[]]></item>
					<item id="typeids"><![CDATA[]]></item>
					<item id="recommend"><![CDATA[0]]></item>
					<item id="viewmod"><![CDATA[0]]></item>
					<item id="rewardstatus"><![CDATA[0]]></item>
					<item id="picrequired"><![CDATA[0]]></item>
					<item id="orderby"><![CDATA[lastpost]]></item>
					<item id="postdateline"><![CDATA[0]]></item>
					<item id="lastpost"><![CDATA[0]]></item>
					<item id="highlight"><![CDATA[0]]></item>
					<item id="titlelength"><![CDATA[50]]></item>
					<item id="summarylength"><![CDATA[80]]></item>
					<item id="startrow"><![CDATA[0]]></item>
					<item id="items"><![CDATA[10]]></item>
				</item>
				<item id="shownum"><![CDATA[10]]></item>
				<item id="cachetime"><![CDATA[3600]]></item>
				<item id="cachetimerange"><![CDATA[]]></item>
				<item id="punctualupdate"><![CDATA[0]]></item>
				<item id="hidedisplay"><![CDATA[0]]></item>
				<item id="dateline"><![CDATA[1480834548]]></item>
				<item id="notinherited"><![CDATA[0]]></item>
				<item id="isblank"><![CDATA[0]]></item>
			</item>
		</item>
		<item id="style">
		</item>
	</item>
</root>
