<?xml version="1.0" encoding="ISO-8859-1"?>
<root>
	<item id="spacecss"><![CDATA[#portal_block_462 { background-color:#ffffff !important;background-image:none !important;}]]></item>
	<item id="layoutdata">
		<item id="xlmm-diy">
			<item id="frame`framew7C6SC">
				<item id="attr">
					<item id="name"><![CDATA[framew7C6SC]]></item>
					<item id="moveable"><![CDATA[true]]></item>
					<item id="className"><![CDATA[cl_frame_bm frame move-span cl frame-1]]></item>
					<item id="titles"><![CDATA[]]></item>
				</item>
				<item id="column`framew7C6SC_left">
					<item id="attr">
						<item id="name"><![CDATA[framew7C6SC_left]]></item>
						<item id="className"><![CDATA[column frame-1-c]]></item>
					</item>
					<item id="block`portal_block_462">
						<item id="attr">
							<item id="name"><![CDATA[portal_block_462]]></item>
							<item id="className"><![CDATA[cl_block_bm block move-span]]></item>
							<item id="titles"><![CDATA[]]></item>
						</item>
					</item>
				</item>
			</item>
		</item>
	</item>
	<item id="blockdata">
		<item id="block">
			<item id="462">
				<item id="bid"><![CDATA[462]]></item>
				<item id="blockclass"><![CDATA[forum_thread]]></item>
				<item id="blocktype"><![CDATA[0]]></item>
				<item id="name"><![CDATA[头条聚合自动分页数据调用，后台填写本模块id即可]]></item>
				<item id="title"><![CDATA[]]></item>
				<item id="classname"><![CDATA[cl_block_bm]]></item>
				<item id="summary"><![CDATA[]]></item>
				<item id="uid"><![CDATA[1]]></item>
				<item id="username"><![CDATA[admin]]></item>
				<item id="styleid"><![CDATA[0]]></item>
				<item id="blockstyle">
					<item id="name"><![CDATA[]]></item>
					<item id="blockclass"><![CDATA[forum_thread]]></item>
					<item id="makethumb"><![CDATA[1]]></item>
					<item id="getpic"><![CDATA[1]]></item>
					<item id="getsummary"><![CDATA[0]]></item>
					<item id="settarget"><![CDATA[1]]></item>
					<item id="moreurl"><![CDATA[0]]></item>
					<item id="fields">
						<item id="0"><![CDATA[url]]></item>
						<item id="1"><![CDATA[title]]></item>
						<item id="2"><![CDATA[forumurl]]></item>
						<item id="3"><![CDATA[forumname]]></item>
						<item id="4"><![CDATA[authorid]]></item>
						<item id="5"><![CDATA[avatar_middle]]></item>
						<item id="6"><![CDATA[author]]></item>
						<item id="7"><![CDATA[views]]></item>
						<item id="8"><![CDATA[replies]]></item>
						<item id="9"><![CDATA[dateline]]></item>
						<item id="10"><![CDATA[pic]]></item>
					</item>
					<item id="template">
						<item id="raw"><![CDATA[ <div class="msgAlert msgAlert-hidden">DIY自动加载数据管理，手机端电脑端同步更新</div>
   
    <div class="feedBox">
     <div class="wcommonFeed">
						<ul style="max-height:800px; overflow: scroll;">
   [loop]  <li class="item"><div class="item-inner y-box"> <div class="normal rbox "> <div class="rbox-inner"> <div class="title-box"><a href="{url}"{target} class="link">{title}</a> 
</div>  <div class="y-box footer"> <div class="y-left"><a href="	{forumurl}" class="lbtn tag tag-bg-other">	{forumname}</a><div class="y-left"> <a href="home.php?mod=space&uid=	{authorid}" class="lbtn media-avatar" target="_blank"><img src="{avatar_middle}" /></a> <a href="home.php?mod=space&uid=	{authorid}" class="lbtn source" target="_blank">&#160;{author}&#160;</a><a  href="{url}"{target} class="lbtn comment">&#160;{views}次点击&#160;&#8901;&#160;{replies}评论&#160;</a></div> <span class="lbtn">&#160;{dateline}</span>    
  
   </div> <div class="y-right">	
</div> </div> </div> </div> <div class="lbox" ga_event="article_img_click"><a href="{url}"{target} class="img-wrap"><img src="{pic}" width="{picwidth}" height="{picheight}" alt="{title}"></a> </div> </div>  </li> [/loop]   
</ul>
</div>
</div>
]]></item>
						<item id="footer"><![CDATA[]]></item>
						<item id="header"><![CDATA[]]></item>
						<item id="indexplus"><![CDATA[
						]]></item>
						<item id="index"><![CDATA[
						]]></item>
						<item id="orderplus"><![CDATA[
						]]></item>
						<item id="order"><![CDATA[
						]]></item>
						<item id="loopplus"><![CDATA[
						]]></item>
						<item id="loop"><![CDATA[<li class="item"><div class="item-inner y-box"> <div class="normal rbox "> <div class="rbox-inner"> <div class="title-box"><a href="{url}"{target} class="link">{title}</a> 
</div>  <div class="y-box footer"> <div class="y-left"><a href="	{forumurl}" class="lbtn tag tag-bg-other">	{forumname}</a><div class="y-left"> <a href="home.php?mod=space&uid=	{authorid}" class="lbtn media-avatar" target="_blank"><img src="{avatar_middle}" /></a> <a href="home.php?mod=space&uid=	{authorid}" class="lbtn source" target="_blank">&#160;{author}&#160;</a><a  href="{url}"{target} class="lbtn comment">&#160;{views}次点击&#160;&#8901;&#160;{replies}评论&#160;</a></div> <span class="lbtn">&#160;{dateline}</span>    
  
   </div> <div class="y-right">	
</div> </div> </div> </div> <div class="lbox" ga_event="article_img_click"><a href="{url}"{target} class="img-wrap"><img src="{pic}" width="{picwidth}" height="{picheight}" alt="{title}"></a> </div> </div>  </li>]]></item>
					</item>
					<item id="hash"><![CDATA[1be6746f]]></item>
				</item>
				<item id="picwidth"><![CDATA[200]]></item>
				<item id="picheight"><![CDATA[200]]></item>
				<item id="target"><![CDATA[blank]]></item>
				<item id="dateformat"><![CDATA[Y-m-d]]></item>
				<item id="dateuformat"><![CDATA[0]]></item>
				<item id="script"><![CDATA[thread]]></item>
				<item id="param">
					<item id="tids"><![CDATA[]]></item>
					<item id="uids"><![CDATA[]]></item>
					<item id="keyword"><![CDATA[]]></item>
					<item id="tagkeyword"><![CDATA[]]></item>
					<item id="typeids"><![CDATA[]]></item>
					<item id="reply"><![CDATA[0]]></item>
					<item id="recommend"><![CDATA[0]]></item>
					<item id="viewmod"><![CDATA[0]]></item>
					<item id="rewardstatus"><![CDATA[0]]></item>
					<item id="picrequired"><![CDATA[0]]></item>
					<item id="orderby"><![CDATA[lastpost]]></item>
					<item id="postdateline"><![CDATA[0]]></item>
					<item id="lastpost"><![CDATA[0]]></item>
					<item id="highlight"><![CDATA[0]]></item>
					<item id="titlelength"><![CDATA[40]]></item>
					<item id="summarylength"><![CDATA[80]]></item>
					<item id="startrow"><![CDATA[0]]></item>
					<item id="items"><![CDATA[100]]></item>
				</item>
				<item id="shownum"><![CDATA[100]]></item>
				<item id="cachetime"><![CDATA[3600]]></item>
				<item id="cachetimerange"><![CDATA[]]></item>
				<item id="punctualupdate"><![CDATA[0]]></item>
				<item id="hidedisplay"><![CDATA[0]]></item>
				<item id="dateline"><![CDATA[1546930802]]></item>
				<item id="notinherited"><![CDATA[0]]></item>
				<item id="isblank"><![CDATA[0]]></item>
			</item>
		</item>
		<item id="style">
		</item>
	</item>
</root>

