<?xml version="1.0" encoding="ISO-8859-1"?>
<root>
	<item id="Title"><![CDATA[Discuz! Threadtypes]]></item>
	<item id="Version"><![CDATA[X3.2]]></item>
	<item id="Time"><![CDATA[2017-06-22 05:58]]></item>
	<item id="From"><![CDATA[军迷360 (http://www.junmi360.com/)]]></item>
	<item id="Data">
		<item id="0">
			<item id="optionid"><![CDATA[7]]></item>
			<item id="classid"><![CDATA[1]]></item>
			<item id="displayorder"><![CDATA[0]]></item>
			<item id="expiration"><![CDATA[0]]></item>
			<item id="title"><![CDATA[时长]]></item>
			<item id="description"><![CDATA[温馨提示，红点为必填项。]]></item>
			<item id="identifier"><![CDATA[xlmmvtime]]></item>
			<item id="type"><![CDATA[text]]></item>
			<item id="unit"><![CDATA[]]></item>
			<item id="permprompt"><![CDATA[]]></item>
			<item id="typeid"><![CDATA[1]]></item>
			<item id="name"><![CDATA[视频]]></item>
			<item id="icon"><![CDATA[]]></item>
			<item id="special"><![CDATA[1]]></item>
			<item id="modelid"><![CDATA[0]]></item>
			<item id="template"><![CDATA[<p></p>
]]></item>
			<item id="stemplate"><![CDATA[]]></item>
			<item id="ptemplate"><![CDATA[]]></item>
			<item id="btemplate"><![CDATA[  	<style>
.module-tag {position: absolute;right: 8px;bottom: 8px;padding: 0 6px;border-radius: 10px;background: #000;background: rgba(0,0,0,.7);}
.video-tag {padding-left: 16px;}
.module-tag span { line-height: 20px;font-size: 12px;color: #fff;}
.video-tag::before { content: ""; position: absolute; right: 16px;border-top: 4px solid transparent;border-left: 6px solid #fff;border-right: 6px solid transparent;border-bottom: 4px solid transparent;top: 6px;left: 8px;}
	</style>
        <div class="whotxlmmbbs module">
      <div class="module-head xlmmbbs-head"> <a href="./" target="_blank">热门视频</a> </div> 
      <ul class="xlmmbbs-list"> 
       [loop]<li class="xlmmbbs-item"><a href="{subject_url}"> <dl> <dt class="module-pic" style="height:68px"><img src="{xlmmvimage_value}" style=" width:118px;height:118px" /><i class="module-tag video-tag"><span>{xlmmvtime_value}</span></i></dt> <dd> <div class="cell"> <h4>{subject}</h4> <p> <span>{views}次查看&#160;</span> <span>&#160;{replies}评论</span> </p> 
      </div> </dd> </dl> </a> </li>[/loop]
      </ul></div>
]]></item>
			<item id="sortid"><![CDATA[1]]></item>
			<item id="available"><![CDATA[1]]></item>
			<item id="required"><![CDATA[0]]></item>
			<item id="unchangeable"><![CDATA[0]]></item>
			<item id="search"><![CDATA[0]]></item>
			<item id="subjectshow"><![CDATA[1]]></item>
			<item id="tpdescription"><![CDATA[格式如01:30]]></item>
			<item id="ttdescription"><![CDATA[温馨提示，红点为必填项。]]></item>
			<item id="tpexpiration"><![CDATA[0]]></item>
			<item id="ttexpiration"><![CDATA[0]]></item>
			<item id="__protect">
				<item id="status"><![CDATA[0]]></item>
				<item id="usergroup"><![CDATA[]]></item>
				<item id="verify"><![CDATA[]]></item>
			</item>
			<item id="__rules">
				<item id="maxlength"><![CDATA[]]></item>
				<item id="inputsize"><![CDATA[]]></item>
				<item id="profile"><![CDATA[]]></item>
				<item id="defaultvalue"><![CDATA[未知]]></item>
			</item>
		</item>
		<item id="1">
			<item id="optionid"><![CDATA[8]]></item>
			<item id="classid"><![CDATA[1]]></item>
			<item id="displayorder"><![CDATA[0]]></item>
			<item id="expiration"><![CDATA[0]]></item>
			<item id="title"><![CDATA[封面]]></item>
			<item id="description"><![CDATA[温馨提示，红点为必填项。]]></item>
			<item id="identifier"><![CDATA[xlmmvimage]]></item>
			<item id="type"><![CDATA[image]]></item>
			<item id="unit"><![CDATA[]]></item>
			<item id="permprompt"><![CDATA[]]></item>
			<item id="typeid"><![CDATA[1]]></item>
			<item id="name"><![CDATA[视频]]></item>
			<item id="icon"><![CDATA[]]></item>
			<item id="special"><![CDATA[1]]></item>
			<item id="modelid"><![CDATA[0]]></item>
			<item id="template"><![CDATA[<p></p>
]]></item>
			<item id="stemplate"><![CDATA[]]></item>
			<item id="ptemplate"><![CDATA[]]></item>
			<item id="btemplate"><![CDATA[  	<style>
.module-tag {position: absolute;right: 8px;bottom: 8px;padding: 0 6px;border-radius: 10px;background: #000;background: rgba(0,0,0,.7);}
.video-tag {padding-left: 16px;}
.module-tag span { line-height: 20px;font-size: 12px;color: #fff;}
.video-tag::before { content: ""; position: absolute; right: 16px;border-top: 4px solid transparent;border-left: 6px solid #fff;border-right: 6px solid transparent;border-bottom: 4px solid transparent;top: 6px;left: 8px;}
	</style>
        <div class="whotxlmmbbs module">
      <div class="module-head xlmmbbs-head"> <a href="./" target="_blank">热门视频</a> </div> 
      <ul class="xlmmbbs-list"> 
       [loop]<li class="xlmmbbs-item"><a href="{subject_url}"> <dl> <dt class="module-pic" style="height:68px"><img src="{xlmmvimage_value}" style=" width:118px;height:118px" /><i class="module-tag video-tag"><span>{xlmmvtime_value}</span></i></dt> <dd> <div class="cell"> <h4>{subject}</h4> <p> <span>{views}次查看&#160;</span> <span>&#160;{replies}评论</span> </p> 
      </div> </dd> </dl> </a> </li>[/loop]
      </ul></div>
]]></item>
			<item id="sortid"><![CDATA[1]]></item>
			<item id="available"><![CDATA[1]]></item>
			<item id="required"><![CDATA[1]]></item>
			<item id="unchangeable"><![CDATA[0]]></item>
			<item id="search"><![CDATA[0]]></item>
			<item id="subjectshow"><![CDATA[1]]></item>
			<item id="tpdescription"><![CDATA[请上传一张图片作为封面]]></item>
			<item id="ttdescription"><![CDATA[温馨提示，红点为必填项。]]></item>
			<item id="tpexpiration"><![CDATA[0]]></item>
			<item id="ttexpiration"><![CDATA[0]]></item>
			<item id="__protect">
				<item id="usergroup"><![CDATA[]]></item>
				<item id="verify"><![CDATA[]]></item>
			</item>
			<item id="__rules">
				<item id="maxwidth"><![CDATA[300]]></item>
				<item id="maxheight"><![CDATA[300]]></item>
				<item id="inputsize"><![CDATA[]]></item>
			</item>
		</item>
	</item>
</root>
