{
  "id": "1030020",
  "name": "木木CMS-超级手机",
  "font_family": "iconfont",
  "css_prefix_text": "icon-",
  "description": "",
  "glyphs": [
    {
      "icon_id": "87321",
      "name": "电话",
      "font_class": "dianhua",
      "unicode": "e629",
      "unicode_decimal": 58921
    },
    {
      "icon_id": "145443",
      "name": "赞",
      "font_class": "zan",
      "unicode": "e634",
      "unicode_decimal": 58932
    },
    {
      "icon_id": "162767",
      "name": "查看2",
      "font_class": "chakan2",
      "unicode": "e600",
      "unicode_decimal": 58880
    },
    {
      "icon_id": "169719",
      "name": "地图",
      "font_class": "ditu",
      "unicode": "e620",
      "unicode_decimal": 58912
    },
    {
      "icon_id": "171212",
      "name": "空间",
      "font_class": "kongjian",
      "unicode": "e66d",
      "unicode_decimal": 58989
    },
    {
      "icon_id": "192278",
      "name": "收藏",
      "font_class": "shoucang",
      "unicode": "e6b9",
      "unicode_decimal": 59065
    },
    {
      "icon_id": "217326",
      "name": "apple",
      "font_class": "apple",
      "unicode": "e61f",
      "unicode_decimal": 58911
    },
    {
      "icon_id": "302859",
      "name": "爱心",
      "font_class": "weibiaoti1",
      "unicode": "e623",
      "unicode_decimal": 58915
    },
    {
      "icon_id": "333020",
      "name": "居乐乐app",
      "font_class": "app",
      "unicode": "e61c",
      "unicode_decimal": 58908
    },
    {
      "icon_id": "338386",
      "name": "首页",
      "font_class": "shouye",
      "unicode": "e622",
      "unicode_decimal": 58914
    },
    {
      "icon_id": "493509",
      "name": "回复",
      "font_class": "huifu",
      "unicode": "e7ac",
      "unicode_decimal": 59308
    },
    {
      "icon_id": "595407",
      "name": "主页",
      "font_class": "zhuye",
      "unicode": "e626",
      "unicode_decimal": 58918
    },
    {
      "icon_id": "625995",
      "name": "46-退出",
      "font_class": "tuichu",
      "unicode": "e62e",
      "unicode_decimal": 58926
    },
    {
      "icon_id": "792839",
      "name": "阅读",
      "font_class": "yuedu",
      "unicode": "e63c",
      "unicode_decimal": 58940
    },
    {
      "icon_id": "868799",
      "name": "箭头",
      "font_class": "jiantou",
      "unicode": "e65e",
      "unicode_decimal": 58974
    },
    {
      "icon_id": "875544",
      "name": "FaceBook",
      "font_class": "facebook",
      "unicode": "e601",
      "unicode_decimal": 58881
    },
    {
      "icon_id": "1010145",
      "name": "新闻",
      "font_class": "xinwen",
      "unicode": "e631",
      "unicode_decimal": 58929
    },
    {
      "icon_id": "1028868",
      "name": "复制链接",
      "font_class": "fuzhilianjie",
      "unicode": "e653",
      "unicode_decimal": 58963
    },
    {
      "icon_id": "1029212",
      "name": "二维码",
      "font_class": "qrcode-1-copy",
      "unicode": "e613",
      "unicode_decimal": 58899
    },
    {
      "icon_id": "1053195",
      "name": "表情",
      "font_class": "biaoqing",
      "unicode": "e655",
      "unicode_decimal": 58965
    },
    {
      "icon_id": "1056943",
      "name": "刷新",
      "font_class": "shuaxin",
      "unicode": "e6b2",
      "unicode_decimal": 59058
    },
    {
      "icon_id": "1070539",
      "name": "房产-01",
      "font_class": "fangchan01",
      "unicode": "e660",
      "unicode_decimal": 58976
    },
    {
      "icon_id": "1082707",
      "name": "android",
      "font_class": "android",
      "unicode": "e60c",
      "unicode_decimal": 58892
    },
    {
      "icon_id": "1177830",
      "name": "个人资料",
      "font_class": "ziliao",
      "unicode": "e6a8",
      "unicode_decimal": 59048
    },
    {
      "icon_id": "1190643",
      "name": "人员",
      "font_class": "renyuan",
      "unicode": "e7e6",
      "unicode_decimal": 59366
    },
    {
      "icon_id": "1272111",
      "name": "分类",
      "font_class": "fenlei",
      "unicode": "e609",
      "unicode_decimal": 58889
    },
    {
      "icon_id": "1278123",
      "name": "图片",
      "font_class": "tupian",
      "unicode": "e665",
      "unicode_decimal": 58981
    },
    {
      "icon_id": "1294099",
      "name": "发布",
      "font_class": "fabu",
      "unicode": "e625",
      "unicode_decimal": 58917
    },
    {
      "icon_id": "1345271",
      "name": "消息",
      "font_class": "xiaoxi",
      "unicode": "e61b",
      "unicode_decimal": 58907
    },
    {
      "icon_id": "1369012",
      "name": "加号",
      "font_class": "jiahao1",
      "unicode": "e60a",
      "unicode_decimal": 58890
    },
    {
      "icon_id": "1491780",
      "name": "分享",
      "font_class": "fenxiang",
      "unicode": "e60b",
      "unicode_decimal": 58891
    },
    {
      "icon_id": "1541243",
      "name": "分享",
      "font_class": "ziyuan",
      "unicode": "e65c",
      "unicode_decimal": 58972
    },
    {
      "icon_id": "1603685",
      "name": "发现",
      "font_class": "faxian",
      "unicode": "e612",
      "unicode_decimal": 58898
    },
    {
      "icon_id": "1613601",
      "name": "右侧菜单",
      "font_class": "youcecaidan",
      "unicode": "e606",
      "unicode_decimal": 58886
    },
    {
      "icon_id": "1614453",
      "name": "搜索",
      "font_class": "sousuo",
      "unicode": "e624",
      "unicode_decimal": 58916
    },
    {
      "icon_id": "1917112",
      "name": "错误",
      "font_class": "error",
      "unicode": "e7f6",
      "unicode_decimal": 59382
    },
    {
      "icon_id": "2150876",
      "name": "评论",
      "font_class": "pinglun",
      "unicode": "e603",
      "unicode_decimal": 58883
    },
    {
      "icon_id": "2500965",
      "name": "推特_twitter43",
      "font_class": "twitter",
      "unicode": "e602",
      "unicode_decimal": 58882
    },
    {
      "icon_id": "2500982",
      "name": "in",
      "font_class": "linkedin",
      "unicode": "e604",
      "unicode_decimal": 58884
    },
    {
      "icon_id": "2506202",
      "name": "帖子",
      "font_class": "tiezi",
      "unicode": "e636",
      "unicode_decimal": 58934
    },
    {
      "icon_id": "2570092",
      "name": "设置",
      "font_class": "shezhi",
      "unicode": "e637",
      "unicode_decimal": 58935
    },
    {
      "icon_id": "2681689",
      "name": "活动",
      "font_class": "huodong",
      "unicode": "e608",
      "unicode_decimal": 58888
    },
    {
      "icon_id": "2725482",
      "name": "灯泡",
      "font_class": "dengpao",
      "unicode": "e62a",
      "unicode_decimal": 58922
    },
    {
      "icon_id": "2733630",
      "name": "邮箱验证",
      "font_class": "youxiangyanzheng",
      "unicode": "e676",
      "unicode_decimal": 58998
    },
    {
      "icon_id": "4392270",
      "name": "微博",
      "font_class": "weibo1",
      "unicode": "e6d1",
      "unicode_decimal": 59089
    },
    {
      "icon_id": "4539358",
      "name": "爱心",
      "font_class": "aixin",
      "unicode": "e605",
      "unicode_decimal": 58885
    },
    {
      "icon_id": "4640803",
      "name": "标签",
      "font_class": "biaoqianh",
      "unicode": "e610",
      "unicode_decimal": 58896
    },
    {
      "icon_id": "5072603",
      "name": "对号",
      "font_class": "duihao",
      "unicode": "e60e",
      "unicode_decimal": 58894
    },
    {
      "icon_id": "5093341",
      "name": "时间 (1)",
      "font_class": "shijian",
      "unicode": "e60d",
      "unicode_decimal": 58893
    },
    {
      "icon_id": "5184447",
      "name": "加号",
      "font_class": "jiahao",
      "unicode": "e628",
      "unicode_decimal": 58920
    },
    {
      "icon_id": "5475530",
      "name": "菜单",
      "font_class": "caidan",
      "unicode": "e61e",
      "unicode_decimal": 58910
    },
    {
      "icon_id": "5796688",
      "name": "qq",
      "font_class": "qq1",
      "unicode": "e864",
      "unicode_decimal": 59492
    },
    {
      "icon_id": "6123032",
      "name": "豆瓣",
      "font_class": "douban",
      "unicode": "e614",
      "unicode_decimal": 58900
    },
    {
      "icon_id": "6170748",
      "name": "返回",
      "font_class": "fanhui",
      "unicode": "e616",
      "unicode_decimal": 58902
    },
    {
      "icon_id": "6489254",
      "name": "暂无数据",
      "font_class": "zanwu",
      "unicode": "e619",
      "unicode_decimal": 58905
    },
    {
      "icon_id": "7143808",
      "name": "首页",
      "font_class": "shouye-",
      "unicode": "e607",
      "unicode_decimal": 58887
    },
    {
      "icon_id": "7598979",
      "name": "返回",
      "font_class": "yjiantou",
      "unicode": "e627",
      "unicode_decimal": 58919
    },
    {
      "icon_id": "7610232",
      "name": "箭头",
      "font_class": "jiantoutop",
      "unicode": "e7f7",
      "unicode_decimal": 59383
    },
    {
      "icon_id": "10351206",
      "name": "男 女",
      "font_class": "nv",
      "unicode": "e60f",
      "unicode_decimal": 58895
    },
    {
      "icon_id": "10351233",
      "name": "男 女",
      "font_class": "nan",
      "unicode": "e611",
      "unicode_decimal": 58897
    },
    {
      "icon_id": "12147113",
      "name": "标签",
      "font_class": "biaoqian",
      "unicode": "e865",
      "unicode_decimal": 59493
    }
  ]
}
