<?xml version="1.0" encoding="ISO-8859-1"?>
<root>
	<item id="Title"><![CDATA[Discuz! Plugin]]></item>
	<item id="Version"><![CDATA[X3.4]]></item>
	<item id="Time"><![CDATA[2019-11-04 10:05]]></item>
	<item id="From"><![CDATA[DisM!应用中心 (https://dism.taobao.com/)]]></item>
	<item id="Data">
		<item id="plugin">
			<item id="available"><![CDATA[1]]></item>
			<item id="adminid"><![CDATA[1]]></item>
			<item id="name"><![CDATA[Cack！APP啓動頁]]></item>
			<item id="identifier"><![CDATA[cack_appqdy]]></item>
			<item id="description"><![CDATA[]]></item>
			<item id="datatables"><![CDATA[]]></item>
			<item id="directory"><![CDATA[cack_appqdy/]]></item>
			<item id="copyright"><![CDATA[DisM!应用中心(dism.taobao.com)]]></item>
			<item id="version"><![CDATA[4.0]]></item>
			<item id="__modules">
				<item id="0">
					<item id="name"><![CDATA[hook]]></item>
					<item id="param"><![CDATA[]]></item>
					<item id="menu"><![CDATA[]]></item>
					<item id="url"><![CDATA[]]></item>
					<item id="type"><![CDATA[28]]></item>
					<item id="adminid"><![CDATA[0]]></item>
					<item id="displayorder"><![CDATA[0]]></item>
					<item id="navtitle"><![CDATA[]]></item>
					<item id="navicon"><![CDATA[]]></item>
					<item id="navsubname"><![CDATA[]]></item>
					<item id="navsuburl"><![CDATA[]]></item>
				</item>
				<item id="1">
					<item id="name"><![CDATA[cack_addons]]></item>
					<item id="param"><![CDATA[c_ac=zhichi]]></item>
					<item id="menu"><![CDATA[<font style="color: #09c;">技術支持</font>]]></item>
					<item id="url"><![CDATA[]]></item>
					<item id="type"><![CDATA[3]]></item>
					<item id="adminid"><![CDATA[0]]></item>
					<item id="displayorder"><![CDATA[8]]></item>
					<item id="navtitle"><![CDATA[]]></item>
					<item id="navicon"><![CDATA[]]></item>
					<item id="navsubname"><![CDATA[]]></item>
					<item id="navsuburl"><![CDATA[]]></item>
				</item>
				<item id="2">
					<item id="name"><![CDATA[cack_addons]]></item>
					<item id="param"><![CDATA[c_ac=bug]]></item>
					<item id="menu"><![CDATA[<font style="color: #f00;">BUG反餽</font>]]></item>
					<item id="url"><![CDATA[]]></item>
					<item id="type"><![CDATA[3]]></item>
					<item id="adminid"><![CDATA[0]]></item>
					<item id="displayorder"><![CDATA[9]]></item>
					<item id="navtitle"><![CDATA[]]></item>
					<item id="navicon"><![CDATA[]]></item>
					<item id="navsubname"><![CDATA[]]></item>
					<item id="navsuburl"><![CDATA[]]></item>
				</item>
				<item id="3">
					<item id="name"><![CDATA[cack_addons]]></item>
					<item id="param"><![CDATA[c_ac=xinyue]]></item>
					<item id="menu"><![CDATA[<font style="color: #090;">網站助理</font>]]></item>
					<item id="url"><![CDATA[]]></item>
					<item id="type"><![CDATA[3]]></item>
					<item id="adminid"><![CDATA[0]]></item>
					<item id="displayorder"><![CDATA[10]]></item>
					<item id="navtitle"><![CDATA[]]></item>
					<item id="navicon"><![CDATA[]]></item>
					<item id="navsubname"><![CDATA[]]></item>
					<item id="navsuburl"><![CDATA[]]></item>
				</item>
				<item id="4">
					<item id="name"><![CDATA[cack_addons]]></item>
					<item id="param"><![CDATA[c_ac=addons]]></item>
					<item id="menu"><![CDATA[<font style="color: #f60;">獲取更多插件>>></font>]]></item>
					<item id="url"><![CDATA[]]></item>
					<item id="type"><![CDATA[3]]></item>
					<item id="adminid"><![CDATA[0]]></item>
					<item id="displayorder"><![CDATA[11]]></item>
					<item id="navtitle"><![CDATA[]]></item>
					<item id="navicon"><![CDATA[]]></item>
					<item id="navsubname"><![CDATA[]]></item>
					<item id="navsuburl"><![CDATA[]]></item>
				</item>
			</item>
		</item>
		<item id="version"><![CDATA[X3,X3.1,X3.2,X3.3,X3.4,F1.0,L1.0]]></item>
		<item id="var">
			<item id="0">
				<item id="displayorder"><![CDATA[1]]></item>
				<item id="title"><![CDATA[自動跳過時間]]></item>
				<item id="description"><![CDATA[秒]]></item>
				<item id="variable"><![CDATA[zdgbsj]]></item>
				<item id="type"><![CDATA[number]]></item>
				<item id="value"><![CDATA[10]]></item>
				<item id="extra"><![CDATA[]]></item>
			</item>
			<item id="1">
				<item id="displayorder"><![CDATA[2]]></item>
				<item id="title"><![CDATA[彈出間隔]]></item>
				<item id="description"><![CDATA[]]></item>
				<item id="variable"><![CDATA[tcjg]]></item>
				<item id="type"><![CDATA[select]]></item>
				<item id="value"><![CDATA[1]]></item>
				<item id="extra"><![CDATA[1 = 衹彈一次
2 = 自定義時間]]></item>
			</item>
			<item id="2">
				<item id="displayorder"><![CDATA[3]]></item>
				<item id="title"><![CDATA[間隔時間]]></item>
				<item id="description"><![CDATA[毫秒
24小時爲 86400000]]></item>
				<item id="variable"><![CDATA[jgsj]]></item>
				<item id="type"><![CDATA[number]]></item>
				<item id="value"><![CDATA[86400000]]></item>
				<item id="extra"><![CDATA[]]></item>
			</item>
			<item id="3">
				<item id="displayorder"><![CDATA[4]]></item>
				<item id="title"><![CDATA[自定義cookie時間變量]]></item>
				<item id="description"><![CDATA[保持默認即可
默認 appclicktime]]></item>
				<item id="variable"><![CDATA[appclicktime]]></item>
				<item id="type"><![CDATA[text]]></item>
				<item id="value"><![CDATA[appclicktime]]></item>
				<item id="extra"><![CDATA[]]></item>
			</item>
			<item id="4">
				<item id="displayorder"><![CDATA[5]]></item>
				<item id="title"><![CDATA[觸發位置]]></item>
				<item id="description"><![CDATA[如果您網站的首頁是門戶，那麽選擇“首次進入門戶首頁”即可，例如手機耑打開 http://bbs.talkop.com/ 就是進入網站門戶頁，那麽選擇“首次進入門戶首頁”即可
“首次進入網站” 觸發條件是 包括進去論罈版塊頁，帖子頁等都會彈出（僅首次訪問）]]></item>
				<item id="variable"><![CDATA[cfwz]]></item>
				<item id="type"><![CDATA[select]]></item>
				<item id="value"><![CDATA[4]]></item>
				<item id="extra"><![CDATA[1 = 首次進入門戶首頁
2 = 首次進入論罈首頁
3 = 首次進入導讀首頁
4 = 首次進入網站]]></item>
			</item>
			<item id="5">
				<item id="displayorder"><![CDATA[6]]></item>
				<item id="title"><![CDATA[跳過字段]]></item>
				<item id="description"><![CDATA[]]></item>
				<item id="variable"><![CDATA[tgzd]]></item>
				<item id="type"><![CDATA[text]]></item>
				<item id="value"><![CDATA[跳過]]></item>
				<item id="extra"><![CDATA[]]></item>
			</item>
			<item id="6">
				<item id="displayorder"><![CDATA[10]]></item>
				<item id="title"><![CDATA[圖片地址]]></item>
				<item id="description"><![CDATA[]]></item>
				<item id="variable"><![CDATA[tpdz]]></item>
				<item id="type"><![CDATA[text]]></item>
				<item id="value"><![CDATA[source/plugin/cack_appqdy/images/1.png]]></item>
				<item id="extra"><![CDATA[]]></item>
			</item>
			<item id="7">
				<item id="displayorder"><![CDATA[11]]></item>
				<item id="title"><![CDATA[跳轉鏈接]]></item>
				<item id="description"><![CDATA[]]></item>
				<item id="variable"><![CDATA[tzlj]]></item>
				<item id="type"><![CDATA[text]]></item>
				<item id="value"><![CDATA[#]]></item>
				<item id="extra"><![CDATA[]]></item>
			</item>
			<item id="8">
				<item id="displayorder"><![CDATA[20]]></item>
				<item id="title"><![CDATA[jQuery.noConflict]]></item>
				<item id="description"><![CDATA[]]></item>
				<item id="variable"><![CDATA[jql]]></item>
				<item id="type"><![CDATA[text]]></item>
				<item id="value"><![CDATA[$]]></item>
				<item id="extra"><![CDATA[]]></item>
			</item>
		</item>
	</item>
</root>