<?xml version="1.0" encoding="ISO-8859-1"?>
<root>
	<item id="Title"><![CDATA[Discuz! Plugin]]></item>
	<item id="Version"><![CDATA[X3.4]]></item>
	<item id="Time"><![CDATA[2019-11-04 10:05]]></item>
	<item id="From"><![CDATA[DisM!应用中心 (https://dism.taobao.com/)]]></item>
	<item id="Data">
		<item id="plugin">
			<item id="available"><![CDATA[1]]></item>
			<item id="adminid"><![CDATA[1]]></item>
			<item id="name"><![CDATA[Cack！APP启动页]]></item>
			<item id="identifier"><![CDATA[cack_appqdy]]></item>
			<item id="description"><![CDATA[]]></item>
			<item id="datatables"><![CDATA[]]></item>
			<item id="directory"><![CDATA[cack_appqdy/]]></item>
			<item id="copyright"><![CDATA[DisM!应用中心(dism.taobao.com)]]></item>
			<item id="version"><![CDATA[4.0]]></item>
			<item id="__modules">
				<item id="0">
					<item id="name"><![CDATA[hook]]></item>
					<item id="param"><![CDATA[]]></item>
					<item id="menu"><![CDATA[]]></item>
					<item id="url"><![CDATA[]]></item>
					<item id="type"><![CDATA[28]]></item>
					<item id="adminid"><![CDATA[0]]></item>
					<item id="displayorder"><![CDATA[0]]></item>
					<item id="navtitle"><![CDATA[]]></item>
					<item id="navicon"><![CDATA[]]></item>
					<item id="navsubname"><![CDATA[]]></item>
					<item id="navsuburl"><![CDATA[]]></item>
				</item>
				<item id="1">
					<item id="name"><![CDATA[cack_addons]]></item>
					<item id="param"><![CDATA[c_ac=zhichi]]></item>
					<item id="menu"><![CDATA[<style>@keyframes rans {from{backgroud-position: 0 0;}to{background-position: 2000px 0;}}</style> <font style="background: -webkit-linear-gradient(18deg, #3300CC, #660099, #990066, #CC0033, #FF9999, #FF4400, #3300CC); 	background: -moz-linear-gradient(18deg, #3300CC, #660099, #990066, #CC0033, #FF9999, #FF4400, #3300CC); 	background: -ms-linear-gradient(18deg, #3300CC, #660099, #990066, #CC0033, #FF9999, #FF4400, #3300CC);animation: rans 18s linear infinite;-webkit-background-clip: text;color: transparent;">获取更多DisM!插件</font>]]></item>
					<item id="url"><![CDATA[]]></item>
					<item id="type"><![CDATA[3]]></item>
					<item id="adminid"><![CDATA[0]]></item>
					<item id="displayorder"><![CDATA[8]]></item>
					<item id="navtitle"><![CDATA[]]></item>
					<item id="navicon"><![CDATA[]]></item>
					<item id="navsubname"><![CDATA[]]></item>
					<item id="navsuburl"><![CDATA[]]></item>
				</item>
				<item id="2">
					<item id="name"><![CDATA[cack_addons]]></item>
					<item id="param"><![CDATA[c_ac=bug]]></item>
					<item id="menu"><![CDATA[<style>@keyframes rans {from{backgroud-position: 0 0;}to{background-position: 2000px 0;}}</style> <font style="background: -webkit-linear-gradient(18deg, #09c, #2366a8, #090, #ff9, #f4e4b4, #FF4400, #c00);background: -moz-linear-gradient(18deg, #3300CC, #660099, #990066, #CC0033, #FF9999, #FF4400, #3300CC);background: -ms-linear-gradient(18deg, #3300CC, #660099, #990066, #CC0033, #FF9999, #FF4400, #3300CC);animation: rans 18s linear infinite;-webkit-background-clip: text;color: transparent;">更新插件</font>]]></item>
					<item id="url"><![CDATA[]]></item>
					<item id="type"><![CDATA[3]]></item>
					<item id="adminid"><![CDATA[0]]></item>
					<item id="displayorder"><![CDATA[9]]></item>
					<item id="navtitle"><![CDATA[]]></item>
					<item id="navicon"><![CDATA[]]></item>
					<item id="navsubname"><![CDATA[]]></item>
					<item id="navsuburl"><![CDATA[]]></item>
				</item>
				<item id="3">
					<item id="name"><![CDATA[cack_addons]]></item>
					<item id="param"><![CDATA[c_ac=xinyue]]></item>
					<item id="menu"><![CDATA[<font style="color: #090;">网站助理</font>]]></item>
					<item id="url"><![CDATA[]]></item>
					<item id="type"><![CDATA[3]]></item>
					<item id="adminid"><![CDATA[0]]></item>
					<item id="displayorder"><![CDATA[10]]></item>
					<item id="navtitle"><![CDATA[]]></item>
					<item id="navicon"><![CDATA[]]></item>
					<item id="navsubname"><![CDATA[]]></item>
					<item id="navsuburl"><![CDATA[]]></item>
				</item>
				<item id="4">
					<item id="name"><![CDATA[cack_addons]]></item>
					<item id="param"><![CDATA[c_ac=addons]]></item>
					<item id="menu"><![CDATA[<font color="#FF00FF">D</font><font color="#D500FF">i</font><font color="#AB00FF">s</font><font color="#8100FF">M</font><font color="#8000FF">!</font><font color="#7500E9">应</font><font color="#FF00FF">用</font><font color="#D500FF">中</font><font color="#AB00FF">心</font>]]></item>
					<item id="url"><![CDATA[]]></item>
					<item id="type"><![CDATA[3]]></item>
					<item id="adminid"><![CDATA[0]]></item>
					<item id="displayorder"><![CDATA[11]]></item>
					<item id="navtitle"><![CDATA[]]></item>
					<item id="navicon"><![CDATA[]]></item>
					<item id="navsubname"><![CDATA[]]></item>
					<item id="navsuburl"><![CDATA[]]></item>
				</item>
			</item>
		</item>
		<item id="version"><![CDATA[X3,X3.1,X3.2,X3.3,X3.4,F1.0,L1.0]]></item>
		<item id="var">
			<item id="0">
				<item id="displayorder"><![CDATA[1]]></item>
				<item id="title"><![CDATA[自动跳过时间]]></item>
				<item id="description"><![CDATA[秒]]></item>
				<item id="variable"><![CDATA[zdgbsj]]></item>
				<item id="type"><![CDATA[number]]></item>
				<item id="value"><![CDATA[10]]></item>
				<item id="extra"><![CDATA[]]></item>
			</item>
			<item id="1">
				<item id="displayorder"><![CDATA[2]]></item>
				<item id="title"><![CDATA[弹出间隔]]></item>
				<item id="description"><![CDATA[]]></item>
				<item id="variable"><![CDATA[tcjg]]></item>
				<item id="type"><![CDATA[select]]></item>
				<item id="value"><![CDATA[1]]></item>
				<item id="extra"><![CDATA[1 = 只弹一次
2 = 自定义时间]]></item>
			</item>
			<item id="2">
				<item id="displayorder"><![CDATA[3]]></item>
				<item id="title"><![CDATA[间隔时间]]></item>
				<item id="description"><![CDATA[毫秒
24小时为 86400000]]></item>
				<item id="variable"><![CDATA[jgsj]]></item>
				<item id="type"><![CDATA[number]]></item>
				<item id="value"><![CDATA[86400000]]></item>
				<item id="extra"><![CDATA[]]></item>
			</item>
			<item id="3">
				<item id="displayorder"><![CDATA[4]]></item>
				<item id="title"><![CDATA[自定义cookie时间变量]]></item>
				<item id="description"><![CDATA[保持默认即可
默认 appclicktime]]></item>
				<item id="variable"><![CDATA[appclicktime]]></item>
				<item id="type"><![CDATA[text]]></item>
				<item id="value"><![CDATA[appclicktime]]></item>
				<item id="extra"><![CDATA[]]></item>
			</item>
			<item id="4">
				<item id="displayorder"><![CDATA[5]]></item>
				<item id="title"><![CDATA[触发位置]]></item>
				<item id="description"><![CDATA[如果您网站的首页是门户，那么选择“首次进入门户首页”即可，例如手机端打开 http://bbs.talkop.com/ 就是进入网站门户页，那么选择“首次进入门户首页”即可
“首次进入网站” 触发条件是 包括进去论坛版块页，帖子页等都会弹出（仅首次访问）]]></item>
				<item id="variable"><![CDATA[cfwz]]></item>
				<item id="type"><![CDATA[select]]></item>
				<item id="value"><![CDATA[4]]></item>
				<item id="extra"><![CDATA[1 = 首次进入门户首页
2 = 首次进入论坛首页
3 = 首次进入导读首页
4 = 首次进入网站]]></item>
			</item>
			<item id="5">
				<item id="displayorder"><![CDATA[6]]></item>
				<item id="title"><![CDATA[跳过字段]]></item>
				<item id="description"><![CDATA[]]></item>
				<item id="variable"><![CDATA[tgzd]]></item>
				<item id="type"><![CDATA[text]]></item>
				<item id="value"><![CDATA[跳过]]></item>
				<item id="extra"><![CDATA[]]></item>
			</item>
			<item id="6">
				<item id="displayorder"><![CDATA[10]]></item>
				<item id="title"><![CDATA[图片地址]]></item>
				<item id="description"><![CDATA[]]></item>
				<item id="variable"><![CDATA[tpdz]]></item>
				<item id="type"><![CDATA[text]]></item>
				<item id="value"><![CDATA[source/plugin/cack_appqdy/images/1.png]]></item>
				<item id="extra"><![CDATA[]]></item>
			</item>
			<item id="7">
				<item id="displayorder"><![CDATA[11]]></item>
				<item id="title"><![CDATA[跳转链接]]></item>
				<item id="description"><![CDATA[]]></item>
				<item id="variable"><![CDATA[tzlj]]></item>
				<item id="type"><![CDATA[text]]></item>
				<item id="value"><![CDATA[#]]></item>
				<item id="extra"><![CDATA[]]></item>
			</item>
			<item id="8">
				<item id="displayorder"><![CDATA[20]]></item>
				<item id="title"><![CDATA[jQuery.noConflict]]></item>
				<item id="description"><![CDATA[]]></item>
				<item id="variable"><![CDATA[jql]]></item>
				<item id="type"><![CDATA[text]]></item>
				<item id="value"><![CDATA[$]]></item>
				<item id="extra"><![CDATA[]]></item>
			</item>
		</item>
	</item>
</root>