<?xml version="1.0" encoding="ISO-8859-1"?>
<root>
	<item id="spacecss"><![CDATA[]]></item>
	<item id="layoutdata">
		<item id="nex_vip_banner_inner">
			<item id="frame`frameGv1guy">
				<item id="attr">
					<item id="name"><![CDATA[frameGv1guy]]></item>
					<item id="moveable"><![CDATA[true]]></item>
					<item id="className"><![CDATA[frame move-span cl frame-1]]></item>
					<item id="titles"><![CDATA[]]></item>
				</item>
				<item id="column`frameGv1guy_left">
					<item id="attr">
						<item id="name"><![CDATA[frameGv1guy_left]]></item>
						<item id="className"><![CDATA[column frame-1-c]]></item>
					</item>
					<item id="block`portal_block_142">
						<item id="attr">
							<item id="name"><![CDATA[portal_block_142]]></item>
							<item id="className"><![CDATA[block move-span]]></item>
							<item id="titles"><![CDATA[]]></item>
						</item>
					</item>
				</item>
			</item>
		</item>
		<item id="nex_vip_intro_form">
			<item id="frame`frameEJT5Ui">
				<item id="attr">
					<item id="name"><![CDATA[frameEJT5Ui]]></item>
					<item id="moveable"><![CDATA[true]]></item>
					<item id="className"><![CDATA[frame move-span cl frame-1]]></item>
					<item id="titles"><![CDATA[]]></item>
				</item>
				<item id="column`frameEJT5Ui_left">
					<item id="attr">
						<item id="name"><![CDATA[frameEJT5Ui_left]]></item>
						<item id="className"><![CDATA[column frame-1-c]]></item>
					</item>
					<item id="block`portal_block_143">
						<item id="attr">
							<item id="name"><![CDATA[portal_block_143]]></item>
							<item id="className"><![CDATA[block move-span]]></item>
							<item id="titles"><![CDATA[]]></item>
						</item>
					</item>
				</item>
			</item>
		</item>
		<item id="nex_vip_qqkefu">
			<item id="frame`frameQ48hPh">
				<item id="attr">
					<item id="name"><![CDATA[frameQ48hPh]]></item>
					<item id="moveable"><![CDATA[true]]></item>
					<item id="className"><![CDATA[frame move-span cl frame-1]]></item>
					<item id="titles"><![CDATA[]]></item>
				</item>
				<item id="column`frameQ48hPh_left">
					<item id="attr">
						<item id="name"><![CDATA[frameQ48hPh_left]]></item>
						<item id="className"><![CDATA[column frame-1-c]]></item>
					</item>
					<item id="block`portal_block_144">
						<item id="attr">
							<item id="name"><![CDATA[portal_block_144]]></item>
							<item id="className"><![CDATA[block move-span]]></item>
							<item id="titles"><![CDATA[]]></item>
						</item>
					</item>
				</item>
			</item>
		</item>
		<item id="nex_vip_advbox">
			<item id="frame`frameXIupKK">
				<item id="attr">
					<item id="name"><![CDATA[frameXIupKK]]></item>
					<item id="moveable"><![CDATA[true]]></item>
					<item id="className"><![CDATA[frame move-span cl frame-1]]></item>
					<item id="titles"><![CDATA[]]></item>
				</item>
				<item id="column`frameXIupKK_left">
					<item id="attr">
						<item id="name"><![CDATA[frameXIupKK_left]]></item>
						<item id="className"><![CDATA[column frame-1-c]]></item>
					</item>
					<item id="block`portal_block_145">
						<item id="attr">
							<item id="name"><![CDATA[portal_block_145]]></item>
							<item id="className"><![CDATA[block move-span]]></item>
							<item id="titles"><![CDATA[]]></item>
						</item>
					</item>
				</item>
			</item>
		</item>
	</item>
	<item id="blockdata">
		<item id="block">
			<item id="142">
				<item id="bid"><![CDATA[142]]></item>
				<item id="blockclass"><![CDATA[html_html]]></item>
				<item id="blocktype"><![CDATA[0]]></item>
				<item id="name"><![CDATA[VIP顶部]]></item>
				<item id="title"><![CDATA[]]></item>
				<item id="classname"><![CDATA[]]></item>
				<item id="summary"><![CDATA[<h3>开通VIP，畅享全站免费下载</h3>
            <div class="nex_vip_title"><em>VIP特权</em></div>
            <div class="nex_vip_items">
            	<ul>
                	<li>
                    	<img src="template/nex_beauti_200202/neoconex/vip/nex_icon_ppt.png" />
                        <p>PPT模板</p>
                    </li>
                    <li>
                    	<img src="template/nex_beauti_200202/neoconex/vip/nex_icon_word.png" />
                        <p>Word文档</p>
                    </li>
                    <li>
                    	<img src="template/nex_beauti_200202/neoconex/vip/nex_icon_excel.png" />
                        <p>Excel表格</p>
                    </li>
                    <li>
                    	<img src="template/nex_beauti_200202/neoconex/vip/nex_icon_png.png" />
                        <p>元素背景</p>
                    </li>
                    <li>
                    	<img src="template/nex_beauti_200202/neoconex/vip/nex_icon_ads.png" />
                        <p>广告设计</p>
                    </li>
                    <li>
                    	<img src="template/nex_beauti_200202/neoconex/vip/nex_icon_video.png" />
                        <p>视频模板</p>
                    </li>
                    <li>
                    	<img src="template/nex_beauti_200202/neoconex/vip/nex_icon_music.png" />
                        <p>音效配乐</p>
                    </li>
                    <li>
                    	<img src="template/nex_beauti_200202/neoconex/vip/nex_icon_zt.png" />
                        <p>字体库</p>
                    </li>
                    <div class="clear"></div>
                </ul>
            </div>
        	<a href="#" target="_blank">开通会员</a>]]></item>
				<item id="uid"><![CDATA[1]]></item>
				<item id="username"><![CDATA[admin]]></item>
				<item id="styleid"><![CDATA[0]]></item>
				<item id="blockstyle"><![CDATA[]]></item>
				<item id="picwidth"><![CDATA[0]]></item>
				<item id="picheight"><![CDATA[0]]></item>
				<item id="target"><![CDATA[blank]]></item>
				<item id="dateformat"><![CDATA[Y-m-d]]></item>
				<item id="dateuformat"><![CDATA[0]]></item>
				<item id="script"><![CDATA[blank]]></item>
				<item id="param">
					<item id="content"><![CDATA[<h3>开通VIP，畅享全站免费下载</h3>
            <div class=\"nex_vip_title\"><em>VIP特权</em></div>
            <div class=\"nex_vip_items\">
            	<ul>
                	<li>
                    	<img src=\"template/nex_beauti_200202/neoconex/vip/nex_icon_ppt.png\" />
                        <p>PPT模板</p>
                    </li>
                    <li>
                    	<img src=\"template/nex_beauti_200202/neoconex/vip/nex_icon_word.png\" />
                        <p>Word文档</p>
                    </li>
                    <li>
                    	<img src=\"template/nex_beauti_200202/neoconex/vip/nex_icon_excel.png\" />
                        <p>Excel表格</p>
                    </li>
                    <li>
                    	<img src=\"template/nex_beauti_200202/neoconex/vip/nex_icon_png.png\" />
                        <p>元素背景</p>
                    </li>
                    <li>
                    	<img src=\"template/nex_beauti_200202/neoconex/vip/nex_icon_ads.png\" />
                        <p>广告设计</p>
                    </li>
                    <li>
                    	<img src=\"template/nex_beauti_200202/neoconex/vip/nex_icon_video.png\" />
                        <p>视频模板</p>
                    </li>
                    <li>
                    	<img src=\"template/nex_beauti_200202/neoconex/vip/nex_icon_music.png\" />
                        <p>音效配乐</p>
                    </li>
                    <li>
                    	<img src=\"template/nex_beauti_200202/neoconex/vip/nex_icon_zt.png\" />
                        <p>字体库</p>
                    </li>
                    <div class=\"clear\"></div>
                </ul>
            </div>
        	<a href=\"#\" target=\"_blank\">开通会员</a>]]></item>
					<item id="items"><![CDATA[10]]></item>
				</item>
				<item id="shownum"><![CDATA[10]]></item>
				<item id="cachetime"><![CDATA[0]]></item>
				<item id="cachetimerange"><![CDATA[0,0]]></item>
				<item id="punctualupdate"><![CDATA[0]]></item>
				<item id="hidedisplay"><![CDATA[0]]></item>
				<item id="dateline"><![CDATA[1582172655]]></item>
				<item id="notinherited"><![CDATA[0]]></item>
				<item id="isblank"><![CDATA[0]]></item>
			</item>
			<item id="143">
				<item id="bid"><![CDATA[143]]></item>
				<item id="blockclass"><![CDATA[html_html]]></item>
				<item id="blocktype"><![CDATA[0]]></item>
				<item id="name"><![CDATA[VIP中部表格]]></item>
				<item id="title"><![CDATA[]]></item>
				<item id="classname"><![CDATA[]]></item>
				<item id="summary"><![CDATA[<li>
            <span class="nex_vip_tse">功能特权</span>
            <span class="nex_vip_line"></span>
            <span class="nex_vip_ptt">下载权限</span>
            <span class="nex_vip_ptt">全站下载</span>
            <span class="nex_vip_ptt">每日更新</span>
            <span class="nex_vip_ptt">海量收藏权限</span>
            <span class="nex_vip_ptt">高速下载</span>
            <span class="nex_vip_ptt">优先客服接待</span>
            <span class="nex_vip_ptt">身份铭牌</span>
        </li>
        <li class="nex_intro_form_more nex_intro_form_more2">
            <div class="nex_vip_form_top">【超值】即将恢复原价</div>
            <span class="nex_vip_taoc">终身VIP</span>
            <span class="nex_vip_qian"><em>￥</em>199<b>原价299</b></span>
            <a href="#" target="_blank">开通会员</a>
            <span class="nex_vip_pt nex_vip_jc">任意下载</span>
            <span class="nex_vip_gou"><i></i></span>
            <span class="nex_vip_gou"><i></i></span>
            <span class="nex_vip_gou"><i></i></span>
            <span class="nex_vip_gou"><i></i></span>
            <span class="nex_vip_gou"><i></i></span>
            <span class="nex_vip_gou"><i></i></span>
        </li>
        <li class="nex_intro_form_more">
            <div class="nex_vip_form_top nex_vip_form_top2">【活动】买1年送1年</div>
            <span class="nex_vip_taoc">包年VIP</span>
            <span class="nex_vip_qian"><em>￥</em>99</span>
            <a href="#" target="_blank">开通会员</a>
            <span class="nex_vip_pt nex_vip_jc">任意下载</span>
            <span class="nex_vip_gou"><i></i></span>
            <span class="nex_vip_gou"><i></i></span>
            <span class="nex_vip_gou"><i></i></span>
            <span class="nex_vip_gou"><i></i></span>
            <span class="nex_vip_gou"><i></i></span>
            <span class="nex_vip_gou"><i></i></span>
        </li>
        <li class="nex_intro_form_more">
            <span class="nex_vip_taoc">包年VIP</span>
            <span class="nex_vip_qian"><em>￥</em>49</span>
            <a href="#" target="_blank">开通会员</a>
            <span class="nex_vip_pt nex_vip_jc">10个/天</span>
            <span class="nex_vip_gou"><i></i></span>
            <span class="nex_vip_gou"><i></i></span>
            <span class="nex_vip_gou"><i></i></span>
            <span class="nex_vip_gou"><i></i></span>
            <span class="nex_vip_gou"><i></i></span>
            <span class="nex_vip_gou"><i></i></span>
        </li>
        <li class="nex_intro_form_more">
            <span class="nex_vip_taoc">包日VIP</span>
            <span class="nex_vip_qian"><em>￥</em>19</span>
            <a href="#" target="_blank">开通会员</a>
            <span class="nex_vip_pt nex_vip_jc">2个/天</span>
            <span class="nex_vip_gou"><i></i></span>
            <span class="nex_vip_gou"><i></i></span>
            <span class="nex_vip_gou"><i></i></span>
            <span class="nex_vip_xia"><i></i></span>
            <span class="nex_vip_xia"><i></i></span>
            <span class="nex_vip_xia"><i></i></span>
        </li>
        <li class="nex_intro_form_more">
            <span class="nex_vip_taoc">普通用户</span>
            <span class="nex_vip_qian"><em>￥</em>0</span>
            <a class="nex_vip_heibai">注册即可</a>
            <span class="nex_vip_pt nex_vip_jc">2个/天 <em>（限分类）</em>
                <div class="nex_vip_notice">
                    <div class="nex_vip_not">
                        <div class="nex_vip_noone">可下载分类</div>   
                        <div class="nex_vip_notwo">PPT图表/广告设计/摄影图</div>   
                    </div>
                </div>
            </span>
            <span class="nex_vip_xia"><i></i></span>
            <span class="nex_vip_xia"><i></i></span>
            <span class="nex_vip_xia"><i></i></span>
            <span class="nex_vip_xia"><i></i></span>
            <span class="nex_vip_xia"><i></i></span>
            <span class="nex_vip_xia"><i></i></span>
        </li>]]></item>
				<item id="uid"><![CDATA[1]]></item>
				<item id="username"><![CDATA[admin]]></item>
				<item id="styleid"><![CDATA[0]]></item>
				<item id="blockstyle"><![CDATA[]]></item>
				<item id="picwidth"><![CDATA[0]]></item>
				<item id="picheight"><![CDATA[0]]></item>
				<item id="target"><![CDATA[blank]]></item>
				<item id="dateformat"><![CDATA[Y-m-d]]></item>
				<item id="dateuformat"><![CDATA[0]]></item>
				<item id="script"><![CDATA[blank]]></item>
				<item id="param">
					<item id="content"><![CDATA[<li>
            <span class=\"nex_vip_tse\">功能特权</span>
            <span class=\"nex_vip_line\"></span>
            <span class=\"nex_vip_ptt\">下载权限</span>
            <span class=\"nex_vip_ptt\">全站下载</span>
            <span class=\"nex_vip_ptt\">每日更新</span>
            <span class=\"nex_vip_ptt\">海量收藏权限</span>
            <span class=\"nex_vip_ptt\">高速下载</span>
            <span class=\"nex_vip_ptt\">优先客服接待</span>
            <span class=\"nex_vip_ptt\">身份铭牌</span>
        </li>
        <li class=\"nex_intro_form_more nex_intro_form_more2\">
            <div class=\"nex_vip_form_top\">【超值】即将恢复原价</div>
            <span class=\"nex_vip_taoc\">终身VIP</span>
            <span class=\"nex_vip_qian\"><em>￥</em>199<b>原价299</b></span>
            <a href=\"#\" target=\"_blank\">开通会员</a>
            <span class=\"nex_vip_pt nex_vip_jc\">任意下载</span>
            <span class=\"nex_vip_gou\"><i></i></span>
            <span class=\"nex_vip_gou\"><i></i></span>
            <span class=\"nex_vip_gou\"><i></i></span>
            <span class=\"nex_vip_gou\"><i></i></span>
            <span class=\"nex_vip_gou\"><i></i></span>
            <span class=\"nex_vip_gou\"><i></i></span>
        </li>
        <li class=\"nex_intro_form_more\">
            <div class=\"nex_vip_form_top nex_vip_form_top2\">【活动】买1年送1年</div>
            <span class=\"nex_vip_taoc\">包年VIP</span>
            <span class=\"nex_vip_qian\"><em>￥</em>99</span>
            <a href=\"#\" target=\"_blank\">开通会员</a>
            <span class=\"nex_vip_pt nex_vip_jc\">任意下载</span>
            <span class=\"nex_vip_gou\"><i></i></span>
            <span class=\"nex_vip_gou\"><i></i></span>
            <span class=\"nex_vip_gou\"><i></i></span>
            <span class=\"nex_vip_gou\"><i></i></span>
            <span class=\"nex_vip_gou\"><i></i></span>
            <span class=\"nex_vip_gou\"><i></i></span>
        </li>
        <li class=\"nex_intro_form_more\">
            <span class=\"nex_vip_taoc\">包年VIP</span>
            <span class=\"nex_vip_qian\"><em>￥</em>49</span>
            <a href=\"#\" target=\"_blank\">开通会员</a>
            <span class=\"nex_vip_pt nex_vip_jc\">10个/天</span>
            <span class=\"nex_vip_gou\"><i></i></span>
            <span class=\"nex_vip_gou\"><i></i></span>
            <span class=\"nex_vip_gou\"><i></i></span>
            <span class=\"nex_vip_gou\"><i></i></span>
            <span class=\"nex_vip_gou\"><i></i></span>
            <span class=\"nex_vip_gou\"><i></i></span>
        </li>
        <li class=\"nex_intro_form_more\">
            <span class=\"nex_vip_taoc\">包日VIP</span>
            <span class=\"nex_vip_qian\"><em>￥</em>19</span>
            <a href=\"#\" target=\"_blank\">开通会员</a>
            <span class=\"nex_vip_pt nex_vip_jc\">2个/天</span>
            <span class=\"nex_vip_gou\"><i></i></span>
            <span class=\"nex_vip_gou\"><i></i></span>
            <span class=\"nex_vip_gou\"><i></i></span>
            <span class=\"nex_vip_xia\"><i></i></span>
            <span class=\"nex_vip_xia\"><i></i></span>
            <span class=\"nex_vip_xia\"><i></i></span>
        </li>
        <li class=\"nex_intro_form_more\">
            <span class=\"nex_vip_taoc\">普通用户</span>
            <span class=\"nex_vip_qian\"><em>￥</em>0</span>
            <a class=\"nex_vip_heibai\">注册即可</a>
            <span class=\"nex_vip_pt nex_vip_jc\">2个/天 <em>（限分类）</em>
                <div class=\"nex_vip_notice\">
                    <div class=\"nex_vip_not\">
                        <div class=\"nex_vip_noone\">可下载分类</div>   
                        <div class=\"nex_vip_notwo\">PPT图表/广告设计/摄影图</div>   
                    </div>
                </div>
            </span>
            <span class=\"nex_vip_xia\"><i></i></span>
            <span class=\"nex_vip_xia\"><i></i></span>
            <span class=\"nex_vip_xia\"><i></i></span>
            <span class=\"nex_vip_xia\"><i></i></span>
            <span class=\"nex_vip_xia\"><i></i></span>
            <span class=\"nex_vip_xia\"><i></i></span>
        </li>]]></item>
					<item id="items"><![CDATA[10]]></item>
				</item>
				<item id="shownum"><![CDATA[10]]></item>
				<item id="cachetime"><![CDATA[3600]]></item>
				<item id="cachetimerange"><![CDATA[]]></item>
				<item id="punctualupdate"><![CDATA[0]]></item>
				<item id="hidedisplay"><![CDATA[0]]></item>
				<item id="dateline"><![CDATA[1583135831]]></item>
				<item id="notinherited"><![CDATA[0]]></item>
				<item id="isblank"><![CDATA[0]]></item>
			</item>
			<item id="144">
				<item id="bid"><![CDATA[144]]></item>
				<item id="blockclass"><![CDATA[html_html]]></item>
				<item id="blocktype"><![CDATA[0]]></item>
				<item id="name"><![CDATA[VIP客服]]></item>
				<item id="title"><![CDATA[]]></item>
				<item id="classname"><![CDATA[]]></item>
				<item id="summary"><![CDATA[对套餐使用情况如有疑问，欢迎您随时咨询
      <a href="#" target="_blank">在线客服</a>]]></item>
				<item id="uid"><![CDATA[1]]></item>
				<item id="username"><![CDATA[admin]]></item>
				<item id="styleid"><![CDATA[0]]></item>
				<item id="blockstyle"><![CDATA[]]></item>
				<item id="picwidth"><![CDATA[0]]></item>
				<item id="picheight"><![CDATA[0]]></item>
				<item id="target"><![CDATA[blank]]></item>
				<item id="dateformat"><![CDATA[Y-m-d]]></item>
				<item id="dateuformat"><![CDATA[0]]></item>
				<item id="script"><![CDATA[blank]]></item>
				<item id="param">
					<item id="content"><![CDATA[对套餐使用情况如有疑问，欢迎您随时咨询
      <a href=\"#\" target=\"_blank\">在线客服</a>]]></item>
					<item id="items"><![CDATA[10]]></item>
				</item>
				<item id="shownum"><![CDATA[10]]></item>
				<item id="cachetime"><![CDATA[3600]]></item>
				<item id="cachetimerange"><![CDATA[]]></item>
				<item id="punctualupdate"><![CDATA[0]]></item>
				<item id="hidedisplay"><![CDATA[0]]></item>
				<item id="dateline"><![CDATA[1583135835]]></item>
				<item id="notinherited"><![CDATA[0]]></item>
				<item id="isblank"><![CDATA[0]]></item>
			</item>
			<item id="145">
				<item id="bid"><![CDATA[145]]></item>
				<item id="blockclass"><![CDATA[html_html]]></item>
				<item id="blocktype"><![CDATA[0]]></item>
				<item id="name"><![CDATA[VIP特权服务]]></item>
				<item id="title"><![CDATA[]]></item>
				<item id="classname"><![CDATA[]]></item>
				<item id="summary"><![CDATA[<div class="nex_vip_advbox_title">VIP特权服务</div>
        <div class="nex_vip_advbox_lists">
        	<ul>
                <li>
                  <i class="ione"></i>
                  <span>每日更新</span>
                </li>
                <li>
                  <i class="itwo"></i>
                  <span>权益保障</span>
                </li>
                <li>
                  <i class="ithree"></i>
                  <span>贴心客服</span>
                </li>
                <li>
                  <i class="ifour"></i>
                  <span>精品模板</span>
                </li>
                <li>
                  <i class="ifive"></i>
                  <span>高速下载</span>
                </li>
                <div class="clear"></div>
            </ul>
        </div>
        <div class="nex_openvip"><a target="_blank" href="#">开通会员</a></div>]]></item>
				<item id="uid"><![CDATA[1]]></item>
				<item id="username"><![CDATA[admin]]></item>
				<item id="styleid"><![CDATA[0]]></item>
				<item id="blockstyle"><![CDATA[]]></item>
				<item id="picwidth"><![CDATA[0]]></item>
				<item id="picheight"><![CDATA[0]]></item>
				<item id="target"><![CDATA[blank]]></item>
				<item id="dateformat"><![CDATA[Y-m-d]]></item>
				<item id="dateuformat"><![CDATA[0]]></item>
				<item id="script"><![CDATA[blank]]></item>
				<item id="param">
					<item id="content"><![CDATA[<div class=\"nex_vip_advbox_title\">VIP特权服务</div>
        <div class=\"nex_vip_advbox_lists\">
        	<ul>
                <li>
                  <i class=\"ione\"></i>
                  <span>每日更新</span>
                </li>
                <li>
                  <i class=\"itwo\"></i>
                  <span>权益保障</span>
                </li>
                <li>
                  <i class=\"ithree\"></i>
                  <span>贴心客服</span>
                </li>
                <li>
                  <i class=\"ifour\"></i>
                  <span>精品模板</span>
                </li>
                <li>
                  <i class=\"ifive\"></i>
                  <span>高速下载</span>
                </li>
                <div class=\"clear\"></div>
            </ul>
        </div>
        <div class=\"nex_openvip\"><a target=\"_blank\" href=\"#\">开通会员</a></div>]]></item>
					<item id="items"><![CDATA[10]]></item>
				</item>
				<item id="shownum"><![CDATA[10]]></item>
				<item id="cachetime"><![CDATA[3600]]></item>
				<item id="cachetimerange"><![CDATA[]]></item>
				<item id="punctualupdate"><![CDATA[0]]></item>
				<item id="hidedisplay"><![CDATA[0]]></item>
				<item id="dateline"><![CDATA[1583044582]]></item>
				<item id="notinherited"><![CDATA[0]]></item>
				<item id="isblank"><![CDATA[0]]></item>
			</item>
		</item>
		<item id="style">
		</item>
	</item>
</root>