<?xml version="1.0" encoding="ISO-8859-1"?>
<root>
	<item id="spacecss"><![CDATA[]]></item>
	<item id="layoutdata">
		<item id="diy_chart"><![CDATA[]]></item>
		<item id="nex_sort_read_list1">
			<item id="frame`frameiq481m">
				<item id="attr">
					<item id="name"><![CDATA[frameiq481m]]></item>
					<item id="moveable"><![CDATA[true]]></item>
					<item id="className"><![CDATA[frame move-span cl frame-1]]></item>
					<item id="titles"><![CDATA[]]></item>
				</item>
				<item id="column`frameiq481m_left">
					<item id="attr">
						<item id="name"><![CDATA[frameiq481m_left]]></item>
						<item id="className"><![CDATA[column frame-1-c]]></item>
					</item>
					<item id="block`portal_block_171">
						<item id="attr">
							<item id="name"><![CDATA[portal_block_171]]></item>
							<item id="className"><![CDATA[block move-span]]></item>
							<item id="titles"><![CDATA[]]></item>
						</item>
					</item>
				</item>
			</item>
		</item>
		<item id="nex_sort_read_list12">
			<item id="frame`framefcNE7Y">
				<item id="attr">
					<item id="name"><![CDATA[framefcNE7Y]]></item>
					<item id="moveable"><![CDATA[true]]></item>
					<item id="className"><![CDATA[frame move-span cl frame-1]]></item>
					<item id="titles"><![CDATA[]]></item>
				</item>
				<item id="column`framefcNE7Y_left">
					<item id="attr">
						<item id="name"><![CDATA[framefcNE7Y_left]]></item>
						<item id="className"><![CDATA[column frame-1-c]]></item>
					</item>
					<item id="block`portal_block_172">
						<item id="attr">
							<item id="name"><![CDATA[portal_block_172]]></item>
							<item id="className"><![CDATA[block move-span]]></item>
							<item id="titles"><![CDATA[]]></item>
						</item>
					</item>
				</item>
			</item>
		</item>
		<item id="nex_sort_read_list13">
			<item id="frame`frameh50DX5">
				<item id="attr">
					<item id="name"><![CDATA[frameh50DX5]]></item>
					<item id="moveable"><![CDATA[true]]></item>
					<item id="className"><![CDATA[frame move-span cl frame-1]]></item>
					<item id="titles"><![CDATA[]]></item>
				</item>
				<item id="column`frameh50DX5_left">
					<item id="attr">
						<item id="name"><![CDATA[frameh50DX5_left]]></item>
						<item id="className"><![CDATA[column frame-1-c]]></item>
					</item>
					<item id="block`portal_block_173">
						<item id="attr">
							<item id="name"><![CDATA[portal_block_173]]></item>
							<item id="className"><![CDATA[block move-span]]></item>
							<item id="titles"><![CDATA[]]></item>
						</item>
					</item>
				</item>
			</item>
		</item>
		<item id="nex_sort_read_list11">
			<item id="frame`framehvGgIF">
				<item id="attr">
					<item id="name"><![CDATA[framehvGgIF]]></item>
					<item id="moveable"><![CDATA[true]]></item>
					<item id="className"><![CDATA[frame move-span cl frame-1]]></item>
					<item id="titles"><![CDATA[]]></item>
				</item>
				<item id="column`framehvGgIF_left">
					<item id="attr">
						<item id="name"><![CDATA[framehvGgIF_left]]></item>
						<item id="className"><![CDATA[column frame-1-c]]></item>
					</item>
					<item id="block`portal_block_176">
						<item id="attr">
							<item id="name"><![CDATA[portal_block_176]]></item>
							<item id="className"><![CDATA[block move-span]]></item>
							<item id="titles"><![CDATA[]]></item>
						</item>
					</item>
				</item>
			</item>
		</item>
		<item id="nex_forum_index_ads">
			<item id="frame`frameDZs7Q8">
				<item id="attr">
					<item id="name"><![CDATA[frameDZs7Q8]]></item>
					<item id="moveable"><![CDATA[true]]></item>
					<item id="className"><![CDATA[frame move-span cl frame-1]]></item>
					<item id="titles"><![CDATA[]]></item>
				</item>
				<item id="column`frameDZs7Q8_left">
					<item id="attr">
						<item id="name"><![CDATA[frameDZs7Q8_left]]></item>
						<item id="className"><![CDATA[column frame-1-c]]></item>
					</item>
					<item id="block`portal_block_175">
						<item id="attr">
							<item id="name"><![CDATA[portal_block_175]]></item>
							<item id="className"><![CDATA[block move-span]]></item>
							<item id="titles"><![CDATA[]]></item>
						</item>
					</item>
				</item>
			</item>
		</item>
		<item id="nex_discuz_slider">
			<item id="frame`frameVB2OoB">
				<item id="attr">
					<item id="name"><![CDATA[frameVB2OoB]]></item>
					<item id="moveable"><![CDATA[true]]></item>
					<item id="className"><![CDATA[frame move-span cl frame-1]]></item>
					<item id="titles"><![CDATA[]]></item>
				</item>
				<item id="column`frameVB2OoB_left">
					<item id="attr">
						<item id="name"><![CDATA[frameVB2OoB_left]]></item>
						<item id="className"><![CDATA[column frame-1-c]]></item>
					</item>
					<item id="block`portal_block_163">
						<item id="attr">
							<item id="name"><![CDATA[portal_block_163]]></item>
							<item id="className"><![CDATA[block move-span]]></item>
							<item id="titles"><![CDATA[]]></item>
						</item>
					</item>
				</item>
			</item>
		</item>
		<item id="nex_active_member">
			<item id="frame`frameLR6S58">
				<item id="attr">
					<item id="name"><![CDATA[frameLR6S58]]></item>
					<item id="moveable"><![CDATA[true]]></item>
					<item id="className"><![CDATA[frame move-span cl frame-1]]></item>
					<item id="titles"><![CDATA[]]></item>
				</item>
				<item id="column`frameLR6S58_left">
					<item id="attr">
						<item id="name"><![CDATA[frameLR6S58_left]]></item>
						<item id="className"><![CDATA[column frame-1-c]]></item>
					</item>
					<item id="block`portal_block_164">
						<item id="attr">
							<item id="name"><![CDATA[portal_block_164]]></item>
							<item id="className"><![CDATA[block move-span]]></item>
							<item id="titles"><![CDATA[]]></item>
						</item>
					</item>
				</item>
			</item>
		</item>
		<item id="nex_dz_ziyuan_list">
			<item id="frame`frameO3kNRF">
				<item id="attr">
					<item id="name"><![CDATA[frameO3kNRF]]></item>
					<item id="moveable"><![CDATA[true]]></item>
					<item id="className"><![CDATA[frame move-span cl frame-1]]></item>
					<item id="titles"><![CDATA[]]></item>
				</item>
				<item id="column`frameO3kNRF_left">
					<item id="attr">
						<item id="name"><![CDATA[frameO3kNRF_left]]></item>
						<item id="className"><![CDATA[column frame-1-c]]></item>
					</item>
					<item id="block`portal_block_165">
						<item id="attr">
							<item id="name"><![CDATA[portal_block_165]]></item>
							<item id="className"><![CDATA[block move-span]]></item>
							<item id="titles"><![CDATA[]]></item>
						</item>
					</item>
				</item>
			</item>
		</item>
		<item id="nex_dz_ziyuan_list1">
			<item id="frame`frameS4mk4z">
				<item id="attr">
					<item id="name"><![CDATA[frameS4mk4z]]></item>
					<item id="moveable"><![CDATA[true]]></item>
					<item id="className"><![CDATA[frame move-span cl frame-1]]></item>
					<item id="titles"><![CDATA[]]></item>
				</item>
				<item id="column`frameS4mk4z_left">
					<item id="attr">
						<item id="name"><![CDATA[frameS4mk4z_left]]></item>
						<item id="className"><![CDATA[column frame-1-c]]></item>
					</item>
					<item id="block`portal_block_168">
						<item id="attr">
							<item id="name"><![CDATA[portal_block_168]]></item>
							<item id="className"><![CDATA[block move-span]]></item>
							<item id="titles"><![CDATA[]]></item>
						</item>
					</item>
				</item>
			</item>
		</item>
		<item id="nex_dz_ziyuan_list11">
			<item id="frame`framedPSYPS">
				<item id="attr">
					<item id="name"><![CDATA[framedPSYPS]]></item>
					<item id="moveable"><![CDATA[true]]></item>
					<item id="className"><![CDATA[frame move-span cl frame-1]]></item>
					<item id="titles"><![CDATA[]]></item>
				</item>
				<item id="column`framedPSYPS_left">
					<item id="attr">
						<item id="name"><![CDATA[framedPSYPS_left]]></item>
						<item id="className"><![CDATA[column frame-1-c]]></item>
					</item>
					<item id="block`portal_block_167">
						<item id="attr">
							<item id="name"><![CDATA[portal_block_167]]></item>
							<item id="className"><![CDATA[block move-span]]></item>
							<item id="titles"><![CDATA[]]></item>
						</item>
					</item>
				</item>
			</item>
		</item>
		<item id="nex_dz_ziyuan_list21">
			<item id="frame`frameYZ2PpP">
				<item id="attr">
					<item id="name"><![CDATA[frameYZ2PpP]]></item>
					<item id="moveable"><![CDATA[true]]></item>
					<item id="className"><![CDATA[frame move-span cl frame-1]]></item>
					<item id="titles"><![CDATA[]]></item>
				</item>
				<item id="column`frameYZ2PpP_left">
					<item id="attr">
						<item id="name"><![CDATA[frameYZ2PpP_left]]></item>
						<item id="className"><![CDATA[column frame-1-c]]></item>
					</item>
					<item id="block`portal_block_166">
						<item id="attr">
							<item id="name"><![CDATA[portal_block_166]]></item>
							<item id="className"><![CDATA[block move-span]]></item>
							<item id="titles"><![CDATA[]]></item>
						</item>
					</item>
				</item>
			</item>
		</item>
		<item id="diy1"><![CDATA[]]></item>
		<item id="diy3"><![CDATA[]]></item>
	</item>
	<item id="blockdata">
		<item id="block">
			<item id="163">
				<item id="bid"><![CDATA[163]]></item>
				<item id="blockclass"><![CDATA[forum_thread]]></item>
				<item id="blocktype"><![CDATA[0]]></item>
				<item id="name"><![CDATA[论坛首页最新素材]]></item>
				<item id="title"><![CDATA[]]></item>
				<item id="classname"><![CDATA[]]></item>
				<item id="summary"><![CDATA[]]></item>
				<item id="uid"><![CDATA[1]]></item>
				<item id="username"><![CDATA[admin]]></item>
				<item id="styleid"><![CDATA[0]]></item>
				<item id="blockstyle">
					<item id="name"><![CDATA[]]></item>
					<item id="blockclass"><![CDATA[forum_thread]]></item>
					<item id="makethumb"><![CDATA[0]]></item>
					<item id="getpic"><![CDATA[1]]></item>
					<item id="getsummary"><![CDATA[0]]></item>
					<item id="settarget"><![CDATA[1]]></item>
					<item id="moreurl"><![CDATA[0]]></item>
					<item id="fields">
						<item id="0"><![CDATA[url]]></item>
						<item id="1"><![CDATA[pic]]></item>
						<item id="2"><![CDATA[title]]></item>
					</item>
					<item id="template">
						<item id="raw"><![CDATA[<ul class="pic">
[loop]

                                <li>
                                    <div class="nex_dz_slider_img">
                                        <a href="{url}" target="_blank" style="background:url({pic}) center no-repeat; background-size:cover;"></a>
                                    </div>
                                    <div class="nex_dz_slider_txt">
                                        <h5><a href="{url}"{target}>{title}</a></h5>
                                    </div>
                                </li>
[/loop]
                            </ul>]]></item>
						<item id="footer"><![CDATA[]]></item>
						<item id="header"><![CDATA[]]></item>
						<item id="indexplus"><![CDATA[
						]]></item>
						<item id="index"><![CDATA[
						]]></item>
						<item id="orderplus"><![CDATA[
						]]></item>
						<item id="order"><![CDATA[
						]]></item>
						<item id="loopplus"><![CDATA[
						]]></item>
						<item id="loop"><![CDATA[<li>
                                    <div class="nex_dz_slider_img">
                                        <a href="{url}" target="_blank" style="background:url({pic}) center no-repeat; background-size:cover;"></a>
                                    </div>
                                    <div class="nex_dz_slider_txt">
                                        <h5><a href="{url}"{target}>{title}</a></h5>
                                    </div>
                                </li>]]></item>
					</item>
					<item id="hash"><![CDATA[d9d422f6]]></item>
				</item>
				<item id="picwidth"><![CDATA[0]]></item>
				<item id="picheight"><![CDATA[0]]></item>
				<item id="target"><![CDATA[blank]]></item>
				<item id="dateformat"><![CDATA[Y-m-d]]></item>
				<item id="dateuformat"><![CDATA[0]]></item>
				<item id="script"><![CDATA[thread]]></item>
				<item id="param">
					<item id="tids"><![CDATA[]]></item>
					<item id="uids"><![CDATA[]]></item>
					<item id="keyword"><![CDATA[]]></item>
					<item id="tagkeyword"><![CDATA[]]></item>
					<item id="typeids"><![CDATA[]]></item>
					<item id="reply"><![CDATA[0]]></item>
					<item id="recommend"><![CDATA[0]]></item>
					<item id="special">
						<item id="0"><![CDATA[0]]></item>
					</item>
					<item id="viewmod"><![CDATA[0]]></item>
					<item id="rewardstatus"><![CDATA[0]]></item>
					<item id="picrequired"><![CDATA[1]]></item>
					<item id="orderby"><![CDATA[lastpost]]></item>
					<item id="postdateline"><![CDATA[0]]></item>
					<item id="lastpost"><![CDATA[0]]></item>
					<item id="highlight"><![CDATA[0]]></item>
					<item id="titlelength"><![CDATA[40]]></item>
					<item id="summarylength"><![CDATA[80]]></item>
					<item id="startrow"><![CDATA[0]]></item>
					<item id="items"><![CDATA[5]]></item>
				</item>
				<item id="shownum"><![CDATA[5]]></item>
				<item id="cachetime"><![CDATA[3600]]></item>
				<item id="cachetimerange"><![CDATA[]]></item>
				<item id="punctualupdate"><![CDATA[0]]></item>
				<item id="hidedisplay"><![CDATA[0]]></item>
				<item id="dateline"><![CDATA[1583134906]]></item>
				<item id="notinherited"><![CDATA[0]]></item>
				<item id="isblank"><![CDATA[0]]></item>
			</item>
			<item id="164">
				<item id="bid"><![CDATA[164]]></item>
				<item id="blockclass"><![CDATA[member_member]]></item>
				<item id="blocktype"><![CDATA[0]]></item>
				<item id="name"><![CDATA[论坛首页会员]]></item>
				<item id="title"><![CDATA[]]></item>
				<item id="classname"><![CDATA[]]></item>
				<item id="summary"><![CDATA[]]></item>
				<item id="uid"><![CDATA[1]]></item>
				<item id="username"><![CDATA[admin]]></item>
				<item id="styleid"><![CDATA[0]]></item>
				<item id="blockstyle">
					<item id="name"><![CDATA[]]></item>
					<item id="blockclass"><![CDATA[member_member]]></item>
					<item id="makethumb"><![CDATA[0]]></item>
					<item id="getpic"><![CDATA[0]]></item>
					<item id="getsummary"><![CDATA[0]]></item>
					<item id="settarget"><![CDATA[0]]></item>
					<item id="moreurl"><![CDATA[0]]></item>
					<item id="fields">
						<item id="0"><![CDATA[currentorder]]></item>
						<item id="1"><![CDATA[url]]></item>
						<item id="2"><![CDATA[avatar_big]]></item>
						<item id="3"><![CDATA[title]]></item>
						<item id="4"><![CDATA[credits]]></item>
					</item>
					<item id="template">
						<item id="raw"><![CDATA[[loop]
[order=1]


<li>
                                	<em class="nex_num_icon_1">{currentorder}</em>
                                    <a href="{url}" target="_blank">
                                    	<img src="{avatar_big}" />
                                        <span>{title}</span>
                                        <i>{credits}</i>
                                        <div class="clear"></div>
                                    </a>
                                    <div class="clear"></div>
                                </li>
[/order]
[order=2]


                                <li>
                                	<em class="nex_num_icon_2">{currentorder}</em>
                                    <a href="{url}" target="_blank">
                                    	<img src="{avatar_big}" />
                                        <span>{title}</span>
                                        <i>{credits}</i>
                                        <div class="clear"></div>
                                    </a>
                                    <div class="clear"></div>
                                </li>
[/order]
[order=3]

                                <li>
                                	<em class="nex_num_icon_3">{currentorder}</em>
                                    <a href="{url}" target="_blank">
                                    	<img src="{avatar_big}" />
                                        <span>{title}</span>
                                        <i>{credits}</i>
                                        <div class="clear"></div>
                                    </a>
                                    <div class="clear"></div>
                                </li>
[/order]
                                <li>
                                	<em>{currentorder}</em>
                                    <a href="{url}" target="_blank">
                                    	<img src="{avatar_big}" />
                                        <span>{title}</span>
                                        <i>{credits}</i>
                                        <div class="clear"></div>
                                    </a>
                                    <div class="clear"></div>
                                </li>
                               
[/loop]]]></item>
						<item id="footer"><![CDATA[]]></item>
						<item id="header"><![CDATA[]]></item>
						<item id="indexplus"><![CDATA[
						]]></item>
						<item id="index"><![CDATA[
						]]></item>
						<item id="orderplus"><![CDATA[
						]]></item>
						<item id="order">
							<item id="1"><![CDATA[<li>
                                	<em class="nex_num_icon_1">{currentorder}</em>
                                    <a href="{url}" target="_blank">
                                    	<img src="{avatar_big}" />
                                        <span>{title}</span>
                                        <i>{credits}</i>
                                        <div class="clear"></div>
                                    </a>
                                    <div class="clear"></div>
                                </li>]]></item>
							<item id="2"><![CDATA[<li>
                                	<em class="nex_num_icon_2">{currentorder}</em>
                                    <a href="{url}" target="_blank">
                                    	<img src="{avatar_big}" />
                                        <span>{title}</span>
                                        <i>{credits}</i>
                                        <div class="clear"></div>
                                    </a>
                                    <div class="clear"></div>
                                </li>]]></item>
							<item id="3"><![CDATA[<li>
                                	<em class="nex_num_icon_3">{currentorder}</em>
                                    <a href="{url}" target="_blank">
                                    	<img src="{avatar_big}" />
                                        <span>{title}</span>
                                        <i>{credits}</i>
                                        <div class="clear"></div>
                                    </a>
                                    <div class="clear"></div>
                                </li>]]></item>
						</item>
						<item id="loopplus"><![CDATA[
						]]></item>
						<item id="loop"><![CDATA[[order=1]


<li>
                                	<em class="nex_num_icon_1">{currentorder}</em>
                                    <a href="{url}" target="_blank">
                                    	<img src="{avatar_big}" />
                                        <span>{title}</span>
                                        <i>{credits}</i>
                                        <div class="clear"></div>
                                    </a>
                                    <div class="clear"></div>
                                </li>
[/order]
[order=2]


                                <li>
                                	<em class="nex_num_icon_2">{currentorder}</em>
                                    <a href="{url}" target="_blank">
                                    	<img src="{avatar_big}" />
                                        <span>{title}</span>
                                        <i>{credits}</i>
                                        <div class="clear"></div>
                                    </a>
                                    <div class="clear"></div>
                                </li>
[/order]
[order=3]

                                <li>
                                	<em class="nex_num_icon_3">{currentorder}</em>
                                    <a href="{url}" target="_blank">
                                    	<img src="{avatar_big}" />
                                        <span>{title}</span>
                                        <i>{credits}</i>
                                        <div class="clear"></div>
                                    </a>
                                    <div class="clear"></div>
                                </li>
[/order]
                                <li>
                                	<em>{currentorder}</em>
                                    <a href="{url}" target="_blank">
                                    	<img src="{avatar_big}" />
                                        <span>{title}</span>
                                        <i>{credits}</i>
                                        <div class="clear"></div>
                                    </a>
                                    <div class="clear"></div>
                                </li>]]></item>
					</item>
					<item id="hash"><![CDATA[4d59e622]]></item>
				</item>
				<item id="picwidth"><![CDATA[0]]></item>
				<item id="picheight"><![CDATA[0]]></item>
				<item id="target"><![CDATA[blank]]></item>
				<item id="dateformat"><![CDATA[Y-m-d]]></item>
				<item id="dateuformat"><![CDATA[0]]></item>
				<item id="script"><![CDATA[member]]></item>
				<item id="param">
					<item id="uids"><![CDATA[]]></item>
					<item id="special"><![CDATA[]]></item>
					<item id="gender"><![CDATA[]]></item>
					<item id="xbirthprovince"><![CDATA[]]></item>
					<item id="xresideprovince"><![CDATA[]]></item>
					<item id="avatarstatus"><![CDATA[0]]></item>
					<item id="orderby"><![CDATA[credits]]></item>
					<item id="extcredit"><![CDATA[1]]></item>
					<item id="lastpost"><![CDATA[]]></item>
					<item id="startrow"><![CDATA[0]]></item>
					<item id="items"><![CDATA[6]]></item>
				</item>
				<item id="shownum"><![CDATA[6]]></item>
				<item id="cachetime"><![CDATA[3600]]></item>
				<item id="cachetimerange"><![CDATA[]]></item>
				<item id="punctualupdate"><![CDATA[0]]></item>
				<item id="hidedisplay"><![CDATA[0]]></item>
				<item id="dateline"><![CDATA[1583135249]]></item>
				<item id="notinherited"><![CDATA[0]]></item>
				<item id="isblank"><![CDATA[0]]></item>
			</item>
			<item id="165">
				<item id="bid"><![CDATA[165]]></item>
				<item id="blockclass"><![CDATA[forum_thread]]></item>
				<item id="blocktype"><![CDATA[0]]></item>
				<item id="name"><![CDATA[论坛首页最新发布]]></item>
				<item id="title"><![CDATA[]]></item>
				<item id="classname"><![CDATA[]]></item>
				<item id="summary"><![CDATA[]]></item>
				<item id="uid"><![CDATA[1]]></item>
				<item id="username"><![CDATA[admin]]></item>
				<item id="styleid"><![CDATA[0]]></item>
				<item id="blockstyle">
					<item id="name"><![CDATA[]]></item>
					<item id="blockclass"><![CDATA[forum_thread]]></item>
					<item id="makethumb"><![CDATA[0]]></item>
					<item id="getpic"><![CDATA[0]]></item>
					<item id="getsummary"><![CDATA[0]]></item>
					<item id="settarget"><![CDATA[1]]></item>
					<item id="moreurl"><![CDATA[0]]></item>
					<item id="fields">
						<item id="0"><![CDATA[url]]></item>
						<item id="1"><![CDATA[title]]></item>
						<item id="2"><![CDATA[dateline]]></item>
						<item id="3"><![CDATA[currentorder]]></item>
					</item>
					<item id="template">
						<item id="raw"><![CDATA[[loop]
[order=1]
<dd class="nex_dz_rk1">
	<em class="nex_num_co1">1.</em>
    <a href="{url}"{target}>{title}</a>
    <span>{dateline}</span>
    <div class="clear"></div>
</dd>
[/order]
[order=2]
<dd class="nex_dz_rk2">
	<em class="nex_num_co2">2.</em>
    <a href="{url}"{target}>{title}</a>
    <span>{dateline}</span>
    <div class="clear"></div>
</dd>
[/order]
[order=3]
<dd class="nex_dz_rk3">
	<em class="nex_num_co3">3.</em>
    <a href="{url}"{target}>{title}</a>
    <span>{dateline}</span>
    <div class="clear"></div>
</dd>
[/order]
<dd>
	<em>{currentorder}.</em>
    <a href="{url}"{target}>{title}</a>
    <span>{dateline}</span>
    <div class="clear"></div>
</dd>

[/loop]]]></item>
						<item id="footer"><![CDATA[]]></item>
						<item id="header"><![CDATA[]]></item>
						<item id="indexplus">
						</item>
						<item id="index">
						</item>
						<item id="orderplus">
						</item>
						<item id="order">
							<item id="1"><![CDATA[<dd class="nex_dz_rk1">
	<em class="nex_num_co1">1.</em>
    <a href="{url}"{target}>{title}</a>
    <span>{dateline}</span>
    <div class="clear"></div>
</dd>]]></item>
							<item id="2"><![CDATA[<dd class="nex_dz_rk2">
	<em class="nex_num_co2">2.</em>
    <a href="{url}"{target}>{title}</a>
    <span>{dateline}</span>
    <div class="clear"></div>
</dd>]]></item>
							<item id="3"><![CDATA[<dd class="nex_dz_rk3">
	<em class="nex_num_co3">3.</em>
    <a href="{url}"{target}>{title}</a>
    <span>{dateline}</span>
    <div class="clear"></div>
</dd>]]></item>
						</item>
						<item id="loopplus">
						</item>
						<item id="loop"><![CDATA[[order=1]
<dd class="nex_dz_rk1">
	<em class="nex_num_co1">1.</em>
    <a href="{url}"{target}>{title}</a>
    <span>{dateline}</span>
    <div class="clear"></div>
</dd>
[/order]
[order=2]
<dd class="nex_dz_rk2">
	<em class="nex_num_co2">2.</em>
    <a href="{url}"{target}>{title}</a>
    <span>{dateline}</span>
    <div class="clear"></div>
</dd>
[/order]
[order=3]
<dd class="nex_dz_rk3">
	<em class="nex_num_co3">3.</em>
    <a href="{url}"{target}>{title}</a>
    <span>{dateline}</span>
    <div class="clear"></div>
</dd>
[/order]
<dd>
	<em>{currentorder}.</em>
    <a href="{url}"{target}>{title}</a>
    <span>{dateline}</span>
    <div class="clear"></div>
</dd>]]></item>
					</item>
					<item id="hash"><![CDATA[0b278f3b]]></item>
				</item>
				<item id="picwidth"><![CDATA[0]]></item>
				<item id="picheight"><![CDATA[0]]></item>
				<item id="target"><![CDATA[blank]]></item>
				<item id="dateformat"><![CDATA[m-d]]></item>
				<item id="dateuformat"><![CDATA[0]]></item>
				<item id="script"><![CDATA[thread]]></item>
				<item id="param">
					<item id="tids"><![CDATA[]]></item>
					<item id="uids"><![CDATA[]]></item>
					<item id="keyword"><![CDATA[]]></item>
					<item id="tagkeyword"><![CDATA[]]></item>
					<item id="typeids"><![CDATA[]]></item>
					<item id="reply"><![CDATA[0]]></item>
					<item id="recommend"><![CDATA[0]]></item>
					<item id="special">
						<item id="0"><![CDATA[0]]></item>
					</item>
					<item id="viewmod"><![CDATA[0]]></item>
					<item id="rewardstatus"><![CDATA[0]]></item>
					<item id="picrequired"><![CDATA[0]]></item>
					<item id="orderby"><![CDATA[dateline]]></item>
					<item id="postdateline"><![CDATA[0]]></item>
					<item id="lastpost"><![CDATA[0]]></item>
					<item id="highlight"><![CDATA[0]]></item>
					<item id="titlelength"><![CDATA[66]]></item>
					<item id="summarylength"><![CDATA[80]]></item>
					<item id="startrow"><![CDATA[0]]></item>
					<item id="items"><![CDATA[9]]></item>
				</item>
				<item id="shownum"><![CDATA[9]]></item>
				<item id="cachetime"><![CDATA[3600]]></item>
				<item id="cachetimerange"><![CDATA[]]></item>
				<item id="punctualupdate"><![CDATA[0]]></item>
				<item id="hidedisplay"><![CDATA[0]]></item>
				<item id="dateline"><![CDATA[1583135300]]></item>
				<item id="notinherited"><![CDATA[0]]></item>
				<item id="isblank"><![CDATA[0]]></item>
			</item>
			<item id="166">
				<item id="bid"><![CDATA[166]]></item>
				<item id="blockclass"><![CDATA[forum_thread]]></item>
				<item id="blocktype"><![CDATA[0]]></item>
				<item id="name"><![CDATA[论坛首页猜你喜欢]]></item>
				<item id="title"><![CDATA[]]></item>
				<item id="classname"><![CDATA[]]></item>
				<item id="summary"><![CDATA[]]></item>
				<item id="uid"><![CDATA[1]]></item>
				<item id="username"><![CDATA[admin]]></item>
				<item id="styleid"><![CDATA[0]]></item>
				<item id="blockstyle">
					<item id="name"><![CDATA[]]></item>
					<item id="blockclass"><![CDATA[forum_thread]]></item>
					<item id="makethumb"><![CDATA[0]]></item>
					<item id="getpic"><![CDATA[0]]></item>
					<item id="getsummary"><![CDATA[0]]></item>
					<item id="settarget"><![CDATA[1]]></item>
					<item id="moreurl"><![CDATA[0]]></item>
					<item id="fields">
						<item id="0"><![CDATA[url]]></item>
						<item id="1"><![CDATA[title]]></item>
						<item id="2"><![CDATA[dateline]]></item>
						<item id="3"><![CDATA[currentorder]]></item>
					</item>
					<item id="template">
						<item id="raw"><![CDATA[[loop]
[order=1]
<dd class="nex_dz_rk1">
	<em class="nex_num_co1">1.</em>
    <a href="{url}"{target}>{title}</a>
    <span>{dateline}</span>
    <div class="clear"></div>
</dd>
[/order]
[order=2]
<dd class="nex_dz_rk2">
	<em class="nex_num_co2">2.</em>
    <a href="{url}"{target}>{title}</a>
    <span>{dateline}</span>
    <div class="clear"></div>
</dd>
[/order]
[order=3]
<dd class="nex_dz_rk3">
	<em class="nex_num_co3">3.</em>
    <a href="{url}"{target}>{title}</a>
    <span>{dateline}</span>
    <div class="clear"></div>
</dd>
[/order]
<dd>
	<em>{currentorder}.</em>
    <a href="{url}"{target}>{title}</a>
    <span>{dateline}</span>
    <div class="clear"></div>
</dd>

[/loop]]]></item>
						<item id="footer"><![CDATA[]]></item>
						<item id="header"><![CDATA[]]></item>
						<item id="indexplus">
						</item>
						<item id="index">
						</item>
						<item id="orderplus">
						</item>
						<item id="order">
							<item id="1"><![CDATA[<dd class="nex_dz_rk1">
	<em class="nex_num_co1">1.</em>
    <a href="{url}"{target}>{title}</a>
    <span>{dateline}</span>
    <div class="clear"></div>
</dd>]]></item>
							<item id="2"><![CDATA[<dd class="nex_dz_rk2">
	<em class="nex_num_co2">2.</em>
    <a href="{url}"{target}>{title}</a>
    <span>{dateline}</span>
    <div class="clear"></div>
</dd>]]></item>
							<item id="3"><![CDATA[<dd class="nex_dz_rk3">
	<em class="nex_num_co3">3.</em>
    <a href="{url}"{target}>{title}</a>
    <span>{dateline}</span>
    <div class="clear"></div>
</dd>]]></item>
						</item>
						<item id="loopplus">
						</item>
						<item id="loop"><![CDATA[[order=1]
<dd class="nex_dz_rk1">
	<em class="nex_num_co1">1.</em>
    <a href="{url}"{target}>{title}</a>
    <span>{dateline}</span>
    <div class="clear"></div>
</dd>
[/order]
[order=2]
<dd class="nex_dz_rk2">
	<em class="nex_num_co2">2.</em>
    <a href="{url}"{target}>{title}</a>
    <span>{dateline}</span>
    <div class="clear"></div>
</dd>
[/order]
[order=3]
<dd class="nex_dz_rk3">
	<em class="nex_num_co3">3.</em>
    <a href="{url}"{target}>{title}</a>
    <span>{dateline}</span>
    <div class="clear"></div>
</dd>
[/order]
<dd>
	<em>{currentorder}.</em>
    <a href="{url}"{target}>{title}</a>
    <span>{dateline}</span>
    <div class="clear"></div>
</dd>]]></item>
					</item>
					<item id="hash"><![CDATA[0b278f3b]]></item>
				</item>
				<item id="picwidth"><![CDATA[0]]></item>
				<item id="picheight"><![CDATA[0]]></item>
				<item id="target"><![CDATA[blank]]></item>
				<item id="dateformat"><![CDATA[m-d]]></item>
				<item id="dateuformat"><![CDATA[0]]></item>
				<item id="script"><![CDATA[thread]]></item>
				<item id="param">
					<item id="tids"><![CDATA[]]></item>
					<item id="uids"><![CDATA[]]></item>
					<item id="keyword"><![CDATA[]]></item>
					<item id="tagkeyword"><![CDATA[]]></item>
					<item id="typeids"><![CDATA[]]></item>
					<item id="reply"><![CDATA[0]]></item>
					<item id="recommend"><![CDATA[0]]></item>
					<item id="special">
						<item id="0"><![CDATA[0]]></item>
					</item>
					<item id="viewmod"><![CDATA[0]]></item>
					<item id="rewardstatus"><![CDATA[0]]></item>
					<item id="picrequired"><![CDATA[0]]></item>
					<item id="orderby"><![CDATA[views]]></item>
					<item id="postdateline"><![CDATA[0]]></item>
					<item id="lastpost"><![CDATA[0]]></item>
					<item id="highlight"><![CDATA[0]]></item>
					<item id="titlelength"><![CDATA[66]]></item>
					<item id="summarylength"><![CDATA[80]]></item>
					<item id="startrow"><![CDATA[0]]></item>
					<item id="items"><![CDATA[9]]></item>
				</item>
				<item id="shownum"><![CDATA[9]]></item>
				<item id="cachetime"><![CDATA[3600]]></item>
				<item id="cachetimerange"><![CDATA[]]></item>
				<item id="punctualupdate"><![CDATA[0]]></item>
				<item id="hidedisplay"><![CDATA[0]]></item>
				<item id="dateline"><![CDATA[1583134890]]></item>
				<item id="notinherited"><![CDATA[0]]></item>
				<item id="isblank"><![CDATA[0]]></item>
			</item>
			<item id="167">
				<item id="bid"><![CDATA[167]]></item>
				<item id="blockclass"><![CDATA[forum_thread]]></item>
				<item id="blocktype"><![CDATA[0]]></item>
				<item id="name"><![CDATA[论坛首页精品资源]]></item>
				<item id="title"><![CDATA[]]></item>
				<item id="classname"><![CDATA[]]></item>
				<item id="summary"><![CDATA[]]></item>
				<item id="uid"><![CDATA[1]]></item>
				<item id="username"><![CDATA[admin]]></item>
				<item id="styleid"><![CDATA[0]]></item>
				<item id="blockstyle">
					<item id="name"><![CDATA[]]></item>
					<item id="blockclass"><![CDATA[forum_thread]]></item>
					<item id="makethumb"><![CDATA[0]]></item>
					<item id="getpic"><![CDATA[0]]></item>
					<item id="getsummary"><![CDATA[0]]></item>
					<item id="settarget"><![CDATA[1]]></item>
					<item id="moreurl"><![CDATA[0]]></item>
					<item id="fields">
						<item id="0"><![CDATA[url]]></item>
						<item id="1"><![CDATA[title]]></item>
						<item id="2"><![CDATA[dateline]]></item>
						<item id="3"><![CDATA[currentorder]]></item>
					</item>
					<item id="template">
						<item id="raw"><![CDATA[[loop]
[order=1]
<dd class="nex_dz_rk1">
	<em class="nex_num_co1">1.</em>
    <a href="{url}"{target}>{title}</a>
    <span>{dateline}</span>
    <div class="clear"></div>
</dd>
[/order]
[order=2]
<dd class="nex_dz_rk2">
	<em class="nex_num_co2">2.</em>
    <a href="{url}"{target}>{title}</a>
    <span>{dateline}</span>
    <div class="clear"></div>
</dd>
[/order]
[order=3]
<dd class="nex_dz_rk3">
	<em class="nex_num_co3">3.</em>
    <a href="{url}"{target}>{title}</a>
    <span>{dateline}</span>
    <div class="clear"></div>
</dd>
[/order]
<dd>
	<em>{currentorder}.</em>
    <a href="{url}"{target}>{title}</a>
    <span>{dateline}</span>
    <div class="clear"></div>
</dd>

[/loop]]]></item>
						<item id="footer"><![CDATA[]]></item>
						<item id="header"><![CDATA[]]></item>
						<item id="indexplus">
						</item>
						<item id="index">
						</item>
						<item id="orderplus">
						</item>
						<item id="order">
							<item id="1"><![CDATA[<dd class="nex_dz_rk1">
	<em class="nex_num_co1">1.</em>
    <a href="{url}"{target}>{title}</a>
    <span>{dateline}</span>
    <div class="clear"></div>
</dd>]]></item>
							<item id="2"><![CDATA[<dd class="nex_dz_rk2">
	<em class="nex_num_co2">2.</em>
    <a href="{url}"{target}>{title}</a>
    <span>{dateline}</span>
    <div class="clear"></div>
</dd>]]></item>
							<item id="3"><![CDATA[<dd class="nex_dz_rk3">
	<em class="nex_num_co3">3.</em>
    <a href="{url}"{target}>{title}</a>
    <span>{dateline}</span>
    <div class="clear"></div>
</dd>]]></item>
						</item>
						<item id="loopplus">
						</item>
						<item id="loop"><![CDATA[[order=1]
<dd class="nex_dz_rk1">
	<em class="nex_num_co1">1.</em>
    <a href="{url}"{target}>{title}</a>
    <span>{dateline}</span>
    <div class="clear"></div>
</dd>
[/order]
[order=2]
<dd class="nex_dz_rk2">
	<em class="nex_num_co2">2.</em>
    <a href="{url}"{target}>{title}</a>
    <span>{dateline}</span>
    <div class="clear"></div>
</dd>
[/order]
[order=3]
<dd class="nex_dz_rk3">
	<em class="nex_num_co3">3.</em>
    <a href="{url}"{target}>{title}</a>
    <span>{dateline}</span>
    <div class="clear"></div>
</dd>
[/order]
<dd>
	<em>{currentorder}.</em>
    <a href="{url}"{target}>{title}</a>
    <span>{dateline}</span>
    <div class="clear"></div>
</dd>]]></item>
					</item>
					<item id="hash"><![CDATA[0b278f3b]]></item>
				</item>
				<item id="picwidth"><![CDATA[0]]></item>
				<item id="picheight"><![CDATA[0]]></item>
				<item id="target"><![CDATA[blank]]></item>
				<item id="dateformat"><![CDATA[m-d]]></item>
				<item id="dateuformat"><![CDATA[0]]></item>
				<item id="script"><![CDATA[thread]]></item>
				<item id="param">
					<item id="tids"><![CDATA[]]></item>
					<item id="uids"><![CDATA[]]></item>
					<item id="keyword"><![CDATA[]]></item>
					<item id="tagkeyword"><![CDATA[]]></item>
					<item id="typeids"><![CDATA[]]></item>
					<item id="reply"><![CDATA[0]]></item>
					<item id="recommend"><![CDATA[0]]></item>
					<item id="special">
						<item id="0"><![CDATA[0]]></item>
					</item>
					<item id="viewmod"><![CDATA[0]]></item>
					<item id="rewardstatus"><![CDATA[0]]></item>
					<item id="picrequired"><![CDATA[0]]></item>
					<item id="orderby"><![CDATA[lastpost]]></item>
					<item id="postdateline"><![CDATA[0]]></item>
					<item id="lastpost"><![CDATA[0]]></item>
					<item id="highlight"><![CDATA[0]]></item>
					<item id="titlelength"><![CDATA[66]]></item>
					<item id="summarylength"><![CDATA[80]]></item>
					<item id="startrow"><![CDATA[0]]></item>
					<item id="items"><![CDATA[9]]></item>
				</item>
				<item id="shownum"><![CDATA[9]]></item>
				<item id="cachetime"><![CDATA[3600]]></item>
				<item id="cachetimerange"><![CDATA[]]></item>
				<item id="punctualupdate"><![CDATA[0]]></item>
				<item id="hidedisplay"><![CDATA[0]]></item>
				<item id="dateline"><![CDATA[1583135386]]></item>
				<item id="notinherited"><![CDATA[0]]></item>
				<item id="isblank"><![CDATA[0]]></item>
			</item>
			<item id="168">
				<item id="bid"><![CDATA[168]]></item>
				<item id="blockclass"><![CDATA[forum_thread]]></item>
				<item id="blocktype"><![CDATA[0]]></item>
				<item id="name"><![CDATA[论坛首页热门素材]]></item>
				<item id="title"><![CDATA[]]></item>
				<item id="classname"><![CDATA[]]></item>
				<item id="summary"><![CDATA[]]></item>
				<item id="uid"><![CDATA[1]]></item>
				<item id="username"><![CDATA[admin]]></item>
				<item id="styleid"><![CDATA[0]]></item>
				<item id="blockstyle">
					<item id="name"><![CDATA[]]></item>
					<item id="blockclass"><![CDATA[forum_thread]]></item>
					<item id="makethumb"><![CDATA[0]]></item>
					<item id="getpic"><![CDATA[0]]></item>
					<item id="getsummary"><![CDATA[0]]></item>
					<item id="settarget"><![CDATA[1]]></item>
					<item id="moreurl"><![CDATA[0]]></item>
					<item id="fields">
						<item id="0"><![CDATA[url]]></item>
						<item id="1"><![CDATA[title]]></item>
						<item id="2"><![CDATA[dateline]]></item>
						<item id="3"><![CDATA[currentorder]]></item>
					</item>
					<item id="template">
						<item id="raw"><![CDATA[[loop]
[order=1]
<dd class="nex_dz_rk1">
	<em class="nex_num_co1">1.</em>
    <a href="{url}"{target}>{title}</a>
    <span>{dateline}</span>
    <div class="clear"></div>
</dd>
[/order]
[order=2]
<dd class="nex_dz_rk2">
	<em class="nex_num_co2">2.</em>
    <a href="{url}"{target}>{title}</a>
    <span>{dateline}</span>
    <div class="clear"></div>
</dd>
[/order]
[order=3]
<dd class="nex_dz_rk3">
	<em class="nex_num_co3">3.</em>
    <a href="{url}"{target}>{title}</a>
    <span>{dateline}</span>
    <div class="clear"></div>
</dd>
[/order]
<dd>
	<em>{currentorder}.</em>
    <a href="{url}"{target}>{title}</a>
    <span>{dateline}</span>
    <div class="clear"></div>
</dd>

[/loop]]]></item>
						<item id="footer"><![CDATA[]]></item>
						<item id="header"><![CDATA[]]></item>
						<item id="indexplus">
						</item>
						<item id="index">
						</item>
						<item id="orderplus">
						</item>
						<item id="order">
							<item id="1"><![CDATA[<dd class="nex_dz_rk1">
	<em class="nex_num_co1">1.</em>
    <a href="{url}"{target}>{title}</a>
    <span>{dateline}</span>
    <div class="clear"></div>
</dd>]]></item>
							<item id="2"><![CDATA[<dd class="nex_dz_rk2">
	<em class="nex_num_co2">2.</em>
    <a href="{url}"{target}>{title}</a>
    <span>{dateline}</span>
    <div class="clear"></div>
</dd>]]></item>
							<item id="3"><![CDATA[<dd class="nex_dz_rk3">
	<em class="nex_num_co3">3.</em>
    <a href="{url}"{target}>{title}</a>
    <span>{dateline}</span>
    <div class="clear"></div>
</dd>]]></item>
						</item>
						<item id="loopplus">
						</item>
						<item id="loop"><![CDATA[[order=1]
<dd class="nex_dz_rk1">
	<em class="nex_num_co1">1.</em>
    <a href="{url}"{target}>{title}</a>
    <span>{dateline}</span>
    <div class="clear"></div>
</dd>
[/order]
[order=2]
<dd class="nex_dz_rk2">
	<em class="nex_num_co2">2.</em>
    <a href="{url}"{target}>{title}</a>
    <span>{dateline}</span>
    <div class="clear"></div>
</dd>
[/order]
[order=3]
<dd class="nex_dz_rk3">
	<em class="nex_num_co3">3.</em>
    <a href="{url}"{target}>{title}</a>
    <span>{dateline}</span>
    <div class="clear"></div>
</dd>
[/order]
<dd>
	<em>{currentorder}.</em>
    <a href="{url}"{target}>{title}</a>
    <span>{dateline}</span>
    <div class="clear"></div>
</dd>]]></item>
					</item>
					<item id="hash"><![CDATA[0b278f3b]]></item>
				</item>
				<item id="picwidth"><![CDATA[0]]></item>
				<item id="picheight"><![CDATA[0]]></item>
				<item id="target"><![CDATA[blank]]></item>
				<item id="dateformat"><![CDATA[m-d]]></item>
				<item id="dateuformat"><![CDATA[0]]></item>
				<item id="script"><![CDATA[thread]]></item>
				<item id="param">
					<item id="tids"><![CDATA[]]></item>
					<item id="uids"><![CDATA[]]></item>
					<item id="keyword"><![CDATA[]]></item>
					<item id="tagkeyword"><![CDATA[]]></item>
					<item id="typeids"><![CDATA[]]></item>
					<item id="reply"><![CDATA[0]]></item>
					<item id="recommend"><![CDATA[0]]></item>
					<item id="special">
						<item id="0"><![CDATA[0]]></item>
					</item>
					<item id="viewmod"><![CDATA[0]]></item>
					<item id="rewardstatus"><![CDATA[0]]></item>
					<item id="picrequired"><![CDATA[0]]></item>
					<item id="orderby"><![CDATA[views]]></item>
					<item id="postdateline"><![CDATA[0]]></item>
					<item id="lastpost"><![CDATA[0]]></item>
					<item id="highlight"><![CDATA[0]]></item>
					<item id="titlelength"><![CDATA[66]]></item>
					<item id="summarylength"><![CDATA[80]]></item>
					<item id="startrow"><![CDATA[0]]></item>
					<item id="items"><![CDATA[9]]></item>
				</item>
				<item id="shownum"><![CDATA[9]]></item>
				<item id="cachetime"><![CDATA[3600]]></item>
				<item id="cachetimerange"><![CDATA[]]></item>
				<item id="punctualupdate"><![CDATA[0]]></item>
				<item id="hidedisplay"><![CDATA[0]]></item>
				<item id="dateline"><![CDATA[1583135311]]></item>
				<item id="notinherited"><![CDATA[0]]></item>
				<item id="isblank"><![CDATA[0]]></item>
			</item>
			<item id="171">
				<item id="bid"><![CDATA[171]]></item>
				<item id="blockclass"><![CDATA[forum_thread]]></item>
				<item id="blocktype"><![CDATA[0]]></item>
				<item id="name"><![CDATA[论坛系统工具]]></item>
				<item id="title"><![CDATA[]]></item>
				<item id="classname"><![CDATA[]]></item>
				<item id="summary"><![CDATA[]]></item>
				<item id="uid"><![CDATA[1]]></item>
				<item id="username"><![CDATA[admin]]></item>
				<item id="styleid"><![CDATA[0]]></item>
				<item id="blockstyle">
					<item id="name"><![CDATA[]]></item>
					<item id="blockclass"><![CDATA[forum_thread]]></item>
					<item id="makethumb"><![CDATA[0]]></item>
					<item id="getpic"><![CDATA[0]]></item>
					<item id="getsummary"><![CDATA[0]]></item>
					<item id="settarget"><![CDATA[0]]></item>
					<item id="moreurl"><![CDATA[0]]></item>
					<item id="fields">
						<item id="0"><![CDATA[url]]></item>
						<item id="1"><![CDATA[title]]></item>
					</item>
					<item id="template">
						<item id="raw"><![CDATA[[loop]
<dd>
                                    	<a href="{url}" target="_blank">{title}</a>
                                    </dd>
[/loop]]]></item>
						<item id="footer"><![CDATA[]]></item>
						<item id="header"><![CDATA[]]></item>
						<item id="indexplus">
						</item>
						<item id="index">
						</item>
						<item id="orderplus">
						</item>
						<item id="order">
						</item>
						<item id="loopplus">
						</item>
						<item id="loop"><![CDATA[<dd>
                                    	<a href="{url}" target="_blank">{title}</a>
                                    </dd>]]></item>
					</item>
					<item id="hash"><![CDATA[4fa6e58d]]></item>
				</item>
				<item id="picwidth"><![CDATA[0]]></item>
				<item id="picheight"><![CDATA[0]]></item>
				<item id="target"><![CDATA[blank]]></item>
				<item id="dateformat"><![CDATA[Y-m-d]]></item>
				<item id="dateuformat"><![CDATA[0]]></item>
				<item id="script"><![CDATA[thread]]></item>
				<item id="param">
					<item id="tids"><![CDATA[]]></item>
					<item id="uids"><![CDATA[]]></item>
					<item id="keyword"><![CDATA[]]></item>
					<item id="tagkeyword"><![CDATA[]]></item>
					<item id="typeids"><![CDATA[]]></item>
					<item id="reply"><![CDATA[0]]></item>
					<item id="recommend"><![CDATA[0]]></item>
					<item id="viewmod"><![CDATA[0]]></item>
					<item id="rewardstatus"><![CDATA[0]]></item>
					<item id="picrequired"><![CDATA[1]]></item>
					<item id="orderby"><![CDATA[dateline]]></item>
					<item id="postdateline"><![CDATA[0]]></item>
					<item id="lastpost"><![CDATA[0]]></item>
					<item id="highlight"><![CDATA[0]]></item>
					<item id="titlelength"><![CDATA[40]]></item>
					<item id="summarylength"><![CDATA[80]]></item>
					<item id="startrow"><![CDATA[0]]></item>
					<item id="items"><![CDATA[6]]></item>
				</item>
				<item id="shownum"><![CDATA[6]]></item>
				<item id="cachetime"><![CDATA[3600]]></item>
				<item id="cachetimerange"><![CDATA[]]></item>
				<item id="punctualupdate"><![CDATA[0]]></item>
				<item id="hidedisplay"><![CDATA[0]]></item>
				<item id="dateline"><![CDATA[1583135213]]></item>
				<item id="notinherited"><![CDATA[0]]></item>
				<item id="isblank"><![CDATA[0]]></item>
			</item>
			<item id="172">
				<item id="bid"><![CDATA[172]]></item>
				<item id="blockclass"><![CDATA[forum_thread]]></item>
				<item id="blocktype"><![CDATA[0]]></item>
				<item id="name"><![CDATA[论坛图形图像]]></item>
				<item id="title"><![CDATA[]]></item>
				<item id="classname"><![CDATA[]]></item>
				<item id="summary"><![CDATA[]]></item>
				<item id="uid"><![CDATA[1]]></item>
				<item id="username"><![CDATA[admin]]></item>
				<item id="styleid"><![CDATA[0]]></item>
				<item id="blockstyle">
					<item id="name"><![CDATA[]]></item>
					<item id="blockclass"><![CDATA[forum_thread]]></item>
					<item id="makethumb"><![CDATA[0]]></item>
					<item id="getpic"><![CDATA[0]]></item>
					<item id="getsummary"><![CDATA[0]]></item>
					<item id="settarget"><![CDATA[0]]></item>
					<item id="moreurl"><![CDATA[0]]></item>
					<item id="fields">
						<item id="0"><![CDATA[url]]></item>
						<item id="1"><![CDATA[title]]></item>
					</item>
					<item id="template">
						<item id="raw"><![CDATA[[loop]
<dd>
                                    	<a href="{url}" target="_blank">{title}</a>
                                    </dd>
[/loop]]]></item>
						<item id="footer"><![CDATA[]]></item>
						<item id="header"><![CDATA[]]></item>
						<item id="indexplus">
						</item>
						<item id="index">
						</item>
						<item id="orderplus">
						</item>
						<item id="order">
						</item>
						<item id="loopplus">
						</item>
						<item id="loop"><![CDATA[<dd>
                                    	<a href="{url}" target="_blank">{title}</a>
                                    </dd>]]></item>
					</item>
					<item id="hash"><![CDATA[4fa6e58d]]></item>
				</item>
				<item id="picwidth"><![CDATA[0]]></item>
				<item id="picheight"><![CDATA[0]]></item>
				<item id="target"><![CDATA[blank]]></item>
				<item id="dateformat"><![CDATA[Y-m-d]]></item>
				<item id="dateuformat"><![CDATA[0]]></item>
				<item id="script"><![CDATA[thread]]></item>
				<item id="param">
					<item id="tids"><![CDATA[]]></item>
					<item id="uids"><![CDATA[]]></item>
					<item id="keyword"><![CDATA[]]></item>
					<item id="tagkeyword"><![CDATA[]]></item>
					<item id="typeids"><![CDATA[]]></item>
					<item id="reply"><![CDATA[0]]></item>
					<item id="recommend"><![CDATA[0]]></item>
					<item id="special">
						<item id="0"><![CDATA[0]]></item>
					</item>
					<item id="viewmod"><![CDATA[0]]></item>
					<item id="rewardstatus"><![CDATA[0]]></item>
					<item id="picrequired"><![CDATA[1]]></item>
					<item id="orderby"><![CDATA[dateline]]></item>
					<item id="postdateline"><![CDATA[0]]></item>
					<item id="lastpost"><![CDATA[0]]></item>
					<item id="highlight"><![CDATA[0]]></item>
					<item id="titlelength"><![CDATA[40]]></item>
					<item id="summarylength"><![CDATA[80]]></item>
					<item id="startrow"><![CDATA[0]]></item>
					<item id="items"><![CDATA[6]]></item>
				</item>
				<item id="shownum"><![CDATA[6]]></item>
				<item id="cachetime"><![CDATA[3600]]></item>
				<item id="cachetimerange"><![CDATA[]]></item>
				<item id="punctualupdate"><![CDATA[0]]></item>
				<item id="hidedisplay"><![CDATA[0]]></item>
				<item id="dateline"><![CDATA[1583135197]]></item>
				<item id="notinherited"><![CDATA[0]]></item>
				<item id="isblank"><![CDATA[0]]></item>
			</item>
			<item id="173">
				<item id="bid"><![CDATA[173]]></item>
				<item id="blockclass"><![CDATA[forum_thread]]></item>
				<item id="blocktype"><![CDATA[0]]></item>
				<item id="name"><![CDATA[论坛影音媒体]]></item>
				<item id="title"><![CDATA[]]></item>
				<item id="classname"><![CDATA[]]></item>
				<item id="summary"><![CDATA[]]></item>
				<item id="uid"><![CDATA[1]]></item>
				<item id="username"><![CDATA[admin]]></item>
				<item id="styleid"><![CDATA[0]]></item>
				<item id="blockstyle">
					<item id="name"><![CDATA[]]></item>
					<item id="blockclass"><![CDATA[forum_thread]]></item>
					<item id="makethumb"><![CDATA[0]]></item>
					<item id="getpic"><![CDATA[0]]></item>
					<item id="getsummary"><![CDATA[0]]></item>
					<item id="settarget"><![CDATA[0]]></item>
					<item id="moreurl"><![CDATA[0]]></item>
					<item id="fields">
						<item id="0"><![CDATA[url]]></item>
						<item id="1"><![CDATA[title]]></item>
					</item>
					<item id="template">
						<item id="raw"><![CDATA[[loop]
<dd>
                                    	<a href="{url}" target="_blank">{title}</a>
                                    </dd>
[/loop]]]></item>
						<item id="footer"><![CDATA[]]></item>
						<item id="header"><![CDATA[]]></item>
						<item id="indexplus">
						</item>
						<item id="index">
						</item>
						<item id="orderplus">
						</item>
						<item id="order">
						</item>
						<item id="loopplus">
						</item>
						<item id="loop"><![CDATA[<dd>
                                    	<a href="{url}" target="_blank">{title}</a>
                                    </dd>]]></item>
					</item>
					<item id="hash"><![CDATA[4fa6e58d]]></item>
				</item>
				<item id="picwidth"><![CDATA[0]]></item>
				<item id="picheight"><![CDATA[0]]></item>
				<item id="target"><![CDATA[blank]]></item>
				<item id="dateformat"><![CDATA[Y-m-d]]></item>
				<item id="dateuformat"><![CDATA[0]]></item>
				<item id="script"><![CDATA[thread]]></item>
				<item id="param">
					<item id="tids"><![CDATA[]]></item>
					<item id="uids"><![CDATA[]]></item>
					<item id="keyword"><![CDATA[]]></item>
					<item id="tagkeyword"><![CDATA[]]></item>
					<item id="typeids"><![CDATA[]]></item>
					<item id="reply"><![CDATA[0]]></item>
					<item id="recommend"><![CDATA[0]]></item>
					<item id="special">
						<item id="0"><![CDATA[0]]></item>
					</item>
					<item id="viewmod"><![CDATA[0]]></item>
					<item id="rewardstatus"><![CDATA[0]]></item>
					<item id="picrequired"><![CDATA[1]]></item>
					<item id="orderby"><![CDATA[dateline]]></item>
					<item id="postdateline"><![CDATA[0]]></item>
					<item id="lastpost"><![CDATA[0]]></item>
					<item id="highlight"><![CDATA[0]]></item>
					<item id="titlelength"><![CDATA[40]]></item>
					<item id="summarylength"><![CDATA[80]]></item>
					<item id="startrow"><![CDATA[0]]></item>
					<item id="items"><![CDATA[6]]></item>
				</item>
				<item id="shownum"><![CDATA[6]]></item>
				<item id="cachetime"><![CDATA[3600]]></item>
				<item id="cachetimerange"><![CDATA[]]></item>
				<item id="punctualupdate"><![CDATA[0]]></item>
				<item id="hidedisplay"><![CDATA[0]]></item>
				<item id="dateline"><![CDATA[1583135148]]></item>
				<item id="notinherited"><![CDATA[0]]></item>
				<item id="isblank"><![CDATA[0]]></item>
			</item>
			<item id="175">
				<item id="bid"><![CDATA[175]]></item>
				<item id="blockclass"><![CDATA[html_html]]></item>
				<item id="blocktype"><![CDATA[0]]></item>
				<item id="name"><![CDATA[论坛首页广告位]]></item>
				<item id="title"><![CDATA[]]></item>
				<item id="classname"><![CDATA[]]></item>
				<item id="summary"><![CDATA[<a href="#" target="_blank"><img src="template/nex_beauti_200202/neoconex/discuz/ads.jpg" /></a>]]></item>
				<item id="uid"><![CDATA[1]]></item>
				<item id="username"><![CDATA[admin]]></item>
				<item id="styleid"><![CDATA[0]]></item>
				<item id="blockstyle"><![CDATA[]]></item>
				<item id="picwidth"><![CDATA[0]]></item>
				<item id="picheight"><![CDATA[0]]></item>
				<item id="target"><![CDATA[blank]]></item>
				<item id="dateformat"><![CDATA[Y-m-d]]></item>
				<item id="dateuformat"><![CDATA[0]]></item>
				<item id="script"><![CDATA[blank]]></item>
				<item id="param">
					<item id="content"><![CDATA[<a href=\"#\" target=\"_blank\"><img src=\"template/nex_beauti_200202/neoconex/discuz/ads.jpg\" /></a>]]></item>
					<item id="items"><![CDATA[10]]></item>
				</item>
				<item id="shownum"><![CDATA[10]]></item>
				<item id="cachetime"><![CDATA[0]]></item>
				<item id="cachetimerange"><![CDATA[0,0]]></item>
				<item id="punctualupdate"><![CDATA[0]]></item>
				<item id="hidedisplay"><![CDATA[0]]></item>
				<item id="dateline"><![CDATA[1582441982]]></item>
				<item id="notinherited"><![CDATA[0]]></item>
				<item id="isblank"><![CDATA[0]]></item>
			</item>
			<item id="176">
				<item id="bid"><![CDATA[176]]></item>
				<item id="blockclass"><![CDATA[forum_thread]]></item>
				<item id="blocktype"><![CDATA[0]]></item>
				<item id="name"><![CDATA[sad]]></item>
				<item id="title"><![CDATA[]]></item>
				<item id="classname"><![CDATA[]]></item>
				<item id="summary"><![CDATA[]]></item>
				<item id="uid"><![CDATA[1]]></item>
				<item id="username"><![CDATA[admin]]></item>
				<item id="styleid"><![CDATA[0]]></item>
				<item id="blockstyle">
					<item id="name"><![CDATA[]]></item>
					<item id="blockclass"><![CDATA[forum_thread]]></item>
					<item id="makethumb"><![CDATA[0]]></item>
					<item id="getpic"><![CDATA[0]]></item>
					<item id="getsummary"><![CDATA[0]]></item>
					<item id="settarget"><![CDATA[0]]></item>
					<item id="moreurl"><![CDATA[0]]></item>
					<item id="fields">
						<item id="0"><![CDATA[url]]></item>
						<item id="1"><![CDATA[title]]></item>
					</item>
					<item id="template">
						<item id="raw"><![CDATA[[loop]
<dd>
                                    	<a href="{url}" target="_blank">{title}</a>
                                    </dd>
[/loop]]]></item>
						<item id="footer"><![CDATA[]]></item>
						<item id="header"><![CDATA[]]></item>
						<item id="indexplus">
						</item>
						<item id="index">
						</item>
						<item id="orderplus">
						</item>
						<item id="order">
						</item>
						<item id="loopplus">
						</item>
						<item id="loop"><![CDATA[<dd>
                                    	<a href="{url}" target="_blank">{title}</a>
                                    </dd>]]></item>
					</item>
					<item id="hash"><![CDATA[4fa6e58d]]></item>
				</item>
				<item id="picwidth"><![CDATA[0]]></item>
				<item id="picheight"><![CDATA[0]]></item>
				<item id="target"><![CDATA[blank]]></item>
				<item id="dateformat"><![CDATA[Y-m-d]]></item>
				<item id="dateuformat"><![CDATA[0]]></item>
				<item id="script"><![CDATA[thread]]></item>
				<item id="param">
					<item id="tids"><![CDATA[]]></item>
					<item id="uids"><![CDATA[]]></item>
					<item id="keyword"><![CDATA[]]></item>
					<item id="tagkeyword"><![CDATA[]]></item>
					<item id="typeids"><![CDATA[]]></item>
					<item id="reply"><![CDATA[0]]></item>
					<item id="recommend"><![CDATA[0]]></item>
					<item id="viewmod"><![CDATA[0]]></item>
					<item id="rewardstatus"><![CDATA[0]]></item>
					<item id="picrequired"><![CDATA[0]]></item>
					<item id="orderby"><![CDATA[lastpost]]></item>
					<item id="postdateline"><![CDATA[0]]></item>
					<item id="lastpost"><![CDATA[0]]></item>
					<item id="highlight"><![CDATA[0]]></item>
					<item id="titlelength"><![CDATA[40]]></item>
					<item id="summarylength"><![CDATA[80]]></item>
					<item id="startrow"><![CDATA[0]]></item>
					<item id="items"><![CDATA[6]]></item>
				</item>
				<item id="shownum"><![CDATA[6]]></item>
				<item id="cachetime"><![CDATA[3600]]></item>
				<item id="cachetimerange"><![CDATA[]]></item>
				<item id="punctualupdate"><![CDATA[0]]></item>
				<item id="hidedisplay"><![CDATA[0]]></item>
				<item id="dateline"><![CDATA[1583134916]]></item>
				<item id="notinherited"><![CDATA[0]]></item>
				<item id="isblank"><![CDATA[0]]></item>
			</item>
		</item>
		<item id="style">
		</item>
	</item>
</root>