<?xml version="1.0" encoding="ISO-8859-1"?>
<root>
	<item id="spacecss"><![CDATA[]]></item>
	<item id="layoutdata">
		<item id="diy1"><![CDATA[]]></item>
		<item id="diycontentclickbottom"><![CDATA[]]></item>
		<item id=""><![CDATA[]]></item>
		<item id="nex_hor_artlist">
			<item id="frame`frameG36996">
				<item id="attr">
					<item id="name"><![CDATA[frameG36996]]></item>
					<item id="moveable"><![CDATA[true]]></item>
					<item id="className"><![CDATA[frame move-span cl frame-1]]></item>
					<item id="titles"><![CDATA[]]></item>
				</item>
				<item id="column`frameG36996_left">
					<item id="attr">
						<item id="name"><![CDATA[frameG36996_left]]></item>
						<item id="className"><![CDATA[column frame-1-c]]></item>
					</item>
					<item id="block`portal_block_161">
						<item id="attr">
							<item id="name"><![CDATA[portal_block_161]]></item>
							<item id="className"><![CDATA[block move-span]]></item>
							<item id="titles"><![CDATA[]]></item>
						</item>
					</item>
				</item>
			</item>
		</item>
		<item id="nex_recom_read">
			<item id="frame`framewxLe73">
				<item id="attr">
					<item id="name"><![CDATA[framewxLe73]]></item>
					<item id="moveable"><![CDATA[true]]></item>
					<item id="className"><![CDATA[frame move-span cl frame-1]]></item>
					<item id="titles"><![CDATA[]]></item>
				</item>
				<item id="column`framewxLe73_left">
					<item id="attr">
						<item id="name"><![CDATA[framewxLe73_left]]></item>
						<item id="className"><![CDATA[column frame-1-c]]></item>
					</item>
					<item id="block`portal_block_162">
						<item id="attr">
							<item id="name"><![CDATA[portal_block_162]]></item>
							<item id="className"><![CDATA[block move-span]]></item>
							<item id="titles"><![CDATA[]]></item>
						</item>
					</item>
				</item>
			</item>
		</item>
		<item id="diy3"><![CDATA[]]></item>
	</item>
	<item id="blockdata">
		<item id="block">
			<item id="161">
				<item id="bid"><![CDATA[161]]></item>
				<item id="blockclass"><![CDATA[portal_article]]></item>
				<item id="blocktype"><![CDATA[0]]></item>
				<item id="name"><![CDATA[热门文章]]></item>
				<item id="title"><![CDATA[]]></item>
				<item id="classname"><![CDATA[]]></item>
				<item id="summary"><![CDATA[]]></item>
				<item id="uid"><![CDATA[1]]></item>
				<item id="username"><![CDATA[admin]]></item>
				<item id="styleid"><![CDATA[0]]></item>
				<item id="blockstyle">
					<item id="name"><![CDATA[]]></item>
					<item id="blockclass"><![CDATA[portal_article]]></item>
					<item id="makethumb"><![CDATA[0]]></item>
					<item id="getpic"><![CDATA[1]]></item>
					<item id="getsummary"><![CDATA[0]]></item>
					<item id="settarget"><![CDATA[0]]></item>
					<item id="moreurl"><![CDATA[0]]></item>
					<item id="fields">
						<item id="0"><![CDATA[url]]></item>
						<item id="1"><![CDATA[pic]]></item>
						<item id="2"><![CDATA[title]]></item>
						<item id="3"><![CDATA[catname]]></item>
						<item id="4"><![CDATA[dateline]]></item>
						<item id="5"><![CDATA[currentorder]]></item>
					</item>
					<item id="template">
						<item id="raw"><![CDATA[ [loop]
                        	[order=1]	
                        	<li>
                        		<div class="nex_ha_img">
                                	<a href="{url}" target="_blank" style="background:url({pic}) center no-repeat; background-size:cover;"><i class="nex_art_num1">1</i></a>
                                </div>
                                <div class="nex_ha_btm">
                                	<h5><a href="{url}" target="_blank">{title}</a></h5>
                                    <div class="nex_ha_bto">
                                    	<span>{catname}</span>
                                        <em>{dateline}</em>
                                        <div class="clear"></div>
                                    </div>
                                </div>
                        	</li>
                            [/order]
                            [order=2]	
                            <li>
                        		<div class="nex_has_img">
                                	<a href="{url}" target="_blank" style="background:url({pic}) center no-repeat; background-size:cover;"><i class="nex_art_num2">2</i></a>
                                </div>
                                <div class="nex_has_btm">
                                	<h5><a href="{url}" target="_blank">{title}</a></h5>
                                    <div class="nex_ha_bto">
                                    	<span>{catname}</span>
                                        <em>{dateline}</em>
                                        <div class="clear"></div>
                                    </div>
                                </div>
                                <div class="clear"></div>
                        	</li>
                            [/order]
                            [order=3]	
                            <li>
                        		<div class="nex_has_img">
                                	<a href="{url}" target="_blank" style="background:url({pic}) center no-repeat; background-size:cover;"><i class="nex_art_num3">3</i></a>
                                </div>
                                <div class="nex_has_btm">
                                	<h5><a href="{url}" target="_blank">{title}</a></h5>
                                    <div class="nex_ha_bto">
                                    	<span>{catname}</span>
                                        <em>{dateline}</em>
                                        <div class="clear"></div>
                                    </div>
                                </div>
                                <div class="clear"></div>
                        	</li>
                            [/order]
                            <li>
                        		<div class="nex_has_img">
                                	<a href="{url}" target="_blank" style="background:url({pic}) center no-repeat; background-size:cover;"><i>{currentorder}</i></a>
                                </div>
                                <div class="nex_has_btm">
                                	<h5><a href="{url}" target="_blank">{title}</a></h5>
                                    <div class="nex_ha_bto">
                                    	<span>{catname}</span>
                                        <em>{dateline}</em>
                                        <div class="clear"></div>
                                    </div>
                                </div>
                                <div class="clear"></div>
                        	</li>
                            [/loop]]]></item>
						<item id="footer"><![CDATA[]]></item>
						<item id="header"><![CDATA[]]></item>
						<item id="indexplus">
						</item>
						<item id="index">
						</item>
						<item id="orderplus">
						</item>
						<item id="order">
							<item id="1"><![CDATA[<li>
                        		<div class="nex_ha_img">
                                	<a href="{url}" target="_blank" style="background:url({pic}) center no-repeat; background-size:cover;"><i class="nex_art_num1">1</i></a>
                                </div>
                                <div class="nex_ha_btm">
                                	<h5><a href="{url}" target="_blank">{title}</a></h5>
                                    <div class="nex_ha_bto">
                                    	<span>{catname}</span>
                                        <em>{dateline}</em>
                                        <div class="clear"></div>
                                    </div>
                                </div>
                        	</li>]]></item>
							<item id="2"><![CDATA[<li>
                        		<div class="nex_has_img">
                                	<a href="{url}" target="_blank" style="background:url({pic}) center no-repeat; background-size:cover;"><i class="nex_art_num2">2</i></a>
                                </div>
                                <div class="nex_has_btm">
                                	<h5><a href="{url}" target="_blank">{title}</a></h5>
                                    <div class="nex_ha_bto">
                                    	<span>{catname}</span>
                                        <em>{dateline}</em>
                                        <div class="clear"></div>
                                    </div>
                                </div>
                                <div class="clear"></div>
                        	</li>]]></item>
							<item id="3"><![CDATA[<li>
                        		<div class="nex_has_img">
                                	<a href="{url}" target="_blank" style="background:url({pic}) center no-repeat; background-size:cover;"><i class="nex_art_num3">3</i></a>
                                </div>
                                <div class="nex_has_btm">
                                	<h5><a href="{url}" target="_blank">{title}</a></h5>
                                    <div class="nex_ha_bto">
                                    	<span>{catname}</span>
                                        <em>{dateline}</em>
                                        <div class="clear"></div>
                                    </div>
                                </div>
                                <div class="clear"></div>
                        	</li>]]></item>
						</item>
						<item id="loopplus">
						</item>
						<item id="loop"><![CDATA[[order=1]	
                        	<li>
                        		<div class="nex_ha_img">
                                	<a href="{url}" target="_blank" style="background:url({pic}) center no-repeat; background-size:cover;"><i class="nex_art_num1">1</i></a>
                                </div>
                                <div class="nex_ha_btm">
                                	<h5><a href="{url}" target="_blank">{title}</a></h5>
                                    <div class="nex_ha_bto">
                                    	<span>{catname}</span>
                                        <em>{dateline}</em>
                                        <div class="clear"></div>
                                    </div>
                                </div>
                        	</li>
                            [/order]
                            [order=2]	
                            <li>
                        		<div class="nex_has_img">
                                	<a href="{url}" target="_blank" style="background:url({pic}) center no-repeat; background-size:cover;"><i class="nex_art_num2">2</i></a>
                                </div>
                                <div class="nex_has_btm">
                                	<h5><a href="{url}" target="_blank">{title}</a></h5>
                                    <div class="nex_ha_bto">
                                    	<span>{catname}</span>
                                        <em>{dateline}</em>
                                        <div class="clear"></div>
                                    </div>
                                </div>
                                <div class="clear"></div>
                        	</li>
                            [/order]
                            [order=3]	
                            <li>
                        		<div class="nex_has_img">
                                	<a href="{url}" target="_blank" style="background:url({pic}) center no-repeat; background-size:cover;"><i class="nex_art_num3">3</i></a>
                                </div>
                                <div class="nex_has_btm">
                                	<h5><a href="{url}" target="_blank">{title}</a></h5>
                                    <div class="nex_ha_bto">
                                    	<span>{catname}</span>
                                        <em>{dateline}</em>
                                        <div class="clear"></div>
                                    </div>
                                </div>
                                <div class="clear"></div>
                        	</li>
                            [/order]
                            <li>
                        		<div class="nex_has_img">
                                	<a href="{url}" target="_blank" style="background:url({pic}) center no-repeat; background-size:cover;"><i>{currentorder}</i></a>
                                </div>
                                <div class="nex_has_btm">
                                	<h5><a href="{url}" target="_blank">{title}</a></h5>
                                    <div class="nex_ha_bto">
                                    	<span>{catname}</span>
                                        <em>{dateline}</em>
                                        <div class="clear"></div>
                                    </div>
                                </div>
                                <div class="clear"></div>
                        	</li>]]></item>
					</item>
					<item id="hash"><![CDATA[b86cf7b2]]></item>
				</item>
				<item id="picwidth"><![CDATA[0]]></item>
				<item id="picheight"><![CDATA[0]]></item>
				<item id="target"><![CDATA[blank]]></item>
				<item id="dateformat"><![CDATA[Y-m-d]]></item>
				<item id="dateuformat"><![CDATA[0]]></item>
				<item id="script"><![CDATA[article]]></item>
				<item id="param">
					<item id="aids"><![CDATA[]]></item>
					<item id="uids"><![CDATA[]]></item>
					<item id="keyword"><![CDATA[]]></item>
					<item id="picrequired"><![CDATA[1]]></item>
					<item id="starttime"><![CDATA[]]></item>
					<item id="endtime"><![CDATA[]]></item>
					<item id="orderby"><![CDATA[dateline]]></item>
					<item id="publishdateline"><![CDATA[0]]></item>
					<item id="titlelength"><![CDATA[40]]></item>
					<item id="summarylength"><![CDATA[80]]></item>
					<item id="startrow"><![CDATA[0]]></item>
					<item id="items"><![CDATA[5]]></item>
				</item>
				<item id="shownum"><![CDATA[5]]></item>
				<item id="cachetime"><![CDATA[3600]]></item>
				<item id="cachetimerange"><![CDATA[]]></item>
				<item id="punctualupdate"><![CDATA[0]]></item>
				<item id="hidedisplay"><![CDATA[0]]></item>
				<item id="dateline"><![CDATA[1583135787]]></item>
				<item id="notinherited"><![CDATA[0]]></item>
				<item id="isblank"><![CDATA[0]]></item>
			</item>
			<item id="162">
				<item id="bid"><![CDATA[162]]></item>
				<item id="blockclass"><![CDATA[portal_article]]></item>
				<item id="blocktype"><![CDATA[0]]></item>
				<item id="name"><![CDATA[推荐阅读]]></item>
				<item id="title"><![CDATA[]]></item>
				<item id="classname"><![CDATA[]]></item>
				<item id="summary"><![CDATA[]]></item>
				<item id="uid"><![CDATA[1]]></item>
				<item id="username"><![CDATA[admin]]></item>
				<item id="styleid"><![CDATA[0]]></item>
				<item id="blockstyle">
					<item id="name"><![CDATA[]]></item>
					<item id="blockclass"><![CDATA[portal_article]]></item>
					<item id="makethumb"><![CDATA[0]]></item>
					<item id="getpic"><![CDATA[1]]></item>
					<item id="getsummary"><![CDATA[0]]></item>
					<item id="settarget"><![CDATA[0]]></item>
					<item id="moreurl"><![CDATA[0]]></item>
					<item id="fields">
						<item id="0"><![CDATA[url]]></item>
						<item id="1"><![CDATA[pic]]></item>
						<item id="2"><![CDATA[title]]></item>
						<item id="3"><![CDATA[dateline]]></item>
					</item>
					<item id="template">
						<item id="raw"><![CDATA[[loop]
                        	<li>
                            	<div class="nex_recom_img">
                                	<a href="{url}" target="_blank" style="background:url({pic}) center no-repeat; background-size:cover;"></a>
                                </div>
                                <div class="nex_recom_btm">
                                	<h5><a href="{url}" target="_blank">{title}</a></h5>
                                    <p>{dateline}</p>
                                </div>
                            </li>
                            [/loop]]]></item>
						<item id="footer"><![CDATA[]]></item>
						<item id="header"><![CDATA[]]></item>
						<item id="indexplus">
						</item>
						<item id="index">
						</item>
						<item id="orderplus">
						</item>
						<item id="order">
						</item>
						<item id="loopplus">
						</item>
						<item id="loop"><![CDATA[<li>
                            	<div class="nex_recom_img">
                                	<a href="{url}" target="_blank" style="background:url({pic}) center no-repeat; background-size:cover;"></a>
                                </div>
                                <div class="nex_recom_btm">
                                	<h5><a href="{url}" target="_blank">{title}</a></h5>
                                    <p>{dateline}</p>
                                </div>
                            </li>]]></item>
					</item>
					<item id="hash"><![CDATA[f69a5463]]></item>
				</item>
				<item id="picwidth"><![CDATA[0]]></item>
				<item id="picheight"><![CDATA[0]]></item>
				<item id="target"><![CDATA[blank]]></item>
				<item id="dateformat"><![CDATA[Y-m-d]]></item>
				<item id="dateuformat"><![CDATA[0]]></item>
				<item id="script"><![CDATA[article]]></item>
				<item id="param">
					<item id="aids"><![CDATA[]]></item>
					<item id="uids"><![CDATA[]]></item>
					<item id="keyword"><![CDATA[]]></item>
					<item id="picrequired"><![CDATA[1]]></item>
					<item id="starttime"><![CDATA[]]></item>
					<item id="endtime"><![CDATA[]]></item>
					<item id="orderby"><![CDATA[dateline]]></item>
					<item id="publishdateline"><![CDATA[0]]></item>
					<item id="titlelength"><![CDATA[40]]></item>
					<item id="summarylength"><![CDATA[80]]></item>
					<item id="startrow"><![CDATA[0]]></item>
					<item id="items"><![CDATA[6]]></item>
				</item>
				<item id="shownum"><![CDATA[6]]></item>
				<item id="cachetime"><![CDATA[3600]]></item>
				<item id="cachetimerange"><![CDATA[]]></item>
				<item id="punctualupdate"><![CDATA[0]]></item>
				<item id="hidedisplay"><![CDATA[0]]></item>
				<item id="dateline"><![CDATA[1583135782]]></item>
				<item id="notinherited"><![CDATA[0]]></item>
				<item id="isblank"><![CDATA[0]]></item>
			</item>
		</item>
		<item id="style">
		</item>
	</item>
</root>