<?xml version="1.0" encoding="ISO-8859-1"?>
<root>
	<item id="Title"><![CDATA[Discuz! Plugin]]></item>
	<item id="Version"><![CDATA[X3,X3.1,X3.2,X3.3,X3.4,F1.0,L1.0]]></item>
	<item id="Time"><![CDATA[2019-03-28 10:50]]></item>
	<item id="From"><![CDATA[仿化龙巷手机版+pc版 (http://127.0.0.1:81/)]]></item>
	<item id="Data">
		<item id="plugin">
			<item id="available"><![CDATA[1]]></item>
			<item id="adminid"><![CDATA[1]]></item>
			<item id="name"><![CDATA[贴吧模板管理插件]]></item>
			<item id="identifier"><![CDATA[xlmmtb]]></item>
			<item id="description"><![CDATA[]]></item>
			<item id="datatables"><![CDATA[]]></item>
			<item id="directory"><![CDATA[xlmmtb/]]></item>
			<item id="copyright"><![CDATA[xlmm小路漫漫 qq2374198406]]></item>
			<item id="modules"><![CDATA[a:0:{}]]></item>
			<item id="version"><![CDATA[2]]></item>
		</item>
		<item id="version"><![CDATA[X3,X3.1,X3.2,X3.3,X3.4,F1.0,L1.0]]></item>
		<item id="var">
			<item id="0">
				<item id="displayorder"><![CDATA[0]]></item>
				<item id="title"><![CDATA[头部样式]]></item>
				<item id="description"><![CDATA[]]></item>
				<item id="variable"><![CDATA[xlmmtbtbys]]></item>
				<item id="type"><![CDATA[select]]></item>
				<item id="value"><![CDATA[2]]></item>
				<item id="extra"><![CDATA[1=主导航在搜索框上方
2=主导航在顶部]]></item>
			</item>
			<item id="1">
				<item id="displayorder"><![CDATA[1]]></item>
				<item id="title"><![CDATA[论坛首页屏蔽版块id]]></item>
				<item id="description"><![CDATA[不在论坛首页自动调用的版块id，多个用英文逗号隔开，如1,2,3,4。格式请一定要填写正确，切勿留空。]]></item>
				<item id="variable"><![CDATA[xlmmtbpbbk]]></item>
				<item id="type"><![CDATA[text]]></item>
				<item id="value"><![CDATA[0]]></item>
				<item id="extra"><![CDATA[]]></item>
			</item>
			<item id="2">
				<item id="displayorder"><![CDATA[1]]></item>
				<item id="title"><![CDATA[论坛首页屏蔽帖子id]]></item>
				<item id="description"><![CDATA[不在论坛首页自动调用的帖子id，多个用英文逗号隔开，如1,2,3,4。格式请一定要填写正确，切勿留空。]]></item>
				<item id="variable"><![CDATA[xlmmtbpbtz]]></item>
				<item id="type"><![CDATA[text]]></item>
				<item id="value"><![CDATA[0]]></item>
				<item id="extra"><![CDATA[]]></item>
			</item>
			<item id="3">
				<item id="displayorder"><![CDATA[2]]></item>
				<item id="title"><![CDATA[论坛首页版块溢出隐藏]]></item>
				<item id="description"><![CDATA[论坛首页左侧的版块过多是否隐藏，若选择否，鼠标滑过将不会弹出全部版块。]]></item>
				<item id="variable"><![CDATA[xlmmtbbkyc]]></item>
				<item id="type"><![CDATA[radio]]></item>
				<item id="value"><![CDATA[1]]></item>
				<item id="extra"><![CDATA[]]></item>
			</item>
			<item id="4">
				<item id="displayorder"><![CDATA[3]]></item>
				<item id="title"><![CDATA[申请版主链接]]></item>
				<item id="description"><![CDATA[您可以发布一个申请版主的帖子或公告，然后将链接放上。]]></item>
				<item id="variable"><![CDATA[xlmmtbsqbz]]></item>
				<item id="type"><![CDATA[text]]></item>
				<item id="value"><![CDATA[]]></item>
				<item id="extra"><![CDATA[]]></item>
			</item>
			<item id="5">
				<item id="displayorder"><![CDATA[4]]></item>
				<item id="title"><![CDATA[左侧查看全部链接]]></item>
				<item id="description"><![CDATA[]]></item>
				<item id="variable"><![CDATA[xlmmtbckqb]]></item>
				<item id="type"><![CDATA[text]]></item>
				<item id="value"><![CDATA[]]></item>
				<item id="extra"><![CDATA[]]></item>
			</item>
		</item>
	</item>
</root>