﻿<?xml version="1.0" encoding="ISO-8859-1"?>
<root>
	<item id="Title"><![CDATA[Discuz! Smilies]]></item>
	<item id="Version"><![CDATA[X3.2]]></item>
	<item id="Time"><![CDATA[2017-05-01 16:26]]></item>
	<item id="From"><![CDATA[仁天际网络 (http://localhost/dz/)]]></item>
	<item id="Data">
		<item id="typeid"><![CDATA[6]]></item>
		<item id="available"><![CDATA[1]]></item>
		<item id="name"><![CDATA[仁天际—表情]]></item>
		<item id="type"><![CDATA[smiley]]></item>
		<item id="displayorder"><![CDATA[5]]></item>
		<item id="directory"><![CDATA[ren_biaoqing]]></item>
		<item id="smilies">
			<item id="0">
				<item id="id"><![CDATA[386]]></item>
				<item id="typeid"><![CDATA[6]]></item>
				<item id="displayorder"><![CDATA[0]]></item>
				<item id="type"><![CDATA[smiley]]></item>
				<item id="code"><![CDATA[{:9089:}]]></item>
				<item id="url"><![CDATA[9089.gif]]></item>
			</item>
			<item id="1">
				<item id="id"><![CDATA[362]]></item>
				<item id="typeid"><![CDATA[6]]></item>
				<item id="displayorder"><![CDATA[0]]></item>
				<item id="type"><![CDATA[smiley]]></item>
				<item id="code"><![CDATA[{:9065:}]]></item>
				<item id="url"><![CDATA[9065.gif]]></item>
			</item>
			<item id="2">
				<item id="id"><![CDATA[360]]></item>
				<item id="typeid"><![CDATA[6]]></item>
				<item id="displayorder"><![CDATA[0]]></item>
				<item id="type"><![CDATA[smiley]]></item>
				<item id="code"><![CDATA[{:9063:}]]></item>
				<item id="url"><![CDATA[9063.gif]]></item>
			</item>
			<item id="3">
				<item id="id"><![CDATA[358]]></item>
				<item id="typeid"><![CDATA[6]]></item>
				<item id="displayorder"><![CDATA[0]]></item>
				<item id="type"><![CDATA[smiley]]></item>
				<item id="code"><![CDATA[{:9061:}]]></item>
				<item id="url"><![CDATA[9061.gif]]></item>
			</item>
			<item id="4">
				<item id="id"><![CDATA[356]]></item>
				<item id="typeid"><![CDATA[6]]></item>
				<item id="displayorder"><![CDATA[0]]></item>
				<item id="type"><![CDATA[smiley]]></item>
				<item id="code"><![CDATA[{:9059:}]]></item>
				<item id="url"><![CDATA[9059.gif]]></item>
			</item>
			<item id="5">
				<item id="id"><![CDATA[354]]></item>
				<item id="typeid"><![CDATA[6]]></item>
				<item id="displayorder"><![CDATA[0]]></item>
				<item id="type"><![CDATA[smiley]]></item>
				<item id="code"><![CDATA[{:9057:}]]></item>
				<item id="url"><![CDATA[9057.gif]]></item>
			</item>
			<item id="6">
				<item id="id"><![CDATA[352]]></item>
				<item id="typeid"><![CDATA[6]]></item>
				<item id="displayorder"><![CDATA[0]]></item>
				<item id="type"><![CDATA[smiley]]></item>
				<item id="code"><![CDATA[{:9055:}]]></item>
				<item id="url"><![CDATA[9055.gif]]></item>
			</item>
			<item id="7">
				<item id="id"><![CDATA[350]]></item>
				<item id="typeid"><![CDATA[6]]></item>
				<item id="displayorder"><![CDATA[0]]></item>
				<item id="type"><![CDATA[smiley]]></item>
				<item id="code"><![CDATA[{:9053:}]]></item>
				<item id="url"><![CDATA[9053.gif]]></item>
			</item>
			<item id="8">
				<item id="id"><![CDATA[348]]></item>
				<item id="typeid"><![CDATA[6]]></item>
				<item id="displayorder"><![CDATA[0]]></item>
				<item id="type"><![CDATA[smiley]]></item>
				<item id="code"><![CDATA[{:9051:}]]></item>
				<item id="url"><![CDATA[9051.gif]]></item>
			</item>
			<item id="9">
				<item id="id"><![CDATA[346]]></item>
				<item id="typeid"><![CDATA[6]]></item>
				<item id="displayorder"><![CDATA[0]]></item>
				<item id="type"><![CDATA[smiley]]></item>
				<item id="code"><![CDATA[{:9049:}]]></item>
				<item id="url"><![CDATA[9049.gif]]></item>
			</item>
			<item id="10">
				<item id="id"><![CDATA[364]]></item>
				<item id="typeid"><![CDATA[6]]></item>
				<item id="displayorder"><![CDATA[0]]></item>
				<item id="type"><![CDATA[smiley]]></item>
				<item id="code"><![CDATA[{:9067:}]]></item>
				<item id="url"><![CDATA[9067.gif]]></item>
			</item>
			<item id="11">
				<item id="id"><![CDATA[366]]></item>
				<item id="typeid"><![CDATA[6]]></item>
				<item id="displayorder"><![CDATA[0]]></item>
				<item id="type"><![CDATA[smiley]]></item>
				<item id="code"><![CDATA[{:9069:}]]></item>
				<item id="url"><![CDATA[9069.gif]]></item>
			</item>
			<item id="12">
				<item id="id"><![CDATA[384]]></item>
				<item id="typeid"><![CDATA[6]]></item>
				<item id="displayorder"><![CDATA[0]]></item>
				<item id="type"><![CDATA[smiley]]></item>
				<item id="code"><![CDATA[{:9087:}]]></item>
				<item id="url"><![CDATA[9087.gif]]></item>
			</item>
			<item id="13">
				<item id="id"><![CDATA[382]]></item>
				<item id="typeid"><![CDATA[6]]></item>
				<item id="displayorder"><![CDATA[0]]></item>
				<item id="type"><![CDATA[smiley]]></item>
				<item id="code"><![CDATA[{:9085:}]]></item>
				<item id="url"><![CDATA[9085.gif]]></item>
			</item>
			<item id="14">
				<item id="id"><![CDATA[380]]></item>
				<item id="typeid"><![CDATA[6]]></item>
				<item id="displayorder"><![CDATA[0]]></item>
				<item id="type"><![CDATA[smiley]]></item>
				<item id="code"><![CDATA[{:9083:}]]></item>
				<item id="url"><![CDATA[9083.gif]]></item>
			</item>
			<item id="15">
				<item id="id"><![CDATA[378]]></item>
				<item id="typeid"><![CDATA[6]]></item>
				<item id="displayorder"><![CDATA[0]]></item>
				<item id="type"><![CDATA[smiley]]></item>
				<item id="code"><![CDATA[{:9081:}]]></item>
				<item id="url"><![CDATA[9081.gif]]></item>
			</item>
			<item id="16">
				<item id="id"><![CDATA[376]]></item>
				<item id="typeid"><![CDATA[6]]></item>
				<item id="displayorder"><![CDATA[0]]></item>
				<item id="type"><![CDATA[smiley]]></item>
				<item id="code"><![CDATA[{:9079:}]]></item>
				<item id="url"><![CDATA[9079.gif]]></item>
			</item>
			<item id="17">
				<item id="id"><![CDATA[374]]></item>
				<item id="typeid"><![CDATA[6]]></item>
				<item id="displayorder"><![CDATA[0]]></item>
				<item id="type"><![CDATA[smiley]]></item>
				<item id="code"><![CDATA[{:9077:}]]></item>
				<item id="url"><![CDATA[9077.gif]]></item>
			</item>
			<item id="18">
				<item id="id"><![CDATA[372]]></item>
				<item id="typeid"><![CDATA[6]]></item>
				<item id="displayorder"><![CDATA[0]]></item>
				<item id="type"><![CDATA[smiley]]></item>
				<item id="code"><![CDATA[{:9075:}]]></item>
				<item id="url"><![CDATA[9075.gif]]></item>
			</item>
			<item id="19">
				<item id="id"><![CDATA[370]]></item>
				<item id="typeid"><![CDATA[6]]></item>
				<item id="displayorder"><![CDATA[0]]></item>
				<item id="type"><![CDATA[smiley]]></item>
				<item id="code"><![CDATA[{:9073:}]]></item>
				<item id="url"><![CDATA[9073.gif]]></item>
			</item>
			<item id="20">
				<item id="id"><![CDATA[368]]></item>
				<item id="typeid"><![CDATA[6]]></item>
				<item id="displayorder"><![CDATA[0]]></item>
				<item id="type"><![CDATA[smiley]]></item>
				<item id="code"><![CDATA[{:9071:}]]></item>
				<item id="url"><![CDATA[9071.gif]]></item>
			</item>
			<item id="21">
				<item id="id"><![CDATA[344]]></item>
				<item id="typeid"><![CDATA[6]]></item>
				<item id="displayorder"><![CDATA[0]]></item>
				<item id="type"><![CDATA[smiley]]></item>
				<item id="code"><![CDATA[{:9047:}]]></item>
				<item id="url"><![CDATA[9047.gif]]></item>
			</item>
			<item id="22">
				<item id="id"><![CDATA[342]]></item>
				<item id="typeid"><![CDATA[6]]></item>
				<item id="displayorder"><![CDATA[0]]></item>
				<item id="type"><![CDATA[smiley]]></item>
				<item id="code"><![CDATA[{:9045:}]]></item>
				<item id="url"><![CDATA[9045.gif]]></item>
			</item>
			<item id="23">
				<item id="id"><![CDATA[340]]></item>
				<item id="typeid"><![CDATA[6]]></item>
				<item id="displayorder"><![CDATA[0]]></item>
				<item id="type"><![CDATA[smiley]]></item>
				<item id="code"><![CDATA[{:9043:}]]></item>
				<item id="url"><![CDATA[9043.gif]]></item>
			</item>
			<item id="24">
				<item id="id"><![CDATA[316]]></item>
				<item id="typeid"><![CDATA[6]]></item>
				<item id="displayorder"><![CDATA[0]]></item>
				<item id="type"><![CDATA[smiley]]></item>
				<item id="code"><![CDATA[{:9019:}]]></item>
				<item id="url"><![CDATA[9019.gif]]></item>
			</item>
			<item id="25">
				<item id="id"><![CDATA[314]]></item>
				<item id="typeid"><![CDATA[6]]></item>
				<item id="displayorder"><![CDATA[0]]></item>
				<item id="type"><![CDATA[smiley]]></item>
				<item id="code"><![CDATA[{:9017:}]]></item>
				<item id="url"><![CDATA[9017.gif]]></item>
			</item>
			<item id="26">
				<item id="id"><![CDATA[312]]></item>
				<item id="typeid"><![CDATA[6]]></item>
				<item id="displayorder"><![CDATA[0]]></item>
				<item id="type"><![CDATA[smiley]]></item>
				<item id="code"><![CDATA[{:9015:}]]></item>
				<item id="url"><![CDATA[9015.gif]]></item>
			</item>
			<item id="27">
				<item id="id"><![CDATA[310]]></item>
				<item id="typeid"><![CDATA[6]]></item>
				<item id="displayorder"><![CDATA[0]]></item>
				<item id="type"><![CDATA[smiley]]></item>
				<item id="code"><![CDATA[{:9013:}]]></item>
				<item id="url"><![CDATA[9013.gif]]></item>
			</item>
			<item id="28">
				<item id="id"><![CDATA[308]]></item>
				<item id="typeid"><![CDATA[6]]></item>
				<item id="displayorder"><![CDATA[0]]></item>
				<item id="type"><![CDATA[smiley]]></item>
				<item id="code"><![CDATA[{:9011:}]]></item>
				<item id="url"><![CDATA[9011.gif]]></item>
			</item>
			<item id="29">
				<item id="id"><![CDATA[306]]></item>
				<item id="typeid"><![CDATA[6]]></item>
				<item id="displayorder"><![CDATA[0]]></item>
				<item id="type"><![CDATA[smiley]]></item>
				<item id="code"><![CDATA[{:9009:}]]></item>
				<item id="url"><![CDATA[9009.gif]]></item>
			</item>
			<item id="30">
				<item id="id"><![CDATA[304]]></item>
				<item id="typeid"><![CDATA[6]]></item>
				<item id="displayorder"><![CDATA[0]]></item>
				<item id="type"><![CDATA[smiley]]></item>
				<item id="code"><![CDATA[{:9007:}]]></item>
				<item id="url"><![CDATA[9007.gif]]></item>
			</item>
			<item id="31">
				<item id="id"><![CDATA[302]]></item>
				<item id="typeid"><![CDATA[6]]></item>
				<item id="displayorder"><![CDATA[0]]></item>
				<item id="type"><![CDATA[smiley]]></item>
				<item id="code"><![CDATA[{:9005:}]]></item>
				<item id="url"><![CDATA[9005.gif]]></item>
			</item>
			<item id="32">
				<item id="id"><![CDATA[300]]></item>
				<item id="typeid"><![CDATA[6]]></item>
				<item id="displayorder"><![CDATA[0]]></item>
				<item id="type"><![CDATA[smiley]]></item>
				<item id="code"><![CDATA[{:9003:}]]></item>
				<item id="url"><![CDATA[9003.gif]]></item>
			</item>
			<item id="33">
				<item id="id"><![CDATA[318]]></item>
				<item id="typeid"><![CDATA[6]]></item>
				<item id="displayorder"><![CDATA[0]]></item>
				<item id="type"><![CDATA[smiley]]></item>
				<item id="code"><![CDATA[{:9021:}]]></item>
				<item id="url"><![CDATA[9021.gif]]></item>
			</item>
			<item id="34">
				<item id="id"><![CDATA[320]]></item>
				<item id="typeid"><![CDATA[6]]></item>
				<item id="displayorder"><![CDATA[0]]></item>
				<item id="type"><![CDATA[smiley]]></item>
				<item id="code"><![CDATA[{:9023:}]]></item>
				<item id="url"><![CDATA[9023.gif]]></item>
			</item>
			<item id="35">
				<item id="id"><![CDATA[338]]></item>
				<item id="typeid"><![CDATA[6]]></item>
				<item id="displayorder"><![CDATA[0]]></item>
				<item id="type"><![CDATA[smiley]]></item>
				<item id="code"><![CDATA[{:9041:}]]></item>
				<item id="url"><![CDATA[9041.gif]]></item>
			</item>
			<item id="36">
				<item id="id"><![CDATA[336]]></item>
				<item id="typeid"><![CDATA[6]]></item>
				<item id="displayorder"><![CDATA[0]]></item>
				<item id="type"><![CDATA[smiley]]></item>
				<item id="code"><![CDATA[{:9039:}]]></item>
				<item id="url"><![CDATA[9039.gif]]></item>
			</item>
			<item id="37">
				<item id="id"><![CDATA[334]]></item>
				<item id="typeid"><![CDATA[6]]></item>
				<item id="displayorder"><![CDATA[0]]></item>
				<item id="type"><![CDATA[smiley]]></item>
				<item id="code"><![CDATA[{:9037:}]]></item>
				<item id="url"><![CDATA[9037.gif]]></item>
			</item>
			<item id="38">
				<item id="id"><![CDATA[332]]></item>
				<item id="typeid"><![CDATA[6]]></item>
				<item id="displayorder"><![CDATA[0]]></item>
				<item id="type"><![CDATA[smiley]]></item>
				<item id="code"><![CDATA[{:9035:}]]></item>
				<item id="url"><![CDATA[9035.gif]]></item>
			</item>
			<item id="39">
				<item id="id"><![CDATA[330]]></item>
				<item id="typeid"><![CDATA[6]]></item>
				<item id="displayorder"><![CDATA[0]]></item>
				<item id="type"><![CDATA[smiley]]></item>
				<item id="code"><![CDATA[{:9033:}]]></item>
				<item id="url"><![CDATA[9033.gif]]></item>
			</item>
			<item id="40">
				<item id="id"><![CDATA[328]]></item>
				<item id="typeid"><![CDATA[6]]></item>
				<item id="displayorder"><![CDATA[0]]></item>
				<item id="type"><![CDATA[smiley]]></item>
				<item id="code"><![CDATA[{:9031:}]]></item>
				<item id="url"><![CDATA[9031.gif]]></item>
			</item>
			<item id="41">
				<item id="id"><![CDATA[326]]></item>
				<item id="typeid"><![CDATA[6]]></item>
				<item id="displayorder"><![CDATA[0]]></item>
				<item id="type"><![CDATA[smiley]]></item>
				<item id="code"><![CDATA[{:9029:}]]></item>
				<item id="url"><![CDATA[9029.gif]]></item>
			</item>
			<item id="42">
				<item id="id"><![CDATA[324]]></item>
				<item id="typeid"><![CDATA[6]]></item>
				<item id="displayorder"><![CDATA[0]]></item>
				<item id="type"><![CDATA[smiley]]></item>
				<item id="code"><![CDATA[{:9027:}]]></item>
				<item id="url"><![CDATA[9027.gif]]></item>
			</item>
			<item id="43">
				<item id="id"><![CDATA[322]]></item>
				<item id="typeid"><![CDATA[6]]></item>
				<item id="displayorder"><![CDATA[0]]></item>
				<item id="type"><![CDATA[smiley]]></item>
				<item id="code"><![CDATA[{:9025:}]]></item>
				<item id="url"><![CDATA[9025.gif]]></item>
			</item>
			<item id="44">
				<item id="id"><![CDATA[298]]></item>
				<item id="typeid"><![CDATA[6]]></item>
				<item id="displayorder"><![CDATA[0]]></item>
				<item id="type"><![CDATA[smiley]]></item>
				<item id="code"><![CDATA[{:9001:}]]></item>
				<item id="url"><![CDATA[9001.gif]]></item>
			</item>
			<item id="45">
				<item id="id"><![CDATA[388]]></item>
				<item id="typeid"><![CDATA[6]]></item>
				<item id="displayorder"><![CDATA[0]]></item>
				<item id="type"><![CDATA[smiley]]></item>
				<item id="code"><![CDATA[{:9091:}]]></item>
				<item id="url"><![CDATA[9091.gif]]></item>
			</item>
			<item id="46">
				<item id="id"><![CDATA[387]]></item>
				<item id="typeid"><![CDATA[6]]></item>
				<item id="displayorder"><![CDATA[0]]></item>
				<item id="type"><![CDATA[smiley]]></item>
				<item id="code"><![CDATA[{:9090:}]]></item>
				<item id="url"><![CDATA[9090.gif]]></item>
			</item>
			<item id="47">
				<item id="id"><![CDATA[363]]></item>
				<item id="typeid"><![CDATA[6]]></item>
				<item id="displayorder"><![CDATA[0]]></item>
				<item id="type"><![CDATA[smiley]]></item>
				<item id="code"><![CDATA[{:9066:}]]></item>
				<item id="url"><![CDATA[9066.gif]]></item>
			</item>
			<item id="48">
				<item id="id"><![CDATA[361]]></item>
				<item id="typeid"><![CDATA[6]]></item>
				<item id="displayorder"><![CDATA[0]]></item>
				<item id="type"><![CDATA[smiley]]></item>
				<item id="code"><![CDATA[{:9064:}]]></item>
				<item id="url"><![CDATA[9064.gif]]></item>
			</item>
			<item id="49">
				<item id="id"><![CDATA[359]]></item>
				<item id="typeid"><![CDATA[6]]></item>
				<item id="displayorder"><![CDATA[0]]></item>
				<item id="type"><![CDATA[smiley]]></item>
				<item id="code"><![CDATA[{:9062:}]]></item>
				<item id="url"><![CDATA[9062.gif]]></item>
			</item>
			<item id="50">
				<item id="id"><![CDATA[357]]></item>
				<item id="typeid"><![CDATA[6]]></item>
				<item id="displayorder"><![CDATA[0]]></item>
				<item id="type"><![CDATA[smiley]]></item>
				<item id="code"><![CDATA[{:9060:}]]></item>
				<item id="url"><![CDATA[9060.gif]]></item>
			</item>
			<item id="51">
				<item id="id"><![CDATA[355]]></item>
				<item id="typeid"><![CDATA[6]]></item>
				<item id="displayorder"><![CDATA[0]]></item>
				<item id="type"><![CDATA[smiley]]></item>
				<item id="code"><![CDATA[{:9058:}]]></item>
				<item id="url"><![CDATA[9058.gif]]></item>
			</item>
			<item id="52">
				<item id="id"><![CDATA[353]]></item>
				<item id="typeid"><![CDATA[6]]></item>
				<item id="displayorder"><![CDATA[0]]></item>
				<item id="type"><![CDATA[smiley]]></item>
				<item id="code"><![CDATA[{:9056:}]]></item>
				<item id="url"><![CDATA[9056.gif]]></item>
			</item>
			<item id="53">
				<item id="id"><![CDATA[351]]></item>
				<item id="typeid"><![CDATA[6]]></item>
				<item id="displayorder"><![CDATA[0]]></item>
				<item id="type"><![CDATA[smiley]]></item>
				<item id="code"><![CDATA[{:9054:}]]></item>
				<item id="url"><![CDATA[9054.gif]]></item>
			</item>
			<item id="54">
				<item id="id"><![CDATA[349]]></item>
				<item id="typeid"><![CDATA[6]]></item>
				<item id="displayorder"><![CDATA[0]]></item>
				<item id="type"><![CDATA[smiley]]></item>
				<item id="code"><![CDATA[{:9052:}]]></item>
				<item id="url"><![CDATA[9052.gif]]></item>
			</item>
			<item id="55">
				<item id="id"><![CDATA[347]]></item>
				<item id="typeid"><![CDATA[6]]></item>
				<item id="displayorder"><![CDATA[0]]></item>
				<item id="type"><![CDATA[smiley]]></item>
				<item id="code"><![CDATA[{:9050:}]]></item>
				<item id="url"><![CDATA[9050.gif]]></item>
			</item>
			<item id="56">
				<item id="id"><![CDATA[365]]></item>
				<item id="typeid"><![CDATA[6]]></item>
				<item id="displayorder"><![CDATA[0]]></item>
				<item id="type"><![CDATA[smiley]]></item>
				<item id="code"><![CDATA[{:9068:}]]></item>
				<item id="url"><![CDATA[9068.gif]]></item>
			</item>
			<item id="57">
				<item id="id"><![CDATA[367]]></item>
				<item id="typeid"><![CDATA[6]]></item>
				<item id="displayorder"><![CDATA[0]]></item>
				<item id="type"><![CDATA[smiley]]></item>
				<item id="code"><![CDATA[{:9070:}]]></item>
				<item id="url"><![CDATA[9070.gif]]></item>
			</item>
			<item id="58">
				<item id="id"><![CDATA[385]]></item>
				<item id="typeid"><![CDATA[6]]></item>
				<item id="displayorder"><![CDATA[0]]></item>
				<item id="type"><![CDATA[smiley]]></item>
				<item id="code"><![CDATA[{:9088:}]]></item>
				<item id="url"><![CDATA[9088.gif]]></item>
			</item>
			<item id="59">
				<item id="id"><![CDATA[383]]></item>
				<item id="typeid"><![CDATA[6]]></item>
				<item id="displayorder"><![CDATA[0]]></item>
				<item id="type"><![CDATA[smiley]]></item>
				<item id="code"><![CDATA[{:9086:}]]></item>
				<item id="url"><![CDATA[9086.gif]]></item>
			</item>
			<item id="60">
				<item id="id"><![CDATA[381]]></item>
				<item id="typeid"><![CDATA[6]]></item>
				<item id="displayorder"><![CDATA[0]]></item>
				<item id="type"><![CDATA[smiley]]></item>
				<item id="code"><![CDATA[{:9084:}]]></item>
				<item id="url"><![CDATA[9084.gif]]></item>
			</item>
			<item id="61">
				<item id="id"><![CDATA[379]]></item>
				<item id="typeid"><![CDATA[6]]></item>
				<item id="displayorder"><![CDATA[0]]></item>
				<item id="type"><![CDATA[smiley]]></item>
				<item id="code"><![CDATA[{:9082:}]]></item>
				<item id="url"><![CDATA[9082.gif]]></item>
			</item>
			<item id="62">
				<item id="id"><![CDATA[377]]></item>
				<item id="typeid"><![CDATA[6]]></item>
				<item id="displayorder"><![CDATA[0]]></item>
				<item id="type"><![CDATA[smiley]]></item>
				<item id="code"><![CDATA[{:9080:}]]></item>
				<item id="url"><![CDATA[9080.gif]]></item>
			</item>
			<item id="63">
				<item id="id"><![CDATA[375]]></item>
				<item id="typeid"><![CDATA[6]]></item>
				<item id="displayorder"><![CDATA[0]]></item>
				<item id="type"><![CDATA[smiley]]></item>
				<item id="code"><![CDATA[{:9078:}]]></item>
				<item id="url"><![CDATA[9078.gif]]></item>
			</item>
			<item id="64">
				<item id="id"><![CDATA[373]]></item>
				<item id="typeid"><![CDATA[6]]></item>
				<item id="displayorder"><![CDATA[0]]></item>
				<item id="type"><![CDATA[smiley]]></item>
				<item id="code"><![CDATA[{:9076:}]]></item>
				<item id="url"><![CDATA[9076.gif]]></item>
			</item>
			<item id="65">
				<item id="id"><![CDATA[371]]></item>
				<item id="typeid"><![CDATA[6]]></item>
				<item id="displayorder"><![CDATA[0]]></item>
				<item id="type"><![CDATA[smiley]]></item>
				<item id="code"><![CDATA[{:9074:}]]></item>
				<item id="url"><![CDATA[9074.gif]]></item>
			</item>
			<item id="66">
				<item id="id"><![CDATA[369]]></item>
				<item id="typeid"><![CDATA[6]]></item>
				<item id="displayorder"><![CDATA[0]]></item>
				<item id="type"><![CDATA[smiley]]></item>
				<item id="code"><![CDATA[{:9072:}]]></item>
				<item id="url"><![CDATA[9072.gif]]></item>
			</item>
			<item id="67">
				<item id="id"><![CDATA[345]]></item>
				<item id="typeid"><![CDATA[6]]></item>
				<item id="displayorder"><![CDATA[0]]></item>
				<item id="type"><![CDATA[smiley]]></item>
				<item id="code"><![CDATA[{:9048:}]]></item>
				<item id="url"><![CDATA[9048.gif]]></item>
			</item>
			<item id="68">
				<item id="id"><![CDATA[343]]></item>
				<item id="typeid"><![CDATA[6]]></item>
				<item id="displayorder"><![CDATA[0]]></item>
				<item id="type"><![CDATA[smiley]]></item>
				<item id="code"><![CDATA[{:9046:}]]></item>
				<item id="url"><![CDATA[9046.gif]]></item>
			</item>
			<item id="69">
				<item id="id"><![CDATA[341]]></item>
				<item id="typeid"><![CDATA[6]]></item>
				<item id="displayorder"><![CDATA[0]]></item>
				<item id="type"><![CDATA[smiley]]></item>
				<item id="code"><![CDATA[{:9044:}]]></item>
				<item id="url"><![CDATA[9044.gif]]></item>
			</item>
			<item id="70">
				<item id="id"><![CDATA[317]]></item>
				<item id="typeid"><![CDATA[6]]></item>
				<item id="displayorder"><![CDATA[0]]></item>
				<item id="type"><![CDATA[smiley]]></item>
				<item id="code"><![CDATA[{:9020:}]]></item>
				<item id="url"><![CDATA[9020.gif]]></item>
			</item>
			<item id="71">
				<item id="id"><![CDATA[315]]></item>
				<item id="typeid"><![CDATA[6]]></item>
				<item id="displayorder"><![CDATA[0]]></item>
				<item id="type"><![CDATA[smiley]]></item>
				<item id="code"><![CDATA[{:9018:}]]></item>
				<item id="url"><![CDATA[9018.gif]]></item>
			</item>
			<item id="72">
				<item id="id"><![CDATA[313]]></item>
				<item id="typeid"><![CDATA[6]]></item>
				<item id="displayorder"><![CDATA[0]]></item>
				<item id="type"><![CDATA[smiley]]></item>
				<item id="code"><![CDATA[{:9016:}]]></item>
				<item id="url"><![CDATA[9016.gif]]></item>
			</item>
			<item id="73">
				<item id="id"><![CDATA[311]]></item>
				<item id="typeid"><![CDATA[6]]></item>
				<item id="displayorder"><![CDATA[0]]></item>
				<item id="type"><![CDATA[smiley]]></item>
				<item id="code"><![CDATA[{:9014:}]]></item>
				<item id="url"><![CDATA[9014.gif]]></item>
			</item>
			<item id="74">
				<item id="id"><![CDATA[309]]></item>
				<item id="typeid"><![CDATA[6]]></item>
				<item id="displayorder"><![CDATA[0]]></item>
				<item id="type"><![CDATA[smiley]]></item>
				<item id="code"><![CDATA[{:9012:}]]></item>
				<item id="url"><![CDATA[9012.gif]]></item>
			</item>
			<item id="75">
				<item id="id"><![CDATA[307]]></item>
				<item id="typeid"><![CDATA[6]]></item>
				<item id="displayorder"><![CDATA[0]]></item>
				<item id="type"><![CDATA[smiley]]></item>
				<item id="code"><![CDATA[{:9010:}]]></item>
				<item id="url"><![CDATA[9010.gif]]></item>
			</item>
			<item id="76">
				<item id="id"><![CDATA[305]]></item>
				<item id="typeid"><![CDATA[6]]></item>
				<item id="displayorder"><![CDATA[0]]></item>
				<item id="type"><![CDATA[smiley]]></item>
				<item id="code"><![CDATA[{:9008:}]]></item>
				<item id="url"><![CDATA[9008.gif]]></item>
			</item>
			<item id="77">
				<item id="id"><![CDATA[303]]></item>
				<item id="typeid"><![CDATA[6]]></item>
				<item id="displayorder"><![CDATA[0]]></item>
				<item id="type"><![CDATA[smiley]]></item>
				<item id="code"><![CDATA[{:9006:}]]></item>
				<item id="url"><![CDATA[9006.gif]]></item>
			</item>
			<item id="78">
				<item id="id"><![CDATA[301]]></item>
				<item id="typeid"><![CDATA[6]]></item>
				<item id="displayorder"><![CDATA[0]]></item>
				<item id="type"><![CDATA[smiley]]></item>
				<item id="code"><![CDATA[{:9004:}]]></item>
				<item id="url"><![CDATA[9004.gif]]></item>
			</item>
			<item id="79">
				<item id="id"><![CDATA[319]]></item>
				<item id="typeid"><![CDATA[6]]></item>
				<item id="displayorder"><![CDATA[0]]></item>
				<item id="type"><![CDATA[smiley]]></item>
				<item id="code"><![CDATA[{:9022:}]]></item>
				<item id="url"><![CDATA[9022.gif]]></item>
			</item>
			<item id="80">
				<item id="id"><![CDATA[321]]></item>
				<item id="typeid"><![CDATA[6]]></item>
				<item id="displayorder"><![CDATA[0]]></item>
				<item id="type"><![CDATA[smiley]]></item>
				<item id="code"><![CDATA[{:9024:}]]></item>
				<item id="url"><![CDATA[9024.gif]]></item>
			</item>
			<item id="81">
				<item id="id"><![CDATA[339]]></item>
				<item id="typeid"><![CDATA[6]]></item>
				<item id="displayorder"><![CDATA[0]]></item>
				<item id="type"><![CDATA[smiley]]></item>
				<item id="code"><![CDATA[{:9042:}]]></item>
				<item id="url"><![CDATA[9042.gif]]></item>
			</item>
			<item id="82">
				<item id="id"><![CDATA[337]]></item>
				<item id="typeid"><![CDATA[6]]></item>
				<item id="displayorder"><![CDATA[0]]></item>
				<item id="type"><![CDATA[smiley]]></item>
				<item id="code"><![CDATA[{:9040:}]]></item>
				<item id="url"><![CDATA[9040.gif]]></item>
			</item>
			<item id="83">
				<item id="id"><![CDATA[335]]></item>
				<item id="typeid"><![CDATA[6]]></item>
				<item id="displayorder"><![CDATA[0]]></item>
				<item id="type"><![CDATA[smiley]]></item>
				<item id="code"><![CDATA[{:9038:}]]></item>
				<item id="url"><![CDATA[9038.gif]]></item>
			</item>
			<item id="84">
				<item id="id"><![CDATA[333]]></item>
				<item id="typeid"><![CDATA[6]]></item>
				<item id="displayorder"><![CDATA[0]]></item>
				<item id="type"><![CDATA[smiley]]></item>
				<item id="code"><![CDATA[{:9036:}]]></item>
				<item id="url"><![CDATA[9036.gif]]></item>
			</item>
			<item id="85">
				<item id="id"><![CDATA[331]]></item>
				<item id="typeid"><![CDATA[6]]></item>
				<item id="displayorder"><![CDATA[0]]></item>
				<item id="type"><![CDATA[smiley]]></item>
				<item id="code"><![CDATA[{:9034:}]]></item>
				<item id="url"><![CDATA[9034.gif]]></item>
			</item>
			<item id="86">
				<item id="id"><![CDATA[329]]></item>
				<item id="typeid"><![CDATA[6]]></item>
				<item id="displayorder"><![CDATA[0]]></item>
				<item id="type"><![CDATA[smiley]]></item>
				<item id="code"><![CDATA[{:9032:}]]></item>
				<item id="url"><![CDATA[9032.gif]]></item>
			</item>
			<item id="87">
				<item id="id"><![CDATA[327]]></item>
				<item id="typeid"><![CDATA[6]]></item>
				<item id="displayorder"><![CDATA[0]]></item>
				<item id="type"><![CDATA[smiley]]></item>
				<item id="code"><![CDATA[{:9030:}]]></item>
				<item id="url"><![CDATA[9030.gif]]></item>
			</item>
			<item id="88">
				<item id="id"><![CDATA[325]]></item>
				<item id="typeid"><![CDATA[6]]></item>
				<item id="displayorder"><![CDATA[0]]></item>
				<item id="type"><![CDATA[smiley]]></item>
				<item id="code"><![CDATA[{:9028:}]]></item>
				<item id="url"><![CDATA[9028.gif]]></item>
			</item>
			<item id="89">
				<item id="id"><![CDATA[323]]></item>
				<item id="typeid"><![CDATA[6]]></item>
				<item id="displayorder"><![CDATA[0]]></item>
				<item id="type"><![CDATA[smiley]]></item>
				<item id="code"><![CDATA[{:9026:}]]></item>
				<item id="url"><![CDATA[9026.gif]]></item>
			</item>
			<item id="90">
				<item id="id"><![CDATA[299]]></item>
				<item id="typeid"><![CDATA[6]]></item>
				<item id="displayorder"><![CDATA[0]]></item>
				<item id="type"><![CDATA[smiley]]></item>
				<item id="code"><![CDATA[{:9002:}]]></item>
				<item id="url"><![CDATA[9002.gif]]></item>
			</item>
		</item>
		<item id="version"><![CDATA[X3.2]]></item>
	</item>
</root>