<?xml version="1.0" encoding="ISO-8859-1"?>
<root>
	<item id="spacecss"><![CDATA[]]></item>
	<item id="layoutdata">
		<item id="diy1">
			<item id="frame`frameq2m0S9">
				<item id="attr">
					<item id="name"><![CDATA[frameq2m0S9]]></item>
					<item id="moveable"><![CDATA[true]]></item>
					<item id="className"><![CDATA[frame move-span cl frame-1]]></item>
					<item id="titles"><![CDATA[]]></item>
				</item>
				<item id="column`frameq2m0S9_left">
					<item id="attr">
						<item id="name"><![CDATA[frameq2m0S9_left]]></item>
						<item id="className"><![CDATA[column frame-1-c]]></item>
					</item>
					<item id="block`portal_block_1404">
						<item id="attr">
							<item id="name"><![CDATA[portal_block_1404]]></item>
							<item id="className"><![CDATA[block move-span]]></item>
							<item id="titles"><![CDATA[]]></item>
						</item>
					</item>
					<item id="block`portal_block_1397">
						<item id="attr">
							<item id="name"><![CDATA[portal_block_1397]]></item>
							<item id="className"><![CDATA[block move-span]]></item>
							<item id="titles"><![CDATA[]]></item>
						</item>
					</item>
					<item id="block`portal_block_1399">
						<item id="attr">
							<item id="name"><![CDATA[portal_block_1399]]></item>
							<item id="className"><![CDATA[block move-span]]></item>
							<item id="titles"><![CDATA[]]></item>
						</item>
					</item>
					<item id="block`portal_block_1400">
						<item id="attr">
							<item id="name"><![CDATA[portal_block_1400]]></item>
							<item id="className"><![CDATA[block move-span]]></item>
							<item id="titles"><![CDATA[]]></item>
						</item>
					</item>
					<item id="block`portal_block_1398">
						<item id="attr">
							<item id="name"><![CDATA[portal_block_1398]]></item>
							<item id="className"><![CDATA[block move-span]]></item>
							<item id="titles"><![CDATA[]]></item>
						</item>
					</item>
				</item>
			</item>
			<item id="frame`frameLo6De8">
				<item id="attr">
					<item id="name"><![CDATA[frameLo6De8]]></item>
					<item id="moveable"><![CDATA[true]]></item>
					<item id="className"><![CDATA[mumucms_mt10 frame move-span cl frame-1]]></item>
					<item id="titles">
						<item id="className">
							<item id="0"><![CDATA[mumucms_diy_title mumucms_frame_titlee]]></item>
						</item>
						<item id="style"><![CDATA[]]></item>
						<item id="first">
							<item id="text"><![CDATA[新闻资讯]]></item>
							<item id="href"><![CDATA[]]></item>
							<item id="color"><![CDATA[]]></item>
							<item id="float"><![CDATA[]]></item>
							<item id="margin"><![CDATA[]]></item>
							<item id="font-size"><![CDATA[]]></item>
							<item id="className"><![CDATA[titletext]]></item>
							<item id="src"><![CDATA[]]></item>
						</item>
					</item>
				</item>
				<item id="column`frameLo6De8_left">
					<item id="attr">
						<item id="name"><![CDATA[frameLo6De8_left]]></item>
						<item id="className"><![CDATA[column frame-1-c]]></item>
					</item>
					<item id="block`portal_block_1405">
						<item id="attr">
							<item id="name"><![CDATA[portal_block_1405]]></item>
							<item id="className"><![CDATA[block move-span]]></item>
							<item id="titles"><![CDATA[]]></item>
						</item>
					</item>
				</item>
			</item>
			<item id="frame`frameVn16W1">
				<item id="attr">
					<item id="name"><![CDATA[frameVn16W1]]></item>
					<item id="moveable"><![CDATA[true]]></item>
					<item id="className"><![CDATA[mumucms_mt10 frame move-span cl frame-1]]></item>
					<item id="titles"><![CDATA[]]></item>
				</item>
				<item id="column`frameVn16W1_left">
					<item id="attr">
						<item id="name"><![CDATA[frameVn16W1_left]]></item>
						<item id="className"><![CDATA[column frame-1-c]]></item>
					</item>
					<item id="block`portal_block_1412">
						<item id="attr">
							<item id="name"><![CDATA[portal_block_1412]]></item>
							<item id="className"><![CDATA[block move-span]]></item>
							<item id="titles"><![CDATA[]]></item>
						</item>
					</item>
				</item>
			</item>
			<item id="frame`frameU2L23k">
				<item id="attr">
					<item id="name"><![CDATA[frameU2L23k]]></item>
					<item id="moveable"><![CDATA[true]]></item>
					<item id="className"><![CDATA[mumucms_mt10 frame move-span cl frame-1]]></item>
					<item id="titles">
						<item id="className">
							<item id="0"><![CDATA[mumucms_diy_title mumucms_frame_titlee]]></item>
						</item>
						<item id="style"><![CDATA[]]></item>
						<item id="first">
							<item id="text"><![CDATA[看美图]]></item>
							<item id="href"><![CDATA[]]></item>
							<item id="color"><![CDATA[]]></item>
							<item id="float"><![CDATA[]]></item>
							<item id="margin"><![CDATA[]]></item>
							<item id="font-size"><![CDATA[]]></item>
							<item id="className"><![CDATA[titletext]]></item>
							<item id="src"><![CDATA[]]></item>
						</item>
					</item>
				</item>
				<item id="column`frameU2L23k_left">
					<item id="attr">
						<item id="name"><![CDATA[frameU2L23k_left]]></item>
						<item id="className"><![CDATA[column frame-1-c]]></item>
					</item>
					<item id="block`portal_block_1406">
						<item id="attr">
							<item id="name"><![CDATA[portal_block_1406]]></item>
							<item id="className"><![CDATA[block move-span]]></item>
							<item id="titles"><![CDATA[]]></item>
						</item>
					</item>
				</item>
			</item>
			<item id="frame`frameK59nFK">
				<item id="attr">
					<item id="name"><![CDATA[frameK59nFK]]></item>
					<item id="moveable"><![CDATA[true]]></item>
					<item id="className"><![CDATA[mumucms_mt10 frame move-span cl frame-1]]></item>
					<item id="titles">
						<item id="className">
							<item id="0"><![CDATA[mumucms_diy_title mumucms_frame_titlee]]></item>
						</item>
						<item id="style"><![CDATA[]]></item>
						<item id="first">
							<item id="text"><![CDATA[排行榜]]></item>
							<item id="href"><![CDATA[]]></item>
							<item id="color"><![CDATA[]]></item>
							<item id="float"><![CDATA[]]></item>
							<item id="margin"><![CDATA[]]></item>
							<item id="font-size"><![CDATA[]]></item>
							<item id="className"><![CDATA[titletext]]></item>
							<item id="src"><![CDATA[]]></item>
						</item>
					</item>
				</item>
				<item id="column`frameK59nFK_left">
					<item id="attr">
						<item id="name"><![CDATA[frameK59nFK_left]]></item>
						<item id="className"><![CDATA[column frame-1-c]]></item>
					</item>
					<item id="block`portal_block_1415">
						<item id="attr">
							<item id="name"><![CDATA[portal_block_1415]]></item>
							<item id="className"><![CDATA[block move-span]]></item>
							<item id="titles"><![CDATA[]]></item>
						</item>
					</item>
				</item>
			</item>
			<item id="frame`framevmM6aR">
				<item id="attr">
					<item id="name"><![CDATA[framevmM6aR]]></item>
					<item id="moveable"><![CDATA[true]]></item>
					<item id="className"><![CDATA[mumucms_mt10 frame move-span cl frame-1]]></item>
					<item id="titles">
						<item id="className">
							<item id="0"><![CDATA[mumucms_diy_title mumucms_frame_titlee]]></item>
						</item>
						<item id="style"><![CDATA[]]></item>
						<item id="first">
							<item id="text"><![CDATA[最新活动]]></item>
							<item id="href"><![CDATA[]]></item>
							<item id="color"><![CDATA[]]></item>
							<item id="float"><![CDATA[]]></item>
							<item id="margin"><![CDATA[]]></item>
							<item id="font-size"><![CDATA[]]></item>
							<item id="className"><![CDATA[titletext]]></item>
							<item id="src"><![CDATA[]]></item>
						</item>
					</item>
				</item>
				<item id="column`framevmM6aR_left">
					<item id="attr">
						<item id="name"><![CDATA[framevmM6aR_left]]></item>
						<item id="className"><![CDATA[column frame-1-c]]></item>
					</item>
					<item id="block`portal_block_1401">
						<item id="attr">
							<item id="name"><![CDATA[portal_block_1401]]></item>
							<item id="className"><![CDATA[block move-span]]></item>
							<item id="titles"><![CDATA[]]></item>
						</item>
					</item>
				</item>
			</item>
		</item>
	</item>
	<item id="blockdata">
		<item id="block">
			<item id="1397">
				<item id="bid"><![CDATA[1397]]></item>
				<item id="blockclass"><![CDATA[forum_thread]]></item>
				<item id="blocktype"><![CDATA[0]]></item>
				<item id="name"><![CDATA[[超级手机]门户轮播图]]></item>
				<item id="title"><![CDATA[]]></item>
				<item id="classname"><![CDATA[]]></item>
				<item id="summary"><![CDATA[]]></item>
				<item id="uid"><![CDATA[1]]></item>
				<item id="username"><![CDATA[admin]]></item>
				<item id="styleid"><![CDATA[163]]></item>
				<item id="blockstyle"><![CDATA[]]></item>
				<item id="picwidth"><![CDATA[500]]></item>
				<item id="picheight"><![CDATA[280]]></item>
				<item id="target"><![CDATA[blank]]></item>
				<item id="dateformat"><![CDATA[Y-m-d]]></item>
				<item id="dateuformat"><![CDATA[0]]></item>
				<item id="script"><![CDATA[thread]]></item>
				<item id="param">
					<item id="tids"><![CDATA[]]></item>
					<item id="uids"><![CDATA[]]></item>
					<item id="keyword"><![CDATA[]]></item>
					<item id="tagkeyword"><![CDATA[]]></item>
					<item id="typeids"><![CDATA[]]></item>
					<item id="reply"><![CDATA[0]]></item>
					<item id="recommend"><![CDATA[0]]></item>
					<item id="viewmod"><![CDATA[0]]></item>
					<item id="rewardstatus"><![CDATA[0]]></item>
					<item id="picrequired"><![CDATA[1]]></item>
					<item id="orderby"><![CDATA[lastpost]]></item>
					<item id="postdateline"><![CDATA[0]]></item>
					<item id="lastpost"><![CDATA[0]]></item>
					<item id="highlight"><![CDATA[0]]></item>
					<item id="titlelength"><![CDATA[40]]></item>
					<item id="summarylength"><![CDATA[80]]></item>
					<item id="startrow"><![CDATA[0]]></item>
					<item id="items"><![CDATA[5]]></item>
				</item>
				<item id="shownum"><![CDATA[5]]></item>
				<item id="cachetime"><![CDATA[3600]]></item>
				<item id="cachetimerange"><![CDATA[]]></item>
				<item id="punctualupdate"><![CDATA[0]]></item>
				<item id="hidedisplay"><![CDATA[0]]></item>
				<item id="dateline"><![CDATA[1573726300]]></item>
				<item id="notinherited"><![CDATA[0]]></item>
				<item id="isblank"><![CDATA[0]]></item>
			</item>
			<item id="1398">
				<item id="bid"><![CDATA[1398]]></item>
				<item id="blockclass"><![CDATA[html_html]]></item>
				<item id="blocktype"><![CDATA[0]]></item>
				<item id="name"><![CDATA[[超级手机]版块快捷菜单]]></item>
				<item id="title"><![CDATA[]]></item>
				<item id="classname"><![CDATA[]]></item>
				<item id="summary"><![CDATA[<div class="mumucms_kjdh swiper-container" id="mumucms_kjdh">
	<div class="swiper-wrapper">
		<div class="swiper-slide">
			<li><a href="http://t.cn/AiuxBMCp"><img src="template/mumucms_waptheme/img/mumucms_news.png"><span>资讯</span></a></li>
			<li><a href="http://t.cn/AiuxBMCp"><img src="template/mumucms_waptheme/img/mumucms_info.png"><span>二手</span></a></li>
			<li><a href="http://t.cn/AiuxBMCp"><img src="template/mumucms_waptheme/img/mumucms_house.png"><span>房产</span></a></li>
			<li><a href="http://t.cn/AiuxBMCp"><img src="template/mumucms_waptheme/img/mumucms_job.png"><span>招聘</span></a></li>
			<li><a href="http://t.cn/AiuxBMCp"><img src="template/mumucms_waptheme/img/mumucms_forum.png"><span>社区</span></a></li>
			<li><a href="http://t.cn/AiuxBMCp"><img src="template/mumucms_waptheme/img/mumucms_mall.png"><span>商城</span></a></li>
			<li><a href="http://t.cn/AiuxBMCp"><img src="template/mumucms_waptheme/img/mumucms_food.png"><span>美食</span></a></li>
			<li><a href="http://t.cn/AiuxBMCp"><img src="template/mumucms_waptheme/img/mumucms_tuangou.png"><span>团购</span></a></li>
			<li><a href="http://t.cn/AiuxBMCp"><img src="template/mumucms_waptheme/img/mumucms_huodong.png"><span>活动</span></a></li>
			<li><a href="http://t.cn/AiuxBMCp"><img src="template/mumucms_waptheme/img/mumucms_video.png"><span>视频</span></a></li>
		</div>
		<div class="swiper-slide">
			<li><a href="http://t.cn/AiuxBMCp"><img src="template/mumucms_waptheme/img/mumucms_shangjia.png"><span>商家</span></a></li>
			<li><a href="http://t.cn/AiuxBMCp"><img src="template/mumucms_waptheme/img/mumucms_yanglao.png"><span>养老</span></a></li>
			<li><a href="http://t.cn/AiuxBMCp"><img src="template/mumucms_waptheme/img/mumucms_edu.png"><span>教育</span></a></li>
			<li><a href="http://t.cn/AiuxBMCp"><img src="template/mumucms_waptheme/img/mumucms_lvyou.png"><span>旅游</span></a></li>
			<li><a href="http://t.cn/AiuxBMCp"><img src="template/mumucms_waptheme/img/mumucms_hunjia.png"><span>婚嫁</span></a></li>
			<li><a href="http://t.cn/AiuxBMCp"><img src="template/mumucms_waptheme/img/mumucms_jiazheng.png"><span>家政</span></a></li>
			<li><a href="http://t.cn/AiuxBMCp"><img src="template/mumucms_waptheme/img/mumucms_cars.png"><span>汽车</span></a></li>
			<li><a href="http://t.cn/AiuxBMCp"><img src="template/mumucms_waptheme/img/mumucms_zhuangxiu.png"><span>装修</span></a></li>
			<li><a href="http://t.cn/AiuxBMCp"><img src="template/mumucms_waptheme/img/mumucms_jiaoyou.png"><span>交友</span></a></li>
			<li><a href="http://t.cn/AiuxBMCp"><img src="template/mumucms_waptheme/img/mumucms_baokan.png"><span>报刊</span></a></li>
		</div>		
	</div>
	<div class="swiper-pagination" id="swiper-pagination-kjdh"></div>
</div>]]></item>
				<item id="uid"><![CDATA[1]]></item>
				<item id="username"><![CDATA[admin]]></item>
				<item id="styleid"><![CDATA[0]]></item>
				<item id="blockstyle"><![CDATA[]]></item>
				<item id="picwidth"><![CDATA[0]]></item>
				<item id="picheight"><![CDATA[0]]></item>
				<item id="target"><![CDATA[blank]]></item>
				<item id="dateformat"><![CDATA[Y-m-d]]></item>
				<item id="dateuformat"><![CDATA[0]]></item>
				<item id="script"><![CDATA[blank]]></item>
				<item id="param">
					<item id="content"><![CDATA[<div class=\"mumucms_kjdh swiper-container\" id=\"mumucms_kjdh\">
	<div class=\"swiper-wrapper\">
		<div class=\"swiper-slide\">
			<li><a href=\"#\"><img src=\"template/mumucms_waptheme/img/mumucms_news.png\"><span>资讯</span></a></li>
			<li><a href=\"#\"><img src=\"template/mumucms_waptheme/img/mumucms_info.png\"><span>二手</span></a></li>
			<li><a href=\"#\"><img src=\"template/mumucms_waptheme/img/mumucms_house.png\"><span>房产</span></a></li>
			<li><a href=\"#\"><img src=\"template/mumucms_waptheme/img/mumucms_job.png\"><span>招聘</span></a></li>
			<li><a href=\"#\"><img src=\"template/mumucms_waptheme/img/mumucms_forum.png\"><span>社区</span></a></li>
			<li><a href=\"#\"><img src=\"template/mumucms_waptheme/img/mumucms_mall.png\"><span>商城</span></a></li>
			<li><a href=\"#\"><img src=\"template/mumucms_waptheme/img/mumucms_food.png\"><span>美食</span></a></li>
			<li><a href=\"#\"><img src=\"template/mumucms_waptheme/img/mumucms_tuangou.png\"><span>团购</span></a></li>
			<li><a href=\"#\"><img src=\"template/mumucms_waptheme/img/mumucms_huodong.png\"><span>活动</span></a></li>
			<li><a href=\"#\"><img src=\"template/mumucms_waptheme/img/mumucms_video.png\"><span>视频</span></a></li>
		</div>
		<div class=\"swiper-slide\">
			<li><a href=\"#\"><img src=\"template/mumucms_waptheme/img/mumucms_shangjia.png\"><span>商家</span></a></li>
			<li><a href=\"#\"><img src=\"template/mumucms_waptheme/img/mumucms_yanglao.png\"><span>养老</span></a></li>
			<li><a href=\"#\"><img src=\"template/mumucms_waptheme/img/mumucms_edu.png\"><span>教育</span></a></li>
			<li><a href=\"#\"><img src=\"template/mumucms_waptheme/img/mumucms_lvyou.png\"><span>旅游</span></a></li>
			<li><a href=\"#\"><img src=\"template/mumucms_waptheme/img/mumucms_hunjia.png\"><span>婚嫁</span></a></li>
			<li><a href=\"#\"><img src=\"template/mumucms_waptheme/img/mumucms_jiazheng.png\"><span>家政</span></a></li>
			<li><a href=\"#\"><img src=\"template/mumucms_waptheme/img/mumucms_cars.png\"><span>汽车</span></a></li>
			<li><a href=\"#\"><img src=\"template/mumucms_waptheme/img/mumucms_zhuangxiu.png\"><span>装修</span></a></li>
			<li><a href=\"#\"><img src=\"template/mumucms_waptheme/img/mumucms_jiaoyou.png\"><span>交友</span></a></li>
			<li><a href=\"#\"><img src=\"template/mumucms_waptheme/img/mumucms_baokan.png\"><span>报刊</span></a></li>
		</div>		
	</div>
	<div class=\"swiper-pagination\" id=\"swiper-pagination-kjdh\"></div>
</div>	]]></item>
					<item id="items"><![CDATA[10]]></item>
				</item>
				<item id="shownum"><![CDATA[10]]></item>
				<item id="cachetime"><![CDATA[0]]></item>
				<item id="cachetimerange"><![CDATA[0,0]]></item>
				<item id="punctualupdate"><![CDATA[0]]></item>
				<item id="hidedisplay"><![CDATA[0]]></item>
				<item id="dateline"><![CDATA[1573728196]]></item>
				<item id="notinherited"><![CDATA[0]]></item>
				<item id="isblank"><![CDATA[0]]></item>
			</item>
			<item id="1399">
				<item id="bid"><![CDATA[1399]]></item>
				<item id="blockclass"><![CDATA[html_html]]></item>
				<item id="blocktype"><![CDATA[0]]></item>
				<item id="name"><![CDATA[[超级手机]轮播图下模块]]></item>
				<item id="title"><![CDATA[]]></item>
				<item id="classname"><![CDATA[]]></item>
				<item id="summary"><![CDATA[<div class="mumucms_dmenu cl">
<a href="#"><h2 style="color:#ff9900;">每日签到</h2><span class="f_c">领积分换好礼</span></a>
<a href="forum.php?mod=guide&view=newthread&mobile=2"><h2 style="color:#0d87e5;">本地圈</h2><span class="f_c">了解本地讯息</span></a>
<a href="search.php?mod=forum&mobile=2"><h2 style="color:#FF5F45;">发现 +</h2><span class="f_c">发现更多好玩的</span></a>
</div>]]></item>
				<item id="uid"><![CDATA[1]]></item>
				<item id="username"><![CDATA[admin]]></item>
				<item id="styleid"><![CDATA[0]]></item>
				<item id="blockstyle"><![CDATA[]]></item>
				<item id="picwidth"><![CDATA[0]]></item>
				<item id="picheight"><![CDATA[0]]></item>
				<item id="target"><![CDATA[blank]]></item>
				<item id="dateformat"><![CDATA[Y-m-d]]></item>
				<item id="dateuformat"><![CDATA[0]]></item>
				<item id="script"><![CDATA[blank]]></item>
				<item id="param">
					<item id="content"><![CDATA[<div class=\"mumucms_dmenu cl\">
<a href=\"#\"><h2 style=\"color:#ff9900;\">每日签到</h2><span class=\"f_c\">领积分换好礼</span></a>
<a href=\"forum.php?mod=guide&view=newthread&mobile=2\"><h2 style=\"color:#0d87e5;\">本地圈</h2><span class=\"f_c\">了解本地讯息</span></a>
<a href=\"search.php?mod=forum&mobile=2\"><h2 style=\"color:#FF5F45;\">发现 +</h2><span class=\"f_c\">发现更多好玩的</span></a>
</div>]]></item>
					<item id="items"><![CDATA[10]]></item>
				</item>
				<item id="shownum"><![CDATA[10]]></item>
				<item id="cachetime"><![CDATA[0]]></item>
				<item id="cachetimerange"><![CDATA[0,0]]></item>
				<item id="punctualupdate"><![CDATA[0]]></item>
				<item id="hidedisplay"><![CDATA[0]]></item>
				<item id="dateline"><![CDATA[1573138289]]></item>
				<item id="notinherited"><![CDATA[0]]></item>
				<item id="isblank"><![CDATA[0]]></item>
			</item>
			<item id="1400">
				<item id="bid"><![CDATA[1400]]></item>
				<item id="blockclass"><![CDATA[forum_thread]]></item>
				<item id="blocktype"><![CDATA[0]]></item>
				<item id="name"><![CDATA[[超级手机]门户首页公告]]></item>
				<item id="title"><![CDATA[]]></item>
				<item id="classname"><![CDATA[]]></item>
				<item id="summary"><![CDATA[]]></item>
				<item id="uid"><![CDATA[1]]></item>
				<item id="username"><![CDATA[admin]]></item>
				<item id="styleid"><![CDATA[165]]></item>
				<item id="blockstyle"><![CDATA[]]></item>
				<item id="picwidth"><![CDATA[200]]></item>
				<item id="picheight"><![CDATA[200]]></item>
				<item id="target"><![CDATA[blank]]></item>
				<item id="dateformat"><![CDATA[Y-m-d]]></item>
				<item id="dateuformat"><![CDATA[0]]></item>
				<item id="script"><![CDATA[thread]]></item>
				<item id="param">
					<item id="tids"><![CDATA[]]></item>
					<item id="uids"><![CDATA[]]></item>
					<item id="keyword"><![CDATA[]]></item>
					<item id="tagkeyword"><![CDATA[]]></item>
					<item id="typeids"><![CDATA[]]></item>
					<item id="reply"><![CDATA[0]]></item>
					<item id="recommend"><![CDATA[0]]></item>
					<item id="viewmod"><![CDATA[0]]></item>
					<item id="rewardstatus"><![CDATA[0]]></item>
					<item id="picrequired"><![CDATA[0]]></item>
					<item id="orderby"><![CDATA[lastpost]]></item>
					<item id="postdateline"><![CDATA[0]]></item>
					<item id="lastpost"><![CDATA[0]]></item>
					<item id="highlight"><![CDATA[0]]></item>
					<item id="titlelength"><![CDATA[40]]></item>
					<item id="summarylength"><![CDATA[80]]></item>
					<item id="startrow"><![CDATA[0]]></item>
					<item id="items"><![CDATA[10]]></item>
				</item>
				<item id="shownum"><![CDATA[10]]></item>
				<item id="cachetime"><![CDATA[3600]]></item>
				<item id="cachetimerange"><![CDATA[]]></item>
				<item id="punctualupdate"><![CDATA[0]]></item>
				<item id="hidedisplay"><![CDATA[0]]></item>
				<item id="dateline"><![CDATA[1573726301]]></item>
				<item id="notinherited"><![CDATA[0]]></item>
				<item id="isblank"><![CDATA[0]]></item>
			</item>
			<item id="1401">
				<item id="bid"><![CDATA[1401]]></item>
				<item id="blockclass"><![CDATA[forum_activity]]></item>
				<item id="blocktype"><![CDATA[0]]></item>
				<item id="name"><![CDATA[[超级手机]门户最新活动列表]]></item>
				<item id="title"><![CDATA[]]></item>
				<item id="classname"><![CDATA[]]></item>
				<item id="summary"><![CDATA[]]></item>
				<item id="uid"><![CDATA[1]]></item>
				<item id="username"><![CDATA[admin]]></item>
				<item id="styleid"><![CDATA[166]]></item>
				<item id="blockstyle"><![CDATA[]]></item>
				<item id="picwidth"><![CDATA[300]]></item>
				<item id="picheight"><![CDATA[100]]></item>
				<item id="target"><![CDATA[blank]]></item>
				<item id="dateformat"><![CDATA[Y-m-d]]></item>
				<item id="dateuformat"><![CDATA[0]]></item>
				<item id="script"><![CDATA[activity]]></item>
				<item id="param">
					<item id="tids"><![CDATA[]]></item>
					<item id="uids"><![CDATA[]]></item>
					<item id="keyword"><![CDATA[]]></item>
					<item id="viewmod"><![CDATA[0]]></item>
					<item id="recommend"><![CDATA[0]]></item>
					<item id="place"><![CDATA[]]></item>
					<item id="class"><![CDATA[]]></item>
					<item id="gender"><![CDATA[]]></item>
					<item id="orderby"><![CDATA[dateline]]></item>
					<item id="highlight"><![CDATA[0]]></item>
					<item id="titlelength"><![CDATA[40]]></item>
					<item id="summarylength"><![CDATA[80]]></item>
					<item id="startrow"><![CDATA[0]]></item>
					<item id="items"><![CDATA[10]]></item>
				</item>
				<item id="shownum"><![CDATA[10]]></item>
				<item id="cachetime"><![CDATA[3600]]></item>
				<item id="cachetimerange"><![CDATA[]]></item>
				<item id="punctualupdate"><![CDATA[0]]></item>
				<item id="hidedisplay"><![CDATA[0]]></item>
				<item id="dateline"><![CDATA[1573724834]]></item>
				<item id="notinherited"><![CDATA[0]]></item>
				<item id="isblank"><![CDATA[0]]></item>
			</item>
			<item id="1404">
				<item id="bid"><![CDATA[1404]]></item>
				<item id="blockclass"><![CDATA[html_html]]></item>
				<item id="blocktype"><![CDATA[0]]></item>
				<item id="name"><![CDATA[[超级手机]门户二级导航]]></item>
				<item id="title"><![CDATA[]]></item>
				<item id="classname"><![CDATA[]]></item>
				<item id="summary"><![CDATA[<div class="mumucms_subnav">
    <div class="swiper-wrapper">
        <div class="swiper-slide"><a class="hover" href="#">精选<i></i></a></div>
        <div class="swiper-slide"><a href="#">新闻</a></div>
        <div class="swiper-slide"><a href="#">社区</a></div>
        <div class="swiper-slide"><a href="#">导读</a></div>
        <div class="swiper-slide"><a href="#">新楼盘</a></div>
        <div class="swiper-slide"><a href="#">二手房</a></div>       
        <div class="swiper-slide"><a href="#">活动</a></div>
        <div class="swiper-slide"><a href="#">招聘</a></div>
        <div class="swiper-slide"><a href="#">商家</a></div>
        <div class="swiper-slide"><a href="#">二手</a></div>
        <div class="swiper-slide"><a href="#">交友</a></div>
        <div class="swiper-slide"><a href="#">图说事</a></div>
        <div class="swiper-slide"><a href="#">本地通</a></div> 
    </div>
</div>]]></item>
				<item id="uid"><![CDATA[1]]></item>
				<item id="username"><![CDATA[admin]]></item>
				<item id="styleid"><![CDATA[0]]></item>
				<item id="blockstyle"><![CDATA[]]></item>
				<item id="picwidth"><![CDATA[0]]></item>
				<item id="picheight"><![CDATA[0]]></item>
				<item id="target"><![CDATA[blank]]></item>
				<item id="dateformat"><![CDATA[Y-m-d]]></item>
				<item id="dateuformat"><![CDATA[0]]></item>
				<item id="script"><![CDATA[blank]]></item>
				<item id="param">
					<item id="content"><![CDATA[<div class=\"mumucms_subnav\">
    <div class=\"swiper-wrapper\">
        <div class=\"swiper-slide\"><a class=\"hover\" href=\"#\">精选<i></i></a></div>
        <div class=\"swiper-slide\"><a href=\"#\">新闻</a></div>
        <div class=\"swiper-slide\"><a href=\"#\">社区</a></div>
        <div class=\"swiper-slide\"><a href=\"#\">导读</a></div>
        <div class=\"swiper-slide\"><a href=\"#\">新楼盘</a></div>
        <div class=\"swiper-slide\"><a href=\"#\">二手房</a></div>       
        <div class=\"swiper-slide\"><a href=\"#\">活动</a></div>
        <div class=\"swiper-slide\"><a href=\"#\">招聘</a></div>
        <div class=\"swiper-slide\"><a href=\"#\">商家</a></div>
        <div class=\"swiper-slide\"><a href=\"#\">二手</a></div>
        <div class=\"swiper-slide\"><a href=\"#\">交友</a></div>
        <div class=\"swiper-slide\"><a href=\"#\">图说事</a></div>
        <div class=\"swiper-slide\"><a href=\"#\">本地通</a></div> 
    </div>
</div>]]></item>
					<item id="items"><![CDATA[10]]></item>
				</item>
				<item id="shownum"><![CDATA[10]]></item>
				<item id="cachetime"><![CDATA[0]]></item>
				<item id="cachetimerange"><![CDATA[0,0]]></item>
				<item id="punctualupdate"><![CDATA[0]]></item>
				<item id="hidedisplay"><![CDATA[0]]></item>
				<item id="dateline"><![CDATA[1573138289]]></item>
				<item id="notinherited"><![CDATA[0]]></item>
				<item id="isblank"><![CDATA[0]]></item>
			</item>
			<item id="1405">
				<item id="bid"><![CDATA[1405]]></item>
				<item id="blockclass"><![CDATA[portal_article]]></item>
				<item id="blocktype"><![CDATA[0]]></item>
				<item id="name"><![CDATA[[超级手机]门户新闻资讯列表]]></item>
				<item id="title"><![CDATA[]]></item>
				<item id="classname"><![CDATA[]]></item>
				<item id="summary"><![CDATA[]]></item>
				<item id="uid"><![CDATA[1]]></item>
				<item id="username"><![CDATA[admin]]></item>
				<item id="styleid"><![CDATA[167]]></item>
				<item id="blockstyle"><![CDATA[]]></item>
				<item id="picwidth"><![CDATA[100]]></item>
				<item id="picheight"><![CDATA[75]]></item>
				<item id="target"><![CDATA[blank]]></item>
				<item id="dateformat"><![CDATA[Y-m-d]]></item>
				<item id="dateuformat"><![CDATA[0]]></item>
				<item id="script"><![CDATA[article]]></item>
				<item id="param">
					<item id="aids"><![CDATA[]]></item>
					<item id="uids"><![CDATA[]]></item>
					<item id="keyword"><![CDATA[]]></item>
					<item id="picrequired"><![CDATA[1]]></item>
					<item id="starttime"><![CDATA[]]></item>
					<item id="endtime"><![CDATA[]]></item>
					<item id="orderby"><![CDATA[dateline]]></item>
					<item id="publishdateline"><![CDATA[0]]></item>
					<item id="titlelength"><![CDATA[40]]></item>
					<item id="summarylength"><![CDATA[80]]></item>
					<item id="startrow"><![CDATA[0]]></item>
					<item id="items"><![CDATA[5]]></item>
				</item>
				<item id="shownum"><![CDATA[5]]></item>
				<item id="cachetime"><![CDATA[3600]]></item>
				<item id="cachetimerange"><![CDATA[]]></item>
				<item id="punctualupdate"><![CDATA[0]]></item>
				<item id="hidedisplay"><![CDATA[0]]></item>
				<item id="dateline"><![CDATA[1573726426]]></item>
				<item id="notinherited"><![CDATA[0]]></item>
				<item id="isblank"><![CDATA[0]]></item>
			</item>
			<item id="1406">
				<item id="bid"><![CDATA[1406]]></item>
				<item id="blockclass"><![CDATA[forum_thread]]></item>
				<item id="blocktype"><![CDATA[0]]></item>
				<item id="name"><![CDATA[[超级手机]门户看美图]]></item>
				<item id="title"><![CDATA[]]></item>
				<item id="classname"><![CDATA[]]></item>
				<item id="summary"><![CDATA[]]></item>
				<item id="uid"><![CDATA[1]]></item>
				<item id="username"><![CDATA[admin]]></item>
				<item id="styleid"><![CDATA[168]]></item>
				<item id="blockstyle"><![CDATA[]]></item>
				<item id="picwidth"><![CDATA[320]]></item>
				<item id="picheight"><![CDATA[240]]></item>
				<item id="target"><![CDATA[blank]]></item>
				<item id="dateformat"><![CDATA[Y-m-d]]></item>
				<item id="dateuformat"><![CDATA[0]]></item>
				<item id="script"><![CDATA[thread]]></item>
				<item id="param">
					<item id="tids"><![CDATA[]]></item>
					<item id="uids"><![CDATA[]]></item>
					<item id="keyword"><![CDATA[]]></item>
					<item id="tagkeyword"><![CDATA[]]></item>
					<item id="fids">
						<item id="0"><![CDATA[0]]></item>
					</item>
					<item id="typeids"><![CDATA[]]></item>
					<item id="reply"><![CDATA[0]]></item>
					<item id="recommend"><![CDATA[0]]></item>
					<item id="viewmod"><![CDATA[0]]></item>
					<item id="rewardstatus"><![CDATA[0]]></item>
					<item id="picrequired"><![CDATA[1]]></item>
					<item id="orderby"><![CDATA[lastpost]]></item>
					<item id="postdateline"><![CDATA[0]]></item>
					<item id="lastpost"><![CDATA[0]]></item>
					<item id="highlight"><![CDATA[0]]></item>
					<item id="titlelength"><![CDATA[40]]></item>
					<item id="summarylength"><![CDATA[80]]></item>
					<item id="startrow"><![CDATA[0]]></item>
					<item id="items"><![CDATA[4]]></item>
				</item>
				<item id="shownum"><![CDATA[4]]></item>
				<item id="cachetime"><![CDATA[3600]]></item>
				<item id="cachetimerange"><![CDATA[]]></item>
				<item id="punctualupdate"><![CDATA[0]]></item>
				<item id="hidedisplay"><![CDATA[0]]></item>
				<item id="dateline"><![CDATA[1573726436]]></item>
				<item id="notinherited"><![CDATA[0]]></item>
				<item id="isblank"><![CDATA[0]]></item>
			</item>
			<item id="1412">
				<item id="bid"><![CDATA[1412]]></item>
				<item id="blockclass"><![CDATA[html_html]]></item>
				<item id="blocktype"><![CDATA[0]]></item>
				<item id="name"><![CDATA[[超级手机]门户热门快捷导航]]></item>
				<item id="title"><![CDATA[]]></item>
				<item id="classname"><![CDATA[]]></item>
				<item id="summary"><![CDATA[<div class="mumucms_hot_kjlist">
    <ul>
        <li>
            <a href="#" class="con" style="background: #F7FCFF;">
                <span class="icon"><img src="template/mumucms_waptheme/img/mumucms_icon_b1.png" alt=""></span>
                <h3>二手市场</h3>
                <p>闲置物品 同城交易</p>
            </a>
        </li>
        <li>
            <a href="#" class="con" style="background: #FFF8F5;">
                <span class="icon"><img src="template/mumucms_waptheme/img/mumucms_icon_b2.png" alt=""></span>
                <h3>房屋买卖</h3>
                <p>二手房 出租房 商铺</p>
            </a>
        </li>
        <li>
            <a href="#" class="con" style="background: #FFFAFB;">
                <span class="icon"><img src="template/mumucms_waptheme/img/mumucms_icon_b3.png" alt=""></span>
                <h3>红娘牵线</h3>
                <p>找到你的Ta</p>
            </a>
        </li>
        <li>
            <a href="#" class="con" style="background: #F6FBFF;">
                <span class="icon"><img src="template/mumucms_waptheme/img/mumucms_icon_b4.png" alt=""></span>
                <h3>顺风车</h3>
                <p>人找车 车找人</p>
            </a>
        </li>
        <li>
            <a href="#" class="con" style="background: #F3FBF7;">
                <span class="icon"><img src="template/mumucms_waptheme/img/mumucms_icon_b5.png" alt=""></span>
                <h3>本地人才</h3>
                <p>求职 招人轻松搞定</p>
            </a>
        </li>
        <li>
            <a href="#" class="con" style="background: #F5F7FF;">
                <span class="icon"><img src="template/mumucms_waptheme/img/mumucms_icon_b6.png" alt=""></span>
                <h3>兼职工作</h3>
                <p>赚点零花钱</p>
            </a>
        </li>
        <li>
            <a href="#" class="con" style="background: #FFF9F4;">
                <span class="icon"><img src="template/mumucms_waptheme/img/mumucms_icon_b7.png" alt=""></span>
                <h3>商家主页</h3>
                <p>本地推广 效果超级棒</p>
            </a>
        </li>
        <li>
            <a href="#" class="con" style="background: #FFF5F6;">
                <span class="icon"><img src="template/mumucms_waptheme/img/mumucms_icon_b8.png" alt=""></span>
                <h3>精美礼品</h3>
                <p>金币免费来兑换</p>
            </a>
        </li>
    </ul>
</div>]]></item>
				<item id="uid"><![CDATA[1]]></item>
				<item id="username"><![CDATA[admin]]></item>
				<item id="styleid"><![CDATA[0]]></item>
				<item id="blockstyle"><![CDATA[]]></item>
				<item id="picwidth"><![CDATA[0]]></item>
				<item id="picheight"><![CDATA[0]]></item>
				<item id="target"><![CDATA[blank]]></item>
				<item id="dateformat"><![CDATA[Y-m-d]]></item>
				<item id="dateuformat"><![CDATA[0]]></item>
				<item id="script"><![CDATA[blank]]></item>
				<item id="param">
					<item id="content"><![CDATA[<div class=\"mumucms_hot_kjlist\">
    <ul>
        <li>
            <a href=\"#\" class=\"con\" style=\"background: #F7FCFF;\">
                <span class=\"icon\"><img src=\"template/mumucms_waptheme/img/mumucms_icon_b1.png\" alt=\"\"></span>
                <h3>二手市场</h3>
                <p>闲置物品 同城交易</p>
            </a>
        </li>
        <li>
            <a href=\"#\" class=\"con\" style=\"background: #FFF8F5;\">
                <span class=\"icon\"><img src=\"template/mumucms_waptheme/img/mumucms_icon_b2.png\" alt=\"\"></span>
                <h3>房屋买卖</h3>
                <p>二手房 出租房 商铺</p>
            </a>
        </li>
        <li>
            <a href=\"#\" class=\"con\" style=\"background: #FFFAFB;\">
                <span class=\"icon\"><img src=\"template/mumucms_waptheme/img/mumucms_icon_b3.png\" alt=\"\"></span>
                <h3>红娘牵线</h3>
                <p>找到你的Ta</p>
            </a>
        </li>
        <li>
            <a href=\"#\" class=\"con\" style=\"background: #F6FBFF;\">
                <span class=\"icon\"><img src=\"template/mumucms_waptheme/img/mumucms_icon_b4.png\" alt=\"\"></span>
                <h3>顺风车</h3>
                <p>人找车 车找人</p>
            </a>
        </li>
        <li>
            <a href=\"#\" class=\"con\" style=\"background: #F3FBF7;\">
                <span class=\"icon\"><img src=\"template/mumucms_waptheme/img/mumucms_icon_b5.png\" alt=\"\"></span>
                <h3>本地人才</h3>
                <p>求职 招人轻松搞定</p>
            </a>
        </li>
        <li>
            <a href=\"#\" class=\"con\" style=\"background: #F5F7FF;\">
                <span class=\"icon\"><img src=\"template/mumucms_waptheme/img/mumucms_icon_b6.png\" alt=\"\"></span>
                <h3>兼职工作</h3>
                <p>赚点零花钱</p>
            </a>
        </li>
        <li>
            <a href=\"#\" class=\"con\" style=\"background: #FFF9F4;\">
                <span class=\"icon\"><img src=\"template/mumucms_waptheme/img/mumucms_icon_b7.png\" alt=\"\"></span>
                <h3>商家主页</h3>
                <p>本地推广 效果超级棒</p>
            </a>
        </li>
        <li>
            <a href=\"#\" class=\"con\" style=\"background: #FFF5F6;\">
                <span class=\"icon\"><img src=\"template/mumucms_waptheme/img/mumucms_icon_b8.png\" alt=\"\"></span>
                <h3>精美礼品</h3>
                <p>金币免费来兑换</p>
            </a>
        </li>
    </ul>
</div>]]></item>
					<item id="items"><![CDATA[10]]></item>
				</item>
				<item id="shownum"><![CDATA[10]]></item>
				<item id="cachetime"><![CDATA[3600]]></item>
				<item id="cachetimerange"><![CDATA[]]></item>
				<item id="punctualupdate"><![CDATA[0]]></item>
				<item id="hidedisplay"><![CDATA[0]]></item>
				<item id="dateline"><![CDATA[1573726428]]></item>
				<item id="notinherited"><![CDATA[0]]></item>
				<item id="isblank"><![CDATA[0]]></item>
			</item>
			<item id="1415">
				<item id="bid"><![CDATA[1415]]></item>
				<item id="blockclass"><![CDATA[forum_thread]]></item>
				<item id="blocktype"><![CDATA[0]]></item>
				<item id="name"><![CDATA[[超级手机]门户首页排行榜]]></item>
				<item id="title"><![CDATA[]]></item>
				<item id="classname"><![CDATA[]]></item>
				<item id="summary"><![CDATA[]]></item>
				<item id="uid"><![CDATA[1]]></item>
				<item id="username"><![CDATA[admin]]></item>
				<item id="styleid"><![CDATA[169]]></item>
				<item id="blockstyle"><![CDATA[]]></item>
				<item id="picwidth"><![CDATA[0]]></item>
				<item id="picheight"><![CDATA[0]]></item>
				<item id="target"><![CDATA[blank]]></item>
				<item id="dateformat"><![CDATA[Y-m-d]]></item>
				<item id="dateuformat"><![CDATA[0]]></item>
				<item id="script"><![CDATA[thread]]></item>
				<item id="param">
					<item id="tids"><![CDATA[]]></item>
					<item id="uids"><![CDATA[]]></item>
					<item id="keyword"><![CDATA[]]></item>
					<item id="tagkeyword"><![CDATA[]]></item>
					<item id="typeids"><![CDATA[]]></item>
					<item id="reply"><![CDATA[0]]></item>
					<item id="recommend"><![CDATA[0]]></item>
					<item id="viewmod"><![CDATA[0]]></item>
					<item id="rewardstatus"><![CDATA[0]]></item>
					<item id="picrequired"><![CDATA[0]]></item>
					<item id="orderby"><![CDATA[lastpost]]></item>
					<item id="postdateline"><![CDATA[0]]></item>
					<item id="lastpost"><![CDATA[0]]></item>
					<item id="highlight"><![CDATA[0]]></item>
					<item id="titlelength"><![CDATA[40]]></item>
					<item id="summarylength"><![CDATA[80]]></item>
					<item id="startrow"><![CDATA[0]]></item>
					<item id="items"><![CDATA[6]]></item>
				</item>
				<item id="shownum"><![CDATA[6]]></item>
				<item id="cachetime"><![CDATA[3600]]></item>
				<item id="cachetimerange"><![CDATA[]]></item>
				<item id="punctualupdate"><![CDATA[0]]></item>
				<item id="hidedisplay"><![CDATA[0]]></item>
				<item id="dateline"><![CDATA[1573726552]]></item>
				<item id="notinherited"><![CDATA[0]]></item>
				<item id="isblank"><![CDATA[0]]></item>
			</item>
		</item>
		<item id="style">
			<item id="163">
				<item id="styleid"><![CDATA[163]]></item>
				<item id="blockclass"><![CDATA[forum_thread]]></item>
				<item id="name"><![CDATA[[超级手机]轮播图]]></item>
				<item id="template">
					<item id="raw"><![CDATA[<div class="mumucms_lbt swiper-container" id="mumucms_lbt">
	<div class="swiper-wrapper"> 
		[loop]
		<div class="swiper-slide"><a href="{url}"{target}><img src="{pic}" width="{picwidth}" height="{picheight}" /></a></div>
		[/loop]
	</div>
	<div class="swiper-pagination" id="swiper-pagination-lbt"></div>
	<div class="mumucms_bl_box">
		<i class="mumucms_bl bl_top"></i>
		<i class="mumucms_bl bl_down"></i>
	</div>
</div>]]></item>
					<item id="footer"><![CDATA[]]></item>
					<item id="header"><![CDATA[]]></item>
					<item id="indexplus">
					</item>
					<item id="index">
					</item>
					<item id="orderplus">
					</item>
					<item id="order">
					</item>
					<item id="loopplus">
					</item>
					<item id="loop"><![CDATA[<div class="swiper-slide"><a href="{url}"{target}><img src="{pic}" width="{picwidth}" height="{picheight}" /></a></div>]]></item>
				</item>
				<item id="hash"><![CDATA[7cba5dfb]]></item>
				<item id="getpic"><![CDATA[1]]></item>
				<item id="getsummary"><![CDATA[0]]></item>
				<item id="makethumb"><![CDATA[1]]></item>
				<item id="settarget"><![CDATA[1]]></item>
				<item id="fields">
					<item id="0"><![CDATA[url]]></item>
					<item id="1"><![CDATA[pic]]></item>
				</item>
				<item id="moreurl"><![CDATA[0]]></item>
			</item>
			<item id="165">
				<item id="styleid"><![CDATA[165]]></item>
				<item id="blockclass"><![CDATA[forum_thread]]></item>
				<item id="name"><![CDATA[[超级手机]门户首页公告]]></item>
				<item id="template">
					<item id="raw"><![CDATA[<div class="mumucms_flex mumucms_gg">
	<div class="gg_ico"></div>
	<div class="mumucms_scroll_news" id="scrollnew1">
	[loop]
	 <div class="mumucms_scroll_news_items"><a href="{url}"{target}>{title}</a></div>
	[/loop]
	</div>
	<div class="mumucms_jt"><i class="iconfont icon-yjiantou"></i></div>
</div>]]></item>
					<item id="footer"><![CDATA[]]></item>
					<item id="header"><![CDATA[]]></item>
					<item id="indexplus">
					</item>
					<item id="index">
					</item>
					<item id="orderplus">
					</item>
					<item id="order">
					</item>
					<item id="loopplus">
					</item>
					<item id="loop"><![CDATA[<div class="mumucms_scroll_news_items"><a href="{url}"{target}>{title}</a></div>]]></item>
				</item>
				<item id="hash"><![CDATA[390b1126]]></item>
				<item id="getpic"><![CDATA[0]]></item>
				<item id="getsummary"><![CDATA[0]]></item>
				<item id="makethumb"><![CDATA[0]]></item>
				<item id="settarget"><![CDATA[1]]></item>
				<item id="fields">
					<item id="0"><![CDATA[url]]></item>
					<item id="1"><![CDATA[title]]></item>
				</item>
				<item id="moreurl"><![CDATA[0]]></item>
			</item>
			<item id="166">
				<item id="styleid"><![CDATA[166]]></item>
				<item id="blockclass"><![CDATA[forum_activity]]></item>
				<item id="name"><![CDATA[[超级手机]活动列表]]></item>
				<item id="template">
					<item id="raw"><![CDATA[<div class="mumucms_activity">
	<div class="swiper-wrapper">
		[loop]
		<div class="swiper-slide">
			<div class="list">
				<div class="pic">
					<a href="{url}">
					<img src="{pic}" width="{picwidth}" height="{picheight}" />
					<span class="participants">{applynumber}人已报</span>
					</a>
				</div>
				<div class="txt">
					<a href="{url}" class="btn">我要报名</a>
					<div class="name">{title}</div>
					<div class="date"><i class="iconfont icon-shijian"></i>{expiration}</div>
				</div>
			</div>
		</div>
		[/loop]
	</div>
</div>]]></item>
					<item id="footer"><![CDATA[]]></item>
					<item id="header"><![CDATA[]]></item>
					<item id="indexplus">
					</item>
					<item id="index">
					</item>
					<item id="orderplus">
					</item>
					<item id="order">
					</item>
					<item id="loopplus">
					</item>
					<item id="loop"><![CDATA[<div class="swiper-slide">
			<div class="list">
				<div class="pic">
					<a href="{url}">
					<img src="{pic}" width="{picwidth}" height="{picheight}" />
					<span class="participants">{applynumber}人已报</span>
					</a>
				</div>
				<div class="txt">
					<a href="{url}" class="btn">我要报名</a>
					<div class="name">{title}</div>
					<div class="date"><i class="iconfont icon-shijian"></i>{expiration}</div>
				</div>
			</div>
		</div>]]></item>
				</item>
				<item id="hash"><![CDATA[eb052252]]></item>
				<item id="getpic"><![CDATA[1]]></item>
				<item id="getsummary"><![CDATA[0]]></item>
				<item id="makethumb"><![CDATA[1]]></item>
				<item id="settarget"><![CDATA[0]]></item>
				<item id="fields">
					<item id="0"><![CDATA[url]]></item>
					<item id="1"><![CDATA[pic]]></item>
					<item id="2"><![CDATA[applynumber]]></item>
					<item id="3"><![CDATA[title]]></item>
					<item id="4"><![CDATA[expiration]]></item>
				</item>
				<item id="moreurl"><![CDATA[0]]></item>
			</item>
			<item id="167">
				<item id="styleid"><![CDATA[167]]></item>
				<item id="blockclass"><![CDATA[portal_article]]></item>
				<item id="name"><![CDATA[[超级手机]新闻资讯图文列表]]></item>
				<item id="template">
					<item id="raw"><![CDATA[<div class="mumucms_news_imgtext">
<ul>
	[loop]
	<li> 
	<a href="{url}"{target}>
	<img class="img" src="{pic}" width="{picwidth}" height="{picheight}" />
	<h3>{title}</h3>
	<p>{dateline}<span class="mumucms_fr">{viewnum}阅读</span></p>
	</a>
	</li>
	[/loop] 
</ul>
</div>]]></item>
					<item id="footer"><![CDATA[]]></item>
					<item id="header"><![CDATA[]]></item>
					<item id="indexplus">
					</item>
					<item id="index">
					</item>
					<item id="orderplus">
					</item>
					<item id="order">
					</item>
					<item id="loopplus">
					</item>
					<item id="loop"><![CDATA[<li> 
	<a href="{url}"{target}>
	<img class="img" src="{pic}" width="{picwidth}" height="{picheight}" />
	<h3>{title}</h3>
	<p>{dateline}<span class="mumucms_fr">{viewnum}阅读</span></p>
	</a>
	</li>]]></item>
				</item>
				<item id="hash"><![CDATA[bd0d4499]]></item>
				<item id="getpic"><![CDATA[1]]></item>
				<item id="getsummary"><![CDATA[0]]></item>
				<item id="makethumb"><![CDATA[1]]></item>
				<item id="settarget"><![CDATA[1]]></item>
				<item id="fields">
					<item id="0"><![CDATA[url]]></item>
					<item id="1"><![CDATA[pic]]></item>
					<item id="2"><![CDATA[title]]></item>
					<item id="3"><![CDATA[dateline]]></item>
					<item id="4"><![CDATA[viewnum]]></item>
				</item>
				<item id="moreurl"><![CDATA[0]]></item>
			</item>
			<item id="168">
				<item id="styleid"><![CDATA[168]]></item>
				<item id="blockclass"><![CDATA[forum_thread]]></item>
				<item id="name"><![CDATA[[超级手机]图片列表]]></item>
				<item id="template">
					<item id="raw"><![CDATA[<div class="mumucms_thread_imglist">
<ul>
[loop]
<li><a href="{url}"><div class="img"><img src="{pic}" width="{picwidth}" height="{picheight}" /></div><span class="tit"><em>{title}</em></span></a></li>
[/loop]
</ul>
</div>]]></item>
					<item id="footer"><![CDATA[]]></item>
					<item id="header"><![CDATA[]]></item>
					<item id="indexplus">
					</item>
					<item id="index">
					</item>
					<item id="orderplus">
					</item>
					<item id="order">
					</item>
					<item id="loopplus">
					</item>
					<item id="loop"><![CDATA[<li><a href="{url}"><div class="img"><img src="{pic}" width="{picwidth}" height="{picheight}" /></div><span class="tit"><em>{title}</em></span></a></li>]]></item>
				</item>
				<item id="hash"><![CDATA[00a16117]]></item>
				<item id="getpic"><![CDATA[1]]></item>
				<item id="getsummary"><![CDATA[0]]></item>
				<item id="makethumb"><![CDATA[1]]></item>
				<item id="settarget"><![CDATA[0]]></item>
				<item id="fields">
					<item id="0"><![CDATA[url]]></item>
					<item id="1"><![CDATA[pic]]></item>
					<item id="2"><![CDATA[title]]></item>
				</item>
				<item id="moreurl"><![CDATA[0]]></item>
			</item>
			<item id="169">
				<item id="styleid"><![CDATA[169]]></item>
				<item id="blockclass"><![CDATA[forum_thread]]></item>
				<item id="name"><![CDATA[[超级手机]文字排行榜列表]]></item>
				<item id="template">
					<item id="raw"><![CDATA[<div class="mumucms_phb_textlist">
<ul>
[loop]
	<li><em class="px px{currentorder}">{currentorder}</em><a href="{url}">{title}</a><span class="mumucms_fr">{author}</span></li>
[/loop]
</ul>
</div>]]></item>
					<item id="footer"><![CDATA[]]></item>
					<item id="header"><![CDATA[]]></item>
					<item id="indexplus">
					</item>
					<item id="index">
					</item>
					<item id="orderplus">
					</item>
					<item id="order">
					</item>
					<item id="loopplus">
					</item>
					<item id="loop"><![CDATA[<li><em class="px px{currentorder}">{currentorder}</em><a href="{url}">{title}</a><span class="mumucms_fr">{author}</span></li>]]></item>
				</item>
				<item id="hash"><![CDATA[1af9610e]]></item>
				<item id="getpic"><![CDATA[0]]></item>
				<item id="getsummary"><![CDATA[0]]></item>
				<item id="makethumb"><![CDATA[0]]></item>
				<item id="settarget"><![CDATA[0]]></item>
				<item id="fields">
					<item id="0"><![CDATA[currentorder]]></item>
					<item id="1"><![CDATA[url]]></item>
					<item id="2"><![CDATA[title]]></item>
					<item id="3"><![CDATA[author]]></item>
				</item>
				<item id="moreurl"><![CDATA[0]]></item>
			</item>
		</item>
	</item>
</root>
