<?xml version="1.0" encoding="ISO-8859-1"?>
<root>
	<item id="Title"><![CDATA[Discuz! Plugin]]></item>
	<item id="Version"><![CDATA[X3,X3.1,X3.2,X3.3,X3.4,X3.5]]></item>
	<item id="Time"><![CDATA[2020-10-10 22:46]]></item>
	<item id="From"><![CDATA[Discuz! Board (https://dism.taobao.com/)]]></item>
	<item id="Data">
		<item id="plugin">
			<item id="available"><![CDATA[1]]></item>
			<item id="adminid"><![CDATA[1]]></item>
			<item id="name"><![CDATA[贵古互联-APP配置管理]]></item>
			<item id="identifier"><![CDATA[guiigo_appmanage]]></item>
			<item id="description"><![CDATA[]]></item>
			<item id="datatables"><![CDATA[]]></item>
			<item id="directory"><![CDATA[guiigo_appmanage/]]></item>
			<item id="copyright"><![CDATA[DisM!应用中心(dism.taobao.com)]]></item>
			<item id="version"><![CDATA[V1.3.1]]></item>
			<item id="__modules">
				<item id="0">
					<item id="name"><![CDATA[guiigo_appmanage_hook]]></item>
					<item id="param"><![CDATA[]]></item>
					<item id="menu"><![CDATA[]]></item>
					<item id="url"><![CDATA[]]></item>
					<item id="type"><![CDATA[28]]></item>
					<item id="adminid"><![CDATA[0]]></item>
					<item id="displayorder"><![CDATA[0]]></item>
					<item id="navtitle"><![CDATA[]]></item>
					<item id="navicon"><![CDATA[]]></item>
					<item id="navsubname"><![CDATA[]]></item>
					<item id="navsuburl"><![CDATA[]]></item>
				</item>
				<item id="1">
					<item id="name"><![CDATA[AdminIndex]]></item>
					<item id="param"><![CDATA[]]></item>
					<item id="menu"><![CDATA[首页设置]]></item>
					<item id="url"><![CDATA[]]></item>
					<item id="type"><![CDATA[3]]></item>
					<item id="adminid"><![CDATA[0]]></item>
					<item id="displayorder"><![CDATA[2]]></item>
					<item id="navtitle"><![CDATA[]]></item>
					<item id="navicon"><![CDATA[]]></item>
					<item id="navsubname"><![CDATA[]]></item>
					<item id="navsuburl"><![CDATA[]]></item>
				</item>
				<item id="2">
					<item id="name"><![CDATA[AdminChannel]]></item>
					<item id="param"><![CDATA[]]></item>
					<item id="menu"><![CDATA[频道配置]]></item>
					<item id="url"><![CDATA[]]></item>
					<item id="type"><![CDATA[3]]></item>
					<item id="adminid"><![CDATA[0]]></item>
					<item id="displayorder"><![CDATA[3]]></item>
					<item id="navtitle"><![CDATA[]]></item>
					<item id="navicon"><![CDATA[]]></item>
					<item id="navsubname"><![CDATA[]]></item>
					<item id="navsuburl"><![CDATA[]]></item>
				</item>
				<item id="3">
					<item id="name"><![CDATA[AdminMenu]]></item>
					<item id="param"><![CDATA[]]></item>
					<item id="menu"><![CDATA[菜单设置]]></item>
					<item id="url"><![CDATA[]]></item>
					<item id="type"><![CDATA[3]]></item>
					<item id="adminid"><![CDATA[0]]></item>
					<item id="displayorder"><![CDATA[4]]></item>
					<item id="navtitle"><![CDATA[]]></item>
					<item id="navicon"><![CDATA[]]></item>
					<item id="navsubname"><![CDATA[]]></item>
					<item id="navsuburl"><![CDATA[]]></item>
				</item>
				<item id="4">
					<item id="name"><![CDATA[admin_push_bind]]></item>
					<item id="param"><![CDATA[]]></item>
					<item id="menu"><![CDATA[推送绑定]]></item>
					<item id="url"><![CDATA[]]></item>
					<item id="type"><![CDATA[3]]></item>
					<item id="adminid"><![CDATA[0]]></item>
					<item id="displayorder"><![CDATA[5]]></item>
					<item id="navtitle"><![CDATA[]]></item>
					<item id="navicon"><![CDATA[]]></item>
					<item id="navsubname"><![CDATA[]]></item>
					<item id="navsuburl"><![CDATA[]]></item>
				</item>
				<item id="5">
					<item id="name"><![CDATA[admin_push]]></item>
					<item id="param"><![CDATA[]]></item>
					<item id="menu"><![CDATA[手动推送]]></item>
					<item id="url"><![CDATA[]]></item>
					<item id="type"><![CDATA[3]]></item>
					<item id="adminid"><![CDATA[0]]></item>
					<item id="displayorder"><![CDATA[6]]></item>
					<item id="navtitle"><![CDATA[]]></item>
					<item id="navicon"><![CDATA[]]></item>
					<item id="navsubname"><![CDATA[]]></item>
					<item id="navsuburl"><![CDATA[]]></item>
				</item>
				<item id="6">
					<item id="name"><![CDATA[AdminOther]]></item>
					<item id="param"><![CDATA[]]></item>
					<item id="menu"><![CDATA[<style>@keyframes rans {from{backgroud-position: 0 0;}to{background-position: 2000px 0;}}</style> <font style="background: -webkit-linear-gradient(18deg, #3300CC, #660099, #990066, #CC0033, #FF9999, #FF4400, #3300CC); 	background: -moz-linear-gradient(18deg, #3300CC, #660099, #990066, #CC0033, #FF9999, #FF4400, #3300CC); 	background: -ms-linear-gradient(18deg, #3300CC, #660099, #990066, #CC0033, #FF9999, #FF4400, #3300CC);animation: rans 18s linear infinite;-webkit-background-clip: text;color: transparent;">获取更多DisM!插件</font>]]></item>
					<item id="url"><![CDATA[]]></item>
					<item id="type"><![CDATA[3]]></item>
					<item id="adminid"><![CDATA[0]]></item>
					<item id="displayorder"><![CDATA[7]]></item>
					<item id="navtitle"><![CDATA[]]></item>
					<item id="navicon"><![CDATA[]]></item>
					<item id="navsubname"><![CDATA[]]></item>
					<item id="navsuburl"><![CDATA[]]></item>
				</item>
			</item>
		</item>
		<item id="version"><![CDATA[X3,X3.1,X3.2,X3.3,X3.4,X3.5]]></item>
		<item id="var">
			<item id="0">
				<item id="displayorder"><![CDATA[1]]></item>
				<item id="title"><![CDATA[授权应用KEY]]></item>
				<item id="description"><![CDATA[]]></item>
				<item id="variable"><![CDATA[authorization_key]]></item>
				<item id="type"><![CDATA[text]]></item>
				<item id="value"><![CDATA[63d001ee38c463aa46538f780ae7261c9]]></item>
				<item id="extra"><![CDATA[]]></item>
			</item>
			<item id="1">
				<item id="displayorder"><![CDATA[2]]></item>
				<item id="title"><![CDATA[APP启动倒计时]]></item>
				<item id="description"><![CDATA[]]></item>
				<item id="variable"><![CDATA[appstart]]></item>
				<item id="type"><![CDATA[text]]></item>
				<item id="value"><![CDATA[5]]></item>
				<item id="extra"><![CDATA[]]></item>
			</item>
			<item id="2">
				<item id="displayorder"><![CDATA[3]]></item>
				<item id="title"><![CDATA[APP启动封面地址]]></item>
				<item id="description"><![CDATA[]]></item>
				<item id="variable"><![CDATA[StarCover]]></item>
				<item id="type"><![CDATA[text]]></item>
				<item id="value"><![CDATA[https://app.guiigo.com/source/plugin/guiigo_appmanage/static/img/boot/guide_1.9.pnghttps://app.guiigo.com/source/plugin/guiigo_appmanage/static/img/boot/guide_2.9.pnghttps://app.guiigo.com/source/plugin/guiigo_appmanage/static/img/boot/guide_3.9.pnghttps://app.guiigo.com/source/plugin/guiigo_appmanage/static/img/boot/guide_4.9.png]]></item>
				<item id="extra"><![CDATA[]]></item>
			</item>
			<item id="3">
				<item id="displayorder"><![CDATA[4]]></item>
				<item id="title"><![CDATA[APP注册归属组]]></item>
				<item id="description"><![CDATA[]]></item>
				<item id="variable"><![CDATA[appreggroup]]></item>
				<item id="type"><![CDATA[group]]></item>
				<item id="value"><![CDATA[10]]></item>
				<item id="extra"><![CDATA[]]></item>
			</item>
			<item id="4">
				<item id="displayorder"><![CDATA[5]]></item>
				<item id="title"><![CDATA[模板模式]]></item>
				<item id="description"><![CDATA[]]></item>
				<item id="variable"><![CDATA[alltpl]]></item>
				<item id="type"><![CDATA[radio]]></item>
				<item id="value"><![CDATA[0]]></item>
				<item id="extra"><![CDATA[]]></item>
			</item>
			<item id="5">
				<item id="displayorder"><![CDATA[6]]></item>
				<item id="title"><![CDATA[帖子附件缓存时间]]></item>
				<item id="description"><![CDATA[单位分钟，不设置无效果]]></item>
				<item id="variable"><![CDATA[attach_cache_time]]></item>
				<item id="type"><![CDATA[text]]></item>
				<item id="value"><![CDATA[60]]></item>
				<item id="extra"><![CDATA[]]></item>
			</item>
			<item id="6">
				<item id="displayorder"><![CDATA[7]]></item>
				<item id="title"><![CDATA[联系我们]]></item>
				<item id="description"><![CDATA[]]></item>
				<item id="variable"><![CDATA[contactUs]]></item>
				<item id="type"><![CDATA[text]]></item>
				<item id="value"><![CDATA[123456789@qq.com]]></item>
				<item id="extra"><![CDATA[]]></item>
			</item>
			<item id="7">
				<item id="displayorder"><![CDATA[8]]></item>
				<item id="title"><![CDATA[版本号]]></item>
				<item id="description"><![CDATA[]]></item>
				<item id="variable"><![CDATA[versionCode]]></item>
				<item id="type"><![CDATA[text]]></item>
				<item id="value"><![CDATA[100]]></item>
				<item id="extra"><![CDATA[]]></item>
			</item>
			<item id="8">
				<item id="displayorder"><![CDATA[9]]></item>
				<item id="title"><![CDATA[版本名称]]></item>
				<item id="description"><![CDATA[]]></item>
				<item id="variable"><![CDATA[versionName]]></item>
				<item id="type"><![CDATA[text]]></item>
				<item id="value"><![CDATA[1.0.0]]></item>
				<item id="extra"><![CDATA[]]></item>
			</item>
			<item id="9">
				<item id="displayorder"><![CDATA[10]]></item>
				<item id="title"><![CDATA[新安卓下载地址]]></item>
				<item id="description"><![CDATA[]]></item>
				<item id="variable"><![CDATA[AZdownloadUrl]]></item>
				<item id="type"><![CDATA[text]]></item>
				<item id="value"><![CDATA[https://app.guiigo.com/app.apk]]></item>
				<item id="extra"><![CDATA[]]></item>
			</item>
			<item id="10">
				<item id="displayorder"><![CDATA[11]]></item>
				<item id="title"><![CDATA[IOS商店地址]]></item>
				<item id="description"><![CDATA[]]></item>
				<item id="variable"><![CDATA[IOSdownloadUrl]]></item>
				<item id="type"><![CDATA[text]]></item>
				<item id="value"><![CDATA[https://app.guiigo.com/]]></item>
				<item id="extra"><![CDATA[]]></item>
			</item>
			<item id="11">
				<item id="displayorder"><![CDATA[12]]></item>
				<item id="title"><![CDATA[是否强制更新]]></item>
				<item id="description"><![CDATA[]]></item>
				<item id="variable"><![CDATA[forceUpdate]]></item>
				<item id="type"><![CDATA[radio]]></item>
				<item id="value"><![CDATA[0]]></item>
				<item id="extra"><![CDATA[]]></item>
			</item>
			<item id="12">
				<item id="displayorder"><![CDATA[13]]></item>
				<item id="title"><![CDATA[更新信息]]></item>
				<item id="description"><![CDATA[]]></item>
				<item id="variable"><![CDATA[versionInfo]]></item>
				<item id="type"><![CDATA[textarea]]></item>
				<item id="value"><![CDATA[1.版本更新BUG
2.版本更新BUG
3.版本更新BUG]]></item>
				<item id="extra"><![CDATA[]]></item>
			</item>
			<item id="13">
				<item id="displayorder"><![CDATA[14]]></item>
				<item id="title"><![CDATA[关闭IOS微博分享登录]]></item>
				<item id="description"><![CDATA[]]></item>
				<item id="variable"><![CDATA[closesinaweibo]]></item>
				<item id="type"><![CDATA[radio]]></item>
				<item id="value"><![CDATA[1]]></item>
				<item id="extra"><![CDATA[]]></item>
			</item>
			<item id="14">
				<item id="displayorder"><![CDATA[15]]></item>
				<item id="title"><![CDATA[关闭IOSQQ分享登录]]></item>
				<item id="description"><![CDATA[]]></item>
				<item id="variable"><![CDATA[closeqq]]></item>
				<item id="type"><![CDATA[radio]]></item>
				<item id="value"><![CDATA[1]]></item>
				<item id="extra"><![CDATA[]]></item>
			</item>
			<item id="15">
				<item id="displayorder"><![CDATA[16]]></item>
				<item id="title"><![CDATA[关闭IOS微信分享登录]]></item>
				<item id="description"><![CDATA[]]></item>
				<item id="variable"><![CDATA[closeweixin]]></item>
				<item id="type"><![CDATA[radio]]></item>
				<item id="value"><![CDATA[1]]></item>
				<item id="extra"><![CDATA[]]></item>
			</item>
			<item id="16">
				<item id="displayorder"><![CDATA[17]]></item>
				<item id="title"><![CDATA[关闭IOS苹果登录]]></item>
				<item id="description"><![CDATA[]]></item>
				<item id="variable"><![CDATA[closeapple]]></item>
				<item id="type"><![CDATA[radio]]></item>
				<item id="value"><![CDATA[1]]></item>
				<item id="extra"><![CDATA[]]></item>
			</item>
			<item id="17">
				<item id="displayorder"><![CDATA[18]]></item>
				<item id="title"><![CDATA[高度地图key]]></item>
				<item id="description"><![CDATA[]]></item>
				<item id="variable"><![CDATA[mapkey]]></item>
				<item id="type"><![CDATA[text]]></item>
				<item id="value"><![CDATA[]]></item>
				<item id="extra"><![CDATA[]]></item>
			</item>
			<item id="18">
				<item id="displayorder"><![CDATA[19]]></item>
				<item id="title"><![CDATA[打开外部连接执行js脚本]]></item>
				<item id="description"><![CDATA[]]></item>
				<item id="variable"><![CDATA[evalJS]]></item>
				<item id="type"><![CDATA[textarea]]></item>
				<item id="value"><![CDATA[]]></item>
				<item id="extra"><![CDATA[]]></item>
			</item>
			<item id="19">
				<item id="displayorder"><![CDATA[20]]></item>
				<item id="title"><![CDATA[打开外部连接注入CSS ...]]></item>
				<item id="description"><![CDATA[{{statusheight}} 代表高度数值]]></item>
				<item id="variable"><![CDATA[evalCSS]]></item>
				<item id="type"><![CDATA[textarea]]></item>
				<item id="value"><![CDATA[]]></item>
				<item id="extra"><![CDATA[]]></item>
			</item>
			<item id="20">
				<item id="displayorder"><![CDATA[21]]></item>
				<item id="title"><![CDATA[模板模式入口地址]]></item>
				<item id="description"><![CDATA[]]></item>
				<item id="variable"><![CDATA[assignUrl]]></item>
				<item id="type"><![CDATA[text]]></item>
				<item id="value"><![CDATA[https://app.guiigo.com/]]></item>
				<item id="extra"><![CDATA[]]></item>
			</item>
			<item id="21">
				<item id="displayorder"><![CDATA[22]]></item>
				<item id="title"><![CDATA[开启推送]]></item>
				<item id="description"><![CDATA[]]></item>
				<item id="variable"><![CDATA[openPush]]></item>
				<item id="type"><![CDATA[radio]]></item>
				<item id="value"><![CDATA[1]]></item>
				<item id="extra"><![CDATA[]]></item>
			</item>
			<item id="22">
				<item id="displayorder"><![CDATA[23]]></item>
				<item id="title"><![CDATA[提醒推送类型]]></item>
				<item id="description"><![CDATA[]]></item>
				<item id="variable"><![CDATA[pushType]]></item>
				<item id="type"><![CDATA[selects]]></item>
				<item id="extra"><![CDATA[1=我的帖子
2=坛友互动
3=系统消息
5=动态
6=关注]]></item>
				<item id="__value">
					<item id="0"><![CDATA[1]]></item>
					<item id="1"><![CDATA[2]]></item>
					<item id="2"><![CDATA[3]]></item>
					<item id="3"><![CDATA[5]]></item>
					<item id="4"><![CDATA[6]]></item>
				</item>
			</item>
		</item>
		<item id="language">
			<item id="scriptlang">
				<item id="slang_10001"><![CDATA[频道背景色]]></item>
				<item id="slang_10002"><![CDATA[开启频道背景渐变]]></item>
				<item id="slang_10003"><![CDATA[是]]></item>
				<item id="slang_10004"><![CDATA[否]]></item>
				<item id="slang_10005"><![CDATA[关注频道背景色]]></item>
				<item id="slang_10006"><![CDATA[推荐频道背景色]]></item>
				<item id="slang_10007"><![CDATA[json格式例:{"样式属性":"值","样式属性":"值"}]]></item>
				<item id="slang_10008"><![CDATA[排序]]></item>
				<item id="slang_10009"><![CDATA[导航标识]]></item>
				<item id="slang_10010"><![CDATA[导航名称]]></item>
				<item id="slang_10011"><![CDATA[导航图标]]></item>
				<item id="slang_10012"><![CDATA[导航链接]]></item>
				<item id="slang_10013"><![CDATA[是否启用]]></item>
				<item id="slang_10014"><![CDATA[是否自定义]]></item>
				<item id="slang_10015"><![CDATA[导航启用至少2项以上，某一项开启自定义必须设置导航链接、图标,导航链接和图标链接必须完整带域名]]></item>
				<item id="slang_10016"><![CDATA[底部导航菜单设置]]></item>
				<item id="slang_10017"><![CDATA[不可自定义]]></item>
				<item id="slang_10018"><![CDATA[删除失败]]></item>
				<item id="slang_10019"><![CDATA[删除成功]]></item>
				<item id="slang_10020"><![CDATA[您指定的收藏不存在]]></item>
				<item id="slang_10021"><![CDATA[操作成功]]></item>
				<item id="slang_10022"><![CDATA[抱歉，指定信息操作失败]]></item>
				<item id="slang_10023"><![CDATA[抱歉，请忽重复操作]]></item>
				<item id="slang_10024"><![CDATA[操作成功]]></item>
				<item id="slang_10025"><![CDATA[参数错误]]></item>
				<item id="slang_10026"><![CDATA[不能关注自己]]></item>
				<item id="slang_10027"><![CDATA[对方不允许您关注TA]]></item>
				<item id="slang_10028"><![CDATA[您已经关注了TA]]></item>
				<item id="slang_10029"><![CDATA[已关注]]></item>
				<item id="slang_10030"><![CDATA[参数错误]]></item>
				<item id="slang_10031"><![CDATA[已取消]]></item>
				<item id="slang_10032"><![CDATA[Token校验失败,请重新登录]]></item>
				<item id="slang_10033"><![CDATA[抱歉，您目前处于见习期间，需要等待]]></item>
				<item id="slang_10034"><![CDATA[分钟后才能进行本操作]]></item>
				<item id="slang_10035"><![CDATA[抱歉，您需要设置自己的头像后才能进行本操作]]></item>
				<item id="slang_10036"><![CDATA[抱歉，您需要添加]]></item>
				<item id="slang_10037"><![CDATA[个好友之后才能进行本操作]]></item>
				<item id="slang_10038"><![CDATA[注册登录成功]]></item>
				<item id="slang_10039"><![CDATA[注册失败]]></item>
				<item id="slang_10040"><![CDATA[未知错误]]></item>
				<item id="slang_10041"><![CDATA[用户名包含敏感字符]]></item>
				<item id="slang_10042"><![CDATA[用户名包含被系统屏蔽的字符]]></item>
				<item id="slang_10043"><![CDATA[该用户名已被注册]]></item>
				<item id="slang_10044"><![CDATA[Email地址无效]]></item>
				<item id="slang_10045"><![CDATA[抱歉，Email包含不可使用的邮箱域名]]></item>
				<item id="slang_10046"><![CDATA[该Email地址已被注册]]></item>
				<item id="slang_10047"><![CDATA[用户名密码不正确]]></item>
				<item id="slang_10048"><![CDATA[登录成功]]></item>
				<item id="slang_10049"><![CDATA[登录失败用户不存在]]></item>
				<item id="slang_10050"><![CDATA[热门]]></item>
				<item id="slang_10051"><![CDATA[登录维护中...]]></item>
				<item id="slang_10052"><![CDATA[用户名不能为空]]></item>
				<item id="slang_10053"><![CDATA[手机号不能为空]]></item>
				<item id="slang_10054"><![CDATA[验证码不能为空]]></item>
				<item id="slang_10055"><![CDATA[密码不能为空]]></item>
				<item id="slang_10056"><![CDATA[手机号与验证码不匹配]]></item>
				<item id="slang_10057"><![CDATA[验证码已过期]]></item>
				<item id="slang_10058"><![CDATA[手机号已注册，可用手机号重置密码]]></item>
				<item id="slang_10059"><![CDATA[用户名或手机号不能为空]]></item>
				<item id="slang_10060"><![CDATA[新密码不能为空]]></item>
				<item id="slang_10061"><![CDATA[新密码不能低于6个字符]]></item>
				<item id="slang_10062"><![CDATA[密码重置成功]]></item>
				<item id="slang_10063"><![CDATA[密码重置失败]]></item>
				<item id="slang_10064"><![CDATA[缺少参数token]]></item>
				<item id="slang_10065"><![CDATA[会话校验失败,请重新登录]]></item>
				<item id="slang_10066"><![CDATA[缺少参数稍后再试]]></item>
				<item id="slang_10067"><![CDATA[已退出登录]]></item>
				<item id="slang_10068"><![CDATA[系统繁忙稍后试]]></item>
				<item id="slang_10069"><![CDATA[缺少参数]]></item>
				<item id="slang_10070"><![CDATA[微信授权登录失败]]></item>
				<item id="slang_10071"><![CDATA[QQ授权登录失败]]></item>
				<item id="slang_10072"><![CDATA[已取消]]></item>
				<item id="slang_10073"><![CDATA[已赞]]></item>
				<item id="slang_10074"><![CDATA[抱歉，没有操作权限]]></item>
				<item id="slang_10075"><![CDATA[帖子不存在或者已删除]]></item>
				<item id="slang_10076"><![CDATA[您不能赞自己的帖子]]></item>
				<item id="slang_10077"><![CDATA[您已赞过]]></item>
				<item id="slang_10078"><![CDATA[今日点赞机会已用完]]></item>
				<item id="slang_10079"><![CDATA[,今天还剩]]></item>
				<item id="slang_10080"><![CDATA[次机会]]></item>
				<item id="slang_10081"><![CDATA[您不能对自己的回帖进行点赞]]></item>
				<item id="slang_10082"><![CDATA[您已赞过了]]></item>
				<item id="slang_10083"><![CDATA[设置失败]]></item>
				<item id="slang_10084"><![CDATA[举报成功]]></item>
				<item id="slang_10085"><![CDATA[该版块不是圈子]]></item>
				<item id="slang_10086"><![CDATA[该圈子正在审核中]]></item>
				<item id="slang_10087"><![CDATA[该圈子已关闭]]></item>
				<item id="slang_10088"><![CDATA[抱歉，您没有权限访问该圈子]]></item>
				<item id="slang_10089"><![CDATA[请等待圈主审核]]></item>
				<item id="slang_10090"><![CDATA[抱歉，该圈子等级最多可拥有]]></item>
				<item id="slang_10091"><![CDATA[名成员，已达到上限]]></item>
				<item id="slang_10092"><![CDATA[您已加入该圈子]]></item>
				<item id="slang_10093"><![CDATA[圈子加入成功]]></item>
				<item id="slang_10094"><![CDATA[该圈子需要邀请才能加入]]></item>
				<item id="slang_10095"><![CDATA[成功申请加入该圈子]]></item>
				<item id="slang_10096"><![CDATA[抱歉，圈子创始人不能退出圈子]]></item>
				<item id="slang_10097"><![CDATA[圈子退出成功]]></item>
				<item id="slang_10098"><![CDATA[请完善账户信息]]></item>
				<item id="slang_10099"><![CDATA[注册失败请尝试重新注册]]></item>
				<item id="slang_10100"><![CDATA[用户名不能为空]]></item>
				<item id="slang_10101"><![CDATA[密码不能为空]]></item>
				<item id="slang_10102"><![CDATA[绑定登录成功]]></item>
				<item id="slang_10103"><![CDATA[用户名或密码不正确]]></item>
				<item id="slang_10104"><![CDATA[请先绑定在进行操作]]></item>
				<item id="slang_10105"><![CDATA[没有查询到推送对象]]></item>
				<item id="slang_10106"><![CDATA[标题不能为空]]></item>
				<item id="slang_10107"><![CDATA[内容不能为空]]></item>
				<item id="slang_10108"><![CDATA[已推送完毕]]></item>
				<item id="slang_10109"><![CDATA[推送]]></item>
				<item id="slang_10110"><![CDATA[推送对象]]></item>
				<item id="slang_10111"><![CDATA[全部用户]]></item>
				<item id="slang_10112"><![CDATA[用户UID]]></item>
				<item id="slang_10113"><![CDATA[用户组]]></item>
				<item id="slang_10114"><![CDATA[多个UID用“,”隔开]]></item>
				<item id="slang_10115"><![CDATA[选择用户组]]></item>
				<item id="slang_10116"><![CDATA[标题]]></item>
				<item id="slang_10117"><![CDATA[限制40个字符串]]></item>
				<item id="slang_10118"><![CDATA[内容]]></item>
				<item id="slang_10119"><![CDATA[限制150个字符串]]></item>
				<item id="slang_10120"><![CDATA[链接]]></item>
				<item id="slang_10121"><![CDATA[自定义链接必须选择穿透消息,URL链接必须完整]]></item>
				<item id="slang_10122"><![CDATA[是否穿透消息]]></item>
				<item id="slang_10123"><![CDATA[已绑数据]]></item>
				<item id="slang_10124"><![CDATA[通信密钥]]></item>
				<item id="slang_10125"><![CDATA[绑定IOS包ID]]></item>
				<item id="slang_10126"><![CDATA[绑定安卓包ID]]></item>
				<item id="slang_10127"><![CDATA[到期时间]]></item>
				<item id="slang_10128"><![CDATA[绑定服务]]></item>
				<item id="slang_10129"><![CDATA[IOS包ID]]></item>
				<item id="slang_10130"><![CDATA[安卓包ID]]></item>
				<item id="slang_10131"><![CDATA[推送AppID]]></item>
				<item id="slang_10132"><![CDATA[推送AppKey]]></item>
				<item id="slang_10133"><![CDATA[推送MasterSecret]]></item>
				<item id="slang_10134"><![CDATA[授权服务单号]]></item>
				<item id="slang_10135"><![CDATA[绑定]]></item>
				<item id="slang_10136"><![CDATA[我的帖子]]></item>
				<item id="slang_10137"><![CDATA[坛友互动]]></item>
				<item id="slang_10138"><![CDATA[系统消息]]></item>
				<item id="slang_10139"><![CDATA[关注动态]]></item>
				<item id="slang_10140"><![CDATA[关注动态]]></item>
				<item id="slang_10141"><![CDATA[其它提醒]]></item>
				<item id="slang_10142"><![CDATA[查看]]></item>
				<item id="slang_10143"><![CDATA[看看我能做]]></item>
				<item id="slang_10144"><![CDATA[批准申请]]></item>
				<item id="slang_10145"><![CDATA[应用APPID]]></item>
				<item id="slang_10146"><![CDATA[已绑应用ID]]></item>
				<item id="slang0001"><![CDATA[未知错误]]></item>
				<item id="slang0002"><![CDATA[非法访问]]></item>
				<item id="slang0139"><![CDATA[意外错误]]></item>
				<item id="slang0038"><![CDATA[类型]]></item>
				<item id="slang0039"><![CDATA[操作]]></item>
				<item id="slang0041"><![CDATA[链接]]></item>
				<item id="slang0042"><![CDATA[编辑]]></item>
				<item id="slang0043"><![CDATA[删除]]></item>
				<item id="slang0044"><![CDATA[增加]]></item>
				<item id="slang0045"><![CDATA[删除失败]]></item>
				<item id="slang0138"><![CDATA[请先登录后操作]]></item>
				<item id="slang0140"><![CDATA[设置成功]]></item>
				<item id="slang0180"><![CDATA[普通主题]]></item>
				<item id="slang0181"><![CDATA[投票主题]]></item>
				<item id="slang0182"><![CDATA[商品主题]]></item>
				<item id="slang0183"><![CDATA[悬赏主题]]></item>
				<item id="slang0184"><![CDATA[活动主题]]></item>
				<item id="slang0185"><![CDATA[辩论主题]]></item>
				<item id="slang0186"><![CDATA[插件相关]]></item>
				<item id="slang0187"><![CDATA[按最后回复时间倒序排序]]></item>
				<item id="slang0188"><![CDATA[按发布时间倒序排序]]></item>
				<item id="slang0189"><![CDATA[按回复数倒序排序]]></item>
				<item id="slang0190"><![CDATA[按浏览次数倒序排序]]></item>
				<item id="slang0191"><![CDATA[按热度倒序排序]]></item>
				<item id="slang0192"><![CDATA[按主题评价倒序排序]]></item>
				<item id="slang0193"><![CDATA[1小时内]]></item>
				<item id="slang0194"><![CDATA[24小时内]]></item>
				<item id="slang0195"><![CDATA[7天内]]></item>
				<item id="slang0196"><![CDATA[1个月内]]></item>
				<item id="slang0197"><![CDATA[按发布时间倒序]]></item>
				<item id="slang0198"><![CDATA[按查看数倒序]]></item>
				<item id="slang0199"><![CDATA[按评论数倒序]]></item>
				<item id="slang0200"><![CDATA[是否显示置顶帖]]></item>
				<item id="slang0201"><![CDATA[特殊主题过滤]]></item>
				<item id="slang0202"><![CDATA[TAG标签关键字]]></item>
				<item id="slang0203"><![CDATA[标题关键字]]></item>
				<item id="slang0204"><![CDATA[主题排序方式]]></item>
				<item id="slang0205"><![CDATA[主题发布时间]]></item>
				<item id="slang0206"><![CDATA[最后更新时间]]></item>
				<item id="slang0207"><![CDATA[多个TAG用“,”号隔开]]></item>
				<item id="slang0208"><![CDATA[多个标题关键字用“,”号隔开]]></item>
				<item id="slang0023"><![CDATA[帖子样式]]></item>
				<item id="slang0024"><![CDATA[瀑布流样式]]></item>
				<item id="slang0025"><![CDATA[文章样式]]></item>
				<item id="slang0028"><![CDATA[--请选择--]]></item>
				<item id="slang0033"><![CDATA[独立频道]]></item>
				<item id="slang0034"><![CDATA[二级频道]]></item>
				<item id="slang0035"><![CDATA[频道设置]]></item>
				<item id="slang0036"><![CDATA[显示顺序]]></item>
				<item id="slang0037"><![CDATA[频道名称]]></item>
				<item id="slang0046"><![CDATA[请选择信息流内容来源]]></item>
				<item id="slang0047"><![CDATA[频道数据来源设置]]></item>
				<item id="slang0048"><![CDATA[内容来源]]></item>
				<item id="slang0049"><![CDATA[信息流]]></item>
				<item id="slang0050"><![CDATA[视频模式]]></item>
				<item id="slang0051"><![CDATA[纯模块]]></item>
				<item id="slang0052"><![CDATA[调用模块ID]]></item>
				<item id="slang0053"><![CDATA[按模块ID顺序显示,多个ID用“,”号隔开]]></item>
				<item id="slang0054"><![CDATA[信息流内容来源]]></item>
				<item id="slang0055"><![CDATA[版块]]></item>
				<item id="slang0056"><![CDATA[文章]]></item>
				<item id="slang0057"><![CDATA[圈子]]></item>
				<item id="slang0058"><![CDATA[选择来源版块]]></item>
				<item id="slang0059"><![CDATA[是否精华帖]]></item>
				<item id="slang0060"><![CDATA[是否必须有图片]]></item>
				<item id="slang0061"><![CDATA[只显示以下会员发布的主题]]></item>
				<item id="slang0062"><![CDATA[输入用户id，不填写则不限制,多个ID用“,”号隔开]]></item>
				<item id="slang0063"><![CDATA[选择显示样式]]></item>
				<item id="slang0064"><![CDATA[选择来源频道]]></item>
				<item id="slang0065"><![CDATA[只显示以下会员发布的文章]]></item>
				<item id="slang0066"><![CDATA[增加视频板块ID]]></item>
				<item id="slang0067"><![CDATA[来源群组ID]]></item>
				<item id="slang0068"><![CDATA[填写群组ID，以半角逗号 "," 隔开]]></item>
				<item id="slang0071"><![CDATA[一行一个，格式图片地址|链接|描述]]></item>
				<item id="slang0076"><![CDATA[首页内容样式]]></item>
				<item id="slang0077"><![CDATA[首页数据设置]]></item>
				<item id="slang0078"><![CDATA[是否开启首页二级频道]]></item>
				<item id="slang0079"><![CDATA[是否开启关注频道]]></item>
				<item id="slang0080"><![CDATA[如果开启，则在推荐频道中优先展示用户关注的用户帖子、关注的版块帖子、关注的群组帖子]]></item>
				<item id="slang0081"><![CDATA[关注推荐用户UID]]></item>
				<item id="slang0082"><![CDATA[推荐默认内容来源]]></item>
				<item id="slang0083"><![CDATA[无内容]]></item>
				<item id="slang0106"><![CDATA[菜单名称]]></item>
				<item id="slang0107"><![CDATA[菜单图标]]></item>
				<item id="slang0108"><![CDATA[菜单链接]]></item>
				<item id="slang0109"><![CDATA[是否启用]]></item>
				<item id="slang0110"><![CDATA[增加菜单]]></item>
				<item id="slang0113"><![CDATA[首页]]></item>
				<item id="slang0114"><![CDATA[社区]]></item>
				<item id="slang0115"><![CDATA[圈子]]></item>
				<item id="slang0116"><![CDATA[消息]]></item>
				<item id="slang0117"><![CDATA[我的]]></item>
				<item id="slang0129"><![CDATA[TAG标签]]></item>
				<item id="slang0143"><![CDATA[推荐调用模块ID]]></item>
				<item id="slang0009"><![CDATA[多个ID用,隔开]]></item>
			</item>
		</item>
		<item id="installfile"><![CDATA[install.php]]></item>
		<item id="uninstallfile"><![CDATA[uninstall.php]]></item>
		<item id="upgradefile"><![CDATA[upgrade.php]]></item>
	</item>
</root>
