<?xml version="1.0" encoding="ISO-8859-1"?>
<root>
	<item id="Title"><![CDATA[Discuz! Plugin]]></item>
	<item id="Version"><![CDATA[X3.1,X3.2,X3.3,X3.4,X3.5]]></item>
	<item id="Time"><![CDATA[2017-12-21 19:18]]></item>
	<item id="From"><![CDATA[DisM!应用中心 (https://dism.taobao.com/)]]></item>
	<item id="Data">
		<item id="plugin">
			<item id="available"><![CDATA[1]]></item>
			<item id="adminid"><![CDATA[1]]></item>
			<item id="name"><![CDATA[[Q]会员排行榜]]></item>
			<item id="identifier"><![CDATA[qu_ranklist]]></item>
			<item id="description"><![CDATA[本插件可单独生成一个页面显示站点的会员的积分排行,帖子排行,主题排行,好友排行榜.QQ179667784]]></item>
			<item id="datatables"><![CDATA[]]></item>
			<item id="directory"><![CDATA[qu_ranklist/]]></item>
			<item id="copyright"><![CDATA[DisM!应用中心(dism.taobao.com)]]></item>
			<item id="version"><![CDATA[6.0]]></item>
			<item id="__modules">
				<item id="0">
					<item id="name"><![CDATA[more]]></item>
					<item id="param"><![CDATA[]]></item>
					<item id="menu"><![CDATA[推荐]]></item>
					<item id="url"><![CDATA[]]></item>
					<item id="type"><![CDATA[3]]></item>
					<item id="adminid"><![CDATA[0]]></item>
					<item id="displayorder"><![CDATA[0]]></item>
					<item id="navtitle"><![CDATA[]]></item>
					<item id="navicon"><![CDATA[]]></item>
					<item id="navsubname"><![CDATA[]]></item>
					<item id="navsuburl"><![CDATA[]]></item>
				</item>
				<item id="1">
					<item id="name"><![CDATA[ranklist]]></item>
					<item id="param"><![CDATA[]]></item>
					<item id="menu"><![CDATA[会员排行]]></item>
					<item id="url"><![CDATA[]]></item>
					<item id="type"><![CDATA[1]]></item>
					<item id="adminid"><![CDATA[0]]></item>
					<item id="displayorder"><![CDATA[0]]></item>
					<item id="navtitle"><![CDATA[]]></item>
					<item id="navicon"><![CDATA[]]></item>
					<item id="navsubname"><![CDATA[]]></item>
					<item id="navsuburl"><![CDATA[]]></item>
				</item>
			</item>
		</item>
		<item id="version"><![CDATA[X3.1,X3.2,X3.3,X3.4,X3.5]]></item>
		<item id="var">
			<item id="0">
				<item id="displayorder"><![CDATA[0]]></item>
				<item id="title"><![CDATA[数据缓存时间]]></item>
				<item id="description"><![CDATA[单位（秒），建议设置为900或以上
设置为0则表示不启用缓存]]></item>
				<item id="variable"><![CDATA[atime]]></item>
				<item id="type"><![CDATA[number]]></item>
				<item id="value"><![CDATA[0]]></item>
				<item id="extra"><![CDATA[]]></item>
			</item>
			<item id="1">
				<item id="displayorder"><![CDATA[1]]></item>
				<item id="title"><![CDATA[SEO页面标题]]></item>
				<item id="description"><![CDATA[]]></item>
				<item id="variable"><![CDATA[navtitle]]></item>
				<item id="type"><![CDATA[text]]></item>
				<item id="value"><![CDATA[会员排行]]></item>
				<item id="extra"><![CDATA[]]></item>
			</item>
			<item id="2">
				<item id="displayorder"><![CDATA[2]]></item>
				<item id="title"><![CDATA[SEO页面关键字]]></item>
				<item id="description"><![CDATA[]]></item>
				<item id="variable"><![CDATA[metakeywords]]></item>
				<item id="type"><![CDATA[textarea]]></item>
				<item id="value"><![CDATA[会员|排行|排名|排行榜]]></item>
				<item id="extra"><![CDATA[]]></item>
			</item>
			<item id="3">
				<item id="displayorder"><![CDATA[3]]></item>
				<item id="title"><![CDATA[SEO页面描述]]></item>
				<item id="description"><![CDATA[]]></item>
				<item id="variable"><![CDATA[metadescription]]></item>
				<item id="type"><![CDATA[textarea]]></item>
				<item id="value"><![CDATA[最权威的会员排行，快点发帖登上榜单吧最权威的会员排行，快点发帖登上榜单吧最权威的会员排行，快点发帖登上榜单吧]]></item>
				<item id="extra"><![CDATA[]]></item>
			</item>
			<item id="4">
				<item id="displayorder"><![CDATA[5]]></item>
				<item id="title"><![CDATA[标题栏文字]]></item>
				<item id="description"><![CDATA[]]></item>
				<item id="variable"><![CDATA[atitle]]></item>
				<item id="type"><![CDATA[textarea]]></item>
				<item id="value"><![CDATA[登上榜单，让您成为众多网友关注的焦点！]]></item>
				<item id="extra"><![CDATA[]]></item>
			</item>
			<item id="5">
				<item id="displayorder"><![CDATA[7]]></item>
				<item id="title"><![CDATA[是否显示等级图标]]></item>
				<item id="description"><![CDATA[]]></item>
				<item id="variable"><![CDATA[icon]]></item>
				<item id="type"><![CDATA[radio]]></item>
				<item id="value"><![CDATA[1]]></item>
				<item id="extra"><![CDATA[]]></item>
			</item>
			<item id="6">
				<item id="displayorder"><![CDATA[9]]></item>
				<item id="title"><![CDATA[等级图标积分区间]]></item>
				<item id="description"><![CDATA[设置多少积分为一个等级，输入数字即可。默认为100积分]]></item>
				<item id="variable"><![CDATA[qujian]]></item>
				<item id="type"><![CDATA[number]]></item>
				<item id="value"><![CDATA[100]]></item>
				<item id="extra"><![CDATA[]]></item>
			</item>
			<item id="7">
				<item id="displayorder"><![CDATA[11]]></item>
				<item id="title"><![CDATA[等级图标风格]]></item>
				<item id="description"><![CDATA[选择等级图标的风格]]></item>
				<item id="variable"><![CDATA[astyle]]></item>
				<item id="type"><![CDATA[select]]></item>
				<item id="value"><![CDATA[40]]></item>
				<item id="extra"><![CDATA[40 = 默认风格
21 = 清新风格
7 = 星星风格
36 = 黑色风格]]></item>
			</item>
			<item id="8">
				<item id="displayorder"><![CDATA[12]]></item>
				<item id="title"><![CDATA[第一个排行字段]]></item>
				<item id="description"><![CDATA[选择空则默认调用总积分排行]]></item>
				<item id="variable"><![CDATA[aziduan]]></item>
				<item id="type"><![CDATA[extcredit]]></item>
				<item id="value"><![CDATA[]]></item>
				<item id="extra"><![CDATA[]]></item>
			</item>
			<item id="9">
				<item id="displayorder"><![CDATA[13]]></item>
				<item id="title"><![CDATA[第一个排行小贴士内容]]></item>
				<item id="description"><![CDATA[]]></item>
				<item id="variable"><![CDATA[jf_con]]></item>
				<item id="type"><![CDATA[textarea]]></item>
				<item id="value"><![CDATA[积分排行规则是按照用户总积分从高到低进行排序.]]></item>
				<item id="extra"><![CDATA[]]></item>
			</item>
			<item id="10">
				<item id="displayorder"><![CDATA[15]]></item>
				<item id="title"><![CDATA[帖子排行小贴士内容]]></item>
				<item id="description"><![CDATA[]]></item>
				<item id="variable"><![CDATA[tz_con]]></item>
				<item id="type"><![CDATA[textarea]]></item>
				<item id="value"><![CDATA[帖子排行规则是按照用户发布的帖子总数从高到低进行排序.]]></item>
				<item id="extra"><![CDATA[]]></item>
			</item>
			<item id="11">
				<item id="displayorder"><![CDATA[17]]></item>
				<item id="title"><![CDATA[主题排行小贴士内容]]></item>
				<item id="description"><![CDATA[]]></item>
				<item id="variable"><![CDATA[zt_con]]></item>
				<item id="type"><![CDATA[textarea]]></item>
				<item id="value"><![CDATA[主题排行规则是按照用户发布的主题数量从高到低进行排序.]]></item>
				<item id="extra"><![CDATA[]]></item>
			</item>
			<item id="12">
				<item id="displayorder"><![CDATA[19]]></item>
				<item id="title"><![CDATA[好友排行小贴士内容]]></item>
				<item id="description"><![CDATA[]]></item>
				<item id="variable"><![CDATA[hy_con]]></item>
				<item id="type"><![CDATA[textarea]]></item>
				<item id="value"><![CDATA[好友排行规则是按照用户好友数量从高到低进行排序.]]></item>
				<item id="extra"><![CDATA[]]></item>
			</item>
			<item id="13">
				<item id="displayorder"><![CDATA[21]]></item>
				<item id="title"><![CDATA[每页显示会员数量]]></item>
				<item id="description"><![CDATA[]]></item>
				<item id="variable"><![CDATA[num]]></item>
				<item id="type"><![CDATA[number]]></item>
				<item id="value"><![CDATA[29]]></item>
				<item id="extra"><![CDATA[]]></item>
			</item>
			<item id="14">
				<item id="displayorder"><![CDATA[22]]></item>
				<item id="title"><![CDATA[调用总会员数量]]></item>
				<item id="description"><![CDATA[]]></item>
				<item id="variable"><![CDATA[sumnum]]></item>
				<item id="type"><![CDATA[number]]></item>
				<item id="value"><![CDATA[290]]></item>
				<item id="extra"><![CDATA[]]></item>
			</item>
			<item id="15">
				<item id="displayorder"><![CDATA[27]]></item>
				<item id="title"><![CDATA[有效用户组]]></item>
				<item id="description"><![CDATA[设置调用哪些用户组！]]></item>
				<item id="variable"><![CDATA[auser]]></item>
				<item id="type"><![CDATA[groups]]></item>
				<item id="extra"><![CDATA[]]></item>
				<item id="__value">
					<item id="0"><![CDATA[9]]></item>
					<item id="1"><![CDATA[10]]></item>
					<item id="2"><![CDATA[11]]></item>
					<item id="3"><![CDATA[12]]></item>
					<item id="4"><![CDATA[13]]></item>
					<item id="5"><![CDATA[14]]></item>
					<item id="6"><![CDATA[15]]></item>
					<item id="7"><![CDATA[20]]></item>
					<item id="8"><![CDATA[16]]></item>
					<item id="9"><![CDATA[17]]></item>
					<item id="10"><![CDATA[18]]></item>
					<item id="11"><![CDATA[19]]></item>
					<item id="12"><![CDATA[1]]></item>
					<item id="13"><![CDATA[2]]></item>
					<item id="14"><![CDATA[3]]></item>
					<item id="15"><![CDATA[4]]></item>
					<item id="16"><![CDATA[5]]></item>
					<item id="17"><![CDATA[6]]></item>
					<item id="18"><![CDATA[7]]></item>
					<item id="19"><![CDATA[8]]></item>
				</item>
			</item>
			<item id="16">
				<item id="displayorder"><![CDATA[29]]></item>
				<item id="title"><![CDATA[手机版顶部背景色]]></item>
				<item id="description"><![CDATA[]]></item>
				<item id="variable"><![CDATA[touchcolor]]></item>
				<item id="type"><![CDATA[color]]></item>
				<item id="value"><![CDATA[#ff4286]]></item>
				<item id="extra"><![CDATA[]]></item>
			</item>
			<item id="17">
				<item id="displayorder"><![CDATA[30]]></item>
				<item id="title"><![CDATA[显示手机版自带顶部导航]]></item>
				<item id="description"><![CDATA[]]></item>
				<item id="variable"><![CDATA[touchnav]]></item>
				<item id="type"><![CDATA[radio]]></item>
				<item id="value"><![CDATA[1]]></item>
				<item id="extra"><![CDATA[]]></item>
			</item>
		</item>
		<item id="language">
			<item id="scriptlang">
				<item id="title"><![CDATA[会员排行]]></item>
				<item id="keywords"><![CDATA[最新会员排行榜]]></item>
				<item id="description"><![CDATA[会员排行,积分排行,帖子排行,主题排行,好友排行]]></item>
			</item>
			<item id="templatelang">
				<item id="name"><![CDATA[会员排行]]></item>
				<item id="lang01"><![CDATA[积分排行]]></item>
				<item id="lang02"><![CDATA[帖子排行]]></item>
				<item id="lang03"><![CDATA[主题排行]]></item>
				<item id="lang04"><![CDATA[好友排行]]></item>
				<item id="lang05"><![CDATA[积分排行规则是按照用户发布内容得到的好评总数从高到低进行排序.]]></item>
				<item id="lang06"><![CDATA[帖子排行规则是按照用户发布的帖子总数从高到低进行排序.]]></item>
				<item id="lang07"><![CDATA[主题排行规则是按照用户发布的主题数量从高到低进行排序.]]></item>
				<item id="lang08"><![CDATA[好友排行规则是按照用户好友数量从高到低进行排序.]]></item>
				<item id="lang09"><![CDATA[您当前的积分]]></item>
				<item id="lang10"><![CDATA[您的帖子总数]]></item>
				<item id="lang11"><![CDATA[您的主题总数]]></item>
				<item id="lang12"><![CDATA[您的好友总数]]></item>
				<item id="lang13"><![CDATA[当前排名]]></item>
				<item id="lang14"><![CDATA[请登录后看您的排名!]]></item>
				<item id="lang15"><![CDATA[积分]]></item>
				<item id="lang16"><![CDATA[帖子]]></item>
				<item id="lang17"><![CDATA[主题]]></item>
				<item id="lang18"><![CDATA[好友]]></item>
				<item id="lang19"><![CDATA[加好友]]></item>
				<item id="lang20"><![CDATA[排行]]></item>
				<item id="lang21"><![CDATA[您当前的]]></item>
			</item>
		</item>
	</item>
</root>