<?xml version="1.0" encoding="ISO-8859-1"?>
<root>
	<item id="Title"><![CDATA[Discuz! Threadtypes]]></item>
	<item id="Version"><![CDATA[X3.2]]></item>
	<item id="Time"><![CDATA[2018-11-08 08:27]]></item>
	<item id="From"><![CDATA[Discuz! Board (http://localhost/gbk32/)]]></item>
	<item id="Data">
		<item id="0">
			<item id="optionid"><![CDATA[116]]></item>
			<item id="classid"><![CDATA[6]]></item>
			<item id="displayorder"><![CDATA[0]]></item>
			<item id="expiration"><![CDATA[0]]></item>
			<item id="title"><![CDATA[课程封面]]></item>
			<item id="description"><![CDATA[]]></item>
			<item id="identifier"><![CDATA[course_cover]]></item>
			<item id="type"><![CDATA[image]]></item>
			<item id="unit"><![CDATA[]]></item>
			<item id="permprompt"><![CDATA[]]></item>
			<item id="typeid"><![CDATA[11]]></item>
			<item id="name"><![CDATA[培训课程]]></item>
			<item id="icon"><![CDATA[]]></item>
			<item id="special"><![CDATA[1]]></item>
			<item id="modelid"><![CDATA[0]]></item>
			<item id="template"><![CDATA[<div class="course_view cl">
	<div class="course_view_pic"><img src="{course_cover_value}" /></div>
	<div class="course_view_info">
		<div class="course_view_tit">{course_name_value}</div>
		<div class="course_view_other"><span>主讲:{course_speaker_value}</span><span>课时:{course_duration_value}</span></div>
		<div class="course_view_desc">{course_desc_value}</div>
		<div class="course_view_price cl">
			<div class="curr_price"><span>售价 : </span>{course_price_value}<em>{course_price_unit}</em></div>
		</div>
		<div class="course_view_code"><span>{course_extraction_code} : </span>{code}</div>
		<div class="course_view_buy">{url}</div>
	</div>
</div>
<div class="w_tit mt15 cl">
	<h2>课程介绍</h2>
</div>]]></item>
			<item id="stemplate"><![CDATA[<div class="course_list cl">
	<ul>
	[loop]
	<li>
		<a href="{subject_url}">
			<div class="pic">
				<img src="{course_cover_value}" />
				<div class="info">
					<h3>{course_name_value}</h3>
					<p>{course_desc_value}...</p>
				</div>
			</div>
			<div class="other cl">
				<span class="price price{course_price_value}"><b>{course_price_value}</b> {course_price_unit}</span>
				<span class="duration">{course_duration_value}</span>
			</div>
		</a>
	</li>
	[/loop]
</ul>
</div>]]></item>
			<item id="ptemplate"><![CDATA[]]></item>
			<item id="btemplate"><![CDATA[<ul>
[loop]
	<li>
		<a href="{subject_url}"{target}>
			<div class="pic">
				<img src="{course_cover_value}" width="220" height="130" />
				<div class="info">
					<h3>{course_name_value}</h3>
					<p>{course_desc_value}...</p>
				</div>
			</div>
			<div class="other cl">
				<span class="price price{course_price_value}"><b>{course_price_value}</b> {course_price_unit}</span>
				<span class="duration">{course_duration_value}</span>
			</div>
		</a>
	</li>
[/loop]
</ul>]]></item>
			<item id="sortid"><![CDATA[11]]></item>
			<item id="available"><![CDATA[1]]></item>
			<item id="required"><![CDATA[0]]></item>
			<item id="unchangeable"><![CDATA[0]]></item>
			<item id="search"><![CDATA[0]]></item>
			<item id="subjectshow"><![CDATA[1]]></item>
			<item id="tpdescription"><![CDATA[]]></item>
			<item id="ttdescription"><![CDATA[]]></item>
			<item id="tpexpiration"><![CDATA[0]]></item>
			<item id="ttexpiration"><![CDATA[0]]></item>
			<item id="__protect">
				<item id="status"><![CDATA[0]]></item>
				<item id="usergroup"><![CDATA[]]></item>
				<item id="verify"><![CDATA[]]></item>
			</item>
			<item id="__rules">
				<item id="maxwidth"><![CDATA[]]></item>
				<item id="maxheight"><![CDATA[]]></item>
				<item id="inputsize"><![CDATA[]]></item>
			</item>
		</item>
		<item id="1">
			<item id="optionid"><![CDATA[117]]></item>
			<item id="classid"><![CDATA[6]]></item>
			<item id="displayorder"><![CDATA[0]]></item>
			<item id="expiration"><![CDATA[0]]></item>
			<item id="protect"><![CDATA[]]></item>
			<item id="title"><![CDATA[课程名称]]></item>
			<item id="description"><![CDATA[]]></item>
			<item id="identifier"><![CDATA[course_name]]></item>
			<item id="type"><![CDATA[text]]></item>
			<item id="unit"><![CDATA[]]></item>
			<item id="rules"><![CDATA[]]></item>
			<item id="permprompt"><![CDATA[]]></item>
			<item id="typeid"><![CDATA[11]]></item>
			<item id="name"><![CDATA[培训课程]]></item>
			<item id="icon"><![CDATA[]]></item>
			<item id="special"><![CDATA[1]]></item>
			<item id="modelid"><![CDATA[0]]></item>
			<item id="template"><![CDATA[<div class="course_view cl">
	<div class="course_view_pic"><img src="{course_cover_value}" /></div>
	<div class="course_view_info">
		<div class="course_view_tit">{course_name_value}</div>
		<div class="course_view_other"><span>主讲:{course_speaker_value}</span><span>课时:{course_duration_value}</span></div>
		<div class="course_view_desc">{course_desc_value}</div>
		<div class="course_view_price cl">
			<div class="curr_price"><span>售价 : </span>{course_price_value}<em>{course_price_unit}</em></div>
		</div>
		<div class="course_view_code"><span>{course_extraction_code} : </span>{code}</div>
		<div class="course_view_buy">{url}</div>
	</div>
</div>
<div class="w_tit mt15 cl">
	<h2>课程介绍</h2>
</div>]]></item>
			<item id="stemplate"><![CDATA[<div class="course_list cl">
	<ul>
	[loop]
	<li>
		<a href="{subject_url}">
			<div class="pic">
				<img src="{course_cover_value}" />
				<div class="info">
					<h3>{course_name_value}</h3>
					<p>{course_desc_value}...</p>
				</div>
			</div>
			<div class="other cl">
				<span class="price price{course_price_value}"><b>{course_price_value}</b> {course_price_unit}</span>
				<span class="duration">{course_duration_value}</span>
			</div>
		</a>
	</li>
	[/loop]
</ul>
</div>]]></item>
			<item id="ptemplate"><![CDATA[]]></item>
			<item id="btemplate"><![CDATA[<ul>
[loop]
	<li>
		<a href="{subject_url}"{target}>
			<div class="pic">
				<img src="{course_cover_value}" width="220" height="130" />
				<div class="info">
					<h3>{course_name_value}</h3>
					<p>{course_desc_value}...</p>
				</div>
			</div>
			<div class="other cl">
				<span class="price price{course_price_value}"><b>{course_price_value}</b> {course_price_unit}</span>
				<span class="duration">{course_duration_value}</span>
			</div>
		</a>
	</li>
[/loop]
</ul>]]></item>
			<item id="sortid"><![CDATA[11]]></item>
			<item id="available"><![CDATA[1]]></item>
			<item id="required"><![CDATA[0]]></item>
			<item id="unchangeable"><![CDATA[0]]></item>
			<item id="search"><![CDATA[0]]></item>
			<item id="subjectshow"><![CDATA[1]]></item>
			<item id="tpdescription"><![CDATA[]]></item>
			<item id="ttdescription"><![CDATA[]]></item>
			<item id="tpexpiration"><![CDATA[0]]></item>
			<item id="ttexpiration"><![CDATA[0]]></item>
		</item>
		<item id="2">
			<item id="optionid"><![CDATA[118]]></item>
			<item id="classid"><![CDATA[6]]></item>
			<item id="displayorder"><![CDATA[0]]></item>
			<item id="expiration"><![CDATA[0]]></item>
			<item id="title"><![CDATA[课程售价]]></item>
			<item id="description"><![CDATA[]]></item>
			<item id="identifier"><![CDATA[course_price]]></item>
			<item id="type"><![CDATA[number]]></item>
			<item id="unit"><![CDATA[金钱]]></item>
			<item id="permprompt"><![CDATA[]]></item>
			<item id="typeid"><![CDATA[11]]></item>
			<item id="name"><![CDATA[培训课程]]></item>
			<item id="icon"><![CDATA[]]></item>
			<item id="special"><![CDATA[1]]></item>
			<item id="modelid"><![CDATA[0]]></item>
			<item id="template"><![CDATA[<div class="course_view cl">
	<div class="course_view_pic"><img src="{course_cover_value}" /></div>
	<div class="course_view_info">
		<div class="course_view_tit">{course_name_value}</div>
		<div class="course_view_other"><span>主讲:{course_speaker_value}</span><span>课时:{course_duration_value}</span></div>
		<div class="course_view_desc">{course_desc_value}</div>
		<div class="course_view_price cl">
			<div class="curr_price"><span>售价 : </span>{course_price_value}<em>{course_price_unit}</em></div>
		</div>
		<div class="course_view_code"><span>{course_extraction_code} : </span>{code}</div>
		<div class="course_view_buy">{url}</div>
	</div>
</div>
<div class="w_tit mt15 cl">
	<h2>课程介绍</h2>
</div>]]></item>
			<item id="stemplate"><![CDATA[<div class="course_list cl">
	<ul>
	[loop]
	<li>
		<a href="{subject_url}">
			<div class="pic">
				<img src="{course_cover_value}" />
				<div class="info">
					<h3>{course_name_value}</h3>
					<p>{course_desc_value}...</p>
				</div>
			</div>
			<div class="other cl">
				<span class="price price{course_price_value}"><b>{course_price_value}</b> {course_price_unit}</span>
				<span class="duration">{course_duration_value}</span>
			</div>
		</a>
	</li>
	[/loop]
</ul>
</div>]]></item>
			<item id="ptemplate"><![CDATA[]]></item>
			<item id="btemplate"><![CDATA[<ul>
[loop]
	<li>
		<a href="{subject_url}"{target}>
			<div class="pic">
				<img src="{course_cover_value}" width="220" height="130" />
				<div class="info">
					<h3>{course_name_value}</h3>
					<p>{course_desc_value}...</p>
				</div>
			</div>
			<div class="other cl">
				<span class="price price{course_price_value}"><b>{course_price_value}</b> {course_price_unit}</span>
				<span class="duration">{course_duration_value}</span>
			</div>
		</a>
	</li>
[/loop]
</ul>]]></item>
			<item id="sortid"><![CDATA[11]]></item>
			<item id="available"><![CDATA[1]]></item>
			<item id="required"><![CDATA[0]]></item>
			<item id="unchangeable"><![CDATA[0]]></item>
			<item id="search"><![CDATA[0]]></item>
			<item id="subjectshow"><![CDATA[1]]></item>
			<item id="tpdescription"><![CDATA[]]></item>
			<item id="ttdescription"><![CDATA[]]></item>
			<item id="tpexpiration"><![CDATA[0]]></item>
			<item id="ttexpiration"><![CDATA[0]]></item>
			<item id="__protect">
				<item id="status"><![CDATA[0]]></item>
				<item id="usergroup"><![CDATA[]]></item>
				<item id="verify"><![CDATA[]]></item>
			</item>
			<item id="__rules">
				<item id="maxnum"><![CDATA[]]></item>
				<item id="minnum"><![CDATA[]]></item>
				<item id="inputsize"><![CDATA[]]></item>
				<item id="defaultvalue"><![CDATA[0]]></item>
			</item>
		</item>
		<item id="3">
			<item id="optionid"><![CDATA[120]]></item>
			<item id="classid"><![CDATA[6]]></item>
			<item id="displayorder"><![CDATA[0]]></item>
			<item id="expiration"><![CDATA[0]]></item>
			<item id="protect"><![CDATA[]]></item>
			<item id="title"><![CDATA[课程简介]]></item>
			<item id="description"><![CDATA[]]></item>
			<item id="identifier"><![CDATA[course_desc]]></item>
			<item id="type"><![CDATA[textarea]]></item>
			<item id="unit"><![CDATA[]]></item>
			<item id="rules"><![CDATA[]]></item>
			<item id="permprompt"><![CDATA[]]></item>
			<item id="typeid"><![CDATA[11]]></item>
			<item id="name"><![CDATA[培训课程]]></item>
			<item id="icon"><![CDATA[]]></item>
			<item id="special"><![CDATA[1]]></item>
			<item id="modelid"><![CDATA[0]]></item>
			<item id="template"><![CDATA[<div class="course_view cl">
	<div class="course_view_pic"><img src="{course_cover_value}" /></div>
	<div class="course_view_info">
		<div class="course_view_tit">{course_name_value}</div>
		<div class="course_view_other"><span>主讲:{course_speaker_value}</span><span>课时:{course_duration_value}</span></div>
		<div class="course_view_desc">{course_desc_value}</div>
		<div class="course_view_price cl">
			<div class="curr_price"><span>售价 : </span>{course_price_value}<em>{course_price_unit}</em></div>
		</div>
		<div class="course_view_code"><span>{course_extraction_code} : </span>{code}</div>
		<div class="course_view_buy">{url}</div>
	</div>
</div>
<div class="w_tit mt15 cl">
	<h2>课程介绍</h2>
</div>]]></item>
			<item id="stemplate"><![CDATA[<div class="course_list cl">
	<ul>
	[loop]
	<li>
		<a href="{subject_url}">
			<div class="pic">
				<img src="{course_cover_value}" />
				<div class="info">
					<h3>{course_name_value}</h3>
					<p>{course_desc_value}...</p>
				</div>
			</div>
			<div class="other cl">
				<span class="price price{course_price_value}"><b>{course_price_value}</b> {course_price_unit}</span>
				<span class="duration">{course_duration_value}</span>
			</div>
		</a>
	</li>
	[/loop]
</ul>
</div>]]></item>
			<item id="ptemplate"><![CDATA[]]></item>
			<item id="btemplate"><![CDATA[<ul>
[loop]
	<li>
		<a href="{subject_url}"{target}>
			<div class="pic">
				<img src="{course_cover_value}" width="220" height="130" />
				<div class="info">
					<h3>{course_name_value}</h3>
					<p>{course_desc_value}...</p>
				</div>
			</div>
			<div class="other cl">
				<span class="price price{course_price_value}"><b>{course_price_value}</b> {course_price_unit}</span>
				<span class="duration">{course_duration_value}</span>
			</div>
		</a>
	</li>
[/loop]
</ul>]]></item>
			<item id="sortid"><![CDATA[11]]></item>
			<item id="available"><![CDATA[1]]></item>
			<item id="required"><![CDATA[0]]></item>
			<item id="unchangeable"><![CDATA[0]]></item>
			<item id="search"><![CDATA[0]]></item>
			<item id="subjectshow"><![CDATA[1]]></item>
			<item id="tpdescription"><![CDATA[]]></item>
			<item id="ttdescription"><![CDATA[]]></item>
			<item id="tpexpiration"><![CDATA[0]]></item>
			<item id="ttexpiration"><![CDATA[0]]></item>
		</item>
		<item id="4">
			<item id="optionid"><![CDATA[121]]></item>
			<item id="classid"><![CDATA[6]]></item>
			<item id="displayorder"><![CDATA[0]]></item>
			<item id="expiration"><![CDATA[0]]></item>
			<item id="protect"><![CDATA[]]></item>
			<item id="title"><![CDATA[课程时长]]></item>
			<item id="description"><![CDATA[]]></item>
			<item id="identifier"><![CDATA[course_duration]]></item>
			<item id="type"><![CDATA[text]]></item>
			<item id="unit"><![CDATA[]]></item>
			<item id="rules"><![CDATA[]]></item>
			<item id="permprompt"><![CDATA[]]></item>
			<item id="typeid"><![CDATA[11]]></item>
			<item id="name"><![CDATA[培训课程]]></item>
			<item id="icon"><![CDATA[]]></item>
			<item id="special"><![CDATA[1]]></item>
			<item id="modelid"><![CDATA[0]]></item>
			<item id="template"><![CDATA[<div class="course_view cl">
	<div class="course_view_pic"><img src="{course_cover_value}" /></div>
	<div class="course_view_info">
		<div class="course_view_tit">{course_name_value}</div>
		<div class="course_view_other"><span>主讲:{course_speaker_value}</span><span>课时:{course_duration_value}</span></div>
		<div class="course_view_desc">{course_desc_value}</div>
		<div class="course_view_price cl">
			<div class="curr_price"><span>售价 : </span>{course_price_value}<em>{course_price_unit}</em></div>
		</div>
		<div class="course_view_code"><span>{course_extraction_code} : </span>{code}</div>
		<div class="course_view_buy">{url}</div>
	</div>
</div>
<div class="w_tit mt15 cl">
	<h2>课程介绍</h2>
</div>]]></item>
			<item id="stemplate"><![CDATA[<div class="course_list cl">
	<ul>
	[loop]
	<li>
		<a href="{subject_url}">
			<div class="pic">
				<img src="{course_cover_value}" />
				<div class="info">
					<h3>{course_name_value}</h3>
					<p>{course_desc_value}...</p>
				</div>
			</div>
			<div class="other cl">
				<span class="price price{course_price_value}"><b>{course_price_value}</b> {course_price_unit}</span>
				<span class="duration">{course_duration_value}</span>
			</div>
		</a>
	</li>
	[/loop]
</ul>
</div>]]></item>
			<item id="ptemplate"><![CDATA[]]></item>
			<item id="btemplate"><![CDATA[<ul>
[loop]
	<li>
		<a href="{subject_url}"{target}>
			<div class="pic">
				<img src="{course_cover_value}" width="220" height="130" />
				<div class="info">
					<h3>{course_name_value}</h3>
					<p>{course_desc_value}...</p>
				</div>
			</div>
			<div class="other cl">
				<span class="price price{course_price_value}"><b>{course_price_value}</b> {course_price_unit}</span>
				<span class="duration">{course_duration_value}</span>
			</div>
		</a>
	</li>
[/loop]
</ul>]]></item>
			<item id="sortid"><![CDATA[11]]></item>
			<item id="available"><![CDATA[1]]></item>
			<item id="required"><![CDATA[0]]></item>
			<item id="unchangeable"><![CDATA[0]]></item>
			<item id="search"><![CDATA[0]]></item>
			<item id="subjectshow"><![CDATA[1]]></item>
			<item id="tpdescription"><![CDATA[]]></item>
			<item id="ttdescription"><![CDATA[]]></item>
			<item id="tpexpiration"><![CDATA[0]]></item>
			<item id="ttexpiration"><![CDATA[0]]></item>
		</item>
		<item id="5">
			<item id="optionid"><![CDATA[122]]></item>
			<item id="classid"><![CDATA[6]]></item>
			<item id="displayorder"><![CDATA[0]]></item>
			<item id="expiration"><![CDATA[0]]></item>
			<item id="protect"><![CDATA[]]></item>
			<item id="title"><![CDATA[课程主讲师]]></item>
			<item id="description"><![CDATA[]]></item>
			<item id="identifier"><![CDATA[course_speaker]]></item>
			<item id="type"><![CDATA[text]]></item>
			<item id="unit"><![CDATA[]]></item>
			<item id="rules"><![CDATA[]]></item>
			<item id="permprompt"><![CDATA[]]></item>
			<item id="typeid"><![CDATA[11]]></item>
			<item id="name"><![CDATA[培训课程]]></item>
			<item id="icon"><![CDATA[]]></item>
			<item id="special"><![CDATA[1]]></item>
			<item id="modelid"><![CDATA[0]]></item>
			<item id="template"><![CDATA[<div class="course_view cl">
	<div class="course_view_pic"><img src="{course_cover_value}" /></div>
	<div class="course_view_info">
		<div class="course_view_tit">{course_name_value}</div>
		<div class="course_view_other"><span>主讲:{course_speaker_value}</span><span>课时:{course_duration_value}</span></div>
		<div class="course_view_desc">{course_desc_value}</div>
		<div class="course_view_price cl">
			<div class="curr_price"><span>售价 : </span>{course_price_value}<em>{course_price_unit}</em></div>
		</div>
		<div class="course_view_code"><span>{course_extraction_code} : </span>{code}</div>
		<div class="course_view_buy">{url}</div>
	</div>
</div>
<div class="w_tit mt15 cl">
	<h2>课程介绍</h2>
</div>]]></item>
			<item id="stemplate"><![CDATA[<div class="course_list cl">
	<ul>
	[loop]
	<li>
		<a href="{subject_url}">
			<div class="pic">
				<img src="{course_cover_value}" />
				<div class="info">
					<h3>{course_name_value}</h3>
					<p>{course_desc_value}...</p>
				</div>
			</div>
			<div class="other cl">
				<span class="price price{course_price_value}"><b>{course_price_value}</b> {course_price_unit}</span>
				<span class="duration">{course_duration_value}</span>
			</div>
		</a>
	</li>
	[/loop]
</ul>
</div>]]></item>
			<item id="ptemplate"><![CDATA[]]></item>
			<item id="btemplate"><![CDATA[<ul>
[loop]
	<li>
		<a href="{subject_url}"{target}>
			<div class="pic">
				<img src="{course_cover_value}" width="220" height="130" />
				<div class="info">
					<h3>{course_name_value}</h3>
					<p>{course_desc_value}...</p>
				</div>
			</div>
			<div class="other cl">
				<span class="price price{course_price_value}"><b>{course_price_value}</b> {course_price_unit}</span>
				<span class="duration">{course_duration_value}</span>
			</div>
		</a>
	</li>
[/loop]
</ul>]]></item>
			<item id="sortid"><![CDATA[11]]></item>
			<item id="available"><![CDATA[1]]></item>
			<item id="required"><![CDATA[0]]></item>
			<item id="unchangeable"><![CDATA[0]]></item>
			<item id="search"><![CDATA[0]]></item>
			<item id="subjectshow"><![CDATA[1]]></item>
			<item id="tpdescription"><![CDATA[]]></item>
			<item id="ttdescription"><![CDATA[]]></item>
			<item id="tpexpiration"><![CDATA[0]]></item>
			<item id="ttexpiration"><![CDATA[0]]></item>
		</item>
		<item id="6">
			<item id="optionid"><![CDATA[123]]></item>
			<item id="classid"><![CDATA[6]]></item>
			<item id="displayorder"><![CDATA[0]]></item>
			<item id="expiration"><![CDATA[0]]></item>
			<item id="title"><![CDATA[网盘链接]]></item>
			<item id="description"><![CDATA[]]></item>
			<item id="identifier"><![CDATA[course_buy_url]]></item>
			<item id="type"><![CDATA[text]]></item>
			<item id="unit"><![CDATA[]]></item>
			<item id="permprompt"><![CDATA[]]></item>
			<item id="typeid"><![CDATA[11]]></item>
			<item id="name"><![CDATA[培训课程]]></item>
			<item id="icon"><![CDATA[]]></item>
			<item id="special"><![CDATA[1]]></item>
			<item id="modelid"><![CDATA[0]]></item>
			<item id="template"><![CDATA[<div class="course_view cl">
	<div class="course_view_pic"><img src="{course_cover_value}" /></div>
	<div class="course_view_info">
		<div class="course_view_tit">{course_name_value}</div>
		<div class="course_view_other"><span>主讲:{course_speaker_value}</span><span>课时:{course_duration_value}</span></div>
		<div class="course_view_desc">{course_desc_value}</div>
		<div class="course_view_price cl">
			<div class="curr_price"><span>售价 : </span>{course_price_value}<em>{course_price_unit}</em></div>
		</div>
		<div class="course_view_code"><span>{course_extraction_code} : </span>{code}</div>
		<div class="course_view_buy">{url}</div>
	</div>
</div>
<div class="w_tit mt15 cl">
	<h2>课程介绍</h2>
</div>]]></item>
			<item id="stemplate"><![CDATA[<div class="course_list cl">
	<ul>
	[loop]
	<li>
		<a href="{subject_url}">
			<div class="pic">
				<img src="{course_cover_value}" />
				<div class="info">
					<h3>{course_name_value}</h3>
					<p>{course_desc_value}...</p>
				</div>
			</div>
			<div class="other cl">
				<span class="price price{course_price_value}"><b>{course_price_value}</b> {course_price_unit}</span>
				<span class="duration">{course_duration_value}</span>
			</div>
		</a>
	</li>
	[/loop]
</ul>
</div>]]></item>
			<item id="ptemplate"><![CDATA[]]></item>
			<item id="btemplate"><![CDATA[<ul>
[loop]
	<li>
		<a href="{subject_url}"{target}>
			<div class="pic">
				<img src="{course_cover_value}" width="220" height="130" />
				<div class="info">
					<h3>{course_name_value}</h3>
					<p>{course_desc_value}...</p>
				</div>
			</div>
			<div class="other cl">
				<span class="price price{course_price_value}"><b>{course_price_value}</b> {course_price_unit}</span>
				<span class="duration">{course_duration_value}</span>
			</div>
		</a>
	</li>
[/loop]
</ul>]]></item>
			<item id="sortid"><![CDATA[11]]></item>
			<item id="available"><![CDATA[1]]></item>
			<item id="required"><![CDATA[0]]></item>
			<item id="unchangeable"><![CDATA[0]]></item>
			<item id="search"><![CDATA[0]]></item>
			<item id="subjectshow"><![CDATA[1]]></item>
			<item id="tpdescription"><![CDATA[]]></item>
			<item id="ttdescription"><![CDATA[]]></item>
			<item id="tpexpiration"><![CDATA[0]]></item>
			<item id="ttexpiration"><![CDATA[0]]></item>
			<item id="__protect">
				<item id="status"><![CDATA[0]]></item>
				<item id="usergroup"><![CDATA[]]></item>
				<item id="verify"><![CDATA[]]></item>
			</item>
			<item id="__rules">
				<item id="maxlength"><![CDATA[]]></item>
				<item id="inputsize"><![CDATA[]]></item>
				<item id="profile"><![CDATA[]]></item>
				<item id="defaultvalue"><![CDATA[]]></item>
			</item>
		</item>
		<item id="7">
			<item id="optionid"><![CDATA[124]]></item>
			<item id="classid"><![CDATA[6]]></item>
			<item id="displayorder"><![CDATA[0]]></item>
			<item id="expiration"><![CDATA[0]]></item>
			<item id="title"><![CDATA[课程方向]]></item>
			<item id="description"><![CDATA[]]></item>
			<item id="identifier"><![CDATA[course_direction]]></item>
			<item id="type"><![CDATA[radio]]></item>
			<item id="unit"><![CDATA[]]></item>
			<item id="permprompt"><![CDATA[]]></item>
			<item id="typeid"><![CDATA[11]]></item>
			<item id="name"><![CDATA[培训课程]]></item>
			<item id="icon"><![CDATA[]]></item>
			<item id="special"><![CDATA[1]]></item>
			<item id="modelid"><![CDATA[0]]></item>
			<item id="template"><![CDATA[<div class="course_view cl">
	<div class="course_view_pic"><img src="{course_cover_value}" /></div>
	<div class="course_view_info">
		<div class="course_view_tit">{course_name_value}</div>
		<div class="course_view_other"><span>主讲:{course_speaker_value}</span><span>课时:{course_duration_value}</span></div>
		<div class="course_view_desc">{course_desc_value}</div>
		<div class="course_view_price cl">
			<div class="curr_price"><span>售价 : </span>{course_price_value}<em>{course_price_unit}</em></div>
		</div>
		<div class="course_view_code"><span>{course_extraction_code} : </span>{code}</div>
		<div class="course_view_buy">{url}</div>
	</div>
</div>
<div class="w_tit mt15 cl">
	<h2>课程介绍</h2>
</div>]]></item>
			<item id="stemplate"><![CDATA[<div class="course_list cl">
	<ul>
	[loop]
	<li>
		<a href="{subject_url}">
			<div class="pic">
				<img src="{course_cover_value}" />
				<div class="info">
					<h3>{course_name_value}</h3>
					<p>{course_desc_value}...</p>
				</div>
			</div>
			<div class="other cl">
				<span class="price price{course_price_value}"><b>{course_price_value}</b> {course_price_unit}</span>
				<span class="duration">{course_duration_value}</span>
			</div>
		</a>
	</li>
	[/loop]
</ul>
</div>]]></item>
			<item id="ptemplate"><![CDATA[]]></item>
			<item id="btemplate"><![CDATA[<ul>
[loop]
	<li>
		<a href="{subject_url}"{target}>
			<div class="pic">
				<img src="{course_cover_value}" width="220" height="130" />
				<div class="info">
					<h3>{course_name_value}</h3>
					<p>{course_desc_value}...</p>
				</div>
			</div>
			<div class="other cl">
				<span class="price price{course_price_value}"><b>{course_price_value}</b> {course_price_unit}</span>
				<span class="duration">{course_duration_value}</span>
			</div>
		</a>
	</li>
[/loop]
</ul>]]></item>
			<item id="sortid"><![CDATA[11]]></item>
			<item id="available"><![CDATA[1]]></item>
			<item id="required"><![CDATA[0]]></item>
			<item id="unchangeable"><![CDATA[0]]></item>
			<item id="search"><![CDATA[2]]></item>
			<item id="subjectshow"><![CDATA[0]]></item>
			<item id="tpdescription"><![CDATA[]]></item>
			<item id="ttdescription"><![CDATA[]]></item>
			<item id="tpexpiration"><![CDATA[0]]></item>
			<item id="ttexpiration"><![CDATA[0]]></item>
			<item id="__protect">
				<item id="usergroup"><![CDATA[]]></item>
				<item id="verify"><![CDATA[]]></item>
			</item>
			<item id="__rules">
				<item id="choices"><![CDATA[1=前沿技术
2=前端开发
3=后端开发
4=移动开发
5=算法&数学
6=元计算&大数据
7=运维&测试
8=数据库
9=UI设计
10=游戏]]></item>
			</item>
		</item>
		<item id="8">
			<item id="optionid"><![CDATA[125]]></item>
			<item id="classid"><![CDATA[6]]></item>
			<item id="displayorder"><![CDATA[0]]></item>
			<item id="expiration"><![CDATA[0]]></item>
			<item id="title"><![CDATA[课程分类]]></item>
			<item id="description"><![CDATA[]]></item>
			<item id="identifier"><![CDATA[course_cate]]></item>
			<item id="type"><![CDATA[radio]]></item>
			<item id="unit"><![CDATA[]]></item>
			<item id="permprompt"><![CDATA[]]></item>
			<item id="typeid"><![CDATA[11]]></item>
			<item id="name"><![CDATA[培训课程]]></item>
			<item id="icon"><![CDATA[]]></item>
			<item id="special"><![CDATA[1]]></item>
			<item id="modelid"><![CDATA[0]]></item>
			<item id="template"><![CDATA[<div class="course_view cl">
	<div class="course_view_pic"><img src="{course_cover_value}" /></div>
	<div class="course_view_info">
		<div class="course_view_tit">{course_name_value}</div>
		<div class="course_view_other"><span>主讲:{course_speaker_value}</span><span>课时:{course_duration_value}</span></div>
		<div class="course_view_desc">{course_desc_value}</div>
		<div class="course_view_price cl">
			<div class="curr_price"><span>售价 : </span>{course_price_value}<em>{course_price_unit}</em></div>
		</div>
		<div class="course_view_code"><span>{course_extraction_code} : </span>{code}</div>
		<div class="course_view_buy">{url}</div>
	</div>
</div>
<div class="w_tit mt15 cl">
	<h2>课程介绍</h2>
</div>]]></item>
			<item id="stemplate"><![CDATA[<div class="course_list cl">
	<ul>
	[loop]
	<li>
		<a href="{subject_url}">
			<div class="pic">
				<img src="{course_cover_value}" />
				<div class="info">
					<h3>{course_name_value}</h3>
					<p>{course_desc_value}...</p>
				</div>
			</div>
			<div class="other cl">
				<span class="price price{course_price_value}"><b>{course_price_value}</b> {course_price_unit}</span>
				<span class="duration">{course_duration_value}</span>
			</div>
		</a>
	</li>
	[/loop]
</ul>
</div>]]></item>
			<item id="ptemplate"><![CDATA[]]></item>
			<item id="btemplate"><![CDATA[<ul>
[loop]
	<li>
		<a href="{subject_url}"{target}>
			<div class="pic">
				<img src="{course_cover_value}" width="220" height="130" />
				<div class="info">
					<h3>{course_name_value}</h3>
					<p>{course_desc_value}...</p>
				</div>
			</div>
			<div class="other cl">
				<span class="price price{course_price_value}"><b>{course_price_value}</b> {course_price_unit}</span>
				<span class="duration">{course_duration_value}</span>
			</div>
		</a>
	</li>
[/loop]
</ul>]]></item>
			<item id="sortid"><![CDATA[11]]></item>
			<item id="available"><![CDATA[1]]></item>
			<item id="required"><![CDATA[0]]></item>
			<item id="unchangeable"><![CDATA[0]]></item>
			<item id="search"><![CDATA[2]]></item>
			<item id="subjectshow"><![CDATA[0]]></item>
			<item id="tpdescription"><![CDATA[]]></item>
			<item id="ttdescription"><![CDATA[]]></item>
			<item id="tpexpiration"><![CDATA[0]]></item>
			<item id="ttexpiration"><![CDATA[0]]></item>
			<item id="__protect">
				<item id="usergroup"><![CDATA[]]></item>
				<item id="verify"><![CDATA[]]></item>
			</item>
			<item id="__rules">
				<item id="choices"><![CDATA[1=微服务
2=区块链
3=以太坊
4=人工智能
5=机器学习
6=深度学习
7=计算机视觉
8=数据分析&挖掘
9=HTML/CSS
10=JavaScript
11=Vue.js
12=React.JS
13=Angular
14=Node.js
15=jQuery
16=Bootstrap
17=Sass/Less
18=WebApp
19=前端工具
20=Java
21=SpringBoot
22=Python
23=爬虫
24=Django
25=Go
26=PHP
27=C
28=C++
29=C#
30=Ruby
31=Android
32=iOS
33=React native
34=WEEX
35=算法与数据结构
36=数学
37=大数据
38=Hadoop
39=Spark
40=Hbase
41=Storm
42=云计算
43=AWS
44=Docker
45=Kubernetes
46=运维
47=自动化运维
48=Linux]]></item>
			</item>
		</item>
		<item id="9">
			<item id="optionid"><![CDATA[126]]></item>
			<item id="classid"><![CDATA[6]]></item>
			<item id="displayorder"><![CDATA[0]]></item>
			<item id="expiration"><![CDATA[0]]></item>
			<item id="title"><![CDATA[课程难度]]></item>
			<item id="description"><![CDATA[]]></item>
			<item id="identifier"><![CDATA[course_difficult]]></item>
			<item id="type"><![CDATA[radio]]></item>
			<item id="unit"><![CDATA[]]></item>
			<item id="permprompt"><![CDATA[]]></item>
			<item id="typeid"><![CDATA[11]]></item>
			<item id="name"><![CDATA[培训课程]]></item>
			<item id="icon"><![CDATA[]]></item>
			<item id="special"><![CDATA[1]]></item>
			<item id="modelid"><![CDATA[0]]></item>
			<item id="template"><![CDATA[<div class="course_view cl">
	<div class="course_view_pic"><img src="{course_cover_value}" /></div>
	<div class="course_view_info">
		<div class="course_view_tit">{course_name_value}</div>
		<div class="course_view_other"><span>主讲:{course_speaker_value}</span><span>课时:{course_duration_value}</span></div>
		<div class="course_view_desc">{course_desc_value}</div>
		<div class="course_view_price cl">
			<div class="curr_price"><span>售价 : </span>{course_price_value}<em>{course_price_unit}</em></div>
		</div>
		<div class="course_view_code"><span>{course_extraction_code} : </span>{code}</div>
		<div class="course_view_buy">{url}</div>
	</div>
</div>
<div class="w_tit mt15 cl">
	<h2>课程介绍</h2>
</div>]]></item>
			<item id="stemplate"><![CDATA[<div class="course_list cl">
	<ul>
	[loop]
	<li>
		<a href="{subject_url}">
			<div class="pic">
				<img src="{course_cover_value}" />
				<div class="info">
					<h3>{course_name_value}</h3>
					<p>{course_desc_value}...</p>
				</div>
			</div>
			<div class="other cl">
				<span class="price price{course_price_value}"><b>{course_price_value}</b> {course_price_unit}</span>
				<span class="duration">{course_duration_value}</span>
			</div>
		</a>
	</li>
	[/loop]
</ul>
</div>]]></item>
			<item id="ptemplate"><![CDATA[]]></item>
			<item id="btemplate"><![CDATA[<ul>
[loop]
	<li>
		<a href="{subject_url}"{target}>
			<div class="pic">
				<img src="{course_cover_value}" width="220" height="130" />
				<div class="info">
					<h3>{course_name_value}</h3>
					<p>{course_desc_value}...</p>
				</div>
			</div>
			<div class="other cl">
				<span class="price price{course_price_value}"><b>{course_price_value}</b> {course_price_unit}</span>
				<span class="duration">{course_duration_value}</span>
			</div>
		</a>
	</li>
[/loop]
</ul>]]></item>
			<item id="sortid"><![CDATA[11]]></item>
			<item id="available"><![CDATA[1]]></item>
			<item id="required"><![CDATA[0]]></item>
			<item id="unchangeable"><![CDATA[0]]></item>
			<item id="search"><![CDATA[2]]></item>
			<item id="subjectshow"><![CDATA[0]]></item>
			<item id="tpdescription"><![CDATA[]]></item>
			<item id="ttdescription"><![CDATA[]]></item>
			<item id="tpexpiration"><![CDATA[0]]></item>
			<item id="ttexpiration"><![CDATA[0]]></item>
			<item id="__protect">
				<item id="usergroup"><![CDATA[]]></item>
				<item id="verify"><![CDATA[]]></item>
			</item>
			<item id="__rules">
				<item id="choices"><![CDATA[1=入门
2=初级
3=中级
4=高级]]></item>
			</item>
		</item>
		<item id="10">
			<item id="optionid"><![CDATA[127]]></item>
			<item id="classid"><![CDATA[6]]></item>
			<item id="displayorder"><![CDATA[0]]></item>
			<item id="expiration"><![CDATA[0]]></item>
			<item id="protect"><![CDATA[]]></item>
			<item id="title"><![CDATA[提取码]]></item>
			<item id="description"><![CDATA[]]></item>
			<item id="identifier"><![CDATA[course_extraction_code]]></item>
			<item id="type"><![CDATA[text]]></item>
			<item id="unit"><![CDATA[]]></item>
			<item id="rules"><![CDATA[]]></item>
			<item id="permprompt"><![CDATA[]]></item>
			<item id="typeid"><![CDATA[11]]></item>
			<item id="name"><![CDATA[培训课程]]></item>
			<item id="icon"><![CDATA[]]></item>
			<item id="special"><![CDATA[1]]></item>
			<item id="modelid"><![CDATA[0]]></item>
			<item id="template"><![CDATA[<div class="course_view cl">
	<div class="course_view_pic"><img src="{course_cover_value}" /></div>
	<div class="course_view_info">
		<div class="course_view_tit">{course_name_value}</div>
		<div class="course_view_other"><span>主讲:{course_speaker_value}</span><span>课时:{course_duration_value}</span></div>
		<div class="course_view_desc">{course_desc_value}</div>
		<div class="course_view_price cl">
			<div class="curr_price"><span>售价 : </span>{course_price_value}<em>{course_price_unit}</em></div>
		</div>
		<div class="course_view_code"><span>{course_extraction_code} : </span>{code}</div>
		<div class="course_view_buy">{url}</div>
	</div>
</div>
<div class="w_tit mt15 cl">
	<h2>课程介绍</h2>
</div>]]></item>
			<item id="stemplate"><![CDATA[<div class="course_list cl">
	<ul>
	[loop]
	<li>
		<a href="{subject_url}">
			<div class="pic">
				<img src="{course_cover_value}" />
				<div class="info">
					<h3>{course_name_value}</h3>
					<p>{course_desc_value}...</p>
				</div>
			</div>
			<div class="other cl">
				<span class="price price{course_price_value}"><b>{course_price_value}</b> {course_price_unit}</span>
				<span class="duration">{course_duration_value}</span>
			</div>
		</a>
	</li>
	[/loop]
</ul>
</div>]]></item>
			<item id="ptemplate"><![CDATA[]]></item>
			<item id="btemplate"><![CDATA[<ul>
[loop]
	<li>
		<a href="{subject_url}"{target}>
			<div class="pic">
				<img src="{course_cover_value}" width="220" height="130" />
				<div class="info">
					<h3>{course_name_value}</h3>
					<p>{course_desc_value}...</p>
				</div>
			</div>
			<div class="other cl">
				<span class="price price{course_price_value}"><b>{course_price_value}</b> {course_price_unit}</span>
				<span class="duration">{course_duration_value}</span>
			</div>
		</a>
	</li>
[/loop]
</ul>]]></item>
			<item id="sortid"><![CDATA[11]]></item>
			<item id="available"><![CDATA[1]]></item>
			<item id="required"><![CDATA[0]]></item>
			<item id="unchangeable"><![CDATA[0]]></item>
			<item id="search"><![CDATA[0]]></item>
			<item id="subjectshow"><![CDATA[1]]></item>
			<item id="tpdescription"><![CDATA[]]></item>
			<item id="ttdescription"><![CDATA[]]></item>
			<item id="tpexpiration"><![CDATA[0]]></item>
			<item id="ttexpiration"><![CDATA[0]]></item>
		</item>
	</item>
</root>
