<?xml version="1.0" encoding="ISO-8859-1"?>
<root>
	<item id="Title"><![CDATA[Discuz! Threadtypes]]></item>
	<item id="Version"><![CDATA[X3.2]]></item>
	<item id="Time"><![CDATA[2018-05-29 16:30]]></item>
	<item id="From"><![CDATA[微酷网络 (http://42.51.4.110/demo/wicool/2018/life/)]]></item>
	<item id="Data">
		<item id="0">
			<item id="optionid"><![CDATA[51]]></item>
			<item id="classid"><![CDATA[3]]></item>
			<item id="displayorder"><![CDATA[0]]></item>
			<item id="expiration"><![CDATA[0]]></item>
			<item id="title"><![CDATA[职位分类]]></item>
			<item id="description"><![CDATA[]]></item>
			<item id="identifier"><![CDATA[job_cate]]></item>
			<item id="type"><![CDATA[radio]]></item>
			<item id="unit"><![CDATA[]]></item>
			<item id="permprompt"><![CDATA[]]></item>
			<item id="typeid"><![CDATA[3]]></item>
			<item id="name"><![CDATA[求职招聘]]></item>
			<item id="icon"><![CDATA[]]></item>
			<item id="special"><![CDATA[1]]></item>
			<item id="modelid"><![CDATA[0]]></item>
			<item id="template"><![CDATA[<div class="job_view cl">
    <div class="job_view_detail">
	<div class="job_view_tit">
		<em></em>
		<h1>{job_name_value}</h1>
		<h3>{job_company_name_value}</h3>
		<i></i>
	</div>
        <div class="job_view_content cl">
            <div class="job_view_cl">
            	<div class="job_view_salary">{job_wage_value}</div>
		<div class="job_view_address">{job_area_value}</div> 
		<div class="job_quali"><span>{job_edu}{job_edu_value}</span><em>|</em><span>{job_exp}{job_exp_value}</span><em>|</em><span>{job_num}{job_num_value}{job_num_unit}</span><em>|</em></div>    
            </div>
	    <div class="job_view_cr">
		<div class="job_apply">感兴趣 请联系我 {job_contactphone_value}</div>
	    </div>
        </div>
	<div class="job_view_temptation cl">{job_welfare_value}</div>
    </div>
</div>
<div class="jobviewinfo mt20">
	<div class="jobviewtit cl">
		<h2>{job_info}</h2>
	</div>
	<div class="jobviewc">
		{job_info_value}
	</div>
</div>
<div class="jobviewcompany mt20">
	<div class="jobviewtit cl">
		<h2>{job_company_desc}</h2>
	</div>
	<div class="jobviewc">
		{job_company_desc_value}
	</div>
</div>]]></item>
			<item id="stemplate"><![CDATA[<div class="job_list">
	<ul>
		[loop]
		<li class="cl">
			<a href="{subject_url}">
			<i><b>急</b></i>
			<div class="job_list_inner cl">
        			<div class="job_info">
            				<h3>{job_name_value}</h3>
                			<div class="job_condition">
						<span class="salary">{job_wage_value}</span>
						<em>|</em>
						<span>{job_area_value}</span>
						<em>|</em>
						<span>{job_edu_value}</span>
						<em>|</em>
						<span>{job_exp_value}</span>
					</div>
                			<div class="job_date">
						发布时间 : {dateline}
					</div>
            			</div>
            			<div class="company_info">
            				<div class="company_name">{job_company_name_value}</div>
                			<div class="job_field">{job_cate_value}</div>
                			<div class="job_temptation cl">{job_welfare_value}</div>
            			</div>
        		</div>
			</a>
		</li>
		[/loop]	
	</ul>
</div>]]></item>
			<item id="ptemplate"><![CDATA[]]></item>
			<item id="btemplate"><![CDATA[<ul>
	[loop]
		<li class="cl">
			<a href="{subject_url}">
				<h3>{subject}</h3>
				<p><em>[聘]</em>{job_cate_value}</p>
			</a>
		</li>
	[/loop]
</ul>]]></item>
			<item id="sortid"><![CDATA[3]]></item>
			<item id="available"><![CDATA[1]]></item>
			<item id="required"><![CDATA[0]]></item>
			<item id="unchangeable"><![CDATA[0]]></item>
			<item id="search"><![CDATA[2]]></item>
			<item id="subjectshow"><![CDATA[1]]></item>
			<item id="tpdescription"><![CDATA[]]></item>
			<item id="ttdescription"><![CDATA[]]></item>
			<item id="tpexpiration"><![CDATA[0]]></item>
			<item id="ttexpiration"><![CDATA[0]]></item>
			<item id="__protect">
				<item id="usergroup"><![CDATA[]]></item>
				<item id="verify"><![CDATA[]]></item>
			</item>
			<item id="__rules">
				<item id="choices"><![CDATA[1=IT/互联网/通信/电子
2=机械/制造/汽车
3=财会/金融/银行
4=行政/人力资源/管理
5=销售/客户服务
6=房地产/建筑/装修
7=传媒/广告/艺术
8=化工/医药/能源
9=生产/加工/消费品
10=贸易/采购/物流
11=教育/法律/专业服务
12=服务业/零售/医护
13=农林牧渔/科研/公务员]]></item>
			</item>
		</item>
		<item id="1">
			<item id="optionid"><![CDATA[52]]></item>
			<item id="classid"><![CDATA[3]]></item>
			<item id="displayorder"><![CDATA[0]]></item>
			<item id="expiration"><![CDATA[0]]></item>
			<item id="title"><![CDATA[薪资]]></item>
			<item id="description"><![CDATA[]]></item>
			<item id="identifier"><![CDATA[job_wage]]></item>
			<item id="type"><![CDATA[radio]]></item>
			<item id="unit"><![CDATA[]]></item>
			<item id="permprompt"><![CDATA[]]></item>
			<item id="typeid"><![CDATA[3]]></item>
			<item id="name"><![CDATA[求职招聘]]></item>
			<item id="icon"><![CDATA[]]></item>
			<item id="special"><![CDATA[1]]></item>
			<item id="modelid"><![CDATA[0]]></item>
			<item id="template"><![CDATA[<div class="job_view cl">
    <div class="job_view_detail">
	<div class="job_view_tit">
		<em></em>
		<h1>{job_name_value}</h1>
		<h3>{job_company_name_value}</h3>
		<i></i>
	</div>
        <div class="job_view_content cl">
            <div class="job_view_cl">
            	<div class="job_view_salary">{job_wage_value}</div>
		<div class="job_view_address">{job_area_value}</div> 
		<div class="job_quali"><span>{job_edu}{job_edu_value}</span><em>|</em><span>{job_exp}{job_exp_value}</span><em>|</em><span>{job_num}{job_num_value}{job_num_unit}</span><em>|</em></div>    
            </div>
	    <div class="job_view_cr">
		<div class="job_apply">感兴趣 请联系我 {job_contactphone_value}</div>
	    </div>
        </div>
	<div class="job_view_temptation cl">{job_welfare_value}</div>
    </div>
</div>
<div class="jobviewinfo mt20">
	<div class="jobviewtit cl">
		<h2>{job_info}</h2>
	</div>
	<div class="jobviewc">
		{job_info_value}
	</div>
</div>
<div class="jobviewcompany mt20">
	<div class="jobviewtit cl">
		<h2>{job_company_desc}</h2>
	</div>
	<div class="jobviewc">
		{job_company_desc_value}
	</div>
</div>]]></item>
			<item id="stemplate"><![CDATA[<div class="job_list">
	<ul>
		[loop]
		<li class="cl">
			<a href="{subject_url}">
			<i><b>急</b></i>
			<div class="job_list_inner cl">
        			<div class="job_info">
            				<h3>{job_name_value}</h3>
                			<div class="job_condition">
						<span class="salary">{job_wage_value}</span>
						<em>|</em>
						<span>{job_area_value}</span>
						<em>|</em>
						<span>{job_edu_value}</span>
						<em>|</em>
						<span>{job_exp_value}</span>
					</div>
                			<div class="job_date">
						发布时间 : {dateline}
					</div>
            			</div>
            			<div class="company_info">
            				<div class="company_name">{job_company_name_value}</div>
                			<div class="job_field">{job_cate_value}</div>
                			<div class="job_temptation cl">{job_welfare_value}</div>
            			</div>
        		</div>
			</a>
		</li>
		[/loop]	
	</ul>
</div>]]></item>
			<item id="ptemplate"><![CDATA[]]></item>
			<item id="btemplate"><![CDATA[<ul>
	[loop]
		<li class="cl">
			<a href="{subject_url}">
				<h3>{subject}</h3>
				<p><em>[聘]</em>{job_cate_value}</p>
			</a>
		</li>
	[/loop]
</ul>]]></item>
			<item id="sortid"><![CDATA[3]]></item>
			<item id="available"><![CDATA[1]]></item>
			<item id="required"><![CDATA[0]]></item>
			<item id="unchangeable"><![CDATA[0]]></item>
			<item id="search"><![CDATA[2]]></item>
			<item id="subjectshow"><![CDATA[1]]></item>
			<item id="tpdescription"><![CDATA[]]></item>
			<item id="ttdescription"><![CDATA[]]></item>
			<item id="tpexpiration"><![CDATA[0]]></item>
			<item id="ttexpiration"><![CDATA[0]]></item>
			<item id="__protect">
				<item id="usergroup"><![CDATA[]]></item>
				<item id="verify"><![CDATA[]]></item>
			</item>
			<item id="__rules">
				<item id="choices"><![CDATA[1=1000元以下
2=1000-2000元
3=2000-3000元
4=3000-5000元
5=5000-8000元
6=8000-12000元
7=12000-20000元
8=20000-25000元
9=25000元以上
10=面议]]></item>
			</item>
		</item>
		<item id="2">
			<item id="optionid"><![CDATA[53]]></item>
			<item id="classid"><![CDATA[3]]></item>
			<item id="displayorder"><![CDATA[0]]></item>
			<item id="expiration"><![CDATA[0]]></item>
			<item id="title"><![CDATA[工作地区]]></item>
			<item id="description"><![CDATA[]]></item>
			<item id="identifier"><![CDATA[job_area]]></item>
			<item id="type"><![CDATA[radio]]></item>
			<item id="unit"><![CDATA[]]></item>
			<item id="permprompt"><![CDATA[]]></item>
			<item id="typeid"><![CDATA[3]]></item>
			<item id="name"><![CDATA[求职招聘]]></item>
			<item id="icon"><![CDATA[]]></item>
			<item id="special"><![CDATA[1]]></item>
			<item id="modelid"><![CDATA[0]]></item>
			<item id="template"><![CDATA[<div class="job_view cl">
    <div class="job_view_detail">
	<div class="job_view_tit">
		<em></em>
		<h1>{job_name_value}</h1>
		<h3>{job_company_name_value}</h3>
		<i></i>
	</div>
        <div class="job_view_content cl">
            <div class="job_view_cl">
            	<div class="job_view_salary">{job_wage_value}</div>
		<div class="job_view_address">{job_area_value}</div> 
		<div class="job_quali"><span>{job_edu}{job_edu_value}</span><em>|</em><span>{job_exp}{job_exp_value}</span><em>|</em><span>{job_num}{job_num_value}{job_num_unit}</span><em>|</em></div>    
            </div>
	    <div class="job_view_cr">
		<div class="job_apply">感兴趣 请联系我 {job_contactphone_value}</div>
	    </div>
        </div>
	<div class="job_view_temptation cl">{job_welfare_value}</div>
    </div>
</div>
<div class="jobviewinfo mt20">
	<div class="jobviewtit cl">
		<h2>{job_info}</h2>
	</div>
	<div class="jobviewc">
		{job_info_value}
	</div>
</div>
<div class="jobviewcompany mt20">
	<div class="jobviewtit cl">
		<h2>{job_company_desc}</h2>
	</div>
	<div class="jobviewc">
		{job_company_desc_value}
	</div>
</div>]]></item>
			<item id="stemplate"><![CDATA[<div class="job_list">
	<ul>
		[loop]
		<li class="cl">
			<a href="{subject_url}">
			<i><b>急</b></i>
			<div class="job_list_inner cl">
        			<div class="job_info">
            				<h3>{job_name_value}</h3>
                			<div class="job_condition">
						<span class="salary">{job_wage_value}</span>
						<em>|</em>
						<span>{job_area_value}</span>
						<em>|</em>
						<span>{job_edu_value}</span>
						<em>|</em>
						<span>{job_exp_value}</span>
					</div>
                			<div class="job_date">
						发布时间 : {dateline}
					</div>
            			</div>
            			<div class="company_info">
            				<div class="company_name">{job_company_name_value}</div>
                			<div class="job_field">{job_cate_value}</div>
                			<div class="job_temptation cl">{job_welfare_value}</div>
            			</div>
        		</div>
			</a>
		</li>
		[/loop]	
	</ul>
</div>]]></item>
			<item id="ptemplate"><![CDATA[]]></item>
			<item id="btemplate"><![CDATA[<ul>
	[loop]
		<li class="cl">
			<a href="{subject_url}">
				<h3>{subject}</h3>
				<p><em>[聘]</em>{job_cate_value}</p>
			</a>
		</li>
	[/loop]
</ul>]]></item>
			<item id="sortid"><![CDATA[3]]></item>
			<item id="available"><![CDATA[1]]></item>
			<item id="required"><![CDATA[0]]></item>
			<item id="unchangeable"><![CDATA[0]]></item>
			<item id="search"><![CDATA[0]]></item>
			<item id="subjectshow"><![CDATA[1]]></item>
			<item id="tpdescription"><![CDATA[]]></item>
			<item id="ttdescription"><![CDATA[]]></item>
			<item id="tpexpiration"><![CDATA[0]]></item>
			<item id="ttexpiration"><![CDATA[0]]></item>
			<item id="__protect">
				<item id="usergroup"><![CDATA[]]></item>
				<item id="verify"><![CDATA[]]></item>
			</item>
			<item id="__rules">
				<item id="choices"><![CDATA[1=芝罘区
2=莱山区
3=福山区
4=牟平区
5=开发区
6=高新区]]></item>
			</item>
		</item>
		<item id="3">
			<item id="optionid"><![CDATA[54]]></item>
			<item id="classid"><![CDATA[3]]></item>
			<item id="displayorder"><![CDATA[0]]></item>
			<item id="expiration"><![CDATA[0]]></item>
			<item id="title"><![CDATA[公司福利]]></item>
			<item id="description"><![CDATA[]]></item>
			<item id="identifier"><![CDATA[job_welfare]]></item>
			<item id="type"><![CDATA[checkbox]]></item>
			<item id="unit"><![CDATA[]]></item>
			<item id="permprompt"><![CDATA[]]></item>
			<item id="typeid"><![CDATA[3]]></item>
			<item id="name"><![CDATA[求职招聘]]></item>
			<item id="icon"><![CDATA[]]></item>
			<item id="special"><![CDATA[1]]></item>
			<item id="modelid"><![CDATA[0]]></item>
			<item id="template"><![CDATA[<div class="job_view cl">
    <div class="job_view_detail">
	<div class="job_view_tit">
		<em></em>
		<h1>{job_name_value}</h1>
		<h3>{job_company_name_value}</h3>
		<i></i>
	</div>
        <div class="job_view_content cl">
            <div class="job_view_cl">
            	<div class="job_view_salary">{job_wage_value}</div>
		<div class="job_view_address">{job_area_value}</div> 
		<div class="job_quali"><span>{job_edu}{job_edu_value}</span><em>|</em><span>{job_exp}{job_exp_value}</span><em>|</em><span>{job_num}{job_num_value}{job_num_unit}</span><em>|</em></div>    
            </div>
	    <div class="job_view_cr">
		<div class="job_apply">感兴趣 请联系我 {job_contactphone_value}</div>
	    </div>
        </div>
	<div class="job_view_temptation cl">{job_welfare_value}</div>
    </div>
</div>
<div class="jobviewinfo mt20">
	<div class="jobviewtit cl">
		<h2>{job_info}</h2>
	</div>
	<div class="jobviewc">
		{job_info_value}
	</div>
</div>
<div class="jobviewcompany mt20">
	<div class="jobviewtit cl">
		<h2>{job_company_desc}</h2>
	</div>
	<div class="jobviewc">
		{job_company_desc_value}
	</div>
</div>]]></item>
			<item id="stemplate"><![CDATA[<div class="job_list">
	<ul>
		[loop]
		<li class="cl">
			<a href="{subject_url}">
			<i><b>急</b></i>
			<div class="job_list_inner cl">
        			<div class="job_info">
            				<h3>{job_name_value}</h3>
                			<div class="job_condition">
						<span class="salary">{job_wage_value}</span>
						<em>|</em>
						<span>{job_area_value}</span>
						<em>|</em>
						<span>{job_edu_value}</span>
						<em>|</em>
						<span>{job_exp_value}</span>
					</div>
                			<div class="job_date">
						发布时间 : {dateline}
					</div>
            			</div>
            			<div class="company_info">
            				<div class="company_name">{job_company_name_value}</div>
                			<div class="job_field">{job_cate_value}</div>
                			<div class="job_temptation cl">{job_welfare_value}</div>
            			</div>
        		</div>
			</a>
		</li>
		[/loop]	
	</ul>
</div>]]></item>
			<item id="ptemplate"><![CDATA[]]></item>
			<item id="btemplate"><![CDATA[<ul>
	[loop]
		<li class="cl">
			<a href="{subject_url}">
				<h3>{subject}</h3>
				<p><em>[聘]</em>{job_cate_value}</p>
			</a>
		</li>
	[/loop]
</ul>]]></item>
			<item id="sortid"><![CDATA[3]]></item>
			<item id="available"><![CDATA[1]]></item>
			<item id="required"><![CDATA[0]]></item>
			<item id="unchangeable"><![CDATA[0]]></item>
			<item id="search"><![CDATA[0]]></item>
			<item id="subjectshow"><![CDATA[1]]></item>
			<item id="tpdescription"><![CDATA[]]></item>
			<item id="ttdescription"><![CDATA[]]></item>
			<item id="tpexpiration"><![CDATA[0]]></item>
			<item id="ttexpiration"><![CDATA[0]]></item>
			<item id="__protect">
				<item id="usergroup"><![CDATA[]]></item>
				<item id="verify"><![CDATA[]]></item>
			</item>
			<item id="__rules">
				<item id="choices"><![CDATA[1=五险一金
2=包住
3=包吃
4=年底双薪
5=周末双休
6=交通补助
7=加班补助]]></item>
			</item>
		</item>
		<item id="4">
			<item id="optionid"><![CDATA[55]]></item>
			<item id="classid"><![CDATA[3]]></item>
			<item id="displayorder"><![CDATA[0]]></item>
			<item id="expiration"><![CDATA[0]]></item>
			<item id="title"><![CDATA[学历要求]]></item>
			<item id="description"><![CDATA[]]></item>
			<item id="identifier"><![CDATA[job_edu]]></item>
			<item id="type"><![CDATA[radio]]></item>
			<item id="unit"><![CDATA[]]></item>
			<item id="permprompt"><![CDATA[]]></item>
			<item id="typeid"><![CDATA[3]]></item>
			<item id="name"><![CDATA[求职招聘]]></item>
			<item id="icon"><![CDATA[]]></item>
			<item id="special"><![CDATA[1]]></item>
			<item id="modelid"><![CDATA[0]]></item>
			<item id="template"><![CDATA[<div class="job_view cl">
    <div class="job_view_detail">
	<div class="job_view_tit">
		<em></em>
		<h1>{job_name_value}</h1>
		<h3>{job_company_name_value}</h3>
		<i></i>
	</div>
        <div class="job_view_content cl">
            <div class="job_view_cl">
            	<div class="job_view_salary">{job_wage_value}</div>
		<div class="job_view_address">{job_area_value}</div> 
		<div class="job_quali"><span>{job_edu}{job_edu_value}</span><em>|</em><span>{job_exp}{job_exp_value}</span><em>|</em><span>{job_num}{job_num_value}{job_num_unit}</span><em>|</em></div>    
            </div>
	    <div class="job_view_cr">
		<div class="job_apply">感兴趣 请联系我 {job_contactphone_value}</div>
	    </div>
        </div>
	<div class="job_view_temptation cl">{job_welfare_value}</div>
    </div>
</div>
<div class="jobviewinfo mt20">
	<div class="jobviewtit cl">
		<h2>{job_info}</h2>
	</div>
	<div class="jobviewc">
		{job_info_value}
	</div>
</div>
<div class="jobviewcompany mt20">
	<div class="jobviewtit cl">
		<h2>{job_company_desc}</h2>
	</div>
	<div class="jobviewc">
		{job_company_desc_value}
	</div>
</div>]]></item>
			<item id="stemplate"><![CDATA[<div class="job_list">
	<ul>
		[loop]
		<li class="cl">
			<a href="{subject_url}">
			<i><b>急</b></i>
			<div class="job_list_inner cl">
        			<div class="job_info">
            				<h3>{job_name_value}</h3>
                			<div class="job_condition">
						<span class="salary">{job_wage_value}</span>
						<em>|</em>
						<span>{job_area_value}</span>
						<em>|</em>
						<span>{job_edu_value}</span>
						<em>|</em>
						<span>{job_exp_value}</span>
					</div>
                			<div class="job_date">
						发布时间 : {dateline}
					</div>
            			</div>
            			<div class="company_info">
            				<div class="company_name">{job_company_name_value}</div>
                			<div class="job_field">{job_cate_value}</div>
                			<div class="job_temptation cl">{job_welfare_value}</div>
            			</div>
        		</div>
			</a>
		</li>
		[/loop]	
	</ul>
</div>]]></item>
			<item id="ptemplate"><![CDATA[]]></item>
			<item id="btemplate"><![CDATA[<ul>
	[loop]
		<li class="cl">
			<a href="{subject_url}">
				<h3>{subject}</h3>
				<p><em>[聘]</em>{job_cate_value}</p>
			</a>
		</li>
	[/loop]
</ul>]]></item>
			<item id="sortid"><![CDATA[3]]></item>
			<item id="available"><![CDATA[1]]></item>
			<item id="required"><![CDATA[0]]></item>
			<item id="unchangeable"><![CDATA[0]]></item>
			<item id="search"><![CDATA[2]]></item>
			<item id="subjectshow"><![CDATA[1]]></item>
			<item id="tpdescription"><![CDATA[]]></item>
			<item id="ttdescription"><![CDATA[]]></item>
			<item id="tpexpiration"><![CDATA[0]]></item>
			<item id="ttexpiration"><![CDATA[0]]></item>
			<item id="__protect">
				<item id="usergroup"><![CDATA[]]></item>
				<item id="verify"><![CDATA[]]></item>
			</item>
			<item id="__rules">
				<item id="choices"><![CDATA[1=高中
2=技校
3=中专
4=大专
5=本科
6=硕士
7=博士]]></item>
			</item>
		</item>
		<item id="5">
			<item id="optionid"><![CDATA[56]]></item>
			<item id="classid"><![CDATA[3]]></item>
			<item id="displayorder"><![CDATA[0]]></item>
			<item id="expiration"><![CDATA[0]]></item>
			<item id="title"><![CDATA[工作经验]]></item>
			<item id="description"><![CDATA[]]></item>
			<item id="identifier"><![CDATA[job_exp]]></item>
			<item id="type"><![CDATA[radio]]></item>
			<item id="unit"><![CDATA[]]></item>
			<item id="permprompt"><![CDATA[]]></item>
			<item id="typeid"><![CDATA[3]]></item>
			<item id="name"><![CDATA[求职招聘]]></item>
			<item id="icon"><![CDATA[]]></item>
			<item id="special"><![CDATA[1]]></item>
			<item id="modelid"><![CDATA[0]]></item>
			<item id="template"><![CDATA[<div class="job_view cl">
    <div class="job_view_detail">
	<div class="job_view_tit">
		<em></em>
		<h1>{job_name_value}</h1>
		<h3>{job_company_name_value}</h3>
		<i></i>
	</div>
        <div class="job_view_content cl">
            <div class="job_view_cl">
            	<div class="job_view_salary">{job_wage_value}</div>
		<div class="job_view_address">{job_area_value}</div> 
		<div class="job_quali"><span>{job_edu}{job_edu_value}</span><em>|</em><span>{job_exp}{job_exp_value}</span><em>|</em><span>{job_num}{job_num_value}{job_num_unit}</span><em>|</em></div>    
            </div>
	    <div class="job_view_cr">
		<div class="job_apply">感兴趣 请联系我 {job_contactphone_value}</div>
	    </div>
        </div>
	<div class="job_view_temptation cl">{job_welfare_value}</div>
    </div>
</div>
<div class="jobviewinfo mt20">
	<div class="jobviewtit cl">
		<h2>{job_info}</h2>
	</div>
	<div class="jobviewc">
		{job_info_value}
	</div>
</div>
<div class="jobviewcompany mt20">
	<div class="jobviewtit cl">
		<h2>{job_company_desc}</h2>
	</div>
	<div class="jobviewc">
		{job_company_desc_value}
	</div>
</div>]]></item>
			<item id="stemplate"><![CDATA[<div class="job_list">
	<ul>
		[loop]
		<li class="cl">
			<a href="{subject_url}">
			<i><b>急</b></i>
			<div class="job_list_inner cl">
        			<div class="job_info">
            				<h3>{job_name_value}</h3>
                			<div class="job_condition">
						<span class="salary">{job_wage_value}</span>
						<em>|</em>
						<span>{job_area_value}</span>
						<em>|</em>
						<span>{job_edu_value}</span>
						<em>|</em>
						<span>{job_exp_value}</span>
					</div>
                			<div class="job_date">
						发布时间 : {dateline}
					</div>
            			</div>
            			<div class="company_info">
            				<div class="company_name">{job_company_name_value}</div>
                			<div class="job_field">{job_cate_value}</div>
                			<div class="job_temptation cl">{job_welfare_value}</div>
            			</div>
        		</div>
			</a>
		</li>
		[/loop]	
	</ul>
</div>]]></item>
			<item id="ptemplate"><![CDATA[]]></item>
			<item id="btemplate"><![CDATA[<ul>
	[loop]
		<li class="cl">
			<a href="{subject_url}">
				<h3>{subject}</h3>
				<p><em>[聘]</em>{job_cate_value}</p>
			</a>
		</li>
	[/loop]
</ul>]]></item>
			<item id="sortid"><![CDATA[3]]></item>
			<item id="available"><![CDATA[1]]></item>
			<item id="required"><![CDATA[0]]></item>
			<item id="unchangeable"><![CDATA[0]]></item>
			<item id="search"><![CDATA[2]]></item>
			<item id="subjectshow"><![CDATA[1]]></item>
			<item id="tpdescription"><![CDATA[]]></item>
			<item id="ttdescription"><![CDATA[]]></item>
			<item id="tpexpiration"><![CDATA[0]]></item>
			<item id="ttexpiration"><![CDATA[0]]></item>
			<item id="__protect">
				<item id="usergroup"><![CDATA[]]></item>
				<item id="verify"><![CDATA[]]></item>
			</item>
			<item id="__rules">
				<item id="choices"><![CDATA[1=1年以上
2=1-2年
3=3-5年
4=6-7年
5=8-10年
6=10年以上]]></item>
			</item>
		</item>
		<item id="6">
			<item id="optionid"><![CDATA[57]]></item>
			<item id="classid"><![CDATA[3]]></item>
			<item id="displayorder"><![CDATA[0]]></item>
			<item id="expiration"><![CDATA[0]]></item>
			<item id="title"><![CDATA[公司性质]]></item>
			<item id="description"><![CDATA[]]></item>
			<item id="identifier"><![CDATA[job_nature]]></item>
			<item id="type"><![CDATA[radio]]></item>
			<item id="unit"><![CDATA[]]></item>
			<item id="permprompt"><![CDATA[]]></item>
			<item id="typeid"><![CDATA[3]]></item>
			<item id="name"><![CDATA[求职招聘]]></item>
			<item id="icon"><![CDATA[]]></item>
			<item id="special"><![CDATA[1]]></item>
			<item id="modelid"><![CDATA[0]]></item>
			<item id="template"><![CDATA[<div class="job_view cl">
    <div class="job_view_detail">
	<div class="job_view_tit">
		<em></em>
		<h1>{job_name_value}</h1>
		<h3>{job_company_name_value}</h3>
		<i></i>
	</div>
        <div class="job_view_content cl">
            <div class="job_view_cl">
            	<div class="job_view_salary">{job_wage_value}</div>
		<div class="job_view_address">{job_area_value}</div> 
		<div class="job_quali"><span>{job_edu}{job_edu_value}</span><em>|</em><span>{job_exp}{job_exp_value}</span><em>|</em><span>{job_num}{job_num_value}{job_num_unit}</span><em>|</em></div>    
            </div>
	    <div class="job_view_cr">
		<div class="job_apply">感兴趣 请联系我 {job_contactphone_value}</div>
	    </div>
        </div>
	<div class="job_view_temptation cl">{job_welfare_value}</div>
    </div>
</div>
<div class="jobviewinfo mt20">
	<div class="jobviewtit cl">
		<h2>{job_info}</h2>
	</div>
	<div class="jobviewc">
		{job_info_value}
	</div>
</div>
<div class="jobviewcompany mt20">
	<div class="jobviewtit cl">
		<h2>{job_company_desc}</h2>
	</div>
	<div class="jobviewc">
		{job_company_desc_value}
	</div>
</div>]]></item>
			<item id="stemplate"><![CDATA[<div class="job_list">
	<ul>
		[loop]
		<li class="cl">
			<a href="{subject_url}">
			<i><b>急</b></i>
			<div class="job_list_inner cl">
        			<div class="job_info">
            				<h3>{job_name_value}</h3>
                			<div class="job_condition">
						<span class="salary">{job_wage_value}</span>
						<em>|</em>
						<span>{job_area_value}</span>
						<em>|</em>
						<span>{job_edu_value}</span>
						<em>|</em>
						<span>{job_exp_value}</span>
					</div>
                			<div class="job_date">
						发布时间 : {dateline}
					</div>
            			</div>
            			<div class="company_info">
            				<div class="company_name">{job_company_name_value}</div>
                			<div class="job_field">{job_cate_value}</div>
                			<div class="job_temptation cl">{job_welfare_value}</div>
            			</div>
        		</div>
			</a>
		</li>
		[/loop]	
	</ul>
</div>]]></item>
			<item id="ptemplate"><![CDATA[]]></item>
			<item id="btemplate"><![CDATA[<ul>
	[loop]
		<li class="cl">
			<a href="{subject_url}">
				<h3>{subject}</h3>
				<p><em>[聘]</em>{job_cate_value}</p>
			</a>
		</li>
	[/loop]
</ul>]]></item>
			<item id="sortid"><![CDATA[3]]></item>
			<item id="available"><![CDATA[1]]></item>
			<item id="required"><![CDATA[0]]></item>
			<item id="unchangeable"><![CDATA[0]]></item>
			<item id="search"><![CDATA[2]]></item>
			<item id="subjectshow"><![CDATA[1]]></item>
			<item id="tpdescription"><![CDATA[]]></item>
			<item id="ttdescription"><![CDATA[]]></item>
			<item id="tpexpiration"><![CDATA[0]]></item>
			<item id="ttexpiration"><![CDATA[0]]></item>
			<item id="__protect">
				<item id="usergroup"><![CDATA[]]></item>
				<item id="verify"><![CDATA[]]></item>
			</item>
			<item id="__rules">
				<item id="choices"><![CDATA[1=私营
2=国有
3=股份制
4=外商独资/办事处
5=中外合资/合作
6=上市公司
7=事业单位
8=政府机关
9=非营利机构
10=个人企业]]></item>
			</item>
		</item>
		<item id="7">
			<item id="optionid"><![CDATA[58]]></item>
			<item id="classid"><![CDATA[3]]></item>
			<item id="displayorder"><![CDATA[0]]></item>
			<item id="expiration"><![CDATA[0]]></item>
			<item id="title"><![CDATA[公司名称]]></item>
			<item id="description"><![CDATA[]]></item>
			<item id="identifier"><![CDATA[job_company_name]]></item>
			<item id="type"><![CDATA[text]]></item>
			<item id="unit"><![CDATA[]]></item>
			<item id="permprompt"><![CDATA[]]></item>
			<item id="typeid"><![CDATA[3]]></item>
			<item id="name"><![CDATA[求职招聘]]></item>
			<item id="icon"><![CDATA[]]></item>
			<item id="special"><![CDATA[1]]></item>
			<item id="modelid"><![CDATA[0]]></item>
			<item id="template"><![CDATA[<div class="job_view cl">
    <div class="job_view_detail">
	<div class="job_view_tit">
		<em></em>
		<h1>{job_name_value}</h1>
		<h3>{job_company_name_value}</h3>
		<i></i>
	</div>
        <div class="job_view_content cl">
            <div class="job_view_cl">
            	<div class="job_view_salary">{job_wage_value}</div>
		<div class="job_view_address">{job_area_value}</div> 
		<div class="job_quali"><span>{job_edu}{job_edu_value}</span><em>|</em><span>{job_exp}{job_exp_value}</span><em>|</em><span>{job_num}{job_num_value}{job_num_unit}</span><em>|</em></div>    
            </div>
	    <div class="job_view_cr">
		<div class="job_apply">感兴趣 请联系我 {job_contactphone_value}</div>
	    </div>
        </div>
	<div class="job_view_temptation cl">{job_welfare_value}</div>
    </div>
</div>
<div class="jobviewinfo mt20">
	<div class="jobviewtit cl">
		<h2>{job_info}</h2>
	</div>
	<div class="jobviewc">
		{job_info_value}
	</div>
</div>
<div class="jobviewcompany mt20">
	<div class="jobviewtit cl">
		<h2>{job_company_desc}</h2>
	</div>
	<div class="jobviewc">
		{job_company_desc_value}
	</div>
</div>]]></item>
			<item id="stemplate"><![CDATA[<div class="job_list">
	<ul>
		[loop]
		<li class="cl">
			<a href="{subject_url}">
			<i><b>急</b></i>
			<div class="job_list_inner cl">
        			<div class="job_info">
            				<h3>{job_name_value}</h3>
                			<div class="job_condition">
						<span class="salary">{job_wage_value}</span>
						<em>|</em>
						<span>{job_area_value}</span>
						<em>|</em>
						<span>{job_edu_value}</span>
						<em>|</em>
						<span>{job_exp_value}</span>
					</div>
                			<div class="job_date">
						发布时间 : {dateline}
					</div>
            			</div>
            			<div class="company_info">
            				<div class="company_name">{job_company_name_value}</div>
                			<div class="job_field">{job_cate_value}</div>
                			<div class="job_temptation cl">{job_welfare_value}</div>
            			</div>
        		</div>
			</a>
		</li>
		[/loop]	
	</ul>
</div>]]></item>
			<item id="ptemplate"><![CDATA[]]></item>
			<item id="btemplate"><![CDATA[<ul>
	[loop]
		<li class="cl">
			<a href="{subject_url}">
				<h3>{subject}</h3>
				<p><em>[聘]</em>{job_cate_value}</p>
			</a>
		</li>
	[/loop]
</ul>]]></item>
			<item id="sortid"><![CDATA[3]]></item>
			<item id="available"><![CDATA[1]]></item>
			<item id="required"><![CDATA[0]]></item>
			<item id="unchangeable"><![CDATA[0]]></item>
			<item id="search"><![CDATA[0]]></item>
			<item id="subjectshow"><![CDATA[1]]></item>
			<item id="tpdescription"><![CDATA[]]></item>
			<item id="ttdescription"><![CDATA[]]></item>
			<item id="tpexpiration"><![CDATA[0]]></item>
			<item id="ttexpiration"><![CDATA[0]]></item>
			<item id="__protect">
				<item id="status"><![CDATA[0]]></item>
				<item id="usergroup"><![CDATA[]]></item>
				<item id="verify"><![CDATA[]]></item>
			</item>
			<item id="__rules">
				<item id="maxlength"><![CDATA[]]></item>
				<item id="inputsize"><![CDATA[]]></item>
				<item id="profile"><![CDATA[]]></item>
				<item id="defaultvalue"><![CDATA[]]></item>
			</item>
		</item>
		<item id="8">
			<item id="optionid"><![CDATA[59]]></item>
			<item id="classid"><![CDATA[3]]></item>
			<item id="displayorder"><![CDATA[0]]></item>
			<item id="expiration"><![CDATA[0]]></item>
			<item id="protect"><![CDATA[]]></item>
			<item id="title"><![CDATA[公司地址]]></item>
			<item id="description"><![CDATA[]]></item>
			<item id="identifier"><![CDATA[job_company_address]]></item>
			<item id="type"><![CDATA[text]]></item>
			<item id="unit"><![CDATA[]]></item>
			<item id="rules"><![CDATA[]]></item>
			<item id="permprompt"><![CDATA[]]></item>
			<item id="typeid"><![CDATA[3]]></item>
			<item id="name"><![CDATA[求职招聘]]></item>
			<item id="icon"><![CDATA[]]></item>
			<item id="special"><![CDATA[1]]></item>
			<item id="modelid"><![CDATA[0]]></item>
			<item id="template"><![CDATA[<div class="job_view cl">
    <div class="job_view_detail">
	<div class="job_view_tit">
		<em></em>
		<h1>{job_name_value}</h1>
		<h3>{job_company_name_value}</h3>
		<i></i>
	</div>
        <div class="job_view_content cl">
            <div class="job_view_cl">
            	<div class="job_view_salary">{job_wage_value}</div>
		<div class="job_view_address">{job_area_value}</div> 
		<div class="job_quali"><span>{job_edu}{job_edu_value}</span><em>|</em><span>{job_exp}{job_exp_value}</span><em>|</em><span>{job_num}{job_num_value}{job_num_unit}</span><em>|</em></div>    
            </div>
	    <div class="job_view_cr">
		<div class="job_apply">感兴趣 请联系我 {job_contactphone_value}</div>
	    </div>
        </div>
	<div class="job_view_temptation cl">{job_welfare_value}</div>
    </div>
</div>
<div class="jobviewinfo mt20">
	<div class="jobviewtit cl">
		<h2>{job_info}</h2>
	</div>
	<div class="jobviewc">
		{job_info_value}
	</div>
</div>
<div class="jobviewcompany mt20">
	<div class="jobviewtit cl">
		<h2>{job_company_desc}</h2>
	</div>
	<div class="jobviewc">
		{job_company_desc_value}
	</div>
</div>]]></item>
			<item id="stemplate"><![CDATA[<div class="job_list">
	<ul>
		[loop]
		<li class="cl">
			<a href="{subject_url}">
			<i><b>急</b></i>
			<div class="job_list_inner cl">
        			<div class="job_info">
            				<h3>{job_name_value}</h3>
                			<div class="job_condition">
						<span class="salary">{job_wage_value}</span>
						<em>|</em>
						<span>{job_area_value}</span>
						<em>|</em>
						<span>{job_edu_value}</span>
						<em>|</em>
						<span>{job_exp_value}</span>
					</div>
                			<div class="job_date">
						发布时间 : {dateline}
					</div>
            			</div>
            			<div class="company_info">
            				<div class="company_name">{job_company_name_value}</div>
                			<div class="job_field">{job_cate_value}</div>
                			<div class="job_temptation cl">{job_welfare_value}</div>
            			</div>
        		</div>
			</a>
		</li>
		[/loop]	
	</ul>
</div>]]></item>
			<item id="ptemplate"><![CDATA[]]></item>
			<item id="btemplate"><![CDATA[<ul>
	[loop]
		<li class="cl">
			<a href="{subject_url}">
				<h3>{subject}</h3>
				<p><em>[聘]</em>{job_cate_value}</p>
			</a>
		</li>
	[/loop]
</ul>]]></item>
			<item id="sortid"><![CDATA[3]]></item>
			<item id="available"><![CDATA[1]]></item>
			<item id="required"><![CDATA[0]]></item>
			<item id="unchangeable"><![CDATA[0]]></item>
			<item id="search"><![CDATA[0]]></item>
			<item id="subjectshow"><![CDATA[1]]></item>
			<item id="tpdescription"><![CDATA[]]></item>
			<item id="ttdescription"><![CDATA[]]></item>
			<item id="tpexpiration"><![CDATA[0]]></item>
			<item id="ttexpiration"><![CDATA[0]]></item>
		</item>
		<item id="9">
			<item id="optionid"><![CDATA[60]]></item>
			<item id="classid"><![CDATA[3]]></item>
			<item id="displayorder"><![CDATA[0]]></item>
			<item id="expiration"><![CDATA[0]]></item>
			<item id="protect"><![CDATA[]]></item>
			<item id="title"><![CDATA[公司介绍]]></item>
			<item id="description"><![CDATA[]]></item>
			<item id="identifier"><![CDATA[job_company_desc]]></item>
			<item id="type"><![CDATA[textarea]]></item>
			<item id="unit"><![CDATA[]]></item>
			<item id="rules"><![CDATA[]]></item>
			<item id="permprompt"><![CDATA[]]></item>
			<item id="typeid"><![CDATA[3]]></item>
			<item id="name"><![CDATA[求职招聘]]></item>
			<item id="icon"><![CDATA[]]></item>
			<item id="special"><![CDATA[1]]></item>
			<item id="modelid"><![CDATA[0]]></item>
			<item id="template"><![CDATA[<div class="job_view cl">
    <div class="job_view_detail">
	<div class="job_view_tit">
		<em></em>
		<h1>{job_name_value}</h1>
		<h3>{job_company_name_value}</h3>
		<i></i>
	</div>
        <div class="job_view_content cl">
            <div class="job_view_cl">
            	<div class="job_view_salary">{job_wage_value}</div>
		<div class="job_view_address">{job_area_value}</div> 
		<div class="job_quali"><span>{job_edu}{job_edu_value}</span><em>|</em><span>{job_exp}{job_exp_value}</span><em>|</em><span>{job_num}{job_num_value}{job_num_unit}</span><em>|</em></div>    
            </div>
	    <div class="job_view_cr">
		<div class="job_apply">感兴趣 请联系我 {job_contactphone_value}</div>
	    </div>
        </div>
	<div class="job_view_temptation cl">{job_welfare_value}</div>
    </div>
</div>
<div class="jobviewinfo mt20">
	<div class="jobviewtit cl">
		<h2>{job_info}</h2>
	</div>
	<div class="jobviewc">
		{job_info_value}
	</div>
</div>
<div class="jobviewcompany mt20">
	<div class="jobviewtit cl">
		<h2>{job_company_desc}</h2>
	</div>
	<div class="jobviewc">
		{job_company_desc_value}
	</div>
</div>]]></item>
			<item id="stemplate"><![CDATA[<div class="job_list">
	<ul>
		[loop]
		<li class="cl">
			<a href="{subject_url}">
			<i><b>急</b></i>
			<div class="job_list_inner cl">
        			<div class="job_info">
            				<h3>{job_name_value}</h3>
                			<div class="job_condition">
						<span class="salary">{job_wage_value}</span>
						<em>|</em>
						<span>{job_area_value}</span>
						<em>|</em>
						<span>{job_edu_value}</span>
						<em>|</em>
						<span>{job_exp_value}</span>
					</div>
                			<div class="job_date">
						发布时间 : {dateline}
					</div>
            			</div>
            			<div class="company_info">
            				<div class="company_name">{job_company_name_value}</div>
                			<div class="job_field">{job_cate_value}</div>
                			<div class="job_temptation cl">{job_welfare_value}</div>
            			</div>
        		</div>
			</a>
		</li>
		[/loop]	
	</ul>
</div>]]></item>
			<item id="ptemplate"><![CDATA[]]></item>
			<item id="btemplate"><![CDATA[<ul>
	[loop]
		<li class="cl">
			<a href="{subject_url}">
				<h3>{subject}</h3>
				<p><em>[聘]</em>{job_cate_value}</p>
			</a>
		</li>
	[/loop]
</ul>]]></item>
			<item id="sortid"><![CDATA[3]]></item>
			<item id="available"><![CDATA[1]]></item>
			<item id="required"><![CDATA[0]]></item>
			<item id="unchangeable"><![CDATA[0]]></item>
			<item id="search"><![CDATA[0]]></item>
			<item id="subjectshow"><![CDATA[1]]></item>
			<item id="tpdescription"><![CDATA[]]></item>
			<item id="ttdescription"><![CDATA[]]></item>
			<item id="tpexpiration"><![CDATA[0]]></item>
			<item id="ttexpiration"><![CDATA[0]]></item>
		</item>
		<item id="10">
			<item id="optionid"><![CDATA[61]]></item>
			<item id="classid"><![CDATA[3]]></item>
			<item id="displayorder"><![CDATA[0]]></item>
			<item id="expiration"><![CDATA[0]]></item>
			<item id="protect"><![CDATA[]]></item>
			<item id="title"><![CDATA[职位描述]]></item>
			<item id="description"><![CDATA[]]></item>
			<item id="identifier"><![CDATA[job_info]]></item>
			<item id="type"><![CDATA[textarea]]></item>
			<item id="unit"><![CDATA[]]></item>
			<item id="rules"><![CDATA[]]></item>
			<item id="permprompt"><![CDATA[]]></item>
			<item id="typeid"><![CDATA[3]]></item>
			<item id="name"><![CDATA[求职招聘]]></item>
			<item id="icon"><![CDATA[]]></item>
			<item id="special"><![CDATA[1]]></item>
			<item id="modelid"><![CDATA[0]]></item>
			<item id="template"><![CDATA[<div class="job_view cl">
    <div class="job_view_detail">
	<div class="job_view_tit">
		<em></em>
		<h1>{job_name_value}</h1>
		<h3>{job_company_name_value}</h3>
		<i></i>
	</div>
        <div class="job_view_content cl">
            <div class="job_view_cl">
            	<div class="job_view_salary">{job_wage_value}</div>
		<div class="job_view_address">{job_area_value}</div> 
		<div class="job_quali"><span>{job_edu}{job_edu_value}</span><em>|</em><span>{job_exp}{job_exp_value}</span><em>|</em><span>{job_num}{job_num_value}{job_num_unit}</span><em>|</em></div>    
            </div>
	    <div class="job_view_cr">
		<div class="job_apply">感兴趣 请联系我 {job_contactphone_value}</div>
	    </div>
        </div>
	<div class="job_view_temptation cl">{job_welfare_value}</div>
    </div>
</div>
<div class="jobviewinfo mt20">
	<div class="jobviewtit cl">
		<h2>{job_info}</h2>
	</div>
	<div class="jobviewc">
		{job_info_value}
	</div>
</div>
<div class="jobviewcompany mt20">
	<div class="jobviewtit cl">
		<h2>{job_company_desc}</h2>
	</div>
	<div class="jobviewc">
		{job_company_desc_value}
	</div>
</div>]]></item>
			<item id="stemplate"><![CDATA[<div class="job_list">
	<ul>
		[loop]
		<li class="cl">
			<a href="{subject_url}">
			<i><b>急</b></i>
			<div class="job_list_inner cl">
        			<div class="job_info">
            				<h3>{job_name_value}</h3>
                			<div class="job_condition">
						<span class="salary">{job_wage_value}</span>
						<em>|</em>
						<span>{job_area_value}</span>
						<em>|</em>
						<span>{job_edu_value}</span>
						<em>|</em>
						<span>{job_exp_value}</span>
					</div>
                			<div class="job_date">
						发布时间 : {dateline}
					</div>
            			</div>
            			<div class="company_info">
            				<div class="company_name">{job_company_name_value}</div>
                			<div class="job_field">{job_cate_value}</div>
                			<div class="job_temptation cl">{job_welfare_value}</div>
            			</div>
        		</div>
			</a>
		</li>
		[/loop]	
	</ul>
</div>]]></item>
			<item id="ptemplate"><![CDATA[]]></item>
			<item id="btemplate"><![CDATA[<ul>
	[loop]
		<li class="cl">
			<a href="{subject_url}">
				<h3>{subject}</h3>
				<p><em>[聘]</em>{job_cate_value}</p>
			</a>
		</li>
	[/loop]
</ul>]]></item>
			<item id="sortid"><![CDATA[3]]></item>
			<item id="available"><![CDATA[1]]></item>
			<item id="required"><![CDATA[0]]></item>
			<item id="unchangeable"><![CDATA[0]]></item>
			<item id="search"><![CDATA[0]]></item>
			<item id="subjectshow"><![CDATA[1]]></item>
			<item id="tpdescription"><![CDATA[]]></item>
			<item id="ttdescription"><![CDATA[]]></item>
			<item id="tpexpiration"><![CDATA[0]]></item>
			<item id="ttexpiration"><![CDATA[0]]></item>
		</item>
		<item id="11">
			<item id="optionid"><![CDATA[62]]></item>
			<item id="classid"><![CDATA[3]]></item>
			<item id="displayorder"><![CDATA[0]]></item>
			<item id="expiration"><![CDATA[0]]></item>
			<item id="protect"><![CDATA[]]></item>
			<item id="title"><![CDATA[联系人]]></item>
			<item id="description"><![CDATA[]]></item>
			<item id="identifier"><![CDATA[job_contants]]></item>
			<item id="type"><![CDATA[text]]></item>
			<item id="unit"><![CDATA[]]></item>
			<item id="rules"><![CDATA[]]></item>
			<item id="permprompt"><![CDATA[]]></item>
			<item id="typeid"><![CDATA[3]]></item>
			<item id="name"><![CDATA[求职招聘]]></item>
			<item id="icon"><![CDATA[]]></item>
			<item id="special"><![CDATA[1]]></item>
			<item id="modelid"><![CDATA[0]]></item>
			<item id="template"><![CDATA[<div class="job_view cl">
    <div class="job_view_detail">
	<div class="job_view_tit">
		<em></em>
		<h1>{job_name_value}</h1>
		<h3>{job_company_name_value}</h3>
		<i></i>
	</div>
        <div class="job_view_content cl">
            <div class="job_view_cl">
            	<div class="job_view_salary">{job_wage_value}</div>
		<div class="job_view_address">{job_area_value}</div> 
		<div class="job_quali"><span>{job_edu}{job_edu_value}</span><em>|</em><span>{job_exp}{job_exp_value}</span><em>|</em><span>{job_num}{job_num_value}{job_num_unit}</span><em>|</em></div>    
            </div>
	    <div class="job_view_cr">
		<div class="job_apply">感兴趣 请联系我 {job_contactphone_value}</div>
	    </div>
        </div>
	<div class="job_view_temptation cl">{job_welfare_value}</div>
    </div>
</div>
<div class="jobviewinfo mt20">
	<div class="jobviewtit cl">
		<h2>{job_info}</h2>
	</div>
	<div class="jobviewc">
		{job_info_value}
	</div>
</div>
<div class="jobviewcompany mt20">
	<div class="jobviewtit cl">
		<h2>{job_company_desc}</h2>
	</div>
	<div class="jobviewc">
		{job_company_desc_value}
	</div>
</div>]]></item>
			<item id="stemplate"><![CDATA[<div class="job_list">
	<ul>
		[loop]
		<li class="cl">
			<a href="{subject_url}">
			<i><b>急</b></i>
			<div class="job_list_inner cl">
        			<div class="job_info">
            				<h3>{job_name_value}</h3>
                			<div class="job_condition">
						<span class="salary">{job_wage_value}</span>
						<em>|</em>
						<span>{job_area_value}</span>
						<em>|</em>
						<span>{job_edu_value}</span>
						<em>|</em>
						<span>{job_exp_value}</span>
					</div>
                			<div class="job_date">
						发布时间 : {dateline}
					</div>
            			</div>
            			<div class="company_info">
            				<div class="company_name">{job_company_name_value}</div>
                			<div class="job_field">{job_cate_value}</div>
                			<div class="job_temptation cl">{job_welfare_value}</div>
            			</div>
        		</div>
			</a>
		</li>
		[/loop]	
	</ul>
</div>]]></item>
			<item id="ptemplate"><![CDATA[]]></item>
			<item id="btemplate"><![CDATA[<ul>
	[loop]
		<li class="cl">
			<a href="{subject_url}">
				<h3>{subject}</h3>
				<p><em>[聘]</em>{job_cate_value}</p>
			</a>
		</li>
	[/loop]
</ul>]]></item>
			<item id="sortid"><![CDATA[3]]></item>
			<item id="available"><![CDATA[1]]></item>
			<item id="required"><![CDATA[0]]></item>
			<item id="unchangeable"><![CDATA[0]]></item>
			<item id="search"><![CDATA[0]]></item>
			<item id="subjectshow"><![CDATA[1]]></item>
			<item id="tpdescription"><![CDATA[]]></item>
			<item id="ttdescription"><![CDATA[]]></item>
			<item id="tpexpiration"><![CDATA[0]]></item>
			<item id="ttexpiration"><![CDATA[0]]></item>
		</item>
		<item id="12">
			<item id="optionid"><![CDATA[63]]></item>
			<item id="classid"><![CDATA[3]]></item>
			<item id="displayorder"><![CDATA[0]]></item>
			<item id="expiration"><![CDATA[0]]></item>
			<item id="title"><![CDATA[联系电话]]></item>
			<item id="description"><![CDATA[]]></item>
			<item id="identifier"><![CDATA[job_contactphone]]></item>
			<item id="type"><![CDATA[text]]></item>
			<item id="unit"><![CDATA[]]></item>
			<item id="permprompt"><![CDATA[<span class="cate_prompt">
提示 : 您所在的用户组无权查看此信息,联系管理员加入vip即可查看！
</span>]]></item>
			<item id="typeid"><![CDATA[3]]></item>
			<item id="name"><![CDATA[求职招聘]]></item>
			<item id="icon"><![CDATA[]]></item>
			<item id="special"><![CDATA[1]]></item>
			<item id="modelid"><![CDATA[0]]></item>
			<item id="template"><![CDATA[<div class="job_view cl">
    <div class="job_view_detail">
	<div class="job_view_tit">
		<em></em>
		<h1>{job_name_value}</h1>
		<h3>{job_company_name_value}</h3>
		<i></i>
	</div>
        <div class="job_view_content cl">
            <div class="job_view_cl">
            	<div class="job_view_salary">{job_wage_value}</div>
		<div class="job_view_address">{job_area_value}</div> 
		<div class="job_quali"><span>{job_edu}{job_edu_value}</span><em>|</em><span>{job_exp}{job_exp_value}</span><em>|</em><span>{job_num}{job_num_value}{job_num_unit}</span><em>|</em></div>    
            </div>
	    <div class="job_view_cr">
		<div class="job_apply">感兴趣 请联系我 {job_contactphone_value}</div>
	    </div>
        </div>
	<div class="job_view_temptation cl">{job_welfare_value}</div>
    </div>
</div>
<div class="jobviewinfo mt20">
	<div class="jobviewtit cl">
		<h2>{job_info}</h2>
	</div>
	<div class="jobviewc">
		{job_info_value}
	</div>
</div>
<div class="jobviewcompany mt20">
	<div class="jobviewtit cl">
		<h2>{job_company_desc}</h2>
	</div>
	<div class="jobviewc">
		{job_company_desc_value}
	</div>
</div>]]></item>
			<item id="stemplate"><![CDATA[<div class="job_list">
	<ul>
		[loop]
		<li class="cl">
			<a href="{subject_url}">
			<i><b>急</b></i>
			<div class="job_list_inner cl">
        			<div class="job_info">
            				<h3>{job_name_value}</h3>
                			<div class="job_condition">
						<span class="salary">{job_wage_value}</span>
						<em>|</em>
						<span>{job_area_value}</span>
						<em>|</em>
						<span>{job_edu_value}</span>
						<em>|</em>
						<span>{job_exp_value}</span>
					</div>
                			<div class="job_date">
						发布时间 : {dateline}
					</div>
            			</div>
            			<div class="company_info">
            				<div class="company_name">{job_company_name_value}</div>
                			<div class="job_field">{job_cate_value}</div>
                			<div class="job_temptation cl">{job_welfare_value}</div>
            			</div>
        		</div>
			</a>
		</li>
		[/loop]	
	</ul>
</div>]]></item>
			<item id="ptemplate"><![CDATA[]]></item>
			<item id="btemplate"><![CDATA[<ul>
	[loop]
		<li class="cl">
			<a href="{subject_url}">
				<h3>{subject}</h3>
				<p><em>[聘]</em>{job_cate_value}</p>
			</a>
		</li>
	[/loop]
</ul>]]></item>
			<item id="sortid"><![CDATA[3]]></item>
			<item id="available"><![CDATA[1]]></item>
			<item id="required"><![CDATA[0]]></item>
			<item id="unchangeable"><![CDATA[0]]></item>
			<item id="search"><![CDATA[0]]></item>
			<item id="subjectshow"><![CDATA[1]]></item>
			<item id="tpdescription"><![CDATA[]]></item>
			<item id="ttdescription"><![CDATA[]]></item>
			<item id="tpexpiration"><![CDATA[0]]></item>
			<item id="ttexpiration"><![CDATA[0]]></item>
			<item id="__protect">
				<item id="status"><![CDATA[1]]></item>
				<item id="mode"><![CDATA[2]]></item>
				<item id="usergroup"><![CDATA[11]]></item>
				<item id="verify"><![CDATA[]]></item>
			</item>
			<item id="__rules">
				<item id="maxlength"><![CDATA[]]></item>
				<item id="inputsize"><![CDATA[]]></item>
				<item id="profile"><![CDATA[]]></item>
				<item id="defaultvalue"><![CDATA[]]></item>
			</item>
		</item>
		<item id="13">
			<item id="optionid"><![CDATA[64]]></item>
			<item id="classid"><![CDATA[3]]></item>
			<item id="displayorder"><![CDATA[0]]></item>
			<item id="expiration"><![CDATA[0]]></item>
			<item id="title"><![CDATA[招聘人数]]></item>
			<item id="description"><![CDATA[]]></item>
			<item id="identifier"><![CDATA[job_num]]></item>
			<item id="type"><![CDATA[number]]></item>
			<item id="unit"><![CDATA[人]]></item>
			<item id="permprompt"><![CDATA[]]></item>
			<item id="typeid"><![CDATA[3]]></item>
			<item id="name"><![CDATA[求职招聘]]></item>
			<item id="icon"><![CDATA[]]></item>
			<item id="special"><![CDATA[1]]></item>
			<item id="modelid"><![CDATA[0]]></item>
			<item id="template"><![CDATA[<div class="job_view cl">
    <div class="job_view_detail">
	<div class="job_view_tit">
		<em></em>
		<h1>{job_name_value}</h1>
		<h3>{job_company_name_value}</h3>
		<i></i>
	</div>
        <div class="job_view_content cl">
            <div class="job_view_cl">
            	<div class="job_view_salary">{job_wage_value}</div>
		<div class="job_view_address">{job_area_value}</div> 
		<div class="job_quali"><span>{job_edu}{job_edu_value}</span><em>|</em><span>{job_exp}{job_exp_value}</span><em>|</em><span>{job_num}{job_num_value}{job_num_unit}</span><em>|</em></div>    
            </div>
	    <div class="job_view_cr">
		<div class="job_apply">感兴趣 请联系我 {job_contactphone_value}</div>
	    </div>
        </div>
	<div class="job_view_temptation cl">{job_welfare_value}</div>
    </div>
</div>
<div class="jobviewinfo mt20">
	<div class="jobviewtit cl">
		<h2>{job_info}</h2>
	</div>
	<div class="jobviewc">
		{job_info_value}
	</div>
</div>
<div class="jobviewcompany mt20">
	<div class="jobviewtit cl">
		<h2>{job_company_desc}</h2>
	</div>
	<div class="jobviewc">
		{job_company_desc_value}
	</div>
</div>]]></item>
			<item id="stemplate"><![CDATA[<div class="job_list">
	<ul>
		[loop]
		<li class="cl">
			<a href="{subject_url}">
			<i><b>急</b></i>
			<div class="job_list_inner cl">
        			<div class="job_info">
            				<h3>{job_name_value}</h3>
                			<div class="job_condition">
						<span class="salary">{job_wage_value}</span>
						<em>|</em>
						<span>{job_area_value}</span>
						<em>|</em>
						<span>{job_edu_value}</span>
						<em>|</em>
						<span>{job_exp_value}</span>
					</div>
                			<div class="job_date">
						发布时间 : {dateline}
					</div>
            			</div>
            			<div class="company_info">
            				<div class="company_name">{job_company_name_value}</div>
                			<div class="job_field">{job_cate_value}</div>
                			<div class="job_temptation cl">{job_welfare_value}</div>
            			</div>
        		</div>
			</a>
		</li>
		[/loop]	
	</ul>
</div>]]></item>
			<item id="ptemplate"><![CDATA[]]></item>
			<item id="btemplate"><![CDATA[<ul>
	[loop]
		<li class="cl">
			<a href="{subject_url}">
				<h3>{subject}</h3>
				<p><em>[聘]</em>{job_cate_value}</p>
			</a>
		</li>
	[/loop]
</ul>]]></item>
			<item id="sortid"><![CDATA[3]]></item>
			<item id="available"><![CDATA[1]]></item>
			<item id="required"><![CDATA[0]]></item>
			<item id="unchangeable"><![CDATA[0]]></item>
			<item id="search"><![CDATA[0]]></item>
			<item id="subjectshow"><![CDATA[1]]></item>
			<item id="tpdescription"><![CDATA[]]></item>
			<item id="ttdescription"><![CDATA[]]></item>
			<item id="tpexpiration"><![CDATA[0]]></item>
			<item id="ttexpiration"><![CDATA[0]]></item>
			<item id="__protect">
				<item id="status"><![CDATA[0]]></item>
				<item id="usergroup"><![CDATA[]]></item>
				<item id="verify"><![CDATA[]]></item>
			</item>
			<item id="__rules">
				<item id="maxnum"><![CDATA[]]></item>
				<item id="minnum"><![CDATA[]]></item>
				<item id="inputsize"><![CDATA[]]></item>
				<item id="defaultvalue"><![CDATA[]]></item>
			</item>
		</item>
		<item id="14">
			<item id="optionid"><![CDATA[65]]></item>
			<item id="classid"><![CDATA[3]]></item>
			<item id="displayorder"><![CDATA[0]]></item>
			<item id="expiration"><![CDATA[0]]></item>
			<item id="protect"><![CDATA[]]></item>
			<item id="title"><![CDATA[招聘岗位]]></item>
			<item id="description"><![CDATA[]]></item>
			<item id="identifier"><![CDATA[job_name]]></item>
			<item id="type"><![CDATA[text]]></item>
			<item id="unit"><![CDATA[]]></item>
			<item id="rules"><![CDATA[]]></item>
			<item id="permprompt"><![CDATA[]]></item>
			<item id="typeid"><![CDATA[3]]></item>
			<item id="name"><![CDATA[求职招聘]]></item>
			<item id="icon"><![CDATA[]]></item>
			<item id="special"><![CDATA[1]]></item>
			<item id="modelid"><![CDATA[0]]></item>
			<item id="template"><![CDATA[<div class="job_view cl">
    <div class="job_view_detail">
	<div class="job_view_tit">
		<em></em>
		<h1>{job_name_value}</h1>
		<h3>{job_company_name_value}</h3>
		<i></i>
	</div>
        <div class="job_view_content cl">
            <div class="job_view_cl">
            	<div class="job_view_salary">{job_wage_value}</div>
		<div class="job_view_address">{job_area_value}</div> 
		<div class="job_quali"><span>{job_edu}{job_edu_value}</span><em>|</em><span>{job_exp}{job_exp_value}</span><em>|</em><span>{job_num}{job_num_value}{job_num_unit}</span><em>|</em></div>    
            </div>
	    <div class="job_view_cr">
		<div class="job_apply">感兴趣 请联系我 {job_contactphone_value}</div>
	    </div>
        </div>
	<div class="job_view_temptation cl">{job_welfare_value}</div>
    </div>
</div>
<div class="jobviewinfo mt20">
	<div class="jobviewtit cl">
		<h2>{job_info}</h2>
	</div>
	<div class="jobviewc">
		{job_info_value}
	</div>
</div>
<div class="jobviewcompany mt20">
	<div class="jobviewtit cl">
		<h2>{job_company_desc}</h2>
	</div>
	<div class="jobviewc">
		{job_company_desc_value}
	</div>
</div>]]></item>
			<item id="stemplate"><![CDATA[<div class="job_list">
	<ul>
		[loop]
		<li class="cl">
			<a href="{subject_url}">
			<i><b>急</b></i>
			<div class="job_list_inner cl">
        			<div class="job_info">
            				<h3>{job_name_value}</h3>
                			<div class="job_condition">
						<span class="salary">{job_wage_value}</span>
						<em>|</em>
						<span>{job_area_value}</span>
						<em>|</em>
						<span>{job_edu_value}</span>
						<em>|</em>
						<span>{job_exp_value}</span>
					</div>
                			<div class="job_date">
						发布时间 : {dateline}
					</div>
            			</div>
            			<div class="company_info">
            				<div class="company_name">{job_company_name_value}</div>
                			<div class="job_field">{job_cate_value}</div>
                			<div class="job_temptation cl">{job_welfare_value}</div>
            			</div>
        		</div>
			</a>
		</li>
		[/loop]	
	</ul>
</div>]]></item>
			<item id="ptemplate"><![CDATA[]]></item>
			<item id="btemplate"><![CDATA[<ul>
	[loop]
		<li class="cl">
			<a href="{subject_url}">
				<h3>{subject}</h3>
				<p><em>[聘]</em>{job_cate_value}</p>
			</a>
		</li>
	[/loop]
</ul>]]></item>
			<item id="sortid"><![CDATA[3]]></item>
			<item id="available"><![CDATA[1]]></item>
			<item id="required"><![CDATA[1]]></item>
			<item id="unchangeable"><![CDATA[0]]></item>
			<item id="search"><![CDATA[0]]></item>
			<item id="subjectshow"><![CDATA[1]]></item>
			<item id="tpdescription"><![CDATA[]]></item>
			<item id="ttdescription"><![CDATA[]]></item>
			<item id="tpexpiration"><![CDATA[0]]></item>
			<item id="ttexpiration"><![CDATA[0]]></item>
		</item>
	</item>
</root>
