<?xml version="1.0" encoding="ISO-8859-1"?>
<root>
	<item id="Title"><![CDATA[Discuz! Plugin]]></item>
	<item id="Version"><![CDATA[X3.2]]></item>
	<item id="Time"><![CDATA[2018-10-29 08:37]]></item>
	<item id="From"><![CDATA[DisM!应用中心 (http://localhost/gbk32/)]]></item>
	<item id="Data">
		<item id="plugin">
			<item id="available"><![CDATA[1]]></item>
			<item id="adminid"><![CDATA[1]]></item>
			<item id="name"><![CDATA[W!培训课程网盘出售]]></item>
			<item id="identifier"><![CDATA[wic_education_netdisc]]></item>
			<item id="description"><![CDATA[]]></item>
			<item id="datatables"><![CDATA[]]></item>
			<item id="directory"><![CDATA[wic_education_netdisc/]]></item>
			<item id="copyright"><![CDATA[DisM!应用中心(dism.taobao.com)]]></item>
			<item id="version"><![CDATA[1.0]]></item>
			<item id="__modules">
				<item id="0">
					<item id="name"><![CDATA[hook]]></item>
					<item id="param"><![CDATA[]]></item>
					<item id="menu"><![CDATA[]]></item>
					<item id="url"><![CDATA[]]></item>
					<item id="type"><![CDATA[28]]></item>
					<item id="adminid"><![CDATA[0]]></item>
					<item id="displayorder"><![CDATA[0]]></item>
					<item id="navtitle"><![CDATA[]]></item>
					<item id="navicon"><![CDATA[]]></item>
					<item id="navsubname"><![CDATA[]]></item>
					<item id="navsuburl"><![CDATA[]]></item>
				</item>
				<item id="1">
					<item id="name"><![CDATA[hook]]></item>
					<item id="param"><![CDATA[]]></item>
					<item id="menu"><![CDATA[]]></item>
					<item id="url"><![CDATA[]]></item>
					<item id="type"><![CDATA[11]]></item>
					<item id="adminid"><![CDATA[0]]></item>
					<item id="displayorder"><![CDATA[0]]></item>
					<item id="navtitle"><![CDATA[]]></item>
					<item id="navicon"><![CDATA[]]></item>
					<item id="navsubname"><![CDATA[]]></item>
					<item id="navsuburl"><![CDATA[]]></item>
				</item>
			</item>
		</item>
		<item id="version"><![CDATA[X3,X3.1,X3.2,X3.3,X3.4,F1.0]]></item>
		<item id="var">
			<item id="0">
				<item id="displayorder"><![CDATA[0]]></item>
				<item id="title"><![CDATA[免积分用户组]]></item>
				<item id="description"><![CDATA[]]></item>
				<item id="variable"><![CDATA[wic_usergroups]]></item>
				<item id="type"><![CDATA[groups]]></item>
				<item id="extra"><![CDATA[]]></item>
				<item id="__value">
					<item id="0"><![CDATA[1]]></item>
				</item>
			</item>
			<item id="1">
				<item id="displayorder"><![CDATA[0]]></item>
				<item id="title"><![CDATA[课程培训分类信息id]]></item>
				<item id="description"><![CDATA[]]></item>
				<item id="variable"><![CDATA[wic_education_id]]></item>
				<item id="type"><![CDATA[text]]></item>
				<item id="value"><![CDATA[11]]></item>
				<item id="extra"><![CDATA[]]></item>
			</item>
			<item id="2">
				<item id="displayorder"><![CDATA[0]]></item>
				<item id="title"><![CDATA[出售所用积分类型]]></item>
				<item id="description"><![CDATA[]]></item>
				<item id="variable"><![CDATA[wic_sale_credit_type]]></item>
				<item id="type"><![CDATA[extcredit]]></item>
				<item id="value"><![CDATA[2]]></item>
				<item id="extra"><![CDATA[]]></item>
			</item>
			<item id="3">
				<item id="displayorder"><![CDATA[0]]></item>
				<item id="title"><![CDATA[积分充值链接]]></item>
				<item id="description"><![CDATA[]]></item>
				<item id="variable"><![CDATA[wic_credit_recharge_url]]></item>
				<item id="type"><![CDATA[text]]></item>
				<item id="value"><![CDATA[home.php?mod=spacecp&ac=credit&op=buy]]></item>
				<item id="extra"><![CDATA[]]></item>
			</item>
		</item>
		<item id="language">
			<item id="scriptlang">
				<item id="buy_now"><![CDATA[立即购买]]></item>
				<item id="click_download"><![CDATA[点击下载]]></item>
				<item id="illegal_submission"><![CDATA[非法提交]]></item>
				<item id="notenough_recharge"><![CDATA[{credit_name}不够,{recharge_url}]]></item>
				<item id="recharge_immediately"><![CDATA[点击立即充值]]></item>
				<item id="buy_success"><![CDATA[购买成功]]></item>
				<item id="price_error"><![CDATA[价格信息错误]]></item>
				<item id="look_after_buy"><![CDATA[购买后方可查看]]></item>
			</item>
			<item id="templatelang">
				<item id="english"><![CDATA[chinese]]></item>
			</item>
			<item id="installlang">
				<item id="english"><![CDATA[chinese]]></item>
			</item>
		</item>
		<item id="installfile"><![CDATA[install.php]]></item>
		<item id="uninstallfile"><![CDATA[uninstall.php]]></item>
	</item>
</root>