﻿<?xml version="1.0" encoding="ISO-8859-1"?>
<root>
	<item id="Title"><![CDATA[Discuz! Plugin]]></item>
	<item id="Version"><![CDATA[X3,X3.1,X3.2,X3.3,X3.4,F1.0,L1.0]]></item>
	<item id="Time"><![CDATA[2020-01-03 08:02]]></item>
	<item id="From"><![CDATA[DisM!应用中心 (https://dism.taobao.com/)]]></item>
	<item id="Data">
		<item id="plugin">
			<item id="available"><![CDATA[1]]></item>
			<item id="adminid"><![CDATA[1]]></item>
			<item id="name"><![CDATA[头条模板控制插件]]></item>
			<item id="identifier"><![CDATA[xlmm_tt]]></item>
			<item id="description"><![CDATA[]]></item>
			<item id="datatables"><![CDATA[]]></item>
			<item id="directory"><![CDATA[xlmm_tt/]]></item>
			<item id="copyright"><![CDATA[DisM!应用中心(dism.taobao.com)]]></item>
			<item id="version"><![CDATA[15]]></item>
			<item id="__modules">
				<item id="0">
					<item id="name"><![CDATA[tt]]></item>
					<item id="param"><![CDATA[]]></item>
					<item id="menu"><![CDATA[]]></item>
					<item id="url"><![CDATA[]]></item>
					<item id="type"><![CDATA[11]]></item>
					<item id="adminid"><![CDATA[0]]></item>
					<item id="displayorder"><![CDATA[0]]></item>
					<item id="navtitle"><![CDATA[]]></item>
					<item id="navicon"><![CDATA[]]></item>
					<item id="navsubname"><![CDATA[]]></item>
					<item id="navsuburl"><![CDATA[]]></item>
				</item>
				<item id="1">
					<item id="name"><![CDATA[video]]></item>
					<item id="param"><![CDATA[]]></item>
					<item id="menu"><![CDATA[]]></item>
					<item id="url"><![CDATA[]]></item>
					<item id="type"><![CDATA[28]]></item>
					<item id="adminid"><![CDATA[0]]></item>
					<item id="displayorder"><![CDATA[0]]></item>
					<item id="navtitle"><![CDATA[]]></item>
					<item id="navicon"><![CDATA[]]></item>
					<item id="navsubname"><![CDATA[]]></item>
					<item id="navsuburl"><![CDATA[]]></item>
				</item>
			</item>
		</item>
		<item id="version"><![CDATA[X3,X3.1,X3.2,X3.3,X3.4,F1.0,L1.0]]></item>
		<item id="var">
			<item id="0">
				<item id="displayorder"><![CDATA[0]]></item>
				<item id="title"><![CDATA[首页调用每页显示条数]]></item>
				<item id="description"><![CDATA[门户首页调用每页显示条数，默认每页调用10条数据。]]></item>
				<item id="variable"><![CDATA[tiaoshu]]></item>
				<item id="type"><![CDATA[number]]></item>
				<item id="value"><![CDATA[10]]></item>
				<item id="extra"><![CDATA[]]></item>
			</item>
			<item id="1">
				<item id="displayorder"><![CDATA[0]]></item>
				<item id="title"><![CDATA[门户首页调用数据类型]]></item>
				<item id="description"><![CDATA[帖子主题为调用论坛帖子，门户文章为调用门户频道文章，DIY调用为前台设置，关闭为不调用，此设置电脑版手机版皆有效。]]></item>
				<item id="variable"><![CDATA[diaoyont]]></item>
				<item id="type"><![CDATA[select]]></item>
				<item id="value"><![CDATA[2]]></item>
				<item id="extra"><![CDATA[1=帖子主题
2=门户文章
3=通过DIY调用
4=关闭]]></item>
			</item>
			<item id="2">
				<item id="displayorder"><![CDATA[0]]></item>
				<item id="title"><![CDATA[首页DIY调用模块id]]></item>
				<item id="description"><![CDATA[调用类型选择DIY调用数据时有效，本设置可以算得上是强大的数据调用功能，可直接通过diy设置首页下拉无限加载数据调用，可接受推送数据等，请参考使用说明或联系作者协助设置]]></item>
				<item id="variable"><![CDATA[ttbid]]></item>
				<item id="type"><![CDATA[number]]></item>
				<item id="value"><![CDATA[1192]]></item>
				<item id="extra"><![CDATA[]]></item>
			</item>
			<item id="3">
				<item id="displayorder"><![CDATA[1]]></item>
				<item id="title"><![CDATA[头部天气预报]]></item>
				<item id="description"><![CDATA[留空则不显示]]></item>
				<item id="variable"><![CDATA[xlmmtq]]></item>
				<item id="type"><![CDATA[textarea]]></item>
				<item id="value"><![CDATA[				<li class="tb-item" style="padding-top:3px; border-left:0"><iframe width="145" scrolling="no" height="20" frameborder="0" allowtransparency="true" src="http://i.tianqi.com/index.php?c=code&id=1&color=%23FFFFFF&icon=1&wind=1&num=1"></iframe></li>
]]></item>
				<item id="extra"><![CDATA[]]></item>
			</item>
			<item id="4">
				<item id="displayorder"><![CDATA[2]]></item>
				<item id="title"><![CDATA[头条左侧导航调用方式]]></item>
				<item id="description"><![CDATA[若选择自动调用主导航，会多出diy的导航模块，通过diy删除它即可]]></item>
				<item id="variable"><![CDATA[xlmmttnav]]></item>
				<item id="type"><![CDATA[select]]></item>
				<item id="value"><![CDATA[2]]></item>
				<item id="extra"><![CDATA[1=自动调用主导航
2=diy自定义]]></item>
			</item>
			<item id="5">
				<item id="displayorder"><![CDATA[3]]></item>
				<item id="title"><![CDATA[文章列表调用图片类型]]></item>
				<item id="description"><![CDATA[请注意，若选择调用附件封面图片，必须正规上传的图片才有效。此设置仅在调用文章时有效]]></item>
				<item id="variable"><![CDATA[xlmmttslt]]></item>
				<item id="type"><![CDATA[select]]></item>
				<item id="value"><![CDATA[3]]></item>
				<item id="extra"><![CDATA[1=调用带外链图片的原图
2=调用带外链图片的缩略图
3=调用附件原图
4=调用附件封面图片]]></item>
			</item>
			<item id="6">
				<item id="displayorder"><![CDATA[4]]></item>
				<item id="title"><![CDATA[使用头条列表的版块]]></item>
				<item id="description"><![CDATA[选择哪些版块使用头条列表样式，选择后，该版块的帖子内容页将使用头条内页样式。有一点请注意，由于头条列表布局需要，列表的第三方插件可能会无法使用]]></item>
				<item id="variable"><![CDATA[xlmmttlb]]></item>
				<item id="type"><![CDATA[forums]]></item>
				<item id="extra"><![CDATA[]]></item>
				<item id="__value">
					<item id="0"><![CDATA[2]]></item>
				</item>
			</item>
			<item id="7">
				<item id="displayorder"><![CDATA[5]]></item>
				<item id="title"><![CDATA[首页右侧登录前代码]]></item>
				<item id="description"><![CDATA[]]></item>
				<item id="variable"><![CDATA[xlmmsydl]]></item>
				<item id="type"><![CDATA[textarea]]></item>
				<item id="value"><![CDATA[	<div class="login inner">
			<p class="login-msg">
    登录后您可以发帖、回帖、评分和收藏，体验炫酷特权，免费发布信息。
			</p>
			<a href="member.php?mod=logging&amp;action=login"><button class="login-button">登录</button></a>
			<div class="third-login">
				<a href="./" class="sns weibo"><span>微博</span></a>
				<a href="./" class="sns qq"><span>QQ</span></a>
				<a href="./" class="sns weixin"><span>微信</span></a>
			</div>
		</div>
]]></item>
				<item id="extra"><![CDATA[]]></item>
			</item>
			<item id="8">
				<item id="displayorder"><![CDATA[6]]></item>
				<item id="title"><![CDATA[使用视频列表的版块]]></item>
				<item id="description"><![CDATA[需安装插件https://dism.taobao.com/?@xlmm_kz.plugin]]></item>
				<item id="variable"><![CDATA[xlmmsplb]]></item>
				<item id="type"><![CDATA[forums]]></item>
				<item id="extra"><![CDATA[]]></item>
				<item id="__value">
					<item id="0"><![CDATA[]]></item>
				</item>
			</item>
			<item id="9">
				<item id="displayorder"><![CDATA[7]]></item>
				<item id="title"><![CDATA[电脑版回顶部菜单]]></item>
				<item id="description"><![CDATA[]]></item>
				<item id="variable"><![CDATA[xlmmpctop]]></item>
				<item id="type"><![CDATA[select]]></item>
				<item id="value"><![CDATA[2]]></item>
				<item id="extra"><![CDATA[1=带二维码样式
2=今日头条回顶部样式]]></item>
			</item>
			<item id="10">
				<item id="displayorder"><![CDATA[8]]></item>
				<item id="title"><![CDATA[头条回顶部样式代码]]></item>
				<item id="description"><![CDATA[回顶部样式选择的今日头条回顶部样式时有效]]></item>
				<item id="variable"><![CDATA[xlmmtopc]]></item>
				<item id="type"><![CDATA[textarea]]></item>
				<item id="value"><![CDATA[<ul class="toolbar">
 <li class="tool-item report-item"><a href="javascript:;"  onclick="showWindow('miscreport', 'misc.php?mod=report&url='+REPORTURL);return false;"><img src="template/xlmm_zx/image/xlmmjb.png"> <span>网上有害信息举报</span></a></li>
  <li class="tool-item"><a title="刷新" onclick="window.location.href=window.location.href;"><i style="font-size: 26px; color: rgb(255, 255, 255);">&#8635;</i></a></li>
   <li id="iGo2Top" class="tool-item" style="display:none;"><a title="返回顶部" href="javascript:void(0);"><i style="font-size: 18px; font-weight:700; color: rgb(255, 255, 255);">︿</i></a></li>
  </ul>
]]></item>
				<item id="extra"><![CDATA[]]></item>
			</item>
			<item id="11">
				<item id="displayorder"><![CDATA[11]]></item>
				<item id="title"><![CDATA[手机版默认首页]]></item>
				<item id="description"><![CDATA[设置手机版的默认首页，选择门户时调用文章，导读调用帖子，社区以版块做首页]]></item>
				<item id="variable"><![CDATA[mhome]]></item>
				<item id="type"><![CDATA[select]]></item>
				<item id="value"><![CDATA[1]]></item>
				<item id="extra"><![CDATA[1=门户
2=导读
3=社区]]></item>
			</item>
			<item id="12">
				<item id="displayorder"><![CDATA[12]]></item>
				<item id="title"><![CDATA[手机版首页轮播图]]></item>
				<item id="description"><![CDATA[请先备份代码再修改，留空则不显示]]></item>
				<item id="variable"><![CDATA[slides]]></item>
				<item id="type"><![CDATA[textarea]]></item>
				<item id="value"><![CDATA[<section class="xlmmswsh swiper-container">
<ul class="swiper-wrapper" >
	<li class="swiper-slide">
	<a href="./"><img class="img_width" src="template/xlmm_zx/m-img/ad/1.jpg" >
	<h2 class="swiper-slide_cite"><em class="swiper-slide_tit">新闻标题1</em></h2>
	</a></li>
	<li class="swiper-slide">
	<a href="./"><img class="img_width" src="template/xlmm_zx/m-img/ad/2.jpg" >
	<h2 class="swiper-slide_cite"><em class="swiper-slide_tit">新闻标题2</em></h2>
	</a></li>
	<li class="swiper-slide">
	<a href="./"><img class="img_width" src="template/xlmm_zx/m-img/ad/3.jpg" >
	<h2 class="swiper-slide_cite"><em class="swiper-slide_tit">新闻标题3</em></h2>
	</a></li>
	<li class="swiper-slide">
	<a href="./"><img class="img_width" src="template/xlmm_zx/m-img/ad/4.jpg" >
	<h2 class="swiper-slide_cite"><em class="swiper-slide_tit">新闻标题4</em></h2>
	</a></li>
	<li class="swiper-slide">
	<a href="./"><img class="img_width" src="template/xlmm_zx/m-img/ad/5.jpg" >
	<h2 class="swiper-slide_cite"><em class="swiper-slide_tit">新闻标题5</em></h2>
	</a></li>
</ul>
<aside class="swiper-pagination swiper-slide_num"></aside>
</section>

 <script>
    var xlmmswsh = new Swiper('.xlmmswsh', {
       autoplay: {
           loop: true,
           delay: 3000,
   },
     pagination: {
        el: '.swiper-pagination',
        type: 'fraction',
      },
    });
  </script>
]]></item>
				<item id="extra"><![CDATA[]]></item>
			</item>
			<item id="13">
				<item id="displayorder"><![CDATA[13]]></item>
				<item id="title"><![CDATA[手机版首页图标导航]]></item>
				<item id="description"><![CDATA[请先备份代码再修改，留空则不显示]]></item>
				<item id="variable"><![CDATA[xlmmnav]]></item>
				<item id="type"><![CDATA[textarea]]></item>
				<item id="value"><![CDATA[             <div id="guide_banner">
                                        <a class="guide_banner_item link" href="#"><img src="template/xlmm_zx/m-img/01.png"/> <em>自定义</em></a>
                                        <a class="guide_banner_item link" href="#"><img src="template/xlmm_zx/m-img/02.png"/> <em>自定义</em></a>
                                        <a class="guide_banner_item link" href="#"><img src="template/xlmm_zx/m-img/03.png"/> <em>自定义</em></a>
                                        <a class="guide_banner_item link" href="#"><img src="template/xlmm_zx/m-img/04.png"/> <em>自定义</em></a>
                                    </div>
]]></item>
				<item id="extra"><![CDATA[]]></item>
			</item>
			<item id="14">
				<item id="displayorder"><![CDATA[14]]></item>
				<item id="title"><![CDATA[手机版首页顶部导航]]></item>
				<item id="description"><![CDATA[]]></item>
				<item id="variable"><![CDATA[xlmmzdh]]></item>
				<item id="type"><![CDATA[textarea]]></item>
				<item id="value"><![CDATA[<div style="padding-right:45px;border-bottom: 1px solid #f0f0f0; position:relative;">
<div class="menu-container swhotabs">
<ul class="swiper-wrapper">
<li class="swiper-slide a"><a href="portal.php?mod=portal"  class="xlmmtsnav">首页</a></li>
<li class="swiper-slide"><a href="forum.php?mod=forumdisplay&fid=39"  class="xlmmtsnav">视频</a></li>
<li class="swiper-slide"><a href="portal.php?mod=list&catid=1"  class="xlmmtsnav">资讯</a></li>
<li class="swiper-slide"><a href="forum.php?forumlist=1"  class="xlmmtsnav">论坛</a></li>
<li class="swiper-slide"><a href="#"  class="xlmmtsnav">自定</a></li>
<li class="swiper-slide"><a href="#"  class="xlmmtsnav">自定</a></li>
<li class="swiper-slide"><a href="#"  class="xlmmtsnav">自定</a></li>
</ul>
</div>
<div class="channel-mgr-wrapper"><a href="forum.php?forumlist=2" id="channel_mgr"></a></div>
</div>
]]></item>
				<item id="extra"><![CDATA[]]></item>
			</item>
			<item id="15">
				<item id="displayorder"><![CDATA[15]]></item>
				<item id="title"><![CDATA[手机版主题列表图文 ...]]></item>
				<item id="description"><![CDATA[主题列表页缩略图与摘要的显示方式]]></item>
				<item id="variable"><![CDATA[xlmmlby]]></item>
				<item id="type"><![CDATA[select]]></item>
				<item id="value"><![CDATA[1]]></item>
				<item id="extra"><![CDATA[1=图文显示
2=只显示摘要
3=只显示图片]]></item>
			</item>
			<item id="16">
				<item id="displayorder"><![CDATA[16]]></item>
				<item id="title"><![CDATA[手机版显示开屏界面]]></item>
				<item id="description"><![CDATA[]]></item>
				<item id="variable"><![CDATA[xlmmkp]]></item>
				<item id="type"><![CDATA[radio]]></item>
				<item id="value"><![CDATA[1]]></item>
				<item id="extra"><![CDATA[]]></item>
			</item>
			<item id="17">
				<item id="displayorder"><![CDATA[17]]></item>
				<item id="title"><![CDATA[开屏界面代码]]></item>
				<item id="description"><![CDATA[]]></item>
				<item id="variable"><![CDATA[xlmmkpdm]]></item>
				<item id="type"><![CDATA[textarea]]></item>
				<item id="value"><![CDATA[<i class="xlmmappdjs_img">
<img src="template/xlmm_zx/m-img/appb.jpg"></i>
<i class="xlmmappdjs_logo">
<img src="template/xlmm_zx/m-img/apps.png">
<h2>www.junmi360.com 版权所有</h2></i>]]></item>
				<item id="extra"><![CDATA[]]></item>
			</item>
			<item id="18">
				<item id="displayorder"><![CDATA[18]]></item>
				<item id="title"><![CDATA[手机版是否启用配色]]></item>
				<item id="description"><![CDATA[]]></item>
				<item id="variable"><![CDATA[xlmmps]]></item>
				<item id="type"><![CDATA[radio]]></item>
				<item id="value"><![CDATA[1]]></item>
				<item id="extra"><![CDATA[]]></item>
			</item>
			<item id="19">
				<item id="displayorder"><![CDATA[19]]></item>
				<item id="title"><![CDATA[屏蔽门户文章的id]]></item>
				<item id="description"><![CDATA[不在首页调用的频道文章]]></item>
				<item id="variable"><![CDATA[xlmmaid]]></item>
				<item id="type"><![CDATA[text]]></item>
				<item id="value"><![CDATA[0]]></item>
				<item id="extra"><![CDATA[]]></item>
			</item>
			<item id="20">
				<item id="displayorder"><![CDATA[20]]></item>
				<item id="title"><![CDATA[手机版配色选择]]></item>
				<item id="description"><![CDATA[]]></item>
				<item id="variable"><![CDATA[xlmmcol]]></item>
				<item id="type"><![CDATA[color]]></item>
				<item id="value"><![CDATA[#d43d3d]]></item>
				<item id="extra"><![CDATA[]]></item>
			</item>
			<item id="21">
				<item id="displayorder"><![CDATA[21]]></item>
				<item id="title"><![CDATA[屏蔽门户频道的id]]></item>
				<item id="description"><![CDATA[不在首页自动调用的门户频道id，多个用英文逗号隔开，如1,3,4。格式请一定要填写正确，切勿留空。]]></item>
				<item id="variable"><![CDATA[xlmmcatid]]></item>
				<item id="type"><![CDATA[text]]></item>
				<item id="value"><![CDATA[0]]></item>
				<item id="extra"><![CDATA[]]></item>
			</item>
			<item id="22">
				<item id="displayorder"><![CDATA[22]]></item>
				<item id="title"><![CDATA[屏蔽版块的id]]></item>
				<item id="description"><![CDATA[不在首页自动调用的版块id，多个用英文逗号隔开，如1,3,4。格式请一定要填写正确，切勿留空。]]></item>
				<item id="variable"><![CDATA[xlmmfid]]></item>
				<item id="type"><![CDATA[text]]></item>
				<item id="value"><![CDATA[0]]></item>
				<item id="extra"><![CDATA[]]></item>
			</item>
			<item id="23">
				<item id="displayorder"><![CDATA[23]]></item>
				<item id="title"><![CDATA[屏蔽帖子id]]></item>
				<item id="description"><![CDATA[不在首页自动调用的帖子id]]></item>
				<item id="variable"><![CDATA[xlmmtid]]></item>
				<item id="type"><![CDATA[text]]></item>
				<item id="value"><![CDATA[0]]></item>
				<item id="extra"><![CDATA[]]></item>
			</item>
			<item id="24">
				<item id="displayorder"><![CDATA[24]]></item>
				<item id="title"><![CDATA[首页帖子排序方式]]></item>
				<item id="description"><![CDATA[]]></item>
				<item id="variable"><![CDATA[xlmmtzpx]]></item>
				<item id="type"><![CDATA[select]]></item>
				<item id="value"><![CDATA[1]]></item>
				<item id="extra"><![CDATA[1=最后回复
2=发布时间
3=查看数
4=回复数
5=精华]]></item>
			</item>
			<item id="25">
				<item id="displayorder"><![CDATA[25]]></item>
				<item id="title"><![CDATA[手机版多图显示条件]]></item>
				<item id="description"><![CDATA[手机版头条列表文章图片在大于多少张时显示多张图片，默认为2，请不要小于这个数值。]]></item>
				<item id="variable"><![CDATA[xlmmmduotu]]></item>
				<item id="type"><![CDATA[number]]></item>
				<item id="value"><![CDATA[2]]></item>
				<item id="extra"><![CDATA[]]></item>
			</item>
			<item id="26">
				<item id="displayorder"><![CDATA[26]]></item>
				<item id="title"><![CDATA[电脑版多图显示条件]]></item>
				<item id="description"><![CDATA[电脑版头条列表文章图片在大于多少张时显示多张图片，默认为3，请不要小于这个数值。]]></item>
				<item id="variable"><![CDATA[xlmmduotu]]></item>
				<item id="type"><![CDATA[number]]></item>
				<item id="value"><![CDATA[3]]></item>
				<item id="extra"><![CDATA[]]></item>
			</item>
			<item id="27">
				<item id="displayorder"><![CDATA[27]]></item>
				<item id="title"><![CDATA[是否过滤无图主题]]></item>
				<item id="description"><![CDATA[选择是则没有图片附件的主题或文章将不在首页自动调用]]></item>
				<item id="variable"><![CDATA[xlmmwtp]]></item>
				<item id="type"><![CDATA[select]]></item>
				<item id="value"><![CDATA[2]]></item>
				<item id="extra"><![CDATA[1=是
2=否]]></item>
			</item>
			<item id="28">
				<item id="displayorder"><![CDATA[28]]></item>
				<item id="title"><![CDATA[是否引导下载app]]></item>
				<item id="description"><![CDATA[]]></item>
				<item id="variable"><![CDATA[xlmmtapp]]></item>
				<item id="type"><![CDATA[radio]]></item>
				<item id="value"><![CDATA[0]]></item>
				<item id="extra"><![CDATA[]]></item>
			</item>
			<item id="29">
				<item id="displayorder"><![CDATA[29]]></item>
				<item id="title"><![CDATA[手机版开屏动画时间]]></item>
				<item id="description"><![CDATA[默认10秒]]></item>
				<item id="variable"><![CDATA[xlmmmstime]]></item>
				<item id="type"><![CDATA[number]]></item>
				<item id="value"><![CDATA[10]]></item>
				<item id="extra"><![CDATA[]]></item>
			</item>
			<item id="30">
				<item id="displayorder"><![CDATA[30]]></item>
				<item id="title"><![CDATA[APP的链接]]></item>
				<item id="description"><![CDATA[]]></item>
				<item id="variable"><![CDATA[xlmmappurl]]></item>
				<item id="type"><![CDATA[text]]></item>
				<item id="value"><![CDATA[./]]></item>
				<item id="extra"><![CDATA[]]></item>
			</item>
			<item id="31">
				<item id="displayorder"><![CDATA[31]]></item>
				<item id="title"><![CDATA[手机版贴内视频解析]]></item>
				<item id="description"><![CDATA[]]></item>
				<item id="variable"><![CDATA[xlmmkv]]></item>
				<item id="type"><![CDATA[radio]]></item>
				<item id="value"><![CDATA[1]]></item>
				<item id="extra"><![CDATA[]]></item>
			</item>
			<item id="32">
				<item id="displayorder"><![CDATA[32]]></item>
				<item id="title"><![CDATA[手机版贴内视频宽度]]></item>
				<item id="description"><![CDATA[]]></item>
				<item id="variable"><![CDATA[xlmmw]]></item>
				<item id="type"><![CDATA[text]]></item>
				<item id="value"><![CDATA[100%]]></item>
				<item id="extra"><![CDATA[]]></item>
			</item>
			<item id="33">
				<item id="displayorder"><![CDATA[34]]></item>
				<item id="title"><![CDATA[手机版贴内视频高度]]></item>
				<item id="description"><![CDATA[]]></item>
				<item id="variable"><![CDATA[xlmmh]]></item>
				<item id="type"><![CDATA[text]]></item>
				<item id="value"><![CDATA[220px]]></item>
				<item id="extra"><![CDATA[]]></item>
			</item>
			<item id="34">
				<item id="displayorder"><![CDATA[35]]></item>
				<item id="title"><![CDATA[手机版贴内视频上下边距]]></item>
				<item id="description"><![CDATA[]]></item>
				<item id="variable"><![CDATA[xlmmtb]]></item>
				<item id="type"><![CDATA[text]]></item>
				<item id="value"><![CDATA[6px]]></item>
				<item id="extra"><![CDATA[]]></item>
			</item>
			<item id="35">
				<item id="displayorder"><![CDATA[36]]></item>
				<item id="title"><![CDATA[手机版头部样式]]></item>
				<item id="description"><![CDATA[]]></item>
				<item id="variable"><![CDATA[xlmmtths]]></item>
				<item id="type"><![CDATA[select]]></item>
				<item id="value"><![CDATA[1]]></item>
				<item id="extra"><![CDATA[1=网页版头部
2=app版头部]]></item>
			</item>
			<item id="36">
				<item id="displayorder"><![CDATA[37]]></item>
				<item id="title"><![CDATA[百度分享https]]></item>
				<item id="description"><![CDATA[若您的站点为https，请将分享文件解压到网站根目录。https://baijiahao.baidu.com/s?id=1567627784521644&wfr=spider&for=pc 若不了解请联系应用客服]]></item>
				<item id="variable"><![CDATA[xlmmshttps]]></item>
				<item id="type"><![CDATA[radio]]></item>
				<item id="value"><![CDATA[0]]></item>
				<item id="extra"><![CDATA[]]></item>
			</item>
			<item id="37">
				<item id="displayorder"><![CDATA[38]]></item>
				<item id="title"><![CDATA[手机版默认搜索]]></item>
				<item id="description"><![CDATA[]]></item>
				<item id="variable"><![CDATA[xlmmsctype]]></item>
				<item id="type"><![CDATA[select]]></item>
				<item id="value"><![CDATA[1]]></item>
				<item id="extra"><![CDATA[1=搜索文章
2=搜索帖子]]></item>
			</item>
			<item id="38">
				<item id="displayorder"><![CDATA[39]]></item>
				<item id="title"><![CDATA[手机版论坛首页样式]]></item>
				<item id="description"><![CDATA[]]></item>
				<item id="variable"><![CDATA[xlmmftabs]]></item>
				<item id="type"><![CDATA[select]]></item>
				<item id="value"><![CDATA[1]]></item>
				<item id="extra"><![CDATA[1=左侧分区tab切换
2=分区默认展开版块]]></item>
			</item>
			<item id="39">
				<item id="displayorder"><![CDATA[100]]></item>
				<item id="title"><![CDATA[电脑版首页列表广告显示位 ...]]></item>
				<item id="description"><![CDATA[在每页第几个主题下显示广告]]></item>
				<item id="variable"><![CDATA[xlmmpcad]]></item>
				<item id="type"><![CDATA[number]]></item>
				<item id="value"><![CDATA[5]]></item>
				<item id="extra"><![CDATA[]]></item>
			</item>
			<item id="40">
				<item id="displayorder"><![CDATA[101]]></item>
				<item id="title"><![CDATA[第一页广告代码]]></item>
				<item id="description"><![CDATA[]]></item>
				<item id="variable"><![CDATA[xlmmpcad1]]></item>
				<item id="type"><![CDATA[textarea]]></item>
				<item id="value"><![CDATA[<li class="item">
<div class="item-inner y-box">
	<div class="normal rbox ">
		<div class="rbox-inner">
			<div class="title-box">
				<a href="./" target="_blank" class="link">这是第一页的广告位，通过管理插件设置，可控制显示位置</a>
			</div>
			<div class="y-box footer">
				<div class="y-left">
					<div class="y-left">
						<a href="./" class="lbtn media-avatar" target="_blank"><img src="static/image/common/tavatar.gif"></a><a href="./" class="lbtn source" target="_blank">&nbsp;广告君&nbsp;</a>
					</div>
					<span class="lbtn">&nbsp;2018</span>
					<span class="lbtn tag-hot" style="color: #2a90d7;">广告</span>
				</div>
				<div class="y-right">
				</div>
			</div>
		</div>
	</div>
	<div class="lbox">
		<a class="img-wrap" target="_blank" href="./"><img src="template/xlmm_zx/m-img/ad/3.jpg" class="xlmmlazy"></a>
	</div>
</div>
</li>]]></item>
				<item id="extra"><![CDATA[]]></item>
			</item>
			<item id="41">
				<item id="displayorder"><![CDATA[102]]></item>
				<item id="title"><![CDATA[第二页广告代码]]></item>
				<item id="description"><![CDATA[]]></item>
				<item id="variable"><![CDATA[xlmmpcad2]]></item>
				<item id="type"><![CDATA[textarea]]></item>
				<item id="value"><![CDATA[<li class="item">
<div class="item-inner y-box">
	<div class="normal ">
		<div class="rbox-inner">
			<div class="title-box">
				<a href="./" target="_blank" class="link">本站大量黄金广告位招租</a>
			</div>
			<div class="img-list y-box">
				<a href="./" target="_blank" class="img-wrap"><img src="template/xlmm_zx/m-img/ad/1.jpg" class="xlmmlazy"></a>
				<a href="./" target="_blank" class="img-wrap"><img src="template/xlmm_zx/m-img/ad/2.jpg" class="xlmmlazy"></a>
				<a href="./" target="_blank" class="img-wrap"><img src="template/xlmm_zx/m-img/ad/3.jpg" class="xlmmlazy"></a>
				<a href="./" target="_blank" class="img-wrap"><img src="template/xlmm_zx/image/ads.jpg" class="xlmmlazy"></a>
			</div>
			<div class="y-box footer">
				<div class="y-left">
					<div class="y-left">
						<a href="./" class="lbtn media-avatar" target="_blank"><img src="static/image/common/tavatar.gif"></a><a href="./" class="lbtn source" target="_blank">&nbsp;广告君&nbsp;</a>
					</div>
					<span class="lbtn">&nbsp;2018</span>
					<span class="lbtn tag-hot" style="color: #2a90d7;">广告</span>
				</div>
				<div class="y-right">
				</div>
			</div>
		</div>
	</div>
</div>
</li>]]></item>
				<item id="extra"><![CDATA[]]></item>
			</item>
			<item id="42">
				<item id="displayorder"><![CDATA[103]]></item>
				<item id="title"><![CDATA[第三页广告代码]]></item>
				<item id="description"><![CDATA[]]></item>
				<item id="variable"><![CDATA[xlmmpcad3]]></item>
				<item id="type"><![CDATA[textarea]]></item>
				<item id="value"><![CDATA[]]></item>
				<item id="extra"><![CDATA[]]></item>
			</item>
			<item id="43">
				<item id="displayorder"><![CDATA[104]]></item>
				<item id="title"><![CDATA[第四页广告代码]]></item>
				<item id="description"><![CDATA[]]></item>
				<item id="variable"><![CDATA[xlmmpcad4]]></item>
				<item id="type"><![CDATA[textarea]]></item>
				<item id="value"><![CDATA[]]></item>
				<item id="extra"><![CDATA[]]></item>
			</item>
			<item id="44">
				<item id="displayorder"><![CDATA[105]]></item>
				<item id="title"><![CDATA[第五页广告代码]]></item>
				<item id="description"><![CDATA[]]></item>
				<item id="variable"><![CDATA[xlmmpcad5]]></item>
				<item id="type"><![CDATA[textarea]]></item>
				<item id="value"><![CDATA[]]></item>
				<item id="extra"><![CDATA[]]></item>
			</item>
			<item id="45">
				<item id="displayorder"><![CDATA[106]]></item>
				<item id="title"><![CDATA[第六页广告代码]]></item>
				<item id="description"><![CDATA[]]></item>
				<item id="variable"><![CDATA[xlmmpcad6]]></item>
				<item id="type"><![CDATA[textarea]]></item>
				<item id="value"><![CDATA[]]></item>
				<item id="extra"><![CDATA[]]></item>
			</item>
			<item id="46">
				<item id="displayorder"><![CDATA[106]]></item>
				<item id="title"><![CDATA[手机版首页广告显示位置]]></item>
				<item id="description"><![CDATA[]]></item>
				<item id="variable"><![CDATA[xlmmmoad]]></item>
				<item id="type"><![CDATA[number]]></item>
				<item id="value"><![CDATA[4]]></item>
				<item id="extra"><![CDATA[]]></item>
			</item>
			<item id="47">
				<item id="displayorder"><![CDATA[107]]></item>
				<item id="title"><![CDATA[手机版第一页广告代码]]></item>
				<item id="description"><![CDATA[]]></item>
				<item id="variable"><![CDATA[xlmmmoad1]]></item>
				<item id="type"><![CDATA[textarea]]></item>
				<item id="value"><![CDATA[	<section class="has_action" ><a href="./" class="article_link cl "><div class="item_detail"><h3 class="dotdot line3">自定义广告文字</h3><div class="list_img_holder_large" style=" margin-top:5px; margin-bottom:8px;"><img src="template/xlmm_zx/m-img/ad/2.jpg"></div><div class="item_info"><div><span class="hot_label space src" style="color:red !important">广告</span><span class=" space">图文广告</span><span class="dislike-news fr"></span></div></div></div></a></section>
]]></item>
				<item id="extra"><![CDATA[]]></item>
			</item>
			<item id="48">
				<item id="displayorder"><![CDATA[108]]></item>
				<item id="title"><![CDATA[手机版第二页广告代码]]></item>
				<item id="description"><![CDATA[]]></item>
				<item id="variable"><![CDATA[xlmmmoad2]]></item>
				<item id="type"><![CDATA[textarea]]></item>
				<item id="value"><![CDATA[      <section class="has_action"><a href="./" class="article_link ad-material-link cl"><h3 class="dotdot line3"></h3><div class="list_img_holder_large" style=" margin-bottom:8px;"><img src="./template/xlmm_zx/m-img/ad/5.jpg"></div><div class="item_info"><span class="ad-material space src" style="color:red !important">广告</span><span class="">单图广告</span></div></a></section>
]]></item>
				<item id="extra"><![CDATA[]]></item>
			</item>
			<item id="49">
				<item id="displayorder"><![CDATA[109]]></item>
				<item id="title"><![CDATA[手机版第三页广告代码]]></item>
				<item id="description"><![CDATA[]]></item>
				<item id="variable"><![CDATA[xlmmmoad3]]></item>
				<item id="type"><![CDATA[textarea]]></item>
				<item id="value"><![CDATA[]]></item>
				<item id="extra"><![CDATA[]]></item>
			</item>
			<item id="50">
				<item id="displayorder"><![CDATA[110]]></item>
				<item id="title"><![CDATA[手机版第四页广告位代码]]></item>
				<item id="description"><![CDATA[]]></item>
				<item id="variable"><![CDATA[xlmmmoad4]]></item>
				<item id="type"><![CDATA[textarea]]></item>
				<item id="value"><![CDATA[]]></item>
				<item id="extra"><![CDATA[]]></item>
			</item>
			<item id="51">
				<item id="displayorder"><![CDATA[111]]></item>
				<item id="title"><![CDATA[手机版第五页广告代码]]></item>
				<item id="description"><![CDATA[]]></item>
				<item id="variable"><![CDATA[xlmmmoad5]]></item>
				<item id="type"><![CDATA[textarea]]></item>
				<item id="value"><![CDATA[]]></item>
				<item id="extra"><![CDATA[]]></item>
			</item>
			<item id="52">
				<item id="displayorder"><![CDATA[112]]></item>
				<item id="title"><![CDATA[手机版第六页广告代码]]></item>
				<item id="description"><![CDATA[]]></item>
				<item id="variable"><![CDATA[xlmmmoad6]]></item>
				<item id="type"><![CDATA[textarea]]></item>
				<item id="value"><![CDATA[]]></item>
				<item id="extra"><![CDATA[]]></item>
			</item>
			<item id="53">
				<item id="displayorder"><![CDATA[126]]></item>
				<item id="title"><![CDATA[手机版贴内广告代码]]></item>
				<item id="description"><![CDATA[可在手机版文章和帖子内页的内容区域插入广告代码]]></item>
				<item id="variable"><![CDATA[xlmmadview]]></item>
				<item id="type"><![CDATA[textarea]]></item>
				<item id="value"><![CDATA[<a href="">
            <img src="template/xlmm_zx/m-img/ad/adx.png" style="width: 100%;" alt="">
    </a>			
]]></item>
				<item id="extra"><![CDATA[]]></item>
			</item>
		</item>
	</item>
</root>