<?xml version="1.0" encoding="ISO-8859-1"?>
<root>
	<item id="spacecss"><![CDATA[]]></item>
	<item id="layoutdata">
		<item id="diynavtop"><![CDATA[]]></item>
		<item id="diy1"><![CDATA[]]></item>
		<item id="diy4"><![CDATA[]]></item>
		<item id="diyfastposttop"><![CDATA[]]></item>
		<item id=""><![CDATA[]]></item>
		<item id="diyforumdisplaybottom"><![CDATA[]]></item>
		<item id="nex_dz_imgs">
			<item id="frame`framek8l1gk">
				<item id="attr">
					<item id="name"><![CDATA[framek8l1gk]]></item>
					<item id="moveable"><![CDATA[true]]></item>
					<item id="className"><![CDATA[frame move-span cl frame-1]]></item>
					<item id="titles"><![CDATA[]]></item>
				</item>
				<item id="column`framek8l1gk_left">
					<item id="attr">
						<item id="name"><![CDATA[framek8l1gk_left]]></item>
						<item id="className"><![CDATA[column frame-1-c]]></item>
					</item>
					<item id="block`portal_block_5644">
						<item id="attr">
							<item id="name"><![CDATA[portal_block_5644]]></item>
							<item id="className"><![CDATA[block move-span]]></item>
							<item id="titles"><![CDATA[]]></item>
						</item>
					</item>
				</item>
			</item>
		</item>
		<item id="nex_ml_lists">
			<item id="frame`framemq9Mg8">
				<item id="attr">
					<item id="name"><![CDATA[framemq9Mg8]]></item>
					<item id="moveable"><![CDATA[true]]></item>
					<item id="className"><![CDATA[frame move-span cl frame-1]]></item>
					<item id="titles"><![CDATA[]]></item>
				</item>
				<item id="column`framemq9Mg8_left">
					<item id="attr">
						<item id="name"><![CDATA[framemq9Mg8_left]]></item>
						<item id="className"><![CDATA[column frame-1-c]]></item>
					</item>
					<item id="block`portal_block_5645">
						<item id="attr">
							<item id="name"><![CDATA[portal_block_5645]]></item>
							<item id="className"><![CDATA[block move-span]]></item>
							<item id="titles"><![CDATA[]]></item>
						</item>
					</item>
				</item>
			</item>
		</item>
		<item id="nex_new_Ft">
			<item id="frame`frame17qKRH">
				<item id="attr">
					<item id="name"><![CDATA[frame17qKRH]]></item>
					<item id="moveable"><![CDATA[true]]></item>
					<item id="className"><![CDATA[frame move-span cl frame-1]]></item>
					<item id="titles"><![CDATA[]]></item>
				</item>
				<item id="column`frame17qKRH_left">
					<item id="attr">
						<item id="name"><![CDATA[frame17qKRH_left]]></item>
						<item id="className"><![CDATA[column frame-1-c]]></item>
					</item>
					<item id="block`portal_block_5646">
						<item id="attr">
							<item id="name"><![CDATA[portal_block_5646]]></item>
							<item id="className"><![CDATA[block move-span]]></item>
							<item id="titles"><![CDATA[]]></item>
						</item>
					</item>
				</item>
			</item>
		</item>
		<item id="nex_zxgyu_lists">
			<item id="frame`frame7Q62sn">
				<item id="attr">
					<item id="name"><![CDATA[frame7Q62sn]]></item>
					<item id="moveable"><![CDATA[true]]></item>
					<item id="className"><![CDATA[frame move-span cl frame-1]]></item>
					<item id="titles"><![CDATA[]]></item>
				</item>
				<item id="column`frame7Q62sn_left">
					<item id="attr">
						<item id="name"><![CDATA[frame7Q62sn_left]]></item>
						<item id="className"><![CDATA[column frame-1-c]]></item>
					</item>
					<item id="block`portal_block_5647">
						<item id="attr">
							<item id="name"><![CDATA[portal_block_5647]]></item>
							<item id="className"><![CDATA[block move-span]]></item>
							<item id="titles"><![CDATA[]]></item>
						</item>
					</item>
				</item>
			</item>
		</item>
		<item id="nex_dz_adsimg">
			<item id="frame`frameL961N2">
				<item id="attr">
					<item id="name"><![CDATA[frameL961N2]]></item>
					<item id="moveable"><![CDATA[true]]></item>
					<item id="className"><![CDATA[frame move-span cl frame-1]]></item>
					<item id="titles"><![CDATA[]]></item>
				</item>
				<item id="column`frameL961N2_left">
					<item id="attr">
						<item id="name"><![CDATA[frameL961N2_left]]></item>
						<item id="className"><![CDATA[column frame-1-c]]></item>
					</item>
					<item id="block`portal_block_5648">
						<item id="attr">
							<item id="name"><![CDATA[portal_block_5648]]></item>
							<item id="className"><![CDATA[block move-span]]></item>
							<item id="titles"><![CDATA[]]></item>
						</item>
					</item>
				</item>
			</item>
		</item>
		<item id="diy2"><![CDATA[]]></item>
		<item id="diy3"><![CDATA[]]></item>
	</item>
	<item id="blockdata">
		<item id="block">
			<item id="5644">
				<item id="bid"><![CDATA[5644]]></item>
				<item id="blockclass"><![CDATA[html_html]]></item>
				<item id="blocktype"><![CDATA[0]]></item>
				<item id="name"><![CDATA[ads]]></item>
				<item id="title"><![CDATA[]]></item>
				<item id="classname"><![CDATA[]]></item>
				<item id="summary"><![CDATA[<a href="http://t.cn/Aiux1Qh0" target="_blank"><img src="./template/nex_momkid_180226/neoconex/forumlist/nex_tgbg.jpg" /></a>]]></item>
				<item id="uid"><![CDATA[1]]></item>
				<item id="username"><![CDATA[DISM.TAOBAO.COM]]></item>
				<item id="styleid"><![CDATA[0]]></item>
				<item id="blockstyle"><![CDATA[]]></item>
				<item id="picwidth"><![CDATA[0]]></item>
				<item id="picheight"><![CDATA[0]]></item>
				<item id="target"><![CDATA[blank]]></item>
				<item id="dateformat"><![CDATA[Y-m-d]]></item>
				<item id="dateuformat"><![CDATA[0]]></item>
				<item id="script"><![CDATA[blank]]></item>
				<item id="param">
					<item id="content"><![CDATA[<a href=\"#\" target=\"_blank\"><img src=\"./template/nex_momkid_180226/neoconex/forumlist/nex_tgbg.jpg\" /></a>]]></item>
					<item id="items"><![CDATA[10]]></item>
				</item>
				<item id="shownum"><![CDATA[10]]></item>
				<item id="cachetime"><![CDATA[3600]]></item>
				<item id="cachetimerange"><![CDATA[]]></item>
				<item id="punctualupdate"><![CDATA[0]]></item>
				<item id="hidedisplay"><![CDATA[0]]></item>
				<item id="dateline"><![CDATA[1520904257]]></item>
				<item id="notinherited"><![CDATA[0]]></item>
				<item id="isblank"><![CDATA[0]]></item>
			</item>
			<item id="5645">
				<item id="bid"><![CDATA[5645]]></item>
				<item id="blockclass"><![CDATA[forum_thread]]></item>
				<item id="blocktype"><![CDATA[0]]></item>
				<item id="name"><![CDATA[hot_threads]]></item>
				<item id="title"><![CDATA[]]></item>
				<item id="classname"><![CDATA[]]></item>
				<item id="summary"><![CDATA[]]></item>
				<item id="uid"><![CDATA[1]]></item>
				<item id="username"><![CDATA[DISM.TAOBAO.COM]]></item>
				<item id="styleid"><![CDATA[0]]></item>
				<item id="blockstyle">
					<item id="name"><![CDATA[]]></item>
					<item id="blockclass"><![CDATA[forum_thread]]></item>
					<item id="makethumb"><![CDATA[1]]></item>
					<item id="getpic"><![CDATA[1]]></item>
					<item id="getsummary"><![CDATA[1]]></item>
					<item id="settarget"><![CDATA[1]]></item>
					<item id="moreurl"><![CDATA[0]]></item>
					<item id="fields">
						<item id="0"><![CDATA[url]]></item>
						<item id="1"><![CDATA[pic]]></item>
						<item id="2"><![CDATA[title]]></item>
						<item id="3"><![CDATA[summary]]></item>
						<item id="4"><![CDATA[author]]></item>
					</item>
					<item id="template">
						<item id="raw"><![CDATA[[loop]
<li>
                            	<div class="nex_ml_first">
                                	<div class="nex_ml_first_img"><a href="{url}" target="_blank"><img src="{pic}" width="{picwidth}" height="{picheight}" /></a></div>
                                    <div class="nex_ml_first_info">
                                    	<h5><a href="{url}"{target}>{title}</a></h5>
                                        <p>{summary}</p>
                                    </div>
                                    <div class="clear"></div>
                                </div>
                            </li>
[order=2]

                        	<li>
                            	<div class="nex_ml_second">
                                	<a href="{url}"{target}>{title}</a>
                                    <span>{author}</span>
                                    <div class="clear"></div>
                                </div>
                            </li>
[/order]
[order=3]

                            <li>
                            	<div class="nex_ml_second">
                                	<a href="{url}"{target}>{title}</a>
                                    <span>{author}</span>
                                    <div class="clear"></div>
                                </div>
                            </li>
[/order]
[order=4]

                            <li>
                            	<div class="nex_ml_second">
                                	<a href="{url}"{target}>{title}</a>
                                    <span>{author}</span>
                                    <div class="clear"></div>
                                </div>
                            </li>
[/order]
[order=5]

                            <li>
                            	<div class="nex_ml_second">
                                	<a href="{url}"{target}>{title}</a>
                                    <span>{author}</span>
                                    <div class="clear"></div>
                                </div>
                            </li>
[/order]
[order=6]

                            <li>
                            	<div class="nex_ml_second nex_ml_second_s">
                                	<a href="{url}"{target}>{title}</a>
                                    <span>{author}</span>
                                    <div class="clear"></div>
                                </div>
                            </li>
[/order]
[/loop]]]></item>
						<item id="footer"><![CDATA[]]></item>
						<item id="header"><![CDATA[]]></item>
						<item id="indexplus">
						</item>
						<item id="index">
						</item>
						<item id="orderplus">
						</item>
						<item id="order">
							<item id="2"><![CDATA[<li>
                            	<div class="nex_ml_second">
                                	<a href="{url}"{target}>{title}</a>
                                    <span>{author}</span>
                                    <div class="clear"></div>
                                </div>
                            </li>]]></item>
							<item id="3"><![CDATA[<li>
                            	<div class="nex_ml_second">
                                	<a href="{url}"{target}>{title}</a>
                                    <span>{author}</span>
                                    <div class="clear"></div>
                                </div>
                            </li>]]></item>
							<item id="4"><![CDATA[<li>
                            	<div class="nex_ml_second">
                                	<a href="{url}"{target}>{title}</a>
                                    <span>{author}</span>
                                    <div class="clear"></div>
                                </div>
                            </li>]]></item>
							<item id="5"><![CDATA[<li>
                            	<div class="nex_ml_second">
                                	<a href="{url}"{target}>{title}</a>
                                    <span>{author}</span>
                                    <div class="clear"></div>
                                </div>
                            </li>]]></item>
							<item id="6"><![CDATA[<li>
                            	<div class="nex_ml_second nex_ml_second_s">
                                	<a href="{url}"{target}>{title}</a>
                                    <span>{author}</span>
                                    <div class="clear"></div>
                                </div>
                            </li>]]></item>
						</item>
						<item id="loopplus">
						</item>
						<item id="loop"><![CDATA[<li>
                            	<div class="nex_ml_first">
                                	<div class="nex_ml_first_img"><a href="{url}" target="_blank"><img src="{pic}" width="{picwidth}" height="{picheight}" /></a></div>
                                    <div class="nex_ml_first_info">
                                    	<h5><a href="{url}"{target}>{title}</a></h5>
                                        <p>{summary}</p>
                                    </div>
                                    <div class="clear"></div>
                                </div>
                            </li>
[order=2]

                        	<li>
                            	<div class="nex_ml_second">
                                	<a href="{url}"{target}>{title}</a>
                                    <span>{author}</span>
                                    <div class="clear"></div>
                                </div>
                            </li>
[/order]
[order=3]

                            <li>
                            	<div class="nex_ml_second">
                                	<a href="{url}"{target}>{title}</a>
                                    <span>{author}</span>
                                    <div class="clear"></div>
                                </div>
                            </li>
[/order]
[order=4]

                            <li>
                            	<div class="nex_ml_second">
                                	<a href="{url}"{target}>{title}</a>
                                    <span>{author}</span>
                                    <div class="clear"></div>
                                </div>
                            </li>
[/order]
[order=5]

                            <li>
                            	<div class="nex_ml_second">
                                	<a href="{url}"{target}>{title}</a>
                                    <span>{author}</span>
                                    <div class="clear"></div>
                                </div>
                            </li>
[/order]
[order=6]

                            <li>
                            	<div class="nex_ml_second nex_ml_second_s">
                                	<a href="{url}"{target}>{title}</a>
                                    <span>{author}</span>
                                    <div class="clear"></div>
                                </div>
                            </li>
[/order]]]></item>
					</item>
					<item id="hash"><![CDATA[cc928bdf]]></item>
				</item>
				<item id="picwidth"><![CDATA[110]]></item>
				<item id="picheight"><![CDATA[85]]></item>
				<item id="target"><![CDATA[blank]]></item>
				<item id="dateformat"><![CDATA[Y-m-d]]></item>
				<item id="dateuformat"><![CDATA[0]]></item>
				<item id="script"><![CDATA[thread]]></item>
				<item id="param">
					<item id="tids"><![CDATA[]]></item>
					<item id="uids"><![CDATA[]]></item>
					<item id="keyword"><![CDATA[]]></item>
					<item id="tagkeyword"><![CDATA[]]></item>
					<item id="typeids"><![CDATA[]]></item>
					<item id="recommend"><![CDATA[0]]></item>
					<item id="special">
						<item id="0"><![CDATA[0]]></item>
					</item>
					<item id="viewmod"><![CDATA[0]]></item>
					<item id="rewardstatus"><![CDATA[0]]></item>
					<item id="picrequired"><![CDATA[1]]></item>
					<item id="orderby"><![CDATA[views]]></item>
					<item id="postdateline"><![CDATA[0]]></item>
					<item id="lastpost"><![CDATA[0]]></item>
					<item id="highlight"><![CDATA[0]]></item>
					<item id="titlelength"><![CDATA[40]]></item>
					<item id="summarylength"><![CDATA[80]]></item>
					<item id="startrow"><![CDATA[0]]></item>
					<item id="items"><![CDATA[6]]></item>
				</item>
				<item id="shownum"><![CDATA[6]]></item>
				<item id="cachetime"><![CDATA[3600]]></item>
				<item id="cachetimerange"><![CDATA[]]></item>
				<item id="punctualupdate"><![CDATA[0]]></item>
				<item id="hidedisplay"><![CDATA[0]]></item>
				<item id="dateline"><![CDATA[1520904390]]></item>
				<item id="notinherited"><![CDATA[0]]></item>
				<item id="isblank"><![CDATA[0]]></item>
			</item>
			<item id="5646">
				<item id="bid"><![CDATA[5646]]></item>
				<item id="blockclass"><![CDATA[forum_thread]]></item>
				<item id="blocktype"><![CDATA[0]]></item>
				<item id="name"><![CDATA[tuijian]]></item>
				<item id="title"><![CDATA[]]></item>
				<item id="classname"><![CDATA[]]></item>
				<item id="summary"><![CDATA[]]></item>
				<item id="uid"><![CDATA[1]]></item>
				<item id="username"><![CDATA[DISM.TAOBAO.COM]]></item>
				<item id="styleid"><![CDATA[0]]></item>
				<item id="blockstyle">
					<item id="name"><![CDATA[]]></item>
					<item id="blockclass"><![CDATA[forum_thread]]></item>
					<item id="makethumb"><![CDATA[1]]></item>
					<item id="getpic"><![CDATA[1]]></item>
					<item id="getsummary"><![CDATA[0]]></item>
					<item id="settarget"><![CDATA[1]]></item>
					<item id="moreurl"><![CDATA[0]]></item>
					<item id="fields">
						<item id="0"><![CDATA[url]]></item>
						<item id="1"><![CDATA[pic]]></item>
						<item id="2"><![CDATA[title]]></item>
						<item id="3"><![CDATA[forumurl]]></item>
						<item id="4"><![CDATA[forumname]]></item>
					</item>
					<item id="template">
						<item id="raw"><![CDATA[[loop]
<li>
                        	<div class="nex_new_Ft_piv">
                            	<a href="{url}" target="_blank">
                                	<img src="{pic}" width="{picwidth}" height="{picheight}" />
                                    <h5>{title}</h5>
                                </a>
                            </div>
                        </li>
[order=2]

                        <li>
                        	<div class="nex_new_Ft_maint">
                            	<div class="nex_new_Ft_maintimg">
                                	<a href="{url}" target="_blank"><img src="{pic}" width="{picwidth}" height="{picheight}" /></a>
                                </div>
                                <div class="nex_new_Ft_maintinfo">
                                	<h5><a href="{url}"{target}>{title}</a></h5>
                                    <em><a href="{forumurl}" target="_blank">{forumname}</a></em>
                                </div>
                                <div class="clear"></div>
                            </div>
                        </li>
[/order]
[order=3]

                        <li>
                        	<div class="nex_new_Ft_maint">
                            	<div class="nex_new_Ft_maintimg">
                                	<a href="{url}" target="_blank"><img src="{pic}" width="{picwidth}" height="{picheight}" /></a>
                                </div>
                                <div class="nex_new_Ft_maintinfo">
                                	<h5><a href="{url}"{target}>{title}</a></h5>
                                    <em><a href="{forumurl}" target="_blank">{forumname}</a></em>
                                </div>
                                <div class="clear"></div>
                            </div>
                        </li>
[/order]
[order=4]

                        <li>
                        	<div class="nex_new_Ft_maint">
                            	<div class="nex_new_Ft_maintimg">
                                	<a href="{url}" target="_blank"><img src="{pic}" width="{picwidth}" height="{picheight}" /></a>
                                </div>
                                <div class="nex_new_Ft_maintinfo">
                                	<h5><a href="{url}"{target}>{title}</a></h5>
                                    <em><a href="{forumurl}" target="_blank">{forumname}</a></em>
                                </div>
                                <div class="clear"></div>
                            </div>
                        </li>
[/order]
[order=5]

                        <li>
                        	<div class="nex_new_Ft_maint">
                            	<div class="nex_new_Ft_maintimg">
                                	<a href="{url}" target="_blank"><img src="{pic}" width="{picwidth}" height="{picheight}" /></a>
                                </div>
                                <div class="nex_new_Ft_maintinfo">
                                	<h5><a href="{url}"{target}>{title}</a></h5>
                                    <em><a href="{forumurl}" target="_blank">{forumname}</a></em>
                                </div>
                                <div class="clear"></div>
                            </div>
                        </li>
[/order]
[/loop]]]></item>
						<item id="footer"><![CDATA[]]></item>
						<item id="header"><![CDATA[]]></item>
						<item id="indexplus">
						</item>
						<item id="index">
						</item>
						<item id="orderplus">
						</item>
						<item id="order">
							<item id="2"><![CDATA[<li>
                        	<div class="nex_new_Ft_maint">
                            	<div class="nex_new_Ft_maintimg">
                                	<a href="{url}" target="_blank"><img src="{pic}" width="{picwidth}" height="{picheight}" /></a>
                                </div>
                                <div class="nex_new_Ft_maintinfo">
                                	<h5><a href="{url}"{target}>{title}</a></h5>
                                    <em><a href="{forumurl}" target="_blank">{forumname}</a></em>
                                </div>
                                <div class="clear"></div>
                            </div>
                        </li>]]></item>
							<item id="3"><![CDATA[<li>
                        	<div class="nex_new_Ft_maint">
                            	<div class="nex_new_Ft_maintimg">
                                	<a href="{url}" target="_blank"><img src="{pic}" width="{picwidth}" height="{picheight}" /></a>
                                </div>
                                <div class="nex_new_Ft_maintinfo">
                                	<h5><a href="{url}"{target}>{title}</a></h5>
                                    <em><a href="{forumurl}" target="_blank">{forumname}</a></em>
                                </div>
                                <div class="clear"></div>
                            </div>
                        </li>]]></item>
							<item id="4"><![CDATA[<li>
                        	<div class="nex_new_Ft_maint">
                            	<div class="nex_new_Ft_maintimg">
                                	<a href="{url}" target="_blank"><img src="{pic}" width="{picwidth}" height="{picheight}" /></a>
                                </div>
                                <div class="nex_new_Ft_maintinfo">
                                	<h5><a href="{url}"{target}>{title}</a></h5>
                                    <em><a href="{forumurl}" target="_blank">{forumname}</a></em>
                                </div>
                                <div class="clear"></div>
                            </div>
                        </li>]]></item>
							<item id="5"><![CDATA[<li>
                        	<div class="nex_new_Ft_maint">
                            	<div class="nex_new_Ft_maintimg">
                                	<a href="{url}" target="_blank"><img src="{pic}" width="{picwidth}" height="{picheight}" /></a>
                                </div>
                                <div class="nex_new_Ft_maintinfo">
                                	<h5><a href="{url}"{target}>{title}</a></h5>
                                    <em><a href="{forumurl}" target="_blank">{forumname}</a></em>
                                </div>
                                <div class="clear"></div>
                            </div>
                        </li>]]></item>
						</item>
						<item id="loopplus">
						</item>
						<item id="loop"><![CDATA[<li>
                        	<div class="nex_new_Ft_piv">
                            	<a href="{url}" target="_blank">
                                	<img src="{pic}" width="{picwidth}" height="{picheight}" />
                                    <h5>{title}</h5>
                                </a>
                            </div>
                        </li>
[order=2]

                        <li>
                        	<div class="nex_new_Ft_maint">
                            	<div class="nex_new_Ft_maintimg">
                                	<a href="{url}" target="_blank"><img src="{pic}" width="{picwidth}" height="{picheight}" /></a>
                                </div>
                                <div class="nex_new_Ft_maintinfo">
                                	<h5><a href="{url}"{target}>{title}</a></h5>
                                    <em><a href="{forumurl}" target="_blank">{forumname}</a></em>
                                </div>
                                <div class="clear"></div>
                            </div>
                        </li>
[/order]
[order=3]

                        <li>
                        	<div class="nex_new_Ft_maint">
                            	<div class="nex_new_Ft_maintimg">
                                	<a href="{url}" target="_blank"><img src="{pic}" width="{picwidth}" height="{picheight}" /></a>
                                </div>
                                <div class="nex_new_Ft_maintinfo">
                                	<h5><a href="{url}"{target}>{title}</a></h5>
                                    <em><a href="{forumurl}" target="_blank">{forumname}</a></em>
                                </div>
                                <div class="clear"></div>
                            </div>
                        </li>
[/order]
[order=4]

                        <li>
                        	<div class="nex_new_Ft_maint">
                            	<div class="nex_new_Ft_maintimg">
                                	<a href="{url}" target="_blank"><img src="{pic}" width="{picwidth}" height="{picheight}" /></a>
                                </div>
                                <div class="nex_new_Ft_maintinfo">
                                	<h5><a href="{url}"{target}>{title}</a></h5>
                                    <em><a href="{forumurl}" target="_blank">{forumname}</a></em>
                                </div>
                                <div class="clear"></div>
                            </div>
                        </li>
[/order]
[order=5]

                        <li>
                        	<div class="nex_new_Ft_maint">
                            	<div class="nex_new_Ft_maintimg">
                                	<a href="{url}" target="_blank"><img src="{pic}" width="{picwidth}" height="{picheight}" /></a>
                                </div>
                                <div class="nex_new_Ft_maintinfo">
                                	<h5><a href="{url}"{target}>{title}</a></h5>
                                    <em><a href="{forumurl}" target="_blank">{forumname}</a></em>
                                </div>
                                <div class="clear"></div>
                            </div>
                        </li>
[/order]]]></item>
					</item>
					<item id="hash"><![CDATA[60b97b34]]></item>
				</item>
				<item id="picwidth"><![CDATA[258]]></item>
				<item id="picheight"><![CDATA[160]]></item>
				<item id="target"><![CDATA[blank]]></item>
				<item id="dateformat"><![CDATA[Y-m-d]]></item>
				<item id="dateuformat"><![CDATA[0]]></item>
				<item id="script"><![CDATA[thread]]></item>
				<item id="param">
					<item id="tids"><![CDATA[]]></item>
					<item id="uids"><![CDATA[]]></item>
					<item id="keyword"><![CDATA[]]></item>
					<item id="tagkeyword"><![CDATA[]]></item>
					<item id="typeids"><![CDATA[]]></item>
					<item id="recommend"><![CDATA[0]]></item>
					<item id="special">
						<item id="0"><![CDATA[0]]></item>
					</item>
					<item id="viewmod"><![CDATA[0]]></item>
					<item id="rewardstatus"><![CDATA[0]]></item>
					<item id="picrequired"><![CDATA[1]]></item>
					<item id="orderby"><![CDATA[views]]></item>
					<item id="postdateline"><![CDATA[0]]></item>
					<item id="lastpost"><![CDATA[0]]></item>
					<item id="highlight"><![CDATA[0]]></item>
					<item id="titlelength"><![CDATA[40]]></item>
					<item id="summarylength"><![CDATA[80]]></item>
					<item id="startrow"><![CDATA[0]]></item>
					<item id="items"><![CDATA[5]]></item>
				</item>
				<item id="shownum"><![CDATA[5]]></item>
				<item id="cachetime"><![CDATA[3600]]></item>
				<item id="cachetimerange"><![CDATA[]]></item>
				<item id="punctualupdate"><![CDATA[0]]></item>
				<item id="hidedisplay"><![CDATA[0]]></item>
				<item id="dateline"><![CDATA[1520904598]]></item>
				<item id="notinherited"><![CDATA[0]]></item>
				<item id="isblank"><![CDATA[0]]></item>
			</item>
			<item id="5647">
				<item id="bid"><![CDATA[5647]]></item>
				<item id="blockclass"><![CDATA[forum_thread]]></item>
				<item id="blocktype"><![CDATA[0]]></item>
				<item id="name"><![CDATA[weekly]]></item>
				<item id="title"><![CDATA[]]></item>
				<item id="classname"><![CDATA[]]></item>
				<item id="summary"><![CDATA[]]></item>
				<item id="uid"><![CDATA[1]]></item>
				<item id="username"><![CDATA[DISM.TAOBAO.COM]]></item>
				<item id="styleid"><![CDATA[0]]></item>
				<item id="blockstyle">
					<item id="name"><![CDATA[]]></item>
					<item id="blockclass"><![CDATA[forum_thread]]></item>
					<item id="makethumb"><![CDATA[0]]></item>
					<item id="getpic"><![CDATA[0]]></item>
					<item id="getsummary"><![CDATA[0]]></item>
					<item id="settarget"><![CDATA[1]]></item>
					<item id="moreurl"><![CDATA[0]]></item>
					<item id="fields">
						<item id="0"><![CDATA[currentorder]]></item>
						<item id="1"><![CDATA[url]]></item>
						<item id="2"><![CDATA[title]]></item>
						<item id="3"><![CDATA[author]]></item>
						<item id="4"><![CDATA[replies]]></item>
						<item id="5"><![CDATA[dateline]]></item>
					</item>
					<item id="template">
						<item id="raw"><![CDATA[[loop]
[order=1]
<li>
                        	<div class="nex_zxgyu_lists_tops">
                                <em class="nex_zxgyu_num1">{currentorder}.</em>
                                <a href="{url}"{target}>{title}</a>
                                <span>{author}</span>
                                <div class="clear"></div>
                            </div>
                            <div class="nex_zxgyu_lists_btms">
                            	{replies}个回复<em>/</em>{dateline}
                            </div>
                        </li>
[/order]
[order=2]

                        <li>
                        	<div class="nex_zxgyu_lists_tops">
                                <em class="nex_zxgyu_num2">{currentorder}.</em>
                                <a href="{url}"{target}>{title}</a>
                                <span>{author}</span>
                                <div class="clear"></div>
                            </div>
                            <div class="nex_zxgyu_lists_btms">
                            	{replies}个回复<em>/</em>{dateline}
                            </div>
                        </li>
[/order]
[order=3]

                        <li>
                        	<div class="nex_zxgyu_lists_tops">
                                <em class="nex_zxgyu_num3">{currentorder}.</em>
                                <a href="{url}"{target}>{title}</a>
                                <span>{author}</span>
                                <div class="clear"></div>
                            </div>
                            <div class="nex_zxgyu_lists_btms">
                            	{replies}个回复<em>/</em>{dateline}
                            </div>
                        </li>
[/order]
[order=4]

                        <li>
                        	<div class="nex_zxgyu_lists_tops">
                                <em>{currentorder}.</em>
                                <a href="{url}"{target}>{title}</a>
                                <span>{author}</span>
                                <div class="clear"></div>
                            </div>
                            <div class="nex_zxgyu_lists_btms">
                            	{replies}个回复<em>/</em>{dateline}
                            </div>
                        </li>
[/order]
[order=5]

                        <li>
                        	<div class="nex_zxgyu_lists_tops">
                                <em>{currentorder}.</em>
                                <a href="{url}"{target}>{title}</a>
                                <span>{author}</span>
                                <div class="clear"></div>
                            </div>
                            <div class="nex_zxgyu_lists_btms">
                            	{replies}个回复<em>/</em>{dateline}
                            </div>
                        </li>
[/order]
[order=6]

                        <li>
                        	<div class="nex_zxgyu_lists_tops">
                                <em>{currentorder}.</em>
                                <a href="{url}"{target}>{title}</a>
                                <span>{author}</span>
                                <div class="clear"></div>
                            </div>
                            <div class="nex_zxgyu_lists_btms">
                            	{replies}个回复<em>/</em>{dateline}
                            </div>
                        </li>
[/order]
[order=7]

                        <li>
                        	<div class="nex_zxgyu_lists_tops">
                                <em>{currentorder}.</em>
                                <a href="{url}"{target}>{title}</a>
                                <span>{author}</span>
                                <div class="clear"></div>
                            </div>
                            <div class="nex_zxgyu_lists_btms">
                            	{replies}个回复<em>/</em>{dateline}
                            </div>
                        </li>
[/order]
[order=8]

                        <li>
                        	<div class="nex_zxgyu_lists_tops">
                                <em>{currentorder}.</em>
                                <a href="{url}"{target}>{title}</a>
                                <span>{author}</span>
                                <div class="clear"></div>
                            </div>
                            <div class="nex_zxgyu_lists_btms">
                            	{replies}个回复<em>/</em>{dateline}
                            </div>
                        </li>
[/order]
[order=9]

                        <li>
                        	<div class="nex_zxgyu_lists_tops">
                                <em>{currentorder}.</em>
                                <a href="{url}"{target}>{title}</a>
                                <span>{author}</span>
                                <div class="clear"></div>
                            </div>
                            <div class="nex_zxgyu_lists_btms">
                            	{replies}个回复<em>/</em>{dateline}
                            </div>
                        </li>

[/order]
[order=10]


                        <li>
                        	<div class="nex_zxgyu_lists_tops">
                                <em>{currentorder}.</em>
                                <a href="{url}"{target}>{title}</a>
                                <span>{author}</span>
                                <div class="clear"></div>
                            </div>
                            <div class="nex_zxgyu_lists_btms">
                            	{replies}个回复<em>/</em>{dateline}
                            </div>
                        </li>
[/order]
[/loop]]]></item>
						<item id="footer"><![CDATA[]]></item>
						<item id="header"><![CDATA[]]></item>
						<item id="indexplus">
						</item>
						<item id="index">
						</item>
						<item id="orderplus">
						</item>
						<item id="order">
							<item id="1"><![CDATA[<li>
                        	<div class="nex_zxgyu_lists_tops">
                                <em class="nex_zxgyu_num1">{currentorder}.</em>
                                <a href="{url}"{target}>{title}</a>
                                <span>{author}</span>
                                <div class="clear"></div>
                            </div>
                            <div class="nex_zxgyu_lists_btms">
                            	{replies}个回复<em>/</em>{dateline}
                            </div>
                        </li>]]></item>
							<item id="2"><![CDATA[<li>
                        	<div class="nex_zxgyu_lists_tops">
                                <em class="nex_zxgyu_num2">{currentorder}.</em>
                                <a href="{url}"{target}>{title}</a>
                                <span>{author}</span>
                                <div class="clear"></div>
                            </div>
                            <div class="nex_zxgyu_lists_btms">
                            	{replies}个回复<em>/</em>{dateline}
                            </div>
                        </li>]]></item>
							<item id="3"><![CDATA[<li>
                        	<div class="nex_zxgyu_lists_tops">
                                <em class="nex_zxgyu_num3">{currentorder}.</em>
                                <a href="{url}"{target}>{title}</a>
                                <span>{author}</span>
                                <div class="clear"></div>
                            </div>
                            <div class="nex_zxgyu_lists_btms">
                            	{replies}个回复<em>/</em>{dateline}
                            </div>
                        </li>]]></item>
							<item id="4"><![CDATA[<li>
                        	<div class="nex_zxgyu_lists_tops">
                                <em>{currentorder}.</em>
                                <a href="{url}"{target}>{title}</a>
                                <span>{author}</span>
                                <div class="clear"></div>
                            </div>
                            <div class="nex_zxgyu_lists_btms">
                            	{replies}个回复<em>/</em>{dateline}
                            </div>
                        </li>]]></item>
							<item id="5"><![CDATA[<li>
                        	<div class="nex_zxgyu_lists_tops">
                                <em>{currentorder}.</em>
                                <a href="{url}"{target}>{title}</a>
                                <span>{author}</span>
                                <div class="clear"></div>
                            </div>
                            <div class="nex_zxgyu_lists_btms">
                            	{replies}个回复<em>/</em>{dateline}
                            </div>
                        </li>]]></item>
							<item id="6"><![CDATA[<li>
                        	<div class="nex_zxgyu_lists_tops">
                                <em>{currentorder}.</em>
                                <a href="{url}"{target}>{title}</a>
                                <span>{author}</span>
                                <div class="clear"></div>
                            </div>
                            <div class="nex_zxgyu_lists_btms">
                            	{replies}个回复<em>/</em>{dateline}
                            </div>
                        </li>]]></item>
							<item id="7"><![CDATA[<li>
                        	<div class="nex_zxgyu_lists_tops">
                                <em>{currentorder}.</em>
                                <a href="{url}"{target}>{title}</a>
                                <span>{author}</span>
                                <div class="clear"></div>
                            </div>
                            <div class="nex_zxgyu_lists_btms">
                            	{replies}个回复<em>/</em>{dateline}
                            </div>
                        </li>]]></item>
							<item id="8"><![CDATA[<li>
                        	<div class="nex_zxgyu_lists_tops">
                                <em>{currentorder}.</em>
                                <a href="{url}"{target}>{title}</a>
                                <span>{author}</span>
                                <div class="clear"></div>
                            </div>
                            <div class="nex_zxgyu_lists_btms">
                            	{replies}个回复<em>/</em>{dateline}
                            </div>
                        </li>]]></item>
							<item id="9"><![CDATA[<li>
                        	<div class="nex_zxgyu_lists_tops">
                                <em>{currentorder}.</em>
                                <a href="{url}"{target}>{title}</a>
                                <span>{author}</span>
                                <div class="clear"></div>
                            </div>
                            <div class="nex_zxgyu_lists_btms">
                            	{replies}个回复<em>/</em>{dateline}
                            </div>
                        </li>]]></item>
							<item id="10"><![CDATA[<li>
                        	<div class="nex_zxgyu_lists_tops">
                                <em>{currentorder}.</em>
                                <a href="{url}"{target}>{title}</a>
                                <span>{author}</span>
                                <div class="clear"></div>
                            </div>
                            <div class="nex_zxgyu_lists_btms">
                            	{replies}个回复<em>/</em>{dateline}
                            </div>
                        </li>]]></item>
						</item>
						<item id="loopplus">
						</item>
						<item id="loop"><![CDATA[[order=1]
<li>
                        	<div class="nex_zxgyu_lists_tops">
                                <em class="nex_zxgyu_num1">{currentorder}.</em>
                                <a href="{url}"{target}>{title}</a>
                                <span>{author}</span>
                                <div class="clear"></div>
                            </div>
                            <div class="nex_zxgyu_lists_btms">
                            	{replies}个回复<em>/</em>{dateline}
                            </div>
                        </li>
[/order]
[order=2]

                        <li>
                        	<div class="nex_zxgyu_lists_tops">
                                <em class="nex_zxgyu_num2">{currentorder}.</em>
                                <a href="{url}"{target}>{title}</a>
                                <span>{author}</span>
                                <div class="clear"></div>
                            </div>
                            <div class="nex_zxgyu_lists_btms">
                            	{replies}个回复<em>/</em>{dateline}
                            </div>
                        </li>
[/order]
[order=3]

                        <li>
                        	<div class="nex_zxgyu_lists_tops">
                                <em class="nex_zxgyu_num3">{currentorder}.</em>
                                <a href="{url}"{target}>{title}</a>
                                <span>{author}</span>
                                <div class="clear"></div>
                            </div>
                            <div class="nex_zxgyu_lists_btms">
                            	{replies}个回复<em>/</em>{dateline}
                            </div>
                        </li>
[/order]
[order=4]

                        <li>
                        	<div class="nex_zxgyu_lists_tops">
                                <em>{currentorder}.</em>
                                <a href="{url}"{target}>{title}</a>
                                <span>{author}</span>
                                <div class="clear"></div>
                            </div>
                            <div class="nex_zxgyu_lists_btms">
                            	{replies}个回复<em>/</em>{dateline}
                            </div>
                        </li>
[/order]
[order=5]

                        <li>
                        	<div class="nex_zxgyu_lists_tops">
                                <em>{currentorder}.</em>
                                <a href="{url}"{target}>{title}</a>
                                <span>{author}</span>
                                <div class="clear"></div>
                            </div>
                            <div class="nex_zxgyu_lists_btms">
                            	{replies}个回复<em>/</em>{dateline}
                            </div>
                        </li>
[/order]
[order=6]

                        <li>
                        	<div class="nex_zxgyu_lists_tops">
                                <em>{currentorder}.</em>
                                <a href="{url}"{target}>{title}</a>
                                <span>{author}</span>
                                <div class="clear"></div>
                            </div>
                            <div class="nex_zxgyu_lists_btms">
                            	{replies}个回复<em>/</em>{dateline}
                            </div>
                        </li>
[/order]
[order=7]

                        <li>
                        	<div class="nex_zxgyu_lists_tops">
                                <em>{currentorder}.</em>
                                <a href="{url}"{target}>{title}</a>
                                <span>{author}</span>
                                <div class="clear"></div>
                            </div>
                            <div class="nex_zxgyu_lists_btms">
                            	{replies}个回复<em>/</em>{dateline}
                            </div>
                        </li>
[/order]
[order=8]

                        <li>
                        	<div class="nex_zxgyu_lists_tops">
                                <em>{currentorder}.</em>
                                <a href="{url}"{target}>{title}</a>
                                <span>{author}</span>
                                <div class="clear"></div>
                            </div>
                            <div class="nex_zxgyu_lists_btms">
                            	{replies}个回复<em>/</em>{dateline}
                            </div>
                        </li>
[/order]
[order=9]

                        <li>
                        	<div class="nex_zxgyu_lists_tops">
                                <em>{currentorder}.</em>
                                <a href="{url}"{target}>{title}</a>
                                <span>{author}</span>
                                <div class="clear"></div>
                            </div>
                            <div class="nex_zxgyu_lists_btms">
                            	{replies}个回复<em>/</em>{dateline}
                            </div>
                        </li>

[/order]
[order=10]


                        <li>
                        	<div class="nex_zxgyu_lists_tops">
                                <em>{currentorder}.</em>
                                <a href="{url}"{target}>{title}</a>
                                <span>{author}</span>
                                <div class="clear"></div>
                            </div>
                            <div class="nex_zxgyu_lists_btms">
                            	{replies}个回复<em>/</em>{dateline}
                            </div>
                        </li>
[/order]]]></item>
					</item>
					<item id="hash"><![CDATA[949fa895]]></item>
				</item>
				<item id="picwidth"><![CDATA[0]]></item>
				<item id="picheight"><![CDATA[0]]></item>
				<item id="target"><![CDATA[blank]]></item>
				<item id="dateformat"><![CDATA[m-d]]></item>
				<item id="dateuformat"><![CDATA[0]]></item>
				<item id="script"><![CDATA[thread]]></item>
				<item id="param">
					<item id="tids"><![CDATA[]]></item>
					<item id="uids"><![CDATA[]]></item>
					<item id="keyword"><![CDATA[]]></item>
					<item id="tagkeyword"><![CDATA[]]></item>
					<item id="typeids"><![CDATA[]]></item>
					<item id="recommend"><![CDATA[0]]></item>
					<item id="special">
						<item id="0"><![CDATA[0]]></item>
					</item>
					<item id="viewmod"><![CDATA[0]]></item>
					<item id="rewardstatus"><![CDATA[0]]></item>
					<item id="picrequired"><![CDATA[0]]></item>
					<item id="orderby"><![CDATA[views]]></item>
					<item id="postdateline"><![CDATA[0]]></item>
					<item id="lastpost"><![CDATA[0]]></item>
					<item id="highlight"><![CDATA[0]]></item>
					<item id="titlelength"><![CDATA[40]]></item>
					<item id="summarylength"><![CDATA[80]]></item>
					<item id="startrow"><![CDATA[0]]></item>
					<item id="items"><![CDATA[10]]></item>
				</item>
				<item id="shownum"><![CDATA[10]]></item>
				<item id="cachetime"><![CDATA[3600]]></item>
				<item id="cachetimerange"><![CDATA[]]></item>
				<item id="punctualupdate"><![CDATA[0]]></item>
				<item id="hidedisplay"><![CDATA[0]]></item>
				<item id="dateline"><![CDATA[1520904969]]></item>
				<item id="notinherited"><![CDATA[0]]></item>
				<item id="isblank"><![CDATA[0]]></item>
			</item>
			<item id="5648">
				<item id="bid"><![CDATA[5648]]></item>
				<item id="blockclass"><![CDATA[html_html]]></item>
				<item id="blocktype"><![CDATA[0]]></item>
				<item id="name"><![CDATA[ads]]></item>
				<item id="title"><![CDATA[]]></item>
				<item id="classname"><![CDATA[]]></item>
				<item id="summary"><![CDATA[<a href="http://t.cn/Aiux1Qh0" target="_blank"><img src="template/nex_momkid_180226/neoconex/forumlist/nex_ads.jpg" /></a>]]></item>
				<item id="uid"><![CDATA[1]]></item>
				<item id="username"><![CDATA[DISM.TAOBAO.COM]]></item>
				<item id="styleid"><![CDATA[0]]></item>
				<item id="blockstyle"><![CDATA[]]></item>
				<item id="picwidth"><![CDATA[0]]></item>
				<item id="picheight"><![CDATA[0]]></item>
				<item id="target"><![CDATA[blank]]></item>
				<item id="dateformat"><![CDATA[Y-m-d]]></item>
				<item id="dateuformat"><![CDATA[0]]></item>
				<item id="script"><![CDATA[blank]]></item>
				<item id="param">
					<item id="content"><![CDATA[<a href=\"#\" target=\"_blank\"><img src=\"template/nex_momkid_180226/neoconex/forumlist/nex_ads.jpg\" /></a>]]></item>
					<item id="items"><![CDATA[10]]></item>
				</item>
				<item id="shownum"><![CDATA[10]]></item>
				<item id="cachetime"><![CDATA[3600]]></item>
				<item id="cachetimerange"><![CDATA[]]></item>
				<item id="punctualupdate"><![CDATA[0]]></item>
				<item id="hidedisplay"><![CDATA[0]]></item>
				<item id="dateline"><![CDATA[1520905037]]></item>
				<item id="notinherited"><![CDATA[0]]></item>
				<item id="isblank"><![CDATA[0]]></item>
			</item>
		</item>
		<item id="style">
		</item>
	</item>
</root>