<?xml version="1.0" encoding="ISO-8859-1"?>
<root>
	<item id="spacecss"><![CDATA[]]></item>
	<item id="layoutdata">
		<item id="nex_wdfenlei">
			<item id="frame`frame9zG7cz">
				<item id="attr">
					<item id="name"><![CDATA[frame9zG7cz]]></item>
					<item id="moveable"><![CDATA[true]]></item>
					<item id="className"><![CDATA[frame move-span cl frame-1]]></item>
					<item id="titles"><![CDATA[]]></item>
				</item>
				<item id="column`frame9zG7cz_left">
					<item id="attr">
						<item id="name"><![CDATA[frame9zG7cz_left]]></item>
						<item id="className"><![CDATA[column frame-1-c]]></item>
					</item>
					<item id="block`portal_block_5545">
						<item id="attr">
							<item id="name"><![CDATA[portal_block_5545]]></item>
							<item id="className"><![CDATA[block move-span]]></item>
							<item id="titles"><![CDATA[]]></item>
						</item>
					</item>
				</item>
			</item>
		</item>
		<item id="nex_QNA_jhwdl">
			<item id="frame`frameuPw2w8">
				<item id="attr">
					<item id="name"><![CDATA[frameuPw2w8]]></item>
					<item id="moveable"><![CDATA[true]]></item>
					<item id="className"><![CDATA[frame move-span cl frame-1]]></item>
					<item id="titles"><![CDATA[]]></item>
				</item>
				<item id="column`frameuPw2w8_left">
					<item id="attr">
						<item id="name"><![CDATA[frameuPw2w8_left]]></item>
						<item id="className"><![CDATA[column frame-1-c]]></item>
					</item>
					<item id="block`portal_block_5546">
						<item id="attr">
							<item id="name"><![CDATA[portal_block_5546]]></item>
							<item id="className"><![CDATA[block move-span]]></item>
							<item id="titles"><![CDATA[]]></item>
						</item>
					</item>
				</item>
			</item>
		</item>
		<item id="nex_QNA_jhwdr_top">
			<item id="frame`frameO4r7Xf">
				<item id="attr">
					<item id="name"><![CDATA[frameO4r7Xf]]></item>
					<item id="moveable"><![CDATA[true]]></item>
					<item id="className"><![CDATA[frame move-span cl frame-1]]></item>
					<item id="titles"><![CDATA[]]></item>
				</item>
				<item id="column`frameO4r7Xf_left">
					<item id="attr">
						<item id="name"><![CDATA[frameO4r7Xf_left]]></item>
						<item id="className"><![CDATA[column frame-1-c]]></item>
					</item>
					<item id="block`portal_block_5547">
						<item id="attr">
							<item id="name"><![CDATA[portal_block_5547]]></item>
							<item id="className"><![CDATA[block move-span]]></item>
							<item id="titles"><![CDATA[]]></item>
						</item>
					</item>
				</item>
			</item>
		</item>
		<item id="nex_QNA_jhwdr_btm">
			<item id="frame`frame24RolL">
				<item id="attr">
					<item id="name"><![CDATA[frame24RolL]]></item>
					<item id="moveable"><![CDATA[true]]></item>
					<item id="className"><![CDATA[frame move-span cl frame-1]]></item>
					<item id="titles"><![CDATA[]]></item>
				</item>
				<item id="column`frame24RolL_left">
					<item id="attr">
						<item id="name"><![CDATA[frame24RolL_left]]></item>
						<item id="className"><![CDATA[column frame-1-c]]></item>
					</item>
					<item id="block`portal_block_5548">
						<item id="attr">
							<item id="name"><![CDATA[portal_block_5548]]></item>
							<item id="className"><![CDATA[block move-span]]></item>
							<item id="titles"><![CDATA[]]></item>
						</item>
					</item>
				</item>
			</item>
		</item>
		<item id="nex_QNA_allins">
			<item id="frame`framev9oJ9p">
				<item id="attr">
					<item id="name"><![CDATA[framev9oJ9p]]></item>
					<item id="moveable"><![CDATA[true]]></item>
					<item id="className"><![CDATA[frame move-span cl frame-1]]></item>
					<item id="titles"><![CDATA[]]></item>
				</item>
				<item id="column`framev9oJ9p_left">
					<item id="attr">
						<item id="name"><![CDATA[framev9oJ9p_left]]></item>
						<item id="className"><![CDATA[column frame-1-c]]></item>
					</item>
					<item id="block`portal_block_5549">
						<item id="attr">
							<item id="name"><![CDATA[portal_block_5549]]></item>
							<item id="className"><![CDATA[block move-span]]></item>
							<item id="titles"><![CDATA[]]></item>
						</item>
					</item>
				</item>
			</item>
		</item>
		<item id="nex_QNA_ads">
			<item id="frame`frameNwu8pG">
				<item id="attr">
					<item id="name"><![CDATA[frameNwu8pG]]></item>
					<item id="moveable"><![CDATA[true]]></item>
					<item id="className"><![CDATA[frame move-span cl frame-1]]></item>
					<item id="titles"><![CDATA[]]></item>
				</item>
				<item id="column`frameNwu8pG_left">
					<item id="attr">
						<item id="name"><![CDATA[frameNwu8pG_left]]></item>
						<item id="className"><![CDATA[column frame-1-c]]></item>
					</item>
					<item id="block`portal_block_5550">
						<item id="attr">
							<item id="name"><![CDATA[portal_block_5550]]></item>
							<item id="className"><![CDATA[block move-span]]></item>
							<item id="titles"><![CDATA[]]></item>
						</item>
					</item>
				</item>
			</item>
		</item>
		<item id="nex_QNA_newans">
			<item id="frame`frame4o747o">
				<item id="attr">
					<item id="name"><![CDATA[frame4o747o]]></item>
					<item id="moveable"><![CDATA[true]]></item>
					<item id="className"><![CDATA[frame move-span cl frame-1]]></item>
					<item id="titles"><![CDATA[]]></item>
				</item>
				<item id="column`frame4o747o_left">
					<item id="attr">
						<item id="name"><![CDATA[frame4o747o_left]]></item>
						<item id="className"><![CDATA[column frame-1-c]]></item>
					</item>
					<item id="block`portal_block_5551">
						<item id="attr">
							<item id="name"><![CDATA[portal_block_5551]]></item>
							<item id="className"><![CDATA[block move-span]]></item>
							<item id="titles"><![CDATA[]]></item>
						</item>
					</item>
				</item>
			</item>
		</item>
		<item id="nex_QNA_highscore">
			<item id="frame`frameZJ68s8">
				<item id="attr">
					<item id="name"><![CDATA[frameZJ68s8]]></item>
					<item id="moveable"><![CDATA[true]]></item>
					<item id="className"><![CDATA[frame move-span cl frame-1]]></item>
					<item id="titles"><![CDATA[]]></item>
				</item>
				<item id="column`frameZJ68s8_left">
					<item id="attr">
						<item id="name"><![CDATA[frameZJ68s8_left]]></item>
						<item id="className"><![CDATA[column frame-1-c]]></item>
					</item>
					<item id="block`portal_block_5552">
						<item id="attr">
							<item id="name"><![CDATA[portal_block_5552]]></item>
							<item id="className"><![CDATA[block move-span]]></item>
							<item id="titles"><![CDATA[]]></item>
						</item>
					</item>
				</item>
			</item>
		</item>
		<item id="nex_QNA_tgpic">
			<item id="frame`frameWzfvgR">
				<item id="attr">
					<item id="name"><![CDATA[frameWzfvgR]]></item>
					<item id="moveable"><![CDATA[true]]></item>
					<item id="className"><![CDATA[frame move-span cl frame-1]]></item>
					<item id="titles"><![CDATA[]]></item>
				</item>
				<item id="column`frameWzfvgR_left">
					<item id="attr">
						<item id="name"><![CDATA[frameWzfvgR_left]]></item>
						<item id="className"><![CDATA[column frame-1-c]]></item>
					</item>
					<item id="block`portal_block_5553">
						<item id="attr">
							<item id="name"><![CDATA[portal_block_5553]]></item>
							<item id="className"><![CDATA[block move-span]]></item>
							<item id="titles"><![CDATA[]]></item>
						</item>
					</item>
				</item>
			</item>
		</item>
		<item id="nex_QNA_nembers">
			<item id="frame`frameH54Fc7">
				<item id="attr">
					<item id="name"><![CDATA[frameH54Fc7]]></item>
					<item id="moveable"><![CDATA[true]]></item>
					<item id="className"><![CDATA[frame move-span cl frame-1]]></item>
					<item id="titles"><![CDATA[]]></item>
				</item>
				<item id="column`frameH54Fc7_left">
					<item id="attr">
						<item id="name"><![CDATA[frameH54Fc7_left]]></item>
						<item id="className"><![CDATA[column frame-1-c]]></item>
					</item>
					<item id="block`portal_block_5554">
						<item id="attr">
							<item id="name"><![CDATA[portal_block_5554]]></item>
							<item id="className"><![CDATA[block move-span]]></item>
							<item id="titles"><![CDATA[]]></item>
						</item>
					</item>
				</item>
			</item>
		</item>
		<item id="ulList">
			<item id="frame`framedX82QD">
				<item id="attr">
					<item id="name"><![CDATA[framedX82QD]]></item>
					<item id="moveable"><![CDATA[true]]></item>
					<item id="className"><![CDATA[frame move-span cl frame-1]]></item>
					<item id="titles"><![CDATA[]]></item>
				</item>
				<item id="column`framedX82QD_left">
					<item id="attr">
						<item id="name"><![CDATA[framedX82QD_left]]></item>
						<item id="className"><![CDATA[column frame-1-c]]></item>
					</item>
					<item id="block`portal_block_5555">
						<item id="attr">
							<item id="name"><![CDATA[portal_block_5555]]></item>
							<item id="className"><![CDATA[block move-span]]></item>
							<item id="titles"><![CDATA[]]></item>
						</item>
					</item>
				</item>
			</item>
		</item>
		<item id="nex_QNA_tgpicx">
			<item id="frame`frame3OcEcT">
				<item id="attr">
					<item id="name"><![CDATA[frame3OcEcT]]></item>
					<item id="moveable"><![CDATA[true]]></item>
					<item id="className"><![CDATA[frame move-span cl frame-1]]></item>
					<item id="titles"><![CDATA[]]></item>
				</item>
				<item id="column`frame3OcEcT_left">
					<item id="attr">
						<item id="name"><![CDATA[frame3OcEcT_left]]></item>
						<item id="className"><![CDATA[column frame-1-c]]></item>
					</item>
					<item id="block`portal_block_5556">
						<item id="attr">
							<item id="name"><![CDATA[portal_block_5556]]></item>
							<item id="className"><![CDATA[block move-span]]></item>
							<item id="titles"><![CDATA[]]></item>
						</item>
					</item>
				</item>
			</item>
		</item>
		<item id="nex_QNA_tags">
			<item id="frame`frameMf66sV">
				<item id="attr">
					<item id="name"><![CDATA[frameMf66sV]]></item>
					<item id="moveable"><![CDATA[true]]></item>
					<item id="className"><![CDATA[frame move-span cl frame-1]]></item>
					<item id="titles"><![CDATA[]]></item>
				</item>
				<item id="column`frameMf66sV_left">
					<item id="attr">
						<item id="name"><![CDATA[frameMf66sV_left]]></item>
						<item id="className"><![CDATA[column frame-1-c]]></item>
					</item>
					<item id="block`portal_block_5557">
						<item id="attr">
							<item id="name"><![CDATA[portal_block_5557]]></item>
							<item id="className"><![CDATA[block move-span]]></item>
							<item id="titles"><![CDATA[]]></item>
						</item>
					</item>
				</item>
			</item>
		</item>
	</item>
	<item id="blockdata">
		<item id="block">
			<item id="5545">
				<item id="bid"><![CDATA[5545]]></item>
				<item id="blockclass"><![CDATA[html_html]]></item>
				<item id="blocktype"><![CDATA[0]]></item>
				<item id="name"><![CDATA[WD_fenlei]]></item>
				<item id="title"><![CDATA[]]></item>
				<item id="classname"><![CDATA[]]></item>
				<item id="summary"><![CDATA[<li>
                        	<h5>备孕期阶段</h5>
                            <div class="nex_QNA_flterms">
								<a title="孕前检查" href="http://t.cn/Aiux1Qh0" target="_blank">孕前检查</a>
								<a title="孕前禁忌" href="http://t.cn/Aiux1Qh0" target="_blank">孕前禁忌</a>
								<a title="孕前营养" href="http://t.cn/Aiux1Qh0" target="_blank">孕前营养</a>
								<a title="如何怀孕" href="http://t.cn/Aiux1Qh0" target="_blank">如何怀孕</a>
								<a title="不孕不育" href="http://t.cn/Aiux1Qh0" target="_blank">不孕不育</a>
								<a title="流产" href="http://t.cn/Aiux1Qh0" target="_blank">流产</a>
								<a title="求助" href="http://t.cn/Aiux1Qh0" target="_blank">求助</a>
								<a title="其他" href="http://t.cn/Aiux1Qh0" target="_blank">其他</a>
                                <div class="clear"></div>
                            </div>
                        </li>
                        <li>
                        	<h5>怀孕期阶段</h5>
                            <div class="nex_QNA_flterms">
								<a title="怀孕反应" href="http://t.cn/Aiux1Qh0" target="_blank">怀孕反应</a>
								<a title="孕期检查" href="http://t.cn/Aiux1Qh0" target="_blank">孕期检查</a>
								<a title="营养保健" href="http://t.cn/Aiux1Qh0" target="_blank">营养保健</a>
								<a title="医院交流" href="http://t.cn/Aiux1Qh0" target="_blank">医院交流</a>
								<a title="产检建档" href="http://t.cn/Aiux1Qh0" target="_blank">产检建档</a>
								<a title="待产包" href="http://t.cn/Aiux1Qh0" target="_blank">待产包</a>
								<a title="胎儿发育" href="http://t.cn/Aiux1Qh0" target="_blank">胎儿发育</a>
								<a title="待产分娩" href="http://t.cn/Aiux1Qh0" target="_blank">待产分娩</a>
								<a title="生育保险" href="http://t.cn/Aiux1Qh0" target="_blank">生育保险</a>
								<a title="工作和产假" href="http://t.cn/Aiux1Qh0" target="_blank">工作和产假</a>
								<a title="胎教" href="http://t.cn/Aiux1Qh0" target="_blank">胎教</a>
								<a title="其他" href="http://t.cn/Aiux1Qh0" target="_blank">其他</a>
                                <div class="clear"></div>
                            </div>
                        </li>
                        <li>
                        	<h5>婴儿期阶段</h5>
                            <div class="nex_QNA_flterms">
								<a title="月子/月嫂" href="http://t.cn/Aiux1Qh0" target="_blank">月子/月嫂</a>
								<a title="产后恢复" href="http://t.cn/Aiux1Qh0" target="_blank">产后恢复</a>
								<a title="育儿心情" href="http://t.cn/Aiux1Qh0" target="_blank">育儿心情</a>
								<a title="母乳喂养" href="http://t.cn/Aiux1Qh0" target="_blank">母乳喂养</a>
								<a title="宝宝用品" href="http://t.cn/Aiux1Qh0" target="_blank">宝宝用品</a>
								<a title="宝宝护理" href="http://t.cn/Aiux1Qh0" target="_blank">宝宝护理</a>
								<a title="居家用药" href="http://t.cn/Aiux1Qh0" target="_blank">居家用药</a>
								<a title="奶粉/辅食" href="http://t.cn/Aiux1Qh0" target="_blank">奶粉/辅食</a>
								<a title="免疫接种" href="http://t.cn/Aiux1Qh0" target="_blank">免疫接种</a>
								<a title="营养食谱" href="http://t.cn/Aiux1Qh0" target="_blank">营养食谱</a>
								<a title="婴儿保健" href="http://t.cn/Aiux1Qh0" target="_blank">婴儿保健</a>
								<a title="行为习惯" href="http://t.cn/Aiux1Qh0" target="_blank">行为习惯</a>
								<a title="早产儿" href="http://t.cn/Aiux1Qh0" target="_blank">早产儿</a>
								<a title="婴儿发育" href="http://t.cn/Aiux1Qh0" target="_blank">婴儿发育</a>
								<a title="婴儿疾病" href="http://t.cn/Aiux1Qh0" target="_blank">婴儿疾病</a>
								<a title="宝宝起名" href="http://t.cn/Aiux1Qh0" target="_blank">宝宝起名</a>
								<a title="早期启蒙" href="http://t.cn/Aiux1Qh0" target="_blank">早期启蒙</a>
								<a title="其他" href="http://t.cn/Aiux1Qh0" target="_blank">其他</a>
                                <div class="clear"></div>
                            </div>
                        </li>
                        <li>
                        	<h5>幼儿期阶段</h5>
                            <div class="nex_QNA_flterms">
								<a title="幼儿饮食健康" href="http://t.cn/Aiux1Qh0" target="_blank">幼儿饮食健康</a>
								<a title="幼儿常见病" href="http://t.cn/Aiux1Qh0" target="_blank">幼儿常见病</a>
								<a title="早教讨论" href="http://t.cn/Aiux1Qh0" target="_blank">早教讨论</a>
								<a title="机构点评" href="http://t.cn/Aiux1Qh0" target="_blank">机构点评</a>
								<a title="幼儿发育" href="http://t.cn/Aiux1Qh0" target="_blank">幼儿发育</a>
								<a title="行为习惯" href="http://t.cn/Aiux1Qh0" target="_blank">行为习惯</a>
								<a title="性格心理" href="http://t.cn/Aiux1Qh0" target="_blank">性格心理</a>
								<a title="幼儿护理" href="http://t.cn/Aiux1Qh0" target="_blank">幼儿护理</a>
								<a title="语言发展" href="http://t.cn/Aiux1Qh0" target="_blank">语言发展</a>
								<a title="其他" href="http://t.cn/Aiux1Qh0" target="_blank">其他</a>
                                <div class="clear"></div>
                            </div>
                        </li>
                        <li>
                        	<h5>学龄前阶段</h5>
                            <div class="nex_QNA_flterms">
								<a title="兴趣爱好" href="http://t.cn/Aiux1Qh0" target="_blank">兴趣爱好</a>
								<a title="幼儿园" href="http://t.cn/Aiux1Qh0" target="_blank">幼儿园</a>
								<a title="亲子沟通" href="http://t.cn/Aiux1Qh0" target="_blank">亲子沟通</a>
								<a title="智力情感" href="http://t.cn/Aiux1Qh0" target="_blank">智力情感</a>
								<a title="学龄教育" href="http://t.cn/Aiux1Qh0" target="_blank">学龄教育</a>
								<a title="营养健康" href="http://t.cn/Aiux1Qh0" target="_blank">营养健康</a>
								<a title="活动游戏" href="http://t.cn/Aiux1Qh0" target="_blank">活动游戏</a>
								<a title="性启蒙" href="http://t.cn/Aiux1Qh0" target="_blank">性启蒙</a>
								<a title="安全防护" href="http://t.cn/Aiux1Qh0" target="_blank">安全防护</a>
								<a title="疾病护理" href="http://t.cn/Aiux1Qh0" target="_blank">疾病护理</a>
								<a title="特殊儿童" href="http://t.cn/Aiux1Qh0" target="_blank">特殊儿童</a>
								<a title="其他" href="http://t.cn/Aiux1Qh0" target="_blank">其他</a>
                                <div class="clear"></div>
                            </div>
                        </li>
                        <li>
                        	<h5>家有学童</h5>
                            <div class="nex_QNA_flterms">
								<a title="入学准备" href="http://t.cn/Aiux1Qh0" target="_blank">入学准备</a>
								<a title="择校讨论" href="http://t.cn/Aiux1Qh0" target="_blank">择校讨论</a>
								<a title="幼升小" href="http://t.cn/Aiux1Qh0" target="_blank">幼升小</a>
								<a title="小升初" href="http://t.cn/Aiux1Qh0" target="_blank">小升初</a>
								<a title="家庭教育" href="http://t.cn/Aiux1Qh0" target="_blank">家庭教育</a>
								<a title="兴趣培养" href="http://t.cn/Aiux1Qh0" target="_blank">兴趣培养</a>
								<a title="学童学习" href="http://t.cn/Aiux1Qh0" target="_blank">学童学习</a>
								<a title="学童心理" href="http://t.cn/Aiux1Qh0" target="_blank">学童心理</a>
								<a title="身体发育" href="http://t.cn/Aiux1Qh0" target="_blank">身体发育</a>
								<a title="其他" href="http://t.cn/Aiux1Qh0" target="_blank">其他</a>
                                <div class="clear"></div>
                            </div>
                        </li>
                        <li>
                        	<h5>常见疾病</h5>
                            <div class="nex_QNA_flterms" style=" margin-bottom:0; padding-bottom:0; border-bottom:0;">
								<a title="感冒" href="http://t.cn/Aiux1Qh0" target="_blank">感冒</a>
								<a title="发烧" href="http://t.cn/Aiux1Qh0" target="_blank">发烧</a>
								<a title="过敏" href="http://t.cn/Aiux1Qh0" target="_blank">过敏</a>
								<a title="鼻炎" href="http://t.cn/Aiux1Qh0" target="_blank">鼻炎</a>
								<a title="咳嗽" href="http://t.cn/Aiux1Qh0" target="_blank">咳嗽</a>
								<a title="厌食" href="http://t.cn/Aiux1Qh0" target="_blank">厌食</a>
								<a title="腹泻" href="http://t.cn/Aiux1Qh0" target="_blank">腹泻</a>
								<a title="哮喘" href="http://t.cn/Aiux1Qh0" target="_blank">哮喘</a>
								<a title="手足口病" href="http://t.cn/Aiux1Qh0" target="_blank">手足口病</a>
								<a title="支气管炎" href="http://t.cn/Aiux1Qh0" target="_blank">支气管炎</a>
								<a title="黄疸" href="http://t.cn/Aiux1Qh0" target="_blank">黄疸</a>
								<a title="多动症" href="http://t.cn/Aiux1Qh0" target="_blank">多动症</a>
								<a title="肝炎" href="http://t.cn/Aiux1Qh0" target="_blank">肝炎</a>
								<a title="肺炎" href="http://t.cn/Aiux1Qh0" target="_blank">肺炎</a>
								<a title="惊厥" href="http://t.cn/Aiux1Qh0" target="_blank">惊厥</a>
								<a title="癫痫" href="http://t.cn/Aiux1Qh0" target="_blank">癫痫</a>
								<a title="其他" href="http://t.cn/Aiux1Qh0" target="_blank">其他</a>
                                <div class="clear"></div>
                            </div>
                        </li>]]></item>
				<item id="uid"><![CDATA[1]]></item>
				<item id="username"><![CDATA[DISM.TAOBAO.COM]]></item>
				<item id="styleid"><![CDATA[0]]></item>
				<item id="blockstyle"><![CDATA[]]></item>
				<item id="picwidth"><![CDATA[0]]></item>
				<item id="picheight"><![CDATA[0]]></item>
				<item id="target"><![CDATA[blank]]></item>
				<item id="dateformat"><![CDATA[Y-m-d]]></item>
				<item id="dateuformat"><![CDATA[0]]></item>
				<item id="script"><![CDATA[blank]]></item>
				<item id="param">
					<item id="content"><![CDATA[<li>
                        	<h5>备孕期阶段</h5>
                            <div class=\"nex_QNA_flterms\">
								<a title=\"孕前检查\" href=\"#\" target=\"_blank\">孕前检查</a>
								<a title=\"孕前禁忌\" href=\"#\" target=\"_blank\">孕前禁忌</a>
								<a title=\"孕前营养\" href=\"#\" target=\"_blank\">孕前营养</a>
								<a title=\"如何怀孕\" href=\"#\" target=\"_blank\">如何怀孕</a>
								<a title=\"不孕不育\" href=\"#\" target=\"_blank\">不孕不育</a>
								<a title=\"流产\" href=\"#\" target=\"_blank\">流产</a>
								<a title=\"求助\" href=\"#\" target=\"_blank\">求助</a>
								<a title=\"其他\" href=\"#\" target=\"_blank\">其他</a>
                                <div class=\"clear\"></div>
                            </div>
                        </li>
                        <li>
                        	<h5>怀孕期阶段</h5>
                            <div class=\"nex_QNA_flterms\">
								<a title=\"怀孕反应\" href=\"#\" target=\"_blank\">怀孕反应</a>
								<a title=\"孕期检查\" href=\"#\" target=\"_blank\">孕期检查</a>
								<a title=\"营养保健\" href=\"#\" target=\"_blank\">营养保健</a>
								<a title=\"医院交流\" href=\"#\" target=\"_blank\">医院交流</a>
								<a title=\"产检建档\" href=\"#\" target=\"_blank\">产检建档</a>
								<a title=\"待产包\" href=\"#\" target=\"_blank\">待产包</a>
								<a title=\"胎儿发育\" href=\"#\" target=\"_blank\">胎儿发育</a>
								<a title=\"待产分娩\" href=\"#\" target=\"_blank\">待产分娩</a>
								<a title=\"生育保险\" href=\"#\" target=\"_blank\">生育保险</a>
								<a title=\"工作和产假\" href=\"#\" target=\"_blank\">工作和产假</a>
								<a title=\"胎教\" href=\"#\" target=\"_blank\">胎教</a>
								<a title=\"其他\" href=\"#\" target=\"_blank\">其他</a>
                                <div class=\"clear\"></div>
                            </div>
                        </li>
                        <li>
                        	<h5>婴儿期阶段</h5>
                            <div class=\"nex_QNA_flterms\">
								<a title=\"月子/月嫂\" href=\"#\" target=\"_blank\">月子/月嫂</a>
								<a title=\"产后恢复\" href=\"#\" target=\"_blank\">产后恢复</a>
								<a title=\"育儿心情\" href=\"#\" target=\"_blank\">育儿心情</a>
								<a title=\"母乳喂养\" href=\"#\" target=\"_blank\">母乳喂养</a>
								<a title=\"宝宝用品\" href=\"#\" target=\"_blank\">宝宝用品</a>
								<a title=\"宝宝护理\" href=\"#\" target=\"_blank\">宝宝护理</a>
								<a title=\"居家用药\" href=\"#\" target=\"_blank\">居家用药</a>
								<a title=\"奶粉/辅食\" href=\"#\" target=\"_blank\">奶粉/辅食</a>
								<a title=\"免疫接种\" href=\"#\" target=\"_blank\">免疫接种</a>
								<a title=\"营养食谱\" href=\"#\" target=\"_blank\">营养食谱</a>
								<a title=\"婴儿保健\" href=\"#\" target=\"_blank\">婴儿保健</a>
								<a title=\"行为习惯\" href=\"#\" target=\"_blank\">行为习惯</a>
								<a title=\"早产儿\" href=\"#\" target=\"_blank\">早产儿</a>
								<a title=\"婴儿发育\" href=\"#\" target=\"_blank\">婴儿发育</a>
								<a title=\"婴儿疾病\" href=\"#\" target=\"_blank\">婴儿疾病</a>
								<a title=\"宝宝起名\" href=\"#\" target=\"_blank\">宝宝起名</a>
								<a title=\"早期启蒙\" href=\"#\" target=\"_blank\">早期启蒙</a>
								<a title=\"其他\" href=\"#\" target=\"_blank\">其他</a>
                                <div class=\"clear\"></div>
                            </div>
                        </li>
                        <li>
                        	<h5>幼儿期阶段</h5>
                            <div class=\"nex_QNA_flterms\">
								<a title=\"幼儿饮食健康\" href=\"#\" target=\"_blank\">幼儿饮食健康</a>
								<a title=\"幼儿常见病\" href=\"#\" target=\"_blank\">幼儿常见病</a>
								<a title=\"早教讨论\" href=\"#\" target=\"_blank\">早教讨论</a>
								<a title=\"机构点评\" href=\"#\" target=\"_blank\">机构点评</a>
								<a title=\"幼儿发育\" href=\"#\" target=\"_blank\">幼儿发育</a>
								<a title=\"行为习惯\" href=\"#\" target=\"_blank\">行为习惯</a>
								<a title=\"性格心理\" href=\"#\" target=\"_blank\">性格心理</a>
								<a title=\"幼儿护理\" href=\"#\" target=\"_blank\">幼儿护理</a>
								<a title=\"语言发展\" href=\"#\" target=\"_blank\">语言发展</a>
								<a title=\"其他\" href=\"#\" target=\"_blank\">其他</a>
                                <div class=\"clear\"></div>
                            </div>
                        </li>
                        <li>
                        	<h5>学龄前阶段</h5>
                            <div class=\"nex_QNA_flterms\">
								<a title=\"兴趣爱好\" href=\"#\" target=\"_blank\">兴趣爱好</a>
								<a title=\"幼儿园\" href=\"#\" target=\"_blank\">幼儿园</a>
								<a title=\"亲子沟通\" href=\"#\" target=\"_blank\">亲子沟通</a>
								<a title=\"智力情感\" href=\"#\" target=\"_blank\">智力情感</a>
								<a title=\"学龄教育\" href=\"#\" target=\"_blank\">学龄教育</a>
								<a title=\"营养健康\" href=\"#\" target=\"_blank\">营养健康</a>
								<a title=\"活动游戏\" href=\"#\" target=\"_blank\">活动游戏</a>
								<a title=\"性启蒙\" href=\"#\" target=\"_blank\">性启蒙</a>
								<a title=\"安全防护\" href=\"#\" target=\"_blank\">安全防护</a>
								<a title=\"疾病护理\" href=\"#\" target=\"_blank\">疾病护理</a>
								<a title=\"特殊儿童\" href=\"#\" target=\"_blank\">特殊儿童</a>
								<a title=\"其他\" href=\"#\" target=\"_blank\">其他</a>
                                <div class=\"clear\"></div>
                            </div>
                        </li>
                        <li>
                        	<h5>家有学童</h5>
                            <div class=\"nex_QNA_flterms\">
								<a title=\"入学准备\" href=\"#\" target=\"_blank\">入学准备</a>
								<a title=\"择校讨论\" href=\"#\" target=\"_blank\">择校讨论</a>
								<a title=\"幼升小\" href=\"#\" target=\"_blank\">幼升小</a>
								<a title=\"小升初\" href=\"#\" target=\"_blank\">小升初</a>
								<a title=\"家庭教育\" href=\"#\" target=\"_blank\">家庭教育</a>
								<a title=\"兴趣培养\" href=\"#\" target=\"_blank\">兴趣培养</a>
								<a title=\"学童学习\" href=\"#\" target=\"_blank\">学童学习</a>
								<a title=\"学童心理\" href=\"#\" target=\"_blank\">学童心理</a>
								<a title=\"身体发育\" href=\"#\" target=\"_blank\">身体发育</a>
								<a title=\"其他\" href=\"#\" target=\"_blank\">其他</a>
                                <div class=\"clear\"></div>
                            </div>
                        </li>
                        <li>
                        	<h5>常见疾病</h5>
                            <div class=\"nex_QNA_flterms\" style=\" margin-bottom:0; padding-bottom:0; border-bottom:0;\">
								<a title=\"感冒\" href=\"#\" target=\"_blank\">感冒</a>
								<a title=\"发烧\" href=\"#\" target=\"_blank\">发烧</a>
								<a title=\"过敏\" href=\"#\" target=\"_blank\">过敏</a>
								<a title=\"鼻炎\" href=\"#\" target=\"_blank\">鼻炎</a>
								<a title=\"咳嗽\" href=\"#\" target=\"_blank\">咳嗽</a>
								<a title=\"厌食\" href=\"#\" target=\"_blank\">厌食</a>
								<a title=\"腹泻\" href=\"#\" target=\"_blank\">腹泻</a>
								<a title=\"哮喘\" href=\"#\" target=\"_blank\">哮喘</a>
								<a title=\"手足口病\" href=\"#\" target=\"_blank\">手足口病</a>
								<a title=\"支气管炎\" href=\"#\" target=\"_blank\">支气管炎</a>
								<a title=\"黄疸\" href=\"#\" target=\"_blank\">黄疸</a>
								<a title=\"多动症\" href=\"#\" target=\"_blank\">多动症</a>
								<a title=\"肝炎\" href=\"#\" target=\"_blank\">肝炎</a>
								<a title=\"肺炎\" href=\"#\" target=\"_blank\">肺炎</a>
								<a title=\"惊厥\" href=\"#\" target=\"_blank\">惊厥</a>
								<a title=\"癫痫\" href=\"#\" target=\"_blank\">癫痫</a>
								<a title=\"其他\" href=\"#\" target=\"_blank\">其他</a>
                                <div class=\"clear\"></div>
                            </div>
                        </li>]]></item>
					<item id="items"><![CDATA[10]]></item>
				</item>
				<item id="shownum"><![CDATA[10]]></item>
				<item id="cachetime"><![CDATA[3600]]></item>
				<item id="cachetimerange"><![CDATA[]]></item>
				<item id="punctualupdate"><![CDATA[0]]></item>
				<item id="hidedisplay"><![CDATA[0]]></item>
				<item id="dateline"><![CDATA[1521363431]]></item>
				<item id="notinherited"><![CDATA[0]]></item>
				<item id="isblank"><![CDATA[0]]></item>
			</item>
			<item id="5546">
				<item id="bid"><![CDATA[5546]]></item>
				<item id="blockclass"><![CDATA[forum_thread]]></item>
				<item id="blocktype"><![CDATA[0]]></item>
				<item id="name"><![CDATA[WD_JHL]]></item>
				<item id="title"><![CDATA[]]></item>
				<item id="classname"><![CDATA[]]></item>
				<item id="summary"><![CDATA[]]></item>
				<item id="uid"><![CDATA[1]]></item>
				<item id="username"><![CDATA[DISM.TAOBAO.COM]]></item>
				<item id="styleid"><![CDATA[0]]></item>
				<item id="blockstyle">
					<item id="name"><![CDATA[]]></item>
					<item id="blockclass"><![CDATA[forum_thread]]></item>
					<item id="makethumb"><![CDATA[1]]></item>
					<item id="getpic"><![CDATA[1]]></item>
					<item id="getsummary"><![CDATA[0]]></item>
					<item id="settarget"><![CDATA[0]]></item>
					<item id="moreurl"><![CDATA[0]]></item>
					<item id="fields">
						<item id="0"><![CDATA[url]]></item>
						<item id="1"><![CDATA[pic]]></item>
						<item id="2"><![CDATA[title]]></item>
					</item>
					<item id="template">
						<item id="raw"><![CDATA[[loop]
<a href="{url}" target="_blank">
                        	<img src="{pic}" width="{picwidth}" height="{picheight}" />
                            <p>{title}</p>
                        </a>
[/loop]]]></item>
						<item id="footer"><![CDATA[]]></item>
						<item id="header"><![CDATA[]]></item>
						<item id="indexplus">
						</item>
						<item id="index">
						</item>
						<item id="orderplus">
						</item>
						<item id="order">
						</item>
						<item id="loopplus">
						</item>
						<item id="loop"><![CDATA[<a href="{url}" target="_blank">
                        	<img src="{pic}" width="{picwidth}" height="{picheight}" />
                            <p>{title}</p>
                        </a>]]></item>
					</item>
					<item id="hash"><![CDATA[cce00050]]></item>
				</item>
				<item id="picwidth"><![CDATA[280]]></item>
				<item id="picheight"><![CDATA[220]]></item>
				<item id="target"><![CDATA[blank]]></item>
				<item id="dateformat"><![CDATA[Y-m-d]]></item>
				<item id="dateuformat"><![CDATA[0]]></item>
				<item id="script"><![CDATA[thread]]></item>
				<item id="param">
					<item id="tids"><![CDATA[]]></item>
					<item id="uids"><![CDATA[]]></item>
					<item id="keyword"><![CDATA[]]></item>
					<item id="tagkeyword"><![CDATA[]]></item>
					<item id="typeids"><![CDATA[]]></item>
					<item id="recommend"><![CDATA[0]]></item>
					<item id="viewmod"><![CDATA[0]]></item>
					<item id="rewardstatus"><![CDATA[0]]></item>
					<item id="picrequired"><![CDATA[1]]></item>
					<item id="orderby"><![CDATA[views]]></item>
					<item id="postdateline"><![CDATA[0]]></item>
					<item id="lastpost"><![CDATA[0]]></item>
					<item id="highlight"><![CDATA[0]]></item>
					<item id="titlelength"><![CDATA[40]]></item>
					<item id="summarylength"><![CDATA[80]]></item>
					<item id="startrow"><![CDATA[0]]></item>
					<item id="items"><![CDATA[1]]></item>
				</item>
				<item id="shownum"><![CDATA[1]]></item>
				<item id="cachetime"><![CDATA[3600]]></item>
				<item id="cachetimerange"><![CDATA[]]></item>
				<item id="punctualupdate"><![CDATA[0]]></item>
				<item id="hidedisplay"><![CDATA[0]]></item>
				<item id="dateline"><![CDATA[1521422018]]></item>
				<item id="notinherited"><![CDATA[0]]></item>
				<item id="isblank"><![CDATA[0]]></item>
			</item>
			<item id="5547">
				<item id="bid"><![CDATA[5547]]></item>
				<item id="blockclass"><![CDATA[forum_thread]]></item>
				<item id="blocktype"><![CDATA[0]]></item>
				<item id="name"><![CDATA[WD_JHTOP]]></item>
				<item id="title"><![CDATA[]]></item>
				<item id="classname"><![CDATA[]]></item>
				<item id="summary"><![CDATA[]]></item>
				<item id="uid"><![CDATA[1]]></item>
				<item id="username"><![CDATA[DISM.TAOBAO.COM]]></item>
				<item id="styleid"><![CDATA[0]]></item>
				<item id="blockstyle">
					<item id="name"><![CDATA[]]></item>
					<item id="blockclass"><![CDATA[forum_thread]]></item>
					<item id="makethumb"><![CDATA[0]]></item>
					<item id="getpic"><![CDATA[0]]></item>
					<item id="getsummary"><![CDATA[1]]></item>
					<item id="settarget"><![CDATA[0]]></item>
					<item id="moreurl"><![CDATA[0]]></item>
					<item id="fields">
						<item id="0"><![CDATA[url]]></item>
						<item id="1"><![CDATA[title]]></item>
						<item id="2"><![CDATA[summary]]></item>
					</item>
					<item id="template">
						<item id="raw"><![CDATA[[loop]
<h5><a href="{url}" target="_blank"><em>最新</em>{title}</a></h5>
                            <div class="nex_WD_sums"><i></i>{summary}<em></em></div>
[/loop]]]></item>
						<item id="footer"><![CDATA[]]></item>
						<item id="header"><![CDATA[]]></item>
						<item id="indexplus">
						</item>
						<item id="index">
						</item>
						<item id="orderplus">
						</item>
						<item id="order">
						</item>
						<item id="loopplus">
						</item>
						<item id="loop"><![CDATA[<h5><a href="{url}" target="_blank"><em>最新</em>{title}</a></h5>
                            <div class="nex_WD_sums"><i></i>{summary}<em></em></div>]]></item>
					</item>
					<item id="hash"><![CDATA[4e03105d]]></item>
				</item>
				<item id="picwidth"><![CDATA[0]]></item>
				<item id="picheight"><![CDATA[0]]></item>
				<item id="target"><![CDATA[blank]]></item>
				<item id="dateformat"><![CDATA[Y-m-d]]></item>
				<item id="dateuformat"><![CDATA[0]]></item>
				<item id="script"><![CDATA[thread]]></item>
				<item id="param">
					<item id="tids"><![CDATA[]]></item>
					<item id="uids"><![CDATA[]]></item>
					<item id="keyword"><![CDATA[]]></item>
					<item id="tagkeyword"><![CDATA[]]></item>
					<item id="typeids"><![CDATA[]]></item>
					<item id="recommend"><![CDATA[0]]></item>
					<item id="viewmod"><![CDATA[0]]></item>
					<item id="rewardstatus"><![CDATA[0]]></item>
					<item id="picrequired"><![CDATA[0]]></item>
					<item id="orderby"><![CDATA[lastpost]]></item>
					<item id="postdateline"><![CDATA[0]]></item>
					<item id="lastpost"><![CDATA[0]]></item>
					<item id="highlight"><![CDATA[0]]></item>
					<item id="titlelength"><![CDATA[40]]></item>
					<item id="summarylength"><![CDATA[80]]></item>
					<item id="startrow"><![CDATA[0]]></item>
					<item id="items"><![CDATA[1]]></item>
				</item>
				<item id="shownum"><![CDATA[1]]></item>
				<item id="cachetime"><![CDATA[3600]]></item>
				<item id="cachetimerange"><![CDATA[]]></item>
				<item id="punctualupdate"><![CDATA[0]]></item>
				<item id="hidedisplay"><![CDATA[0]]></item>
				<item id="dateline"><![CDATA[1521421994]]></item>
				<item id="notinherited"><![CDATA[0]]></item>
				<item id="isblank"><![CDATA[0]]></item>
			</item>
			<item id="5548">
				<item id="bid"><![CDATA[5548]]></item>
				<item id="blockclass"><![CDATA[forum_thread]]></item>
				<item id="blocktype"><![CDATA[0]]></item>
				<item id="name"><![CDATA[WD_JH_LIST]]></item>
				<item id="title"><![CDATA[]]></item>
				<item id="classname"><![CDATA[]]></item>
				<item id="summary"><![CDATA[]]></item>
				<item id="uid"><![CDATA[1]]></item>
				<item id="username"><![CDATA[DISM.TAOBAO.COM]]></item>
				<item id="styleid"><![CDATA[0]]></item>
				<item id="blockstyle">
					<item id="name"><![CDATA[]]></item>
					<item id="blockclass"><![CDATA[forum_thread]]></item>
					<item id="makethumb"><![CDATA[0]]></item>
					<item id="getpic"><![CDATA[0]]></item>
					<item id="getsummary"><![CDATA[0]]></item>
					<item id="settarget"><![CDATA[1]]></item>
					<item id="moreurl"><![CDATA[0]]></item>
					<item id="fields">
						<item id="0"><![CDATA[url]]></item>
						<item id="1"><![CDATA[title]]></item>
					</item>
					<item id="template">
						<item id="raw"><![CDATA[[loop]
<li><a href="{url}"{target}>{title}</a></li>
[/loop]]]></item>
						<item id="footer"><![CDATA[]]></item>
						<item id="header"><![CDATA[]]></item>
						<item id="indexplus">
						</item>
						<item id="index">
						</item>
						<item id="orderplus">
						</item>
						<item id="order">
						</item>
						<item id="loopplus">
						</item>
						<item id="loop"><![CDATA[<li><a href="{url}"{target}>{title}</a></li>]]></item>
					</item>
					<item id="hash"><![CDATA[6456d472]]></item>
				</item>
				<item id="picwidth"><![CDATA[0]]></item>
				<item id="picheight"><![CDATA[0]]></item>
				<item id="target"><![CDATA[blank]]></item>
				<item id="dateformat"><![CDATA[Y-m-d]]></item>
				<item id="dateuformat"><![CDATA[0]]></item>
				<item id="script"><![CDATA[thread]]></item>
				<item id="param">
					<item id="tids"><![CDATA[]]></item>
					<item id="uids"><![CDATA[]]></item>
					<item id="keyword"><![CDATA[]]></item>
					<item id="tagkeyword"><![CDATA[]]></item>
					<item id="typeids"><![CDATA[]]></item>
					<item id="recommend"><![CDATA[0]]></item>
					<item id="viewmod"><![CDATA[0]]></item>
					<item id="rewardstatus"><![CDATA[0]]></item>
					<item id="picrequired"><![CDATA[0]]></item>
					<item id="orderby"><![CDATA[replies]]></item>
					<item id="postdateline"><![CDATA[0]]></item>
					<item id="lastpost"><![CDATA[0]]></item>
					<item id="highlight"><![CDATA[0]]></item>
					<item id="titlelength"><![CDATA[40]]></item>
					<item id="summarylength"><![CDATA[80]]></item>
					<item id="startrow"><![CDATA[0]]></item>
					<item id="items"><![CDATA[4]]></item>
				</item>
				<item id="shownum"><![CDATA[4]]></item>
				<item id="cachetime"><![CDATA[3600]]></item>
				<item id="cachetimerange"><![CDATA[]]></item>
				<item id="punctualupdate"><![CDATA[0]]></item>
				<item id="hidedisplay"><![CDATA[0]]></item>
				<item id="dateline"><![CDATA[1520816041]]></item>
				<item id="notinherited"><![CDATA[0]]></item>
				<item id="isblank"><![CDATA[0]]></item>
			</item>
			<item id="5549">
				<item id="bid"><![CDATA[5549]]></item>
				<item id="blockclass"><![CDATA[forum_thread]]></item>
				<item id="blocktype"><![CDATA[0]]></item>
				<item id="name"><![CDATA[WD_ALL_IN]]></item>
				<item id="title"><![CDATA[]]></item>
				<item id="classname"><![CDATA[]]></item>
				<item id="summary"><![CDATA[]]></item>
				<item id="uid"><![CDATA[1]]></item>
				<item id="username"><![CDATA[DISM.TAOBAO.COM]]></item>
				<item id="styleid"><![CDATA[0]]></item>
				<item id="blockstyle">
					<item id="name"><![CDATA[]]></item>
					<item id="blockclass"><![CDATA[forum_thread]]></item>
					<item id="makethumb"><![CDATA[0]]></item>
					<item id="getpic"><![CDATA[0]]></item>
					<item id="getsummary"><![CDATA[0]]></item>
					<item id="settarget"><![CDATA[1]]></item>
					<item id="moreurl"><![CDATA[0]]></item>
					<item id="fields">
						<item id="0"><![CDATA[url]]></item>
						<item id="1"><![CDATA[title]]></item>
						<item id="2"><![CDATA[replies]]></item>
					</item>
					<item id="template">
						<item id="raw"><![CDATA[<ul>
[loop]
                 	
                        <li>
                        	<a href="{url}"{target}>{title}</a>
                            <em>{replies}个回答</em>
                            <div class="clear"></div>
                        </li>
                        
[/loop]   
                    </ul>]]></item>
						<item id="footer"><![CDATA[]]></item>
						<item id="header"><![CDATA[]]></item>
						<item id="indexplus">
						</item>
						<item id="index">
						</item>
						<item id="orderplus">
						</item>
						<item id="order">
						</item>
						<item id="loopplus">
						</item>
						<item id="loop"><![CDATA[<li>
                        	<a href="{url}"{target}>{title}</a>
                            <em>{replies}个回答</em>
                            <div class="clear"></div>
                        </li>]]></item>
					</item>
					<item id="hash"><![CDATA[ae910b7c]]></item>
				</item>
				<item id="picwidth"><![CDATA[0]]></item>
				<item id="picheight"><![CDATA[0]]></item>
				<item id="target"><![CDATA[blank]]></item>
				<item id="dateformat"><![CDATA[Y-m-d]]></item>
				<item id="dateuformat"><![CDATA[0]]></item>
				<item id="script"><![CDATA[thread]]></item>
				<item id="param">
					<item id="tids"><![CDATA[]]></item>
					<item id="uids"><![CDATA[]]></item>
					<item id="keyword"><![CDATA[]]></item>
					<item id="tagkeyword"><![CDATA[]]></item>
					<item id="typeids"><![CDATA[]]></item>
					<item id="recommend"><![CDATA[0]]></item>
					<item id="viewmod"><![CDATA[0]]></item>
					<item id="rewardstatus"><![CDATA[0]]></item>
					<item id="picrequired"><![CDATA[0]]></item>
					<item id="orderby"><![CDATA[views]]></item>
					<item id="postdateline"><![CDATA[0]]></item>
					<item id="lastpost"><![CDATA[0]]></item>
					<item id="highlight"><![CDATA[0]]></item>
					<item id="titlelength"><![CDATA[40]]></item>
					<item id="summarylength"><![CDATA[80]]></item>
					<item id="startrow"><![CDATA[0]]></item>
					<item id="items"><![CDATA[10]]></item>
				</item>
				<item id="shownum"><![CDATA[10]]></item>
				<item id="cachetime"><![CDATA[3600]]></item>
				<item id="cachetimerange"><![CDATA[]]></item>
				<item id="punctualupdate"><![CDATA[0]]></item>
				<item id="hidedisplay"><![CDATA[0]]></item>
				<item id="dateline"><![CDATA[1520816043]]></item>
				<item id="notinherited"><![CDATA[0]]></item>
				<item id="isblank"><![CDATA[0]]></item>
			</item>
			<item id="5550">
				<item id="bid"><![CDATA[5550]]></item>
				<item id="blockclass"><![CDATA[html_html]]></item>
				<item id="blocktype"><![CDATA[0]]></item>
				<item id="name"><![CDATA[WD_ADS]]></item>
				<item id="title"><![CDATA[]]></item>
				<item id="classname"><![CDATA[]]></item>
				<item id="summary"><![CDATA[<a href="http://t.cn/Aiux1Qh0" target="_blank"><img src="./template/nex_momkid_180226/neoconex/qna/ads1.jpg" /></a>]]></item>
				<item id="uid"><![CDATA[1]]></item>
				<item id="username"><![CDATA[DISM.TAOBAO.COM]]></item>
				<item id="styleid"><![CDATA[0]]></item>
				<item id="blockstyle"><![CDATA[]]></item>
				<item id="picwidth"><![CDATA[0]]></item>
				<item id="picheight"><![CDATA[0]]></item>
				<item id="target"><![CDATA[blank]]></item>
				<item id="dateformat"><![CDATA[Y-m-d]]></item>
				<item id="dateuformat"><![CDATA[0]]></item>
				<item id="script"><![CDATA[blank]]></item>
				<item id="param">
					<item id="content"><![CDATA[<a href=\"#\" target=\"_blank\"><img src=\"./template/nex_momkid_180226/neoconex/qna/ads1.jpg\" /></a>]]></item>
					<item id="items"><![CDATA[10]]></item>
				</item>
				<item id="shownum"><![CDATA[10]]></item>
				<item id="cachetime"><![CDATA[3600]]></item>
				<item id="cachetimerange"><![CDATA[]]></item>
				<item id="punctualupdate"><![CDATA[0]]></item>
				<item id="hidedisplay"><![CDATA[0]]></item>
				<item id="dateline"><![CDATA[1521007872]]></item>
				<item id="notinherited"><![CDATA[0]]></item>
				<item id="isblank"><![CDATA[0]]></item>
			</item>
			<item id="5551">
				<item id="bid"><![CDATA[5551]]></item>
				<item id="blockclass"><![CDATA[forum_thread]]></item>
				<item id="blocktype"><![CDATA[0]]></item>
				<item id="name"><![CDATA[WD_NEW_WD]]></item>
				<item id="title"><![CDATA[]]></item>
				<item id="classname"><![CDATA[]]></item>
				<item id="summary"><![CDATA[]]></item>
				<item id="uid"><![CDATA[1]]></item>
				<item id="username"><![CDATA[DISM.TAOBAO.COM]]></item>
				<item id="styleid"><![CDATA[0]]></item>
				<item id="blockstyle">
					<item id="name"><![CDATA[]]></item>
					<item id="blockclass"><![CDATA[forum_thread]]></item>
					<item id="makethumb"><![CDATA[0]]></item>
					<item id="getpic"><![CDATA[0]]></item>
					<item id="getsummary"><![CDATA[0]]></item>
					<item id="settarget"><![CDATA[1]]></item>
					<item id="moreurl"><![CDATA[0]]></item>
					<item id="fields">
						<item id="0"><![CDATA[url]]></item>
						<item id="1"><![CDATA[avatar_middle]]></item>
						<item id="2"><![CDATA[author]]></item>
						<item id="3"><![CDATA[title]]></item>
						<item id="4"><![CDATA[forumname]]></item>
						<item id="5"><![CDATA[typeurl]]></item>
						<item id="6"><![CDATA[typename]]></item>
						<item id="7"><![CDATA[views]]></item>
						<item id="8"><![CDATA[replies]]></item>
					</item>
					<item id="template">
						<item id="raw"><![CDATA[[loop]
<li>
                            <div class="nex_QNA_newanstx">
                                <a href="{url}" target="_blank"><img src="{avatar_middle}" /></a>
                            </div>
                            <div class="nex_QNA_newansrtf">
                                <div class="nex_QNA_newanstopg">
                                    <span>{author}</span>提问<a href="{url}"{target}>{title}</a>
                                    <em>{forumname}</em>
                                    <div class="clear"></div>
                                </div>
                                <div class="nex_QNA_newsnddfs">
                                    来自：<a href="{typeurl}" target="_blank">{typename}</a>
                                    <span>{views}人围观</span><span>{replies}人回答</span>
                                </div>
                            </div>
                            <div class="clear"></div>
                        </li>
[/loop]]]></item>
						<item id="footer"><![CDATA[]]></item>
						<item id="header"><![CDATA[]]></item>
						<item id="indexplus">
						</item>
						<item id="index">
						</item>
						<item id="orderplus">
						</item>
						<item id="order">
						</item>
						<item id="loopplus">
						</item>
						<item id="loop"><![CDATA[<li>
                            <div class="nex_QNA_newanstx">
                                <a href="{url}" target="_blank"><img src="{avatar_middle}" /></a>
                            </div>
                            <div class="nex_QNA_newansrtf">
                                <div class="nex_QNA_newanstopg">
                                    <span>{author}</span>提问<a href="{url}"{target}>{title}</a>
                                    <em>{forumname}</em>
                                    <div class="clear"></div>
                                </div>
                                <div class="nex_QNA_newsnddfs">
                                    来自：<a href="{typeurl}" target="_blank">{typename}</a>
                                    <span>{views}人围观</span><span>{replies}人回答</span>
                                </div>
                            </div>
                            <div class="clear"></div>
                        </li>]]></item>
					</item>
					<item id="hash"><![CDATA[bc80b197]]></item>
				</item>
				<item id="picwidth"><![CDATA[0]]></item>
				<item id="picheight"><![CDATA[0]]></item>
				<item id="target"><![CDATA[blank]]></item>
				<item id="dateformat"><![CDATA[Y-m-d]]></item>
				<item id="dateuformat"><![CDATA[0]]></item>
				<item id="script"><![CDATA[thread]]></item>
				<item id="param">
					<item id="tids"><![CDATA[]]></item>
					<item id="uids"><![CDATA[]]></item>
					<item id="keyword"><![CDATA[]]></item>
					<item id="tagkeyword"><![CDATA[]]></item>
					<item id="typeids"><![CDATA[]]></item>
					<item id="recommend"><![CDATA[0]]></item>
					<item id="viewmod"><![CDATA[0]]></item>
					<item id="rewardstatus"><![CDATA[0]]></item>
					<item id="picrequired"><![CDATA[0]]></item>
					<item id="orderby"><![CDATA[dateline]]></item>
					<item id="postdateline"><![CDATA[0]]></item>
					<item id="lastpost"><![CDATA[0]]></item>
					<item id="highlight"><![CDATA[0]]></item>
					<item id="titlelength"><![CDATA[40]]></item>
					<item id="summarylength"><![CDATA[80]]></item>
					<item id="startrow"><![CDATA[0]]></item>
					<item id="items"><![CDATA[6]]></item>
				</item>
				<item id="shownum"><![CDATA[6]]></item>
				<item id="cachetime"><![CDATA[3600]]></item>
				<item id="cachetimerange"><![CDATA[]]></item>
				<item id="punctualupdate"><![CDATA[0]]></item>
				<item id="hidedisplay"><![CDATA[0]]></item>
				<item id="dateline"><![CDATA[1521166875]]></item>
				<item id="notinherited"><![CDATA[0]]></item>
				<item id="isblank"><![CDATA[0]]></item>
			</item>
			<item id="5552">
				<item id="bid"><![CDATA[5552]]></item>
				<item id="blockclass"><![CDATA[forum_thread]]></item>
				<item id="blocktype"><![CDATA[0]]></item>
				<item id="name"><![CDATA[WD_HEIGHTSCORE]]></item>
				<item id="title"><![CDATA[]]></item>
				<item id="classname"><![CDATA[]]></item>
				<item id="summary"><![CDATA[]]></item>
				<item id="uid"><![CDATA[1]]></item>
				<item id="username"><![CDATA[DISM.TAOBAO.COM]]></item>
				<item id="styleid"><![CDATA[0]]></item>
				<item id="blockstyle">
					<item id="name"><![CDATA[]]></item>
					<item id="blockclass"><![CDATA[forum_thread]]></item>
					<item id="makethumb"><![CDATA[0]]></item>
					<item id="getpic"><![CDATA[0]]></item>
					<item id="getsummary"><![CDATA[0]]></item>
					<item id="settarget"><![CDATA[1]]></item>
					<item id="moreurl"><![CDATA[0]]></item>
					<item id="fields">
						<item id="0"><![CDATA[replies]]></item>
						<item id="1"><![CDATA[url]]></item>
						<item id="2"><![CDATA[title]]></item>
						<item id="3"><![CDATA[dateline]]></item>
					</item>
					<item id="template">
						<item id="raw"><![CDATA[[loop]
<li>
                            <div class="nex_QNA_answer_num"><em>{replies}</em>回答</div>
                            <div class="nex_QNA_answer_info">
                               <a href="{url}"{target}>{title}</a>
                                <div class="nex_QNA_info_date">{dateline}</div>
                            </div>
                            <div class="clear"></div>
                        </li>
[/loop]]]></item>
						<item id="footer"><![CDATA[]]></item>
						<item id="header"><![CDATA[]]></item>
						<item id="indexplus">
						</item>
						<item id="index">
						</item>
						<item id="orderplus">
						</item>
						<item id="order">
						</item>
						<item id="loopplus">
						</item>
						<item id="loop"><![CDATA[<li>
                            <div class="nex_QNA_answer_num"><em>{replies}</em>回答</div>
                            <div class="nex_QNA_answer_info">
                               <a href="{url}"{target}>{title}</a>
                                <div class="nex_QNA_info_date">{dateline}</div>
                            </div>
                            <div class="clear"></div>
                        </li>]]></item>
					</item>
					<item id="hash"><![CDATA[56c089ba]]></item>
				</item>
				<item id="picwidth"><![CDATA[0]]></item>
				<item id="picheight"><![CDATA[0]]></item>
				<item id="target"><![CDATA[blank]]></item>
				<item id="dateformat"><![CDATA[m-d]]></item>
				<item id="dateuformat"><![CDATA[0]]></item>
				<item id="script"><![CDATA[thread]]></item>
				<item id="param">
					<item id="tids"><![CDATA[]]></item>
					<item id="uids"><![CDATA[]]></item>
					<item id="keyword"><![CDATA[]]></item>
					<item id="tagkeyword"><![CDATA[]]></item>
					<item id="typeids"><![CDATA[]]></item>
					<item id="recommend"><![CDATA[0]]></item>
					<item id="viewmod"><![CDATA[0]]></item>
					<item id="rewardstatus"><![CDATA[0]]></item>
					<item id="picrequired"><![CDATA[0]]></item>
					<item id="orderby"><![CDATA[replies]]></item>
					<item id="postdateline"><![CDATA[0]]></item>
					<item id="lastpost"><![CDATA[0]]></item>
					<item id="highlight"><![CDATA[0]]></item>
					<item id="titlelength"><![CDATA[40]]></item>
					<item id="summarylength"><![CDATA[80]]></item>
					<item id="startrow"><![CDATA[0]]></item>
					<item id="items"><![CDATA[10]]></item>
				</item>
				<item id="shownum"><![CDATA[10]]></item>
				<item id="cachetime"><![CDATA[3600]]></item>
				<item id="cachetimerange"><![CDATA[]]></item>
				<item id="punctualupdate"><![CDATA[0]]></item>
				<item id="hidedisplay"><![CDATA[0]]></item>
				<item id="dateline"><![CDATA[1521166877]]></item>
				<item id="notinherited"><![CDATA[0]]></item>
				<item id="isblank"><![CDATA[0]]></item>
			</item>
			<item id="5553">
				<item id="bid"><![CDATA[5553]]></item>
				<item id="blockclass"><![CDATA[html_html]]></item>
				<item id="blocktype"><![CDATA[0]]></item>
				<item id="name"><![CDATA[WD_CODE]]></item>
				<item id="title"><![CDATA[]]></item>
				<item id="classname"><![CDATA[]]></item>
				<item id="summary"><![CDATA[<img src="./template/nex_momkid_180226/neoconex/qna/nex_tgbg.jpg" />]]></item>
				<item id="uid"><![CDATA[1]]></item>
				<item id="username"><![CDATA[DISM.TAOBAO.COM]]></item>
				<item id="styleid"><![CDATA[0]]></item>
				<item id="blockstyle"><![CDATA[]]></item>
				<item id="picwidth"><![CDATA[0]]></item>
				<item id="picheight"><![CDATA[0]]></item>
				<item id="target"><![CDATA[blank]]></item>
				<item id="dateformat"><![CDATA[Y-m-d]]></item>
				<item id="dateuformat"><![CDATA[0]]></item>
				<item id="script"><![CDATA[blank]]></item>
				<item id="param">
					<item id="content"><![CDATA[<img src=\"./template/nex_momkid_180226/neoconex/qna/nex_tgbg.jpg\" />]]></item>
					<item id="items"><![CDATA[10]]></item>
				</item>
				<item id="shownum"><![CDATA[10]]></item>
				<item id="cachetime"><![CDATA[3600]]></item>
				<item id="cachetimerange"><![CDATA[]]></item>
				<item id="punctualupdate"><![CDATA[0]]></item>
				<item id="hidedisplay"><![CDATA[0]]></item>
				<item id="dateline"><![CDATA[1521363429]]></item>
				<item id="notinherited"><![CDATA[0]]></item>
				<item id="isblank"><![CDATA[0]]></item>
			</item>
			<item id="5554">
				<item id="bid"><![CDATA[5554]]></item>
				<item id="blockclass"><![CDATA[member_member]]></item>
				<item id="blocktype"><![CDATA[0]]></item>
				<item id="name"><![CDATA[WD_MONEY]]></item>
				<item id="title"><![CDATA[]]></item>
				<item id="classname"><![CDATA[]]></item>
				<item id="summary"><![CDATA[]]></item>
				<item id="uid"><![CDATA[1]]></item>
				<item id="username"><![CDATA[DISM.TAOBAO.COM]]></item>
				<item id="styleid"><![CDATA[0]]></item>
				<item id="blockstyle">
					<item id="name"><![CDATA[]]></item>
					<item id="blockclass"><![CDATA[member_member]]></item>
					<item id="makethumb"><![CDATA[0]]></item>
					<item id="getpic"><![CDATA[0]]></item>
					<item id="getsummary"><![CDATA[0]]></item>
					<item id="settarget"><![CDATA[0]]></item>
					<item id="moreurl"><![CDATA[0]]></item>
					<item id="fields">
						<item id="0"><![CDATA[currentorder]]></item>
						<item id="1"><![CDATA[url]]></item>
						<item id="2"><![CDATA[avatar]]></item>
						<item id="3"><![CDATA[title]]></item>
						<item id="4"><![CDATA[extcredits2]]></item>
					</item>
					<item id="template">
						<item id="raw"><![CDATA[[loop]
<li>
				<em class="nex_QNA_num">{currentorder}</em>
                                <a href="{url}" target="_blank">
                                	<img src="{avatar}" />
                                    <i>{title}</i>
                                    <div class="clear"></div>
                                </a>
                                <span>{extcredits2}</span>
                                <div class="clear"></div>
                            	
                            </li>
[order=4]
                            <li>
                            	<em>{currentorder}</em>
                                <a href="{url}" target="_blank">
                                	<img src="{avatar}" />
                                    <i>{title}</i>
                                    <div class="clear"></div>
                                </a>
                                <span>{extcredits2}</span>
                                <div class="clear"></div>
                            </li>
[/order]
[order=5]
                            <li>
                            	<em>{currentorder}</em>
                                <a href="{url}" target="_blank">
                                	<img src="{avatar}" />
                                    <i>{title}</i>
                                    <div class="clear"></div>
                                </a>
                                <span>{extcredits2}</span>
                                <div class="clear"></div>
                            </li>
[/order]
[order=6]
                            <li>
                            	<em>{currentorder}</em>
                                <a href="{url}" target="_blank">
                                	<img src="{avatar}" />
                                    <i>{title}</i>
                                    <div class="clear"></div>
                                </a>
                                <span>{extcredits2}</span>
                                <div class="clear"></div>
                            </li>
[/order]
                           
[/loop]]]></item>
						<item id="footer"><![CDATA[]]></item>
						<item id="header"><![CDATA[]]></item>
						<item id="indexplus">
						</item>
						<item id="index">
						</item>
						<item id="orderplus">
						</item>
						<item id="order">
							<item id="4"><![CDATA[<li>
                            	<em>{currentorder}</em>
                                <a href="{url}" target="_blank">
                                	<img src="{avatar}" />
                                    <i>{title}</i>
                                    <div class="clear"></div>
                                </a>
                                <span>{extcredits2}</span>
                                <div class="clear"></div>
                            </li>]]></item>
							<item id="5"><![CDATA[<li>
                            	<em>{currentorder}</em>
                                <a href="{url}" target="_blank">
                                	<img src="{avatar}" />
                                    <i>{title}</i>
                                    <div class="clear"></div>
                                </a>
                                <span>{extcredits2}</span>
                                <div class="clear"></div>
                            </li>]]></item>
							<item id="6"><![CDATA[<li>
                            	<em>{currentorder}</em>
                                <a href="{url}" target="_blank">
                                	<img src="{avatar}" />
                                    <i>{title}</i>
                                    <div class="clear"></div>
                                </a>
                                <span>{extcredits2}</span>
                                <div class="clear"></div>
                            </li>]]></item>
						</item>
						<item id="loopplus">
						</item>
						<item id="loop"><![CDATA[<li>
				<em class="nex_QNA_num">{currentorder}</em>
                                <a href="{url}" target="_blank">
                                	<img src="{avatar}" />
                                    <i>{title}</i>
                                    <div class="clear"></div>
                                </a>
                                <span>{extcredits2}</span>
                                <div class="clear"></div>
                            	
                            </li>
[order=4]
                            <li>
                            	<em>{currentorder}</em>
                                <a href="{url}" target="_blank">
                                	<img src="{avatar}" />
                                    <i>{title}</i>
                                    <div class="clear"></div>
                                </a>
                                <span>{extcredits2}</span>
                                <div class="clear"></div>
                            </li>
[/order]
[order=5]
                            <li>
                            	<em>{currentorder}</em>
                                <a href="{url}" target="_blank">
                                	<img src="{avatar}" />
                                    <i>{title}</i>
                                    <div class="clear"></div>
                                </a>
                                <span>{extcredits2}</span>
                                <div class="clear"></div>
                            </li>
[/order]
[order=6]
                            <li>
                            	<em>{currentorder}</em>
                                <a href="{url}" target="_blank">
                                	<img src="{avatar}" />
                                    <i>{title}</i>
                                    <div class="clear"></div>
                                </a>
                                <span>{extcredits2}</span>
                                <div class="clear"></div>
                            </li>
[/order]]]></item>
					</item>
					<item id="hash"><![CDATA[60acb0e6]]></item>
				</item>
				<item id="picwidth"><![CDATA[0]]></item>
				<item id="picheight"><![CDATA[0]]></item>
				<item id="target"><![CDATA[blank]]></item>
				<item id="dateformat"><![CDATA[Y-m-d]]></item>
				<item id="dateuformat"><![CDATA[0]]></item>
				<item id="script"><![CDATA[member]]></item>
				<item id="param">
					<item id="uids"><![CDATA[]]></item>
					<item id="special"><![CDATA[]]></item>
					<item id="gender"><![CDATA[]]></item>
					<item id="xbirthprovince"><![CDATA[]]></item>
					<item id="xresideprovince"><![CDATA[]]></item>
					<item id="avatarstatus"><![CDATA[0]]></item>
					<item id="orderby"><![CDATA[credits]]></item>
					<item id="extcredit"><![CDATA[1]]></item>
					<item id="lastpost"><![CDATA[]]></item>
					<item id="startrow"><![CDATA[0]]></item>
					<item id="items"><![CDATA[6]]></item>
				</item>
				<item id="shownum"><![CDATA[6]]></item>
				<item id="cachetime"><![CDATA[3600]]></item>
				<item id="cachetimerange"><![CDATA[]]></item>
				<item id="punctualupdate"><![CDATA[0]]></item>
				<item id="hidedisplay"><![CDATA[0]]></item>
				<item id="dateline"><![CDATA[1521421996]]></item>
				<item id="notinherited"><![CDATA[0]]></item>
				<item id="isblank"><![CDATA[0]]></item>
			</item>
			<item id="5555">
				<item id="bid"><![CDATA[5555]]></item>
				<item id="blockclass"><![CDATA[forum_thread]]></item>
				<item id="blocktype"><![CDATA[0]]></item>
				<item id="name"><![CDATA[WD_WAIT]]></item>
				<item id="title"><![CDATA[]]></item>
				<item id="classname"><![CDATA[]]></item>
				<item id="summary"><![CDATA[]]></item>
				<item id="uid"><![CDATA[1]]></item>
				<item id="username"><![CDATA[DISM.TAOBAO.COM]]></item>
				<item id="styleid"><![CDATA[0]]></item>
				<item id="blockstyle">
					<item id="name"><![CDATA[]]></item>
					<item id="blockclass"><![CDATA[forum_thread]]></item>
					<item id="makethumb"><![CDATA[0]]></item>
					<item id="getpic"><![CDATA[0]]></item>
					<item id="getsummary"><![CDATA[0]]></item>
					<item id="settarget"><![CDATA[0]]></item>
					<item id="moreurl"><![CDATA[0]]></item>
					<item id="fields">
						<item id="0"><![CDATA[url]]></item>
						<item id="1"><![CDATA[title]]></item>
					</item>
					<item id="template">
						<item id="raw"><![CDATA[[loop]
<li>
							<a class="aPointLink" href="{url}" target="_blank" title="{title}">
							{title}</a>
						</li>
[/loop]]]></item>
						<item id="footer"><![CDATA[]]></item>
						<item id="header"><![CDATA[]]></item>
						<item id="indexplus">
						</item>
						<item id="index">
						</item>
						<item id="orderplus">
						</item>
						<item id="order">
						</item>
						<item id="loopplus">
						</item>
						<item id="loop"><![CDATA[<li>
							<a class="aPointLink" href="{url}" target="_blank" title="{title}">
							{title}</a>
						</li>]]></item>
					</item>
					<item id="hash"><![CDATA[633e6424]]></item>
				</item>
				<item id="picwidth"><![CDATA[0]]></item>
				<item id="picheight"><![CDATA[0]]></item>
				<item id="target"><![CDATA[blank]]></item>
				<item id="dateformat"><![CDATA[Y-m-d]]></item>
				<item id="dateuformat"><![CDATA[0]]></item>
				<item id="script"><![CDATA[thread]]></item>
				<item id="param">
					<item id="tids"><![CDATA[]]></item>
					<item id="uids"><![CDATA[]]></item>
					<item id="keyword"><![CDATA[]]></item>
					<item id="tagkeyword"><![CDATA[]]></item>
					<item id="typeids"><![CDATA[]]></item>
					<item id="recommend"><![CDATA[0]]></item>
					<item id="viewmod"><![CDATA[0]]></item>
					<item id="rewardstatus"><![CDATA[0]]></item>
					<item id="picrequired"><![CDATA[0]]></item>
					<item id="orderby"><![CDATA[lastpost]]></item>
					<item id="postdateline"><![CDATA[0]]></item>
					<item id="lastpost"><![CDATA[0]]></item>
					<item id="highlight"><![CDATA[0]]></item>
					<item id="titlelength"><![CDATA[40]]></item>
					<item id="summarylength"><![CDATA[80]]></item>
					<item id="startrow"><![CDATA[0]]></item>
					<item id="items"><![CDATA[8]]></item>
				</item>
				<item id="shownum"><![CDATA[8]]></item>
				<item id="cachetime"><![CDATA[3600]]></item>
				<item id="cachetimerange"><![CDATA[]]></item>
				<item id="punctualupdate"><![CDATA[0]]></item>
				<item id="hidedisplay"><![CDATA[0]]></item>
				<item id="dateline"><![CDATA[1521422016]]></item>
				<item id="notinherited"><![CDATA[0]]></item>
				<item id="isblank"><![CDATA[0]]></item>
			</item>
			<item id="5556">
				<item id="bid"><![CDATA[5556]]></item>
				<item id="blockclass"><![CDATA[html_html]]></item>
				<item id="blocktype"><![CDATA[0]]></item>
				<item id="name"><![CDATA[WD_ADS]]></item>
				<item id="title"><![CDATA[]]></item>
				<item id="classname"><![CDATA[]]></item>
				<item id="summary"><![CDATA[<a href="http://t.cn/Aiux1Qh0" target="_blank"><img src="./template/nex_momkid_180226/neoconex/qna/pone14.jpg" /></a>]]></item>
				<item id="uid"><![CDATA[1]]></item>
				<item id="username"><![CDATA[DISM.TAOBAO.COM]]></item>
				<item id="styleid"><![CDATA[0]]></item>
				<item id="blockstyle"><![CDATA[]]></item>
				<item id="picwidth"><![CDATA[0]]></item>
				<item id="picheight"><![CDATA[0]]></item>
				<item id="target"><![CDATA[blank]]></item>
				<item id="dateformat"><![CDATA[Y-m-d]]></item>
				<item id="dateuformat"><![CDATA[0]]></item>
				<item id="script"><![CDATA[blank]]></item>
				<item id="param">
					<item id="content"><![CDATA[<a href=\"#\" target=\"_blank\"><img src=\"./template/nex_momkid_180226/neoconex/qna/pone14.jpg\" /></a>]]></item>
					<item id="items"><![CDATA[10]]></item>
				</item>
				<item id="shownum"><![CDATA[10]]></item>
				<item id="cachetime"><![CDATA[3600]]></item>
				<item id="cachetimerange"><![CDATA[]]></item>
				<item id="punctualupdate"><![CDATA[0]]></item>
				<item id="hidedisplay"><![CDATA[0]]></item>
				<item id="dateline"><![CDATA[1521422025]]></item>
				<item id="notinherited"><![CDATA[0]]></item>
				<item id="isblank"><![CDATA[0]]></item>
			</item>
			<item id="5557">
				<item id="bid"><![CDATA[5557]]></item>
				<item id="blockclass"><![CDATA[portal_article]]></item>
				<item id="blocktype"><![CDATA[0]]></item>
				<item id="name"><![CDATA[WD_BAIKE]]></item>
				<item id="title"><![CDATA[]]></item>
				<item id="classname"><![CDATA[]]></item>
				<item id="summary"><![CDATA[]]></item>
				<item id="uid"><![CDATA[1]]></item>
				<item id="username"><![CDATA[DISM.TAOBAO.COM]]></item>
				<item id="styleid"><![CDATA[0]]></item>
				<item id="blockstyle">
					<item id="name"><![CDATA[]]></item>
					<item id="blockclass"><![CDATA[portal_article]]></item>
					<item id="makethumb"><![CDATA[0]]></item>
					<item id="getpic"><![CDATA[0]]></item>
					<item id="getsummary"><![CDATA[0]]></item>
					<item id="settarget"><![CDATA[1]]></item>
					<item id="moreurl"><![CDATA[0]]></item>
					<item id="fields">
						<item id="0"><![CDATA[url]]></item>
						<item id="1"><![CDATA[title]]></item>
					</item>
					<item id="template">
						<item id="raw"><![CDATA[[loop]
<li><a href="{url}"{target}>{title}</a></li>
[/loop]]]></item>
						<item id="footer"><![CDATA[]]></item>
						<item id="header"><![CDATA[]]></item>
						<item id="indexplus">
						</item>
						<item id="index">
						</item>
						<item id="orderplus">
						</item>
						<item id="order">
						</item>
						<item id="loopplus">
						</item>
						<item id="loop"><![CDATA[<li><a href="{url}"{target}>{title}</a></li>]]></item>
					</item>
					<item id="hash"><![CDATA[2bf75012]]></item>
				</item>
				<item id="picwidth"><![CDATA[0]]></item>
				<item id="picheight"><![CDATA[0]]></item>
				<item id="target"><![CDATA[blank]]></item>
				<item id="dateformat"><![CDATA[Y-m-d]]></item>
				<item id="dateuformat"><![CDATA[0]]></item>
				<item id="script"><![CDATA[article]]></item>
				<item id="param">
					<item id="aids"><![CDATA[]]></item>
					<item id="uids"><![CDATA[]]></item>
					<item id="keyword"><![CDATA[]]></item>
					<item id="picrequired"><![CDATA[0]]></item>
					<item id="starttime"><![CDATA[]]></item>
					<item id="endtime"><![CDATA[]]></item>
					<item id="orderby"><![CDATA[dateline]]></item>
					<item id="publishdateline"><![CDATA[0]]></item>
					<item id="titlelength"><![CDATA[10]]></item>
					<item id="summarylength"><![CDATA[80]]></item>
					<item id="startrow"><![CDATA[0]]></item>
					<item id="items"><![CDATA[10]]></item>
				</item>
				<item id="shownum"><![CDATA[10]]></item>
				<item id="cachetime"><![CDATA[3600]]></item>
				<item id="cachetimerange"><![CDATA[]]></item>
				<item id="punctualupdate"><![CDATA[0]]></item>
				<item id="hidedisplay"><![CDATA[0]]></item>
				<item id="dateline"><![CDATA[1520663567]]></item>
				<item id="notinherited"><![CDATA[0]]></item>
				<item id="isblank"><![CDATA[0]]></item>
			</item>
		</item>
		<item id="style">
		</item>
	</item>
</root>