<?xml version="1.0" encoding="ISO-8859-1"?>
<root>
	<item id="spacecss"><![CDATA[]]></item>
	<item id="layoutdata">
		<item id="diy1"><![CDATA[]]></item>
		<item id="diycontentclickbottom"><![CDATA[]]></item>
		<item id=""><![CDATA[]]></item>
		<item id="nex_focusBox">
			<item id="frame`frameKf5081">
				<item id="attr">
					<item id="name"><![CDATA[frameKf5081]]></item>
					<item id="moveable"><![CDATA[true]]></item>
					<item id="className"><![CDATA[frame move-span cl frame-1]]></item>
					<item id="titles"><![CDATA[]]></item>
				</item>
				<item id="column`frameKf5081_left">
					<item id="attr">
						<item id="name"><![CDATA[frameKf5081_left]]></item>
						<item id="className"><![CDATA[column frame-1-c]]></item>
					</item>
					<item id="block`portal_block_4812">
						<item id="attr">
							<item id="name"><![CDATA[portal_block_4812]]></item>
							<item id="className"><![CDATA[block move-span]]></item>
							<item id="titles"><![CDATA[]]></item>
						</item>
					</item>
				</item>
			</item>
		</item>
		<item id="nex_pivlists">
			<item id="frame`framexZN51q">
				<item id="attr">
					<item id="name"><![CDATA[framexZN51q]]></item>
					<item id="moveable"><![CDATA[true]]></item>
					<item id="className"><![CDATA[frame move-span cl frame-1]]></item>
					<item id="titles"><![CDATA[]]></item>
				</item>
				<item id="column`framexZN51q_left">
					<item id="attr">
						<item id="name"><![CDATA[framexZN51q_left]]></item>
						<item id="className"><![CDATA[column frame-1-c]]></item>
					</item>
					<item id="block`portal_block_4813">
						<item id="attr">
							<item id="name"><![CDATA[portal_block_4813]]></item>
							<item id="className"><![CDATA[block move-span]]></item>
							<item id="titles"><![CDATA[]]></item>
						</item>
					</item>
				</item>
			</item>
		</item>
		<item id="nex_readings">
			<item id="frame`frameBLM97H">
				<item id="attr">
					<item id="name"><![CDATA[frameBLM97H]]></item>
					<item id="moveable"><![CDATA[true]]></item>
					<item id="className"><![CDATA[frame move-span cl frame-1]]></item>
					<item id="titles"><![CDATA[]]></item>
				</item>
				<item id="column`frameBLM97H_left">
					<item id="attr">
						<item id="name"><![CDATA[frameBLM97H_left]]></item>
						<item id="className"><![CDATA[column frame-1-c]]></item>
					</item>
					<item id="block`portal_block_4814">
						<item id="attr">
							<item id="name"><![CDATA[portal_block_4814]]></item>
							<item id="className"><![CDATA[block move-span]]></item>
							<item id="titles"><![CDATA[]]></item>
						</item>
					</item>
				</item>
			</item>
		</item>
		<item id="nex_selcases">
			<item id="frame`framekASwWO">
				<item id="attr">
					<item id="name"><![CDATA[framekASwWO]]></item>
					<item id="moveable"><![CDATA[true]]></item>
					<item id="className"><![CDATA[frame move-span cl frame-1]]></item>
					<item id="titles"><![CDATA[]]></item>
				</item>
				<item id="column`framekASwWO_left">
					<item id="attr">
						<item id="name"><![CDATA[framekASwWO_left]]></item>
						<item id="className"><![CDATA[column frame-1-c]]></item>
					</item>
					<item id="block`portal_block_4815">
						<item id="attr">
							<item id="name"><![CDATA[portal_block_4815]]></item>
							<item id="className"><![CDATA[block move-span]]></item>
							<item id="titles"><![CDATA[]]></item>
						</item>
					</item>
				</item>
			</item>
		</item>
		<item id="nex_portal_ads">
			<item id="frame`frameQ99949">
				<item id="attr">
					<item id="name"><![CDATA[frameQ99949]]></item>
					<item id="moveable"><![CDATA[true]]></item>
					<item id="className"><![CDATA[frame move-span cl frame-1]]></item>
					<item id="titles"><![CDATA[]]></item>
				</item>
				<item id="column`frameQ99949_left">
					<item id="attr">
						<item id="name"><![CDATA[frameQ99949_left]]></item>
						<item id="className"><![CDATA[column frame-1-c]]></item>
					</item>
					<item id="block`portal_block_4816">
						<item id="attr">
							<item id="name"><![CDATA[portal_block_4816]]></item>
							<item id="className"><![CDATA[block move-span]]></item>
							<item id="titles"><![CDATA[]]></item>
						</item>
					</item>
				</item>
			</item>
		</item>
		<item id="diy3"><![CDATA[]]></item>
	</item>
	<item id="blockdata">
		<item id="block">
			<item id="4812">
				<item id="bid"><![CDATA[4812]]></item>
				<item id="blockclass"><![CDATA[portal_article]]></item>
				<item id="blocktype"><![CDATA[0]]></item>
				<item id="name"><![CDATA[tuijian]]></item>
				<item id="title"><![CDATA[]]></item>
				<item id="classname"><![CDATA[]]></item>
				<item id="summary"><![CDATA[]]></item>
				<item id="uid"><![CDATA[1]]></item>
				<item id="username"><![CDATA[admin白雪狼]]></item>
				<item id="styleid"><![CDATA[0]]></item>
				<item id="blockstyle">
					<item id="name"><![CDATA[]]></item>
					<item id="blockclass"><![CDATA[portal_article]]></item>
					<item id="makethumb"><![CDATA[1]]></item>
					<item id="getpic"><![CDATA[1]]></item>
					<item id="getsummary"><![CDATA[0]]></item>
					<item id="settarget"><![CDATA[0]]></item>
					<item id="moreurl"><![CDATA[0]]></item>
					<item id="fields">
						<item id="0"><![CDATA[url]]></item>
						<item id="1"><![CDATA[pic]]></item>
						<item id="2"><![CDATA[title]]></item>
					</item>
					<item id="template">
						<item id="raw"><![CDATA[<ul class="pic">
[loop]

                    	<li>
                        	<a href="{url}" target="_blank">
                            	<img src="{pic}" width="{picwidth}" height="{picheight}" />
                                <h5>{title}</h5>
                            </a>
                        </li>  

[/loop]     
                    </ul>]]></item>
						<item id="footer"><![CDATA[]]></item>
						<item id="header"><![CDATA[]]></item>
						<item id="indexplus"><![CDATA[
						]]></item>
						<item id="index"><![CDATA[
						]]></item>
						<item id="orderplus"><![CDATA[
						]]></item>
						<item id="order"><![CDATA[
						]]></item>
						<item id="loopplus"><![CDATA[
						]]></item>
						<item id="loop"><![CDATA[<li>
                        	<a href="{url}" target="_blank">
                            	<img src="{pic}" width="{picwidth}" height="{picheight}" />
                                <h5>{title}</h5>
                            </a>
                        </li>]]></item>
					</item>
					<item id="hash"><![CDATA[b03c2d26]]></item>
				</item>
				<item id="picwidth"><![CDATA[300]]></item>
				<item id="picheight"><![CDATA[180]]></item>
				<item id="target"><![CDATA[blank]]></item>
				<item id="dateformat"><![CDATA[Y-m-d]]></item>
				<item id="dateuformat"><![CDATA[0]]></item>
				<item id="script"><![CDATA[article]]></item>
				<item id="param">
					<item id="aids"><![CDATA[]]></item>
					<item id="uids"><![CDATA[]]></item>
					<item id="keyword"><![CDATA[]]></item>
					<item id="picrequired"><![CDATA[1]]></item>
					<item id="starttime"><![CDATA[]]></item>
					<item id="endtime"><![CDATA[]]></item>
					<item id="orderby"><![CDATA[viewnum]]></item>
					<item id="publishdateline"><![CDATA[0]]></item>
					<item id="titlelength"><![CDATA[40]]></item>
					<item id="summarylength"><![CDATA[80]]></item>
					<item id="startrow"><![CDATA[0]]></item>
					<item id="items"><![CDATA[5]]></item>
				</item>
				<item id="shownum"><![CDATA[5]]></item>
				<item id="cachetime"><![CDATA[3600]]></item>
				<item id="cachetimerange"><![CDATA[]]></item>
				<item id="punctualupdate"><![CDATA[0]]></item>
				<item id="hidedisplay"><![CDATA[0]]></item>
				<item id="dateline"><![CDATA[1520728403]]></item>
				<item id="notinherited"><![CDATA[0]]></item>
				<item id="isblank"><![CDATA[0]]></item>
			</item>
			<item id="4813">
				<item id="bid"><![CDATA[4813]]></item>
				<item id="blockclass"><![CDATA[portal_article]]></item>
				<item id="blocktype"><![CDATA[0]]></item>
				<item id="name"><![CDATA[jingxuan]]></item>
				<item id="title"><![CDATA[]]></item>
				<item id="classname"><![CDATA[]]></item>
				<item id="summary"><![CDATA[]]></item>
				<item id="uid"><![CDATA[1]]></item>
				<item id="username"><![CDATA[admin白雪狼]]></item>
				<item id="styleid"><![CDATA[0]]></item>
				<item id="blockstyle">
					<item id="name"><![CDATA[]]></item>
					<item id="blockclass"><![CDATA[portal_article]]></item>
					<item id="makethumb"><![CDATA[1]]></item>
					<item id="getpic"><![CDATA[1]]></item>
					<item id="getsummary"><![CDATA[0]]></item>
					<item id="settarget"><![CDATA[1]]></item>
					<item id="moreurl"><![CDATA[0]]></item>
					<item id="fields">
						<item id="0"><![CDATA[url]]></item>
						<item id="1"><![CDATA[pic]]></item>
						<item id="2"><![CDATA[caturl]]></item>
						<item id="3"><![CDATA[catname]]></item>
						<item id="4"><![CDATA[uid]]></item>
						<item id="5"><![CDATA[username]]></item>
						<item id="6"><![CDATA[title]]></item>
						<item id="7"><![CDATA[dateline]]></item>
					</item>
					<item id="template">
						<item id="raw"><![CDATA[[loop]
<li>
                        <div class="nex_top_news">
                            <div class="nex_top_news_pic">
                                <a href="{url}" target="_blank"><img src="{pic}" width="{picwidth}" height="{picheight}" /></a>
                            </div>
                            <div class="nex_top_ins_box">
                                <p><a href="{caturl}" target="_blank">{catname}</a><em>|</em><a href="home.php?mod=space&uid={uid}&do=profile" target="_blank">{username}</a></p>
                                <h5><a href="{url}"{target}>{title}</a></h5>
                            </div>
                        </div>
                    </li>
[order=2]

                    <li>
                        <div class="nex_top_newspic">
                            <a href="{url}" target="_blank"><img src="{pic}" width="{picwidth}" height="{picheight}" /></a>
                        </div>
                        <div class="nex_top_newsinfos">
                            <h5><a href="{url}"{target}>{title}</a></h5>
                            <p>{dateline}</p>
                        </div>
                        <div class="clear"></div>
                    </li>
[/order]
[order=3]

                    <li>
                        <div class="nex_top_newspic">
                            <a href="{url}" target="_blank"><img src="{pic}" width="{picwidth}" height="{picheight}" /></a>
                        </div>
                        <div class="nex_top_newsinfos">
                            <h5><a href="{url}"{target}>{title}</a></h5>
                            <p>{dateline}</p>
                        </div>
                        <div class="clear"></div>
                    </li>
[/order]
[order=4]

                    <li>
                        <div class="nex_top_newspic">
                            <a href="{url}" target="_blank"><img src="{pic}" width="{picwidth}" height="{picheight}" /></a>
                        </div>
                        <div class="nex_top_newsinfos">
                            <h5><a href="{url}"{target}>{title}</a></h5>
                            <p>{dateline}</p>
                        </div>
                        <div class="clear"></div>
                    </li>
[/order]
[order=5]

                    <li>
                        <div class="nex_top_newspic">
                            <a href="{url}" target="_blank"><img src="{pic}" width="{picwidth}" height="{picheight}" /></a>
                        </div>
                        <div class="nex_top_newsinfos">
                            <h5><a href="{url}"{target}>{title}</a></h5>
                            <p>{dateline}</p>
                        </div>
                        <div class="clear"></div>
                    </li>
[/order]
[order=6]

                    <li>
                        <div class="nex_top_newspic">
                            <a href="{url}" target="_blank"><img src="{pic}" width="{picwidth}" height="{picheight}" /></a>
                        </div>
                        <div class="nex_top_newsinfos">
                            <h5><a href="{url}"{target}>{title}</a></h5>
                            <p>{dateline}</p>
                        </div>
                        <div class="clear"></div>
                    </li>
[/order]
[/loop]]]></item>
						<item id="footer"><![CDATA[]]></item>
						<item id="header"><![CDATA[]]></item>
						<item id="indexplus"><![CDATA[
						]]></item>
						<item id="index"><![CDATA[
						]]></item>
						<item id="orderplus"><![CDATA[
						]]></item>
						<item id="order">
							<item id="2"><![CDATA[<li>
                        <div class="nex_top_newspic">
                            <a href="{url}" target="_blank"><img src="{pic}" width="{picwidth}" height="{picheight}" /></a>
                        </div>
                        <div class="nex_top_newsinfos">
                            <h5><a href="{url}"{target}>{title}</a></h5>
                            <p>{dateline}</p>
                        </div>
                        <div class="clear"></div>
                    </li>]]></item>
							<item id="3"><![CDATA[<li>
                        <div class="nex_top_newspic">
                            <a href="{url}" target="_blank"><img src="{pic}" width="{picwidth}" height="{picheight}" /></a>
                        </div>
                        <div class="nex_top_newsinfos">
                            <h5><a href="{url}"{target}>{title}</a></h5>
                            <p>{dateline}</p>
                        </div>
                        <div class="clear"></div>
                    </li>]]></item>
							<item id="4"><![CDATA[<li>
                        <div class="nex_top_newspic">
                            <a href="{url}" target="_blank"><img src="{pic}" width="{picwidth}" height="{picheight}" /></a>
                        </div>
                        <div class="nex_top_newsinfos">
                            <h5><a href="{url}"{target}>{title}</a></h5>
                            <p>{dateline}</p>
                        </div>
                        <div class="clear"></div>
                    </li>]]></item>
							<item id="5"><![CDATA[<li>
                        <div class="nex_top_newspic">
                            <a href="{url}" target="_blank"><img src="{pic}" width="{picwidth}" height="{picheight}" /></a>
                        </div>
                        <div class="nex_top_newsinfos">
                            <h5><a href="{url}"{target}>{title}</a></h5>
                            <p>{dateline}</p>
                        </div>
                        <div class="clear"></div>
                    </li>]]></item>
							<item id="6"><![CDATA[<li>
                        <div class="nex_top_newspic">
                            <a href="{url}" target="_blank"><img src="{pic}" width="{picwidth}" height="{picheight}" /></a>
                        </div>
                        <div class="nex_top_newsinfos">
                            <h5><a href="{url}"{target}>{title}</a></h5>
                            <p>{dateline}</p>
                        </div>
                        <div class="clear"></div>
                    </li>]]></item>
						</item>
						<item id="loopplus"><![CDATA[
						]]></item>
						<item id="loop"><![CDATA[<li>
                        <div class="nex_top_news">
                            <div class="nex_top_news_pic">
                                <a href="{url}" target="_blank"><img src="{pic}" width="{picwidth}" height="{picheight}" /></a>
                            </div>
                            <div class="nex_top_ins_box">
                                <p><a href="{caturl}" target="_blank">{catname}</a><em>|</em><a href="home.php?mod=space&uid={uid}&do=profile" target="_blank">{username}</a></p>
                                <h5><a href="{url}"{target}>{title}</a></h5>
                            </div>
                        </div>
                    </li>
[order=2]

                    <li>
                        <div class="nex_top_newspic">
                            <a href="{url}" target="_blank"><img src="{pic}" width="{picwidth}" height="{picheight}" /></a>
                        </div>
                        <div class="nex_top_newsinfos">
                            <h5><a href="{url}"{target}>{title}</a></h5>
                            <p>{dateline}</p>
                        </div>
                        <div class="clear"></div>
                    </li>
[/order]
[order=3]

                    <li>
                        <div class="nex_top_newspic">
                            <a href="{url}" target="_blank"><img src="{pic}" width="{picwidth}" height="{picheight}" /></a>
                        </div>
                        <div class="nex_top_newsinfos">
                            <h5><a href="{url}"{target}>{title}</a></h5>
                            <p>{dateline}</p>
                        </div>
                        <div class="clear"></div>
                    </li>
[/order]
[order=4]

                    <li>
                        <div class="nex_top_newspic">
                            <a href="{url}" target="_blank"><img src="{pic}" width="{picwidth}" height="{picheight}" /></a>
                        </div>
                        <div class="nex_top_newsinfos">
                            <h5><a href="{url}"{target}>{title}</a></h5>
                            <p>{dateline}</p>
                        </div>
                        <div class="clear"></div>
                    </li>
[/order]
[order=5]

                    <li>
                        <div class="nex_top_newspic">
                            <a href="{url}" target="_blank"><img src="{pic}" width="{picwidth}" height="{picheight}" /></a>
                        </div>
                        <div class="nex_top_newsinfos">
                            <h5><a href="{url}"{target}>{title}</a></h5>
                            <p>{dateline}</p>
                        </div>
                        <div class="clear"></div>
                    </li>
[/order]
[order=6]

                    <li>
                        <div class="nex_top_newspic">
                            <a href="{url}" target="_blank"><img src="{pic}" width="{picwidth}" height="{picheight}" /></a>
                        </div>
                        <div class="nex_top_newsinfos">
                            <h5><a href="{url}"{target}>{title}</a></h5>
                            <p>{dateline}</p>
                        </div>
                        <div class="clear"></div>
                    </li>
[/order]]]></item>
					</item>
					<item id="hash"><![CDATA[c5be58d9]]></item>
				</item>
				<item id="picwidth"><![CDATA[300]]></item>
				<item id="picheight"><![CDATA[180]]></item>
				<item id="target"><![CDATA[blank]]></item>
				<item id="dateformat"><![CDATA[Y-m-d]]></item>
				<item id="dateuformat"><![CDATA[0]]></item>
				<item id="script"><![CDATA[article]]></item>
				<item id="param">
					<item id="aids"><![CDATA[]]></item>
					<item id="uids"><![CDATA[]]></item>
					<item id="keyword"><![CDATA[]]></item>
					<item id="picrequired"><![CDATA[1]]></item>
					<item id="starttime"><![CDATA[]]></item>
					<item id="endtime"><![CDATA[]]></item>
					<item id="orderby"><![CDATA[viewnum]]></item>
					<item id="publishdateline"><![CDATA[0]]></item>
					<item id="titlelength"><![CDATA[40]]></item>
					<item id="summarylength"><![CDATA[80]]></item>
					<item id="startrow"><![CDATA[0]]></item>
					<item id="items"><![CDATA[6]]></item>
				</item>
				<item id="shownum"><![CDATA[6]]></item>
				<item id="cachetime"><![CDATA[3600]]></item>
				<item id="cachetimerange"><![CDATA[]]></item>
				<item id="punctualupdate"><![CDATA[0]]></item>
				<item id="hidedisplay"><![CDATA[0]]></item>
				<item id="dateline"><![CDATA[1520657129]]></item>
				<item id="notinherited"><![CDATA[0]]></item>
				<item id="isblank"><![CDATA[0]]></item>
			</item>
			<item id="4814">
				<item id="bid"><![CDATA[4814]]></item>
				<item id="blockclass"><![CDATA[portal_article]]></item>
				<item id="blocktype"><![CDATA[0]]></item>
				<item id="name"><![CDATA[paihang]]></item>
				<item id="title"><![CDATA[]]></item>
				<item id="classname"><![CDATA[]]></item>
				<item id="summary"><![CDATA[]]></item>
				<item id="uid"><![CDATA[1]]></item>
				<item id="username"><![CDATA[admin白雪狼]]></item>
				<item id="styleid"><![CDATA[0]]></item>
				<item id="blockstyle">
					<item id="name"><![CDATA[]]></item>
					<item id="blockclass"><![CDATA[portal_article]]></item>
					<item id="makethumb"><![CDATA[0]]></item>
					<item id="getpic"><![CDATA[0]]></item>
					<item id="getsummary"><![CDATA[0]]></item>
					<item id="settarget"><![CDATA[0]]></item>
					<item id="moreurl"><![CDATA[0]]></item>
					<item id="fields">
						<item id="0"><![CDATA[url]]></item>
						<item id="1"><![CDATA[currentorder]]></item>
						<item id="2"><![CDATA[catname]]></item>
						<item id="3"><![CDATA[title]]></item>
					</item>
					<item id="template">
						<item id="raw"><![CDATA[[loop]

                    <li>
                    	<a href="{url}" target="_blank">
                        	<em class="nex_numco1">{currentorder}</em>
                            <span><i>[{catname}]</i>{title}</span>
                            <div class="clear"></div>
                        </a>
                    </li>
[order=4]

                    <li>
                    	<a href="{url}" target="_blank">
                        	<em>{currentorder}</em>
                            <span><i>[{catname}]</i>{title}</span>
                            <div class="clear"></div>
                        </a>
                    </li>
[/order]
[order=5]

                    <li>
                    	<a href="{url}" target="_blank">
                        	<em>{currentorder}</em>
                            <span><i>[{catname}]</i>{title}</span>
                            <div class="clear"></div>
                        </a>
                    </li>
[/order]
[order=6]

                    <li>
                    	<a href="{url}" target="_blank">
                        	<em>{currentorder}</em>
                            <span><i>[{catname}]</i>{title}</span>
                            <div class="clear"></div>
                        </a>
                    </li>
[/order]
[order=7]

                    <li>
                    	<a href="{url}" target="_blank">
                        	<em>{currentorder}</em>
                            <span><i>[{catname}]</i>{title}</span>
                            <div class="clear"></div>
                        </a>
                    </li>
[/order]
[order=8]

                    <li>
                    	<a href="{url}" target="_blank">
                        	<em>{currentorder}</em>
                            <span><i>[{catname}]</i>{title}</span>
                            <div class="clear"></div>
                        </a>
                    </li>
[/order]                   
[/loop]]]></item>
						<item id="footer"><![CDATA[]]></item>
						<item id="header"><![CDATA[]]></item>
						<item id="indexplus"><![CDATA[
						]]></item>
						<item id="index"><![CDATA[
						]]></item>
						<item id="orderplus"><![CDATA[
						]]></item>
						<item id="order">
							<item id="4"><![CDATA[<li>
                    	<a href="{url}" target="_blank">
                        	<em>{currentorder}</em>
                            <span><i>[{catname}]</i>{title}</span>
                            <div class="clear"></div>
                        </a>
                    </li>]]></item>
							<item id="5"><![CDATA[<li>
                    	<a href="{url}" target="_blank">
                        	<em>{currentorder}</em>
                            <span><i>[{catname}]</i>{title}</span>
                            <div class="clear"></div>
                        </a>
                    </li>]]></item>
							<item id="6"><![CDATA[<li>
                    	<a href="{url}" target="_blank">
                        	<em>{currentorder}</em>
                            <span><i>[{catname}]</i>{title}</span>
                            <div class="clear"></div>
                        </a>
                    </li>]]></item>
							<item id="7"><![CDATA[<li>
                    	<a href="{url}" target="_blank">
                        	<em>{currentorder}</em>
                            <span><i>[{catname}]</i>{title}</span>
                            <div class="clear"></div>
                        </a>
                    </li>]]></item>
							<item id="8"><![CDATA[<li>
                    	<a href="{url}" target="_blank">
                        	<em>{currentorder}</em>
                            <span><i>[{catname}]</i>{title}</span>
                            <div class="clear"></div>
                        </a>
                    </li>]]></item>
						</item>
						<item id="loopplus"><![CDATA[
						]]></item>
						<item id="loop"><![CDATA[<li>
                    	<a href="{url}" target="_blank">
                        	<em class="nex_numco1">{currentorder}</em>
                            <span><i>[{catname}]</i>{title}</span>
                            <div class="clear"></div>
                        </a>
                    </li>
[order=4]

                    <li>
                    	<a href="{url}" target="_blank">
                        	<em>{currentorder}</em>
                            <span><i>[{catname}]</i>{title}</span>
                            <div class="clear"></div>
                        </a>
                    </li>
[/order]
[order=5]

                    <li>
                    	<a href="{url}" target="_blank">
                        	<em>{currentorder}</em>
                            <span><i>[{catname}]</i>{title}</span>
                            <div class="clear"></div>
                        </a>
                    </li>
[/order]
[order=6]

                    <li>
                    	<a href="{url}" target="_blank">
                        	<em>{currentorder}</em>
                            <span><i>[{catname}]</i>{title}</span>
                            <div class="clear"></div>
                        </a>
                    </li>
[/order]
[order=7]

                    <li>
                    	<a href="{url}" target="_blank">
                        	<em>{currentorder}</em>
                            <span><i>[{catname}]</i>{title}</span>
                            <div class="clear"></div>
                        </a>
                    </li>
[/order]
[order=8]

                    <li>
                    	<a href="{url}" target="_blank">
                        	<em>{currentorder}</em>
                            <span><i>[{catname}]</i>{title}</span>
                            <div class="clear"></div>
                        </a>
                    </li>
[/order]]]></item>
					</item>
					<item id="hash"><![CDATA[a3fb959f]]></item>
				</item>
				<item id="picwidth"><![CDATA[0]]></item>
				<item id="picheight"><![CDATA[0]]></item>
				<item id="target"><![CDATA[blank]]></item>
				<item id="dateformat"><![CDATA[Y-m-d]]></item>
				<item id="dateuformat"><![CDATA[0]]></item>
				<item id="script"><![CDATA[article]]></item>
				<item id="param">
					<item id="aids"><![CDATA[]]></item>
					<item id="uids"><![CDATA[]]></item>
					<item id="keyword"><![CDATA[]]></item>
					<item id="picrequired"><![CDATA[0]]></item>
					<item id="starttime"><![CDATA[]]></item>
					<item id="endtime"><![CDATA[]]></item>
					<item id="orderby"><![CDATA[viewnum]]></item>
					<item id="publishdateline"><![CDATA[0]]></item>
					<item id="titlelength"><![CDATA[40]]></item>
					<item id="summarylength"><![CDATA[80]]></item>
					<item id="startrow"><![CDATA[0]]></item>
					<item id="items"><![CDATA[8]]></item>
				</item>
				<item id="shownum"><![CDATA[8]]></item>
				<item id="cachetime"><![CDATA[3600]]></item>
				<item id="cachetimerange"><![CDATA[]]></item>
				<item id="punctualupdate"><![CDATA[0]]></item>
				<item id="hidedisplay"><![CDATA[0]]></item>
				<item id="dateline"><![CDATA[1520816010]]></item>
				<item id="notinherited"><![CDATA[0]]></item>
				<item id="isblank"><![CDATA[0]]></item>
			</item>
			<item id="4815">
				<item id="bid"><![CDATA[4815]]></item>
				<item id="blockclass"><![CDATA[portal_article]]></item>
				<item id="blocktype"><![CDATA[0]]></item>
				<item id="name"><![CDATA[cases]]></item>
				<item id="title"><![CDATA[]]></item>
				<item id="classname"><![CDATA[]]></item>
				<item id="summary"><![CDATA[]]></item>
				<item id="uid"><![CDATA[1]]></item>
				<item id="username"><![CDATA[admin白雪狼]]></item>
				<item id="styleid"><![CDATA[0]]></item>
				<item id="blockstyle">
					<item id="name"><![CDATA[]]></item>
					<item id="blockclass"><![CDATA[portal_article]]></item>
					<item id="makethumb"><![CDATA[1]]></item>
					<item id="getpic"><![CDATA[1]]></item>
					<item id="getsummary"><![CDATA[1]]></item>
					<item id="settarget"><![CDATA[1]]></item>
					<item id="moreurl"><![CDATA[0]]></item>
					<item id="fields">
						<item id="0"><![CDATA[url]]></item>
						<item id="1"><![CDATA[pic]]></item>
						<item id="2"><![CDATA[summary]]></item>
						<item id="3"><![CDATA[catname]]></item>
						<item id="4"><![CDATA[title]]></item>
					</item>
					<item id="template">
						<item id="raw"><![CDATA[[loop]
[order=1]

<li class="ons">
                    	<div class="nex_sdfdgf">
                            <div class="nex_selout">
                            	<i></i>
                                <a href="{url}" target="_blank">
                                	<img src="{pic}" width="{picwidth}" height="{picheight}" />
                                    <p>{summary}</p>
                                </a>
                            </div>
                            <div class="nex_selins">
                                <a href="{url}"{target}><em>[{catname}]</em>{title}</a>
                            </div>
                        </div>
                    </li>

[/order]
[order=2]

                    <li>
                    	<div class="nex_sdfdgf">
                            <div class="nex_selout">
                            	<i></i>
                                <a href="{url}" target="_blank"><img src="{pic}" width="{picwidth}" height="{picheight}" /><p>{summary}</p></a>
                            </div>
                            <div class="nex_selins">
                                <a href="{url}"{target}><em>[{catname}]</em>{title}</a>
                            </div>
                        </div>
                    </li>
[/order]
[order=3]

                    <li>
                    	<div class="nex_sdfdgf">
                            <div class="nex_selout">
                            	<i></i>
                                <a href="{url}" target="_blank"><img src="{pic}" width="{picwidth}" height="{picheight}" /><p>{summary}</p></a>
                            </div>
                            <div class="nex_selins">
                                <a href="{url}"{target}><em>[{catname}]</em>{title}</a>
                            </div>
                        </div>
                    </li>
[/order]
[order=4]

                    <li>
                    	<div class="nex_sdfdgf">
                            <div class="nex_selout">
                            	<i></i>
                                <a href="{url}" target="_blank"><img src="{pic}" width="{picwidth}" height="{picheight}" /><p>{summary}</p></a>
                            </div>
                            <div class="nex_selins">
                                <a href="{url}"{target}><em>[{catname}]</em>{title}</a>
                            </div>
                        </div>
                    </li>
[/order]
[order=5]

                    <li>
                    	<div class="nex_sdfdgf">
                            <div class="nex_selout">
                            	<i></i>
                                <a href="{url}" target="_blank"><img src="{pic}" width="{picwidth}" height="{picheight}" /><p>{summary}</p></a>
                            </div>
                            <div class="nex_selins">
                                <a href="{url}"{target}><em>[{catname}]</em>{title}</a>
                            </div>
                        </div>
                    </li>
[/order]                   
[/loop]]]></item>
						<item id="footer"><![CDATA[]]></item>
						<item id="header"><![CDATA[]]></item>
						<item id="indexplus"><![CDATA[
						]]></item>
						<item id="index"><![CDATA[
						]]></item>
						<item id="orderplus"><![CDATA[
						]]></item>
						<item id="order">
							<item id="1"><![CDATA[<li class="ons">
                    	<div class="nex_sdfdgf">
                            <div class="nex_selout">
                            	<i></i>
                                <a href="{url}" target="_blank">
                                	<img src="{pic}" width="{picwidth}" height="{picheight}" />
                                    <p>{summary}</p>
                                </a>
                            </div>
                            <div class="nex_selins">
                                <a href="{url}"{target}><em>[{catname}]</em>{title}</a>
                            </div>
                        </div>
                    </li>]]></item>
							<item id="2"><![CDATA[<li>
                    	<div class="nex_sdfdgf">
                            <div class="nex_selout">
                            	<i></i>
                                <a href="{url}" target="_blank"><img src="{pic}" width="{picwidth}" height="{picheight}" /><p>{summary}</p></a>
                            </div>
                            <div class="nex_selins">
                                <a href="{url}"{target}><em>[{catname}]</em>{title}</a>
                            </div>
                        </div>
                    </li>]]></item>
							<item id="3"><![CDATA[<li>
                    	<div class="nex_sdfdgf">
                            <div class="nex_selout">
                            	<i></i>
                                <a href="{url}" target="_blank"><img src="{pic}" width="{picwidth}" height="{picheight}" /><p>{summary}</p></a>
                            </div>
                            <div class="nex_selins">
                                <a href="{url}"{target}><em>[{catname}]</em>{title}</a>
                            </div>
                        </div>
                    </li>]]></item>
							<item id="4"><![CDATA[<li>
                    	<div class="nex_sdfdgf">
                            <div class="nex_selout">
                            	<i></i>
                                <a href="{url}" target="_blank"><img src="{pic}" width="{picwidth}" height="{picheight}" /><p>{summary}</p></a>
                            </div>
                            <div class="nex_selins">
                                <a href="{url}"{target}><em>[{catname}]</em>{title}</a>
                            </div>
                        </div>
                    </li>]]></item>
							<item id="5"><![CDATA[<li>
                    	<div class="nex_sdfdgf">
                            <div class="nex_selout">
                            	<i></i>
                                <a href="{url}" target="_blank"><img src="{pic}" width="{picwidth}" height="{picheight}" /><p>{summary}</p></a>
                            </div>
                            <div class="nex_selins">
                                <a href="{url}"{target}><em>[{catname}]</em>{title}</a>
                            </div>
                        </div>
                    </li>]]></item>
						</item>
						<item id="loopplus"><![CDATA[
						]]></item>
						<item id="loop"><![CDATA[[order=1]

<li class="ons">
                    	<div class="nex_sdfdgf">
                            <div class="nex_selout">
                            	<i></i>
                                <a href="{url}" target="_blank">
                                	<img src="{pic}" width="{picwidth}" height="{picheight}" />
                                    <p>{summary}</p>
                                </a>
                            </div>
                            <div class="nex_selins">
                                <a href="{url}"{target}><em>[{catname}]</em>{title}</a>
                            </div>
                        </div>
                    </li>

[/order]
[order=2]

                    <li>
                    	<div class="nex_sdfdgf">
                            <div class="nex_selout">
                            	<i></i>
                                <a href="{url}" target="_blank"><img src="{pic}" width="{picwidth}" height="{picheight}" /><p>{summary}</p></a>
                            </div>
                            <div class="nex_selins">
                                <a href="{url}"{target}><em>[{catname}]</em>{title}</a>
                            </div>
                        </div>
                    </li>
[/order]
[order=3]

                    <li>
                    	<div class="nex_sdfdgf">
                            <div class="nex_selout">
                            	<i></i>
                                <a href="{url}" target="_blank"><img src="{pic}" width="{picwidth}" height="{picheight}" /><p>{summary}</p></a>
                            </div>
                            <div class="nex_selins">
                                <a href="{url}"{target}><em>[{catname}]</em>{title}</a>
                            </div>
                        </div>
                    </li>
[/order]
[order=4]

                    <li>
                    	<div class="nex_sdfdgf">
                            <div class="nex_selout">
                            	<i></i>
                                <a href="{url}" target="_blank"><img src="{pic}" width="{picwidth}" height="{picheight}" /><p>{summary}</p></a>
                            </div>
                            <div class="nex_selins">
                                <a href="{url}"{target}><em>[{catname}]</em>{title}</a>
                            </div>
                        </div>
                    </li>
[/order]
[order=5]

                    <li>
                    	<div class="nex_sdfdgf">
                            <div class="nex_selout">
                            	<i></i>
                                <a href="{url}" target="_blank"><img src="{pic}" width="{picwidth}" height="{picheight}" /><p>{summary}</p></a>
                            </div>
                            <div class="nex_selins">
                                <a href="{url}"{target}><em>[{catname}]</em>{title}</a>
                            </div>
                        </div>
                    </li>
[/order]]]></item>
					</item>
					<item id="hash"><![CDATA[27a6620e]]></item>
				</item>
				<item id="picwidth"><![CDATA[300]]></item>
				<item id="picheight"><![CDATA[180]]></item>
				<item id="target"><![CDATA[blank]]></item>
				<item id="dateformat"><![CDATA[Y-m-d]]></item>
				<item id="dateuformat"><![CDATA[0]]></item>
				<item id="script"><![CDATA[article]]></item>
				<item id="param">
					<item id="aids"><![CDATA[]]></item>
					<item id="uids"><![CDATA[]]></item>
					<item id="keyword"><![CDATA[]]></item>
					<item id="picrequired"><![CDATA[1]]></item>
					<item id="starttime"><![CDATA[]]></item>
					<item id="endtime"><![CDATA[]]></item>
					<item id="orderby"><![CDATA[commentnum]]></item>
					<item id="publishdateline"><![CDATA[0]]></item>
					<item id="titlelength"><![CDATA[40]]></item>
					<item id="summarylength"><![CDATA[80]]></item>
					<item id="startrow"><![CDATA[0]]></item>
					<item id="items"><![CDATA[5]]></item>
				</item>
				<item id="shownum"><![CDATA[5]]></item>
				<item id="cachetime"><![CDATA[3600]]></item>
				<item id="cachetimerange"><![CDATA[]]></item>
				<item id="punctualupdate"><![CDATA[0]]></item>
				<item id="hidedisplay"><![CDATA[0]]></item>
				<item id="dateline"><![CDATA[1520816011]]></item>
				<item id="notinherited"><![CDATA[0]]></item>
				<item id="isblank"><![CDATA[0]]></item>
			</item>
			<item id="4816">
				<item id="bid"><![CDATA[4816]]></item>
				<item id="blockclass"><![CDATA[html_html]]></item>
				<item id="blocktype"><![CDATA[0]]></item>
				<item id="name"><![CDATA[ads]]></item>
				<item id="title"><![CDATA[]]></item>
				<item id="classname"><![CDATA[]]></item>
				<item id="summary"><![CDATA[<a href="http://t.cn/Aiux1Qh0" target="_blank"><img src="./template/nex_momkid_180226/neoconex/portal_list_view/ads1.jpg" /></a>]]></item>
				<item id="uid"><![CDATA[1]]></item>
				<item id="username"><![CDATA[admin白雪狼]]></item>
				<item id="styleid"><![CDATA[0]]></item>
				<item id="blockstyle"><![CDATA[]]></item>
				<item id="picwidth"><![CDATA[0]]></item>
				<item id="picheight"><![CDATA[0]]></item>
				<item id="target"><![CDATA[blank]]></item>
				<item id="dateformat"><![CDATA[Y-m-d]]></item>
				<item id="dateuformat"><![CDATA[0]]></item>
				<item id="script"><![CDATA[blank]]></item>
				<item id="param">
					<item id="content"><![CDATA[<a href=\"#\" target=\"_blank\"><img src=\"./template/nex_momkid_180226/neoconex/portal_list_view/ads1.jpg\" /></a>]]></item>
					<item id="items"><![CDATA[10]]></item>
				</item>
				<item id="shownum"><![CDATA[10]]></item>
				<item id="cachetime"><![CDATA[0]]></item>
				<item id="cachetimerange"><![CDATA[0,0]]></item>
				<item id="punctualupdate"><![CDATA[0]]></item>
				<item id="hidedisplay"><![CDATA[0]]></item>
				<item id="dateline"><![CDATA[1520657880]]></item>
				<item id="notinherited"><![CDATA[0]]></item>
				<item id="isblank"><![CDATA[0]]></item>
			</item>
		</item>
		<item id="style">
		</item>
	</item>
</root>