<?xml version="1.0" encoding="ISO-8859-1"?>
<root>
	<item id="spacecss"><![CDATA[]]></item>
	<item id="layoutdata">
		<item id="diy1"><![CDATA[]]></item>
		<item id="nexprodesc">
			<item id="frame`frameU4274D">
				<item id="attr">
					<item id="name"><![CDATA[frameU4274D]]></item>
					<item id="moveable"><![CDATA[true]]></item>
					<item id="className"><![CDATA[frame move-span cl frame-1]]></item>
					<item id="titles"><![CDATA[]]></item>
				</item>
				<item id="column`frameU4274D_left">
					<item id="attr">
						<item id="name"><![CDATA[frameU4274D_left]]></item>
						<item id="className"><![CDATA[column frame-1-c]]></item>
					</item>
					<item id="block`portal_block_5381">
						<item id="attr">
							<item id="name"><![CDATA[portal_block_5381]]></item>
							<item id="className"><![CDATA[block move-span]]></item>
							<item id="titles"><![CDATA[]]></item>
						</item>
					</item>
				</item>
			</item>
		</item>
		<item id="listloopbottom"><![CDATA[]]></item>
		<item id="diycontentbottom"><![CDATA[]]></item>
		<item id="nex_guanzhu_btn">
			<item id="frame`framedU9q8K">
				<item id="attr">
					<item id="name"><![CDATA[framedU9q8K]]></item>
					<item id="moveable"><![CDATA[true]]></item>
					<item id="className"><![CDATA[frame move-span cl frame-1]]></item>
					<item id="titles"><![CDATA[]]></item>
				</item>
				<item id="column`framedU9q8K_left">
					<item id="attr">
						<item id="name"><![CDATA[framedU9q8K_left]]></item>
						<item id="className"><![CDATA[column frame-1-c]]></item>
					</item>
					<item id="block`portal_block_4805">
						<item id="attr">
							<item id="name"><![CDATA[portal_block_4805]]></item>
							<item id="className"><![CDATA[block move-span]]></item>
							<item id="titles"><![CDATA[]]></item>
						</item>
					</item>
				</item>
			</item>
		</item>
		<item id="nex_focusBox">
			<item id="frame`frame9H1fqc">
				<item id="attr">
					<item id="name"><![CDATA[frame9H1fqc]]></item>
					<item id="moveable"><![CDATA[true]]></item>
					<item id="className"><![CDATA[frame move-span cl frame-1]]></item>
					<item id="titles"><![CDATA[]]></item>
				</item>
				<item id="column`frame9H1fqc_left">
					<item id="attr">
						<item id="name"><![CDATA[frame9H1fqc_left]]></item>
						<item id="className"><![CDATA[column frame-1-c]]></item>
					</item>
					<item id="block`portal_block_4806">
						<item id="attr">
							<item id="name"><![CDATA[portal_block_4806]]></item>
							<item id="className"><![CDATA[block move-span]]></item>
							<item id="titles"><![CDATA[]]></item>
						</item>
					</item>
				</item>
			</item>
		</item>
		<item id="nex_pivlists">
			<item id="frame`frameU5v7K6">
				<item id="attr">
					<item id="name"><![CDATA[frameU5v7K6]]></item>
					<item id="moveable"><![CDATA[true]]></item>
					<item id="className"><![CDATA[frame move-span cl frame-1]]></item>
					<item id="titles"><![CDATA[]]></item>
				</item>
				<item id="column`frameU5v7K6_left">
					<item id="attr">
						<item id="name"><![CDATA[frameU5v7K6_left]]></item>
						<item id="className"><![CDATA[column frame-1-c]]></item>
					</item>
					<item id="block`portal_block_4807">
						<item id="attr">
							<item id="name"><![CDATA[portal_block_4807]]></item>
							<item id="className"><![CDATA[block move-span]]></item>
							<item id="titles"><![CDATA[]]></item>
						</item>
					</item>
				</item>
			</item>
		</item>
		<item id="nex_readings">
			<item id="frame`framekUCpT6">
				<item id="attr">
					<item id="name"><![CDATA[framekUCpT6]]></item>
					<item id="moveable"><![CDATA[true]]></item>
					<item id="className"><![CDATA[frame move-span cl frame-1]]></item>
					<item id="titles"><![CDATA[]]></item>
				</item>
				<item id="column`framekUCpT6_left">
					<item id="attr">
						<item id="name"><![CDATA[framekUCpT6_left]]></item>
						<item id="className"><![CDATA[column frame-1-c]]></item>
					</item>
					<item id="block`portal_block_4808">
						<item id="attr">
							<item id="name"><![CDATA[portal_block_4808]]></item>
							<item id="className"><![CDATA[block move-span]]></item>
							<item id="titles"><![CDATA[]]></item>
						</item>
					</item>
				</item>
			</item>
		</item>
		<item id="nex_selcases">
			<item id="frame`frame5goRu1">
				<item id="attr">
					<item id="name"><![CDATA[frame5goRu1]]></item>
					<item id="moveable"><![CDATA[true]]></item>
					<item id="className"><![CDATA[frame move-span cl frame-1]]></item>
					<item id="titles"><![CDATA[]]></item>
				</item>
				<item id="column`frame5goRu1_left">
					<item id="attr">
						<item id="name"><![CDATA[frame5goRu1_left]]></item>
						<item id="className"><![CDATA[column frame-1-c]]></item>
					</item>
					<item id="block`portal_block_4809">
						<item id="attr">
							<item id="name"><![CDATA[portal_block_4809]]></item>
							<item id="className"><![CDATA[block move-span]]></item>
							<item id="titles"><![CDATA[]]></item>
						</item>
					</item>
				</item>
			</item>
		</item>
		<item id="nex_portal_ads">
			<item id="frame`frameZZLUsv">
				<item id="attr">
					<item id="name"><![CDATA[frameZZLUsv]]></item>
					<item id="moveable"><![CDATA[true]]></item>
					<item id="className"><![CDATA[frame move-span cl frame-1]]></item>
					<item id="titles"><![CDATA[]]></item>
				</item>
				<item id="column`frameZZLUsv_left">
					<item id="attr">
						<item id="name"><![CDATA[frameZZLUsv_left]]></item>
						<item id="className"><![CDATA[column frame-1-c]]></item>
					</item>
					<item id="block`portal_block_4810">
						<item id="attr">
							<item id="name"><![CDATA[portal_block_4810]]></item>
							<item id="className"><![CDATA[block move-span]]></item>
							<item id="titles"><![CDATA[]]></item>
						</item>
					</item>
				</item>
			</item>
		</item>
		<item id="diy3"><![CDATA[]]></item>
	</item>
	<item id="blockdata">
		<item id="block">
			<item id="4805">
				<item id="bid"><![CDATA[4805]]></item>
				<item id="blockclass"><![CDATA[html_html]]></item>
				<item id="blocktype"><![CDATA[0]]></item>
				<item id="name"><![CDATA[guanzhu]]></item>
				<item id="title"><![CDATA[]]></item>
				<item id="classname"><![CDATA[]]></item>
				<item id="summary"><![CDATA[<div class="nex_guanzhu_btn_top">
                    	<div class="nex_gzewmpiv">
                        	<img src="./template/nex_momkid_180226/neoconex/portal_list_view/ftqrcode.jpg" />
                        </div>
                        <div class="nex_gztxts">
                        	<h5>星点母婴网</h5>
                            <p>扫一扫二维码关注我们Get最新资讯</p>
                        </div>
                        <div class="clear"></div>
                    </div>
                    <div class="nex_guanzhu_btn_btms">
                    	<ul>
                        	<li class="nex_gz_qqbtn">
                            	<a href="http://t.cn/Aiux1Qh0" target="_blank">加入QQ群</a>
                            </li>
                            <li class="nex_gz_wbbtn">
                            	<a href="http://t.cn/Aiux1Qh0" target="_blank">官方微博</a>
                            </li>
                            <div class="clear"></div>
                        </ul>
                    </div>]]></item>
				<item id="uid"><![CDATA[1]]></item>
				<item id="username"><![CDATA[admin白雪狼]]></item>
				<item id="styleid"><![CDATA[0]]></item>
				<item id="blockstyle"><![CDATA[]]></item>
				<item id="picwidth"><![CDATA[0]]></item>
				<item id="picheight"><![CDATA[0]]></item>
				<item id="target"><![CDATA[blank]]></item>
				<item id="dateformat"><![CDATA[Y-m-d]]></item>
				<item id="dateuformat"><![CDATA[0]]></item>
				<item id="script"><![CDATA[blank]]></item>
				<item id="param">
					<item id="content"><![CDATA[<div class=\"nex_guanzhu_btn_top\">
                    	<div class=\"nex_gzewmpiv\">
                        	<img src=\"./template/nex_momkid_180226/neoconex/portal_list_view/ftqrcode.jpg\" />
                        </div>
                        <div class=\"nex_gztxts\">
                        	<h5>星点母婴网</h5>
                            <p>扫一扫二维码关注我们Get最新资讯</p>
                        </div>
                        <div class=\"clear\"></div>
                    </div>
                    <div class=\"nex_guanzhu_btn_btms\">
                    	<ul>
                        	<li class=\"nex_gz_qqbtn\">
                            	<a href=\"#\" target=\"_blank\">加入QQ群</a>
                            </li>
                            <li class=\"nex_gz_wbbtn\">
                            	<a href=\"#\" target=\"_blank\">官方微博</a>
                            </li>
                            <div class=\"clear\"></div>
                        </ul>
                    </div>]]></item>
					<item id="items"><![CDATA[10]]></item>
				</item>
				<item id="shownum"><![CDATA[10]]></item>
				<item id="cachetime"><![CDATA[0]]></item>
				<item id="cachetimerange"><![CDATA[0,0]]></item>
				<item id="punctualupdate"><![CDATA[0]]></item>
				<item id="hidedisplay"><![CDATA[0]]></item>
				<item id="dateline"><![CDATA[1520659567]]></item>
				<item id="notinherited"><![CDATA[0]]></item>
				<item id="isblank"><![CDATA[0]]></item>
			</item>
			<item id="4806">
				<item id="bid"><![CDATA[4806]]></item>
				<item id="blockclass"><![CDATA[portal_article]]></item>
				<item id="blocktype"><![CDATA[0]]></item>
				<item id="name"><![CDATA[tuijian]]></item>
				<item id="title"><![CDATA[]]></item>
				<item id="classname"><![CDATA[]]></item>
				<item id="summary"><![CDATA[]]></item>
				<item id="uid"><![CDATA[1]]></item>
				<item id="username"><![CDATA[admin白雪狼]]></item>
				<item id="styleid"><![CDATA[0]]></item>
				<item id="blockstyle">
					<item id="name"><![CDATA[]]></item>
					<item id="blockclass"><![CDATA[portal_article]]></item>
					<item id="makethumb"><![CDATA[1]]></item>
					<item id="getpic"><![CDATA[1]]></item>
					<item id="getsummary"><![CDATA[0]]></item>
					<item id="settarget"><![CDATA[0]]></item>
					<item id="moreurl"><![CDATA[0]]></item>
					<item id="fields">
						<item id="0"><![CDATA[url]]></item>
						<item id="1"><![CDATA[pic]]></item>
						<item id="2"><![CDATA[title]]></item>
					</item>
					<item id="template">
						<item id="raw"><![CDATA[<ul class="pic">
[loop]

                    	<li>
                        	<a href="{url}" target="_blank">
                            	<img src="{pic}" width="{picwidth}" height="{picheight}" />
                                <h5>{title}</h5>
                            </a>
                        </li>  

[/loop]     
                    </ul>]]></item>
						<item id="footer"><![CDATA[]]></item>
						<item id="header"><![CDATA[]]></item>
						<item id="indexplus">
						</item>
						<item id="index">
						</item>
						<item id="orderplus">
						</item>
						<item id="order">
						</item>
						<item id="loopplus">
						</item>
						<item id="loop"><![CDATA[<li>
                        	<a href="{url}" target="_blank">
                            	<img src="{pic}" width="{picwidth}" height="{picheight}" />
                                <h5>{title}</h5>
                            </a>
                        </li>]]></item>
					</item>
					<item id="hash"><![CDATA[b03c2d26]]></item>
				</item>
				<item id="picwidth"><![CDATA[300]]></item>
				<item id="picheight"><![CDATA[180]]></item>
				<item id="target"><![CDATA[blank]]></item>
				<item id="dateformat"><![CDATA[Y-m-d]]></item>
				<item id="dateuformat"><![CDATA[0]]></item>
				<item id="script"><![CDATA[article]]></item>
				<item id="param">
					<item id="aids"><![CDATA[]]></item>
					<item id="uids"><![CDATA[]]></item>
					<item id="keyword"><![CDATA[]]></item>
					<item id="picrequired"><![CDATA[1]]></item>
					<item id="starttime"><![CDATA[]]></item>
					<item id="endtime"><![CDATA[]]></item>
					<item id="orderby"><![CDATA[viewnum]]></item>
					<item id="publishdateline"><![CDATA[0]]></item>
					<item id="titlelength"><![CDATA[40]]></item>
					<item id="summarylength"><![CDATA[80]]></item>
					<item id="startrow"><![CDATA[0]]></item>
					<item id="items"><![CDATA[5]]></item>
				</item>
				<item id="shownum"><![CDATA[5]]></item>
				<item id="cachetime"><![CDATA[3600]]></item>
				<item id="cachetimerange"><![CDATA[]]></item>
				<item id="punctualupdate"><![CDATA[0]]></item>
				<item id="hidedisplay"><![CDATA[0]]></item>
				<item id="dateline"><![CDATA[1520815860]]></item>
				<item id="notinherited"><![CDATA[0]]></item>
				<item id="isblank"><![CDATA[0]]></item>
			</item>
			<item id="4807">
				<item id="bid"><![CDATA[4807]]></item>
				<item id="blockclass"><![CDATA[portal_article]]></item>
				<item id="blocktype"><![CDATA[0]]></item>
				<item id="name"><![CDATA[jingxuan]]></item>
				<item id="title"><![CDATA[]]></item>
				<item id="classname"><![CDATA[]]></item>
				<item id="summary"><![CDATA[]]></item>
				<item id="uid"><![CDATA[1]]></item>
				<item id="username"><![CDATA[admin白雪狼]]></item>
				<item id="styleid"><![CDATA[0]]></item>
				<item id="blockstyle">
					<item id="name"><![CDATA[]]></item>
					<item id="blockclass"><![CDATA[portal_article]]></item>
					<item id="makethumb"><![CDATA[1]]></item>
					<item id="getpic"><![CDATA[1]]></item>
					<item id="getsummary"><![CDATA[0]]></item>
					<item id="settarget"><![CDATA[1]]></item>
					<item id="moreurl"><![CDATA[0]]></item>
					<item id="fields">
						<item id="0"><![CDATA[url]]></item>
						<item id="1"><![CDATA[pic]]></item>
						<item id="2"><![CDATA[caturl]]></item>
						<item id="3"><![CDATA[catname]]></item>
						<item id="4"><![CDATA[uid]]></item>
						<item id="5"><![CDATA[username]]></item>
						<item id="6"><![CDATA[title]]></item>
						<item id="7"><![CDATA[dateline]]></item>
					</item>
					<item id="template">
						<item id="raw"><![CDATA[[loop]
<li>
                        <div class="nex_top_news">
                            <div class="nex_top_news_pic">
                                <a href="{url}" target="_blank"><img src="{pic}" width="{picwidth}" height="{picheight}" /></a>
                            </div>
                            <div class="nex_top_ins_box">
                                <p><a href="{caturl}" target="_blank">{catname}</a><em>|</em><a href="home.php?mod=space&uid={uid}&do=profile" target="_blank">{username}</a></p>
                                <h5><a href="{url}"{target}>{title}</a></h5>
                            </div>
                        </div>
                    </li>
[order=2]

                    <li>
                        <div class="nex_top_newspic">
                            <a href="{url}" target="_blank"><img src="{pic}" width="{picwidth}" height="{picheight}" /></a>
                        </div>
                        <div class="nex_top_newsinfos">
                            <h5><a href="{url}"{target}>{title}</a></h5>
                            <p>{dateline}</p>
                        </div>
                        <div class="clear"></div>
                    </li>
[/order]
[order=3]

                    <li>
                        <div class="nex_top_newspic">
                            <a href="{url}" target="_blank"><img src="{pic}" width="{picwidth}" height="{picheight}" /></a>
                        </div>
                        <div class="nex_top_newsinfos">
                            <h5><a href="{url}"{target}>{title}</a></h5>
                            <p>{dateline}</p>
                        </div>
                        <div class="clear"></div>
                    </li>
[/order]
[order=4]

                    <li>
                        <div class="nex_top_newspic">
                            <a href="{url}" target="_blank"><img src="{pic}" width="{picwidth}" height="{picheight}" /></a>
                        </div>
                        <div class="nex_top_newsinfos">
                            <h5><a href="{url}"{target}>{title}</a></h5>
                            <p>{dateline}</p>
                        </div>
                        <div class="clear"></div>
                    </li>
[/order]
[order=5]

                    <li>
                        <div class="nex_top_newspic">
                            <a href="{url}" target="_blank"><img src="{pic}" width="{picwidth}" height="{picheight}" /></a>
                        </div>
                        <div class="nex_top_newsinfos">
                            <h5><a href="{url}"{target}>{title}</a></h5>
                            <p>{dateline}</p>
                        </div>
                        <div class="clear"></div>
                    </li>
[/order]
[order=6]

                    <li>
                        <div class="nex_top_newspic">
                            <a href="{url}" target="_blank"><img src="{pic}" width="{picwidth}" height="{picheight}" /></a>
                        </div>
                        <div class="nex_top_newsinfos">
                            <h5><a href="{url}"{target}>{title}</a></h5>
                            <p>{dateline}</p>
                        </div>
                        <div class="clear"></div>
                    </li>
[/order]
[/loop]]]></item>
						<item id="footer"><![CDATA[]]></item>
						<item id="header"><![CDATA[]]></item>
						<item id="indexplus">
						</item>
						<item id="index">
						</item>
						<item id="orderplus">
						</item>
						<item id="order">
							<item id="2"><![CDATA[<li>
                        <div class="nex_top_newspic">
                            <a href="{url}" target="_blank"><img src="{pic}" width="{picwidth}" height="{picheight}" /></a>
                        </div>
                        <div class="nex_top_newsinfos">
                            <h5><a href="{url}"{target}>{title}</a></h5>
                            <p>{dateline}</p>
                        </div>
                        <div class="clear"></div>
                    </li>]]></item>
							<item id="3"><![CDATA[<li>
                        <div class="nex_top_newspic">
                            <a href="{url}" target="_blank"><img src="{pic}" width="{picwidth}" height="{picheight}" /></a>
                        </div>
                        <div class="nex_top_newsinfos">
                            <h5><a href="{url}"{target}>{title}</a></h5>
                            <p>{dateline}</p>
                        </div>
                        <div class="clear"></div>
                    </li>]]></item>
							<item id="4"><![CDATA[<li>
                        <div class="nex_top_newspic">
                            <a href="{url}" target="_blank"><img src="{pic}" width="{picwidth}" height="{picheight}" /></a>
                        </div>
                        <div class="nex_top_newsinfos">
                            <h5><a href="{url}"{target}>{title}</a></h5>
                            <p>{dateline}</p>
                        </div>
                        <div class="clear"></div>
                    </li>]]></item>
							<item id="5"><![CDATA[<li>
                        <div class="nex_top_newspic">
                            <a href="{url}" target="_blank"><img src="{pic}" width="{picwidth}" height="{picheight}" /></a>
                        </div>
                        <div class="nex_top_newsinfos">
                            <h5><a href="{url}"{target}>{title}</a></h5>
                            <p>{dateline}</p>
                        </div>
                        <div class="clear"></div>
                    </li>]]></item>
							<item id="6"><![CDATA[<li>
                        <div class="nex_top_newspic">
                            <a href="{url}" target="_blank"><img src="{pic}" width="{picwidth}" height="{picheight}" /></a>
                        </div>
                        <div class="nex_top_newsinfos">
                            <h5><a href="{url}"{target}>{title}</a></h5>
                            <p>{dateline}</p>
                        </div>
                        <div class="clear"></div>
                    </li>]]></item>
						</item>
						<item id="loopplus">
						</item>
						<item id="loop"><![CDATA[<li>
                        <div class="nex_top_news">
                            <div class="nex_top_news_pic">
                                <a href="{url}" target="_blank"><img src="{pic}" width="{picwidth}" height="{picheight}" /></a>
                            </div>
                            <div class="nex_top_ins_box">
                                <p><a href="{caturl}" target="_blank">{catname}</a><em>|</em><a href="home.php?mod=space&uid={uid}&do=profile" target="_blank">{username}</a></p>
                                <h5><a href="{url}"{target}>{title}</a></h5>
                            </div>
                        </div>
                    </li>
[order=2]

                    <li>
                        <div class="nex_top_newspic">
                            <a href="{url}" target="_blank"><img src="{pic}" width="{picwidth}" height="{picheight}" /></a>
                        </div>
                        <div class="nex_top_newsinfos">
                            <h5><a href="{url}"{target}>{title}</a></h5>
                            <p>{dateline}</p>
                        </div>
                        <div class="clear"></div>
                    </li>
[/order]
[order=3]

                    <li>
                        <div class="nex_top_newspic">
                            <a href="{url}" target="_blank"><img src="{pic}" width="{picwidth}" height="{picheight}" /></a>
                        </div>
                        <div class="nex_top_newsinfos">
                            <h5><a href="{url}"{target}>{title}</a></h5>
                            <p>{dateline}</p>
                        </div>
                        <div class="clear"></div>
                    </li>
[/order]
[order=4]

                    <li>
                        <div class="nex_top_newspic">
                            <a href="{url}" target="_blank"><img src="{pic}" width="{picwidth}" height="{picheight}" /></a>
                        </div>
                        <div class="nex_top_newsinfos">
                            <h5><a href="{url}"{target}>{title}</a></h5>
                            <p>{dateline}</p>
                        </div>
                        <div class="clear"></div>
                    </li>
[/order]
[order=5]

                    <li>
                        <div class="nex_top_newspic">
                            <a href="{url}" target="_blank"><img src="{pic}" width="{picwidth}" height="{picheight}" /></a>
                        </div>
                        <div class="nex_top_newsinfos">
                            <h5><a href="{url}"{target}>{title}</a></h5>
                            <p>{dateline}</p>
                        </div>
                        <div class="clear"></div>
                    </li>
[/order]
[order=6]

                    <li>
                        <div class="nex_top_newspic">
                            <a href="{url}" target="_blank"><img src="{pic}" width="{picwidth}" height="{picheight}" /></a>
                        </div>
                        <div class="nex_top_newsinfos">
                            <h5><a href="{url}"{target}>{title}</a></h5>
                            <p>{dateline}</p>
                        </div>
                        <div class="clear"></div>
                    </li>
[/order]]]></item>
					</item>
					<item id="hash"><![CDATA[c5be58d9]]></item>
				</item>
				<item id="picwidth"><![CDATA[300]]></item>
				<item id="picheight"><![CDATA[180]]></item>
				<item id="target"><![CDATA[blank]]></item>
				<item id="dateformat"><![CDATA[Y-m-d]]></item>
				<item id="dateuformat"><![CDATA[0]]></item>
				<item id="script"><![CDATA[article]]></item>
				<item id="param">
					<item id="aids"><![CDATA[]]></item>
					<item id="uids"><![CDATA[]]></item>
					<item id="keyword"><![CDATA[]]></item>
					<item id="picrequired"><![CDATA[1]]></item>
					<item id="starttime"><![CDATA[]]></item>
					<item id="endtime"><![CDATA[]]></item>
					<item id="orderby"><![CDATA[viewnum]]></item>
					<item id="publishdateline"><![CDATA[0]]></item>
					<item id="titlelength"><![CDATA[40]]></item>
					<item id="summarylength"><![CDATA[80]]></item>
					<item id="startrow"><![CDATA[0]]></item>
					<item id="items"><![CDATA[6]]></item>
				</item>
				<item id="shownum"><![CDATA[6]]></item>
				<item id="cachetime"><![CDATA[3600]]></item>
				<item id="cachetimerange"><![CDATA[]]></item>
				<item id="punctualupdate"><![CDATA[0]]></item>
				<item id="hidedisplay"><![CDATA[0]]></item>
				<item id="dateline"><![CDATA[1520815974]]></item>
				<item id="notinherited"><![CDATA[0]]></item>
				<item id="isblank"><![CDATA[0]]></item>
			</item>
			<item id="4808">
				<item id="bid"><![CDATA[4808]]></item>
				<item id="blockclass"><![CDATA[portal_article]]></item>
				<item id="blocktype"><![CDATA[0]]></item>
				<item id="name"><![CDATA[paihang]]></item>
				<item id="title"><![CDATA[]]></item>
				<item id="classname"><![CDATA[]]></item>
				<item id="summary"><![CDATA[]]></item>
				<item id="uid"><![CDATA[1]]></item>
				<item id="username"><![CDATA[admin白雪狼]]></item>
				<item id="styleid"><![CDATA[0]]></item>
				<item id="blockstyle">
					<item id="name"><![CDATA[]]></item>
					<item id="blockclass"><![CDATA[portal_article]]></item>
					<item id="makethumb"><![CDATA[0]]></item>
					<item id="getpic"><![CDATA[0]]></item>
					<item id="getsummary"><![CDATA[0]]></item>
					<item id="settarget"><![CDATA[0]]></item>
					<item id="moreurl"><![CDATA[0]]></item>
					<item id="fields">
						<item id="0"><![CDATA[url]]></item>
						<item id="1"><![CDATA[currentorder]]></item>
						<item id="2"><![CDATA[catname]]></item>
						<item id="3"><![CDATA[title]]></item>
					</item>
					<item id="template">
						<item id="raw"><![CDATA[[loop]

                    <li>
                    	<a href="{url}" target="_blank">
                        	<em class="nex_numco1">{currentorder}</em>
                            <span><i>[{catname}]</i>{title}</span>
                            <div class="clear"></div>
                        </a>
                    </li>
[order=4]

                    <li>
                    	<a href="{url}" target="_blank">
                        	<em>{currentorder}</em>
                            <span><i>[{catname}]</i>{title}</span>
                            <div class="clear"></div>
                        </a>
                    </li>
[/order]
[order=5]

                    <li>
                    	<a href="{url}" target="_blank">
                        	<em>{currentorder}</em>
                            <span><i>[{catname}]</i>{title}</span>
                            <div class="clear"></div>
                        </a>
                    </li>
[/order]
[order=6]

                    <li>
                    	<a href="{url}" target="_blank">
                        	<em>{currentorder}</em>
                            <span><i>[{catname}]</i>{title}</span>
                            <div class="clear"></div>
                        </a>
                    </li>
[/order]
[order=7]

                    <li>
                    	<a href="{url}" target="_blank">
                        	<em>{currentorder}</em>
                            <span><i>[{catname}]</i>{title}</span>
                            <div class="clear"></div>
                        </a>
                    </li>
[/order]
[order=8]

                    <li>
                    	<a href="{url}" target="_blank">
                        	<em>{currentorder}</em>
                            <span><i>[{catname}]</i>{title}</span>
                            <div class="clear"></div>
                        </a>
                    </li>
[/order]                   
[/loop]]]></item>
						<item id="footer"><![CDATA[]]></item>
						<item id="header"><![CDATA[]]></item>
						<item id="indexplus">
						</item>
						<item id="index">
						</item>
						<item id="orderplus">
						</item>
						<item id="order">
							<item id="4"><![CDATA[<li>
                    	<a href="{url}" target="_blank">
                        	<em>{currentorder}</em>
                            <span><i>[{catname}]</i>{title}</span>
                            <div class="clear"></div>
                        </a>
                    </li>]]></item>
							<item id="5"><![CDATA[<li>
                    	<a href="{url}" target="_blank">
                        	<em>{currentorder}</em>
                            <span><i>[{catname}]</i>{title}</span>
                            <div class="clear"></div>
                        </a>
                    </li>]]></item>
							<item id="6"><![CDATA[<li>
                    	<a href="{url}" target="_blank">
                        	<em>{currentorder}</em>
                            <span><i>[{catname}]</i>{title}</span>
                            <div class="clear"></div>
                        </a>
                    </li>]]></item>
							<item id="7"><![CDATA[<li>
                    	<a href="{url}" target="_blank">
                        	<em>{currentorder}</em>
                            <span><i>[{catname}]</i>{title}</span>
                            <div class="clear"></div>
                        </a>
                    </li>]]></item>
							<item id="8"><![CDATA[<li>
                    	<a href="{url}" target="_blank">
                        	<em>{currentorder}</em>
                            <span><i>[{catname}]</i>{title}</span>
                            <div class="clear"></div>
                        </a>
                    </li>]]></item>
						</item>
						<item id="loopplus">
						</item>
						<item id="loop"><![CDATA[<li>
                    	<a href="{url}" target="_blank">
                        	<em class="nex_numco1">{currentorder}</em>
                            <span><i>[{catname}]</i>{title}</span>
                            <div class="clear"></div>
                        </a>
                    </li>
[order=4]

                    <li>
                    	<a href="{url}" target="_blank">
                        	<em>{currentorder}</em>
                            <span><i>[{catname}]</i>{title}</span>
                            <div class="clear"></div>
                        </a>
                    </li>
[/order]
[order=5]

                    <li>
                    	<a href="{url}" target="_blank">
                        	<em>{currentorder}</em>
                            <span><i>[{catname}]</i>{title}</span>
                            <div class="clear"></div>
                        </a>
                    </li>
[/order]
[order=6]

                    <li>
                    	<a href="{url}" target="_blank">
                        	<em>{currentorder}</em>
                            <span><i>[{catname}]</i>{title}</span>
                            <div class="clear"></div>
                        </a>
                    </li>
[/order]
[order=7]

                    <li>
                    	<a href="{url}" target="_blank">
                        	<em>{currentorder}</em>
                            <span><i>[{catname}]</i>{title}</span>
                            <div class="clear"></div>
                        </a>
                    </li>
[/order]
[order=8]

                    <li>
                    	<a href="{url}" target="_blank">
                        	<em>{currentorder}</em>
                            <span><i>[{catname}]</i>{title}</span>
                            <div class="clear"></div>
                        </a>
                    </li>
[/order]]]></item>
					</item>
					<item id="hash"><![CDATA[a3fb959f]]></item>
				</item>
				<item id="picwidth"><![CDATA[0]]></item>
				<item id="picheight"><![CDATA[0]]></item>
				<item id="target"><![CDATA[blank]]></item>
				<item id="dateformat"><![CDATA[Y-m-d]]></item>
				<item id="dateuformat"><![CDATA[0]]></item>
				<item id="script"><![CDATA[article]]></item>
				<item id="param">
					<item id="aids"><![CDATA[]]></item>
					<item id="uids"><![CDATA[]]></item>
					<item id="keyword"><![CDATA[]]></item>
					<item id="picrequired"><![CDATA[0]]></item>
					<item id="starttime"><![CDATA[]]></item>
					<item id="endtime"><![CDATA[]]></item>
					<item id="orderby"><![CDATA[viewnum]]></item>
					<item id="publishdateline"><![CDATA[0]]></item>
					<item id="titlelength"><![CDATA[40]]></item>
					<item id="summarylength"><![CDATA[80]]></item>
					<item id="startrow"><![CDATA[0]]></item>
					<item id="items"><![CDATA[8]]></item>
				</item>
				<item id="shownum"><![CDATA[8]]></item>
				<item id="cachetime"><![CDATA[3600]]></item>
				<item id="cachetimerange"><![CDATA[]]></item>
				<item id="punctualupdate"><![CDATA[0]]></item>
				<item id="hidedisplay"><![CDATA[0]]></item>
				<item id="dateline"><![CDATA[1520815976]]></item>
				<item id="notinherited"><![CDATA[0]]></item>
				<item id="isblank"><![CDATA[0]]></item>
			</item>
			<item id="4809">
				<item id="bid"><![CDATA[4809]]></item>
				<item id="blockclass"><![CDATA[portal_article]]></item>
				<item id="blocktype"><![CDATA[0]]></item>
				<item id="name"><![CDATA[cases]]></item>
				<item id="title"><![CDATA[]]></item>
				<item id="classname"><![CDATA[]]></item>
				<item id="summary"><![CDATA[]]></item>
				<item id="uid"><![CDATA[1]]></item>
				<item id="username"><![CDATA[admin白雪狼]]></item>
				<item id="styleid"><![CDATA[0]]></item>
				<item id="blockstyle">
					<item id="name"><![CDATA[]]></item>
					<item id="blockclass"><![CDATA[portal_article]]></item>
					<item id="makethumb"><![CDATA[1]]></item>
					<item id="getpic"><![CDATA[1]]></item>
					<item id="getsummary"><![CDATA[1]]></item>
					<item id="settarget"><![CDATA[1]]></item>
					<item id="moreurl"><![CDATA[0]]></item>
					<item id="fields">
						<item id="0"><![CDATA[url]]></item>
						<item id="1"><![CDATA[pic]]></item>
						<item id="2"><![CDATA[summary]]></item>
						<item id="3"><![CDATA[catname]]></item>
						<item id="4"><![CDATA[title]]></item>
					</item>
					<item id="template">
						<item id="raw"><![CDATA[[loop]
[order=1]

<li class="ons">
                    	<div class="nex_sdfdgf">
                            <div class="nex_selout">
                            	<i></i>
                                <a href="{url}" target="_blank">
                                	<img src="{pic}" width="{picwidth}" height="{picheight}" />
                                    <p>{summary}</p>
                                </a>
                            </div>
                            <div class="nex_selins">
                                <a href="{url}"{target}><em>[{catname}]</em>{title}</a>
                            </div>
                        </div>
                    </li>

[/order]
[order=2]

                    <li>
                    	<div class="nex_sdfdgf">
                            <div class="nex_selout">
                            	<i></i>
                                <a href="{url}" target="_blank"><img src="{pic}" width="{picwidth}" height="{picheight}" /><p>{summary}</p></a>
                            </div>
                            <div class="nex_selins">
                                <a href="{url}"{target}><em>[{catname}]</em>{title}</a>
                            </div>
                        </div>
                    </li>
[/order]
[order=3]

                    <li>
                    	<div class="nex_sdfdgf">
                            <div class="nex_selout">
                            	<i></i>
                                <a href="{url}" target="_blank"><img src="{pic}" width="{picwidth}" height="{picheight}" /><p>{summary}</p></a>
                            </div>
                            <div class="nex_selins">
                                <a href="{url}"{target}><em>[{catname}]</em>{title}</a>
                            </div>
                        </div>
                    </li>
[/order]
[order=4]

                    <li>
                    	<div class="nex_sdfdgf">
                            <div class="nex_selout">
                            	<i></i>
                                <a href="{url}" target="_blank"><img src="{pic}" width="{picwidth}" height="{picheight}" /><p>{summary}</p></a>
                            </div>
                            <div class="nex_selins">
                                <a href="{url}"{target}><em>[{catname}]</em>{title}</a>
                            </div>
                        </div>
                    </li>
[/order]
[order=5]

                    <li>
                    	<div class="nex_sdfdgf">
                            <div class="nex_selout">
                            	<i></i>
                                <a href="{url}" target="_blank"><img src="{pic}" width="{picwidth}" height="{picheight}" /><p>{summary}</p></a>
                            </div>
                            <div class="nex_selins">
                                <a href="{url}"{target}><em>[{catname}]</em>{title}</a>
                            </div>
                        </div>
                    </li>
[/order]                   
[/loop]]]></item>
						<item id="footer"><![CDATA[]]></item>
						<item id="header"><![CDATA[]]></item>
						<item id="indexplus">
						</item>
						<item id="index">
						</item>
						<item id="orderplus">
						</item>
						<item id="order">
							<item id="1"><![CDATA[<li class="ons">
                    	<div class="nex_sdfdgf">
                            <div class="nex_selout">
                            	<i></i>
                                <a href="{url}" target="_blank">
                                	<img src="{pic}" width="{picwidth}" height="{picheight}" />
                                    <p>{summary}</p>
                                </a>
                            </div>
                            <div class="nex_selins">
                                <a href="{url}"{target}><em>[{catname}]</em>{title}</a>
                            </div>
                        </div>
                    </li>]]></item>
							<item id="2"><![CDATA[<li>
                    	<div class="nex_sdfdgf">
                            <div class="nex_selout">
                            	<i></i>
                                <a href="{url}" target="_blank"><img src="{pic}" width="{picwidth}" height="{picheight}" /><p>{summary}</p></a>
                            </div>
                            <div class="nex_selins">
                                <a href="{url}"{target}><em>[{catname}]</em>{title}</a>
                            </div>
                        </div>
                    </li>]]></item>
							<item id="3"><![CDATA[<li>
                    	<div class="nex_sdfdgf">
                            <div class="nex_selout">
                            	<i></i>
                                <a href="{url}" target="_blank"><img src="{pic}" width="{picwidth}" height="{picheight}" /><p>{summary}</p></a>
                            </div>
                            <div class="nex_selins">
                                <a href="{url}"{target}><em>[{catname}]</em>{title}</a>
                            </div>
                        </div>
                    </li>]]></item>
							<item id="4"><![CDATA[<li>
                    	<div class="nex_sdfdgf">
                            <div class="nex_selout">
                            	<i></i>
                                <a href="{url}" target="_blank"><img src="{pic}" width="{picwidth}" height="{picheight}" /><p>{summary}</p></a>
                            </div>
                            <div class="nex_selins">
                                <a href="{url}"{target}><em>[{catname}]</em>{title}</a>
                            </div>
                        </div>
                    </li>]]></item>
							<item id="5"><![CDATA[<li>
                    	<div class="nex_sdfdgf">
                            <div class="nex_selout">
                            	<i></i>
                                <a href="{url}" target="_blank"><img src="{pic}" width="{picwidth}" height="{picheight}" /><p>{summary}</p></a>
                            </div>
                            <div class="nex_selins">
                                <a href="{url}"{target}><em>[{catname}]</em>{title}</a>
                            </div>
                        </div>
                    </li>]]></item>
						</item>
						<item id="loopplus">
						</item>
						<item id="loop"><![CDATA[[order=1]

<li class="ons">
                    	<div class="nex_sdfdgf">
                            <div class="nex_selout">
                            	<i></i>
                                <a href="{url}" target="_blank">
                                	<img src="{pic}" width="{picwidth}" height="{picheight}" />
                                    <p>{summary}</p>
                                </a>
                            </div>
                            <div class="nex_selins">
                                <a href="{url}"{target}><em>[{catname}]</em>{title}</a>
                            </div>
                        </div>
                    </li>

[/order]
[order=2]

                    <li>
                    	<div class="nex_sdfdgf">
                            <div class="nex_selout">
                            	<i></i>
                                <a href="{url}" target="_blank"><img src="{pic}" width="{picwidth}" height="{picheight}" /><p>{summary}</p></a>
                            </div>
                            <div class="nex_selins">
                                <a href="{url}"{target}><em>[{catname}]</em>{title}</a>
                            </div>
                        </div>
                    </li>
[/order]
[order=3]

                    <li>
                    	<div class="nex_sdfdgf">
                            <div class="nex_selout">
                            	<i></i>
                                <a href="{url}" target="_blank"><img src="{pic}" width="{picwidth}" height="{picheight}" /><p>{summary}</p></a>
                            </div>
                            <div class="nex_selins">
                                <a href="{url}"{target}><em>[{catname}]</em>{title}</a>
                            </div>
                        </div>
                    </li>
[/order]
[order=4]

                    <li>
                    	<div class="nex_sdfdgf">
                            <div class="nex_selout">
                            	<i></i>
                                <a href="{url}" target="_blank"><img src="{pic}" width="{picwidth}" height="{picheight}" /><p>{summary}</p></a>
                            </div>
                            <div class="nex_selins">
                                <a href="{url}"{target}><em>[{catname}]</em>{title}</a>
                            </div>
                        </div>
                    </li>
[/order]
[order=5]

                    <li>
                    	<div class="nex_sdfdgf">
                            <div class="nex_selout">
                            	<i></i>
                                <a href="{url}" target="_blank"><img src="{pic}" width="{picwidth}" height="{picheight}" /><p>{summary}</p></a>
                            </div>
                            <div class="nex_selins">
                                <a href="{url}"{target}><em>[{catname}]</em>{title}</a>
                            </div>
                        </div>
                    </li>
[/order]]]></item>
					</item>
					<item id="hash"><![CDATA[27a6620e]]></item>
				</item>
				<item id="picwidth"><![CDATA[300]]></item>
				<item id="picheight"><![CDATA[180]]></item>
				<item id="target"><![CDATA[blank]]></item>
				<item id="dateformat"><![CDATA[Y-m-d]]></item>
				<item id="dateuformat"><![CDATA[0]]></item>
				<item id="script"><![CDATA[article]]></item>
				<item id="param">
					<item id="aids"><![CDATA[]]></item>
					<item id="uids"><![CDATA[]]></item>
					<item id="keyword"><![CDATA[]]></item>
					<item id="picrequired"><![CDATA[1]]></item>
					<item id="starttime"><![CDATA[]]></item>
					<item id="endtime"><![CDATA[]]></item>
					<item id="orderby"><![CDATA[commentnum]]></item>
					<item id="publishdateline"><![CDATA[0]]></item>
					<item id="titlelength"><![CDATA[40]]></item>
					<item id="summarylength"><![CDATA[80]]></item>
					<item id="startrow"><![CDATA[0]]></item>
					<item id="items"><![CDATA[5]]></item>
				</item>
				<item id="shownum"><![CDATA[5]]></item>
				<item id="cachetime"><![CDATA[3600]]></item>
				<item id="cachetimerange"><![CDATA[]]></item>
				<item id="punctualupdate"><![CDATA[0]]></item>
				<item id="hidedisplay"><![CDATA[0]]></item>
				<item id="dateline"><![CDATA[1520663605]]></item>
				<item id="notinherited"><![CDATA[0]]></item>
				<item id="isblank"><![CDATA[0]]></item>
			</item>
			<item id="4810">
				<item id="bid"><![CDATA[4810]]></item>
				<item id="blockclass"><![CDATA[html_html]]></item>
				<item id="blocktype"><![CDATA[0]]></item>
				<item id="name"><![CDATA[ads]]></item>
				<item id="title"><![CDATA[]]></item>
				<item id="classname"><![CDATA[]]></item>
				<item id="summary"><![CDATA[<a href="http://t.cn/Aiux1Qh0" target="_blank"><img src="./template/nex_momkid_180226/neoconex/portal_list_view/ads1.jpg" /></a>]]></item>
				<item id="uid"><![CDATA[1]]></item>
				<item id="username"><![CDATA[admin白雪狼]]></item>
				<item id="styleid"><![CDATA[0]]></item>
				<item id="blockstyle"><![CDATA[]]></item>
				<item id="picwidth"><![CDATA[0]]></item>
				<item id="picheight"><![CDATA[0]]></item>
				<item id="target"><![CDATA[blank]]></item>
				<item id="dateformat"><![CDATA[Y-m-d]]></item>
				<item id="dateuformat"><![CDATA[0]]></item>
				<item id="script"><![CDATA[blank]]></item>
				<item id="param">
					<item id="content"><![CDATA[<a href=\"#\" target=\"_blank\"><img src=\"./template/nex_momkid_180226/neoconex/portal_list_view/ads1.jpg\" /></a>]]></item>
					<item id="items"><![CDATA[10]]></item>
				</item>
				<item id="shownum"><![CDATA[10]]></item>
				<item id="cachetime"><![CDATA[0]]></item>
				<item id="cachetimerange"><![CDATA[0,0]]></item>
				<item id="punctualupdate"><![CDATA[0]]></item>
				<item id="hidedisplay"><![CDATA[0]]></item>
				<item id="dateline"><![CDATA[1520656738]]></item>
				<item id="notinherited"><![CDATA[0]]></item>
				<item id="isblank"><![CDATA[0]]></item>
			</item>
			<item id="5381">
				<item id="bid"><![CDATA[5381]]></item>
				<item id="blockclass"><![CDATA[html_html]]></item>
				<item id="blocktype"><![CDATA[0]]></item>
				<item id="name"><![CDATA[desc]]></item>
				<item id="title"><![CDATA[]]></item>
				<item id="classname"><![CDATA[]]></item>
				<item id="summary"><![CDATA[此处填写本频道栏目的文字自定义描述]]></item>
				<item id="uid"><![CDATA[1]]></item>
				<item id="username"><![CDATA[DISM.TAOBAO.COM]]></item>
				<item id="styleid"><![CDATA[0]]></item>
				<item id="blockstyle"><![CDATA[]]></item>
				<item id="picwidth"><![CDATA[0]]></item>
				<item id="picheight"><![CDATA[0]]></item>
				<item id="target"><![CDATA[blank]]></item>
				<item id="dateformat"><![CDATA[Y-m-d]]></item>
				<item id="dateuformat"><![CDATA[0]]></item>
				<item id="script"><![CDATA[blank]]></item>
				<item id="param">
					<item id="content"><![CDATA[此处填写本频道栏目的文字自定义描述]]></item>
					<item id="items"><![CDATA[10]]></item>
				</item>
				<item id="shownum"><![CDATA[10]]></item>
				<item id="cachetime"><![CDATA[3600]]></item>
				<item id="cachetimerange"><![CDATA[]]></item>
				<item id="punctualupdate"><![CDATA[0]]></item>
				<item id="hidedisplay"><![CDATA[0]]></item>
				<item id="dateline"><![CDATA[1520728392]]></item>
				<item id="notinherited"><![CDATA[0]]></item>
				<item id="isblank"><![CDATA[0]]></item>
			</item>
		</item>
		<item id="style">
		</item>
	</item>
</root>