<?xml version="1.0" encoding="ISO-8859-1"?>
<root>
	<item id="spacecss"><![CDATA[]]></item>
	<item id="layoutdata">
		<item id="nex_BK_focusBox">
			<item id="frame`frame25W7Ol">
				<item id="attr">
					<item id="name"><![CDATA[frame25W7Ol]]></item>
					<item id="moveable"><![CDATA[true]]></item>
					<item id="className"><![CDATA[frame move-span cl frame-1]]></item>
					<item id="titles"><![CDATA[]]></item>
				</item>
				<item id="column`frame25W7Ol_left">
					<item id="attr">
						<item id="name"><![CDATA[frame25W7Ol_left]]></item>
						<item id="className"><![CDATA[column frame-1-c]]></item>
					</item>
					<item id="block`portal_block_5536">
						<item id="attr">
							<item id="name"><![CDATA[portal_block_5536]]></item>
							<item id="className"><![CDATA[block move-span]]></item>
							<item id="titles"><![CDATA[]]></item>
						</item>
					</item>
				</item>
			</item>
		</item>
		<item id="nex_BAIKE_newmerist">
			<item id="frame`frame5ZrV4w">
				<item id="attr">
					<item id="name"><![CDATA[frame5ZrV4w]]></item>
					<item id="moveable"><![CDATA[true]]></item>
					<item id="className"><![CDATA[frame move-span cl frame-1]]></item>
					<item id="titles"><![CDATA[]]></item>
				</item>
				<item id="column`frame5ZrV4w_left">
					<item id="attr">
						<item id="name"><![CDATA[frame5ZrV4w_left]]></item>
						<item id="className"><![CDATA[column frame-1-c]]></item>
					</item>
					<item id="block`portal_block_5537">
						<item id="attr">
							<item id="name"><![CDATA[portal_block_5537]]></item>
							<item id="className"><![CDATA[block move-span]]></item>
							<item id="titles"><![CDATA[]]></item>
						</item>
					</item>
				</item>
			</item>
		</item>
		<item id="nex_BAIKE_img">
			<item id="frame`framee6gGc2">
				<item id="attr">
					<item id="name"><![CDATA[framee6gGc2]]></item>
					<item id="moveable"><![CDATA[true]]></item>
					<item id="className"><![CDATA[frame move-span cl frame-1]]></item>
					<item id="titles"><![CDATA[]]></item>
				</item>
				<item id="column`framee6gGc2_left">
					<item id="attr">
						<item id="name"><![CDATA[framee6gGc2_left]]></item>
						<item id="className"><![CDATA[column frame-1-c]]></item>
					</item>
					<item id="block`portal_block_5538">
						<item id="attr">
							<item id="name"><![CDATA[portal_block_5538]]></item>
							<item id="className"><![CDATA[block move-span]]></item>
							<item id="titles"><![CDATA[]]></item>
						</item>
					</item>
				</item>
			</item>
		</item>
	</item>
	<item id="blockdata">
		<item id="block">
			<item id="5536">
				<item id="bid"><![CDATA[5536]]></item>
				<item id="blockclass"><![CDATA[portal_article]]></item>
				<item id="blocktype"><![CDATA[0]]></item>
				<item id="name"><![CDATA[baike_hot]]></item>
				<item id="title"><![CDATA[]]></item>
				<item id="classname"><![CDATA[]]></item>
				<item id="summary"><![CDATA[]]></item>
				<item id="uid"><![CDATA[1]]></item>
				<item id="username"><![CDATA[DISM.TAOBAO.COM]]></item>
				<item id="styleid"><![CDATA[0]]></item>
				<item id="blockstyle">
					<item id="name"><![CDATA[]]></item>
					<item id="blockclass"><![CDATA[portal_article]]></item>
					<item id="makethumb"><![CDATA[1]]></item>
					<item id="getpic"><![CDATA[1]]></item>
					<item id="getsummary"><![CDATA[0]]></item>
					<item id="settarget"><![CDATA[0]]></item>
					<item id="moreurl"><![CDATA[0]]></item>
					<item id="fields">
						<item id="0"><![CDATA[url]]></item>
						<item id="1"><![CDATA[pic]]></item>
						<item id="2"><![CDATA[title]]></item>
						<item id="3"><![CDATA[dateline]]></item>
					</item>
					<item id="template">
						<item id="raw"><![CDATA[<ul class="pic">
[loop]

                	<li>
                    	<a href="{url}" target="_blank">
                        	<div class="nex_BK_pifv"><img src="{pic}" width="{picwidth}" height="{picheight}" /></div>
                            <div class="nex_BK_piftxt">{title}</div>
                            <p>{dateline}</p>
                        </a>
                    </li>
                    
[/loop]
                </ul>]]></item>
						<item id="footer"><![CDATA[]]></item>
						<item id="header"><![CDATA[]]></item>
						<item id="indexplus">
						</item>
						<item id="index">
						</item>
						<item id="orderplus">
						</item>
						<item id="order">
						</item>
						<item id="loopplus">
						</item>
						<item id="loop"><![CDATA[<li>
                    	<a href="{url}" target="_blank">
                        	<div class="nex_BK_pifv"><img src="{pic}" width="{picwidth}" height="{picheight}" /></div>
                            <div class="nex_BK_piftxt">{title}</div>
                            <p>{dateline}</p>
                        </a>
                    </li>]]></item>
					</item>
					<item id="hash"><![CDATA[e0b74015]]></item>
				</item>
				<item id="picwidth"><![CDATA[340]]></item>
				<item id="picheight"><![CDATA[220]]></item>
				<item id="target"><![CDATA[blank]]></item>
				<item id="dateformat"><![CDATA[Y-m-d]]></item>
				<item id="dateuformat"><![CDATA[0]]></item>
				<item id="script"><![CDATA[article]]></item>
				<item id="param">
					<item id="aids"><![CDATA[]]></item>
					<item id="uids"><![CDATA[]]></item>
					<item id="keyword"><![CDATA[]]></item>
					<item id="picrequired"><![CDATA[1]]></item>
					<item id="starttime"><![CDATA[]]></item>
					<item id="endtime"><![CDATA[]]></item>
					<item id="orderby"><![CDATA[viewnum]]></item>
					<item id="publishdateline"><![CDATA[0]]></item>
					<item id="titlelength"><![CDATA[40]]></item>
					<item id="summarylength"><![CDATA[80]]></item>
					<item id="startrow"><![CDATA[0]]></item>
					<item id="items"><![CDATA[5]]></item>
				</item>
				<item id="shownum"><![CDATA[5]]></item>
				<item id="cachetime"><![CDATA[3600]]></item>
				<item id="cachetimerange"><![CDATA[]]></item>
				<item id="punctualupdate"><![CDATA[0]]></item>
				<item id="hidedisplay"><![CDATA[0]]></item>
				<item id="dateline"><![CDATA[1520815874]]></item>
				<item id="notinherited"><![CDATA[0]]></item>
				<item id="isblank"><![CDATA[0]]></item>
			</item>
			<item id="5537">
				<item id="bid"><![CDATA[5537]]></item>
				<item id="blockclass"><![CDATA[portal_article]]></item>
				<item id="blocktype"><![CDATA[0]]></item>
				<item id="name"><![CDATA[baike_ph]]></item>
				<item id="title"><![CDATA[]]></item>
				<item id="classname"><![CDATA[]]></item>
				<item id="summary"><![CDATA[]]></item>
				<item id="uid"><![CDATA[1]]></item>
				<item id="username"><![CDATA[DISM.TAOBAO.COM]]></item>
				<item id="styleid"><![CDATA[0]]></item>
				<item id="blockstyle">
					<item id="name"><![CDATA[]]></item>
					<item id="blockclass"><![CDATA[portal_article]]></item>
					<item id="makethumb"><![CDATA[0]]></item>
					<item id="getpic"><![CDATA[0]]></item>
					<item id="getsummary"><![CDATA[0]]></item>
					<item id="settarget"><![CDATA[0]]></item>
					<item id="moreurl"><![CDATA[0]]></item>
					<item id="fields">
						<item id="0"><![CDATA[url]]></item>
						<item id="1"><![CDATA[currentorder]]></item>
						<item id="2"><![CDATA[title]]></item>
						<item id="3"><![CDATA[viewnum]]></item>
					</item>
					<item id="template">
						<item id="raw"><![CDATA[[loop]
<li><a href="{url}" target="_blank"><em class="nex_BK_num1">{currentorder}</em>{title}</a><span>{viewnum}</span><div class="clear"></div></li>
[order=4]
                    <li><a href="{url}" target="_blank"><em>{currentorder}</em>{title}</a><span>{viewnum}</span><div class="clear"></div></li>
[/order]
[order=5]
                    <li><a href="{url}" target="_blank"><em>{currentorder}</em>{title}</a><span>{viewnum}</span><div class="clear"></div></li>
[/order]
[order=6]
                    <li><a href="{url}" target="_blank"><em>{currentorder}</em>{title}</a><span>{viewnum}</span><div class="clear"></div></li>
[/order]
[order=7]
                    <li><a href="{url}" target="_blank"><em>{currentorder}</em>{title}</a><span>{viewnum}</span><div class="clear"></div></li>
[/order]
[order=8]
                    <li><a href="{url}" target="_blank"><em>{currentorder}</em>{title}</a><span>{viewnum}</span><div class="clear"></div></li>
[/order]                    
[/loop]]]></item>
						<item id="footer"><![CDATA[]]></item>
						<item id="header"><![CDATA[]]></item>
						<item id="indexplus">
						</item>
						<item id="index">
						</item>
						<item id="orderplus">
						</item>
						<item id="order">
							<item id="4"><![CDATA[<li><a href="{url}" target="_blank"><em>{currentorder}</em>{title}</a><span>{viewnum}</span><div class="clear"></div></li>]]></item>
							<item id="5"><![CDATA[<li><a href="{url}" target="_blank"><em>{currentorder}</em>{title}</a><span>{viewnum}</span><div class="clear"></div></li>]]></item>
							<item id="6"><![CDATA[<li><a href="{url}" target="_blank"><em>{currentorder}</em>{title}</a><span>{viewnum}</span><div class="clear"></div></li>]]></item>
							<item id="7"><![CDATA[<li><a href="{url}" target="_blank"><em>{currentorder}</em>{title}</a><span>{viewnum}</span><div class="clear"></div></li>]]></item>
							<item id="8"><![CDATA[<li><a href="{url}" target="_blank"><em>{currentorder}</em>{title}</a><span>{viewnum}</span><div class="clear"></div></li>]]></item>
						</item>
						<item id="loopplus">
						</item>
						<item id="loop"><![CDATA[<li><a href="{url}" target="_blank"><em class="nex_BK_num1">{currentorder}</em>{title}</a><span>{viewnum}</span><div class="clear"></div></li>
[order=4]
                    <li><a href="{url}" target="_blank"><em>{currentorder}</em>{title}</a><span>{viewnum}</span><div class="clear"></div></li>
[/order]
[order=5]
                    <li><a href="{url}" target="_blank"><em>{currentorder}</em>{title}</a><span>{viewnum}</span><div class="clear"></div></li>
[/order]
[order=6]
                    <li><a href="{url}" target="_blank"><em>{currentorder}</em>{title}</a><span>{viewnum}</span><div class="clear"></div></li>
[/order]
[order=7]
                    <li><a href="{url}" target="_blank"><em>{currentorder}</em>{title}</a><span>{viewnum}</span><div class="clear"></div></li>
[/order]
[order=8]
                    <li><a href="{url}" target="_blank"><em>{currentorder}</em>{title}</a><span>{viewnum}</span><div class="clear"></div></li>
[/order]]]></item>
					</item>
					<item id="hash"><![CDATA[252280d1]]></item>
				</item>
				<item id="picwidth"><![CDATA[0]]></item>
				<item id="picheight"><![CDATA[0]]></item>
				<item id="target"><![CDATA[blank]]></item>
				<item id="dateformat"><![CDATA[Y-m-d]]></item>
				<item id="dateuformat"><![CDATA[0]]></item>
				<item id="script"><![CDATA[article]]></item>
				<item id="param">
					<item id="aids"><![CDATA[]]></item>
					<item id="uids"><![CDATA[]]></item>
					<item id="keyword"><![CDATA[]]></item>
					<item id="picrequired"><![CDATA[0]]></item>
					<item id="starttime"><![CDATA[]]></item>
					<item id="endtime"><![CDATA[]]></item>
					<item id="orderby"><![CDATA[viewnum]]></item>
					<item id="publishdateline"><![CDATA[0]]></item>
					<item id="titlelength"><![CDATA[40]]></item>
					<item id="summarylength"><![CDATA[80]]></item>
					<item id="startrow"><![CDATA[0]]></item>
					<item id="items"><![CDATA[8]]></item>
				</item>
				<item id="shownum"><![CDATA[8]]></item>
				<item id="cachetime"><![CDATA[3600]]></item>
				<item id="cachetimerange"><![CDATA[]]></item>
				<item id="punctualupdate"><![CDATA[0]]></item>
				<item id="hidedisplay"><![CDATA[0]]></item>
				<item id="dateline"><![CDATA[1520815876]]></item>
				<item id="notinherited"><![CDATA[0]]></item>
				<item id="isblank"><![CDATA[0]]></item>
			</item>
			<item id="5538">
				<item id="bid"><![CDATA[5538]]></item>
				<item id="blockclass"><![CDATA[html_html]]></item>
				<item id="blocktype"><![CDATA[0]]></item>
				<item id="name"><![CDATA[ads]]></item>
				<item id="title"><![CDATA[]]></item>
				<item id="classname"><![CDATA[]]></item>
				<item id="summary"><![CDATA[<a href="http://t.cn/Aiux1Qh0" target="_blank"><img src="./template/nex_momkid_180226/neoconex/portal_list_view/pro/ads.jpg" /></a>]]></item>
				<item id="uid"><![CDATA[1]]></item>
				<item id="username"><![CDATA[DISM.TAOBAO.COM]]></item>
				<item id="styleid"><![CDATA[0]]></item>
				<item id="blockstyle"><![CDATA[]]></item>
				<item id="picwidth"><![CDATA[0]]></item>
				<item id="picheight"><![CDATA[0]]></item>
				<item id="target"><![CDATA[blank]]></item>
				<item id="dateformat"><![CDATA[Y-m-d]]></item>
				<item id="dateuformat"><![CDATA[0]]></item>
				<item id="script"><![CDATA[blank]]></item>
				<item id="param">
					<item id="content"><![CDATA[<a href=\"#\" target=\"_blank\"><img src=\"./template/nex_momkid_180226/neoconex/portal_list_view/pro/ads.jpg\" /></a>]]></item>
					<item id="items"><![CDATA[10]]></item>
				</item>
				<item id="shownum"><![CDATA[10]]></item>
				<item id="cachetime"><![CDATA[3600]]></item>
				<item id="cachetimerange"><![CDATA[]]></item>
				<item id="punctualupdate"><![CDATA[0]]></item>
				<item id="hidedisplay"><![CDATA[0]]></item>
				<item id="dateline"><![CDATA[1520815108]]></item>
				<item id="notinherited"><![CDATA[0]]></item>
				<item id="isblank"><![CDATA[0]]></item>
			</item>
		</item>
		<item id="style">
		</item>
	</item>
</root>