<?xml version="1.0" encoding="ISO-8859-1"?>
<root>
	<item id="Title"><![CDATA[Discuz! Style]]></item>
	<item id="Version"><![CDATA[X3.2]]></item>
	<item id="Time"><![CDATA[2018-08-29 07:21]]></item>
	<item id="From"><![CDATA[DisM!应用中心 (http://localhost/utf32/)]]></item>
	<item id="Data">
		<item id="styleid"><![CDATA[106]]></item>
		<item id="name"><![CDATA[wic_education]]></item>
		<item id="available"><![CDATA[1]]></item>
		<item id="templateid"><![CDATA[109]]></item>
		<item id="extstyle"><![CDATA[|]]></item>
		<item id="tplname"><![CDATA[W!education]]></item>
		<item id="directory"><![CDATA[./template/wic_education]]></item>
		<item id="copyright"><![CDATA[DisM!应用中心(dism.taobao.com)]]></item>
		<item id="style">
			<item id="floatmaskbgcolor"><![CDATA[#000]]></item>
			<item id="adcolor"><![CDATA[#FFAA00]]></item>
			<item id="menuhoverbgcolor"><![CDATA[]]></item>
			<item id="lightlink"><![CDATA[#fff]]></item>
			<item id="dropmenubgcolor"><![CDATA[#fff]]></item>
			<item id="floatbgcolor"><![CDATA[#FFF]]></item>
			<item id="maincolorhover"><![CDATA[#2d67da]]></item>
			<item id="maincolor"><![CDATA[#3377FF]]></item>
			<item id="contentwidth"><![CDATA[630px]]></item>
			<item id="menuhovertext"><![CDATA[#FFF]]></item>
			<item id="wrapbg"><![CDATA[#FFF]]></item>
			<item id="footertext"><![CDATA[#666]]></item>
			<item id="menubgcolor"><![CDATA[]]></item>
			<item id="wrapbordercolor"><![CDATA[#eee]]></item>
			<item id="menutext"><![CDATA[#FFF]]></item>
			<item id="specialbg"><![CDATA[#fafafa]]></item>
			<item id="commonbg"><![CDATA[#fff]]></item>
			<item id="dropmenuborder"><![CDATA[#eee]]></item>
			<item id="inputborderdarkcolor"><![CDATA[#eee]]></item>
			<item id="commonborder"><![CDATA[#fff]]></item>
			<item id="specialborder"><![CDATA[#fff]]></item>
			<item id="sidebgcolor"><![CDATA[#fff]]></item>
			<item id="inputbg"><![CDATA[#FFF]]></item>
			<item id="headerbgcolor"><![CDATA[]]></item>
			<item id="stypeid"><![CDATA[1]]></item>
			<item id="headerborder"><![CDATA[0]]></item>
			<item id="bgcolor"><![CDATA[#f5f5f5]]></item>
			<item id="msgfontsize"><![CDATA[14px]]></item>
			<item id="noticetext"><![CDATA[#F26C4F]]></item>
			<item id="highlightlink"><![CDATA[#3377FF]]></item>
			<item id="lighttext"><![CDATA[#999]]></item>
			<item id="midtext"><![CDATA[#666]]></item>
			<item id="tabletext"><![CDATA[#444]]></item>
			<item id="link"><![CDATA[#333]]></item>
			<item id="threadtitlefont"><![CDATA[Tahoma,Helvetica,'SimSun',sans-serif]]></item>
			<item id="smfontsize"><![CDATA[0.83em]]></item>
			<item id="threadtitlefontsize"><![CDATA[14px]]></item>
			<item id="titlebgcolor"><![CDATA[#fff]]></item>
			<item id="smfont"><![CDATA[Tahoma,Helvetica,sans-serif]]></item>
			<item id="font"><![CDATA[Tahoma,Helvetica,'SimSun',sans-serif]]></item>
			<item id="fontsize"><![CDATA[12px/1.5]]></item>
			<item id="boardimg"><![CDATA[logo.png]]></item>
			<item id="contentseparate"><![CDATA[#f5f5f5]]></item>
			<item id="adcolorhover"><![CDATA[#e39802]]></item>
			<item id="inputborder"><![CDATA[#eee]]></item>
			<item id="available"><![CDATA[]]></item>
			<item id="headertext"><![CDATA[#444]]></item>
			<item id="imgdir"><![CDATA[]]></item>
			<item id="styleimgdir"><![CDATA[template/wic_education/static]]></item>
		</item>
		<item id="version"><![CDATA[X3,X3.1,X3.2,X3.3,X3.4,F1.0]]></item>
	</item>
</root>
