{
  "id": "855939",
  "name": "company",
  "font_family": "iconfont",
  "css_prefix_text": "icon-",
  "description": "微酷网络电脑模板图标",
  "glyphs": [
    {
      "icon_id": "46380",
      "name": "生活",
      "font_class": "icon20267",
      "unicode": "e659",
      "unicode_decimal": 58969
    },
    {
      "icon_id": "232454",
      "name": "专辑",
      "font_class": "zhuanji",
      "unicode": "e650",
      "unicode_decimal": 58960
    },
    {
      "icon_id": "764760",
      "name": "xin",
      "font_class": "xin",
      "unicode": "e604",
      "unicode_decimal": 58884
    },
    {
      "icon_id": "830338",
      "name": "体育",
      "font_class": "tiyuzhuanhuan",
      "unicode": "e640",
      "unicode_decimal": 58944
    },
    {
      "icon_id": "1539332",
      "name": "情感",
      "font_class": "qinggan",
      "unicode": "e622",
      "unicode_decimal": 58914
    },
    {
      "icon_id": "2531286",
      "name": "内容",
      "font_class": "neirong",
      "unicode": "e600",
      "unicode_decimal": 58880
    },
    {
      "icon_id": "3894788",
      "name": "分享",
      "font_class": "zhuanbo",
      "unicode": "e646",
      "unicode_decimal": 58950
    },
    {
      "icon_id": "3977543",
      "name": "pingfen",
      "font_class": "pingfen",
      "unicode": "e695",
      "unicode_decimal": 59029
    },
    {
      "icon_id": "4053314",
      "name": "热门",
      "font_class": "remen",
      "unicode": "e6f1",
      "unicode_decimal": 59121
    },
    {
      "icon_id": "4141262",
      "name": "分享到 转发 发送至 圆圈 线性",
      "font_class": "fenxiang",
      "unicode": "e920",
      "unicode_decimal": 59680
    },
    {
      "icon_id": "5097341",
      "name": "cai",
      "font_class": "cai",
      "unicode": "e707",
      "unicode_decimal": 59143
    },
    {
      "icon_id": "5097350",
      "name": "ding",
      "font_class": "ding",
      "unicode": "e709",
      "unicode_decimal": 59145
    },
    {
      "icon_id": "5740940",
      "name": "shoucang",
      "font_class": "shoucang",
      "unicode": "e95c",
      "unicode_decimal": 59740
    },
    {
      "icon_id": "6121158",
      "name": "成员",
      "font_class": "chengyuan",
      "unicode": "e620",
      "unicode_decimal": 58912
    },
    {
      "icon_id": "8604915",
      "name": "休闲",
      "font_class": "xiuxian",
      "unicode": "e619",
      "unicode_decimal": 58905
    },
    {
      "icon_id": "9833467",
      "name": "游戏",
      "font_class": "youxi",
      "unicode": "e601",
      "unicode_decimal": 58881
    },
    {
      "icon_id": "10159876",
      "name": "创建群组",
      "font_class": "tianjiaqunzu",
      "unicode": "e629",
      "unicode_decimal": 58921
    },
    {
      "icon_id": "11682456",
      "name": "影音",
      "font_class": "yingyin",
      "unicode": "e689",
      "unicode_decimal": 59017
    }
  ]
}
