<?xml version="1.0" encoding="ISO-8859-1"?>
<root>
	<item id="Title"><![CDATA[Discuz! Plugin]]></item>
	<item id="Version"><![CDATA[X3,X3.1,X3.2,X3.3,X3.4,X3.5]]></item>
	<item id="Time"><![CDATA[2020-02-11 22:54]]></item>
	<item id="From"><![CDATA[DisM!应用中心 (https://dism.taobao.com/)]]></item>
	<item id="Data">
		<item id="plugin">
			<item id="available"><![CDATA[1]]></item>
			<item id="adminid"><![CDATA[1]]></item>
			<item id="name"><![CDATA[贵古互联-模板管理]]></item>
			<item id="identifier"><![CDATA[guiigo_manage]]></item>
			<item id="description"><![CDATA[]]></item>
			<item id="datatables"><![CDATA[]]></item>
			<item id="directory"><![CDATA[guiigo_manage/]]></item>
			<item id="copyright"><![CDATA[DisM!应用中心(dism.taobao.com)]]></item>
			<item id="version"><![CDATA[v1.3]]></item>
			<item id="__modules">
				<item id="0">
					<item id="name"><![CDATA[AdminIndex]]></item>
					<item id="param"><![CDATA[]]></item>
					<item id="menu"><![CDATA[首页设置]]></item>
					<item id="url"><![CDATA[]]></item>
					<item id="type"><![CDATA[3]]></item>
					<item id="adminid"><![CDATA[0]]></item>
					<item id="displayorder"><![CDATA[1]]></item>
					<item id="navtitle"><![CDATA[]]></item>
					<item id="navicon"><![CDATA[]]></item>
					<item id="navsubname"><![CDATA[]]></item>
					<item id="navsuburl"><![CDATA[]]></item>
				</item>
				<item id="1">
					<item id="name"><![CDATA[AdminChannel]]></item>
					<item id="param"><![CDATA[]]></item>
					<item id="menu"><![CDATA[频道设置]]></item>
					<item id="url"><![CDATA[]]></item>
					<item id="type"><![CDATA[3]]></item>
					<item id="adminid"><![CDATA[0]]></item>
					<item id="displayorder"><![CDATA[2]]></item>
					<item id="navtitle"><![CDATA[]]></item>
					<item id="navicon"><![CDATA[]]></item>
					<item id="navsubname"><![CDATA[]]></item>
					<item id="navsuburl"><![CDATA[]]></item>
				</item>
				<item id="2">
					<item id="name"><![CDATA[AdminCommunity]]></item>
					<item id="param"><![CDATA[]]></item>
					<item id="menu"><![CDATA[社区设置]]></item>
					<item id="url"><![CDATA[]]></item>
					<item id="type"><![CDATA[3]]></item>
					<item id="adminid"><![CDATA[0]]></item>
					<item id="displayorder"><![CDATA[3]]></item>
					<item id="navtitle"><![CDATA[]]></item>
					<item id="navicon"><![CDATA[]]></item>
					<item id="navsubname"><![CDATA[]]></item>
					<item id="navsuburl"><![CDATA[]]></item>
				</item>
				<item id="3">
					<item id="name"><![CDATA[AdminForum]]></item>
					<item id="param"><![CDATA[]]></item>
					<item id="menu"><![CDATA[版块设置]]></item>
					<item id="url"><![CDATA[]]></item>
					<item id="type"><![CDATA[3]]></item>
					<item id="adminid"><![CDATA[0]]></item>
					<item id="displayorder"><![CDATA[4]]></item>
					<item id="navtitle"><![CDATA[]]></item>
					<item id="navicon"><![CDATA[]]></item>
					<item id="navsubname"><![CDATA[]]></item>
					<item id="navsuburl"><![CDATA[]]></item>
				</item>
				<item id="4">
					<item id="name"><![CDATA[AdminGroup]]></item>
					<item id="param"><![CDATA[]]></item>
					<item id="menu"><![CDATA[圈子设置]]></item>
					<item id="url"><![CDATA[]]></item>
					<item id="type"><![CDATA[3]]></item>
					<item id="adminid"><![CDATA[0]]></item>
					<item id="displayorder"><![CDATA[5]]></item>
					<item id="navtitle"><![CDATA[]]></item>
					<item id="navicon"><![CDATA[]]></item>
					<item id="navsubname"><![CDATA[]]></item>
					<item id="navsuburl"><![CDATA[]]></item>
				</item>
				<item id="5">
					<item id="name"><![CDATA[AdminUser]]></item>
					<item id="param"><![CDATA[]]></item>
					<item id="menu"><![CDATA[用户设置]]></item>
					<item id="url"><![CDATA[]]></item>
					<item id="type"><![CDATA[3]]></item>
					<item id="adminid"><![CDATA[0]]></item>
					<item id="displayorder"><![CDATA[6]]></item>
					<item id="navtitle"><![CDATA[]]></item>
					<item id="navicon"><![CDATA[]]></item>
					<item id="navsubname"><![CDATA[]]></item>
					<item id="navsuburl"><![CDATA[]]></item>
				</item>
				<item id="6">
					<item id="name"><![CDATA[AdminMenu]]></item>
					<item id="param"><![CDATA[]]></item>
					<item id="menu"><![CDATA[菜单设置]]></item>
					<item id="url"><![CDATA[]]></item>
					<item id="type"><![CDATA[3]]></item>
					<item id="adminid"><![CDATA[0]]></item>
					<item id="displayorder"><![CDATA[7]]></item>
					<item id="navtitle"><![CDATA[]]></item>
					<item id="navicon"><![CDATA[]]></item>
					<item id="navsubname"><![CDATA[]]></item>
					<item id="navsuburl"><![CDATA[]]></item>
				</item>
				<item id="7">
					<item id="name"><![CDATA[AdminLang]]></item>
					<item id="param"><![CDATA[]]></item>
					<item id="menu"><![CDATA[语言包]]></item>
					<item id="url"><![CDATA[]]></item>
					<item id="type"><![CDATA[3]]></item>
					<item id="adminid"><![CDATA[0]]></item>
					<item id="displayorder"><![CDATA[8]]></item>
					<item id="navtitle"><![CDATA[]]></item>
					<item id="navicon"><![CDATA[]]></item>
					<item id="navsubname"><![CDATA[]]></item>
					<item id="navsuburl"><![CDATA[]]></item>
				</item>
				<item id="9">
					<item id="name"><![CDATA[guiigo_manage_hook]]></item>
					<item id="param"><![CDATA[]]></item>
					<item id="menu"><![CDATA[]]></item>
					<item id="url"><![CDATA[]]></item>
					<item id="type"><![CDATA[28]]></item>
					<item id="adminid"><![CDATA[0]]></item>
					<item id="displayorder"><![CDATA[10]]></item>
					<item id="navtitle"><![CDATA[]]></item>
					<item id="navicon"><![CDATA[]]></item>
					<item id="navsubname"><![CDATA[]]></item>
					<item id="navsuburl"><![CDATA[]]></item>
				</item>
			</item>
		</item>
		<item id="version"><![CDATA[X3,X3.1,X3.2,X3.3,X3.4,X3.5]]></item>
		<item id="var">
			<item id="1">
				<item id="displayorder"><![CDATA[1]]></item>
				<item id="title"><![CDATA[站点名称]]></item>
				<item id="description"><![CDATA[]]></item>
				<item id="variable"><![CDATA[site_name]]></item>
				<item id="type"><![CDATA[text]]></item>
				<item id="value"><![CDATA[GUIIGO-APP!]]></item>
				<item id="extra"><![CDATA[]]></item>
			</item>
			<item id="2">
				<item id="displayorder"><![CDATA[2]]></item>
				<item id="title"><![CDATA[站点域名]]></item>
				<item id="description"><![CDATA[请填写当前站点域名，域名结尾必须加/]]></item>
				<item id="variable"><![CDATA[domain_name]]></item>
				<item id="type"><![CDATA[text]]></item>
				<item id="value"><![CDATA[http://127.0.0.1/]]></item>
				<item id="extra"><![CDATA[]]></item>
			</item>
			<item id="3">
				<item id="displayorder"><![CDATA[3]]></item>
				<item id="title"><![CDATA[首页SEO信息]]></item>
				<item id="description"><![CDATA[]]></item>
				<item id="variable"><![CDATA[homepageSeo]]></item>
				<item id="type"><![CDATA[textarea]]></item>
				<item id="value"><![CDATA[]]></item>
				<item id="extra"><![CDATA[]]></item>
			</item>
			<item id="4">
				<item id="displayorder"><![CDATA[4]]></item>
				<item id="title"><![CDATA[头像是否方形]]></item>
				<item id="description"><![CDATA[]]></item>
				<item id="variable"><![CDATA[isphotoSquare]]></item>
				<item id="type"><![CDATA[radio]]></item>
				<item id="value"><![CDATA[0]]></item>
				<item id="extra"><![CDATA[]]></item>
			</item>
			<item id="5">
				<item id="displayorder"><![CDATA[5]]></item>
				<item id="title"><![CDATA[开启全局边栏菜单]]></item>
				<item id="description"><![CDATA[开启后，全局出现边栏菜单]]></item>
				<item id="variable"><![CDATA[open_sidebar_menu]]></item>
				<item id="type"><![CDATA[radio]]></item>
				<item id="value"><![CDATA[1]]></item>
				<item id="extra"><![CDATA[]]></item>
			</item>
			<item id="6">
				<item id="displayorder"><![CDATA[6]]></item>
				<item id="title"><![CDATA[第三方登录是否显示]]></item>
				<item id="description"><![CDATA[]]></item>
				<item id="variable"><![CDATA[open_login]]></item>
				<item id="type"><![CDATA[radio]]></item>
				<item id="value"><![CDATA[1]]></item>
				<item id="extra"><![CDATA[]]></item>
			</item>
			<item id="7">
				<item id="displayorder"><![CDATA[7]]></item>
				<item id="title"><![CDATA[二级导航是否跟随顶部导航]]></item>
				<item id="description"><![CDATA[]]></item>
				<item id="variable"><![CDATA[navigation_top]]></item>
				<item id="type"><![CDATA[radio]]></item>
				<item id="value"><![CDATA[1]]></item>
				<item id="extra"><![CDATA[]]></item>
			</item>
			<item id="8">
				<item id="displayorder"><![CDATA[8]]></item>
				<item id="title"><![CDATA[开启数字格式化]]></item>
				<item id="description"><![CDATA[收藏、阅读数数字大于10000变1w效果]]></item>
				<item id="variable"><![CDATA[number_format]]></item>
				<item id="type"><![CDATA[radio]]></item>
				<item id="value"><![CDATA[1]]></item>
				<item id="extra"><![CDATA[]]></item>
			</item>
			<item id="9">
				<item id="displayorder"><![CDATA[9]]></item>
				<item id="title"><![CDATA[是否启用闪屏广告]]></item>
				<item id="description"><![CDATA[]]></item>
				<item id="variable"><![CDATA[open_spad]]></item>
				<item id="type"><![CDATA[radio]]></item>
				<item id="value"><![CDATA[1]]></item>
				<item id="extra"><![CDATA[]]></item>
			</item>
			<item id="10">
				<item id="displayorder"><![CDATA[10]]></item>
				<item id="title"><![CDATA[闪屏广告时间]]></item>
				<item id="description"><![CDATA[]]></item>
				<item id="variable"><![CDATA[spad_line]]></item>
				<item id="type"><![CDATA[text]]></item>
				<item id="value"><![CDATA[10]]></item>
				<item id="extra"><![CDATA[]]></item>
			</item>
			<item id="11">
				<item id="displayorder"><![CDATA[11]]></item>
				<item id="title"><![CDATA[闪屏广告图片地址]]></item>
				<item id="description"><![CDATA[]]></item>
				<item id="variable"><![CDATA[spad_img]]></item>
				<item id="type"><![CDATA[text]]></item>
				<item id="value"><![CDATA[template/guiigo_app/static/images/sp.jpg]]></item>
				<item id="extra"><![CDATA[]]></item>
			</item>
			<item id="12">
				<item id="displayorder"><![CDATA[12]]></item>
				<item id="title"><![CDATA[闪屏广告链接]]></item>
				<item id="description"><![CDATA[]]></item>
				<item id="variable"><![CDATA[spad_link]]></item>
				<item id="type"><![CDATA[text]]></item>
				<item id="value"><![CDATA[javascript:void(0)]]></item>
				<item id="extra"><![CDATA[]]></item>
			</item>
			<item id="13">
				<item id="displayorder"><![CDATA[13]]></item>
				<item id="title"><![CDATA[闪屏广告页尾logo地址]]></item>
				<item id="description"><![CDATA[]]></item>
				<item id="variable"><![CDATA[spad_logo]]></item>
				<item id="type"><![CDATA[text]]></item>
				<item id="value"><![CDATA[template/guiigo_app/static/images/splogo.jpg]]></item>
				<item id="extra"><![CDATA[]]></item>
			</item>
			<item id="14">
				<item id="displayorder"><![CDATA[14]]></item>
				<item id="title"><![CDATA[闪屏广告页尾宣传语]]></item>
				<item id="description"><![CDATA[]]></item>
				<item id="variable"><![CDATA[spad_footer_text]]></item>
				<item id="type"><![CDATA[text]]></item>
				<item id="value"><![CDATA[刷新你对Discuz!模板的认知]]></item>
				<item id="extra"><![CDATA[]]></item>
			</item>
			<item id="15">
				<item id="displayorder"><![CDATA[15]]></item>
				<item id="title"><![CDATA[是否启用快速发布文字广告]]></item>
				<item id="description"><![CDATA[]]></item>
				<item id="variable"><![CDATA[open_reply_ad]]></item>
				<item id="type"><![CDATA[radio]]></item>
				<item id="value"><![CDATA[1]]></item>
				<item id="extra"><![CDATA[]]></item>
			</item>
			<item id="16">
				<item id="displayorder"><![CDATA[16]]></item>
				<item id="title"><![CDATA[广告文字]]></item>
				<item id="description"><![CDATA[]]></item>
				<item id="variable"><![CDATA[ad_text]]></item>
				<item id="type"><![CDATA[text]]></item>
				<item id="value"><![CDATA[同城婚博会-全场5折起]]></item>
				<item id="extra"><![CDATA[]]></item>
			</item>
			<item id="17">
				<item id="displayorder"><![CDATA[17]]></item>
				<item id="title"><![CDATA[广告广告链接]]></item>
				<item id="description"><![CDATA[]]></item>
				<item id="variable"><![CDATA[ad_text_link]]></item>
				<item id="type"><![CDATA[text]]></item>
				<item id="value"><![CDATA[#]]></item>
				<item id="extra"><![CDATA[]]></item>
			</item>
			<item id="18">
				<item id="displayorder"><![CDATA[18]]></item>
				<item id="title"><![CDATA[页尾附加代码]]></item>
				<item id="description"><![CDATA[]]></item>
				<item id="variable"><![CDATA[footer_html]]></item>
				<item id="type"><![CDATA[textarea]]></item>
				<item id="value"><![CDATA[]]></item>
				<item id="extra"><![CDATA[]]></item>
			</item>
			<item id="19">
				<item id="displayorder"><![CDATA[19]]></item>
				<item id="title"><![CDATA[站点默认风格]]></item>
				<item id="description"><![CDATA[样式有：s1、 s2、  s3、s4、s5、s6,不填写默认为：s1]]></item>
				<item id="variable"><![CDATA[default_style]]></item>
				<item id="type"><![CDATA[text]]></item>
				<item id="value"><![CDATA[s1]]></item>
				<item id="extra"><![CDATA[]]></item>
			</item>
			<item id="20">
				<item id="displayorder"><![CDATA[20]]></item>
				<item id="title"><![CDATA[是否开启侧边导航访问电脑版功能]]></item>
				<item id="description"><![CDATA[]]></item>
				<item id="variable"><![CDATA[open_navpc]]></item>
				<item id="type"><![CDATA[radio]]></item>
				<item id="value"><![CDATA[1]]></item>
				<item id="extra"><![CDATA[]]></item>
			</item>
			<item id="21">
				<item id="displayorder"><![CDATA[21]]></item>
				<item id="title"><![CDATA[是否开启侧边导航至后台功能]]></item>
				<item id="description"><![CDATA[]]></item>
				<item id="variable"><![CDATA[open_navam]]></item>
				<item id="type"><![CDATA[radio]]></item>
				<item id="value"><![CDATA[1]]></item>
				<item id="extra"><![CDATA[]]></item>
			</item>
			<item id="22">
				<item id="displayorder"><![CDATA[22]]></item>
				<item id="title"><![CDATA[微信公众号appid]]></item>
				<item id="description"><![CDATA[]]></item>
				<item id="variable"><![CDATA[wx_appid]]></item>
				<item id="type"><![CDATA[text]]></item>
				<item id="value"><![CDATA[]]></item>
				<item id="extra"><![CDATA[]]></item>
			</item>
			<item id="23">
				<item id="displayorder"><![CDATA[23]]></item>
				<item id="title"><![CDATA[微信公众号appsecret]]></item>
				<item id="description"><![CDATA[]]></item>
				<item id="variable"><![CDATA[wx_appsecret]]></item>
				<item id="type"><![CDATA[text]]></item>
				<item id="value"><![CDATA[]]></item>
				<item id="extra"><![CDATA[]]></item>
			</item>
			<item id="24">
				<item id="displayorder"><![CDATA[24]]></item>
				<item id="title"><![CDATA[默认分享标题]]></item>
				<item id="description"><![CDATA[]]></item>
				<item id="variable"><![CDATA[share_title]]></item>
				<item id="type"><![CDATA[text]]></item>
				<item id="value"><![CDATA[贵古互联-APP手机版为您推荐]]></item>
				<item id="extra"><![CDATA[]]></item>
			</item>
			<item id="25">
				<item id="displayorder"><![CDATA[25]]></item>
				<item id="title"><![CDATA[默认分享图片URL]]></item>
				<item id="description"><![CDATA[]]></item>
				<item id="variable"><![CDATA[share_img]]></item>
				<item id="type"><![CDATA[text]]></item>
				<item id="value"><![CDATA[template/guiigo_app/static/images/dlogo.jpg]]></item>
				<item id="extra"><![CDATA[]]></item>
			</item>
		</item>
		<item id="language">
			<item id="scriptlang">
				<item id="slang0001"><![CDATA[未知错误]]></item>
				<item id="slang0002"><![CDATA[非法访问]]></item>
				<item id="slang0003"><![CDATA[保存修改后更新系统缓存]]></item>
				<item id="slang0004"><![CDATA[社区配置]]></item>
				<item id="slang0005"><![CDATA[是否显示社区统计]]></item>
				<item id="slang0006"><![CDATA[是否显示站点公告]]></item>
				<item id="slang0007"><![CDATA[社区关注广告位内容]]></item>
				<item id="slang0008"><![CDATA[社区推荐版块ID]]></item>
				<item id="slang0009"><![CDATA[多个ID用“,”号隔开]]></item>
				<item id="slang0010"><![CDATA[社区推荐版块广告位内容]]></item>
				<item id="slang0011"><![CDATA[置顶帖超过条数展开]]></item>
				<item id="slang0012"><![CDATA[是否开启积分打赏]]></item>
				<item id="slang0013"><![CDATA[打赏标语]]></item>
				<item id="slang0014"><![CDATA[是否显示标签]]></item>
				<item id="slang0015"><![CDATA[是否显示点赞会员及按钮]]></item>
				<item id="slang0016"><![CDATA[是否显示内容来源板块]]></item>
				<item id="slang0017"><![CDATA[是否显示猜你喜欢]]></item>
				<item id="slang0018"><![CDATA[是否开启只看楼主]]></item>
				<item id="slang0019"><![CDATA[是否开启回复顺序切换]]></item>
				<item id="slang0020"><![CDATA[是否展示回复数据]]></item>
				<item id="slang0021"><![CDATA[是否展示点赞数据]]></item>
				<item id="slang0022"><![CDATA[是否展示收藏数据]]></item>
				<item id="slang0023"><![CDATA[帖子样式]]></item>
				<item id="slang0024"><![CDATA[卡片样式]]></item>
				<item id="slang0025"><![CDATA[文章样式]]></item>
				<item id="slang0026"><![CDATA[头部样式1]]></item>
				<item id="slang0027"><![CDATA[头部样式2]]></item>
				<item id="slang0028"><![CDATA[--请选择--]]></item>
				<item id="slang0029"><![CDATA[版块ID]]></item>
				<item id="slang0030"><![CDATA[版块名称]]></item>
				<item id="slang0031"><![CDATA[版块样式]]></item>
				<item id="slang0032"><![CDATA[头部样式]]></item>
				<item id="slang0033"><![CDATA[独立频道]]></item>
				<item id="slang0034"><![CDATA[二级频道]]></item>
				<item id="slang0035"><![CDATA[频道设置]]></item>
				<item id="slang0036"><![CDATA[显示顺序]]></item>
				<item id="slang0037"><![CDATA[频道名称]]></item>
				<item id="slang0038"><![CDATA[类型]]></item>
				<item id="slang0039"><![CDATA[操作]]></item>
				<item id="slang0040"><![CDATA[复制(CTRL+C)独立频道入口链接]]></item>
				<item id="slang0041"><![CDATA[链接]]></item>
				<item id="slang0042"><![CDATA[编辑]]></item>
				<item id="slang0043"><![CDATA[删除]]></item>
				<item id="slang0044"><![CDATA[增加]]></item>
				<item id="slang0045"><![CDATA[删除失败]]></item>
				<item id="slang0046"><![CDATA[请选择信息流内容来源]]></item>
				<item id="slang0047"><![CDATA[频道数据来源设置]]></item>
				<item id="slang0048"><![CDATA[内容来源]]></item>
				<item id="slang0049"><![CDATA[信息流]]></item>
				<item id="slang0050"><![CDATA[HTML代码]]></item>
				<item id="slang0051"><![CDATA[纯模块]]></item>
				<item id="slang0052"><![CDATA[调用模块ID]]></item>
				<item id="slang0053"><![CDATA[按模块ID顺序显示,多个ID用“,”号隔开]]></item>
				<item id="slang0054"><![CDATA[信息流内容来源]]></item>
				<item id="slang0055"><![CDATA[版块]]></item>
				<item id="slang0056"><![CDATA[文章]]></item>
				<item id="slang0057"><![CDATA[圈子]]></item>
				<item id="slang0058"><![CDATA[选择来源版块]]></item>
				<item id="slang0059"><![CDATA[是否精华帖]]></item>
				<item id="slang0060"><![CDATA[是否必须有图片]]></item>
				<item id="slang0061"><![CDATA[只显示以下会员发布的主题]]></item>
				<item id="slang0062"><![CDATA[输入用户id，不填写则不限制,多个ID用“,”号隔开]]></item>
				<item id="slang0063"><![CDATA[选择显示样式]]></item>
				<item id="slang0064"><![CDATA[选择来源频道]]></item>
				<item id="slang0065"><![CDATA[只显示以下会员发布的文章]]></item>
				<item id="slang0066"><![CDATA[增加HTML代码]]></item>
				<item id="slang0067"><![CDATA[来源群组ID]]></item>
				<item id="slang0068"><![CDATA[填写群组ID，以半角逗号 "," 隔开]]></item>
				<item id="slang0069"><![CDATA[圈子设置]]></item>
				<item id="slang0070"><![CDATA[圈子幻灯内容]]></item>
				<item id="slang0071"><![CDATA[一行一个，格式图片地址|链接|描述]]></item>
				<item id="slang0072"><![CDATA[全部圈子首页ID]]></item>
				<item id="slang0073"><![CDATA[请输入一个排序为1的1级群组分类的ID。例如群组1级分类有：影音、文化、科技，请在此输入排序为1的1级分类ID，也就是影音的ID。可在电脑版打开此分类，地址栏结尾数字就是本分类的ID]]></item>
				<item id="slang0074"><![CDATA[首页是否展示圈子内容]]></item>
				<item id="slang0075"><![CDATA[首页内容来源圈子]]></item>
				<item id="slang0076"><![CDATA[首页内容样式]]></item>
				<item id="slang0077"><![CDATA[首页数据设置]]></item>
				<item id="slang0078"><![CDATA[是否开启首页二级频道]]></item>
				<item id="slang0079"><![CDATA[是否开启关注频道]]></item>
				<item id="slang0080"><![CDATA[如果开启，则在推荐频道中优先展示用户关注的用户帖子、关注的版块帖子、关注的群组帖子]]></item>
				<item id="slang0081"><![CDATA[推荐关注用户UID]]></item>
				<item id="slang0082"><![CDATA[推荐默认内容来源]]></item>
				<item id="slang0083"><![CDATA[无内容]]></item>
				<item id="slang0084"><![CDATA[省份+城市]]></item>
				<item id="slang0085"><![CDATA[城市+州县]]></item>
				<item id="slang0086"><![CDATA[州县+乡镇]]></item>
				<item id="slang0087"><![CDATA[用户设置]]></item>
				<item id="slang0088"><![CDATA[是否显示特殊用户组购买栏]]></item>
				<item id="slang0089"><![CDATA[选择是则在个人中心头部展现特殊用户组购买栏，请在后台-用户-用户组-自定义用户组中设置相关特殊用户组]]></item>
				<item id="slang0090"><![CDATA[个人中心广告幻灯]]></item>
				<item id="slang0091"><![CDATA[一行一个，格式图片地址|链接|描述，不填则不显示该广告位]]></item>
				<item id="slang0092"><![CDATA[是否开启无头像提示]]></item>
				<item id="slang0093"><![CDATA[如果用户未上传头像，则广告幻灯的第一张图片提示用户上传头像。开启此功能前请先设置个人中心广告幻灯，否则此项不生效]]></item>
				<item id="slang0094"><![CDATA[签到按钮链接]]></item>
				<item id="slang0095"><![CDATA[是否展示实名认证状态]]></item>
				<item id="slang0096"><![CDATA[是否允许用户切换风格]]></item>
				<item id="slang0097"><![CDATA[切换风格宣传语]]></item>
				<item id="slang0098"><![CDATA[是否允许用户开启夜间模式]]></item>
				<item id="slang0099"><![CDATA[是否展示最新访客]]></item>
				<item id="slang0100"><![CDATA[最多展示访客头像数]]></item>
				<item id="slang0101"><![CDATA[是否允许用户邀请好友]]></item>
				<item id="slang0102"><![CDATA[开启此功能前您需要至后台-全局-注册与访问控制页面开放邀请注册，并至后台-用户-用户组-编辑用户组-其他-注册相关中设置相关选项]]></item>
				<item id="slang0103"><![CDATA[邀请好友宣传语]]></item>
				<item id="slang0104"><![CDATA[空间地区展示选择]]></item>
				<item id="slang0105"><![CDATA[全局侧边导航]]></item>
				<item id="slang0106"><![CDATA[菜单名称]]></item>
				<item id="slang0107"><![CDATA[菜单图标]]></item>
				<item id="slang0108"><![CDATA[菜单链接]]></item>
				<item id="slang0109"><![CDATA[是否启用]]></item>
				<item id="slang0110"><![CDATA[增加菜单]]></item>
				<item id="slang0111"><![CDATA[快速发布菜单]]></item>
				<item id="slang0112"><![CDATA[个人中心菜单]]></item>
				<item id="slang0113"><![CDATA[首页]]></item>
				<item id="slang0114"><![CDATA[社区]]></item>
				<item id="slang0115"><![CDATA[圈子]]></item>
				<item id="slang0116"><![CDATA[消息]]></item>
				<item id="slang0117"><![CDATA[今日头条]]></item>
				<item id="slang0118"><![CDATA[主题导读]]></item>
				<item id="slang0119"><![CDATA[相册]]></item>
				<item id="slang0120"><![CDATA[说吧]]></item>
				<item id="slang0121"><![CDATA[日志]]></item>
				<item id="slang0122"><![CDATA[用户排行]]></item>
				<item id="slang0123"><![CDATA[帖子排行]]></item>
				<item id="slang0124"><![CDATA[版块排行]]></item>
				<item id="slang0125"><![CDATA[圈子排行]]></item>
				<item id="slang0126"><![CDATA[站内搜索]]></item>
				<item id="slang0127"><![CDATA[任务中心]]></item>
				<item id="slang0128"><![CDATA[勋章中心]]></item>
				<item id="slang0129"><![CDATA[TAG标签]]></item>
				<item id="slang0130"><![CDATA[我的相册]]></item>
				<item id="slang0131"><![CDATA[我的日志]]></item>
				<item id="slang0132"><![CDATA[我的任务]]></item>
				<item id="slang0133"><![CDATA[发帖子]]></item>
				<item id="slang0134"><![CDATA[逛圈子]]></item>
				<item id="slang0135"><![CDATA[写日志]]></item>
				<item id="slang0136"><![CDATA[传照片]]></item>
				<item id="slang0137"><![CDATA[写说说]]></item>
				<item id="slang0138"><![CDATA[请先登录在进行操作]]></item>
				<item id="slang0139"><![CDATA[意外错误]]></item>
				<item id="slang0140"><![CDATA[设置成功]]></item>
			</item>
			<item id="templatelang">
				<item id="tlang0001"><![CDATA[贵古互联-GUIIGO-QQ:99972466]]></item>
				<item id="tlang0002"><![CDATA[关注]]></item>
				<item id="tlang0003"><![CDATA[已关注]]></item>
				<item id="tlang0004"><![CDATA[确定要取消关注TA吗？]]></item>
				<item id="tlang0005"><![CDATA[成功收听]]></item>
				<item id="tlang0006"><![CDATA[您已经收听了]]></item>
				<item id="tlang0007"><![CDATA[您已经关注TA了]]></item>
				<item id="tlang0008"><![CDATA[取消成功]]></item>
				<item id="tlang0009"><![CDATA[取消关注成功]]></item>
				<item id="tlang0010"><![CDATA[您已经关注啦]]></item>
				<item id="tlang0011"><![CDATA[关注TA]]></item>
				<item id="tlang0012"><![CDATA[关注成功]]></item>
				<item id="tlang0013"><![CDATA[操作成功]]></item>
				<item id="tlang0014"><![CDATA[信息收藏成功]]></item>
				<item id="tlang0015"><![CDATA[重复收藏]]></item>
				<item id="tlang0016"><![CDATA[您已关注该版块]]></item>
				<item id="tlang0017"><![CDATA[加关注]]></item>
				<item id="tlang0018"><![CDATA[您指定的信息无法收藏]]></item>
				<item id="tlang0019"><![CDATA[已取消]]></item>
				<item id="tlang0020"><![CDATA[关注出错稍后再试]]></item>
				<item id="tlang0021"><![CDATA[抱歉，您已收藏，请勿重复收藏]]></item>
				<item id="tlang0022"><![CDATA[您已经关注了]]></item>
				<item id="tlang0023"><![CDATA[抱歉，您指定的收藏不存在]]></item>
				<item id="tlang0024"><![CDATA[关注版块]]></item>
				<item id="tlang0025"><![CDATA[未知错误]]></item>
				<item id="tlang0026"><![CDATA[去关注你喜欢的版块吧]]></item>
				<item id="tlang0027"><![CDATA[人关注]]></item>
				<item id="tlang0028"><![CDATA[您没有关注任何人]]></item>
				<item id="tlang0029"><![CDATA[还没有人关注您]]></item>
				<item id="tlang0030"><![CDATA[TA还没有关注任何人]]></item>
				<item id="tlang0031"><![CDATA[还没有人关注TA]]></item>
				<item id="tlang0032"><![CDATA[暂无新任务，敬请关注]]></item>
				<item id="tlang0033"><![CDATA[暂无进行中任务，请先申请任务]]></item>
				<item id="tlang0034"><![CDATA[还没有相关任务]]></item>
				<item id="tlang0035"><![CDATA[申请任务]]></item>
				<item id="tlang0036"><![CDATA[任务还未完成]]></item>
				<item id="tlang0037"><![CDATA[领取奖励]]></item>
				<item id="tlang0038"><![CDATA[恭喜您，您的任务已完成，请注意查收奖励通知]]></item>
				<item id="tlang0039"><![CDATA[请求失败]]></item>
				<item id="tlang0040"><![CDATA[推荐]]></item>
				<item id="tlang0041"><![CDATA[粉丝]]></item>
				<item id="tlang0042"><![CDATA[温馨提示]]></item>
				<item id="tlang0043"><![CDATA[您今天还能评价]]></item>
				<item id="tlang0044"><![CDATA[评价指数]]></item>
				<item id="tlang0045"><![CDATA[感谢你的赞赏]]></item>
				<item id="tlang0046"><![CDATA[今天点赞数还剩]]></item>
				<item id="tlang0047"><![CDATA[次]]></item>
				<item id="tlang0048"><![CDATA[您已评价过本主题]]></item>
				<item id="tlang0049"><![CDATA[您已经赞过了]]></item>
				<item id="tlang0050"><![CDATA[抱歉，您目前没有权限评价此主题]]></item>
				<item id="tlang0051"><![CDATA[抱歉，权限不足，点击确定查看权限]]></item>
				<item id="tlang0052"><![CDATA[您不能评价自己的帖子]]></item>
				<item id="tlang0053"><![CDATA[不能给自己点赞]]></item>
				<item id="tlang0054"><![CDATA[今日评价机会已用完]]></item>
				<item id="tlang0055"><![CDATA[今日已无剩余点赞次数]]></item>
				<item id="tlang0056"><![CDATA[未定义状态]]></item>
				<item id="tlang0057"><![CDATA[您今天还能喜欢]]></item>
				<item id="tlang0058"><![CDATA[感谢你的喜欢]]></item>
				<item id="tlang0059"><![CDATA[今天还能喜欢]]></item>
				<item id="tlang0060"><![CDATA[您已经喜欢过了]]></item>
				<item id="tlang0061"><![CDATA[不能喜欢自己]]></item>
				<item id="tlang0062"><![CDATA[今日喜欢次数已耗尽]]></item>
				<item id="tlang0063"><![CDATA[请登录]]></item>
				<item id="tlang0064"><![CDATA[还没有签名...去设置]]></item>
				<item id="tlang0065"><![CDATA[有你更精彩...]]></item>
				<item id="tlang0066"><![CDATA[访问电脑版]]></item>
				<item id="tlang0067"><![CDATA[管理中心]]></item>
				<item id="tlang0068"><![CDATA[凌晨好！]]></item>
				<item id="tlang0069"><![CDATA[早上好！]]></item>
				<item id="tlang0070"><![CDATA[上午好！]]></item>
				<item id="tlang0071"><![CDATA[中午好！]]></item>
				<item id="tlang0072"><![CDATA[下午好！]]></item>
				<item id="tlang0073"><![CDATA[傍晚好！]]></item>
				<item id="tlang0074"><![CDATA[晚上好！]]></item>
				<item id="tlang0075"><![CDATA[夜里好！]]></item>
				<item id="tlang0076"><![CDATA[首页]]></item>
				<item id="tlang0077"><![CDATA[发帖]]></item>
				<item id="tlang0078"><![CDATA[社区]]></item>
				<item id="tlang0079"><![CDATA[圈子]]></item>
				<item id="tlang0080"><![CDATA[消息]]></item>
				<item id="tlang0081"><![CDATA[我的]]></item>
				<item id="tlang0082"><![CDATA[菜单]]></item>
				<item id="tlang0083"><![CDATA[顶部]]></item>
				<item id="tlang0084"><![CDATA[导航]]></item>
				<item id="tlang0085"><![CDATA[刷新]]></item>
				<item id="tlang0086"><![CDATA[发布]]></item>
				<item id="tlang0087"><![CDATA[选择你要发布的内容...]]></item>
				<item id="tlang0088"><![CDATA[关闭]]></item>
				<item id="tlang0089"><![CDATA[您好，]]></item>
				<item id="tlang0090"><![CDATA[，请 ]]></item>
				<item id="tlang0091"><![CDATA[点击此处]]></item>
				<item id="tlang0092"><![CDATA[跳转]]></item>
				<item id="tlang0093"><![CDATA[，若已知晓，您可以直接关闭本页面]]></item>
				<item id="tlang0094"><![CDATA[继续访问]]></item>
				<item id="tlang0095"><![CDATA[ 将跳转到电脑版页面]]></item>
				<item id="tlang0096"><![CDATA[活动花销]]></item>
				<item id="tlang0097"><![CDATA[申请留言]]></item>
				<item id="tlang0098"><![CDATA[未留言]]></item>
				<item id="tlang0099"><![CDATA[还没有人参加活动]]></item>
				<item id="tlang0100"><![CDATA[时间筛选]]></item>
				<item id="tlang0101"><![CDATA[购买附件]]></item>
				<item id="tlang0102"><![CDATA[抱歉，您当前积分不足，不能购买附件！]]></item>
				<item id="tlang0103"><![CDATA[购买记录]]></item>
				<item id="tlang0104"><![CDATA[点评]]></item>
				<item id="tlang0105"><![CDATA[取消]]></item>
				<item id="tlang0106"><![CDATA[确定]]></item>
				<item id="tlang0107"><![CDATA[请输入内容...]]></item>
				<item id="tlang0108"><![CDATA[获胜一方]]></item>
				<item id="tlang0109"><![CDATA[填写裁判观点]]></item>
				<item id="tlang0110"><![CDATA[评判成功]]></item>
				<item id="tlang0111"><![CDATA[主题导读]]></item>
				<item id="tlang0112"><![CDATA[主题搜索]]></item>
				<item id="tlang0113"><![CDATA[我关注的]]></item>
				<item id="tlang0114"><![CDATA[全部版块]]></item>
				<item id="tlang0115"><![CDATA[公告]]></item>
				<item id="tlang0116"><![CDATA[主题]]></item>
				<item id="tlang0117"><![CDATA[帖子]]></item>
				<item id="tlang0118"><![CDATA[推荐版块]]></item>
				<item id="tlang0119"><![CDATA[下载需要]]></item>
				<item id="tlang0120"><![CDATA[购买记录]]></item>
				<item id="tlang0121"><![CDATA[立即购买]]></item>
				<item id="tlang0122"><![CDATA[筛选]]></item>
				<item id="tlang0123"><![CDATA[发帖子]]></item>
				<item id="tlang0124"><![CDATA[发投票]]></item>
				<item id="tlang0125"><![CDATA[发悬赏]]></item>
				<item id="tlang0126"><![CDATA[发辩论]]></item>
				<item id="tlang0127"><![CDATA[发活动]]></item>
				<item id="tlang0128"><![CDATA[发商品]]></item>
				<item id="tlang0129"><![CDATA[主题筛选]]></item>
				<item id="tlang0130"><![CDATA[全部]]></item>
				<item id="tlang0131"><![CDATA[排序]]></item>
				<item id="tlang0132"><![CDATA[时间]]></item>
				<item id="tlang0133"><![CDATA[排名]]></item>
				<item id="tlang0134"><![CDATA[全部分类]]></item>
				<item id="tlang0135"><![CDATA[下级版块]]></item>
				<item id="tlang0136"><![CDATA[更多]]></item>
				<item id="tlang0137"><![CDATA[来源]]></item>
				<item id="tlang0138"><![CDATA[投票]]></item>
				<item id="tlang0139"><![CDATA[商品]]></item>
				<item id="tlang0140"><![CDATA[悬赏]]></item>
				<item id="tlang0141"><![CDATA[活动]]></item>
				<item id="tlang0142"><![CDATA[辩论]]></item>
				<item id="tlang0143"><![CDATA[抢楼]]></item>
				<item id="tlang0144"><![CDATA[加载中...]]></item>
				<item id="tlang0145"><![CDATA[版块或指定区域暂无内容]]></item>
				<item id="tlang0146"><![CDATA[未定义信息]]></item>
				<item id="tlang0147"><![CDATA[你的态度至关重要...]]></item>
				<item id="tlang0148"><![CDATA[回复]]></item>
				<item id="tlang0149"><![CDATA[优质回复会获得更多点赞...]]></item>
				<item id="tlang0150"><![CDATA[表情]]></item>
				<item id="tlang0151"><![CDATA[图片]]></item>
				<item id="tlang0152"><![CDATA[好友]]></item>
				<item id="tlang0153"><![CDATA[微信好友]]></item>
				<item id="tlang0154"><![CDATA[朋友圈]]></item>
				<item id="tlang0155"><![CDATA[QQ好友]]></item>
				<item id="tlang0156"><![CDATA[QQ空间]]></item>
				<item id="tlang0157"><![CDATA[微博]]></item>
				<item id="tlang0158"><![CDATA[复制链接]]></item>
				<item id="tlang0159"><![CDATA[生成海报]]></item>
				<item id="tlang0160"><![CDATA[投票成功]]></item>
				<item id="tlang0161"><![CDATA[支持成功]]></item>
				<item id="tlang0162"><![CDATA[您已投过票]]></item>
				<item id="tlang0163"><![CDATA[您已经支持过TA了]]></item>
				<item id="tlang0164"><![CDATA[活动报名取消成功]]></item>
				<item id="tlang0165"><![CDATA[活动申请成功]]></item>
				<item id="tlang0166"><![CDATA[申请成功，请耐心等待审核]]></item>
				<item id="tlang0167"><![CDATA[人参与了本主题]]></item>
				<item id="tlang0168"><![CDATA[邀请成功]]></item>
				<item id="tlang0169"><![CDATA[成功]]></item>
				<item id="tlang0170"><![CDATA[无法继续投票]]></item>
				<item id="tlang0171"><![CDATA[辩论已结束]]></item>
				<item id="tlang0172"><![CDATA[最佳答案设置成功]]></item>
				<item id="tlang0173"><![CDATA[点评已删除]]></item>
				<item id="tlang0174"><![CDATA[主题修复成功]]></item>
				<item id="tlang0175"><![CDATA[有效期应该介于]]></item>
				<item id="tlang0176"><![CDATA[错误]]></item>
				<item id="tlang0177"><![CDATA[收藏成功]]></item>
				<item id="tlang0178"><![CDATA[已取消收藏]]></item>
				<item id="tlang0179"><![CDATA[附件购买成功]]></item>
				<item id="tlang0180"><![CDATA[您已购买过此附件]]></item>
				<item id="tlang0181"><![CDATA[下载提示]]></item>
				<item id="tlang0182"><![CDATA[您不能给自己发表的帖子评分]]></item>
				<item id="tlang0183"><![CDATA[您不能给自己打赏]]></item>
				<item id="tlang0184"><![CDATA[不足，无法评分]]></item>
				<item id="tlang0185"><![CDATA[无法评分]]></item>
				<item id="tlang0186"><![CDATA[无法打赏]]></item>
				<item id="tlang0187"><![CDATA[请输入正确的分值]]></item>
				<item id="tlang0188"><![CDATA[请输入打赏积分数量]]></item>
				<item id="tlang0189"><![CDATA[小时评分数超过限制]]></item>
				<item id="tlang0190"><![CDATA[今日打赏次数已用完]]></item>
				<item id="tlang0191"><![CDATA[您不能对同一个帖子重复评分]]></item>
				<item id="tlang0192"><![CDATA[您已打赏过TA了]]></item>
				<item id="tlang0193"><![CDATA[您所在的用户组]]></item>
				<item id="tlang0194"><![CDATA[感谢您的参与，现在将转入评分前页面]]></item>
				<item id="tlang0195"><![CDATA[已收到，]]></item>
				<item id="tlang0196"><![CDATA[感谢您的打赏]]></item>
				<item id="tlang0197"><![CDATA[不足]]></item>
				<item id="tlang0198"><![CDATA[抱歉，]]></item>
				<item id="tlang0199"><![CDATA[低于]]></item>
				<item id="tlang0200"><![CDATA[，购买失败]]></item>
				<item id="tlang0201"><![CDATA[您已购买过此主题]]></item>
				<item id="tlang0202"><![CDATA[主题购买成功]]></item>
				<item id="tlang0203"><![CDATA[购买成功]]></item>
				<item id="tlang0204"><![CDATA[帖子点评成功]]></item>
				<item id="tlang0205"><![CDATA[您两次发表间隔少于]]></item>
				<item id="tlang0206"><![CDATA[发表过于频繁，请稍候再试]]></item>
				<item id="tlang0207"><![CDATA[点赞成功]]></item>
				<item id="tlang0208"><![CDATA[抱歉，点赞权限不足，点击确定查看权限]]></item>
				<item id="tlang0209"><![CDATA[您不能对自己的回帖进行投票]]></item>
				<item id="tlang0210"><![CDATA[您已经对此回帖投过票了]]></item>
				<item id="tlang0211"><![CDATA[不打算说点什么吗？]]></item>
				<item id="tlang0212"><![CDATA[内容太少了]]></item>
				<item id="tlang0213"><![CDATA[回复发布成功]]></item>
				<item id="tlang0214"><![CDATA[回复成功]]></item>
				<item id="tlang0215"><![CDATA[当前版块需要进行密码验证，请验证后访问]]></item>
				<item id="tlang0216"><![CDATA[请输入密码]]></item>
				<item id="tlang0217"><![CDATA[访问当前版块需要支付 ]]></item>
				<item id="tlang0218"><![CDATA[，请确认]]></item>
				<item id="tlang0219"><![CDATA[导读]]></item>
				<item id="tlang0220"><![CDATA[热门贴]]></item>
				<item id="tlang0221"><![CDATA[精华帖]]></item>
				<item id="tlang0222"><![CDATA[新发布]]></item>
				<item id="tlang0223"><![CDATA[新回复]]></item>
				<item id="tlang0224"><![CDATA[抢沙发]]></item>
				<item id="tlang0225"><![CDATA[还没有相关帖子]]></item>
				<item id="tlang0226"><![CDATA[还没有购买记录]]></item>
				<item id="tlang0227"><![CDATA[编辑]]></item>
				<item id="tlang0228"><![CDATA[内容]]></item>
				<item id="tlang0229"><![CDATA[说点什么吧...]]></item>
				<item id="tlang0230"><![CDATA[发起投票]]></item>
				<item id="tlang0231"><![CDATA[发布悬赏]]></item>
				<item id="tlang0232"><![CDATA[发起辩论]]></item>
				<item id="tlang0233"><![CDATA[确定要删除该帖子吗？]]></item>
				<item id="tlang0234"><![CDATA[删除提示]]></item>
				<item id="tlang0235"><![CDATA[您的主题已发布]]></item>
				<item id="tlang0236"><![CDATA[发布成功，请刷新后查看]]></item>
				<item id="tlang0237"><![CDATA[删除成功，请刷新后查看]]></item>
				<item id="tlang0238"><![CDATA[编辑成功，请刷新后查看]]></item>
				<item id="tlang0239"><![CDATA[回复成功，请刷新后查看]]></item>
				<item id="tlang0240"><![CDATA[主题删除成功]]></item>
				<item id="tlang0241"><![CDATA[帖子编辑成功]]></item>
				<item id="tlang0242"><![CDATA[验证码填写错误]]></item>
				<item id="tlang0243"><![CDATA[请输入网络音乐文件地址]]></item>
				<item id="tlang0244"><![CDATA[请输入链接网址]]></item>
				<item id="tlang0245"><![CDATA[请输入链接文字]]></item>
				<item id="tlang0246"><![CDATA[请输入网络图片链接]]></item>
				<item id="tlang0247"><![CDATA[请输入需要插入的引用内容]]></item>
				<item id="tlang0248"><![CDATA[请输入网络视频文件地址]]></item>
				<item id="tlang0249"><![CDATA[请输入Flash文件地址]]></item>
				<item id="tlang0250"><![CDATA[请输入需要插入的免费信息]]></item>
				<item id="tlang0251"><![CDATA[请输入需要插入的代码]]></item>
				<item id="tlang0252"><![CDATA[请设置活动时间]]></item>
				<item id="tlang0253"><![CDATA[开始时间]]></item>
				<item id="tlang0254"><![CDATA[结束时间]]></item>
				<item id="tlang0255"><![CDATA[请填写活动地点]]></item>
				<item id="tlang0256"><![CDATA[请填写活动所在城市]]></item>
				<item id="tlang0257"><![CDATA[请选择或填写活动类别]]></item>
				<item id="tlang0258"><![CDATA[请填写活动需要人数]]></item>
				<item id="tlang0259"><![CDATA[性别限制]]></item>
				<item id="tlang0260"><![CDATA[请设置报名截止时间]]></item>
				<item id="tlang0261"><![CDATA[更新图片]]></item>
				<item id="tlang0262"><![CDATA[上传图片]]></item>
				<item id="tlang0263"><![CDATA[请填写]]></item>
				<item id="tlang0264"><![CDATA[请设置时间]]></item>
				<item id="tlang0265"><![CDATA[裁判会员名]]></item>
				<item id="tlang0266"><![CDATA[请设置裁判]]></item>
				<item id="tlang0267"><![CDATA[视频]]></item>
				<item id="tlang0268"><![CDATA[设置]]></item>
				<item id="tlang0269"><![CDATA[收费]]></item>
				<item id="tlang0270"><![CDATA[标签]]></item>
				<item id="tlang0271"><![CDATA[插入]]></item>
				<item id="tlang0272"><![CDATA[程序猿拼命开发中，即将开放]]></item>
				<item id="tlang0273"><![CDATA[视频上传]]></item>
				<item id="tlang0274"><![CDATA[发布后视频需要转码审核，稍后查看即可！]]></item>
				<item id="tlang0275"><![CDATA[抢楼时间]]></item>
				<item id="tlang0276"><![CDATA[请设置开始时间]]></item>
				<item id="tlang0277"><![CDATA[请设置结束时间]]></item>
				<item id="tlang0278"><![CDATA[奖励楼层]]></item>
				<item id="tlang0279"><![CDATA[多楼层请用英文逗号隔开]]></item>
				<item id="tlang0280"><![CDATA[截止楼层]]></item>
				<item id="tlang0281"><![CDATA[请填写奖励中止楼层]]></item>
				<item id="tlang0282"><![CDATA[用空格隔开多个标签，最多5个]]></item>
				<item id="tlang0283"><![CDATA[@朋友]]></item>
				<item id="tlang0284"><![CDATA[文字链接]]></item>
				<item id="tlang0285"><![CDATA[网络图片]]></item>
				<item id="tlang0286"><![CDATA[MP3音乐]]></item>
				<item id="tlang0287"><![CDATA[网络视频]]></item>
				<item id="tlang0288"><![CDATA[引用]]></item>
				<item id="tlang0289"><![CDATA[免费信息]]></item>
				<item id="tlang0290"><![CDATA[代码]]></item>
				<item id="tlang0291"><![CDATA[密码主题]]></item>
				<item id="tlang0292"><![CDATA[支持 wma mp3 ra rm 等音乐格式网址]]></item>
				<item id="tlang0293"><![CDATA[推荐插入优酷、腾讯、爱奇艺的网络视频地址]]></item>
				<item id="tlang0294"><![CDATA[支持 swf flv 等Flash文件网址]]></item>
				<item id="tlang0295"><![CDATA[如果您设置了帖子收费，请输入购买前可免费阅读的内容]]></item>
				<item id="tlang0296"><![CDATA[建议密码插入在内容最后且内容不少于100个字符，否则主题简介将显示密码！]]></item>
				<item id="tlang0297"><![CDATA[标题]]></item>
				<item id="tlang0298"><![CDATA[必填]]></item>
				<item id="tlang0299"><![CDATA[编辑回复请忽略]]></item>
				<item id="tlang0300"><![CDATA[分类]]></item>
				<item id="tlang0301"><![CDATA[快速发帖]]></item>
				<item id="tlang0302"><![CDATA[选项]]></item>
				<item id="tlang0303"><![CDATA[请填写投票选项]]></item>
				<item id="tlang0304"><![CDATA[已达到最大投票数]]></item>
				<item id="tlang0305"><![CDATA[上传失败]]></item>
				<item id="tlang0306"><![CDATA[悬赏价格超出范围]]></item>
				<item id="tlang0307"><![CDATA[请填写商品名称]]></item>
				<item id="tlang0308"><![CDATA[请填写商品数量]]></item>
				<item id="tlang0309"><![CDATA[商品成色]]></item>
				<item id="tlang0310"><![CDATA[元]]></item>
				<item id="tlang0311"><![CDATA[邮寄费用]]></item>
				<item id="tlang0312"><![CDATA[交易信息]]></item>
				<item id="tlang0313"><![CDATA[请填写商品所在地点]]></item>
				<item id="tlang0314"><![CDATA[我再想想]]></item>
				<item id="tlang0315"><![CDATA[立即打赏]]></item>
				<item id="tlang0316"><![CDATA[打赏给]]></item>
				<item id="tlang0317"><![CDATA[神马都是浮云]]></item>
				<item id="tlang0318"><![CDATA[全部打赏]]></item>
				<item id="tlang0319"><![CDATA[管理操作]]></item>
				<item id="tlang0320"><![CDATA[主题置顶]]></item>
				<item id="tlang0321"><![CDATA[请选择置顶类别]]></item>
				<item id="tlang0322"><![CDATA[置顶有效期至]]></item>
				<item id="tlang0323"><![CDATA[设置时间...]]></item>
				<item id="tlang0324"><![CDATA[主题精华]]></item>
				<item id="tlang0325"><![CDATA[精华有效期至]]></item>
				<item id="tlang0326"><![CDATA[主题提升]]></item>
				<item id="tlang0327"><![CDATA[提升有效期至]]></item>
				<item id="tlang0328"><![CDATA[主题高亮]]></item>
				<item id="tlang0329"><![CDATA[高亮有效期至]]></item>
				<item id="tlang0330"><![CDATA[选择分类]]></item>
				<item id="tlang0331"><![CDATA[有效期至]]></item>
				<item id="tlang0332"><![CDATA[您确认要删除？]]></item>
				<item id="tlang0333"><![CDATA[合并主题ID]]></item>
				<item id="tlang0334"><![CDATA[新帖标题]]></item>
				<item id="tlang0335"><![CDATA[分割楼号]]></item>
				<item id="tlang0336"><![CDATA[多个楼号请用“,”分割]]></item>
				<item id="tlang0337"><![CDATA[主题图章]]></item>
				<item id="tlang0338"><![CDATA[主题图标]]></item>
				<item id="tlang0339"><![CDATA[设置当前回复为神评]]></item>
				<item id="tlang0340"><![CDATA[解除神评]]></item>
				<item id="tlang0341"><![CDATA[和]]></item>
				<item id="tlang0342"><![CDATA[进行互动...]]></item>
				<item id="tlang0343"><![CDATA[无操作权限]]></item>
				<item id="tlang0344"><![CDATA[打赏]]></item>
				<item id="tlang0345"><![CDATA[举报]]></item>
				<item id="tlang0346"><![CDATA[神评]]></item>
				<item id="tlang0347"><![CDATA[￥]]></item>
				<item id="tlang0348"><![CDATA[已售]]></item>
				<item id="tlang0349"><![CDATA[件]]></item>
				<item id="tlang0350"><![CDATA[交易单创建成功]]></item>
				<item id="tlang0351"><![CDATA[订单创建成功，请稍后]]></item>
				<item id="tlang0352"><![CDATA[商品详情]]></item>
				<item id="tlang0353"><![CDATA[删除商品]]></item>
				<item id="tlang0354"><![CDATA[分享]]></item>
				<item id="tlang0355"><![CDATA[联系卖家]]></item>
				<item id="tlang0356"><![CDATA[商品介绍]]></item>
				<item id="tlang0357"><![CDATA[商品点评]]></item>
				<item id="tlang0358"><![CDATA[柜台其他商品]]></item>
				<item id="tlang0359"><![CDATA[已售罄]]></item>
				<item id="tlang0360"><![CDATA[交易详情]]></item>
				<item id="tlang0361"><![CDATA[订单状态]]></item>
				<item id="tlang0362"><![CDATA[评价状态]]></item>
				<item id="tlang0363"><![CDATA[点击底部的“更新交易单”按钮重新计算交易金额]]></item>
				<item id="tlang0364"><![CDATA[联系买家]]></item>
				<item id="tlang0365"><![CDATA[交易单状态更新成功]]></item>
				<item id="tlang0366"><![CDATA[选择图片]]></item>
				<item id="tlang0367"><![CDATA[管理主题]]></item>
				<item id="tlang0368"><![CDATA[信息举报]]></item>
				<item id="tlang0369"><![CDATA[详情]]></item>
				<item id="tlang0370"><![CDATA[中奖]]></item>
				<item id="tlang0371"><![CDATA[本帖为密码帖，请输入密码后浏览]]></item>
				<item id="tlang0372"><![CDATA[采纳该回答]]></item>
				<item id="tlang0373"><![CDATA[已有]]></item>
				<item id="tlang0374"><![CDATA[人打赏]]></item>
				<item id="tlang0375"><![CDATA[还没有人赞过这个帖子]]></item>
				<item id="tlang0376"><![CDATA[点击查看更多点评]]></item>
				<item id="tlang0377"><![CDATA[人参与打赏]]></item>
				<item id="tlang0378"><![CDATA[查看更多]]></item>
				<item id="tlang0379"><![CDATA[的内容]]></item>
				<item id="tlang0380"><![CDATA[猜你喜欢]]></item>
				<item id="tlang0381"><![CDATA[阅读]]></item>
				<item id="tlang0382"><![CDATA[全部回复]]></item>
				<item id="tlang0383"><![CDATA[楼主]]></item>
				<item id="tlang0384"><![CDATA[倒序]]></item>
				<item id="tlang0385"><![CDATA[正序]]></item>
				<item id="tlang0386"><![CDATA[还没有回复，谁来打破尴尬？]]></item>
				<item id="tlang0387"><![CDATA[当前状态]]></item>
				<item id="tlang0388"><![CDATA[加入申请已发出，请等待审核]]></item>
				<item id="tlang0389"><![CDATA[审核通过，您可以参与此活动]]></item>
				<item id="tlang0390"><![CDATA[活动介绍]]></item>
				<item id="tlang0391"><![CDATA[未留言]]></item>
				<item id="tlang0392"><![CDATA[加入圈子]]></item>
				<item id="tlang0393"><![CDATA[填写取消留言]]></item>
				<item id="tlang0394"><![CDATA[查看参与人]]></item>
				<item id="tlang0395"><![CDATA[投票选项]]></item>
				<item id="tlang0396"><![CDATA[投票时间]]></item>
				<item id="tlang0397"><![CDATA[还没有人投该选项]]></item>
				<item id="tlang0398"><![CDATA[全部点赞]]></item>
				<item id="tlang0399"><![CDATA[您还可以针对所有商品]]></item>
				<item id="tlang0400"><![CDATA[创建圈子]]></item>
				<item id="tlang0401"><![CDATA[填写圈子名称]]></item>
				<item id="tlang0402"><![CDATA[下级分类]]></item>
				<item id="tlang0403"><![CDATA[填写圈子简介]]></item>
				<item id="tlang0404"><![CDATA[自由]]></item>
				<item id="tlang0405"><![CDATA[审核]]></item>
				<item id="tlang0406"><![CDATA[邀请]]></item>
				<item id="tlang0407"><![CDATA[创建圈子后需要等待审核通过后才能开通]]></item>
				<item id="tlang0408"><![CDATA[知道了]]></item>
				<item id="tlang0409"><![CDATA[建立成功]]></item>
				<item id="tlang0410"><![CDATA[圈子创建成功]]></item>
				<item id="tlang0411"><![CDATA[我们会尽快进行审核]]></item>
				<item id="tlang0412"><![CDATA[，请耐心等待审核]]></item>
				<item id="tlang0413"><![CDATA[邀请好友]]></item>
				<item id="tlang0414"><![CDATA[退出圈子]]></item>
				<item id="tlang0415"><![CDATA[收藏圈子]]></item>
				<item id="tlang0416"><![CDATA[管理圈子]]></item>
				<item id="tlang0417"><![CDATA[话题]]></item>
				<item id="tlang0418"><![CDATA[圈主]]></item>
				<item id="tlang0419"><![CDATA[圈成员]]></item>
				<item id="tlang0420"><![CDATA[全部话题]]></item>
				<item id="tlang0421"><![CDATA[圈子或分类下还暂时没有内容]]></item>
				<item id="tlang0422"><![CDATA[成功加入该]]></item>
				<item id="tlang0423"><![CDATA[加入成功]]></item>
				<item id="tlang0424"><![CDATA[已经成功退出]]></item>
				<item id="tlang0425"><![CDATA[您已退出该圈子]]></item>
				<item id="tlang0426"><![CDATA[您已收藏该圈子了]]></item>
				<item id="tlang0427"><![CDATA[话题分类]]></item>
				<item id="tlang0428"><![CDATA[上传图标]]></item>
				<item id="tlang0429"><![CDATA[圈子封面]]></item>
				<item id="tlang0430"><![CDATA[上传封面]]></item>
				<item id="tlang0431"><![CDATA[批量操作]]></item>
				<item id="tlang0432"><![CDATA[申请时间]]></item>
				<item id="tlang0433"><![CDATA[暂时没有需要审核的成员]]></item>
				<item id="tlang0434"><![CDATA[搜索圈子成员]]></item>
				<item id="tlang0435"><![CDATA[请输入圈子成员名称...]]></item>
				<item id="tlang0436"><![CDATA[大圈主]]></item>
				<item id="tlang0437"><![CDATA[小圈主]]></item>
				<item id="tlang0438"><![CDATA[圈子成员]]></item>
				<item id="tlang0439"><![CDATA[圈红人]]></item>
				<item id="tlang0440"><![CDATA[加入时间]]></item>
				<item id="tlang0441"><![CDATA[设为群主]]></item>
				<item id="tlang0442"><![CDATA[设为大圈主]]></item>
				<item id="tlang0443"><![CDATA[设为副群主]]></item>
				<item id="tlang0444"><![CDATA[设为小圈主]]></item>
				<item id="tlang0445"><![CDATA[明星成员]]></item>
				<item id="tlang0446"><![CDATA[当前圈子等级不能使用此功能]]></item>
				<item id="tlang0447"><![CDATA[启用话题分类]]></item>
				<item id="tlang0448"><![CDATA[话题类别前缀]]></item>
				<item id="tlang0449"><![CDATA[+添加]]></item>
				<item id="tlang0450"><![CDATA[填写分类名称]]></item>
				<item id="tlang0451"><![CDATA[只能转让给小圈主，小圈主要具备可创建新圈子的资格。<br/>转让成功后无法恢复，需被转让者再次转让，请谨慎操作！<br/>转让成功后您将成为小圈主，可以自由退出圈子。<br/>]]></item>
				<item id="tlang0452"><![CDATA[圈子创始人]]></item>
				<item id="tlang0453"><![CDATA[被转让小圈主]]></item>
				<item id="tlang0454"><![CDATA[登录密码]]></item>
				<item id="tlang0455"><![CDATA[设置成功]]></item>
				<item id="tlang0456"><![CDATA[设置成功，请返回刷新查看]]></item>
				<item id="tlang0457"><![CDATA[可以关闭圈子]]></item>
				<item id="tlang0458"><![CDATA[只有圈子创始人可以关闭圈子]]></item>
				<item id="tlang0459"><![CDATA[修改主题分类成功]]></item>
				<item id="tlang0460"><![CDATA[圈子分类修改成功，请返回刷新查看]]></item>
				<item id="tlang0461"><![CDATA[管理成员成功]]></item>
				<item id="tlang0462"><![CDATA[只剩最后一个群主]]></item>
				<item id="tlang0463"><![CDATA[当前只剩一个圈主，不能进行该操作]]></item>
				<item id="tlang0464"><![CDATA[指定成员已审核通过]]></item>
				<item id="tlang0465"><![CDATA[审核通过]]></item>
				<item id="tlang0466"><![CDATA[指定成员已被忽略]]></item>
				<item id="tlang0467"><![CDATA[已忽略指定会员]]></item>
				<item id="tlang0468"><![CDATA[转让成功]]></item>
				<item id="tlang0469"><![CDATA[转让成功，请返回刷新查看]]></item>
				<item id="tlang0470"><![CDATA[管理成员]]></item>
				<item id="tlang0471"><![CDATA[只有管理成员在苦苦坚守着阵地]]></item>
				<item id="tlang0472"><![CDATA[打破尴尬]]></item>
				<item id="tlang0473"><![CDATA[我的圈子]]></item>
				<item id="tlang0474"><![CDATA[您还没有在圈子中发表过话题]]></item>
				<item id="tlang0475"><![CDATA[审核中]]></item>
				<item id="tlang0476"><![CDATA[今日]]></item>
				<item id="tlang0477"><![CDATA[您还没有创建圈子]]></item>
				<item id="tlang0478"><![CDATA[创建一个]]></item>
				<item id="tlang0479"><![CDATA[您还没有加入任何圈子]]></item>
				<item id="tlang0480"><![CDATA[找喜欢的]]></item>
				<item id="tlang0481"><![CDATA[全部圈子]]></item>
				<item id="tlang0482"><![CDATA[搜索感兴趣的圈子]]></item>
				<item id="tlang0483"><![CDATA[请输入圈子名称或关键词...]]></item>
				<item id="tlang0484"><![CDATA[推荐圈子]]></item>
				<item id="tlang0485"><![CDATA[热门圈子]]></item>
				<item id="tlang0486"><![CDATA[不能喜欢自己的主题]]></item>
				<item id="tlang0487"><![CDATA[今日喜欢机会已耗尽]]></item>
				<item id="tlang0488"><![CDATA[次]]></item>
				<item id="tlang0489"><![CDATA[成功加入该圈子]]></item>
				<item id="tlang0490"><![CDATA[成员]]></item>
				<item id="tlang0491"><![CDATA[分类下没有圈子]]></item>
				<item id="tlang0492"><![CDATA[点击加载更多]]></item>
				<item id="tlang0493"><![CDATA[请管理员在后台-全局-站点功能中关闭广播功能]]></item>
				<item id="tlang0494"><![CDATA[去关闭]]></item>
				<item id="tlang0495"><![CDATA[一起发帖回复互动]]></item>
				<item id="tlang0496"><![CDATA[创建自己的兴趣圈]]></item>
				<item id="tlang0497"><![CDATA[用日志记录每一天]]></item>
				<item id="tlang0498"><![CDATA[相册帮你珍藏瞬间]]></item>
				<item id="tlang0499"><![CDATA[找到志同道合的Ta]]></item>
				<item id="tlang0500"><![CDATA[更多功能等你体验]]></item>
				<item id="tlang0501"><![CDATA[邀请者]]></item>
				<item id="tlang0502"><![CDATA[你们已成为好友]]></item>
				<item id="tlang0503"><![CDATA[访问当前内容需要密码验证，请验证后访问]]></item>
				<item id="tlang0504"><![CDATA[选择你喜欢的风格点击切换...]]></item>
				<item id="tlang0505"><![CDATA[夜间模式]]></item>
				<item id="tlang0506"><![CDATA[绅士黑色]]></item>
				<item id="tlang0507"><![CDATA[清新蓝色]]></item>
				<item id="tlang0508"><![CDATA[可爱黄色]]></item>
				<item id="tlang0509"><![CDATA[热情红色]]></item>
				<item id="tlang0510"><![CDATA[动感橙色]]></item>
				<item id="tlang0511"><![CDATA[青春绿色]]></item>
				<item id="tlang0512"><![CDATA[活力青色]]></item>
				<item id="tlang0513"><![CDATA[温馨粉色]]></item>
				<item id="tlang0514"><![CDATA[魅惑紫色]]></item>
				<item id="tlang0515"><![CDATA[圣诞风格]]></item>
				<item id="tlang0516"><![CDATA[您确定要执行本操作吗？]]></item>
				<item id="tlang0517"><![CDATA[请选择要操作的对象]]></item>
				<item id="tlang0518"><![CDATA[设置保存成功]]></item>
				<item id="tlang0519"><![CDATA[设置成功，请刷新查看]]></item>
				<item id="tlang0520"><![CDATA[删除成功，请刷新查看]]></item>
				<item id="tlang0521"><![CDATA[编辑成功，请刷新查看]]></item>
				<item id="tlang0522"><![CDATA[封面设置成功，请刷新查看]]></item>
				<item id="tlang0523"><![CDATA[修改头像]]></item>
				<item id="tlang0524"><![CDATA[资料修改]]></item>
				<item id="tlang0525"><![CDATA[密码安全]]></item>
				<item id="tlang0526"><![CDATA[信息认证]]></item>
				<item id="tlang0527"><![CDATA[隐私设置]]></item>
				<item id="tlang0528"><![CDATA[意见反馈]]></item>
				<item id="tlang0529"><![CDATA[切换账号]]></item>
				<item id="tlang0530"><![CDATA[退出账号]]></item>
				<item id="tlang0531"><![CDATA[发布日志]]></item>
				<item id="tlang0532"><![CDATA[日志标题]]></item>
				<item id="tlang0533"><![CDATA[请输入日志标题...]]></item>
				<item id="tlang0534"><![CDATA[日志内容]]></item>
				<item id="tlang0535"><![CDATA[写点什么吧...]]></item>
				<item id="tlang0536"><![CDATA[日志图片上传到]]></item>
				<item id="tlang0537"><![CDATA[设置密码]]></item>
				<item id="tlang0538"><![CDATA[创建]]></item>
				<item id="tlang0539"><![CDATA[分类名不能为空]]></item>
				<item id="tlang0540"><![CDATA[创建分类]]></item>
				<item id="tlang0541"><![CDATA[日志发布成功]]></item>
				<item id="tlang0542"><![CDATA[今后不再显示此类提醒]]></item>
				<item id="tlang0543"><![CDATA[积分]]></item>
				<item id="tlang0544"><![CDATA[当前总积分]]></item>
				<item id="tlang0545"><![CDATA[积分记录]]></item>
				<item id="tlang0546"><![CDATA[积分转账]]></item>
				<item id="tlang0547"><![CDATA[积分兑换]]></item>
				<item id="tlang0548"><![CDATA[转账金额]]></item>
				<item id="tlang0549"><![CDATA[转账用户]]></item>
				<item id="tlang0550"><![CDATA[请输入接收用户名]]></item>
				<item id="tlang0551"><![CDATA[确认转账]]></item>
				<item id="tlang0552"><![CDATA[确认兑换]]></item>
				<item id="tlang0553"><![CDATA[积分转帐成功]]></item>
				<item id="tlang0554"><![CDATA[转账成功]]></item>
				<item id="tlang0555"><![CDATA[积分操作成功]]></item>
				<item id="tlang0556"><![CDATA[兑换成功]]></item>
				<item id="tlang0557"><![CDATA[您要转账或兑换的积分数量输入有误]]></item>
				<item id="tlang0558"><![CDATA[转账金额有误，请检查]]></item>
				<item id="tlang0559"><![CDATA[您尚未输入转账接收人或者接收人不存在或被冻结]]></item>
				<item id="tlang0560"><![CDATA[未填写接收人或接收人不存在或被冻结]]></item>
				<item id="tlang0561"><![CDATA[删除成功]]></item>
				<item id="tlang0562"><![CDATA[发消息]]></item>
				<item id="tlang0563"><![CDATA[信用评价]]></item>
				<item id="tlang0564"><![CDATA[评价内容]]></item>
				<item id="tlang0565"><![CDATA[评价成功]]></item>
				<item id="tlang0566"><![CDATA[感谢您的评价！本次交易结束]]></item>
				<item id="tlang0567"><![CDATA[您确定要取消吗？]]></item>
				<item id="tlang0568"><![CDATA[好友热度修改成功]]></item>
				<item id="tlang0569"><![CDATA[为好友]]></item>
				<item id="tlang0570"><![CDATA[附言]]></item>
				<item id="tlang0571"><![CDATA[批准]]></item>
				<item id="tlang0572"><![CDATA[好友请求]]></item>
				<item id="tlang0573"><![CDATA[您可以通过微信、QQ、微博把邀请链接发送给您的好友，邀请Ta加入我们！]]></item>
				<item id="tlang0574"><![CDATA[复制]]></item>
				<item id="tlang0575"><![CDATA[批量邀请链接]]></item>
				<item id="tlang0576"><![CDATA[您还没有邀请链接]]></item>
				<item id="tlang0577"><![CDATA[购买]]></item>
				<item id="tlang0578"><![CDATA[抱歉，您目前还没有权限邀请好友]]></item>
				<item id="tlang0579"><![CDATA[复制成功]]></item>
				<item id="tlang0580"><![CDATA[复制失败]]></item>
				<item id="tlang0581"><![CDATA[没有足够的积分]]></item>
				<item id="tlang0582"><![CDATA[您的积分不足，无法购买]]></item>
				<item id="tlang0583"><![CDATA[输入内容...]]></item>
				<item id="tlang0584"><![CDATA[刚刚]]></item>
				<item id="tlang0585"><![CDATA[发送成功]]></item>
				<item id="tlang0586"><![CDATA[受对方的隐私设置影响]]></item>
				<item id="tlang0587"><![CDATA[您目前没有权限发短消息]]></item>
				<item id="tlang0588"><![CDATA[您超出了24小时内]]></item>
				<item id="tlang0589"><![CDATA[您超出了24小时内发信息数量的上限]]></item>
				<item id="tlang0590"><![CDATA[两次发送短消息太快]]></item>
				<item id="tlang0591"><![CDATA[该用户只接收好友发送]]></item>
				<item id="tlang0592"><![CDATA[收件人为空]]></item>
				<item id="tlang0593"><![CDATA[对方开启了隐私设置，发送失败]]></item>
				<item id="tlang0594"><![CDATA[抱歉！您目前没有权限发信息]]></item>
				<item id="tlang0595"><![CDATA[您发送信息的速度太快了，歇一会]]></item>
				<item id="tlang0596"><![CDATA[用户只接收好友的信息，您还不是TA的好友]]></item>
				<item id="tlang0597"><![CDATA[对方屏蔽了您的信息，无法发送]]></item>
				<item id="tlang0598"><![CDATA[收件人]]></item>
				<item id="tlang0599"><![CDATA[接收消息会员名]]></item>
				<item id="tlang0600"><![CDATA[消息内容]]></item>
				<item id="tlang0601"><![CDATA[还可输入]]></item>
				<item id="tlang0602"><![CDATA[个字符]]></item>
				<item id="tlang0603"><![CDATA[不能发送空消息]]></item>
				<item id="tlang0604"><![CDATA[还没有填写消息内容]]></item>
				<item id="tlang0605"><![CDATA[请检查用户名是否正确]]></item>
				<item id="tlang0606"><![CDATA[用户不存在或被冻结]]></item>
				<item id="tlang0607"><![CDATA[收件人为空或对方屏蔽了您的短消息]]></item>
				<item id="tlang0608"><![CDATA[收件人为空或对方屏蔽了您的消息]]></item>
				<item id="tlang0609"><![CDATA[受对方的隐私设置影响，发送失败]]></item>
				<item id="tlang0610"><![CDATA[打招呼]]></item>
				<item id="tlang0611"><![CDATA[收到招呼]]></item>
				<item id="tlang0612"><![CDATA[打个招呼]]></item>
				<item id="tlang0613"><![CDATA[用户名称]]></item>
				<item id="tlang0614"><![CDATA[填写用户名称]]></item>
				<item id="tlang0615"><![CDATA[下次访问时会收到通知]]></item>
				<item id="tlang0616"><![CDATA[发送成功，TA下次访问会收到通知]]></item>
				<item id="tlang0617"><![CDATA[回招呼]]></item>
				<item id="tlang0618"><![CDATA[加好友]]></item>
				<item id="tlang0619"><![CDATA[提醒设置]]></item>
				<item id="tlang0620"><![CDATA[留言]]></item>
				<item id="tlang0621"><![CDATA[说说]]></item>
				<item id="tlang0622"><![CDATA[认证信息]]></item>
				<item id="tlang0623"><![CDATA[举报信息]]></item>
				<item id="tlang0624"><![CDATA[认证审核]]></item>
				<item id="tlang0625"><![CDATA[回收站新回帖]]></item>
				<item id="tlang0626"><![CDATA[回收站新主题]]></item>
				<item id="tlang0627"><![CDATA[还没有屏蔽任何好友或类型的提醒]]></item>
				<item id="tlang0628"><![CDATA[<p>您可以选择哪些会员可以看到您本页列出项目的内容。</p><p>部分项目设置仅在其他会员查看您主页时生效。<p/><p>相关权限需要您在发布内容时单独设置。</p>]]></item>
				<item id="tlang0629"><![CDATA[<p>点击提醒列表中的<span class="bg-e zy-g bk-e"><i class="icon guiigoapp-shanchu"></i></span>图标，就可以屏蔽指定好友或指定类型的提醒了，屏蔽后您将无法接收该类提醒。</p><p>本页面列出的是您已经屏蔽的好友名或指定类型，您可以选择是否取消屏蔽。</p>]]></item>
				<item id="tlang0630"><![CDATA[个人资料保存成功]]></item>
				<item id="tlang0631"><![CDATA[密码安全资料修改成功]]></item>
				<item id="tlang0632"><![CDATA[扫码加入]]></item>
				<item id="tlang0633"><![CDATA[和Ta成为好友]]></item>
				<item id="tlang0634"><![CDATA[网友通过二维码访问，您将获得]]></item>
				<item id="tlang0635"><![CDATA[网友注册成为会员，您将再获得]]></item>
				<item id="tlang0636"><![CDATA[网友注册成为会员，您将获得]]></item>
				<item id="tlang0637"><![CDATA[搜索用户]]></item>
				<item id="tlang0638"><![CDATA[重新搜索]]></item>
				<item id="tlang0639"><![CDATA[最多显示100位用户，您可以]]></item>
				<item id="tlang0640"><![CDATA[换个搜索条件试试]]></item>
				<item id="tlang0641"><![CDATA[用户]]></item>
				<item id="tlang0642"><![CDATA[头像]]></item>
				<item id="tlang0643"><![CDATA[年龄]]></item>
				<item id="tlang0644"><![CDATA[岁]]></item>
				<item id="tlang0645"><![CDATA[上传到]]></item>
				<item id="tlang0646"><![CDATA[现有相册]]></item>
				<item id="tlang0647"><![CDATA[创建新相册]]></item>
				<item id="tlang0648"><![CDATA[请选择]]></item>
				<item id="tlang0649"><![CDATA[相册名称]]></item>
				<item id="tlang0650"><![CDATA[相册密码]]></item>
				<item id="tlang0651"><![CDATA[选择图片后可以再次选择图片]]></item>
				<item id="tlang0652"><![CDATA[图片说明]]></item>
				<item id="tlang0653"><![CDATA[图片上传成功]]></item>
				<item id="tlang0654"><![CDATA[我的等级]]></item>
				<item id="tlang0655"><![CDATA[当前等级]]></item>
				<item id="tlang0656"><![CDATA[等级购买]]></item>
				<item id="tlang0657"><![CDATA[当前用户组已到期，请选择续费或切换用户组]]></item>
				<item id="tlang0658"><![CDATA[天]]></item>
				<item id="tlang0659"><![CDATA[到期]]></item>
				<item id="tlang0660"><![CDATA[可购买]]></item>
				<item id="tlang0661"><![CDATA[升级到]]></item>
				<item id="tlang0662"><![CDATA[还需要]]></item>
				<item id="tlang0663"><![CDATA[您已满级或是管理人员，当前积分]]></item>
				<item id="tlang0664"><![CDATA[您已切换到用户组]]></item>
				<item id="tlang0665"><![CDATA[您已退出用户组]]></item>
				<item id="tlang0666"><![CDATA[您已加入用户组]]></item>
				<item id="tlang0667"><![CDATA[我]]></item>
				<item id="tlang0668"><![CDATA[的相册]]></item>
				<item id="tlang0669"><![CDATA[好友相册]]></item>
				<item id="tlang0670"><![CDATA[没有相册]]></item>
				<item id="tlang0671"><![CDATA[已解除好友关系]]></item>
				<item id="tlang0672"><![CDATA[收藏相册]]></item>
				<item id="tlang0673"><![CDATA[相册举报]]></item>
				<item id="tlang0674"><![CDATA[编辑相册信息]]></item>
				<item id="tlang0675"><![CDATA[编辑图片]]></item>
				<item id="tlang0676"><![CDATA[删除相册]]></item>
				<item id="tlang0677"><![CDATA[的]]></item>
				<item id="tlang0678"><![CDATA[您已收藏该相册]]></item>
				<item id="tlang0679"><![CDATA[的日志]]></item>
				<item id="tlang0680"><![CDATA[好友日志]]></item>
				<item id="tlang0681"><![CDATA[密码]]></item>
				<item id="tlang0682"><![CDATA[没有日志]]></item>
				<item id="tlang0683"><![CDATA[收藏日志]]></item>
				<item id="tlang0684"><![CDATA[日志举报]]></item>
				<item id="tlang0685"><![CDATA[删除]]></item>
				<item id="tlang0686"><![CDATA[更多作者日志]]></item>
				<item id="tlang0687"><![CDATA[个评论]]></item>
				<item id="tlang0688"><![CDATA[还没有评论]]></item>
				<item id="tlang0689"><![CDATA[评论]]></item>
				<item id="tlang0690"><![CDATA[发表成功]]></item>
				<item id="tlang0691"><![CDATA[删除，请返回刷新查看]]></item>
				<item id="tlang0692"><![CDATA[日志置顶设置成功]]></item>
				<item id="tlang0693"><![CDATA[只能置顶自己的日志]]></item>
				<item id="tlang0694"><![CDATA[只能置顶自己且审核通过的日志]]></item>
				<item id="tlang0695"><![CDATA[编辑成功]]></item>
				<item id="tlang0696"><![CDATA[说吧]]></item>
				<item id="tlang0697"><![CDATA[的说说]]></item>
				<item id="tlang0698"><![CDATA[好友说说]]></item>
				<item id="tlang0699"><![CDATA[您]]></item>
				<item id="tlang0700"><![CDATA[还没有发布过说说]]></item>
				<item id="tlang0701"><![CDATA[还没有好友发布说说]]></item>
				<item id="tlang0702"><![CDATA[还没有人发布过说说]]></item>
				<item id="tlang0703"><![CDATA[发布一条]]></item>
				<item id="tlang0704"><![CDATA[写说说]]></item>
				<item id="tlang0705"><![CDATA[说说内容不能少于10个字符]]></item>
				<item id="tlang0706"><![CDATA[登录后才可以发布说说]]></item>
				<item id="tlang0707"><![CDATA[发布成功]]></item>
				<item id="tlang0708"><![CDATA[收藏]]></item>
				<item id="tlang0709"><![CDATA[我的好友]]></item>
				<item id="tlang0710"><![CDATA[在线好友]]></item>
				<item id="tlang0711"><![CDATA[最近来访]]></item>
				<item id="tlang0712"><![CDATA[我的足迹]]></item>
				<item id="tlang0713"><![CDATA[黑名单]]></item>
				<item id="tlang0714"><![CDATA[请输入黑名单用户名称...]]></item>
				<item id="tlang0715"><![CDATA[添加成功]]></item>
				<item id="tlang0716"><![CDATA[您可以通过右侧“好友热度”链接按照热度值浏览，也可以单独对您好友的热度值设置]]></item>
				<item id="tlang0717"><![CDATA[好友热度]]></item>
				<item id="tlang0718"><![CDATA[匿名用户]]></item>
				<item id="tlang0719"><![CDATA[取关TA]]></item>
				<item id="tlang0720"><![CDATA[发信息]]></item>
				<item id="tlang0721"><![CDATA[删好友]]></item>
				<item id="tlang0722"><![CDATA[移除黑名单]]></item>
				<item id="tlang0723"><![CDATA[移除成功]]></item>
				<item id="tlang0724"><![CDATA[编辑好友热度成功]]></item>
				<item id="tlang0725"><![CDATA[TA还没有好友]]></item>
				<item id="tlang0726"><![CDATA[全部勋章]]></item>
				<item id="tlang0727"><![CDATA[已经拥有]]></item>
				<item id="tlang0728"><![CDATA[已经购买]]></item>
				<item id="tlang0729"><![CDATA[已经申请]]></item>
				<item id="tlang0730"><![CDATA[已经领取]]></item>
				<item id="tlang0731"><![CDATA[立即申请]]></item>
				<item id="tlang0732"><![CDATA[立即领取]]></item>
				<item id="tlang0733"><![CDATA[人工授予]]></item>
				<item id="tlang0734"><![CDATA[恭喜您获得]]></item>
				<item id="tlang0735"><![CDATA[勋章]]></item>
				<item id="tlang0736"><![CDATA[您已申请过或领取过此勋章，请不要重复申请或领取]]></item>
				<item id="tlang0737"><![CDATA[您已申请或领取过]]></item>
				<item id="tlang0738"><![CDATA[您尚未达到领取该勋章的条件所需条件]]></item>
				<item id="tlang0739"><![CDATA[未达到条件，不能购买或申请]]></item>
				<item id="tlang0740"><![CDATA[请等待管理员审核]]></item>
				<item id="tlang0741"><![CDATA[勋章申请成功，请等待审核]]></item>
				<item id="tlang0742"><![CDATA[我的帖子]]></item>
				<item id="tlang0743"><![CDATA[坛友互动]]></item>
				<item id="tlang0744"><![CDATA[系统提醒]]></item>
				<item id="tlang0745"><![CDATA[管理工作]]></item>
				<item id="tlang0746"><![CDATA[应用提醒]]></item>
				<item id="tlang0747"><![CDATA[查看已读提醒]]></item>
				<item id="tlang0748"><![CDATA[系统消息]]></item>
				<item id="tlang0749"><![CDATA[聊天记录]]></item>
				<item id="tlang0750"><![CDATA[消息设置]]></item>
				<item id="tlang0751"><![CDATA[条未读消息]]></item>
				<item id="tlang0752"><![CDATA[查看全部消息]]></item>
				<item id="tlang0753"><![CDATA[举报成功]]></item>
				<item id="tlang0754"><![CDATA[消息操作成功]]></item>
				<item id="tlang0755"><![CDATA[彼此还未给对方发过信息]]></item>
				<item id="tlang0756"><![CDATA[消息被外星人掳走了]]></item>
				<item id="tlang0757"><![CDATA[只接收好友消息]]></item>
				<item id="tlang0758"><![CDATA[忽略以下用户消息]]></item>
				<item id="tlang0759"><![CDATA[短消息设置成功]]></item>
				<item id="tlang0760"><![CDATA[还没有人给您发消息呢]]></item>
				<item id="tlang0761"><![CDATA[确定删除这条消息？]]></item>
				<item id="tlang0762"><![CDATA[用户开启了隐私设置，您不能查看当前内容]]></item>
				<item id="tlang0763"><![CDATA[新粉丝]]></item>
				<item id="tlang0764"><![CDATA[我的空间]]></item>
				<item id="tlang0765"><![CDATA[我的二维码]]></item>
				<item id="tlang0766"><![CDATA[个人中心]]></item>
				<item id="tlang0767"><![CDATA[返回首页]]></item>
				<item id="tlang0768"><![CDATA[空间风格]]></item>
				<item id="tlang0769"><![CDATA[的空间]]></item>
				<item id="tlang0770"><![CDATA[用户认证]]></item>
				<item id="tlang0771"><![CDATA[参与圈子]]></item>
				<item id="tlang0772"><![CDATA[管理版块]]></item>
				<item id="tlang0773"><![CDATA[荣誉勋章]]></item>
				<item id="tlang0774"><![CDATA[个人信息]]></item>
				<item id="tlang0775"><![CDATA[显示更多]]></item>
				<item id="tlang0776"><![CDATA[已认证]]></item>
				<item id="tlang0777"><![CDATA[未认证]]></item>
				<item id="tlang0778"><![CDATA[签到领好礼]]></item>
				<item id="tlang0779"><![CDATA[购买特殊用户组 享受高端体验]]></item>
				<item id="tlang0780"><![CDATA[我的收藏]]></item>
				<item id="tlang0781"><![CDATA[管理已经收藏的内容]]></item>
				<item id="tlang0782"><![CDATA[我的主题]]></item>
				<item id="tlang0783"><![CDATA[快速找到已发布主题]]></item>
				<item id="tlang0784"><![CDATA[我的积分]]></item>
				<item id="tlang0785"><![CDATA[明细 转账 兑换 充值]]></item>
				<item id="tlang0786"><![CDATA[你的好朋友都在这里]]></item>
				<item id="tlang0787"><![CDATA[风格设置]]></item>
				<item id="tlang0788"><![CDATA[最新访客]]></item>
				<item id="tlang0789"><![CDATA[人气]]></item>
				<item id="tlang0790"><![CDATA[日志]]></item>
				<item id="tlang0791"><![CDATA[相册]]></item>
				<item id="tlang0792"><![CDATA[男]]></item>
				<item id="tlang0793"><![CDATA[女]]></item>
				<item id="tlang0794"><![CDATA[还在想一句你看到就感觉能炸裂地表的个性签名]]></item>
				<item id="tlang0795"><![CDATA[您目前没有权限添加好友]]></item>
				<item id="tlang0796"><![CDATA[主页]]></item>
				<item id="tlang0797"><![CDATA[任务中心]]></item>
				<item id="tlang0798"><![CDATA[进行中]]></item>
				<item id="tlang0799"><![CDATA[已完成]]></item>
				<item id="tlang0800"><![CDATA[已失败]]></item>
				<item id="tlang0801"><![CDATA[任务申请成功]]></item>
				<item id="tlang0802"><![CDATA[您已放弃该任务]]></item>
				<item id="tlang0803"><![CDATA[已经放弃该任务，您还可以重新申请]]></item>
				<item id="tlang0804"><![CDATA[，请尽快申请并完成任务！]]></item>
				<item id="tlang0805"><![CDATA[任务奖励]]></item>
				<item id="tlang0806"><![CDATA[任务说明]]></item>
				<item id="tlang0807"><![CDATA[放弃任务]]></item>
				<item id="tlang0808"><![CDATA[当前任务因限定参与人数满额，您无法申请]]></item>
				<item id="tlang0809"><![CDATA[发布主题]]></item>
				<item id="tlang0810"><![CDATA[参与回复]]></item>
				<item id="tlang0811"><![CDATA[参与点评]]></item>
				<item id="tlang0812"><![CDATA[没有留言]]></item>
				<item id="tlang0813"><![CDATA[留言成功]]></item>
				<item id="tlang0814"><![CDATA[您目前没有权限]]></item>
				<item id="tlang0815"><![CDATA[您目前没有权限留言]]></item>
				<item id="tlang0816"><![CDATA[抱歉，您没有权限删除此评论]]></item>
				<item id="tlang0817"><![CDATA[没有权限]]></item>
				<item id="tlang0818"><![CDATA[邮箱]]></item>
				<item id="tlang0819"><![CDATA[请输入邮箱地址]]></item>
				<item id="tlang0820"><![CDATA[账号]]></item>
				<item id="tlang0821"><![CDATA[请输入用户名]]></item>
				<item id="tlang0822"><![CDATA[返回登录]]></item>
				<item id="tlang0823"><![CDATA[注册新账号]]></item>
				<item id="tlang0824"><![CDATA[输入用户名/手机号/邮箱]]></item>
				<item id="tlang0825"><![CDATA[问题]]></item>
				<item id="tlang0826"><![CDATA[答案]]></item>
				<item id="tlang0827"><![CDATA[请输入问题答案]]></item>
				<item id="tlang0828"><![CDATA[验证]]></item>
				<item id="tlang0829"><![CDATA[忘记密码？]]></item>
				<item id="tlang0830"><![CDATA[其他登录方式]]></item>
				<item id="tlang0831"><![CDATA[登录后才可以查看用户主题]]></item>
				<item id="tlang0832"><![CDATA[现在登录]]></item>
				<item id="tlang0833"><![CDATA[网站服务条款]]></item>
				<item id="tlang0834"><![CDATA[请输入邀请码]]></item>
				<item id="tlang0835"><![CDATA[请再次输入密码]]></item>
				<item id="tlang0836"><![CDATA[请填写注册原因]]></item>
				<item id="tlang0837"><![CDATA[重新注册新账号]]></item>
				<item id="tlang0838"><![CDATA[还没有相关资讯]]></item>
				<item id="tlang0839"><![CDATA[文章发布成功]]></item>
				<item id="tlang0840"><![CDATA[标题样式]]></item>
				<item id="tlang0841"><![CDATA[文章内容]]></item>
				<item id="tlang0842"><![CDATA[请输入文章内容]]></item>
				<item id="tlang0843"><![CDATA[请先选择对应目录在上传图片]]></item>
				<item id="tlang0844"><![CDATA[封面]]></item>
				<item id="tlang0845"><![CDATA[当前网络异常]]></item>
				<item id="tlang0846"><![CDATA[相关文章]]></item>
				<item id="tlang0847"><![CDATA[手动添加]]></item>
				<item id="tlang0848"><![CDATA[请输入文章ID]]></item>
				<item id="tlang0849"><![CDATA[添加]]></item>
				<item id="tlang0850"><![CDATA[筛选文章]]></item>
				<item id="tlang0851"><![CDATA[搜索]]></item>
				<item id="tlang0852"><![CDATA[条]]></item>
				<item id="tlang0853"><![CDATA[当前文章不允许评论]]></item>
				<item id="tlang0854"><![CDATA[您还没有登录，不能评论]]></item>
				<item id="tlang0855"><![CDATA[作者资料]]></item>
				<item id="tlang0856"><![CDATA[删除成功，请返回刷新查看]]></item>
				<item id="tlang0857"><![CDATA[24小时发帖]]></item>
				<item id="tlang0858"><![CDATA[还没有版块上榜]]></item>
				<item id="tlang0859"><![CDATA[圈子排行]]></item>
				<item id="tlang0860"><![CDATA[积分榜]]></item>
				<item id="tlang0861"><![CDATA[成员榜]]></item>
				<item id="tlang0862"><![CDATA[话题榜]]></item>
				<item id="tlang0863"><![CDATA[回复榜]]></item>
				<item id="tlang0864"><![CDATA[24h发布]]></item>
				<item id="tlang0865"><![CDATA[还没有圈子上榜]]></item>
				<item id="tlang0866"><![CDATA[发帖榜]]></item>
				<item id="tlang0867"><![CDATA[积分榜]]></item>
				<item id="tlang0868"><![CDATA[活跃榜]]></item>
				<item id="tlang0869"><![CDATA[美女榜]]></item>
				<item id="tlang0870"><![CDATA[帅哥榜]]></item>
				<item id="tlang0871"><![CDATA[第1名]]></item>
				<item id="tlang0872"><![CDATA[第2名]]></item>
				<item id="tlang0873"><![CDATA[第3名]]></item>
				<item id="tlang0874"><![CDATA[在线]]></item>
				<item id="tlang0875"><![CDATA[还没有人上榜]]></item>
				<item id="tlang0876"><![CDATA[查看榜]]></item>
				<item id="tlang0877"><![CDATA[收藏榜]]></item>
				<item id="tlang0878"><![CDATA[热度榜]]></item>
				<item id="tlang0879"><![CDATA[热度]]></item>
				<item id="tlang0880"><![CDATA[还没有帖子上榜]]></item>
				<item id="tlang0881"><![CDATA[大家都在搜]]></item>
				<item id="tlang0882"><![CDATA[换个关键词再试试吧]]></item>
				<item id="tlang0883"><![CDATA[请输入搜索内容...]]></item>
				<item id="tlang0884"><![CDATA[TAG标签]]></item>
				<item id="tlang0885"><![CDATA[搜索你想要的标签]]></item>
				<item id="tlang0886"><![CDATA[请输入你要搜索的标签...]]></item>
				<item id="tlang0887"><![CDATA[你可能感兴趣的标签]]></item>
				<item id="tlang0888"><![CDATA[没有推荐标签，尝试搜索一下吧]]></item>
				<item id="tlang0889"><![CDATA[相关主题]]></item>
				<item id="tlang0890"><![CDATA[相关日志]]></item>
				<item id="tlang0891"><![CDATA[没有此标签，您可以继续搜索或者]]></item>
				<item id="tlang0892"><![CDATA[返回标签首页]]></item>
				<item id="tlang0893"><![CDATA[五险一金]]></item>
				<item id="tlang0894"><![CDATA[带薪年假]]></item>
				<item id="tlang0895"><![CDATA[年终奖]]></item>
				<item id="tlang0896"><![CDATA[工作餐]]></item>
				<item id="tlang0897"><![CDATA[包吃包住]]></item>
				<item id="tlang0898"><![CDATA[餐补]]></item>
				<item id="tlang0899"><![CDATA[房补]]></item>
				<item id="tlang0900"><![CDATA[年度旅游]]></item>
				<item id="tlang0901"><![CDATA[通讯补贴]]></item>
				<item id="tlang0902"><![CDATA[年底双薪]]></item>
				<item id="tlang0903"><![CDATA[年终分红]]></item>
				<item id="tlang0904"><![CDATA[加班补助]]></item>
				<item id="tlang0905"><![CDATA[全勤奖]]></item>
				<item id="tlang0906"><![CDATA[股票期权]]></item>
				<item id="tlang0907"><![CDATA[弹性工作]]></item>
				<item id="tlang0908"><![CDATA[医疗保险]]></item>
				<item id="tlang0909"><![CDATA[定期体检]]></item>
				<item id="tlang0910"><![CDATA[免费班车]]></item>
				<item id="tlang0911"><![CDATA[执行力强]]></item>
				<item id="tlang0912"><![CDATA[有亲和力]]></item>
				<item id="tlang0913"><![CDATA[诚信正直]]></item>
				<item id="tlang0914"><![CDATA[责任心强]]></item>
				<item id="tlang0915"><![CDATA[阳光开朗]]></item>
				<item id="tlang0916"><![CDATA[学习力强]]></item>
				<item id="tlang0917"><![CDATA[沟通力强]]></item>
				<item id="tlang0918"><![CDATA[适应出差]]></item>
				<item id="tlang0919"><![CDATA[善于创新]]></item>
				<item id="tlang0920"><![CDATA[吃苦耐劳]]></item>
				<item id="tlang0921"><![CDATA[创业经历]]></item>
				<item id="tlang0922"><![CDATA[人脉广泛]]></item>
				<item id="tlang0923"><![CDATA[床]]></item>
				<item id="tlang0924"><![CDATA[沙发]]></item>
				<item id="tlang0925"><![CDATA[桌椅]]></item>
				<item id="tlang0926"><![CDATA[衣柜]]></item>
				<item id="tlang0927"><![CDATA[电视]]></item>
				<item id="tlang0928"><![CDATA[冰箱]]></item>
				<item id="tlang0929"><![CDATA[洗衣机]]></item>
				<item id="tlang0930"><![CDATA[自动空调]]></item>
				<item id="tlang0931"><![CDATA[后排空调]]></item>
				<item id="tlang0932"><![CDATA[空调]]></item>
				<item id="tlang0933"><![CDATA[热水器]]></item>
				<item id="tlang0934"><![CDATA[燃气灶]]></item>
				<item id="tlang0935"><![CDATA[微波炉]]></item>
				<item id="tlang0936"><![CDATA[油烟机]]></item>
				<item id="tlang0937"><![CDATA[宽带]]></item>
				<item id="tlang0938"><![CDATA[无任何配置]]></item>
				<item id="tlang0939"><![CDATA[天窗]]></item>
				<item id="tlang0940"><![CDATA[倒车影像]]></item>
				<item id="tlang0941"><![CDATA[涡轮增压]]></item>
				<item id="tlang0942"><![CDATA[无钥匙启动]]></item>
				<item id="tlang0943"><![CDATA[自动驻车]]></item>
				<item id="tlang0944"><![CDATA[换挡拨片]]></item>
				<item id="tlang0945"><![CDATA[自动泊车]]></item>
				<item id="tlang0946"><![CDATA[GPS导航]]></item>
				<item id="tlang0947"><![CDATA[定速巡航]]></item>
				<item id="tlang0948"><![CDATA[胎压监测]]></item>
				<item id="tlang0949"><![CDATA[主动刹车]]></item>
				<item id="tlang0950"><![CDATA[上坡辅助]]></item>
				<item id="tlang0951"><![CDATA[日间行车灯]]></item>
				<item id="tlang0952"><![CDATA[发动机启停]]></item>
				<item id="tlang0953"><![CDATA[牵引力制动]]></item>
				<item id="tlang0954"><![CDATA[无亮点]]></item>
				<item id="tlang0955"><![CDATA[信息已过期]]></item>
				<item id="tlang0956"><![CDATA[仰望星空]]></item>
				<item id="tlang0957"><![CDATA[红衣女郎]]></item>
				<item id="tlang0958"><![CDATA[在路上]]></item>
				<item id="tlang0959"><![CDATA[夏日时光]]></item>
				<item id="tlang0960"><![CDATA[马达发动]]></item>
				<item id="tlang0961"><![CDATA[浪漫之夜]]></item>
				<item id="tlang0962"><![CDATA[恐怖凝视]]></item>
				<item id="tlang0963"><![CDATA[童年回忆]]></item>
				<item id="tlang0964"><![CDATA[云雾之巅]]></item>
				<item id="tlang0965"><![CDATA[黑色沉思]]></item>
				<item id="tlang0966"><![CDATA[万里长城]]></item>
				<item id="tlang0967"><![CDATA[沐浴阳光]]></item>
				<item id="tlang0968"><![CDATA[名族少女]]></item>
				<item id="tlang0969"><![CDATA[风靡云涌]]></item>
				<item id="tlang0970"><![CDATA[孤灯人]]></item>
				<item id="tlang0971"><![CDATA[竹林云雾]]></item>
				<item id="tlang0972"><![CDATA[您还没有关注任何人]]></item>
				<item id="tlang0973"><![CDATA[长按识别二维码]]></item>
				<item id="tlang0974"><![CDATA[来自]]></item>
				<item id="tlang0975"><![CDATA[长按上图保存海报，分享好友或朋友圈]]></item>
				<item id="tlang0976"><![CDATA[跳过]]></item>
				<item id="tlang0977"><![CDATA[这个圈子真心不错，来看看！]]></item>
				<item id="tlang0978"><![CDATA[这个网站不错，推荐给你]]></item>
				<item id="tlang0979"><![CDATA[推荐给你一个相册，来看看！]]></item>
				<item id="tlang0980"><![CDATA[TA也是我的朋友，推荐给你]]></item>
				<item id="tlang0981"><![CDATA[功能]]></item>
				<item id="tlang0982"><![CDATA[发布文章]]></item>
				<item id="tlang0983"><![CDATA[搜索文章]]></item>
				<item id="tlang0984"><![CDATA[文章管理]]></item>
				<item id="tlang0985"><![CDATA[搜索日志]]></item>
				<item id="tlang0986"><![CDATA[搜索相册]]></item>
				<item id="tlang0987"><![CDATA[日志管理]]></item>
				<item id="tlang0988"><![CDATA[相册管理]]></item>
				<item id="tlang0989"><![CDATA[返回]]></item>
				<item id="tlang0990"><![CDATA[退出后请关闭重新打开小程序]]></item>
			</item>
		</item>
		<item id="uninstallfile"><![CDATA[uninstall.php]]></item>
	</item>
</root>