<?xml version="1.0" encoding="ISO-8859-1"?>
<root>
	<item id="spacecss"><![CDATA[]]></item>
	<item id="layoutdata">
		<item id="diy1">
			<item id="frame`framezH88Fv">
				<item id="attr">
					<item id="name"><![CDATA[framezH88Fv]]></item>
					<item id="moveable"><![CDATA[true]]></item>
					<item id="className"><![CDATA[frame move-span cl frame-1]]></item>
					<item id="titles"><![CDATA[]]></item>
				</item>
				<item id="column`framezH88Fv_left">
					<item id="attr">
						<item id="name"><![CDATA[framezH88Fv_left]]></item>
						<item id="className"><![CDATA[column frame-1-c]]></item>
					</item>
					<item id="block`portal_block_7488">
						<item id="attr">
							<item id="name"><![CDATA[portal_block_7488]]></item>
							<item id="className"><![CDATA[block move-span]]></item>
							<item id="titles"><![CDATA[]]></item>
						</item>
					</item>
				</item>
			</item>
		</item>
	</item>
	<item id="blockdata">
		<item id="block">
			<item id="7488">
				<item id="bid"><![CDATA[7488]]></item>
				<item id="blockclass"><![CDATA[html_html]]></item>
				<item id="blocktype"><![CDATA[0]]></item>
				<item id="name"><![CDATA[岗位招聘]]></item>
				<item id="title"><![CDATA[]]></item>
				<item id="classname"><![CDATA[]]></item>
				<item id="summary"><![CDATA[<div class="focusbanner" style="height:200px;background-image: url(template/elec_201706_geek/style/about/9f61408e3afb633-1.jpg)"></div>

<section class="container">
	<div class="breadcrumbs"><a href="portal.php">首页</a>  &#187;  <span class="current">岗位招聘</span></div>    <div class="pagecontainer">
    	<div class="pagemenus">
			<ul><li id="menu-item-12" class="menu-item menu-item-type-post_type menu-item-object-page menu-item-has-children menu-item-12"><a href="about" aria-current="page">关于我们</a>
</li>
<li id="menu-item-35" class="menu-item menu-item-type-post_type menu-item-object-page current-menu-item page_item page-item-24 current_page_item menu-item-35"><a href="jobs">岗位招聘</a></li>
<li id="menu-item-252" class="menu-item menu-item-type-post_type menu-item-object-page menu-item-252"><a href="wenhua">企业文化</a></li>
<li id="menu-item-34" class="menu-item menu-item-type-post_type menu-item-object-page menu-item-34"><a href="rongyu">企业荣誉</a></li>
</ul>
		</div>
	    <div class="pagecontent">

			
	    		<header class="pagecontent-header">
	    			<h1>岗位招聘</h1>
	    		</header>

	    		<article class="article-content">
	    			<p>PS. 团队需要大力进军前端开发业务，现今主要招聘如下，有意者请邮件：0123456789@qq.com</p>
<h2>资深前端开发工程师（北京 28K）</h2>
<p><strong>岗位职责：</strong></p>
<ul>
<li>独立负责承担一个子业务的前端设计与开发工作</li>
<li>建设与维护团队前端工程化及服务化体系</li>
</ul>
<p><strong>任职要求：</strong></p>
<ul>
<li>精通各种前端技术，对技术底层、原生JS、浏览器机制有深刻理解</li>
<li>有基于Node的全栈开发经验，对NodeJsAPI、源码、生产环境部署、性能监控、错误捕获等有深刻理解</li>
<li>有移动端web开发经验，对设备适配、webview原理、性能调优等有深刻理解，精通移动端页面调试</li>
<li>有富媒体开发经验，善于进行动画、canvas等的性能调优，对音频、视频有深刻理解，对数据可视化有一定经验</li>
<li>有 android、ios 开发经验者优先</li>
<li>具有产品思维，独立思考，善于站在用户角度，用技术力量帮助用户实现价值要求学习能力强、文档能力强，善于抽象，善于总结，乐于分享</li>
</ul>
<p>&nbsp;</p>
<h2>前端H5工程师（北京 15K+）</h2>
<p><strong>职位描述：</strong></p>
<ul>
<li>利用HTML5相关技术开发移动平台的web前端页面。</li>
<li>熟悉WebGL技术，熟练掌握CSS,JavaScript。</li>
<li>基于HTML5编写可复用的用户界面组件。</li>
<li>持续的优化前端体验和页面响应速度，并保证兼容性和执行效率。</li>
<li>配合后台工程师一起研讨技术实现方案，进行应用及系统整合</li>
</ul>
<p><strong>任职要求：</strong></p>
<ul>
<li>计算机、通信、电子等相关专业本科以上学历；</li>
<li>两年以上JavaScript开发工作经验；</li>
<li>熟练掌握前端开发技术(HTML5、JS、Ajax、Json、XHTML、CSS)，了解各项技术的相关标准，并严格按照标准进行开发；</li>
<li>了解最新流行开发的Jquery,Prototype,JQuery,Extjs, mootools等JavaScript开发架构和框架，并做过相关的项；</li>
<li>能熟练高效手工编写HTML及CSS代码，确保代码对各种浏览器的良好兼容性；</li>
<li>对任意一门非Web前端脚本的语言（如Java、PHP、C、Python ）有一定的了解程度；</li>
<li>对HTML5技术领域、新兴Web标准和Web发展趋势有良好洞察力和极高的关注度，有强烈的求知欲；</li>
<li>具有android、iphone、ipad等智能手机和平板开发经验优先考虑</li>
<li>良好的编程习惯和团队协作精神，工作积极上；</li>
</ul>
	    		</article>
	    </div>
    </div>
</section>]]></item>
				<item id="uid"><![CDATA[1]]></item>
				<item id="username"><![CDATA[admin]]></item>
				<item id="styleid"><![CDATA[0]]></item>
				<item id="blockstyle"><![CDATA[]]></item>
				<item id="picwidth"><![CDATA[0]]></item>
				<item id="picheight"><![CDATA[0]]></item>
				<item id="target"><![CDATA[blank]]></item>
				<item id="dateformat"><![CDATA[Y-m-d]]></item>
				<item id="dateuformat"><![CDATA[0]]></item>
				<item id="script"><![CDATA[blank]]></item>
				<item id="param">
					<item id="content"><![CDATA[<div class=\"focusbanner\" style=\"height:200px;background-image: url(template/elec_201706_geek/style/about/9f61408e3afb633-1.jpg)\"></div>

<section class=\"container\">
	<div class=\"breadcrumbs\"><a href=\"portal.php\">首页</a>  &#187;  <span class=\"current\">岗位招聘</span></div>    <div class=\"pagecontainer\">
    	<div class=\"pagemenus\">
			<ul><li id=\"menu-item-12\" class=\"menu-item menu-item-type-post_type menu-item-object-page menu-item-has-children menu-item-12\"><a href=\"about\" aria-current=\"page\">关于我们</a>
</li>
<li id=\"menu-item-35\" class=\"menu-item menu-item-type-post_type menu-item-object-page current-menu-item page_item page-item-24 current_page_item menu-item-35\"><a href=\"jobs\">岗位招聘</a></li>
<li id=\"menu-item-252\" class=\"menu-item menu-item-type-post_type menu-item-object-page menu-item-252\"><a href=\"wenhua\">企业文化</a></li>
<li id=\"menu-item-34\" class=\"menu-item menu-item-type-post_type menu-item-object-page menu-item-34\"><a href=\"rongyu\">企业荣誉</a></li>
</ul>
		</div>
	    <div class=\"pagecontent\">

			
	    		<header class=\"pagecontent-header\">
	    			<h1>岗位招聘</h1>
	    		</header>

	    		<article class=\"article-content\">
	    			<p>PS. 团队需要大力进军前端开发业务，现今主要招聘如下，有意者请邮件：0123456789@qq.com</p>
<h2>资深前端开发工程师（北京 28K）</h2>
<p><strong>岗位职责：</strong></p>
<ul>
<li>独立负责承担一个子业务的前端设计与开发工作</li>
<li>建设与维护团队前端工程化及服务化体系</li>
</ul>
<p><strong>任职要求：</strong></p>
<ul>
<li>精通各种前端技术，对技术底层、原生JS、浏览器机制有深刻理解</li>
<li>有基于Node的全栈开发经验，对NodeJsAPI、源码、生产环境部署、性能监控、错误捕获等有深刻理解</li>
<li>有移动端web开发经验，对设备适配、webview原理、性能调优等有深刻理解，精通移动端页面调试</li>
<li>有富媒体开发经验，善于进行动画、canvas等的性能调优，对音频、视频有深刻理解，对数据可视化有一定经验</li>
<li>有 android、ios 开发经验者优先</li>
<li>具有产品思维，独立思考，善于站在用户角度，用技术力量帮助用户实现价值要求学习能力强、文档能力强，善于抽象，善于总结，乐于分享</li>
</ul>
<p>&nbsp;</p>
<h2>前端H5工程师（北京 15K+）</h2>
<p><strong>职位描述：</strong></p>
<ul>
<li>利用HTML5相关技术开发移动平台的web前端页面。</li>
<li>熟悉WebGL技术，熟练掌握CSS,JavaScript。</li>
<li>基于HTML5编写可复用的用户界面组件。</li>
<li>持续的优化前端体验和页面响应速度，并保证兼容性和执行效率。</li>
<li>配合后台工程师一起研讨技术实现方案，进行应用及系统整合</li>
</ul>
<p><strong>任职要求：</strong></p>
<ul>
<li>计算机、通信、电子等相关专业本科以上学历；</li>
<li>两年以上JavaScript开发工作经验；</li>
<li>熟练掌握前端开发技术(HTML5、JS、Ajax、Json、XHTML、CSS)，了解各项技术的相关标准，并严格按照标准进行开发；</li>
<li>了解最新流行开发的Jquery,Prototype,JQuery,Extjs, mootools等JavaScript开发架构和框架，并做过相关的项；</li>
<li>能熟练高效手工编写HTML及CSS代码，确保代码对各种浏览器的良好兼容性；</li>
<li>对任意一门非Web前端脚本的语言（如Java、PHP、C、Python ）有一定的了解程度；</li>
<li>对HTML5技术领域、新兴Web标准和Web发展趋势有良好洞察力和极高的关注度，有强烈的求知欲；</li>
<li>具有android、iphone、ipad等智能手机和平板开发经验优先考虑</li>
<li>良好的编程习惯和团队协作精神，工作积极上；</li>
</ul>
	    		</article>
	    </div>
    </div>
</section>]]></item>
					<item id="items"><![CDATA[10]]></item>
				</item>
				<item id="shownum"><![CDATA[10]]></item>
				<item id="cachetime"><![CDATA[0]]></item>
				<item id="cachetimerange"><![CDATA[0,0]]></item>
				<item id="punctualupdate"><![CDATA[0]]></item>
				<item id="hidedisplay"><![CDATA[0]]></item>
				<item id="dateline"><![CDATA[1577351957]]></item>
				<item id="notinherited"><![CDATA[0]]></item>
				<item id="isblank"><![CDATA[0]]></item>
			</item>
		</item>
		<item id="style">
		</item>
	</item>
</root>
