<?xml version="1.0" encoding="ISO-8859-1"?>
<root>
	<item id="spacecss"><![CDATA[]]></item>
	<item id="layoutdata">
		<item id="diy_con1">
			<item id="frame`framek91rpU">
				<item id="attr">
					<item id="name"><![CDATA[framek91rpU]]></item>
					<item id="moveable"><![CDATA[true]]></item>
					<item id="className"><![CDATA[frame move-span cl frame-1]]></item>
					<item id="titles"><![CDATA[]]></item>
				</item>
				<item id="column`framek91rpU_left">
					<item id="attr">
						<item id="name"><![CDATA[framek91rpU_left]]></item>
						<item id="className"><![CDATA[column frame-1-c]]></item>
					</item>
					<item id="block`portal_block_6793">
						<item id="attr">
							<item id="name"><![CDATA[portal_block_6793]]></item>
							<item id="className"><![CDATA[block move-span]]></item>
							<item id="titles"><![CDATA[]]></item>
						</item>
					</item>
				</item>
			</item>
		</item>
		<item id="diy_con2">
			<item id="frame`frameS9Vgr8">
				<item id="attr">
					<item id="name"><![CDATA[frameS9Vgr8]]></item>
					<item id="moveable"><![CDATA[true]]></item>
					<item id="className"><![CDATA[frame move-span cl frame-1]]></item>
					<item id="titles"><![CDATA[]]></item>
				</item>
				<item id="column`frameS9Vgr8_left">
					<item id="attr">
						<item id="name"><![CDATA[frameS9Vgr8_left]]></item>
						<item id="className"><![CDATA[column frame-1-c]]></item>
					</item>
					<item id="block`portal_block_6795">
						<item id="attr">
							<item id="name"><![CDATA[portal_block_6795]]></item>
							<item id="className"><![CDATA[block move-span]]></item>
							<item id="titles"><![CDATA[]]></item>
						</item>
					</item>
				</item>
			</item>
		</item>
		<item id="diy_con3">
			<item id="frame`frame1oIh1K">
				<item id="attr">
					<item id="name"><![CDATA[frame1oIh1K]]></item>
					<item id="moveable"><![CDATA[true]]></item>
					<item id="className"><![CDATA[frame move-span cl frame-1]]></item>
					<item id="titles"><![CDATA[]]></item>
				</item>
				<item id="column`frame1oIh1K_left">
					<item id="attr">
						<item id="name"><![CDATA[frame1oIh1K_left]]></item>
						<item id="className"><![CDATA[column frame-1-c]]></item>
					</item>
					<item id="block`portal_block_6794">
						<item id="attr">
							<item id="name"><![CDATA[portal_block_6794]]></item>
							<item id="className"><![CDATA[block move-span]]></item>
							<item id="titles"><![CDATA[]]></item>
						</item>
					</item>
				</item>
			</item>
		</item>
		<item id="diy_con4">
			<item id="frame`framevs5i1y">
				<item id="attr">
					<item id="name"><![CDATA[framevs5i1y]]></item>
					<item id="moveable"><![CDATA[true]]></item>
					<item id="className"><![CDATA[frame move-span cl frame-1]]></item>
					<item id="titles"><![CDATA[]]></item>
				</item>
				<item id="column`framevs5i1y_left">
					<item id="attr">
						<item id="name"><![CDATA[framevs5i1y_left]]></item>
						<item id="className"><![CDATA[column frame-1-c]]></item>
					</item>
					<item id="block`portal_block_6796">
						<item id="attr">
							<item id="name"><![CDATA[portal_block_6796]]></item>
							<item id="className"><![CDATA[block move-span]]></item>
							<item id="titles"><![CDATA[]]></item>
						</item>
					</item>
				</item>
			</item>
		</item>
		<item id="diy_con5">
			<item id="frame`frameNzLIH7">
				<item id="attr">
					<item id="name"><![CDATA[frameNzLIH7]]></item>
					<item id="moveable"><![CDATA[true]]></item>
					<item id="className"><![CDATA[frame move-span cl frame-1]]></item>
					<item id="titles"><![CDATA[]]></item>
				</item>
				<item id="column`frameNzLIH7_left">
					<item id="attr">
						<item id="name"><![CDATA[frameNzLIH7_left]]></item>
						<item id="className"><![CDATA[column frame-1-c]]></item>
					</item>
					<item id="block`portal_block_6797">
						<item id="attr">
							<item id="name"><![CDATA[portal_block_6797]]></item>
							<item id="className"><![CDATA[block move-span]]></item>
							<item id="titles"><![CDATA[]]></item>
						</item>
					</item>
				</item>
			</item>
		</item>
		<item id="diy_con6">
			<item id="frame`frame9CSf4B">
				<item id="attr">
					<item id="name"><![CDATA[frame9CSf4B]]></item>
					<item id="moveable"><![CDATA[true]]></item>
					<item id="className"><![CDATA[frame move-span cl frame-1]]></item>
					<item id="titles"><![CDATA[]]></item>
				</item>
				<item id="column`frame9CSf4B_left">
					<item id="attr">
						<item id="name"><![CDATA[frame9CSf4B_left]]></item>
						<item id="className"><![CDATA[column frame-1-c]]></item>
					</item>
					<item id="block`portal_block_6798">
						<item id="attr">
							<item id="name"><![CDATA[portal_block_6798]]></item>
							<item id="className"><![CDATA[block move-span]]></item>
							<item id="titles"><![CDATA[]]></item>
						</item>
					</item>
				</item>
			</item>
		</item>
		<item id="diy_con7">
			<item id="frame`frameHB74SS">
				<item id="attr">
					<item id="name"><![CDATA[frameHB74SS]]></item>
					<item id="moveable"><![CDATA[true]]></item>
					<item id="className"><![CDATA[frame move-span cl frame-1]]></item>
					<item id="titles"><![CDATA[]]></item>
				</item>
				<item id="column`frameHB74SS_left">
					<item id="attr">
						<item id="name"><![CDATA[frameHB74SS_left]]></item>
						<item id="className"><![CDATA[column frame-1-c]]></item>
					</item>
					<item id="block`portal_block_6799">
						<item id="attr">
							<item id="name"><![CDATA[portal_block_6799]]></item>
							<item id="className"><![CDATA[block move-span]]></item>
							<item id="titles"><![CDATA[]]></item>
						</item>
					</item>
				</item>
			</item>
		</item>
		<item id="diy_con8">
			<item id="frame`frame8Y3sRq">
				<item id="attr">
					<item id="name"><![CDATA[frame8Y3sRq]]></item>
					<item id="moveable"><![CDATA[true]]></item>
					<item id="className"><![CDATA[frame move-span cl frame-1]]></item>
					<item id="titles"><![CDATA[]]></item>
				</item>
				<item id="column`frame8Y3sRq_left">
					<item id="attr">
						<item id="name"><![CDATA[frame8Y3sRq_left]]></item>
						<item id="className"><![CDATA[column frame-1-c]]></item>
					</item>
					<item id="block`portal_block_6800">
						<item id="attr">
							<item id="name"><![CDATA[portal_block_6800]]></item>
							<item id="className"><![CDATA[block move-span]]></item>
							<item id="titles"><![CDATA[]]></item>
						</item>
					</item>
				</item>
			</item>
		</item>
		<item id="diy_con9">
			<item id="frame`frameM4Q25N">
				<item id="attr">
					<item id="name"><![CDATA[frameM4Q25N]]></item>
					<item id="moveable"><![CDATA[true]]></item>
					<item id="className"><![CDATA[frame move-span cl frame-1]]></item>
					<item id="titles"><![CDATA[]]></item>
				</item>
				<item id="column`frameM4Q25N_left">
					<item id="attr">
						<item id="name"><![CDATA[frameM4Q25N_left]]></item>
						<item id="className"><![CDATA[column frame-1-c]]></item>
					</item>
					<item id="block`portal_block_6801">
						<item id="attr">
							<item id="name"><![CDATA[portal_block_6801]]></item>
							<item id="className"><![CDATA[block move-span]]></item>
							<item id="titles"><![CDATA[]]></item>
						</item>
					</item>
				</item>
			</item>
		</item>
		<item id="diy_con10">
			<item id="frame`framen1464J">
				<item id="attr">
					<item id="name"><![CDATA[framen1464J]]></item>
					<item id="moveable"><![CDATA[true]]></item>
					<item id="className"><![CDATA[frame move-span cl frame-1]]></item>
					<item id="titles"><![CDATA[]]></item>
				</item>
				<item id="column`framen1464J_left">
					<item id="attr">
						<item id="name"><![CDATA[framen1464J_left]]></item>
						<item id="className"><![CDATA[column frame-1-c]]></item>
					</item>
					<item id="block`portal_block_6802">
						<item id="attr">
							<item id="name"><![CDATA[portal_block_6802]]></item>
							<item id="className"><![CDATA[block move-span]]></item>
							<item id="titles"><![CDATA[]]></item>
						</item>
					</item>
				</item>
			</item>
		</item>
		<item id="diy_con11">
			<item id="frame`frameXM3jte">
				<item id="attr">
					<item id="name"><![CDATA[frameXM3jte]]></item>
					<item id="moveable"><![CDATA[true]]></item>
					<item id="className"><![CDATA[frame move-span cl frame-1]]></item>
					<item id="titles"><![CDATA[]]></item>
				</item>
				<item id="column`frameXM3jte_left">
					<item id="attr">
						<item id="name"><![CDATA[frameXM3jte_left]]></item>
						<item id="className"><![CDATA[column frame-1-c]]></item>
					</item>
					<item id="block`portal_block_6803">
						<item id="attr">
							<item id="name"><![CDATA[portal_block_6803]]></item>
							<item id="className"><![CDATA[block move-span]]></item>
							<item id="titles"><![CDATA[]]></item>
						</item>
					</item>
				</item>
			</item>
		</item>
		<item id="diy_con12">
			<item id="frame`framedCD41f">
				<item id="attr">
					<item id="name"><![CDATA[framedCD41f]]></item>
					<item id="moveable"><![CDATA[true]]></item>
					<item id="className"><![CDATA[frame move-span cl frame-1]]></item>
					<item id="titles"><![CDATA[]]></item>
				</item>
				<item id="column`framedCD41f_left">
					<item id="attr">
						<item id="name"><![CDATA[framedCD41f_left]]></item>
						<item id="className"><![CDATA[column frame-1-c]]></item>
					</item>
					<item id="block`portal_block_6804">
						<item id="attr">
							<item id="name"><![CDATA[portal_block_6804]]></item>
							<item id="className"><![CDATA[block move-span]]></item>
							<item id="titles"><![CDATA[]]></item>
						</item>
					</item>
				</item>
			</item>
		</item>
		<item id="diy_con13">
			<item id="frame`framefK5T2x">
				<item id="attr">
					<item id="name"><![CDATA[framefK5T2x]]></item>
					<item id="moveable"><![CDATA[true]]></item>
					<item id="className"><![CDATA[frame move-span cl frame-1]]></item>
					<item id="titles"><![CDATA[]]></item>
				</item>
				<item id="column`framefK5T2x_left">
					<item id="attr">
						<item id="name"><![CDATA[framefK5T2x_left]]></item>
						<item id="className"><![CDATA[column frame-1-c]]></item>
					</item>
					<item id="block`portal_block_6805">
						<item id="attr">
							<item id="name"><![CDATA[portal_block_6805]]></item>
							<item id="className"><![CDATA[block move-span]]></item>
							<item id="titles"><![CDATA[]]></item>
						</item>
					</item>
				</item>
			</item>
		</item>
		<item id="diy_con14">
			<item id="frame`frame9Nl61D">
				<item id="attr">
					<item id="name"><![CDATA[frame9Nl61D]]></item>
					<item id="moveable"><![CDATA[true]]></item>
					<item id="className"><![CDATA[frame move-span cl frame-1]]></item>
					<item id="titles"><![CDATA[]]></item>
				</item>
				<item id="column`frame9Nl61D_left">
					<item id="attr">
						<item id="name"><![CDATA[frame9Nl61D_left]]></item>
						<item id="className"><![CDATA[column frame-1-c]]></item>
					</item>
					<item id="block`portal_block_6806">
						<item id="attr">
							<item id="name"><![CDATA[portal_block_6806]]></item>
							<item id="className"><![CDATA[block move-span]]></item>
							<item id="titles"><![CDATA[]]></item>
						</item>
					</item>
				</item>
			</item>
		</item>
		<item id="diy_con15">
			<item id="frame`frame1eE9bI">
				<item id="attr">
					<item id="name"><![CDATA[frame1eE9bI]]></item>
					<item id="moveable"><![CDATA[true]]></item>
					<item id="className"><![CDATA[frame move-span cl frame-1]]></item>
					<item id="titles"><![CDATA[]]></item>
				</item>
				<item id="column`frame1eE9bI_left">
					<item id="attr">
						<item id="name"><![CDATA[frame1eE9bI_left]]></item>
						<item id="className"><![CDATA[column frame-1-c]]></item>
					</item>
					<item id="block`portal_block_6807">
						<item id="attr">
							<item id="name"><![CDATA[portal_block_6807]]></item>
							<item id="className"><![CDATA[block move-span]]></item>
							<item id="titles"><![CDATA[]]></item>
						</item>
					</item>
				</item>
			</item>
		</item>
		<item id="diy_con16">
			<item id="frame`frame765CRe">
				<item id="attr">
					<item id="name"><![CDATA[frame765CRe]]></item>
					<item id="moveable"><![CDATA[true]]></item>
					<item id="className"><![CDATA[frame move-span cl frame-1]]></item>
					<item id="titles"><![CDATA[]]></item>
				</item>
				<item id="column`frame765CRe_left">
					<item id="attr">
						<item id="name"><![CDATA[frame765CRe_left]]></item>
						<item id="className"><![CDATA[column frame-1-c]]></item>
					</item>
					<item id="block`portal_block_6808">
						<item id="attr">
							<item id="name"><![CDATA[portal_block_6808]]></item>
							<item id="className"><![CDATA[block move-span]]></item>
							<item id="titles"><![CDATA[]]></item>
						</item>
					</item>
				</item>
			</item>
		</item>
		<item id="diy_con17">
			<item id="frame`framed579Jp">
				<item id="attr">
					<item id="name"><![CDATA[framed579Jp]]></item>
					<item id="moveable"><![CDATA[true]]></item>
					<item id="className"><![CDATA[frame move-span cl frame-1]]></item>
					<item id="titles"><![CDATA[]]></item>
				</item>
				<item id="column`framed579Jp_left">
					<item id="attr">
						<item id="name"><![CDATA[framed579Jp_left]]></item>
						<item id="className"><![CDATA[column frame-1-c]]></item>
					</item>
					<item id="block`portal_block_6809">
						<item id="attr">
							<item id="name"><![CDATA[portal_block_6809]]></item>
							<item id="className"><![CDATA[block move-span]]></item>
							<item id="titles"><![CDATA[]]></item>
						</item>
					</item>
				</item>
			</item>
		</item>
		<item id="diy_con18">
			<item id="frame`frameVot6o1">
				<item id="attr">
					<item id="name"><![CDATA[frameVot6o1]]></item>
					<item id="moveable"><![CDATA[true]]></item>
					<item id="className"><![CDATA[frame move-span cl frame-1]]></item>
					<item id="titles"><![CDATA[]]></item>
				</item>
				<item id="column`frameVot6o1_left">
					<item id="attr">
						<item id="name"><![CDATA[frameVot6o1_left]]></item>
						<item id="className"><![CDATA[column frame-1-c]]></item>
					</item>
					<item id="block`portal_block_6810">
						<item id="attr">
							<item id="name"><![CDATA[portal_block_6810]]></item>
							<item id="className"><![CDATA[block move-span]]></item>
							<item id="titles"><![CDATA[]]></item>
						</item>
					</item>
				</item>
			</item>
		</item>
		<item id="diy_con19">
			<item id="frame`frameFpUxPy">
				<item id="attr">
					<item id="name"><![CDATA[frameFpUxPy]]></item>
					<item id="moveable"><![CDATA[true]]></item>
					<item id="className"><![CDATA[frame move-span cl frame-1]]></item>
					<item id="titles"><![CDATA[]]></item>
				</item>
				<item id="column`frameFpUxPy_left">
					<item id="attr">
						<item id="name"><![CDATA[frameFpUxPy_left]]></item>
						<item id="className"><![CDATA[column frame-1-c]]></item>
					</item>
					<item id="block`portal_block_6811">
						<item id="attr">
							<item id="name"><![CDATA[portal_block_6811]]></item>
							<item id="className"><![CDATA[block move-span]]></item>
							<item id="titles"><![CDATA[]]></item>
						</item>
					</item>
				</item>
			</item>
		</item>
	</item>
	<item id="blockdata">
		<item id="block">
			<item id="6793">
				<item id="bid"><![CDATA[6793]]></item>
				<item id="blockclass"><![CDATA[html_html]]></item>
				<item id="blocktype"><![CDATA[0]]></item>
				<item id="name"><![CDATA[下载链接]]></item>
				<item id="title"><![CDATA[]]></item>
				<item id="classname"><![CDATA[]]></item>
				<item id="summary"><![CDATA[<div class="down">
  <p class="downtitle">下载通道<span class="down_way">（共 8 个通道）</span></span></p>
  <ul class="down_ul">
    <li><a href="#" class="down_btn">通道1</a></li>
    <li><a href="#" class="down_btn">通道2</a></li>
    <li><a href="#" class="down_btn">通道3</a></li>
    <li><a href="#" class="down_btn">通道4</a></li>
    <li><a href="#" class="down_btn">通道5</a></li>
    <li><a href="#" class="down_btn">通道6</a></li>
    <li><a href="#" class="down_btn">通道7</a></li>
  </ul>
</div>
<div class="help">
  <p class="help_title">使用说明</p>
  <p class="help_content">这是一段说明文字，用来说明中英文文献传递下载方法</p>
</div>
<div class="kvbox">
  <div class="kv type1"><a href="#"><img src="template/elec_201706_geek/style/biye/img/kv001.jpg" class="kvimg"></a></div>
  <div class="kv type2"><a href="#"><img src="template/elec_201706_geek/style/biye/img/kv001.jpg" class="kvimg"></a></div>
</div>]]></item>
				<item id="uid"><![CDATA[1]]></item>
				<item id="username"><![CDATA[admin]]></item>
				<item id="styleid"><![CDATA[0]]></item>
				<item id="blockstyle"><![CDATA[]]></item>
				<item id="picwidth"><![CDATA[0]]></item>
				<item id="picheight"><![CDATA[0]]></item>
				<item id="target"><![CDATA[blank]]></item>
				<item id="dateformat"><![CDATA[Y-m-d]]></item>
				<item id="dateuformat"><![CDATA[0]]></item>
				<item id="script"><![CDATA[blank]]></item>
				<item id="param">
					<item id="content"><![CDATA[<div class=\"down\">
  <p class=\"downtitle\">下载通道<span class=\"down_way\">（共 8 个通道）</span></span></p>
  <ul class=\"down_ul\">
    <li><a href=\"#\" class=\"down_btn\">通道1</a></li>
    <li><a href=\"#\" class=\"down_btn\">通道2</a></li>
    <li><a href=\"#\" class=\"down_btn\">通道3</a></li>
    <li><a href=\"#\" class=\"down_btn\">通道4</a></li>
    <li><a href=\"#\" class=\"down_btn\">通道5</a></li>
    <li><a href=\"#\" class=\"down_btn\">通道6</a></li>
    <li><a href=\"#\" class=\"down_btn\">通道7</a></li>
  </ul>
</div>
<div class=\"help\">
  <p class=\"help_title\">使用说明</p>
  <p class=\"help_content\">这是一段说明文字，用来说明中英文文献传递下载方法</p>
</div>
<div class=\"kvbox\">
  <div class=\"kv type1\"><a href=\"#\"><img src=\"template/elec_201706_geek/style/biye/img/kv001.jpg\" class=\"kvimg\"></a></div>
  <div class=\"kv type2\"><a href=\"#\"><img src=\"template/elec_201706_geek/style/biye/img/kv001.jpg\" class=\"kvimg\"></a></div>
</div>]]></item>
					<item id="items"><![CDATA[10]]></item>
				</item>
				<item id="shownum"><![CDATA[10]]></item>
				<item id="cachetime"><![CDATA[3600]]></item>
				<item id="cachetimerange"><![CDATA[]]></item>
				<item id="punctualupdate"><![CDATA[0]]></item>
				<item id="hidedisplay"><![CDATA[0]]></item>
				<item id="dateline"><![CDATA[1564569642]]></item>
				<item id="notinherited"><![CDATA[0]]></item>
				<item id="isblank"><![CDATA[0]]></item>
			</item>
			<item id="6794">
				<item id="bid"><![CDATA[6794]]></item>
				<item id="blockclass"><![CDATA[html_html]]></item>
				<item id="blocktype"><![CDATA[0]]></item>
				<item id="name"><![CDATA[3]]></item>
				<item id="title"><![CDATA[]]></item>
				<item id="classname"><![CDATA[]]></item>
				<item id="summary"><![CDATA[<div class="down">
  <p class="downtitle">下载通道<span class="down_way">（共 8 个通道）</span></span></p>
  <ul class="down_ul">
    <li><a href="#" class="down_btn">通道1</a></li>
    <li><a href="#" class="down_btn">通道2</a></li>
    <li><a href="#" class="down_btn">通道3</a></li>
    <li><a href="#" class="down_btn">通道4</a></li>
    <li><a href="#" class="down_btn">通道5</a></li>
    <li><a href="#" class="down_btn">通道6</a></li>
    <li><a href="#" class="down_btn">通道7</a></li>
  </ul>
</div>
<div class="help">
  <p class="help_title">使用说明</p>
  <p class="help_content">这是一段说明文字，用来说明中英文文献传递下载方法</p>
</div>
<div class="kvbox">
  <div class="kv type1"><a href="#"><img src="template/elec_201706_geek/style/biye/img/kv001.jpg" class="kvimg"></a></div>
  <div class="kv type2"><a href="#"><img src="template/elec_201706_geek/style/biye/img/kv001.jpg" class="kvimg"></a></div>
</div>]]></item>
				<item id="uid"><![CDATA[1]]></item>
				<item id="username"><![CDATA[admin]]></item>
				<item id="styleid"><![CDATA[0]]></item>
				<item id="blockstyle"><![CDATA[]]></item>
				<item id="picwidth"><![CDATA[0]]></item>
				<item id="picheight"><![CDATA[0]]></item>
				<item id="target"><![CDATA[blank]]></item>
				<item id="dateformat"><![CDATA[Y-m-d]]></item>
				<item id="dateuformat"><![CDATA[0]]></item>
				<item id="script"><![CDATA[blank]]></item>
				<item id="param">
					<item id="content"><![CDATA[<div class=\"down\">
  <p class=\"downtitle\">下载通道<span class=\"down_way\">（共 8 个通道）</span></span></p>
  <ul class=\"down_ul\">
    <li><a href=\"#\" class=\"down_btn\">通道1</a></li>
    <li><a href=\"#\" class=\"down_btn\">通道2</a></li>
    <li><a href=\"#\" class=\"down_btn\">通道3</a></li>
    <li><a href=\"#\" class=\"down_btn\">通道4</a></li>
    <li><a href=\"#\" class=\"down_btn\">通道5</a></li>
    <li><a href=\"#\" class=\"down_btn\">通道6</a></li>
    <li><a href=\"#\" class=\"down_btn\">通道7</a></li>
  </ul>
</div>
<div class=\"help\">
  <p class=\"help_title\">使用说明</p>
  <p class=\"help_content\">这是一段说明文字，用来说明中英文文献传递下载方法</p>
</div>
<div class=\"kvbox\">
  <div class=\"kv type1\"><a href=\"#\"><img src=\"template/elec_201706_geek/style/biye/img/kv001.jpg\" class=\"kvimg\"></a></div>
  <div class=\"kv type2\"><a href=\"#\"><img src=\"template/elec_201706_geek/style/biye/img/kv001.jpg\" class=\"kvimg\"></a></div>
</div>]]></item>
					<item id="items"><![CDATA[10]]></item>
				</item>
				<item id="shownum"><![CDATA[10]]></item>
				<item id="cachetime"><![CDATA[3600]]></item>
				<item id="cachetimerange"><![CDATA[]]></item>
				<item id="punctualupdate"><![CDATA[0]]></item>
				<item id="hidedisplay"><![CDATA[0]]></item>
				<item id="dateline"><![CDATA[1564570007]]></item>
				<item id="notinherited"><![CDATA[0]]></item>
				<item id="isblank"><![CDATA[0]]></item>
			</item>
			<item id="6795">
				<item id="bid"><![CDATA[6795]]></item>
				<item id="blockclass"><![CDATA[html_html]]></item>
				<item id="blocktype"><![CDATA[0]]></item>
				<item id="name"><![CDATA[2]]></item>
				<item id="title"><![CDATA[]]></item>
				<item id="classname"><![CDATA[]]></item>
				<item id="summary"><![CDATA[<div class="down">
  <p class="downtitle">下载通道<span class="down_way">（共 8 个通道）</span></span></p>
  <ul class="down_ul">
    <li><a href="#" class="down_btn">通道1</a></li>
    <li><a href="#" class="down_btn">通道2</a></li>
    <li><a href="#" class="down_btn">通道3</a></li>
    <li><a href="#" class="down_btn">通道4</a></li>
    <li><a href="#" class="down_btn">通道5</a></li>
    <li><a href="#" class="down_btn">通道6</a></li>
    <li><a href="#" class="down_btn">通道7</a></li>
  </ul>
</div>
<div class="help">
  <p class="help_title">使用说明</p>
  <p class="help_content">这是一段说明文字，用来说明中英文文献传递下载方法</p>
</div>
<div class="kvbox">
  <div class="kv type1"><a href="#"><img src="template/elec_201706_geek/style/biye/img/kv001.jpg" class="kvimg"></a></div>
  <div class="kv type2"><a href="#"><img src="template/elec_201706_geek/style/biye/img/kv001.jpg" class="kvimg"></a></div>
</div>]]></item>
				<item id="uid"><![CDATA[1]]></item>
				<item id="username"><![CDATA[admin]]></item>
				<item id="styleid"><![CDATA[0]]></item>
				<item id="blockstyle"><![CDATA[]]></item>
				<item id="picwidth"><![CDATA[0]]></item>
				<item id="picheight"><![CDATA[0]]></item>
				<item id="target"><![CDATA[blank]]></item>
				<item id="dateformat"><![CDATA[Y-m-d]]></item>
				<item id="dateuformat"><![CDATA[0]]></item>
				<item id="script"><![CDATA[blank]]></item>
				<item id="param">
					<item id="content"><![CDATA[<div class=\"down\">
  <p class=\"downtitle\">下载通道<span class=\"down_way\">（共 8 个通道）</span></span></p>
  <ul class=\"down_ul\">
    <li><a href=\"#\" class=\"down_btn\">通道1</a></li>
    <li><a href=\"#\" class=\"down_btn\">通道2</a></li>
    <li><a href=\"#\" class=\"down_btn\">通道3</a></li>
    <li><a href=\"#\" class=\"down_btn\">通道4</a></li>
    <li><a href=\"#\" class=\"down_btn\">通道5</a></li>
    <li><a href=\"#\" class=\"down_btn\">通道6</a></li>
    <li><a href=\"#\" class=\"down_btn\">通道7</a></li>
  </ul>
</div>
<div class=\"help\">
  <p class=\"help_title\">使用说明</p>
  <p class=\"help_content\">这是一段说明文字，用来说明中英文文献传递下载方法</p>
</div>
<div class=\"kvbox\">
  <div class=\"kv type1\"><a href=\"#\"><img src=\"template/elec_201706_geek/style/biye/img/kv001.jpg\" class=\"kvimg\"></a></div>
  <div class=\"kv type2\"><a href=\"#\"><img src=\"template/elec_201706_geek/style/biye/img/kv001.jpg\" class=\"kvimg\"></a></div>
</div>]]></item>
					<item id="items"><![CDATA[10]]></item>
				</item>
				<item id="shownum"><![CDATA[10]]></item>
				<item id="cachetime"><![CDATA[3600]]></item>
				<item id="cachetimerange"><![CDATA[]]></item>
				<item id="punctualupdate"><![CDATA[0]]></item>
				<item id="hidedisplay"><![CDATA[0]]></item>
				<item id="dateline"><![CDATA[1564570356]]></item>
				<item id="notinherited"><![CDATA[0]]></item>
				<item id="isblank"><![CDATA[0]]></item>
			</item>
			<item id="6796">
				<item id="bid"><![CDATA[6796]]></item>
				<item id="blockclass"><![CDATA[html_html]]></item>
				<item id="blocktype"><![CDATA[0]]></item>
				<item id="name"><![CDATA[4]]></item>
				<item id="title"><![CDATA[]]></item>
				<item id="classname"><![CDATA[]]></item>
				<item id="summary"><![CDATA[<div class="down">
  <p class="downtitle">下载通道<span class="down_way">（共 8 个通道）</span></span></p>
  <ul class="down_ul">
    <li><a href="#" class="down_btn">通道1</a></li>
    <li><a href="#" class="down_btn">通道2</a></li>
    <li><a href="#" class="down_btn">通道3</a></li>
    <li><a href="#" class="down_btn">通道4</a></li>
    <li><a href="#" class="down_btn">通道5</a></li>
    <li><a href="#" class="down_btn">通道6</a></li>
    <li><a href="#" class="down_btn">通道7</a></li>
  </ul>
</div>
<div class="help">
  <p class="help_title">使用说明</p>
  <p class="help_content">这是一段说明文字，用来说明中英文文献传递下载方法</p>
</div>
<div class="kvbox">
  <div class="kv type1"><a href="#"><img src="template/elec_201706_geek/style/biye/img/kv001.jpg" class="kvimg"></a></div>
  <div class="kv type2"><a href="#"><img src="template/elec_201706_geek/style/biye/img/kv001.jpg" class="kvimg"></a></div>
</div>]]></item>
				<item id="uid"><![CDATA[1]]></item>
				<item id="username"><![CDATA[admin]]></item>
				<item id="styleid"><![CDATA[0]]></item>
				<item id="blockstyle"><![CDATA[]]></item>
				<item id="picwidth"><![CDATA[0]]></item>
				<item id="picheight"><![CDATA[0]]></item>
				<item id="target"><![CDATA[blank]]></item>
				<item id="dateformat"><![CDATA[Y-m-d]]></item>
				<item id="dateuformat"><![CDATA[0]]></item>
				<item id="script"><![CDATA[blank]]></item>
				<item id="param">
					<item id="content"><![CDATA[<div class=\"down\">
  <p class=\"downtitle\">下载通道<span class=\"down_way\">（共 8 个通道）</span></span></p>
  <ul class=\"down_ul\">
    <li><a href=\"#\" class=\"down_btn\">通道1</a></li>
    <li><a href=\"#\" class=\"down_btn\">通道2</a></li>
    <li><a href=\"#\" class=\"down_btn\">通道3</a></li>
    <li><a href=\"#\" class=\"down_btn\">通道4</a></li>
    <li><a href=\"#\" class=\"down_btn\">通道5</a></li>
    <li><a href=\"#\" class=\"down_btn\">通道6</a></li>
    <li><a href=\"#\" class=\"down_btn\">通道7</a></li>
  </ul>
</div>
<div class=\"help\">
  <p class=\"help_title\">使用说明</p>
  <p class=\"help_content\">这是一段说明文字，用来说明中英文文献传递下载方法</p>
</div>
<div class=\"kvbox\">
  <div class=\"kv type1\"><a href=\"#\"><img src=\"template/elec_201706_geek/style/biye/img/kv001.jpg\" class=\"kvimg\"></a></div>
  <div class=\"kv type2\"><a href=\"#\"><img src=\"template/elec_201706_geek/style/biye/img/kv001.jpg\" class=\"kvimg\"></a></div>
</div>]]></item>
					<item id="items"><![CDATA[10]]></item>
				</item>
				<item id="shownum"><![CDATA[10]]></item>
				<item id="cachetime"><![CDATA[3600]]></item>
				<item id="cachetimerange"><![CDATA[]]></item>
				<item id="punctualupdate"><![CDATA[0]]></item>
				<item id="hidedisplay"><![CDATA[0]]></item>
				<item id="dateline"><![CDATA[1564570375]]></item>
				<item id="notinherited"><![CDATA[0]]></item>
				<item id="isblank"><![CDATA[0]]></item>
			</item>
			<item id="6797">
				<item id="bid"><![CDATA[6797]]></item>
				<item id="blockclass"><![CDATA[html_html]]></item>
				<item id="blocktype"><![CDATA[0]]></item>
				<item id="name"><![CDATA[5]]></item>
				<item id="title"><![CDATA[]]></item>
				<item id="classname"><![CDATA[]]></item>
				<item id="summary"><![CDATA[<div class="down">
  <p class="downtitle">下载通道<span class="down_way">（共 8 个通道）</span></span></p>
  <ul class="down_ul">
    <li><a href="#" class="down_btn">通道1</a></li>
    <li><a href="#" class="down_btn">通道2</a></li>
    <li><a href="#" class="down_btn">通道3</a></li>
    <li><a href="#" class="down_btn">通道4</a></li>
    <li><a href="#" class="down_btn">通道5</a></li>
    <li><a href="#" class="down_btn">通道6</a></li>
    <li><a href="#" class="down_btn">通道7</a></li>
  </ul>
</div>
<div class="help">
  <p class="help_title">使用说明</p>
  <p class="help_content">这是一段说明文字，用来说明中英文文献传递下载方法</p>
</div>
<div class="kvbox">
  <div class="kv type1"><a href="#"><img src="template/elec_201706_geek/style/biye/img/kv001.jpg" class="kvimg"></a></div>
  <div class="kv type2"><a href="#"><img src="template/elec_201706_geek/style/biye/img/kv001.jpg" class="kvimg"></a></div>
</div>]]></item>
				<item id="uid"><![CDATA[1]]></item>
				<item id="username"><![CDATA[admin]]></item>
				<item id="styleid"><![CDATA[0]]></item>
				<item id="blockstyle"><![CDATA[]]></item>
				<item id="picwidth"><![CDATA[0]]></item>
				<item id="picheight"><![CDATA[0]]></item>
				<item id="target"><![CDATA[blank]]></item>
				<item id="dateformat"><![CDATA[Y-m-d]]></item>
				<item id="dateuformat"><![CDATA[0]]></item>
				<item id="script"><![CDATA[blank]]></item>
				<item id="param">
					<item id="content"><![CDATA[<div class=\"down\">
  <p class=\"downtitle\">下载通道<span class=\"down_way\">（共 8 个通道）</span></span></p>
  <ul class=\"down_ul\">
    <li><a href=\"#\" class=\"down_btn\">通道1</a></li>
    <li><a href=\"#\" class=\"down_btn\">通道2</a></li>
    <li><a href=\"#\" class=\"down_btn\">通道3</a></li>
    <li><a href=\"#\" class=\"down_btn\">通道4</a></li>
    <li><a href=\"#\" class=\"down_btn\">通道5</a></li>
    <li><a href=\"#\" class=\"down_btn\">通道6</a></li>
    <li><a href=\"#\" class=\"down_btn\">通道7</a></li>
  </ul>
</div>
<div class=\"help\">
  <p class=\"help_title\">使用说明</p>
  <p class=\"help_content\">这是一段说明文字，用来说明中英文文献传递下载方法</p>
</div>
<div class=\"kvbox\">
  <div class=\"kv type1\"><a href=\"#\"><img src=\"template/elec_201706_geek/style/biye/img/kv001.jpg\" class=\"kvimg\"></a></div>
  <div class=\"kv type2\"><a href=\"#\"><img src=\"template/elec_201706_geek/style/biye/img/kv001.jpg\" class=\"kvimg\"></a></div>
</div>]]></item>
					<item id="items"><![CDATA[10]]></item>
				</item>
				<item id="shownum"><![CDATA[10]]></item>
				<item id="cachetime"><![CDATA[3600]]></item>
				<item id="cachetimerange"><![CDATA[]]></item>
				<item id="punctualupdate"><![CDATA[0]]></item>
				<item id="hidedisplay"><![CDATA[0]]></item>
				<item id="dateline"><![CDATA[1564570391]]></item>
				<item id="notinherited"><![CDATA[0]]></item>
				<item id="isblank"><![CDATA[0]]></item>
			</item>
			<item id="6798">
				<item id="bid"><![CDATA[6798]]></item>
				<item id="blockclass"><![CDATA[html_html]]></item>
				<item id="blocktype"><![CDATA[0]]></item>
				<item id="name"><![CDATA[6]]></item>
				<item id="title"><![CDATA[]]></item>
				<item id="classname"><![CDATA[]]></item>
				<item id="summary"><![CDATA[<div class="down">
  <p class="downtitle">下载通道<span class="down_way">（共 8 个通道）</span></span></p>
  <ul class="down_ul">
    <li><a href="#" class="down_btn">通道1</a></li>
    <li><a href="#" class="down_btn">通道2</a></li>
    <li><a href="#" class="down_btn">通道3</a></li>
    <li><a href="#" class="down_btn">通道4</a></li>
    <li><a href="#" class="down_btn">通道5</a></li>
    <li><a href="#" class="down_btn">通道6</a></li>
    <li><a href="#" class="down_btn">通道7</a></li>
  </ul>
</div>
<div class="help">
  <p class="help_title">使用说明</p>
  <p class="help_content">这是一段说明文字，用来说明中英文文献传递下载方法</p>
</div>
<div class="kvbox">
  <div class="kv type1"><a href="#"><img src="template/elec_201706_geek/style/biye/img/kv001.jpg" class="kvimg"></a></div>
  <div class="kv type2"><a href="#"><img src="template/elec_201706_geek/style/biye/img/kv001.jpg" class="kvimg"></a></div>
</div>]]></item>
				<item id="uid"><![CDATA[1]]></item>
				<item id="username"><![CDATA[admin]]></item>
				<item id="styleid"><![CDATA[0]]></item>
				<item id="blockstyle"><![CDATA[]]></item>
				<item id="picwidth"><![CDATA[0]]></item>
				<item id="picheight"><![CDATA[0]]></item>
				<item id="target"><![CDATA[blank]]></item>
				<item id="dateformat"><![CDATA[Y-m-d]]></item>
				<item id="dateuformat"><![CDATA[0]]></item>
				<item id="script"><![CDATA[blank]]></item>
				<item id="param">
					<item id="content"><![CDATA[<div class=\"down\">
  <p class=\"downtitle\">下载通道<span class=\"down_way\">（共 8 个通道）</span></span></p>
  <ul class=\"down_ul\">
    <li><a href=\"#\" class=\"down_btn\">通道1</a></li>
    <li><a href=\"#\" class=\"down_btn\">通道2</a></li>
    <li><a href=\"#\" class=\"down_btn\">通道3</a></li>
    <li><a href=\"#\" class=\"down_btn\">通道4</a></li>
    <li><a href=\"#\" class=\"down_btn\">通道5</a></li>
    <li><a href=\"#\" class=\"down_btn\">通道6</a></li>
    <li><a href=\"#\" class=\"down_btn\">通道7</a></li>
  </ul>
</div>
<div class=\"help\">
  <p class=\"help_title\">使用说明</p>
  <p class=\"help_content\">这是一段说明文字，用来说明中英文文献传递下载方法</p>
</div>
<div class=\"kvbox\">
  <div class=\"kv type1\"><a href=\"#\"><img src=\"template/elec_201706_geek/style/biye/img/kv001.jpg\" class=\"kvimg\"></a></div>
  <div class=\"kv type2\"><a href=\"#\"><img src=\"template/elec_201706_geek/style/biye/img/kv001.jpg\" class=\"kvimg\"></a></div>
</div>]]></item>
					<item id="items"><![CDATA[10]]></item>
				</item>
				<item id="shownum"><![CDATA[10]]></item>
				<item id="cachetime"><![CDATA[3600]]></item>
				<item id="cachetimerange"><![CDATA[]]></item>
				<item id="punctualupdate"><![CDATA[0]]></item>
				<item id="hidedisplay"><![CDATA[0]]></item>
				<item id="dateline"><![CDATA[1564570405]]></item>
				<item id="notinherited"><![CDATA[0]]></item>
				<item id="isblank"><![CDATA[0]]></item>
			</item>
			<item id="6799">
				<item id="bid"><![CDATA[6799]]></item>
				<item id="blockclass"><![CDATA[html_html]]></item>
				<item id="blocktype"><![CDATA[0]]></item>
				<item id="name"><![CDATA[7]]></item>
				<item id="title"><![CDATA[]]></item>
				<item id="classname"><![CDATA[]]></item>
				<item id="summary"><![CDATA[<div class="down">
  <p class="downtitle">下载通道<span class="down_way">（共 8 个通道）</span></span></p>
  <ul class="down_ul">
    <li><a href="#" class="down_btn">通道1</a></li>
    <li><a href="#" class="down_btn">通道2</a></li>
    <li><a href="#" class="down_btn">通道3</a></li>
    <li><a href="#" class="down_btn">通道4</a></li>
    <li><a href="#" class="down_btn">通道5</a></li>
    <li><a href="#" class="down_btn">通道6</a></li>
    <li><a href="#" class="down_btn">通道7</a></li>
  </ul>
</div>
<div class="help">
  <p class="help_title">使用说明</p>
  <p class="help_content">这是一段说明文字，用来说明中英文文献传递下载方法</p>
</div>
<div class="kvbox">
  <div class="kv type1"><a href="#"><img src="template/elec_201706_geek/style/biye/img/kv001.jpg" class="kvimg"></a></div>
  <div class="kv type2"><a href="#"><img src="template/elec_201706_geek/style/biye/img/kv001.jpg" class="kvimg"></a></div>
</div>]]></item>
				<item id="uid"><![CDATA[1]]></item>
				<item id="username"><![CDATA[admin]]></item>
				<item id="styleid"><![CDATA[0]]></item>
				<item id="blockstyle"><![CDATA[]]></item>
				<item id="picwidth"><![CDATA[0]]></item>
				<item id="picheight"><![CDATA[0]]></item>
				<item id="target"><![CDATA[blank]]></item>
				<item id="dateformat"><![CDATA[Y-m-d]]></item>
				<item id="dateuformat"><![CDATA[0]]></item>
				<item id="script"><![CDATA[blank]]></item>
				<item id="param">
					<item id="content"><![CDATA[<div class=\"down\">
  <p class=\"downtitle\">下载通道<span class=\"down_way\">（共 8 个通道）</span></span></p>
  <ul class=\"down_ul\">
    <li><a href=\"#\" class=\"down_btn\">通道1</a></li>
    <li><a href=\"#\" class=\"down_btn\">通道2</a></li>
    <li><a href=\"#\" class=\"down_btn\">通道3</a></li>
    <li><a href=\"#\" class=\"down_btn\">通道4</a></li>
    <li><a href=\"#\" class=\"down_btn\">通道5</a></li>
    <li><a href=\"#\" class=\"down_btn\">通道6</a></li>
    <li><a href=\"#\" class=\"down_btn\">通道7</a></li>
  </ul>
</div>
<div class=\"help\">
  <p class=\"help_title\">使用说明</p>
  <p class=\"help_content\">这是一段说明文字，用来说明中英文文献传递下载方法</p>
</div>
<div class=\"kvbox\">
  <div class=\"kv type1\"><a href=\"#\"><img src=\"template/elec_201706_geek/style/biye/img/kv001.jpg\" class=\"kvimg\"></a></div>
  <div class=\"kv type2\"><a href=\"#\"><img src=\"template/elec_201706_geek/style/biye/img/kv001.jpg\" class=\"kvimg\"></a></div>
</div>]]></item>
					<item id="items"><![CDATA[10]]></item>
				</item>
				<item id="shownum"><![CDATA[10]]></item>
				<item id="cachetime"><![CDATA[3600]]></item>
				<item id="cachetimerange"><![CDATA[]]></item>
				<item id="punctualupdate"><![CDATA[0]]></item>
				<item id="hidedisplay"><![CDATA[0]]></item>
				<item id="dateline"><![CDATA[1564570416]]></item>
				<item id="notinherited"><![CDATA[0]]></item>
				<item id="isblank"><![CDATA[0]]></item>
			</item>
			<item id="6800">
				<item id="bid"><![CDATA[6800]]></item>
				<item id="blockclass"><![CDATA[html_html]]></item>
				<item id="blocktype"><![CDATA[0]]></item>
				<item id="name"><![CDATA[8]]></item>
				<item id="title"><![CDATA[]]></item>
				<item id="classname"><![CDATA[]]></item>
				<item id="summary"><![CDATA[<div class="down">
  <p class="downtitle">下载通道<span class="down_way">（共 8 个通道）</span></span></p>
  <ul class="down_ul">
    <li><a href="#" class="down_btn">通道1</a></li>
    <li><a href="#" class="down_btn">通道2</a></li>
    <li><a href="#" class="down_btn">通道3</a></li>
    <li><a href="#" class="down_btn">通道4</a></li>
    <li><a href="#" class="down_btn">通道5</a></li>
    <li><a href="#" class="down_btn">通道6</a></li>
    <li><a href="#" class="down_btn">通道7</a></li>
  </ul>
</div>
<div class="help">
  <p class="help_title">使用说明</p>
  <p class="help_content">这是一段说明文字，用来说明中英文文献传递下载方法</p>
</div>
<div class="kvbox">
  <div class="kv type1"><a href="#"><img src="template/elec_201706_geek/style/biye/img/kv001.jpg" class="kvimg"></a></div>
  <div class="kv type2"><a href="#"><img src="template/elec_201706_geek/style/biye/img/kv001.jpg" class="kvimg"></a></div>
</div>]]></item>
				<item id="uid"><![CDATA[1]]></item>
				<item id="username"><![CDATA[admin]]></item>
				<item id="styleid"><![CDATA[0]]></item>
				<item id="blockstyle"><![CDATA[]]></item>
				<item id="picwidth"><![CDATA[0]]></item>
				<item id="picheight"><![CDATA[0]]></item>
				<item id="target"><![CDATA[blank]]></item>
				<item id="dateformat"><![CDATA[Y-m-d]]></item>
				<item id="dateuformat"><![CDATA[0]]></item>
				<item id="script"><![CDATA[blank]]></item>
				<item id="param">
					<item id="content"><![CDATA[<div class=\"down\">
  <p class=\"downtitle\">下载通道<span class=\"down_way\">（共 8 个通道）</span></span></p>
  <ul class=\"down_ul\">
    <li><a href=\"#\" class=\"down_btn\">通道1</a></li>
    <li><a href=\"#\" class=\"down_btn\">通道2</a></li>
    <li><a href=\"#\" class=\"down_btn\">通道3</a></li>
    <li><a href=\"#\" class=\"down_btn\">通道4</a></li>
    <li><a href=\"#\" class=\"down_btn\">通道5</a></li>
    <li><a href=\"#\" class=\"down_btn\">通道6</a></li>
    <li><a href=\"#\" class=\"down_btn\">通道7</a></li>
  </ul>
</div>
<div class=\"help\">
  <p class=\"help_title\">使用说明</p>
  <p class=\"help_content\">这是一段说明文字，用来说明中英文文献传递下载方法</p>
</div>
<div class=\"kvbox\">
  <div class=\"kv type1\"><a href=\"#\"><img src=\"template/elec_201706_geek/style/biye/img/kv001.jpg\" class=\"kvimg\"></a></div>
  <div class=\"kv type2\"><a href=\"#\"><img src=\"template/elec_201706_geek/style/biye/img/kv001.jpg\" class=\"kvimg\"></a></div>
</div>]]></item>
					<item id="items"><![CDATA[10]]></item>
				</item>
				<item id="shownum"><![CDATA[10]]></item>
				<item id="cachetime"><![CDATA[3600]]></item>
				<item id="cachetimerange"><![CDATA[]]></item>
				<item id="punctualupdate"><![CDATA[0]]></item>
				<item id="hidedisplay"><![CDATA[0]]></item>
				<item id="dateline"><![CDATA[1564570453]]></item>
				<item id="notinherited"><![CDATA[0]]></item>
				<item id="isblank"><![CDATA[0]]></item>
			</item>
			<item id="6801">
				<item id="bid"><![CDATA[6801]]></item>
				<item id="blockclass"><![CDATA[html_html]]></item>
				<item id="blocktype"><![CDATA[0]]></item>
				<item id="name"><![CDATA[9]]></item>
				<item id="title"><![CDATA[]]></item>
				<item id="classname"><![CDATA[]]></item>
				<item id="summary"><![CDATA[<div class="down">
  <p class="downtitle">下载通道<span class="down_way">（共 8 个通道）</span></span></p>
  <ul class="down_ul">
    <li><a href="#" class="down_btn">通道1</a></li>
    <li><a href="#" class="down_btn">通道2</a></li>
    <li><a href="#" class="down_btn">通道3</a></li>
    <li><a href="#" class="down_btn">通道4</a></li>
    <li><a href="#" class="down_btn">通道5</a></li>
    <li><a href="#" class="down_btn">通道6</a></li>
    <li><a href="#" class="down_btn">通道7</a></li>
  </ul>
</div>
<div class="help">
  <p class="help_title">使用说明</p>
  <p class="help_content">这是一段说明文字，用来说明中英文文献传递下载方法</p>
</div>
<div class="kvbox">
  <div class="kv type1"><a href="#"><img src="template/elec_201706_geek/style/biye/img/kv001.jpg" class="kvimg"></a></div>
  <div class="kv type2"><a href="#"><img src="template/elec_201706_geek/style/biye/img/kv001.jpg" class="kvimg"></a></div>
</div>]]></item>
				<item id="uid"><![CDATA[1]]></item>
				<item id="username"><![CDATA[admin]]></item>
				<item id="styleid"><![CDATA[0]]></item>
				<item id="blockstyle"><![CDATA[]]></item>
				<item id="picwidth"><![CDATA[0]]></item>
				<item id="picheight"><![CDATA[0]]></item>
				<item id="target"><![CDATA[blank]]></item>
				<item id="dateformat"><![CDATA[Y-m-d]]></item>
				<item id="dateuformat"><![CDATA[0]]></item>
				<item id="script"><![CDATA[blank]]></item>
				<item id="param">
					<item id="content"><![CDATA[<div class=\"down\">
  <p class=\"downtitle\">下载通道<span class=\"down_way\">（共 8 个通道）</span></span></p>
  <ul class=\"down_ul\">
    <li><a href=\"#\" class=\"down_btn\">通道1</a></li>
    <li><a href=\"#\" class=\"down_btn\">通道2</a></li>
    <li><a href=\"#\" class=\"down_btn\">通道3</a></li>
    <li><a href=\"#\" class=\"down_btn\">通道4</a></li>
    <li><a href=\"#\" class=\"down_btn\">通道5</a></li>
    <li><a href=\"#\" class=\"down_btn\">通道6</a></li>
    <li><a href=\"#\" class=\"down_btn\">通道7</a></li>
  </ul>
</div>
<div class=\"help\">
  <p class=\"help_title\">使用说明</p>
  <p class=\"help_content\">这是一段说明文字，用来说明中英文文献传递下载方法</p>
</div>
<div class=\"kvbox\">
  <div class=\"kv type1\"><a href=\"#\"><img src=\"template/elec_201706_geek/style/biye/img/kv001.jpg\" class=\"kvimg\"></a></div>
  <div class=\"kv type2\"><a href=\"#\"><img src=\"template/elec_201706_geek/style/biye/img/kv001.jpg\" class=\"kvimg\"></a></div>
</div>]]></item>
					<item id="items"><![CDATA[10]]></item>
				</item>
				<item id="shownum"><![CDATA[10]]></item>
				<item id="cachetime"><![CDATA[3600]]></item>
				<item id="cachetimerange"><![CDATA[]]></item>
				<item id="punctualupdate"><![CDATA[0]]></item>
				<item id="hidedisplay"><![CDATA[0]]></item>
				<item id="dateline"><![CDATA[1564570466]]></item>
				<item id="notinherited"><![CDATA[0]]></item>
				<item id="isblank"><![CDATA[0]]></item>
			</item>
			<item id="6802">
				<item id="bid"><![CDATA[6802]]></item>
				<item id="blockclass"><![CDATA[html_html]]></item>
				<item id="blocktype"><![CDATA[0]]></item>
				<item id="name"><![CDATA[10]]></item>
				<item id="title"><![CDATA[]]></item>
				<item id="classname"><![CDATA[]]></item>
				<item id="summary"><![CDATA[<div class="down">
  <p class="downtitle">下载通道<span class="down_way">（共 8 个通道）</span></span></p>
  <ul class="down_ul">
    <li><a href="#" class="down_btn">通道1</a></li>
    <li><a href="#" class="down_btn">通道2</a></li>
    <li><a href="#" class="down_btn">通道3</a></li>
    <li><a href="#" class="down_btn">通道4</a></li>
    <li><a href="#" class="down_btn">通道5</a></li>
    <li><a href="#" class="down_btn">通道6</a></li>
    <li><a href="#" class="down_btn">通道7</a></li>
  </ul>
</div>
<div class="help">
  <p class="help_title">使用说明</p>
  <p class="help_content">这是一段说明文字，用来说明中英文文献传递下载方法</p>
</div>
<div class="kvbox">
  <div class="kv type1"><a href="#"><img src="template/elec_201706_geek/style/biye/img/kv001.jpg" class="kvimg"></a></div>
  <div class="kv type2"><a href="#"><img src="template/elec_201706_geek/style/biye/img/kv001.jpg" class="kvimg"></a></div>
</div>]]></item>
				<item id="uid"><![CDATA[1]]></item>
				<item id="username"><![CDATA[admin]]></item>
				<item id="styleid"><![CDATA[0]]></item>
				<item id="blockstyle"><![CDATA[]]></item>
				<item id="picwidth"><![CDATA[0]]></item>
				<item id="picheight"><![CDATA[0]]></item>
				<item id="target"><![CDATA[blank]]></item>
				<item id="dateformat"><![CDATA[Y-m-d]]></item>
				<item id="dateuformat"><![CDATA[0]]></item>
				<item id="script"><![CDATA[blank]]></item>
				<item id="param">
					<item id="content"><![CDATA[<div class=\"down\">
  <p class=\"downtitle\">下载通道<span class=\"down_way\">（共 8 个通道）</span></span></p>
  <ul class=\"down_ul\">
    <li><a href=\"#\" class=\"down_btn\">通道1</a></li>
    <li><a href=\"#\" class=\"down_btn\">通道2</a></li>
    <li><a href=\"#\" class=\"down_btn\">通道3</a></li>
    <li><a href=\"#\" class=\"down_btn\">通道4</a></li>
    <li><a href=\"#\" class=\"down_btn\">通道5</a></li>
    <li><a href=\"#\" class=\"down_btn\">通道6</a></li>
    <li><a href=\"#\" class=\"down_btn\">通道7</a></li>
  </ul>
</div>
<div class=\"help\">
  <p class=\"help_title\">使用说明</p>
  <p class=\"help_content\">这是一段说明文字，用来说明中英文文献传递下载方法</p>
</div>
<div class=\"kvbox\">
  <div class=\"kv type1\"><a href=\"#\"><img src=\"template/elec_201706_geek/style/biye/img/kv001.jpg\" class=\"kvimg\"></a></div>
  <div class=\"kv type2\"><a href=\"#\"><img src=\"template/elec_201706_geek/style/biye/img/kv001.jpg\" class=\"kvimg\"></a></div>
</div>]]></item>
					<item id="items"><![CDATA[10]]></item>
				</item>
				<item id="shownum"><![CDATA[10]]></item>
				<item id="cachetime"><![CDATA[3600]]></item>
				<item id="cachetimerange"><![CDATA[]]></item>
				<item id="punctualupdate"><![CDATA[0]]></item>
				<item id="hidedisplay"><![CDATA[0]]></item>
				<item id="dateline"><![CDATA[1564570479]]></item>
				<item id="notinherited"><![CDATA[0]]></item>
				<item id="isblank"><![CDATA[0]]></item>
			</item>
			<item id="6803">
				<item id="bid"><![CDATA[6803]]></item>
				<item id="blockclass"><![CDATA[html_html]]></item>
				<item id="blocktype"><![CDATA[0]]></item>
				<item id="name"><![CDATA[11]]></item>
				<item id="title"><![CDATA[]]></item>
				<item id="classname"><![CDATA[]]></item>
				<item id="summary"><![CDATA[<div class="down">
  <p class="downtitle">下载通道<span class="down_way">（共 8 个通道）</span></span></p>
  <ul class="down_ul">
    <li><a href="#" class="down_btn">通道1</a></li>
    <li><a href="#" class="down_btn">通道2</a></li>
    <li><a href="#" class="down_btn">通道3</a></li>
    <li><a href="#" class="down_btn">通道4</a></li>
    <li><a href="#" class="down_btn">通道5</a></li>
    <li><a href="#" class="down_btn">通道6</a></li>
    <li><a href="#" class="down_btn">通道7</a></li>
  </ul>
</div>
<div class="help">
  <p class="help_title">使用说明</p>
  <p class="help_content">这是一段说明文字，用来说明中英文文献传递下载方法</p>
</div>
<div class="kvbox">
  <div class="kv type1"><a href="#"><img src="template/elec_201706_geek/style/biye/img/kv001.jpg" class="kvimg"></a></div>
  <div class="kv type2"><a href="#"><img src="template/elec_201706_geek/style/biye/img/kv001.jpg" class="kvimg"></a></div>
</div>]]></item>
				<item id="uid"><![CDATA[1]]></item>
				<item id="username"><![CDATA[admin]]></item>
				<item id="styleid"><![CDATA[0]]></item>
				<item id="blockstyle"><![CDATA[]]></item>
				<item id="picwidth"><![CDATA[0]]></item>
				<item id="picheight"><![CDATA[0]]></item>
				<item id="target"><![CDATA[blank]]></item>
				<item id="dateformat"><![CDATA[Y-m-d]]></item>
				<item id="dateuformat"><![CDATA[0]]></item>
				<item id="script"><![CDATA[blank]]></item>
				<item id="param">
					<item id="content"><![CDATA[<div class=\"down\">
  <p class=\"downtitle\">下载通道<span class=\"down_way\">（共 8 个通道）</span></span></p>
  <ul class=\"down_ul\">
    <li><a href=\"#\" class=\"down_btn\">通道1</a></li>
    <li><a href=\"#\" class=\"down_btn\">通道2</a></li>
    <li><a href=\"#\" class=\"down_btn\">通道3</a></li>
    <li><a href=\"#\" class=\"down_btn\">通道4</a></li>
    <li><a href=\"#\" class=\"down_btn\">通道5</a></li>
    <li><a href=\"#\" class=\"down_btn\">通道6</a></li>
    <li><a href=\"#\" class=\"down_btn\">通道7</a></li>
  </ul>
</div>
<div class=\"help\">
  <p class=\"help_title\">使用说明</p>
  <p class=\"help_content\">这是一段说明文字，用来说明中英文文献传递下载方法</p>
</div>
<div class=\"kvbox\">
  <div class=\"kv type1\"><a href=\"#\"><img src=\"template/elec_201706_geek/style/biye/img/kv001.jpg\" class=\"kvimg\"></a></div>
  <div class=\"kv type2\"><a href=\"#\"><img src=\"template/elec_201706_geek/style/biye/img/kv001.jpg\" class=\"kvimg\"></a></div>
</div>]]></item>
					<item id="items"><![CDATA[10]]></item>
				</item>
				<item id="shownum"><![CDATA[10]]></item>
				<item id="cachetime"><![CDATA[3600]]></item>
				<item id="cachetimerange"><![CDATA[]]></item>
				<item id="punctualupdate"><![CDATA[0]]></item>
				<item id="hidedisplay"><![CDATA[0]]></item>
				<item id="dateline"><![CDATA[1564570542]]></item>
				<item id="notinherited"><![CDATA[0]]></item>
				<item id="isblank"><![CDATA[0]]></item>
			</item>
			<item id="6804">
				<item id="bid"><![CDATA[6804]]></item>
				<item id="blockclass"><![CDATA[html_html]]></item>
				<item id="blocktype"><![CDATA[0]]></item>
				<item id="name"><![CDATA[12]]></item>
				<item id="title"><![CDATA[]]></item>
				<item id="classname"><![CDATA[]]></item>
				<item id="summary"><![CDATA[<div class="down">
  <p class="downtitle">下载通道<span class="down_way">（共 8 个通道）</span></span></p>
  <ul class="down_ul">
    <li><a href="#" class="down_btn">通道1</a></li>
    <li><a href="#" class="down_btn">通道2</a></li>
    <li><a href="#" class="down_btn">通道3</a></li>
    <li><a href="#" class="down_btn">通道4</a></li>
    <li><a href="#" class="down_btn">通道5</a></li>
    <li><a href="#" class="down_btn">通道6</a></li>
    <li><a href="#" class="down_btn">通道7</a></li>
  </ul>
</div>
<div class="help">
  <p class="help_title">使用说明</p>
  <p class="help_content">这是一段说明文字，用来说明中英文文献传递下载方法</p>
</div>
<div class="kvbox">
  <div class="kv type1"><a href="#"><img src="template/elec_201706_geek/style/biye/img/kv001.jpg" class="kvimg"></a></div>
  <div class="kv type2"><a href="#"><img src="template/elec_201706_geek/style/biye/img/kv001.jpg" class="kvimg"></a></div>
</div>]]></item>
				<item id="uid"><![CDATA[1]]></item>
				<item id="username"><![CDATA[admin]]></item>
				<item id="styleid"><![CDATA[0]]></item>
				<item id="blockstyle"><![CDATA[]]></item>
				<item id="picwidth"><![CDATA[0]]></item>
				<item id="picheight"><![CDATA[0]]></item>
				<item id="target"><![CDATA[blank]]></item>
				<item id="dateformat"><![CDATA[Y-m-d]]></item>
				<item id="dateuformat"><![CDATA[0]]></item>
				<item id="script"><![CDATA[blank]]></item>
				<item id="param">
					<item id="content"><![CDATA[<div class=\"down\">
  <p class=\"downtitle\">下载通道<span class=\"down_way\">（共 8 个通道）</span></span></p>
  <ul class=\"down_ul\">
    <li><a href=\"#\" class=\"down_btn\">通道1</a></li>
    <li><a href=\"#\" class=\"down_btn\">通道2</a></li>
    <li><a href=\"#\" class=\"down_btn\">通道3</a></li>
    <li><a href=\"#\" class=\"down_btn\">通道4</a></li>
    <li><a href=\"#\" class=\"down_btn\">通道5</a></li>
    <li><a href=\"#\" class=\"down_btn\">通道6</a></li>
    <li><a href=\"#\" class=\"down_btn\">通道7</a></li>
  </ul>
</div>
<div class=\"help\">
  <p class=\"help_title\">使用说明</p>
  <p class=\"help_content\">这是一段说明文字，用来说明中英文文献传递下载方法</p>
</div>
<div class=\"kvbox\">
  <div class=\"kv type1\"><a href=\"#\"><img src=\"template/elec_201706_geek/style/biye/img/kv001.jpg\" class=\"kvimg\"></a></div>
  <div class=\"kv type2\"><a href=\"#\"><img src=\"template/elec_201706_geek/style/biye/img/kv001.jpg\" class=\"kvimg\"></a></div>
</div>]]></item>
					<item id="items"><![CDATA[10]]></item>
				</item>
				<item id="shownum"><![CDATA[10]]></item>
				<item id="cachetime"><![CDATA[3600]]></item>
				<item id="cachetimerange"><![CDATA[]]></item>
				<item id="punctualupdate"><![CDATA[0]]></item>
				<item id="hidedisplay"><![CDATA[0]]></item>
				<item id="dateline"><![CDATA[1564570554]]></item>
				<item id="notinherited"><![CDATA[0]]></item>
				<item id="isblank"><![CDATA[0]]></item>
			</item>
			<item id="6805">
				<item id="bid"><![CDATA[6805]]></item>
				<item id="blockclass"><![CDATA[html_html]]></item>
				<item id="blocktype"><![CDATA[0]]></item>
				<item id="name"><![CDATA[13]]></item>
				<item id="title"><![CDATA[]]></item>
				<item id="classname"><![CDATA[]]></item>
				<item id="summary"><![CDATA[<div class="down">
  <p class="downtitle">下载通道<span class="down_way">（共 8 个通道）</span></span></p>
  <ul class="down_ul">
    <li><a href="#" class="down_btn">通道1</a></li>
    <li><a href="#" class="down_btn">通道2</a></li>
    <li><a href="#" class="down_btn">通道3</a></li>
    <li><a href="#" class="down_btn">通道4</a></li>
    <li><a href="#" class="down_btn">通道5</a></li>
    <li><a href="#" class="down_btn">通道6</a></li>
    <li><a href="#" class="down_btn">通道7</a></li>
  </ul>
</div>
<div class="help">
  <p class="help_title">使用说明</p>
  <p class="help_content">这是一段说明文字，用来说明中英文文献传递下载方法</p>
</div>
<div class="kvbox">
  <div class="kv type1"><a href="#"><img src="template/elec_201706_geek/style/biye/img/kv001.jpg" class="kvimg"></a></div>
  <div class="kv type2"><a href="#"><img src="template/elec_201706_geek/style/biye/img/kv001.jpg" class="kvimg"></a></div>
</div>]]></item>
				<item id="uid"><![CDATA[1]]></item>
				<item id="username"><![CDATA[admin]]></item>
				<item id="styleid"><![CDATA[0]]></item>
				<item id="blockstyle"><![CDATA[]]></item>
				<item id="picwidth"><![CDATA[0]]></item>
				<item id="picheight"><![CDATA[0]]></item>
				<item id="target"><![CDATA[blank]]></item>
				<item id="dateformat"><![CDATA[Y-m-d]]></item>
				<item id="dateuformat"><![CDATA[0]]></item>
				<item id="script"><![CDATA[blank]]></item>
				<item id="param">
					<item id="content"><![CDATA[<div class=\"down\">
  <p class=\"downtitle\">下载通道<span class=\"down_way\">（共 8 个通道）</span></span></p>
  <ul class=\"down_ul\">
    <li><a href=\"#\" class=\"down_btn\">通道1</a></li>
    <li><a href=\"#\" class=\"down_btn\">通道2</a></li>
    <li><a href=\"#\" class=\"down_btn\">通道3</a></li>
    <li><a href=\"#\" class=\"down_btn\">通道4</a></li>
    <li><a href=\"#\" class=\"down_btn\">通道5</a></li>
    <li><a href=\"#\" class=\"down_btn\">通道6</a></li>
    <li><a href=\"#\" class=\"down_btn\">通道7</a></li>
  </ul>
</div>
<div class=\"help\">
  <p class=\"help_title\">使用说明</p>
  <p class=\"help_content\">这是一段说明文字，用来说明中英文文献传递下载方法</p>
</div>
<div class=\"kvbox\">
  <div class=\"kv type1\"><a href=\"#\"><img src=\"template/elec_201706_geek/style/biye/img/kv001.jpg\" class=\"kvimg\"></a></div>
  <div class=\"kv type2\"><a href=\"#\"><img src=\"template/elec_201706_geek/style/biye/img/kv001.jpg\" class=\"kvimg\"></a></div>
</div>]]></item>
					<item id="items"><![CDATA[10]]></item>
				</item>
				<item id="shownum"><![CDATA[10]]></item>
				<item id="cachetime"><![CDATA[3600]]></item>
				<item id="cachetimerange"><![CDATA[]]></item>
				<item id="punctualupdate"><![CDATA[0]]></item>
				<item id="hidedisplay"><![CDATA[0]]></item>
				<item id="dateline"><![CDATA[1564570574]]></item>
				<item id="notinherited"><![CDATA[0]]></item>
				<item id="isblank"><![CDATA[0]]></item>
			</item>
			<item id="6806">
				<item id="bid"><![CDATA[6806]]></item>
				<item id="blockclass"><![CDATA[html_html]]></item>
				<item id="blocktype"><![CDATA[0]]></item>
				<item id="name"><![CDATA[14]]></item>
				<item id="title"><![CDATA[]]></item>
				<item id="classname"><![CDATA[]]></item>
				<item id="summary"><![CDATA[<div class="down">
  <p class="downtitle">下载通道<span class="down_way">（共 8 个通道）</span></span></p>
  <ul class="down_ul">
    <li><a href="#" class="down_btn">通道1</a></li>
    <li><a href="#" class="down_btn">通道2</a></li>
    <li><a href="#" class="down_btn">通道3</a></li>
    <li><a href="#" class="down_btn">通道4</a></li>
    <li><a href="#" class="down_btn">通道5</a></li>
    <li><a href="#" class="down_btn">通道6</a></li>
    <li><a href="#" class="down_btn">通道7</a></li>
  </ul>
</div>
<div class="help">
  <p class="help_title">使用说明</p>
  <p class="help_content">这是一段说明文字，用来说明中英文文献传递下载方法</p>
</div>
<div class="kvbox">
  <div class="kv type1"><a href="#"><img src="template/elec_201706_geek/style/biye/img/kv001.jpg" class="kvimg"></a></div>
  <div class="kv type2"><a href="#"><img src="template/elec_201706_geek/style/biye/img/kv001.jpg" class="kvimg"></a></div>
</div>]]></item>
				<item id="uid"><![CDATA[1]]></item>
				<item id="username"><![CDATA[admin]]></item>
				<item id="styleid"><![CDATA[0]]></item>
				<item id="blockstyle"><![CDATA[]]></item>
				<item id="picwidth"><![CDATA[0]]></item>
				<item id="picheight"><![CDATA[0]]></item>
				<item id="target"><![CDATA[blank]]></item>
				<item id="dateformat"><![CDATA[Y-m-d]]></item>
				<item id="dateuformat"><![CDATA[0]]></item>
				<item id="script"><![CDATA[blank]]></item>
				<item id="param">
					<item id="content"><![CDATA[<div class=\"down\">
  <p class=\"downtitle\">下载通道<span class=\"down_way\">（共 8 个通道）</span></span></p>
  <ul class=\"down_ul\">
    <li><a href=\"#\" class=\"down_btn\">通道1</a></li>
    <li><a href=\"#\" class=\"down_btn\">通道2</a></li>
    <li><a href=\"#\" class=\"down_btn\">通道3</a></li>
    <li><a href=\"#\" class=\"down_btn\">通道4</a></li>
    <li><a href=\"#\" class=\"down_btn\">通道5</a></li>
    <li><a href=\"#\" class=\"down_btn\">通道6</a></li>
    <li><a href=\"#\" class=\"down_btn\">通道7</a></li>
  </ul>
</div>
<div class=\"help\">
  <p class=\"help_title\">使用说明</p>
  <p class=\"help_content\">这是一段说明文字，用来说明中英文文献传递下载方法</p>
</div>
<div class=\"kvbox\">
  <div class=\"kv type1\"><a href=\"#\"><img src=\"template/elec_201706_geek/style/biye/img/kv001.jpg\" class=\"kvimg\"></a></div>
  <div class=\"kv type2\"><a href=\"#\"><img src=\"template/elec_201706_geek/style/biye/img/kv001.jpg\" class=\"kvimg\"></a></div>
</div>]]></item>
					<item id="items"><![CDATA[10]]></item>
				</item>
				<item id="shownum"><![CDATA[10]]></item>
				<item id="cachetime"><![CDATA[3600]]></item>
				<item id="cachetimerange"><![CDATA[]]></item>
				<item id="punctualupdate"><![CDATA[0]]></item>
				<item id="hidedisplay"><![CDATA[0]]></item>
				<item id="dateline"><![CDATA[1564570590]]></item>
				<item id="notinherited"><![CDATA[0]]></item>
				<item id="isblank"><![CDATA[0]]></item>
			</item>
			<item id="6807">
				<item id="bid"><![CDATA[6807]]></item>
				<item id="blockclass"><![CDATA[html_html]]></item>
				<item id="blocktype"><![CDATA[0]]></item>
				<item id="name"><![CDATA[15]]></item>
				<item id="title"><![CDATA[]]></item>
				<item id="classname"><![CDATA[]]></item>
				<item id="summary"><![CDATA[<div class="down">
  <p class="downtitle">下载通道<span class="down_way">（共 8 个通道）</span></span></p>
  <ul class="down_ul">
    <li><a href="#" class="down_btn">通道1</a></li>
    <li><a href="#" class="down_btn">通道2</a></li>
    <li><a href="#" class="down_btn">通道3</a></li>
    <li><a href="#" class="down_btn">通道4</a></li>
    <li><a href="#" class="down_btn">通道5</a></li>
    <li><a href="#" class="down_btn">通道6</a></li>
    <li><a href="#" class="down_btn">通道7</a></li>
  </ul>
</div>
<div class="help">
  <p class="help_title">使用说明</p>
  <p class="help_content">这是一段说明文字，用来说明中英文文献传递下载方法</p>
</div>
<div class="kvbox">
  <div class="kv type1"><a href="#"><img src="template/elec_201706_geek/style/biye/img/kv001.jpg" class="kvimg"></a></div>
  <div class="kv type2"><a href="#"><img src="template/elec_201706_geek/style/biye/img/kv001.jpg" class="kvimg"></a></div>
</div>]]></item>
				<item id="uid"><![CDATA[1]]></item>
				<item id="username"><![CDATA[admin]]></item>
				<item id="styleid"><![CDATA[0]]></item>
				<item id="blockstyle"><![CDATA[]]></item>
				<item id="picwidth"><![CDATA[0]]></item>
				<item id="picheight"><![CDATA[0]]></item>
				<item id="target"><![CDATA[blank]]></item>
				<item id="dateformat"><![CDATA[Y-m-d]]></item>
				<item id="dateuformat"><![CDATA[0]]></item>
				<item id="script"><![CDATA[blank]]></item>
				<item id="param">
					<item id="content"><![CDATA[<div class=\"down\">
  <p class=\"downtitle\">下载通道<span class=\"down_way\">（共 8 个通道）</span></span></p>
  <ul class=\"down_ul\">
    <li><a href=\"#\" class=\"down_btn\">通道1</a></li>
    <li><a href=\"#\" class=\"down_btn\">通道2</a></li>
    <li><a href=\"#\" class=\"down_btn\">通道3</a></li>
    <li><a href=\"#\" class=\"down_btn\">通道4</a></li>
    <li><a href=\"#\" class=\"down_btn\">通道5</a></li>
    <li><a href=\"#\" class=\"down_btn\">通道6</a></li>
    <li><a href=\"#\" class=\"down_btn\">通道7</a></li>
  </ul>
</div>
<div class=\"help\">
  <p class=\"help_title\">使用说明</p>
  <p class=\"help_content\">这是一段说明文字，用来说明中英文文献传递下载方法</p>
</div>
<div class=\"kvbox\">
  <div class=\"kv type1\"><a href=\"#\"><img src=\"template/elec_201706_geek/style/biye/img/kv001.jpg\" class=\"kvimg\"></a></div>
  <div class=\"kv type2\"><a href=\"#\"><img src=\"template/elec_201706_geek/style/biye/img/kv001.jpg\" class=\"kvimg\"></a></div>
</div>]]></item>
					<item id="items"><![CDATA[10]]></item>
				</item>
				<item id="shownum"><![CDATA[10]]></item>
				<item id="cachetime"><![CDATA[3600]]></item>
				<item id="cachetimerange"><![CDATA[]]></item>
				<item id="punctualupdate"><![CDATA[0]]></item>
				<item id="hidedisplay"><![CDATA[0]]></item>
				<item id="dateline"><![CDATA[1564570606]]></item>
				<item id="notinherited"><![CDATA[0]]></item>
				<item id="isblank"><![CDATA[0]]></item>
			</item>
			<item id="6808">
				<item id="bid"><![CDATA[6808]]></item>
				<item id="blockclass"><![CDATA[html_html]]></item>
				<item id="blocktype"><![CDATA[0]]></item>
				<item id="name"><![CDATA[16]]></item>
				<item id="title"><![CDATA[]]></item>
				<item id="classname"><![CDATA[]]></item>
				<item id="summary"><![CDATA[<div class="down">
  <p class="downtitle">下载通道<span class="down_way">（共 8 个通道）</span></span></p>
  <ul class="down_ul">
    <li><a href="#" class="down_btn">通道1</a></li>
    <li><a href="#" class="down_btn">通道2</a></li>
    <li><a href="#" class="down_btn">通道3</a></li>
    <li><a href="#" class="down_btn">通道4</a></li>
    <li><a href="#" class="down_btn">通道5</a></li>
    <li><a href="#" class="down_btn">通道6</a></li>
    <li><a href="#" class="down_btn">通道7</a></li>
  </ul>
</div>
<div class="help">
  <p class="help_title">使用说明</p>
  <p class="help_content">这是一段说明文字，用来说明中英文文献传递下载方法</p>
</div>
<div class="kvbox">
  <div class="kv type1"><a href="#"><img src="template/elec_201706_geek/style/biye/img/kv001.jpg" class="kvimg"></a></div>
  <div class="kv type2"><a href="#"><img src="template/elec_201706_geek/style/biye/img/kv001.jpg" class="kvimg"></a></div>
</div>]]></item>
				<item id="uid"><![CDATA[1]]></item>
				<item id="username"><![CDATA[admin]]></item>
				<item id="styleid"><![CDATA[0]]></item>
				<item id="blockstyle"><![CDATA[]]></item>
				<item id="picwidth"><![CDATA[0]]></item>
				<item id="picheight"><![CDATA[0]]></item>
				<item id="target"><![CDATA[blank]]></item>
				<item id="dateformat"><![CDATA[Y-m-d]]></item>
				<item id="dateuformat"><![CDATA[0]]></item>
				<item id="script"><![CDATA[blank]]></item>
				<item id="param">
					<item id="content"><![CDATA[<div class=\"down\">
  <p class=\"downtitle\">下载通道<span class=\"down_way\">（共 8 个通道）</span></span></p>
  <ul class=\"down_ul\">
    <li><a href=\"#\" class=\"down_btn\">通道1</a></li>
    <li><a href=\"#\" class=\"down_btn\">通道2</a></li>
    <li><a href=\"#\" class=\"down_btn\">通道3</a></li>
    <li><a href=\"#\" class=\"down_btn\">通道4</a></li>
    <li><a href=\"#\" class=\"down_btn\">通道5</a></li>
    <li><a href=\"#\" class=\"down_btn\">通道6</a></li>
    <li><a href=\"#\" class=\"down_btn\">通道7</a></li>
  </ul>
</div>
<div class=\"help\">
  <p class=\"help_title\">使用说明</p>
  <p class=\"help_content\">这是一段说明文字，用来说明中英文文献传递下载方法</p>
</div>
<div class=\"kvbox\">
  <div class=\"kv type1\"><a href=\"#\"><img src=\"template/elec_201706_geek/style/biye/img/kv001.jpg\" class=\"kvimg\"></a></div>
  <div class=\"kv type2\"><a href=\"#\"><img src=\"template/elec_201706_geek/style/biye/img/kv001.jpg\" class=\"kvimg\"></a></div>
</div>]]></item>
					<item id="items"><![CDATA[10]]></item>
				</item>
				<item id="shownum"><![CDATA[10]]></item>
				<item id="cachetime"><![CDATA[3600]]></item>
				<item id="cachetimerange"><![CDATA[]]></item>
				<item id="punctualupdate"><![CDATA[0]]></item>
				<item id="hidedisplay"><![CDATA[0]]></item>
				<item id="dateline"><![CDATA[1564570631]]></item>
				<item id="notinherited"><![CDATA[0]]></item>
				<item id="isblank"><![CDATA[0]]></item>
			</item>
			<item id="6809">
				<item id="bid"><![CDATA[6809]]></item>
				<item id="blockclass"><![CDATA[html_html]]></item>
				<item id="blocktype"><![CDATA[0]]></item>
				<item id="name"><![CDATA[17]]></item>
				<item id="title"><![CDATA[]]></item>
				<item id="classname"><![CDATA[]]></item>
				<item id="summary"><![CDATA[<div class="down">
  <p class="downtitle">下载通道<span class="down_way">（共 8 个通道）</span></span></p>
  <ul class="down_ul">
    <li><a href="#" class="down_btn">通道1</a></li>
    <li><a href="#" class="down_btn">通道2</a></li>
    <li><a href="#" class="down_btn">通道3</a></li>
    <li><a href="#" class="down_btn">通道4</a></li>
    <li><a href="#" class="down_btn">通道5</a></li>
    <li><a href="#" class="down_btn">通道6</a></li>
    <li><a href="#" class="down_btn">通道7</a></li>
  </ul>
</div>
<div class="help">
  <p class="help_title">使用说明</p>
  <p class="help_content">这是一段说明文字，用来说明中英文文献传递下载方法</p>
</div>
<div class="kvbox">
  <div class="kv type1"><a href="#"><img src="template/elec_201706_geek/style/biye/img/kv001.jpg" class="kvimg"></a></div>
  <div class="kv type2"><a href="#"><img src="template/elec_201706_geek/style/biye/img/kv001.jpg" class="kvimg"></a></div>
</div>]]></item>
				<item id="uid"><![CDATA[1]]></item>
				<item id="username"><![CDATA[admin]]></item>
				<item id="styleid"><![CDATA[0]]></item>
				<item id="blockstyle"><![CDATA[]]></item>
				<item id="picwidth"><![CDATA[0]]></item>
				<item id="picheight"><![CDATA[0]]></item>
				<item id="target"><![CDATA[blank]]></item>
				<item id="dateformat"><![CDATA[Y-m-d]]></item>
				<item id="dateuformat"><![CDATA[0]]></item>
				<item id="script"><![CDATA[blank]]></item>
				<item id="param">
					<item id="content"><![CDATA[<div class=\"down\">
  <p class=\"downtitle\">下载通道<span class=\"down_way\">（共 8 个通道）</span></span></p>
  <ul class=\"down_ul\">
    <li><a href=\"#\" class=\"down_btn\">通道1</a></li>
    <li><a href=\"#\" class=\"down_btn\">通道2</a></li>
    <li><a href=\"#\" class=\"down_btn\">通道3</a></li>
    <li><a href=\"#\" class=\"down_btn\">通道4</a></li>
    <li><a href=\"#\" class=\"down_btn\">通道5</a></li>
    <li><a href=\"#\" class=\"down_btn\">通道6</a></li>
    <li><a href=\"#\" class=\"down_btn\">通道7</a></li>
  </ul>
</div>
<div class=\"help\">
  <p class=\"help_title\">使用说明</p>
  <p class=\"help_content\">这是一段说明文字，用来说明中英文文献传递下载方法</p>
</div>
<div class=\"kvbox\">
  <div class=\"kv type1\"><a href=\"#\"><img src=\"template/elec_201706_geek/style/biye/img/kv001.jpg\" class=\"kvimg\"></a></div>
  <div class=\"kv type2\"><a href=\"#\"><img src=\"template/elec_201706_geek/style/biye/img/kv001.jpg\" class=\"kvimg\"></a></div>
</div>]]></item>
					<item id="items"><![CDATA[10]]></item>
				</item>
				<item id="shownum"><![CDATA[10]]></item>
				<item id="cachetime"><![CDATA[3600]]></item>
				<item id="cachetimerange"><![CDATA[]]></item>
				<item id="punctualupdate"><![CDATA[0]]></item>
				<item id="hidedisplay"><![CDATA[0]]></item>
				<item id="dateline"><![CDATA[1564570644]]></item>
				<item id="notinherited"><![CDATA[0]]></item>
				<item id="isblank"><![CDATA[0]]></item>
			</item>
			<item id="6810">
				<item id="bid"><![CDATA[6810]]></item>
				<item id="blockclass"><![CDATA[html_html]]></item>
				<item id="blocktype"><![CDATA[0]]></item>
				<item id="name"><![CDATA[18]]></item>
				<item id="title"><![CDATA[]]></item>
				<item id="classname"><![CDATA[]]></item>
				<item id="summary"><![CDATA[<div class="down">
  <p class="downtitle">下载通道<span class="down_way">（共 8 个通道）</span></span></p>
  <ul class="down_ul">
    <li><a href="#" class="down_btn">通道1</a></li>
    <li><a href="#" class="down_btn">通道2</a></li>
    <li><a href="#" class="down_btn">通道3</a></li>
    <li><a href="#" class="down_btn">通道4</a></li>
    <li><a href="#" class="down_btn">通道5</a></li>
    <li><a href="#" class="down_btn">通道6</a></li>
    <li><a href="#" class="down_btn">通道7</a></li>
  </ul>
</div>
<div class="help">
  <p class="help_title">使用说明</p>
  <p class="help_content">这是一段说明文字，用来说明中英文文献传递下载方法</p>
</div>
<div class="kvbox">
  <div class="kv type1"><a href="#"><img src="template/elec_201706_geek/style/biye/img/kv001.jpg" class="kvimg"></a></div>
  <div class="kv type2"><a href="#"><img src="template/elec_201706_geek/style/biye/img/kv001.jpg" class="kvimg"></a></div>
</div>]]></item>
				<item id="uid"><![CDATA[1]]></item>
				<item id="username"><![CDATA[admin]]></item>
				<item id="styleid"><![CDATA[0]]></item>
				<item id="blockstyle"><![CDATA[]]></item>
				<item id="picwidth"><![CDATA[0]]></item>
				<item id="picheight"><![CDATA[0]]></item>
				<item id="target"><![CDATA[blank]]></item>
				<item id="dateformat"><![CDATA[Y-m-d]]></item>
				<item id="dateuformat"><![CDATA[0]]></item>
				<item id="script"><![CDATA[blank]]></item>
				<item id="param">
					<item id="content"><![CDATA[<div class=\"down\">
  <p class=\"downtitle\">下载通道<span class=\"down_way\">（共 8 个通道）</span></span></p>
  <ul class=\"down_ul\">
    <li><a href=\"#\" class=\"down_btn\">通道1</a></li>
    <li><a href=\"#\" class=\"down_btn\">通道2</a></li>
    <li><a href=\"#\" class=\"down_btn\">通道3</a></li>
    <li><a href=\"#\" class=\"down_btn\">通道4</a></li>
    <li><a href=\"#\" class=\"down_btn\">通道5</a></li>
    <li><a href=\"#\" class=\"down_btn\">通道6</a></li>
    <li><a href=\"#\" class=\"down_btn\">通道7</a></li>
  </ul>
</div>
<div class=\"help\">
  <p class=\"help_title\">使用说明</p>
  <p class=\"help_content\">这是一段说明文字，用来说明中英文文献传递下载方法</p>
</div>
<div class=\"kvbox\">
  <div class=\"kv type1\"><a href=\"#\"><img src=\"template/elec_201706_geek/style/biye/img/kv001.jpg\" class=\"kvimg\"></a></div>
  <div class=\"kv type2\"><a href=\"#\"><img src=\"template/elec_201706_geek/style/biye/img/kv001.jpg\" class=\"kvimg\"></a></div>
</div>]]></item>
					<item id="items"><![CDATA[10]]></item>
				</item>
				<item id="shownum"><![CDATA[10]]></item>
				<item id="cachetime"><![CDATA[3600]]></item>
				<item id="cachetimerange"><![CDATA[]]></item>
				<item id="punctualupdate"><![CDATA[0]]></item>
				<item id="hidedisplay"><![CDATA[0]]></item>
				<item id="dateline"><![CDATA[1564570663]]></item>
				<item id="notinherited"><![CDATA[0]]></item>
				<item id="isblank"><![CDATA[0]]></item>
			</item>
			<item id="6811">
				<item id="bid"><![CDATA[6811]]></item>
				<item id="blockclass"><![CDATA[html_html]]></item>
				<item id="blocktype"><![CDATA[0]]></item>
				<item id="name"><![CDATA[19]]></item>
				<item id="title"><![CDATA[]]></item>
				<item id="classname"><![CDATA[]]></item>
				<item id="summary"><![CDATA[<div class="down">
  <p class="downtitle">下载通道<span class="down_way">（共 8 个通道）</span></span></p>
  <ul class="down_ul">
    <li><a href="#" class="down_btn">通道1</a></li>
    <li><a href="#" class="down_btn">通道2</a></li>
    <li><a href="#" class="down_btn">通道3</a></li>
    <li><a href="#" class="down_btn">通道4</a></li>
    <li><a href="#" class="down_btn">通道5</a></li>
    <li><a href="#" class="down_btn">通道6</a></li>
    <li><a href="#" class="down_btn">通道7</a></li>
  </ul>
</div>
<div class="help">
  <p class="help_title">使用说明</p>
  <p class="help_content">这是一段说明文字，用来说明中英文文献传递下载方法</p>
</div>
<div class="kvbox">
  <div class="kv type1"><a href="#"><img src="template/elec_201706_geek/style/biye/img/kv001.jpg" class="kvimg"></a></div>
  <div class="kv type2"><a href="#"><img src="template/elec_201706_geek/style/biye/img/kv001.jpg" class="kvimg"></a></div>
</div>]]></item>
				<item id="uid"><![CDATA[1]]></item>
				<item id="username"><![CDATA[admin]]></item>
				<item id="styleid"><![CDATA[0]]></item>
				<item id="blockstyle"><![CDATA[]]></item>
				<item id="picwidth"><![CDATA[0]]></item>
				<item id="picheight"><![CDATA[0]]></item>
				<item id="target"><![CDATA[blank]]></item>
				<item id="dateformat"><![CDATA[Y-m-d]]></item>
				<item id="dateuformat"><![CDATA[0]]></item>
				<item id="script"><![CDATA[blank]]></item>
				<item id="param">
					<item id="content"><![CDATA[<div class=\"down\">
  <p class=\"downtitle\">下载通道<span class=\"down_way\">（共 8 个通道）</span></span></p>
  <ul class=\"down_ul\">
    <li><a href=\"#\" class=\"down_btn\">通道1</a></li>
    <li><a href=\"#\" class=\"down_btn\">通道2</a></li>
    <li><a href=\"#\" class=\"down_btn\">通道3</a></li>
    <li><a href=\"#\" class=\"down_btn\">通道4</a></li>
    <li><a href=\"#\" class=\"down_btn\">通道5</a></li>
    <li><a href=\"#\" class=\"down_btn\">通道6</a></li>
    <li><a href=\"#\" class=\"down_btn\">通道7</a></li>
  </ul>
</div>
<div class=\"help\">
  <p class=\"help_title\">使用说明</p>
  <p class=\"help_content\">这是一段说明文字，用来说明中英文文献传递下载方法</p>
</div>
<div class=\"kvbox\">
  <div class=\"kv type1\"><a href=\"#\"><img src=\"template/elec_201706_geek/style/biye/img/kv001.jpg\" class=\"kvimg\"></a></div>
  <div class=\"kv type2\"><a href=\"#\"><img src=\"template/elec_201706_geek/style/biye/img/kv001.jpg\" class=\"kvimg\"></a></div>
</div>]]></item>
					<item id="items"><![CDATA[10]]></item>
				</item>
				<item id="shownum"><![CDATA[10]]></item>
				<item id="cachetime"><![CDATA[3600]]></item>
				<item id="cachetimerange"><![CDATA[]]></item>
				<item id="punctualupdate"><![CDATA[0]]></item>
				<item id="hidedisplay"><![CDATA[0]]></item>
				<item id="dateline"><![CDATA[1564570674]]></item>
				<item id="notinherited"><![CDATA[0]]></item>
				<item id="isblank"><![CDATA[0]]></item>
			</item>
		</item>
		<item id="style">
		</item>
	</item>
</root>
