<?xml version="1.0" encoding="ISO-8859-1"?>
<root>
	<item id="spacecss"><![CDATA[#frameMTX9xT { background-color:#ffffff !important;background-image:none !important;border:#ff6600 2px solid !important;margin-top:10px !important;margin-right:0px !important;margin-bottom:20px !important;margin-left:0px !important;}#portal_block_926 { border:#ff6600 1px dotted !important;margin:5px !important;}#portal_block_926 .dxb_bc { margin:5px !important;}#portal_block_928 { border:#ff6600 1px dotted !important;margin:5px !important;}#portal_block_928 .dxb_bc { margin:5px !important;}#portal_block_929 { border:#ff6600 1px dotted !important;margin:5px !important;}#portal_block_929 .dxb_bc { margin:5px !important;}#portal_block_931 { border:#ff6600 1px dotted !important;margin:5px !important;}#portal_block_931 .dxb_bc { margin:5px !important;}#portal_block_932 { border:#ff6600 1px dotted !important;margin:5px !important;}#portal_block_932 .dxb_bc { margin:5px !important;}]]></item>
	<item id="style"><![CDATA[static/topic/t1/style.css]]></item>
	<item id="layoutdata">
		<item id="diypage">
			<item id="frame`frameMTX9xT">
				<item id="attr">
					<item id="name"><![CDATA[frameMTX9xT]]></item>
					<item id="moveable"><![CDATA[true]]></item>
					<item id="className"><![CDATA[cl_frame_bm frame move-span cl frame-1]]></item>
					<item id="titles">
						<item id="className">
							<item id="0"><![CDATA[title frame-title]]></item>
						</item>
						<item id="style">
							<item id="background-image"><![CDATA[none]]></item>
							<item id="background-repeat"><![CDATA[repeat]]></item>
							<item id="background-color"><![CDATA[rgb(255, 102, 0)]]></item>
						</item>
						<item id="first">
							<item id="text"><![CDATA[手机版门户首页模块（下面模块的样式无所谓，只是调用这些模块的数据）]]></item>
							<item id="href"><![CDATA[]]></item>
							<item id="color"><![CDATA[rgb(255, 255, 255)]]></item>
							<item id="float"><![CDATA[]]></item>
							<item id="margin"><![CDATA[]]></item>
							<item id="font-size"><![CDATA[20]]></item>
							<item id="className"><![CDATA[titletext]]></item>
							<item id="src"><![CDATA[]]></item>
						</item>
					</item>
				</item>
				<item id="column`frameMTX9xT_left">
					<item id="attr">
						<item id="name"><![CDATA[frameMTX9xT_left]]></item>
						<item id="className"><![CDATA[column frame-1-c]]></item>
					</item>
					<item id="frame`framekbu429">
						<item id="attr">
							<item id="name"><![CDATA[framekbu429]]></item>
							<item id="moveable"><![CDATA[true]]></item>
							<item id="className"><![CDATA[cl_frame_bm frame move-span cl frame-1]]></item>
							<item id="titles"><![CDATA[]]></item>
						</item>
						<item id="column`framekbu429_left">
							<item id="attr">
								<item id="name"><![CDATA[framekbu429_left]]></item>
								<item id="className"><![CDATA[column frame-1-c]]></item>
							</item>
							<item id="block`portal_block_926">
								<item id="attr">
									<item id="name"><![CDATA[portal_block_926]]></item>
									<item id="className"><![CDATA[cl_block_bm block move-span]]></item>
									<item id="titles">
										<item id="className">
											<item id="0"><![CDATA[blocktitle title]]></item>
										</item>
										<item id="style">
											<item id="background-image"><![CDATA[none]]></item>
											<item id="background-repeat"><![CDATA[repeat]]></item>
											<item id="background-color"><![CDATA[rgb(204, 204, 204)]]></item>
										</item>
										<item id="first">
											<item id="text"><![CDATA[幻灯片]]></item>
											<item id="href"><![CDATA[]]></item>
											<item id="color"><![CDATA[]]></item>
											<item id="float"><![CDATA[]]></item>
											<item id="margin"><![CDATA[]]></item>
											<item id="font-size"><![CDATA[]]></item>
											<item id="className"><![CDATA[titletext]]></item>
											<item id="src"><![CDATA[]]></item>
										</item>
									</item>
								</item>
							</item>
							<item id="frame`frame3S9hh4">
								<item id="attr">
									<item id="name"><![CDATA[frame3S9hh4]]></item>
									<item id="moveable"><![CDATA[true]]></item>
									<item id="className"><![CDATA[cl_frame_bm frame move-span cl frame-1-1]]></item>
									<item id="titles"><![CDATA[]]></item>
								</item>
								<item id="column`frame3S9hh4_left">
									<item id="attr">
										<item id="name"><![CDATA[frame3S9hh4_left]]></item>
										<item id="className"><![CDATA[column frame-1-1-l]]></item>
									</item>
									<item id="block`portal_block_928">
										<item id="attr">
											<item id="name"><![CDATA[portal_block_928]]></item>
											<item id="className"><![CDATA[cl_block_bm block move-span]]></item>
											<item id="titles">
												<item id="0">
													<item id="text"><![CDATA[您想要的也许不是更多，而是更好]]></item>
													<item id="href"><![CDATA[]]></item>
													<item id="color"><![CDATA[]]></item>
													<item id="float"><![CDATA[right]]></item>
													<item id="margin"><![CDATA[]]></item>
													<item id="font-size"><![CDATA[]]></item>
													<item id="className"><![CDATA[subtitle]]></item>
													<item id="src"><![CDATA[]]></item>
												</item>
												<item id="className">
													<item id="0"><![CDATA[blocktitle title]]></item>
												</item>
												<item id="style">
													<item id="background-repeat"><![CDATA[repeat]]></item>
												</item>
												<item id="first">
													<item id="text"><![CDATA[发现好资源]]></item>
													<item id="href"><![CDATA[]]></item>
													<item id="color"><![CDATA[]]></item>
													<item id="float"><![CDATA[]]></item>
													<item id="margin"><![CDATA[]]></item>
													<item id="font-size"><![CDATA[]]></item>
													<item id="className"><![CDATA[titletext]]></item>
													<item id="src"><![CDATA[]]></item>
												</item>
											</item>
										</item>
									</item>
								</item>
								<item id="column`frame3S9hh4_center">
									<item id="attr">
										<item id="name"><![CDATA[frame3S9hh4_center]]></item>
										<item id="className"><![CDATA[column frame-1-1-r]]></item>
									</item>
									<item id="block`portal_block_929">
										<item id="attr">
											<item id="name"><![CDATA[portal_block_929]]></item>
											<item id="className"><![CDATA[cl_block_bm block move-span]]></item>
											<item id="titles">
												<item id="0">
													<item id="text"><![CDATA[海量更新，停不下来]]></item>
													<item id="href"><![CDATA[]]></item>
													<item id="color"><![CDATA[]]></item>
													<item id="float"><![CDATA[right]]></item>
													<item id="margin"><![CDATA[]]></item>
													<item id="font-size"><![CDATA[]]></item>
													<item id="className"><![CDATA[subtitle]]></item>
													<item id="src"><![CDATA[]]></item>
												</item>
												<item id="className">
													<item id="0"><![CDATA[blocktitle title]]></item>
												</item>
												<item id="style">
													<item id="background-repeat"><![CDATA[repeat]]></item>
												</item>
												<item id="first">
													<item id="text"><![CDATA[最新资源]]></item>
													<item id="href"><![CDATA[]]></item>
													<item id="color"><![CDATA[]]></item>
													<item id="float"><![CDATA[]]></item>
													<item id="margin"><![CDATA[]]></item>
													<item id="font-size"><![CDATA[]]></item>
													<item id="className"><![CDATA[titletext]]></item>
													<item id="src"><![CDATA[]]></item>
												</item>
											</item>
										</item>
									</item>
								</item>
							</item>
						</item>
					</item>
					<item id="frame`framez6CLlp">
						<item id="attr">
							<item id="name"><![CDATA[framez6CLlp]]></item>
							<item id="moveable"><![CDATA[true]]></item>
							<item id="className"><![CDATA[cl_frame_bm frame move-span cl frame-1-1]]></item>
							<item id="titles"><![CDATA[]]></item>
						</item>
						<item id="column`framez6CLlp_left">
							<item id="attr">
								<item id="name"><![CDATA[framez6CLlp_left]]></item>
								<item id="className"><![CDATA[column frame-1-1-l]]></item>
							</item>
							<item id="block`portal_block_931">
								<item id="attr">
									<item id="name"><![CDATA[portal_block_931]]></item>
									<item id="className"><![CDATA[cl_block_bm block move-span]]></item>
									<item id="titles">
										<item id="0">
											<item id="text"><![CDATA[热门推荐，一秒懂你]]></item>
											<item id="href"><![CDATA[]]></item>
											<item id="color"><![CDATA[]]></item>
											<item id="float"><![CDATA[right]]></item>
											<item id="margin"><![CDATA[]]></item>
											<item id="font-size"><![CDATA[]]></item>
											<item id="className"><![CDATA[subtitle]]></item>
											<item id="src"><![CDATA[]]></item>
										</item>
										<item id="className">
											<item id="0"><![CDATA[blocktitle title]]></item>
										</item>
										<item id="style">
											<item id="background-repeat"><![CDATA[repeat]]></item>
										</item>
										<item id="first">
											<item id="text"><![CDATA[最热资源]]></item>
											<item id="href"><![CDATA[]]></item>
											<item id="color"><![CDATA[]]></item>
											<item id="float"><![CDATA[]]></item>
											<item id="margin"><![CDATA[]]></item>
											<item id="font-size"><![CDATA[]]></item>
											<item id="className"><![CDATA[titletext]]></item>
											<item id="src"><![CDATA[]]></item>
										</item>
									</item>
								</item>
							</item>
						</item>
						<item id="column`framez6CLlp_center">
							<item id="attr">
								<item id="name"><![CDATA[framez6CLlp_center]]></item>
								<item id="className"><![CDATA[column frame-1-1-r]]></item>
							</item>
							<item id="block`portal_block_932">
								<item id="attr">
									<item id="name"><![CDATA[portal_block_932]]></item>
									<item id="className"><![CDATA[cl_block_bm block move-span]]></item>
									<item id="titles">
										<item id="0">
											<item id="text"><![CDATA[最新的行业动态报道]]></item>
											<item id="href"><![CDATA[]]></item>
											<item id="color"><![CDATA[]]></item>
											<item id="float"><![CDATA[right]]></item>
											<item id="margin"><![CDATA[]]></item>
											<item id="font-size"><![CDATA[]]></item>
											<item id="className"><![CDATA[subtitle]]></item>
											<item id="src"><![CDATA[]]></item>
										</item>
										<item id="className">
											<item id="0"><![CDATA[blocktitle title]]></item>
										</item>
										<item id="style">
											<item id="background-repeat"><![CDATA[repeat]]></item>
										</item>
										<item id="first">
											<item id="text"><![CDATA[新闻资讯]]></item>
											<item id="href"><![CDATA[]]></item>
											<item id="color"><![CDATA[]]></item>
											<item id="float"><![CDATA[]]></item>
											<item id="margin"><![CDATA[]]></item>
											<item id="font-size"><![CDATA[]]></item>
											<item id="className"><![CDATA[titletext]]></item>
											<item id="src"><![CDATA[]]></item>
										</item>
									</item>
								</item>
							</item>
						</item>
					</item>
				</item>
			</item>
		</item>
	</item>
	<item id="blockdata">
		<item id="block">
			<item id="926">
				<item id="bid"><![CDATA[926]]></item>
				<item id="blockclass"><![CDATA[forum_thread]]></item>
				<item id="blocktype"><![CDATA[0]]></item>
				<item id="name"><![CDATA[资源分类门户首页幻灯片]]></item>
				<item id="title"><![CDATA[<div class="blocktitle title" style="background-image: none; background-repeat: repeat; background-color: rgb(204, 204, 204);"><span class="titletext" style="float:;margin-left:px;font-size:;color: !important;">幻灯片</span></div>]]></item>
				<item id="classname"><![CDATA[cl_block_bm]]></item>
				<item id="summary"><![CDATA[]]></item>
				<item id="uid"><![CDATA[1]]></item>
				<item id="username"><![CDATA[admin]]></item>
				<item id="styleid"><![CDATA[110]]></item>
				<item id="blockstyle"><![CDATA[]]></item>
				<item id="picwidth"><![CDATA[600]]></item>
				<item id="picheight"><![CDATA[300]]></item>
				<item id="target"><![CDATA[blank]]></item>
				<item id="dateformat"><![CDATA[Y-m-d]]></item>
				<item id="dateuformat"><![CDATA[1]]></item>
				<item id="script"><![CDATA[thread]]></item>
				<item id="param">
					<item id="tids"><![CDATA[]]></item>
					<item id="uids"><![CDATA[]]></item>
					<item id="keyword"><![CDATA[]]></item>
					<item id="tagkeyword"><![CDATA[]]></item>
					<item id="typeids"><![CDATA[]]></item>
					<item id="recommend"><![CDATA[0]]></item>
					<item id="viewmod"><![CDATA[0]]></item>
					<item id="rewardstatus"><![CDATA[0]]></item>
					<item id="picrequired"><![CDATA[1]]></item>
					<item id="orderby"><![CDATA[lastpost]]></item>
					<item id="postdateline"><![CDATA[0]]></item>
					<item id="lastpost"><![CDATA[0]]></item>
					<item id="highlight"><![CDATA[0]]></item>
					<item id="titlelength"><![CDATA[100]]></item>
					<item id="summarylength"><![CDATA[100]]></item>
					<item id="startrow"><![CDATA[0]]></item>
					<item id="items"><![CDATA[5]]></item>
				</item>
				<item id="shownum"><![CDATA[5]]></item>
				<item id="cachetime"><![CDATA[60]]></item>
				<item id="cachetimerange"><![CDATA[]]></item>
				<item id="punctualupdate"><![CDATA[0]]></item>
				<item id="hidedisplay"><![CDATA[0]]></item>
				<item id="dateline"><![CDATA[1569226872]]></item>
				<item id="notinherited"><![CDATA[0]]></item>
				<item id="isblank"><![CDATA[0]]></item>
			</item>
			<item id="928">
				<item id="bid"><![CDATA[928]]></item>
				<item id="blockclass"><![CDATA[forum_thread]]></item>
				<item id="blocktype"><![CDATA[0]]></item>
				<item id="name"><![CDATA[资源分类门户首页发现好资源]]></item>
				<item id="title"><![CDATA[<div class="blocktitle title" style="background-repeat: repeat;"><span class="titletext" style="float:;margin-left:px;font-size:;color: !important;">发现好资源</span><span class="subtitle" style="float:right;margin-right:px;font-size:;color: !important;">您想要的也许不是更多，而是更好</span></div>]]></item>
				<item id="classname"><![CDATA[cl_block_bm]]></item>
				<item id="summary"><![CDATA[]]></item>
				<item id="uid"><![CDATA[1]]></item>
				<item id="username"><![CDATA[admin]]></item>
				<item id="styleid"><![CDATA[111]]></item>
				<item id="blockstyle"><![CDATA[]]></item>
				<item id="picwidth"><![CDATA[200]]></item>
				<item id="picheight"><![CDATA[133]]></item>
				<item id="target"><![CDATA[blank]]></item>
				<item id="dateformat"><![CDATA[Y-m-d]]></item>
				<item id="dateuformat"><![CDATA[1]]></item>
				<item id="script"><![CDATA[thread]]></item>
				<item id="param">
					<item id="tids"><![CDATA[]]></item>
					<item id="uids"><![CDATA[]]></item>
					<item id="keyword"><![CDATA[]]></item>
					<item id="tagkeyword"><![CDATA[]]></item>
					<item id="typeids"><![CDATA[]]></item>
					<item id="recommend"><![CDATA[0]]></item>
					<item id="viewmod"><![CDATA[0]]></item>
					<item id="rewardstatus"><![CDATA[0]]></item>
					<item id="picrequired"><![CDATA[1]]></item>
					<item id="orderby"><![CDATA[views]]></item>
					<item id="postdateline"><![CDATA[0]]></item>
					<item id="lastpost"><![CDATA[0]]></item>
					<item id="highlight"><![CDATA[0]]></item>
					<item id="titlelength"><![CDATA[100]]></item>
					<item id="summarylength"><![CDATA[100]]></item>
					<item id="startrow"><![CDATA[0]]></item>
					<item id="items"><![CDATA[8]]></item>
				</item>
				<item id="shownum"><![CDATA[8]]></item>
				<item id="cachetime"><![CDATA[60]]></item>
				<item id="cachetimerange"><![CDATA[]]></item>
				<item id="punctualupdate"><![CDATA[1]]></item>
				<item id="hidedisplay"><![CDATA[0]]></item>
				<item id="dateline"><![CDATA[1569228930]]></item>
				<item id="notinherited"><![CDATA[0]]></item>
				<item id="isblank"><![CDATA[0]]></item>
			</item>
			<item id="929">
				<item id="bid"><![CDATA[929]]></item>
				<item id="blockclass"><![CDATA[forum_thread]]></item>
				<item id="blocktype"><![CDATA[0]]></item>
				<item id="name"><![CDATA[资源分类门户首页最新资源]]></item>
				<item id="title"><![CDATA[<div class="blocktitle title" style="background-repeat: repeat;"><span class="titletext" style="float:;margin-left:px;font-size:;color: !important;">最新资源</span><span class="subtitle" style="float:right;margin-right:px;font-size:;color: !important;">海量更新，停不下来</span></div>]]></item>
				<item id="classname"><![CDATA[cl_block_bm]]></item>
				<item id="summary"><![CDATA[]]></item>
				<item id="uid"><![CDATA[1]]></item>
				<item id="username"><![CDATA[admin]]></item>
				<item id="styleid"><![CDATA[111]]></item>
				<item id="blockstyle"><![CDATA[]]></item>
				<item id="picwidth"><![CDATA[200]]></item>
				<item id="picheight"><![CDATA[150]]></item>
				<item id="target"><![CDATA[blank]]></item>
				<item id="dateformat"><![CDATA[Y-m-d]]></item>
				<item id="dateuformat"><![CDATA[1]]></item>
				<item id="script"><![CDATA[thread]]></item>
				<item id="param">
					<item id="tids"><![CDATA[]]></item>
					<item id="uids"><![CDATA[]]></item>
					<item id="keyword"><![CDATA[]]></item>
					<item id="tagkeyword"><![CDATA[]]></item>
					<item id="typeids"><![CDATA[]]></item>
					<item id="recommend"><![CDATA[0]]></item>
					<item id="viewmod"><![CDATA[0]]></item>
					<item id="rewardstatus"><![CDATA[0]]></item>
					<item id="picrequired"><![CDATA[1]]></item>
					<item id="orderby"><![CDATA[dateline]]></item>
					<item id="postdateline"><![CDATA[0]]></item>
					<item id="lastpost"><![CDATA[0]]></item>
					<item id="highlight"><![CDATA[0]]></item>
					<item id="titlelength"><![CDATA[100]]></item>
					<item id="summarylength"><![CDATA[100]]></item>
					<item id="startrow"><![CDATA[0]]></item>
					<item id="items"><![CDATA[10]]></item>
				</item>
				<item id="shownum"><![CDATA[10]]></item>
				<item id="cachetime"><![CDATA[60]]></item>
				<item id="cachetimerange"><![CDATA[]]></item>
				<item id="punctualupdate"><![CDATA[0]]></item>
				<item id="hidedisplay"><![CDATA[0]]></item>
				<item id="dateline"><![CDATA[1569228930]]></item>
				<item id="notinherited"><![CDATA[0]]></item>
				<item id="isblank"><![CDATA[0]]></item>
			</item>
			<item id="931">
				<item id="bid"><![CDATA[931]]></item>
				<item id="blockclass"><![CDATA[forum_thread]]></item>
				<item id="blocktype"><![CDATA[0]]></item>
				<item id="name"><![CDATA[资源分类门户首页最热资源]]></item>
				<item id="title"><![CDATA[<div class="blocktitle title" style="background-repeat: repeat;"><span class="titletext" style="float:;margin-left:px;font-size:;color: !important;">最热资源</span><span class="subtitle" style="float:right;margin-right:px;font-size:;color: !important;">热门推荐，一秒懂你</span></div>]]></item>
				<item id="classname"><![CDATA[cl_block_bm]]></item>
				<item id="summary"><![CDATA[]]></item>
				<item id="uid"><![CDATA[1]]></item>
				<item id="username"><![CDATA[admin]]></item>
				<item id="styleid"><![CDATA[111]]></item>
				<item id="blockstyle">
					<item id="name"><![CDATA[]]></item>
					<item id="blockclass"><![CDATA[forum_thread]]></item>
					<item id="makethumb"><![CDATA[1]]></item>
					<item id="getpic"><![CDATA[1]]></item>
					<item id="getsummary"><![CDATA[0]]></item>
					<item id="settarget"><![CDATA[1]]></item>
					<item id="moreurl"><![CDATA[0]]></item>
					<item id="fields">
						<item id="0"><![CDATA[url]]></item>
						<item id="1"><![CDATA[pic]]></item>
						<item id="2"><![CDATA[title]]></item>
						<item id="3"><![CDATA[dateline]]></item>
						<item id="4"><![CDATA[authorid]]></item>
						<item id="5"><![CDATA[author]]></item>
					</item>
					<item id="template">
						<item id="raw"><![CDATA[<div class="module cl xld">
[loop]
<dl class="cl">
	<dd class="m"><a href="{url}"{target}><img src="{pic}" width="{picwidth}" height="{picheight}" alt="{title}" /></a></dd>
	<dt><a href="{url}" title="{title}"{target}>{title}</a></dt>
	<dd>{dateline}<em class="y xg1 xw0"><a href="home.php?mod=space&uid={authorid}"{target}>{author}</a></em></dd>
</dl>
[/loop]
</div>]]></item>
						<item id="footer"><![CDATA[]]></item>
						<item id="header"><![CDATA[]]></item>
						<item id="indexplus"><![CDATA[
						]]></item>
						<item id="index"><![CDATA[
						]]></item>
						<item id="orderplus"><![CDATA[
						]]></item>
						<item id="order"><![CDATA[
						]]></item>
						<item id="loopplus"><![CDATA[
						]]></item>
						<item id="loop"><![CDATA[<dl class="cl">
	<dd class="m"><a href="{url}"{target}><img src="{pic}" width="{picwidth}" height="{picheight}" alt="{title}" /></a></dd>
	<dt><a href="{url}" title="{title}"{target}>{title}</a></dt>
	<dd>{dateline}<em class="y xg1 xw0"><a href="home.php?mod=space&uid={authorid}"{target}>{author}</a></em></dd>
</dl>]]></item>
					</item>
					<item id="hash"><![CDATA[274a9ea2]]></item>
				</item>
				<item id="picwidth"><![CDATA[200]]></item>
				<item id="picheight"><![CDATA[150]]></item>
				<item id="target"><![CDATA[blank]]></item>
				<item id="dateformat"><![CDATA[Y-m-d]]></item>
				<item id="dateuformat"><![CDATA[1]]></item>
				<item id="script"><![CDATA[thread]]></item>
				<item id="param">
					<item id="tids"><![CDATA[]]></item>
					<item id="uids"><![CDATA[]]></item>
					<item id="keyword"><![CDATA[]]></item>
					<item id="tagkeyword"><![CDATA[]]></item>
					<item id="typeids"><![CDATA[]]></item>
					<item id="recommend"><![CDATA[0]]></item>
					<item id="viewmod"><![CDATA[0]]></item>
					<item id="rewardstatus"><![CDATA[0]]></item>
					<item id="picrequired"><![CDATA[1]]></item>
					<item id="orderby"><![CDATA[replies]]></item>
					<item id="postdateline"><![CDATA[0]]></item>
					<item id="lastpost"><![CDATA[0]]></item>
					<item id="highlight"><![CDATA[0]]></item>
					<item id="titlelength"><![CDATA[100]]></item>
					<item id="summarylength"><![CDATA[100]]></item>
					<item id="startrow"><![CDATA[0]]></item>
					<item id="items"><![CDATA[10]]></item>
					<item id="aids"><![CDATA[]]></item>
					<item id="starttime"><![CDATA[]]></item>
					<item id="endtime"><![CDATA[]]></item>
					<item id="publishdateline"><![CDATA[0]]></item>
				</item>
				<item id="shownum"><![CDATA[10]]></item>
				<item id="cachetime"><![CDATA[60]]></item>
				<item id="cachetimerange"><![CDATA[]]></item>
				<item id="punctualupdate"><![CDATA[0]]></item>
				<item id="hidedisplay"><![CDATA[0]]></item>
				<item id="dateline"><![CDATA[1569228967]]></item>
				<item id="notinherited"><![CDATA[0]]></item>
				<item id="isblank"><![CDATA[0]]></item>
			</item>
			<item id="932">
				<item id="bid"><![CDATA[932]]></item>
				<item id="blockclass"><![CDATA[portal_article]]></item>
				<item id="blocktype"><![CDATA[0]]></item>
				<item id="name"><![CDATA[资源分类门户首页新闻资讯]]></item>
				<item id="title"><![CDATA[<div class="blocktitle title" style="background-repeat: repeat;"><span class="titletext" style="float:;margin-left:px;font-size:;color: !important;">新闻资讯</span><span class="subtitle" style="float:right;margin-right:px;font-size:;color: !important;">最新的行业动态报道</span></div>]]></item>
				<item id="classname"><![CDATA[cl_block_bm]]></item>
				<item id="summary"><![CDATA[]]></item>
				<item id="uid"><![CDATA[1]]></item>
				<item id="username"><![CDATA[admin]]></item>
				<item id="styleid"><![CDATA[50]]></item>
				<item id="blockstyle">
					<item id="blockclass"><![CDATA[portal_article]]></item>
					<item id="name"><![CDATA[]]></item>
					<item id="template">
						<item id="raw"><![CDATA[<div class="module cl slidebox">
<ul class="slideshow">
[loop]
<li style="width: {picwidth}px; height: {picheight}px;"><a href="{url}"{target}><img src="{pic}" width="{picwidth}" height="{picheight}" /></a><span class="title">{title}</span></li>
[/loop]
</ul>
</div>
<script type="text/javascript">
runslideshow();
</script>]]></item>
						<item id="footer"><![CDATA[]]></item>
						<item id="header"><![CDATA[]]></item>
						<item id="indexplus">
						</item>
						<item id="index">
						</item>
						<item id="orderplus">
						</item>
						<item id="order">
						</item>
						<item id="loopplus">
						</item>
						<item id="loop"><![CDATA[<li style="width: {picwidth}px; height: {picheight}px;"><a href="{url}"{target}><img src="{pic}" width="{picwidth}" height="{picheight}" /></a><span class="title">{title}</span></li>]]></item>
					</item>
					<item id="hash"><![CDATA[cba1f109]]></item>
					<item id="getpic"><![CDATA[1]]></item>
					<item id="getsummary"><![CDATA[0]]></item>
					<item id="makethumb"><![CDATA[1]]></item>
					<item id="settarget"><![CDATA[1]]></item>
					<item id="fields">
						<item id="0"><![CDATA[url]]></item>
						<item id="1"><![CDATA[pic]]></item>
						<item id="2"><![CDATA[title]]></item>
					</item>
					<item id="moreurl"><![CDATA[0]]></item>
				</item>
				<item id="picwidth"><![CDATA[200]]></item>
				<item id="picheight"><![CDATA[133]]></item>
				<item id="target"><![CDATA[blank]]></item>
				<item id="dateformat"><![CDATA[Y-m-d]]></item>
				<item id="dateuformat"><![CDATA[1]]></item>
				<item id="script"><![CDATA[article]]></item>
				<item id="param">
					<item id="aids"><![CDATA[]]></item>
					<item id="uids"><![CDATA[]]></item>
					<item id="keyword"><![CDATA[]]></item>
					<item id="picrequired"><![CDATA[1]]></item>
					<item id="starttime"><![CDATA[]]></item>
					<item id="endtime"><![CDATA[]]></item>
					<item id="orderby"><![CDATA[dateline]]></item>
					<item id="publishdateline"><![CDATA[0]]></item>
					<item id="titlelength"><![CDATA[100]]></item>
					<item id="summarylength"><![CDATA[100]]></item>
					<item id="startrow"><![CDATA[0]]></item>
					<item id="items"><![CDATA[10]]></item>
					<item id="tids"><![CDATA[]]></item>
					<item id="tagkeyword"><![CDATA[]]></item>
					<item id="typeids"><![CDATA[]]></item>
					<item id="recommend"><![CDATA[0]]></item>
					<item id="viewmod"><![CDATA[0]]></item>
					<item id="rewardstatus"><![CDATA[0]]></item>
					<item id="postdateline"><![CDATA[0]]></item>
					<item id="lastpost"><![CDATA[0]]></item>
					<item id="highlight"><![CDATA[0]]></item>
				</item>
				<item id="shownum"><![CDATA[10]]></item>
				<item id="cachetime"><![CDATA[60]]></item>
				<item id="cachetimerange"><![CDATA[]]></item>
				<item id="punctualupdate"><![CDATA[0]]></item>
				<item id="hidedisplay"><![CDATA[0]]></item>
				<item id="dateline"><![CDATA[1569226764]]></item>
				<item id="notinherited"><![CDATA[0]]></item>
				<item id="isblank"><![CDATA[0]]></item>
			</item>
		</item>
		<item id="style">
			<item id="50">
				<item id="styleid"><![CDATA[50]]></item>
				<item id="blockclass"><![CDATA[portal_article]]></item>
				<item id="name"><![CDATA[[内置]文章标题+摘要+缩略图]]></item>
				<item id="template">
					<item id="raw"><![CDATA[<div class="module cl xld">
[loop]
<dl class="cl">
	<dd class="m"><a href="{url}"{target}><img src="{pic}" width="{picwidth}" height="{picheight}" alt="{title}" /></dd>
	<dt><a href="{url}" title="{title}"{target}>{title}</a></dt>
	<dd>{summary}</dd>
</dl>
[/loop]
</div>]]></item>
					<item id="footer"><![CDATA[]]></item>
					<item id="header"><![CDATA[]]></item>
					<item id="indexplus">
					</item>
					<item id="index">
					</item>
					<item id="orderplus">
					</item>
					<item id="order">
					</item>
					<item id="loopplus">
					</item>
					<item id="loop"><![CDATA[<dl class="cl">
	<dd class="m"><a href="{url}"{target}><img src="{pic}" width="{picwidth}" height="{picheight}" alt="{title}" /></dd>
	<dt><a href="{url}" title="{title}"{target}>{title}</a></dt>
	<dd>{summary}</dd>
</dl>]]></item>
				</item>
				<item id="hash"><![CDATA[a5b550ee]]></item>
				<item id="getpic"><![CDATA[1]]></item>
				<item id="getsummary"><![CDATA[1]]></item>
				<item id="makethumb"><![CDATA[1]]></item>
				<item id="settarget"><![CDATA[1]]></item>
				<item id="fields">
					<item id="0"><![CDATA[url]]></item>
					<item id="1"><![CDATA[pic]]></item>
					<item id="2"><![CDATA[title]]></item>
					<item id="3"><![CDATA[summary]]></item>
				</item>
				<item id="moreurl"><![CDATA[0]]></item>
			</item>
			<item id="110">
				<item id="styleid"><![CDATA[110]]></item>
				<item id="blockclass"><![CDATA[forum_thread]]></item>
				<item id="name"><![CDATA[[内置]帖子图片幻灯片]]></item>
				<item id="template">
					<item id="raw"><![CDATA[<div class="module cl slidebox">
<ul class="slideshow">
[loop]
<li style="width: {picwidth}px; height: {picheight}px;"><a href="{url}"{target}><img src="{pic}" width="{picwidth}" height="{picheight}" /></a><span class="title">{title}</span></li>
[/loop]
</ul>
</div>
<script type="text/javascript">
runslideshow();
</script>]]></item>
					<item id="footer"><![CDATA[]]></item>
					<item id="header"><![CDATA[]]></item>
					<item id="indexplus">
					</item>
					<item id="index">
					</item>
					<item id="orderplus">
					</item>
					<item id="order">
					</item>
					<item id="loopplus">
					</item>
					<item id="loop"><![CDATA[<li style="width: {picwidth}px; height: {picheight}px;"><a href="{url}"{target}><img src="{pic}" width="{picwidth}" height="{picheight}" /></a><span class="title">{title}</span></li>]]></item>
				</item>
				<item id="hash"><![CDATA[cba1f109]]></item>
				<item id="getpic"><![CDATA[1]]></item>
				<item id="getsummary"><![CDATA[0]]></item>
				<item id="makethumb"><![CDATA[1]]></item>
				<item id="settarget"><![CDATA[1]]></item>
				<item id="fields">
					<item id="0"><![CDATA[url]]></item>
					<item id="1"><![CDATA[pic]]></item>
					<item id="2"><![CDATA[title]]></item>
				</item>
				<item id="moreurl"><![CDATA[0]]></item>
			</item>
			<item id="111">
				<item id="styleid"><![CDATA[111]]></item>
				<item id="blockclass"><![CDATA[forum_thread]]></item>
				<item id="name"><![CDATA[[内置]帖子图片列表]]></item>
				<item id="template">
					<item id="raw"><![CDATA[<div class="module cl ml">
<ul>
[loop]
<li style="width: {picwidth}px;">
	<a href="{url}"{target}><img src="{pic}" width="{picwidth}" height="{picheight}" alt="{title}" /></a>
	<p><a href="{url}" title="{title}"{target}>{title}</a></p>
</li>
[/loop]
</ul>
</div>]]></item>
					<item id="footer"><![CDATA[]]></item>
					<item id="header"><![CDATA[]]></item>
					<item id="indexplus">
					</item>
					<item id="index">
					</item>
					<item id="orderplus">
					</item>
					<item id="order">
					</item>
					<item id="loopplus">
					</item>
					<item id="loop"><![CDATA[<li style="width: {picwidth}px;">
	<a href="{url}"{target}><img src="{pic}" width="{picwidth}" height="{picheight}" alt="{title}" /></a>
	<p><a href="{url}" title="{title}"{target}>{title}</a></p>
</li>]]></item>
				</item>
				<item id="hash"><![CDATA[0ab2e307]]></item>
				<item id="getpic"><![CDATA[1]]></item>
				<item id="getsummary"><![CDATA[0]]></item>
				<item id="makethumb"><![CDATA[1]]></item>
				<item id="settarget"><![CDATA[1]]></item>
				<item id="fields">
					<item id="0"><![CDATA[url]]></item>
					<item id="1"><![CDATA[pic]]></item>
					<item id="2"><![CDATA[title]]></item>
				</item>
				<item id="moreurl"><![CDATA[0]]></item>
			</item>
		</item>
	</item>
</root>