<?xml version="1.0" encoding="ISO-8859-1"?>
<root>
	<item id="spacecss"><![CDATA[#portal_block_896 { border:#ff6600 1px dotted !important;margin:5px !important;}#portal_block_896 .dxb_bc { margin:5px !important;}#portal_block_901 { border:#ff6600 1px dotted !important;margin:5px !important;}#portal_block_901 .dxb_bc { margin:5px !important;}#portal_block_897 { border:#ff6600 1px dotted !important;margin:5px !important;}#portal_block_897 .dxb_bc { margin:5px !important;}#portal_block_902 { border:#ff6600 1px dotted !important;margin:5px !important;}#portal_block_902 .dxb_bc { margin:5px !important;}#portal_block_898 { border:#ff6600 1px dotted !important;margin:5px !important;}#portal_block_898 .dxb_bc { margin:5px !important;}#portal_block_903 { border:#ff6600 1px dotted !important;margin:5px !important;}#portal_block_903 .dxb_bc { margin:5px !important;}#portal_block_899 { border:#ff6600 1px dotted !important;margin:5px !important;}#portal_block_899 .dxb_bc { margin:5px !important;}#portal_block_900 { border:#ff6600 1px dotted !important;margin:5px !important;}#portal_block_900 .dxb_bc { margin:5px !important;}#frameELlXyZ { background-color:#ffffff !important;background-image:none !important;border:#ff6600 2px solid !important;margin-top:10px !important;margin-right:0px !important;margin-bottom:20px !important;margin-left:0px !important;}#portal_block_1051 { border:#ff6600 1px dotted !important;margin:5px !important;}#portal_block_1051 .dxb_bc { margin:5px !important;}#portal_block_1052 { border:#ff6600 1px dotted !important;margin:5px !important;}#portal_block_1052 .dxb_bc { margin:5px !important;}#portal_block_1053 { border:#ff6600 1px dotted !important;margin:5px !important;}#portal_block_1053 .dxb_bc { margin:5px !important;}#portal_block_1054 { border:#ff6600 1px dotted !important;margin:5px !important;}#portal_block_1054 .dxb_bc { margin:5px !important;}]]></item>
	<item id="style"><![CDATA[static/topic/t1/style.css]]></item>
	<item id="layoutdata">
		<item id="diypage">
			<item id="frame`frameELlXyZ">
				<item id="attr">
					<item id="name"><![CDATA[frameELlXyZ]]></item>
					<item id="moveable"><![CDATA[true]]></item>
					<item id="className"><![CDATA[cl_frame_bm frame move-span cl frame-1-1]]></item>
					<item id="titles">
						<item id="0">
							<item id="text"><![CDATA[小提示：如果想关闭某个模块，只需在模块标识前加个0即可，删除模块是没用的，详细请看教程。]]></item>
							<item id="href"><![CDATA[]]></item>
							<item id="color"><![CDATA[rgb(255, 255, 255)]]></item>
							<item id="float"><![CDATA[right]]></item>
							<item id="margin"><![CDATA[]]></item>
							<item id="font-size"><![CDATA[14]]></item>
							<item id="className"><![CDATA[subtitle]]></item>
							<item id="src"><![CDATA[]]></item>
						</item>
						<item id="className">
							<item id="0"><![CDATA[title frame-title]]></item>
						</item>
						<item id="style">
							<item id="background-image"><![CDATA[none]]></item>
							<item id="background-repeat"><![CDATA[repeat]]></item>
							<item id="background-color"><![CDATA[rgb(255, 102, 0)]]></item>
						</item>
						<item id="first">
							<item id="text"><![CDATA[手机版门户首页顶部文字导航]]></item>
							<item id="href"><![CDATA[]]></item>
							<item id="color"><![CDATA[rgb(255, 255, 255)]]></item>
							<item id="float"><![CDATA[]]></item>
							<item id="margin"><![CDATA[]]></item>
							<item id="font-size"><![CDATA[20]]></item>
							<item id="className"><![CDATA[titletext]]></item>
							<item id="src"><![CDATA[]]></item>
						</item>
					</item>
				</item>
				<item id="column`frameELlXyZ_left">
					<item id="attr">
						<item id="name"><![CDATA[frameELlXyZ_left]]></item>
						<item id="className"><![CDATA[column frame-1-1-l]]></item>
					</item>
					<item id="frame`frameD0OOAI">
						<item id="attr">
							<item id="name"><![CDATA[frameD0OOAI]]></item>
							<item id="moveable"><![CDATA[true]]></item>
							<item id="className"><![CDATA[cl_frame_bm frame move-span cl frame-1-1]]></item>
							<item id="titles"><![CDATA[]]></item>
						</item>
						<item id="column`frameD0OOAI_left">
							<item id="attr">
								<item id="name"><![CDATA[frameD0OOAI_left]]></item>
								<item id="className"><![CDATA[column frame-1-1-l]]></item>
							</item>
							<item id="block`portal_block_896">
								<item id="attr">
									<item id="name"><![CDATA[portal_block_896]]></item>
									<item id="className"><![CDATA[cl_block_bm block move-span]]></item>
									<item id="titles">
										<item id="className">
											<item id="0"><![CDATA[blocktitle title]]></item>
										</item>
										<item id="style">
											<item id="background-image"><![CDATA[none]]></item>
											<item id="background-repeat"><![CDATA[repeat]]></item>
											<item id="background-color"><![CDATA[rgb(204, 204, 204)]]></item>
										</item>
										<item id="first">
											<item id="text"><![CDATA[顶部文字导航1]]></item>
											<item id="href"><![CDATA[]]></item>
											<item id="color"><![CDATA[]]></item>
											<item id="float"><![CDATA[]]></item>
											<item id="margin"><![CDATA[]]></item>
											<item id="font-size"><![CDATA[]]></item>
											<item id="className"><![CDATA[titletext]]></item>
											<item id="src"><![CDATA[]]></item>
										</item>
									</item>
								</item>
							</item>
							<item id="block`portal_block_900">
								<item id="attr">
									<item id="name"><![CDATA[portal_block_900]]></item>
									<item id="className"><![CDATA[cl_block_bm block move-span]]></item>
									<item id="titles">
										<item id="className">
											<item id="0"><![CDATA[blocktitle title]]></item>
										</item>
										<item id="style">
											<item id="background-image"><![CDATA[none]]></item>
											<item id="background-repeat"><![CDATA[repeat]]></item>
											<item id="background-color"><![CDATA[rgb(204, 204, 204)]]></item>
										</item>
										<item id="first">
											<item id="text"><![CDATA[顶部文字导航5]]></item>
											<item id="href"><![CDATA[]]></item>
											<item id="color"><![CDATA[]]></item>
											<item id="float"><![CDATA[]]></item>
											<item id="margin"><![CDATA[]]></item>
											<item id="font-size"><![CDATA[]]></item>
											<item id="className"><![CDATA[titletext]]></item>
											<item id="src"><![CDATA[]]></item>
										</item>
									</item>
								</item>
							</item>
							<item id="block`portal_block_1051">
								<item id="attr">
									<item id="name"><![CDATA[portal_block_1051]]></item>
									<item id="className"><![CDATA[cl_block_bm block move-span]]></item>
									<item id="titles">
										<item id="className">
											<item id="0"><![CDATA[blocktitle title]]></item>
										</item>
										<item id="style">
											<item id="background-image"><![CDATA[none]]></item>
											<item id="background-repeat"><![CDATA[repeat]]></item>
											<item id="background-color"><![CDATA[rgb(204, 204, 204)]]></item>
										</item>
										<item id="first">
											<item id="text"><![CDATA[顶部文字导航9]]></item>
											<item id="href"><![CDATA[]]></item>
											<item id="color"><![CDATA[]]></item>
											<item id="float"><![CDATA[]]></item>
											<item id="margin"><![CDATA[]]></item>
											<item id="font-size"><![CDATA[]]></item>
											<item id="className"><![CDATA[titletext]]></item>
											<item id="src"><![CDATA[]]></item>
										</item>
									</item>
								</item>
							</item>
						</item>
						<item id="column`frameD0OOAI_center">
							<item id="attr">
								<item id="name"><![CDATA[frameD0OOAI_center]]></item>
								<item id="className"><![CDATA[column frame-1-1-r]]></item>
							</item>
							<item id="block`portal_block_897">
								<item id="attr">
									<item id="name"><![CDATA[portal_block_897]]></item>
									<item id="className"><![CDATA[cl_block_bm block move-span]]></item>
									<item id="titles">
										<item id="className">
											<item id="0"><![CDATA[blocktitle title]]></item>
										</item>
										<item id="style">
											<item id="background-image"><![CDATA[none]]></item>
											<item id="background-repeat"><![CDATA[repeat]]></item>
											<item id="background-color"><![CDATA[rgb(204, 204, 204)]]></item>
										</item>
										<item id="first">
											<item id="text"><![CDATA[顶部文字导航2]]></item>
											<item id="href"><![CDATA[]]></item>
											<item id="color"><![CDATA[]]></item>
											<item id="float"><![CDATA[]]></item>
											<item id="margin"><![CDATA[]]></item>
											<item id="font-size"><![CDATA[]]></item>
											<item id="className"><![CDATA[titletext]]></item>
											<item id="src"><![CDATA[]]></item>
										</item>
									</item>
								</item>
							</item>
							<item id="block`portal_block_901">
								<item id="attr">
									<item id="name"><![CDATA[portal_block_901]]></item>
									<item id="className"><![CDATA[cl_block_bm block move-span]]></item>
									<item id="titles">
										<item id="className">
											<item id="0"><![CDATA[blocktitle title]]></item>
										</item>
										<item id="style">
											<item id="background-image"><![CDATA[none]]></item>
											<item id="background-repeat"><![CDATA[repeat]]></item>
											<item id="background-color"><![CDATA[rgb(204, 204, 204)]]></item>
										</item>
										<item id="first">
											<item id="text"><![CDATA[顶部文字导航6]]></item>
											<item id="href"><![CDATA[]]></item>
											<item id="color"><![CDATA[]]></item>
											<item id="float"><![CDATA[]]></item>
											<item id="margin"><![CDATA[]]></item>
											<item id="font-size"><![CDATA[]]></item>
											<item id="className"><![CDATA[titletext]]></item>
											<item id="src"><![CDATA[]]></item>
										</item>
									</item>
								</item>
							</item>
							<item id="block`portal_block_1052">
								<item id="attr">
									<item id="name"><![CDATA[portal_block_1052]]></item>
									<item id="className"><![CDATA[cl_block_bm block move-span]]></item>
									<item id="titles">
										<item id="className">
											<item id="0"><![CDATA[blocktitle title]]></item>
										</item>
										<item id="style">
											<item id="background-image"><![CDATA[none]]></item>
											<item id="background-repeat"><![CDATA[repeat]]></item>
											<item id="background-color"><![CDATA[rgb(204, 204, 204)]]></item>
										</item>
										<item id="first">
											<item id="text"><![CDATA[顶部文字导航10]]></item>
											<item id="href"><![CDATA[]]></item>
											<item id="color"><![CDATA[]]></item>
											<item id="float"><![CDATA[]]></item>
											<item id="margin"><![CDATA[]]></item>
											<item id="font-size"><![CDATA[]]></item>
											<item id="className"><![CDATA[titletext]]></item>
											<item id="src"><![CDATA[]]></item>
										</item>
									</item>
								</item>
							</item>
						</item>
					</item>
				</item>
				<item id="column`frameELlXyZ_center">
					<item id="attr">
						<item id="name"><![CDATA[frameELlXyZ_center]]></item>
						<item id="className"><![CDATA[column frame-1-1-r]]></item>
					</item>
					<item id="frame`frameLsKsmS">
						<item id="attr">
							<item id="name"><![CDATA[frameLsKsmS]]></item>
							<item id="moveable"><![CDATA[true]]></item>
							<item id="className"><![CDATA[cl_frame_bm frame move-span cl frame-1-1]]></item>
							<item id="titles"><![CDATA[]]></item>
						</item>
						<item id="column`frameLsKsmS_left">
							<item id="attr">
								<item id="name"><![CDATA[frameLsKsmS_left]]></item>
								<item id="className"><![CDATA[column frame-1-1-l]]></item>
							</item>
							<item id="block`portal_block_898">
								<item id="attr">
									<item id="name"><![CDATA[portal_block_898]]></item>
									<item id="className"><![CDATA[cl_block_bm block move-span]]></item>
									<item id="titles">
										<item id="className">
											<item id="0"><![CDATA[blocktitle title]]></item>
										</item>
										<item id="style">
											<item id="background-image"><![CDATA[none]]></item>
											<item id="background-repeat"><![CDATA[repeat]]></item>
											<item id="background-color"><![CDATA[rgb(204, 204, 204)]]></item>
										</item>
										<item id="first">
											<item id="text"><![CDATA[顶部文字导航3]]></item>
											<item id="href"><![CDATA[]]></item>
											<item id="color"><![CDATA[]]></item>
											<item id="float"><![CDATA[]]></item>
											<item id="margin"><![CDATA[]]></item>
											<item id="font-size"><![CDATA[]]></item>
											<item id="className"><![CDATA[titletext]]></item>
											<item id="src"><![CDATA[]]></item>
										</item>
									</item>
								</item>
							</item>
							<item id="block`portal_block_902">
								<item id="attr">
									<item id="name"><![CDATA[portal_block_902]]></item>
									<item id="className"><![CDATA[cl_block_bm block move-span]]></item>
									<item id="titles">
										<item id="className">
											<item id="0"><![CDATA[blocktitle title]]></item>
										</item>
										<item id="style">
											<item id="background-image"><![CDATA[none]]></item>
											<item id="background-repeat"><![CDATA[repeat]]></item>
											<item id="background-color"><![CDATA[rgb(204, 204, 204)]]></item>
										</item>
										<item id="first">
											<item id="text"><![CDATA[顶部文字导航7]]></item>
											<item id="href"><![CDATA[]]></item>
											<item id="color"><![CDATA[]]></item>
											<item id="float"><![CDATA[]]></item>
											<item id="margin"><![CDATA[]]></item>
											<item id="font-size"><![CDATA[]]></item>
											<item id="className"><![CDATA[titletext]]></item>
											<item id="src"><![CDATA[]]></item>
										</item>
									</item>
								</item>
							</item>
							<item id="block`portal_block_1053">
								<item id="attr">
									<item id="name"><![CDATA[portal_block_1053]]></item>
									<item id="className"><![CDATA[cl_block_bm block move-span]]></item>
									<item id="titles">
										<item id="className">
											<item id="0"><![CDATA[blocktitle title]]></item>
										</item>
										<item id="style">
											<item id="background-image"><![CDATA[none]]></item>
											<item id="background-repeat"><![CDATA[repeat]]></item>
											<item id="background-color"><![CDATA[rgb(204, 204, 204)]]></item>
										</item>
										<item id="first">
											<item id="text"><![CDATA[顶部文字导航11]]></item>
											<item id="href"><![CDATA[]]></item>
											<item id="color"><![CDATA[]]></item>
											<item id="float"><![CDATA[]]></item>
											<item id="margin"><![CDATA[]]></item>
											<item id="font-size"><![CDATA[]]></item>
											<item id="className"><![CDATA[titletext]]></item>
											<item id="src"><![CDATA[]]></item>
										</item>
									</item>
								</item>
							</item>
						</item>
						<item id="column`frameLsKsmS_center">
							<item id="attr">
								<item id="name"><![CDATA[frameLsKsmS_center]]></item>
								<item id="className"><![CDATA[column frame-1-1-r]]></item>
							</item>
							<item id="block`portal_block_899">
								<item id="attr">
									<item id="name"><![CDATA[portal_block_899]]></item>
									<item id="className"><![CDATA[cl_block_bm block move-span]]></item>
									<item id="titles">
										<item id="className">
											<item id="0"><![CDATA[blocktitle title]]></item>
										</item>
										<item id="style">
											<item id="background-image"><![CDATA[none]]></item>
											<item id="background-repeat"><![CDATA[repeat]]></item>
											<item id="background-color"><![CDATA[rgb(204, 204, 204)]]></item>
										</item>
										<item id="first">
											<item id="text"><![CDATA[顶部文字导航4]]></item>
											<item id="href"><![CDATA[]]></item>
											<item id="color"><![CDATA[]]></item>
											<item id="float"><![CDATA[]]></item>
											<item id="margin"><![CDATA[]]></item>
											<item id="font-size"><![CDATA[]]></item>
											<item id="className"><![CDATA[titletext]]></item>
											<item id="src"><![CDATA[]]></item>
										</item>
									</item>
								</item>
							</item>
							<item id="block`portal_block_903">
								<item id="attr">
									<item id="name"><![CDATA[portal_block_903]]></item>
									<item id="className"><![CDATA[cl_block_bm block move-span]]></item>
									<item id="titles">
										<item id="className">
											<item id="0"><![CDATA[blocktitle title]]></item>
										</item>
										<item id="style">
											<item id="background-image"><![CDATA[none]]></item>
											<item id="background-repeat"><![CDATA[repeat]]></item>
											<item id="background-color"><![CDATA[rgb(204, 204, 204)]]></item>
										</item>
										<item id="first">
											<item id="text"><![CDATA[顶部文字导航8]]></item>
											<item id="href"><![CDATA[]]></item>
											<item id="color"><![CDATA[]]></item>
											<item id="float"><![CDATA[]]></item>
											<item id="margin"><![CDATA[]]></item>
											<item id="font-size"><![CDATA[]]></item>
											<item id="className"><![CDATA[titletext]]></item>
											<item id="src"><![CDATA[]]></item>
										</item>
									</item>
								</item>
							</item>
							<item id="block`portal_block_1054">
								<item id="attr">
									<item id="name"><![CDATA[portal_block_1054]]></item>
									<item id="className"><![CDATA[cl_block_bm block move-span]]></item>
									<item id="titles">
										<item id="className">
											<item id="0"><![CDATA[blocktitle title]]></item>
										</item>
										<item id="style">
											<item id="background-image"><![CDATA[none]]></item>
											<item id="background-repeat"><![CDATA[repeat]]></item>
											<item id="background-color"><![CDATA[rgb(204, 204, 204)]]></item>
										</item>
										<item id="first">
											<item id="text"><![CDATA[顶部文字导航12]]></item>
											<item id="href"><![CDATA[]]></item>
											<item id="color"><![CDATA[]]></item>
											<item id="float"><![CDATA[]]></item>
											<item id="margin"><![CDATA[]]></item>
											<item id="font-size"><![CDATA[]]></item>
											<item id="className"><![CDATA[titletext]]></item>
											<item id="src"><![CDATA[]]></item>
										</item>
									</item>
								</item>
							</item>
						</item>
					</item>
				</item>
			</item>
		</item>
	</item>
	<item id="blockdata">
		<item id="block">
			<item id="896">
				<item id="bid"><![CDATA[896]]></item>
				<item id="blockclass"><![CDATA[html_html]]></item>
				<item id="blocktype"><![CDATA[0]]></item>
				<item id="name"><![CDATA[资源分类手机版门户首页顶部文字导航1]]></item>
				<item id="title"><![CDATA[<div class="blocktitle title" style="background-image: none; background-repeat: repeat; background-color: rgb(204, 204, 204);"><span class="titletext" style="float:;margin-left:px;font-size:;color: !important;">顶部文字导航1</span></div>]]></item>
				<item id="classname"><![CDATA[cl_block_bm]]></item>
				<item id="summary"><![CDATA[<a href="portal.php?mod=index" target="_blank"><img src="" alt="门户" title="门户" /></a>]]></item>
				<item id="uid"><![CDATA[1]]></item>
				<item id="username"><![CDATA[admin]]></item>
				<item id="styleid"><![CDATA[0]]></item>
				<item id="blockstyle"><![CDATA[]]></item>
				<item id="picwidth"><![CDATA[0]]></item>
				<item id="picheight"><![CDATA[0]]></item>
				<item id="target"><![CDATA[blank]]></item>
				<item id="dateformat"><![CDATA[Y-m-d]]></item>
				<item id="dateuformat"><![CDATA[0]]></item>
				<item id="script"><![CDATA[banner]]></item>
				<item id="param">
					<item id="pic"><![CDATA[]]></item>
					<item id="url"><![CDATA[portal.php?mod=index]]></item>
					<item id="atarget"><![CDATA[_blank]]></item>
					<item id="width"><![CDATA[]]></item>
					<item id="height"><![CDATA[]]></item>
					<item id="text"><![CDATA[门户]]></item>
					<item id="items"><![CDATA[10]]></item>
				</item>
				<item id="shownum"><![CDATA[10]]></item>
				<item id="cachetime"><![CDATA[0]]></item>
				<item id="cachetimerange"><![CDATA[0,0]]></item>
				<item id="punctualupdate"><![CDATA[0]]></item>
				<item id="hidedisplay"><![CDATA[0]]></item>
				<item id="dateline"><![CDATA[1569225676]]></item>
				<item id="notinherited"><![CDATA[0]]></item>
				<item id="isblank"><![CDATA[0]]></item>
			</item>
			<item id="897">
				<item id="bid"><![CDATA[897]]></item>
				<item id="blockclass"><![CDATA[html_html]]></item>
				<item id="blocktype"><![CDATA[0]]></item>
				<item id="name"><![CDATA[资源分类手机版门户首页顶部文字导航2]]></item>
				<item id="title"><![CDATA[<div class="blocktitle title" style="background-image: none; background-repeat: repeat; background-color: rgb(204, 204, 204);"><span class="titletext" style="float:;margin-left:px;font-size:;color: !important;">顶部文字导航2</span></div>]]></item>
				<item id="classname"><![CDATA[cl_block_bm]]></item>
				<item id="summary"><![CDATA[<a href="forum.php?forumlist=1" target="_blank"><img src="" alt="论坛" title="论坛" /></a>]]></item>
				<item id="uid"><![CDATA[1]]></item>
				<item id="username"><![CDATA[admin]]></item>
				<item id="styleid"><![CDATA[0]]></item>
				<item id="blockstyle"><![CDATA[]]></item>
				<item id="picwidth"><![CDATA[0]]></item>
				<item id="picheight"><![CDATA[0]]></item>
				<item id="target"><![CDATA[blank]]></item>
				<item id="dateformat"><![CDATA[Y-m-d]]></item>
				<item id="dateuformat"><![CDATA[0]]></item>
				<item id="script"><![CDATA[banner]]></item>
				<item id="param">
					<item id="pic"><![CDATA[]]></item>
					<item id="url"><![CDATA[forum.php?forumlist=1]]></item>
					<item id="atarget"><![CDATA[_blank]]></item>
					<item id="width"><![CDATA[]]></item>
					<item id="height"><![CDATA[]]></item>
					<item id="text"><![CDATA[论坛]]></item>
					<item id="items"><![CDATA[10]]></item>
				</item>
				<item id="shownum"><![CDATA[10]]></item>
				<item id="cachetime"><![CDATA[0]]></item>
				<item id="cachetimerange"><![CDATA[0,0]]></item>
				<item id="punctualupdate"><![CDATA[0]]></item>
				<item id="hidedisplay"><![CDATA[0]]></item>
				<item id="dateline"><![CDATA[1569225695]]></item>
				<item id="notinherited"><![CDATA[0]]></item>
				<item id="isblank"><![CDATA[0]]></item>
			</item>
			<item id="898">
				<item id="bid"><![CDATA[898]]></item>
				<item id="blockclass"><![CDATA[html_html]]></item>
				<item id="blocktype"><![CDATA[0]]></item>
				<item id="name"><![CDATA[资源分类手机版门户首页顶部文字导航3]]></item>
				<item id="title"><![CDATA[<div class="blocktitle title" style="background-image: none; background-repeat: repeat; background-color: rgb(204, 204, 204);"><span class="titletext" style="float:;margin-left:px;font-size:;color: !important;">顶部文字导航3</span></div>]]></item>
				<item id="classname"><![CDATA[cl_block_bm]]></item>
				<item id="summary"><![CDATA[<a href="forum.php?mod=guide&amp;view=newthread" target="_blank"><img src="" alt="导读" title="导读" /></a>]]></item>
				<item id="uid"><![CDATA[1]]></item>
				<item id="username"><![CDATA[admin]]></item>
				<item id="styleid"><![CDATA[0]]></item>
				<item id="blockstyle"><![CDATA[]]></item>
				<item id="picwidth"><![CDATA[0]]></item>
				<item id="picheight"><![CDATA[0]]></item>
				<item id="target"><![CDATA[blank]]></item>
				<item id="dateformat"><![CDATA[Y-m-d]]></item>
				<item id="dateuformat"><![CDATA[0]]></item>
				<item id="script"><![CDATA[banner]]></item>
				<item id="param">
					<item id="pic"><![CDATA[]]></item>
					<item id="url"><![CDATA[forum.php?mod=guide&view=newthread]]></item>
					<item id="atarget"><![CDATA[_blank]]></item>
					<item id="width"><![CDATA[]]></item>
					<item id="height"><![CDATA[]]></item>
					<item id="text"><![CDATA[导读]]></item>
					<item id="items"><![CDATA[10]]></item>
				</item>
				<item id="shownum"><![CDATA[10]]></item>
				<item id="cachetime"><![CDATA[0]]></item>
				<item id="cachetimerange"><![CDATA[0,0]]></item>
				<item id="punctualupdate"><![CDATA[0]]></item>
				<item id="hidedisplay"><![CDATA[0]]></item>
				<item id="dateline"><![CDATA[1569225714]]></item>
				<item id="notinherited"><![CDATA[0]]></item>
				<item id="isblank"><![CDATA[0]]></item>
			</item>
			<item id="899">
				<item id="bid"><![CDATA[899]]></item>
				<item id="blockclass"><![CDATA[html_html]]></item>
				<item id="blocktype"><![CDATA[0]]></item>
				<item id="name"><![CDATA[资源分类手机版门户首页顶部文字导航4]]></item>
				<item id="title"><![CDATA[<div class="blocktitle title" style="background-image: none; background-repeat: repeat; background-color: rgb(204, 204, 204);"><span class="titletext" style="float:;margin-left:px;font-size:;color: !important;">顶部文字导航4</span></div>]]></item>
				<item id="classname"><![CDATA[cl_block_bm]]></item>
				<item id="summary"><![CDATA[<a href="#" target="_blank"><img src="" alt="导航" title="导航" /></a>]]></item>
				<item id="uid"><![CDATA[1]]></item>
				<item id="username"><![CDATA[admin]]></item>
				<item id="styleid"><![CDATA[0]]></item>
				<item id="blockstyle"><![CDATA[]]></item>
				<item id="picwidth"><![CDATA[0]]></item>
				<item id="picheight"><![CDATA[0]]></item>
				<item id="target"><![CDATA[blank]]></item>
				<item id="dateformat"><![CDATA[Y-m-d]]></item>
				<item id="dateuformat"><![CDATA[0]]></item>
				<item id="script"><![CDATA[banner]]></item>
				<item id="param">
					<item id="pic"><![CDATA[]]></item>
					<item id="url"><![CDATA[#]]></item>
					<item id="atarget"><![CDATA[_blank]]></item>
					<item id="width"><![CDATA[]]></item>
					<item id="height"><![CDATA[]]></item>
					<item id="text"><![CDATA[导航]]></item>
					<item id="items"><![CDATA[10]]></item>
				</item>
				<item id="shownum"><![CDATA[10]]></item>
				<item id="cachetime"><![CDATA[0]]></item>
				<item id="cachetimerange"><![CDATA[0,0]]></item>
				<item id="punctualupdate"><![CDATA[0]]></item>
				<item id="hidedisplay"><![CDATA[0]]></item>
				<item id="dateline"><![CDATA[1560676384]]></item>
				<item id="notinherited"><![CDATA[0]]></item>
				<item id="isblank"><![CDATA[0]]></item>
			</item>
			<item id="900">
				<item id="bid"><![CDATA[900]]></item>
				<item id="blockclass"><![CDATA[html_html]]></item>
				<item id="blocktype"><![CDATA[0]]></item>
				<item id="name"><![CDATA[资源分类手机版门户首页顶部文字导航5]]></item>
				<item id="title"><![CDATA[<div class="blocktitle title" style="background-image: none; background-repeat: repeat; background-color: rgb(204, 204, 204);"><span class="titletext" style="float:;margin-left:px;font-size:;color: !important;">顶部文字导航5</span></div>]]></item>
				<item id="classname"><![CDATA[cl_block_bm]]></item>
				<item id="summary"><![CDATA[<a href="#" target="_blank"><img src="" alt="导航" title="导航" /></a>]]></item>
				<item id="uid"><![CDATA[1]]></item>
				<item id="username"><![CDATA[admin]]></item>
				<item id="styleid"><![CDATA[0]]></item>
				<item id="blockstyle"><![CDATA[]]></item>
				<item id="picwidth"><![CDATA[0]]></item>
				<item id="picheight"><![CDATA[0]]></item>
				<item id="target"><![CDATA[blank]]></item>
				<item id="dateformat"><![CDATA[Y-m-d]]></item>
				<item id="dateuformat"><![CDATA[0]]></item>
				<item id="script"><![CDATA[banner]]></item>
				<item id="param">
					<item id="pic"><![CDATA[]]></item>
					<item id="url"><![CDATA[#]]></item>
					<item id="atarget"><![CDATA[_blank]]></item>
					<item id="width"><![CDATA[]]></item>
					<item id="height"><![CDATA[]]></item>
					<item id="text"><![CDATA[导航]]></item>
					<item id="items"><![CDATA[10]]></item>
				</item>
				<item id="shownum"><![CDATA[10]]></item>
				<item id="cachetime"><![CDATA[0]]></item>
				<item id="cachetimerange"><![CDATA[0,0]]></item>
				<item id="punctualupdate"><![CDATA[0]]></item>
				<item id="hidedisplay"><![CDATA[0]]></item>
				<item id="dateline"><![CDATA[1560676421]]></item>
				<item id="notinherited"><![CDATA[0]]></item>
				<item id="isblank"><![CDATA[0]]></item>
			</item>
			<item id="901">
				<item id="bid"><![CDATA[901]]></item>
				<item id="blockclass"><![CDATA[html_html]]></item>
				<item id="blocktype"><![CDATA[0]]></item>
				<item id="name"><![CDATA[资源分类手机版门户首页顶部文字导航6]]></item>
				<item id="title"><![CDATA[<div class="blocktitle title" style="background-image: none; background-repeat: repeat; background-color: rgb(204, 204, 204);"><span class="titletext" style="float:;margin-left:px;font-size:;color: !important;">顶部文字导航6</span></div>]]></item>
				<item id="classname"><![CDATA[cl_block_bm]]></item>
				<item id="summary"><![CDATA[<a href="#" target="_blank"><img src="" alt="导航" title="导航" /></a>]]></item>
				<item id="uid"><![CDATA[1]]></item>
				<item id="username"><![CDATA[admin]]></item>
				<item id="styleid"><![CDATA[0]]></item>
				<item id="blockstyle"><![CDATA[]]></item>
				<item id="picwidth"><![CDATA[0]]></item>
				<item id="picheight"><![CDATA[0]]></item>
				<item id="target"><![CDATA[blank]]></item>
				<item id="dateformat"><![CDATA[Y-m-d]]></item>
				<item id="dateuformat"><![CDATA[0]]></item>
				<item id="script"><![CDATA[banner]]></item>
				<item id="param">
					<item id="pic"><![CDATA[]]></item>
					<item id="url"><![CDATA[#]]></item>
					<item id="atarget"><![CDATA[_blank]]></item>
					<item id="width"><![CDATA[]]></item>
					<item id="height"><![CDATA[]]></item>
					<item id="text"><![CDATA[导航]]></item>
					<item id="items"><![CDATA[10]]></item>
				</item>
				<item id="shownum"><![CDATA[10]]></item>
				<item id="cachetime"><![CDATA[0]]></item>
				<item id="cachetimerange"><![CDATA[0,0]]></item>
				<item id="punctualupdate"><![CDATA[0]]></item>
				<item id="hidedisplay"><![CDATA[0]]></item>
				<item id="dateline"><![CDATA[1560676332]]></item>
				<item id="notinherited"><![CDATA[0]]></item>
				<item id="isblank"><![CDATA[0]]></item>
			</item>
			<item id="902">
				<item id="bid"><![CDATA[902]]></item>
				<item id="blockclass"><![CDATA[html_html]]></item>
				<item id="blocktype"><![CDATA[0]]></item>
				<item id="name"><![CDATA[资源分类手机版门户首页顶部文字导航7]]></item>
				<item id="title"><![CDATA[<div class="blocktitle title" style="background-image: none; background-repeat: repeat; background-color: rgb(204, 204, 204);"><span class="titletext" style="float:;margin-left:px;font-size:;color: !important;">顶部文字导航7</span></div>]]></item>
				<item id="classname"><![CDATA[cl_block_bm]]></item>
				<item id="summary"><![CDATA[<a href="#" target="_blank"><img src="" alt="导航" title="导航" /></a>]]></item>
				<item id="uid"><![CDATA[1]]></item>
				<item id="username"><![CDATA[admin]]></item>
				<item id="styleid"><![CDATA[0]]></item>
				<item id="blockstyle"><![CDATA[]]></item>
				<item id="picwidth"><![CDATA[0]]></item>
				<item id="picheight"><![CDATA[0]]></item>
				<item id="target"><![CDATA[blank]]></item>
				<item id="dateformat"><![CDATA[Y-m-d]]></item>
				<item id="dateuformat"><![CDATA[0]]></item>
				<item id="script"><![CDATA[banner]]></item>
				<item id="param">
					<item id="pic"><![CDATA[]]></item>
					<item id="url"><![CDATA[#]]></item>
					<item id="atarget"><![CDATA[_blank]]></item>
					<item id="width"><![CDATA[]]></item>
					<item id="height"><![CDATA[]]></item>
					<item id="text"><![CDATA[导航]]></item>
					<item id="items"><![CDATA[10]]></item>
				</item>
				<item id="shownum"><![CDATA[10]]></item>
				<item id="cachetime"><![CDATA[0]]></item>
				<item id="cachetimerange"><![CDATA[0,0]]></item>
				<item id="punctualupdate"><![CDATA[0]]></item>
				<item id="hidedisplay"><![CDATA[0]]></item>
				<item id="dateline"><![CDATA[1560676338]]></item>
				<item id="notinherited"><![CDATA[0]]></item>
				<item id="isblank"><![CDATA[0]]></item>
			</item>
			<item id="903">
				<item id="bid"><![CDATA[903]]></item>
				<item id="blockclass"><![CDATA[html_html]]></item>
				<item id="blocktype"><![CDATA[0]]></item>
				<item id="name"><![CDATA[资源分类手机版门户首页顶部文字导航8]]></item>
				<item id="title"><![CDATA[<div class="blocktitle title" style="background-image: none; background-repeat: repeat; background-color: rgb(204, 204, 204);"><span class="titletext" style="float:;margin-left:px;font-size:;color: !important;">顶部文字导航8</span></div>]]></item>
				<item id="classname"><![CDATA[cl_block_bm]]></item>
				<item id="summary"><![CDATA[<a href="#" target="_blank"><img src="" alt="导航" title="导航" /></a>]]></item>
				<item id="uid"><![CDATA[1]]></item>
				<item id="username"><![CDATA[admin]]></item>
				<item id="styleid"><![CDATA[0]]></item>
				<item id="blockstyle"><![CDATA[]]></item>
				<item id="picwidth"><![CDATA[0]]></item>
				<item id="picheight"><![CDATA[0]]></item>
				<item id="target"><![CDATA[blank]]></item>
				<item id="dateformat"><![CDATA[Y-m-d]]></item>
				<item id="dateuformat"><![CDATA[0]]></item>
				<item id="script"><![CDATA[banner]]></item>
				<item id="param">
					<item id="pic"><![CDATA[]]></item>
					<item id="url"><![CDATA[#]]></item>
					<item id="atarget"><![CDATA[_blank]]></item>
					<item id="width"><![CDATA[]]></item>
					<item id="height"><![CDATA[]]></item>
					<item id="text"><![CDATA[导航]]></item>
					<item id="items"><![CDATA[10]]></item>
				</item>
				<item id="shownum"><![CDATA[10]]></item>
				<item id="cachetime"><![CDATA[0]]></item>
				<item id="cachetimerange"><![CDATA[0,0]]></item>
				<item id="punctualupdate"><![CDATA[0]]></item>
				<item id="hidedisplay"><![CDATA[0]]></item>
				<item id="dateline"><![CDATA[1560676344]]></item>
				<item id="notinherited"><![CDATA[0]]></item>
				<item id="isblank"><![CDATA[0]]></item>
			</item>
			<item id="1051">
				<item id="bid"><![CDATA[1051]]></item>
				<item id="blockclass"><![CDATA[html_html]]></item>
				<item id="blocktype"><![CDATA[0]]></item>
				<item id="name"><![CDATA[资源分类手机版门户首页顶部文字导航9]]></item>
				<item id="title"><![CDATA[<div class="blocktitle title" style="background-image: none; background-repeat: repeat; background-color: rgb(204, 204, 204);"><span class="titletext" style="float:;margin-left:px;font-size:;color: !important;">顶部文字导航9</span></div>]]></item>
				<item id="classname"><![CDATA[cl_block_bm]]></item>
				<item id="summary"><![CDATA[<a href="#" target="_blank"><img src="" alt="导航9" title="导航9" /></a>]]></item>
				<item id="uid"><![CDATA[1]]></item>
				<item id="username"><![CDATA[admin]]></item>
				<item id="styleid"><![CDATA[0]]></item>
				<item id="blockstyle"><![CDATA[]]></item>
				<item id="picwidth"><![CDATA[0]]></item>
				<item id="picheight"><![CDATA[0]]></item>
				<item id="target"><![CDATA[blank]]></item>
				<item id="dateformat"><![CDATA[Y-m-d]]></item>
				<item id="dateuformat"><![CDATA[0]]></item>
				<item id="script"><![CDATA[banner]]></item>
				<item id="param">
					<item id="pic"><![CDATA[]]></item>
					<item id="url"><![CDATA[#]]></item>
					<item id="atarget"><![CDATA[_blank]]></item>
					<item id="width"><![CDATA[]]></item>
					<item id="height"><![CDATA[]]></item>
					<item id="text"><![CDATA[导航9]]></item>
					<item id="items"><![CDATA[10]]></item>
				</item>
				<item id="shownum"><![CDATA[10]]></item>
				<item id="cachetime"><![CDATA[3600]]></item>
				<item id="cachetimerange"><![CDATA[]]></item>
				<item id="punctualupdate"><![CDATA[0]]></item>
				<item id="hidedisplay"><![CDATA[0]]></item>
				<item id="dateline"><![CDATA[1569225823]]></item>
				<item id="notinherited"><![CDATA[0]]></item>
				<item id="isblank"><![CDATA[0]]></item>
			</item>
			<item id="1052">
				<item id="bid"><![CDATA[1052]]></item>
				<item id="blockclass"><![CDATA[html_html]]></item>
				<item id="blocktype"><![CDATA[0]]></item>
				<item id="name"><![CDATA[资源分类手机版门户首页顶部文字导航10]]></item>
				<item id="title"><![CDATA[<div class="blocktitle title" style="background-image: none; background-repeat: repeat; background-color: rgb(204, 204, 204);"><span class="titletext" style="float:;margin-left:px;font-size:;color: !important;">顶部文字导航10</span></div>]]></item>
				<item id="classname"><![CDATA[cl_block_bm]]></item>
				<item id="summary"><![CDATA[<a href="#" target="_blank"><img src="" alt="导航10" title="导航10" /></a>]]></item>
				<item id="uid"><![CDATA[1]]></item>
				<item id="username"><![CDATA[admin]]></item>
				<item id="styleid"><![CDATA[0]]></item>
				<item id="blockstyle"><![CDATA[]]></item>
				<item id="picwidth"><![CDATA[0]]></item>
				<item id="picheight"><![CDATA[0]]></item>
				<item id="target"><![CDATA[blank]]></item>
				<item id="dateformat"><![CDATA[Y-m-d]]></item>
				<item id="dateuformat"><![CDATA[0]]></item>
				<item id="script"><![CDATA[banner]]></item>
				<item id="param">
					<item id="pic"><![CDATA[]]></item>
					<item id="url"><![CDATA[#]]></item>
					<item id="atarget"><![CDATA[_blank]]></item>
					<item id="width"><![CDATA[]]></item>
					<item id="height"><![CDATA[]]></item>
					<item id="text"><![CDATA[导航10]]></item>
					<item id="items"><![CDATA[10]]></item>
				</item>
				<item id="shownum"><![CDATA[10]]></item>
				<item id="cachetime"><![CDATA[3600]]></item>
				<item id="cachetimerange"><![CDATA[]]></item>
				<item id="punctualupdate"><![CDATA[0]]></item>
				<item id="hidedisplay"><![CDATA[0]]></item>
				<item id="dateline"><![CDATA[1569225882]]></item>
				<item id="notinherited"><![CDATA[0]]></item>
				<item id="isblank"><![CDATA[0]]></item>
			</item>
			<item id="1053">
				<item id="bid"><![CDATA[1053]]></item>
				<item id="blockclass"><![CDATA[html_html]]></item>
				<item id="blocktype"><![CDATA[0]]></item>
				<item id="name"><![CDATA[资源分类手机版门户首页顶部文字导航11]]></item>
				<item id="title"><![CDATA[<div class="blocktitle title" style="background-image: none; background-repeat: repeat; background-color: rgb(204, 204, 204);"><span class="titletext" style="float:;margin-left:px;font-size:;color: !important;">顶部文字导航11</span></div>]]></item>
				<item id="classname"><![CDATA[cl_block_bm]]></item>
				<item id="summary"><![CDATA[<a href="#" target="_blank"><img src="" alt="导航11" title="导航11" /></a>]]></item>
				<item id="uid"><![CDATA[1]]></item>
				<item id="username"><![CDATA[admin]]></item>
				<item id="styleid"><![CDATA[0]]></item>
				<item id="blockstyle"><![CDATA[]]></item>
				<item id="picwidth"><![CDATA[0]]></item>
				<item id="picheight"><![CDATA[0]]></item>
				<item id="target"><![CDATA[blank]]></item>
				<item id="dateformat"><![CDATA[Y-m-d]]></item>
				<item id="dateuformat"><![CDATA[0]]></item>
				<item id="script"><![CDATA[banner]]></item>
				<item id="param">
					<item id="pic"><![CDATA[]]></item>
					<item id="url"><![CDATA[#]]></item>
					<item id="atarget"><![CDATA[_blank]]></item>
					<item id="width"><![CDATA[]]></item>
					<item id="height"><![CDATA[]]></item>
					<item id="text"><![CDATA[导航11]]></item>
					<item id="items"><![CDATA[10]]></item>
				</item>
				<item id="shownum"><![CDATA[10]]></item>
				<item id="cachetime"><![CDATA[3600]]></item>
				<item id="cachetimerange"><![CDATA[]]></item>
				<item id="punctualupdate"><![CDATA[0]]></item>
				<item id="hidedisplay"><![CDATA[0]]></item>
				<item id="dateline"><![CDATA[1569225926]]></item>
				<item id="notinherited"><![CDATA[0]]></item>
				<item id="isblank"><![CDATA[0]]></item>
			</item>
			<item id="1054">
				<item id="bid"><![CDATA[1054]]></item>
				<item id="blockclass"><![CDATA[html_html]]></item>
				<item id="blocktype"><![CDATA[0]]></item>
				<item id="name"><![CDATA[资源分类手机版门户首页顶部文字导航12]]></item>
				<item id="title"><![CDATA[<div class="blocktitle title" style="background-image: none; background-repeat: repeat; background-color: rgb(204, 204, 204);"><span class="titletext" style="float:;margin-left:px;font-size:;color: !important;">顶部文字导航12</span></div>]]></item>
				<item id="classname"><![CDATA[cl_block_bm]]></item>
				<item id="summary"><![CDATA[<a href="#" target="_blank"><img src="" alt="导航12" title="导航12" /></a>]]></item>
				<item id="uid"><![CDATA[1]]></item>
				<item id="username"><![CDATA[admin]]></item>
				<item id="styleid"><![CDATA[0]]></item>
				<item id="blockstyle"><![CDATA[]]></item>
				<item id="picwidth"><![CDATA[0]]></item>
				<item id="picheight"><![CDATA[0]]></item>
				<item id="target"><![CDATA[blank]]></item>
				<item id="dateformat"><![CDATA[Y-m-d]]></item>
				<item id="dateuformat"><![CDATA[0]]></item>
				<item id="script"><![CDATA[banner]]></item>
				<item id="param">
					<item id="pic"><![CDATA[]]></item>
					<item id="url"><![CDATA[#]]></item>
					<item id="atarget"><![CDATA[_blank]]></item>
					<item id="width"><![CDATA[]]></item>
					<item id="height"><![CDATA[]]></item>
					<item id="text"><![CDATA[导航12]]></item>
					<item id="items"><![CDATA[10]]></item>
				</item>
				<item id="shownum"><![CDATA[10]]></item>
				<item id="cachetime"><![CDATA[3600]]></item>
				<item id="cachetimerange"><![CDATA[]]></item>
				<item id="punctualupdate"><![CDATA[0]]></item>
				<item id="hidedisplay"><![CDATA[0]]></item>
				<item id="dateline"><![CDATA[1569225962]]></item>
				<item id="notinherited"><![CDATA[0]]></item>
				<item id="isblank"><![CDATA[0]]></item>
			</item>
		</item>
		<item id="style">
		</item>
	</item>
</root>