<?xml version="1.0" encoding="ISO-8859-1"?>
<root>
	<item id="spacecss"><![CDATA[#frameN7HHyD { background-color:#ffffff !important;background-image:none !important;border:#ff6600 2px solid !important;margin-top:10px !important;margin-right:0px !important;margin-bottom:20px !important;margin-left:0px !important;}#portal_block_904 { border:#ff6600 1px dotted !important;margin:5px !important;}#portal_block_904 .dxb_bc { margin:5px !important;}#portal_block_905 { border:#ff6600 1px dotted !important;margin:5px !important;}#portal_block_905 .dxb_bc { margin:5px !important;}#portal_block_906 { border:#ff6600 1px dotted !important;margin:5px !important;}#portal_block_906 .dxb_bc { margin:5px !important;}#portal_block_907 { border:#ff6600 1px dotted !important;margin:5px !important;}#portal_block_907 .dxb_bc { margin:5px !important;}#portal_block_908 { border:#ff6600 1px dotted !important;margin:5px !important;}#portal_block_908 .dxb_bc { margin:5px !important;}#portal_block_909 { border:#ff6600 1px dotted !important;margin:5px !important;}#portal_block_909 .dxb_bc { margin:5px !important;}#portal_block_910 { border:#ff6600 1px dotted !important;margin:5px !important;}#portal_block_910 .dxb_bc { margin:5px !important;}#portal_block_911 { border:#ff6600 1px dotted !important;margin:5px !important;}#portal_block_911 .dxb_bc { margin:5px !important;}]]></item>
	<item id="style"><![CDATA[static/topic/t1/style.css]]></item>
	<item id="layoutdata">
		<item id="diypage">
			<item id="frame`frameN7HHyD">
				<item id="attr">
					<item id="name"><![CDATA[frameN7HHyD]]></item>
					<item id="moveable"><![CDATA[true]]></item>
					<item id="className"><![CDATA[cl_frame_bm frame move-span cl frame-1-1]]></item>
					<item id="titles">
						<item id="0">
							<item id="text"><![CDATA[小提示：如果想关闭某个模块，只需在模块标识前加个0即可，删除模块是没用的，详细请看教程。]]></item>
							<item id="href"><![CDATA[]]></item>
							<item id="color"><![CDATA[rgb(255, 255, 255)]]></item>
							<item id="float"><![CDATA[right]]></item>
							<item id="margin"><![CDATA[]]></item>
							<item id="font-size"><![CDATA[14]]></item>
							<item id="className"><![CDATA[subtitle]]></item>
							<item id="src"><![CDATA[]]></item>
						</item>
						<item id="className">
							<item id="0"><![CDATA[title frame-title]]></item>
						</item>
						<item id="style">
							<item id="background-image"><![CDATA[none]]></item>
							<item id="background-repeat"><![CDATA[repeat]]></item>
							<item id="background-color"><![CDATA[rgb(255, 102, 0)]]></item>
						</item>
						<item id="first">
							<item id="text"><![CDATA[手机版门户首页四格导航]]></item>
							<item id="href"><![CDATA[]]></item>
							<item id="color"><![CDATA[rgb(255, 255, 255)]]></item>
							<item id="float"><![CDATA[]]></item>
							<item id="margin"><![CDATA[]]></item>
							<item id="font-size"><![CDATA[20]]></item>
							<item id="className"><![CDATA[titletext]]></item>
							<item id="src"><![CDATA[]]></item>
						</item>
					</item>
				</item>
				<item id="column`frameN7HHyD_left">
					<item id="attr">
						<item id="name"><![CDATA[frameN7HHyD_left]]></item>
						<item id="className"><![CDATA[column frame-1-1-l]]></item>
					</item>
					<item id="frame`frameZ7K7B9">
						<item id="attr">
							<item id="name"><![CDATA[frameZ7K7B9]]></item>
							<item id="moveable"><![CDATA[true]]></item>
							<item id="className"><![CDATA[cl_frame_bm frame move-span cl frame-1-1]]></item>
							<item id="titles"><![CDATA[]]></item>
						</item>
						<item id="column`frameZ7K7B9_left">
							<item id="attr">
								<item id="name"><![CDATA[frameZ7K7B9_left]]></item>
								<item id="className"><![CDATA[column frame-1-1-l]]></item>
							</item>
							<item id="block`portal_block_904">
								<item id="attr">
									<item id="name"><![CDATA[portal_block_904]]></item>
									<item id="className"><![CDATA[cl_block_bm block move-span]]></item>
									<item id="titles">
										<item id="className">
											<item id="0"><![CDATA[blocktitle title]]></item>
										</item>
										<item id="style">
											<item id="background-image"><![CDATA[none]]></item>
											<item id="background-repeat"><![CDATA[repeat]]></item>
											<item id="background-color"><![CDATA[rgb(204, 204, 204)]]></item>
										</item>
										<item id="first">
											<item id="text"><![CDATA[四格导航1图标和标题]]></item>
											<item id="href"><![CDATA[]]></item>
											<item id="color"><![CDATA[]]></item>
											<item id="float"><![CDATA[]]></item>
											<item id="margin"><![CDATA[]]></item>
											<item id="font-size"><![CDATA[]]></item>
											<item id="className"><![CDATA[titletext]]></item>
											<item id="src"><![CDATA[]]></item>
										</item>
									</item>
								</item>
							</item>
							<item id="block`portal_block_905">
								<item id="attr">
									<item id="name"><![CDATA[portal_block_905]]></item>
									<item id="className"><![CDATA[cl_block_bm block move-span]]></item>
									<item id="titles">
										<item id="className">
											<item id="0"><![CDATA[blocktitle title]]></item>
										</item>
										<item id="style">
											<item id="background-image"><![CDATA[none]]></item>
											<item id="background-repeat"><![CDATA[repeat]]></item>
											<item id="background-color"><![CDATA[rgb(204, 204, 204)]]></item>
										</item>
										<item id="first">
											<item id="text"><![CDATA[四格导航1介绍]]></item>
											<item id="href"><![CDATA[]]></item>
											<item id="color"><![CDATA[]]></item>
											<item id="float"><![CDATA[]]></item>
											<item id="margin"><![CDATA[]]></item>
											<item id="font-size"><![CDATA[]]></item>
											<item id="className"><![CDATA[titletext]]></item>
											<item id="src"><![CDATA[]]></item>
										</item>
									</item>
								</item>
							</item>
						</item>
						<item id="column`frameZ7K7B9_center">
							<item id="attr">
								<item id="name"><![CDATA[frameZ7K7B9_center]]></item>
								<item id="className"><![CDATA[column frame-1-1-r]]></item>
							</item>
							<item id="block`portal_block_906">
								<item id="attr">
									<item id="name"><![CDATA[portal_block_906]]></item>
									<item id="className"><![CDATA[cl_block_bm block move-span]]></item>
									<item id="titles">
										<item id="className">
											<item id="0"><![CDATA[blocktitle title]]></item>
										</item>
										<item id="style">
											<item id="background-image"><![CDATA[none]]></item>
											<item id="background-repeat"><![CDATA[repeat]]></item>
											<item id="background-color"><![CDATA[rgb(204, 204, 204)]]></item>
										</item>
										<item id="first">
											<item id="text"><![CDATA[四格导航2图标和标题]]></item>
											<item id="href"><![CDATA[]]></item>
											<item id="color"><![CDATA[]]></item>
											<item id="float"><![CDATA[]]></item>
											<item id="margin"><![CDATA[]]></item>
											<item id="font-size"><![CDATA[]]></item>
											<item id="className"><![CDATA[titletext]]></item>
											<item id="src"><![CDATA[]]></item>
										</item>
									</item>
								</item>
							</item>
							<item id="block`portal_block_907">
								<item id="attr">
									<item id="name"><![CDATA[portal_block_907]]></item>
									<item id="className"><![CDATA[cl_block_bm block move-span]]></item>
									<item id="titles">
										<item id="className">
											<item id="0"><![CDATA[blocktitle title]]></item>
										</item>
										<item id="style">
											<item id="background-image"><![CDATA[none]]></item>
											<item id="background-repeat"><![CDATA[repeat]]></item>
											<item id="background-color"><![CDATA[rgb(204, 204, 204)]]></item>
										</item>
										<item id="first">
											<item id="text"><![CDATA[四格导航2介绍]]></item>
											<item id="href"><![CDATA[]]></item>
											<item id="color"><![CDATA[]]></item>
											<item id="float"><![CDATA[]]></item>
											<item id="margin"><![CDATA[]]></item>
											<item id="font-size"><![CDATA[]]></item>
											<item id="className"><![CDATA[titletext]]></item>
											<item id="src"><![CDATA[]]></item>
										</item>
									</item>
								</item>
							</item>
						</item>
					</item>
				</item>
				<item id="column`frameN7HHyD_center">
					<item id="attr">
						<item id="name"><![CDATA[frameN7HHyD_center]]></item>
						<item id="className"><![CDATA[column frame-1-1-r]]></item>
					</item>
					<item id="frame`frameWAoaAv">
						<item id="attr">
							<item id="name"><![CDATA[frameWAoaAv]]></item>
							<item id="moveable"><![CDATA[true]]></item>
							<item id="className"><![CDATA[cl_frame_bm frame move-span cl frame-1-1]]></item>
							<item id="titles"><![CDATA[]]></item>
						</item>
						<item id="column`frameWAoaAv_left">
							<item id="attr">
								<item id="name"><![CDATA[frameWAoaAv_left]]></item>
								<item id="className"><![CDATA[column frame-1-1-l]]></item>
							</item>
							<item id="block`portal_block_908">
								<item id="attr">
									<item id="name"><![CDATA[portal_block_908]]></item>
									<item id="className"><![CDATA[cl_block_bm block move-span]]></item>
									<item id="titles">
										<item id="className">
											<item id="0"><![CDATA[blocktitle title]]></item>
										</item>
										<item id="style">
											<item id="background-image"><![CDATA[none]]></item>
											<item id="background-repeat"><![CDATA[repeat]]></item>
											<item id="background-color"><![CDATA[rgb(204, 204, 204)]]></item>
										</item>
										<item id="first">
											<item id="text"><![CDATA[四格导航3图标和标题]]></item>
											<item id="href"><![CDATA[]]></item>
											<item id="color"><![CDATA[]]></item>
											<item id="float"><![CDATA[]]></item>
											<item id="margin"><![CDATA[]]></item>
											<item id="font-size"><![CDATA[]]></item>
											<item id="className"><![CDATA[titletext]]></item>
											<item id="src"><![CDATA[]]></item>
										</item>
									</item>
								</item>
							</item>
							<item id="block`portal_block_909">
								<item id="attr">
									<item id="name"><![CDATA[portal_block_909]]></item>
									<item id="className"><![CDATA[cl_block_bm block move-span]]></item>
									<item id="titles">
										<item id="className">
											<item id="0"><![CDATA[blocktitle title]]></item>
										</item>
										<item id="style">
											<item id="background-image"><![CDATA[none]]></item>
											<item id="background-repeat"><![CDATA[repeat]]></item>
											<item id="background-color"><![CDATA[rgb(204, 204, 204)]]></item>
										</item>
										<item id="first">
											<item id="text"><![CDATA[四格导航3介绍]]></item>
											<item id="href"><![CDATA[]]></item>
											<item id="color"><![CDATA[]]></item>
											<item id="float"><![CDATA[]]></item>
											<item id="margin"><![CDATA[]]></item>
											<item id="font-size"><![CDATA[]]></item>
											<item id="className"><![CDATA[titletext]]></item>
											<item id="src"><![CDATA[]]></item>
										</item>
									</item>
								</item>
							</item>
						</item>
						<item id="column`frameWAoaAv_center">
							<item id="attr">
								<item id="name"><![CDATA[frameWAoaAv_center]]></item>
								<item id="className"><![CDATA[column frame-1-1-r]]></item>
							</item>
							<item id="block`portal_block_910">
								<item id="attr">
									<item id="name"><![CDATA[portal_block_910]]></item>
									<item id="className"><![CDATA[cl_block_bm block move-span]]></item>
									<item id="titles">
										<item id="className">
											<item id="0"><![CDATA[blocktitle title]]></item>
										</item>
										<item id="style">
											<item id="background-image"><![CDATA[none]]></item>
											<item id="background-repeat"><![CDATA[repeat]]></item>
											<item id="background-color"><![CDATA[rgb(204, 204, 204)]]></item>
										</item>
										<item id="first">
											<item id="text"><![CDATA[四格导航4图标和标题]]></item>
											<item id="href"><![CDATA[]]></item>
											<item id="color"><![CDATA[]]></item>
											<item id="float"><![CDATA[]]></item>
											<item id="margin"><![CDATA[]]></item>
											<item id="font-size"><![CDATA[]]></item>
											<item id="className"><![CDATA[titletext]]></item>
											<item id="src"><![CDATA[]]></item>
										</item>
									</item>
								</item>
							</item>
							<item id="block`portal_block_911">
								<item id="attr">
									<item id="name"><![CDATA[portal_block_911]]></item>
									<item id="className"><![CDATA[cl_block_bm block move-span]]></item>
									<item id="titles">
										<item id="className">
											<item id="0"><![CDATA[blocktitle title]]></item>
										</item>
										<item id="style">
											<item id="background-image"><![CDATA[none]]></item>
											<item id="background-repeat"><![CDATA[repeat]]></item>
											<item id="background-color"><![CDATA[rgb(204, 204, 204)]]></item>
										</item>
										<item id="first">
											<item id="text"><![CDATA[四格导航4介绍]]></item>
											<item id="href"><![CDATA[]]></item>
											<item id="color"><![CDATA[]]></item>
											<item id="float"><![CDATA[]]></item>
											<item id="margin"><![CDATA[]]></item>
											<item id="font-size"><![CDATA[]]></item>
											<item id="className"><![CDATA[titletext]]></item>
											<item id="src"><![CDATA[]]></item>
										</item>
									</item>
								</item>
							</item>
						</item>
					</item>
				</item>
			</item>
		</item>
	</item>
	<item id="blockdata">
		<item id="block">
			<item id="904">
				<item id="bid"><![CDATA[904]]></item>
				<item id="blockclass"><![CDATA[html_html]]></item>
				<item id="blocktype"><![CDATA[0]]></item>
				<item id="name"><![CDATA[资源分类手机版门户首页四格导航1标题]]></item>
				<item id="title"><![CDATA[<div class="blocktitle title" style="background-image: none; background-repeat: repeat; background-color: rgb(204, 204, 204);"><span class="titletext" style="float:;margin-left:px;font-size:;color: !important;">四格导航1图标和标题</span></div>]]></item>
				<item id="classname"><![CDATA[cl_block_bm]]></item>
				<item id="summary"><![CDATA[<a href="#" target="_blank"><img src="template/bygsjw_2sj/image/nav_sige1.jpg" alt="自定标题1" title="自定标题1" /></a>]]></item>
				<item id="uid"><![CDATA[1]]></item>
				<item id="username"><![CDATA[admin]]></item>
				<item id="styleid"><![CDATA[0]]></item>
				<item id="blockstyle"><![CDATA[]]></item>
				<item id="picwidth"><![CDATA[0]]></item>
				<item id="picheight"><![CDATA[0]]></item>
				<item id="target"><![CDATA[blank]]></item>
				<item id="dateformat"><![CDATA[Y-m-d]]></item>
				<item id="dateuformat"><![CDATA[0]]></item>
				<item id="script"><![CDATA[banner]]></item>
				<item id="param">
					<item id="pic"><![CDATA[template/bygsjw_2sj/image/nav_sige1.jpg]]></item>
					<item id="url"><![CDATA[#]]></item>
					<item id="atarget"><![CDATA[_blank]]></item>
					<item id="width"><![CDATA[]]></item>
					<item id="height"><![CDATA[]]></item>
					<item id="text"><![CDATA[自定标题1]]></item>
					<item id="items"><![CDATA[10]]></item>
				</item>
				<item id="shownum"><![CDATA[10]]></item>
				<item id="cachetime"><![CDATA[0]]></item>
				<item id="cachetimerange"><![CDATA[0,0]]></item>
				<item id="punctualupdate"><![CDATA[0]]></item>
				<item id="hidedisplay"><![CDATA[0]]></item>
				<item id="dateline"><![CDATA[1560761659]]></item>
				<item id="notinherited"><![CDATA[0]]></item>
				<item id="isblank"><![CDATA[0]]></item>
			</item>
			<item id="905">
				<item id="bid"><![CDATA[905]]></item>
				<item id="blockclass"><![CDATA[html_html]]></item>
				<item id="blocktype"><![CDATA[0]]></item>
				<item id="name"><![CDATA[资源分类手机版门户首页四格导航1介绍]]></item>
				<item id="title"><![CDATA[<div class="blocktitle title" style="background-image: none; background-repeat: repeat; background-color: rgb(204, 204, 204);"><span class="titletext" style="float:;margin-left:px;font-size:;color: !important;">四格导航1介绍</span></div>]]></item>
				<item id="classname"><![CDATA[cl_block_bm]]></item>
				<item id="summary"><![CDATA[<img src="" alt="四格导航1的自定介绍" title="四格导航1的自定介绍" />]]></item>
				<item id="uid"><![CDATA[1]]></item>
				<item id="username"><![CDATA[admin]]></item>
				<item id="styleid"><![CDATA[0]]></item>
				<item id="blockstyle"><![CDATA[]]></item>
				<item id="picwidth"><![CDATA[0]]></item>
				<item id="picheight"><![CDATA[0]]></item>
				<item id="target"><![CDATA[blank]]></item>
				<item id="dateformat"><![CDATA[Y-m-d]]></item>
				<item id="dateuformat"><![CDATA[0]]></item>
				<item id="script"><![CDATA[banner]]></item>
				<item id="param">
					<item id="pic"><![CDATA[]]></item>
					<item id="url"><![CDATA[]]></item>
					<item id="atarget"><![CDATA[_blank]]></item>
					<item id="width"><![CDATA[]]></item>
					<item id="height"><![CDATA[]]></item>
					<item id="text"><![CDATA[四格导航1的自定介绍]]></item>
					<item id="items"><![CDATA[10]]></item>
				</item>
				<item id="shownum"><![CDATA[10]]></item>
				<item id="cachetime"><![CDATA[0]]></item>
				<item id="cachetimerange"><![CDATA[0,0]]></item>
				<item id="punctualupdate"><![CDATA[0]]></item>
				<item id="hidedisplay"><![CDATA[0]]></item>
				<item id="dateline"><![CDATA[1560761573]]></item>
				<item id="notinherited"><![CDATA[0]]></item>
				<item id="isblank"><![CDATA[0]]></item>
			</item>
			<item id="906">
				<item id="bid"><![CDATA[906]]></item>
				<item id="blockclass"><![CDATA[html_html]]></item>
				<item id="blocktype"><![CDATA[0]]></item>
				<item id="name"><![CDATA[资源分类手机版门户首页四格导航2标题]]></item>
				<item id="title"><![CDATA[<div class="blocktitle title" style="background-image: none; background-repeat: repeat; background-color: rgb(204, 204, 204);"><span class="titletext" style="float:;margin-left:px;font-size:;color: !important;">四格导航2图标和标题</span></div>]]></item>
				<item id="classname"><![CDATA[cl_block_bm]]></item>
				<item id="summary"><![CDATA[<a href="#" target="_blank"><img src="template/bygsjw_2sj/image/nav_sige2.jpg" alt="自定标题2" title="自定标题2" /></a>]]></item>
				<item id="uid"><![CDATA[1]]></item>
				<item id="username"><![CDATA[admin]]></item>
				<item id="styleid"><![CDATA[0]]></item>
				<item id="blockstyle"><![CDATA[]]></item>
				<item id="picwidth"><![CDATA[0]]></item>
				<item id="picheight"><![CDATA[0]]></item>
				<item id="target"><![CDATA[blank]]></item>
				<item id="dateformat"><![CDATA[Y-m-d]]></item>
				<item id="dateuformat"><![CDATA[0]]></item>
				<item id="script"><![CDATA[banner]]></item>
				<item id="param">
					<item id="pic"><![CDATA[template/bygsjw_2sj/image/nav_sige2.jpg]]></item>
					<item id="url"><![CDATA[#]]></item>
					<item id="atarget"><![CDATA[_blank]]></item>
					<item id="width"><![CDATA[]]></item>
					<item id="height"><![CDATA[]]></item>
					<item id="text"><![CDATA[自定标题2]]></item>
					<item id="items"><![CDATA[10]]></item>
				</item>
				<item id="shownum"><![CDATA[10]]></item>
				<item id="cachetime"><![CDATA[0]]></item>
				<item id="cachetimerange"><![CDATA[0,0]]></item>
				<item id="punctualupdate"><![CDATA[0]]></item>
				<item id="hidedisplay"><![CDATA[0]]></item>
				<item id="dateline"><![CDATA[1560761652]]></item>
				<item id="notinherited"><![CDATA[0]]></item>
				<item id="isblank"><![CDATA[0]]></item>
			</item>
			<item id="907">
				<item id="bid"><![CDATA[907]]></item>
				<item id="blockclass"><![CDATA[html_html]]></item>
				<item id="blocktype"><![CDATA[0]]></item>
				<item id="name"><![CDATA[资源分类手机版门户首页四格导航2介绍]]></item>
				<item id="title"><![CDATA[<div class="blocktitle title" style="background-image: none; background-repeat: repeat; background-color: rgb(204, 204, 204);"><span class="titletext" style="float:;margin-left:px;font-size:;color: !important;">四格导航2介绍</span></div>]]></item>
				<item id="classname"><![CDATA[cl_block_bm]]></item>
				<item id="summary"><![CDATA[<img src="" alt="四格导航2的自定介绍" title="四格导航2的自定介绍" />]]></item>
				<item id="uid"><![CDATA[1]]></item>
				<item id="username"><![CDATA[admin]]></item>
				<item id="styleid"><![CDATA[0]]></item>
				<item id="blockstyle"><![CDATA[]]></item>
				<item id="picwidth"><![CDATA[0]]></item>
				<item id="picheight"><![CDATA[0]]></item>
				<item id="target"><![CDATA[blank]]></item>
				<item id="dateformat"><![CDATA[Y-m-d]]></item>
				<item id="dateuformat"><![CDATA[0]]></item>
				<item id="script"><![CDATA[banner]]></item>
				<item id="param">
					<item id="pic"><![CDATA[]]></item>
					<item id="url"><![CDATA[]]></item>
					<item id="atarget"><![CDATA[_blank]]></item>
					<item id="width"><![CDATA[]]></item>
					<item id="height"><![CDATA[]]></item>
					<item id="text"><![CDATA[四格导航2的自定介绍]]></item>
					<item id="items"><![CDATA[10]]></item>
				</item>
				<item id="shownum"><![CDATA[10]]></item>
				<item id="cachetime"><![CDATA[0]]></item>
				<item id="cachetimerange"><![CDATA[0,0]]></item>
				<item id="punctualupdate"><![CDATA[0]]></item>
				<item id="hidedisplay"><![CDATA[0]]></item>
				<item id="dateline"><![CDATA[1560761520]]></item>
				<item id="notinherited"><![CDATA[0]]></item>
				<item id="isblank"><![CDATA[0]]></item>
			</item>
			<item id="908">
				<item id="bid"><![CDATA[908]]></item>
				<item id="blockclass"><![CDATA[html_html]]></item>
				<item id="blocktype"><![CDATA[0]]></item>
				<item id="name"><![CDATA[资源分类手机版门户首页四格导航3标题]]></item>
				<item id="title"><![CDATA[<div class="blocktitle title" style="background-image: none; background-repeat: repeat; background-color: rgb(204, 204, 204);"><span class="titletext" style="float:;margin-left:px;font-size:;color: !important;">四格导航3图标和标题</span></div>]]></item>
				<item id="classname"><![CDATA[cl_block_bm]]></item>
				<item id="summary"><![CDATA[<a href="#" target="_blank"><img src="template/bygsjw_2sj/image/nav_sige3.jpg" alt="自定标题3" title="自定标题3" /></a>]]></item>
				<item id="uid"><![CDATA[1]]></item>
				<item id="username"><![CDATA[admin]]></item>
				<item id="styleid"><![CDATA[0]]></item>
				<item id="blockstyle"><![CDATA[]]></item>
				<item id="picwidth"><![CDATA[0]]></item>
				<item id="picheight"><![CDATA[0]]></item>
				<item id="target"><![CDATA[blank]]></item>
				<item id="dateformat"><![CDATA[Y-m-d]]></item>
				<item id="dateuformat"><![CDATA[0]]></item>
				<item id="script"><![CDATA[banner]]></item>
				<item id="param">
					<item id="pic"><![CDATA[template/bygsjw_2sj/image/nav_sige3.jpg]]></item>
					<item id="url"><![CDATA[#]]></item>
					<item id="atarget"><![CDATA[_blank]]></item>
					<item id="width"><![CDATA[]]></item>
					<item id="height"><![CDATA[]]></item>
					<item id="text"><![CDATA[自定标题3]]></item>
					<item id="items"><![CDATA[10]]></item>
				</item>
				<item id="shownum"><![CDATA[10]]></item>
				<item id="cachetime"><![CDATA[0]]></item>
				<item id="cachetimerange"><![CDATA[0,0]]></item>
				<item id="punctualupdate"><![CDATA[0]]></item>
				<item id="hidedisplay"><![CDATA[0]]></item>
				<item id="dateline"><![CDATA[1560761646]]></item>
				<item id="notinherited"><![CDATA[0]]></item>
				<item id="isblank"><![CDATA[0]]></item>
			</item>
			<item id="909">
				<item id="bid"><![CDATA[909]]></item>
				<item id="blockclass"><![CDATA[html_html]]></item>
				<item id="blocktype"><![CDATA[0]]></item>
				<item id="name"><![CDATA[资源分类手机版门户首页四格导航3介绍]]></item>
				<item id="title"><![CDATA[<div class="blocktitle title" style="background-image: none; background-repeat: repeat; background-color: rgb(204, 204, 204);"><span class="titletext" style="float:;margin-left:px;font-size:;color: !important;">四格导航3介绍</span></div>]]></item>
				<item id="classname"><![CDATA[cl_block_bm]]></item>
				<item id="summary"><![CDATA[<img src="" alt="四格导航3的自定介绍" title="四格导航3的自定介绍" />]]></item>
				<item id="uid"><![CDATA[1]]></item>
				<item id="username"><![CDATA[admin]]></item>
				<item id="styleid"><![CDATA[0]]></item>
				<item id="blockstyle"><![CDATA[]]></item>
				<item id="picwidth"><![CDATA[0]]></item>
				<item id="picheight"><![CDATA[0]]></item>
				<item id="target"><![CDATA[blank]]></item>
				<item id="dateformat"><![CDATA[Y-m-d]]></item>
				<item id="dateuformat"><![CDATA[0]]></item>
				<item id="script"><![CDATA[banner]]></item>
				<item id="param">
					<item id="pic"><![CDATA[]]></item>
					<item id="url"><![CDATA[]]></item>
					<item id="atarget"><![CDATA[_blank]]></item>
					<item id="width"><![CDATA[]]></item>
					<item id="height"><![CDATA[]]></item>
					<item id="text"><![CDATA[四格导航3的自定介绍]]></item>
					<item id="items"><![CDATA[10]]></item>
				</item>
				<item id="shownum"><![CDATA[10]]></item>
				<item id="cachetime"><![CDATA[0]]></item>
				<item id="cachetimerange"><![CDATA[0,0]]></item>
				<item id="punctualupdate"><![CDATA[0]]></item>
				<item id="hidedisplay"><![CDATA[0]]></item>
				<item id="dateline"><![CDATA[1560761505]]></item>
				<item id="notinherited"><![CDATA[0]]></item>
				<item id="isblank"><![CDATA[0]]></item>
			</item>
			<item id="910">
				<item id="bid"><![CDATA[910]]></item>
				<item id="blockclass"><![CDATA[html_html]]></item>
				<item id="blocktype"><![CDATA[0]]></item>
				<item id="name"><![CDATA[资源分类手机版门户首页四格导航4标题]]></item>
				<item id="title"><![CDATA[<div class="blocktitle title" style="background-image: none; background-repeat: repeat; background-color: rgb(204, 204, 204);"><span class="titletext" style="float:;margin-left:px;font-size:;color: !important;">四格导航4图标和标题</span></div>]]></item>
				<item id="classname"><![CDATA[cl_block_bm]]></item>
				<item id="summary"><![CDATA[<a href="#" target="_blank"><img src="template/bygsjw_2sj/image/nav_sige4.jpg" alt="自定标题4" title="自定标题4" /></a>]]></item>
				<item id="uid"><![CDATA[1]]></item>
				<item id="username"><![CDATA[admin]]></item>
				<item id="styleid"><![CDATA[0]]></item>
				<item id="blockstyle"><![CDATA[]]></item>
				<item id="picwidth"><![CDATA[0]]></item>
				<item id="picheight"><![CDATA[0]]></item>
				<item id="target"><![CDATA[blank]]></item>
				<item id="dateformat"><![CDATA[Y-m-d]]></item>
				<item id="dateuformat"><![CDATA[0]]></item>
				<item id="script"><![CDATA[banner]]></item>
				<item id="param">
					<item id="pic"><![CDATA[template/bygsjw_2sj/image/nav_sige4.jpg]]></item>
					<item id="url"><![CDATA[#]]></item>
					<item id="atarget"><![CDATA[_blank]]></item>
					<item id="width"><![CDATA[]]></item>
					<item id="height"><![CDATA[]]></item>
					<item id="text"><![CDATA[自定标题4]]></item>
					<item id="items"><![CDATA[10]]></item>
				</item>
				<item id="shownum"><![CDATA[10]]></item>
				<item id="cachetime"><![CDATA[0]]></item>
				<item id="cachetimerange"><![CDATA[0,0]]></item>
				<item id="punctualupdate"><![CDATA[0]]></item>
				<item id="hidedisplay"><![CDATA[0]]></item>
				<item id="dateline"><![CDATA[1560761642]]></item>
				<item id="notinherited"><![CDATA[0]]></item>
				<item id="isblank"><![CDATA[0]]></item>
			</item>
			<item id="911">
				<item id="bid"><![CDATA[911]]></item>
				<item id="blockclass"><![CDATA[html_html]]></item>
				<item id="blocktype"><![CDATA[0]]></item>
				<item id="name"><![CDATA[资源分类手机版门户首页四格导航4介绍]]></item>
				<item id="title"><![CDATA[<div class="blocktitle title" style="background-image: none; background-repeat: repeat; background-color: rgb(204, 204, 204);"><span class="titletext" style="float:;margin-left:px;font-size:;color: !important;">四格导航4介绍</span></div>]]></item>
				<item id="classname"><![CDATA[cl_block_bm]]></item>
				<item id="summary"><![CDATA[<img src="" alt="四格导航4的自定介绍" title="四格导航4的自定介绍" />]]></item>
				<item id="uid"><![CDATA[1]]></item>
				<item id="username"><![CDATA[admin]]></item>
				<item id="styleid"><![CDATA[0]]></item>
				<item id="blockstyle"><![CDATA[]]></item>
				<item id="picwidth"><![CDATA[0]]></item>
				<item id="picheight"><![CDATA[0]]></item>
				<item id="target"><![CDATA[blank]]></item>
				<item id="dateformat"><![CDATA[Y-m-d]]></item>
				<item id="dateuformat"><![CDATA[0]]></item>
				<item id="script"><![CDATA[banner]]></item>
				<item id="param">
					<item id="pic"><![CDATA[]]></item>
					<item id="url"><![CDATA[]]></item>
					<item id="atarget"><![CDATA[_blank]]></item>
					<item id="width"><![CDATA[]]></item>
					<item id="height"><![CDATA[]]></item>
					<item id="text"><![CDATA[四格导航4的自定介绍]]></item>
					<item id="items"><![CDATA[10]]></item>
				</item>
				<item id="shownum"><![CDATA[10]]></item>
				<item id="cachetime"><![CDATA[0]]></item>
				<item id="cachetimerange"><![CDATA[0,0]]></item>
				<item id="punctualupdate"><![CDATA[0]]></item>
				<item id="hidedisplay"><![CDATA[0]]></item>
				<item id="dateline"><![CDATA[1560761501]]></item>
				<item id="notinherited"><![CDATA[0]]></item>
				<item id="isblank"><![CDATA[0]]></item>
			</item>
		</item>
		<item id="style">
		</item>
	</item>
</root>