<?xml version="1.0" encoding="ISO-8859-1"?>
<root>
	<item id="spacecss"><![CDATA[#frameCQctBq { border:#ff6600 2px solid !important;margin-top:10px !important;margin-right:0px !important;margin-bottom:20px !important;margin-left:0px !important;background-color:#ffffff !important;background-image:none !important;}#portal_block_1096 { border:#ff6600 1px dotted !important;margin:5px !important;}#portal_block_1096 .dxb_bc { margin:5px !important;}]]></item>
	<item id="style"><![CDATA[static/topic/t1/style.css]]></item>
	<item id="layoutdata">
		<item id="diypage">
			<item id="frame`frameCQctBq">
				<item id="attr">
					<item id="name"><![CDATA[frameCQctBq]]></item>
					<item id="moveable"><![CDATA[true]]></item>
					<item id="className"><![CDATA[cl_frame_bm frame move-span cl frame-1]]></item>
					<item id="titles">
						<item id="0">
							<item id="text"><![CDATA[小提示：如果想关闭某个模块，只需在模块标识前加个0即可，删除模块是没用的，详细请看教程。]]></item>
							<item id="href"><![CDATA[]]></item>
							<item id="color"><![CDATA[rgb(255, 255, 255)]]></item>
							<item id="float"><![CDATA[right]]></item>
							<item id="margin"><![CDATA[]]></item>
							<item id="font-size"><![CDATA[14]]></item>
							<item id="className"><![CDATA[subtitle]]></item>
							<item id="src"><![CDATA[]]></item>
						</item>
						<item id="className">
							<item id="0"><![CDATA[title frame-title]]></item>
						</item>
						<item id="style">
							<item id="background-image"><![CDATA[none]]></item>
							<item id="background-repeat"><![CDATA[repeat]]></item>
							<item id="background-color"><![CDATA[rgb(255, 102, 0)]]></item>
						</item>
						<item id="first">
							<item id="text"><![CDATA[手机版门户首页欢迎图片]]></item>
							<item id="href"><![CDATA[]]></item>
							<item id="color"><![CDATA[rgb(255, 255, 255)]]></item>
							<item id="float"><![CDATA[]]></item>
							<item id="margin"><![CDATA[]]></item>
							<item id="font-size"><![CDATA[20]]></item>
							<item id="className"><![CDATA[titletext]]></item>
							<item id="src"><![CDATA[]]></item>
						</item>
					</item>
				</item>
				<item id="column`frameCQctBq_left">
					<item id="attr">
						<item id="name"><![CDATA[frameCQctBq_left]]></item>
						<item id="className"><![CDATA[column frame-1-c]]></item>
					</item>
					<item id="frame`frameLQKqrS">
						<item id="attr">
							<item id="name"><![CDATA[frameLQKqrS]]></item>
							<item id="moveable"><![CDATA[true]]></item>
							<item id="className"><![CDATA[cl_frame_bm frame move-span cl frame-1-1]]></item>
							<item id="titles"><![CDATA[]]></item>
						</item>
						<item id="column`frameLQKqrS_left">
							<item id="attr">
								<item id="name"><![CDATA[frameLQKqrS_left]]></item>
								<item id="className"><![CDATA[column frame-1-1-l]]></item>
							</item>
							<item id="frame`frameNJ1KLV">
								<item id="attr">
									<item id="name"><![CDATA[frameNJ1KLV]]></item>
									<item id="moveable"><![CDATA[true]]></item>
									<item id="className"><![CDATA[cl_frame_bm frame move-span cl frame-1-1]]></item>
									<item id="titles"><![CDATA[]]></item>
								</item>
								<item id="column`frameNJ1KLV_left">
									<item id="attr">
										<item id="name"><![CDATA[frameNJ1KLV_left]]></item>
										<item id="className"><![CDATA[column frame-1-1-l]]></item>
									</item>
									<item id="block`portal_block_1096">
										<item id="attr">
											<item id="name"><![CDATA[portal_block_1096]]></item>
											<item id="className"><![CDATA[cl_block_bm block move-span]]></item>
											<item id="titles">
												<item id="className">
													<item id="0"><![CDATA[blocktitle title]]></item>
												</item>
												<item id="style">
													<item id="background-image"><![CDATA[none]]></item>
													<item id="background-repeat"><![CDATA[repeat]]></item>
													<item id="background-color"><![CDATA[rgb(204, 204, 204)]]></item>
												</item>
												<item id="first">
													<item id="text"><![CDATA[门户首页首次打开的欢迎图]]></item>
													<item id="href"><![CDATA[]]></item>
													<item id="color"><![CDATA[]]></item>
													<item id="float"><![CDATA[]]></item>
													<item id="margin"><![CDATA[]]></item>
													<item id="font-size"><![CDATA[]]></item>
													<item id="className"><![CDATA[titletext]]></item>
													<item id="src"><![CDATA[]]></item>
												</item>
											</item>
										</item>
									</item>
								</item>
								<item id="column`frameNJ1KLV_center">
									<item id="attr">
										<item id="name"><![CDATA[frameNJ1KLV_center]]></item>
										<item id="className"><![CDATA[column frame-1-1-r]]></item>
									</item>
								</item>
							</item>
						</item>
						<item id="column`frameLQKqrS_center">
							<item id="attr">
								<item id="name"><![CDATA[frameLQKqrS_center]]></item>
								<item id="className"><![CDATA[column frame-1-1-r]]></item>
							</item>
						</item>
					</item>
				</item>
			</item>
		</item>
	</item>
	<item id="blockdata">
		<item id="block">
			<item id="1096">
				<item id="bid"><![CDATA[1096]]></item>
				<item id="blockclass"><![CDATA[html_html]]></item>
				<item id="blocktype"><![CDATA[0]]></item>
				<item id="name"><![CDATA[资源分类手机版门户首页欢迎图片]]></item>
				<item id="title"><![CDATA[<div class="blocktitle title" style="background-image: none; background-repeat: repeat; background-color: rgb(204, 204, 204);"><span class="titletext" style="float:;margin-left:px;font-size:;color: !important;">门户首页首次打开的欢迎图</span></div>]]></item>
				<item id="classname"><![CDATA[cl_block_bm]]></item>
				<item id="summary"><![CDATA[<a href="javascript:index_bg_off();" target="_blank"><img src="template/bygsjw_2sj/image/0gg.jpg" width="100%" /></a>]]></item>
				<item id="uid"><![CDATA[1]]></item>
				<item id="username"><![CDATA[admin]]></item>
				<item id="styleid"><![CDATA[0]]></item>
				<item id="blockstyle"><![CDATA[]]></item>
				<item id="picwidth"><![CDATA[0]]></item>
				<item id="picheight"><![CDATA[0]]></item>
				<item id="target"><![CDATA[blank]]></item>
				<item id="dateformat"><![CDATA[Y-m-d]]></item>
				<item id="dateuformat"><![CDATA[0]]></item>
				<item id="script"><![CDATA[banner]]></item>
				<item id="param">
					<item id="pic"><![CDATA[template/bygsjw_2sj/image/0gg.jpg]]></item>
					<item id="url"><![CDATA[javascript:index_bg_off();]]></item>
					<item id="atarget"><![CDATA[_blank]]></item>
					<item id="width"><![CDATA[100%]]></item>
					<item id="height"><![CDATA[]]></item>
					<item id="text"><![CDATA[]]></item>
					<item id="items"><![CDATA[10]]></item>
				</item>
				<item id="shownum"><![CDATA[10]]></item>
				<item id="cachetime"><![CDATA[0]]></item>
				<item id="cachetimerange"><![CDATA[0,0]]></item>
				<item id="punctualupdate"><![CDATA[0]]></item>
				<item id="hidedisplay"><![CDATA[0]]></item>
				<item id="dateline"><![CDATA[1573629039]]></item>
				<item id="notinherited"><![CDATA[0]]></item>
				<item id="isblank"><![CDATA[0]]></item>
			</item>
		</item>
		<item id="style">
		</item>
	</item>
</root>