<?xml version="1.0" encoding="ISO-8859-1"?>
<root>
	<item id="spacecss"><![CDATA[#portal_block_1170 { border:#ff6600 1px dotted !important;margin:5px !important;}#portal_block_1170 .dxb_bc { margin:5px !important;}#portal_block_1171 { border:#ff6600 1px dotted !important;margin:5px !important;}#portal_block_1171 .dxb_bc { margin:5px !important;}#portal_block_1172 { border:#ff6600 1px dotted !important;margin:5px !important;}#portal_block_1172 .dxb_bc { margin:5px !important;}#portal_block_1173 { border:#ff6600 1px dotted !important;margin:5px !important;}#portal_block_1173 .dxb_bc { margin:5px !important;}#framep4WcN6 { background-color:#ffffff !important;background-image:none !important;border:#ff6600 2px solid !important;margin-top:10px !important;margin-right:0px !important;margin-bottom:20px !important;margin-left:0px !important;}#portal_block_1175 { border:#ff6600 1px dotted !important;margin:5px !important;}#portal_block_1175 .dxb_bc { margin:5px !important;}#portal_block_1174 { border:#ff6600 1px dotted !important;margin:5px !important;}#portal_block_1174 .dxb_bc { margin:5px !important;}]]></item>
	<item id="style"><![CDATA[static/topic/t1/style.css]]></item>
	<item id="layoutdata">
		<item id="diypage">
			<item id="frame`framep4WcN6">
				<item id="attr">
					<item id="name"><![CDATA[framep4WcN6]]></item>
					<item id="moveable"><![CDATA[true]]></item>
					<item id="className"><![CDATA[cl_frame_bm frame move-span cl frame-1-1]]></item>
					<item id="titles">
						<item id="0">
							<item id="text"><![CDATA[小提示：如果想关闭某个模块，只需在模块标识前加个0即可，删除模块是没用的，详细请看教程。]]></item>
							<item id="href"><![CDATA[]]></item>
							<item id="color"><![CDATA[rgb(255, 255, 255)]]></item>
							<item id="float"><![CDATA[right]]></item>
							<item id="margin"><![CDATA[]]></item>
							<item id="font-size"><![CDATA[14]]></item>
							<item id="className"><![CDATA[subtitle]]></item>
							<item id="src"><![CDATA[]]></item>
						</item>
						<item id="className">
							<item id="0"><![CDATA[title frame-title]]></item>
						</item>
						<item id="style">
							<item id="background-image"><![CDATA[none]]></item>
							<item id="background-repeat"><![CDATA[repeat]]></item>
							<item id="background-color"><![CDATA[rgb(255, 102, 0)]]></item>
						</item>
						<item id="first">
							<item id="text"><![CDATA[手机版个人中心菜单自定义导航]]></item>
							<item id="href"><![CDATA[]]></item>
							<item id="color"><![CDATA[rgb(255, 255, 255)]]></item>
							<item id="float"><![CDATA[]]></item>
							<item id="margin"><![CDATA[]]></item>
							<item id="font-size"><![CDATA[20]]></item>
							<item id="className"><![CDATA[titletext]]></item>
							<item id="src"><![CDATA[]]></item>
						</item>
					</item>
				</item>
				<item id="column`framep4WcN6_left">
					<item id="attr">
						<item id="name"><![CDATA[framep4WcN6_left]]></item>
						<item id="className"><![CDATA[column frame-1-1-l]]></item>
					</item>
					<item id="frame`framehW084B">
						<item id="attr">
							<item id="name"><![CDATA[framehW084B]]></item>
							<item id="moveable"><![CDATA[true]]></item>
							<item id="className"><![CDATA[cl_frame_bm frame move-span cl frame-1-1-1]]></item>
							<item id="titles"><![CDATA[]]></item>
						</item>
						<item id="column`framehW084B_left">
							<item id="attr">
								<item id="name"><![CDATA[framehW084B_left]]></item>
								<item id="className"><![CDATA[column frame-1-1-1-l]]></item>
							</item>
							<item id="block`portal_block_1170">
								<item id="attr">
									<item id="name"><![CDATA[portal_block_1170]]></item>
									<item id="className"><![CDATA[cl_block_bm block move-span]]></item>
									<item id="titles">
										<item id="className">
											<item id="0"><![CDATA[blocktitle title]]></item>
										</item>
										<item id="style">
											<item id="background-image"><![CDATA[none]]></item>
											<item id="background-repeat"><![CDATA[repeat]]></item>
											<item id="background-color"><![CDATA[rgb(204, 204, 204)]]></item>
										</item>
										<item id="first">
											<item id="text"><![CDATA[自定义1]]></item>
											<item id="href"><![CDATA[]]></item>
											<item id="color"><![CDATA[]]></item>
											<item id="float"><![CDATA[]]></item>
											<item id="margin"><![CDATA[]]></item>
											<item id="font-size"><![CDATA[]]></item>
											<item id="className"><![CDATA[titletext]]></item>
											<item id="src"><![CDATA[]]></item>
										</item>
									</item>
								</item>
							</item>
						</item>
						<item id="column`framehW084B_center">
							<item id="attr">
								<item id="name"><![CDATA[framehW084B_center]]></item>
								<item id="className"><![CDATA[column frame-1-1-1-c]]></item>
							</item>
							<item id="block`portal_block_1171">
								<item id="attr">
									<item id="name"><![CDATA[portal_block_1171]]></item>
									<item id="className"><![CDATA[cl_block_bm block move-span]]></item>
									<item id="titles">
										<item id="className">
											<item id="0"><![CDATA[blocktitle title]]></item>
										</item>
										<item id="style">
											<item id="background-image"><![CDATA[none]]></item>
											<item id="background-repeat"><![CDATA[repeat]]></item>
											<item id="background-color"><![CDATA[rgb(204, 204, 204)]]></item>
										</item>
										<item id="first">
											<item id="text"><![CDATA[自定义2]]></item>
											<item id="href"><![CDATA[]]></item>
											<item id="color"><![CDATA[]]></item>
											<item id="float"><![CDATA[]]></item>
											<item id="margin"><![CDATA[]]></item>
											<item id="font-size"><![CDATA[]]></item>
											<item id="className"><![CDATA[titletext]]></item>
											<item id="src"><![CDATA[]]></item>
										</item>
									</item>
								</item>
							</item>
						</item>
						<item id="column`framehW084B_right">
							<item id="attr">
								<item id="name"><![CDATA[framehW084B_right]]></item>
								<item id="className"><![CDATA[column frame-1-1-1-r]]></item>
							</item>
							<item id="block`portal_block_1174">
								<item id="attr">
									<item id="name"><![CDATA[portal_block_1174]]></item>
									<item id="className"><![CDATA[cl_block_bm block move-span]]></item>
									<item id="titles">
										<item id="className">
											<item id="0"><![CDATA[blocktitle title]]></item>
										</item>
										<item id="style">
											<item id="background-image"><![CDATA[none]]></item>
											<item id="background-repeat"><![CDATA[repeat]]></item>
											<item id="background-color"><![CDATA[rgb(204, 204, 204)]]></item>
										</item>
										<item id="first">
											<item id="text"><![CDATA[自定义3]]></item>
											<item id="href"><![CDATA[]]></item>
											<item id="color"><![CDATA[]]></item>
											<item id="float"><![CDATA[]]></item>
											<item id="margin"><![CDATA[]]></item>
											<item id="font-size"><![CDATA[]]></item>
											<item id="className"><![CDATA[titletext]]></item>
											<item id="src"><![CDATA[]]></item>
										</item>
									</item>
								</item>
							</item>
						</item>
					</item>
				</item>
				<item id="column`framep4WcN6_center">
					<item id="attr">
						<item id="name"><![CDATA[framep4WcN6_center]]></item>
						<item id="className"><![CDATA[column frame-1-1-r]]></item>
					</item>
					<item id="frame`frameIEn8Pe">
						<item id="attr">
							<item id="name"><![CDATA[frameIEn8Pe]]></item>
							<item id="moveable"><![CDATA[true]]></item>
							<item id="className"><![CDATA[cl_frame_bm frame move-span cl frame-1-1-1]]></item>
							<item id="titles"><![CDATA[]]></item>
						</item>
						<item id="column`frameIEn8Pe_left">
							<item id="attr">
								<item id="name"><![CDATA[frameIEn8Pe_left]]></item>
								<item id="className"><![CDATA[column frame-1-1-1-l]]></item>
							</item>
							<item id="block`portal_block_1172">
								<item id="attr">
									<item id="name"><![CDATA[portal_block_1172]]></item>
									<item id="className"><![CDATA[cl_block_bm block move-span]]></item>
									<item id="titles">
										<item id="className">
											<item id="0"><![CDATA[blocktitle title]]></item>
										</item>
										<item id="style">
											<item id="background-image"><![CDATA[none]]></item>
											<item id="background-repeat"><![CDATA[repeat]]></item>
											<item id="background-color"><![CDATA[rgb(204, 204, 204)]]></item>
										</item>
										<item id="first">
											<item id="text"><![CDATA[自定义4]]></item>
											<item id="href"><![CDATA[]]></item>
											<item id="color"><![CDATA[]]></item>
											<item id="float"><![CDATA[]]></item>
											<item id="margin"><![CDATA[]]></item>
											<item id="font-size"><![CDATA[]]></item>
											<item id="className"><![CDATA[titletext]]></item>
											<item id="src"><![CDATA[]]></item>
										</item>
									</item>
								</item>
							</item>
						</item>
						<item id="column`frameIEn8Pe_center">
							<item id="attr">
								<item id="name"><![CDATA[frameIEn8Pe_center]]></item>
								<item id="className"><![CDATA[column frame-1-1-1-c]]></item>
							</item>
							<item id="block`portal_block_1173">
								<item id="attr">
									<item id="name"><![CDATA[portal_block_1173]]></item>
									<item id="className"><![CDATA[cl_block_bm block move-span]]></item>
									<item id="titles">
										<item id="className">
											<item id="0"><![CDATA[blocktitle title]]></item>
										</item>
										<item id="style">
											<item id="background-image"><![CDATA[none]]></item>
											<item id="background-repeat"><![CDATA[repeat]]></item>
											<item id="background-color"><![CDATA[rgb(204, 204, 204)]]></item>
										</item>
										<item id="first">
											<item id="text"><![CDATA[自定义5]]></item>
											<item id="href"><![CDATA[]]></item>
											<item id="color"><![CDATA[]]></item>
											<item id="float"><![CDATA[]]></item>
											<item id="margin"><![CDATA[]]></item>
											<item id="font-size"><![CDATA[]]></item>
											<item id="className"><![CDATA[titletext]]></item>
											<item id="src"><![CDATA[]]></item>
										</item>
									</item>
								</item>
							</item>
						</item>
						<item id="column`frameIEn8Pe_right">
							<item id="attr">
								<item id="name"><![CDATA[frameIEn8Pe_right]]></item>
								<item id="className"><![CDATA[column frame-1-1-1-r]]></item>
							</item>
							<item id="block`portal_block_1175">
								<item id="attr">
									<item id="name"><![CDATA[portal_block_1175]]></item>
									<item id="className"><![CDATA[cl_block_bm block move-span]]></item>
									<item id="titles">
										<item id="className">
											<item id="0"><![CDATA[blocktitle title]]></item>
										</item>
										<item id="style">
											<item id="background-image"><![CDATA[none]]></item>
											<item id="background-repeat"><![CDATA[repeat]]></item>
											<item id="background-color"><![CDATA[rgb(204, 204, 204)]]></item>
										</item>
										<item id="first">
											<item id="text"><![CDATA[自定义6]]></item>
											<item id="href"><![CDATA[]]></item>
											<item id="color"><![CDATA[]]></item>
											<item id="float"><![CDATA[]]></item>
											<item id="margin"><![CDATA[]]></item>
											<item id="font-size"><![CDATA[]]></item>
											<item id="className"><![CDATA[titletext]]></item>
											<item id="src"><![CDATA[]]></item>
										</item>
									</item>
								</item>
							</item>
						</item>
					</item>
				</item>
			</item>
		</item>
	</item>
	<item id="blockdata">
		<item id="block">
			<item id="1170">
				<item id="bid"><![CDATA[1170]]></item>
				<item id="blockclass"><![CDATA[html_html]]></item>
				<item id="blocktype"><![CDATA[0]]></item>
				<item id="name"><![CDATA[资源分类手机版个人中心导航1]]></item>
				<item id="title"><![CDATA[<div class="blocktitle title" style="background-image: none; background-repeat: repeat; background-color: rgb(204, 204, 204);"><span class="titletext" style="float:;margin-left:px;font-size:;color: !important;">自定义1</span></div>]]></item>
				<item id="classname"><![CDATA[cl_block_bm]]></item>
				<item id="summary"><![CDATA[<a href="#" target="_blank"><img src="template/bygsjw_2sj/image/bl_luntan.png" alt="自定义1" title="自定义1" /></a>]]></item>
				<item id="uid"><![CDATA[1]]></item>
				<item id="username"><![CDATA[admin]]></item>
				<item id="styleid"><![CDATA[0]]></item>
				<item id="blockstyle"><![CDATA[]]></item>
				<item id="picwidth"><![CDATA[0]]></item>
				<item id="picheight"><![CDATA[0]]></item>
				<item id="target"><![CDATA[blank]]></item>
				<item id="dateformat"><![CDATA[Y-m-d]]></item>
				<item id="dateuformat"><![CDATA[0]]></item>
				<item id="script"><![CDATA[banner]]></item>
				<item id="param">
					<item id="pic"><![CDATA[template/bygsjw_2sj/image/bl_luntan.png]]></item>
					<item id="url"><![CDATA[#]]></item>
					<item id="atarget"><![CDATA[_blank]]></item>
					<item id="width"><![CDATA[]]></item>
					<item id="height"><![CDATA[]]></item>
					<item id="text"><![CDATA[自定义1]]></item>
					<item id="items"><![CDATA[10]]></item>
				</item>
				<item id="shownum"><![CDATA[10]]></item>
				<item id="cachetime"><![CDATA[0]]></item>
				<item id="cachetimerange"><![CDATA[0,0]]></item>
				<item id="punctualupdate"><![CDATA[0]]></item>
				<item id="hidedisplay"><![CDATA[0]]></item>
				<item id="dateline"><![CDATA[1583996921]]></item>
				<item id="notinherited"><![CDATA[0]]></item>
				<item id="isblank"><![CDATA[0]]></item>
			</item>
			<item id="1171">
				<item id="bid"><![CDATA[1171]]></item>
				<item id="blockclass"><![CDATA[html_html]]></item>
				<item id="blocktype"><![CDATA[0]]></item>
				<item id="name"><![CDATA[资源分类手机版个人中心导航2]]></item>
				<item id="title"><![CDATA[<div class="blocktitle title" style="background-image: none; background-repeat: repeat; background-color: rgb(204, 204, 204);"><span class="titletext" style="float:;margin-left:px;font-size:;color: !important;">自定义2</span></div>]]></item>
				<item id="classname"><![CDATA[cl_block_bm]]></item>
				<item id="summary"><![CDATA[<a href="#" target="_blank"><img src="template/bygsjw_2sj/image/bl_luntan.png" alt="自定义2" title="自定义2" /></a>]]></item>
				<item id="uid"><![CDATA[1]]></item>
				<item id="username"><![CDATA[admin]]></item>
				<item id="styleid"><![CDATA[0]]></item>
				<item id="blockstyle"><![CDATA[]]></item>
				<item id="picwidth"><![CDATA[0]]></item>
				<item id="picheight"><![CDATA[0]]></item>
				<item id="target"><![CDATA[blank]]></item>
				<item id="dateformat"><![CDATA[Y-m-d]]></item>
				<item id="dateuformat"><![CDATA[0]]></item>
				<item id="script"><![CDATA[banner]]></item>
				<item id="param">
					<item id="pic"><![CDATA[template/bygsjw_2sj/image/bl_luntan.png]]></item>
					<item id="url"><![CDATA[#]]></item>
					<item id="atarget"><![CDATA[_blank]]></item>
					<item id="width"><![CDATA[]]></item>
					<item id="height"><![CDATA[]]></item>
					<item id="text"><![CDATA[自定义2]]></item>
					<item id="items"><![CDATA[10]]></item>
				</item>
				<item id="shownum"><![CDATA[10]]></item>
				<item id="cachetime"><![CDATA[0]]></item>
				<item id="cachetimerange"><![CDATA[0,0]]></item>
				<item id="punctualupdate"><![CDATA[0]]></item>
				<item id="hidedisplay"><![CDATA[0]]></item>
				<item id="dateline"><![CDATA[1583997104]]></item>
				<item id="notinherited"><![CDATA[0]]></item>
				<item id="isblank"><![CDATA[0]]></item>
			</item>
			<item id="1172">
				<item id="bid"><![CDATA[1172]]></item>
				<item id="blockclass"><![CDATA[html_html]]></item>
				<item id="blocktype"><![CDATA[0]]></item>
				<item id="name"><![CDATA[资源分类手机版个人中心导航4]]></item>
				<item id="title"><![CDATA[<div class="blocktitle title" style="background-image: none; background-repeat: repeat; background-color: rgb(204, 204, 204);"><span class="titletext" style="float:;margin-left:px;font-size:;color: !important;">自定义4</span></div>]]></item>
				<item id="classname"><![CDATA[cl_block_bm]]></item>
				<item id="summary"><![CDATA[<a href="#" target="_blank"><img src="template/bygsjw_2sj/image/bl_luntan.png" alt="自定义4" title="自定义4" /></a>]]></item>
				<item id="uid"><![CDATA[1]]></item>
				<item id="username"><![CDATA[admin]]></item>
				<item id="styleid"><![CDATA[0]]></item>
				<item id="blockstyle"><![CDATA[]]></item>
				<item id="picwidth"><![CDATA[0]]></item>
				<item id="picheight"><![CDATA[0]]></item>
				<item id="target"><![CDATA[blank]]></item>
				<item id="dateformat"><![CDATA[Y-m-d]]></item>
				<item id="dateuformat"><![CDATA[0]]></item>
				<item id="script"><![CDATA[banner]]></item>
				<item id="param">
					<item id="pic"><![CDATA[template/bygsjw_2sj/image/bl_luntan.png]]></item>
					<item id="url"><![CDATA[#]]></item>
					<item id="atarget"><![CDATA[_blank]]></item>
					<item id="width"><![CDATA[]]></item>
					<item id="height"><![CDATA[]]></item>
					<item id="text"><![CDATA[自定义4]]></item>
					<item id="items"><![CDATA[10]]></item>
				</item>
				<item id="shownum"><![CDATA[10]]></item>
				<item id="cachetime"><![CDATA[0]]></item>
				<item id="cachetimerange"><![CDATA[0,0]]></item>
				<item id="punctualupdate"><![CDATA[0]]></item>
				<item id="hidedisplay"><![CDATA[0]]></item>
				<item id="dateline"><![CDATA[1583997055]]></item>
				<item id="notinherited"><![CDATA[0]]></item>
				<item id="isblank"><![CDATA[0]]></item>
			</item>
			<item id="1173">
				<item id="bid"><![CDATA[1173]]></item>
				<item id="blockclass"><![CDATA[html_html]]></item>
				<item id="blocktype"><![CDATA[0]]></item>
				<item id="name"><![CDATA[资源分类手机版个人中心导航5]]></item>
				<item id="title"><![CDATA[<div class="blocktitle title" style="background-image: none; background-repeat: repeat; background-color: rgb(204, 204, 204);"><span class="titletext" style="float:;margin-left:px;font-size:;color: !important;">自定义5</span></div>]]></item>
				<item id="classname"><![CDATA[cl_block_bm]]></item>
				<item id="summary"><![CDATA[<a href="#" target="_blank"><img src="template/bygsjw_2sj/image/bl_luntan.png" alt="自定义5" title="自定义5" /></a>]]></item>
				<item id="uid"><![CDATA[1]]></item>
				<item id="username"><![CDATA[admin]]></item>
				<item id="styleid"><![CDATA[0]]></item>
				<item id="blockstyle"><![CDATA[]]></item>
				<item id="picwidth"><![CDATA[0]]></item>
				<item id="picheight"><![CDATA[0]]></item>
				<item id="target"><![CDATA[blank]]></item>
				<item id="dateformat"><![CDATA[Y-m-d]]></item>
				<item id="dateuformat"><![CDATA[0]]></item>
				<item id="script"><![CDATA[banner]]></item>
				<item id="param">
					<item id="pic"><![CDATA[template/bygsjw_2sj/image/bl_luntan.png]]></item>
					<item id="url"><![CDATA[#]]></item>
					<item id="atarget"><![CDATA[_blank]]></item>
					<item id="width"><![CDATA[]]></item>
					<item id="height"><![CDATA[]]></item>
					<item id="text"><![CDATA[自定义5]]></item>
					<item id="items"><![CDATA[10]]></item>
				</item>
				<item id="shownum"><![CDATA[10]]></item>
				<item id="cachetime"><![CDATA[0]]></item>
				<item id="cachetimerange"><![CDATA[0,0]]></item>
				<item id="punctualupdate"><![CDATA[0]]></item>
				<item id="hidedisplay"><![CDATA[0]]></item>
				<item id="dateline"><![CDATA[1583997091]]></item>
				<item id="notinherited"><![CDATA[0]]></item>
				<item id="isblank"><![CDATA[0]]></item>
			</item>
			<item id="1174">
				<item id="bid"><![CDATA[1174]]></item>
				<item id="blockclass"><![CDATA[html_html]]></item>
				<item id="blocktype"><![CDATA[0]]></item>
				<item id="name"><![CDATA[资源分类手机版个人中心导航3]]></item>
				<item id="title"><![CDATA[<div class="blocktitle title" style="background-image: none; background-repeat: repeat; background-color: rgb(204, 204, 204);"><span class="titletext" style="float:;margin-left:px;font-size:;color: !important;">自定义3</span></div>]]></item>
				<item id="classname"><![CDATA[cl_block_bm]]></item>
				<item id="summary"><![CDATA[<a href="#" target="_blank"><img src="template/bygsjw_2sj/image/bl_luntan.png" alt="自定义3" title="自定义3" /></a>]]></item>
				<item id="uid"><![CDATA[1]]></item>
				<item id="username"><![CDATA[admin]]></item>
				<item id="styleid"><![CDATA[0]]></item>
				<item id="blockstyle"><![CDATA[]]></item>
				<item id="picwidth"><![CDATA[0]]></item>
				<item id="picheight"><![CDATA[0]]></item>
				<item id="target"><![CDATA[blank]]></item>
				<item id="dateformat"><![CDATA[Y-m-d]]></item>
				<item id="dateuformat"><![CDATA[0]]></item>
				<item id="script"><![CDATA[banner]]></item>
				<item id="param">
					<item id="pic"><![CDATA[template/bygsjw_2sj/image/bl_luntan.png]]></item>
					<item id="url"><![CDATA[#]]></item>
					<item id="atarget"><![CDATA[_blank]]></item>
					<item id="width"><![CDATA[]]></item>
					<item id="height"><![CDATA[]]></item>
					<item id="text"><![CDATA[自定义3]]></item>
					<item id="items"><![CDATA[10]]></item>
				</item>
				<item id="shownum"><![CDATA[10]]></item>
				<item id="cachetime"><![CDATA[0]]></item>
				<item id="cachetimerange"><![CDATA[0,0]]></item>
				<item id="punctualupdate"><![CDATA[0]]></item>
				<item id="hidedisplay"><![CDATA[0]]></item>
				<item id="dateline"><![CDATA[1583997009]]></item>
				<item id="notinherited"><![CDATA[0]]></item>
				<item id="isblank"><![CDATA[0]]></item>
			</item>
			<item id="1175">
				<item id="bid"><![CDATA[1175]]></item>
				<item id="blockclass"><![CDATA[html_html]]></item>
				<item id="blocktype"><![CDATA[0]]></item>
				<item id="name"><![CDATA[资源分类手机版个人中心导航6]]></item>
				<item id="title"><![CDATA[<div class="blocktitle title" style="background-image: none; background-repeat: repeat; background-color: rgb(204, 204, 204);"><span class="titletext" style="float:;margin-left:px;font-size:;color: !important;">自定义6</span></div>]]></item>
				<item id="classname"><![CDATA[cl_block_bm]]></item>
				<item id="summary"><![CDATA[<a href="#" target="_blank"><img src="template/bygsjw_2sj/image/bl_luntan.png" alt="自定义6" title="自定义6" /></a>]]></item>
				<item id="uid"><![CDATA[1]]></item>
				<item id="username"><![CDATA[admin]]></item>
				<item id="styleid"><![CDATA[0]]></item>
				<item id="blockstyle"><![CDATA[]]></item>
				<item id="picwidth"><![CDATA[0]]></item>
				<item id="picheight"><![CDATA[0]]></item>
				<item id="target"><![CDATA[blank]]></item>
				<item id="dateformat"><![CDATA[Y-m-d]]></item>
				<item id="dateuformat"><![CDATA[0]]></item>
				<item id="script"><![CDATA[banner]]></item>
				<item id="param">
					<item id="pic"><![CDATA[template/bygsjw_2sj/image/bl_luntan.png]]></item>
					<item id="url"><![CDATA[#]]></item>
					<item id="atarget"><![CDATA[_blank]]></item>
					<item id="width"><![CDATA[]]></item>
					<item id="height"><![CDATA[]]></item>
					<item id="text"><![CDATA[自定义6]]></item>
					<item id="items"><![CDATA[10]]></item>
				</item>
				<item id="shownum"><![CDATA[10]]></item>
				<item id="cachetime"><![CDATA[0]]></item>
				<item id="cachetimerange"><![CDATA[0,0]]></item>
				<item id="punctualupdate"><![CDATA[0]]></item>
				<item id="hidedisplay"><![CDATA[0]]></item>
				<item id="dateline"><![CDATA[1583997118]]></item>
				<item id="notinherited"><![CDATA[0]]></item>
				<item id="isblank"><![CDATA[0]]></item>
			</item>
		</item>
		<item id="style">
		</item>
	</item>
</root>