<?xml version="1.0" encoding="ISO-8859-1"?>
<root>
	<item id="Title"><![CDATA[Discuz! Plugin]]></item>
	<item id="Version"><![CDATA[X3.4]]></item>
	<item id="Time"><![CDATA[2019-07-16 18:28]]></item>
	<item id="From"><![CDATA[DisM!应用中心 (https://dism.taobao.com/)]]></item>
	<item id="Data">
		<item id="plugin">
			<item id="available"><![CDATA[1]]></item>
			<item id="adminid"><![CDATA[1]]></item>
			<item id="name"><![CDATA[Cack！手机视频播放]]></item>
			<item id="identifier"><![CDATA[cack_app_video]]></item>
			<item id="description"><![CDATA[]]></item>
			<item id="datatables"><![CDATA[]]></item>
			<item id="directory"><![CDATA[cack_app_video/]]></item>
			<item id="copyright"><![CDATA[DisM!应用中心(dism.taobao.com)]]></item>
			<item id="version"><![CDATA[8.0]]></item>
			<item id="__modules">
				<item id="0">
					<item id="name"><![CDATA[mobile]]></item>
					<item id="param"><![CDATA[]]></item>
					<item id="menu"><![CDATA[]]></item>
					<item id="url"><![CDATA[]]></item>
					<item id="type"><![CDATA[28]]></item>
					<item id="adminid"><![CDATA[0]]></item>
					<item id="displayorder"><![CDATA[0]]></item>
					<item id="navtitle"><![CDATA[]]></item>
					<item id="navicon"><![CDATA[]]></item>
					<item id="navsubname"><![CDATA[]]></item>
					<item id="navsuburl"><![CDATA[]]></item>
				</item>
				<item id="1">
					<item id="name"><![CDATA[hook]]></item>
					<item id="param"><![CDATA[]]></item>
					<item id="menu"><![CDATA[]]></item>
					<item id="url"><![CDATA[]]></item>
					<item id="type"><![CDATA[11]]></item>
					<item id="adminid"><![CDATA[0]]></item>
					<item id="displayorder"><![CDATA[0]]></item>
					<item id="navtitle"><![CDATA[]]></item>
					<item id="navicon"><![CDATA[]]></item>
					<item id="navsubname"><![CDATA[]]></item>
					<item id="navsuburl"><![CDATA[]]></item>
				</item>
				<item id="2">
					<item id="name"><![CDATA[cack_addons]]></item>
					<item id="param"><![CDATA[c_ac=zhichi]]></item>
					<item id="menu"><![CDATA[<style>@keyframes rans {from{backgroud-position: 0 0;}to{background-position: 2000px 0;}}</style> <font style="background: -webkit-linear-gradient(18deg, #3300CC, #660099, #990066, #CC0033, #FF9999, #FF4400, #3300CC); 	background: -moz-linear-gradient(18deg, #3300CC, #660099, #990066, #CC0033, #FF9999, #FF4400, #3300CC); 	background: -ms-linear-gradient(18deg, #3300CC, #660099, #990066, #CC0033, #FF9999, #FF4400, #3300CC);animation: rans 18s linear infinite;-webkit-background-clip: text;color: transparent;">获取更多DisM!插件</font>]]></item>
					<item id="url"><![CDATA[]]></item>
					<item id="type"><![CDATA[3]]></item>
					<item id="adminid"><![CDATA[0]]></item>
					<item id="displayorder"><![CDATA[8]]></item>
					<item id="navtitle"><![CDATA[]]></item>
					<item id="navicon"><![CDATA[]]></item>
					<item id="navsubname"><![CDATA[]]></item>
					<item id="navsuburl"><![CDATA[]]></item>
				</item>
				<item id="3">
					<item id="name"><![CDATA[cack_addons]]></item>
					<item id="param"><![CDATA[c_ac=bug]]></item>
					<item id="menu"><![CDATA[<style>@keyframes rans {from{backgroud-position: 0 0;}to{background-position: 2000px 0;}}</style> <font style="background: -webkit-linear-gradient(18deg, #09c, #2366a8, #090, #ff9, #f4e4b4, #FF4400, #c00);background: -moz-linear-gradient(18deg, #3300CC, #660099, #990066, #CC0033, #FF9999, #FF4400, #3300CC);background: -ms-linear-gradient(18deg, #3300CC, #660099, #990066, #CC0033, #FF9999, #FF4400, #3300CC);animation: rans 18s linear infinite;-webkit-background-clip: text;color: transparent;">更新插件</font>]]></item>
					<item id="url"><![CDATA[]]></item>
					<item id="type"><![CDATA[3]]></item>
					<item id="adminid"><![CDATA[0]]></item>
					<item id="displayorder"><![CDATA[9]]></item>
					<item id="navtitle"><![CDATA[]]></item>
					<item id="navicon"><![CDATA[]]></item>
					<item id="navsubname"><![CDATA[]]></item>
					<item id="navsuburl"><![CDATA[]]></item>
				</item>
				<item id="4">
					<item id="name"><![CDATA[cack_addons]]></item>
					<item id="param"><![CDATA[c_ac=addons]]></item>
					<item id="menu"><![CDATA[<font color="#FF00FF">D</font><font color="#D500FF">i</font><font color="#AB00FF">s</font><font color="#8100FF">M</font><font color="#8000FF">!</font><font color="#7500E9">应</font><font color="#FF00FF">用</font><font color="#D500FF">中</font><font color="#AB00FF">心</font>]]></item>
					<item id="url"><![CDATA[]]></item>
					<item id="type"><![CDATA[3]]></item>
					<item id="adminid"><![CDATA[0]]></item>
					<item id="displayorder"><![CDATA[10]]></item>
					<item id="navtitle"><![CDATA[]]></item>
					<item id="navicon"><![CDATA[]]></item>
					<item id="navsubname"><![CDATA[]]></item>
					<item id="navsuburl"><![CDATA[]]></item>
				</item>
			</item>
		</item>
		<item id="version"><![CDATA[X3,X3.1,X3.2,X3.3,X3.4,F1.0,L1.0]]></item>
		<item id="var">
			<item id="0">
				<item id="displayorder"><![CDATA[1]]></item>
				<item id="title"><![CDATA[开启版块]]></item>
				<item id="description"><![CDATA[]]></item>
				<item id="variable"><![CDATA[forums]]></item>
				<item id="type"><![CDATA[forums]]></item>
				<item id="extra"><![CDATA[]]></item>
				<item id="__value">
					<item id="0"><![CDATA[68]]></item>
					<item id="1"><![CDATA[2]]></item>
					<item id="2"><![CDATA[36]]></item>
					<item id="3"><![CDATA[43]]></item>
					<item id="4"><![CDATA[56]]></item>
					<item id="5"><![CDATA[62]]></item>
					<item id="6"><![CDATA[61]]></item>
					<item id="7"><![CDATA[60]]></item>
					<item id="8"><![CDATA[55]]></item>
					<item id="9"><![CDATA[54]]></item>
					<item id="10"><![CDATA[59]]></item>
					<item id="11"><![CDATA[63]]></item>
					<item id="12"><![CDATA[64]]></item>
					<item id="13"><![CDATA[53]]></item>
					<item id="14"><![CDATA[40]]></item>
					<item id="15"><![CDATA[45]]></item>
					<item id="16"><![CDATA[46]]></item>
					<item id="17"><![CDATA[47]]></item>
					<item id="18"><![CDATA[57]]></item>
					<item id="19"><![CDATA[38]]></item>
					<item id="20"><![CDATA[44]]></item>
					<item id="21"><![CDATA[71]]></item>
					<item id="22"><![CDATA[72]]></item>
					<item id="23"><![CDATA[42]]></item>
				</item>
			</item>
			<item id="1">
				<item id="displayorder"><![CDATA[2]]></item>
				<item id="title"><![CDATA[手机视频高度]]></item>
				<item id="description"><![CDATA[]]></item>
				<item id="variable"><![CDATA[height]]></item>
				<item id="type"><![CDATA[text]]></item>
				<item id="value"><![CDATA[200]]></item>
				<item id="extra"><![CDATA[]]></item>
			</item>
			<item id="2">
				<item id="displayorder"><![CDATA[3]]></item>
				<item id="title"><![CDATA[手机视频宽度]]></item>
				<item id="description"><![CDATA[]]></item>
				<item id="variable"><![CDATA[width]]></item>
				<item id="type"><![CDATA[text]]></item>
				<item id="value"><![CDATA[0]]></item>
				<item id="extra"><![CDATA[]]></item>
			</item>
			<item id="3">
				<item id="displayorder"><![CDATA[4]]></item>
				<item id="title"><![CDATA[电脑视频高度]]></item>
				<item id="description"><![CDATA[]]></item>
				<item id="variable"><![CDATA[pcheight]]></item>
				<item id="type"><![CDATA[text]]></item>
				<item id="value"><![CDATA[360]]></item>
				<item id="extra"><![CDATA[]]></item>
			</item>
			<item id="4">
				<item id="displayorder"><![CDATA[5]]></item>
				<item id="title"><![CDATA[电脑视频宽度]]></item>
				<item id="description"><![CDATA[]]></item>
				<item id="variable"><![CDATA[pcwidth]]></item>
				<item id="type"><![CDATA[text]]></item>
				<item id="value"><![CDATA[540]]></item>
				<item id="extra"><![CDATA[]]></item>
			</item>
			<item id="5">
				<item id="displayorder"><![CDATA[6]]></item>
				<item id="title"><![CDATA[电脑版适配模式]]></item>
				<item id="description"><![CDATA[可以填写任意网站swf播放地址，插件也会去解析，但是不保证本功能一定有效。]]></item>
				<item id="variable"><![CDATA[spms]]></item>
				<item id="type"><![CDATA[radio]]></item>
				<item id="value"><![CDATA[0]]></item>
				<item id="extra"><![CDATA[]]></item>
			</item>
			<item id="6">
				<item id="displayorder"><![CDATA[7]]></item>
				<item id="title"><![CDATA[手机版适配模式]]></item>
				<item id="description"><![CDATA[可以填写任意网站htm5播放地址，插件也会去解析，但是不保证本功能一定有效。]]></item>
				<item id="variable"><![CDATA[cpbspms]]></item>
				<item id="type"><![CDATA[radio]]></item>
				<item id="value"><![CDATA[0]]></item>
				<item id="extra"><![CDATA[]]></item>
			</item>
		</item>
	</item>
</root>