<?xml version="1.0" encoding="ISO-8859-1"?>
<root>
	<item id="spacecss"><![CDATA[#frameqLN8xY { border:0px !important;margin:0px !important;}#portal_block_225 { border:0px !important;margin:0px !important;}#portal_block_225 .dxb_bc { margin:0px !important;}#frameeNo43e { border:0px !important;margin:0px !important;}#portal_block_226 { border:0px !important;margin:0px !important;}#portal_block_226 .dxb_bc { margin:0px !important;}]]></item>
	<item id="layoutdata">
		<item id="diy_mumucms_focus">
			<item id="frame`frameqLN8xY">
				<item id="attr">
					<item id="name"><![CDATA[frameqLN8xY]]></item>
					<item id="moveable"><![CDATA[true]]></item>
					<item id="className"><![CDATA[ frame move-span cl frame-1]]></item>
					<item id="titles"><![CDATA[]]></item>
				</item>
				<item id="column`frameqLN8xY_left">
					<item id="attr">
						<item id="name"><![CDATA[frameqLN8xY_left]]></item>
						<item id="className"><![CDATA[column frame-1-c]]></item>
					</item>
					<item id="block`portal_block_225">
						<item id="attr">
							<item id="name"><![CDATA[portal_block_225]]></item>
							<item id="className"><![CDATA[block move-span]]></item>
							<item id="titles"><![CDATA[]]></item>
						</item>
					</item>
				</item>
			</item>
		</item>
		<item id="diy_mumucms_mall_list">
			<item id="frame`frameeNo43e">
				<item id="attr">
					<item id="name"><![CDATA[frameeNo43e]]></item>
					<item id="moveable"><![CDATA[true]]></item>
					<item id="className"><![CDATA[ frame move-span cl frame-1]]></item>
					<item id="titles"><![CDATA[]]></item>
				</item>
				<item id="column`frameeNo43e_left">
					<item id="attr">
						<item id="name"><![CDATA[frameeNo43e_left]]></item>
						<item id="className"><![CDATA[column frame-1-c]]></item>
					</item>
					<item id="block`portal_block_226">
						<item id="attr">
							<item id="name"><![CDATA[portal_block_226]]></item>
							<item id="className"><![CDATA[block move-span]]></item>
							<item id="titles"><![CDATA[]]></item>
						</item>
					</item>
				</item>
			</item>
		</item>
	</item>
	<item id="blockdata">
		<item id="block">
			<item id="225">
				<item id="bid"><![CDATA[225]]></item>
				<item id="blockclass"><![CDATA[forum_thread]]></item>
				<item id="blocktype"><![CDATA[0]]></item>
				<item id="name"><![CDATA[[木木CMS]商城频道_首页_轮播图]]></item>
				<item id="title"><![CDATA[]]></item>
				<item id="classname"><![CDATA[]]></item>
				<item id="summary"><![CDATA[]]></item>
				<item id="uid"><![CDATA[1]]></item>
				<item id="username"><![CDATA[admin]]></item>
				<item id="styleid"><![CDATA[155]]></item>
				<item id="blockstyle"><![CDATA[]]></item>
				<item id="picwidth"><![CDATA[940]]></item>
				<item id="picheight"><![CDATA[360]]></item>
				<item id="target"><![CDATA[blank]]></item>
				<item id="dateformat"><![CDATA[Y-m-d]]></item>
				<item id="dateuformat"><![CDATA[0]]></item>
				<item id="script"><![CDATA[thread]]></item>
				<item id="param">
					<item id="tids"><![CDATA[]]></item>
					<item id="uids"><![CDATA[]]></item>
					<item id="keyword"><![CDATA[]]></item>
					<item id="tagkeyword"><![CDATA[]]></item>
					<item id="typeids"><![CDATA[]]></item>
					<item id="reply"><![CDATA[0]]></item>
					<item id="recommend"><![CDATA[0]]></item>
					<item id="viewmod"><![CDATA[0]]></item>
					<item id="rewardstatus"><![CDATA[0]]></item>
					<item id="picrequired"><![CDATA[1]]></item>
					<item id="orderby"><![CDATA[lastpost]]></item>
					<item id="postdateline"><![CDATA[0]]></item>
					<item id="lastpost"><![CDATA[0]]></item>
					<item id="highlight"><![CDATA[0]]></item>
					<item id="titlelength"><![CDATA[40]]></item>
					<item id="summarylength"><![CDATA[80]]></item>
					<item id="startrow"><![CDATA[0]]></item>
					<item id="items"><![CDATA[5]]></item>
				</item>
				<item id="shownum"><![CDATA[5]]></item>
				<item id="cachetime"><![CDATA[3600]]></item>
				<item id="cachetimerange"><![CDATA[]]></item>
				<item id="punctualupdate"><![CDATA[0]]></item>
				<item id="hidedisplay"><![CDATA[0]]></item>
				<item id="dateline"><![CDATA[1554015499]]></item>
				<item id="notinherited"><![CDATA[0]]></item>
				<item id="isblank"><![CDATA[0]]></item>
			</item>
			<item id="226">
				<item id="bid"><![CDATA[226]]></item>
				<item id="blockclass"><![CDATA[html_html]]></item>
				<item id="blocktype"><![CDATA[0]]></item>
				<item id="name"><![CDATA[[木木CMS]_商城频道_首页_推荐商品]]></item>
				<item id="title"><![CDATA[]]></item>
				<item id="classname"><![CDATA[]]></item>
				<item id="summary"><![CDATA[<div class="muucms_sort_diy">

<li class="mumucms_mall_sort cl item">
<a href="thread-227-1-1.html" target="_blank">
	<div class="img"><img src="forum.php?mod=image&aid=1081&size=310x240&key=9cf8da8aeb8e4c95"></div>
	<div class="con"><span class="price">￥<em>2600</em></span><span class="gz">1人关注</span></div>				
	<div class="tit">布艺沙发小户型三人位四人位沙发直排可拆洗现代简约北欧整装沙发</div>
	<div class="biaoq"><span class="bbly">商家</span><span class="bbcs">全新</span><span class="jyfs">送货上门</span></div>
</a> 
</li>

<li class="mumucms_mall_sort cl item">
<a href="thread-226-1-1.html" target="_blank">
	<div class="img"><img src="forum.php?mod=image&aid=1072&size=310x240&key=7f0bb923b709afd0"></div>
	<div class="con"><span class="price">￥<em>268</em></span><span class="gz">1人关注</span></div>				
	<div class="tit">新款38寸吉他民谣吉他初学者吉他新手入门练习琴男女学生jita乐器</div>
	<div class="biaoq"><span class="bbly">个人</span><span class="bbcs">9成新</span><span class="jyfs">快递交易</span></div>
</a> 
</li>

<li class="mumucms_mall_sort cl item">
<a href="thread-225-1-1.html" target="_blank">
	<div class="img"><img src="forum.php?mod=image&aid=1061&size=310x240&key=24bc30b300e7312f"></div>
	<div class="con"><span class="price">￥<em>298</em></span><span class="gz">1人关注</span></div>				
	<div class="tit">一字肩婚纱礼服2019新款韩式新娘结婚蕾丝显瘦长拖尾齐地大码孕妇转让</div>
	<div class="biaoq"><span class="bbly">个人</span><span class="bbcs">99成新</span><span class="jyfs">当面交易</span></div>
</a> 
</li>

<li class="mumucms_mall_sort cl item">
<a href="thread-224-1-1.html" target="_blank">
	<div class="img"><img src="forum.php?mod=image&aid=1050&size=310x240&key=5d5c677512015897"></div>
	<div class="con"><span class="price">￥<em>1280</em></span><span class="gz">1人关注</span></div>				
	<div class="tit">Faroro婴儿床实木宝宝床多功能拼接大床带滚轮新生儿宜家bb床</div>
	<div class="biaoq"><span class="bbly">个人</span><span class="bbcs">全新</span><span class="jyfs">当面交易</span></div>
</a> 
</li>

<li class="mumucms_mall_sort cl item">
<a href="thread-223-1-1.html" target="_blank">
	<div class="img"><img src="forum.php?mod=image&aid=1042&size=310x240&key=1d83aab769814b3a"></div>
	<div class="con"><span class="price">￥<em>299</em></span><span class="gz">1人关注</span></div>				
	<div class="tit">chic一字带扣罗马凉鞋女粗跟2019新款百搭性感仙女露趾高跟鞋女夏</div>
	<div class="biaoq"><span class="bbly">商家</span><span class="bbcs">全新</span><span class="jyfs">快递交易</span></div>
</a> 
</li>

<li class="mumucms_mall_sort cl item">
<a href="thread-222-1-1.html" target="_blank">
	<div class="img"><img src="forum.php?mod=image&aid=1034&size=310x240&key=f269aab1afdc1f8e"></div>
	<div class="con"><span class="price">￥<em>89</em></span><span class="gz">1人关注</span></div>				
	<div class="tit">超高跟14CM防水台一字扣高跟鞋细跟性感夜店绒面单鞋女鞋2019新款</div>
	<div class="biaoq"><span class="bbly">个人</span><span class="bbcs">95成新</span><span class="jyfs">快递交易</span></div>
</a> 
</li>

<li class="mumucms_mall_sort cl item">
<a href="thread-221-1-1.html" target="_blank">
	<div class="img"><img src="forum.php?mod=image&aid=1024&size=310x240&key=d423adf5fcce1f6f"></div>
	<div class="con"><span class="price">￥<em>69</em></span><span class="gz">1人关注</span></div>				
	<div class="tit">帆布鞋女2018夏季小白鞋新款女韩版系带卡通平底板鞋女低帮透气学生休闲鞋女百搭圆...</div>
	<div class="biaoq"><span class="bbly">个人</span><span class="bbcs">9成新</span><span class="jyfs">送货上门</span></div>
</a> 
</li>

<li class="mumucms_mall_sort cl item">
<a href="thread-220-1-1.html" target="_blank">
	<div class="img"><img src="forum.php?mod=image&aid=1013&size=310x240&key=1957f6199d9be516"></div>
	<div class="con"><span class="price">￥<em>56</em></span><span class="gz">1人关注</span></div>				
	<div class="tit">防走光2019新款韩版百搭显瘦大码不规则包臀A字裙子高腰半身裙短裙女夏</div>
	<div class="biaoq"><span class="bbly">个人</span><span class="bbcs">99成新</span><span class="jyfs">快递交易</span></div>
</a> 
</li>

<li class="mumucms_mall_sort cl item">
<a href="thread-219-1-1.html" target="_blank">
	<div class="img"><img src="forum.php?mod=image&aid=1004&size=310x240&key=4dd7f3db34b924f9"></div>
	<div class="con"><span class="price">￥<em>82</em></span><span class="gz">1人关注</span></div>				
	<div class="tit">2019韩版甜美复古木耳边撞色连衣裙中长款宽松显瘦透气荷叶边度假裙</div>
	<div class="biaoq"><span class="bbly">商家</span><span class="bbcs">全新</span><span class="jyfs">当面交易</span></div>
</a> 
</li>

<li class="mumucms_mall_sort cl item">
<a href="thread-218-1-1.html" target="_blank">
	<div class="img"><img src="forum.php?mod=image&aid=993&size=310x240&key=bc65996b068a7818"></div>
	<div class="con"><span class="price">￥<em>128</em></span><span class="gz">1人关注</span></div>				
	<div class="tit">中长款修身收腰外套风衣女春季韩版新款休闲学生气质薄款工装上衣宽松百搭女款大码</div>
	<div class="biaoq"><span class="bbly">商家</span><span class="bbcs">全新</span><span class="jyfs">当面交易</span></div>
</a> 
</li>

</div>]]></item>
				<item id="uid"><![CDATA[1]]></item>
				<item id="username"><![CDATA[admin]]></item>
				<item id="styleid"><![CDATA[0]]></item>
				<item id="blockstyle"><![CDATA[]]></item>
				<item id="picwidth"><![CDATA[0]]></item>
				<item id="picheight"><![CDATA[0]]></item>
				<item id="target"><![CDATA[blank]]></item>
				<item id="dateformat"><![CDATA[Y-m-d]]></item>
				<item id="dateuformat"><![CDATA[0]]></item>
				<item id="script"><![CDATA[sort]]></item>
				<item id="param">
					<item id="tids"><![CDATA[]]></item>
					<item id="sortids"><![CDATA[8]]></item>
					<item id="recommend"><![CDATA[0]]></item>
					<item id="orderby"><![CDATA[lastpost]]></item>
					<item id="lastpost"><![CDATA[0]]></item>
					<item id="startrow"><![CDATA[0]]></item>
					<item id="showitems"><![CDATA[10]]></item>
					<item id="items"><![CDATA[10]]></item>
				</item>
				<item id="shownum"><![CDATA[10]]></item>
				<item id="cachetime"><![CDATA[3600]]></item>
				<item id="cachetimerange"><![CDATA[]]></item>
				<item id="punctualupdate"><![CDATA[0]]></item>
				<item id="hidedisplay"><![CDATA[0]]></item>
				<item id="dateline"><![CDATA[1554015495]]></item>
				<item id="notinherited"><![CDATA[0]]></item>
				<item id="isblank"><![CDATA[0]]></item>
			</item>
		</item>
		<item id="style">
			<item id="155">
				<item id="styleid"><![CDATA[155]]></item>
				<item id="blockclass"><![CDATA[forum_thread]]></item>
				<item id="name"><![CDATA[[木木CMS]商城频道_首页_轮播图片]]></item>
				<item id="template">
					<item id="raw"><![CDATA[<div id="mumucms_focus" class="mumucms_focus">
	<span class="next"><i class="iconfont icon-yjiantou"></i></span> 
	<span class="prev"><i class="iconfont icon-fanhui"></i></span>	
	<div class="hd"> 
		<ul></ul>
	</div>
	<div class="bd">
		<ul>
			[loop]<li><a href="{url}"{target}><img src="{pic}" width="{picwidth}" height="{picheight}" /></a></li>[/loop]
		</ul>
	</div>
</div>]]></item>
					<item id="footer"><![CDATA[]]></item>
					<item id="header"><![CDATA[]]></item>
					<item id="indexplus"><![CDATA[
					]]></item>
					<item id="index"><![CDATA[
					]]></item>
					<item id="orderplus"><![CDATA[
					]]></item>
					<item id="order"><![CDATA[
					]]></item>
					<item id="loopplus"><![CDATA[
					]]></item>
					<item id="loop"><![CDATA[<li><a href="{url}"{target}><img src="{pic}" width="{picwidth}" height="{picheight}" /></a></li>]]></item>
				</item>
				<item id="hash"><![CDATA[099f1c72]]></item>
				<item id="getpic"><![CDATA[1]]></item>
				<item id="getsummary"><![CDATA[0]]></item>
				<item id="makethumb"><![CDATA[1]]></item>
				<item id="settarget"><![CDATA[1]]></item>
				<item id="fields">
					<item id="0"><![CDATA[url]]></item>
					<item id="1"><![CDATA[pic]]></item>
				</item>
				<item id="moreurl"><![CDATA[0]]></item>
			</item>
		</item>
	</item>
</root>
