<?xml version="1.0" encoding="ISO-8859-1"?>
<root>
	<item id="spacecss"><![CDATA[#portal_block_168 { margin-bottom:15px !important;}]]></item>
	<item id="layoutdata">
		<item id="diy1004"><![CDATA[]]></item>
		<item id="diy998"><![CDATA[]]></item>
		<item id="diy_chart"><![CDATA[]]></item>
		<item id="diyw72"><![CDATA[]]></item>
		<item id="diyw31"><![CDATA[]]></item>
		<item id="diyw3">
			<item id="frame`frameGNp1Z6">
				<item id="attr">
					<item id="name"><![CDATA[frameGNp1Z6]]></item>
					<item id="moveable"><![CDATA[true]]></item>
					<item id="className"><![CDATA[frame move-span cl frame-1]]></item>
					<item id="titles"><![CDATA[]]></item>
				</item>
				<item id="column`frameGNp1Z6_left">
					<item id="attr">
						<item id="name"><![CDATA[frameGNp1Z6_left]]></item>
						<item id="className"><![CDATA[column frame-1-c]]></item>
					</item>
					<item id="block`portal_block_164">
						<item id="attr">
							<item id="name"><![CDATA[portal_block_164]]></item>
							<item id="className"><![CDATA[block move-span]]></item>
							<item id="titles"><![CDATA[]]></item>
						</item>
					</item>
				</item>
			</item>
		</item>
		<item id="diyw4"><![CDATA[]]></item>
		<item id="diyw5">
			<item id="frame`frameWG5IMk">
				<item id="attr">
					<item id="name"><![CDATA[frameWG5IMk]]></item>
					<item id="moveable"><![CDATA[true]]></item>
					<item id="className"><![CDATA[frame move-span cl frame-1]]></item>
					<item id="titles"><![CDATA[]]></item>
				</item>
				<item id="column`frameWG5IMk_left">
					<item id="attr">
						<item id="name"><![CDATA[frameWG5IMk_left]]></item>
						<item id="className"><![CDATA[column frame-1-c]]></item>
					</item>
					<item id="block`portal_block_168">
						<item id="attr">
							<item id="name"><![CDATA[portal_block_168]]></item>
							<item id="className"><![CDATA[block move-span]]></item>
							<item id="titles"><![CDATA[]]></item>
						</item>
					</item>
				</item>
			</item>
		</item>
		<item id="diyw6"><![CDATA[]]></item>
		<item id="diyw11"><![CDATA[]]></item>
		<item id="diy3"><![CDATA[]]></item>
		<item id="diyw01"><![CDATA[]]></item>
		<item id="diyw1">
			<item id="frame`framex12Dvz">
				<item id="attr">
					<item id="name"><![CDATA[framex12Dvz]]></item>
					<item id="moveable"><![CDATA[true]]></item>
					<item id="className"><![CDATA[frame move-span cl frame-1]]></item>
					<item id="titles"><![CDATA[]]></item>
				</item>
				<item id="column`framex12Dvz_left">
					<item id="attr">
						<item id="name"><![CDATA[framex12Dvz_left]]></item>
						<item id="className"><![CDATA[column frame-1-c]]></item>
					</item>
					<item id="block`portal_block_170">
						<item id="attr">
							<item id="name"><![CDATA[portal_block_170]]></item>
							<item id="className"><![CDATA[block move-span]]></item>
							<item id="titles"><![CDATA[]]></item>
						</item>
					</item>
				</item>
			</item>
		</item>
		<item id="diyw19">
			<item id="frame`frame5hY8S4">
				<item id="attr">
					<item id="name"><![CDATA[frame5hY8S4]]></item>
					<item id="moveable"><![CDATA[true]]></item>
					<item id="className"><![CDATA[frame move-span cl frame-1]]></item>
					<item id="titles"><![CDATA[]]></item>
				</item>
				<item id="column`frame5hY8S4_left">
					<item id="attr">
						<item id="name"><![CDATA[frame5hY8S4_left]]></item>
						<item id="className"><![CDATA[column frame-1-c]]></item>
					</item>
					<item id="block`portal_block_171">
						<item id="attr">
							<item id="name"><![CDATA[portal_block_171]]></item>
							<item id="className"><![CDATA[block move-span]]></item>
							<item id="titles"><![CDATA[]]></item>
						</item>
					</item>
				</item>
			</item>
		</item>
		<item id="diyw02"><![CDATA[]]></item>
		<item id="diy88">
			<item id="frame`framejOC9O5">
				<item id="attr">
					<item id="name"><![CDATA[framejOC9O5]]></item>
					<item id="moveable"><![CDATA[true]]></item>
					<item id="className"><![CDATA[frame move-span cl frame-1]]></item>
					<item id="titles"><![CDATA[]]></item>
				</item>
				<item id="column`framejOC9O5_left">
					<item id="attr">
						<item id="name"><![CDATA[framejOC9O5_left]]></item>
						<item id="className"><![CDATA[column frame-1-c]]></item>
					</item>
					<item id="block`portal_block_162">
						<item id="attr">
							<item id="name"><![CDATA[portal_block_162]]></item>
							<item id="className"><![CDATA[block move-span]]></item>
							<item id="titles"><![CDATA[]]></item>
						</item>
					</item>
				</item>
			</item>
		</item>
		<item id="diyw03"><![CDATA[]]></item>
		<item id="diyw09">
			<item id="frame`frameSQw820">
				<item id="attr">
					<item id="name"><![CDATA[frameSQw820]]></item>
					<item id="moveable"><![CDATA[true]]></item>
					<item id="className"><![CDATA[frame move-span cl frame-1]]></item>
					<item id="titles"><![CDATA[]]></item>
				</item>
				<item id="column`frameSQw820_left">
					<item id="attr">
						<item id="name"><![CDATA[frameSQw820_left]]></item>
						<item id="className"><![CDATA[column frame-1-c]]></item>
					</item>
					<item id="block`portal_block_169">
						<item id="attr">
							<item id="name"><![CDATA[portal_block_169]]></item>
							<item id="className"><![CDATA[block move-span]]></item>
							<item id="titles"><![CDATA[]]></item>
						</item>
					</item>
				</item>
			</item>
		</item>
		<item id="diyw08">
			<item id="frame`frameh9IJO9">
				<item id="attr">
					<item id="name"><![CDATA[frameh9IJO9]]></item>
					<item id="moveable"><![CDATA[true]]></item>
					<item id="className"><![CDATA[frame move-span cl frame-1]]></item>
					<item id="titles"><![CDATA[]]></item>
				</item>
				<item id="column`frameh9IJO9_left">
					<item id="attr">
						<item id="name"><![CDATA[frameh9IJO9_left]]></item>
						<item id="className"><![CDATA[column frame-1-c]]></item>
					</item>
					<item id="block`portal_block_163">
						<item id="attr">
							<item id="name"><![CDATA[portal_block_163]]></item>
							<item id="className"><![CDATA[block move-span]]></item>
							<item id="titles"><![CDATA[]]></item>
						</item>
					</item>
				</item>
			</item>
		</item>
		<item id="diy89">
			<item id="frame`framel91C0a">
				<item id="attr">
					<item id="name"><![CDATA[framel91C0a]]></item>
					<item id="moveable"><![CDATA[true]]></item>
					<item id="className"><![CDATA[frame move-span cl frame-1]]></item>
					<item id="titles"><![CDATA[]]></item>
				</item>
				<item id="column`framel91C0a_left">
					<item id="attr">
						<item id="name"><![CDATA[framel91C0a_left]]></item>
						<item id="className"><![CDATA[column frame-1-c]]></item>
					</item>
					<item id="block`portal_block_160">
						<item id="attr">
							<item id="name"><![CDATA[portal_block_160]]></item>
							<item id="className"><![CDATA[block move-span]]></item>
							<item id="titles"><![CDATA[]]></item>
						</item>
					</item>
				</item>
			</item>
		</item>
		<item id="diy90">
			<item id="frame`framexP8gku">
				<item id="attr">
					<item id="name"><![CDATA[framexP8gku]]></item>
					<item id="moveable"><![CDATA[true]]></item>
					<item id="className"><![CDATA[frame move-span cl frame-1]]></item>
					<item id="titles"><![CDATA[]]></item>
				</item>
				<item id="column`framexP8gku_left">
					<item id="attr">
						<item id="name"><![CDATA[framexP8gku_left]]></item>
						<item id="className"><![CDATA[column frame-1-c]]></item>
					</item>
					<item id="block`portal_block_161">
						<item id="attr">
							<item id="name"><![CDATA[portal_block_161]]></item>
							<item id="className"><![CDATA[block move-span]]></item>
							<item id="titles"><![CDATA[]]></item>
						</item>
					</item>
				</item>
			</item>
		</item>
		<item id="diy2"><![CDATA[]]></item>
		<item id="diyw07"><![CDATA[]]></item>
	</item>
	<item id="blockdata">
		<item id="block">
			<item id="160">
				<item id="bid"><![CDATA[160]]></item>
				<item id="blockclass"><![CDATA[forum_thread]]></item>
				<item id="blocktype"><![CDATA[0]]></item>
				<item id="name"><![CDATA[sxp_bbs_2]]></item>
				<item id="title"><![CDATA[]]></item>
				<item id="classname"><![CDATA[]]></item>
				<item id="summary"><![CDATA[]]></item>
				<item id="uid"><![CDATA[1]]></item>
				<item id="username"><![CDATA[admin]]></item>
				<item id="styleid"><![CDATA[0]]></item>
				<item id="blockstyle">
					<item id="name"><![CDATA[]]></item>
					<item id="blockclass"><![CDATA[forum_thread]]></item>
					<item id="makethumb"><![CDATA[0]]></item>
					<item id="getpic"><![CDATA[0]]></item>
					<item id="getsummary"><![CDATA[0]]></item>
					<item id="settarget"><![CDATA[1]]></item>
					<item id="moreurl"><![CDATA[0]]></item>
					<item id="fields">
						<item id="0"><![CDATA[url]]></item>
						<item id="1"><![CDATA[title]]></item>
					</item>
					<item id="template">
						<item id="raw"><![CDATA[<div class="module cl sxpbbs0">
<h3><em>最新回复</em><a href="#" target="_blank">+More</a></h3>
<ul>
[loop]
<li><a href="{url}" title="{title}"{target}>{title}</a></li>
[/loop]
[index=10]
<li class="bottom5"><a href="{url}" title="{title}"{target}>{title}</a></li>
[/index]
</ul>
</div>

 <div class="clear height15"></div>]]></item>
						<item id="footer"><![CDATA[]]></item>
						<item id="header"><![CDATA[]]></item>
						<item id="indexplus">
						</item>
						<item id="index">
							<item id="10"><![CDATA[<li class="bottom5"><a href="{url}" title="{title}"{target}>{title}</a></li>]]></item>
						</item>
						<item id="orderplus">
						</item>
						<item id="order">
						</item>
						<item id="loopplus">
						</item>
						<item id="loop"><![CDATA[<li><a href="{url}" title="{title}"{target}>{title}</a></li>]]></item>
					</item>
					<item id="hash"><![CDATA[3da2380f]]></item>
				</item>
				<item id="picwidth"><![CDATA[0]]></item>
				<item id="picheight"><![CDATA[0]]></item>
				<item id="target"><![CDATA[blank]]></item>
				<item id="dateformat"><![CDATA[Y-m-d]]></item>
				<item id="dateuformat"><![CDATA[0]]></item>
				<item id="script"><![CDATA[thread]]></item>
				<item id="param">
					<item id="tids"><![CDATA[]]></item>
					<item id="uids"><![CDATA[]]></item>
					<item id="keyword"><![CDATA[]]></item>
					<item id="tagkeyword"><![CDATA[]]></item>
					<item id="fids">
						<item id="0"><![CDATA[0]]></item>
					</item>
					<item id="typeids"><![CDATA[]]></item>
					<item id="reply"><![CDATA[0]]></item>
					<item id="recommend"><![CDATA[0]]></item>
					<item id="special">
						<item id="0"><![CDATA[0]]></item>
					</item>
					<item id="viewmod"><![CDATA[0]]></item>
					<item id="rewardstatus"><![CDATA[0]]></item>
					<item id="picrequired"><![CDATA[0]]></item>
					<item id="orderby"><![CDATA[lastpost]]></item>
					<item id="postdateline"><![CDATA[0]]></item>
					<item id="lastpost"><![CDATA[0]]></item>
					<item id="highlight"><![CDATA[0]]></item>
					<item id="titlelength"><![CDATA[34]]></item>
					<item id="summarylength"><![CDATA[80]]></item>
					<item id="startrow"><![CDATA[0]]></item>
					<item id="items"><![CDATA[10]]></item>
				</item>
				<item id="shownum"><![CDATA[10]]></item>
				<item id="cachetime"><![CDATA[3600]]></item>
				<item id="cachetimerange"><![CDATA[]]></item>
				<item id="punctualupdate"><![CDATA[0]]></item>
				<item id="hidedisplay"><![CDATA[0]]></item>
				<item id="dateline"><![CDATA[1522123587]]></item>
				<item id="notinherited"><![CDATA[0]]></item>
				<item id="isblank"><![CDATA[0]]></item>
			</item>
			<item id="161">
				<item id="bid"><![CDATA[161]]></item>
				<item id="blockclass"><![CDATA[html_html]]></item>
				<item id="blocktype"><![CDATA[0]]></item>
				<item id="name"><![CDATA[sxp_kefu]]></item>
				<item id="title"><![CDATA[]]></item>
				<item id="classname"><![CDATA[]]></item>
				<item id="summary"><![CDATA[<div class="module cl sxpkefu">
<h3><em>客服中心</em></h3>
<div class="sxpkefu1">
<span id="kefu1">400-800-8888</span>
<span id="kefu2">周一至周日8:30-20:30 仅收市话费</span>
</div>

<div class="clear height20"></div>

<div class="sxpkefu2">
<a href="#" target="_blank" class="iqq">在线客服</a>
<a href="#" target="_blank" class="iwb">客服微博</a>
<a href="#" target="_blank" class="icp">删帖申请</a>
<a href="#" target="_blank" class="ish">违规举报</a>
</div>
</div>
<div class="clear height15"></div>]]></item>
				<item id="uid"><![CDATA[1]]></item>
				<item id="username"><![CDATA[admin]]></item>
				<item id="styleid"><![CDATA[0]]></item>
				<item id="blockstyle"><![CDATA[]]></item>
				<item id="picwidth"><![CDATA[0]]></item>
				<item id="picheight"><![CDATA[0]]></item>
				<item id="target"><![CDATA[blank]]></item>
				<item id="dateformat"><![CDATA[Y-m-d]]></item>
				<item id="dateuformat"><![CDATA[0]]></item>
				<item id="script"><![CDATA[blank]]></item>
				<item id="param">
					<item id="content"><![CDATA[<div class=\"module cl sxpkefu\">
<h3><em>客服中心</em></h3>
<div class=\"sxpkefu1\">
<span id=\"kefu1\">400-800-8888</span>
<span id=\"kefu2\">周一至周日8:30-20:30 仅收市话费</span>
</div>

<div class=\"clear height20\"></div>

<div class=\"sxpkefu2\">
<a href=\"#\" target=\"_blank\" class=\"iqq\">在线客服</a>
<a href=\"#\" target=\"_blank\" class=\"iwb\">客服微博</a>
<a href=\"#\" target=\"_blank\" class=\"icp\">删帖申请</a>
<a href=\"#\" target=\"_blank\" class=\"ish\">违规举报</a>
</div>
</div>
<div class=\"clear height15\"></div>]]></item>
					<item id="items"><![CDATA[10]]></item>
				</item>
				<item id="shownum"><![CDATA[10]]></item>
				<item id="cachetime"><![CDATA[0]]></item>
				<item id="cachetimerange"><![CDATA[0,0]]></item>
				<item id="punctualupdate"><![CDATA[0]]></item>
				<item id="hidedisplay"><![CDATA[0]]></item>
				<item id="dateline"><![CDATA[1521620369]]></item>
				<item id="notinherited"><![CDATA[0]]></item>
				<item id="isblank"><![CDATA[0]]></item>
			</item>
			<item id="162">
				<item id="bid"><![CDATA[162]]></item>
				<item id="blockclass"><![CDATA[member_member]]></item>
				<item id="blocktype"><![CDATA[0]]></item>
				<item id="name"><![CDATA[HY]]></item>
				<item id="title"><![CDATA[]]></item>
				<item id="classname"><![CDATA[]]></item>
				<item id="summary"><![CDATA[]]></item>
				<item id="uid"><![CDATA[1]]></item>
				<item id="username"><![CDATA[admin]]></item>
				<item id="styleid"><![CDATA[0]]></item>
				<item id="blockstyle">
					<item id="name"><![CDATA[]]></item>
					<item id="blockclass"><![CDATA[member_member]]></item>
					<item id="makethumb"><![CDATA[0]]></item>
					<item id="getpic"><![CDATA[0]]></item>
					<item id="getsummary"><![CDATA[0]]></item>
					<item id="settarget"><![CDATA[1]]></item>
					<item id="moreurl"><![CDATA[0]]></item>
					<item id="fields">
						<item id="0"><![CDATA[credits]]></item>
						<item id="1"><![CDATA[url]]></item>
						<item id="2"><![CDATA[title]]></item>
					</item>
					<item id="template">
						<item id="raw"><![CDATA[<div class="module cl sxpboy">
<h3><em>积分排行</em></h3>
<ol>
[index=1]
<li id="boy1"><em>{credits}</em><a href="{url}" title="{title}" {target}>{title}</a></li>
[/index]
[index=2]
<li id="boy2"><em>{credits}</em><a href="{url}" title="{title}" {target}>{title}</a></li>
[/index]
[index=3]
<li id="boy3"><em>{credits}</em><a href="{url}" title="{title}" {target}>{title}</a></li>
[/index]
[index=4]
<li id="boy4"><em>{credits}</em><a href="{url}" title="{title}" {target}>{title}</a></li>
[/index]
[index=5]
<li id="boy5"><em>{credits}</em><a href="{url}" title="{title}" {target}>{title}</a></li>
[/index]
[index=6]
<li id="boy6"><em>{credits}</em><a href="{url}" title="{title}" {target}>{title}</a></li>
[/index]
[index=7]
<li id="boy7"><em>{credits}</em><a href="{url}" title="{title}" {target}>{title}</a></li>
[/index]
[index=8]
<li id="boy8"><em>{credits}</em><a href="{url}" title="{title}" {target}>{title}</a></li>
[/index]
[index=9]
<li id="boy9"><em>{credits}</em><a href="{url}" title="{title}" {target}>{title}</a></li>
[/index]
[index=10]
<li id="boy10"><em>{credits}</em><a href="{url}" title="{title}" {target}>{title}</a></li>
[/index]
[loop]
<li><em>{credits}</em><a href="{url}" title="{title}" {target}>{title}</a></li>
[/loop]

</ol>
</div>
<div class="clear height15"></div>]]></item>
						<item id="footer"><![CDATA[]]></item>
						<item id="header"><![CDATA[]]></item>
						<item id="indexplus">
						</item>
						<item id="index">
							<item id="1"><![CDATA[<li id="boy1"><em>{credits}</em><a href="{url}" title="{title}" {target}>{title}</a></li>]]></item>
							<item id="2"><![CDATA[<li id="boy2"><em>{credits}</em><a href="{url}" title="{title}" {target}>{title}</a></li>]]></item>
							<item id="3"><![CDATA[<li id="boy3"><em>{credits}</em><a href="{url}" title="{title}" {target}>{title}</a></li>]]></item>
							<item id="4"><![CDATA[<li id="boy4"><em>{credits}</em><a href="{url}" title="{title}" {target}>{title}</a></li>]]></item>
							<item id="5"><![CDATA[<li id="boy5"><em>{credits}</em><a href="{url}" title="{title}" {target}>{title}</a></li>]]></item>
							<item id="6"><![CDATA[<li id="boy6"><em>{credits}</em><a href="{url}" title="{title}" {target}>{title}</a></li>]]></item>
							<item id="7"><![CDATA[<li id="boy7"><em>{credits}</em><a href="{url}" title="{title}" {target}>{title}</a></li>]]></item>
							<item id="8"><![CDATA[<li id="boy8"><em>{credits}</em><a href="{url}" title="{title}" {target}>{title}</a></li>]]></item>
							<item id="9"><![CDATA[<li id="boy9"><em>{credits}</em><a href="{url}" title="{title}" {target}>{title}</a></li>]]></item>
							<item id="10"><![CDATA[<li id="boy10"><em>{credits}</em><a href="{url}" title="{title}" {target}>{title}</a></li>]]></item>
						</item>
						<item id="orderplus">
						</item>
						<item id="order">
						</item>
						<item id="loopplus">
						</item>
						<item id="loop"><![CDATA[<li><em>{credits}</em><a href="{url}" title="{title}" {target}>{title}</a></li>]]></item>
					</item>
					<item id="hash"><![CDATA[0521859d]]></item>
				</item>
				<item id="picwidth"><![CDATA[0]]></item>
				<item id="picheight"><![CDATA[0]]></item>
				<item id="target"><![CDATA[blank]]></item>
				<item id="dateformat"><![CDATA[Y-m-d]]></item>
				<item id="dateuformat"><![CDATA[0]]></item>
				<item id="script"><![CDATA[member]]></item>
				<item id="param">
					<item id="uids"><![CDATA[]]></item>
					<item id="groupid">
						<item id="0"><![CDATA[0]]></item>
					</item>
					<item id="special"><![CDATA[]]></item>
					<item id="gender"><![CDATA[]]></item>
					<item id="xbirthprovince"><![CDATA[]]></item>
					<item id="xresideprovince"><![CDATA[]]></item>
					<item id="avatarstatus"><![CDATA[0]]></item>
					<item id="orderby"><![CDATA[credits]]></item>
					<item id="extcredit"><![CDATA[1]]></item>
					<item id="lastpost"><![CDATA[]]></item>
					<item id="startrow"><![CDATA[0]]></item>
					<item id="items"><![CDATA[10]]></item>
				</item>
				<item id="shownum"><![CDATA[10]]></item>
				<item id="cachetime"><![CDATA[3600]]></item>
				<item id="cachetimerange"><![CDATA[]]></item>
				<item id="punctualupdate"><![CDATA[0]]></item>
				<item id="hidedisplay"><![CDATA[0]]></item>
				<item id="dateline"><![CDATA[1522126490]]></item>
				<item id="notinherited"><![CDATA[0]]></item>
				<item id="isblank"><![CDATA[0]]></item>
			</item>
			<item id="163">
				<item id="bid"><![CDATA[163]]></item>
				<item id="blockclass"><![CDATA[html_html]]></item>
				<item id="blocktype"><![CDATA[0]]></item>
				<item id="name"><![CDATA[ad]]></item>
				<item id="title"><![CDATA[]]></item>
				<item id="classname"><![CDATA[]]></item>
				<item id="summary"><![CDATA[<div class="newad"><a href="#" target="_blank"><img style="width:300px;height:250px;" src="template/sxp_bbs_111/ad/newad2.png" /></a></div>

 <div class="clear height15"></div>]]></item>
				<item id="uid"><![CDATA[1]]></item>
				<item id="username"><![CDATA[admin]]></item>
				<item id="styleid"><![CDATA[0]]></item>
				<item id="blockstyle"><![CDATA[]]></item>
				<item id="picwidth"><![CDATA[0]]></item>
				<item id="picheight"><![CDATA[0]]></item>
				<item id="target"><![CDATA[blank]]></item>
				<item id="dateformat"><![CDATA[Y-m-d]]></item>
				<item id="dateuformat"><![CDATA[0]]></item>
				<item id="script"><![CDATA[blank]]></item>
				<item id="param">
					<item id="content"><![CDATA[<div class=\"newad\"><a href=\"#\" target=\"_blank\"><img style=\"width:300px;height:250px;\" src=\"template/sxp_bbs_111/ad/newad2.png\" /></a></div>

 <div class=\"clear height15\"></div>]]></item>
					<item id="items"><![CDATA[10]]></item>
				</item>
				<item id="shownum"><![CDATA[10]]></item>
				<item id="cachetime"><![CDATA[0]]></item>
				<item id="cachetimerange"><![CDATA[0,0]]></item>
				<item id="punctualupdate"><![CDATA[0]]></item>
				<item id="hidedisplay"><![CDATA[0]]></item>
				<item id="dateline"><![CDATA[1521622681]]></item>
				<item id="notinherited"><![CDATA[0]]></item>
				<item id="isblank"><![CDATA[0]]></item>
			</item>
			<item id="164">
				<item id="bid"><![CDATA[164]]></item>
				<item id="blockclass"><![CDATA[forum_thread]]></item>
				<item id="blocktype"><![CDATA[0]]></item>
				<item id="name"><![CDATA[sxp_HOT]]></item>
				<item id="title"><![CDATA[]]></item>
				<item id="classname"><![CDATA[]]></item>
				<item id="summary"><![CDATA[]]></item>
				<item id="uid"><![CDATA[1]]></item>
				<item id="username"><![CDATA[admin]]></item>
				<item id="styleid"><![CDATA[0]]></item>
				<item id="blockstyle">
					<item id="name"><![CDATA[]]></item>
					<item id="blockclass"><![CDATA[forum_thread]]></item>
					<item id="makethumb"><![CDATA[0]]></item>
					<item id="getpic"><![CDATA[0]]></item>
					<item id="getsummary"><![CDATA[0]]></item>
					<item id="settarget"><![CDATA[1]]></item>
					<item id="moreurl"><![CDATA[0]]></item>
					<item id="fields">
						<item id="0"><![CDATA[authorid]]></item>
						<item id="1"><![CDATA[avatar]]></item>
						<item id="2"><![CDATA[author]]></item>
						<item id="3"><![CDATA[forumurl]]></item>
						<item id="4"><![CDATA[forumname]]></item>
						<item id="5"><![CDATA[url]]></item>
						<item id="6"><![CDATA[title]]></item>
						<item id="7"><![CDATA[replies]]></item>
						<item id="8"><![CDATA[views]]></item>
						<item id="9"><![CDATA[lastpost]]></item>
						<item id="10"><![CDATA[dateline]]></item>
					</item>
					<item id="template">
						<item id="raw"><![CDATA[<div class="module cl xl1 sxppostlist">
<h3><em>网友热议</em><a href="#" target="_blank">+More</a></h3>
<ul>
[index=1]
<div class="sxp_postlist sxp_postlist1 cl">
<div class="sxp_listtx" style="position:relative;">
<a href="home.php?mod=space&uid={authorid}" c="1"{target}><img src="{avatar}" width="48" height="48" alt="{author}" /></a>
</div>
<h2 class="cl">
<span class="sxp_common">
<em><a href="{forumurl}" title="{forumname}"{target}> {forumname}</a></em>
<a href="{url}" title="{title}"{target}>{title}</a>

<i><img src="template/sxp_bbs_111/image/tu.jpg" alt="图片" title="图片"><img src="template/sxp_bbs_111/image/top.jpg"></i> <i class="topding" title="全局置顶">置顶</i>

</span>
</h2>
<p>
<span class="y">

<em class="sxp_reply"><a href="{url}" title="{title}"{target}>{replies}</a></em>
<em class="sxp_view"> {views}</em>
</span>
<span class="z">
<em>最后回复：<a href="{url}" title="{title}"{target}>{lastpost}</a></em>
<em><span>{dateline}</span></em>
<em class="sxp_user"><a href="home.php?mod=space&uid={authorid}"{target}>楼主：{author}</a></em>				
</span>
</p>

</div>
[/index]

[index=2]
<div class="sxp_postlist sxp_postlist2 cl">
<div class="sxp_listtx" style="position:relative;">
<a href="home.php?mod=space&uid={authorid}" c="1"{target}><img src="{avatar}" width="48" height="48" alt="{author}" /></a>
</div>
<h2 class="cl">
<span class="sxp_common">
<em><a href="{forumurl}" title="{forumname}"{target}> {forumname}</a></em>
<a href="{url}" title="{title}"{target}>{title}</a>

<i><img src="template/sxp_bbs_111/image/tu.jpg" alt="图片" title="图片"><img src="template/sxp_bbs_111/image/top.jpg"></i> <i class="topding" title="全局置顶">置顶</i>

</span>
</h2>
<p>
<span class="y">

<em class="sxp_reply"><a href="{url}" title="{title}"{target}>{replies}</a></em>
<em class="sxp_view"> {views}</em>
</span>
<span class="z">
<em>最后回复：<a href="{url}" title="{title}"{target}>{lastpost}</a></em>
<em><span>{dateline}</span></em>
<em class="sxp_user"><a href="home.php?mod=space&uid={authorid}"{target}>楼主：{author}</a></em>				
</span>
</p>

</div>
[/index]

[loop]
<div class="sxp_postlist cl">
<div class="sxp_listtx" style="position:relative;">
<a href="home.php?mod=space&uid={authorid}" c="1"{target}><img src="{avatar}" width="48" height="48" alt="{author}" /></a>
</div>
<h2 class="cl">
<span class="sxp_common">
<em><a href="{forumurl}" title="{forumname}"{target}> {forumname}</a></em>
<a href="{url}" title="{title}"{target}>{title}</a>

<i><img src="template/sxp_bbs_111/image/tu.jpg" alt="图片" title="图片"><img src="template/sxp_bbs_111/image/top.jpg"></i> <i class="topding" title="全局置顶">置顶</i>

</span>
</h2>
<p>
<span class="y">

<em class="sxp_reply"><a href="{url}" title="{title}"{target}>{replies}</a></em>
<em class="sxp_view"> {views}</em>
</span>
<span class="z">
<em>最后回复：<a href="{url}" title="{title}"{target}>{lastpost}</a></em>
<em><span>{dateline}</span></em>
<em class="sxp_user"><a href="home.php?mod=space&uid={authorid}"{target}>楼主：{author}</a></em>				
</span>
</p>

</div>
[/loop]


</ul>
</div>
<div class="clear height15"></div>]]></item>
						<item id="footer"><![CDATA[]]></item>
						<item id="header"><![CDATA[]]></item>
						<item id="indexplus"><![CDATA[
						]]></item>
						<item id="index">
							<item id="1"><![CDATA[<div class="sxp_postlist sxp_postlist1 cl">
<div class="sxp_listtx" style="position:relative;">
<a href="home.php?mod=space&uid={authorid}" c="1"{target}><img src="{avatar}" width="48" height="48" alt="{author}" /></a>
</div>
<h2 class="cl">
<span class="sxp_common">
<em><a href="{forumurl}" title="{forumname}"{target}> {forumname}</a></em>
<a href="{url}" title="{title}"{target}>{title}</a>

<i><img src="template/sxp_bbs_111/image/tu.jpg" alt="图片" title="图片"><img src="template/sxp_bbs_111/image/top.jpg"></i> <i class="topding" title="全局置顶">置顶</i>

</span>
</h2>
<p>
<span class="y">

<em class="sxp_reply"><a href="{url}" title="{title}"{target}>{replies}</a></em>
<em class="sxp_view"> {views}</em>
</span>
<span class="z">
<em>最后回复：<a href="{url}" title="{title}"{target}>{lastpost}</a></em>
<em><span>{dateline}</span></em>
<em class="sxp_user"><a href="home.php?mod=space&uid={authorid}"{target}>楼主：{author}</a></em>				
</span>
</p>

</div>]]></item>
							<item id="2"><![CDATA[<div class="sxp_postlist sxp_postlist2 cl">
<div class="sxp_listtx" style="position:relative;">
<a href="home.php?mod=space&uid={authorid}" c="1"{target}><img src="{avatar}" width="48" height="48" alt="{author}" /></a>
</div>
<h2 class="cl">
<span class="sxp_common">
<em><a href="{forumurl}" title="{forumname}"{target}> {forumname}</a></em>
<a href="{url}" title="{title}"{target}>{title}</a>

<i><img src="template/sxp_bbs_111/image/tu.jpg" alt="图片" title="图片"><img src="template/sxp_bbs_111/image/top.jpg"></i> <i class="topding" title="全局置顶">置顶</i>

</span>
</h2>
<p>
<span class="y">

<em class="sxp_reply"><a href="{url}" title="{title}"{target}>{replies}</a></em>
<em class="sxp_view"> {views}</em>
</span>
<span class="z">
<em>最后回复：<a href="{url}" title="{title}"{target}>{lastpost}</a></em>
<em><span>{dateline}</span></em>
<em class="sxp_user"><a href="home.php?mod=space&uid={authorid}"{target}>楼主：{author}</a></em>				
</span>
</p>

</div>]]></item>
						</item>
						<item id="orderplus"><![CDATA[
						]]></item>
						<item id="order"><![CDATA[
						]]></item>
						<item id="loopplus"><![CDATA[
						]]></item>
						<item id="loop"><![CDATA[<div class="sxp_postlist cl">
<div class="sxp_listtx" style="position:relative;">
<a href="home.php?mod=space&uid={authorid}" c="1"{target}><img src="{avatar}" width="48" height="48" alt="{author}" /></a>
</div>
<h2 class="cl">
<span class="sxp_common">
<em><a href="{forumurl}" title="{forumname}"{target}> {forumname}</a></em>
<a href="{url}" title="{title}"{target}>{title}</a>

<i><img src="template/sxp_bbs_111/image/tu.jpg" alt="图片" title="图片"><img src="template/sxp_bbs_111/image/top.jpg"></i> <i class="topding" title="全局置顶">置顶</i>

</span>
</h2>
<p>
<span class="y">

<em class="sxp_reply"><a href="{url}" title="{title}"{target}>{replies}</a></em>
<em class="sxp_view"> {views}</em>
</span>
<span class="z">
<em>最后回复：<a href="{url}" title="{title}"{target}>{lastpost}</a></em>
<em><span>{dateline}</span></em>
<em class="sxp_user"><a href="home.php?mod=space&uid={authorid}"{target}>楼主：{author}</a></em>				
</span>
</p>

</div>]]></item>
					</item>
					<item id="hash"><![CDATA[80504fc3]]></item>
				</item>
				<item id="picwidth"><![CDATA[0]]></item>
				<item id="picheight"><![CDATA[0]]></item>
				<item id="target"><![CDATA[blank]]></item>
				<item id="dateformat"><![CDATA[Y-m-d]]></item>
				<item id="dateuformat"><![CDATA[0]]></item>
				<item id="script"><![CDATA[thread]]></item>
				<item id="param">
					<item id="tids"><![CDATA[]]></item>
					<item id="uids"><![CDATA[]]></item>
					<item id="keyword"><![CDATA[]]></item>
					<item id="tagkeyword"><![CDATA[]]></item>
					<item id="typeids"><![CDATA[]]></item>
					<item id="reply"><![CDATA[0]]></item>
					<item id="recommend"><![CDATA[0]]></item>
					<item id="viewmod"><![CDATA[0]]></item>
					<item id="rewardstatus"><![CDATA[0]]></item>
					<item id="picrequired"><![CDATA[0]]></item>
					<item id="orderby"><![CDATA[lastpost]]></item>
					<item id="postdateline"><![CDATA[0]]></item>
					<item id="lastpost"><![CDATA[0]]></item>
					<item id="highlight"><![CDATA[0]]></item>
					<item id="titlelength"><![CDATA[54]]></item>
					<item id="summarylength"><![CDATA[80]]></item>
					<item id="startrow"><![CDATA[0]]></item>
					<item id="items"><![CDATA[12]]></item>
				</item>
				<item id="shownum"><![CDATA[12]]></item>
				<item id="cachetime"><![CDATA[3600]]></item>
				<item id="cachetimerange"><![CDATA[]]></item>
				<item id="punctualupdate"><![CDATA[0]]></item>
				<item id="hidedisplay"><![CDATA[0]]></item>
				<item id="dateline"><![CDATA[1522124515]]></item>
				<item id="notinherited"><![CDATA[0]]></item>
				<item id="isblank"><![CDATA[0]]></item>
			</item>
			<item id="168">
				<item id="bid"><![CDATA[168]]></item>
				<item id="blockclass"><![CDATA[html_html]]></item>
				<item id="blocktype"><![CDATA[0]]></item>
				<item id="name"><![CDATA[ad]]></item>
				<item id="title"><![CDATA[]]></item>
				<item id="classname"><![CDATA[]]></item>
				<item id="summary"><![CDATA[<a href="#" target="_blank"><img src="template/sxp_bbs_111/ad/ad20.jpg" width="100%" height="100px" /></a>]]></item>
				<item id="uid"><![CDATA[1]]></item>
				<item id="username"><![CDATA[admin]]></item>
				<item id="styleid"><![CDATA[0]]></item>
				<item id="blockstyle"><![CDATA[]]></item>
				<item id="picwidth"><![CDATA[0]]></item>
				<item id="picheight"><![CDATA[0]]></item>
				<item id="target"><![CDATA[blank]]></item>
				<item id="dateformat"><![CDATA[Y-m-d]]></item>
				<item id="dateuformat"><![CDATA[0]]></item>
				<item id="script"><![CDATA[banner]]></item>
				<item id="param">
					<item id="pic"><![CDATA[template/sxp_bbs_111/ad/ad20.jpg]]></item>
					<item id="url"><![CDATA[#]]></item>
					<item id="atarget"><![CDATA[_blank]]></item>
					<item id="width"><![CDATA[100%]]></item>
					<item id="height"><![CDATA[100px]]></item>
					<item id="text"><![CDATA[]]></item>
					<item id="items"><![CDATA[10]]></item>
				</item>
				<item id="shownum"><![CDATA[10]]></item>
				<item id="cachetime"><![CDATA[0]]></item>
				<item id="cachetimerange"><![CDATA[0,0]]></item>
				<item id="punctualupdate"><![CDATA[0]]></item>
				<item id="hidedisplay"><![CDATA[0]]></item>
				<item id="dateline"><![CDATA[1521622668]]></item>
				<item id="notinherited"><![CDATA[0]]></item>
				<item id="isblank"><![CDATA[0]]></item>
			</item>
			<item id="169">
				<item id="bid"><![CDATA[169]]></item>
				<item id="blockclass"><![CDATA[forum_thread]]></item>
				<item id="blocktype"><![CDATA[0]]></item>
				<item id="name"><![CDATA[sxp_bbs_1]]></item>
				<item id="title"><![CDATA[]]></item>
				<item id="classname"><![CDATA[]]></item>
				<item id="summary"><![CDATA[]]></item>
				<item id="uid"><![CDATA[1]]></item>
				<item id="username"><![CDATA[admin]]></item>
				<item id="styleid"><![CDATA[0]]></item>
				<item id="blockstyle">
					<item id="name"><![CDATA[]]></item>
					<item id="blockclass"><![CDATA[forum_thread]]></item>
					<item id="makethumb"><![CDATA[0]]></item>
					<item id="getpic"><![CDATA[0]]></item>
					<item id="getsummary"><![CDATA[0]]></item>
					<item id="settarget"><![CDATA[1]]></item>
					<item id="moreurl"><![CDATA[0]]></item>
					<item id="fields">
						<item id="0"><![CDATA[url]]></item>
						<item id="1"><![CDATA[title]]></item>
					</item>
					<item id="template">
						<item id="raw"><![CDATA[<div class="module cl sxpbbs0">
<h3><em>最新发布</em><a href="#" target="_blank">+More</a></h3>
<ul>
[loop]
<li><a href="{url}" title="{title}"{target}>{title}</a></li>
[/loop]
[index=10]
<li class="bottom5"><a href="{url}" title="{title}"{target}>{title}</a></li>
[/index]
</ul>
</div>

 <div class="clear height15"></div>]]></item>
						<item id="footer"><![CDATA[]]></item>
						<item id="header"><![CDATA[]]></item>
						<item id="indexplus">
						</item>
						<item id="index">
							<item id="10"><![CDATA[<li class="bottom5"><a href="{url}" title="{title}"{target}>{title}</a></li>]]></item>
						</item>
						<item id="orderplus">
						</item>
						<item id="order">
						</item>
						<item id="loopplus">
						</item>
						<item id="loop"><![CDATA[<li><a href="{url}" title="{title}"{target}>{title}</a></li>]]></item>
					</item>
					<item id="hash"><![CDATA[cdad9b62]]></item>
				</item>
				<item id="picwidth"><![CDATA[0]]></item>
				<item id="picheight"><![CDATA[0]]></item>
				<item id="target"><![CDATA[blank]]></item>
				<item id="dateformat"><![CDATA[Y-m-d]]></item>
				<item id="dateuformat"><![CDATA[0]]></item>
				<item id="script"><![CDATA[thread]]></item>
				<item id="param">
					<item id="tids"><![CDATA[]]></item>
					<item id="uids"><![CDATA[]]></item>
					<item id="keyword"><![CDATA[]]></item>
					<item id="tagkeyword"><![CDATA[]]></item>
					<item id="typeids"><![CDATA[]]></item>
					<item id="reply"><![CDATA[0]]></item>
					<item id="recommend"><![CDATA[0]]></item>
					<item id="viewmod"><![CDATA[0]]></item>
					<item id="rewardstatus"><![CDATA[0]]></item>
					<item id="picrequired"><![CDATA[0]]></item>
					<item id="orderby"><![CDATA[dateline]]></item>
					<item id="postdateline"><![CDATA[0]]></item>
					<item id="lastpost"><![CDATA[0]]></item>
					<item id="highlight"><![CDATA[0]]></item>
					<item id="titlelength"><![CDATA[34]]></item>
					<item id="summarylength"><![CDATA[80]]></item>
					<item id="startrow"><![CDATA[0]]></item>
					<item id="items"><![CDATA[10]]></item>
				</item>
				<item id="shownum"><![CDATA[10]]></item>
				<item id="cachetime"><![CDATA[3600]]></item>
				<item id="cachetimerange"><![CDATA[]]></item>
				<item id="punctualupdate"><![CDATA[0]]></item>
				<item id="hidedisplay"><![CDATA[0]]></item>
				<item id="dateline"><![CDATA[1522123659]]></item>
				<item id="notinherited"><![CDATA[0]]></item>
				<item id="isblank"><![CDATA[0]]></item>
			</item>
			<item id="170">
				<item id="bid"><![CDATA[170]]></item>
				<item id="blockclass"><![CDATA[forum_thread]]></item>
				<item id="blocktype"><![CDATA[0]]></item>
				<item id="name"><![CDATA[sxp_活动]]></item>
				<item id="title"><![CDATA[]]></item>
				<item id="classname"><![CDATA[]]></item>
				<item id="summary"><![CDATA[]]></item>
				<item id="uid"><![CDATA[1]]></item>
				<item id="username"><![CDATA[admin]]></item>
				<item id="styleid"><![CDATA[0]]></item>
				<item id="blockstyle">
					<item id="name"><![CDATA[]]></item>
					<item id="blockclass"><![CDATA[forum_thread]]></item>
					<item id="makethumb"><![CDATA[0]]></item>
					<item id="getpic"><![CDATA[0]]></item>
					<item id="getsummary"><![CDATA[0]]></item>
					<item id="settarget"><![CDATA[0]]></item>
					<item id="moreurl"><![CDATA[0]]></item>
					<item id="fields">
					</item>
					<item id="template">
						<item id="raw"><![CDATA[<div class="sxpsd_area1 cl">

<a onclick="showWindow('nav', this.href, 'get', 0)" href="forum.php?mod=misc&amp;action=nav" title="发帖">发帖</a>

<a href="#" title="签到" target="_blank" class="area1_ft">签到</a>
</div>

 <div class="clear height15"></div>]]></item>
						<item id="footer"><![CDATA[]]></item>
						<item id="header"><![CDATA[]]></item>
						<item id="indexplus">
						</item>
						<item id="index">
						</item>
						<item id="orderplus">
						</item>
						<item id="order">
						</item>
						<item id="loopplus">
						</item>
						<item id="loop">
						</item>
					</item>
					<item id="hash"><![CDATA[5a9351ab]]></item>
				</item>
				<item id="picwidth"><![CDATA[100]]></item>
				<item id="picheight"><![CDATA[80]]></item>
				<item id="target"><![CDATA[blank]]></item>
				<item id="dateformat"><![CDATA[Y-m-d]]></item>
				<item id="dateuformat"><![CDATA[0]]></item>
				<item id="script"><![CDATA[thread]]></item>
				<item id="param">
					<item id="tids"><![CDATA[]]></item>
					<item id="uids"><![CDATA[]]></item>
					<item id="keyword"><![CDATA[]]></item>
					<item id="tagkeyword"><![CDATA[]]></item>
					<item id="typeids"><![CDATA[]]></item>
					<item id="reply"><![CDATA[0]]></item>
					<item id="recommend"><![CDATA[0]]></item>
					<item id="special">
						<item id="0"><![CDATA[0]]></item>
					</item>
					<item id="viewmod"><![CDATA[0]]></item>
					<item id="rewardstatus"><![CDATA[0]]></item>
					<item id="picrequired"><![CDATA[0]]></item>
					<item id="orderby"><![CDATA[lastpost]]></item>
					<item id="postdateline"><![CDATA[0]]></item>
					<item id="lastpost"><![CDATA[0]]></item>
					<item id="highlight"><![CDATA[0]]></item>
					<item id="titlelength"><![CDATA[40]]></item>
					<item id="summarylength"><![CDATA[80]]></item>
					<item id="startrow"><![CDATA[0]]></item>
					<item id="items"><![CDATA[5]]></item>
				</item>
				<item id="shownum"><![CDATA[5]]></item>
				<item id="cachetime"><![CDATA[3600]]></item>
				<item id="cachetimerange"><![CDATA[]]></item>
				<item id="punctualupdate"><![CDATA[0]]></item>
				<item id="hidedisplay"><![CDATA[0]]></item>
				<item id="dateline"><![CDATA[1522124532]]></item>
				<item id="notinherited"><![CDATA[0]]></item>
				<item id="isblank"><![CDATA[0]]></item>
			</item>
			<item id="171">
				<item id="bid"><![CDATA[171]]></item>
				<item id="blockclass"><![CDATA[html_html]]></item>
				<item id="blocktype"><![CDATA[0]]></item>
				<item id="name"><![CDATA[title]]></item>
				<item id="title"><![CDATA[]]></item>
				<item id="classname"><![CDATA[]]></item>
				<item id="summary"><![CDATA[<div class="module cl sxpbbs9">
<h3><em>新手帮助</em><a href="#" target="_blank">+More</a></h3>
<ul>
<li><a href="#" target="_blank">运营战略</a></li>
<li><a href="#" target="_blank">推广服务</a></li>
<li><a href="#" target="_blank">名扬天下</a></li>
<li><a href="#" target="_blank">营销策划</a></li>
<li><a href="#" target="_blank">售后服务</a></li>
<li><a href="#" target="_blank">投诉建议</a></li>
</ul>
</div>
<div class="clear height15"></div>]]></item>
				<item id="uid"><![CDATA[1]]></item>
				<item id="username"><![CDATA[admin]]></item>
				<item id="styleid"><![CDATA[0]]></item>
				<item id="blockstyle"><![CDATA[]]></item>
				<item id="picwidth"><![CDATA[0]]></item>
				<item id="picheight"><![CDATA[0]]></item>
				<item id="target"><![CDATA[blank]]></item>
				<item id="dateformat"><![CDATA[Y-m-d]]></item>
				<item id="dateuformat"><![CDATA[0]]></item>
				<item id="script"><![CDATA[blank]]></item>
				<item id="param">
					<item id="content"><![CDATA[<div class=\"module cl sxpbbs9\">
<h3><em>新手帮助</em><a href=\"#\" target=\"_blank\">+More</a></h3>
<ul>
<li><a href=\"#\" target=\"_blank\">运营战略</a></li>
<li><a href=\"#\" target=\"_blank\">推广服务</a></li>
<li><a href=\"#\" target=\"_blank\">名扬天下</a></li>
<li><a href=\"#\" target=\"_blank\">营销策划</a></li>
<li><a href=\"#\" target=\"_blank\">售后服务</a></li>
<li><a href=\"#\" target=\"_blank\">投诉建议</a></li>
</ul>
</div>
<div class=\"clear height15\"></div>]]></item>
					<item id="items"><![CDATA[10]]></item>
				</item>
				<item id="shownum"><![CDATA[10]]></item>
				<item id="cachetime"><![CDATA[0]]></item>
				<item id="cachetimerange"><![CDATA[0,0]]></item>
				<item id="punctualupdate"><![CDATA[0]]></item>
				<item id="hidedisplay"><![CDATA[0]]></item>
				<item id="dateline"><![CDATA[1521794054]]></item>
				<item id="notinherited"><![CDATA[0]]></item>
				<item id="isblank"><![CDATA[0]]></item>
			</item>
		</item>
		<item id="style">
		</item>
	</item>
</root>