<?xml version="1.0" encoding="ISO-8859-1"?>
<root>
	<item id="spacecss"><![CDATA[#portal_block_1240 { background-color:transparent !important;background-image:none !important;margin-top:30px !important;margin-right:0px !important;margin-bottom:0px !important;margin-left:0px !important;}#portal_block_1241 { background-color:transparent !important;background-image:none !important;margin-top:30px !important;margin-right:0px !important;margin-bottom:0px !important;margin-left:0px !important;}#portal_block_1242 { background-color:transparent !important;background-image:none !important;margin-top:60px !important;margin-right:0px !important;margin-bottom:10px !important;margin-left:0px !important;}#portal_block_1243 { background-color:transparent !important;background-image:none !important;margin-top:60px !important;margin-right:0px !important;margin-bottom:10px !important;margin-left:30px !important;}#portal_block_1244 { background-color:transparent !important;background-image:none !important;margin-top:40px !important;margin-right:0px !important;margin-bottom:0px !important;margin-left:0px !important;}#portal_block_1245 { background-color:transparent !important;background-image:none !important;margin-top:30px !important;margin-right:0px !important;margin-bottom:0px !important;margin-left:0px !important;}]]></item>
	<item id="layoutdata">
		<item id="diy1">
			<item id="frame`frameVnlC62">
				<item id="attr">
					<item id="name"><![CDATA[frameVnlC62]]></item>
					<item id="moveable"><![CDATA[true]]></item>
					<item id="className"><![CDATA[cl_frame_bm frame move-span cl frame-1]]></item>
					<item id="titles">
						<item id="className">
							<item id="0"><![CDATA[frame-title title]]></item>
						</item>
						<item id="style">
							<item id="background-image"><![CDATA[none]]></item>
							<item id="background-repeat"><![CDATA[repeat]]></item>
							<item id="background-color"><![CDATA[transparent]]></item>
						</item>
						<item id="first">
							<item id="text"><![CDATA[关于我们]]></item>
							<item id="href"><![CDATA[]]></item>
							<item id="color"><![CDATA[]]></item>
							<item id="float"><![CDATA[]]></item>
							<item id="margin"><![CDATA[]]></item>
							<item id="font-size"><![CDATA[26]]></item>
							<item id="className"><![CDATA[titletext]]></item>
							<item id="src"><![CDATA[]]></item>
						</item>
					</item>
				</item>
				<item id="column`frameVnlC62_left">
					<item id="attr">
						<item id="name"><![CDATA[frameVnlC62_left]]></item>
						<item id="className"><![CDATA[column frame-1-c]]></item>
					</item>
					<item id="block`portal_block_1240">
						<item id="attr">
							<item id="name"><![CDATA[portal_block_1240]]></item>
							<item id="className"><![CDATA[cl_block_bm block move-span]]></item>
							<item id="titles"><![CDATA[]]></item>
						</item>
					</item>
					<item id="block`portal_block_1241">
						<item id="attr">
							<item id="name"><![CDATA[portal_block_1241]]></item>
							<item id="className"><![CDATA[cl_block_bm block move-span]]></item>
							<item id="titles"><![CDATA[]]></item>
						</item>
					</item>
				</item>
			</item>
		</item>
		<item id="diy2">
			<item id="frame`frameSCggDE">
				<item id="attr">
					<item id="name"><![CDATA[frameSCggDE]]></item>
					<item id="moveable"><![CDATA[true]]></item>
					<item id="className"><![CDATA[cl_frame_bm frame move-span cl frame-2-1]]></item>
					<item id="titles">
						<item id="className">
							<item id="0"><![CDATA[title frame-title]]></item>
						</item>
						<item id="style">
							<item id="background-image"><![CDATA[none]]></item>
							<item id="background-repeat"><![CDATA[repeat]]></item>
							<item id="background-color"><![CDATA[transparent]]></item>
						</item>
						<item id="first">
							<item id="text"><![CDATA[联系我们]]></item>
							<item id="href"><![CDATA[]]></item>
							<item id="color"><![CDATA[]]></item>
							<item id="float"><![CDATA[]]></item>
							<item id="margin"><![CDATA[]]></item>
							<item id="font-size"><![CDATA[26]]></item>
							<item id="className"><![CDATA[titletext]]></item>
							<item id="src"><![CDATA[]]></item>
						</item>
					</item>
				</item>
				<item id="column`frameSCggDE_left">
					<item id="attr">
						<item id="name"><![CDATA[frameSCggDE_left]]></item>
						<item id="className"><![CDATA[column frame-2-1-l]]></item>
					</item>
					<item id="block`portal_block_1242">
						<item id="attr">
							<item id="name"><![CDATA[portal_block_1242]]></item>
							<item id="className"><![CDATA[cl_block_bm block move-span]]></item>
							<item id="titles"><![CDATA[]]></item>
						</item>
					</item>
				</item>
				<item id="column`frameSCggDE_center">
					<item id="attr">
						<item id="name"><![CDATA[frameSCggDE_center]]></item>
						<item id="className"><![CDATA[column frame-2-1-r]]></item>
					</item>
					<item id="block`portal_block_1243">
						<item id="attr">
							<item id="name"><![CDATA[portal_block_1243]]></item>
							<item id="className"><![CDATA[cl_block_bm block move-span]]></item>
							<item id="titles"><![CDATA[]]></item>
						</item>
					</item>
				</item>
			</item>
		</item>
		<item id="diy3">
			<item id="frame`frameMNIAjn">
				<item id="attr">
					<item id="name"><![CDATA[frameMNIAjn]]></item>
					<item id="moveable"><![CDATA[true]]></item>
					<item id="className"><![CDATA[cl_frame_bm frame move-span cl frame-1]]></item>
					<item id="titles">
						<item id="className">
							<item id="0"><![CDATA[title frame-title]]></item>
						</item>
						<item id="style">
							<item id="background-image"><![CDATA[none]]></item>
							<item id="background-repeat"><![CDATA[repeat]]></item>
							<item id="background-color"><![CDATA[transparent]]></item>
						</item>
						<item id="first">
							<item id="text"><![CDATA[加入我们]]></item>
							<item id="href"><![CDATA[]]></item>
							<item id="color"><![CDATA[]]></item>
							<item id="float"><![CDATA[]]></item>
							<item id="margin"><![CDATA[]]></item>
							<item id="font-size"><![CDATA[26]]></item>
							<item id="className"><![CDATA[titletext]]></item>
							<item id="src"><![CDATA[]]></item>
						</item>
					</item>
				</item>
				<item id="column`frameMNIAjn_left">
					<item id="attr">
						<item id="name"><![CDATA[frameMNIAjn_left]]></item>
						<item id="className"><![CDATA[column frame-1-c]]></item>
					</item>
					<item id="block`portal_block_1244">
						<item id="attr">
							<item id="name"><![CDATA[portal_block_1244]]></item>
							<item id="className"><![CDATA[cl_block_bm block move-span]]></item>
							<item id="titles"><![CDATA[]]></item>
						</item>
					</item>
					<item id="block`portal_block_1245">
						<item id="attr">
							<item id="name"><![CDATA[portal_block_1245]]></item>
							<item id="className"><![CDATA[cl_block_bm block move-span]]></item>
							<item id="titles"><![CDATA[]]></item>
						</item>
					</item>
				</item>
			</item>
		</item>
	</item>
	<item id="blockdata">
		<item id="block">
			<item id="1240">
				<item id="bid"><![CDATA[1240]]></item>
				<item id="blockclass"><![CDATA[html_html]]></item>
				<item id="blocktype"><![CDATA[0]]></item>
				<item id="name"><![CDATA[关于我们-介绍]]></item>
				<item id="title"><![CDATA[]]></item>
				<item id="classname"><![CDATA[cl_block_bm]]></item>
				<item id="summary"><![CDATA[<div class="about_introduce">
<p>腾讯以技术丰富互联网用户的生活。</p>
<p>通过通信及社交平台微信和 QQ 促进用户联系，并助其连接数字内容和生活服务，尽在弹指间。</p>
<p>通过高效广告平台，协助品牌和市场营销者触达数以亿计的中国消费者。</p>
<p>通过金融科技及企业服务，促进合作伙伴业务发展，助力实现数字化升级。</p>
<p>我们大力投资于人才队伍和推动科技创新，积极参与互联网行业协同发展。</p>
<p>腾讯于 1998 年11月在中国深圳成立，2004 年6月在香港联合交易所主板上市。</p>
</div>]]></item>
				<item id="uid"><![CDATA[1]]></item>
				<item id="username"><![CDATA[admin]]></item>
				<item id="styleid"><![CDATA[0]]></item>
				<item id="blockstyle"><![CDATA[]]></item>
				<item id="picwidth"><![CDATA[0]]></item>
				<item id="picheight"><![CDATA[0]]></item>
				<item id="target"><![CDATA[blank]]></item>
				<item id="dateformat"><![CDATA[Y-m-d]]></item>
				<item id="dateuformat"><![CDATA[0]]></item>
				<item id="script"><![CDATA[blank]]></item>
				<item id="param">
					<item id="content"><![CDATA[<div class=\"about_introduce\">
<p>腾讯以技术丰富互联网用户的生活。</p>
<p>通过通信及社交平台微信和 QQ 促进用户联系，并助其连接数字内容和生活服务，尽在弹指间。</p>
<p>通过高效广告平台，协助品牌和市场营销者触达数以亿计的中国消费者。</p>
<p>通过金融科技及企业服务，促进合作伙伴业务发展，助力实现数字化升级。</p>
<p>我们大力投资于人才队伍和推动科技创新，积极参与互联网行业协同发展。</p>
<p>腾讯于 1998 年11月在中国深圳成立，2004 年6月在香港联合交易所主板上市。</p>
</div>]]></item>
					<item id="items"><![CDATA[10]]></item>
				</item>
				<item id="shownum"><![CDATA[10]]></item>
				<item id="cachetime"><![CDATA[3600]]></item>
				<item id="cachetimerange"><![CDATA[]]></item>
				<item id="punctualupdate"><![CDATA[0]]></item>
				<item id="hidedisplay"><![CDATA[0]]></item>
				<item id="dateline"><![CDATA[1608552120]]></item>
				<item id="notinherited"><![CDATA[0]]></item>
				<item id="isblank"><![CDATA[0]]></item>
			</item>
			<item id="1241">
				<item id="bid"><![CDATA[1241]]></item>
				<item id="blockclass"><![CDATA[html_html]]></item>
				<item id="blocktype"><![CDATA[0]]></item>
				<item id="name"><![CDATA[关于我们-愿景]]></item>
				<item id="title"><![CDATA[]]></item>
				<item id="classname"><![CDATA[cl_block_bm]]></item>
				<item id="summary"><![CDATA[<div class="about_vision cl">
<div class="z">愿景及使命</div>
<div class="y">
<p>用户为本，科技向善</p>
<p>一切以用户价值为依归，将社会责任融入产品及服务之中；</p>
<p>推动科技创新与文化传承，助力各行各业升级，促进社会的可持续发展。</p>
</div>
</div>]]></item>
				<item id="uid"><![CDATA[1]]></item>
				<item id="username"><![CDATA[admin]]></item>
				<item id="styleid"><![CDATA[0]]></item>
				<item id="blockstyle"><![CDATA[]]></item>
				<item id="picwidth"><![CDATA[0]]></item>
				<item id="picheight"><![CDATA[0]]></item>
				<item id="target"><![CDATA[blank]]></item>
				<item id="dateformat"><![CDATA[Y-m-d]]></item>
				<item id="dateuformat"><![CDATA[0]]></item>
				<item id="script"><![CDATA[blank]]></item>
				<item id="param">
					<item id="content"><![CDATA[<div class=\"about_vision cl\">
<div class=\"z\">愿景及使命</div>
<div class=\"y\">
<p>用户为本，科技向善</p>
<p>一切以用户价值为依归，将社会责任融入产品及服务之中；</p>
<p>推动科技创新与文化传承，助力各行各业升级，促进社会的可持续发展。</p>
</div>
</div>]]></item>
					<item id="items"><![CDATA[10]]></item>
				</item>
				<item id="shownum"><![CDATA[10]]></item>
				<item id="cachetime"><![CDATA[3600]]></item>
				<item id="cachetimerange"><![CDATA[]]></item>
				<item id="punctualupdate"><![CDATA[0]]></item>
				<item id="hidedisplay"><![CDATA[0]]></item>
				<item id="dateline"><![CDATA[1608552120]]></item>
				<item id="notinherited"><![CDATA[0]]></item>
				<item id="isblank"><![CDATA[0]]></item>
			</item>
			<item id="1242">
				<item id="bid"><![CDATA[1242]]></item>
				<item id="blockclass"><![CDATA[html_html]]></item>
				<item id="blocktype"><![CDATA[0]]></item>
				<item id="name"><![CDATA[联系我们-位置图片]]></item>
				<item id="title"><![CDATA[]]></item>
				<item id="classname"><![CDATA[cl_block_bm]]></item>
				<item id="summary"><![CDATA[<a href="https://map.baidu.com/search/%E8%85%BE%E8%AE%AF%E5%A4%A7%E5%8E%A6/@12683968.457650602,2560687.73,19z?querytype=s&amp;da_src=shareurl&amp;wd=%E8%85%BE%E8%AE%AF%E5%A4%A7%E5%8E%A6&amp;c=153&amp;src=0&amp;wd2=%E6%B7%B1%E5%9C%B3%E5%B8%82%E5%8D%97%E5%B1%B1%E5%8C%BA&amp;pn=0&amp;sug=1&amp;l=12&amp;b=(12473049.85,4064000.61;12565209.85,4112896.61)&amp;from=webmap&amp;biz_forward=%7B%22scaler%22:1,%22styles%22:%22pl%22%7D&amp;device_ratio=1" target="_blank"><img src="template/bygsjw_1/image/about_ditu.png" width="100%" /></a>]]></item>
				<item id="uid"><![CDATA[1]]></item>
				<item id="username"><![CDATA[admin]]></item>
				<item id="styleid"><![CDATA[0]]></item>
				<item id="blockstyle"><![CDATA[]]></item>
				<item id="picwidth"><![CDATA[0]]></item>
				<item id="picheight"><![CDATA[0]]></item>
				<item id="target"><![CDATA[blank]]></item>
				<item id="dateformat"><![CDATA[Y-m-d]]></item>
				<item id="dateuformat"><![CDATA[0]]></item>
				<item id="script"><![CDATA[banner]]></item>
				<item id="param">
					<item id="pic"><![CDATA[template/bygsjw_1/image/about_ditu.png]]></item>
					<item id="url"><![CDATA[https://map.baidu.com/search/%E8%85%BE%E8%AE%AF%E5%A4%A7%E5%8E%A6/@12683968.457650602,2560687.73,19z?querytype=s&da_src=shareurl&wd=%E8%85%BE%E8%AE%AF%E5%A4%A7%E5%8E%A6&c=153&src=0&wd2=%E6%B7%B1%E5%9C%B3%E5%B8%82%E5%8D%97%E5%B1%B1%E5%8C%BA&pn=0&sug=1&l=12&b=(12473049.85,4064000.61;12565209.85,4112896.61)&from=webmap&biz_forward=%7B%22scaler%22:1,%22styles%22:%22pl%22%7D&device_ratio=1]]></item>
					<item id="atarget"><![CDATA[_blank]]></item>
					<item id="width"><![CDATA[100%]]></item>
					<item id="height"><![CDATA[]]></item>
					<item id="text"><![CDATA[]]></item>
					<item id="items"><![CDATA[10]]></item>
				</item>
				<item id="shownum"><![CDATA[10]]></item>
				<item id="cachetime"><![CDATA[0]]></item>
				<item id="cachetimerange"><![CDATA[0,0]]></item>
				<item id="punctualupdate"><![CDATA[0]]></item>
				<item id="hidedisplay"><![CDATA[0]]></item>
				<item id="dateline"><![CDATA[1608552332]]></item>
				<item id="notinherited"><![CDATA[0]]></item>
				<item id="isblank"><![CDATA[0]]></item>
			</item>
			<item id="1243">
				<item id="bid"><![CDATA[1243]]></item>
				<item id="blockclass"><![CDATA[html_html]]></item>
				<item id="blocktype"><![CDATA[0]]></item>
				<item id="name"><![CDATA[联系我们-联系方式]]></item>
				<item id="title"><![CDATA[]]></item>
				<item id="classname"><![CDATA[cl_block_bm]]></item>
				<item id="summary"><![CDATA[<dl class="about_contact">
<dt>联系地址</dt>
<dd>广东省深圳市南山区深南大道腾讯大厦</dd>
<dt>联系客服</dt>
<dd>QQ：66666666</dd>
<dt>联系客服</dt>
<dd>电话：400-88888888</dd>
<dt>广告合作</dt>
<dd>QQ：123456789</dd>
<dt>友链交换</dt>
<dd>QQ：123456789</dd>
</dl>]]></item>
				<item id="uid"><![CDATA[1]]></item>
				<item id="username"><![CDATA[admin]]></item>
				<item id="styleid"><![CDATA[0]]></item>
				<item id="blockstyle"><![CDATA[]]></item>
				<item id="picwidth"><![CDATA[0]]></item>
				<item id="picheight"><![CDATA[0]]></item>
				<item id="target"><![CDATA[blank]]></item>
				<item id="dateformat"><![CDATA[Y-m-d]]></item>
				<item id="dateuformat"><![CDATA[0]]></item>
				<item id="script"><![CDATA[blank]]></item>
				<item id="param">
					<item id="content"><![CDATA[<dl class=\"about_contact\">
<dt>联系地址</dt>
<dd>广东省深圳市南山区深南大道腾讯大厦</dd>
<dt>联系客服</dt>
<dd>QQ：66666666</dd>
<dt>联系客服</dt>
<dd>电话：400-88888888</dd>
<dt>广告合作</dt>
<dd>QQ：123456789</dd>
<dt>友链交换</dt>
<dd>QQ：123456789</dd>
</dl>]]></item>
					<item id="items"><![CDATA[10]]></item>
				</item>
				<item id="shownum"><![CDATA[10]]></item>
				<item id="cachetime"><![CDATA[0]]></item>
				<item id="cachetimerange"><![CDATA[0,0]]></item>
				<item id="punctualupdate"><![CDATA[0]]></item>
				<item id="hidedisplay"><![CDATA[0]]></item>
				<item id="dateline"><![CDATA[1608552120]]></item>
				<item id="notinherited"><![CDATA[0]]></item>
				<item id="isblank"><![CDATA[0]]></item>
			</item>
			<item id="1244">
				<item id="bid"><![CDATA[1244]]></item>
				<item id="blockclass"><![CDATA[html_html]]></item>
				<item id="blocktype"><![CDATA[0]]></item>
				<item id="name"><![CDATA[加入我们-职位1]]></item>
				<item id="title"><![CDATA[]]></item>
				<item id="classname"><![CDATA[cl_block_bm]]></item>
				<item id="summary"><![CDATA[<div class="about_join cl">
<div class="z">网站编辑</div>
<dl class="y">
<dt>岗位职责：</dt>
<dd>1、负责网站内容的编辑整理。</dd>
<dd>2、负责网站用户的关系维护，引导用户投稿。</dd>
<dd>3、发掘文化圈热点，及时提出运营方案。</dd>
<dt>任职要求：</dt>
<dd>1、擅长使用主流社交软件，与用户及陌生人开展交流。</dd>
<dd>2、掌握 PS 或同类图形软件的使用。熟练使用视频/音频后期软件者优先。</dd>
<dd>3、UP 主、微博大 V 、微信公众号运营优先。</dd>
</dl>
</div>]]></item>
				<item id="uid"><![CDATA[1]]></item>
				<item id="username"><![CDATA[admin]]></item>
				<item id="styleid"><![CDATA[0]]></item>
				<item id="blockstyle"><![CDATA[]]></item>
				<item id="picwidth"><![CDATA[0]]></item>
				<item id="picheight"><![CDATA[0]]></item>
				<item id="target"><![CDATA[blank]]></item>
				<item id="dateformat"><![CDATA[Y-m-d]]></item>
				<item id="dateuformat"><![CDATA[0]]></item>
				<item id="script"><![CDATA[blank]]></item>
				<item id="param">
					<item id="content"><![CDATA[<div class=\"about_join cl\">
<div class=\"z\">网站编辑</div>
<dl class=\"y\">
<dt>岗位职责：</dt>
<dd>1、负责网站内容的编辑整理。</dd>
<dd>2、负责网站用户的关系维护，引导用户投稿。</dd>
<dd>3、发掘文化圈热点，及时提出运营方案。</dd>
<dt>任职要求：</dt>
<dd>1、擅长使用主流社交软件，与用户及陌生人开展交流。</dd>
<dd>2、掌握 PS 或同类图形软件的使用。熟练使用视频/音频后期软件者优先。</dd>
<dd>3、UP 主、微博大 V 、微信公众号运营优先。</dd>
</dl>
</div>]]></item>
					<item id="items"><![CDATA[10]]></item>
				</item>
				<item id="shownum"><![CDATA[10]]></item>
				<item id="cachetime"><![CDATA[3600]]></item>
				<item id="cachetimerange"><![CDATA[]]></item>
				<item id="punctualupdate"><![CDATA[0]]></item>
				<item id="hidedisplay"><![CDATA[0]]></item>
				<item id="dateline"><![CDATA[1608552120]]></item>
				<item id="notinherited"><![CDATA[0]]></item>
				<item id="isblank"><![CDATA[0]]></item>
			</item>
			<item id="1245">
				<item id="bid"><![CDATA[1245]]></item>
				<item id="blockclass"><![CDATA[html_html]]></item>
				<item id="blocktype"><![CDATA[0]]></item>
				<item id="name"><![CDATA[加入我们-职位2]]></item>
				<item id="title"><![CDATA[]]></item>
				<item id="classname"><![CDATA[cl_block_bm]]></item>
				<item id="summary"><![CDATA[<div class="about_join cl">
<div class="z">全栈工程师</div>
<dl class="y">
<dt>岗位职责：</dt>
<dd>1、负责前后端功能的设计、开发工作。</dd>
<dd>2、负责前后端接口的开发维护和调试，以及性能优化。</dd>
<dd>3、对项目的整体规划给出自己的意见和建议。</dd>
<dt>任职要求：</dt>
<dd>1、熟练前端开发技术(HTML5、JS、JSON、CSS3)，掌握一个常用前端框架。</dd>
<dd>2、扎实的PHP编程基础，熟悉MySQL数据库，熟练使用数据库管理工具。</dd>
<dd>3、能够独立担任前后端开发工作的设计、开发和上线。</dd>
</dl>
</div>]]></item>
				<item id="uid"><![CDATA[1]]></item>
				<item id="username"><![CDATA[admin]]></item>
				<item id="styleid"><![CDATA[0]]></item>
				<item id="blockstyle"><![CDATA[]]></item>
				<item id="picwidth"><![CDATA[0]]></item>
				<item id="picheight"><![CDATA[0]]></item>
				<item id="target"><![CDATA[blank]]></item>
				<item id="dateformat"><![CDATA[Y-m-d]]></item>
				<item id="dateuformat"><![CDATA[0]]></item>
				<item id="script"><![CDATA[blank]]></item>
				<item id="param">
					<item id="content"><![CDATA[<div class=\"about_join cl\">
<div class=\"z\">全栈工程师</div>
<dl class=\"y\">
<dt>岗位职责：</dt>
<dd>1、负责前后端功能的设计、开发工作。</dd>
<dd>2、负责前后端接口的开发维护和调试，以及性能优化。</dd>
<dd>3、对项目的整体规划给出自己的意见和建议。</dd>
<dt>任职要求：</dt>
<dd>1、熟练前端开发技术(HTML5、JS、JSON、CSS3)，掌握一个常用前端框架。</dd>
<dd>2、扎实的PHP编程基础，熟悉MySQL数据库，熟练使用数据库管理工具。</dd>
<dd>3、能够独立担任前后端开发工作的设计、开发和上线。</dd>
</dl>
</div>]]></item>
					<item id="items"><![CDATA[10]]></item>
				</item>
				<item id="shownum"><![CDATA[10]]></item>
				<item id="cachetime"><![CDATA[3600]]></item>
				<item id="cachetimerange"><![CDATA[]]></item>
				<item id="punctualupdate"><![CDATA[0]]></item>
				<item id="hidedisplay"><![CDATA[0]]></item>
				<item id="dateline"><![CDATA[1608552119]]></item>
				<item id="notinherited"><![CDATA[0]]></item>
				<item id="isblank"><![CDATA[0]]></item>
			</item>
		</item>
		<item id="style">
		</item>
	</item>
</root>