<?xml version="1.0" encoding="ISO-8859-1"?>
<root>
	<item id="spacecss"><![CDATA[#frameEbzPp9 { background-color:transparent !important;background-image:none !important;border:0px !important;margin:0px !important;}#frameS6KJPf { background-color:transparent !important;background-image:none !important;border:0px !important;margin:0px !important;}#frameZkPppO { background-color:transparent !important;background-image:none !important;border:0px !important;margin:0px !important;}#portal_block_177 { background-color:transparent !important;background-image:none !important;margin:0px !important;}#portal_block_177 .dxb_bc { margin:0px !important;}#portal_block_178 { background-color:transparent !important;background-image:none !important;margin:0px !important;}#portal_block_178 .dxb_bc { margin:0px !important;}#portal_block_179 { background-color:transparent !important;background-image:none !important;margin:0px !important;}#portal_block_179 .dxb_bc { margin:0px !important;}#frametoBHDp { background-color:transparent !important;background-image:none !important;margin:0px !important;}#portal_block_180 { background-color:transparent !important;background-image:none !important;margin:0px !important;}#portal_block_180 .dxb_bc { margin:0px !important;}#frameB2UljO { background-color:transparent !important;background-image:none !important;margin:0px !important;}#portal_block_181 { background-color:transparent !important;background-image:none !important;margin:0px !important;}#portal_block_181 .dxb_bc { margin:0px !important;}#framevOPflB { background-color:transparent !important;background-image:none !important;margin:0px !important;}#portal_block_182 { background-color:transparent !important;background-image:none !important;margin:0px !important;}#portal_block_182 .dxb_bc { margin:0px !important;}#frameOKKK2p { background-color:transparent !important;background-image:none !important;margin:0px !important;}#portal_block_183 { background-color:transparent !important;background-image:none !important;margin:0px !important;}#portal_block_183 .dxb_bc { margin:0px !important;}#frameA9PPJ9 { background-color:transparent !important;background-image:none !important;margin:0px !important;}#portal_block_184 { background-color:transparent !important;background-image:none !important;margin:0px !important;}#portal_block_184 .dxb_bc { margin:0px !important;}]]></item>
	<item id="layoutdata">
		<item id="diy1"><![CDATA[]]></item>
		<item id="diy_chart"><![CDATA[]]></item>
		<item id="diy_cimgshow_1">
			<item id="frame`frametoBHDp">
				<item id="attr">
					<item id="name"><![CDATA[frametoBHDp]]></item>
					<item id="moveable"><![CDATA[true]]></item>
					<item id="className"><![CDATA[ frame move-span cl frame-1]]></item>
					<item id="titles"><![CDATA[]]></item>
				</item>
				<item id="column`frametoBHDp_left">
					<item id="attr">
						<item id="name"><![CDATA[frametoBHDp_left]]></item>
						<item id="className"><![CDATA[column frame-1-c]]></item>
					</item>
					<item id="block`portal_block_180">
						<item id="attr">
							<item id="name"><![CDATA[portal_block_180]]></item>
							<item id="className"><![CDATA[block move-span]]></item>
							<item id="titles"><![CDATA[]]></item>
						</item>
					</item>
				</item>
			</item>
		</item>
		<item id="diy_newlist_1">
			<item id="frame`frameB2UljO">
				<item id="attr">
					<item id="name"><![CDATA[frameB2UljO]]></item>
					<item id="moveable"><![CDATA[true]]></item>
					<item id="className"><![CDATA[ frame move-span cl frame-1]]></item>
					<item id="titles"><![CDATA[]]></item>
				</item>
				<item id="column`frameB2UljO_left">
					<item id="attr">
						<item id="name"><![CDATA[frameB2UljO_left]]></item>
						<item id="className"><![CDATA[column frame-1-c]]></item>
					</item>
					<item id="block`portal_block_181">
						<item id="attr">
							<item id="name"><![CDATA[portal_block_181]]></item>
							<item id="className"><![CDATA[block move-span]]></item>
							<item id="titles"><![CDATA[]]></item>
						</item>
					</item>
				</item>
			</item>
		</item>
		<item id="diy_newlist_2">
			<item id="frame`framevOPflB">
				<item id="attr">
					<item id="name"><![CDATA[framevOPflB]]></item>
					<item id="moveable"><![CDATA[true]]></item>
					<item id="className"><![CDATA[ frame move-span cl frame-1]]></item>
					<item id="titles"><![CDATA[]]></item>
				</item>
				<item id="column`framevOPflB_left">
					<item id="attr">
						<item id="name"><![CDATA[framevOPflB_left]]></item>
						<item id="className"><![CDATA[column frame-1-c]]></item>
					</item>
					<item id="block`portal_block_182">
						<item id="attr">
							<item id="name"><![CDATA[portal_block_182]]></item>
							<item id="className"><![CDATA[block move-span]]></item>
							<item id="titles"><![CDATA[]]></item>
						</item>
					</item>
				</item>
			</item>
		</item>
		<item id="diy_newlist_3">
			<item id="frame`frameOKKK2p">
				<item id="attr">
					<item id="name"><![CDATA[frameOKKK2p]]></item>
					<item id="moveable"><![CDATA[true]]></item>
					<item id="className"><![CDATA[ frame move-span cl frame-1]]></item>
					<item id="titles"><![CDATA[]]></item>
				</item>
				<item id="column`frameOKKK2p_left">
					<item id="attr">
						<item id="name"><![CDATA[frameOKKK2p_left]]></item>
						<item id="className"><![CDATA[column frame-1-c]]></item>
					</item>
					<item id="block`portal_block_183">
						<item id="attr">
							<item id="name"><![CDATA[portal_block_183]]></item>
							<item id="className"><![CDATA[block move-span]]></item>
							<item id="titles"><![CDATA[]]></item>
						</item>
					</item>
				</item>
			</item>
		</item>
		<item id="diy_newlist_4">
			<item id="frame`frameA9PPJ9">
				<item id="attr">
					<item id="name"><![CDATA[frameA9PPJ9]]></item>
					<item id="moveable"><![CDATA[true]]></item>
					<item id="className"><![CDATA[ frame move-span cl frame-1]]></item>
					<item id="titles"><![CDATA[]]></item>
				</item>
				<item id="column`frameA9PPJ9_left">
					<item id="attr">
						<item id="name"><![CDATA[frameA9PPJ9_left]]></item>
						<item id="className"><![CDATA[column frame-1-c]]></item>
					</item>
					<item id="block`portal_block_184">
						<item id="attr">
							<item id="name"><![CDATA[portal_block_184]]></item>
							<item id="className"><![CDATA[block move-span]]></item>
							<item id="titles"><![CDATA[]]></item>
						</item>
					</item>
				</item>
			</item>
		</item>
		<item id="diy_day_rank">
			<item id="frame`frameEbzPp9">
				<item id="attr">
					<item id="name"><![CDATA[frameEbzPp9]]></item>
					<item id="moveable"><![CDATA[true]]></item>
					<item id="className"><![CDATA[ frame move-span cl frame-1]]></item>
					<item id="titles"><![CDATA[]]></item>
				</item>
				<item id="column`frameEbzPp9_left">
					<item id="attr">
						<item id="name"><![CDATA[frameEbzPp9_left]]></item>
						<item id="className"><![CDATA[column frame-1-c]]></item>
					</item>
					<item id="block`portal_block_177">
						<item id="attr">
							<item id="name"><![CDATA[portal_block_177]]></item>
							<item id="className"><![CDATA[block move-span]]></item>
							<item id="titles"><![CDATA[]]></item>
						</item>
					</item>
				</item>
			</item>
		</item>
		<item id="diy_week_rank">
			<item id="frame`frameS6KJPf">
				<item id="attr">
					<item id="name"><![CDATA[frameS6KJPf]]></item>
					<item id="moveable"><![CDATA[true]]></item>
					<item id="className"><![CDATA[ frame move-span cl frame-1]]></item>
					<item id="titles"><![CDATA[]]></item>
				</item>
				<item id="column`frameS6KJPf_left">
					<item id="attr">
						<item id="name"><![CDATA[frameS6KJPf_left]]></item>
						<item id="className"><![CDATA[column frame-1-c]]></item>
					</item>
					<item id="block`portal_block_178">
						<item id="attr">
							<item id="name"><![CDATA[portal_block_178]]></item>
							<item id="className"><![CDATA[block move-span]]></item>
							<item id="titles"><![CDATA[]]></item>
						</item>
					</item>
				</item>
			</item>
		</item>
		<item id="diy_month_rank">
			<item id="frame`frameZkPppO">
				<item id="attr">
					<item id="name"><![CDATA[frameZkPppO]]></item>
					<item id="moveable"><![CDATA[true]]></item>
					<item id="className"><![CDATA[ frame move-span cl frame-1]]></item>
					<item id="titles"><![CDATA[]]></item>
				</item>
				<item id="column`frameZkPppO_left">
					<item id="attr">
						<item id="name"><![CDATA[frameZkPppO_left]]></item>
						<item id="className"><![CDATA[column frame-1-c]]></item>
					</item>
					<item id="block`portal_block_179">
						<item id="attr">
							<item id="name"><![CDATA[portal_block_179]]></item>
							<item id="className"><![CDATA[block move-span]]></item>
							<item id="titles"><![CDATA[]]></item>
						</item>
					</item>
				</item>
			</item>
		</item>
		<item id="diy2"><![CDATA[]]></item>
	</item>
	<item id="blockdata">
		<item id="block">
			<item id="177">
				<item id="bid"><![CDATA[177]]></item>
				<item id="blockclass"><![CDATA[forum_thread]]></item>
				<item id="blocktype"><![CDATA[0]]></item>
				<item id="name"><![CDATA[C_F_diysd_ranklist_1]]></item>
				<item id="title"><![CDATA[]]></item>
				<item id="classname"><![CDATA[]]></item>
				<item id="summary"><![CDATA[]]></item>
				<item id="uid"><![CDATA[1]]></item>
				<item id="username"><![CDATA[admin]]></item>
				<item id="styleid"><![CDATA[0]]></item>
				<item id="blockstyle">
					<item id="name"><![CDATA[C_F_diysd_ranklist]]></item>
					<item id="blockclass"><![CDATA[forum_thread]]></item>
					<item id="makethumb"><![CDATA[0]]></item>
					<item id="getpic"><![CDATA[0]]></item>
					<item id="getsummary"><![CDATA[0]]></item>
					<item id="settarget"><![CDATA[1]]></item>
					<item id="moreurl"><![CDATA[0]]></item>
					<item id="fields">
						<item id="0"><![CDATA[currentorder]]></item>
						<item id="1"><![CDATA[authorid]]></item>
						<item id="2"><![CDATA[author]]></item>
						<item id="3"><![CDATA[avatar]]></item>
						<item id="4"><![CDATA[url]]></item>
						<item id="5"><![CDATA[title]]></item>
						<item id="6"><![CDATA[forumurl]]></item>
						<item id="7"><![CDATA[forumname]]></item>
						<item id="8"><![CDATA[views]]></item>
						<item id="9"><![CDATA[replies]]></item>
						<item id="10"><![CDATA[dateline]]></item>
						<item id="11"><![CDATA[lastpost]]></item>
					</item>
					<item id="template">
						<item id="raw"><![CDATA[[loop]
	<li class="lk_{currentorder}">
		<a href="home.php?mod=space&uid={authorid}"{target} class="aor" title="{author}"><img src="{avatar}" alt="{author}" /></a>
		<a href="{url}" class="tit" {target}>
			<i>{currentorder}</i>{title}
		</a>
		<div class="sub">
			<span class="cur"></span>
			作者: <a href="home.php?mod=space&uid={authorid}"{target}>{author}</a><br/>
			版块: <a href="{forumurl}"{target}>{forumname}</a><br/>
			浏览: {views}<br/>
			回复: {replies}<br/>
			发帖时间: {dateline}<br/>
			最后发表: {lastpost}
		</div>
	</li>
[/loop]]]></item>
						<item id="footer"><![CDATA[]]></item>
						<item id="header"><![CDATA[]]></item>
						<item id="indexplus"><![CDATA[
						]]></item>
						<item id="index"><![CDATA[
						]]></item>
						<item id="orderplus"><![CDATA[
						]]></item>
						<item id="order"><![CDATA[
						]]></item>
						<item id="loopplus"><![CDATA[
						]]></item>
						<item id="loop"><![CDATA[<li class="lk_{currentorder}">
		<a href="home.php?mod=space&uid={authorid}"{target} class="aor" title="{author}"><img src="{avatar}" alt="{author}" /></a>
		<a href="{url}" class="tit" {target}>
			<i>{currentorder}</i>{title}
		</a>
		<div class="sub">
			<span class="cur"></span>
			作者: <a href="home.php?mod=space&uid={authorid}"{target}>{author}</a><br/>
			版块: <a href="{forumurl}"{target}>{forumname}</a><br/>
			浏览: {views}<br/>
			回复: {replies}<br/>
			发帖时间: {dateline}<br/>
			最后发表: {lastpost}
		</div>
	</li>]]></item>
					</item>
					<item id="hash"><![CDATA[630ad229]]></item>
				</item>
				<item id="picwidth"><![CDATA[0]]></item>
				<item id="picheight"><![CDATA[0]]></item>
				<item id="target"><![CDATA[blank]]></item>
				<item id="dateformat"><![CDATA[Y-m-d]]></item>
				<item id="dateuformat"><![CDATA[0]]></item>
				<item id="script"><![CDATA[thread]]></item>
				<item id="param">
					<item id="tids"><![CDATA[]]></item>
					<item id="uids"><![CDATA[]]></item>
					<item id="keyword"><![CDATA[]]></item>
					<item id="tagkeyword"><![CDATA[]]></item>
					<item id="fids">
						<item id="0"><![CDATA[0]]></item>
					</item>
					<item id="typeids"><![CDATA[]]></item>
					<item id="recommend"><![CDATA[0]]></item>
					<item id="viewmod"><![CDATA[0]]></item>
					<item id="rewardstatus"><![CDATA[0]]></item>
					<item id="picrequired"><![CDATA[0]]></item>
					<item id="orderby"><![CDATA[lastpost]]></item>
					<item id="postdateline"><![CDATA[0]]></item>
					<item id="lastpost"><![CDATA[0]]></item>
					<item id="highlight"><![CDATA[0]]></item>
					<item id="titlelength"><![CDATA[80]]></item>
					<item id="summarylength"><![CDATA[80]]></item>
					<item id="startrow"><![CDATA[0]]></item>
					<item id="items"><![CDATA[9]]></item>
				</item>
				<item id="shownum"><![CDATA[9]]></item>
				<item id="cachetime"><![CDATA[3600]]></item>
				<item id="cachetimerange"><![CDATA[]]></item>
				<item id="punctualupdate"><![CDATA[0]]></item>
				<item id="hidedisplay"><![CDATA[0]]></item>
				<item id="dateline"><![CDATA[1499700432]]></item>
				<item id="notinherited"><![CDATA[0]]></item>
				<item id="isblank"><![CDATA[0]]></item>
			</item>
			<item id="178">
				<item id="bid"><![CDATA[178]]></item>
				<item id="blockclass"><![CDATA[forum_thread]]></item>
				<item id="blocktype"><![CDATA[0]]></item>
				<item id="name"><![CDATA[C_F_diysd_ranklist_2]]></item>
				<item id="title"><![CDATA[]]></item>
				<item id="classname"><![CDATA[]]></item>
				<item id="summary"><![CDATA[]]></item>
				<item id="uid"><![CDATA[1]]></item>
				<item id="username"><![CDATA[admin]]></item>
				<item id="styleid"><![CDATA[152]]></item>
				<item id="blockstyle"><![CDATA[]]></item>
				<item id="picwidth"><![CDATA[0]]></item>
				<item id="picheight"><![CDATA[0]]></item>
				<item id="target"><![CDATA[blank]]></item>
				<item id="dateformat"><![CDATA[Y-m-d]]></item>
				<item id="dateuformat"><![CDATA[0]]></item>
				<item id="script"><![CDATA[thread]]></item>
				<item id="param">
					<item id="tids"><![CDATA[]]></item>
					<item id="uids"><![CDATA[]]></item>
					<item id="keyword"><![CDATA[]]></item>
					<item id="tagkeyword"><![CDATA[]]></item>
					<item id="fids">
						<item id="0"><![CDATA[0]]></item>
					</item>
					<item id="typeids"><![CDATA[]]></item>
					<item id="recommend"><![CDATA[0]]></item>
					<item id="viewmod"><![CDATA[0]]></item>
					<item id="rewardstatus"><![CDATA[0]]></item>
					<item id="picrequired"><![CDATA[0]]></item>
					<item id="orderby"><![CDATA[replies]]></item>
					<item id="postdateline"><![CDATA[0]]></item>
					<item id="lastpost"><![CDATA[0]]></item>
					<item id="highlight"><![CDATA[0]]></item>
					<item id="titlelength"><![CDATA[80]]></item>
					<item id="summarylength"><![CDATA[80]]></item>
					<item id="startrow"><![CDATA[0]]></item>
					<item id="items"><![CDATA[9]]></item>
				</item>
				<item id="shownum"><![CDATA[9]]></item>
				<item id="cachetime"><![CDATA[3600]]></item>
				<item id="cachetimerange"><![CDATA[]]></item>
				<item id="punctualupdate"><![CDATA[0]]></item>
				<item id="hidedisplay"><![CDATA[0]]></item>
				<item id="dateline"><![CDATA[1499700436]]></item>
				<item id="notinherited"><![CDATA[0]]></item>
				<item id="isblank"><![CDATA[0]]></item>
			</item>
			<item id="179">
				<item id="bid"><![CDATA[179]]></item>
				<item id="blockclass"><![CDATA[forum_thread]]></item>
				<item id="blocktype"><![CDATA[0]]></item>
				<item id="name"><![CDATA[C_F_diysd_ranklist_3]]></item>
				<item id="title"><![CDATA[]]></item>
				<item id="classname"><![CDATA[]]></item>
				<item id="summary"><![CDATA[]]></item>
				<item id="uid"><![CDATA[1]]></item>
				<item id="username"><![CDATA[admin]]></item>
				<item id="styleid"><![CDATA[152]]></item>
				<item id="blockstyle"><![CDATA[]]></item>
				<item id="picwidth"><![CDATA[0]]></item>
				<item id="picheight"><![CDATA[0]]></item>
				<item id="target"><![CDATA[blank]]></item>
				<item id="dateformat"><![CDATA[Y-m-d]]></item>
				<item id="dateuformat"><![CDATA[0]]></item>
				<item id="script"><![CDATA[thread]]></item>
				<item id="param">
					<item id="tids"><![CDATA[]]></item>
					<item id="uids"><![CDATA[]]></item>
					<item id="keyword"><![CDATA[]]></item>
					<item id="tagkeyword"><![CDATA[]]></item>
					<item id="fids">
						<item id="0"><![CDATA[0]]></item>
					</item>
					<item id="typeids"><![CDATA[]]></item>
					<item id="recommend"><![CDATA[0]]></item>
					<item id="viewmod"><![CDATA[0]]></item>
					<item id="rewardstatus"><![CDATA[0]]></item>
					<item id="picrequired"><![CDATA[0]]></item>
					<item id="orderby"><![CDATA[dateline]]></item>
					<item id="postdateline"><![CDATA[0]]></item>
					<item id="lastpost"><![CDATA[0]]></item>
					<item id="highlight"><![CDATA[0]]></item>
					<item id="titlelength"><![CDATA[80]]></item>
					<item id="summarylength"><![CDATA[80]]></item>
					<item id="startrow"><![CDATA[0]]></item>
					<item id="items"><![CDATA[9]]></item>
				</item>
				<item id="shownum"><![CDATA[9]]></item>
				<item id="cachetime"><![CDATA[3600]]></item>
				<item id="cachetimerange"><![CDATA[]]></item>
				<item id="punctualupdate"><![CDATA[0]]></item>
				<item id="hidedisplay"><![CDATA[0]]></item>
				<item id="dateline"><![CDATA[1499698280]]></item>
				<item id="notinherited"><![CDATA[0]]></item>
				<item id="isblank"><![CDATA[0]]></item>
			</item>
			<item id="180">
				<item id="bid"><![CDATA[180]]></item>
				<item id="blockclass"><![CDATA[forum_thread]]></item>
				<item id="blocktype"><![CDATA[0]]></item>
				<item id="name"><![CDATA[C_F_diy_cimgshow]]></item>
				<item id="title"><![CDATA[]]></item>
				<item id="classname"><![CDATA[]]></item>
				<item id="summary"><![CDATA[]]></item>
				<item id="uid"><![CDATA[1]]></item>
				<item id="username"><![CDATA[admin]]></item>
				<item id="styleid"><![CDATA[153]]></item>
				<item id="blockstyle">
					<item id="name"><![CDATA[C_F_diy_cimgshow]]></item>
					<item id="blockclass"><![CDATA[forum_thread]]></item>
					<item id="makethumb"><![CDATA[1]]></item>
					<item id="getpic"><![CDATA[1]]></item>
					<item id="getsummary"><![CDATA[0]]></item>
					<item id="settarget"><![CDATA[0]]></item>
					<item id="moreurl"><![CDATA[0]]></item>
					<item id="fields">
						<item id="0"><![CDATA[url]]></item>
						<item id="1"><![CDATA[pic]]></item>
						<item id="2"><![CDATA[title]]></item>
					</item>
					<item id="template">
						<item id="raw"><![CDATA[<div class="bd cl">
	<ul>
		[loop]
			<li style="width:{picwidth}px;height:{picheight}px;">
				<a href="{url}" style="background-image:url({pic});filter:progid:DXImageTransform.Microsoft.AlphaImageLoader(src='{pic}',sizingMethod='scale');">
					<p class="tit txt_s">{title}</p>
				</a>
			</li>
		[/loop]
	</ul>
</div>
<div class="hd">
	<ul>
	</ul>
</div>
<a class="prev" href="javascript:void(0)"></a>
<a class="next" href="javascript:void(0)"></a>]]></item>
						<item id="footer"><![CDATA[]]></item>
						<item id="header"><![CDATA[]]></item>
						<item id="indexplus"><![CDATA[
						]]></item>
						<item id="index"><![CDATA[
						]]></item>
						<item id="orderplus"><![CDATA[
						]]></item>
						<item id="order"><![CDATA[
						]]></item>
						<item id="loopplus"><![CDATA[
						]]></item>
						<item id="loop"><![CDATA[<li style="width:{picwidth}px;height:{picheight}px;">
				<a href="{url}" style="background-image:url({pic});filter:progid:DXImageTransform.Microsoft.AlphaImageLoader(src='{pic}',sizingMethod='scale');">
					<p class="tit txt_s">{title}</p>
				</a>
			</li>]]></item>
					</item>
					<item id="hash"><![CDATA[3fcb1c7f]]></item>
				</item>
				<item id="picwidth"><![CDATA[420]]></item>
				<item id="picheight"><![CDATA[260]]></item>
				<item id="target"><![CDATA[blank]]></item>
				<item id="dateformat"><![CDATA[Y-m-d]]></item>
				<item id="dateuformat"><![CDATA[0]]></item>
				<item id="script"><![CDATA[thread]]></item>
				<item id="param">
					<item id="tids"><![CDATA[]]></item>
					<item id="uids"><![CDATA[]]></item>
					<item id="keyword"><![CDATA[]]></item>
					<item id="tagkeyword"><![CDATA[]]></item>
					<item id="fids">
						<item id="0"><![CDATA[0]]></item>
					</item>
					<item id="typeids"><![CDATA[]]></item>
					<item id="recommend"><![CDATA[0]]></item>
					<item id="viewmod"><![CDATA[0]]></item>
					<item id="rewardstatus"><![CDATA[0]]></item>
					<item id="picrequired"><![CDATA[0]]></item>
					<item id="orderby"><![CDATA[dateline]]></item>
					<item id="postdateline"><![CDATA[0]]></item>
					<item id="lastpost"><![CDATA[0]]></item>
					<item id="highlight"><![CDATA[0]]></item>
					<item id="titlelength"><![CDATA[80]]></item>
					<item id="summarylength"><![CDATA[80]]></item>
					<item id="startrow"><![CDATA[0]]></item>
					<item id="items"><![CDATA[10]]></item>
				</item>
				<item id="shownum"><![CDATA[10]]></item>
				<item id="cachetime"><![CDATA[600]]></item>
				<item id="cachetimerange"><![CDATA[]]></item>
				<item id="punctualupdate"><![CDATA[0]]></item>
				<item id="hidedisplay"><![CDATA[0]]></item>
				<item id="dateline"><![CDATA[1499697272]]></item>
				<item id="notinherited"><![CDATA[0]]></item>
				<item id="isblank"><![CDATA[0]]></item>
			</item>
			<item id="181">
				<item id="bid"><![CDATA[181]]></item>
				<item id="blockclass"><![CDATA[forum_thread]]></item>
				<item id="blocktype"><![CDATA[0]]></item>
				<item id="name"><![CDATA[C_F_diy_newlist_1]]></item>
				<item id="title"><![CDATA[]]></item>
				<item id="classname"><![CDATA[]]></item>
				<item id="summary"><![CDATA[]]></item>
				<item id="uid"><![CDATA[1]]></item>
				<item id="username"><![CDATA[admin]]></item>
				<item id="styleid"><![CDATA[151]]></item>
				<item id="blockstyle"><![CDATA[]]></item>
				<item id="picwidth"><![CDATA[0]]></item>
				<item id="picheight"><![CDATA[0]]></item>
				<item id="target"><![CDATA[blank]]></item>
				<item id="dateformat"><![CDATA[Y-m-d]]></item>
				<item id="dateuformat"><![CDATA[0]]></item>
				<item id="script"><![CDATA[thread]]></item>
				<item id="param">
					<item id="tids"><![CDATA[]]></item>
					<item id="uids"><![CDATA[]]></item>
					<item id="keyword"><![CDATA[]]></item>
					<item id="tagkeyword"><![CDATA[]]></item>
					<item id="fids">
						<item id="0"><![CDATA[0]]></item>
					</item>
					<item id="typeids"><![CDATA[]]></item>
					<item id="recommend"><![CDATA[0]]></item>
					<item id="viewmod"><![CDATA[0]]></item>
					<item id="rewardstatus"><![CDATA[0]]></item>
					<item id="picrequired"><![CDATA[0]]></item>
					<item id="orderby"><![CDATA[dateline]]></item>
					<item id="postdateline"><![CDATA[0]]></item>
					<item id="lastpost"><![CDATA[0]]></item>
					<item id="highlight"><![CDATA[0]]></item>
					<item id="titlelength"><![CDATA[80]]></item>
					<item id="summarylength"><![CDATA[80]]></item>
					<item id="startrow"><![CDATA[0]]></item>
					<item id="items"><![CDATA[7]]></item>
				</item>
				<item id="shownum"><![CDATA[7]]></item>
				<item id="cachetime"><![CDATA[600]]></item>
				<item id="cachetimerange"><![CDATA[]]></item>
				<item id="punctualupdate"><![CDATA[0]]></item>
				<item id="hidedisplay"><![CDATA[0]]></item>
				<item id="dateline"><![CDATA[1499700167]]></item>
				<item id="notinherited"><![CDATA[0]]></item>
				<item id="isblank"><![CDATA[0]]></item>
			</item>
			<item id="182">
				<item id="bid"><![CDATA[182]]></item>
				<item id="blockclass"><![CDATA[forum_thread]]></item>
				<item id="blocktype"><![CDATA[0]]></item>
				<item id="name"><![CDATA[C_F_diy_newlist_2]]></item>
				<item id="title"><![CDATA[]]></item>
				<item id="classname"><![CDATA[]]></item>
				<item id="summary"><![CDATA[]]></item>
				<item id="uid"><![CDATA[1]]></item>
				<item id="username"><![CDATA[admin]]></item>
				<item id="styleid"><![CDATA[151]]></item>
				<item id="blockstyle"><![CDATA[]]></item>
				<item id="picwidth"><![CDATA[0]]></item>
				<item id="picheight"><![CDATA[0]]></item>
				<item id="target"><![CDATA[blank]]></item>
				<item id="dateformat"><![CDATA[Y-m-d]]></item>
				<item id="dateuformat"><![CDATA[0]]></item>
				<item id="script"><![CDATA[thread]]></item>
				<item id="param">
					<item id="tids"><![CDATA[]]></item>
					<item id="uids"><![CDATA[]]></item>
					<item id="keyword"><![CDATA[]]></item>
					<item id="tagkeyword"><![CDATA[]]></item>
					<item id="fids">
						<item id="0"><![CDATA[0]]></item>
					</item>
					<item id="typeids"><![CDATA[]]></item>
					<item id="recommend"><![CDATA[0]]></item>
					<item id="viewmod"><![CDATA[0]]></item>
					<item id="rewardstatus"><![CDATA[0]]></item>
					<item id="picrequired"><![CDATA[0]]></item>
					<item id="orderby"><![CDATA[lastpost]]></item>
					<item id="postdateline"><![CDATA[0]]></item>
					<item id="lastpost"><![CDATA[0]]></item>
					<item id="highlight"><![CDATA[0]]></item>
					<item id="titlelength"><![CDATA[80]]></item>
					<item id="summarylength"><![CDATA[80]]></item>
					<item id="startrow"><![CDATA[0]]></item>
					<item id="items"><![CDATA[7]]></item>
				</item>
				<item id="shownum"><![CDATA[7]]></item>
				<item id="cachetime"><![CDATA[600]]></item>
				<item id="cachetimerange"><![CDATA[]]></item>
				<item id="punctualupdate"><![CDATA[0]]></item>
				<item id="hidedisplay"><![CDATA[0]]></item>
				<item id="dateline"><![CDATA[1499700190]]></item>
				<item id="notinherited"><![CDATA[0]]></item>
				<item id="isblank"><![CDATA[0]]></item>
			</item>
			<item id="183">
				<item id="bid"><![CDATA[183]]></item>
				<item id="blockclass"><![CDATA[forum_thread]]></item>
				<item id="blocktype"><![CDATA[0]]></item>
				<item id="name"><![CDATA[C_F_diy_newlist_3]]></item>
				<item id="title"><![CDATA[]]></item>
				<item id="classname"><![CDATA[]]></item>
				<item id="summary"><![CDATA[]]></item>
				<item id="uid"><![CDATA[1]]></item>
				<item id="username"><![CDATA[admin]]></item>
				<item id="styleid"><![CDATA[151]]></item>
				<item id="blockstyle"><![CDATA[]]></item>
				<item id="picwidth"><![CDATA[0]]></item>
				<item id="picheight"><![CDATA[0]]></item>
				<item id="target"><![CDATA[blank]]></item>
				<item id="dateformat"><![CDATA[Y-m-d]]></item>
				<item id="dateuformat"><![CDATA[0]]></item>
				<item id="script"><![CDATA[thread]]></item>
				<item id="param">
					<item id="tids"><![CDATA[]]></item>
					<item id="uids"><![CDATA[]]></item>
					<item id="keyword"><![CDATA[]]></item>
					<item id="tagkeyword"><![CDATA[]]></item>
					<item id="fids">
						<item id="0"><![CDATA[0]]></item>
					</item>
					<item id="typeids"><![CDATA[]]></item>
					<item id="recommend"><![CDATA[0]]></item>
					<item id="viewmod"><![CDATA[0]]></item>
					<item id="rewardstatus"><![CDATA[0]]></item>
					<item id="picrequired"><![CDATA[0]]></item>
					<item id="orderby"><![CDATA[views]]></item>
					<item id="postdateline"><![CDATA[0]]></item>
					<item id="lastpost"><![CDATA[0]]></item>
					<item id="highlight"><![CDATA[0]]></item>
					<item id="titlelength"><![CDATA[80]]></item>
					<item id="summarylength"><![CDATA[80]]></item>
					<item id="startrow"><![CDATA[0]]></item>
					<item id="items"><![CDATA[10]]></item>
				</item>
				<item id="shownum"><![CDATA[10]]></item>
				<item id="cachetime"><![CDATA[420]]></item>
				<item id="cachetimerange"><![CDATA[]]></item>
				<item id="punctualupdate"><![CDATA[0]]></item>
				<item id="hidedisplay"><![CDATA[0]]></item>
				<item id="dateline"><![CDATA[1499700174]]></item>
				<item id="notinherited"><![CDATA[0]]></item>
				<item id="isblank"><![CDATA[0]]></item>
			</item>
			<item id="184">
				<item id="bid"><![CDATA[184]]></item>
				<item id="blockclass"><![CDATA[forum_thread]]></item>
				<item id="blocktype"><![CDATA[0]]></item>
				<item id="name"><![CDATA[C_F_diy_newlist_4]]></item>
				<item id="title"><![CDATA[]]></item>
				<item id="classname"><![CDATA[]]></item>
				<item id="summary"><![CDATA[]]></item>
				<item id="uid"><![CDATA[1]]></item>
				<item id="username"><![CDATA[admin]]></item>
				<item id="styleid"><![CDATA[151]]></item>
				<item id="blockstyle"><![CDATA[]]></item>
				<item id="picwidth"><![CDATA[0]]></item>
				<item id="picheight"><![CDATA[0]]></item>
				<item id="target"><![CDATA[blank]]></item>
				<item id="dateformat"><![CDATA[Y-m-d]]></item>
				<item id="dateuformat"><![CDATA[0]]></item>
				<item id="script"><![CDATA[threaddigest]]></item>
				<item id="param">
					<item id="special">
						<item id="0"><![CDATA[0]]></item>
					</item>
					<item id="viewmod"><![CDATA[0]]></item>
					<item id="rewardstatus"><![CDATA[0]]></item>
					<item id="picrequired"><![CDATA[0]]></item>
					<item id="titlelength"><![CDATA[80]]></item>
					<item id="summarylength"><![CDATA[80]]></item>
					<item id="items"><![CDATA[7]]></item>
				</item>
				<item id="shownum"><![CDATA[7]]></item>
				<item id="cachetime"><![CDATA[600]]></item>
				<item id="cachetimerange"><![CDATA[]]></item>
				<item id="punctualupdate"><![CDATA[0]]></item>
				<item id="hidedisplay"><![CDATA[0]]></item>
				<item id="dateline"><![CDATA[1499686924]]></item>
				<item id="notinherited"><![CDATA[0]]></item>
				<item id="isblank"><![CDATA[0]]></item>
			</item>
		</item>
		<item id="style">
			<item id="151">
				<item id="styleid"><![CDATA[151]]></item>
				<item id="blockclass"><![CDATA[forum_thread]]></item>
				<item id="name"><![CDATA[C_F_diy_newlist]]></item>
				<item id="template">
					<item id="raw"><![CDATA[[loop]
	<li class="lk_{currentorder}">
		<em>{dateline}</em><a href="home.php?mod=space&uid={authorid}"{target} class="aor" title="{author}"><img src="{avatar}" alt="{author}" /></a>
		<div class="titbd">
			<a href="{url}" class="tit" {target}>
				<i>{currentorder}</i>{title}
			</a>
			<div class="sub">
				<span class="cur"></span>
				作者: <a href="home.php?mod=space&uid={authorid}"{target}>{author}</a><br/>
				版块: <a href="{forumurl}"{target}>{forumname}</a><br/>
				浏览: {views}<br/>
				回复: {replies}<br/>
				发帖时间: {dateline}<br/>
				最后发表: {lastpost}
			</div>
		</div>
	</li>
[/loop]]]></item>
					<item id="footer"><![CDATA[]]></item>
					<item id="header"><![CDATA[]]></item>
					<item id="indexplus">
					</item>
					<item id="index">
					</item>
					<item id="orderplus">
					</item>
					<item id="order">
					</item>
					<item id="loopplus">
					</item>
					<item id="loop"><![CDATA[<li class="lk_{currentorder}">
		<em>{dateline}</em><a href="home.php?mod=space&uid={authorid}"{target} class="aor" title="{author}"><img src="{avatar}" alt="{author}" /></a>
		<div class="titbd">
			<a href="{url}" class="tit" {target}>
				<i>{currentorder}</i>{title}
			</a>
			<div class="sub">
				<span class="cur"></span>
				作者: <a href="home.php?mod=space&uid={authorid}"{target}>{author}</a><br/>
				版块: <a href="{forumurl}"{target}>{forumname}</a><br/>
				浏览: {views}<br/>
				回复: {replies}<br/>
				发帖时间: {dateline}<br/>
				最后发表: {lastpost}
			</div>
		</div>
	</li>]]></item>
				</item>
				<item id="hash"><![CDATA[e18a185e]]></item>
				<item id="getpic"><![CDATA[0]]></item>
				<item id="getsummary"><![CDATA[0]]></item>
				<item id="makethumb"><![CDATA[0]]></item>
				<item id="settarget"><![CDATA[1]]></item>
				<item id="fields">
					<item id="0"><![CDATA[currentorder]]></item>
					<item id="1"><![CDATA[dateline]]></item>
					<item id="2"><![CDATA[authorid]]></item>
					<item id="3"><![CDATA[author]]></item>
					<item id="4"><![CDATA[avatar]]></item>
					<item id="5"><![CDATA[url]]></item>
					<item id="6"><![CDATA[title]]></item>
					<item id="7"><![CDATA[forumurl]]></item>
					<item id="8"><![CDATA[forumname]]></item>
					<item id="9"><![CDATA[views]]></item>
					<item id="10"><![CDATA[replies]]></item>
					<item id="11"><![CDATA[lastpost]]></item>
				</item>
				<item id="moreurl"><![CDATA[0]]></item>
			</item>
			<item id="152">
				<item id="styleid"><![CDATA[152]]></item>
				<item id="blockclass"><![CDATA[forum_thread]]></item>
				<item id="name"><![CDATA[C_F_diysd_ranklist]]></item>
				<item id="template">
					<item id="raw"><![CDATA[[loop]
	<li class="lk_{currentorder}">
		<a href="home.php?mod=space&uid={authorid}"{target} class="aor" title="{author}"><img src="{avatar}" alt="{author}" /></a>
		<a href="{url}" class="tit" {target}>
			<i>{currentorder}</i>{title}
		</a>
		<div class="sub">
			<span class="cur"></span>
			作者: <a href="home.php?mod=space&uid={authorid}"{target}>{author}</a><br/>
			版块: <a href="{forumurl}"{target}>{forumname}</a><br/>
			浏览: {views}<br/>
			回复: {replies}<br/>
			发帖时间: {dateline}<br/>
			最后发表: {lastpost}
		</div>
	</li>
[/loop]]]></item>
					<item id="footer"><![CDATA[]]></item>
					<item id="header"><![CDATA[]]></item>
					<item id="indexplus">
					</item>
					<item id="index">
					</item>
					<item id="orderplus">
					</item>
					<item id="order">
					</item>
					<item id="loopplus">
					</item>
					<item id="loop"><![CDATA[<li class="lk_{currentorder}">
		<a href="home.php?mod=space&uid={authorid}"{target} class="aor" title="{author}"><img src="{avatar}" alt="{author}" /></a>
		<a href="{url}" class="tit" {target}>
			<i>{currentorder}</i>{title}
		</a>
		<div class="sub">
			<span class="cur"></span>
			作者: <a href="home.php?mod=space&uid={authorid}"{target}>{author}</a><br/>
			版块: <a href="{forumurl}"{target}>{forumname}</a><br/>
			浏览: {views}<br/>
			回复: {replies}<br/>
			发帖时间: {dateline}<br/>
			最后发表: {lastpost}
		</div>
	</li>]]></item>
				</item>
				<item id="hash"><![CDATA[630ad229]]></item>
				<item id="getpic"><![CDATA[0]]></item>
				<item id="getsummary"><![CDATA[0]]></item>
				<item id="makethumb"><![CDATA[0]]></item>
				<item id="settarget"><![CDATA[1]]></item>
				<item id="fields">
					<item id="0"><![CDATA[currentorder]]></item>
					<item id="1"><![CDATA[authorid]]></item>
					<item id="2"><![CDATA[author]]></item>
					<item id="3"><![CDATA[avatar]]></item>
					<item id="4"><![CDATA[url]]></item>
					<item id="5"><![CDATA[title]]></item>
					<item id="6"><![CDATA[forumurl]]></item>
					<item id="7"><![CDATA[forumname]]></item>
					<item id="8"><![CDATA[views]]></item>
					<item id="9"><![CDATA[replies]]></item>
					<item id="10"><![CDATA[dateline]]></item>
					<item id="11"><![CDATA[lastpost]]></item>
				</item>
				<item id="moreurl"><![CDATA[0]]></item>
			</item>
			<item id="153">
				<item id="styleid"><![CDATA[153]]></item>
				<item id="blockclass"><![CDATA[forum_thread]]></item>
				<item id="name"><![CDATA[C_F_diy_cimgshow]]></item>
				<item id="template">
					<item id="raw"><![CDATA[<div class="bd cl">
	<ul>
		[loop]
			<li style="width:{picwidth}px;height:{picheight}px;">
				<a href="{url}" style="background-image:url({pic});filter:progid:DXImageTransform.Microsoft.AlphaImageLoader(src='{pic}',sizingMethod='scale');">
					<p class="tit txt_s">{title}</p>
				</a>
			</li>
		[/loop]
	</ul>
</div>
<div class="hd">
	<ul>
	</ul>
</div>
<a class="prev" href="javascript:void(0)"></a>
<a class="next" href="javascript:void(0)"></a>]]></item>
					<item id="footer"><![CDATA[]]></item>
					<item id="header"><![CDATA[]]></item>
					<item id="indexplus">
					</item>
					<item id="index">
					</item>
					<item id="orderplus">
					</item>
					<item id="order">
					</item>
					<item id="loopplus">
					</item>
					<item id="loop"><![CDATA[<li style="width:{picwidth}px;height:{picheight}px;">
				<a href="{url}" style="background-image:url({pic});filter:progid:DXImageTransform.Microsoft.AlphaImageLoader(src='{pic}',sizingMethod='scale');">
					<p class="tit txt_s">{title}</p>
				</a>
			</li>]]></item>
				</item>
				<item id="hash"><![CDATA[3fcb1c7f]]></item>
				<item id="getpic"><![CDATA[1]]></item>
				<item id="getsummary"><![CDATA[0]]></item>
				<item id="makethumb"><![CDATA[1]]></item>
				<item id="settarget"><![CDATA[0]]></item>
				<item id="fields">
					<item id="0"><![CDATA[url]]></item>
					<item id="1"><![CDATA[pic]]></item>
					<item id="2"><![CDATA[title]]></item>
				</item>
				<item id="moreurl"><![CDATA[0]]></item>
			</item>
		</item>
	</item>
</root>