<?xml version="1.0" encoding="ISO-8859-1"?>
<root>
	<item id="Title"><![CDATA[Discuz! Style]]></item>
	<item id="Version"><![CDATA[X3,X3.1,X3.2,X3.3,X3.4]]></item>
	<item id="Time"><![CDATA[2016-12-04 11:59]]></item>
	<item id="From"><![CDATA[DisM!应用中心 (https://dism.taobao.com/)]]></item>
	<item id="Data">
		<item id="styleid"><![CDATA[2]]></item>
		<item id="name"><![CDATA[junmi360]]></item>
		<item id="available"><![CDATA[1]]></item>
		<item id="templateid"><![CDATA[2]]></item>
		<item id="extstyle"><![CDATA[|]]></item>
		<item id="tplname"><![CDATA[junmi360]]></item>
		<item id="directory"><![CDATA[./template/xlmm_zx]]></item>
		<item id="copyright"><![CDATA[DisM!应用中心(dism.taobao.com)]]></item>
		<item id="style">
			<item id="手机版资讯链接的id"><![CDATA[1]]></item>
			<item id="手机版自定标题6"><![CDATA[自定标题]]></item>
			<item id="手机版自定标题6的链接"><![CDATA[#]]></item>
			<item id="手机版自定标题5的链接"><![CDATA[#]]></item>
			<item id="手机版自定标题5"><![CDATA[自定标题]]></item>
			<item id="手机版自定标题4的链接"><![CDATA[#]]></item>
			<item id="手机版自定标题3的链接"><![CDATA[#]]></item>
			<item id="手机版自定标题4"><![CDATA[自定标题]]></item>
			<item id="手机版自定标题3"><![CDATA[自定标题]]></item>
			<item id="手机版自定标题2的链接"><![CDATA[#]]></item>
			<item id="手机版自定标题2"><![CDATA[自定标题]]></item>
			<item id="手机版自定标题1的链接"><![CDATA[#]]></item>
			<item id="手机版自定标题1"><![CDATA[自定标题]]></item>
			<item id="手机版底部信息是否显示，block为显示，none为不显示"><![CDATA[block]]></item>
			<item id="手机版logo路径"><![CDATA[template/xlmm_zx/m-img/logo.png]]></item>
			<item id="inputborder"><![CDATA[#E0E0E0]]></item>
			<item id="contentseparate"><![CDATA[#C2D5E3]]></item>
			<item id="contentwidth"><![CDATA[630px]]></item>
			<item id="menuhovertext"><![CDATA[#FFF]]></item>
			<item id="wrapbg"><![CDATA[#FFF]]></item>
			<item id="wrapbordercolor"><![CDATA[#CCC]]></item>
			<item id="menubgcolor"><![CDATA[#2B7ACD nv.png no-repeat 0 0]]></item>
			<item id="menutext"><![CDATA[#FFF]]></item>
			<item id="footertext"><![CDATA[#666]]></item>
			<item id="headertext"><![CDATA[#444]]></item>
			<item id="available"><![CDATA[]]></item>
			<item id="boardimg"><![CDATA[logo.png]]></item>
			<item id="imgdir"><![CDATA[]]></item>
			<item id="styleimgdir"><![CDATA[template/xlmm_zx/image]]></item>
			<item id="font"><![CDATA[Tahoma,Helvetica,'SimSun',sans-serif]]></item>
			<item id="fontsize"><![CDATA[12px/1.5]]></item>
			<item id="titlebgcolor"><![CDATA[#E5EDF2 titlebg.png repeat-x 0 0]]></item>
			<item id="smfont"><![CDATA[Tahoma,Helvetica,sans-serif]]></item>
			<item id="threadtitlefontsize"><![CDATA[14px]]></item>
			<item id="threadtitlefont"><![CDATA[Tahoma,Helvetica,'SimSun',sans-serif]]></item>
			<item id="smfontsize"><![CDATA[0.83em]]></item>
			<item id="tabletext"><![CDATA[#444]]></item>
			<item id="midtext"><![CDATA[#666]]></item>
			<item id="lighttext"><![CDATA[#999]]></item>
			<item id="link"><![CDATA[#333]]></item>
			<item id="highlightlink"><![CDATA[#369]]></item>
			<item id="noticetext"><![CDATA[#F26C4F]]></item>
			<item id="bgcolor"><![CDATA[#FFF background.png repeat-x 0 0]]></item>
			<item id="msgfontsize"><![CDATA[14px]]></item>
			<item id="sidebgcolor"><![CDATA[ vlineb.png repeat-y 0 0]]></item>
			<item id="headerborder"><![CDATA[0]]></item>
			<item id="headerbgcolor"><![CDATA[]]></item>
			<item id="inputborderdarkcolor"><![CDATA[#848484]]></item>
			<item id="stypeid"><![CDATA[1]]></item>
			<item id="inputbg"><![CDATA[#FFF]]></item>
			<item id="commonborder"><![CDATA[#CDCDCD]]></item>
			<item id="commonbg"><![CDATA[#F2F2F2]]></item>
			<item id="specialborder"><![CDATA[#C2D5E3]]></item>
			<item id="specialbg"><![CDATA[#E5EDF2]]></item>
			<item id="dropmenuborder"><![CDATA[#DDD]]></item>
			<item id="floatmaskbgcolor"><![CDATA[#000]]></item>
			<item id="dropmenubgcolor"><![CDATA[#FEFEFE]]></item>
			<item id="floatbgcolor"><![CDATA[#FFF]]></item>
			<item id="lightlink"><![CDATA[#FFF]]></item>
			<item id="menuhoverbgcolor"><![CDATA[#005AB4 nv_a.png no-repeat 50% -33px]]></item>
			<item id="手机版无刷新加载下一页的速度，默认为800，数值越小加载越快"><![CDATA[800]]></item>
			<item id="电话号码"><![CDATA[888-8888-888]]></item>
			<item id="在线时间"><![CDATA[8:30-17:30]]></item>
			<item id="申请版主链接"><![CDATA[#]]></item>
			<item id="电脑版版块顶部图片模糊度，默认为3，数值越大越模糊。"><![CDATA[3]]></item>
			<item id="版块图标右下角弹出二维码中间的小图标"><![CDATA[template/xlmm_zx/image/xlmm-coreicon.png]]></item>
		</item>
		<item id="version"><![CDATA[X3,X3.1,X3.2,X3.3,X3.4]]></item>
	</item>
</root>


