<?xml version="1.0" encoding="ISO-8859-1"?>
<root>
	<item id="Title"><![CDATA[Discuz! Plugin]]></item>
	<item id="Version"><![CDATA[X3,X3.1,X3.2,X3.3,X3.4,X3.5]]></item>
	<item id="Time"><![CDATA[2020-09-24 23:15]]></item>
	<item id="From"><![CDATA[DisM!应用中心 (https://dism.taobao.com/)]]></item>
	<item id="Data">
		<item id="plugin">
			<item id="available"><![CDATA[1]]></item>
			<item id="adminid"><![CDATA[1]]></item>
			<item id="name"><![CDATA[贵古-多端注册登录]]></item>
			<item id="identifier"><![CDATA[guiigo_login]]></item>
			<item id="description"><![CDATA[]]></item>
			<item id="datatables"><![CDATA[]]></item>
			<item id="directory"><![CDATA[guiigo_login/]]></item>
			<item id="copyright"><![CDATA[DisM!应用中心(dism.taobao.com)]]></item>
			<item id="version"><![CDATA[8.210112]]></item>
			<item id="__modules">
				<item id="0">
					<item id="name"><![CDATA[AdminUserLog]]></item>
					<item id="param"><![CDATA[]]></item>
					<item id="menu"><![CDATA[用户管理]]></item>
					<item id="url"><![CDATA[]]></item>
					<item id="type"><![CDATA[3]]></item>
					<item id="adminid"><![CDATA[0]]></item>
					<item id="displayorder"><![CDATA[1]]></item>
					<item id="navtitle"><![CDATA[]]></item>
					<item id="navicon"><![CDATA[]]></item>
					<item id="navsubname"><![CDATA[]]></item>
					<item id="navsuburl"><![CDATA[]]></item>
				</item>
				<item id="1">
					<item id="name"><![CDATA[AdminSmsLog]]></item>
					<item id="param"><![CDATA[]]></item>
					<item id="menu"><![CDATA[短信记录]]></item>
					<item id="url"><![CDATA[]]></item>
					<item id="type"><![CDATA[3]]></item>
					<item id="adminid"><![CDATA[0]]></item>
					<item id="displayorder"><![CDATA[2]]></item>
					<item id="navtitle"><![CDATA[]]></item>
					<item id="navicon"><![CDATA[]]></item>
					<item id="navsubname"><![CDATA[]]></item>
					<item id="navsuburl"><![CDATA[]]></item>
				</item>
				<item id="2">
					<item id="name"><![CDATA[AdminOther]]></item>
					<item id="param"><![CDATA[]]></item>
					<item id="menu"><![CDATA[<style>@keyframes rans {from{backgroud-position: 0 0;}to{background-position: 2000px 0;}}</style> <font style="background: -webkit-linear-gradient(18deg, #3300CC, #660099, #990066, #CC0033, #FF9999, #FF4400, #3300CC); 	background: -moz-linear-gradient(18deg, #3300CC, #660099, #990066, #CC0033, #FF9999, #FF4400, #3300CC); 	background: -ms-linear-gradient(18deg, #3300CC, #660099, #990066, #CC0033, #FF9999, #FF4400, #3300CC);animation: rans 18s linear infinite;-webkit-background-clip: text;color: transparent;">获取更多DisM!插件</font>]]></item>
					<item id="url"><![CDATA[]]></item>
					<item id="type"><![CDATA[3]]></item>
					<item id="adminid"><![CDATA[0]]></item>
					<item id="displayorder"><![CDATA[3]]></item>
					<item id="navtitle"><![CDATA[]]></item>
					<item id="navicon"><![CDATA[]]></item>
					<item id="navsubname"><![CDATA[]]></item>
					<item id="navsuburl"><![CDATA[]]></item>
				</item>
				<item id="3">
					<item id="name"><![CDATA[guiigo_login_hook]]></item>
					<item id="param"><![CDATA[]]></item>
					<item id="menu"><![CDATA[]]></item>
					<item id="url"><![CDATA[]]></item>
					<item id="type"><![CDATA[11]]></item>
					<item id="adminid"><![CDATA[0]]></item>
					<item id="displayorder"><![CDATA[4]]></item>
					<item id="navtitle"><![CDATA[]]></item>
					<item id="navicon"><![CDATA[]]></item>
					<item id="navsubname"><![CDATA[]]></item>
					<item id="navsuburl"><![CDATA[]]></item>
				</item>
				<item id="4">
					<item id="name"><![CDATA[guiigo_login_hook]]></item>
					<item id="param"><![CDATA[]]></item>
					<item id="menu"><![CDATA[]]></item>
					<item id="url"><![CDATA[]]></item>
					<item id="type"><![CDATA[28]]></item>
					<item id="adminid"><![CDATA[0]]></item>
					<item id="displayorder"><![CDATA[5]]></item>
					<item id="navtitle"><![CDATA[]]></item>
					<item id="navicon"><![CDATA[]]></item>
					<item id="navsubname"><![CDATA[]]></item>
					<item id="navsuburl"><![CDATA[]]></item>
				</item>
				<item id="5">
					<item id="name"><![CDATA[bind]]></item>
					<item id="param"><![CDATA[]]></item>
					<item id="menu"><![CDATA[账号绑定]]></item>
					<item id="url"><![CDATA[]]></item>
					<item id="type"><![CDATA[7]]></item>
					<item id="adminid"><![CDATA[0]]></item>
					<item id="displayorder"><![CDATA[6]]></item>
					<item id="navtitle"><![CDATA[]]></item>
					<item id="navicon"><![CDATA[]]></item>
					<item id="navsubname"><![CDATA[]]></item>
					<item id="navsuburl"><![CDATA[]]></item>
				</item>
			</item>
		</item>
		<item id="version"><![CDATA[X3,X3.1,X3.2,X3.3,X3.4,X3.5]]></item>
		<item id="var">
			<item id="0">
				<item id="displayorder"><![CDATA[1]]></item>
				<item id="title"><![CDATA[应用授权key]]></item>
				<item id="description"><![CDATA[]]></item>
				<item id="variable"><![CDATA[authorization_key]]></item>
				<item id="type"><![CDATA[text]]></item>
				<item id="value"><![CDATA[]]></item>
				<item id="extra"><![CDATA[]]></item>
			</item>
			<item id="1">
				<item id="displayorder"><![CDATA[3]]></item>
				<item id="title"><![CDATA[手机版使用插件登录/注册页面]]></item>
				<item id="description"><![CDATA[]]></item>
				<item id="variable"><![CDATA[plugin_tpl_open]]></item>
				<item id="type"><![CDATA[radio]]></item>
				<item id="value"><![CDATA[1]]></item>
				<item id="extra"><![CDATA[]]></item>
			</item>
			<item id="2">
				<item id="displayorder"><![CDATA[4]]></item>
				<item id="title"><![CDATA[是否开启微信登录]]></item>
				<item id="description"><![CDATA[]]></item>
				<item id="variable"><![CDATA[wx_open]]></item>
				<item id="type"><![CDATA[radio]]></item>
				<item id="value"><![CDATA[1]]></item>
				<item id="extra"><![CDATA[]]></item>
			</item>
			<item id="37">
				<item id="displayorder"><![CDATA[41]]></item>
				<item id="title"><![CDATA[是否开启QQ登录]]></item>
				<item id="description"><![CDATA[]]></item>
				<item id="variable"><![CDATA[qqopen]]></item>
				<item id="type"><![CDATA[radio]]></item>
				<item id="value"><![CDATA[1]]></item>
				<item id="extra"><![CDATA[]]></item>
			</item>
			<item id="3">
				<item id="displayorder"><![CDATA[5]]></item>
				<item id="title"><![CDATA[是否开启微博登录]]></item>
				<item id="description"><![CDATA[]]></item>
				<item id="variable"><![CDATA[wb_open]]></item>
				<item id="type"><![CDATA[radio]]></item>
				<item id="value"><![CDATA[1]]></item>
				<item id="extra"><![CDATA[]]></item>
			</item>
			<item id="4">
				<item id="displayorder"><![CDATA[6]]></item>
				<item id="title"><![CDATA[是否开启手机号登录]]></item>
				<item id="description"><![CDATA[]]></item>
				<item id="variable"><![CDATA[mobile_open]]></item>
				<item id="type"><![CDATA[radio]]></item>
				<item id="value"><![CDATA[1]]></item>
				<item id="extra"><![CDATA[]]></item>
			</item>
			<item id="5">
				<item id="displayorder"><![CDATA[7]]></item>
				<item id="title"><![CDATA[注册是否开启验证码]]></item>
				<item id="description"><![CDATA[]]></item>
				<item id="variable"><![CDATA[reg_verify]]></item>
				<item id="type"><![CDATA[radio]]></item>
				<item id="value"><![CDATA[1]]></item>
				<item id="extra"><![CDATA[]]></item>
			</item>
			<item id="6">
				<item id="displayorder"><![CDATA[8]]></item>
				<item id="title"><![CDATA[登录是否开启验证码]]></item>
				<item id="description"><![CDATA[]]></item>
				<item id="variable"><![CDATA[login_verify]]></item>
				<item id="type"><![CDATA[radio]]></item>
				<item id="value"><![CDATA[1]]></item>
				<item id="extra"><![CDATA[]]></item>
			</item>
			<item id="7">
				<item id="displayorder"><![CDATA[9]]></item>
				<item id="title"><![CDATA[手机版支持邀请码注册]]></item>
				<item id="description"><![CDATA[]]></item>
				<item id="variable"><![CDATA[invite_verify]]></item>
				<item id="type"><![CDATA[radio]]></item>
				<item id="value"><![CDATA[1]]></item>
				<item id="extra"><![CDATA[]]></item>
			</item>
			<item id="8">
				<item id="displayorder"><![CDATA[10]]></item>
				<item id="title"><![CDATA[手机版邀请码获取地址]]></item>
				<item id="description"><![CDATA[]]></item>
				<item id="variable"><![CDATA[invite_buyurl]]></item>
				<item id="type"><![CDATA[text]]></item>
				<item id="value"><![CDATA[#]]></item>
				<item id="extra"><![CDATA[]]></item>
			</item>
			<item id="9">
				<item id="displayorder"><![CDATA[11]]></item>
				<item id="title"><![CDATA[微信注册默认用户组]]></item>
				<item id="description"><![CDATA[]]></item>
				<item id="variable"><![CDATA[wx_group]]></item>
				<item id="type"><![CDATA[group]]></item>
				<item id="value"><![CDATA[10]]></item>
				<item id="extra"><![CDATA[]]></item>
			</item>
			<item id="10">
				<item id="displayorder"><![CDATA[12]]></item>
				<item id="title"><![CDATA[手机注册默认用户组]]></item>
				<item id="description"><![CDATA[]]></item>
				<item id="variable"><![CDATA[mobile_group]]></item>
				<item id="type"><![CDATA[group]]></item>
				<item id="value"><![CDATA[10]]></item>
				<item id="extra"><![CDATA[]]></item>
			</item>
			<item id="11">
				<item id="displayorder"><![CDATA[13]]></item>
				<item id="title"><![CDATA[微博注册默认用户组]]></item>
				<item id="description"><![CDATA[]]></item>
				<item id="variable"><![CDATA[wb_group]]></item>
				<item id="type"><![CDATA[group]]></item>
				<item id="value"><![CDATA[10]]></item>
				<item id="extra"><![CDATA[]]></item>
			</item>
			<item id="12">
				<item id="displayorder"><![CDATA[14]]></item>
				<item id="title"><![CDATA[微信公众号AppID]]></item>
				<item id="description"><![CDATA[]]></item>
				<item id="variable"><![CDATA[wx_appid]]></item>
				<item id="type"><![CDATA[text]]></item>
				<item id="value"><![CDATA[]]></item>
				<item id="extra"><![CDATA[]]></item>
			</item>
			<item id="13">
				<item id="displayorder"><![CDATA[15]]></item>
				<item id="title"><![CDATA[微信公众号AppSecret]]></item>
				<item id="description"><![CDATA[]]></item>
				<item id="variable"><![CDATA[wx_appsecret]]></item>
				<item id="type"><![CDATA[text]]></item>
				<item id="value"><![CDATA[]]></item>
				<item id="extra"><![CDATA[]]></item>
			</item>
			<item id="38">
				<item id="displayorder"><![CDATA[42]]></item>
				<item id="title"><![CDATA[QQAppId]]></item>
				<item id="description"><![CDATA[]]></item>
				<item id="variable"><![CDATA[qqappid]]></item>
				<item id="type"><![CDATA[text]]></item>
				<item id="value"><![CDATA[]]></item>
				<item id="extra"><![CDATA[]]></item>
			</item>
			<item id="39">
				<item id="displayorder"><![CDATA[43]]></item>
				<item id="title"><![CDATA[QQAppKey]]></item>
				<item id="description"><![CDATA[]]></item>
				<item id="variable"><![CDATA[qqappkey]]></item>
				<item id="type"><![CDATA[text]]></item>
				<item id="value"><![CDATA[]]></item>
				<item id="extra"><![CDATA[]]></item>
			</item>
			<item id="14">
				<item id="displayorder"><![CDATA[16]]></item>
				<item id="title"><![CDATA[微博AppKey]]></item>
				<item id="description"><![CDATA[]]></item>
				<item id="variable"><![CDATA[wb_appkey]]></item>
				<item id="type"><![CDATA[text]]></item>
				<item id="value"><![CDATA[]]></item>
				<item id="extra"><![CDATA[]]></item>
			</item>
			<item id="15">
				<item id="displayorder"><![CDATA[17]]></item>
				<item id="title"><![CDATA[微博AppSecret]]></item>
				<item id="description"><![CDATA[]]></item>
				<item id="variable"><![CDATA[wb_appsecret]]></item>
				<item id="type"><![CDATA[text]]></item>
				<item id="value"><![CDATA[]]></item>
				<item id="extra"><![CDATA[]]></item>
			</item>
			<item id="16">
				<item id="displayorder"><![CDATA[18]]></item>
				<item id="title"><![CDATA[短信宝账号]]></item>
				<item id="description"><![CDATA[]]></item>
				<item id="variable"><![CDATA[dxb_id]]></item>
				<item id="type"><![CDATA[text]]></item>
				<item id="value"><![CDATA[]]></item>
				<item id="extra"><![CDATA[]]></item>
			</item>
			<item id="17">
				<item id="displayorder"><![CDATA[19]]></item>
				<item id="title"><![CDATA[短信宝密码]]></item>
				<item id="description"><![CDATA[]]></item>
				<item id="variable"><![CDATA[dxb_key]]></item>
				<item id="type"><![CDATA[text]]></item>
				<item id="value"><![CDATA[]]></item>
				<item id="extra"><![CDATA[]]></item>
			</item>
			<item id="18">
				<item id="displayorder"><![CDATA[20]]></item>
				<item id="title"><![CDATA[阿里accessid]]></item>
				<item id="description"><![CDATA[]]></item>
				<item id="variable"><![CDATA[al_accessid]]></item>
				<item id="type"><![CDATA[text]]></item>
				<item id="value"><![CDATA[]]></item>
				<item id="extra"><![CDATA[]]></item>
			</item>
			<item id="19">
				<item id="displayorder"><![CDATA[21]]></item>
				<item id="title"><![CDATA[阿里accessidkey]]></item>
				<item id="description"><![CDATA[]]></item>
				<item id="variable"><![CDATA[al_accessidkey]]></item>
				<item id="type"><![CDATA[text]]></item>
				<item id="value"><![CDATA[]]></item>
				<item id="extra"><![CDATA[]]></item>
			</item>
			<item id="20">
				<item id="displayorder"><![CDATA[22]]></item>
				<item id="title"><![CDATA[验证码有效时间]]></item>
				<item id="description"><![CDATA[单位秒；]]></item>
				<item id="variable"><![CDATA[code_time]]></item>
				<item id="type"><![CDATA[text]]></item>
				<item id="value"><![CDATA[60]]></item>
				<item id="extra"><![CDATA[]]></item>
			</item>
			<item id="21">
				<item id="displayorder"><![CDATA[23]]></item>
				<item id="title"><![CDATA[阿里验证码模板]]></item>
				<item id="description"><![CDATA[使用阿里云短信接口时在填写，否则忽略不填；变量替换：${code}等于验证码${time}等于验证码时间;模板格式：模板ID|模板内容|签名]]></item>
				<item id="variable"><![CDATA[al_sms_tpl]]></item>
				<item id="type"><![CDATA[textarea]]></item>
				<item id="value"><![CDATA[]]></item>
				<item id="extra"><![CDATA[]]></item>
			</item>
			<item id="22">
				<item id="displayorder"><![CDATA[24]]></item>
				<item id="title"><![CDATA[短信宝验证码模板]]></item>
				<item id="description"><![CDATA[使用短信宝短信接口时在填写，否则忽略不填；变量替换：${code}等于验证码${time}等于验证码时间；模板格式：模板ID|模板内容|签名]]></item>
				<item id="variable"><![CDATA[dxb_sms_tpl]]></item>
				<item id="type"><![CDATA[textarea]]></item>
				<item id="value"><![CDATA[MS0001|本次安全验证码：${code}，请在${time}秒内完成操作。|贵古互联]]></item>
				<item id="extra"><![CDATA[]]></item>
			</item>
			<item id="23">
				<item id="displayorder"><![CDATA[25]]></item>
				<item id="title"><![CDATA[手机认证系统关联字段]]></item>
				<item id="description"><![CDATA[]]></item>
				<item id="variable"><![CDATA[mobile_verify_fields]]></item>
				<item id="type"><![CDATA[select]]></item>
				<item id="value"><![CDATA[1]]></item>
				<item id="extra"><![CDATA[0=选择
1=verify1
2=verify2
3=verify3
4=verify4
5=verify5
6=verify6]]></item>
			</item>
			<item id="24">
				<item id="displayorder"><![CDATA[26]]></item>
				<item id="title"><![CDATA[开启手机绑定提醒]]></item>
				<item id="description"><![CDATA[]]></item>
				<item id="variable"><![CDATA[mobile_bind_open]]></item>
				<item id="type"><![CDATA[radio]]></item>
				<item id="value"><![CDATA[0]]></item>
				<item id="extra"><![CDATA[]]></item>
			</item>
			<item id="25">
				<item id="displayorder"><![CDATA[27]]></item>
				<item id="title"><![CDATA[手机绑定提醒时间间隔]]></item>
				<item id="description"><![CDATA[单位秒；]]></item>
				<item id="variable"><![CDATA[mobile_bind_time]]></item>
				<item id="type"><![CDATA[text]]></item>
				<item id="value"><![CDATA[600]]></item>
				<item id="extra"><![CDATA[]]></item>
			</item>
			<item id="26">
				<item id="displayorder"><![CDATA[28]]></item>
				<item id="title"><![CDATA[手机绑定提醒内容]]></item>
				<item id="description"><![CDATA[]]></item>
				<item id="variable"><![CDATA[mobile_bind_content]]></item>
				<item id="type"><![CDATA[textarea]]></item>
				<item id="value"><![CDATA[根据国家网信办实名制要求，为更好保障你账号权益，请进行手机绑定！]]></item>
				<item id="extra"><![CDATA[]]></item>
			</item>
			<item id="27">
				<item id="displayorder"><![CDATA[31]]></item>
				<item id="title"><![CDATA[注册默认用户名前缀]]></item>
				<item id="description"><![CDATA[]]></item>
				<item id="variable"><![CDATA[reg_user_prefix]]></item>
				<item id="type"><![CDATA[text]]></item>
				<item id="value"><![CDATA[DZ_]]></item>
				<item id="extra"><![CDATA[]]></item>
			</item>
			<item id="28">
				<item id="displayorder"><![CDATA[32]]></item>
				<item id="title"><![CDATA[注册默认邮箱后缀]]></item>
				<item id="description"><![CDATA[]]></item>
				<item id="variable"><![CDATA[reg_email_prefix]]></item>
				<item id="type"><![CDATA[text]]></item>
				<item id="value"><![CDATA[@null.null]]></item>
				<item id="extra"><![CDATA[]]></item>
			</item>
			<item id="29">
				<item id="displayorder"><![CDATA[33]]></item>
				<item id="title"><![CDATA[手机模板嵌入区代码]]></item>
				<item id="description"><![CDATA[]]></item>
				<item id="variable"><![CDATA[login_tplcode]]></item>
				<item id="type"><![CDATA[textarea]]></item>
				<item id="value"><![CDATA[<style>
.guiigo_login_login{
	margin: 2rem 1.18rem;
	overflow: hidden;
}
.guiigo_login_hd{
	text-align: center;
	font-size: .55rem;
	position: relative;
	color: rgba(255, 255, 255, 0.8);
}
.guiigo_login_hd:before{
	content: '';
	position: absolute;
	z-index: 0;
	top: 50%;
	right: 15%;
	width: 20%;
	background: rgba(255, 255, 255, 0.3);
	height: 1px;
}
.guiigo_login_hd:after{
	content: '';
	position: absolute;
	z-index: 0;
	top: 50%;
	left: 15%;
	width: 20%;
	background: rgba(255, 255, 255, 0.3);
	height: 1px;
}
.guiigo_login_hb{
	width: 100%;
	display: flex;
	justify-content: space-around;
	padding: 1.15rem 1rem;
}
.guiigo_login_bt{
	width: 2.5rem;
	height: 2.5rem;
	border-radius: 50%;
	color: #666666 !important;
	background: #ffffff;
	padding: 0.5rem;
	display: flex;
	justify-content: center;
	align-items: center;
}
.guiigo_login_bt img{
	width: 1.4rem;
	height: 1.4rem;
	display: block;
}
</style>]]></item>
				<item id="extra"><![CDATA[]]></item>
			</item>
			<item id="30">
				<item id="displayorder"><![CDATA[34]]></item>
				<item id="title"><![CDATA[其它微信表名]]></item>
				<item id="description"><![CDATA[如无需要查询其它用户表，请忽设置]]></item>
				<item id="variable"><![CDATA[wx_table]]></item>
				<item id="type"><![CDATA[text]]></item>
				<item id="value"><![CDATA[]]></item>
				<item id="extra"><![CDATA[]]></item>
			</item>
			<item id="31">
				<item id="displayorder"><![CDATA[35]]></item>
				<item id="title"><![CDATA[其它微信表openid字段]]></item>
				<item id="description"><![CDATA[]]></item>
				<item id="variable"><![CDATA[wx_table_openid]]></item>
				<item id="type"><![CDATA[text]]></item>
				<item id="value"><![CDATA[]]></item>
				<item id="extra"><![CDATA[]]></item>
			</item>
			<item id="32">
				<item id="displayorder"><![CDATA[36]]></item>
				<item id="title"><![CDATA[其它微信表unionid字段]]></item>
				<item id="description"><![CDATA[]]></item>
				<item id="variable"><![CDATA[wx_table_unionid]]></item>
				<item id="type"><![CDATA[text]]></item>
				<item id="value"><![CDATA[]]></item>
				<item id="extra"><![CDATA[]]></item>
			</item>
			<item id="33">
				<item id="displayorder"><![CDATA[37]]></item>
				<item id="title"><![CDATA[其它微信表uid字段]]></item>
				<item id="description"><![CDATA[]]></item>
				<item id="variable"><![CDATA[wx_table_uid]]></item>
				<item id="type"><![CDATA[text]]></item>
				<item id="value"><![CDATA[]]></item>
				<item id="extra"><![CDATA[]]></item>
			</item>
			<item id="34">
				<item id="displayorder"><![CDATA[38]]></item>
				<item id="title"><![CDATA[其它微博表名]]></item>
				<item id="description"><![CDATA[如无需要查询其它用户表，请忽设置]]></item>
				<item id="variable"><![CDATA[wb_table]]></item>
				<item id="type"><![CDATA[text]]></item>
				<item id="value"><![CDATA[]]></item>
				<item id="extra"><![CDATA[]]></item>
			</item>
			<item id="35">
				<item id="displayorder"><![CDATA[39]]></item>
				<item id="title"><![CDATA[其它微博表access_token字段]]></item>
				<item id="description"><![CDATA[]]></item>
				<item id="variable"><![CDATA[wb_table_access_token]]></item>
				<item id="type"><![CDATA[text]]></item>
				<item id="value"><![CDATA[]]></item>
				<item id="extra"><![CDATA[]]></item>
			</item>
			<item id="36">
				<item id="displayorder"><![CDATA[40]]></item>
				<item id="title"><![CDATA[其它微博表uid字段]]></item>
				<item id="description"><![CDATA[]]></item>
				<item id="variable"><![CDATA[wb_table_access_uid]]></item>
				<item id="type"><![CDATA[text]]></item>
				<item id="value"><![CDATA[]]></item>
				<item id="extra"><![CDATA[]]></item>
			</item>
		</item>
		<item id="language">
			<item id="scriptlang">
				<item id="langs001"><![CDATA[接收用户]]></item>
				<item id="langs002"><![CDATA[接收手机号]]></item>
				<item id="langs003"><![CDATA[短信类型]]></item>
				<item id="langs004"><![CDATA[发送状态]]></item>
				<item id="langs005"><![CDATA[短信验证码]]></item>
				<item id="langs006"><![CDATA[返回状态]]></item>
				<item id="langs007"><![CDATA[发送时间]]></item>
				<item id="langs008"><![CDATA[短信记录管理]]></item>
				<item id="langs009"><![CDATA[短信校验码]]></item>
		        <item id="langs010"><![CDATA[其它]]></item>
		        <item id="langs011"><![CDATA[请选择要删除的数据]]></item>
		        <item id="langs012"><![CDATA[删除数据成功]]></item>
				<item id="langs013"><![CDATA[全选]]></item>
				<item id="langs014"><![CDATA[成功]]></item>
				<item id="langs015"><![CDATA[失败]]></item>
				<item id="langs016"><![CDATA[删除]]></item>
				<item id="langs017"><![CDATA[已绑定]]></item>
				<item id="langs018"><![CDATA[未绑定]]></item>
				<item id="langs019"><![CDATA[用户管理]]></item>
				<item id="langs020"><![CDATA[删除？]]></item>
				<item id="langs021"><![CDATA[用户UID]]></item>
				<item id="langs022"><![CDATA[用户名]]></item>
				<item id="langs023"><![CDATA[微信头像]]></item>
				<item id="langs024"><![CDATA[微信openid]]></item>
				<item id="langs025"><![CDATA[微信unionid]]></item>
				<item id="langs026"><![CDATA[手机号]]></item>
				<item id="langs027"><![CDATA[手机绑定]]></item>
				<item id="langs028"><![CDATA[微信绑定]]></item>
				<item id="langs029"><![CDATA[微博绑定]]></item>
				<item id="langs030"><![CDATA[创建时间]]></item>
				<item id="langs031"><![CDATA[未定义错误]]></item>
				<item id="langs032"><![CDATA[非法访问]]></item>
				<item id="langs033"><![CDATA[缺少发送类型]]></item>
				<item id="langs034"><![CDATA[请输入手机号]]></item>
				<item id="langs035"><![CDATA[手机号格式有误]]></item>
				<item id="langs036"><![CDATA[验证码已发送]]></item>
				<item id="langs037"><![CDATA[发送失败稍后在试]]></item>
		        <item id="langs038"><![CDATA[邀请码不能为空]]></item>
		        <item id="langs039"><![CDATA[无效邀请码]]></item>
		        <item id="langs040"><![CDATA[图形验证码不能为空]]></item>
		        <item id="langs041"><![CDATA[图形验证码无效]]></item>
		        <item id="langs042"><![CDATA[手机号与验证码不匹配]]></item>
		        <item id="langs043"><![CDATA[验证码已过期]]></item>
		        <item id="langs044"><![CDATA[手机号已被暂用]]></item>
		        <item id="langs045"><![CDATA[验证码不能为空]]></item>
		        <item id="langs046"><![CDATA[您的IP地址在]]></item>
		        <item id="langs047"><![CDATA[小时内无法注册]]></item>
		        <item id="langs048"><![CDATA[IP地址在24小时内只能注册]]></item>
		        <item id="langs049"><![CDATA[次]]></item>
		        <item id="langs050"><![CDATA[注册登录成功]]></item>
		        <item id="langs051"><![CDATA[注册失败,请稍后再试]]></item>
		        <item id="langs052"><![CDATA[用户名不能为空]]></item>
		        <item id="langs053"><![CDATA[密码不能为空]]></item>
		        <item id="langs054"><![CDATA[登录成功]]></item>
		        <item id="langs055"><![CDATA[手机号不存在]]></item>
		        <item id="langs056"><![CDATA[密码重置成功]]></item>
		        <item id="langs057"><![CDATA[密码重置失败]]></item>
		        <item id="langs058"><![CDATA[请求错误]]></item>
		        <item id="langs059"><![CDATA[数据丢失,请重新注册]]></item>
		        <item id="langs060"><![CDATA[登录失败,请稍后再试]]></item>
		        <item id="langs061"><![CDATA[尚未登录]]></item>
		        <item id="langs062"><![CDATA[缺少参数,授权失败]]></item>
		        <item id="langs063"><![CDATA[授权失败openid_null]]></item>
		        <item id="langs064"><![CDATA[授权失败access_token_null]]></item>
		        <item id="langs065"><![CDATA[需要登录后才可操作]]></item>
		        <item id="langs066"><![CDATA[系统错误]]></item>
		        <item id="langs067"><![CDATA[缺少参数]]></item>
		        <item id="langs068"><![CDATA[手机号已绑定]]></item>
		        <item id="langs069"><![CDATA[绑定成功]]></item>
		        <item id="langs070"><![CDATA[账号已授权]]></item>
		        <item id="langs071"><![CDATA[已解除绑定]]></item>
		        <item id="langs072"><![CDATA[解绑成功]]></item>
		        <item id="langs073"><![CDATA[尚未登录，请先登录]]></item>
		        <item id="langs074"><![CDATA[其他登录方式]]></item>
		        <item id="langs075"><![CDATA[手机号绑定提示]]></item>
		        <item id="langs076"><![CDATA[用户名包含敏感字符]]></item>
		        <item id="langs077"><![CDATA[用户名包含被系统屏蔽的字符]]></item>
		        <item id="langs078"><![CDATA[该用户名已被注册]]></item>
		        <item id="langs079"><![CDATA[Email地址无效]]></item>
		        <item id="langs080"><![CDATA[抱歉，Email包含不可使用的邮箱域名]]></item>
		        <item id="langs081"><![CDATA[该Email地址已被注册]]></item>
		        <item id="langs082"><![CDATA[未定义操作]]></item>
		        <item id="langs083"><![CDATA[用户名密码不正确]]></item>
		        <item id="langs084"><![CDATA[登录成功]]></item>
		        <item id="langs085"><![CDATA[登录失败用户不存在]]></item>
		        <item id="langs086"><![CDATA[短信发送成功]]></item>
		        <item id="langs087"><![CDATA[参数不全]]></item>
		        <item id="langs088"><![CDATA[服务器不支持curl]]></item>
		        <item id="langs089"><![CDATA[密码错误]]></item>
		        <item id="langs090"><![CDATA[账号不存在]]></item>
		        <item id="langs091"><![CDATA[余额不足]]></item>
		        <item id="langs092"><![CDATA[帐户已过期]]></item>
		        <item id="langs093"><![CDATA[IP地址限制]]></item>
		        <item id="langs094"><![CDATA[内容含有敏感词]]></item>
		        <item id="langs095"><![CDATA[未定义错误]]></item>
		        <item id="langs096"><![CDATA[用户昵称不能为空]]></item>
		        <item id="langs097"><![CDATA[用户昵称不能小于3个字符]]></item>
		        <item id="langs098"><![CDATA[用户昵称不能大于15个字符]]></item>
		        <item id="langs099"><![CDATA[用户昵称已被暂用]]></item>
		        <item id="langs100"><![CDATA[密码不能为空]]></item>
		        <item id="langs101"><![CDATA[密码太短了至少要]]></item>
		        <item id="langs102"><![CDATA[个字符]]></item>
				<item id="langs103"><![CDATA[【]]></item>
				<item id="langs104"><![CDATA[】]]></item>
				<item id="langs105"><![CDATA[头像]]></item>
				<item id="langs106"><![CDATA[微博openid]]></item>
			</item>
			<item id="templatelang">
				<item id="langt001"><![CDATA[模板语音包]]></item>
				<item id="langt002"><![CDATA[等待验证]]></item>
				<item id="langt003"><![CDATA[等待授权中...]]></item>
				<item id="langt004"><![CDATA[微信扫码绑定]]></item>
				<item id="langt005"><![CDATA[微信扫码登录]]></item>
				<item id="langt006"><![CDATA[手机绑定]]></item>
				<item id="langt007"><![CDATA[微信绑定]]></item>
				<item id="langt008"><![CDATA[微信账号已绑定]]></item>
				<item id="langt009"><![CDATA[取消绑定]]></item>
				<item id="langt010"><![CDATA[使用微信绑定账号，您可以无需记住本站的帐号和密码，随时使用微信快捷登录]]></item>
				<item id="langt011"><![CDATA[微博账号已绑定]]></item>
				<item id="langt012"><![CDATA[使用微博绑定账号，您可以无需记住本站的帐号和密码，随时使用微博快捷登录]]></item>
				<item id="langt013"><![CDATA[已绑定手机号]]></item>
				<item id="langt014"><![CDATA[手机号]]></item>
				<item id="langt015"><![CDATA[验证码]]></item>
				<item id="langt016"><![CDATA[获取验证码]]></item>
				<item id="langt017"><![CDATA[绑定手机]]></item>
				<item id="langt018"><![CDATA[请输入正确的手机号]]></item>
				<item id="langt019"><![CDATA[请输入验证码]]></item>
				<item id="langt020"><![CDATA[重置密码]]></item>
				<item id="langt021"><![CDATA[密码：]]></item>
				<item id="langt022"><![CDATA[验证码：]]></item>
				<item id="langt023"><![CDATA[新密码：]]></item>
				<item id="langt024"><![CDATA[通过邮箱找回密码]]></item>
				<item id="langt025"><![CDATA[请输入密码]]></item>
				<item id="langt026"><![CDATA[请绑定您的已有账号信息]]></item>
				<item id="langt027"><![CDATA[请继续完善您的账号信息]]></item>
				<item id="langt028"><![CDATA[用户名]]></item>
				<item id="langt029"><![CDATA[密码]]></item>
				<item id="langt030"><![CDATA[邀请码]]></item>
				<item id="langt031"><![CDATA[购买邀请码]]></item>
				<item id="langt032"><![CDATA[请输入用户名]]></item>
				<item id="langt033"><![CDATA[手机快捷登录]]></item>
				<item id="langt034"><![CDATA[手机号：]]></item>
				<item id="langt035"><![CDATA[微博绑定]]></item>
				<item id="langt036"><![CDATA[使用QQ绑定账号，您可以无需记住本站的帐号和密码，随时使用QQ快捷登录]]></item>
				<item id="langt037"><![CDATA[QQ绑定]]></item>
				<item id="langt038"><![CDATA[我是新用户]]></item>
				<item id="langt039"><![CDATA[完善您的账号信息注册并绑定]]></item>
				<item id="langt040"><![CDATA[我是老用户]]></item>
				<item id="langt041"><![CDATA[填写您的旧账号信息进行绑定]]></item>
				<item id="langt042"><![CDATA[请选择用户类型后再提交用户信息]]></item>
				<item id="langt043"><![CDATA[提交后创建新账号]]></item>
				<item id="langt044"><![CDATA[提交后绑定旧账号]]></item>
				<item id="langt045"><![CDATA[QQ账号已绑定]]></item>
			</item>
		</item>
		<item id="installfile"><![CDATA[install.php]]></item>
		<item id="uninstallfile"><![CDATA[uninstall.php]]></item>
		<item id="upgradefile"><![CDATA[upgrade.php]]></item>
	</item>
</root>
