<?xml version="1.0" encoding="ISO-8859-1"?>
<root>
	<item id="Title"><![CDATA[Discuz! Plugin]]></item>
	<item id="Version"><![CDATA[X3,X3.1,X3.2,X3.3,X3.4,X3.5]]></item>
	<item id="Time"><![CDATA[2020-03-12 19:32]]></item>
	<item id="From"><![CDATA[DisM!应用中心 (https://dism.taobao.com/)]]></item>
	<item id="Data">
		<item id="plugin">
			<item id="available"><![CDATA[1]]></item>
			<item id="adminid"><![CDATA[0]]></item>
			<item id="name"><![CDATA[贵古-视频上传点播]]></item>
			<item id="identifier"><![CDATA[guiigo_video]]></item>
			<item id="description"><![CDATA[]]></item>
			<item id="datatables"><![CDATA[]]></item>
			<item id="directory"><![CDATA[guiigo_video/]]></item>
			<item id="copyright"><![CDATA[DisM!应用中心(dism.taobao.com)]]></item>
			<item id="version"><![CDATA[V2.2]]></item>
			<item id="__modules">
				<item id="0">
					<item id="name"><![CDATA[admin_video_log]]></item>
					<item id="param"><![CDATA[]]></item>
					<item id="menu"><![CDATA[视频上传记录]]></item>
					<item id="url"><![CDATA[]]></item>
					<item id="type"><![CDATA[3]]></item>
					<item id="adminid"><![CDATA[0]]></item>
					<item id="displayorder"><![CDATA[1]]></item>
					<item id="navtitle"><![CDATA[]]></item>
					<item id="navicon"><![CDATA[]]></item>
					<item id="navsubname"><![CDATA[]]></item>
					<item id="navsuburl"><![CDATA[]]></item>
				</item>
				<item id="1">
					<item id="name"><![CDATA[admin_other]]></item>
					<item id="param"><![CDATA[]]></item>
					<item id="menu"><![CDATA[<style>@keyframes rans {from{backgroud-position: 0 0;}to{background-position: 2000px 0;}}</style> <font style="background: -webkit-linear-gradient(18deg, #3300CC, #660099, #990066, #CC0033, #FF9999, #FF4400, #3300CC); 	background: -moz-linear-gradient(18deg, #3300CC, #660099, #990066, #CC0033, #FF9999, #FF4400, #3300CC); 	background: -ms-linear-gradient(18deg, #3300CC, #660099, #990066, #CC0033, #FF9999, #FF4400, #3300CC);animation: rans 18s linear infinite;-webkit-background-clip: text;color: transparent;">获取更多DisM!插件</font>]]></item>
					<item id="url"><![CDATA[]]></item>
					<item id="type"><![CDATA[3]]></item>
					<item id="adminid"><![CDATA[0]]></item>
					<item id="displayorder"><![CDATA[2]]></item>
					<item id="navtitle"><![CDATA[]]></item>
					<item id="navicon"><![CDATA[]]></item>
					<item id="navsubname"><![CDATA[]]></item>
					<item id="navsuburl"><![CDATA[]]></item>
				</item>
				<item id="2">
					<item id="name"><![CDATA[guiigo_video_hook]]></item>
					<item id="param"><![CDATA[]]></item>
					<item id="menu"><![CDATA[]]></item>
					<item id="url"><![CDATA[]]></item>
					<item id="type"><![CDATA[11]]></item>
					<item id="adminid"><![CDATA[0]]></item>
					<item id="displayorder"><![CDATA[3]]></item>
					<item id="navtitle"><![CDATA[]]></item>
					<item id="navicon"><![CDATA[]]></item>
					<item id="navsubname"><![CDATA[]]></item>
					<item id="navsuburl"><![CDATA[]]></item>
				</item>
				<item id="3">
					<item id="name"><![CDATA[guiigo_video_hook]]></item>
					<item id="param"><![CDATA[]]></item>
					<item id="menu"><![CDATA[]]></item>
					<item id="url"><![CDATA[]]></item>
					<item id="type"><![CDATA[28]]></item>
					<item id="adminid"><![CDATA[0]]></item>
					<item id="displayorder"><![CDATA[4]]></item>
					<item id="navtitle"><![CDATA[]]></item>
					<item id="navicon"><![CDATA[]]></item>
					<item id="navsubname"><![CDATA[]]></item>
					<item id="navsuburl"><![CDATA[]]></item>
				</item>
			</item>
		</item>
		<item id="version"><![CDATA[X3,X3.1,X3.2,X3.3,X3.4,X3.5]]></item>
		<item id="var">
			<item id="0">
				<item id="displayorder"><![CDATA[1]]></item>
				<item id="title"><![CDATA[应用授权key]]></item>
				<item id="description"><![CDATA[]]></item>
				<item id="variable"><![CDATA[authorization_key]]></item>
				<item id="type"><![CDATA[text]]></item>
				<item id="value"><![CDATA[DisM.Taobao.Com]]></item>
				<item id="extra"><![CDATA[]]></item>
			</item>
			<item id="1">
				<item id="displayorder"><![CDATA[2]]></item>
				<item id="title"><![CDATA[阿里AccessKeyId]]></item>
				<item id="description"><![CDATA[]]></item>
				<item id="variable"><![CDATA[video_aliyun_accseekeyid]]></item>
				<item id="type"><![CDATA[text]]></item>
				<item id="value"><![CDATA[]]></item>
				<item id="extra"><![CDATA[]]></item>
			</item>
			<item id="2">
				<item id="displayorder"><![CDATA[3]]></item>
				<item id="title"><![CDATA[阿里AccessKeySecret]]></item>
				<item id="description"><![CDATA[]]></item>
				<item id="variable"><![CDATA[video_aliyun_accseekeyidsecret]]></item>
				<item id="type"><![CDATA[text]]></item>
				<item id="value"><![CDATA[]]></item>
				<item id="extra"><![CDATA[]]></item>
			</item>
			<item id="3">
				<item id="displayorder"><![CDATA[4]]></item>
				<item id="title"><![CDATA[阿里账号ID]]></item>
				<item id="description"><![CDATA[]]></item>
				<item id="variable"><![CDATA[video_aliyun_id]]></item>
				<item id="type"><![CDATA[text]]></item>
				<item id="value"><![CDATA[]]></item>
				<item id="extra"><![CDATA[]]></item>
			</item>
			<item id="4">
				<item id="displayorder"><![CDATA[5]]></item>
				<item id="title"><![CDATA[阿里服务区域标识]]></item>
				<item id="description"><![CDATA[]]></item>
				<item id="variable"><![CDATA[video_aliyun_regionid]]></item>
				<item id="type"><![CDATA[text]]></item>
				<item id="value"><![CDATA[cn-shanghai]]></item>
				<item id="extra"><![CDATA[]]></item>
			</item>
			<item id="5">
				<item id="displayorder"><![CDATA[6]]></item>
				<item id="title"><![CDATA[阿里上传分类ID]]></item>
				<item id="description"><![CDATA[]]></item>
				<item id="variable"><![CDATA[video_aliyun_typeid]]></item>
				<item id="type"><![CDATA[text]]></item>
				<item id="value"><![CDATA[]]></item>
				<item id="extra"><![CDATA[]]></item>
			</item>
			<item id="6">
				<item id="displayorder"><![CDATA[7]]></item>
				<item id="title"><![CDATA[阿里转码模板组ID]]></item>
				<item id="description"><![CDATA[点播控制台 > 转码设置 里查看模版组ID]]></item>
				<item id="variable"><![CDATA[video_aliyun_TemplateGroupId]]></item>
				<item id="type"><![CDATA[text]]></item>
				<item id="value"><![CDATA[]]></item>
				<item id="extra"><![CDATA[]]></item>
			</item>
			<item id="7">
				<item id="displayorder"><![CDATA[8]]></item>
				<item id="title"><![CDATA[阿里存储地址]]></item>
				<item id="description"><![CDATA[点播控制台 > 存储管理 里查看存储地址]]></item>
				<item id="variable"><![CDATA[video_aliyun_StorageLocation]]></item>
				<item id="type"><![CDATA[text]]></item>
				<item id="value"><![CDATA[]]></item>
				<item id="extra"><![CDATA[]]></item>
			</item>
			<item id="8">
				<item id="displayorder"><![CDATA[9]]></item>
				<item id="title"><![CDATA[阿里应用ID]]></item>
				<item id="description"><![CDATA[单个应用无需填写]]></item>
				<item id="variable"><![CDATA[video_aliyun_AppId]]></item>
				<item id="type"><![CDATA[text]]></item>
				<item id="value"><![CDATA[]]></item>
				<item id="extra"><![CDATA[]]></item>
			</item>
			<item id="9">
				<item id="displayorder"><![CDATA[10]]></item>
				<item id="title"><![CDATA[阿里工作流ID]]></item>
				<item id="description"><![CDATA[如果同时设置工作流ID和转码模板组ID，以工作流ID为准。]]></item>
				<item id="variable"><![CDATA[video_aliyun_WorkflowId]]></item>
				<item id="type"><![CDATA[text]]></item>
				<item id="value"><![CDATA[]]></item>
				<item id="extra"><![CDATA[]]></item>
			</item>
			<item id="10">
				<item id="displayorder"><![CDATA[11]]></item>
				<item id="title"><![CDATA[访问域名]]></item>
				<item id="description"><![CDATA[例：http://你的域名/]]></item>
				<item id="variable"><![CDATA[video_aliyun_domain]]></item>
				<item id="type"><![CDATA[text]]></item>
				<item id="value"><![CDATA[]]></item>
				<item id="extra"><![CDATA[]]></item>
			</item>
			<item id="11">
				<item id="displayorder"><![CDATA[12]]></item>
				<item id="title"><![CDATA[视频是否插入帖子内容]]></item>
				<item id="description"><![CDATA[如设置关闭每个帖子中的视频将按照从上到下顺序排版]]></item>
				<item id="variable"><![CDATA[video_aliyun_insertion]]></item>
				<item id="type"><![CDATA[radio]]></item>
				<item id="value"><![CDATA[0]]></item>
				<item id="extra"><![CDATA[]]></item>
			</item>
			<item id="12">
				<item id="displayorder"><![CDATA[13]]></item>
				<item id="title"><![CDATA[开启URL鉴权]]></item>
				<item id="description"><![CDATA[]]></item>
				<item id="variable"><![CDATA[video_aliyun_URLauthentication]]></item>
				<item id="type"><![CDATA[radio]]></item>
				<item id="value"><![CDATA[1]]></item>
				<item id="extra"><![CDATA[]]></item>
			</item>
			<item id="13">
				<item id="displayorder"><![CDATA[14]]></item>
				<item id="title"><![CDATA[URL鉴权主KEY]]></item>
				<item id="description"><![CDATA[]]></item>
				<item id="variable"><![CDATA[video_aliyun_URLkey]]></item>
				<item id="type"><![CDATA[text]]></item>
				<item id="value"><![CDATA[]]></item>
				<item id="extra"><![CDATA[]]></item>
			</item>
			<item id="14">
				<item id="displayorder"><![CDATA[15]]></item>
				<item id="title"><![CDATA[URL鉴权备KEY]]></item>
				<item id="description"><![CDATA[]]></item>
				<item id="variable"><![CDATA[video_aliyun_URLkey2]]></item>
				<item id="type"><![CDATA[text]]></item>
				<item id="value"><![CDATA[]]></item>
				<item id="extra"><![CDATA[]]></item>
			</item>
			<item id="15">
				<item id="displayorder"><![CDATA[16]]></item>
				<item id="title"><![CDATA[允许上传用户组]]></item>
				<item id="description"><![CDATA[]]></item>
				<item id="variable"><![CDATA[video_opengid]]></item>
				<item id="type"><![CDATA[groups]]></item>
				<item id="extra"><![CDATA[]]></item>
				<item id="__value">
					<item id="0"><![CDATA[]]></item>
					<item id="1"><![CDATA[9]]></item>
					<item id="2"><![CDATA[10]]></item>
					<item id="3"><![CDATA[11]]></item>
					<item id="4"><![CDATA[12]]></item>
					<item id="5"><![CDATA[13]]></item>
					<item id="6"><![CDATA[14]]></item>
					<item id="7"><![CDATA[15]]></item>
					<item id="8"><![CDATA[20]]></item>
					<item id="9"><![CDATA[21]]></item>
					<item id="10"><![CDATA[22]]></item>
					<item id="11"><![CDATA[23]]></item>
					<item id="12"><![CDATA[16]]></item>
					<item id="13"><![CDATA[17]]></item>
					<item id="14"><![CDATA[18]]></item>
					<item id="15"><![CDATA[19]]></item>
					<item id="16"><![CDATA[1]]></item>
					<item id="17"><![CDATA[2]]></item>
					<item id="18"><![CDATA[3]]></item>
					<item id="19"><![CDATA[4]]></item>
					<item id="20"><![CDATA[5]]></item>
					<item id="21"><![CDATA[6]]></item>
					<item id="22"><![CDATA[7]]></item>
					<item id="23"><![CDATA[8]]></item>
				</item>
			</item>
			<item id="16">
				<item id="displayorder"><![CDATA[17]]></item>
				<item id="title"><![CDATA[试播用户组]]></item>
				<item id="description"><![CDATA[]]></item>
				<item id="variable"><![CDATA[video_playgid]]></item>
				<item id="type"><![CDATA[groups]]></item>
				<item id="extra"><![CDATA[]]></item>
				<item id="__value">
					<item id="0"><![CDATA[]]></item>
					<item id="1"><![CDATA[9]]></item>
					<item id="2"><![CDATA[10]]></item>
					<item id="3"><![CDATA[11]]></item>
					<item id="4"><![CDATA[12]]></item>
					<item id="5"><![CDATA[13]]></item>
					<item id="6"><![CDATA[14]]></item>
					<item id="7"><![CDATA[15]]></item>
					<item id="8"><![CDATA[20]]></item>
					<item id="9"><![CDATA[21]]></item>
					<item id="10"><![CDATA[22]]></item>
					<item id="11"><![CDATA[23]]></item>
					<item id="12"><![CDATA[16]]></item>
					<item id="13"><![CDATA[17]]></item>
					<item id="14"><![CDATA[18]]></item>
					<item id="15"><![CDATA[19]]></item>
					<item id="16"><![CDATA[1]]></item>
					<item id="17"><![CDATA[2]]></item>
					<item id="18"><![CDATA[3]]></item>
					<item id="19"><![CDATA[4]]></item>
					<item id="20"><![CDATA[5]]></item>
					<item id="21"><![CDATA[6]]></item>
					<item id="22"><![CDATA[7]]></item>
					<item id="23"><![CDATA[8]]></item>
				</item>
			</item>
			<item id="17">
				<item id="displayorder"><![CDATA[18]]></item>
				<item id="title"><![CDATA[允许上传板块]]></item>
				<item id="description"><![CDATA[]]></item>
				<item id="variable"><![CDATA[video_openform]]></item>
				<item id="type"><![CDATA[forums]]></item>
				<item id="extra"><![CDATA[]]></item>
				<item id="__value">
					<item id="0"><![CDATA[]]></item>
					<item id="1"><![CDATA[60]]></item>
					<item id="2"><![CDATA[2]]></item>
					<item id="3"><![CDATA[54]]></item>
					<item id="4"><![CDATA[57]]></item>
					<item id="5"><![CDATA[56]]></item>
					<item id="6"><![CDATA[55]]></item>
					<item id="7"><![CDATA[36]]></item>
					<item id="8"><![CDATA[37]]></item>
					<item id="9"><![CDATA[38]]></item>
					<item id="10"><![CDATA[39]]></item>
					<item id="11"><![CDATA[40]]></item>
					<item id="12"><![CDATA[41]]></item>
					<item id="13"><![CDATA[42]]></item>
					<item id="14"><![CDATA[43]]></item>
					<item id="15"><![CDATA[44]]></item>
					<item id="16"><![CDATA[45]]></item>
					<item id="17"><![CDATA[46]]></item>
					<item id="18"><![CDATA[47]]></item>
					<item id="19"><![CDATA[48]]></item>
					<item id="20"><![CDATA[49]]></item>
					<item id="21"><![CDATA[61]]></item>
					<item id="22"><![CDATA[53]]></item>
					<item id="23"><![CDATA[52]]></item>
					<item id="24"><![CDATA[62]]></item>
				</item>
			</item>
			<item id="18">
				<item id="displayorder"><![CDATA[19]]></item>
				<item id="title"><![CDATA[播放试看时间]]></item>
				<item id="description"><![CDATA[单位/秒   默认视频长度]]></item>
				<item id="variable"><![CDATA[video_aliyun_preview_time]]></item>
				<item id="type"><![CDATA[text]]></item>
				<item id="value"><![CDATA[30]]></item>
				<item id="extra"><![CDATA[]]></item>
			</item>
			<item id="19">
				<item id="displayorder"><![CDATA[20]]></item>
				<item id="title"><![CDATA[播放URL失效时间]]></item>
				<item id="description"><![CDATA[单位/天   默认为1天后失效]]></item>
				<item id="variable"><![CDATA[video_aliyun_day]]></item>
				<item id="type"><![CDATA[text]]></item>
				<item id="value"><![CDATA[]]></item>
				<item id="extra"><![CDATA[]]></item>
			</item>
			<item id="20">
				<item id="displayorder"><![CDATA[21]]></item>
				<item id="title"><![CDATA[视频PC版高度]]></item>
				<item id="description"><![CDATA[]]></item>
				<item id="variable"><![CDATA[video_aliyun_vpc_height]]></item>
				<item id="type"><![CDATA[text]]></item>
				<item id="value"><![CDATA[450px]]></item>
				<item id="extra"><![CDATA[]]></item>
			</item>
			<item id="21">
				<item id="displayorder"><![CDATA[22]]></item>
				<item id="title"><![CDATA[视频PC版宽度]]></item>
				<item id="description"><![CDATA[]]></item>
				<item id="variable"><![CDATA[video_aliyun_vpc_width]]></item>
				<item id="type"><![CDATA[text]]></item>
				<item id="value"><![CDATA[100%]]></item>
				<item id="extra"><![CDATA[]]></item>
			</item>
			<item id="22">
				<item id="displayorder"><![CDATA[23]]></item>
				<item id="title"><![CDATA[视频手机版高度]]></item>
				<item id="description"><![CDATA[]]></item>
				<item id="variable"><![CDATA[video_aliyun_vm_height]]></item>
				<item id="type"><![CDATA[text]]></item>
				<item id="value"><![CDATA[235px]]></item>
				<item id="extra"><![CDATA[]]></item>
			</item>
			<item id="23">
				<item id="displayorder"><![CDATA[24]]></item>
				<item id="title"><![CDATA[视频手机版宽度]]></item>
				<item id="description"><![CDATA[]]></item>
				<item id="variable"><![CDATA[video_aliyun_vm_width]]></item>
				<item id="type"><![CDATA[text]]></item>
				<item id="value"><![CDATA[100%]]></item>
				<item id="extra"><![CDATA[]]></item>
			</item>
			<item id="24">
				<item id="displayorder"><![CDATA[25]]></item>
				<item id="title"><![CDATA[是否开启列表页视频]]></item>
				<item id="description"><![CDATA[]]></item>
				<item id="variable"><![CDATA[video_aliyun_postlist]]></item>
				<item id="type"><![CDATA[radio]]></item>
				<item id="value"><![CDATA[1]]></item>
				<item id="extra"><![CDATA[]]></item>
			</item>
			<item id="25">
				<item id="displayorder"><![CDATA[26]]></item>
				<item id="title"><![CDATA[播放前广告图地址]]></item>
				<item id="description"><![CDATA[]]></item>
				<item id="variable"><![CDATA[video_aliyun_ad_p_src]]></item>
				<item id="type"><![CDATA[text]]></item>
				<item id="value"><![CDATA[source/plugin/guiigo_video/static/img/ad.jpg]]></item>
				<item id="extra"><![CDATA[]]></item>
			</item>
			<item id="26">
				<item id="displayorder"><![CDATA[27]]></item>
				<item id="title"><![CDATA[播放前广告图关闭时间]]></item>
				<item id="description"><![CDATA[]]></item>
				<item id="variable"><![CDATA[video_aliyun_ad_p_time]]></item>
				<item id="type"><![CDATA[text]]></item>
				<item id="value"><![CDATA[3]]></item>
				<item id="extra"><![CDATA[]]></item>
			</item>
			<item id="27">
				<item id="displayorder"><![CDATA[28]]></item>
				<item id="title"><![CDATA[播放前广告图链接]]></item>
				<item id="description"><![CDATA[]]></item>
				<item id="variable"><![CDATA[video_aliyun_ad_p_url]]></item>
				<item id="type"><![CDATA[text]]></item>
				<item id="value"><![CDATA[#]]></item>
				<item id="extra"><![CDATA[]]></item>
			</item>
			<item id="28">
				<item id="displayorder"><![CDATA[29]]></item>
				<item id="title"><![CDATA[播放暂停广告图地址]]></item>
				<item id="description"><![CDATA[]]></item>
				<item id="variable"><![CDATA[video_aliyun_ad_e_src]]></item>
				<item id="type"><![CDATA[text]]></item>
				<item id="value"><![CDATA[source/plugin/guiigo_video/static/img/ad.jpg]]></item>
				<item id="extra"><![CDATA[]]></item>
			</item>
			<item id="29">
				<item id="displayorder"><![CDATA[30]]></item>
				<item id="title"><![CDATA[播放暂停广告图链接]]></item>
				<item id="description"><![CDATA[]]></item>
				<item id="variable"><![CDATA[video_aliyun_ad_e_url]]></item>
				<item id="type"><![CDATA[text]]></item>
				<item id="value"><![CDATA[#]]></item>
				<item id="extra"><![CDATA[]]></item>
			</item>
			<item id="30">
				<item id="displayorder"><![CDATA[31]]></item>
				<item id="title"><![CDATA[试播图片介绍地址]]></item>
				<item id="description"><![CDATA[]]></item>
				<item id="variable"><![CDATA[video_aliyun_sb_p_src]]></item>
				<item id="type"><![CDATA[text]]></item>
				<item id="value"><![CDATA[source/plugin/guiigo_video/static/img/ad.jpg]]></item>
				<item id="extra"><![CDATA[]]></item>
			</item>
			<item id="31">
				<item id="displayorder"><![CDATA[32]]></item>
				<item id="title"><![CDATA[试播图片介绍关闭时间]]></item>
				<item id="description"><![CDATA[]]></item>
				<item id="variable"><![CDATA[video_aliyun_sb_p_time]]></item>
				<item id="type"><![CDATA[text]]></item>
				<item id="value"><![CDATA[3]]></item>
				<item id="extra"><![CDATA[]]></item>
			</item>
			<item id="32">
				<item id="displayorder"><![CDATA[33]]></item>
				<item id="title"><![CDATA[试播图片链接]]></item>
				<item id="description"><![CDATA[]]></item>
				<item id="variable"><![CDATA[video_aliyun_sb_p_url]]></item>
				<item id="type"><![CDATA[text]]></item>
				<item id="value"><![CDATA[#]]></item>
				<item id="extra"><![CDATA[]]></item>
			</item>
			<item id="33">
				<item id="displayorder"><![CDATA[34]]></item>
				<item id="title"><![CDATA[试播暂停图片地址]]></item>
				<item id="description"><![CDATA[]]></item>
				<item id="variable"><![CDATA[video_aliyun_sb_e_src]]></item>
				<item id="type"><![CDATA[text]]></item>
				<item id="value"><![CDATA[source/plugin/guiigo_video/static/img/ad.jpg]]></item>
				<item id="extra"><![CDATA[]]></item>
			</item>
			<item id="34">
				<item id="displayorder"><![CDATA[35]]></item>
				<item id="title"><![CDATA[试播暂停图片链接]]></item>
				<item id="description"><![CDATA[]]></item>
				<item id="variable"><![CDATA[video_aliyun_sb_e_url]]></item>
				<item id="type"><![CDATA[text]]></item>
				<item id="value"><![CDATA[#]]></item>
				<item id="extra"><![CDATA[]]></item>
			</item>
			<item id="35">
				<item id="displayorder"><![CDATA[36]]></item>
				<item id="title"><![CDATA[PC列表页视频高]]></item>
				<item id="description"><![CDATA[]]></item>
				<item id="variable"><![CDATA[video_aliyun_vpcl_height]]></item>
				<item id="type"><![CDATA[text]]></item>
				<item id="value"><![CDATA[280px]]></item>
				<item id="extra"><![CDATA[]]></item>
			</item>
			<item id="36">
				<item id="displayorder"><![CDATA[37]]></item>
				<item id="title"><![CDATA[PC列表页视频宽]]></item>
				<item id="description"><![CDATA[]]></item>
				<item id="variable"><![CDATA[video_aliyun_vpcl_width]]></item>
				<item id="type"><![CDATA[text]]></item>
				<item id="value"><![CDATA[500px]]></item>
				<item id="extra"><![CDATA[]]></item>
			</item>
			<item id="37">
				<item id="displayorder"><![CDATA[38]]></item>
				<item id="title"><![CDATA[列表页视频是否可播放]]></item>
				<item id="description"><![CDATA[开启后视频可以直接列表页播放]]></item>
				<item id="variable"><![CDATA[video_aliyun_postlist_play]]></item>
				<item id="type"><![CDATA[radio]]></item>
				<item id="value"><![CDATA[0]]></item>
				<item id="extra"><![CDATA[]]></item>
			</item>
			<item id="38">
				<item id="displayorder"><![CDATA[39]]></item>
				<item id="title"><![CDATA[默认视频封面url]]></item>
				<item id="description"><![CDATA[]]></item>
				<item id="variable"><![CDATA[video_aliyun_videocover]]></item>
				<item id="type"><![CDATA[text]]></item>
				<item id="value"><![CDATA[]]></item>
				<item id="extra"><![CDATA[]]></item>
			</item>
		</item>
		<item id="language">
			<item id="scriptlang">
				<item id="langs001"><![CDATA[上传用户]]></item>
				<item id="langs002"><![CDATA[查看帖子]]></item>
				<item id="langs003"><![CDATA[视频ID]]></item>
				<item id="langs004"><![CDATA[视频状态]]></item>
				<item id="langs005"><![CDATA[创建时间]]></item>
				<item id="langs006"><![CDATA[发布状态]]></item>
				<item id="langs007"><![CDATA[上传完成]]></item>
				<item id="langs008"><![CDATA[转码完成]]></item>
				<item id="langs009"><![CDATA[截图完成]]></item>
				<item id="langs010"><![CDATA[视频无法播放]]></item>
				<item id="langs011"><![CDATA[视频记录]]></item>
				<item id="langs012"><![CDATA[视频]]></item>
				<item id="langs013"><![CDATA[非法访问]]></item>
				<item id="langs014"><![CDATA[请选择视频文件上传]]></item>
				<item id="langs015"><![CDATA[文件格式不正确]]></item>
				<item id="langs016"><![CDATA[上传失败]]></item>
				<item id="langs017"><![CDATA[上传验证失效]]></item>
				<item id="langs018"><![CDATA[上传失败]]></item>
				<item id="langs019"><![CDATA[操作]]></item>
				<item id="langs020"><![CDATA[正常]]></item>
				<item id="langs021"><![CDATA[更新]]></item>
				<item id="langs022"><![CDATA[更新成功]]></item>
			</item>
			<item id="templatelang">
				<item id="langt001"><![CDATA[上传视频]]></item>
				<item id="langt002"><![CDATA[文件上传成功]]></item>
				<item id="langt003"><![CDATA[文件上传失败]]></item>
				<item id="langt004"><![CDATA[请选择视频文件]]></item>
				<item id="langt005"><![CDATA[请求失败]]></item>
				<item id="langt006"><![CDATA[加载中...]]></item>
			</item>
		</item>
		<item id="installfile"><![CDATA[install.php]]></item>
		<item id="uninstallfile"><![CDATA[uninstall.php]]></item>
	</item>
</root>