<?xml version="1.0" encoding="ISO-8859-1"?>
<root>
	<item id="Title"><![CDATA[Discuz! Plugin]]></item>
	<item id="Version"><![CDATA[X3,X3.1,X3.2,X3.3,X3.4,X3.5]]></item>
	<item id="Time"><![CDATA[2020-03-12 19:32]]></item>
	<item id="From"><![CDATA[我的站點 (http://www.com/)]]></item>
	<item id="Data">
		<item id="plugin">
			<item id="available"><![CDATA[1]]></item>
			<item id="adminid"><![CDATA[0]]></item>
			<item id="name"><![CDATA[貴古-眡頻上傳點播]]></item>
			<item id="identifier"><![CDATA[guiigo_video]]></item>
			<item id="description"><![CDATA[]]></item>
			<item id="datatables"><![CDATA[]]></item>
			<item id="directory"><![CDATA[guiigo_video/]]></item>
			<item id="copyright"><![CDATA[貴古互聯]]></item>
			<item id="version"><![CDATA[V2.2]]></item>
			<item id="__modules">
				<item id="0">
					<item id="name"><![CDATA[admin_video_log]]></item>
					<item id="param"><![CDATA[]]></item>
					<item id="menu"><![CDATA[眡頻上傳記錄]]></item>
					<item id="url"><![CDATA[]]></item>
					<item id="type"><![CDATA[3]]></item>
					<item id="adminid"><![CDATA[0]]></item>
					<item id="displayorder"><![CDATA[1]]></item>
					<item id="navtitle"><![CDATA[]]></item>
					<item id="navicon"><![CDATA[]]></item>
					<item id="navsubname"><![CDATA[]]></item>
					<item id="navsuburl"><![CDATA[]]></item>
				</item>
				<item id="1">
					<item id="name"><![CDATA[admin_other]]></item>
					<item id="param"><![CDATA[]]></item>
					<item id="menu"><![CDATA[<style>@keyframes rans {from{backgroud-position: 0 0;}to{background-position: 2000px 0;}}</style> <font style="background: -webkit-linear-gradient(18deg, #09c, #2366a8, #090, #ff9, #f4e4b4, #FF4400, #c00);background: -moz-linear-gradient(18deg, #3300CC, #660099, #990066, #CC0033, #FF9999, #FF4400, #3300CC);background: -ms-linear-gradient(18deg, #3300CC, #660099, #990066, #CC0033, #FF9999, #FF4400, #3300CC);animation: rans 18s linear infinite;-webkit-background-clip: text;color: transparent;">更新插件</font>]]></item>
					<item id="url"><![CDATA[]]></item>
					<item id="type"><![CDATA[3]]></item>
					<item id="adminid"><![CDATA[0]]></item>
					<item id="displayorder"><![CDATA[2]]></item>
					<item id="navtitle"><![CDATA[]]></item>
					<item id="navicon"><![CDATA[]]></item>
					<item id="navsubname"><![CDATA[]]></item>
					<item id="navsuburl"><![CDATA[]]></item>
				</item>
				<item id="2">
					<item id="name"><![CDATA[guiigo_video_hook]]></item>
					<item id="param"><![CDATA[]]></item>
					<item id="menu"><![CDATA[]]></item>
					<item id="url"><![CDATA[]]></item>
					<item id="type"><![CDATA[11]]></item>
					<item id="adminid"><![CDATA[0]]></item>
					<item id="displayorder"><![CDATA[3]]></item>
					<item id="navtitle"><![CDATA[]]></item>
					<item id="navicon"><![CDATA[]]></item>
					<item id="navsubname"><![CDATA[]]></item>
					<item id="navsuburl"><![CDATA[]]></item>
				</item>
				<item id="3">
					<item id="name"><![CDATA[guiigo_video_hook]]></item>
					<item id="param"><![CDATA[]]></item>
					<item id="menu"><![CDATA[]]></item>
					<item id="url"><![CDATA[]]></item>
					<item id="type"><![CDATA[28]]></item>
					<item id="adminid"><![CDATA[0]]></item>
					<item id="displayorder"><![CDATA[4]]></item>
					<item id="navtitle"><![CDATA[]]></item>
					<item id="navicon"><![CDATA[]]></item>
					<item id="navsubname"><![CDATA[]]></item>
					<item id="navsuburl"><![CDATA[]]></item>
				</item>
			</item>
		</item>
		<item id="version"><![CDATA[X3,X3.1,X3.2,X3.3,X3.4,X3.5]]></item>
		<item id="var">
			<item id="0">
				<item id="displayorder"><![CDATA[1]]></item>
				<item id="title"><![CDATA[應用授權key]]></item>
				<item id="description"><![CDATA[]]></item>
				<item id="variable"><![CDATA[authorization_key]]></item>
				<item id="type"><![CDATA[text]]></item>
				<item id="value"><![CDATA[DisM.Taobao.Com]]></item>
				<item id="extra"><![CDATA[]]></item>
			</item>
			<item id="1">
				<item id="displayorder"><![CDATA[2]]></item>
				<item id="title"><![CDATA[阿裡AccessKeyId]]></item>
				<item id="description"><![CDATA[]]></item>
				<item id="variable"><![CDATA[video_aliyun_accseekeyid]]></item>
				<item id="type"><![CDATA[text]]></item>
				<item id="value"><![CDATA[]]></item>
				<item id="extra"><![CDATA[]]></item>
			</item>
			<item id="2">
				<item id="displayorder"><![CDATA[3]]></item>
				<item id="title"><![CDATA[阿裡AccessKeySecret]]></item>
				<item id="description"><![CDATA[]]></item>
				<item id="variable"><![CDATA[video_aliyun_accseekeyidsecret]]></item>
				<item id="type"><![CDATA[text]]></item>
				<item id="value"><![CDATA[]]></item>
				<item id="extra"><![CDATA[]]></item>
			</item>
			<item id="3">
				<item id="displayorder"><![CDATA[4]]></item>
				<item id="title"><![CDATA[阿裡賬號ID]]></item>
				<item id="description"><![CDATA[]]></item>
				<item id="variable"><![CDATA[video_aliyun_id]]></item>
				<item id="type"><![CDATA[text]]></item>
				<item id="value"><![CDATA[]]></item>
				<item id="extra"><![CDATA[]]></item>
			</item>
			<item id="4">
				<item id="displayorder"><![CDATA[5]]></item>
				<item id="title"><![CDATA[阿裡服務區域標識]]></item>
				<item id="description"><![CDATA[]]></item>
				<item id="variable"><![CDATA[video_aliyun_regionid]]></item>
				<item id="type"><![CDATA[text]]></item>
				<item id="value"><![CDATA[cn-shanghai]]></item>
				<item id="extra"><![CDATA[]]></item>
			</item>
			<item id="5">
				<item id="displayorder"><![CDATA[6]]></item>
				<item id="title"><![CDATA[阿裡上傳分類ID]]></item>
				<item id="description"><![CDATA[]]></item>
				<item id="variable"><![CDATA[video_aliyun_typeid]]></item>
				<item id="type"><![CDATA[text]]></item>
				<item id="value"><![CDATA[]]></item>
				<item id="extra"><![CDATA[]]></item>
			</item>
			<item id="6">
				<item id="displayorder"><![CDATA[7]]></item>
				<item id="title"><![CDATA[阿裡轉碼模板組ID]]></item>
				<item id="description"><![CDATA[點播控制台 > 轉碼設置 裡查看模版組ID]]></item>
				<item id="variable"><![CDATA[video_aliyun_TemplateGroupId]]></item>
				<item id="type"><![CDATA[text]]></item>
				<item id="value"><![CDATA[]]></item>
				<item id="extra"><![CDATA[]]></item>
			</item>
			<item id="7">
				<item id="displayorder"><![CDATA[8]]></item>
				<item id="title"><![CDATA[阿裡存儲地址]]></item>
				<item id="description"><![CDATA[點播控制台 > 存儲琯理 裡查看存儲地址]]></item>
				<item id="variable"><![CDATA[video_aliyun_StorageLocation]]></item>
				<item id="type"><![CDATA[text]]></item>
				<item id="value"><![CDATA[]]></item>
				<item id="extra"><![CDATA[]]></item>
			</item>
			<item id="8">
				<item id="displayorder"><![CDATA[9]]></item>
				<item id="title"><![CDATA[阿裡應用ID]]></item>
				<item id="description"><![CDATA[單個應用無需填寫]]></item>
				<item id="variable"><![CDATA[video_aliyun_AppId]]></item>
				<item id="type"><![CDATA[text]]></item>
				<item id="value"><![CDATA[]]></item>
				<item id="extra"><![CDATA[]]></item>
			</item>
			<item id="9">
				<item id="displayorder"><![CDATA[10]]></item>
				<item id="title"><![CDATA[阿裡工作流ID]]></item>
				<item id="description"><![CDATA[如果同時設置工作流ID和轉碼模板組ID，以工作流ID爲準。]]></item>
				<item id="variable"><![CDATA[video_aliyun_WorkflowId]]></item>
				<item id="type"><![CDATA[text]]></item>
				<item id="value"><![CDATA[]]></item>
				<item id="extra"><![CDATA[]]></item>
			</item>
			<item id="10">
				<item id="displayorder"><![CDATA[11]]></item>
				<item id="title"><![CDATA[訪問域名]]></item>
				<item id="description"><![CDATA[例：http://你的域名/]]></item>
				<item id="variable"><![CDATA[video_aliyun_domain]]></item>
				<item id="type"><![CDATA[text]]></item>
				<item id="value"><![CDATA[]]></item>
				<item id="extra"><![CDATA[]]></item>
			</item>
			<item id="11">
				<item id="displayorder"><![CDATA[12]]></item>
				<item id="title"><![CDATA[眡頻是否插入帖子內容]]></item>
				<item id="description"><![CDATA[如設置關閉每個帖子中的眡頻將按照從上到下順序排版]]></item>
				<item id="variable"><![CDATA[video_aliyun_insertion]]></item>
				<item id="type"><![CDATA[radio]]></item>
				<item id="value"><![CDATA[0]]></item>
				<item id="extra"><![CDATA[]]></item>
			</item>
			<item id="12">
				<item id="displayorder"><![CDATA[13]]></item>
				<item id="title"><![CDATA[開啓URL鋻權]]></item>
				<item id="description"><![CDATA[]]></item>
				<item id="variable"><![CDATA[video_aliyun_URLauthentication]]></item>
				<item id="type"><![CDATA[radio]]></item>
				<item id="value"><![CDATA[1]]></item>
				<item id="extra"><![CDATA[]]></item>
			</item>
			<item id="13">
				<item id="displayorder"><![CDATA[14]]></item>
				<item id="title"><![CDATA[URL鋻權主KEY]]></item>
				<item id="description"><![CDATA[]]></item>
				<item id="variable"><![CDATA[video_aliyun_URLkey]]></item>
				<item id="type"><![CDATA[text]]></item>
				<item id="value"><![CDATA[]]></item>
				<item id="extra"><![CDATA[]]></item>
			</item>
			<item id="14">
				<item id="displayorder"><![CDATA[15]]></item>
				<item id="title"><![CDATA[URL鋻權備KEY]]></item>
				<item id="description"><![CDATA[]]></item>
				<item id="variable"><![CDATA[video_aliyun_URLkey2]]></item>
				<item id="type"><![CDATA[text]]></item>
				<item id="value"><![CDATA[]]></item>
				<item id="extra"><![CDATA[]]></item>
			</item>
			<item id="15">
				<item id="displayorder"><![CDATA[16]]></item>
				<item id="title"><![CDATA[允許上傳用戶組]]></item>
				<item id="description"><![CDATA[]]></item>
				<item id="variable"><![CDATA[video_opengid]]></item>
				<item id="type"><![CDATA[groups]]></item>
				<item id="extra"><![CDATA[]]></item>
				<item id="__value">
					<item id="0"><![CDATA[]]></item>
					<item id="1"><![CDATA[9]]></item>
					<item id="2"><![CDATA[10]]></item>
					<item id="3"><![CDATA[11]]></item>
					<item id="4"><![CDATA[12]]></item>
					<item id="5"><![CDATA[13]]></item>
					<item id="6"><![CDATA[14]]></item>
					<item id="7"><![CDATA[15]]></item>
					<item id="8"><![CDATA[20]]></item>
					<item id="9"><![CDATA[21]]></item>
					<item id="10"><![CDATA[22]]></item>
					<item id="11"><![CDATA[23]]></item>
					<item id="12"><![CDATA[16]]></item>
					<item id="13"><![CDATA[17]]></item>
					<item id="14"><![CDATA[18]]></item>
					<item id="15"><![CDATA[19]]></item>
					<item id="16"><![CDATA[1]]></item>
					<item id="17"><![CDATA[2]]></item>
					<item id="18"><![CDATA[3]]></item>
					<item id="19"><![CDATA[4]]></item>
					<item id="20"><![CDATA[5]]></item>
					<item id="21"><![CDATA[6]]></item>
					<item id="22"><![CDATA[7]]></item>
					<item id="23"><![CDATA[8]]></item>
				</item>
			</item>
			<item id="16">
				<item id="displayorder"><![CDATA[17]]></item>
				<item id="title"><![CDATA[試播用戶組]]></item>
				<item id="description"><![CDATA[]]></item>
				<item id="variable"><![CDATA[video_playgid]]></item>
				<item id="type"><![CDATA[groups]]></item>
				<item id="extra"><![CDATA[]]></item>
				<item id="__value">
					<item id="0"><![CDATA[]]></item>
					<item id="1"><![CDATA[9]]></item>
					<item id="2"><![CDATA[10]]></item>
					<item id="3"><![CDATA[11]]></item>
					<item id="4"><![CDATA[12]]></item>
					<item id="5"><![CDATA[13]]></item>
					<item id="6"><![CDATA[14]]></item>
					<item id="7"><![CDATA[15]]></item>
					<item id="8"><![CDATA[20]]></item>
					<item id="9"><![CDATA[21]]></item>
					<item id="10"><![CDATA[22]]></item>
					<item id="11"><![CDATA[23]]></item>
					<item id="12"><![CDATA[16]]></item>
					<item id="13"><![CDATA[17]]></item>
					<item id="14"><![CDATA[18]]></item>
					<item id="15"><![CDATA[19]]></item>
					<item id="16"><![CDATA[1]]></item>
					<item id="17"><![CDATA[2]]></item>
					<item id="18"><![CDATA[3]]></item>
					<item id="19"><![CDATA[4]]></item>
					<item id="20"><![CDATA[5]]></item>
					<item id="21"><![CDATA[6]]></item>
					<item id="22"><![CDATA[7]]></item>
					<item id="23"><![CDATA[8]]></item>
				</item>
			</item>
			<item id="17">
				<item id="displayorder"><![CDATA[18]]></item>
				<item id="title"><![CDATA[允許上傳板塊]]></item>
				<item id="description"><![CDATA[]]></item>
				<item id="variable"><![CDATA[video_openform]]></item>
				<item id="type"><![CDATA[forums]]></item>
				<item id="extra"><![CDATA[]]></item>
				<item id="__value">
					<item id="0"><![CDATA[]]></item>
					<item id="1"><![CDATA[60]]></item>
					<item id="2"><![CDATA[2]]></item>
					<item id="3"><![CDATA[54]]></item>
					<item id="4"><![CDATA[57]]></item>
					<item id="5"><![CDATA[56]]></item>
					<item id="6"><![CDATA[55]]></item>
					<item id="7"><![CDATA[36]]></item>
					<item id="8"><![CDATA[37]]></item>
					<item id="9"><![CDATA[38]]></item>
					<item id="10"><![CDATA[39]]></item>
					<item id="11"><![CDATA[40]]></item>
					<item id="12"><![CDATA[41]]></item>
					<item id="13"><![CDATA[42]]></item>
					<item id="14"><![CDATA[43]]></item>
					<item id="15"><![CDATA[44]]></item>
					<item id="16"><![CDATA[45]]></item>
					<item id="17"><![CDATA[46]]></item>
					<item id="18"><![CDATA[47]]></item>
					<item id="19"><![CDATA[48]]></item>
					<item id="20"><![CDATA[49]]></item>
					<item id="21"><![CDATA[61]]></item>
					<item id="22"><![CDATA[53]]></item>
					<item id="23"><![CDATA[52]]></item>
					<item id="24"><![CDATA[62]]></item>
				</item>
			</item>
			<item id="18">
				<item id="displayorder"><![CDATA[19]]></item>
				<item id="title"><![CDATA[播放試看時間]]></item>
				<item id="description"><![CDATA[單位/秒   默認眡頻長度]]></item>
				<item id="variable"><![CDATA[video_aliyun_preview_time]]></item>
				<item id="type"><![CDATA[text]]></item>
				<item id="value"><![CDATA[30]]></item>
				<item id="extra"><![CDATA[]]></item>
			</item>
			<item id="19">
				<item id="displayorder"><![CDATA[20]]></item>
				<item id="title"><![CDATA[播放URL失傚時間]]></item>
				<item id="description"><![CDATA[單位/天   默認爲1天後失傚]]></item>
				<item id="variable"><![CDATA[video_aliyun_day]]></item>
				<item id="type"><![CDATA[text]]></item>
				<item id="value"><![CDATA[]]></item>
				<item id="extra"><![CDATA[]]></item>
			</item>
			<item id="20">
				<item id="displayorder"><![CDATA[21]]></item>
				<item id="title"><![CDATA[眡頻PC版高度]]></item>
				<item id="description"><![CDATA[]]></item>
				<item id="variable"><![CDATA[video_aliyun_vpc_height]]></item>
				<item id="type"><![CDATA[text]]></item>
				<item id="value"><![CDATA[450px]]></item>
				<item id="extra"><![CDATA[]]></item>
			</item>
			<item id="21">
				<item id="displayorder"><![CDATA[22]]></item>
				<item id="title"><![CDATA[眡頻PC版寬度]]></item>
				<item id="description"><![CDATA[]]></item>
				<item id="variable"><![CDATA[video_aliyun_vpc_width]]></item>
				<item id="type"><![CDATA[text]]></item>
				<item id="value"><![CDATA[100%]]></item>
				<item id="extra"><![CDATA[]]></item>
			</item>
			<item id="22">
				<item id="displayorder"><![CDATA[23]]></item>
				<item id="title"><![CDATA[眡頻手機版高度]]></item>
				<item id="description"><![CDATA[]]></item>
				<item id="variable"><![CDATA[video_aliyun_vm_height]]></item>
				<item id="type"><![CDATA[text]]></item>
				<item id="value"><![CDATA[235px]]></item>
				<item id="extra"><![CDATA[]]></item>
			</item>
			<item id="23">
				<item id="displayorder"><![CDATA[24]]></item>
				<item id="title"><![CDATA[眡頻手機版寬度]]></item>
				<item id="description"><![CDATA[]]></item>
				<item id="variable"><![CDATA[video_aliyun_vm_width]]></item>
				<item id="type"><![CDATA[text]]></item>
				<item id="value"><![CDATA[100%]]></item>
				<item id="extra"><![CDATA[]]></item>
			</item>
			<item id="24">
				<item id="displayorder"><![CDATA[25]]></item>
				<item id="title"><![CDATA[是否開啓列表頁眡頻]]></item>
				<item id="description"><![CDATA[]]></item>
				<item id="variable"><![CDATA[video_aliyun_postlist]]></item>
				<item id="type"><![CDATA[radio]]></item>
				<item id="value"><![CDATA[1]]></item>
				<item id="extra"><![CDATA[]]></item>
			</item>
			<item id="25">
				<item id="displayorder"><![CDATA[26]]></item>
				<item id="title"><![CDATA[播放前廣告圖地址]]></item>
				<item id="description"><![CDATA[]]></item>
				<item id="variable"><![CDATA[video_aliyun_ad_p_src]]></item>
				<item id="type"><![CDATA[text]]></item>
				<item id="value"><![CDATA[source/plugin/guiigo_video/static/img/ad.jpg]]></item>
				<item id="extra"><![CDATA[]]></item>
			</item>
			<item id="26">
				<item id="displayorder"><![CDATA[27]]></item>
				<item id="title"><![CDATA[播放前廣告圖關閉時間]]></item>
				<item id="description"><![CDATA[]]></item>
				<item id="variable"><![CDATA[video_aliyun_ad_p_time]]></item>
				<item id="type"><![CDATA[text]]></item>
				<item id="value"><![CDATA[3]]></item>
				<item id="extra"><![CDATA[]]></item>
			</item>
			<item id="27">
				<item id="displayorder"><![CDATA[28]]></item>
				<item id="title"><![CDATA[播放前廣告圖鏈接]]></item>
				<item id="description"><![CDATA[]]></item>
				<item id="variable"><![CDATA[video_aliyun_ad_p_url]]></item>
				<item id="type"><![CDATA[text]]></item>
				<item id="value"><![CDATA[#]]></item>
				<item id="extra"><![CDATA[]]></item>
			</item>
			<item id="28">
				<item id="displayorder"><![CDATA[29]]></item>
				<item id="title"><![CDATA[播放暫停廣告圖地址]]></item>
				<item id="description"><![CDATA[]]></item>
				<item id="variable"><![CDATA[video_aliyun_ad_e_src]]></item>
				<item id="type"><![CDATA[text]]></item>
				<item id="value"><![CDATA[source/plugin/guiigo_video/static/img/ad.jpg]]></item>
				<item id="extra"><![CDATA[]]></item>
			</item>
			<item id="29">
				<item id="displayorder"><![CDATA[30]]></item>
				<item id="title"><![CDATA[播放暫停廣告圖鏈接]]></item>
				<item id="description"><![CDATA[]]></item>
				<item id="variable"><![CDATA[video_aliyun_ad_e_url]]></item>
				<item id="type"><![CDATA[text]]></item>
				<item id="value"><![CDATA[#]]></item>
				<item id="extra"><![CDATA[]]></item>
			</item>
			<item id="30">
				<item id="displayorder"><![CDATA[31]]></item>
				<item id="title"><![CDATA[試播圖片介紹地址]]></item>
				<item id="description"><![CDATA[]]></item>
				<item id="variable"><![CDATA[video_aliyun_sb_p_src]]></item>
				<item id="type"><![CDATA[text]]></item>
				<item id="value"><![CDATA[source/plugin/guiigo_video/static/img/ad.jpg]]></item>
				<item id="extra"><![CDATA[]]></item>
			</item>
			<item id="31">
				<item id="displayorder"><![CDATA[32]]></item>
				<item id="title"><![CDATA[試播圖片介紹關閉時間]]></item>
				<item id="description"><![CDATA[]]></item>
				<item id="variable"><![CDATA[video_aliyun_sb_p_time]]></item>
				<item id="type"><![CDATA[text]]></item>
				<item id="value"><![CDATA[3]]></item>
				<item id="extra"><![CDATA[]]></item>
			</item>
			<item id="32">
				<item id="displayorder"><![CDATA[33]]></item>
				<item id="title"><![CDATA[試播圖片鏈接]]></item>
				<item id="description"><![CDATA[]]></item>
				<item id="variable"><![CDATA[video_aliyun_sb_p_url]]></item>
				<item id="type"><![CDATA[text]]></item>
				<item id="value"><![CDATA[#]]></item>
				<item id="extra"><![CDATA[]]></item>
			</item>
			<item id="33">
				<item id="displayorder"><![CDATA[34]]></item>
				<item id="title"><![CDATA[試播暫停圖片地址]]></item>
				<item id="description"><![CDATA[]]></item>
				<item id="variable"><![CDATA[video_aliyun_sb_e_src]]></item>
				<item id="type"><![CDATA[text]]></item>
				<item id="value"><![CDATA[source/plugin/guiigo_video/static/img/ad.jpg]]></item>
				<item id="extra"><![CDATA[]]></item>
			</item>
			<item id="34">
				<item id="displayorder"><![CDATA[35]]></item>
				<item id="title"><![CDATA[試播暫停圖片鏈接]]></item>
				<item id="description"><![CDATA[]]></item>
				<item id="variable"><![CDATA[video_aliyun_sb_e_url]]></item>
				<item id="type"><![CDATA[text]]></item>
				<item id="value"><![CDATA[#]]></item>
				<item id="extra"><![CDATA[]]></item>
			</item>
			<item id="35">
				<item id="displayorder"><![CDATA[36]]></item>
				<item id="title"><![CDATA[PC列表頁眡頻高]]></item>
				<item id="description"><![CDATA[]]></item>
				<item id="variable"><![CDATA[video_aliyun_vpcl_height]]></item>
				<item id="type"><![CDATA[text]]></item>
				<item id="value"><![CDATA[280px]]></item>
				<item id="extra"><![CDATA[]]></item>
			</item>
			<item id="36">
				<item id="displayorder"><![CDATA[37]]></item>
				<item id="title"><![CDATA[PC列表頁眡頻寬]]></item>
				<item id="description"><![CDATA[]]></item>
				<item id="variable"><![CDATA[video_aliyun_vpcl_width]]></item>
				<item id="type"><![CDATA[text]]></item>
				<item id="value"><![CDATA[500px]]></item>
				<item id="extra"><![CDATA[]]></item>
			</item>
			<item id="37">
				<item id="displayorder"><![CDATA[38]]></item>
				<item id="title"><![CDATA[列表頁眡頻是否可播放]]></item>
				<item id="description"><![CDATA[開啓後眡頻可以直接列表頁播放]]></item>
				<item id="variable"><![CDATA[video_aliyun_postlist_play]]></item>
				<item id="type"><![CDATA[radio]]></item>
				<item id="value"><![CDATA[0]]></item>
				<item id="extra"><![CDATA[]]></item>
			</item>
			<item id="38">
				<item id="displayorder"><![CDATA[39]]></item>
				<item id="title"><![CDATA[默認眡頻封麪url]]></item>
				<item id="description"><![CDATA[]]></item>
				<item id="variable"><![CDATA[video_aliyun_videocover]]></item>
				<item id="type"><![CDATA[text]]></item>
				<item id="value"><![CDATA[]]></item>
				<item id="extra"><![CDATA[]]></item>
			</item>
		</item>
		<item id="language">
			<item id="scriptlang">
				<item id="langs001"><![CDATA[上傳用戶]]></item>
				<item id="langs002"><![CDATA[查看帖子]]></item>
				<item id="langs003"><![CDATA[眡頻ID]]></item>
				<item id="langs004"><![CDATA[眡頻狀態]]></item>
				<item id="langs005"><![CDATA[創建時間]]></item>
				<item id="langs006"><![CDATA[發佈狀態]]></item>
				<item id="langs007"><![CDATA[上傳完成]]></item>
				<item id="langs008"><![CDATA[轉碼完成]]></item>
				<item id="langs009"><![CDATA[截圖完成]]></item>
				<item id="langs010"><![CDATA[眡頻無法播放]]></item>
				<item id="langs011"><![CDATA[眡頻記錄]]></item>
				<item id="langs012"><![CDATA[眡頻]]></item>
				<item id="langs013"><![CDATA[非法訪問]]></item>
				<item id="langs014"><![CDATA[請選擇眡頻文件上傳]]></item>
				<item id="langs015"><![CDATA[文件格式不正確]]></item>
				<item id="langs016"><![CDATA[上傳失敗]]></item>
				<item id="langs017"><![CDATA[上傳騐証失傚]]></item>
				<item id="langs018"><![CDATA[上傳失敗]]></item>
				<item id="langs019"><![CDATA[操作]]></item>
				<item id="langs020"><![CDATA[正常]]></item>
				<item id="langs021"><![CDATA[更新]]></item>
				<item id="langs022"><![CDATA[更新成功]]></item>
			</item>
			<item id="templatelang">
				<item id="langt001"><![CDATA[上傳眡頻]]></item>
				<item id="langt002"><![CDATA[文件上傳成功]]></item>
				<item id="langt003"><![CDATA[文件上傳失敗]]></item>
				<item id="langt004"><![CDATA[請選擇眡頻文件]]></item>
				<item id="langt005"><![CDATA[請求失敗]]></item>
				<item id="langt006"><![CDATA[加載中...]]></item>
			</item>
		</item>
		<item id="installfile"><![CDATA[install.php]]></item>
		<item id="uninstallfile"><![CDATA[uninstall.php]]></item>
	</item>
</root>