<?xml version="1.0" encoding="ISO-8859-1"?>
<root>
	<item id="Title"><![CDATA[Discuz! Plugin]]></item>
	<item id="version"><![CDATA[X3,X3.1,X3.2,X3.3,X3.4,F1.0]]></item>
	<item id="Time"><![CDATA[2019-04-20 07:15]]></item>
	<item id="From"><![CDATA[DisM!应用中心 (http://DisM.taobao.com/)]]></item>
	<item id="Data">
		<item id="plugin">
			<item id="available"><![CDATA[1]]></item>
			<item id="adminid"><![CDATA[1]]></item>
			<item id="name"><![CDATA[仁天际-PC模板管理]]></item>
			<item id="identifier"><![CDATA[rtj1009_democp]]></item>
			<item id="description"><![CDATA[本插件为仁天际网络-电脑版模板的配套插件，主要为我们开发的PC模板提供强大、多功能的后台设置。]]></item>
			<item id="datatables"><![CDATA[]]></item>
			<item id="directory"><![CDATA[rtj1009_democp/]]></item>
			<item id="copyright"><![CDATA[DisM!应用中心(dism.taobao.com)]]></item>
			<item id="version"><![CDATA[1.6]]></item>
			<item id="__modules">
				<item id="0">
					<item id="name"><![CDATA[rtj1009_democp]]></item>
					<item id="param"><![CDATA[]]></item>
					<item id="menu"><![CDATA[]]></item>
					<item id="url"><![CDATA[]]></item>
					<item id="type"><![CDATA[11]]></item>
					<item id="adminid"><![CDATA[0]]></item>
					<item id="displayorder"><![CDATA[1]]></item>
					<item id="navtitle"><![CDATA[]]></item>
					<item id="navicon"><![CDATA[]]></item>
					<item id="navsubname"><![CDATA[]]></item>
					<item id="navsuburl"><![CDATA[]]></item>
				</item>
				<item id="1">
					<item id="name"><![CDATA[rtj1009_forumdisplay]]></item>
					<item id="param"><![CDATA[]]></item>
					<item id="menu"><![CDATA[帖子列表样式]]></item>
					<item id="url"><![CDATA[]]></item>
					<item id="type"><![CDATA[3]]></item>
					<item id="adminid"><![CDATA[0]]></item>
					<item id="displayorder"><![CDATA[2]]></item>
					<item id="navtitle"><![CDATA[]]></item>
					<item id="navicon"><![CDATA[]]></item>
					<item id="navsubname"><![CDATA[]]></item>
					<item id="navsuburl"><![CDATA[]]></item>
				</item>
				<item id="2">
					<item id="name"><![CDATA[yingyong]]></item>
					<item id="param"><![CDATA[]]></item>
					<item id="menu"><![CDATA[<font color="red"><b>更多DisM!精品应用</b></font>]]></item>
					<item id="url"><![CDATA[]]></item>
					<item id="type"><![CDATA[3]]></item>
					<item id="adminid"><![CDATA[0]]></item>
					<item id="displayorder"><![CDATA[3]]></item>
					<item id="navtitle"><![CDATA[]]></item>
					<item id="navicon"><![CDATA[]]></item>
					<item id="navsubname"><![CDATA[]]></item>
					<item id="navsuburl"><![CDATA[]]></item>
				</item>
			</item>
		</item>
		<item id="version"><![CDATA[X3,X3.1,X3.2,X3.3,X3.4,F1.0]]></item>
		<item id="var">
			<item id="0">
				<item id="displayorder"><![CDATA[1]]></item>
				<item id="title"><![CDATA[门户首页头部]]></item>
				<item id="description"><![CDATA[设置门户首页是否使用默认头部导航样式，选择是为默认主导航样式，选择否则使用简洁头部样式。]]></item>
				<item id="variable"><![CDATA[ren_hd_portal]]></item>
				<item id="type"><![CDATA[radio]]></item>
				<item id="value"><![CDATA[1]]></item>
				<item id="extra"><![CDATA[]]></item>
			</item>
			<item id="1">
				<item id="displayorder"><![CDATA[2]]></item>
				<item id="title"><![CDATA[门户频道页头部]]></item>
				<item id="description"><![CDATA[设置文章频道是否使用默认头部导航样式，选择是为默认主导航样式，选择否则使用简洁头部样式。]]></item>
				<item id="variable"><![CDATA[ren_hd_portal_list]]></item>
				<item id="type"><![CDATA[radio]]></item>
				<item id="value"><![CDATA[1]]></item>
				<item id="extra"><![CDATA[]]></item>
			</item>
			<item id="2">
				<item id="displayorder"><![CDATA[3]]></item>
				<item id="title"><![CDATA[文章内容页头部]]></item>
				<item id="description"><![CDATA[设置文章内容页是否使用默认头部导航样式，选择是为默认主导航样式，选择否则使用简洁头部样式。]]></item>
				<item id="variable"><![CDATA[ren_hd_portal_view]]></item>
				<item id="type"><![CDATA[radio]]></item>
				<item id="value"><![CDATA[1]]></item>
				<item id="extra"><![CDATA[]]></item>
			</item>
			<item id="3">
				<item id="displayorder"><![CDATA[4]]></item>
				<item id="title"><![CDATA[论坛首页头部]]></item>
				<item id="description"><![CDATA[设置论坛首页是否使用默认头部导航样式，选择是为默认主导航样式，选择否则使用简洁头部样式。]]></item>
				<item id="variable"><![CDATA[ren_hd_forum]]></item>
				<item id="type"><![CDATA[radio]]></item>
				<item id="value"><![CDATA[1]]></item>
				<item id="extra"><![CDATA[]]></item>
			</item>
			<item id="4">
				<item id="displayorder"><![CDATA[5]]></item>
				<item id="title"><![CDATA[帖子列表页头部]]></item>
				<item id="description"><![CDATA[设置帖子列表页是否使用默认头部导航样式，选择是为默认主导航样式，选择否则使用简洁头部样式。]]></item>
				<item id="variable"><![CDATA[ren_hd_forum_list]]></item>
				<item id="type"><![CDATA[radio]]></item>
				<item id="value"><![CDATA[1]]></item>
				<item id="extra"><![CDATA[]]></item>
			</item>
			<item id="5">
				<item id="displayorder"><![CDATA[6]]></item>
				<item id="title"><![CDATA[帖子内容页头部]]></item>
				<item id="description"><![CDATA[设置帖子内容页是否使用默认头部导航样式，选择是为默认主导航样式，选择否则使用简洁头部样式。]]></item>
				<item id="variable"><![CDATA[ren_hd_forum_view]]></item>
				<item id="type"><![CDATA[radio]]></item>
				<item id="value"><![CDATA[1]]></item>
				<item id="extra"><![CDATA[]]></item>
			</item>
			<item id="6">
				<item id="displayorder"><![CDATA[7]]></item>
				<item id="title"><![CDATA[注册页面头部]]></item>
				<item id="description"><![CDATA[设置注册页面是否使用默认头部导航样式，选择是为默认主导航样式，选择否则使用简洁头部样式。]]></item>
				<item id="variable"><![CDATA[ren_hd_register]]></item>
				<item id="type"><![CDATA[radio]]></item>
				<item id="value"><![CDATA[1]]></item>
				<item id="extra"><![CDATA[]]></item>
			</item>
			<item id="7">
				<item id="displayorder"><![CDATA[8]]></item>
				<item id="title"><![CDATA[登录页面头部]]></item>
				<item id="description"><![CDATA[设置登录页面是否使用默认头部导航样式，选择是为默认主导航样式，选择否则使用简洁头部样式。]]></item>
				<item id="variable"><![CDATA[ren_hd_logging]]></item>
				<item id="type"><![CDATA[radio]]></item>
				<item id="value"><![CDATA[1]]></item>
				<item id="extra"><![CDATA[]]></item>
			</item>
			<item id="8">
				<item id="displayorder"><![CDATA[9]]></item>
				<item id="title"><![CDATA[导读页面头部]]></item>
				<item id="description"><![CDATA[设置导读页面是否使用默认头部导航样式，选择是为默认主导航样式，选择否则使用简洁头部样式。]]></item>
				<item id="variable"><![CDATA[ren_hd_guide]]></item>
				<item id="type"><![CDATA[radio]]></item>
				<item id="value"><![CDATA[1]]></item>
				<item id="extra"><![CDATA[]]></item>
			</item>
			<item id="9">
				<item id="displayorder"><![CDATA[10]]></item>
				<item id="title"><![CDATA[群组页面头部]]></item>
				<item id="description"><![CDATA[设置群组页面是否使用默认头部导航样式，选择是为默认主导航样式，选择否则使用简洁头部样式。]]></item>
				<item id="variable"><![CDATA[ren_hd_group]]></item>
				<item id="type"><![CDATA[radio]]></item>
				<item id="value"><![CDATA[1]]></item>
				<item id="extra"><![CDATA[]]></item>
			</item>
			<item id="10">
				<item id="displayorder"><![CDATA[11]]></item>
				<item id="title"><![CDATA[个人中心头部]]></item>
				<item id="description"><![CDATA[设置个人中心（为个人设置、好友、消息、收藏等这些页面，而非个人空间）是否使用默认头部导航样式，选择是为默认主导航样式，选择否则使用简洁头部样式。]]></item>
				<item id="variable"><![CDATA[ren_hd_home]]></item>
				<item id="type"><![CDATA[radio]]></item>
				<item id="value"><![CDATA[1]]></item>
				<item id="extra"><![CDATA[]]></item>
			</item>
			<item id="11">
				<item id="displayorder"><![CDATA[12]]></item>
				<item id="title"><![CDATA[其它页面头部]]></item>
				<item id="description"><![CDATA[设置其它页面（如淘帖、排行榜、帮助、小黑屋、站点统计等这些页面）是否使用默认头部导航样式，选择是为默认主导航样式，选择否则使用简洁头部样式。]]></item>
				<item id="variable"><![CDATA[ren_hd_qita]]></item>
				<item id="type"><![CDATA[radio]]></item>
				<item id="value"><![CDATA[1]]></item>
				<item id="extra"><![CDATA[]]></item>
			</item>
			<item id="12">
				<item id="displayorder"><![CDATA[13]]></item>
				<item id="title"><![CDATA[导航右侧发布按扭是否开启]]></item>
				<item id="description"><![CDATA[在主导航右侧（搜索框右边）的“免费发布信息”按扭是否开启]]></item>
				<item id="variable"><![CDATA[ren_hd_fabu]]></item>
				<item id="type"><![CDATA[radio]]></item>
				<item id="value"><![CDATA[1]]></item>
				<item id="extra"><![CDATA[]]></item>
			</item>
			<item id="13">
				<item id="displayorder"><![CDATA[14]]></item>
				<item id="title"><![CDATA[二级导航样式选择]]></item>
				<item id="description"><![CDATA[选择主导航使用哪种样式]]></item>
				<item id="variable"><![CDATA[ren_hd_xuannav]]></item>
				<item id="type"><![CDATA[select]]></item>
				<item id="value"><![CDATA[3]]></item>
				<item id="extra"><![CDATA[1 = 默认样式
2 = 三栏分类样式
3 = 四栏分类样式]]></item>
			</item>
			<item id="14">
				<item id="displayorder"><![CDATA[15]]></item>
				<item id="title"><![CDATA[个人空间背景样式]]></item>
				<item id="description"><![CDATA[选择个人空间背景图样式]]></item>
				<item id="variable"><![CDATA[ren_home_hdstyle]]></item>
				<item id="type"><![CDATA[select]]></item>
				<item id="value"><![CDATA[2]]></item>
				<item id="extra"><![CDATA[1 = 默认样式
2 = 双层样式]]></item>
			</item>
			<item id="15">
				<item id="displayorder"><![CDATA[16]]></item>
				<item id="title"><![CDATA[论坛首页版块是否新窗打开]]></item>
				<item id="description"><![CDATA[设置点击论坛首页版块列表的版块是否新窗打开，选择”是“点击版块新窗打开，选择“否”点击版块则直接跳转。]]></item>
				<item id="variable"><![CDATA[ren_forum_xc]]></item>
				<item id="type"><![CDATA[radio]]></item>
				<item id="value"><![CDATA[1]]></item>
				<item id="extra"><![CDATA[]]></item>
			</item>
			<item id="16">
				<item id="displayorder"><![CDATA[17]]></item>
				<item id="title"><![CDATA[主导航搜索框样式]]></item>
				<item id="description"><![CDATA[选择主导航上的搜索框使用哪种样式，默认样式的搜索框可选不同类型的结果，简洁样式则默认搜索帖子]]></item>
				<item id="variable"><![CDATA[ren_hd_ssk]]></item>
				<item id="type"><![CDATA[select]]></item>
				<item id="value"><![CDATA[2]]></item>
				<item id="extra"><![CDATA[1 = 简洁样式
2 = 默认样式]]></item>
			</item>
			<item id="17">
				<item id="displayorder"><![CDATA[18]]></item>
				<item id="title"><![CDATA[美食吃货是否显示]]></item>
				<item id="description"><![CDATA[选择”是“门户的美食吃货模块显示，选择“否”则隐藏该模块，此设置需要在导入门户DIY文件后操作，如需隐藏，导入DIY后再隐藏]]></item>
				<item id="variable"><![CDATA[ren_portal_ms]]></item>
				<item id="type"><![CDATA[radio]]></item>
				<item id="value"><![CDATA[1]]></item>
				<item id="extra"><![CDATA[]]></item>
			</item>
			<item id="18">
				<item id="displayorder"><![CDATA[19]]></item>
				<item id="title"><![CDATA[房产楼市是否显示]]></item>
				<item id="description"><![CDATA[选择”是“门户的房产楼市模块显示，选择“否”则隐藏该模块，此设置需要在导入门户DIY文件后操作，如需隐藏，导入DIY后再隐藏]]></item>
				<item id="variable"><![CDATA[ren_portal_fc]]></item>
				<item id="type"><![CDATA[radio]]></item>
				<item id="value"><![CDATA[1]]></item>
				<item id="extra"><![CDATA[]]></item>
			</item>
			<item id="19">
				<item id="displayorder"><![CDATA[20]]></item>
				<item id="title"><![CDATA[装修装饰是否显示]]></item>
				<item id="description"><![CDATA[选择”是“门户的装修装饰模块显示，选择“否”则隐藏该模块，此设置需要在导入门户DIY文件后操作，如需隐藏，导入DIY后再隐藏]]></item>
				<item id="variable"><![CDATA[ren_portal_zx]]></item>
				<item id="type"><![CDATA[radio]]></item>
				<item id="value"><![CDATA[1]]></item>
				<item id="extra"><![CDATA[]]></item>
			</item>
			<item id="20">
				<item id="displayorder"><![CDATA[21]]></item>
				<item id="title"><![CDATA[汽车天地是否显示]]></item>
				<item id="description"><![CDATA[选择”是“门户的汽车天地模块显示，选择“否”则隐藏该模块，此设置需要在导入门户DIY文件后操作，如需隐藏，导入DIY后再隐藏]]></item>
				<item id="variable"><![CDATA[ren_portal_qc]]></item>
				<item id="type"><![CDATA[radio]]></item>
				<item id="value"><![CDATA[1]]></item>
				<item id="extra"><![CDATA[]]></item>
			</item>
			<item id="21">
				<item id="displayorder"><![CDATA[22]]></item>
				<item id="title"><![CDATA[便民信息是否显示]]></item>
				<item id="description"><![CDATA[选择”是“门户的便民信息模块显示，选择“否”则隐藏该模块，此设置需要在导入门户DIY文件后操作，如需隐藏，导入DIY后再隐藏]]></item>
				<item id="variable"><![CDATA[ren_portal_bm]]></item>
				<item id="type"><![CDATA[radio]]></item>
				<item id="value"><![CDATA[1]]></item>
				<item id="extra"><![CDATA[]]></item>
			</item>
			<item id="22">
				<item id="displayorder"><![CDATA[23]]></item>
				<item id="title"><![CDATA[精彩生活是否显示]]></item>
				<item id="description"><![CDATA[选择”是“门户的精彩生活模块显示，选择“否”则隐藏该模块，此设置需要在导入门户DIY文件后操作，如需隐藏，导入DIY后再隐藏]]></item>
				<item id="variable"><![CDATA[ren_portal_sh]]></item>
				<item id="type"><![CDATA[radio]]></item>
				<item id="value"><![CDATA[1]]></item>
				<item id="extra"><![CDATA[]]></item>
			</item>
			<item id="23">
				<item id="displayorder"><![CDATA[24]]></item>
				<item id="title"><![CDATA[社区热图是否显示]]></item>
				<item id="description"><![CDATA[选择”是“门户的社区热图模块显示，选择“否”则隐藏该模块，此设置需要在导入门户DIY文件后操作，如需隐藏，导入DIY后再隐藏]]></item>
				<item id="variable"><![CDATA[ren_portal_tu]]></item>
				<item id="type"><![CDATA[radio]]></item>
				<item id="value"><![CDATA[1]]></item>
				<item id="extra"><![CDATA[]]></item>
			</item>
			<item id="24">
				<item id="displayorder"><![CDATA[25]]></item>
				<item id="title"><![CDATA[门户横幅广告一]]></item>
				<item id="description"><![CDATA[选择”是“门户主导航下的第一条横幅广告显示，选择“否”则隐藏该模块，此设置需要在导入门户DIY文件后操作，如需隐藏，导入DIY后再隐藏]]></item>
				<item id="variable"><![CDATA[ren_ad_yi]]></item>
				<item id="type"><![CDATA[radio]]></item>
				<item id="value"><![CDATA[1]]></item>
				<item id="extra"><![CDATA[]]></item>
			</item>
			<item id="25">
				<item id="displayorder"><![CDATA[26]]></item>
				<item id="title"><![CDATA[门户横幅广告二]]></item>
				<item id="description"><![CDATA[选择”是“门户主导航下的第二条横幅广告显示，选择“否”则隐藏该模块，此设置需要在导入门户DIY文件后操作，如需隐藏，导入DIY后再隐藏]]></item>
				<item id="variable"><![CDATA[ren_ad_e]]></item>
				<item id="type"><![CDATA[radio]]></item>
				<item id="value"><![CDATA[1]]></item>
				<item id="extra"><![CDATA[]]></item>
			</item>
			<item id="26">
				<item id="displayorder"><![CDATA[27]]></item>
				<item id="title"><![CDATA[门户横幅广告三]]></item>
				<item id="description"><![CDATA[选择”是“门户主导航下的第三条横幅广告显示，选择“否”则隐藏该模块，此设置需要在导入门户DIY文件后操作，如需隐藏，导入DIY后再隐藏]]></item>
				<item id="variable"><![CDATA[ren_ad_san]]></item>
				<item id="type"><![CDATA[radio]]></item>
				<item id="value"><![CDATA[1]]></item>
				<item id="extra"><![CDATA[]]></item>
			</item>
			<item id="27">
				<item id="displayorder"><![CDATA[28]]></item>
				<item id="title"><![CDATA[门户单排两图广告]]></item>
				<item id="description"><![CDATA[选择”是“门户主导航下的第四条横幅广告显示，选择“否”则隐藏该模块，此设置需要在导入门户DIY文件后操作，如需隐藏，导入DIY后再隐藏]]></item>
				<item id="variable"><![CDATA[ren_ad_si]]></item>
				<item id="type"><![CDATA[radio]]></item>
				<item id="value"><![CDATA[1]]></item>
				<item id="extra"><![CDATA[]]></item>
			</item>
			<item id="28">
				<item id="displayorder"><![CDATA[29]]></item>
				<item id="title"><![CDATA[门户双排两图广告上]]></item>
				<item id="description"><![CDATA[选择”是“门户美食吃货上方的第一排两图广告显示，选择“否”则隐藏该模块，此设置需要在导入门户DIY文件后操作，如需隐藏，导入DIY后再隐藏]]></item>
				<item id="variable"><![CDATA[ren_ad_wu]]></item>
				<item id="type"><![CDATA[radio]]></item>
				<item id="value"><![CDATA[1]]></item>
				<item id="extra"><![CDATA[]]></item>
			</item>
			<item id="29">
				<item id="displayorder"><![CDATA[30]]></item>
				<item id="title"><![CDATA[门户双排两图广告下]]></item>
				<item id="description"><![CDATA[选择”是“门户美食吃货上方的第二排两图广告显示，选择“否”则隐藏该模块，此设置需要在导入门户DIY文件后操作，如需隐藏，导入DIY后再隐藏]]></item>
				<item id="variable"><![CDATA[ren_ad_liu]]></item>
				<item id="type"><![CDATA[radio]]></item>
				<item id="value"><![CDATA[1]]></item>
				<item id="extra"><![CDATA[]]></item>
			</item>
			<item id="30">
				<item id="displayorder"><![CDATA[31]]></item>
				<item id="title"><![CDATA[门户单排五图广告]]></item>
				<item id="description"><![CDATA[选择”是“门户便民信息上方的五图广告显示，选择“否”则隐藏该模块，此设置需要在导入门户DIY文件后操作，如需隐藏，导入DIY后再隐藏]]></item>
				<item id="variable"><![CDATA[ren_ad_qi]]></item>
				<item id="type"><![CDATA[radio]]></item>
				<item id="value"><![CDATA[1]]></item>
				<item id="extra"><![CDATA[]]></item>
			</item>
			<item id="31">
				<item id="displayorder"><![CDATA[32]]></item>
				<item id="title"><![CDATA[论坛首页图文推荐]]></item>
				<item id="description"><![CDATA[选择”是“论坛首页版块列表上方的图文推荐模块显示，选择“否”则隐藏该模块，此设置需要在导入论坛DIY文件后操作，如需隐藏，导入DIY后再隐藏]]></item>
				<item id="variable"><![CDATA[ren_forum_dyb]]></item>
				<item id="type"><![CDATA[radio]]></item>
				<item id="value"><![CDATA[1]]></item>
				<item id="extra"><![CDATA[]]></item>
			</item>
			<item id="32">
				<item id="displayorder"><![CDATA[33]]></item>
				<item id="title"><![CDATA[论坛版块列表右边栏]]></item>
				<item id="description"><![CDATA[论坛版块列表右边栏是否开启，选是为开启，此设置需要在导入论坛DIY文件后操作，如需隐藏，导入DIY后再选否]]></item>
				<item id="variable"><![CDATA[ren_forum_sd]]></item>
				<item id="type"><![CDATA[radio]]></item>
				<item id="value"><![CDATA[1]]></item>
				<item id="extra"><![CDATA[]]></item>
			</item>
			<item id="33">
				<item id="displayorder"><![CDATA[34]]></item>
				<item id="title"><![CDATA[主导航的二级导航]]></item>
				<item id="description"><![CDATA[选择”是“主导航下的二级导航显示，选择“否”则隐藏该模块]]></item>
				<item id="variable"><![CDATA[ren_hd_nav]]></item>
				<item id="type"><![CDATA[radio]]></item>
				<item id="value"><![CDATA[1]]></item>
				<item id="extra"><![CDATA[]]></item>
			</item>
			<item id="34">
				<item id="displayorder"><![CDATA[35]]></item>
				<item id="title"><![CDATA[门户首页友链是否显示]]></item>
				<item id="description"><![CDATA[选择”是“门户首页友链，选择“否”则隐藏该模块，此设置需要在导入门户DIY文件后操作，如需隐藏，导入DIY后再隐藏]]></item>
				<item id="variable"><![CDATA[ren_portal_yl]]></item>
				<item id="type"><![CDATA[radio]]></item>
				<item id="value"><![CDATA[1]]></item>
				<item id="extra"><![CDATA[]]></item>
			</item>
			<item id="35">
				<item id="displayorder"><![CDATA[36]]></item>
				<item id="title"><![CDATA[帖子页图文推荐是否显示]]></item>
				<item id="description"><![CDATA[选择”是“帖子内容页图文推荐，选择“否”则隐藏该模块，此设置需要在导入门户DIY文件后操作，如需隐藏，导入DIY后再隐藏]]></item>
				<item id="variable"><![CDATA[ren_view_toptj]]></item>
				<item id="type"><![CDATA[radio]]></item>
				<item id="value"><![CDATA[1]]></item>
				<item id="extra"><![CDATA[]]></item>
			</item>
			<item id="36">
				<item id="displayorder"><![CDATA[37]]></item>
				<item id="title"><![CDATA[帖子页精选推荐是否显示]]></item>
				<item id="description"><![CDATA[选择”是“帖子内容页页精选推荐，选择“否”则隐藏该模块，此设置需要在导入门户DIY文件后操作，如需隐藏，导入DIY后再隐藏]]></item>
				<item id="variable"><![CDATA[ren_view_jxtj]]></item>
				<item id="type"><![CDATA[radio]]></item>
				<item id="value"><![CDATA[1]]></item>
				<item id="extra"><![CDATA[]]></item>
			</item>
			<item id="37">
				<item id="displayorder"><![CDATA[38]]></item>
				<item id="title"><![CDATA[帖子标题后的复制链接]]></item>
				<item id="description"><![CDATA[帖子内容页标题后的“复制链接”按扭是否显示，选“是”则显示，选“否”则不显示]]></item>
				<item id="variable"><![CDATA[ren_cp_url]]></item>
				<item id="type"><![CDATA[radio]]></item>
				<item id="value"><![CDATA[1]]></item>
				<item id="extra"><![CDATA[]]></item>
			</item>
			<item id="38">
				<item id="displayorder"><![CDATA[40]]></item>
				<item id="title"><![CDATA[未登录右上角第三方登录]]></item>
				<item id="description"><![CDATA[选择”是“未登录状态的右上角第三方登录按扭，选择“否”则隐藏]]></item>
				<item id="variable"><![CDATA[ren_hd_kjdl]]></item>
				<item id="type"><![CDATA[radio]]></item>
				<item id="value"><![CDATA[0]]></item>
				<item id="extra"><![CDATA[]]></item>
			</item>
			<item id="39">
				<item id="displayorder"><![CDATA[41]]></item>
				<item id="title"><![CDATA[第三方登录按扭上文字]]></item>
				<item id="description"><![CDATA[选择”是“未登录状态的右上角第三方登录按扭显示文字，如：“QQ登录”选择“否”则隐藏文字]]></item>
				<item id="variable"><![CDATA[ren_hd_kjdlwz]]></item>
				<item id="type"><![CDATA[radio]]></item>
				<item id="value"><![CDATA[0]]></item>
				<item id="extra"><![CDATA[]]></item>
			</item>
			<item id="40">
				<item id="displayorder"><![CDATA[42]]></item>
				<item id="title"><![CDATA[导航顶部微信登录链接]]></item>
				<item id="description"><![CDATA[填写右上角微信登录按扭的插件登录链接地址，如:plugin.php?id=rtj1009_weixin&mod=wxlogin&inajax=1]]></item>
				<item id="variable"><![CDATA[pc_hd_wxlogin]]></item>
				<item id="type"><![CDATA[text]]></item>
				<item id="value"><![CDATA[#]]></item>
				<item id="extra"><![CDATA[]]></item>
			</item>
			<item id="41">
				<item id="displayorder"><![CDATA[43]]></item>
				<item id="title"><![CDATA[导航顶部手机端链接]]></item>
				<item id="description"><![CDATA[填写右上角微信登录按扭的插件登录链接地址，如:misc.php?mod=mobile]]></item>
				<item id="variable"><![CDATA[pc_hd_mobile]]></item>
				<item id="type"><![CDATA[text]]></item>
				<item id="value"><![CDATA[misc.php?mod=mobile]]></item>
				<item id="extra"><![CDATA[]]></item>
			</item>
			<item id="42">
				<item id="displayorder"><![CDATA[44]]></item>
				<item id="title"><![CDATA[通用底部的5种备案信息]]></item>
				<item id="description"><![CDATA[选择”是“通用底部的5种备案信息，选择“否”则隐藏该模块]]></item>
				<item id="variable"><![CDATA[ren_ft_baxx]]></item>
				<item id="type"><![CDATA[radio]]></item>
				<item id="value"><![CDATA[1]]></item>
				<item id="extra"><![CDATA[]]></item>
			</item>
			<item id="43">
				<item id="displayorder"><![CDATA[45]]></item>
				<item id="title"><![CDATA[文章频道的相关分类]]></item>
				<item id="description"><![CDATA[文章频道列表页的右侧相关分类是使用自动调用分类还是手动修改，如选手动修改请在list_rtj_zixun.htm进行修改]]></item>
				<item id="variable"><![CDATA[ren_portal_listnav]]></item>
				<item id="type"><![CDATA[select]]></item>
				<item id="value"><![CDATA[1]]></item>
				<item id="extra"><![CDATA[1 = 自动调用
2 = 手动调用]]></item>
			</item>
			<item id="44">
				<item id="displayorder"><![CDATA[46]]></item>
				<item id="title"><![CDATA[文章内容页相关分类]]></item>
				<item id="description"><![CDATA[文章内容页的右侧相关分类是使用自动调用分类还是手动修改，如选手动修改请在view_rtj_zixun进行修改]]></item>
				<item id="variable"><![CDATA[ren_portal_viewnav]]></item>
				<item id="type"><![CDATA[select]]></item>
				<item id="value"><![CDATA[2]]></item>
				<item id="extra"><![CDATA[1 = 自动调用
2 = 手动调用]]></item>
			</item>
			<item id="45">
				<item id="displayorder"><![CDATA[50]]></item>
				<item id="title"><![CDATA[是否开启的视频解析]]></item>
				<item id="description"><![CDATA[是否开启模板自带的的视频解析，如果您有使用其它视频解析，如有与我们自带的视频解析起冲突，请根需需求关掉其中一个]]></item>
				<item id="variable"><![CDATA[pc_video_radio]]></item>
				<item id="type"><![CDATA[radio]]></item>
				<item id="value"><![CDATA[1]]></item>
				<item id="extra"><![CDATA[]]></item>
			</item>
			<item id="46">
				<item id="displayorder"><![CDATA[51]]></item>
				<item id="title"><![CDATA[视频宽度]]></item>
				<item id="description"><![CDATA[默认的0为100%宽，可根据您需求设置]]></item>
				<item id="variable"><![CDATA[pc_vedio_width]]></item>
				<item id="type"><![CDATA[number]]></item>
				<item id="value"><![CDATA[550]]></item>
				<item id="extra"><![CDATA[]]></item>
			</item>
			<item id="47">
				<item id="displayorder"><![CDATA[52]]></item>
				<item id="title"><![CDATA[视频高度]]></item>
				<item id="description"><![CDATA[视频的高度，可根据您需求设置]]></item>
				<item id="variable"><![CDATA[pc_vedio_height]]></item>
				<item id="type"><![CDATA[number]]></item>
				<item id="value"><![CDATA[400]]></item>
				<item id="extra"><![CDATA[]]></item>
			</item>
			<item id="48">
				<item id="displayorder"><![CDATA[53]]></item>
				<item id="title"><![CDATA[网安备案代码]]></item>
				<item id="description"><![CDATA[代码的格式如不懂可联系我们]]></item>
				<item id="variable"><![CDATA[pc_beian]]></item>
				<item id="type"><![CDATA[textarea]]></item>
				<item id="value"><![CDATA[]]></item>
				<item id="extra"><![CDATA[]]></item>
			</item>
		</item>
		<item id="language">
			<item id="scriptlang">
				<item id="rtj1009_001"><![CDATA[版块列表样式设置管理]]></item>
				<item id="rtj1009_002"><![CDATA[操作]]></item>
				<item id="rtj1009_003"><![CDATA[板块名称]]></item>
				<item id="rtj1009_004"><![CDATA[默认样式]]></item>
				<item id="rtj1009_005"><![CDATA[多图样式]]></item>
				<item id="rtj1009_006"><![CDATA[无图样式二]]></item>
				<item id="rtj1009_007"><![CDATA[多图样式二]]></item>
				<item id="rtj1009_008"><![CDATA[修改]]></item>
				<item id="rtj1009_009"><![CDATA[门户样式设置]]></item>
				<item id="rtj1009_010"><![CDATA[论坛样式设置]]></item>
				<item id="rtj1009_011"><![CDATA[全部重置]]></item>
				<item id="rtj1009_012"><![CDATA[全选]]></item>
				<item id="rtj1009_013"><![CDATA[提交]]></item>
				<item id="rtj1009_014"><![CDATA[当前板块名称：]]></item>
				<item id="rtj1009_015"><![CDATA[样式选择：]]></item>
				<item id="rtj1009_016"><![CDATA[重置成功！]]></item>
				<item id="rtj1009_017"><![CDATA[你尚未选择数据]]></item>
				<item id="rtj1009_018"><![CDATA[系统风格]]></item>
				<item id="rtj1009_019"><![CDATA[版块ID]]></item>
				<item id="rtj1009_020"><![CDATA[没有授权，请于disucz应用中心购买正版应用]]></item>
				<item id="rtj1009_021"><![CDATA[单图样式]]></item>
				<item id="cr_cg"><![CDATA[设置成功！]]></item>
				<item id="gx_cg"><![CDATA[更新成功！]]></item>
			</item>
		</item>
		<item id="installfile"><![CDATA[install.php]]></item>
		<item id="uninstallfile"><![CDATA[uninstall.php]]></item>
	</item>
</root>