<?xml version="1.0" encoding="ISO-8859-1"?>
<root>
	<item id="spacecss"><![CDATA[#frameiJpz7z { border:0px !important;}#portal_block_403 { margin:0px !important;}#portal_block_403 .dxb_bc { margin:0px !important;}#portal_block_407 { margin-top:8px !important;}#portal_block_404 { border:0px !important;margin:0px !important;}#portal_block_404 .dxb_bc { margin:0px !important;}#tabAkcU7f { border:0px !important;margin:0px !important;}#portal_block_409 { border:#000000 0px !important;}#portal_block_409 .dxb_bc { margin:0px !important;}]]></item>
	<item id="layoutdata">
		<item id="diy1"><![CDATA[]]></item>
		<item id="vk_diy_l">
			<item id="frame`frameiJpz7z">
				<item id="attr">
					<item id="name"><![CDATA[frameiJpz7z]]></item>
					<item id="moveable"><![CDATA[true]]></item>
					<item id="className"><![CDATA[ frame move-span cl frame-1]]></item>
					<item id="titles"><![CDATA[]]></item>
				</item>
				<item id="column`frameiJpz7z_left">
					<item id="attr">
						<item id="name"><![CDATA[frameiJpz7z_left]]></item>
						<item id="className"><![CDATA[column frame-1-c]]></item>
					</item>
					<item id="block`portal_block_403">
						<item id="attr">
							<item id="name"><![CDATA[portal_block_403]]></item>
							<item id="className"><![CDATA[block move-span]]></item>
							<item id="titles"><![CDATA[]]></item>
						</item>
					</item>
				</item>
			</item>
		</item>
		<item id="vk_diy_m">
			<item id="tab`tabAkcU7f">
				<item id="attr">
					<item id="name"><![CDATA[tabAkcU7f]]></item>
					<item id="moveable"><![CDATA[true]]></item>
					<item id="className"><![CDATA[ frame-tab move-span cl]]></item>
					<item id="titles">
						<item id="className">
							<item id="0"><![CDATA[tab-title title column cl]]></item>
						</item>
						<item id="style"><![CDATA[]]></item>
						<item id="switchType">
							<item id="0"><![CDATA[mouseover]]></item>
						</item>
					</item>
				</item>
				<item id="column`tabAkcU7f_title">
					<item id="attr">
						<item id="name"><![CDATA[tabAkcU7f_title]]></item>
						<item id="className"><![CDATA[tab-title title column cl]]></item>
					</item>
					<item id="block`portal_block_404">
						<item id="attr">
							<item id="name"><![CDATA[portal_block_404]]></item>
							<item id="className"><![CDATA[block move-span]]></item>
							<item id="titles">
								<item id="className">
									<item id="0"><![CDATA[blocktitle title]]></item>
								</item>
								<item id="style"><![CDATA[]]></item>
								<item id="first">
									<item id="text"><![CDATA[最新发布]]></item>
									<item id="href"><![CDATA[]]></item>
									<item id="color"><![CDATA[]]></item>
									<item id="float"><![CDATA[]]></item>
									<item id="margin"><![CDATA[]]></item>
									<item id="font-size"><![CDATA[16]]></item>
									<item id="className"><![CDATA[titletext]]></item>
									<item id="src"><![CDATA[]]></item>
								</item>
							</item>
						</item>
					</item>
					<item id="block`portal_block_405">
						<item id="attr">
							<item id="name"><![CDATA[portal_block_405]]></item>
							<item id="className"><![CDATA[block move-span]]></item>
							<item id="titles">
								<item id="className">
									<item id="0"><![CDATA[blocktitle title]]></item>
								</item>
								<item id="style"><![CDATA[]]></item>
								<item id="first">
									<item id="text"><![CDATA[最新回复]]></item>
									<item id="href"><![CDATA[]]></item>
									<item id="color"><![CDATA[]]></item>
									<item id="float"><![CDATA[]]></item>
									<item id="margin"><![CDATA[]]></item>
									<item id="font-size"><![CDATA[16]]></item>
									<item id="className"><![CDATA[titletext]]></item>
									<item id="src"><![CDATA[]]></item>
								</item>
							</item>
						</item>
					</item>
					<item id="block`portal_block_408">
						<item id="attr">
							<item id="name"><![CDATA[portal_block_408]]></item>
							<item id="className"><![CDATA[block move-span]]></item>
							<item id="titles">
								<item id="className">
									<item id="0"><![CDATA[blocktitle title]]></item>
								</item>
								<item id="style"><![CDATA[]]></item>
								<item id="first">
									<item id="text"><![CDATA[热门推荐]]></item>
									<item id="href"><![CDATA[]]></item>
									<item id="color"><![CDATA[]]></item>
									<item id="float"><![CDATA[]]></item>
									<item id="margin"><![CDATA[]]></item>
									<item id="font-size"><![CDATA[16]]></item>
									<item id="className"><![CDATA[titletext]]></item>
									<item id="src"><![CDATA[]]></item>
								</item>
							</item>
						</item>
					</item>
				</item>
			</item>
		</item>
		<item id="vk_diy_r">
			<item id="frame`frameyhdVRb">
				<item id="attr">
					<item id="name"><![CDATA[frameyhdVRb]]></item>
					<item id="moveable"><![CDATA[true]]></item>
					<item id="className"><![CDATA[frame move-span cl frame-1]]></item>
					<item id="titles">
						<item id="className">
							<item id="0"><![CDATA[title frame-title]]></item>
						</item>
						<item id="style"><![CDATA[]]></item>
						<item id="first">
							<item id="text"><![CDATA[社区达人]]></item>
							<item id="href"><![CDATA[]]></item>
							<item id="color"><![CDATA[]]></item>
							<item id="float"><![CDATA[]]></item>
							<item id="margin"><![CDATA[]]></item>
							<item id="font-size"><![CDATA[]]></item>
							<item id="className"><![CDATA[titletext]]></item>
							<item id="src"><![CDATA[]]></item>
						</item>
					</item>
				</item>
				<item id="column`frameyhdVRb_left">
					<item id="attr">
						<item id="name"><![CDATA[frameyhdVRb_left]]></item>
						<item id="className"><![CDATA[column frame-1-c]]></item>
					</item>
					<item id="block`portal_block_407">
						<item id="attr">
							<item id="name"><![CDATA[portal_block_407]]></item>
							<item id="className"><![CDATA[block move-span]]></item>
							<item id="titles"><![CDATA[]]></item>
						</item>
					</item>
				</item>
			</item>
		</item>
		<item id="vk_diy_m_1"><![CDATA[]]></item>
		<item id="diy_chart"><![CDATA[]]></item>
		<item id="diy3"><![CDATA[]]></item>
		<item id="diy2">
			<item id="frame`framexlLzcr">
				<item id="attr">
					<item id="name"><![CDATA[framexlLzcr]]></item>
					<item id="moveable"><![CDATA[true]]></item>
					<item id="className"><![CDATA[frame move-span cl frame-1]]></item>
					<item id="titles">
						<item id="className">
							<item id="0"><![CDATA[title frame-title]]></item>
						</item>
						<item id="style"><![CDATA[]]></item>
						<item id="first">
							<item id="text"><![CDATA[网友晒图]]></item>
							<item id="href"><![CDATA[]]></item>
							<item id="color"><![CDATA[]]></item>
							<item id="float"><![CDATA[]]></item>
							<item id="margin"><![CDATA[]]></item>
							<item id="font-size"><![CDATA[]]></item>
							<item id="className"><![CDATA[titletext]]></item>
							<item id="src"><![CDATA[]]></item>
						</item>
					</item>
				</item>
				<item id="column`framexlLzcr_left">
					<item id="attr">
						<item id="name"><![CDATA[framexlLzcr_left]]></item>
						<item id="className"><![CDATA[column frame-1-c]]></item>
					</item>
					<item id="block`portal_block_411">
						<item id="attr">
							<item id="name"><![CDATA[portal_block_411]]></item>
							<item id="className"><![CDATA[block move-span]]></item>
							<item id="titles"><![CDATA[]]></item>
						</item>
					</item>
				</item>
			</item>
		</item>
		<item id="vk_forum_sd_diy_1">
			<item id="frame`framevIh6qq">
				<item id="attr">
					<item id="name"><![CDATA[framevIh6qq]]></item>
					<item id="moveable"><![CDATA[true]]></item>
					<item id="className"><![CDATA[frame move-span cl frame-1 moving]]></item>
					<item id="titles">
						<item id="className">
							<item id="0"><![CDATA[title frame-title]]></item>
						</item>
						<item id="style"><![CDATA[]]></item>
						<item id="first">
							<item id="text"><![CDATA[热门]]></item>
							<item id="href"><![CDATA[]]></item>
							<item id="color"><![CDATA[]]></item>
							<item id="float"><![CDATA[]]></item>
							<item id="margin"><![CDATA[]]></item>
							<item id="font-size"><![CDATA[]]></item>
							<item id="className"><![CDATA[titletext]]></item>
							<item id="src"><![CDATA[]]></item>
						</item>
					</item>
				</item>
				<item id="column`framevIh6qq_left">
					<item id="attr">
						<item id="name"><![CDATA[framevIh6qq_left]]></item>
						<item id="className"><![CDATA[column frame-1-c]]></item>
					</item>
					<item id="block`portal_block_410">
						<item id="attr">
							<item id="name"><![CDATA[portal_block_410]]></item>
							<item id="className"><![CDATA[block move-span]]></item>
							<item id="titles"><![CDATA[]]></item>
						</item>
					</item>
				</item>
			</item>
		</item>
		<item id="vk_forum_sd_diy_2">
			<item id="frame`framee4F965">
				<item id="attr">
					<item id="name"><![CDATA[framee4F965]]></item>
					<item id="moveable"><![CDATA[true]]></item>
					<item id="className"><![CDATA[frame move-span cl frame-1]]></item>
					<item id="titles">
						<item id="className">
							<item id="0"><![CDATA[title frame-title]]></item>
						</item>
						<item id="style"><![CDATA[]]></item>
						<item id="first">
							<item id="text"><![CDATA[快讯]]></item>
							<item id="href"><![CDATA[]]></item>
							<item id="color"><![CDATA[]]></item>
							<item id="float"><![CDATA[]]></item>
							<item id="margin"><![CDATA[]]></item>
							<item id="font-size"><![CDATA[]]></item>
							<item id="className"><![CDATA[titletext]]></item>
							<item id="src"><![CDATA[]]></item>
						</item>
					</item>
				</item>
				<item id="column`framee4F965_left">
					<item id="attr">
						<item id="name"><![CDATA[framee4F965_left]]></item>
						<item id="className"><![CDATA[column frame-1-c]]></item>
					</item>
					<item id="block`portal_block_409">
						<item id="attr">
							<item id="name"><![CDATA[portal_block_409]]></item>
							<item id="className"><![CDATA[block move-span]]></item>
							<item id="titles"><![CDATA[]]></item>
						</item>
					</item>
				</item>
			</item>
		</item>
		<item id="vk_forum_sd_diy_3"><![CDATA[]]></item>
		<item id="vk_forum_sd_diy_4"><![CDATA[]]></item>
		<item id="vk_forum_sd_diy_5"><![CDATA[]]></item>
	</item>
	<item id="blockdata">
		<item id="block">
			<item id="403">
				<item id="bid"><![CDATA[403]]></item>
				<item id="blockclass"><![CDATA[forum_thread]]></item>
				<item id="blocktype"><![CDATA[0]]></item>
				<item id="name"><![CDATA[论坛-上部左侧-幻灯]]></item>
				<item id="title"><![CDATA[]]></item>
				<item id="classname"><![CDATA[]]></item>
				<item id="summary"><![CDATA[]]></item>
				<item id="uid"><![CDATA[1]]></item>
				<item id="username"><![CDATA[admin]]></item>
				<item id="styleid"><![CDATA[125]]></item>
				<item id="blockstyle"><![CDATA[]]></item>
				<item id="picwidth"><![CDATA[500]]></item>
				<item id="picheight"><![CDATA[315]]></item>
				<item id="target"><![CDATA[blank]]></item>
				<item id="dateformat"><![CDATA[Y-m-d]]></item>
				<item id="dateuformat"><![CDATA[0]]></item>
				<item id="script"><![CDATA[threadnew]]></item>
				<item id="param">
					<item id="fids">
						<item id="0"><![CDATA[0]]></item>
					</item>
					<item id="special">
						<item id="0"><![CDATA[0]]></item>
					</item>
					<item id="viewmod"><![CDATA[0]]></item>
					<item id="rewardstatus"><![CDATA[0]]></item>
					<item id="picrequired"><![CDATA[1]]></item>
					<item id="orderby"><![CDATA[dateline]]></item>
					<item id="postdateline"><![CDATA[0]]></item>
					<item id="lastpost"><![CDATA[0]]></item>
					<item id="titlelength"><![CDATA[50]]></item>
					<item id="summarylength"><![CDATA[80]]></item>
					<item id="startrow"><![CDATA[0]]></item>
					<item id="items"><![CDATA[5]]></item>
				</item>
				<item id="shownum"><![CDATA[5]]></item>
				<item id="cachetime"><![CDATA[3600]]></item>
				<item id="cachetimerange"><![CDATA[]]></item>
				<item id="punctualupdate"><![CDATA[0]]></item>
				<item id="hidedisplay"><![CDATA[0]]></item>
				<item id="dateline"><![CDATA[1583127934]]></item>
				<item id="notinherited"><![CDATA[0]]></item>
				<item id="isblank"><![CDATA[0]]></item>
			</item>
			<item id="404">
				<item id="bid"><![CDATA[404]]></item>
				<item id="blockclass"><![CDATA[forum_thread]]></item>
				<item id="blocktype"><![CDATA[0]]></item>
				<item id="name"><![CDATA[论坛-上部左侧-列表-新帖]]></item>
				<item id="title"><![CDATA[<div class="blocktitle title"><span class="titletext" style="float:;margin-left:px;font-size:16px;color: !important;">最新发布</span></div>]]></item>
				<item id="classname"><![CDATA[]]></item>
				<item id="summary"><![CDATA[]]></item>
				<item id="uid"><![CDATA[1]]></item>
				<item id="username"><![CDATA[admin]]></item>
				<item id="styleid"><![CDATA[227]]></item>
				<item id="blockstyle">
					<item id="name"><![CDATA[]]></item>
					<item id="blockclass"><![CDATA[forum_thread]]></item>
					<item id="makethumb"><![CDATA[0]]></item>
					<item id="getpic"><![CDATA[0]]></item>
					<item id="getsummary"><![CDATA[0]]></item>
					<item id="settarget"><![CDATA[1]]></item>
					<item id="moreurl"><![CDATA[0]]></item>
					<item id="fields">
						<item id="0"><![CDATA[forumurl]]></item>
						<item id="1"><![CDATA[forumname]]></item>
						<item id="2"><![CDATA[url]]></item>
						<item id="3"><![CDATA[title]]></item>
						<item id="4"><![CDATA[dateline]]></item>
					</item>
					<item id="template">
						<item id="raw"><![CDATA[<div class="module cl">
<ul style="">
[loop]
<li style="height:28px; line-height:28px; font-size:14px;   overflow:hidden; "> <span style="width:330px; display: inline-block;"> <a href="{forumurl}" style="color:#f60; font-size:14px;"> {forumname} | </a>  <a href="{url}" title="{title}" {target} style="color:#333; font-size:14px;">{title}</a> </span>
<em style=" font-size:12px; color:#999;"> {dateline} </em>
</li>
[/loop]
</ul>
</div>
]]></item>
						<item id="footer"><![CDATA[]]></item>
						<item id="header"><![CDATA[]]></item>
						<item id="indexplus"><![CDATA[
						]]></item>
						<item id="index"><![CDATA[
						]]></item>
						<item id="orderplus"><![CDATA[
						]]></item>
						<item id="order"><![CDATA[
						]]></item>
						<item id="loopplus"><![CDATA[
						]]></item>
						<item id="loop"><![CDATA[<li style="height:28px; line-height:28px; font-size:14px;   overflow:hidden; "> <span style="width:330px; display: inline-block;"> <a href="{forumurl}" style="color:#f60; font-size:14px;"> {forumname} | </a>  <a href="{url}" title="{title}" {target} style="color:#333; font-size:14px;">{title}</a> </span>
<em style=" font-size:12px; color:#999;"> {dateline} </em>
</li>]]></item>
					</item>
					<item id="hash"><![CDATA[f90097d2]]></item>
				</item>
				<item id="picwidth"><![CDATA[0]]></item>
				<item id="picheight"><![CDATA[0]]></item>
				<item id="target"><![CDATA[blank]]></item>
				<item id="dateformat"><![CDATA[Y-m-d]]></item>
				<item id="dateuformat"><![CDATA[0]]></item>
				<item id="script"><![CDATA[threadnew]]></item>
				<item id="param">
					<item id="fids">
						<item id="0"><![CDATA[0]]></item>
					</item>
					<item id="special">
						<item id="0"><![CDATA[0]]></item>
					</item>
					<item id="viewmod"><![CDATA[0]]></item>
					<item id="rewardstatus"><![CDATA[0]]></item>
					<item id="picrequired"><![CDATA[0]]></item>
					<item id="orderby"><![CDATA[dateline]]></item>
					<item id="postdateline"><![CDATA[0]]></item>
					<item id="lastpost"><![CDATA[0]]></item>
					<item id="titlelength"><![CDATA[44]]></item>
					<item id="summarylength"><![CDATA[80]]></item>
					<item id="startrow"><![CDATA[0]]></item>
					<item id="items"><![CDATA[8]]></item>
				</item>
				<item id="shownum"><![CDATA[8]]></item>
				<item id="cachetime"><![CDATA[3600]]></item>
				<item id="cachetimerange"><![CDATA[]]></item>
				<item id="punctualupdate"><![CDATA[0]]></item>
				<item id="hidedisplay"><![CDATA[0]]></item>
				<item id="dateline"><![CDATA[1583127935]]></item>
				<item id="notinherited"><![CDATA[0]]></item>
				<item id="isblank"><![CDATA[0]]></item>
			</item>
			<item id="405">
				<item id="bid"><![CDATA[405]]></item>
				<item id="blockclass"><![CDATA[forum_thread]]></item>
				<item id="blocktype"><![CDATA[0]]></item>
				<item id="name"><![CDATA[论坛-上部左侧-列表-回复]]></item>
				<item id="title"><![CDATA[<div class="blocktitle title"><span class="titletext" style="float:;margin-left:px;font-size:16px;color: !important;">最新回复</span></div>]]></item>
				<item id="classname"><![CDATA[]]></item>
				<item id="summary"><![CDATA[]]></item>
				<item id="uid"><![CDATA[1]]></item>
				<item id="username"><![CDATA[admin]]></item>
				<item id="styleid"><![CDATA[227]]></item>
				<item id="blockstyle"><![CDATA[]]></item>
				<item id="picwidth"><![CDATA[0]]></item>
				<item id="picheight"><![CDATA[0]]></item>
				<item id="target"><![CDATA[blank]]></item>
				<item id="dateformat"><![CDATA[Y-m-d]]></item>
				<item id="dateuformat"><![CDATA[0]]></item>
				<item id="script"><![CDATA[threadnew]]></item>
				<item id="param">
					<item id="fids">
						<item id="0"><![CDATA[0]]></item>
					</item>
					<item id="special">
						<item id="0"><![CDATA[0]]></item>
					</item>
					<item id="viewmod"><![CDATA[0]]></item>
					<item id="rewardstatus"><![CDATA[0]]></item>
					<item id="picrequired"><![CDATA[0]]></item>
					<item id="orderby"><![CDATA[lastpost]]></item>
					<item id="postdateline"><![CDATA[0]]></item>
					<item id="lastpost"><![CDATA[0]]></item>
					<item id="titlelength"><![CDATA[44]]></item>
					<item id="summarylength"><![CDATA[80]]></item>
					<item id="startrow"><![CDATA[0]]></item>
					<item id="items"><![CDATA[8]]></item>
				</item>
				<item id="shownum"><![CDATA[8]]></item>
				<item id="cachetime"><![CDATA[3600]]></item>
				<item id="cachetimerange"><![CDATA[]]></item>
				<item id="punctualupdate"><![CDATA[0]]></item>
				<item id="hidedisplay"><![CDATA[0]]></item>
				<item id="dateline"><![CDATA[1583128180]]></item>
				<item id="notinherited"><![CDATA[0]]></item>
				<item id="isblank"><![CDATA[0]]></item>
			</item>
			<item id="407">
				<item id="bid"><![CDATA[407]]></item>
				<item id="blockclass"><![CDATA[member_member]]></item>
				<item id="blocktype"><![CDATA[0]]></item>
				<item id="name"><![CDATA[论坛-上部右侧-会员]]></item>
				<item id="title"><![CDATA[]]></item>
				<item id="classname"><![CDATA[]]></item>
				<item id="summary"><![CDATA[]]></item>
				<item id="uid"><![CDATA[1]]></item>
				<item id="username"><![CDATA[admin]]></item>
				<item id="styleid"><![CDATA[229]]></item>
				<item id="blockstyle">
					<item id="name"><![CDATA[]]></item>
					<item id="blockclass"><![CDATA[member_member]]></item>
					<item id="makethumb"><![CDATA[0]]></item>
					<item id="getpic"><![CDATA[0]]></item>
					<item id="getsummary"><![CDATA[0]]></item>
					<item id="settarget"><![CDATA[1]]></item>
					<item id="moreurl"><![CDATA[0]]></item>
					<item id="fields">
						<item id="0"><![CDATA[url]]></item>
						<item id="1"><![CDATA[avatar]]></item>
						<item id="2"><![CDATA[title]]></item>
						<item id="3"><![CDATA[posts]]></item>
					</item>
					<item id="template">
						<item id="raw"><![CDATA[<style type="text/css">
.vk_avt {margin:5px 0; border-bottom:1px solid #eee; clear:both; }
.border_radius_5 { -webkit-border-radius:5px; -moz-border-radius:5px; border-radius:5px; }
.shadow_0 { box-shadow:0px 1px 3px #ddd; }
.side_r_s_avatar_l {float: left; background: #fff; border: none; width: 48px; height: 48px; margin:5px 10px 5px 0;}
	.ie7 .side_r_s_avatar_l { margin:1px 10px 1px 0;}
.side_r_s_avatar_r { float: right;width: 140px; height: 48px; color:#999; overflow: hidden; padding-top:5px; padding-left: 8px;}
.side_r_s_avatar_r h2 {font-size: 14px; font-weight:normal; }
.side_r_s_avatar_r span { float:left; font-size: 12px; }
.side_r_s_avatar_r a {color:#555;}
.side_r_s_avatar_r a:hover {color: #f60; text-decoration: none;}
</style>
<div class="module cl">
<ul>
[loop]
<div class="vk_avt">
       <div class="side_r_s_avatar_l ">
	   		<a href="{url}" c="1"{target}><img src="{avatar}" width="48" height="48" alt="{title}" class="border_radius_5 shadow_0" /></a>
       </div>
       <div class="side_r_s_avatar_r">
       		<h2><a href="{url}"{target}>{title}</a></h2>
       		<span>  贴数：{posts}</span>
  	   </div>
</div>
[/loop]
</ul>
</div>
]]></item>
						<item id="footer"><![CDATA[]]></item>
						<item id="header"><![CDATA[]]></item>
						<item id="indexplus"><![CDATA[
						]]></item>
						<item id="index"><![CDATA[
						]]></item>
						<item id="orderplus"><![CDATA[
						]]></item>
						<item id="order"><![CDATA[
						]]></item>
						<item id="loopplus"><![CDATA[
						]]></item>
						<item id="loop"><![CDATA[<div class="vk_avt">
       <div class="side_r_s_avatar_l ">
	   		<a href="{url}" c="1"{target}><img src="{avatar}" width="48" height="48" alt="{title}" class="border_radius_5 shadow_0" /></a>
       </div>
       <div class="side_r_s_avatar_r">
       		<h2><a href="{url}"{target}>{title}</a></h2>
       		<span>  贴数：{posts}</span>
  	   </div>
</div>]]></item>
					</item>
					<item id="hash"><![CDATA[3d42b785]]></item>
				</item>
				<item id="picwidth"><![CDATA[0]]></item>
				<item id="picheight"><![CDATA[0]]></item>
				<item id="target"><![CDATA[blank]]></item>
				<item id="dateformat"><![CDATA[Y-m-d]]></item>
				<item id="dateuformat"><![CDATA[0]]></item>
				<item id="script"><![CDATA[member]]></item>
				<item id="param">
					<item id="uids"><![CDATA[]]></item>
					<item id="groupid">
						<item id="0"><![CDATA[0]]></item>
					</item>
					<item id="special"><![CDATA[]]></item>
					<item id="gender"><![CDATA[]]></item>
					<item id="xbirthprovince"><![CDATA[]]></item>
					<item id="xresideprovince"><![CDATA[]]></item>
					<item id="avatarstatus"><![CDATA[0]]></item>
					<item id="orderby"><![CDATA[posts]]></item>
					<item id="extcredit"><![CDATA[1]]></item>
					<item id="lastpost"><![CDATA[]]></item>
					<item id="startrow"><![CDATA[0]]></item>
					<item id="items"><![CDATA[4]]></item>
				</item>
				<item id="shownum"><![CDATA[4]]></item>
				<item id="cachetime"><![CDATA[3600]]></item>
				<item id="cachetimerange"><![CDATA[]]></item>
				<item id="punctualupdate"><![CDATA[0]]></item>
				<item id="hidedisplay"><![CDATA[0]]></item>
				<item id="dateline"><![CDATA[1583128248]]></item>
				<item id="notinherited"><![CDATA[0]]></item>
				<item id="isblank"><![CDATA[0]]></item>
			</item>
			<item id="408">
				<item id="bid"><![CDATA[408]]></item>
				<item id="blockclass"><![CDATA[forum_thread]]></item>
				<item id="blocktype"><![CDATA[0]]></item>
				<item id="name"><![CDATA[论坛-热门主题]]></item>
				<item id="title"><![CDATA[<div class="blocktitle title"><span class="titletext" style="float:;margin-left:px;font-size:16px;color: !important;">热门推荐</span></div>]]></item>
				<item id="classname"><![CDATA[]]></item>
				<item id="summary"><![CDATA[]]></item>
				<item id="uid"><![CDATA[1]]></item>
				<item id="username"><![CDATA[admin]]></item>
				<item id="styleid"><![CDATA[227]]></item>
				<item id="blockstyle"><![CDATA[]]></item>
				<item id="picwidth"><![CDATA[0]]></item>
				<item id="picheight"><![CDATA[0]]></item>
				<item id="target"><![CDATA[blank]]></item>
				<item id="dateformat"><![CDATA[Y-m-d]]></item>
				<item id="dateuformat"><![CDATA[0]]></item>
				<item id="script"><![CDATA[threadhot]]></item>
				<item id="param">
					<item id="fids">
						<item id="0"><![CDATA[0]]></item>
					</item>
					<item id="special">
						<item id="0"><![CDATA[0]]></item>
					</item>
					<item id="viewmod"><![CDATA[0]]></item>
					<item id="rewardstatus"><![CDATA[0]]></item>
					<item id="picrequired"><![CDATA[0]]></item>
					<item id="orderby"><![CDATA[views]]></item>
					<item id="postdateline"><![CDATA[0]]></item>
					<item id="lastpost"><![CDATA[0]]></item>
					<item id="titlelength"><![CDATA[44]]></item>
					<item id="summarylength"><![CDATA[80]]></item>
					<item id="items"><![CDATA[8]]></item>
					<item id="startrow"><![CDATA[0]]></item>
				</item>
				<item id="shownum"><![CDATA[8]]></item>
				<item id="cachetime"><![CDATA[3600]]></item>
				<item id="cachetimerange"><![CDATA[]]></item>
				<item id="punctualupdate"><![CDATA[0]]></item>
				<item id="hidedisplay"><![CDATA[0]]></item>
				<item id="dateline"><![CDATA[1583128207]]></item>
				<item id="notinherited"><![CDATA[0]]></item>
				<item id="isblank"><![CDATA[0]]></item>
			</item>
			<item id="409">
				<item id="bid"><![CDATA[409]]></item>
				<item id="blockclass"><![CDATA[forum_thread]]></item>
				<item id="blocktype"><![CDATA[0]]></item>
				<item id="name"><![CDATA[论坛-侧边栏-帖子模块1]]></item>
				<item id="title"><![CDATA[]]></item>
				<item id="classname"><![CDATA[]]></item>
				<item id="summary"><![CDATA[]]></item>
				<item id="uid"><![CDATA[1]]></item>
				<item id="username"><![CDATA[admin]]></item>
				<item id="styleid"><![CDATA[232]]></item>
				<item id="blockstyle"><![CDATA[]]></item>
				<item id="picwidth"><![CDATA[0]]></item>
				<item id="picheight"><![CDATA[0]]></item>
				<item id="target"><![CDATA[blank]]></item>
				<item id="dateformat"><![CDATA[Y-m-d]]></item>
				<item id="dateuformat"><![CDATA[0]]></item>
				<item id="script"><![CDATA[threadnew]]></item>
				<item id="param">
					<item id="fids">
						<item id="0"><![CDATA[0]]></item>
					</item>
					<item id="special">
						<item id="0"><![CDATA[0]]></item>
					</item>
					<item id="viewmod"><![CDATA[0]]></item>
					<item id="rewardstatus"><![CDATA[0]]></item>
					<item id="picrequired"><![CDATA[1]]></item>
					<item id="orderby"><![CDATA[dateline]]></item>
					<item id="postdateline"><![CDATA[0]]></item>
					<item id="lastpost"><![CDATA[0]]></item>
					<item id="titlelength"><![CDATA[40]]></item>
					<item id="summarylength"><![CDATA[80]]></item>
					<item id="startrow"><![CDATA[0]]></item>
					<item id="items"><![CDATA[8]]></item>
				</item>
				<item id="shownum"><![CDATA[8]]></item>
				<item id="cachetime"><![CDATA[3600]]></item>
				<item id="cachetimerange"><![CDATA[]]></item>
				<item id="punctualupdate"><![CDATA[0]]></item>
				<item id="hidedisplay"><![CDATA[0]]></item>
				<item id="dateline"><![CDATA[1583127959]]></item>
				<item id="notinherited"><![CDATA[0]]></item>
				<item id="isblank"><![CDATA[0]]></item>
			</item>
			<item id="410">
				<item id="bid"><![CDATA[410]]></item>
				<item id="blockclass"><![CDATA[forum_thread]]></item>
				<item id="blocktype"><![CDATA[0]]></item>
				<item id="name"><![CDATA[论坛-侧边栏-图文列表模块]]></item>
				<item id="title"><![CDATA[]]></item>
				<item id="classname"><![CDATA[]]></item>
				<item id="summary"><![CDATA[]]></item>
				<item id="uid"><![CDATA[1]]></item>
				<item id="username"><![CDATA[admin]]></item>
				<item id="styleid"><![CDATA[234]]></item>
				<item id="blockstyle"><![CDATA[]]></item>
				<item id="picwidth"><![CDATA[120]]></item>
				<item id="picheight"><![CDATA[90]]></item>
				<item id="target"><![CDATA[blank]]></item>
				<item id="dateformat"><![CDATA[Y-m-d]]></item>
				<item id="dateuformat"><![CDATA[0]]></item>
				<item id="script"><![CDATA[threadnew]]></item>
				<item id="param">
					<item id="fids">
						<item id="0"><![CDATA[0]]></item>
					</item>
					<item id="special">
						<item id="0"><![CDATA[0]]></item>
					</item>
					<item id="viewmod"><![CDATA[0]]></item>
					<item id="rewardstatus"><![CDATA[0]]></item>
					<item id="picrequired"><![CDATA[1]]></item>
					<item id="orderby"><![CDATA[dateline]]></item>
					<item id="postdateline"><![CDATA[0]]></item>
					<item id="lastpost"><![CDATA[0]]></item>
					<item id="titlelength"><![CDATA[40]]></item>
					<item id="summarylength"><![CDATA[40]]></item>
					<item id="startrow"><![CDATA[0]]></item>
					<item id="items"><![CDATA[5]]></item>
				</item>
				<item id="shownum"><![CDATA[5]]></item>
				<item id="cachetime"><![CDATA[3600]]></item>
				<item id="cachetimerange"><![CDATA[]]></item>
				<item id="punctualupdate"><![CDATA[0]]></item>
				<item id="hidedisplay"><![CDATA[0]]></item>
				<item id="dateline"><![CDATA[1583127672]]></item>
				<item id="notinherited"><![CDATA[0]]></item>
				<item id="isblank"><![CDATA[0]]></item>
			</item>
			<item id="411">
				<item id="bid"><![CDATA[411]]></item>
				<item id="blockclass"><![CDATA[forum_thread]]></item>
				<item id="blocktype"><![CDATA[0]]></item>
				<item id="name"><![CDATA[论坛-侧边栏-一列图片]]></item>
				<item id="title"><![CDATA[]]></item>
				<item id="classname"><![CDATA[]]></item>
				<item id="summary"><![CDATA[]]></item>
				<item id="uid"><![CDATA[1]]></item>
				<item id="username"><![CDATA[admin]]></item>
				<item id="styleid"><![CDATA[236]]></item>
				<item id="blockstyle"><![CDATA[]]></item>
				<item id="picwidth"><![CDATA[300]]></item>
				<item id="picheight"><![CDATA[150]]></item>
				<item id="target"><![CDATA[blank]]></item>
				<item id="dateformat"><![CDATA[Y-m-d]]></item>
				<item id="dateuformat"><![CDATA[0]]></item>
				<item id="script"><![CDATA[threadnew]]></item>
				<item id="param">
					<item id="fids">
						<item id="0"><![CDATA[0]]></item>
					</item>
					<item id="special">
						<item id="0"><![CDATA[0]]></item>
					</item>
					<item id="viewmod"><![CDATA[0]]></item>
					<item id="rewardstatus"><![CDATA[0]]></item>
					<item id="picrequired"><![CDATA[1]]></item>
					<item id="orderby"><![CDATA[dateline]]></item>
					<item id="postdateline"><![CDATA[0]]></item>
					<item id="lastpost"><![CDATA[0]]></item>
					<item id="titlelength"><![CDATA[40]]></item>
					<item id="summarylength"><![CDATA[80]]></item>
					<item id="startrow"><![CDATA[0]]></item>
					<item id="items"><![CDATA[1]]></item>
				</item>
				<item id="shownum"><![CDATA[1]]></item>
				<item id="cachetime"><![CDATA[3600]]></item>
				<item id="cachetimerange"><![CDATA[]]></item>
				<item id="punctualupdate"><![CDATA[0]]></item>
				<item id="hidedisplay"><![CDATA[0]]></item>
				<item id="dateline"><![CDATA[1583128209]]></item>
				<item id="notinherited"><![CDATA[0]]></item>
				<item id="isblank"><![CDATA[0]]></item>
			</item>
		</item>
		<item id="style">
			<item id="125">
				<item id="styleid"><![CDATA[125]]></item>
				<item id="blockclass"><![CDATA[forum_thread]]></item>
				<item id="name"><![CDATA[[未来科技-2017]帖子图片幻灯-圆形简约-蓝色-500x315]]></item>
				<item id="template">
					<item id="raw"><![CDATA[


<!--
[未来科技-2017]帖子图片幻灯-圆形简约-蓝色-500x315
-->

<style type="text/css">
.vk_slide_500 { position:relative; overflow:hidden; width:500px; height:315px; }
.vk_slide_500 span { height:50px; font-size:14px;}

.vk_slide_500 .vk_slide_item { position:absolute; top:0; left:0; width:100%; height:100%; }
.vk_slide_item a, .vk_slide_item a:visited { display:block; width:100%; height:100%; color:#FFF; }
.vk_slide_item a:hover { color:#FFF; text-decoration:none; }
.vk_slide_item img { width:100%; height:100%; }
.vk_slide_500 .slideshow li:hover img {opacity:0.9; -moz-opacity:0.9; filter:alpha(opacity=90);}
.vk_slide_item span { position:absolute; left:0; bottom:0; display:block; width:100%; height:50px; overflow:hidden; text-indent:10px; line-height:50px; filter:progid:DXImageTransform.Microsoft.gradient(enabled='true',startColorstr='#66000000',endColorstr='#66000000'); background:rgba(0,0,0,0.4); overflow:hidden; }



.vk_slide_page_circle { position:absolute; right:0; bottom:20px; z-index: 3;}

.vk_slide_page_circle a,.vk_slide_page_circle a:visited  { float: left; margin-right: 5px; width: 10px; height: 10px; overflow:hidden; text-align: center; font: 700 12px/15px ; background: #FFF;  border-radius:5px;/* box-shadow:inset 1px 1px 2px rgba(0,0,0,.4);*/  overflow:hidden; color:#fff; line-height:50px;  }
.vk_slide_page_circle .on, .vk_slide_page_circle .on:visited { text-decoration:none; color:#0ad !important; background:#0ad; }


</style>

<div class="vk_slide_500 slidebox">
	<ul class="slideshow">
		[loop]
		<li class="vk_slide_item" style="width:{picwidth}px; height:{picheight}px;"><a href="{url}"{target} title="{title}"><img src="{pic}" width="{picwidth}" height="{picheight}" /><span>{title}</span></a></li>
		[/loop]
	</ul>

	<div class="vk_slide_page_circle slidebar">
		[loop1]
		<a href="javascript:;">{currentorder}</a>
		[/loop1]
	</div>
</div>
<script type="text/javascript">
runslideshow();
</script>


]]></item>
					<item id="footer"><![CDATA[]]></item>
					<item id="header"><![CDATA[]]></item>
					<item id="indexplus">
					</item>
					<item id="index">
					</item>
					<item id="orderplus">
					</item>
					<item id="order">
					</item>
					<item id="loopplus">
						<item id="1"><![CDATA[<a href="javascript:;">{currentorder}</a>]]></item>
					</item>
					<item id="loop"><![CDATA[<li class="vk_slide_item" style="width:{picwidth}px; height:{picheight}px;"><a href="{url}"{target} title="{title}"><img src="{pic}" width="{picwidth}" height="{picheight}" /><span>{title}</span></a></li>]]></item>
				</item>
				<item id="hash"><![CDATA[ce1546e1]]></item>
				<item id="getpic"><![CDATA[1]]></item>
				<item id="getsummary"><![CDATA[0]]></item>
				<item id="makethumb"><![CDATA[1]]></item>
				<item id="settarget"><![CDATA[1]]></item>
				<item id="fields">
					<item id="0"><![CDATA[url]]></item>
					<item id="1"><![CDATA[title]]></item>
					<item id="2"><![CDATA[pic]]></item>
					<item id="3"><![CDATA[currentorder]]></item>
				</item>
				<item id="moreurl"><![CDATA[0]]></item>
			</item>
			<item id="227">
				<item id="styleid"><![CDATA[227]]></item>
				<item id="blockclass"><![CDATA[forum_thread]]></item>
				<item id="name"><![CDATA[[未来科技]帖子标题调用-可自定义个数-彩色序号-圆形-little]]></item>
				<item id="template">
					<item id="raw"><![CDATA[
<!--
[未来科技]帖子标题调用-可自定义个数-彩色序号-圆形-little
-->
<style>
.vk_rank_color_little { }
.vk_rank_color_little ul li{ height:30px;line-height: 30px;  overflow:hidden; }
.vk_rank_color_little ul li span{ display:block; width:20px; height:20px; line-height:20px; color:#fff; font-size:12px; float:left; text-align:center; border-radius:10px; margin:5px 8px 0 0;}
.vk_rank_color_little ul li a{ font-size:14px; color:#666;}
.vk_rank_color_little ul li a:hover{ color:#f60;}
.vk_rank_color_little ul li span.vk_diy_color_one{ background:#f76;}
.vk_rank_color_little ul li span.vk_diy_color_two{ background:#b7db4c;}
.vk_rank_color_little ul li span.vk_diy_color_three{ background:#9bddf2;}
.vk_rank_color_little ul li span.vk_diy_color_common{ background:#f2f2f2; color:#999; }
.vk_rank_color_little ul li:last-child { border-bottom: none; padding-bottom: 0px; margin-bottom: 0px; }

.vk_rank_color_little li em { display:inline; float:right; font-size:12px; color:#ccc;}

</style>

<div class="module cl xl vk_rank_color_little">
	<ul class=" ">
		[order=1]<li><span class="vk_diy_color_one">{currentorder}</span><a href="{url}" title="{title}" {target}>{title}</a></li>[/order]
		[order=2]<li><span class="vk_diy_color_two">{currentorder}</span><a href="{url}" title="{title}" {target}>{title}</a></li>[/order]
		[order=3]<li><span class="vk_diy_color_three">{currentorder}</span><a href="{url}" title="{title}" {target}>{title}</a></li>[/order]
		[loop]<li><span class="vk_diy_color_common">{currentorder}</span><a href="{url}" title="{title}" {target}>{title}</a></li>[/loop]
	</ul>
</div>
]]></item>
					<item id="footer"><![CDATA[]]></item>
					<item id="header"><![CDATA[]]></item>
					<item id="indexplus">
					</item>
					<item id="index">
					</item>
					<item id="orderplus">
					</item>
					<item id="order">
						<item id="1"><![CDATA[<li><span class="vk_diy_color_one">{currentorder}</span><a href="{url}" title="{title}" {target}>{title}</a></li>]]></item>
						<item id="2"><![CDATA[<li><span class="vk_diy_color_two">{currentorder}</span><a href="{url}" title="{title}" {target}>{title}</a></li>]]></item>
						<item id="3"><![CDATA[<li><span class="vk_diy_color_three">{currentorder}</span><a href="{url}" title="{title}" {target}>{title}</a></li>]]></item>
					</item>
					<item id="loopplus">
					</item>
					<item id="loop"><![CDATA[<li><span class="vk_diy_color_common">{currentorder}</span><a href="{url}" title="{title}" {target}>{title}</a></li>]]></item>
				</item>
				<item id="hash"><![CDATA[da1ec1e1]]></item>
				<item id="getpic"><![CDATA[0]]></item>
				<item id="getsummary"><![CDATA[0]]></item>
				<item id="makethumb"><![CDATA[0]]></item>
				<item id="settarget"><![CDATA[1]]></item>
				<item id="fields">
					<item id="0"><![CDATA[currentorder]]></item>
					<item id="1"><![CDATA[url]]></item>
					<item id="2"><![CDATA[title]]></item>
				</item>
				<item id="moreurl"><![CDATA[0]]></item>
			</item>
			<item id="229">
				<item id="styleid"><![CDATA[229]]></item>
				<item id="blockclass"><![CDATA[member_member]]></item>
				<item id="name"><![CDATA[[未来科技]会员头像-50px-圆形-一列-带序号]]></item>
				<item id="template">
					<item id="raw"><![CDATA[
<!--
[未来科技]会员头像-50px-圆形-一列-带序号
-->
<style type="text/css">
.vk_avt_side_sort { padding:3px 0 3px 0; border-bottom:1px solid #f2f2f2; }
.vk_avt_side_sort:last-child { border-bottom:none; }

.vk_avt_side_sort_l {float: left; display:inline-block; position: relative; background: #fff; border: none; width: 50px; height: 50px; margin:6px 5px 4px 5px;}
.vk_avt_side_sort_l img { border-radius:25px; }
.vk_avt_side_sort_l span { display: block; position: absolute; right: -10px; top: -10px; width: 22px; height: 22px; line-height: 22px; text-align: center; background: #0ad; color: #fff; font-size: 12px; border: 5px solid #fff; border-radius: 15px; } 
.vk_avt_side_sort_l span.vk_avt_color_one { background:#f55;}
.vk_avt_side_sort_l span.vk_avt_color_two { background:#f60;}
.vk_avt_side_sort_l span.vk_avt_color_three { background:#7b2;}
.vk_avt_side_sort_l span.vk_avt_color_four { background:#0ad;}
.vk_avt_side_sort_l span.vk_avt_color_common { background:#9ce;}

.vk_avt_side_sort_r { float:left; margin-left: 10px; height: 50px; color:#ccc; overflow: hidden; padding-top:10px; overflow: hidden; }
.vk_avt_side_sort_r h5 {font-size: 14px; font-weight:normal; }
.vk_avt_side_sort_r a {color:#333;}
.vk_avt_side_sort_r a:hover {color: #f60; text-decoration: none;}
.vk_avt_side_sort_r span { float:left; font-size: 12px; display: inline-block; margin-right: 10px; }
</style>

<div class="module cl" style="margin-top: -5px;">
	<ul>
	[loop]
		<li class="vk_avt_side_sort cl">
		   <div class="vk_avt_side_sort_l animated bounce hvr-wobble-horizontal">
		   		<a href="{url}" c="1"{target}><img src="{avatar}" width="50" height="50" alt="{title}"/><span class="vk_avt_color_common">Lv{currentorder}</span></a>
		   </div>
		   <div class="vk_avt_side_sort_r">
				<h5><a href="{url}"{target}>{title}</a></h5>
				<div><span>发帖:{threads}</span><span>回复:{posts}</span><span>积分:{credits}</span></div>
		   </div>
		</li>
	[/loop]

	[order=1]
		<li class="vk_avt_side_sort cl">
		   <div class="vk_avt_side_sort_l animated bounce hvr-wobble-horizontal">
		   		<a href="{url}" c="1"{target}><img src="{avatar}" width="50" height="50" alt="{title}"/><span class="vk_avt_color_one">Lv{currentorder}</span></a>
		   </div>
		   <div class="vk_avt_side_sort_r">
				<h5><a href="{url}"{target}>{title}</a></h5>
				<div><span>发帖:{threads}</span><span>回复:{posts}</span><span>积分:{credits}</span></div>
		   </div>
		</li>
	[/order]
	[order=2]
		<li class="vk_avt_side_sort cl">
		   <div class="vk_avt_side_sort_l animated bounce hvr-wobble-horizontal">
		   		<a href="{url}" c="1"{target}><img src="{avatar}" width="50" height="50" alt="{title}"/><span class="vk_avt_color_two">Lv{currentorder}</span></a>
		   </div>
		   <div class="vk_avt_side_sort_r">
				<h5><a href="{url}"{target}>{title}</a></h5>
				<div><span>发帖:{threads}</span><span>回复:{posts}</span><span>积分:{credits}</span></div>
		   </div>
		</li>
	[/order]
	[order=3]
		<li class="vk_avt_side_sort cl">
		   <div class="vk_avt_side_sort_l animated bounce hvr-wobble-horizontal">
		   		<a href="{url}" c="1"{target}><img src="{avatar}" width="50" height="50" alt="{title}"/><span class="vk_avt_color_three">Lv{currentorder}</span></a>
		   </div>
		   <div class="vk_avt_side_sort_r">
				<h5><a href="{url}"{target}>{title}</a></h5>
				<div><span>发帖:{threads}</span><span>回复:{posts}</span><span>积分:{credits}</span></div>
		   </div>
		</li>
	[/order]
	[order=4]
		<li class="vk_avt_side_sort cl">
		   <div class="vk_avt_side_sort_l animated bounce hvr-wobble-horizontal">
		   		<a href="{url}" c="1"{target}><img src="{avatar}" width="50" height="50" alt="{title}"/><span class="vk_avt_color_four">Lv{currentorder}</span></a>
		   </div>
		   <div class="vk_avt_side_sort_r">
				<h5><a href="{url}"{target}>{title}</a></h5>
				<div><span>发帖:{threads}</span><span>回复:{posts}</span><span>积分:{credits}</span></div>
		   </div>
		</li>
	[/order]

	</ul>
</div>
]]></item>
					<item id="footer"><![CDATA[]]></item>
					<item id="header"><![CDATA[]]></item>
					<item id="indexplus">
					</item>
					<item id="index">
					</item>
					<item id="orderplus">
					</item>
					<item id="order">
						<item id="1"><![CDATA[<li class="vk_avt_side_sort cl">
		   <div class="vk_avt_side_sort_l animated bounce hvr-wobble-horizontal">
		   		<a href="{url}" c="1"{target}><img src="{avatar}" width="50" height="50" alt="{title}"/><span class="vk_avt_color_one">Lv{currentorder}</span></a>
		   </div>
		   <div class="vk_avt_side_sort_r">
				<h5><a href="{url}"{target}>{title}</a></h5>
				<div><span>发帖:{threads}</span><span>回复:{posts}</span><span>积分:{credits}</span></div>
		   </div>
		</li>]]></item>
						<item id="2"><![CDATA[<li class="vk_avt_side_sort cl">
		   <div class="vk_avt_side_sort_l animated bounce hvr-wobble-horizontal">
		   		<a href="{url}" c="1"{target}><img src="{avatar}" width="50" height="50" alt="{title}"/><span class="vk_avt_color_two">Lv{currentorder}</span></a>
		   </div>
		   <div class="vk_avt_side_sort_r">
				<h5><a href="{url}"{target}>{title}</a></h5>
				<div><span>发帖:{threads}</span><span>回复:{posts}</span><span>积分:{credits}</span></div>
		   </div>
		</li>]]></item>
						<item id="3"><![CDATA[<li class="vk_avt_side_sort cl">
		   <div class="vk_avt_side_sort_l animated bounce hvr-wobble-horizontal">
		   		<a href="{url}" c="1"{target}><img src="{avatar}" width="50" height="50" alt="{title}"/><span class="vk_avt_color_three">Lv{currentorder}</span></a>
		   </div>
		   <div class="vk_avt_side_sort_r">
				<h5><a href="{url}"{target}>{title}</a></h5>
				<div><span>发帖:{threads}</span><span>回复:{posts}</span><span>积分:{credits}</span></div>
		   </div>
		</li>]]></item>
						<item id="4"><![CDATA[<li class="vk_avt_side_sort cl">
		   <div class="vk_avt_side_sort_l animated bounce hvr-wobble-horizontal">
		   		<a href="{url}" c="1"{target}><img src="{avatar}" width="50" height="50" alt="{title}"/><span class="vk_avt_color_four">Lv{currentorder}</span></a>
		   </div>
		   <div class="vk_avt_side_sort_r">
				<h5><a href="{url}"{target}>{title}</a></h5>
				<div><span>发帖:{threads}</span><span>回复:{posts}</span><span>积分:{credits}</span></div>
		   </div>
		</li>]]></item>
					</item>
					<item id="loopplus">
					</item>
					<item id="loop"><![CDATA[<li class="vk_avt_side_sort cl">
		   <div class="vk_avt_side_sort_l animated bounce hvr-wobble-horizontal">
		   		<a href="{url}" c="1"{target}><img src="{avatar}" width="50" height="50" alt="{title}"/><span class="vk_avt_color_common">Lv{currentorder}</span></a>
		   </div>
		   <div class="vk_avt_side_sort_r">
				<h5><a href="{url}"{target}>{title}</a></h5>
				<div><span>发帖:{threads}</span><span>回复:{posts}</span><span>积分:{credits}</span></div>
		   </div>
		</li>]]></item>
				</item>
				<item id="hash"><![CDATA[ea494c78]]></item>
				<item id="getpic"><![CDATA[0]]></item>
				<item id="getsummary"><![CDATA[0]]></item>
				<item id="makethumb"><![CDATA[0]]></item>
				<item id="settarget"><![CDATA[1]]></item>
				<item id="fields">
					<item id="0"><![CDATA[url]]></item>
					<item id="1"><![CDATA[avatar]]></item>
					<item id="2"><![CDATA[title]]></item>
					<item id="3"><![CDATA[currentorder]]></item>
					<item id="4"><![CDATA[threads]]></item>
					<item id="5"><![CDATA[posts]]></item>
					<item id="6"><![CDATA[credits]]></item>
				</item>
				<item id="moreurl"><![CDATA[0]]></item>
			</item>
			<item id="232">
				<item id="styleid"><![CDATA[232]]></item>
				<item id="blockclass"><![CDATA[forum_thread]]></item>
				<item id="name"><![CDATA[[未来科技-2020]帖子标题列表-左时间右标题-小字体样式]]></item>
				<item id="template">
					<item id="raw"><![CDATA[
<!--
[未来科技-2020]帖子标题列表-左时间右标题-小字体样式
-->

<style type="text/css">
.vk_time_title_list_little {}
.vk_time_title_list_little ul { }
.vk_time_title_list_little ul li { position: relative; height: 50px; }

.vk_time_title_list_little ul li .time { float: left; width: 90px; height: 30px; line-height: 30px; margin:10px 0px 0 0; font-size: 12px; color: #999; text-align: center; z-index: 10; }

.vk_time_title_list_little ul li a { display: block; height: 50px; line-height: 50px; font-size: 14px; color: #333; overflow: hidden; }

.vk_time_title_list_little ul li:hover .time { background: #f60; color: #fff; border-radius: 20px; }
.vk_time_title_list_little ul li:hover a { color: #f60; }

.vk_time_title_list_little ul li .list_line { position: relative;}
.vk_time_title_list_little ul li .list_dot { float: left; display: inline-block; width: 7px; height: 7px; background: #f60; border-radius: 100%; margin: 23px 10px 0 0; }

.vk_time_title_list_little li:before { content: ''; position: absolute; z-index: 0; width: 1px; height: 100%; left: 93px; top: 29px; background: #ccc; }
.vk_time_title_list_little li:last-child:before { background: none; }
</style>
<div class="vk_time_title_list_little">
    <ul>
        [loop]
		<li class="list_line"><span class="time">{dateline}</span><i class="list_dot"></i><a href="{url}" target="_blank" title="{title}" >{title}</a></li>
        [/loop]
    </ul>
</div>

]]></item>
					<item id="footer"><![CDATA[]]></item>
					<item id="header"><![CDATA[]]></item>
					<item id="indexplus">
					</item>
					<item id="index">
					</item>
					<item id="orderplus">
					</item>
					<item id="order">
					</item>
					<item id="loopplus">
					</item>
					<item id="loop"><![CDATA[<li class="list_line"><span class="time">{dateline}</span><i class="list_dot"></i><a href="{url}" target="_blank" title="{title}" >{title}</a></li>]]></item>
				</item>
				<item id="hash"><![CDATA[65a48eec]]></item>
				<item id="getpic"><![CDATA[0]]></item>
				<item id="getsummary"><![CDATA[0]]></item>
				<item id="makethumb"><![CDATA[0]]></item>
				<item id="settarget"><![CDATA[0]]></item>
				<item id="fields">
					<item id="0"><![CDATA[dateline]]></item>
					<item id="1"><![CDATA[url]]></item>
					<item id="2"><![CDATA[title]]></item>
				</item>
				<item id="moreurl"><![CDATA[0]]></item>
			</item>
			<item id="234">
				<item id="styleid"><![CDATA[234]]></item>
				<item id="blockclass"><![CDATA[forum_thread]]></item>
				<item id="name"><![CDATA[[未来科技-通用]文章帖子图文列表-首个左图右文-其余列表-带虚线]]></item>
				<item id="template">
					<item id="raw"><![CDATA[<!--
[未来科技-通用]文章帖子图文列表-首个左图右文-其余列表-带虚线
-->
<style type="text/css" >
	.vk_a_blue ,
	.vk_a_blue a ,
	.vk_a_blue li a { color:#18c; }
	.vk_a_black ,
	.vk_a_black a ,
	.vk_a_black li a { color:#555; }

	.vk_a_blue a:hover ,
	.vk_a_blue li a:hover ,
	.vk_a_black a:hover ,
	.vk_a_black li a:hover { color:#f60 ; }

	.vk_xld_diy {}
	.vk_xld_diy li {border-bottom: 1px dashed #ddd;}
	.vk_xld_diy li:last-child {border-bottom: none;}
	.vk_xld_diy .m { margin:0px 8px 10px 0px;}
	.vk_xld_diy dt { padding:0px 0px 10px 0px;}
	.vk_xld_diy dl { margin:0px; }

</style>
<div class="module cl xld vk_xld_diy ">
	<ul>
		[loop]
			<li style=" height:40px; overflow:hidden; " class="vk_a_black" > <a href="{url}" title="{title}"{target} style="height:40px; line-height:40px; font-size:14px;">{title}</a>
			</li>
		[/loop]
		[order=1]
			<li>
				<dl class="cl">
					<dd class="m"><a href="{url}"{target}><img src="{pic}" width="{picwidth}" height="{picheight}" alt="{title}" /></a></dd>
					<dt class="vk_a_blue " style=" font-size:14px; font-weight: normal;">  <a href="{url}" title="{title}"{target}>{title}</a> <br>
					<span  style=" line-height:24px; font-size:12px; color:#999;">{summary}</span> </dt>
				</dl>
			</li>
		[/order]
	</ul>
</div>
]]></item>
					<item id="footer"><![CDATA[]]></item>
					<item id="header"><![CDATA[]]></item>
					<item id="indexplus">
					</item>
					<item id="index">
					</item>
					<item id="orderplus">
					</item>
					<item id="order">
						<item id="1"><![CDATA[<li>
				<dl class="cl">
					<dd class="m"><a href="{url}"{target}><img src="{pic}" width="{picwidth}" height="{picheight}" alt="{title}" /></a></dd>
					<dt class="vk_a_blue " style=" font-size:14px; font-weight: normal;">  <a href="{url}" title="{title}"{target}>{title}</a> <br>
					<span  style=" line-height:24px; font-size:12px; color:#999;">{summary}</span> </dt>
				</dl>
			</li>]]></item>
					</item>
					<item id="loopplus">
					</item>
					<item id="loop"><![CDATA[<li style=" height:40px; overflow:hidden; " class="vk_a_black" > <a href="{url}" title="{title}"{target} style="height:40px; line-height:40px; font-size:14px;">{title}</a>
			</li>]]></item>
				</item>
				<item id="hash"><![CDATA[cf70cb9d]]></item>
				<item id="getpic"><![CDATA[1]]></item>
				<item id="getsummary"><![CDATA[1]]></item>
				<item id="makethumb"><![CDATA[1]]></item>
				<item id="settarget"><![CDATA[1]]></item>
				<item id="fields">
					<item id="0"><![CDATA[url]]></item>
					<item id="1"><![CDATA[title]]></item>
					<item id="2"><![CDATA[pic]]></item>
					<item id="3"><![CDATA[summary]]></item>
				</item>
				<item id="moreurl"><![CDATA[0]]></item>
			</item>
			<item id="236">
				<item id="styleid"><![CDATA[236]]></item>
				<item id="blockclass"><![CDATA[forum_thread]]></item>
				<item id="name"><![CDATA[[未来科技-通用]文章帖子图文列表14px-上图下标题-一列-带摘要]]></item>
				<item id="template">
					<item id="raw"><![CDATA[<!--
[未来科技-通用]文章帖子图文列表14px-上图下标题-一列-带摘要
-->
<style type="text/css" >
	.vk_pic_title_col_one {}
	.vk_pic_title_col_one .m { float:left; margin:0px 8px 10px 0px; overflow: hidden; }
	.vk_pic_title_col_one dl { border-bottom: 1px dashed #ddd; margin-bottom: 20px; }
	.vk_pic_title_col_one dl:last-child {border-bottom: none;}
	.vk_pic_title_col_one dd { margin-bottom:15px; }

	.vk_pic_title_col_one dt a {line-height:30px; font-size:14px; font-weight: normal; color:#333;}
	.vk_pic_title_col_one dt a:hover { color:#f60;}
	.vk_pic_title_col_one .m img { transition:all 0.3s; }
	.vk_pic_title_col_one dl:hover .m img {transform:scale(1.1); }
</style>

<div class="module cl vk_pic_title_col_one">
	[loop]
		<dl class="cl">
			<dd class="m"><a href="{url}"{target}><img src="{pic}" width="{picwidth}" height="{picheight}" alt="{title}" /></a></dd>
			<dt style=""> <a href="{url}" title="{title}"{target}>{title}</a></dt>
			<dd style=" line-height:24px; font-size:12px; font-weight: normal; color:#999;">{summary}</dd>
		</dl>
	[/loop]
</div>


]]></item>
					<item id="footer"><![CDATA[]]></item>
					<item id="header"><![CDATA[]]></item>
					<item id="indexplus">
					</item>
					<item id="index">
					</item>
					<item id="orderplus">
					</item>
					<item id="order">
					</item>
					<item id="loopplus">
					</item>
					<item id="loop"><![CDATA[<dl class="cl">
			<dd class="m"><a href="{url}"{target}><img src="{pic}" width="{picwidth}" height="{picheight}" alt="{title}" /></a></dd>
			<dt style=""> <a href="{url}" title="{title}"{target}>{title}</a></dt>
			<dd style=" line-height:24px; font-size:12px; font-weight: normal; color:#999;">{summary}</dd>
		</dl>]]></item>
				</item>
				<item id="hash"><![CDATA[b241e087]]></item>
				<item id="getpic"><![CDATA[1]]></item>
				<item id="getsummary"><![CDATA[1]]></item>
				<item id="makethumb"><![CDATA[1]]></item>
				<item id="settarget"><![CDATA[1]]></item>
				<item id="fields">
					<item id="0"><![CDATA[url]]></item>
					<item id="1"><![CDATA[pic]]></item>
					<item id="2"><![CDATA[title]]></item>
					<item id="3"><![CDATA[summary]]></item>
				</item>
				<item id="moreurl"><![CDATA[0]]></item>
			</item>
		</item>
	</item>
</root>