<?xml version="1.0" encoding="ISO-8859-1"?>
<root>
	<item id="spacecss"><![CDATA[]]></item>
	<item id="layoutdata">
		<item id="diycontentbottom"><![CDATA[]]></item>
		<item id="nex_VIP_Top_banner_box">
			<item id="frame`frame62N93f">
				<item id="attr">
					<item id="name"><![CDATA[frame62N93f]]></item>
					<item id="moveable"><![CDATA[true]]></item>
					<item id="className"><![CDATA[frame move-span cl frame-1]]></item>
					<item id="titles"><![CDATA[]]></item>
				</item>
				<item id="column`frame62N93f_left">
					<item id="attr">
						<item id="name"><![CDATA[frame62N93f_left]]></item>
						<item id="className"><![CDATA[column frame-1-c]]></item>
					</item>
					<item id="block`portal_block_698">
						<item id="attr">
							<item id="name"><![CDATA[portal_block_698]]></item>
							<item id="className"><![CDATA[block move-span]]></item>
							<item id="titles"><![CDATA[]]></item>
						</item>
					</item>
				</item>
			</item>
		</item>
		<item id="nex_VIP_step_box">
			<item id="frame`framegNptN7">
				<item id="attr">
					<item id="name"><![CDATA[framegNptN7]]></item>
					<item id="moveable"><![CDATA[true]]></item>
					<item id="className"><![CDATA[frame move-span cl frame-1]]></item>
					<item id="titles"><![CDATA[]]></item>
				</item>
				<item id="column`framegNptN7_left">
					<item id="attr">
						<item id="name"><![CDATA[framegNptN7_left]]></item>
						<item id="className"><![CDATA[column frame-1-c]]></item>
					</item>
					<item id="block`portal_block_700">
						<item id="attr">
							<item id="name"><![CDATA[portal_block_700]]></item>
							<item id="className"><![CDATA[block move-span]]></item>
							<item id="titles"><![CDATA[]]></item>
						</item>
					</item>
				</item>
			</item>
		</item>
		<item id="nex_VIP_advancebox">
			<item id="frame`frameJXJM1E">
				<item id="attr">
					<item id="name"><![CDATA[frameJXJM1E]]></item>
					<item id="moveable"><![CDATA[true]]></item>
					<item id="className"><![CDATA[frame move-span cl frame-1]]></item>
					<item id="titles"><![CDATA[]]></item>
				</item>
				<item id="column`frameJXJM1E_left">
					<item id="attr">
						<item id="name"><![CDATA[frameJXJM1E_left]]></item>
						<item id="className"><![CDATA[column frame-1-c]]></item>
					</item>
					<item id="block`portal_block_703">
						<item id="attr">
							<item id="name"><![CDATA[portal_block_703]]></item>
							<item id="className"><![CDATA[block move-span]]></item>
							<item id="titles"><![CDATA[]]></item>
						</item>
					</item>
				</item>
			</item>
		</item>
		<item id="nex_VIP_qabox">
			<item id="frame`frameQ15Vp5">
				<item id="attr">
					<item id="name"><![CDATA[frameQ15Vp5]]></item>
					<item id="moveable"><![CDATA[true]]></item>
					<item id="className"><![CDATA[frame move-span cl frame-1]]></item>
					<item id="titles"><![CDATA[]]></item>
				</item>
				<item id="column`frameQ15Vp5_left">
					<item id="attr">
						<item id="name"><![CDATA[frameQ15Vp5_left]]></item>
						<item id="className"><![CDATA[column frame-1-c]]></item>
					</item>
					<item id="block`portal_block_701">
						<item id="attr">
							<item id="name"><![CDATA[portal_block_701]]></item>
							<item id="className"><![CDATA[block move-span]]></item>
							<item id="titles"><![CDATA[]]></item>
						</item>
					</item>
				</item>
			</item>
		</item>
		<item id="nex_VIP_payments">
			<item id="frame`frameq849dN">
				<item id="attr">
					<item id="name"><![CDATA[frameq849dN]]></item>
					<item id="moveable"><![CDATA[true]]></item>
					<item id="className"><![CDATA[frame move-span cl frame-1]]></item>
					<item id="titles"><![CDATA[]]></item>
				</item>
				<item id="column`frameq849dN_left">
					<item id="attr">
						<item id="name"><![CDATA[frameq849dN_left]]></item>
						<item id="className"><![CDATA[column frame-1-c]]></item>
					</item>
					<item id="block`portal_block_702">
						<item id="attr">
							<item id="name"><![CDATA[portal_block_702]]></item>
							<item id="className"><![CDATA[block move-span]]></item>
							<item id="titles"><![CDATA[]]></item>
						</item>
					</item>
				</item>
			</item>
		</item>
	</item>
	<item id="blockdata">
		<item id="block">
			<item id="698">
				<item id="bid"><![CDATA[698]]></item>
				<item id="blockclass"><![CDATA[html_html]]></item>
				<item id="blocktype"><![CDATA[0]]></item>
				<item id="name"><![CDATA[VIP频道大标题]]></item>
				<item id="title"><![CDATA[]]></item>
				<item id="classname"><![CDATA[]]></item>
				<item id="summary"><![CDATA[<h2>加入VIP，精品学习课程随心学！</h2>
            <p>数以万计的平面设计 / 后台程序 / UI kits / 视频 /… 运维大数据，让您在各个学科领域身手敏捷，出奇制胜！</p>]]></item>
				<item id="uid"><![CDATA[1]]></item>
				<item id="username"><![CDATA[admin]]></item>
				<item id="styleid"><![CDATA[0]]></item>
				<item id="blockstyle"><![CDATA[]]></item>
				<item id="picwidth"><![CDATA[0]]></item>
				<item id="picheight"><![CDATA[0]]></item>
				<item id="target"><![CDATA[blank]]></item>
				<item id="dateformat"><![CDATA[Y-m-d]]></item>
				<item id="dateuformat"><![CDATA[0]]></item>
				<item id="script"><![CDATA[blank]]></item>
				<item id="param">
					<item id="content"><![CDATA[<h2>加入VIP，精品学习课程随心学！</h2>
            <p>数以万计的平面设计 / 后台程序 / UI kits / 视频 /… 运维大数据，让您在各个学科领域身手敏捷，出奇制胜！</p>]]></item>
					<item id="items"><![CDATA[10]]></item>
				</item>
				<item id="shownum"><![CDATA[10]]></item>
				<item id="cachetime"><![CDATA[3600]]></item>
				<item id="cachetimerange"><![CDATA[]]></item>
				<item id="punctualupdate"><![CDATA[0]]></item>
				<item id="hidedisplay"><![CDATA[0]]></item>
				<item id="dateline"><![CDATA[1546926132]]></item>
				<item id="notinherited"><![CDATA[0]]></item>
				<item id="isblank"><![CDATA[0]]></item>
			</item>
			<item id="700">
				<item id="bid"><![CDATA[700]]></item>
				<item id="blockclass"><![CDATA[html_html]]></item>
				<item id="blocktype"><![CDATA[0]]></item>
				<item id="name"><![CDATA[VIP频道购买步骤]]></item>
				<item id="title"><![CDATA[]]></item>
				<item id="classname"><![CDATA[]]></item>
				<item id="summary"><![CDATA[<div class="nex_VIP_step nex_VIP_step1">
                	<div class="nex_VIP_step_icon"><span>STEP</span><span>01</span></div>
                    <h2>首先需要登录注册<br>成为我们的用户</h2>
                    <div class="clear"></div>
                </div>
                <div class="nex_VIP_step_line"></div>
                <div class="nex_VIP_step nex_VIP_step2">
                	<div class="nex_VIP_step_icon"><i></i><span>STEP</span><span>02</span></div>
                    <h2>选择适合你的价格<br>付款后成为VIP用户</h2>
                    <div class="clear"></div>
                </div>
                <div class="nex_VIP_step_line"></div>
                <div class="nex_VIP_step nex_VIP_step3">
                	<div class="nex_VIP_step_icon"><span>STEP</span><span>03</span></div>
                    <h2>选择喜欢的课程<br>尽情去学习提高吧</h2>
                    <div class="clear"></div>
                </div>]]></item>
				<item id="uid"><![CDATA[1]]></item>
				<item id="username"><![CDATA[admin]]></item>
				<item id="styleid"><![CDATA[0]]></item>
				<item id="blockstyle"><![CDATA[]]></item>
				<item id="picwidth"><![CDATA[0]]></item>
				<item id="picheight"><![CDATA[0]]></item>
				<item id="target"><![CDATA[blank]]></item>
				<item id="dateformat"><![CDATA[Y-m-d]]></item>
				<item id="dateuformat"><![CDATA[0]]></item>
				<item id="script"><![CDATA[blank]]></item>
				<item id="param">
					<item id="content"><![CDATA[<div class=\"nex_VIP_step nex_VIP_step1\">
                	<div class=\"nex_VIP_step_icon\"><span>STEP</span><span>01</span></div>
                    <h2>首先需要登录注册<br>成为我们的用户</h2>
                    <div class=\"clear\"></div>
                </div>
                <div class=\"nex_VIP_step_line\"></div>
                <div class=\"nex_VIP_step nex_VIP_step2\">
                	<div class=\"nex_VIP_step_icon\"><i></i><span>STEP</span><span>02</span></div>
                    <h2>选择适合你的价格<br>付款后成为VIP用户</h2>
                    <div class=\"clear\"></div>
                </div>
                <div class=\"nex_VIP_step_line\"></div>
                <div class=\"nex_VIP_step nex_VIP_step3\">
                	<div class=\"nex_VIP_step_icon\"><span>STEP</span><span>03</span></div>
                    <h2>选择喜欢的课程<br>尽情去学习提高吧</h2>
                    <div class=\"clear\"></div>
                </div>]]></item>
					<item id="items"><![CDATA[10]]></item>
				</item>
				<item id="shownum"><![CDATA[10]]></item>
				<item id="cachetime"><![CDATA[3600]]></item>
				<item id="cachetimerange"><![CDATA[]]></item>
				<item id="punctualupdate"><![CDATA[0]]></item>
				<item id="hidedisplay"><![CDATA[0]]></item>
				<item id="dateline"><![CDATA[1546926139]]></item>
				<item id="notinherited"><![CDATA[0]]></item>
				<item id="isblank"><![CDATA[0]]></item>
			</item>
			<item id="701">
				<item id="bid"><![CDATA[701]]></item>
				<item id="blockclass"><![CDATA[html_html]]></item>
				<item id="blocktype"><![CDATA[0]]></item>
				<item id="name"><![CDATA[VIP频道常见问题列表]]></item>
				<item id="title"><![CDATA[]]></item>
				<item id="classname"><![CDATA[]]></item>
				<item id="summary"><![CDATA[<li class="ons">
                    	<div class="nex_VIP_qna_top">
                        	<span>VIP会员是否无限次下载资源？</span><em></em>
                            <div class="clear"></div>
                        </div>
                        <div class="nex_VIP_qna_btm">
                        	<div class="nex_VIP_qna_txt">在遵守VIP会员协议前提下，VIP会员在会员有效期内可以任意下载所有免费和VIP资源。</div>
                        </div>
                    </li>
                    <li>
                    	<div class="nex_VIP_qna_top">
                        	<span>VIP是否可以与他人分享VIP会员账号？</span><em></em>
                            <div class="clear"></div>
                        </div>
                        <div class="nex_VIP_qna_btm">
                        	<div class="nex_VIP_qna_txt">一个VIP账号仅限一个人使用，禁止与他人分享账号。一经发现，立即封号处理，充值VIP的费用不退还。</div>
                        </div>
                    </li>
                    <li>
                    	<div class="nex_VIP_qna_top">
                        	<span>VIP是否可以申请退款？</span><em></em>
                            <div class="clear"></div>
                        </div>
                        <div class="nex_VIP_qna_btm">
                        	<div class="nex_VIP_qna_txt">VIP会员属于虚拟服务，付款后不能够申请退款。如付钱前有任何疑问，均可以</div>
                        </div>
                    </li>
                    <li>
                    	<div class="nex_VIP_qna_top">
                        	<span>购买低级VIP会员能否升级为更高一级会员？</span><em></em>
                            <div class="clear"></div>
                        </div>
                        <div class="nex_VIP_qna_btm">
                        	<div class="nex_VIP_qna_txt">一年VIP用户或者三年VIP用户可在会员到期前申请五年VIP会员，只需要补差价即可。请联系管理员QQ<a href="tencent://Message/?Uin=1691000615&amp;websiteName=#=&amp;Menu=yes">1691000615</a>补差价。到期的会员只能全额购买。</div>
                        </div>
                    </li>
                    <li>
                    	<div class="nex_VIP_qna_top">
                        	<span>如何支付VIP会员费用？</span><em></em>
                            <div class="clear"></div>
                        </div>
                        <div class="nex_VIP_qna_btm">
                        	<div class="nex_VIP_qna_txt">选择你要开通的VIP会员，点击支付跳转到相应的支付页面。在线扫码支付仅支持支付宝和微信钱包。</div>
                        </div>
                    </li>
                    <li>
                    	<div class="nex_VIP_qna_top">
                        	<span>如何开通VIP会员组？</span><em></em>
                            <div class="clear"></div>
                        </div>
                        <div class="nex_VIP_qna_btm">
                        	<div class="nex_VIP_qna_txt">支付款项后，请联系管理员QQ<a href="tencent://Message/?Uin=1691000615&amp;websiteName=#=&amp;Menu=yes">1691000615</a>开通VIP用户组。请保留支付凭证截图，方便日后找回VIP身份。</div>
                        </div>
                    </li>
                    <li>
                    	<div class="nex_VIP_qna_top">
                        	<span>VIP / Pro / Team 哪类账户更适合我？</span><em></em>
                            <div class="clear"></div>
                        </div>
                        <div class="nex_VIP_qna_btm">
                        	<div class="nex_VIP_qna_txt">
                            如果你只是对最新的技术感兴趣，你可以选择VIP版，其包含3000多门视频课程和500多套图文教程wiki。
如果你想对某个职业更系统的学习和提升，强烈建议你选择Pro专业版，除了包含VIP的全部功能外，还可以按照其学习路径学习和实战作业练习，并有教练辅导和帮助。
如果你想为企业员工集体开启账号，可以申请Team企业版内测，其还额外增加诸如成员管理和统计分析等实用功能。</div>
                        </div>
                    </li>
                    <li>
                    	<div class="nex_VIP_qna_top">
                        	<span>你们和很多动辄上万块的卖课机构逻辑不太一样，有什么故事么？</span><em></em>
                            <div class="clear"></div>
                        </div>
                        <div class="nex_VIP_qna_btm">
                        	<div class="nex_VIP_qna_txt">
                            我们本着“让学习更有效“的使命，把“为更多人提供高质量的职业教育”做为奋斗的目标，一直在探索如何提供更高性价比的内容和服务。
我们认为学习是”综合的服务“而不是”单纯的商品“，推崇”时间无价“，提倡按”时间订阅“的学习方式，为了让你觉得极我们是良心的、超值的、有温度的而不断努力。</div>
                        </div>
                    </li>
                    <li>
                    	<div class="nex_VIP_qna_top">
                        	<span>我真想学习，但是现在比较拮据，也比较迷茫，你有什么建议么？</span><em></em>
                            <div class="clear"></div>
                        </div>
                        <div class="nex_VIP_qna_btm">
                        	<div class="nex_VIP_qna_txt">
                            我们的建议是：学习可改变命运！<br>
为了让每个想学习的人能机会学习，我们会不断推出各种措施，比如限时优惠，学生特惠等，如果还有困难，你也可以在右侧联系我们寻求帮助。</div>
                        </div>
                    </li>]]></item>
				<item id="uid"><![CDATA[1]]></item>
				<item id="username"><![CDATA[admin]]></item>
				<item id="styleid"><![CDATA[0]]></item>
				<item id="blockstyle"><![CDATA[]]></item>
				<item id="picwidth"><![CDATA[0]]></item>
				<item id="picheight"><![CDATA[0]]></item>
				<item id="target"><![CDATA[blank]]></item>
				<item id="dateformat"><![CDATA[Y-m-d]]></item>
				<item id="dateuformat"><![CDATA[0]]></item>
				<item id="script"><![CDATA[blank]]></item>
				<item id="param">
					<item id="content"><![CDATA[<li class=\"ons\">
                    	<div class=\"nex_VIP_qna_top\">
                        	<span>VIP会员是否无限次下载资源？</span><em></em>
                            <div class=\"clear\"></div>
                        </div>
                        <div class=\"nex_VIP_qna_btm\">
                        	<div class=\"nex_VIP_qna_txt\">在遵守VIP会员协议前提下，VIP会员在会员有效期内可以任意下载所有免费和VIP资源。</div>
                        </div>
                    </li>
                    <li>
                    	<div class=\"nex_VIP_qna_top\">
                        	<span>VIP是否可以与他人分享VIP会员账号？</span><em></em>
                            <div class=\"clear\"></div>
                        </div>
                        <div class=\"nex_VIP_qna_btm\">
                        	<div class=\"nex_VIP_qna_txt\">一个VIP账号仅限一个人使用，禁止与他人分享账号。一经发现，立即封号处理，充值VIP的费用不退还。</div>
                        </div>
                    </li>
                    <li>
                    	<div class=\"nex_VIP_qna_top\">
                        	<span>VIP是否可以申请退款？</span><em></em>
                            <div class=\"clear\"></div>
                        </div>
                        <div class=\"nex_VIP_qna_btm\">
                        	<div class=\"nex_VIP_qna_txt\">VIP会员属于虚拟服务，付款后不能够申请退款。如付钱前有任何疑问，均可以</div>
                        </div>
                    </li>
                    <li>
                    	<div class=\"nex_VIP_qna_top\">
                        	<span>购买低级VIP会员能否升级为更高一级会员？</span><em></em>
                            <div class=\"clear\"></div>
                        </div>
                        <div class=\"nex_VIP_qna_btm\">
                        	<div class=\"nex_VIP_qna_txt\">一年VIP用户或者三年VIP用户可在会员到期前申请五年VIP会员，只需要补差价即可。请联系管理员QQ<a href=\"tencent://Message/?Uin=1691000615&amp;websiteName=#=&amp;Menu=yes\">1691000615</a>补差价。到期的会员只能全额购买。</div>
                        </div>
                    </li>
                    <li>
                    	<div class=\"nex_VIP_qna_top\">
                        	<span>如何支付VIP会员费用？</span><em></em>
                            <div class=\"clear\"></div>
                        </div>
                        <div class=\"nex_VIP_qna_btm\">
                        	<div class=\"nex_VIP_qna_txt\">选择你要开通的VIP会员，点击支付跳转到相应的支付页面。在线扫码支付仅支持支付宝和微信钱包。</div>
                        </div>
                    </li>
                    <li>
                    	<div class=\"nex_VIP_qna_top\">
                        	<span>如何开通VIP会员组？</span><em></em>
                            <div class=\"clear\"></div>
                        </div>
                        <div class=\"nex_VIP_qna_btm\">
                        	<div class=\"nex_VIP_qna_txt\">支付款项后，请联系管理员QQ<a href=\"tencent://Message/?Uin=1691000615&amp;websiteName=#=&amp;Menu=yes\">1691000615</a>开通VIP用户组。请保留支付凭证截图，方便日后找回VIP身份。</div>
                        </div>
                    </li>
                    <li>
                    	<div class=\"nex_VIP_qna_top\">
                        	<span>VIP / Pro / Team 哪类账户更适合我？</span><em></em>
                            <div class=\"clear\"></div>
                        </div>
                        <div class=\"nex_VIP_qna_btm\">
                        	<div class=\"nex_VIP_qna_txt\">
                            如果你只是对最新的技术感兴趣，你可以选择VIP版，其包含3000多门视频课程和500多套图文教程wiki。
如果你想对某个职业更系统的学习和提升，强烈建议你选择Pro专业版，除了包含VIP的全部功能外，还可以按照其学习路径学习和实战作业练习，并有教练辅导和帮助。
如果你想为企业员工集体开启账号，可以申请Team企业版内测，其还额外增加诸如成员管理和统计分析等实用功能。</div>
                        </div>
                    </li>
                    <li>
                    	<div class=\"nex_VIP_qna_top\">
                        	<span>你们和很多动辄上万块的卖课机构逻辑不太一样，有什么故事么？</span><em></em>
                            <div class=\"clear\"></div>
                        </div>
                        <div class=\"nex_VIP_qna_btm\">
                        	<div class=\"nex_VIP_qna_txt\">
                            我们本着“让学习更有效“的使命，把“为更多人提供高质量的职业教育”做为奋斗的目标，一直在探索如何提供更高性价比的内容和服务。
我们认为学习是”综合的服务“而不是”单纯的商品“，推崇”时间无价“，提倡按”时间订阅“的学习方式，为了让你觉得极我们是良心的、超值的、有温度的而不断努力。</div>
                        </div>
                    </li>
                    <li>
                    	<div class=\"nex_VIP_qna_top\">
                        	<span>我真想学习，但是现在比较拮据，也比较迷茫，你有什么建议么？</span><em></em>
                            <div class=\"clear\"></div>
                        </div>
                        <div class=\"nex_VIP_qna_btm\">
                        	<div class=\"nex_VIP_qna_txt\">
                            我们的建议是：学习可改变命运！<br>
为了让每个想学习的人能机会学习，我们会不断推出各种措施，比如限时优惠，学生特惠等，如果还有困难，你也可以在右侧联系我们寻求帮助。</div>
                        </div>
                    </li>]]></item>
					<item id="items"><![CDATA[10]]></item>
					<item id="title"><![CDATA[]]></item>
				</item>
				<item id="shownum"><![CDATA[10]]></item>
				<item id="cachetime"><![CDATA[0]]></item>
				<item id="cachetimerange"><![CDATA[0,0]]></item>
				<item id="punctualupdate"><![CDATA[0]]></item>
				<item id="hidedisplay"><![CDATA[0]]></item>
				<item id="dateline"><![CDATA[1546927589]]></item>
				<item id="notinherited"><![CDATA[0]]></item>
				<item id="isblank"><![CDATA[0]]></item>
			</item>
			<item id="702">
				<item id="bid"><![CDATA[702]]></item>
				<item id="blockclass"><![CDATA[html_html]]></item>
				<item id="blocktype"><![CDATA[0]]></item>
				<item id="name"><![CDATA[VIP频道付款方式]]></item>
				<item id="title"><![CDATA[]]></item>
				<item id="classname"><![CDATA[]]></item>
				<item id="summary"><![CDATA[<li><img src="template/nex_edu_181111/neoconex/vip/payment/zfbpay.png" /></li>
                    <li><img src="template/nex_edu_181111/neoconex/vip/payment/wxpay.png" /></li>
                    <li><img src="template/nex_edu_181111/neoconex/vip/payment/pufa.png" /></li>
                    <li><img src="template/nex_edu_181111/neoconex/vip/payment/icbc.png" /></li>
                    <li><img src="template/nex_edu_181111/neoconex/vip/payment/cbc.png" /></li>
                    <li><img src="template/nex_edu_181111/neoconex/vip/payment/czb.png" /></li>
                    <li><img src="template/nex_edu_181111/neoconex/vip/payment/cft.png" /></li>
                    <li><img src="template/nex_edu_181111/neoconex/vip/payment/ccb.png" /></li>
                    <li><img src="template/nex_edu_181111/neoconex/vip/payment/boc.png" /></li>
                    <li><img src="template/nex_edu_181111/neoconex/vip/payment/bc.png" /></li>
                    <li><img src="template/nex_edu_181111/neoconex/vip/payment/nssh.png" /></li>
                    <li><img src="template/nex_edu_181111/neoconex/vip/payment/nstj.png" /></li>]]></item>
				<item id="uid"><![CDATA[1]]></item>
				<item id="username"><![CDATA[admin]]></item>
				<item id="styleid"><![CDATA[0]]></item>
				<item id="blockstyle"><![CDATA[]]></item>
				<item id="picwidth"><![CDATA[0]]></item>
				<item id="picheight"><![CDATA[0]]></item>
				<item id="target"><![CDATA[blank]]></item>
				<item id="dateformat"><![CDATA[Y-m-d]]></item>
				<item id="dateuformat"><![CDATA[0]]></item>
				<item id="script"><![CDATA[blank]]></item>
				<item id="param">
					<item id="content"><![CDATA[<li><img src=\"template/nex_edu_181111/neoconex/vip/payment/zfbpay.png\" /></li>
                    <li><img src=\"template/nex_edu_181111/neoconex/vip/payment/wxpay.png\" /></li>
                    <li><img src=\"template/nex_edu_181111/neoconex/vip/payment/pufa.png\" /></li>
                    <li><img src=\"template/nex_edu_181111/neoconex/vip/payment/icbc.png\" /></li>
                    <li><img src=\"template/nex_edu_181111/neoconex/vip/payment/cbc.png\" /></li>
                    <li><img src=\"template/nex_edu_181111/neoconex/vip/payment/czb.png\" /></li>
                    <li><img src=\"template/nex_edu_181111/neoconex/vip/payment/cft.png\" /></li>
                    <li><img src=\"template/nex_edu_181111/neoconex/vip/payment/ccb.png\" /></li>
                    <li><img src=\"template/nex_edu_181111/neoconex/vip/payment/boc.png\" /></li>
                    <li><img src=\"template/nex_edu_181111/neoconex/vip/payment/bc.png\" /></li>
                    <li><img src=\"template/nex_edu_181111/neoconex/vip/payment/nssh.png\" /></li>
                    <li><img src=\"template/nex_edu_181111/neoconex/vip/payment/nstj.png\" /></li>]]></item>
					<item id="items"><![CDATA[10]]></item>
				</item>
				<item id="shownum"><![CDATA[10]]></item>
				<item id="cachetime"><![CDATA[3600]]></item>
				<item id="cachetimerange"><![CDATA[]]></item>
				<item id="punctualupdate"><![CDATA[0]]></item>
				<item id="hidedisplay"><![CDATA[0]]></item>
				<item id="dateline"><![CDATA[1546927715]]></item>
				<item id="notinherited"><![CDATA[0]]></item>
				<item id="isblank"><![CDATA[0]]></item>
			</item>
			<item id="703">
				<item id="bid"><![CDATA[703]]></item>
				<item id="blockclass"><![CDATA[html_html]]></item>
				<item id="blocktype"><![CDATA[0]]></item>
				<item id="name"><![CDATA[VIP频道会员优势]]></item>
				<item id="title"><![CDATA[]]></item>
				<item id="classname"><![CDATA[]]></item>
				<item id="summary"><![CDATA[<li>
                    	<div class="nex_VIP_advicon"><svg id="hlf-quality" viewBox="0 0 64 64" width="100%" height="100%">
    <path fill-rule="evenodd" fill="#4775FF" d="M62.4 10.4L42.9 30a8.3 8.3 0 0 1-2.4 6.7C37.6 39.5 28.8 39.9 27 40H27a2 2 0 0 1-2-2c0-1.8.5-10.6 3.4-13.5A8.5 8.5 0 0 1 35 22L50 7.3a4 4 0 0 0-4-3.3H15l.5.9V5l.3.8V6l.2.6V56a4 4 0 0 0 8 0v-4c0-1.1 1-2 2-2h24V28a2 2 0 1 1 4 0v22h8a2 2 0 0 1 2 2v4a8 8 0 0 1-8 8H20a8 8 0 0 1-8-8V14H2a2 2 0 0 1-2-2V8a8 8 0 0 1 8-8h38a8 8 0 0 1 7 4.2l1.6-1.6a5.5 5.5 0 0 1 7.8 0 5.5 5.5 0 0 1 0 7.8zM56 60a4 4 0 0 0 4-4v-2H28v2a8 8 0 0 1-1 4h29zM12 8a4 4 0 0 0-8 0v2h8V8zM29 35.9c3.7-.4 7.6-1.1 8.5-2.1a4.5 4.5 0 0 0 0-6.5 4.5 4.5 0 0 0-6.4 0c-1 1-1.8 4.8-2 8.6zM59.6 5.5c-.6-.6-1.6-.6-2.2 0l-18.1 18a8.7 8.7 0 0 1 2.2 2.2l18-18a1.5 1.5 0 0 0 0-2.3z"></path>
    </svg></div>
                        <h5>高品质课程</h5>
                        <p>100% 精选视频图文课程</p>
                    </li>
                    <li>
                    	<div class="nex_VIP_advicon"><svg id="hlf-dyd" viewBox="0 0 60 60" width="100%" height="100%">
    <path fill-rule="evenodd" fill="#4775FF" d="M56 30a2 2 0 0 1 4 0 30 30 0 1 1-5.7-17.4l1-6.8a2 2 0 1 1 4 .5L57.4 19c0 .2 0 .4-.2.6a2 2 0 0 1-.5.6 2 2 0 0 1-.4.3h-.2a2 2 0 0 1-.6.2h-.3L43.4 19a2 2 0 1 1 .5-4l7.9 1A26 26 0 1 0 56 30zM30 12a2 2 0 0 1 2 2v16a2 2 0 0 1-2 2H15a2 2 0 1 1 0-4h13V14c0-1.1.9-2 2-2z"></path>
    </svg></div>
                        <h5>新鲜滚热辣</h5>
                        <p>每月保持更新10+新课</p>
                    </li>
                    <li>
                    	<div class="nex_VIP_advicon"><svg id="hlf-choose" viewBox="0 0 62 64" width="100%" height="100%">
    <path fill-rule="evenodd" fill="#4775FF" d="M56 49.7V64l-8-5.4-8 5.4v-7.8H0v-43L13.2 0H50v24.3a14 14 0 0 1 6 25.4zm-12 2.5v4.3l4-2.7 4 2.7v-4.9a13.9 13.9 0 0 1-8 0v.6zM12 6.8L6.8 12H12V6.8zM46 4H16v12H4v36.2h36v-2.5a14 14 0 0 1 6-25.4V4zm2 24.1a10 10 0 0 0 0 20 10 10 0 0 0 0-20zm-40-6h28v4H8v-4zm22 12H8v-4h22v4zm0 8H8v-4h22v4z"></path>
    </svg></div>
                        <h5>用户的信赖</h5>
                        <p>5000+学员已经注册</p>
                    </li>
                    <li>
                    	<div class="nex_VIP_advicon"><svg id="hlf-lg" viewBox="0 0 62 62" width="100%" height="100%">
    <path fill-rule="evenodd" fill="#4775FF" d="M52 62a9.927 9.927 0 0 1-7-2.901A9.927 9.927 0 0 1 38 62a9.927 9.927 0 0 1-7-2.901A9.927 9.927 0 0 1 24 62a9.927 9.927 0 0 1-7-2.901A9.927 9.927 0 0 1 10 62C4.486 62 0 57.514 0 52v-2h4v2c0 3.309 2.691 6 6 6 2.174 0 4.184-1.21 5.243-3.158L17 51.614l1.757 3.228C19.816 56.79 21.826 58 24 58c2.174 0 4.184-1.21 5.243-3.158L31 51.614l1.757 3.228C33.816 56.79 35.826 58 38 58c2.174 0 4.184-1.21 5.243-3.158L45 51.614l1.757 3.228C47.816 56.79 49.826 58 52 58c3.309 0 6-2.691 6-6v-2h4v2c0 5.514-4.486 10-10 10zM35 39v-6h4v6h-4zm-10 0v-6h4v6h-4zm24.47 14.265l4.119-12.356L34 29.482V50h-4V29.482L10.411 40.909l4.119 12.356-3.795 1.265-5.146-15.439L12 35.351V20c0-3.309 2.691-6 6-6h7V0h14v14h7c3.309 0 6 2.691 6 6v15.351l6.411 3.74-5.146 15.439-3.795-1.265zM35 4h-6v1h6V4zm0 5h-6v5h6V9zm13 11c0-1.103-.897-2-2-2H18c-1.103 0-2 .897-2 2v13.018l16-9.334 16 9.334V20z"></path>
    </svg></div>
                        <h5>海量VIP资源</h5>
                        <p>文档、笔记等课件供下载</p>
                    </li>
                    <li>
                    	<div class="nex_VIP_advicon"><svg id="hlf-fpp" viewBox="0 0 64 64" width="100%" height="100%">
    <path fill-rule="evenodd" fill="#4775FF" d="M64 32a7 7 0 0 1-5 6.7v11.6a7 7 0 1 1-8.7 8.7H38.7a7 7 0 0 1-6.7 5 7 7 0 0 1-6.7-5H13.7A7 7 0 1 1 5 50.3V38.7A7 7 0 0 1 0 32a7 7 0 0 1 5-6.7V13.7A7 7 0 1 1 13.7 5h11.6A7 7 0 0 1 32 0a7 7 0 0 1 6.7 5h11.6a7 7 0 1 1 8.7 8.7v11.6a7 7 0 0 1 5 6.7zm-7 28a3 3 0 1 0 0-6 3 3 0 0 0 0 6zm-25 0a3 3 0 1 0 0-6 3 3 0 0 0 0 6zM4 57a3 3 0 1 0 6 0 3 3 0 0 0-6 0zm0-25a3 3 0 1 0 6 0 3 3 0 0 0-6 0zM7 4a3 3 0 1 0 0 6 3 3 0 0 0 0-6zm25 0a3 3 0 1 0 0 6 3 3 0 0 0 0-6zm18.3 5H38.7a7 7 0 0 1-6.7 5 7 7 0 0 1-6.7-5H13.7A7 7 0 0 1 9 13.7v11.6a7 7 0 0 1 5 6.7 7 7 0 0 1-5 6.7v11.6a7 7 0 0 1 4.7 4.7h11.6a7 7 0 0 1 6.7-5 7 7 0 0 1 6.7 5h11.6a7 7 0 0 1 4.7-4.7V38.7a7 7 0 0 1-5-6.7 7 7 0 0 1 5-6.7V13.7A7 7 0 0 1 50.3 9zM60 7a3 3 0 1 0-6 0 3 3 0 0 0 6 0zm-3 22a3 3 0 1 0 0 6 3 3 0 0 0 0-6zm-15-1.5a2 2 0 0 1-2-2h-6v16h2a2 2 0 0 1 0 4h-8a2 2 0 0 1 0-4h2v-16h-6a2 2 0 1 1-4 0v-2c0-1.1.9-2 2-2h20a2 2 0 0 1 2 2v2a2 2 0 0 1-2 2z"></path>
    </svg></div>
                        <h5>买就送特惠活动</h5>
                        <p>额外再送10%延期会员</p>
                    </li>]]></item>
				<item id="uid"><![CDATA[1]]></item>
				<item id="username"><![CDATA[admin]]></item>
				<item id="styleid"><![CDATA[0]]></item>
				<item id="blockstyle"><![CDATA[]]></item>
				<item id="picwidth"><![CDATA[0]]></item>
				<item id="picheight"><![CDATA[0]]></item>
				<item id="target"><![CDATA[blank]]></item>
				<item id="dateformat"><![CDATA[Y-m-d]]></item>
				<item id="dateuformat"><![CDATA[0]]></item>
				<item id="script"><![CDATA[blank]]></item>
				<item id="param">
					<item id="content"><![CDATA[<li>
                    	<div class=\"nex_VIP_advicon\"><svg id=\"hlf-quality\" viewBox=\"0 0 64 64\" width=\"100%\" height=\"100%\">
    <path fill-rule=\"evenodd\" fill=\"#4775FF\" d=\"M62.4 10.4L42.9 30a8.3 8.3 0 0 1-2.4 6.7C37.6 39.5 28.8 39.9 27 40H27a2 2 0 0 1-2-2c0-1.8.5-10.6 3.4-13.5A8.5 8.5 0 0 1 35 22L50 7.3a4 4 0 0 0-4-3.3H15l.5.9V5l.3.8V6l.2.6V56a4 4 0 0 0 8 0v-4c0-1.1 1-2 2-2h24V28a2 2 0 1 1 4 0v22h8a2 2 0 0 1 2 2v4a8 8 0 0 1-8 8H20a8 8 0 0 1-8-8V14H2a2 2 0 0 1-2-2V8a8 8 0 0 1 8-8h38a8 8 0 0 1 7 4.2l1.6-1.6a5.5 5.5 0 0 1 7.8 0 5.5 5.5 0 0 1 0 7.8zM56 60a4 4 0 0 0 4-4v-2H28v2a8 8 0 0 1-1 4h29zM12 8a4 4 0 0 0-8 0v2h8V8zM29 35.9c3.7-.4 7.6-1.1 8.5-2.1a4.5 4.5 0 0 0 0-6.5 4.5 4.5 0 0 0-6.4 0c-1 1-1.8 4.8-2 8.6zM59.6 5.5c-.6-.6-1.6-.6-2.2 0l-18.1 18a8.7 8.7 0 0 1 2.2 2.2l18-18a1.5 1.5 0 0 0 0-2.3z\"></path>
    </svg></div>
                        <h5>高品质课程</h5>
                        <p>100% 精选视频图文课程</p>
                    </li>
                    <li>
                    	<div class=\"nex_VIP_advicon\"><svg id=\"hlf-dyd\" viewBox=\"0 0 60 60\" width=\"100%\" height=\"100%\">
    <path fill-rule=\"evenodd\" fill=\"#4775FF\" d=\"M56 30a2 2 0 0 1 4 0 30 30 0 1 1-5.7-17.4l1-6.8a2 2 0 1 1 4 .5L57.4 19c0 .2 0 .4-.2.6a2 2 0 0 1-.5.6 2 2 0 0 1-.4.3h-.2a2 2 0 0 1-.6.2h-.3L43.4 19a2 2 0 1 1 .5-4l7.9 1A26 26 0 1 0 56 30zM30 12a2 2 0 0 1 2 2v16a2 2 0 0 1-2 2H15a2 2 0 1 1 0-4h13V14c0-1.1.9-2 2-2z\"></path>
    </svg></div>
                        <h5>新鲜滚热辣</h5>
                        <p>每月保持更新10+新课</p>
                    </li>
                    <li>
                    	<div class=\"nex_VIP_advicon\"><svg id=\"hlf-choose\" viewBox=\"0 0 62 64\" width=\"100%\" height=\"100%\">
    <path fill-rule=\"evenodd\" fill=\"#4775FF\" d=\"M56 49.7V64l-8-5.4-8 5.4v-7.8H0v-43L13.2 0H50v24.3a14 14 0 0 1 6 25.4zm-12 2.5v4.3l4-2.7 4 2.7v-4.9a13.9 13.9 0 0 1-8 0v.6zM12 6.8L6.8 12H12V6.8zM46 4H16v12H4v36.2h36v-2.5a14 14 0 0 1 6-25.4V4zm2 24.1a10 10 0 0 0 0 20 10 10 0 0 0 0-20zm-40-6h28v4H8v-4zm22 12H8v-4h22v4zm0 8H8v-4h22v4z\"></path>
    </svg></div>
                        <h5>用户的信赖</h5>
                        <p>5000+学员已经注册</p>
                    </li>
                    <li>
                    	<div class=\"nex_VIP_advicon\"><svg id=\"hlf-lg\" viewBox=\"0 0 62 62\" width=\"100%\" height=\"100%\">
    <path fill-rule=\"evenodd\" fill=\"#4775FF\" d=\"M52 62a9.927 9.927 0 0 1-7-2.901A9.927 9.927 0 0 1 38 62a9.927 9.927 0 0 1-7-2.901A9.927 9.927 0 0 1 24 62a9.927 9.927 0 0 1-7-2.901A9.927 9.927 0 0 1 10 62C4.486 62 0 57.514 0 52v-2h4v2c0 3.309 2.691 6 6 6 2.174 0 4.184-1.21 5.243-3.158L17 51.614l1.757 3.228C19.816 56.79 21.826 58 24 58c2.174 0 4.184-1.21 5.243-3.158L31 51.614l1.757 3.228C33.816 56.79 35.826 58 38 58c2.174 0 4.184-1.21 5.243-3.158L45 51.614l1.757 3.228C47.816 56.79 49.826 58 52 58c3.309 0 6-2.691 6-6v-2h4v2c0 5.514-4.486 10-10 10zM35 39v-6h4v6h-4zm-10 0v-6h4v6h-4zm24.47 14.265l4.119-12.356L34 29.482V50h-4V29.482L10.411 40.909l4.119 12.356-3.795 1.265-5.146-15.439L12 35.351V20c0-3.309 2.691-6 6-6h7V0h14v14h7c3.309 0 6 2.691 6 6v15.351l6.411 3.74-5.146 15.439-3.795-1.265zM35 4h-6v1h6V4zm0 5h-6v5h6V9zm13 11c0-1.103-.897-2-2-2H18c-1.103 0-2 .897-2 2v13.018l16-9.334 16 9.334V20z\"></path>
    </svg></div>
                        <h5>海量VIP资源</h5>
                        <p>文档、笔记等课件供下载</p>
                    </li>
                    <li>
                    	<div class=\"nex_VIP_advicon\"><svg id=\"hlf-fpp\" viewBox=\"0 0 64 64\" width=\"100%\" height=\"100%\">
    <path fill-rule=\"evenodd\" fill=\"#4775FF\" d=\"M64 32a7 7 0 0 1-5 6.7v11.6a7 7 0 1 1-8.7 8.7H38.7a7 7 0 0 1-6.7 5 7 7 0 0 1-6.7-5H13.7A7 7 0 1 1 5 50.3V38.7A7 7 0 0 1 0 32a7 7 0 0 1 5-6.7V13.7A7 7 0 1 1 13.7 5h11.6A7 7 0 0 1 32 0a7 7 0 0 1 6.7 5h11.6a7 7 0 1 1 8.7 8.7v11.6a7 7 0 0 1 5 6.7zm-7 28a3 3 0 1 0 0-6 3 3 0 0 0 0 6zm-25 0a3 3 0 1 0 0-6 3 3 0 0 0 0 6zM4 57a3 3 0 1 0 6 0 3 3 0 0 0-6 0zm0-25a3 3 0 1 0 6 0 3 3 0 0 0-6 0zM7 4a3 3 0 1 0 0 6 3 3 0 0 0 0-6zm25 0a3 3 0 1 0 0 6 3 3 0 0 0 0-6zm18.3 5H38.7a7 7 0 0 1-6.7 5 7 7 0 0 1-6.7-5H13.7A7 7 0 0 1 9 13.7v11.6a7 7 0 0 1 5 6.7 7 7 0 0 1-5 6.7v11.6a7 7 0 0 1 4.7 4.7h11.6a7 7 0 0 1 6.7-5 7 7 0 0 1 6.7 5h11.6a7 7 0 0 1 4.7-4.7V38.7a7 7 0 0 1-5-6.7 7 7 0 0 1 5-6.7V13.7A7 7 0 0 1 50.3 9zM60 7a3 3 0 1 0-6 0 3 3 0 0 0 6 0zm-3 22a3 3 0 1 0 0 6 3 3 0 0 0 0-6zm-15-1.5a2 2 0 0 1-2-2h-6v16h2a2 2 0 0 1 0 4h-8a2 2 0 0 1 0-4h2v-16h-6a2 2 0 1 1-4 0v-2c0-1.1.9-2 2-2h20a2 2 0 0 1 2 2v2a2 2 0 0 1-2 2z\"></path>
    </svg></div>
                        <h5>买就送特惠活动</h5>
                        <p>额外再送10%延期会员</p>
                    </li>]]></item>
					<item id="items"><![CDATA[10]]></item>
				</item>
				<item id="shownum"><![CDATA[10]]></item>
				<item id="cachetime"><![CDATA[3600]]></item>
				<item id="cachetimerange"><![CDATA[]]></item>
				<item id="punctualupdate"><![CDATA[0]]></item>
				<item id="hidedisplay"><![CDATA[0]]></item>
				<item id="dateline"><![CDATA[1546928529]]></item>
				<item id="notinherited"><![CDATA[0]]></item>
				<item id="isblank"><![CDATA[0]]></item>
			</item>
		</item>
		<item id="style">
		</item>
	</item>
</root>
