<?xml version="1.0" encoding="ISO-8859-1"?>
<root>
	<item id="spacecss"><![CDATA[]]></item>
	<item id="layoutdata">
		<item id="diynavtop"><![CDATA[]]></item>
		<item id="diy1"><![CDATA[]]></item>
		<item id="diy4"><![CDATA[]]></item>
		<item id="diyfastposttop"><![CDATA[]]></item>
		<item id=""><![CDATA[]]></item>
		<item id="diyforumdisplaybottom"><![CDATA[]]></item>
		<item id="nex_kc_rklist">
			<item id="frame`frameZpljzI">
				<item id="attr">
					<item id="name"><![CDATA[frameZpljzI]]></item>
					<item id="moveable"><![CDATA[true]]></item>
					<item id="className"><![CDATA[frame move-span cl frame-1]]></item>
					<item id="titles"><![CDATA[]]></item>
				</item>
				<item id="column`frameZpljzI_left">
					<item id="attr">
						<item id="name"><![CDATA[frameZpljzI_left]]></item>
						<item id="className"><![CDATA[column frame-1-c]]></item>
					</item>
					<item id="block`portal_block_668">
						<item id="attr">
							<item id="name"><![CDATA[portal_block_668]]></item>
							<item id="className"><![CDATA[block move-span]]></item>
							<item id="titles"><![CDATA[]]></item>
						</item>
					</item>
				</item>
			</item>
		</item>
		<item id="nex_kc_rklist2">
			<item id="frame`frameXu1ZlF">
				<item id="attr">
					<item id="name"><![CDATA[frameXu1ZlF]]></item>
					<item id="moveable"><![CDATA[true]]></item>
					<item id="className"><![CDATA[frame move-span cl frame-1]]></item>
					<item id="titles"><![CDATA[]]></item>
				</item>
				<item id="column`frameXu1ZlF_left">
					<item id="attr">
						<item id="name"><![CDATA[frameXu1ZlF_left]]></item>
						<item id="className"><![CDATA[column frame-1-c]]></item>
					</item>
					<item id="block`portal_block_669">
						<item id="attr">
							<item id="name"><![CDATA[portal_block_669]]></item>
							<item id="className"><![CDATA[block move-span]]></item>
							<item id="titles"><![CDATA[]]></item>
						</item>
					</item>
				</item>
			</item>
		</item>
		<item id="nex_forumlist_ads">
			<item id="frame`frame4Y1Z3v">
				<item id="attr">
					<item id="name"><![CDATA[frame4Y1Z3v]]></item>
					<item id="moveable"><![CDATA[true]]></item>
					<item id="className"><![CDATA[frame move-span cl frame-1]]></item>
					<item id="titles"><![CDATA[]]></item>
				</item>
				<item id="column`frame4Y1Z3v_left">
					<item id="attr">
						<item id="name"><![CDATA[frame4Y1Z3v_left]]></item>
						<item id="className"><![CDATA[column frame-1-c]]></item>
					</item>
					<item id="block`portal_block_670">
						<item id="attr">
							<item id="name"><![CDATA[portal_block_670]]></item>
							<item id="className"><![CDATA[block move-span]]></item>
							<item id="titles"><![CDATA[]]></item>
						</item>
					</item>
				</item>
			</item>
		</item>
		<item id="nex_dz_com_inter">
			<item id="frame`framefX51vu">
				<item id="attr">
					<item id="name"><![CDATA[framefX51vu]]></item>
					<item id="moveable"><![CDATA[true]]></item>
					<item id="className"><![CDATA[frame move-span cl frame-1]]></item>
					<item id="titles"><![CDATA[]]></item>
				</item>
				<item id="column`framefX51vu_left">
					<item id="attr">
						<item id="name"><![CDATA[framefX51vu_left]]></item>
						<item id="className"><![CDATA[column frame-1-c]]></item>
					</item>
					<item id="block`portal_block_671">
						<item id="attr">
							<item id="name"><![CDATA[portal_block_671]]></item>
							<item id="className"><![CDATA[block move-span]]></item>
							<item id="titles"><![CDATA[]]></item>
						</item>
					</item>
				</item>
			</item>
		</item>
		<item id="nex_dz_side_inte2r">
			<item id="frame`frameMkMgx7">
				<item id="attr">
					<item id="name"><![CDATA[frameMkMgx7]]></item>
					<item id="moveable"><![CDATA[true]]></item>
					<item id="className"><![CDATA[frame move-span cl frame-1]]></item>
					<item id="titles"><![CDATA[]]></item>
				</item>
				<item id="column`frameMkMgx7_left">
					<item id="attr">
						<item id="name"><![CDATA[frameMkMgx7_left]]></item>
						<item id="className"><![CDATA[column frame-1-c]]></item>
					</item>
					<item id="block`portal_block_680">
						<item id="attr">
							<item id="name"><![CDATA[portal_block_680]]></item>
							<item id="className"><![CDATA[block move-span]]></item>
							<item id="titles"><![CDATA[]]></item>
						</item>
					</item>
				</item>
			</item>
		</item>
		<item id="diy2"><![CDATA[]]></item>
		<item id="diy3"><![CDATA[]]></item>
	</item>
	<item id="blockdata">
		<item id="block">
			<item id="668">
				<item id="bid"><![CDATA[668]]></item>
				<item id="blockclass"><![CDATA[forum_thread]]></item>
				<item id="blocktype"><![CDATA[0]]></item>
				<item id="name"><![CDATA[论坛列表页课程排行榜]]></item>
				<item id="title"><![CDATA[]]></item>
				<item id="classname"><![CDATA[]]></item>
				<item id="summary"><![CDATA[]]></item>
				<item id="uid"><![CDATA[1]]></item>
				<item id="username"><![CDATA[admin]]></item>
				<item id="styleid"><![CDATA[0]]></item>
				<item id="blockstyle">
					<item id="name"><![CDATA[]]></item>
					<item id="blockclass"><![CDATA[forum_thread]]></item>
					<item id="makethumb"><![CDATA[1]]></item>
					<item id="getpic"><![CDATA[1]]></item>
					<item id="getsummary"><![CDATA[0]]></item>
					<item id="settarget"><![CDATA[1]]></item>
					<item id="moreurl"><![CDATA[0]]></item>
					<item id="fields">
						<item id="0"><![CDATA[url]]></item>
						<item id="1"><![CDATA[currentorder]]></item>
						<item id="2"><![CDATA[pic]]></item>
						<item id="3"><![CDATA[title]]></item>
						<item id="4"><![CDATA[author]]></item>
						<item id="5"><![CDATA[views]]></item>
					</item>
					<item id="template">
						<item id="raw"><![CDATA[[loop]
[order=1]

<dd>
                                    	<div class="nex_class_box">
                                        	<div class="nex_class_pic">
                                            	<a href="{url}" target="_blank">
                                                	<em class="nex_class_bg_color1">No.{currentorder}</em>
                                                    <img src="{pic}" width="{picwidth}" height="{picheight}" />
                                                </a>
                                            </div>
                                            <div class="nex_class_intel">
                                            	<h5><a href="{url}"{target}>{title}</a></h5>
                                                <div class="nex_class_intelbtm">
                                                	<span>{author}</span>
                                                    <em></em>
                                                    <span>{views}学习</span>
                                                    <div class="clear"></div>
                                                </div>
                                            </div>
                                            <div class="clear"></div>
                                        </div>
                                    </dd>
[/order]
[order=2]

                                    <dd>
                                    	<div class="nex_class_box">
                                        	<div class="nex_class_pic">
                                            	<a href="{url}" target="_blank">
                                                	<em class="nex_class_bg_color2">No.{currentorder}</em>
                                                    <img src="{pic}" width="{picwidth}" height="{picheight}" />
                                                </a>
                                            </div>
                                            <div class="nex_class_intel">
                                            	<h5><a href="{url}"{target}>{title}</a></h5>
                                                <div class="nex_class_intelbtm">
                                                	<span>{author}</span>
                                                    <em></em>
                                                    <span>{views}学习</span>
                                                    <div class="clear"></div>
                                                </div>
                                            </div>
                                            <div class="clear"></div>
                                        </div>
                                    </dd>
[/order]
[order=3]

                                    <dd>
                                    	<div class="nex_class_box">
                                        	<div class="nex_class_pic">
                                            	<a href="{url}" target="_blank">
                                                	<em class="nex_class_bg_color3">No.{currentorder}</em>
                                                    <img src="{pic}" width="{picwidth}" height="{picheight}" />
                                                </a>
                                            </div>
                                            <div class="nex_class_intel">
                                            	<h5><a href="{url}"{target}>{title}</a></h5>
                                                <div class="nex_class_intelbtm">
                                                	<span>{author}</span>
                                                    <em></em>
                                                    <span>{views}学习</span>
                                                    <div class="clear"></div>
                                                </div>
                                            </div>
                                            <div class="clear"></div>
                                        </div>
                                    </dd>
[/order]

                                    <dd>
                                    	<div class="nex_class_box">
                                        	<div class="nex_class_pic">
                                            	<a href="{url}" target="_blank">
                                                    <img src="{pic}" width="{picwidth}" height="{picheight}" />
                                                </a>
                                            </div>
                                            <div class="nex_class_intel">
                                            	<h5><a href="{url}"{target}>{title}</a></h5>
                                                <div class="nex_class_intelbtm">
                                                	<span>{author}</span>
                                                    <em></em>
                                                    <span>{views}学习</span>
                                                    <div class="clear"></div>
                                                </div>
                                            </div>
                                            <div class="clear"></div>
                                        </div>
                                    </dd>
[/loop]]]></item>
						<item id="footer"><![CDATA[]]></item>
						<item id="header"><![CDATA[]]></item>
						<item id="indexplus">
						</item>
						<item id="index">
						</item>
						<item id="orderplus">
						</item>
						<item id="order">
							<item id="1"><![CDATA[<dd>
                                    	<div class="nex_class_box">
                                        	<div class="nex_class_pic">
                                            	<a href="{url}" target="_blank">
                                                	<em class="nex_class_bg_color1">No.{currentorder}</em>
                                                    <img src="{pic}" width="{picwidth}" height="{picheight}" />
                                                </a>
                                            </div>
                                            <div class="nex_class_intel">
                                            	<h5><a href="{url}"{target}>{title}</a></h5>
                                                <div class="nex_class_intelbtm">
                                                	<span>{author}</span>
                                                    <em></em>
                                                    <span>{views}学习</span>
                                                    <div class="clear"></div>
                                                </div>
                                            </div>
                                            <div class="clear"></div>
                                        </div>
                                    </dd>]]></item>
							<item id="2"><![CDATA[<dd>
                                    	<div class="nex_class_box">
                                        	<div class="nex_class_pic">
                                            	<a href="{url}" target="_blank">
                                                	<em class="nex_class_bg_color2">No.{currentorder}</em>
                                                    <img src="{pic}" width="{picwidth}" height="{picheight}" />
                                                </a>
                                            </div>
                                            <div class="nex_class_intel">
                                            	<h5><a href="{url}"{target}>{title}</a></h5>
                                                <div class="nex_class_intelbtm">
                                                	<span>{author}</span>
                                                    <em></em>
                                                    <span>{views}学习</span>
                                                    <div class="clear"></div>
                                                </div>
                                            </div>
                                            <div class="clear"></div>
                                        </div>
                                    </dd>]]></item>
							<item id="3"><![CDATA[<dd>
                                    	<div class="nex_class_box">
                                        	<div class="nex_class_pic">
                                            	<a href="{url}" target="_blank">
                                                	<em class="nex_class_bg_color3">No.{currentorder}</em>
                                                    <img src="{pic}" width="{picwidth}" height="{picheight}" />
                                                </a>
                                            </div>
                                            <div class="nex_class_intel">
                                            	<h5><a href="{url}"{target}>{title}</a></h5>
                                                <div class="nex_class_intelbtm">
                                                	<span>{author}</span>
                                                    <em></em>
                                                    <span>{views}学习</span>
                                                    <div class="clear"></div>
                                                </div>
                                            </div>
                                            <div class="clear"></div>
                                        </div>
                                    </dd>]]></item>
						</item>
						<item id="loopplus">
						</item>
						<item id="loop"><![CDATA[[order=1]

<dd>
                                    	<div class="nex_class_box">
                                        	<div class="nex_class_pic">
                                            	<a href="{url}" target="_blank">
                                                	<em class="nex_class_bg_color1">No.{currentorder}</em>
                                                    <img src="{pic}" width="{picwidth}" height="{picheight}" />
                                                </a>
                                            </div>
                                            <div class="nex_class_intel">
                                            	<h5><a href="{url}"{target}>{title}</a></h5>
                                                <div class="nex_class_intelbtm">
                                                	<span>{author}</span>
                                                    <em></em>
                                                    <span>{views}学习</span>
                                                    <div class="clear"></div>
                                                </div>
                                            </div>
                                            <div class="clear"></div>
                                        </div>
                                    </dd>
[/order]
[order=2]

                                    <dd>
                                    	<div class="nex_class_box">
                                        	<div class="nex_class_pic">
                                            	<a href="{url}" target="_blank">
                                                	<em class="nex_class_bg_color2">No.{currentorder}</em>
                                                    <img src="{pic}" width="{picwidth}" height="{picheight}" />
                                                </a>
                                            </div>
                                            <div class="nex_class_intel">
                                            	<h5><a href="{url}"{target}>{title}</a></h5>
                                                <div class="nex_class_intelbtm">
                                                	<span>{author}</span>
                                                    <em></em>
                                                    <span>{views}学习</span>
                                                    <div class="clear"></div>
                                                </div>
                                            </div>
                                            <div class="clear"></div>
                                        </div>
                                    </dd>
[/order]
[order=3]

                                    <dd>
                                    	<div class="nex_class_box">
                                        	<div class="nex_class_pic">
                                            	<a href="{url}" target="_blank">
                                                	<em class="nex_class_bg_color3">No.{currentorder}</em>
                                                    <img src="{pic}" width="{picwidth}" height="{picheight}" />
                                                </a>
                                            </div>
                                            <div class="nex_class_intel">
                                            	<h5><a href="{url}"{target}>{title}</a></h5>
                                                <div class="nex_class_intelbtm">
                                                	<span>{author}</span>
                                                    <em></em>
                                                    <span>{views}学习</span>
                                                    <div class="clear"></div>
                                                </div>
                                            </div>
                                            <div class="clear"></div>
                                        </div>
                                    </dd>
[/order]

                                    <dd>
                                    	<div class="nex_class_box">
                                        	<div class="nex_class_pic">
                                            	<a href="{url}" target="_blank">
                                                    <img src="{pic}" width="{picwidth}" height="{picheight}" />
                                                </a>
                                            </div>
                                            <div class="nex_class_intel">
                                            	<h5><a href="{url}"{target}>{title}</a></h5>
                                                <div class="nex_class_intelbtm">
                                                	<span>{author}</span>
                                                    <em></em>
                                                    <span>{views}学习</span>
                                                    <div class="clear"></div>
                                                </div>
                                            </div>
                                            <div class="clear"></div>
                                        </div>
                                    </dd>]]></item>
					</item>
					<item id="hash"><![CDATA[601ee2c3]]></item>
				</item>
				<item id="picwidth"><![CDATA[100]]></item>
				<item id="picheight"><![CDATA[65]]></item>
				<item id="target"><![CDATA[blank]]></item>
				<item id="dateformat"><![CDATA[Y-m-d]]></item>
				<item id="dateuformat"><![CDATA[0]]></item>
				<item id="script"><![CDATA[thread]]></item>
				<item id="param">
					<item id="tids"><![CDATA[]]></item>
					<item id="uids"><![CDATA[]]></item>
					<item id="keyword"><![CDATA[]]></item>
					<item id="tagkeyword"><![CDATA[]]></item>
					<item id="typeids"><![CDATA[]]></item>
					<item id="reply"><![CDATA[0]]></item>
					<item id="recommend"><![CDATA[0]]></item>
					<item id="special">
						<item id="0"><![CDATA[0]]></item>
					</item>
					<item id="viewmod"><![CDATA[0]]></item>
					<item id="rewardstatus"><![CDATA[0]]></item>
					<item id="picrequired"><![CDATA[1]]></item>
					<item id="orderby"><![CDATA[views]]></item>
					<item id="postdateline"><![CDATA[0]]></item>
					<item id="lastpost"><![CDATA[0]]></item>
					<item id="highlight"><![CDATA[0]]></item>
					<item id="titlelength"><![CDATA[40]]></item>
					<item id="summarylength"><![CDATA[80]]></item>
					<item id="startrow"><![CDATA[0]]></item>
					<item id="items"><![CDATA[6]]></item>
				</item>
				<item id="shownum"><![CDATA[6]]></item>
				<item id="cachetime"><![CDATA[3600]]></item>
				<item id="cachetimerange"><![CDATA[]]></item>
				<item id="punctualupdate"><![CDATA[0]]></item>
				<item id="hidedisplay"><![CDATA[0]]></item>
				<item id="dateline"><![CDATA[1546911682]]></item>
				<item id="notinherited"><![CDATA[0]]></item>
				<item id="isblank"><![CDATA[0]]></item>
			</item>
			<item id="669">
				<item id="bid"><![CDATA[669]]></item>
				<item id="blockclass"><![CDATA[forum_thread]]></item>
				<item id="blocktype"><![CDATA[0]]></item>
				<item id="name"><![CDATA[论坛列表页课程排行榜]]></item>
				<item id="title"><![CDATA[]]></item>
				<item id="classname"><![CDATA[]]></item>
				<item id="summary"><![CDATA[]]></item>
				<item id="uid"><![CDATA[1]]></item>
				<item id="username"><![CDATA[admin]]></item>
				<item id="styleid"><![CDATA[0]]></item>
				<item id="blockstyle">
					<item id="name"><![CDATA[]]></item>
					<item id="blockclass"><![CDATA[forum_thread]]></item>
					<item id="makethumb"><![CDATA[1]]></item>
					<item id="getpic"><![CDATA[1]]></item>
					<item id="getsummary"><![CDATA[0]]></item>
					<item id="settarget"><![CDATA[1]]></item>
					<item id="moreurl"><![CDATA[0]]></item>
					<item id="fields">
						<item id="0"><![CDATA[url]]></item>
						<item id="1"><![CDATA[currentorder]]></item>
						<item id="2"><![CDATA[pic]]></item>
						<item id="3"><![CDATA[title]]></item>
						<item id="4"><![CDATA[author]]></item>
						<item id="5"><![CDATA[views]]></item>
					</item>
					<item id="template">
						<item id="raw"><![CDATA[[loop]
[order=1]

<dd>
                                    	<div class="nex_class_box">
                                        	<div class="nex_class_pic">
                                            	<a href="{url}" target="_blank">
                                                	<em class="nex_class_bg_color1">No.{currentorder}</em>
                                                    <img src="{pic}" width="{picwidth}" height="{picheight}" />
                                                </a>
                                            </div>
                                            <div class="nex_class_intel">
                                            	<h5><a href="{url}"{target}>{title}</a></h5>
                                                <div class="nex_class_intelbtm">
                                                	<span>{author}</span>
                                                    <em></em>
                                                    <span>{views}学习</span>
                                                    <div class="clear"></div>
                                                </div>
                                            </div>
                                            <div class="clear"></div>
                                        </div>
                                    </dd>
[/order]
[order=2]

                                    <dd>
                                    	<div class="nex_class_box">
                                        	<div class="nex_class_pic">
                                            	<a href="{url}" target="_blank">
                                                	<em class="nex_class_bg_color2">No.{currentorder}</em>
                                                    <img src="{pic}" width="{picwidth}" height="{picheight}" />
                                                </a>
                                            </div>
                                            <div class="nex_class_intel">
                                            	<h5><a href="{url}"{target}>{title}</a></h5>
                                                <div class="nex_class_intelbtm">
                                                	<span>{author}</span>
                                                    <em></em>
                                                    <span>{views}学习</span>
                                                    <div class="clear"></div>
                                                </div>
                                            </div>
                                            <div class="clear"></div>
                                        </div>
                                    </dd>
[/order]
[order=3]

                                    <dd>
                                    	<div class="nex_class_box">
                                        	<div class="nex_class_pic">
                                            	<a href="{url}" target="_blank">
                                                	<em class="nex_class_bg_color3">No.{currentorder}</em>
                                                    <img src="{pic}" width="{picwidth}" height="{picheight}" />
                                                </a>
                                            </div>
                                            <div class="nex_class_intel">
                                            	<h5><a href="{url}"{target}>{title}</a></h5>
                                                <div class="nex_class_intelbtm">
                                                	<span>{author}</span>
                                                    <em></em>
                                                    <span>{views}学习</span>
                                                    <div class="clear"></div>
                                                </div>
                                            </div>
                                            <div class="clear"></div>
                                        </div>
                                    </dd>
[/order]

                                    <dd>
                                    	<div class="nex_class_box">
                                        	<div class="nex_class_pic">
                                            	<a href="{url}" target="_blank">
                                                    <img src="{pic}" width="{picwidth}" height="{picheight}" />
                                                </a>
                                            </div>
                                            <div class="nex_class_intel">
                                            	<h5><a href="{url}"{target}>{title}</a></h5>
                                                <div class="nex_class_intelbtm">
                                                	<span>{author}</span>
                                                    <em></em>
                                                    <span>{views}学习</span>
                                                    <div class="clear"></div>
                                                </div>
                                            </div>
                                            <div class="clear"></div>
                                        </div>
                                    </dd>
[/loop]]]></item>
						<item id="footer"><![CDATA[]]></item>
						<item id="header"><![CDATA[]]></item>
						<item id="indexplus">
						</item>
						<item id="index">
						</item>
						<item id="orderplus">
						</item>
						<item id="order">
							<item id="1"><![CDATA[<dd>
                                    	<div class="nex_class_box">
                                        	<div class="nex_class_pic">
                                            	<a href="{url}" target="_blank">
                                                	<em class="nex_class_bg_color1">No.{currentorder}</em>
                                                    <img src="{pic}" width="{picwidth}" height="{picheight}" />
                                                </a>
                                            </div>
                                            <div class="nex_class_intel">
                                            	<h5><a href="{url}"{target}>{title}</a></h5>
                                                <div class="nex_class_intelbtm">
                                                	<span>{author}</span>
                                                    <em></em>
                                                    <span>{views}学习</span>
                                                    <div class="clear"></div>
                                                </div>
                                            </div>
                                            <div class="clear"></div>
                                        </div>
                                    </dd>]]></item>
							<item id="2"><![CDATA[<dd>
                                    	<div class="nex_class_box">
                                        	<div class="nex_class_pic">
                                            	<a href="{url}" target="_blank">
                                                	<em class="nex_class_bg_color2">No.{currentorder}</em>
                                                    <img src="{pic}" width="{picwidth}" height="{picheight}" />
                                                </a>
                                            </div>
                                            <div class="nex_class_intel">
                                            	<h5><a href="{url}"{target}>{title}</a></h5>
                                                <div class="nex_class_intelbtm">
                                                	<span>{author}</span>
                                                    <em></em>
                                                    <span>{views}学习</span>
                                                    <div class="clear"></div>
                                                </div>
                                            </div>
                                            <div class="clear"></div>
                                        </div>
                                    </dd>]]></item>
							<item id="3"><![CDATA[<dd>
                                    	<div class="nex_class_box">
                                        	<div class="nex_class_pic">
                                            	<a href="{url}" target="_blank">
                                                	<em class="nex_class_bg_color3">No.{currentorder}</em>
                                                    <img src="{pic}" width="{picwidth}" height="{picheight}" />
                                                </a>
                                            </div>
                                            <div class="nex_class_intel">
                                            	<h5><a href="{url}"{target}>{title}</a></h5>
                                                <div class="nex_class_intelbtm">
                                                	<span>{author}</span>
                                                    <em></em>
                                                    <span>{views}学习</span>
                                                    <div class="clear"></div>
                                                </div>
                                            </div>
                                            <div class="clear"></div>
                                        </div>
                                    </dd>]]></item>
						</item>
						<item id="loopplus">
						</item>
						<item id="loop"><![CDATA[[order=1]

<dd>
                                    	<div class="nex_class_box">
                                        	<div class="nex_class_pic">
                                            	<a href="{url}" target="_blank">
                                                	<em class="nex_class_bg_color1">No.{currentorder}</em>
                                                    <img src="{pic}" width="{picwidth}" height="{picheight}" />
                                                </a>
                                            </div>
                                            <div class="nex_class_intel">
                                            	<h5><a href="{url}"{target}>{title}</a></h5>
                                                <div class="nex_class_intelbtm">
                                                	<span>{author}</span>
                                                    <em></em>
                                                    <span>{views}学习</span>
                                                    <div class="clear"></div>
                                                </div>
                                            </div>
                                            <div class="clear"></div>
                                        </div>
                                    </dd>
[/order]
[order=2]

                                    <dd>
                                    	<div class="nex_class_box">
                                        	<div class="nex_class_pic">
                                            	<a href="{url}" target="_blank">
                                                	<em class="nex_class_bg_color2">No.{currentorder}</em>
                                                    <img src="{pic}" width="{picwidth}" height="{picheight}" />
                                                </a>
                                            </div>
                                            <div class="nex_class_intel">
                                            	<h5><a href="{url}"{target}>{title}</a></h5>
                                                <div class="nex_class_intelbtm">
                                                	<span>{author}</span>
                                                    <em></em>
                                                    <span>{views}学习</span>
                                                    <div class="clear"></div>
                                                </div>
                                            </div>
                                            <div class="clear"></div>
                                        </div>
                                    </dd>
[/order]
[order=3]

                                    <dd>
                                    	<div class="nex_class_box">
                                        	<div class="nex_class_pic">
                                            	<a href="{url}" target="_blank">
                                                	<em class="nex_class_bg_color3">No.{currentorder}</em>
                                                    <img src="{pic}" width="{picwidth}" height="{picheight}" />
                                                </a>
                                            </div>
                                            <div class="nex_class_intel">
                                            	<h5><a href="{url}"{target}>{title}</a></h5>
                                                <div class="nex_class_intelbtm">
                                                	<span>{author}</span>
                                                    <em></em>
                                                    <span>{views}学习</span>
                                                    <div class="clear"></div>
                                                </div>
                                            </div>
                                            <div class="clear"></div>
                                        </div>
                                    </dd>
[/order]

                                    <dd>
                                    	<div class="nex_class_box">
                                        	<div class="nex_class_pic">
                                            	<a href="{url}" target="_blank">
                                                    <img src="{pic}" width="{picwidth}" height="{picheight}" />
                                                </a>
                                            </div>
                                            <div class="nex_class_intel">
                                            	<h5><a href="{url}"{target}>{title}</a></h5>
                                                <div class="nex_class_intelbtm">
                                                	<span>{author}</span>
                                                    <em></em>
                                                    <span>{views}学习</span>
                                                    <div class="clear"></div>
                                                </div>
                                            </div>
                                            <div class="clear"></div>
                                        </div>
                                    </dd>]]></item>
					</item>
					<item id="hash"><![CDATA[601ee2c3]]></item>
				</item>
				<item id="picwidth"><![CDATA[100]]></item>
				<item id="picheight"><![CDATA[65]]></item>
				<item id="target"><![CDATA[blank]]></item>
				<item id="dateformat"><![CDATA[Y-m-d]]></item>
				<item id="dateuformat"><![CDATA[0]]></item>
				<item id="script"><![CDATA[thread]]></item>
				<item id="param">
					<item id="tids"><![CDATA[]]></item>
					<item id="uids"><![CDATA[]]></item>
					<item id="keyword"><![CDATA[]]></item>
					<item id="tagkeyword"><![CDATA[]]></item>
					<item id="typeids"><![CDATA[]]></item>
					<item id="reply"><![CDATA[0]]></item>
					<item id="recommend"><![CDATA[0]]></item>
					<item id="special">
						<item id="0"><![CDATA[0]]></item>
					</item>
					<item id="viewmod"><![CDATA[0]]></item>
					<item id="rewardstatus"><![CDATA[0]]></item>
					<item id="picrequired"><![CDATA[1]]></item>
					<item id="orderby"><![CDATA[views]]></item>
					<item id="postdateline"><![CDATA[0]]></item>
					<item id="lastpost"><![CDATA[0]]></item>
					<item id="highlight"><![CDATA[0]]></item>
					<item id="titlelength"><![CDATA[40]]></item>
					<item id="summarylength"><![CDATA[80]]></item>
					<item id="startrow"><![CDATA[0]]></item>
					<item id="items"><![CDATA[6]]></item>
				</item>
				<item id="shownum"><![CDATA[6]]></item>
				<item id="cachetime"><![CDATA[3600]]></item>
				<item id="cachetimerange"><![CDATA[]]></item>
				<item id="punctualupdate"><![CDATA[0]]></item>
				<item id="hidedisplay"><![CDATA[0]]></item>
				<item id="dateline"><![CDATA[1546911691]]></item>
				<item id="notinherited"><![CDATA[0]]></item>
				<item id="isblank"><![CDATA[0]]></item>
			</item>
			<item id="670">
				<item id="bid"><![CDATA[670]]></item>
				<item id="blockclass"><![CDATA[html_html]]></item>
				<item id="blocktype"><![CDATA[0]]></item>
				<item id="name"><![CDATA[论坛列表页广告位]]></item>
				<item id="title"><![CDATA[]]></item>
				<item id="classname"><![CDATA[]]></item>
				<item id="summary"><![CDATA[<a href="#" target="_blank"><img src="template/nex_edu_181111/neoconex/forumlist/ads1.jpg" /></a>]]></item>
				<item id="uid"><![CDATA[1]]></item>
				<item id="username"><![CDATA[admin]]></item>
				<item id="styleid"><![CDATA[0]]></item>
				<item id="blockstyle"><![CDATA[]]></item>
				<item id="picwidth"><![CDATA[0]]></item>
				<item id="picheight"><![CDATA[0]]></item>
				<item id="target"><![CDATA[blank]]></item>
				<item id="dateformat"><![CDATA[Y-m-d]]></item>
				<item id="dateuformat"><![CDATA[0]]></item>
				<item id="script"><![CDATA[blank]]></item>
				<item id="param">
					<item id="content"><![CDATA[<a href=\"#\" target=\"_blank\"><img src=\"template/nex_edu_181111/neoconex/forumlist/ads1.jpg\" /></a>]]></item>
					<item id="items"><![CDATA[10]]></item>
				</item>
				<item id="shownum"><![CDATA[10]]></item>
				<item id="cachetime"><![CDATA[3600]]></item>
				<item id="cachetimerange"><![CDATA[]]></item>
				<item id="punctualupdate"><![CDATA[0]]></item>
				<item id="hidedisplay"><![CDATA[0]]></item>
				<item id="dateline"><![CDATA[1546913030]]></item>
				<item id="notinherited"><![CDATA[0]]></item>
				<item id="isblank"><![CDATA[0]]></item>
			</item>
			<item id="671">
				<item id="bid"><![CDATA[671]]></item>
				<item id="blockclass"><![CDATA[forum_thread]]></item>
				<item id="blocktype"><![CDATA[0]]></item>
				<item id="name"><![CDATA[精彩课评]]></item>
				<item id="title"><![CDATA[]]></item>
				<item id="classname"><![CDATA[]]></item>
				<item id="summary"><![CDATA[]]></item>
				<item id="uid"><![CDATA[1]]></item>
				<item id="username"><![CDATA[admin]]></item>
				<item id="styleid"><![CDATA[0]]></item>
				<item id="blockstyle">
					<item id="name"><![CDATA[]]></item>
					<item id="blockclass"><![CDATA[forum_thread]]></item>
					<item id="makethumb"><![CDATA[1]]></item>
					<item id="getpic"><![CDATA[1]]></item>
					<item id="getsummary"><![CDATA[0]]></item>
					<item id="settarget"><![CDATA[1]]></item>
					<item id="moreurl"><![CDATA[0]]></item>
					<item id="fields">
						<item id="0"><![CDATA[url]]></item>
						<item id="1"><![CDATA[pic]]></item>
						<item id="2"><![CDATA[author]]></item>
						<item id="3"><![CDATA[dateline]]></item>
						<item id="4"><![CDATA[title]]></item>
					</item>
					<item id="template">
						<item id="raw"><![CDATA[[loop]
<li>
                        	<div class="nex_kp_tops">
                            	<a href="{url}" target="_blank">
                                	<img src="{pic}" width="{picwidth}" height="{picheight}" />
                                    <em>{author}</em>
                                </a>
                                <span>{dateline}</span>
                                <div class="clear"></div>
                            </div>
                            <div class="nex_kp_btms">
                            	<h5><a href="{url}"{target}>{title}</a></h5>
                            </div>
                        </li>
[/loop]]]></item>
						<item id="footer"><![CDATA[]]></item>
						<item id="header"><![CDATA[]]></item>
						<item id="indexplus">
						</item>
						<item id="index">
						</item>
						<item id="orderplus">
						</item>
						<item id="order">
						</item>
						<item id="loopplus">
						</item>
						<item id="loop"><![CDATA[<li>
                        	<div class="nex_kp_tops">
                            	<a href="{url}" target="_blank">
                                	<img src="{pic}" width="{picwidth}" height="{picheight}" />
                                    <em>{author}</em>
                                </a>
                                <span>{dateline}</span>
                                <div class="clear"></div>
                            </div>
                            <div class="nex_kp_btms">
                            	<h5><a href="{url}"{target}>{title}</a></h5>
                            </div>
                        </li>]]></item>
					</item>
					<item id="hash"><![CDATA[9cabce0e]]></item>
				</item>
				<item id="picwidth"><![CDATA[200]]></item>
				<item id="picheight"><![CDATA[200]]></item>
				<item id="target"><![CDATA[blank]]></item>
				<item id="dateformat"><![CDATA[Y-m-d H:i]]></item>
				<item id="dateuformat"><![CDATA[0]]></item>
				<item id="script"><![CDATA[thread]]></item>
				<item id="param">
					<item id="tids"><![CDATA[]]></item>
					<item id="uids"><![CDATA[]]></item>
					<item id="keyword"><![CDATA[]]></item>
					<item id="tagkeyword"><![CDATA[]]></item>
					<item id="typeids"><![CDATA[]]></item>
					<item id="reply"><![CDATA[0]]></item>
					<item id="recommend"><![CDATA[0]]></item>
					<item id="special">
						<item id="0"><![CDATA[0]]></item>
					</item>
					<item id="viewmod"><![CDATA[0]]></item>
					<item id="rewardstatus"><![CDATA[0]]></item>
					<item id="picrequired"><![CDATA[0]]></item>
					<item id="orderby"><![CDATA[views]]></item>
					<item id="postdateline"><![CDATA[0]]></item>
					<item id="lastpost"><![CDATA[0]]></item>
					<item id="highlight"><![CDATA[0]]></item>
					<item id="titlelength"><![CDATA[40]]></item>
					<item id="summarylength"><![CDATA[80]]></item>
					<item id="startrow"><![CDATA[0]]></item>
					<item id="items"><![CDATA[5]]></item>
				</item>
				<item id="shownum"><![CDATA[5]]></item>
				<item id="cachetime"><![CDATA[3600]]></item>
				<item id="cachetimerange"><![CDATA[]]></item>
				<item id="punctualupdate"><![CDATA[0]]></item>
				<item id="hidedisplay"><![CDATA[0]]></item>
				<item id="dateline"><![CDATA[1546913032]]></item>
				<item id="notinherited"><![CDATA[0]]></item>
				<item id="isblank"><![CDATA[0]]></item>
			</item>
			<item id="680">
				<item id="bid"><![CDATA[680]]></item>
				<item id="blockclass"><![CDATA[forum_thread]]></item>
				<item id="blocktype"><![CDATA[0]]></item>
				<item id="name"><![CDATA[列表页最新课程]]></item>
				<item id="title"><![CDATA[]]></item>
				<item id="classname"><![CDATA[]]></item>
				<item id="summary"><![CDATA[]]></item>
				<item id="uid"><![CDATA[1]]></item>
				<item id="username"><![CDATA[admin]]></item>
				<item id="styleid"><![CDATA[0]]></item>
				<item id="blockstyle">
					<item id="name"><![CDATA[]]></item>
					<item id="blockclass"><![CDATA[forum_thread]]></item>
					<item id="makethumb"><![CDATA[1]]></item>
					<item id="getpic"><![CDATA[1]]></item>
					<item id="getsummary"><![CDATA[0]]></item>
					<item id="settarget"><![CDATA[0]]></item>
					<item id="moreurl"><![CDATA[0]]></item>
					<item id="fields">
						<item id="0"><![CDATA[url]]></item>
						<item id="1"><![CDATA[pic]]></item>
						<item id="2"><![CDATA[title]]></item>
					</item>
					<item id="template">
						<item id="raw"><![CDATA[[loop]
<li>
                        	<a href="{url}" target="_blank">
                            	<img src="{pic}" width="{picwidth}" height="{picheight}" />
                                <p>{title}</p>
                            </a>
                        </li>
[/loop]]]></item>
						<item id="footer"><![CDATA[]]></item>
						<item id="header"><![CDATA[]]></item>
						<item id="indexplus">
						</item>
						<item id="index">
						</item>
						<item id="orderplus">
						</item>
						<item id="order">
						</item>
						<item id="loopplus">
						</item>
						<item id="loop"><![CDATA[<li>
                        	<a href="{url}" target="_blank">
                            	<img src="{pic}" width="{picwidth}" height="{picheight}" />
                                <p>{title}</p>
                            </a>
                        </li>]]></item>
					</item>
					<item id="hash"><![CDATA[b7846474]]></item>
				</item>
				<item id="picwidth"><![CDATA[100]]></item>
				<item id="picheight"><![CDATA[65]]></item>
				<item id="target"><![CDATA[blank]]></item>
				<item id="dateformat"><![CDATA[Y-m-d]]></item>
				<item id="dateuformat"><![CDATA[0]]></item>
				<item id="script"><![CDATA[thread]]></item>
				<item id="param">
					<item id="tids"><![CDATA[]]></item>
					<item id="uids"><![CDATA[]]></item>
					<item id="keyword"><![CDATA[]]></item>
					<item id="tagkeyword"><![CDATA[]]></item>
					<item id="typeids"><![CDATA[]]></item>
					<item id="reply"><![CDATA[0]]></item>
					<item id="recommend"><![CDATA[0]]></item>
					<item id="special">
						<item id="0"><![CDATA[0]]></item>
					</item>
					<item id="viewmod"><![CDATA[0]]></item>
					<item id="rewardstatus"><![CDATA[0]]></item>
					<item id="picrequired"><![CDATA[1]]></item>
					<item id="orderby"><![CDATA[views]]></item>
					<item id="postdateline"><![CDATA[0]]></item>
					<item id="lastpost"><![CDATA[0]]></item>
					<item id="highlight"><![CDATA[0]]></item>
					<item id="titlelength"><![CDATA[40]]></item>
					<item id="summarylength"><![CDATA[80]]></item>
					<item id="startrow"><![CDATA[0]]></item>
					<item id="items"><![CDATA[6]]></item>
				</item>
				<item id="shownum"><![CDATA[6]]></item>
				<item id="cachetime"><![CDATA[3600]]></item>
				<item id="cachetimerange"><![CDATA[]]></item>
				<item id="punctualupdate"><![CDATA[0]]></item>
				<item id="hidedisplay"><![CDATA[0]]></item>
				<item id="dateline"><![CDATA[1546914186]]></item>
				<item id="notinherited"><![CDATA[0]]></item>
				<item id="isblank"><![CDATA[0]]></item>
			</item>
		</item>
		<item id="style">
		</item>
	</item>
</root>
