<?xml version="1.0" encoding="ISO-8859-1"?>
<root>
	<item id="Title"><![CDATA[Discuz! Plugin]]></item>
	<item id="Version"><![CDATA[X3,X3.1,X3.2,X3.3,X3.4,F1.0]]></item>
	<item id="Time"><![CDATA[2020-07-09 15:53]]></item>
	<item id="From"><![CDATA[DisM!应用中心 (https://dism.taobao.com/)]]></item>
	<item id="Data">
		<item id="plugin">
			<item id="available"><![CDATA[1]]></item>
			<item id="adminid"><![CDATA[1]]></item>
			<item id="name"><![CDATA[简书APP-手机管理]]></item>
			<item id="identifier"><![CDATA[zhanzhuai_jianshu_set]]></item>
			<item id="description"><![CDATA[简书APP-手机管理插件]]></item>
			<item id="datatables"><![CDATA[]]></item>
			<item id="directory"><![CDATA[zhanzhuai_jianshu_set/]]></item>
			<item id="copyright"><![CDATA[DisM!应用中心(dism.taobao.com)]]></item>
			<item id="modules"><![CDATA[a:0:{}]]></item>
			<item id="version"><![CDATA[V2.0]]></item>
		</item>
		<item id="version"><![CDATA[X3,X3.1,X3.2,X3.3,X3.4,F1.0]]></item>
		<item id="var">
			<item id="0">
				<item id="displayorder"><![CDATA[1]]></item>
				<item id="title"><![CDATA[门户首页顶部菜单]]></item>
				<item id="description"><![CDATA[门户首页顶部菜单]]></item>
				<item id="variable"><![CDATA[zz_top_menu]]></item>
				<item id="type"><![CDATA[textarea]]></item>
				<item id="value"><![CDATA[<div class="zz_top_menu_bar cl">
<div class="zz_top_menu_more">
     <div class="list_shadow"></div>
	      <a href="misc.php?mod=tag" class="more_btn"></a>
     </div> 
     <div id="zz_top_menu" class="zz_top_menu_list">
       <a class="on" href="http://t.cn/AiuxBNHJ" title="自定义广告说明">专刊</a>
	   <a href="http://t.cn/Aiux1Qh0" title="自定义广告说明">兴趣专题</a>
	   <a href="http://t.cn/Aiux1Qh0" title="自定义广告说明">摄影</a>
	   <a href="http://t.cn/Aiux1Qh0" title="自定义广告说明">手绘</a>
	   <a href="http://t.cn/Aiux1Qh0" title="自定义广告说明">IT互联网</a>
	   <a href="http://t.cn/Aiux1Qh0" title="自定义广告说明">生活家</a>
	   <a href="http://t.cn/Aiux1Qh0" title="自定义广告说明">故事</a>
	   <a href="http://t.cn/Aiux1Qh0" title="自定义广告说明">娱乐圈</a>
	   <a href="http://t.cn/Aiux1Qh0" title="自定义广告说明">程序员</a>
	   <a href="http://t.cn/Aiux1Qh0" title="自定义广告说明">读书</a>
	   <a href="http://t.cn/Aiux1Qh0" title="自定义广告说明">校园专题</a>
	   <a href="http://t.cn/Aiux1Qh0" title="自定义广告说明">对话小说</a>
	   <a href="http://t.cn/Aiux1Qh0" title="自定义广告说明">奇幻</a>
   </div>
</div>]]></item>
				<item id="extra"><![CDATA[]]></item>
			</item>
			<item id="1">
				<item id="displayorder"><![CDATA[2]]></item>
				<item id="title"><![CDATA[左侧弹窗菜单]]></item>
				<item id="description"><![CDATA[]]></item>
				<item id="variable"><![CDATA[zz_left_menu]]></item>
				<item id="type"><![CDATA[textarea]]></item>
				<item id="value"><![CDATA[<li class="zz_menu_home" style="animation-delay: 0.05s;"><a href="portal.php?mod=index&mobile=2"><i class="iconfont icon-home_light"></i><span>首页</span></a></li>
                 <li class="zz_menu_bbs" style="animation-delay: 0.1s;"><a href="forum.php?forumlist=1&mobile=2"><i class="iconfont icon-manage"></i><span>论坛</span></a></li>
                 <li class="zz_menu_news" style="animation-delay: 0.15s;"><a href="http://t.cn/AiuxBMCp"><i class="iconfont icon-xinwenchuban"></i><span>新闻</span></a></li>
                 <li class="zz_menu_c" style="animation-delay: 0.2s;"><a href="forum.php?mod=guide&view=newthread&mobile=2"><i class="iconfont icon-creative"></i><span>发现</span></a></li>
				 <li class="zz_menu_photo" style="animation-delay: 0.25s;"><a href="http://t.cn/AiuxBMCp"><i class="iconfont icon-picture" style="font-size: 24px;"></i><span>美拍</span></a></li>
                 <li class="zz_menu_hot" style="animation-delay: 0.25s;"><a href="forum.php?mod=guide&view=hot&mobile=2"><i class="iconfont icon-hot"></i><span>热门</span></a></li>
                 <li class="zz_menu_sf" style="animation-delay: 0.3s;"><a href="forum.php?mod=guide&view=sofa&mobile=2"><i class="iconfont icon-furniture"></i><span>抢沙发</span></a></li>
                 <li class="zz_menu_tag" style="animation-delay: 0.35s;"><a href="misc.php?mod=tag"><i class="iconfont icon-biaoqian"></i><span>标签</span></a></li>]]></item>
				<item id="extra"><![CDATA[]]></item>
			</item>
			<item id="2">
				<item id="displayorder"><![CDATA[3]]></item>
				<item id="title"><![CDATA[门户首页幻灯]]></item>
				<item id="description"><![CDATA[修改链接、文字、图片即可，注意格式。]]></item>
				<item id="variable"><![CDATA[zhanzhuai_focus]]></item>
				<item id="type"><![CDATA[textarea]]></item>
				<item id="value"><![CDATA[<div class="zz_focus_wrap cl">
<div class="zz_focus_box swiper-container cl"> 
<ul class="swiper-wrapper cl">
    <li class="swiper-slide"><a href="http://t.cn/AiuxBNHJ" style="background-image: url(template/zhanzhuai_jianshu_m/touch/type/focus/a1.jpg);"></a></li>
    <li class="swiper-slide"><a href="http://t.cn/AiuxBNHJ" style="background-image: url(template/zhanzhuai_jianshu_m/touch/type/focus/a2.jpg);"></a></li>
    <li class="swiper-slide"><a href="http://t.cn/AiuxBNHJ" style="background-image: url(template/zhanzhuai_jianshu_m/touch/type/focus/a3.jpg);"></a></li>
    <li class="swiper-slide"><a href="http://t.cn/AiuxBNHJ" style="background-image: url(template/zhanzhuai_jianshu_m/touch/type/focus/a4.jpg);"></a></li>
</ul>
<div class="zz_focus_dot swiper-pagination cl"></div>
<div class="zz_trends_box">
    <i class="zz_trends zz_w1"></i>
    <i class="zz_trends zz_w2"></i>
</div>
</div>
</div>]]></item>
				<item id="extra"><![CDATA[]]></item>
			</item>
			<item id="3">
				<item id="displayorder"><![CDATA[4]]></item>
				<item id="title"><![CDATA[门户首页文字推荐]]></item>
				<item id="description"><![CDATA[发现最新、推荐知识、聚合话题]]></item>
				<item id="variable"><![CDATA[zz_collect_menu]]></item>
				<item id="type"><![CDATA[textarea]]></item>
				<item id="value"><![CDATA[ <div class="zz_collect_menu cl">
    <ul>
         <li><a href="http://t.cn/AiuxBNHJ"><span class="zz_new">发现最新</span><p>发现问题,长见识</p></a></li>
         <li><a href="http://t.cn/AiuxBNHJ"><span class="zz_tj">推荐知识</span><p>典型问题参考</p></a></li>
         <li><a href="http://t.cn/AiuxBNHJ"><span class="zz_jh">聚合话题</span><p>话题详细描述</p></a></li>
	 </ul>
</div>]]></item>
				<item id="extra"><![CDATA[]]></item>
			</item>
			<item id="4">
				<item id="displayorder"><![CDATA[5]]></item>
				<item id="title"><![CDATA[首页滚动推荐]]></item>
				<item id="description"><![CDATA[首页滚动推荐]]></item>
				<item id="variable"><![CDATA[zz_gonggao]]></item>
				<item id="type"><![CDATA[textarea]]></item>
				<item id="value"><![CDATA[<div class="zz_column_hotnews cl">
     <div class="zz_pack cl">滚动</div>
     <ul class="cl">
         <li><a href="http://t.cn/AiuxBNHJ">微软联合创始人保罗·艾伦癌症离世 盖茨痛失亲密老友</a></li>
         <li><a href="http://t.cn/AiuxBNHJ">社交电商正火 拼多多风头未减，拼少少又来了</a></li>
         <li><a href="http://t.cn/AiuxBNHJ">最高人民法院全方位打造便民司法服务体系</a></li>
         <li><a href="http://t.cn/AiuxBNHJ">撤县设市最新消息来了！</a></li>
         <li><a href="http://t.cn/AiuxBNHJ">改革开放40年旅游产业进入黄金发展期</a></li>
         <li><a href="http://t.cn/AiuxBNHJ">各地一律保持现有社保政策不变 严禁自行集中清缴</a></li>
     </ul>
</div>]]></item>
				<item id="extra"><![CDATA[]]></item>
			</item>
			<item id="5">
				<item id="displayorder"><![CDATA[6]]></item>
				<item id="title"><![CDATA[首页三格广告]]></item>
				<item id="description"><![CDATA[]]></item>
				<item id="variable"><![CDATA[zz_mrdb]]></item>
				<item id="type"><![CDATA[textarea]]></item>
				<item id="value"><![CDATA[<div class="zz_mrdb cl">
<div class="zz_mrdb_left cl">
     <a href="http://t.cn/AiuxBNHJ" style="background-image: url(template/zhanzhuai_jianshu_m/touch/type/c_ico/c1.png);"></a>
</div>
<div class="zz_mrdb_right cl">
<ul class="cl">
    <li>
	    <a href="http://t.cn/AiuxBNHJ">
           <h4>内心感悟</h4>
           <p>记录生活点滴</p>
           <img src="template/zhanzhuai_jianshu_m/touch/type/c_ico/c2.png">
		</a>
	</li>
    <li>
	    <a href="http://t.cn/AiuxBNHJ">
           <h4>加上图片</h4>
           <p>更好的表达内心</p>
           <img src="template/zhanzhuai_jianshu_m/touch/type/c_ico/c3.png"></a>
		</a>
	</li>
</ul>
</div>
</div>]]></item>
				<item id="extra"><![CDATA[]]></item>
			</item>
			<item id="6">
				<item id="displayorder"><![CDATA[7]]></item>
				<item id="title"><![CDATA[首页拖拽导读]]></item>
				<item id="description"><![CDATA[首页拖拽导读]]></item>
				<item id="variable"><![CDATA[zz_quick]]></item>
				<item id="type"><![CDATA[textarea]]></item>
				<item id="value"><![CDATA[<div class="zz_quick cl">
<div class="zz_quick_list cl">
        <a href="forum.php?mod=guide&amp;view=newthread"><img src="template/zhanzhuai_jianshu_m/touch/type/b_ico/b1.png" alt=""></a>
        <a href="forum.php?mod=guide&amp;view=new"><img src="template/zhanzhuai_jianshu_m/touch/type/b_ico/b2.png" alt=""></a>
        <a href="forum.php?mod=guide&amp;view=digest"><img src="template/zhanzhuai_jianshu_m/touch/type/b_ico/b3.png" alt=""></a>
        <a href="forum.php?mod=guide&amp;view=my"><img src="template/zhanzhuai_jianshu_m/touch/type/b_ico/b4.png" alt=""></a>
        <a href="forum.php?mod=guide&amp;view=sofa" style="margin: -4px 0 0;"><img src="template/zhanzhuai_jianshu_m/touch/type/b_ico/b5.png" alt=""></a>
   </div>
</div>]]></item>
				<item id="extra"><![CDATA[]]></item>
			</item>
			<item id="7">
				<item id="displayorder"><![CDATA[8]]></item>
				<item id="title"><![CDATA[门户加载列表不调用版块fid]]></item>
				<item id="description"><![CDATA[排除法，填写不想显示版块，多个版块用半角逗号分开, 如: 2,3,4,5,6]]></item>
				<item id="variable"><![CDATA[zhanzhuai_fids]]></item>
				<item id="type"><![CDATA[text]]></item>
				<item id="value"><![CDATA[999,9999]]></item>
				<item id="extra"><![CDATA[]]></item>
			</item>
			<item id="8">
				<item id="displayorder"><![CDATA[9]]></item>
				<item id="title"><![CDATA[门户首页加载列表样式]]></item>
				<item id="description"><![CDATA[选择门户首页加载列表显示样式]]></item>
				<item id="variable"><![CDATA[zhanzhuai_news_load]]></item>
				<item id="type"><![CDATA[select]]></item>
				<item id="value"><![CDATA[1]]></item>
				<item id="extra"><![CDATA[1 = 默认列表样式
2 = 头条新闻样式
3 = 微博列表样式]]></item>
			</item>
			<item id="9">
				<item id="displayorder"><![CDATA[10]]></item>
				<item id="title"><![CDATA[版块主题列表样式]]></item>
				<item id="description"><![CDATA[选择设置版块主题列表显示样式]]></item>
				<item id="variable"><![CDATA[zz_forumlist_load]]></item>
				<item id="type"><![CDATA[select]]></item>
				<item id="value"><![CDATA[1]]></item>
				<item id="extra"><![CDATA[1 = 默认列表样式
2 = 头条新闻样式
3 = 微博列表样式]]></item>
			</item>
			<item id="10">
				<item id="displayorder"><![CDATA[11]]></item>
				<item id="title"><![CDATA[导读列表样式]]></item>
				<item id="description"><![CDATA[选择设置导读列表显示样式]]></item>
				<item id="variable"><![CDATA[zz_guide_load]]></item>
				<item id="type"><![CDATA[select]]></item>
				<item id="value"><![CDATA[1]]></item>
				<item id="extra"><![CDATA[1 = 默认列表样式
2 = 头条新闻样式
3 = 微博列表样式]]></item>
			</item>
			<item id="11">
				<item id="displayorder"><![CDATA[12]]></item>
				<item id="title"><![CDATA[底部弹窗(八宫格)]]></item>
				<item id="description"><![CDATA[点击底部中间按钮，弹出八宫格菜单]]></item>
				<item id="variable"><![CDATA[zhanzhuai_ft_menu]]></item>
				<item id="type"><![CDATA[textarea]]></item>
				<item id="value"><![CDATA[<li><a href="portal.php?mod=list&catid=1"><img src="template/zhanzhuai_jianshu_m/touch/type/ft_tc_ico/kj_ico1.png"><p>新闻资讯</p></a></li>

<li><a href="forum.php?mod=misc&action=nav"><img src="template/zhanzhuai_jianshu_m/touch/type/ft_tc_ico/kj_ico2.png"><p>发帖</p></a></li>

<li><a href="misc.php?mod=tag&mobile=2"><img src="template/zhanzhuai_jianshu_m/touch/type/ft_tc_ico/kj_ico7.png"><p>标签</p></a></li>

<li><a href="forum.php?mod=guide&view=newthread&mobile=2"><img src="template/zhanzhuai_jianshu_m/touch/type/ft_tc_ico/kj_ico4.png"><p>导读</p></a></li>

<li><a href="forum.php?mod=announcement&id=1&mobile=2"><img src="template/zhanzhuai_jianshu_m/touch/type/ft_tc_ico/kj_ico5.png"><p>社区公告</p></a></li>

<li><a href="forum.php?mod=guide&view=newthread&mobile=2"><img src="template/zhanzhuai_jianshu_m/touch/type/ft_tc_ico/kj_ico6.png"><p>自定义</p></a></li>

<li><a href="forum.php?mod=guide&view=newthread&mobile=2"><img src="template/zhanzhuai_jianshu_m/touch/type/ft_tc_ico/kj_ico3.png"><p>自定义</p></a></li>

<li><a href="forum.php?mod=guide&view=newthread&mobile=2"><img src="template/zhanzhuai_jianshu_m/touch/type/ft_tc_ico/kj_ico8.png"><p>自定义</p></a></li>]]></item>
				<item id="extra"><![CDATA[]]></item>
			</item>
			<item id="12">
				<item id="displayorder"><![CDATA[13]]></item>
				<item id="title"><![CDATA[论坛首页广告]]></item>
				<item id="description"><![CDATA[]]></item>
				<item id="variable"><![CDATA[zz_bbs_adimg]]></item>
				<item id="type"><![CDATA[textarea]]></item>
				<item id="value"><![CDATA[   <div class="zz_gg_item cl" style="padding: 0;">
        <a href="http://t.cn/AiuxBNHJ" style="position: relative;background-image: url(template/zhanzhuai_jianshu_m/touch/type/banner/g2.jpg);">
	       <span style="right: 7px;bottom: 30px;border-radius: 0;">推广</span>
        </a>
	    <div class="zz_trends_box">
             <i class="zz_trends zz_w1"></i>
             <i class="zz_trends zz_w2"></i>
        </div>
    </div>]]></item>
				<item id="extra"><![CDATA[]]></item>
			</item>
			<item id="13">
				<item id="displayorder"><![CDATA[14]]></item>
				<item id="title"><![CDATA[主题列表广告]]></item>
				<item id="description"><![CDATA[]]></item>
				<item id="variable"><![CDATA[zz_bk_adimg]]></item>
				<item id="type"><![CDATA[textarea]]></item>
				<item id="value"><![CDATA[<div class="zz_gg_item cl">
    <a href="http://t.cn/AiuxBNHJ" style="position: relative;background-image: url(template/zhanzhuai_jianshu_m/touch/type/banner/g3.jpg);">
       <span>推广</span>
    </a>
</div>]]></item>
				<item id="extra"><![CDATA[]]></item>
			</item>
		</item>
	</item>
</root>