<?xml version="1.0" encoding="ISO-8859-1"?>
<root>
	<item id="spacecss"><![CDATA[]]></item>
	<item id="layoutdata">
		<item id="rtj1009_diy451">
			<item id="frame`framemcEHOZ">
				<item id="attr">
					<item id="name"><![CDATA[framemcEHOZ]]></item>
					<item id="moveable"><![CDATA[true]]></item>
					<item id="className"><![CDATA[cl_frame_bm frame move-span cl frame-1]]></item>
					<item id="titles"><![CDATA[]]></item>
				</item>
				<item id="column`framemcEHOZ_left">
					<item id="attr">
						<item id="name"><![CDATA[framemcEHOZ_left]]></item>
						<item id="className"><![CDATA[column frame-1-c]]></item>
					</item>
					<item id="block`portal_block_282">
						<item id="attr">
							<item id="name"><![CDATA[portal_block_282]]></item>
							<item id="className"><![CDATA[cl_block_bm block move-span]]></item>
							<item id="titles"><![CDATA[]]></item>
						</item>
					</item>
				</item>
			</item>
		</item>
		<item id="rtj1009_diy750">
			<item id="frame`framejaq7vL">
				<item id="attr">
					<item id="name"><![CDATA[framejaq7vL]]></item>
					<item id="moveable"><![CDATA[true]]></item>
					<item id="className"><![CDATA[cl_frame_bm frame move-span cl frame-1]]></item>
					<item id="titles"><![CDATA[]]></item>
				</item>
				<item id="column`framejaq7vL_left">
					<item id="attr">
						<item id="name"><![CDATA[framejaq7vL_left]]></item>
						<item id="className"><![CDATA[column frame-1-c]]></item>
					</item>
					<item id="block`portal_block_283">
						<item id="attr">
							<item id="name"><![CDATA[portal_block_283]]></item>
							<item id="className"><![CDATA[cl_block_bm block move-span]]></item>
							<item id="titles"><![CDATA[]]></item>
						</item>
					</item>
				</item>
			</item>
		</item>
	</item>
	<item id="blockdata">
		<item id="block">
			<item id="282">
				<item id="bid"><![CDATA[282]]></item>
				<item id="blockclass"><![CDATA[portal_article]]></item>
				<item id="blocktype"><![CDATA[0]]></item>
				<item id="name"><![CDATA[451]]></item>
				<item id="title"><![CDATA[]]></item>
				<item id="classname"><![CDATA[cl_block_bm]]></item>
				<item id="summary"><![CDATA[]]></item>
				<item id="uid"><![CDATA[1]]></item>
				<item id="username"><![CDATA[admin]]></item>
				<item id="styleid"><![CDATA[0]]></item>
				<item id="blockstyle">
					<item id="name"><![CDATA[]]></item>
					<item id="blockclass"><![CDATA[portal_article]]></item>
					<item id="makethumb"><![CDATA[1]]></item>
					<item id="getpic"><![CDATA[1]]></item>
					<item id="getsummary"><![CDATA[1]]></item>
					<item id="settarget"><![CDATA[0]]></item>
					<item id="moreurl"><![CDATA[0]]></item>
					<item id="fields">
						<item id="0"><![CDATA[url]]></item>
						<item id="1"><![CDATA[pic]]></item>
						<item id="2"><![CDATA[title]]></item>
						<item id="3"><![CDATA[summary]]></item>
						<item id="4"><![CDATA[dateline]]></item>
						<item id="5"><![CDATA[commentnum]]></item>
						<item id="6"><![CDATA[viewnum]]></item>
					</item>
					<item id="template">
						<item id="raw"><![CDATA[[loop]
  <div class="rtj_yyytw yyytw2 cl">
      <a class="ytwtp" href="{url}" target="_blank">
          <img src="{pic}" width="{picwidth}" height="{picheight}" alt="{title}" />
      </a>
      <div class="ytwnr cl">
          <div class="ytwbt">
              <h3>
                  <a href="{url}" title="{title}" target="_blank">{title}</a>
              </h3>
          </div>
          <div class="ytwwzzy ">{summary}</div>
          <div class="ytwfb">
              <span>{dateline}</span>
              <div class="ytwydsj cl">
                  <a href="{url}" target="_blank">
                      <em class="ytwpl">{commentnum}</em>
                  </a>
                  <div class="ytwyd">{viewnum}</div>
              </div>
          </div>
      </div>
   </div>
[/loop]]]></item>
						<item id="footer"><![CDATA[]]></item>
						<item id="header"><![CDATA[]]></item>
						<item id="indexplus"><![CDATA[
						]]></item>
						<item id="index"><![CDATA[
						]]></item>
						<item id="orderplus"><![CDATA[
						]]></item>
						<item id="order"><![CDATA[
						]]></item>
						<item id="loopplus"><![CDATA[
						]]></item>
						<item id="loop"><![CDATA[<div class="rtj_yyytw yyytw2 cl">
      <a class="ytwtp" href="{url}" target="_blank">
          <img src="{pic}" width="{picwidth}" height="{picheight}" alt="{title}" />
      </a>
      <div class="ytwnr cl">
          <div class="ytwbt">
              <h3>
                  <a href="{url}" title="{title}" target="_blank">{title}</a>
              </h3>
          </div>
          <div class="ytwwzzy ">{summary}</div>
          <div class="ytwfb">
              <span>{dateline}</span>
              <div class="ytwydsj cl">
                  <a href="{url}" target="_blank">
                      <em class="ytwpl">{commentnum}</em>
                  </a>
                  <div class="ytwyd">{viewnum}</div>
              </div>
          </div>
      </div>
   </div>]]></item>
					</item>
					<item id="hash"><![CDATA[1f0986b6]]></item>
				</item>
				<item id="picwidth"><![CDATA[220]]></item>
				<item id="picheight"><![CDATA[140]]></item>
				<item id="target"><![CDATA[blank]]></item>
				<item id="dateformat"><![CDATA[Y-m-d]]></item>
				<item id="dateuformat"><![CDATA[0]]></item>
				<item id="script"><![CDATA[article]]></item>
				<item id="param">
					<item id="aids"><![CDATA[]]></item>
					<item id="uids"><![CDATA[]]></item>
					<item id="keyword"><![CDATA[]]></item>
					<item id="picrequired"><![CDATA[1]]></item>
					<item id="starttime"><![CDATA[]]></item>
					<item id="endtime"><![CDATA[]]></item>
					<item id="publishdateline"><![CDATA[0]]></item>
					<item id="titlelength"><![CDATA[60]]></item>
					<item id="summarylength"><![CDATA[240]]></item>
					<item id="startrow"><![CDATA[0]]></item>
					<item id="items"><![CDATA[11]]></item>
					<item id="tids"><![CDATA[]]></item>
					<item id="tagkeyword"><![CDATA[]]></item>
					<item id="typeids"><![CDATA[]]></item>
					<item id="reply"><![CDATA[0]]></item>
					<item id="recommend"><![CDATA[0]]></item>
					<item id="viewmod"><![CDATA[0]]></item>
					<item id="rewardstatus"><![CDATA[0]]></item>
					<item id="orderby"><![CDATA[lastpost]]></item>
					<item id="postdateline"><![CDATA[0]]></item>
					<item id="lastpost"><![CDATA[0]]></item>
					<item id="highlight"><![CDATA[0]]></item>
				</item>
				<item id="shownum"><![CDATA[11]]></item>
				<item id="cachetime"><![CDATA[3600]]></item>
				<item id="cachetimerange"><![CDATA[]]></item>
				<item id="punctualupdate"><![CDATA[0]]></item>
				<item id="hidedisplay"><![CDATA[0]]></item>
				<item id="dateline"><![CDATA[1603202886]]></item>
				<item id="notinherited"><![CDATA[0]]></item>
				<item id="isblank"><![CDATA[0]]></item>
			</item>
			<item id="283">
				<item id="bid"><![CDATA[283]]></item>
				<item id="blockclass"><![CDATA[other_otherfriendlink]]></item>
				<item id="blocktype"><![CDATA[0]]></item>
				<item id="name"><![CDATA[750]]></item>
				<item id="title"><![CDATA[]]></item>
				<item id="classname"><![CDATA[cl_block_bm]]></item>
				<item id="summary"><![CDATA[]]></item>
				<item id="uid"><![CDATA[1]]></item>
				<item id="username"><![CDATA[admin]]></item>
				<item id="styleid"><![CDATA[0]]></item>
				<item id="blockstyle">
					<item id="name"><![CDATA[]]></item>
					<item id="blockclass"><![CDATA[other_otherfriendlink]]></item>
					<item id="makethumb"><![CDATA[0]]></item>
					<item id="getpic"><![CDATA[0]]></item>
					<item id="getsummary"><![CDATA[0]]></item>
					<item id="settarget"><![CDATA[1]]></item>
					<item id="moreurl"><![CDATA[0]]></item>
					<item id="fields">
						<item id="0"><![CDATA[url]]></item>
						<item id="1"><![CDATA[title]]></item>
					</item>
					<item id="template">
						<item id="raw"><![CDATA[		[loop]
		<li>
			<a href="{url}" {target}>{title}</a>
		</li>
		[/loop]]]></item>
						<item id="footer"><![CDATA[]]></item>
						<item id="header"><![CDATA[]]></item>
						<item id="indexplus"><![CDATA[
						]]></item>
						<item id="index"><![CDATA[
						]]></item>
						<item id="orderplus"><![CDATA[
						]]></item>
						<item id="order"><![CDATA[
						]]></item>
						<item id="loopplus"><![CDATA[
						]]></item>
						<item id="loop"><![CDATA[<li>
			<a href="{url}" {target}>{title}</a>
		</li>]]></item>
					</item>
					<item id="hash"><![CDATA[04b04bef]]></item>
				</item>
				<item id="picwidth"><![CDATA[0]]></item>
				<item id="picheight"><![CDATA[0]]></item>
				<item id="target"><![CDATA[blank]]></item>
				<item id="dateformat"><![CDATA[Y-m-d]]></item>
				<item id="dateuformat"><![CDATA[0]]></item>
				<item id="script"><![CDATA[otherfriendlink]]></item>
				<item id="param">
					<item id="type">
						<item id="0"><![CDATA[1]]></item>
						<item id="1"><![CDATA[2]]></item>
						<item id="2"><![CDATA[3]]></item>
						<item id="3"><![CDATA[4]]></item>
					</item>
					<item id="titlelength"><![CDATA[80]]></item>
					<item id="summarylength"><![CDATA[80]]></item>
					<item id="items"><![CDATA[10]]></item>
				</item>
				<item id="shownum"><![CDATA[10]]></item>
				<item id="cachetime"><![CDATA[3600]]></item>
				<item id="cachetimerange"><![CDATA[]]></item>
				<item id="punctualupdate"><![CDATA[0]]></item>
				<item id="hidedisplay"><![CDATA[0]]></item>
				<item id="dateline"><![CDATA[1603202890]]></item>
				<item id="notinherited"><![CDATA[0]]></item>
				<item id="isblank"><![CDATA[0]]></item>
			</item>
		</item>
		<item id="style">
		</item>
	</item>
</root>