<?xml version="1.0" encoding="ISO-8859-1"?>
<root>
	<item id="spacecss"><![CDATA[]]></item>
	<item id="layoutdata">
		<item id="b-banner-stage">
			<item id="frame`frameJR4613">
				<item id="attr">
					<item id="name"><![CDATA[frameJR4613]]></item>
					<item id="moveable"><![CDATA[true]]></item>
					<item id="className"><![CDATA[frame move-span cl frame-1]]></item>
					<item id="titles"><![CDATA[]]></item>
				</item>
				<item id="column`frameJR4613_left">
					<item id="attr">
						<item id="name"><![CDATA[frameJR4613_left]]></item>
						<item id="className"><![CDATA[column frame-1-c]]></item>
					</item>
					<item id="block`portal_block_4">
						<item id="attr">
							<item id="name"><![CDATA[portal_block_4]]></item>
							<item id="className"><![CDATA[block move-span]]></item>
							<item id="titles"><![CDATA[]]></item>
						</item>
					</item>
				</item>
			</item>
		</item>
		<item id="channel">
			<item id="frame`frametj2hI5">
				<item id="attr">
					<item id="name"><![CDATA[frametj2hI5]]></item>
					<item id="moveable"><![CDATA[true]]></item>
					<item id="className"><![CDATA[frame move-span cl frame-1]]></item>
					<item id="titles"><![CDATA[]]></item>
				</item>
				<item id="column`frametj2hI5_left">
					<item id="attr">
						<item id="name"><![CDATA[frametj2hI5_left]]></item>
						<item id="className"><![CDATA[column frame-1-c]]></item>
					</item>
					<item id="block`portal_block_8">
						<item id="attr">
							<item id="name"><![CDATA[portal_block_8]]></item>
							<item id="className"><![CDATA[block move-span]]></item>
							<item id="titles"><![CDATA[]]></item>
						</item>
					</item>
					<item id="block`portal_block_9">
						<item id="attr">
							<item id="name"><![CDATA[portal_block_9]]></item>
							<item id="className"><![CDATA[block move-span]]></item>
							<item id="titles"><![CDATA[]]></item>
						</item>
					</item>
					<item id="block`portal_block_12">
						<item id="attr">
							<item id="name"><![CDATA[portal_block_12]]></item>
							<item id="className"><![CDATA[block move-span]]></item>
							<item id="titles"><![CDATA[]]></item>
						</item>
					</item>
					<item id="block`portal_block_33">
						<item id="attr">
							<item id="name"><![CDATA[portal_block_33]]></item>
							<item id="className"><![CDATA[block move-span]]></item>
							<item id="titles"><![CDATA[]]></item>
						</item>
					</item>
				</item>
			</item>
		</item>
	</item>
	<item id="blockdata">
		<item id="block">
			<item id="4">
				<item id="bid"><![CDATA[4]]></item>
				<item id="blockclass"><![CDATA[portal_article]]></item>
				<item id="blocktype"><![CDATA[0]]></item>
				<item id="name"><![CDATA[测试]]></item>
				<item id="title"><![CDATA[]]></item>
				<item id="classname"><![CDATA[]]></item>
				<item id="summary"><![CDATA[]]></item>
				<item id="uid"><![CDATA[1]]></item>
				<item id="username"><![CDATA[a]]></item>
				<item id="styleid"><![CDATA[110]]></item>
				<item id="blockstyle"><![CDATA[]]></item>
				<item id="picwidth"><![CDATA[0]]></item>
				<item id="picheight"><![CDATA[0]]></item>
				<item id="target"><![CDATA[blank]]></item>
				<item id="dateformat"><![CDATA[Y-m-d]]></item>
				<item id="dateuformat"><![CDATA[0]]></item>
				<item id="script"><![CDATA[article]]></item>
				<item id="param">
					<item id="aids"><![CDATA[]]></item>
					<item id="uids"><![CDATA[]]></item>
					<item id="keyword"><![CDATA[]]></item>
					<item id="picrequired"><![CDATA[0]]></item>
					<item id="starttime"><![CDATA[]]></item>
					<item id="endtime"><![CDATA[]]></item>
					<item id="orderby"><![CDATA[dateline]]></item>
					<item id="publishdateline"><![CDATA[0]]></item>
					<item id="titlelength"><![CDATA[40]]></item>
					<item id="summarylength"><![CDATA[150]]></item>
					<item id="startrow"><![CDATA[0]]></item>
					<item id="items"><![CDATA[2]]></item>
				</item>
				<item id="shownum"><![CDATA[2]]></item>
				<item id="cachetime"><![CDATA[3600]]></item>
				<item id="cachetimerange"><![CDATA[]]></item>
				<item id="punctualupdate"><![CDATA[0]]></item>
				<item id="hidedisplay"><![CDATA[0]]></item>
				<item id="dateline"><![CDATA[1575512786]]></item>
				<item id="notinherited"><![CDATA[0]]></item>
				<item id="isblank"><![CDATA[0]]></item>
			</item>
			<item id="8">
				<item id="bid"><![CDATA[8]]></item>
				<item id="blockclass"><![CDATA[portal_article]]></item>
				<item id="blocktype"><![CDATA[0]]></item>
				<item id="name"><![CDATA[cc]]></item>
				<item id="title"><![CDATA[]]></item>
				<item id="classname"><![CDATA[]]></item>
				<item id="summary"><![CDATA[]]></item>
				<item id="uid"><![CDATA[1]]></item>
				<item id="username"><![CDATA[a]]></item>
				<item id="styleid"><![CDATA[113]]></item>
				<item id="blockstyle"><![CDATA[]]></item>
				<item id="picwidth"><![CDATA[0]]></item>
				<item id="picheight"><![CDATA[0]]></item>
				<item id="target"><![CDATA[blank]]></item>
				<item id="dateformat"><![CDATA[Y-m-d]]></item>
				<item id="dateuformat"><![CDATA[0]]></item>
				<item id="script"><![CDATA[article]]></item>
				<item id="param">
					<item id="aids"><![CDATA[]]></item>
					<item id="uids"><![CDATA[]]></item>
					<item id="keyword"><![CDATA[]]></item>
					<item id="catid">
						<item id="0"><![CDATA[1]]></item>
					</item>
					<item id="picrequired"><![CDATA[0]]></item>
					<item id="starttime"><![CDATA[]]></item>
					<item id="endtime"><![CDATA[]]></item>
					<item id="orderby"><![CDATA[dateline]]></item>
					<item id="publishdateline"><![CDATA[0]]></item>
					<item id="titlelength"><![CDATA[40]]></item>
					<item id="summarylength"><![CDATA[150]]></item>
					<item id="startrow"><![CDATA[0]]></item>
					<item id="items"><![CDATA[60]]></item>
				</item>
				<item id="shownum"><![CDATA[60]]></item>
				<item id="cachetime"><![CDATA[3600]]></item>
				<item id="cachetimerange"><![CDATA[]]></item>
				<item id="punctualupdate"><![CDATA[0]]></item>
				<item id="hidedisplay"><![CDATA[0]]></item>
				<item id="dateline"><![CDATA[1575512788]]></item>
				<item id="notinherited"><![CDATA[0]]></item>
				<item id="isblank"><![CDATA[0]]></item>
			</item>
			<item id="9">
				<item id="bid"><![CDATA[9]]></item>
				<item id="blockclass"><![CDATA[portal_article]]></item>
				<item id="blocktype"><![CDATA[0]]></item>
				<item id="name"><![CDATA[枝桠]]></item>
				<item id="title"><![CDATA[]]></item>
				<item id="classname"><![CDATA[]]></item>
				<item id="summary"><![CDATA[]]></item>
				<item id="uid"><![CDATA[1]]></item>
				<item id="username"><![CDATA[a]]></item>
				<item id="styleid"><![CDATA[114]]></item>
				<item id="blockstyle"><![CDATA[]]></item>
				<item id="picwidth"><![CDATA[0]]></item>
				<item id="picheight"><![CDATA[0]]></item>
				<item id="target"><![CDATA[blank]]></item>
				<item id="dateformat"><![CDATA[Y-m-d]]></item>
				<item id="dateuformat"><![CDATA[0]]></item>
				<item id="script"><![CDATA[article]]></item>
				<item id="param">
					<item id="aids"><![CDATA[]]></item>
					<item id="uids"><![CDATA[]]></item>
					<item id="keyword"><![CDATA[]]></item>
					<item id="catid">
						<item id="0"><![CDATA[3]]></item>
					</item>
					<item id="picrequired"><![CDATA[0]]></item>
					<item id="starttime"><![CDATA[]]></item>
					<item id="endtime"><![CDATA[]]></item>
					<item id="orderby"><![CDATA[dateline]]></item>
					<item id="publishdateline"><![CDATA[0]]></item>
					<item id="titlelength"><![CDATA[40]]></item>
					<item id="summarylength"><![CDATA[80]]></item>
					<item id="startrow"><![CDATA[0]]></item>
					<item id="items"><![CDATA[10]]></item>
				</item>
				<item id="shownum"><![CDATA[10]]></item>
				<item id="cachetime"><![CDATA[3600]]></item>
				<item id="cachetimerange"><![CDATA[]]></item>
				<item id="punctualupdate"><![CDATA[0]]></item>
				<item id="hidedisplay"><![CDATA[0]]></item>
				<item id="dateline"><![CDATA[1575512834]]></item>
				<item id="notinherited"><![CDATA[0]]></item>
				<item id="isblank"><![CDATA[0]]></item>
			</item>
			<item id="12">
				<item id="bid"><![CDATA[12]]></item>
				<item id="blockclass"><![CDATA[portal_article]]></item>
				<item id="blocktype"><![CDATA[0]]></item>
				<item id="name"><![CDATA[万象]]></item>
				<item id="title"><![CDATA[]]></item>
				<item id="classname"><![CDATA[]]></item>
				<item id="summary"><![CDATA[]]></item>
				<item id="uid"><![CDATA[1]]></item>
				<item id="username"><![CDATA[a]]></item>
				<item id="styleid"><![CDATA[115]]></item>
				<item id="blockstyle"><![CDATA[]]></item>
				<item id="picwidth"><![CDATA[0]]></item>
				<item id="picheight"><![CDATA[0]]></item>
				<item id="target"><![CDATA[blank]]></item>
				<item id="dateformat"><![CDATA[Y-m-d]]></item>
				<item id="dateuformat"><![CDATA[0]]></item>
				<item id="script"><![CDATA[article]]></item>
				<item id="param">
					<item id="aids"><![CDATA[]]></item>
					<item id="uids"><![CDATA[]]></item>
					<item id="keyword"><![CDATA[]]></item>
					<item id="catid">
						<item id="0"><![CDATA[4]]></item>
					</item>
					<item id="picrequired"><![CDATA[0]]></item>
					<item id="starttime"><![CDATA[]]></item>
					<item id="endtime"><![CDATA[]]></item>
					<item id="orderby"><![CDATA[dateline]]></item>
					<item id="publishdateline"><![CDATA[0]]></item>
					<item id="titlelength"><![CDATA[40]]></item>
					<item id="summarylength"><![CDATA[150]]></item>
					<item id="startrow"><![CDATA[0]]></item>
					<item id="items"><![CDATA[5]]></item>
				</item>
				<item id="shownum"><![CDATA[5]]></item>
				<item id="cachetime"><![CDATA[3600]]></item>
				<item id="cachetimerange"><![CDATA[]]></item>
				<item id="punctualupdate"><![CDATA[0]]></item>
				<item id="hidedisplay"><![CDATA[0]]></item>
				<item id="dateline"><![CDATA[1575512844]]></item>
				<item id="notinherited"><![CDATA[0]]></item>
				<item id="isblank"><![CDATA[0]]></item>
			</item>
			<item id="33">
				<item id="bid"><![CDATA[33]]></item>
				<item id="blockclass"><![CDATA[portal_article]]></item>
				<item id="blocktype"><![CDATA[0]]></item>
				<item id="name"><![CDATA[记录]]></item>
				<item id="title"><![CDATA[]]></item>
				<item id="classname"><![CDATA[]]></item>
				<item id="summary"><![CDATA[]]></item>
				<item id="uid"><![CDATA[1]]></item>
				<item id="username"><![CDATA[a]]></item>
				<item id="styleid"><![CDATA[116]]></item>
				<item id="blockstyle"><![CDATA[]]></item>
				<item id="picwidth"><![CDATA[0]]></item>
				<item id="picheight"><![CDATA[0]]></item>
				<item id="target"><![CDATA[blank]]></item>
				<item id="dateformat"><![CDATA[Y-m-d]]></item>
				<item id="dateuformat"><![CDATA[0]]></item>
				<item id="script"><![CDATA[article]]></item>
				<item id="param">
					<item id="aids"><![CDATA[]]></item>
					<item id="uids"><![CDATA[]]></item>
					<item id="keyword"><![CDATA[]]></item>
					<item id="catid">
						<item id="0"><![CDATA[5]]></item>
					</item>
					<item id="picrequired"><![CDATA[0]]></item>
					<item id="starttime"><![CDATA[]]></item>
					<item id="endtime"><![CDATA[]]></item>
					<item id="orderby"><![CDATA[dateline]]></item>
					<item id="publishdateline"><![CDATA[0]]></item>
					<item id="titlelength"><![CDATA[40]]></item>
					<item id="summarylength"><![CDATA[80]]></item>
					<item id="startrow"><![CDATA[0]]></item>
					<item id="items"><![CDATA[10]]></item>
				</item>
				<item id="shownum"><![CDATA[10]]></item>
				<item id="cachetime"><![CDATA[3600]]></item>
				<item id="cachetimerange"><![CDATA[]]></item>
				<item id="punctualupdate"><![CDATA[0]]></item>
				<item id="hidedisplay"><![CDATA[0]]></item>
				<item id="dateline"><![CDATA[1575512830]]></item>
				<item id="notinherited"><![CDATA[0]]></item>
				<item id="isblank"><![CDATA[0]]></item>
			</item>
		</item>
		<item id="style">
			<item id="110">
				<item id="styleid"><![CDATA[110]]></item>
				<item id="blockclass"><![CDATA[portal_article]]></item>
				<item id="name"><![CDATA[门户首页 - banner]]></item>
				<item id="template">
					<item id="raw"><![CDATA[<div class="b-banner-stage">
	[loop1]
            <a href="{url}" {target}>
                <div class="b-stage-text speech_text_{id}" style="display: none;">
                    <img class="yinhao" src="./template/byte_yixi/bytefiles/images/abstract.png" alt="">
                    <div class="b-stage-text_item">
                        <p class="b-p-info" style="font-weight:normal;">
                            {summary}
                        </p>
                        <div class="b-stage-text-b" style="position:relative;">
			    <img style="position: absolute;top:3px;width:40px;height:40px;" src="{avatar_middle}" alt="" class="b-head-img">
                            <div class="b-speakerInfo" style="font-weight:normal;position: absolute;top:10px;left:60px;">
                                <span class="speaker-name">{username}</span>
                            </div>
                        </div>
                    </div>
                </div>
            </a>
        [/loop1]

            <div class="b-banner-change cl">
            [loop2]
		<div class="b-stage-box back" id="{id}">
                    <a href="{url}" {target}><img src="{pic}" width="590" height="430" class="slide-img"></a>
                </div>
	   [/loop2]
            </div>
</div>]]></item>
					<item id="footer"><![CDATA[]]></item>
					<item id="header"><![CDATA[]]></item>
					<item id="indexplus">
					</item>
					<item id="index">
					</item>
					<item id="orderplus">
					</item>
					<item id="order">
					</item>
					<item id="loopplus">
						<item id="1"><![CDATA[<a href="{url}" {target}>
                <div class="b-stage-text speech_text_{id}" style="display: none;">
                    <img class="yinhao" src="./template/byte_yixi/bytefiles/images/abstract.png" alt="">
                    <div class="b-stage-text_item">
                        <p class="b-p-info" style="font-weight:normal;">
                            {summary}
                        </p>
                        <div class="b-stage-text-b" style="position:relative;">
			    <img style="position: absolute;top:3px;width:40px;height:40px;" src="{avatar_middle}" alt="" class="b-head-img">
                            <div class="b-speakerInfo" style="font-weight:normal;position: absolute;top:10px;left:60px;">
                                <span class="speaker-name">{username}</span>
                            </div>
                        </div>
                    </div>
                </div>
            </a>]]></item>
						<item id="2"><![CDATA[<div class="b-stage-box back" id="{id}">
                    <a href="{url}" {target}><img src="{pic}" width="590" height="430" class="slide-img"></a>
                </div>]]></item>
					</item>
					<item id="loop">
					</item>
				</item>
				<item id="hash"><![CDATA[0086bd4e]]></item>
				<item id="getpic"><![CDATA[1]]></item>
				<item id="getsummary"><![CDATA[1]]></item>
				<item id="makethumb"><![CDATA[0]]></item>
				<item id="settarget"><![CDATA[1]]></item>
				<item id="fields">
					<item id="0"><![CDATA[url]]></item>
					<item id="1"><![CDATA[id]]></item>
					<item id="2"><![CDATA[summary]]></item>
					<item id="3"><![CDATA[avatar_middle]]></item>
					<item id="4"><![CDATA[username]]></item>
					<item id="5"><![CDATA[pic]]></item>
				</item>
				<item id="moreurl"><![CDATA[0]]></item>
			</item>
			<item id="113">
				<item id="styleid"><![CDATA[113]]></item>
				<item id="blockclass"><![CDATA[portal_article]]></item>
				<item id="name"><![CDATA[门户首页 - 分类风格1]]></item>
				<item id="template">
					<item id="raw"><![CDATA[<div class="pt20">

        <div class="c-title">
            <span class="title">[index=1]{catname}[/index]</span>
            <span class="sub-title">人文·科技·白日梦</span>
            <a href="[index=2]{caturl}[/index]" class="y link-more">查看全部</a>
        </div>

        <div class="swiper-wrap swiper-type1-row">
            <div class="swiper-container j_swiper_type1 swiper-type1">
                <div class="swiper-wrapper">
                
                    [loop]
				<div class="swiper-slide" style="cursor: pointer; " onclick="javascript:location.href='{url}'">
                            		<div class="swiper-type1_item">
                                		<img src="{pic}" alt="{title}">
                                		<h4><a href="{url}" {target}>{title}</a></h4>
                                		<p>{username}</p>
                                		<div class="swiper-type1_item first-item">
                                    			<!--演讲标题-->
                                    			<h4>{title}</h4>
                                    			<p class="product">{username}</p>
                                    			<p class="intro">{summary}</p>
                                		</div>
                            		</div>
                        	</div>
		   [/loop]
                
                </div>
            </div>
            <div class="swiper-btn-wrap">
                <div class="swiper-btn-prev swiper-btn swiper-type1-prev swiper-button-disabled"></div>
                <div class="swiper-btn-next swiper-btn swiper-type1-next"></div>
            </div>
        </div>
</div>]]></item>
					<item id="footer"><![CDATA[]]></item>
					<item id="header"><![CDATA[]]></item>
					<item id="indexplus">
					</item>
					<item id="index">
						<item id="1"><![CDATA[{catname}]]></item>
						<item id="2"><![CDATA[{caturl}]]></item>
					</item>
					<item id="orderplus">
					</item>
					<item id="order">
					</item>
					<item id="loopplus">
					</item>
					<item id="loop"><![CDATA[<div class="swiper-slide" style="cursor: pointer; " onclick="javascript:location.href='{url}'">
                            		<div class="swiper-type1_item">
                                		<img src="{pic}" alt="{title}">
                                		<h4><a href="{url}" {target}>{title}</a></h4>
                                		<p>{username}</p>
                                		<div class="swiper-type1_item first-item">
                                    			<!--演讲标题-->
                                    			<h4>{title}</h4>
                                    			<p class="product">{username}</p>
                                    			<p class="intro">{summary}</p>
                                		</div>
                            		</div>
                        	</div>]]></item>
				</item>
				<item id="hash"><![CDATA[547bdab2]]></item>
				<item id="getpic"><![CDATA[1]]></item>
				<item id="getsummary"><![CDATA[1]]></item>
				<item id="makethumb"><![CDATA[0]]></item>
				<item id="settarget"><![CDATA[1]]></item>
				<item id="fields">
					<item id="0"><![CDATA[catname]]></item>
					<item id="1"><![CDATA[caturl]]></item>
					<item id="2"><![CDATA[url]]></item>
					<item id="3"><![CDATA[pic]]></item>
					<item id="4"><![CDATA[title]]></item>
					<item id="5"><![CDATA[username]]></item>
					<item id="6"><![CDATA[summary]]></item>
				</item>
				<item id="moreurl"><![CDATA[0]]></item>
			</item>
			<item id="114">
				<item id="styleid"><![CDATA[114]]></item>
				<item id="blockclass"><![CDATA[portal_article]]></item>
				<item id="name"><![CDATA[门户首页 - 分类风格2]]></item>
				<item id="template">
					<item id="raw"><![CDATA[<div>
        <div class="c-title">
            <span class="title">[index=1]{catname}[/index]</span>
            <span class="sub-title">自然生长</span>
            <a href="[index=2]{caturl}[/index]" class="y link-more">查看全部</a>
        </div>
        <div class="swiper-wrap swiper-type1-row">
            <div class="swiper-container swiper-type1 swiper-zhiya swiper-container-horizontal">
                <div class="swiper-wrapper">
                [loop]

                    <div class="swiper-slide zhiya" style="cursor: pointer;" onclick="window.location.href='{url}'">
                        <div class="swiper-type1_item ">
                            <img src="{pic}" alt="{title}">
                        </div>
                    </div>

                [/loop]
                </div>
            </div>
            <div class="swiper-btn-wrap">
                <div class="swiper-btn-prev swiper-btn swiper-zhiya-prev"></div>
                <div class="swiper-btn-next swiper-btn swiper-zhiya-next"></div>
            </div>
        </div>
</div>]]></item>
					<item id="footer"><![CDATA[]]></item>
					<item id="header"><![CDATA[]]></item>
					<item id="indexplus">
					</item>
					<item id="index">
						<item id="1"><![CDATA[{catname}]]></item>
						<item id="2"><![CDATA[{caturl}]]></item>
					</item>
					<item id="orderplus">
					</item>
					<item id="order">
					</item>
					<item id="loopplus">
					</item>
					<item id="loop"><![CDATA[<div class="swiper-slide zhiya" style="cursor: pointer;" onclick="window.location.href='{url}'">
                        <div class="swiper-type1_item ">
                            <img src="{pic}" alt="{title}">
                        </div>
                    </div>]]></item>
				</item>
				<item id="hash"><![CDATA[ce6c22ab]]></item>
				<item id="getpic"><![CDATA[1]]></item>
				<item id="getsummary"><![CDATA[0]]></item>
				<item id="makethumb"><![CDATA[0]]></item>
				<item id="settarget"><![CDATA[0]]></item>
				<item id="fields">
					<item id="0"><![CDATA[catname]]></item>
					<item id="1"><![CDATA[caturl]]></item>
					<item id="2"><![CDATA[url]]></item>
					<item id="3"><![CDATA[pic]]></item>
					<item id="4"><![CDATA[title]]></item>
				</item>
				<item id="moreurl"><![CDATA[0]]></item>
			</item>
			<item id="115">
				<item id="styleid"><![CDATA[115]]></item>
				<item id="blockclass"><![CDATA[portal_article]]></item>
				<item id="name"><![CDATA[门户首页 - 分类风格3]]></item>
				<item id="template">
					<item id="raw"><![CDATA[<div class="pr">
        <div class="c-title">
            <span class="title">[index=1]{catname}[/index]</span>
            <span class="sub-title" style="letter-spacing: 1px">Far Beyond the Horizon</span>
            <a href="[index=2]{caturl}[/index]" class="y link-more">查看全部</a>
        </div>
        <div class="swiper-wrap swiper-type1-row">
            <div class="swiper-container swiper-wanxiang col_big swiper-type1 swiper-container-horizontal">
                <div class="swiper-wrapper b-wx-wrapper">
                    		
			<div class="swiper-slide cl">
				<div class="col_big_in">
					[loop1]
					<div class="swiper-type1_item" style="cursor: pointer;">
                        			<img src="{pic}" alt="{title}">
                        			<h4 style="font-weight:normal;">{title}</h4>
                        			<p style="font-weight:normal;">{username}</p>
                        			<div class="swiper-type1_item first-item">
                            				<a href="{url}" {target}>
                            					<h4 style="font-weight:normal;">{title}</h4>
                            					<p class="product" style="font-weight:normal;">{username}</p>
                            					<p class="intro" style="font-weight:normal;">{summary}</p>
                            				</a>
                    				</div>
                        		</div>
					[/loop1]
		                 </div>
		            </div>
        	</div>
	</div>
    </div>]]></item>
					<item id="footer"><![CDATA[]]></item>
					<item id="header"><![CDATA[]]></item>
					<item id="indexplus">
					</item>
					<item id="index">
						<item id="1"><![CDATA[{catname}]]></item>
						<item id="2"><![CDATA[{caturl}]]></item>
					</item>
					<item id="orderplus">
					</item>
					<item id="order">
					</item>
					<item id="loopplus">
						<item id="1"><![CDATA[<div class="swiper-type1_item" style="cursor: pointer;">
                        			<img src="{pic}" alt="{title}">
                        			<h4 style="font-weight:normal;">{title}</h4>
                        			<p style="font-weight:normal;">{username}</p>
                        			<div class="swiper-type1_item first-item">
                            				<a href="{url}" {target}>
                            					<h4 style="font-weight:normal;">{title}</h4>
                            					<p class="product" style="font-weight:normal;">{username}</p>
                            					<p class="intro" style="font-weight:normal;">{summary}</p>
                            				</a>
                    				</div>
                        		</div>]]></item>
					</item>
					<item id="loop">
					</item>
				</item>
				<item id="hash"><![CDATA[119bfead]]></item>
				<item id="getpic"><![CDATA[1]]></item>
				<item id="getsummary"><![CDATA[1]]></item>
				<item id="makethumb"><![CDATA[0]]></item>
				<item id="settarget"><![CDATA[1]]></item>
				<item id="fields">
					<item id="0"><![CDATA[catname]]></item>
					<item id="1"><![CDATA[caturl]]></item>
					<item id="2"><![CDATA[pic]]></item>
					<item id="3"><![CDATA[title]]></item>
					<item id="4"><![CDATA[username]]></item>
					<item id="5"><![CDATA[url]]></item>
					<item id="6"><![CDATA[summary]]></item>
				</item>
				<item id="moreurl"><![CDATA[0]]></item>
			</item>
			<item id="116">
				<item id="styleid"><![CDATA[116]]></item>
				<item id="blockclass"><![CDATA[portal_article]]></item>
				<item id="name"><![CDATA[门户首页 - 分类风格4]]></item>
				<item id="template">
					<item id="raw"><![CDATA[<div>
        <div class="c-title">
            	<span class="title">[index=1]{catname}[/index]</span>
            	<span class="sub-title">生命广阔</span>
            	<a href="[index=2]{caturl}[/index]" {target} class="y link-more">查看全部</a>
        </div>

        <div class="swiper-wrap swiper-type1-row">
            	<div class="swiper-container j_swiper_record swiper-type1 swiper-container-horizontal">
                	<div class="swiper-wrapper">
                   		[loop]
				<div class="swiper-slide">
        				<a href="{url}" {target}>
            					<div class="swiper-type1_item" style="height:256px;">
            						<a href="{url}" {target}>
	                					<img src="{pic}">
	                				</a>
                					<h4><a href="{url}" {target}>{title}</a></h4>
							<p>{username}</p>
                					<div class="swiper-type1_item first-item">
                    						<a href="{url}" {target}>
                        						<h4>{title}</h4>
                        						<p class="product">{username}</p>
                        						<p class="intro">{summary}</p>
                    						</a>
                					</div>
            					</div>
        				</a>
    				</div>
				[/loop]
                	</div>
            	</div>
            	<div class="swiper-btn-wrap">
                	<div class="swiper-btn-prev swiper-btn swiper-record-prev swiper-button-disabled"></div>
                	<div class="swiper-btn-next swiper-btn swiper-record-next"></div>
            	</div>
        </div>
</div>]]></item>
					<item id="footer"><![CDATA[]]></item>
					<item id="header"><![CDATA[]]></item>
					<item id="indexplus">
					</item>
					<item id="index">
						<item id="1"><![CDATA[{catname}]]></item>
						<item id="2"><![CDATA[{caturl}]]></item>
					</item>
					<item id="orderplus">
					</item>
					<item id="order">
					</item>
					<item id="loopplus">
					</item>
					<item id="loop"><![CDATA[<div class="swiper-slide">
        				<a href="{url}" {target}>
            					<div class="swiper-type1_item" style="height:256px;">
            						<a href="{url}" {target}>
	                					<img src="{pic}">
	                				</a>
                					<h4><a href="{url}" {target}>{title}</a></h4>
							<p>{username}</p>
                					<div class="swiper-type1_item first-item">
                    						<a href="{url}" {target}>
                        						<h4>{title}</h4>
                        						<p class="product">{username}</p>
                        						<p class="intro">{summary}</p>
                    						</a>
                					</div>
            					</div>
        				</a>
    				</div>]]></item>
				</item>
				<item id="hash"><![CDATA[4d585cb3]]></item>
				<item id="getpic"><![CDATA[1]]></item>
				<item id="getsummary"><![CDATA[1]]></item>
				<item id="makethumb"><![CDATA[0]]></item>
				<item id="settarget"><![CDATA[1]]></item>
				<item id="fields">
					<item id="0"><![CDATA[catname]]></item>
					<item id="1"><![CDATA[caturl]]></item>
					<item id="2"><![CDATA[url]]></item>
					<item id="3"><![CDATA[pic]]></item>
					<item id="4"><![CDATA[title]]></item>
					<item id="5"><![CDATA[username]]></item>
					<item id="6"><![CDATA[summary]]></item>
				</item>
				<item id="moreurl"><![CDATA[0]]></item>
			</item>
		</item>
	</item>
</root>