<?xml version="1.0" encoding="ISO-8859-1"?>
<root>
	<item id="spacecss"><![CDATA[]]></item>
	<item id="layoutdata">
		<item id="b-article">
			<item id="tab`tabz21fXN">
				<item id="attr">
					<item id="name"><![CDATA[tabz21fXN]]></item>
					<item id="moveable"><![CDATA[true]]></item>
					<item id="className"><![CDATA[frame-tab move-span cl]]></item>
					<item id="titles">
						<item id="className">
							<item id="0"><![CDATA[tab-title title column cl]]></item>
						</item>
						<item id="style"><![CDATA[]]></item>
						<item id="switchType">
							<item id="0"><![CDATA[click]]></item>
						</item>
					</item>
				</item>
				<item id="column`tabz21fXN_title">
					<item id="attr">
						<item id="name"><![CDATA[tabz21fXN_title]]></item>
						<item id="className"><![CDATA[tab-title title column cl]]></item>
					</item>
					<item id="block`portal_block_22">
						<item id="attr">
							<item id="name"><![CDATA[portal_block_22]]></item>
							<item id="className"><![CDATA[block move-span]]></item>
							<item id="titles">
								<item id="className">
									<item id="0"><![CDATA[blocktitle title]]></item>
								</item>
								<item id="style"><![CDATA[]]></item>
								<item id="first">
									<item id="text"><![CDATA[演讲]]></item>
									<item id="href"><![CDATA[]]></item>
									<item id="color"><![CDATA[]]></item>
									<item id="float"><![CDATA[]]></item>
									<item id="margin"><![CDATA[]]></item>
									<item id="font-size"><![CDATA[]]></item>
									<item id="className"><![CDATA[titletext]]></item>
									<item id="src"><![CDATA[]]></item>
								</item>
							</item>
						</item>
					</item>
					<item id="block`portal_block_23">
						<item id="attr">
							<item id="name"><![CDATA[portal_block_23]]></item>
							<item id="className"><![CDATA[block move-span]]></item>
							<item id="titles">
								<item id="className">
									<item id="0"><![CDATA[blocktitle title]]></item>
								</item>
								<item id="style"><![CDATA[]]></item>
								<item id="first">
									<item id="text"><![CDATA[30后]]></item>
									<item id="href"><![CDATA[]]></item>
									<item id="color"><![CDATA[]]></item>
									<item id="float"><![CDATA[]]></item>
									<item id="margin"><![CDATA[]]></item>
									<item id="font-size"><![CDATA[]]></item>
									<item id="className"><![CDATA[titletext]]></item>
									<item id="src"><![CDATA[]]></item>
								</item>
							</item>
						</item>
					</item>
					<item id="block`portal_block_24">
						<item id="attr">
							<item id="name"><![CDATA[portal_block_24]]></item>
							<item id="className"><![CDATA[block move-span]]></item>
							<item id="titles">
								<item id="className">
									<item id="0"><![CDATA[blocktitle title]]></item>
								</item>
								<item id="style"><![CDATA[]]></item>
								<item id="first">
									<item id="text"><![CDATA[来自台湾]]></item>
									<item id="href"><![CDATA[]]></item>
									<item id="color"><![CDATA[]]></item>
									<item id="float"><![CDATA[]]></item>
									<item id="margin"><![CDATA[]]></item>
									<item id="font-size"><![CDATA[]]></item>
									<item id="className"><![CDATA[titletext]]></item>
									<item id="src"><![CDATA[]]></item>
								</item>
							</item>
						</item>
					</item>
					<item id="block`portal_block_25">
						<item id="attr">
							<item id="name"><![CDATA[portal_block_25]]></item>
							<item id="className"><![CDATA[block move-span]]></item>
							<item id="titles">
								<item id="className">
									<item id="0"><![CDATA[blocktitle title]]></item>
								</item>
								<item id="style"><![CDATA[]]></item>
								<item id="first">
									<item id="text"><![CDATA[Vol.8刺破现实的那根针]]></item>
									<item id="href"><![CDATA[]]></item>
									<item id="color"><![CDATA[]]></item>
									<item id="float"><![CDATA[]]></item>
									<item id="margin"><![CDATA[]]></item>
									<item id="font-size"><![CDATA[]]></item>
									<item id="className"><![CDATA[titletext]]></item>
									<item id="src"><![CDATA[]]></item>
								</item>
							</item>
						</item>
					</item>
				</item>
			</item>
		</item>
	</item>
	<item id="blockdata">
		<item id="block">
			<item id="22">
				<item id="bid"><![CDATA[22]]></item>
				<item id="blockclass"><![CDATA[portal_article]]></item>
				<item id="blocktype"><![CDATA[0]]></item>
				<item id="name"><![CDATA[演讲]]></item>
				<item id="title"><![CDATA[<div class="blocktitle title"><span class="titletext" style="float:;margin-left:px;font-size:;color: !important;">演讲</span></div>]]></item>
				<item id="classname"><![CDATA[]]></item>
				<item id="summary"><![CDATA[]]></item>
				<item id="uid"><![CDATA[1]]></item>
				<item id="username"><![CDATA[a]]></item>
				<item id="styleid"><![CDATA[117]]></item>
				<item id="blockstyle"><![CDATA[]]></item>
				<item id="picwidth"><![CDATA[0]]></item>
				<item id="picheight"><![CDATA[0]]></item>
				<item id="target"><![CDATA[blank]]></item>
				<item id="dateformat"><![CDATA[Y-m-d]]></item>
				<item id="dateuformat"><![CDATA[0]]></item>
				<item id="script"><![CDATA[article]]></item>
				<item id="param">
					<item id="aids"><![CDATA[]]></item>
					<item id="uids"><![CDATA[]]></item>
					<item id="keyword"><![CDATA[]]></item>
					<item id="catid">
						<item id="0"><![CDATA[1]]></item>
					</item>
					<item id="picrequired"><![CDATA[0]]></item>
					<item id="starttime"><![CDATA[]]></item>
					<item id="endtime"><![CDATA[]]></item>
					<item id="orderby"><![CDATA[dateline]]></item>
					<item id="publishdateline"><![CDATA[0]]></item>
					<item id="titlelength"><![CDATA[40]]></item>
					<item id="summarylength"><![CDATA[80]]></item>
					<item id="startrow"><![CDATA[0]]></item>
					<item id="items"><![CDATA[10]]></item>
				</item>
				<item id="shownum"><![CDATA[10]]></item>
				<item id="cachetime"><![CDATA[3600]]></item>
				<item id="cachetimerange"><![CDATA[]]></item>
				<item id="punctualupdate"><![CDATA[0]]></item>
				<item id="hidedisplay"><![CDATA[0]]></item>
				<item id="dateline"><![CDATA[1575253791]]></item>
				<item id="notinherited"><![CDATA[0]]></item>
				<item id="isblank"><![CDATA[0]]></item>
			</item>
			<item id="23">
				<item id="bid"><![CDATA[23]]></item>
				<item id="blockclass"><![CDATA[portal_article]]></item>
				<item id="blocktype"><![CDATA[0]]></item>
				<item id="name"><![CDATA[30]]></item>
				<item id="title"><![CDATA[<div class="blocktitle title"><span class="titletext" style="float:;margin-left:px;font-size:;color: !important;">30后</span></div>]]></item>
				<item id="classname"><![CDATA[]]></item>
				<item id="summary"><![CDATA[]]></item>
				<item id="uid"><![CDATA[1]]></item>
				<item id="username"><![CDATA[a]]></item>
				<item id="styleid"><![CDATA[117]]></item>
				<item id="blockstyle"><![CDATA[]]></item>
				<item id="picwidth"><![CDATA[0]]></item>
				<item id="picheight"><![CDATA[0]]></item>
				<item id="target"><![CDATA[blank]]></item>
				<item id="dateformat"><![CDATA[Y-m-d]]></item>
				<item id="dateuformat"><![CDATA[0]]></item>
				<item id="script"><![CDATA[article]]></item>
				<item id="param">
					<item id="aids"><![CDATA[]]></item>
					<item id="uids"><![CDATA[]]></item>
					<item id="keyword"><![CDATA[]]></item>
					<item id="catid">
						<item id="0"><![CDATA[10]]></item>
					</item>
					<item id="picrequired"><![CDATA[0]]></item>
					<item id="starttime"><![CDATA[]]></item>
					<item id="endtime"><![CDATA[]]></item>
					<item id="orderby"><![CDATA[dateline]]></item>
					<item id="publishdateline"><![CDATA[0]]></item>
					<item id="titlelength"><![CDATA[40]]></item>
					<item id="summarylength"><![CDATA[80]]></item>
					<item id="startrow"><![CDATA[0]]></item>
					<item id="items"><![CDATA[10]]></item>
				</item>
				<item id="shownum"><![CDATA[10]]></item>
				<item id="cachetime"><![CDATA[3600]]></item>
				<item id="cachetimerange"><![CDATA[]]></item>
				<item id="punctualupdate"><![CDATA[0]]></item>
				<item id="hidedisplay"><![CDATA[0]]></item>
				<item id="dateline"><![CDATA[1575250276]]></item>
				<item id="notinherited"><![CDATA[0]]></item>
				<item id="isblank"><![CDATA[0]]></item>
			</item>
			<item id="24">
				<item id="bid"><![CDATA[24]]></item>
				<item id="blockclass"><![CDATA[portal_article]]></item>
				<item id="blocktype"><![CDATA[0]]></item>
				<item id="name"><![CDATA[tw]]></item>
				<item id="title"><![CDATA[<div class="blocktitle title"><span class="titletext" style="float:;margin-left:px;font-size:;color: !important;">来自台湾</span></div>]]></item>
				<item id="classname"><![CDATA[]]></item>
				<item id="summary"><![CDATA[]]></item>
				<item id="uid"><![CDATA[1]]></item>
				<item id="username"><![CDATA[a]]></item>
				<item id="styleid"><![CDATA[117]]></item>
				<item id="blockstyle"><![CDATA[]]></item>
				<item id="picwidth"><![CDATA[0]]></item>
				<item id="picheight"><![CDATA[0]]></item>
				<item id="target"><![CDATA[blank]]></item>
				<item id="dateformat"><![CDATA[Y-m-d]]></item>
				<item id="dateuformat"><![CDATA[0]]></item>
				<item id="script"><![CDATA[article]]></item>
				<item id="param">
					<item id="aids"><![CDATA[]]></item>
					<item id="uids"><![CDATA[]]></item>
					<item id="keyword"><![CDATA[]]></item>
					<item id="catid">
						<item id="0"><![CDATA[11]]></item>
					</item>
					<item id="picrequired"><![CDATA[0]]></item>
					<item id="starttime"><![CDATA[]]></item>
					<item id="endtime"><![CDATA[]]></item>
					<item id="orderby"><![CDATA[dateline]]></item>
					<item id="publishdateline"><![CDATA[0]]></item>
					<item id="titlelength"><![CDATA[40]]></item>
					<item id="summarylength"><![CDATA[80]]></item>
					<item id="startrow"><![CDATA[0]]></item>
					<item id="items"><![CDATA[10]]></item>
				</item>
				<item id="shownum"><![CDATA[10]]></item>
				<item id="cachetime"><![CDATA[3600]]></item>
				<item id="cachetimerange"><![CDATA[]]></item>
				<item id="punctualupdate"><![CDATA[0]]></item>
				<item id="hidedisplay"><![CDATA[0]]></item>
				<item id="dateline"><![CDATA[1575250669]]></item>
				<item id="notinherited"><![CDATA[0]]></item>
				<item id="isblank"><![CDATA[0]]></item>
			</item>
			<item id="25">
				<item id="bid"><![CDATA[25]]></item>
				<item id="blockclass"><![CDATA[portal_article]]></item>
				<item id="blocktype"><![CDATA[0]]></item>
				<item id="name"><![CDATA[Vol]]></item>
				<item id="title"><![CDATA[<div class="blocktitle title"><span class="titletext" style="float:;margin-left:px;font-size:;color: !important;">Vol.8刺破现实的那根针</span></div>]]></item>
				<item id="classname"><![CDATA[]]></item>
				<item id="summary"><![CDATA[]]></item>
				<item id="uid"><![CDATA[1]]></item>
				<item id="username"><![CDATA[a]]></item>
				<item id="styleid"><![CDATA[117]]></item>
				<item id="blockstyle"><![CDATA[]]></item>
				<item id="picwidth"><![CDATA[0]]></item>
				<item id="picheight"><![CDATA[0]]></item>
				<item id="target"><![CDATA[blank]]></item>
				<item id="dateformat"><![CDATA[Y-m-d]]></item>
				<item id="dateuformat"><![CDATA[0]]></item>
				<item id="script"><![CDATA[article]]></item>
				<item id="param">
					<item id="aids"><![CDATA[]]></item>
					<item id="uids"><![CDATA[]]></item>
					<item id="keyword"><![CDATA[]]></item>
					<item id="catid">
						<item id="0"><![CDATA[13]]></item>
					</item>
					<item id="picrequired"><![CDATA[0]]></item>
					<item id="starttime"><![CDATA[]]></item>
					<item id="endtime"><![CDATA[]]></item>
					<item id="orderby"><![CDATA[dateline]]></item>
					<item id="publishdateline"><![CDATA[0]]></item>
					<item id="titlelength"><![CDATA[40]]></item>
					<item id="summarylength"><![CDATA[80]]></item>
					<item id="startrow"><![CDATA[0]]></item>
					<item id="items"><![CDATA[10]]></item>
				</item>
				<item id="shownum"><![CDATA[10]]></item>
				<item id="cachetime"><![CDATA[3600]]></item>
				<item id="cachetimerange"><![CDATA[]]></item>
				<item id="punctualupdate"><![CDATA[0]]></item>
				<item id="hidedisplay"><![CDATA[0]]></item>
				<item id="dateline"><![CDATA[1575251190]]></item>
				<item id="notinherited"><![CDATA[0]]></item>
				<item id="isblank"><![CDATA[0]]></item>
			</item>
		</item>
		<item id="style">
			<item id="117">
				<item id="styleid"><![CDATA[117]]></item>
				<item id="blockclass"><![CDATA[portal_article]]></item>
				<item id="name"><![CDATA[频道栏目 - 文章tab]]></item>
				<item id="template">
					<item id="raw"><![CDATA[<div class="cl">
        [loop]
            <div class="swiper-type1_item">
                <a href="{url}" {target}>
                    <img src="{pic}">
                </a>
		<h4><a href="{url}" {target}>{title}</a></h4>
                    <p style="font-weight:normal;">{username}</p>
                    <div class="swiper-type1_item first-item">
                        <a href="{url}" {target}>
                            <h4>{title}</h4>
                            <p class="product" style="font-weight:normal;">{username}</p>
                            <p class="intro" style="font-weight:normal;">
                                {summary}
                            </p>
                        </a>
                    </div>
            </div>
	[/loop]        
</div>]]></item>
					<item id="footer"><![CDATA[]]></item>
					<item id="header"><![CDATA[]]></item>
					<item id="indexplus">
					</item>
					<item id="index">
					</item>
					<item id="orderplus">
					</item>
					<item id="order">
					</item>
					<item id="loopplus">
					</item>
					<item id="loop"><![CDATA[<div class="swiper-type1_item">
                <a href="{url}" {target}>
                    <img src="{pic}">
                </a>
		<h4><a href="{url}" {target}>{title}</a></h4>
                    <p style="font-weight:normal;">{username}</p>
                    <div class="swiper-type1_item first-item">
                        <a href="{url}" {target}>
                            <h4>{title}</h4>
                            <p class="product" style="font-weight:normal;">{username}</p>
                            <p class="intro" style="font-weight:normal;">
                                {summary}
                            </p>
                        </a>
                    </div>
            </div>]]></item>
				</item>
				<item id="hash"><![CDATA[631f40fd]]></item>
				<item id="getpic"><![CDATA[1]]></item>
				<item id="getsummary"><![CDATA[1]]></item>
				<item id="makethumb"><![CDATA[0]]></item>
				<item id="settarget"><![CDATA[1]]></item>
				<item id="fields">
					<item id="0"><![CDATA[url]]></item>
					<item id="1"><![CDATA[pic]]></item>
					<item id="2"><![CDATA[title]]></item>
					<item id="3"><![CDATA[username]]></item>
					<item id="4"><![CDATA[summary]]></item>
				</item>
				<item id="moreurl"><![CDATA[0]]></item>
			</item>
		</item>
	</item>
</root>