<?xml version="1.0" encoding="ISO-8859-1"?>
<root>
	<item id="Title"><![CDATA[Discuz! Plugin]]></item>
	<item id="Version"><![CDATA[X3,X3.1,X3.2,X3.3,X3.4]]></item>
	<item id="Time"><![CDATA[2020-03-16 09:06]]></item>
	<item id="From"><![CDATA[貴古互聯-APP手機版 (https://app.guiigo.com/)]]></item>
	<item id="Data">
		<item id="plugin">
			<item id="available"><![CDATA[1]]></item>
			<item id="adminid"><![CDATA[1]]></item>
			<item id="name"><![CDATA[貴古-微信小程序]]></item>
			<item id="identifier"><![CDATA[guiigo_applet]]></item>
			<item id="description"><![CDATA[]]></item>
			<item id="datatables"><![CDATA[]]></item>
			<item id="directory"><![CDATA[guiigo_applet/]]></item>
			<item id="copyright"><![CDATA[DisM!应用中心(dism.taobao.com)]]></item>
			<item id="version"><![CDATA[v1.0.0]]></item>
			<item id="__modules">
				<item id="0">
					<item id="name"><![CDATA[guiigo_applet_hook]]></item>
					<item id="param"><![CDATA[]]></item>
					<item id="menu"><![CDATA[]]></item>
					<item id="url"><![CDATA[]]></item>
					<item id="type"><![CDATA[28]]></item>
					<item id="adminid"><![CDATA[0]]></item>
					<item id="displayorder"><![CDATA[1]]></item>
					<item id="navtitle"><![CDATA[]]></item>
					<item id="navicon"><![CDATA[]]></item>
					<item id="navsubname"><![CDATA[]]></item>
					<item id="navsuburl"><![CDATA[]]></item>
				</item>
				<item id="1">
					<item id="name"><![CDATA[adminuserlog]]></item>
					<item id="param"><![CDATA[]]></item>
					<item id="menu"><![CDATA[用戶琯理]]></item>
					<item id="url"><![CDATA[]]></item>
					<item id="type"><![CDATA[3]]></item>
					<item id="adminid"><![CDATA[0]]></item>
					<item id="displayorder"><![CDATA[2]]></item>
					<item id="navtitle"><![CDATA[]]></item>
					<item id="navicon"><![CDATA[]]></item>
					<item id="navsubname"><![CDATA[]]></item>
					<item id="navsuburl"><![CDATA[]]></item>
				</item>
				<item id="2">
					<item id="name"><![CDATA[adminother]]></item>
					<item id="param"><![CDATA[]]></item>
					<item id="menu"><![CDATA[<style>@keyframes rans {from{backgroud-position: 0 0;}to{background-position: 2000px 0;}}</style> <font style="background: -webkit-linear-gradient(18deg, #09c, #2366a8, #090, #ff9, #f4e4b4, #FF4400, #c00);background: -moz-linear-gradient(18deg, #3300CC, #660099, #990066, #CC0033, #FF9999, #FF4400, #3300CC);background: -ms-linear-gradient(18deg, #3300CC, #660099, #990066, #CC0033, #FF9999, #FF4400, #3300CC);animation: rans 18s linear infinite;-webkit-background-clip: text;color: transparent;">更新插件</font>]]></item>
					<item id="url"><![CDATA[]]></item>
					<item id="type"><![CDATA[3]]></item>
					<item id="adminid"><![CDATA[0]]></item>
					<item id="displayorder"><![CDATA[3]]></item>
					<item id="navtitle"><![CDATA[]]></item>
					<item id="navicon"><![CDATA[]]></item>
					<item id="navsubname"><![CDATA[]]></item>
					<item id="navsuburl"><![CDATA[]]></item>
				</item>
			</item>
		</item>
		<item id="version"><![CDATA[X3,X3.1,X3.2,X3.3,X3.4]]></item>
		<item id="var">
			<item id="0">
				<item id="displayorder"><![CDATA[1]]></item>
				<item id="title"><![CDATA[AppID(小程序ID)]]></item>
				<item id="description"><![CDATA[]]></item>
				<item id="variable"><![CDATA[wxappid]]></item>
				<item id="type"><![CDATA[text]]></item>
				<item id="value"><![CDATA[]]></item>
				<item id="extra"><![CDATA[]]></item>
			</item>
			<item id="1">
				<item id="displayorder"><![CDATA[2]]></item>
				<item id="title"><![CDATA[AppSecret(小程序密鈅)]]></item>
				<item id="description"><![CDATA[]]></item>
				<item id="variable"><![CDATA[wxappsecret]]></item>
				<item id="type"><![CDATA[text]]></item>
				<item id="value"><![CDATA[]]></item>
				<item id="extra"><![CDATA[]]></item>
			</item>
			<item id="2">
				<item id="displayorder"><![CDATA[3]]></item>
				<item id="title"><![CDATA[小程序注冊默認組]]></item>
				<item id="description"><![CDATA[]]></item>
				<item id="variable"><![CDATA[wx_groupid]]></item>
				<item id="type"><![CDATA[group]]></item>
				<item id="value"><![CDATA[10]]></item>
				<item id="extra"><![CDATA[]]></item>
			</item>
			<item id="3">
				<item id="displayorder"><![CDATA[4]]></item>
				<item id="title"><![CDATA[是否提示綁定賬戶]]></item>
				<item id="description"><![CDATA[]]></item>
				<item id="variable"><![CDATA[iswxbind]]></item>
				<item id="type"><![CDATA[radio]]></item>
				<item id="value"><![CDATA[1]]></item>
				<item id="extra"><![CDATA[]]></item>
			</item>
		</item>
		<item id="installfile"><![CDATA[install.php]]></item>
		<item id="uninstallfile"><![CDATA[uninstall.php]]></item>
		<item id="language">
			<item id="scriptlang">
				<item id="langs001"><![CDATA[恭喜，你通過微信小程序注冊成功，用戶名：]]></item>
				<item id="langs002"><![CDATA[，密碼：]]></item>
				<item id="langs003"><![CDATA[爲確保賬戶安全，請及時脩改系統分配的密碼！]]></item>
				<item id="langs004"><![CDATA[抱歉，注冊失敗請聯系琯理員]]></item>
				<item id="langs005"><![CDATA[用戶名包含敏感字符]]></item>
				<item id="langs006"><![CDATA[用戶名包含被系統屏蔽的字符]]></item>
				<item id="langs007"><![CDATA[該用戶名已被注冊]]></item>
				<item id="langs008"><![CDATA[Email地址無傚]]></item>
				<item id="langs009"><![CDATA[抱歉，Email包含不可使用的郵箱域名]]></item>
				<item id="langs010"><![CDATA[該Email地址已被注冊]]></item>
				<item id="langs011"><![CDATA[未定義操作]]></item>
				<item id="langs012"><![CDATA[同步登錄意外錯誤]]></item>
				<item id="langs013"><![CDATA[非法請求]]></item>
				<item id="langs014"><![CDATA[系統錯誤session_key]]></item>
				<item id="langs015"><![CDATA[授權登錄成功]]></item>
				<item id="langs016"><![CDATA[抱歉，登錄失敗]]></item>
				<item id="langs017"><![CDATA[登錄成功]]></item>
				<item id="langs018"><![CDATA[用戶名不能爲空]]></item>
				<item id="langs019"><![CDATA[密碼不能爲空]]></item>
				<item id="langs020"><![CDATA[綁定賬號登錄成功]]></item>
				<item id="langs021"><![CDATA[抱歉，登錄失敗]]></item>
				<item id="langs022"><![CDATA[賬號密碼不匹配]]></item>
				<item id="langs023"><![CDATA[綁定失敗]]></item>
				<item id="langs024"><![CDATA[新建賬號登錄成功]]></item>
				<item id="langs025"><![CDATA[未定義錯誤]]></item>
				<item id="langs026"><![CDATA[登錄超時請先登錄]]></item>
				<item id="langs027"><![CDATA[搜索]]></item>
				<item id="langs028"><![CDATA[用戶UID]]></item>
				<item id="langs029"><![CDATA[用戶統計]]></item>
				<item id="langs030"><![CDATA[男]]></item>
				<item id="langs031"><![CDATA[女]]></item>
				<item id="langs032"><![CDATA[用戶名]]></item>
				<item id="langs033"><![CDATA[微信昵稱]]></item>
				<item id="langs034"><![CDATA[頭像]]></item>
				<item id="langs035"><![CDATA[性別]]></item>
				<item id="langs036"><![CDATA[所在城市]]></item>
				<item id="langs037"><![CDATA[所在省份]]></item>
				<item id="langs038"><![CDATA[創建時間]]></item>
				<item id="langs039"><![CDATA[刪除？]]></item>
				<item id="langs040"><![CDATA[刪除]]></item>
				<item id="langs041"><![CDATA[全選]]></item>
				<item id="langs042"><![CDATA[請選擇要刪除的數據]]></item>
				<item id="langs043"><![CDATA[刪除成功]]></item>
			</item>
		</item>
	</item>
</root>