<?xml version="1.0" encoding="ISO-8859-1"?>
<root>
	<item id="Title"><![CDATA[Discuz! Threadtypes]]></item>
	<item id="Version"><![CDATA[X3.4]]></item>
	<item id="Time"><![CDATA[2018-12-28 07:07]]></item>
	<item id="From"><![CDATA[Discuz! Board (http://demo.mumucms.com/)]]></item>
	<item id="Data">
		<item id="0">
			<item id="optionid"><![CDATA[190]]></item>
			<item id="classid"><![CDATA[3]]></item>
			<item id="displayorder"><![CDATA[1]]></item>
			<item id="expiration"><![CDATA[0]]></item>
			<item id="protect"><![CDATA[]]></item>
			<item id="title"><![CDATA[照片]]></item>
			<item id="description"><![CDATA[房产经纪人]]></item>
			<item id="identifier"><![CDATA[mumucms_fcjjr_zp]]></item>
			<item id="type"><![CDATA[image]]></item>
			<item id="unit"><![CDATA[]]></item>
			<item id="rules"><![CDATA[]]></item>
			<item id="permprompt"><![CDATA[]]></item>
			<item id="typeid"><![CDATA[10]]></item>
			<item id="name"><![CDATA[房产经纪人]]></item>
			<item id="icon"><![CDATA[]]></item>
			<item id="special"><![CDATA[1]]></item>
			<item id="modelid"><![CDATA[0]]></item>
			<item id="template"><![CDATA[<div class="mumucms_sort_view">
<div class="mumucms_view_main mumucms_view_fcjjr cl">
<div class="mumucms_main_left">
<div  class="mumucms_left_img">
<img src="{mumucms_fcjjr_zp_value}">
</div>
</div>
<div class="mumucms_main_right">
<div class="mumucms_right_price cl">
<h2 class="mumucms_fcjjr_lpmc">{mumucms_fcjjr_xm_value}</h2>
</div>
<ul>
<li><span class="tit">{mumucms_fcjjr_fyqy}:</span><span class="sum">{mumucms_fcjjr_fyqy_value}{mumucms_fcjjr_fyqy_unit}</span></li>
<li><span class="tit">{mumucms_fcjjr_gsmc}:</span><span class="sum">{mumucms_fcjjr_gsmc_value}{mumucms_fcjjr_gsmc_unit}</span></li>
<li><span class="tit">{mumucms_fcjjr_zsfy}:</span><span class="sum">{mumucms_fcjjr_zsfy_value}{mumucms_fcjjr_zsfy_unit}</span></li>
<li><span class="tit">{mumucms_fcjjr_cysc}:</span><span class="sum">{mumucms_fcjjr_cysc_value}{mumucms_fcjjr_cysc_unit}</span></li>
<li><span class="tit">{mumucms_fcjjr_qq}:</span><span class="sum">{mumucms_fcjjr_qq_value}{mumucms_fcjjr_qq_unit}</span></li>
</ul>
<div class="mumucms_right_tel"><span class="tel">{mumucms_fcjjr_dh_value}</span></div>
</div>
</div>
<div class="mumucms_view_box">
<div class="mumucms_box cl"><h2>{mumucms_fcjjr_grjs}</h2></div>
<div class="mumucms_sum">
{mumucms_fcjjr_grjs_value}
</div>
</div>
<div class="mumucms_view_box">
<div class="mumucms_box cl"><h2>{mumucms_fcjjr_gsjs}</h2></div>
<div class="mumucms_sum">
{mumucms_fcjjr_gsjs_value}
</div>
</div>
<div class="mumucms_view_box">
<div class="mumucms_box cl"><h2>更多信息</h2></div>
</div>
</div>]]></item>
			<item id="stemplate"><![CDATA[<div class="mumucms_sort_list ">
[loop]
<div class="mumucms_list mumucms_list_fcjjr cl">
<div class="mumucms_list_img"><a href="{subject_url}"><img src="{mumucms_fcjjr_zp_value}"></a></div>
<div class="mumucms_list_title">
<h3>{modcheck}<a href="{subject_url}">{mumucms_fcjjr_xm_value}</a></h3>
<p>{mumucms_fcjjr_dh}:&nbsp;&nbsp;<span class="tel">{mumucms_fcjjr_dh_value}{mumucms_fcjjr_dh_unit}</sapn></p>
<p>{mumucms_fcjjr_zsfy}:&nbsp;&nbsp;{mumucms_fcjjr_zsfy_value}{mumucms_fcjjr_zsfy_unit}</p>
<p>{mumucms_fcjjr_gsmc}:&nbsp;&nbsp;{mumucms_fcjjr_gsmc_value}{mumucms_fcjjr_gsmc_unit}</p>
</div>
<div class="mumucms_list_dianpu"><p class="btn"><a href="{subject_url}">进入主页</a></p></div>
</div>
[/loop]		
</div>
			]]></item>
			<item id="ptemplate"><![CDATA[]]></item>
			<item id="btemplate"><![CDATA[<div class="mumucms_sort_diy">
[loop]	
<li class="mumucms_house_sort cl">
<div class="mumucms_img z"><a href="{subject_url}" target="_blank"><img class="b-lazy" src="data:image/gif;base64,R0lGODlhAQABAAAAACH5BAEKAAEALAAAAAABAAEAAAICTAEAOw" data-src="{mumucms_fcjjr_zp_value}"></a></div>
<div class="mumucms_txt">
<h3><a href="{subject_url}" target="_blank">{mumucms_fcjjr_xm_value}</a></h3>
<p>{mumucms_fcjjr_fyqy}：{mumucms_fcjjr_fyqy_value}</p>
<p>{mumucms_fcjjr_dh}：{mumucms_fcjjr_dh_value}</p>
<div class="mumucms_dp cl"><a href="{subject_url}" target="_blank">进入店铺</a></div>
</div>
</li>	
[/loop]
</div>		]]></item>
			<item id="sortid"><![CDATA[10]]></item>
			<item id="available"><![CDATA[1]]></item>
			<item id="required"><![CDATA[1]]></item>
			<item id="unchangeable"><![CDATA[0]]></item>
			<item id="search"><![CDATA[0]]></item>
			<item id="subjectshow"><![CDATA[1]]></item>
			<item id="tpdescription"><![CDATA[]]></item>
			<item id="ttdescription"><![CDATA[房产经纪人]]></item>
			<item id="tpexpiration"><![CDATA[0]]></item>
			<item id="ttexpiration"><![CDATA[0]]></item>
		</item>
		<item id="1">
			<item id="optionid"><![CDATA[191]]></item>
			<item id="classid"><![CDATA[3]]></item>
			<item id="displayorder"><![CDATA[2]]></item>
			<item id="expiration"><![CDATA[0]]></item>
			<item id="protect"><![CDATA[]]></item>
			<item id="title"><![CDATA[姓名]]></item>
			<item id="description"><![CDATA[房产经纪人]]></item>
			<item id="identifier"><![CDATA[mumucms_fcjjr_xm]]></item>
			<item id="type"><![CDATA[text]]></item>
			<item id="unit"><![CDATA[]]></item>
			<item id="rules"><![CDATA[]]></item>
			<item id="permprompt"><![CDATA[]]></item>
			<item id="typeid"><![CDATA[10]]></item>
			<item id="name"><![CDATA[房产经纪人]]></item>
			<item id="icon"><![CDATA[]]></item>
			<item id="special"><![CDATA[1]]></item>
			<item id="modelid"><![CDATA[0]]></item>
			<item id="template"><![CDATA[<div class="mumucms_sort_view">
<div class="mumucms_view_main mumucms_view_fcjjr cl">
<div class="mumucms_main_left">
<div  class="mumucms_left_img">
<img src="{mumucms_fcjjr_zp_value}">
</div>
</div>
<div class="mumucms_main_right">
<div class="mumucms_right_price cl">
<h2 class="mumucms_fcjjr_lpmc">{mumucms_fcjjr_xm_value}</h2>
</div>
<ul>
<li><span class="tit">{mumucms_fcjjr_fyqy}:</span><span class="sum">{mumucms_fcjjr_fyqy_value}{mumucms_fcjjr_fyqy_unit}</span></li>
<li><span class="tit">{mumucms_fcjjr_gsmc}:</span><span class="sum">{mumucms_fcjjr_gsmc_value}{mumucms_fcjjr_gsmc_unit}</span></li>
<li><span class="tit">{mumucms_fcjjr_zsfy}:</span><span class="sum">{mumucms_fcjjr_zsfy_value}{mumucms_fcjjr_zsfy_unit}</span></li>
<li><span class="tit">{mumucms_fcjjr_cysc}:</span><span class="sum">{mumucms_fcjjr_cysc_value}{mumucms_fcjjr_cysc_unit}</span></li>
<li><span class="tit">{mumucms_fcjjr_qq}:</span><span class="sum">{mumucms_fcjjr_qq_value}{mumucms_fcjjr_qq_unit}</span></li>
</ul>
<div class="mumucms_right_tel"><span class="tel">{mumucms_fcjjr_dh_value}</span></div>
</div>
</div>
<div class="mumucms_view_box">
<div class="mumucms_box cl"><h2>{mumucms_fcjjr_grjs}</h2></div>
<div class="mumucms_sum">
{mumucms_fcjjr_grjs_value}
</div>
</div>
<div class="mumucms_view_box">
<div class="mumucms_box cl"><h2>{mumucms_fcjjr_gsjs}</h2></div>
<div class="mumucms_sum">
{mumucms_fcjjr_gsjs_value}
</div>
</div>
<div class="mumucms_view_box">
<div class="mumucms_box cl"><h2>更多信息</h2></div>
</div>
</div>]]></item>
			<item id="stemplate"><![CDATA[<div class="mumucms_sort_list ">
[loop]
<div class="mumucms_list mumucms_list_fcjjr cl">
<div class="mumucms_list_img"><a href="{subject_url}"><img src="{mumucms_fcjjr_zp_value}"></a></div>
<div class="mumucms_list_title">
<h3>{modcheck}<a href="{subject_url}">{mumucms_fcjjr_xm_value}</a></h3>
<p>{mumucms_fcjjr_dh}:&nbsp;&nbsp;<span class="tel">{mumucms_fcjjr_dh_value}{mumucms_fcjjr_dh_unit}</sapn></p>
<p>{mumucms_fcjjr_zsfy}:&nbsp;&nbsp;{mumucms_fcjjr_zsfy_value}{mumucms_fcjjr_zsfy_unit}</p>
<p>{mumucms_fcjjr_gsmc}:&nbsp;&nbsp;{mumucms_fcjjr_gsmc_value}{mumucms_fcjjr_gsmc_unit}</p>
</div>
<div class="mumucms_list_dianpu"><p class="btn"><a href="{subject_url}">进入主页</a></p></div>
</div>
[/loop]		
</div>
			]]></item>
			<item id="ptemplate"><![CDATA[]]></item>
			<item id="btemplate"><![CDATA[<div class="mumucms_sort_diy">
[loop]	
<li class="mumucms_house_sort cl">
<div class="mumucms_img z"><a href="{subject_url}" target="_blank"><img class="b-lazy" src="data:image/gif;base64,R0lGODlhAQABAAAAACH5BAEKAAEALAAAAAABAAEAAAICTAEAOw" data-src="{mumucms_fcjjr_zp_value}"></a></div>
<div class="mumucms_txt">
<h3><a href="{subject_url}" target="_blank">{mumucms_fcjjr_xm_value}</a></h3>
<p>{mumucms_fcjjr_fyqy}：{mumucms_fcjjr_fyqy_value}</p>
<p>{mumucms_fcjjr_dh}：{mumucms_fcjjr_dh_value}</p>
<div class="mumucms_dp cl"><a href="{subject_url}" target="_blank">进入店铺</a></div>
</div>
</li>	
[/loop]
</div>		]]></item>
			<item id="sortid"><![CDATA[10]]></item>
			<item id="available"><![CDATA[1]]></item>
			<item id="required"><![CDATA[1]]></item>
			<item id="unchangeable"><![CDATA[0]]></item>
			<item id="search"><![CDATA[0]]></item>
			<item id="subjectshow"><![CDATA[1]]></item>
			<item id="tpdescription"><![CDATA[]]></item>
			<item id="ttdescription"><![CDATA[房产经纪人]]></item>
			<item id="tpexpiration"><![CDATA[0]]></item>
			<item id="ttexpiration"><![CDATA[0]]></item>
		</item>
		<item id="2">
			<item id="optionid"><![CDATA[192]]></item>
			<item id="classid"><![CDATA[3]]></item>
			<item id="displayorder"><![CDATA[8]]></item>
			<item id="expiration"><![CDATA[0]]></item>
			<item id="title"><![CDATA[服务区域]]></item>
			<item id="description"><![CDATA[房产经纪人]]></item>
			<item id="identifier"><![CDATA[mumucms_fcjjr_fyqy]]></item>
			<item id="type"><![CDATA[select]]></item>
			<item id="unit"><![CDATA[]]></item>
			<item id="permprompt"><![CDATA[]]></item>
			<item id="typeid"><![CDATA[10]]></item>
			<item id="name"><![CDATA[房产经纪人]]></item>
			<item id="icon"><![CDATA[]]></item>
			<item id="special"><![CDATA[1]]></item>
			<item id="modelid"><![CDATA[0]]></item>
			<item id="template"><![CDATA[<div class="mumucms_sort_view">
<div class="mumucms_view_main mumucms_view_fcjjr cl">
<div class="mumucms_main_left">
<div  class="mumucms_left_img">
<img src="{mumucms_fcjjr_zp_value}">
</div>
</div>
<div class="mumucms_main_right">
<div class="mumucms_right_price cl">
<h2 class="mumucms_fcjjr_lpmc">{mumucms_fcjjr_xm_value}</h2>
</div>
<ul>
<li><span class="tit">{mumucms_fcjjr_fyqy}:</span><span class="sum">{mumucms_fcjjr_fyqy_value}{mumucms_fcjjr_fyqy_unit}</span></li>
<li><span class="tit">{mumucms_fcjjr_gsmc}:</span><span class="sum">{mumucms_fcjjr_gsmc_value}{mumucms_fcjjr_gsmc_unit}</span></li>
<li><span class="tit">{mumucms_fcjjr_zsfy}:</span><span class="sum">{mumucms_fcjjr_zsfy_value}{mumucms_fcjjr_zsfy_unit}</span></li>
<li><span class="tit">{mumucms_fcjjr_cysc}:</span><span class="sum">{mumucms_fcjjr_cysc_value}{mumucms_fcjjr_cysc_unit}</span></li>
<li><span class="tit">{mumucms_fcjjr_qq}:</span><span class="sum">{mumucms_fcjjr_qq_value}{mumucms_fcjjr_qq_unit}</span></li>
</ul>
<div class="mumucms_right_tel"><span class="tel">{mumucms_fcjjr_dh_value}</span></div>
</div>
</div>
<div class="mumucms_view_box">
<div class="mumucms_box cl"><h2>{mumucms_fcjjr_grjs}</h2></div>
<div class="mumucms_sum">
{mumucms_fcjjr_grjs_value}
</div>
</div>
<div class="mumucms_view_box">
<div class="mumucms_box cl"><h2>{mumucms_fcjjr_gsjs}</h2></div>
<div class="mumucms_sum">
{mumucms_fcjjr_gsjs_value}
</div>
</div>
<div class="mumucms_view_box">
<div class="mumucms_box cl"><h2>更多信息</h2></div>
</div>
</div>]]></item>
			<item id="stemplate"><![CDATA[<div class="mumucms_sort_list ">
[loop]
<div class="mumucms_list mumucms_list_fcjjr cl">
<div class="mumucms_list_img"><a href="{subject_url}"><img src="{mumucms_fcjjr_zp_value}"></a></div>
<div class="mumucms_list_title">
<h3>{modcheck}<a href="{subject_url}">{mumucms_fcjjr_xm_value}</a></h3>
<p>{mumucms_fcjjr_dh}:&nbsp;&nbsp;<span class="tel">{mumucms_fcjjr_dh_value}{mumucms_fcjjr_dh_unit}</sapn></p>
<p>{mumucms_fcjjr_zsfy}:&nbsp;&nbsp;{mumucms_fcjjr_zsfy_value}{mumucms_fcjjr_zsfy_unit}</p>
<p>{mumucms_fcjjr_gsmc}:&nbsp;&nbsp;{mumucms_fcjjr_gsmc_value}{mumucms_fcjjr_gsmc_unit}</p>
</div>
<div class="mumucms_list_dianpu"><p class="btn"><a href="{subject_url}">进入主页</a></p></div>
</div>
[/loop]		
</div>
			]]></item>
			<item id="ptemplate"><![CDATA[]]></item>
			<item id="btemplate"><![CDATA[<div class="mumucms_sort_diy">
[loop]	
<li class="mumucms_house_sort cl">
<div class="mumucms_img z"><a href="{subject_url}" target="_blank"><img class="b-lazy" src="data:image/gif;base64,R0lGODlhAQABAAAAACH5BAEKAAEALAAAAAABAAEAAAICTAEAOw" data-src="{mumucms_fcjjr_zp_value}"></a></div>
<div class="mumucms_txt">
<h3><a href="{subject_url}" target="_blank">{mumucms_fcjjr_xm_value}</a></h3>
<p>{mumucms_fcjjr_fyqy}：{mumucms_fcjjr_fyqy_value}</p>
<p>{mumucms_fcjjr_dh}：{mumucms_fcjjr_dh_value}</p>
<div class="mumucms_dp cl"><a href="{subject_url}" target="_blank">进入店铺</a></div>
</div>
</li>	
[/loop]
</div>		]]></item>
			<item id="sortid"><![CDATA[10]]></item>
			<item id="available"><![CDATA[1]]></item>
			<item id="required"><![CDATA[1]]></item>
			<item id="unchangeable"><![CDATA[0]]></item>
			<item id="search"><![CDATA[2]]></item>
			<item id="subjectshow"><![CDATA[1]]></item>
			<item id="tpdescription"><![CDATA[]]></item>
			<item id="ttdescription"><![CDATA[房产经纪人]]></item>
			<item id="tpexpiration"><![CDATA[0]]></item>
			<item id="ttexpiration"><![CDATA[0]]></item>
			<item id="__protect">
				<item id="usergroup"><![CDATA[]]></item>
				<item id="verify"><![CDATA[]]></item>
			</item>
			<item id="__rules">
				<item id="choices"><![CDATA[1=蜀山
1.1=安徽大学
1.2=安徽农业大学
1.3=安医附院
1.4=笔架山
1.5=叉车厂
1.6=长江西路
1.7=稻香村
1.8=大铺头
1.9=锻压厂
1.10=二里街
1.11=方大郢
1.12=高刘路
1.13=贵池路
1.14=海关大厦
1.15=合肥学院
1.16=荷叶地
1.17=合作化路
1.18=怀宁路
1.19=黄山路
1.20=黄岳路口
1.21=琥珀山庄
1.22=金牛路
1.23=机研所
1.24=科技园
1.25=南七里站
1.26=炮兵学院
1.27=潜山路
1.28=清溪路
1.29=青阳路
1.30=肉联厂
1.31=三里庵
1.32=省农机校
1.33=史河路
1.34=十里庙
1.35=蜀山周边
1.36=望江西路
1.37=五里墩
1.38=西客站
1.39=西园新村
1.40=牙膏厂
1.41=岳西路
1.42=轴承厂
1.43=自行车厂
2=庐阳
2.1=安庆路
2.2=白水坝
2.3=亳州路
2.4=财富广场
2.5=长江中路
2.6=城隍庙
2.7=董铺水库
2.8=光明
2.9=海棠
2.10=合瓦路
2.11=和煦园
2.12=金寨北路
2.13=庐阳周边
2.14=蒙城路
2.15=南门小学
2.16=三牌楼
2.17=三孝口
2.18=商之都
2.19=省农科院
2.20=寿春路
2.21=双岗
2.22=四里河
2.23=四牌楼
2.24=濉溪路
2.25=探矿厂
2.26=桐城路
2.27=县桥
2.28=逍遥津
2.29=杏花村
2.30=杏花公园
2.31=杏林
2.32=益民
2.33=元一名城
3=包河
3.1=百脑汇
3.2=包河工业园
3.3=包河周边
3.4=常青
3.5=巢湖路
3.6=大钟楼
3.7=东陈岗
3.8=葛大店
3.10=合工大
3.11=合家福
3.12=家乐福
3.13=绩溪路
3.14=凌大塘
3.15=骆岗
3.16=马鞍山路
3.17=南门换乘中心
3.18=南熏门桥
3.19=宁国路
3.20=省人大
3.21=太宁路口
3.22=望湖城
3.23=卫岗
3.24=芜湖路
3.25=五里庙
3.26=宣城路
3.27=姚公庙
3.28=中铁四局
3.29=周谷堆
4=瑶海
4.1=百思购广场
4.2=长淮
4.3=长江批发市场
4.4=城东
4.5=车站
4.6=枞阳南路
4.7=大店
4.8=大东门
4.9=大通路
4.10=大兴镇
4.11=店岗
4.12=窦小郢
4.13=方庙
4.14=海州景秀世家
4.15=恒大城
4.16=和平广场
4.17=和平路
4.18=红光
4.19=花冲公园
4.20=皇马花园
4.21=花神郢
4.22=花溪新村
4.23=琥珀名城
4.24=金大塘
4.25=静安新城
4.26=金泰汽配城
4.27=临泉东路
4.28=龙岗
4.29=龙岗游园
4.30=罗岗
4.31=明光路
4.32=七里塘
4.33=七里站
4.34=瑞泰公园
4.35=三里街
4.36=三小郢
4.37=圣地亚哥
4.38=胜利路
4.39=铜陵路
4.40=王底
4.41=吴小郢
4.42=新海家园
4.43=瑶海周边
4.44=元一时代广场
4.45=裕丰花市
4.46=朱大郢
5=经开
5.1=滨湖前城
5.2=翠微路
5.3=大学城
5.4=东海花园
5.5=翡翠商城
5.6=芙蓉路
5.7=海恒社区
5.8=徽园
5.9=建工学院南区
5.10=经开周边
5.11=明珠广场
5.12=南艳湖
5.13=农业示范园
5.14=融科城
5.15=天门湖
5.16=禹州天境
5.17=中环城
6=高新
6.1=大蜀山
6.2=绿城桂花园
6.3=高新周边
7=新站
7.1=汴河路
7.2=大市场
7.3=火车站
7.4=家天下
7.5=金成港湾
7.6=金都华庭
7.7=磨店
7.8=南岗
7.9=七里塘
7.10=轻工商城
7.11=三十头
7.12=三元开发区
7.13=胜利广场
7.14=生态公园
7.15=铁静苑
7.16=铜陵新村
7.17=皖江厂
7.18=物流大道
7.19=新海公园
7.20=新站周边
7.21=杨岗
7.22=瑶海公园
8=滨湖新区
8.1=保利拉菲公馆
8.2=滨湖和园
8.3=滨湖假日
8.4=滨湖家园
8.5=滨湖明珠
8.6=滨湖品阁
8.7=滨湖世纪城
8.8=滨湖周边
8.9=春融苑 
8.10=福徽苑
8.11=高速时代城
8.12=高速时代广场
8.13=翰林园
8.14=徽昌苑
8.15=徽杰苑
8.16=蓝鼎观湖苑
8.17=临滨苑
8.18=琼林苑
8.19=书香门第
8.20=树荫苑
8.21=棠溪人家
8.22=万达文旅城
8.23=万科蓝山
8.24=文华阁
8.25=旭辉御俯
8.26=政府核心区
8.27=振徽苑
8.28=中铁滨湖名邸
9=政务
9.1=天鹅湖
9.2=奥体中心
9.3=浅水湾
9.4=外经大厦
9.5=十五里河
9.6=翡翠路
9.7=政务周边
10=北城新区
10.1=北城世纪城
10.2=力高共和城
10.3=润地星城
10.4=中澳花园
10.5=恒泰阿奎利亚
10.6=元一高尔夫
10.7=京城国际
10.8=双凤里小区
10.9=荣城花园
11=合肥周边
11.1=长丰
11.2=肥东
11.3=肥西
11.4=其它]]></item>
				<item id="inputsize"><![CDATA[]]></item>
			</item>
		</item>
		<item id="3">
			<item id="optionid"><![CDATA[193]]></item>
			<item id="classid"><![CDATA[3]]></item>
			<item id="displayorder"><![CDATA[9]]></item>
			<item id="expiration"><![CDATA[0]]></item>
			<item id="protect"><![CDATA[]]></item>
			<item id="title"><![CDATA[公司名称]]></item>
			<item id="description"><![CDATA[房产经纪人]]></item>
			<item id="identifier"><![CDATA[mumucms_fcjjr_gsmc]]></item>
			<item id="type"><![CDATA[text]]></item>
			<item id="unit"><![CDATA[]]></item>
			<item id="rules"><![CDATA[]]></item>
			<item id="permprompt"><![CDATA[]]></item>
			<item id="typeid"><![CDATA[10]]></item>
			<item id="name"><![CDATA[房产经纪人]]></item>
			<item id="icon"><![CDATA[]]></item>
			<item id="special"><![CDATA[1]]></item>
			<item id="modelid"><![CDATA[0]]></item>
			<item id="template"><![CDATA[<div class="mumucms_sort_view">
<div class="mumucms_view_main mumucms_view_fcjjr cl">
<div class="mumucms_main_left">
<div  class="mumucms_left_img">
<img src="{mumucms_fcjjr_zp_value}">
</div>
</div>
<div class="mumucms_main_right">
<div class="mumucms_right_price cl">
<h2 class="mumucms_fcjjr_lpmc">{mumucms_fcjjr_xm_value}</h2>
</div>
<ul>
<li><span class="tit">{mumucms_fcjjr_fyqy}:</span><span class="sum">{mumucms_fcjjr_fyqy_value}{mumucms_fcjjr_fyqy_unit}</span></li>
<li><span class="tit">{mumucms_fcjjr_gsmc}:</span><span class="sum">{mumucms_fcjjr_gsmc_value}{mumucms_fcjjr_gsmc_unit}</span></li>
<li><span class="tit">{mumucms_fcjjr_zsfy}:</span><span class="sum">{mumucms_fcjjr_zsfy_value}{mumucms_fcjjr_zsfy_unit}</span></li>
<li><span class="tit">{mumucms_fcjjr_cysc}:</span><span class="sum">{mumucms_fcjjr_cysc_value}{mumucms_fcjjr_cysc_unit}</span></li>
<li><span class="tit">{mumucms_fcjjr_qq}:</span><span class="sum">{mumucms_fcjjr_qq_value}{mumucms_fcjjr_qq_unit}</span></li>
</ul>
<div class="mumucms_right_tel"><span class="tel">{mumucms_fcjjr_dh_value}</span></div>
</div>
</div>
<div class="mumucms_view_box">
<div class="mumucms_box cl"><h2>{mumucms_fcjjr_grjs}</h2></div>
<div class="mumucms_sum">
{mumucms_fcjjr_grjs_value}
</div>
</div>
<div class="mumucms_view_box">
<div class="mumucms_box cl"><h2>{mumucms_fcjjr_gsjs}</h2></div>
<div class="mumucms_sum">
{mumucms_fcjjr_gsjs_value}
</div>
</div>
<div class="mumucms_view_box">
<div class="mumucms_box cl"><h2>更多信息</h2></div>
</div>
</div>]]></item>
			<item id="stemplate"><![CDATA[<div class="mumucms_sort_list ">
[loop]
<div class="mumucms_list mumucms_list_fcjjr cl">
<div class="mumucms_list_img"><a href="{subject_url}"><img src="{mumucms_fcjjr_zp_value}"></a></div>
<div class="mumucms_list_title">
<h3>{modcheck}<a href="{subject_url}">{mumucms_fcjjr_xm_value}</a></h3>
<p>{mumucms_fcjjr_dh}:&nbsp;&nbsp;<span class="tel">{mumucms_fcjjr_dh_value}{mumucms_fcjjr_dh_unit}</sapn></p>
<p>{mumucms_fcjjr_zsfy}:&nbsp;&nbsp;{mumucms_fcjjr_zsfy_value}{mumucms_fcjjr_zsfy_unit}</p>
<p>{mumucms_fcjjr_gsmc}:&nbsp;&nbsp;{mumucms_fcjjr_gsmc_value}{mumucms_fcjjr_gsmc_unit}</p>
</div>
<div class="mumucms_list_dianpu"><p class="btn"><a href="{subject_url}">进入主页</a></p></div>
</div>
[/loop]		
</div>
			]]></item>
			<item id="ptemplate"><![CDATA[]]></item>
			<item id="btemplate"><![CDATA[<div class="mumucms_sort_diy">
[loop]	
<li class="mumucms_house_sort cl">
<div class="mumucms_img z"><a href="{subject_url}" target="_blank"><img class="b-lazy" src="data:image/gif;base64,R0lGODlhAQABAAAAACH5BAEKAAEALAAAAAABAAEAAAICTAEAOw" data-src="{mumucms_fcjjr_zp_value}"></a></div>
<div class="mumucms_txt">
<h3><a href="{subject_url}" target="_blank">{mumucms_fcjjr_xm_value}</a></h3>
<p>{mumucms_fcjjr_fyqy}：{mumucms_fcjjr_fyqy_value}</p>
<p>{mumucms_fcjjr_dh}：{mumucms_fcjjr_dh_value}</p>
<div class="mumucms_dp cl"><a href="{subject_url}" target="_blank">进入店铺</a></div>
</div>
</li>	
[/loop]
</div>		]]></item>
			<item id="sortid"><![CDATA[10]]></item>
			<item id="available"><![CDATA[1]]></item>
			<item id="required"><![CDATA[1]]></item>
			<item id="unchangeable"><![CDATA[0]]></item>
			<item id="search"><![CDATA[0]]></item>
			<item id="subjectshow"><![CDATA[1]]></item>
			<item id="tpdescription"><![CDATA[]]></item>
			<item id="ttdescription"><![CDATA[房产经纪人]]></item>
			<item id="tpexpiration"><![CDATA[0]]></item>
			<item id="ttexpiration"><![CDATA[0]]></item>
		</item>
		<item id="4">
			<item id="optionid"><![CDATA[194]]></item>
			<item id="classid"><![CDATA[3]]></item>
			<item id="displayorder"><![CDATA[10]]></item>
			<item id="expiration"><![CDATA[0]]></item>
			<item id="protect"><![CDATA[]]></item>
			<item id="title"><![CDATA[公司地址]]></item>
			<item id="description"><![CDATA[房产经纪人]]></item>
			<item id="identifier"><![CDATA[mumucms_fcjjr_gsdz]]></item>
			<item id="type"><![CDATA[text]]></item>
			<item id="unit"><![CDATA[]]></item>
			<item id="rules"><![CDATA[]]></item>
			<item id="permprompt"><![CDATA[]]></item>
			<item id="typeid"><![CDATA[10]]></item>
			<item id="name"><![CDATA[房产经纪人]]></item>
			<item id="icon"><![CDATA[]]></item>
			<item id="special"><![CDATA[1]]></item>
			<item id="modelid"><![CDATA[0]]></item>
			<item id="template"><![CDATA[<div class="mumucms_sort_view">
<div class="mumucms_view_main mumucms_view_fcjjr cl">
<div class="mumucms_main_left">
<div  class="mumucms_left_img">
<img src="{mumucms_fcjjr_zp_value}">
</div>
</div>
<div class="mumucms_main_right">
<div class="mumucms_right_price cl">
<h2 class="mumucms_fcjjr_lpmc">{mumucms_fcjjr_xm_value}</h2>
</div>
<ul>
<li><span class="tit">{mumucms_fcjjr_fyqy}:</span><span class="sum">{mumucms_fcjjr_fyqy_value}{mumucms_fcjjr_fyqy_unit}</span></li>
<li><span class="tit">{mumucms_fcjjr_gsmc}:</span><span class="sum">{mumucms_fcjjr_gsmc_value}{mumucms_fcjjr_gsmc_unit}</span></li>
<li><span class="tit">{mumucms_fcjjr_zsfy}:</span><span class="sum">{mumucms_fcjjr_zsfy_value}{mumucms_fcjjr_zsfy_unit}</span></li>
<li><span class="tit">{mumucms_fcjjr_cysc}:</span><span class="sum">{mumucms_fcjjr_cysc_value}{mumucms_fcjjr_cysc_unit}</span></li>
<li><span class="tit">{mumucms_fcjjr_qq}:</span><span class="sum">{mumucms_fcjjr_qq_value}{mumucms_fcjjr_qq_unit}</span></li>
</ul>
<div class="mumucms_right_tel"><span class="tel">{mumucms_fcjjr_dh_value}</span></div>
</div>
</div>
<div class="mumucms_view_box">
<div class="mumucms_box cl"><h2>{mumucms_fcjjr_grjs}</h2></div>
<div class="mumucms_sum">
{mumucms_fcjjr_grjs_value}
</div>
</div>
<div class="mumucms_view_box">
<div class="mumucms_box cl"><h2>{mumucms_fcjjr_gsjs}</h2></div>
<div class="mumucms_sum">
{mumucms_fcjjr_gsjs_value}
</div>
</div>
<div class="mumucms_view_box">
<div class="mumucms_box cl"><h2>更多信息</h2></div>
</div>
</div>]]></item>
			<item id="stemplate"><![CDATA[<div class="mumucms_sort_list ">
[loop]
<div class="mumucms_list mumucms_list_fcjjr cl">
<div class="mumucms_list_img"><a href="{subject_url}"><img src="{mumucms_fcjjr_zp_value}"></a></div>
<div class="mumucms_list_title">
<h3>{modcheck}<a href="{subject_url}">{mumucms_fcjjr_xm_value}</a></h3>
<p>{mumucms_fcjjr_dh}:&nbsp;&nbsp;<span class="tel">{mumucms_fcjjr_dh_value}{mumucms_fcjjr_dh_unit}</sapn></p>
<p>{mumucms_fcjjr_zsfy}:&nbsp;&nbsp;{mumucms_fcjjr_zsfy_value}{mumucms_fcjjr_zsfy_unit}</p>
<p>{mumucms_fcjjr_gsmc}:&nbsp;&nbsp;{mumucms_fcjjr_gsmc_value}{mumucms_fcjjr_gsmc_unit}</p>
</div>
<div class="mumucms_list_dianpu"><p class="btn"><a href="{subject_url}">进入主页</a></p></div>
</div>
[/loop]		
</div>
			]]></item>
			<item id="ptemplate"><![CDATA[]]></item>
			<item id="btemplate"><![CDATA[<div class="mumucms_sort_diy">
[loop]	
<li class="mumucms_house_sort cl">
<div class="mumucms_img z"><a href="{subject_url}" target="_blank"><img class="b-lazy" src="data:image/gif;base64,R0lGODlhAQABAAAAACH5BAEKAAEALAAAAAABAAEAAAICTAEAOw" data-src="{mumucms_fcjjr_zp_value}"></a></div>
<div class="mumucms_txt">
<h3><a href="{subject_url}" target="_blank">{mumucms_fcjjr_xm_value}</a></h3>
<p>{mumucms_fcjjr_fyqy}：{mumucms_fcjjr_fyqy_value}</p>
<p>{mumucms_fcjjr_dh}：{mumucms_fcjjr_dh_value}</p>
<div class="mumucms_dp cl"><a href="{subject_url}" target="_blank">进入店铺</a></div>
</div>
</li>	
[/loop]
</div>		]]></item>
			<item id="sortid"><![CDATA[10]]></item>
			<item id="available"><![CDATA[1]]></item>
			<item id="required"><![CDATA[1]]></item>
			<item id="unchangeable"><![CDATA[0]]></item>
			<item id="search"><![CDATA[0]]></item>
			<item id="subjectshow"><![CDATA[1]]></item>
			<item id="tpdescription"><![CDATA[]]></item>
			<item id="ttdescription"><![CDATA[房产经纪人]]></item>
			<item id="tpexpiration"><![CDATA[0]]></item>
			<item id="ttexpiration"><![CDATA[0]]></item>
		</item>
		<item id="5">
			<item id="optionid"><![CDATA[195]]></item>
			<item id="classid"><![CDATA[3]]></item>
			<item id="displayorder"><![CDATA[3]]></item>
			<item id="expiration"><![CDATA[0]]></item>
			<item id="protect"><![CDATA[]]></item>
			<item id="title"><![CDATA[联系QQ]]></item>
			<item id="description"><![CDATA[房产经纪人]]></item>
			<item id="identifier"><![CDATA[mumucms_fcjjr_qq]]></item>
			<item id="type"><![CDATA[text]]></item>
			<item id="unit"><![CDATA[]]></item>
			<item id="rules"><![CDATA[]]></item>
			<item id="permprompt"><![CDATA[]]></item>
			<item id="typeid"><![CDATA[10]]></item>
			<item id="name"><![CDATA[房产经纪人]]></item>
			<item id="icon"><![CDATA[]]></item>
			<item id="special"><![CDATA[1]]></item>
			<item id="modelid"><![CDATA[0]]></item>
			<item id="template"><![CDATA[<div class="mumucms_sort_view">
<div class="mumucms_view_main mumucms_view_fcjjr cl">
<div class="mumucms_main_left">
<div  class="mumucms_left_img">
<img src="{mumucms_fcjjr_zp_value}">
</div>
</div>
<div class="mumucms_main_right">
<div class="mumucms_right_price cl">
<h2 class="mumucms_fcjjr_lpmc">{mumucms_fcjjr_xm_value}</h2>
</div>
<ul>
<li><span class="tit">{mumucms_fcjjr_fyqy}:</span><span class="sum">{mumucms_fcjjr_fyqy_value}{mumucms_fcjjr_fyqy_unit}</span></li>
<li><span class="tit">{mumucms_fcjjr_gsmc}:</span><span class="sum">{mumucms_fcjjr_gsmc_value}{mumucms_fcjjr_gsmc_unit}</span></li>
<li><span class="tit">{mumucms_fcjjr_zsfy}:</span><span class="sum">{mumucms_fcjjr_zsfy_value}{mumucms_fcjjr_zsfy_unit}</span></li>
<li><span class="tit">{mumucms_fcjjr_cysc}:</span><span class="sum">{mumucms_fcjjr_cysc_value}{mumucms_fcjjr_cysc_unit}</span></li>
<li><span class="tit">{mumucms_fcjjr_qq}:</span><span class="sum">{mumucms_fcjjr_qq_value}{mumucms_fcjjr_qq_unit}</span></li>
</ul>
<div class="mumucms_right_tel"><span class="tel">{mumucms_fcjjr_dh_value}</span></div>
</div>
</div>
<div class="mumucms_view_box">
<div class="mumucms_box cl"><h2>{mumucms_fcjjr_grjs}</h2></div>
<div class="mumucms_sum">
{mumucms_fcjjr_grjs_value}
</div>
</div>
<div class="mumucms_view_box">
<div class="mumucms_box cl"><h2>{mumucms_fcjjr_gsjs}</h2></div>
<div class="mumucms_sum">
{mumucms_fcjjr_gsjs_value}
</div>
</div>
<div class="mumucms_view_box">
<div class="mumucms_box cl"><h2>更多信息</h2></div>
</div>
</div>]]></item>
			<item id="stemplate"><![CDATA[<div class="mumucms_sort_list ">
[loop]
<div class="mumucms_list mumucms_list_fcjjr cl">
<div class="mumucms_list_img"><a href="{subject_url}"><img src="{mumucms_fcjjr_zp_value}"></a></div>
<div class="mumucms_list_title">
<h3>{modcheck}<a href="{subject_url}">{mumucms_fcjjr_xm_value}</a></h3>
<p>{mumucms_fcjjr_dh}:&nbsp;&nbsp;<span class="tel">{mumucms_fcjjr_dh_value}{mumucms_fcjjr_dh_unit}</sapn></p>
<p>{mumucms_fcjjr_zsfy}:&nbsp;&nbsp;{mumucms_fcjjr_zsfy_value}{mumucms_fcjjr_zsfy_unit}</p>
<p>{mumucms_fcjjr_gsmc}:&nbsp;&nbsp;{mumucms_fcjjr_gsmc_value}{mumucms_fcjjr_gsmc_unit}</p>
</div>
<div class="mumucms_list_dianpu"><p class="btn"><a href="{subject_url}">进入主页</a></p></div>
</div>
[/loop]		
</div>
			]]></item>
			<item id="ptemplate"><![CDATA[]]></item>
			<item id="btemplate"><![CDATA[<div class="mumucms_sort_diy">
[loop]	
<li class="mumucms_house_sort cl">
<div class="mumucms_img z"><a href="{subject_url}" target="_blank"><img class="b-lazy" src="data:image/gif;base64,R0lGODlhAQABAAAAACH5BAEKAAEALAAAAAABAAEAAAICTAEAOw" data-src="{mumucms_fcjjr_zp_value}"></a></div>
<div class="mumucms_txt">
<h3><a href="{subject_url}" target="_blank">{mumucms_fcjjr_xm_value}</a></h3>
<p>{mumucms_fcjjr_fyqy}：{mumucms_fcjjr_fyqy_value}</p>
<p>{mumucms_fcjjr_dh}：{mumucms_fcjjr_dh_value}</p>
<div class="mumucms_dp cl"><a href="{subject_url}" target="_blank">进入店铺</a></div>
</div>
</li>	
[/loop]
</div>		]]></item>
			<item id="sortid"><![CDATA[10]]></item>
			<item id="available"><![CDATA[1]]></item>
			<item id="required"><![CDATA[1]]></item>
			<item id="unchangeable"><![CDATA[0]]></item>
			<item id="search"><![CDATA[0]]></item>
			<item id="subjectshow"><![CDATA[1]]></item>
			<item id="tpdescription"><![CDATA[]]></item>
			<item id="ttdescription"><![CDATA[房产经纪人]]></item>
			<item id="tpexpiration"><![CDATA[0]]></item>
			<item id="ttexpiration"><![CDATA[0]]></item>
		</item>
		<item id="6">
			<item id="optionid"><![CDATA[196]]></item>
			<item id="classid"><![CDATA[3]]></item>
			<item id="displayorder"><![CDATA[4]]></item>
			<item id="expiration"><![CDATA[0]]></item>
			<item id="protect"><![CDATA[]]></item>
			<item id="title"><![CDATA[联系电话]]></item>
			<item id="description"><![CDATA[房产经纪人]]></item>
			<item id="identifier"><![CDATA[mumucms_fcjjr_dh]]></item>
			<item id="type"><![CDATA[text]]></item>
			<item id="unit"><![CDATA[]]></item>
			<item id="rules"><![CDATA[]]></item>
			<item id="permprompt"><![CDATA[]]></item>
			<item id="typeid"><![CDATA[10]]></item>
			<item id="name"><![CDATA[房产经纪人]]></item>
			<item id="icon"><![CDATA[]]></item>
			<item id="special"><![CDATA[1]]></item>
			<item id="modelid"><![CDATA[0]]></item>
			<item id="template"><![CDATA[<div class="mumucms_sort_view">
<div class="mumucms_view_main mumucms_view_fcjjr cl">
<div class="mumucms_main_left">
<div  class="mumucms_left_img">
<img src="{mumucms_fcjjr_zp_value}">
</div>
</div>
<div class="mumucms_main_right">
<div class="mumucms_right_price cl">
<h2 class="mumucms_fcjjr_lpmc">{mumucms_fcjjr_xm_value}</h2>
</div>
<ul>
<li><span class="tit">{mumucms_fcjjr_fyqy}:</span><span class="sum">{mumucms_fcjjr_fyqy_value}{mumucms_fcjjr_fyqy_unit}</span></li>
<li><span class="tit">{mumucms_fcjjr_gsmc}:</span><span class="sum">{mumucms_fcjjr_gsmc_value}{mumucms_fcjjr_gsmc_unit}</span></li>
<li><span class="tit">{mumucms_fcjjr_zsfy}:</span><span class="sum">{mumucms_fcjjr_zsfy_value}{mumucms_fcjjr_zsfy_unit}</span></li>
<li><span class="tit">{mumucms_fcjjr_cysc}:</span><span class="sum">{mumucms_fcjjr_cysc_value}{mumucms_fcjjr_cysc_unit}</span></li>
<li><span class="tit">{mumucms_fcjjr_qq}:</span><span class="sum">{mumucms_fcjjr_qq_value}{mumucms_fcjjr_qq_unit}</span></li>
</ul>
<div class="mumucms_right_tel"><span class="tel">{mumucms_fcjjr_dh_value}</span></div>
</div>
</div>
<div class="mumucms_view_box">
<div class="mumucms_box cl"><h2>{mumucms_fcjjr_grjs}</h2></div>
<div class="mumucms_sum">
{mumucms_fcjjr_grjs_value}
</div>
</div>
<div class="mumucms_view_box">
<div class="mumucms_box cl"><h2>{mumucms_fcjjr_gsjs}</h2></div>
<div class="mumucms_sum">
{mumucms_fcjjr_gsjs_value}
</div>
</div>
<div class="mumucms_view_box">
<div class="mumucms_box cl"><h2>更多信息</h2></div>
</div>
</div>]]></item>
			<item id="stemplate"><![CDATA[<div class="mumucms_sort_list ">
[loop]
<div class="mumucms_list mumucms_list_fcjjr cl">
<div class="mumucms_list_img"><a href="{subject_url}"><img src="{mumucms_fcjjr_zp_value}"></a></div>
<div class="mumucms_list_title">
<h3>{modcheck}<a href="{subject_url}">{mumucms_fcjjr_xm_value}</a></h3>
<p>{mumucms_fcjjr_dh}:&nbsp;&nbsp;<span class="tel">{mumucms_fcjjr_dh_value}{mumucms_fcjjr_dh_unit}</sapn></p>
<p>{mumucms_fcjjr_zsfy}:&nbsp;&nbsp;{mumucms_fcjjr_zsfy_value}{mumucms_fcjjr_zsfy_unit}</p>
<p>{mumucms_fcjjr_gsmc}:&nbsp;&nbsp;{mumucms_fcjjr_gsmc_value}{mumucms_fcjjr_gsmc_unit}</p>
</div>
<div class="mumucms_list_dianpu"><p class="btn"><a href="{subject_url}">进入主页</a></p></div>
</div>
[/loop]		
</div>
			]]></item>
			<item id="ptemplate"><![CDATA[]]></item>
			<item id="btemplate"><![CDATA[<div class="mumucms_sort_diy">
[loop]	
<li class="mumucms_house_sort cl">
<div class="mumucms_img z"><a href="{subject_url}" target="_blank"><img class="b-lazy" src="data:image/gif;base64,R0lGODlhAQABAAAAACH5BAEKAAEALAAAAAABAAEAAAICTAEAOw" data-src="{mumucms_fcjjr_zp_value}"></a></div>
<div class="mumucms_txt">
<h3><a href="{subject_url}" target="_blank">{mumucms_fcjjr_xm_value}</a></h3>
<p>{mumucms_fcjjr_fyqy}：{mumucms_fcjjr_fyqy_value}</p>
<p>{mumucms_fcjjr_dh}：{mumucms_fcjjr_dh_value}</p>
<div class="mumucms_dp cl"><a href="{subject_url}" target="_blank">进入店铺</a></div>
</div>
</li>	
[/loop]
</div>		]]></item>
			<item id="sortid"><![CDATA[10]]></item>
			<item id="available"><![CDATA[1]]></item>
			<item id="required"><![CDATA[1]]></item>
			<item id="unchangeable"><![CDATA[0]]></item>
			<item id="search"><![CDATA[0]]></item>
			<item id="subjectshow"><![CDATA[1]]></item>
			<item id="tpdescription"><![CDATA[]]></item>
			<item id="ttdescription"><![CDATA[房产经纪人]]></item>
			<item id="tpexpiration"><![CDATA[0]]></item>
			<item id="ttexpiration"><![CDATA[0]]></item>
		</item>
		<item id="7">
			<item id="optionid"><![CDATA[197]]></item>
			<item id="classid"><![CDATA[3]]></item>
			<item id="displayorder"><![CDATA[11]]></item>
			<item id="expiration"><![CDATA[0]]></item>
			<item id="protect"><![CDATA[]]></item>
			<item id="title"><![CDATA[公司介绍]]></item>
			<item id="description"><![CDATA[房产经纪人]]></item>
			<item id="identifier"><![CDATA[mumucms_fcjjr_gsjs]]></item>
			<item id="type"><![CDATA[textarea]]></item>
			<item id="unit"><![CDATA[]]></item>
			<item id="rules"><![CDATA[]]></item>
			<item id="permprompt"><![CDATA[]]></item>
			<item id="typeid"><![CDATA[10]]></item>
			<item id="name"><![CDATA[房产经纪人]]></item>
			<item id="icon"><![CDATA[]]></item>
			<item id="special"><![CDATA[1]]></item>
			<item id="modelid"><![CDATA[0]]></item>
			<item id="template"><![CDATA[<div class="mumucms_sort_view">
<div class="mumucms_view_main mumucms_view_fcjjr cl">
<div class="mumucms_main_left">
<div  class="mumucms_left_img">
<img src="{mumucms_fcjjr_zp_value}">
</div>
</div>
<div class="mumucms_main_right">
<div class="mumucms_right_price cl">
<h2 class="mumucms_fcjjr_lpmc">{mumucms_fcjjr_xm_value}</h2>
</div>
<ul>
<li><span class="tit">{mumucms_fcjjr_fyqy}:</span><span class="sum">{mumucms_fcjjr_fyqy_value}{mumucms_fcjjr_fyqy_unit}</span></li>
<li><span class="tit">{mumucms_fcjjr_gsmc}:</span><span class="sum">{mumucms_fcjjr_gsmc_value}{mumucms_fcjjr_gsmc_unit}</span></li>
<li><span class="tit">{mumucms_fcjjr_zsfy}:</span><span class="sum">{mumucms_fcjjr_zsfy_value}{mumucms_fcjjr_zsfy_unit}</span></li>
<li><span class="tit">{mumucms_fcjjr_cysc}:</span><span class="sum">{mumucms_fcjjr_cysc_value}{mumucms_fcjjr_cysc_unit}</span></li>
<li><span class="tit">{mumucms_fcjjr_qq}:</span><span class="sum">{mumucms_fcjjr_qq_value}{mumucms_fcjjr_qq_unit}</span></li>
</ul>
<div class="mumucms_right_tel"><span class="tel">{mumucms_fcjjr_dh_value}</span></div>
</div>
</div>
<div class="mumucms_view_box">
<div class="mumucms_box cl"><h2>{mumucms_fcjjr_grjs}</h2></div>
<div class="mumucms_sum">
{mumucms_fcjjr_grjs_value}
</div>
</div>
<div class="mumucms_view_box">
<div class="mumucms_box cl"><h2>{mumucms_fcjjr_gsjs}</h2></div>
<div class="mumucms_sum">
{mumucms_fcjjr_gsjs_value}
</div>
</div>
<div class="mumucms_view_box">
<div class="mumucms_box cl"><h2>更多信息</h2></div>
</div>
</div>]]></item>
			<item id="stemplate"><![CDATA[<div class="mumucms_sort_list ">
[loop]
<div class="mumucms_list mumucms_list_fcjjr cl">
<div class="mumucms_list_img"><a href="{subject_url}"><img src="{mumucms_fcjjr_zp_value}"></a></div>
<div class="mumucms_list_title">
<h3>{modcheck}<a href="{subject_url}">{mumucms_fcjjr_xm_value}</a></h3>
<p>{mumucms_fcjjr_dh}:&nbsp;&nbsp;<span class="tel">{mumucms_fcjjr_dh_value}{mumucms_fcjjr_dh_unit}</sapn></p>
<p>{mumucms_fcjjr_zsfy}:&nbsp;&nbsp;{mumucms_fcjjr_zsfy_value}{mumucms_fcjjr_zsfy_unit}</p>
<p>{mumucms_fcjjr_gsmc}:&nbsp;&nbsp;{mumucms_fcjjr_gsmc_value}{mumucms_fcjjr_gsmc_unit}</p>
</div>
<div class="mumucms_list_dianpu"><p class="btn"><a href="{subject_url}">进入主页</a></p></div>
</div>
[/loop]		
</div>
			]]></item>
			<item id="ptemplate"><![CDATA[]]></item>
			<item id="btemplate"><![CDATA[<div class="mumucms_sort_diy">
[loop]	
<li class="mumucms_house_sort cl">
<div class="mumucms_img z"><a href="{subject_url}" target="_blank"><img class="b-lazy" src="data:image/gif;base64,R0lGODlhAQABAAAAACH5BAEKAAEALAAAAAABAAEAAAICTAEAOw" data-src="{mumucms_fcjjr_zp_value}"></a></div>
<div class="mumucms_txt">
<h3><a href="{subject_url}" target="_blank">{mumucms_fcjjr_xm_value}</a></h3>
<p>{mumucms_fcjjr_fyqy}：{mumucms_fcjjr_fyqy_value}</p>
<p>{mumucms_fcjjr_dh}：{mumucms_fcjjr_dh_value}</p>
<div class="mumucms_dp cl"><a href="{subject_url}" target="_blank">进入店铺</a></div>
</div>
</li>	
[/loop]
</div>		]]></item>
			<item id="sortid"><![CDATA[10]]></item>
			<item id="available"><![CDATA[1]]></item>
			<item id="required"><![CDATA[1]]></item>
			<item id="unchangeable"><![CDATA[0]]></item>
			<item id="search"><![CDATA[0]]></item>
			<item id="subjectshow"><![CDATA[1]]></item>
			<item id="tpdescription"><![CDATA[]]></item>
			<item id="ttdescription"><![CDATA[房产经纪人]]></item>
			<item id="tpexpiration"><![CDATA[0]]></item>
			<item id="ttexpiration"><![CDATA[0]]></item>
		</item>
		<item id="8">
			<item id="optionid"><![CDATA[198]]></item>
			<item id="classid"><![CDATA[3]]></item>
			<item id="displayorder"><![CDATA[5]]></item>
			<item id="expiration"><![CDATA[0]]></item>
			<item id="protect"><![CDATA[]]></item>
			<item id="title"><![CDATA[个人介绍]]></item>
			<item id="description"><![CDATA[房产经纪人]]></item>
			<item id="identifier"><![CDATA[mumucms_fcjjr_grjs]]></item>
			<item id="type"><![CDATA[textarea]]></item>
			<item id="unit"><![CDATA[]]></item>
			<item id="rules"><![CDATA[]]></item>
			<item id="permprompt"><![CDATA[]]></item>
			<item id="typeid"><![CDATA[10]]></item>
			<item id="name"><![CDATA[房产经纪人]]></item>
			<item id="icon"><![CDATA[]]></item>
			<item id="special"><![CDATA[1]]></item>
			<item id="modelid"><![CDATA[0]]></item>
			<item id="template"><![CDATA[<div class="mumucms_sort_view">
<div class="mumucms_view_main mumucms_view_fcjjr cl">
<div class="mumucms_main_left">
<div  class="mumucms_left_img">
<img src="{mumucms_fcjjr_zp_value}">
</div>
</div>
<div class="mumucms_main_right">
<div class="mumucms_right_price cl">
<h2 class="mumucms_fcjjr_lpmc">{mumucms_fcjjr_xm_value}</h2>
</div>
<ul>
<li><span class="tit">{mumucms_fcjjr_fyqy}:</span><span class="sum">{mumucms_fcjjr_fyqy_value}{mumucms_fcjjr_fyqy_unit}</span></li>
<li><span class="tit">{mumucms_fcjjr_gsmc}:</span><span class="sum">{mumucms_fcjjr_gsmc_value}{mumucms_fcjjr_gsmc_unit}</span></li>
<li><span class="tit">{mumucms_fcjjr_zsfy}:</span><span class="sum">{mumucms_fcjjr_zsfy_value}{mumucms_fcjjr_zsfy_unit}</span></li>
<li><span class="tit">{mumucms_fcjjr_cysc}:</span><span class="sum">{mumucms_fcjjr_cysc_value}{mumucms_fcjjr_cysc_unit}</span></li>
<li><span class="tit">{mumucms_fcjjr_qq}:</span><span class="sum">{mumucms_fcjjr_qq_value}{mumucms_fcjjr_qq_unit}</span></li>
</ul>
<div class="mumucms_right_tel"><span class="tel">{mumucms_fcjjr_dh_value}</span></div>
</div>
</div>
<div class="mumucms_view_box">
<div class="mumucms_box cl"><h2>{mumucms_fcjjr_grjs}</h2></div>
<div class="mumucms_sum">
{mumucms_fcjjr_grjs_value}
</div>
</div>
<div class="mumucms_view_box">
<div class="mumucms_box cl"><h2>{mumucms_fcjjr_gsjs}</h2></div>
<div class="mumucms_sum">
{mumucms_fcjjr_gsjs_value}
</div>
</div>
<div class="mumucms_view_box">
<div class="mumucms_box cl"><h2>更多信息</h2></div>
</div>
</div>]]></item>
			<item id="stemplate"><![CDATA[<div class="mumucms_sort_list ">
[loop]
<div class="mumucms_list mumucms_list_fcjjr cl">
<div class="mumucms_list_img"><a href="{subject_url}"><img src="{mumucms_fcjjr_zp_value}"></a></div>
<div class="mumucms_list_title">
<h3>{modcheck}<a href="{subject_url}">{mumucms_fcjjr_xm_value}</a></h3>
<p>{mumucms_fcjjr_dh}:&nbsp;&nbsp;<span class="tel">{mumucms_fcjjr_dh_value}{mumucms_fcjjr_dh_unit}</sapn></p>
<p>{mumucms_fcjjr_zsfy}:&nbsp;&nbsp;{mumucms_fcjjr_zsfy_value}{mumucms_fcjjr_zsfy_unit}</p>
<p>{mumucms_fcjjr_gsmc}:&nbsp;&nbsp;{mumucms_fcjjr_gsmc_value}{mumucms_fcjjr_gsmc_unit}</p>
</div>
<div class="mumucms_list_dianpu"><p class="btn"><a href="{subject_url}">进入主页</a></p></div>
</div>
[/loop]		
</div>
			]]></item>
			<item id="ptemplate"><![CDATA[]]></item>
			<item id="btemplate"><![CDATA[<div class="mumucms_sort_diy">
[loop]	
<li class="mumucms_house_sort cl">
<div class="mumucms_img z"><a href="{subject_url}" target="_blank"><img class="b-lazy" src="data:image/gif;base64,R0lGODlhAQABAAAAACH5BAEKAAEALAAAAAABAAEAAAICTAEAOw" data-src="{mumucms_fcjjr_zp_value}"></a></div>
<div class="mumucms_txt">
<h3><a href="{subject_url}" target="_blank">{mumucms_fcjjr_xm_value}</a></h3>
<p>{mumucms_fcjjr_fyqy}：{mumucms_fcjjr_fyqy_value}</p>
<p>{mumucms_fcjjr_dh}：{mumucms_fcjjr_dh_value}</p>
<div class="mumucms_dp cl"><a href="{subject_url}" target="_blank">进入店铺</a></div>
</div>
</li>	
[/loop]
</div>		]]></item>
			<item id="sortid"><![CDATA[10]]></item>
			<item id="available"><![CDATA[1]]></item>
			<item id="required"><![CDATA[1]]></item>
			<item id="unchangeable"><![CDATA[0]]></item>
			<item id="search"><![CDATA[0]]></item>
			<item id="subjectshow"><![CDATA[1]]></item>
			<item id="tpdescription"><![CDATA[]]></item>
			<item id="ttdescription"><![CDATA[房产经纪人]]></item>
			<item id="tpexpiration"><![CDATA[0]]></item>
			<item id="ttexpiration"><![CDATA[0]]></item>
		</item>
		<item id="9">
			<item id="optionid"><![CDATA[199]]></item>
			<item id="classid"><![CDATA[3]]></item>
			<item id="displayorder"><![CDATA[6]]></item>
			<item id="expiration"><![CDATA[0]]></item>
			<item id="protect"><![CDATA[]]></item>
			<item id="title"><![CDATA[从业时长]]></item>
			<item id="description"><![CDATA[房产经纪人]]></item>
			<item id="identifier"><![CDATA[mumucms_fcjjr_cysc]]></item>
			<item id="type"><![CDATA[text]]></item>
			<item id="unit"><![CDATA[]]></item>
			<item id="rules"><![CDATA[]]></item>
			<item id="permprompt"><![CDATA[]]></item>
			<item id="typeid"><![CDATA[10]]></item>
			<item id="name"><![CDATA[房产经纪人]]></item>
			<item id="icon"><![CDATA[]]></item>
			<item id="special"><![CDATA[1]]></item>
			<item id="modelid"><![CDATA[0]]></item>
			<item id="template"><![CDATA[<div class="mumucms_sort_view">
<div class="mumucms_view_main mumucms_view_fcjjr cl">
<div class="mumucms_main_left">
<div  class="mumucms_left_img">
<img src="{mumucms_fcjjr_zp_value}">
</div>
</div>
<div class="mumucms_main_right">
<div class="mumucms_right_price cl">
<h2 class="mumucms_fcjjr_lpmc">{mumucms_fcjjr_xm_value}</h2>
</div>
<ul>
<li><span class="tit">{mumucms_fcjjr_fyqy}:</span><span class="sum">{mumucms_fcjjr_fyqy_value}{mumucms_fcjjr_fyqy_unit}</span></li>
<li><span class="tit">{mumucms_fcjjr_gsmc}:</span><span class="sum">{mumucms_fcjjr_gsmc_value}{mumucms_fcjjr_gsmc_unit}</span></li>
<li><span class="tit">{mumucms_fcjjr_zsfy}:</span><span class="sum">{mumucms_fcjjr_zsfy_value}{mumucms_fcjjr_zsfy_unit}</span></li>
<li><span class="tit">{mumucms_fcjjr_cysc}:</span><span class="sum">{mumucms_fcjjr_cysc_value}{mumucms_fcjjr_cysc_unit}</span></li>
<li><span class="tit">{mumucms_fcjjr_qq}:</span><span class="sum">{mumucms_fcjjr_qq_value}{mumucms_fcjjr_qq_unit}</span></li>
</ul>
<div class="mumucms_right_tel"><span class="tel">{mumucms_fcjjr_dh_value}</span></div>
</div>
</div>
<div class="mumucms_view_box">
<div class="mumucms_box cl"><h2>{mumucms_fcjjr_grjs}</h2></div>
<div class="mumucms_sum">
{mumucms_fcjjr_grjs_value}
</div>
</div>
<div class="mumucms_view_box">
<div class="mumucms_box cl"><h2>{mumucms_fcjjr_gsjs}</h2></div>
<div class="mumucms_sum">
{mumucms_fcjjr_gsjs_value}
</div>
</div>
<div class="mumucms_view_box">
<div class="mumucms_box cl"><h2>更多信息</h2></div>
</div>
</div>]]></item>
			<item id="stemplate"><![CDATA[<div class="mumucms_sort_list ">
[loop]
<div class="mumucms_list mumucms_list_fcjjr cl">
<div class="mumucms_list_img"><a href="{subject_url}"><img src="{mumucms_fcjjr_zp_value}"></a></div>
<div class="mumucms_list_title">
<h3>{modcheck}<a href="{subject_url}">{mumucms_fcjjr_xm_value}</a></h3>
<p>{mumucms_fcjjr_dh}:&nbsp;&nbsp;<span class="tel">{mumucms_fcjjr_dh_value}{mumucms_fcjjr_dh_unit}</sapn></p>
<p>{mumucms_fcjjr_zsfy}:&nbsp;&nbsp;{mumucms_fcjjr_zsfy_value}{mumucms_fcjjr_zsfy_unit}</p>
<p>{mumucms_fcjjr_gsmc}:&nbsp;&nbsp;{mumucms_fcjjr_gsmc_value}{mumucms_fcjjr_gsmc_unit}</p>
</div>
<div class="mumucms_list_dianpu"><p class="btn"><a href="{subject_url}">进入主页</a></p></div>
</div>
[/loop]		
</div>
			]]></item>
			<item id="ptemplate"><![CDATA[]]></item>
			<item id="btemplate"><![CDATA[<div class="mumucms_sort_diy">
[loop]	
<li class="mumucms_house_sort cl">
<div class="mumucms_img z"><a href="{subject_url}" target="_blank"><img class="b-lazy" src="data:image/gif;base64,R0lGODlhAQABAAAAACH5BAEKAAEALAAAAAABAAEAAAICTAEAOw" data-src="{mumucms_fcjjr_zp_value}"></a></div>
<div class="mumucms_txt">
<h3><a href="{subject_url}" target="_blank">{mumucms_fcjjr_xm_value}</a></h3>
<p>{mumucms_fcjjr_fyqy}：{mumucms_fcjjr_fyqy_value}</p>
<p>{mumucms_fcjjr_dh}：{mumucms_fcjjr_dh_value}</p>
<div class="mumucms_dp cl"><a href="{subject_url}" target="_blank">进入店铺</a></div>
</div>
</li>	
[/loop]
</div>		]]></item>
			<item id="sortid"><![CDATA[10]]></item>
			<item id="available"><![CDATA[1]]></item>
			<item id="required"><![CDATA[1]]></item>
			<item id="unchangeable"><![CDATA[0]]></item>
			<item id="search"><![CDATA[0]]></item>
			<item id="subjectshow"><![CDATA[1]]></item>
			<item id="tpdescription"><![CDATA[]]></item>
			<item id="ttdescription"><![CDATA[房产经纪人]]></item>
			<item id="tpexpiration"><![CDATA[0]]></item>
			<item id="ttexpiration"><![CDATA[0]]></item>
		</item>
		<item id="10">
			<item id="optionid"><![CDATA[200]]></item>
			<item id="classid"><![CDATA[3]]></item>
			<item id="displayorder"><![CDATA[7]]></item>
			<item id="expiration"><![CDATA[0]]></item>
			<item id="protect"><![CDATA[]]></item>
			<item id="title"><![CDATA[在售房源]]></item>
			<item id="description"><![CDATA[房产经纪人]]></item>
			<item id="identifier"><![CDATA[mumucms_fcjjr_zsfy]]></item>
			<item id="type"><![CDATA[text]]></item>
			<item id="unit"><![CDATA[]]></item>
			<item id="rules"><![CDATA[]]></item>
			<item id="permprompt"><![CDATA[]]></item>
			<item id="typeid"><![CDATA[10]]></item>
			<item id="name"><![CDATA[房产经纪人]]></item>
			<item id="icon"><![CDATA[]]></item>
			<item id="special"><![CDATA[1]]></item>
			<item id="modelid"><![CDATA[0]]></item>
			<item id="template"><![CDATA[<div class="mumucms_sort_view">
<div class="mumucms_view_main mumucms_view_fcjjr cl">
<div class="mumucms_main_left">
<div  class="mumucms_left_img">
<img src="{mumucms_fcjjr_zp_value}">
</div>
</div>
<div class="mumucms_main_right">
<div class="mumucms_right_price cl">
<h2 class="mumucms_fcjjr_lpmc">{mumucms_fcjjr_xm_value}</h2>
</div>
<ul>
<li><span class="tit">{mumucms_fcjjr_fyqy}:</span><span class="sum">{mumucms_fcjjr_fyqy_value}{mumucms_fcjjr_fyqy_unit}</span></li>
<li><span class="tit">{mumucms_fcjjr_gsmc}:</span><span class="sum">{mumucms_fcjjr_gsmc_value}{mumucms_fcjjr_gsmc_unit}</span></li>
<li><span class="tit">{mumucms_fcjjr_zsfy}:</span><span class="sum">{mumucms_fcjjr_zsfy_value}{mumucms_fcjjr_zsfy_unit}</span></li>
<li><span class="tit">{mumucms_fcjjr_cysc}:</span><span class="sum">{mumucms_fcjjr_cysc_value}{mumucms_fcjjr_cysc_unit}</span></li>
<li><span class="tit">{mumucms_fcjjr_qq}:</span><span class="sum">{mumucms_fcjjr_qq_value}{mumucms_fcjjr_qq_unit}</span></li>
</ul>
<div class="mumucms_right_tel"><span class="tel">{mumucms_fcjjr_dh_value}</span></div>
</div>
</div>
<div class="mumucms_view_box">
<div class="mumucms_box cl"><h2>{mumucms_fcjjr_grjs}</h2></div>
<div class="mumucms_sum">
{mumucms_fcjjr_grjs_value}
</div>
</div>
<div class="mumucms_view_box">
<div class="mumucms_box cl"><h2>{mumucms_fcjjr_gsjs}</h2></div>
<div class="mumucms_sum">
{mumucms_fcjjr_gsjs_value}
</div>
</div>
<div class="mumucms_view_box">
<div class="mumucms_box cl"><h2>更多信息</h2></div>
</div>
</div>]]></item>
			<item id="stemplate"><![CDATA[<div class="mumucms_sort_list ">
[loop]
<div class="mumucms_list mumucms_list_fcjjr cl">
<div class="mumucms_list_img"><a href="{subject_url}"><img src="{mumucms_fcjjr_zp_value}"></a></div>
<div class="mumucms_list_title">
<h3>{modcheck}<a href="{subject_url}">{mumucms_fcjjr_xm_value}</a></h3>
<p>{mumucms_fcjjr_dh}:&nbsp;&nbsp;<span class="tel">{mumucms_fcjjr_dh_value}{mumucms_fcjjr_dh_unit}</sapn></p>
<p>{mumucms_fcjjr_zsfy}:&nbsp;&nbsp;{mumucms_fcjjr_zsfy_value}{mumucms_fcjjr_zsfy_unit}</p>
<p>{mumucms_fcjjr_gsmc}:&nbsp;&nbsp;{mumucms_fcjjr_gsmc_value}{mumucms_fcjjr_gsmc_unit}</p>
</div>
<div class="mumucms_list_dianpu"><p class="btn"><a href="{subject_url}">进入主页</a></p></div>
</div>
[/loop]		
</div>
			]]></item>
			<item id="ptemplate"><![CDATA[]]></item>
			<item id="btemplate"><![CDATA[<div class="mumucms_sort_diy">
[loop]	
<li class="mumucms_house_sort cl">
<div class="mumucms_img z"><a href="{subject_url}" target="_blank"><img class="b-lazy" src="data:image/gif;base64,R0lGODlhAQABAAAAACH5BAEKAAEALAAAAAABAAEAAAICTAEAOw" data-src="{mumucms_fcjjr_zp_value}"></a></div>
<div class="mumucms_txt">
<h3><a href="{subject_url}" target="_blank">{mumucms_fcjjr_xm_value}</a></h3>
<p>{mumucms_fcjjr_fyqy}：{mumucms_fcjjr_fyqy_value}</p>
<p>{mumucms_fcjjr_dh}：{mumucms_fcjjr_dh_value}</p>
<div class="mumucms_dp cl"><a href="{subject_url}" target="_blank">进入店铺</a></div>
</div>
</li>	
[/loop]
</div>		]]></item>
			<item id="sortid"><![CDATA[10]]></item>
			<item id="available"><![CDATA[1]]></item>
			<item id="required"><![CDATA[1]]></item>
			<item id="unchangeable"><![CDATA[0]]></item>
			<item id="search"><![CDATA[0]]></item>
			<item id="subjectshow"><![CDATA[1]]></item>
			<item id="tpdescription"><![CDATA[]]></item>
			<item id="ttdescription"><![CDATA[房产经纪人]]></item>
			<item id="tpexpiration"><![CDATA[0]]></item>
			<item id="ttexpiration"><![CDATA[0]]></item>
		</item>
	</item>
</root>
