<?xml version="1.0" encoding="ISO-8859-1"?>
<root>
	<item id="Title"><![CDATA[Discuz! Threadtypes]]></item>
	<item id="Version"><![CDATA[X3.4]]></item>
	<item id="Time"><![CDATA[2019-05-09 06:29]]></item>
	<item id="From"><![CDATA[木木CMS-超级门户 (http://demo.mumucms.com/)]]></item>
	<item id="Data">
		<item id="0">
			<item id="optionid"><![CDATA[137]]></item>
			<item id="classid"><![CDATA[2]]></item>
			<item id="displayorder"><![CDATA[1]]></item>
			<item id="expiration"><![CDATA[0]]></item>
			<item id="title"><![CDATA[宝贝图片一]]></item>
			<item id="description"><![CDATA[跳蚤市场]]></item>
			<item id="identifier"><![CDATA[mumucms_tzsc_bbtp1]]></item>
			<item id="type"><![CDATA[image]]></item>
			<item id="unit"><![CDATA[]]></item>
			<item id="permprompt"><![CDATA[]]></item>
			<item id="typeid"><![CDATA[8]]></item>
			<item id="name"><![CDATA[跳蚤市场]]></item>
			<item id="icon"><![CDATA[]]></item>
			<item id="special"><![CDATA[1]]></item>
			<item id="modelid"><![CDATA[0]]></item>
			<item id="template"><![CDATA[<div class="mumucms_sort_view">
<div class="mumucms_view_main mumucms_view_tzsc cl">
<div class="mumucms_main_left">
<div id="mumucms_sort_focus" class="mumucms_sort_focus">
<div class="bd">
	<span class="prev"></span>
	<span class="next"></span>
	<ul>
			<li><img src="{mumucms_tzsc_bbtp1_value}"></li>
			<li><img src="{mumucms_tzsc_bbtp2_value}"></li>
			<li><img src="{mumucms_tzsc_bbtp3_value}"></li>
			<li><img src="{mumucms_tzsc_bbtp4_value}"></li>
	</ul>
</div>
<div class="hd">
	<ul>
			<li><img src="{mumucms_tzsc_bbtp1_value}"></li>
			<li><img src="{mumucms_tzsc_bbtp2_value}"></li>
			<li><img src="{mumucms_tzsc_bbtp3_value}"></li>
			<li><img src="{mumucms_tzsc_bbtp4_value}"></li>
	</ul>
</div>
</div>
<script type="text/javascript">
	TouchSlide({ 
		slideCell:"#mumucms_sort_focus",
		titCell:".hd li",
		mainCell:".bd ul", 
		effect:"left", 
		autoPlay:true,
		pageStateCell:".pageState",
		interTime:"5000",
	});
</script>
</div>
<div class="mumucms_main_right">
<div class="mumucms_right_price cl">
<span class="right_price"><b>{mumucms_tzsc_bbjg_value}</b>&nbsp;{mumucms_tzsc_bbjg_unit}</span>
</div>
<ul>
<li><span class="tit">{mumucms_tzsc_bblb}:</span><span class="sum">{mumucms_tzsc_bblb_value}{mumucms_tzsc_bblb_unit}</span></li>
<li><span class="tit">{mumucms_tzsc_bbcs}:</span><span class="sum">{mumucms_tzsc_bbcs_value}{mumucms_tzsc_bbcs_unit}</span></li>
<li><span class="tit">{mumucms_tzsc_bbly}:</span><span class="sum">{mumucms_tzsc_bbly_value}{mumucms_tzsc_bbly_unit}</span></li>
<li><span class="tit">{mumucms_tzsc_jyfs}:</span><span class="sum">{mumucms_tzsc_jyfs_value}{mumucms_tzsc_jyfs_unit}</span></li>
<li><span class="tit">{mumucms_tzsc_szqy}:</span><span class="sum">{mumucms_tzsc_szqy_value}{mumucms_tzsc_szqy_unit}</span></li>
<li><span class="tit">{mumucms_tzsc_lxr}:</span><span class="sum">{mumucms_tzsc_lxr_value}{mumucms_tzsc_lxr_unit}</span></li>
<li><span class="tit">{mumucms_tzsc_lxqq}:</span><span class="sum"><a class="qq" target="_blank" href="http://wpa.qq.com/msgrd?v=3&uin={mumucms_tzsc_lxqq_value}&site=qq&menu=yes"></a></span></li>
</ul>
<div class="mumucms_right_tel"><span class="tel">{mumucms_tzsc_lxdh_value}</span></div>
</div>
</div>
<div class="mumucms_view_box">
<div class="mumucms_box cl"><h2>更多信息</h2></div>
</div>
</div>]]></item>
			<item id="stemplate"><![CDATA[<div class="mumucms_sort_list mumucms_sort_list_fwcs">
[loop]
<div class="mumucms_list cl">
<div class="mumucms_list_img"><a href="{subject_url}"><img src="{mumucms_tzsc_bbtp1_value}"><span class="mumucms_img_price">{mumucms_tzsc_bbjg_value}{mumucms_tzsc_bbjg_unit}</span></a></div>
<div class="mumucms_list_title">
<h3>{modcheck}<a href="{subject_url}">{subject}</a></h3>
<p>{mumucms_tzsc_bblb}：{mumucms_tzsc_bblb_value}{mumucms_tzsc_bblb_unit}&nbsp;&nbsp;{mumucms_tzsc_bbcs}：{mumucms_tzsc_bbcs_value}	{mumucms_tzsc_bbcs_unit}</p>
<p>{mumucms_tzsc_szqy}：{mumucms_tzsc_szqy_value}{mumucms_tzsc_szqy_unit}</p>
<p>发布时间：{dateline}</p>
</div>
<div class="mumucms_list_price">
<p class="price"><b>{mumucms_tzsc_bbjg_value}</b><em>{mumucms_tzsc_bbjg_unit}</em></p>
</div>
</div>
[/loop]		
</div>]]></item>
			<item id="ptemplate"><![CDATA[]]></item>
			<item id="btemplate"><![CDATA[<div class="muucms_sort_diy">
[loop]
<li class="mumucms_mall_sort cl item">
<a href="{subject_url}" target="_blank">
	<div class="img"><img src="{mumucms_tzsc_bbtp1_value}"></div>
	<div class="con"><span class="price">￥<em>{mumucms_tzsc_bbjg_value}</em></span><span class="gz">{views}人关注</span></div>				
	<div class="tit">{subject}</div>
	<div class="biaoq"><span class="bbly">{mumucms_tzsc_bbly_value}</span><span class="bbcs">{mumucms_tzsc_bbcs_value}</span><span class="jyfs">{mumucms_tzsc_jyfs_value}</span></div>
</a> 
</li>
[/loop]
</div>]]></item>
			<item id="sortid"><![CDATA[8]]></item>
			<item id="available"><![CDATA[1]]></item>
			<item id="required"><![CDATA[1]]></item>
			<item id="unchangeable"><![CDATA[0]]></item>
			<item id="search"><![CDATA[0]]></item>
			<item id="subjectshow"><![CDATA[1]]></item>
			<item id="tpdescription"><![CDATA[]]></item>
			<item id="ttdescription"><![CDATA[跳蚤市场]]></item>
			<item id="tpexpiration"><![CDATA[0]]></item>
			<item id="ttexpiration"><![CDATA[0]]></item>
			<item id="__protect">
				<item id="usergroup"><![CDATA[]]></item>
				<item id="verify"><![CDATA[]]></item>
			</item>
			<item id="__rules">
				<item id="maxwidth"><![CDATA[]]></item>
				<item id="maxheight"><![CDATA[]]></item>
				<item id="inputsize"><![CDATA[]]></item>
			</item>
		</item>
		<item id="1">
			<item id="optionid"><![CDATA[138]]></item>
			<item id="classid"><![CDATA[2]]></item>
			<item id="displayorder"><![CDATA[5]]></item>
			<item id="expiration"><![CDATA[0]]></item>
			<item id="title"><![CDATA[宝贝类别]]></item>
			<item id="description"><![CDATA[跳蚤市场]]></item>
			<item id="identifier"><![CDATA[mumucms_tzsc_bblb]]></item>
			<item id="type"><![CDATA[select]]></item>
			<item id="unit"><![CDATA[]]></item>
			<item id="permprompt"><![CDATA[]]></item>
			<item id="typeid"><![CDATA[8]]></item>
			<item id="name"><![CDATA[跳蚤市场]]></item>
			<item id="icon"><![CDATA[]]></item>
			<item id="special"><![CDATA[1]]></item>
			<item id="modelid"><![CDATA[0]]></item>
			<item id="template"><![CDATA[<div class="mumucms_sort_view">
<div class="mumucms_view_main mumucms_view_tzsc cl">
<div class="mumucms_main_left">
<div id="mumucms_sort_focus" class="mumucms_sort_focus">
<div class="bd">
	<span class="prev"></span>
	<span class="next"></span>
	<ul>
			<li><img src="{mumucms_tzsc_bbtp1_value}"></li>
			<li><img src="{mumucms_tzsc_bbtp2_value}"></li>
			<li><img src="{mumucms_tzsc_bbtp3_value}"></li>
			<li><img src="{mumucms_tzsc_bbtp4_value}"></li>
	</ul>
</div>
<div class="hd">
	<ul>
			<li><img src="{mumucms_tzsc_bbtp1_value}"></li>
			<li><img src="{mumucms_tzsc_bbtp2_value}"></li>
			<li><img src="{mumucms_tzsc_bbtp3_value}"></li>
			<li><img src="{mumucms_tzsc_bbtp4_value}"></li>
	</ul>
</div>
</div>
<script type="text/javascript">
	TouchSlide({ 
		slideCell:"#mumucms_sort_focus",
		titCell:".hd li",
		mainCell:".bd ul", 
		effect:"left", 
		autoPlay:true,
		pageStateCell:".pageState",
		interTime:"5000",
	});
</script>
</div>
<div class="mumucms_main_right">
<div class="mumucms_right_price cl">
<span class="right_price"><b>{mumucms_tzsc_bbjg_value}</b>&nbsp;{mumucms_tzsc_bbjg_unit}</span>
</div>
<ul>
<li><span class="tit">{mumucms_tzsc_bblb}:</span><span class="sum">{mumucms_tzsc_bblb_value}{mumucms_tzsc_bblb_unit}</span></li>
<li><span class="tit">{mumucms_tzsc_bbcs}:</span><span class="sum">{mumucms_tzsc_bbcs_value}{mumucms_tzsc_bbcs_unit}</span></li>
<li><span class="tit">{mumucms_tzsc_bbly}:</span><span class="sum">{mumucms_tzsc_bbly_value}{mumucms_tzsc_bbly_unit}</span></li>
<li><span class="tit">{mumucms_tzsc_jyfs}:</span><span class="sum">{mumucms_tzsc_jyfs_value}{mumucms_tzsc_jyfs_unit}</span></li>
<li><span class="tit">{mumucms_tzsc_szqy}:</span><span class="sum">{mumucms_tzsc_szqy_value}{mumucms_tzsc_szqy_unit}</span></li>
<li><span class="tit">{mumucms_tzsc_lxr}:</span><span class="sum">{mumucms_tzsc_lxr_value}{mumucms_tzsc_lxr_unit}</span></li>
<li><span class="tit">{mumucms_tzsc_lxqq}:</span><span class="sum"><a class="qq" target="_blank" href="http://wpa.qq.com/msgrd?v=3&uin={mumucms_tzsc_lxqq_value}&site=qq&menu=yes"></a></span></li>
</ul>
<div class="mumucms_right_tel"><span class="tel">{mumucms_tzsc_lxdh_value}</span></div>
</div>
</div>
<div class="mumucms_view_box">
<div class="mumucms_box cl"><h2>更多信息</h2></div>
</div>
</div>]]></item>
			<item id="stemplate"><![CDATA[<div class="mumucms_sort_list mumucms_sort_list_fwcs">
[loop]
<div class="mumucms_list cl">
<div class="mumucms_list_img"><a href="{subject_url}"><img src="{mumucms_tzsc_bbtp1_value}"><span class="mumucms_img_price">{mumucms_tzsc_bbjg_value}{mumucms_tzsc_bbjg_unit}</span></a></div>
<div class="mumucms_list_title">
<h3>{modcheck}<a href="{subject_url}">{subject}</a></h3>
<p>{mumucms_tzsc_bblb}：{mumucms_tzsc_bblb_value}{mumucms_tzsc_bblb_unit}&nbsp;&nbsp;{mumucms_tzsc_bbcs}：{mumucms_tzsc_bbcs_value}	{mumucms_tzsc_bbcs_unit}</p>
<p>{mumucms_tzsc_szqy}：{mumucms_tzsc_szqy_value}{mumucms_tzsc_szqy_unit}</p>
<p>发布时间：{dateline}</p>
</div>
<div class="mumucms_list_price">
<p class="price"><b>{mumucms_tzsc_bbjg_value}</b><em>{mumucms_tzsc_bbjg_unit}</em></p>
</div>
</div>
[/loop]		
</div>]]></item>
			<item id="ptemplate"><![CDATA[]]></item>
			<item id="btemplate"><![CDATA[<div class="muucms_sort_diy">
[loop]
<li class="mumucms_mall_sort cl item">
<a href="{subject_url}" target="_blank">
	<div class="img"><img src="{mumucms_tzsc_bbtp1_value}"></div>
	<div class="con"><span class="price">￥<em>{mumucms_tzsc_bbjg_value}</em></span><span class="gz">{views}人关注</span></div>				
	<div class="tit">{subject}</div>
	<div class="biaoq"><span class="bbly">{mumucms_tzsc_bbly_value}</span><span class="bbcs">{mumucms_tzsc_bbcs_value}</span><span class="jyfs">{mumucms_tzsc_jyfs_value}</span></div>
</a> 
</li>
[/loop]
</div>]]></item>
			<item id="sortid"><![CDATA[8]]></item>
			<item id="available"><![CDATA[1]]></item>
			<item id="required"><![CDATA[1]]></item>
			<item id="unchangeable"><![CDATA[0]]></item>
			<item id="search"><![CDATA[2]]></item>
			<item id="subjectshow"><![CDATA[1]]></item>
			<item id="tpdescription"><![CDATA[]]></item>
			<item id="ttdescription"><![CDATA[跳蚤市场]]></item>
			<item id="tpexpiration"><![CDATA[0]]></item>
			<item id="ttexpiration"><![CDATA[0]]></item>
			<item id="__protect">
				<item id="usergroup"><![CDATA[]]></item>
				<item id="verify"><![CDATA[]]></item>
			</item>
			<item id="__rules">
				<item id="choices"><![CDATA[1 = 手机
1.1 = 苹果
1.2 = 三星
1.3 = 小米
1.4 = 华为
1.5 = OPPO
1.6 = vivo
1.7 = 魅族
1.8 = 手机配件
1.9 = 诺基亚
1.10 = HTC
1.11 = 索尼
1.12 = 爱立信
1.13 = 努比亚
1.14 = 夏普
1.15 = 摩托罗拉
1.16 = 联想
1.17 = LG
1.18 = 锤子
2 = 通讯业务
2.1 = 手机业务
2.2 = 手机充值卡
2.3 = 电话机
2.4 = 座机业务/400电话
2.5 = 对讲机
2.6 = 其他通讯业务
3 = 二手车
3.1 = 摩托车
3.1.1 = 本田
3.1.2 = 雅马哈
3.1.3 = 铃木
3.1.4 = 嘉陵
3.1.5 = 豪爵
3.1.6 = 川崎
3.1.7 = 宗申
3.1.8 = 哈雷
3.1.9 = 建设
3.1.10 = 轻骑
3.1.11 = 钱江
3.1.12 = 阿普利亚
3.1.13 = 力帆
3.1.14 = 宝马
3.1.15 = 光阳
3.1.16 = 比亚乔
3.1.17 = 隆鑫
3.1.18 = 金城
3.1.19 = 春风
3.1.20 = 新大洲
3.1.21 = 大阳
3.1.22 = 吉利
3.1.23 = 洪都
3.1.24 = 丰田
3.1.25 = 木兰
3.1.26 = 幸福
3.1.27 = 长铃
3.1.28 = 三铃
3.1.29 = 三阳
3.1.30 = 新感觉
3.1.31 = 永源
3.1.32 = 新世纪
3.1.33 = 其他品牌
3.2 = 电动车
3.2.1 = 电动自行车
3.2.2 = 电动摩托车
3.2.3 = 折叠电动车
3.2.4 = 迷你电动车
3.2.5 = 助动车
3.2.6 = 电动观光车
3.2.7 = 平衡车
3.3 = 自行车
3.3.1 = 普通自行车
3.3.2 = 折叠自行车
3.3.3 = 山地自行车
3.3.4 = 公路自行车
3.3.5 = 迷你自行车
3.3.6 = 场地/死飞
3.3.7 = 自行车赛车
3.3.8 = 自行车骑行装备
3.3.9 = 自行车配件/工具
3.3.0 = 其他自行车
3.4 = 三轮车
3.4.1 = 人力三轮车
3.4.2 = 电动三轮车
3.4.3 = 助力三轮车
3.5 = 配件/装备
3.5.1 = 电动车配件
3.5.2 = 电动车电池
3.5.3 = 助动车配件
3.5.4 = 修车工具
3.5.5 = 骑行装备
4 = 电脑/数码
4.1 = 台式机/配件
4.1.1 = 台式机
4.1.2 = 服务器
4.1.3 = 网络设备
4.1.4 = 上网套餐
4.1.5 = 电脑回收
4.1.6 = 其他
4.2 = 笔记本
4.2.1 = 笔记本
4.2.2 = 笔记本配件
4.2.3 = 笔记本回收
4.3 = 平板电脑
4.3.1 = 平板电脑
4.3.2 = ipad
4.3.3 = 三星平板
4.3.4 = 小米平板
4.3.5 = 华为平板
4.3.6 = 戴尔平板
4.3.7 = 平板电脑配件
4.3.8 = 平板回收
4.4 = 硬件
4.4.1 = cpu
4.4.2 = 硬盘
4.4.3 = 内存条
4.4.4 = 显卡
4.4.5 = 主板
4.4.6 = 显示器
4.4.7 = 光驱/刻录机
4.4.8 = 散热器
4.4.9 = 机箱
4.4.10 = 电源
4.4.11 = 其他
4.5 = 外设产品
4.5.1 = UPS电源
4.5.2 = 耳机/耳麦
4.5.3 = 摄像头
4.5.4 = 音箱
4.5.5 = U盘
4.5.6 = 鼠标
4.5.7 = 键盘
4.5.8 = 鼠标垫
4.5.9 = 手写板
4.5.10 = 其他外设
4.6 = 数码产品
4.6.1 = 相机/配件
4.6.2 = 耳机耳麦
4.6.3 = 存储设备
4.6.4 = 移动电源
4.6.5 = 电子书/kindle
4.6.6 = 智能设备
4.6.7 = 游戏机
4.6.8 = MP3/MP4
4.6.9 = 数码摄像机
4.6.10 = 其他数码
4.6.11 = 音箱/音响
4.6.12 = 其他智能设备
4.6.13 = 游戏软件
4.6.14 = 打印机
4.6.15 = 投影仪
4.6.16 = 数码回收
4.6.17 = 其他
5 = 家电
5.1 = 电视机
5.1.1 = 液晶电视
5.1.2 = LED电视
5.1.3 = 智能电视
5.1.4 = 其他电视机
5.2 = 洗衣机
5.2.1 = 全自动洗衣机
5.2.2 = 滚筒洗衣机
5.2.3 = 双缸洗衣机
5.2.4 = 迷你洗衣机
5.2.5 = 其他洗衣机
5.3 = 空调 
5.3.1 = 柜式空调
5.3.2 = 壁挂式空调
5.3.3 = 中央空调
5.3.4 = 移动空调
5.3.5 = 其他空调
5.4 = 冰箱
5.4.1 = 双门冰箱
5.4.2 = 对开门冰箱
5.4.3 = 三门冰箱
5.4.4 = 单门冰箱
5.4.5 = 多门冰箱
5.4.6 = 迷你冰箱
5.4.7 = 其他冰箱
5.5 = 冰柜
5.5.1 = 立式冰柜
5.5.2 = 卧式冰柜
5.5.3 = 展示柜
5.5.3 = 超市冰柜
5.5.5 = 工业冰柜
5.5.6 = 其他冰柜
5.6 = 影音家电
5.6.1 = 功放
5.6.2 = 音响
5.6.3 = 音箱
5.6.4 = 家庭影院
5.6.5 = DVD播放机
5.6.6 = 收音机
5.6.7 = 机顶盒/播放器
5.6.8 = 其他影音家电
5.7 = 生活家电
5.7.1 = 饮水机
5.7.2 = 净水器
5.7.3 = 电暖气
5.7.4 = 加湿器
5.7.5 = 空气净化器
5.7.6 = 空调扇
5.7.7 = 电风扇
5.7.8 = 吸尘器
5.7.9 = 挂烫机
5.7.10 = 电熨斗
5.7.11 = 烘干机/干衣机
5.7.12 = 除湿机
5.7.13 = 剃须刀
5.7.14 = 脱毛器
5.7.15 = 电吹风
5.7.16 = 其他生活家电
5.8 = 厨卫家电
5.8.1 = 热水器
5.8.2 = 浴霸
5.8.3 = 油烟机
5.8.4 = 燃气灶
5.8.5 = 微波炉
5.8.6 = 电烤箱
5.8.7 = 电磁炉
5.8.8 = 电饭煲
5.8.9 = 电压力锅
5.8.10 = 电饼铛
5.8.11 = 消毒柜
5.8.12 = 电热水壶
5.8.13 = 咖啡机
5.8.14 = 榨汁机
5.8.15 = 豆浆机
5.8.16 = 面包机
5.9 = 其他家电
5.10 = 热水器
5.11 = 家电配件
5.12 = 家电回收
6 = 家具
6.1 = 床
6.1.1 = 单人床
6.1.2 = 双人床
6.1.3 = 双层床
6.1.4 = 折叠床
6.1.5 = 儿童床
6.1.6 = 充气床
6.1.7 = 子母床
6.1.8 = 其他
6.2 = 床垫
6.2.1 = 单人床垫
6.2.2 = 双人床垫
6.2.3 = 儿童床垫
6.2.4 = 其他床垫
6.3 = 柜子
6.3.1 = 衣柜
6.3.2 = 简易衣柜
6.3.3 = 电视柜
6.3.4 = 书柜
6.3.5 = 鞋柜
6.3.6 = 床头柜
6.3.7 = 橱柜
6.3.8 = 储物柜
6.3.9 = 酒柜
6.3.10 = 商用展柜
6.3.11 = 更衣柜
6.3.12 = 柜台
6.3.13 = 斗柜
6.3.14 = 展柜
6.3.15 = 其他
6.4 = 架子
6.4.1 = 书架
6.4.2 = 鞋架
6.4.3 = 衣架
6.4.4 = 置物架
6.4.5 = 衣帽架
6.4.6 = 晾衣架
6.4.7 = 书报架
6.4.8 = 毛巾架
6.4.9 = 其他
6.5 = 桌子
6.5.1 = 电脑桌
6.5.2 = 餐桌
6.5.3 = 写字台
6.5.4 = 梳妆台
6.5.5 = 折叠桌
6.5.6 = 书桌
6.5.7 = 吧台
6.5.8 = 学习桌
6.5.9 = 其他
6.6 = 椅子/凳
6.6.1 = 电脑椅
6.6.2 = 餐椅
6.6.3 = 藤椅
6.6.4 = 摇椅
6.6.5 = 躺椅
6.6.6 = 转椅
6.6.7 = 折叠椅
6.6.8 = 凳子
6.6.9 = 扶手椅
6.6.10 = 太师椅
6.6.11 = 其他
6.7 = 沙发
6.7.1 = 单张沙发
6.7.2 = 组合沙发
6.7.3 = 沙发床
6.7.4 = 其他
6.8 = 茶几
6.9 = 办公桌椅
6.10 = 其他家具
6.11 = 家具回收
7 = 母婴/儿童用品
7.1 = 奶粉/营养辅食
7.1.1 = 婴儿奶粉
7.1.2 = 婴幼营养品
7.1.3 = 辅食
7.1.4 = 其他奶粉/营养辅食
7.2 = 喂养用品
7.2.1 = 奶瓶
7.2.2 = 奶嘴
7.2.3 = 暖奶器
7.2.4 = 消毒锅
7.2.5 = 吸奶器
7.2.6 = 水杯/水壶
7.2.7 = 母乳保鲜袋/盒
7.2.8 = 其他喂养用品
7.3 = 护理用品
7.3.1 = 湿巾
7.3.2 = 婴儿理发器
7.3.3 = 体温计/温度计
7.3.4 = 退热贴
7.3.5 = 宝宝驱蚊
7.3.6 = 其他护理用品
7.4 = 婴幼服饰
7.4.1 = 纸尿裤
7.4.2 = 拉拉裤
7.4.3 = 婴儿服饰礼盒
7.4.4 = 婴儿外出服
7.4.5 = 婴儿内衣
7.4.6 = 婴儿鞋帽袜
7.4.7 = 其他婴幼服饰
7.5 = 婴幼用品
7.5.1 = 婴儿背带
7.5.2 = 学步带
7.5.3 = 游戏垫
7.5.4 = 健身架
7.5.5 = 游泳池
7.5.6 = 婴儿睡袋
7.5.7 = 婴儿浴盆
7.5.8 = 座便器
7.5.9 = 其他婴幼用品
7.6 = 童床童车
7.6.1 = 婴儿床
7.6.2 = 子母床
7.6.3 = 床上用品
7.6.4 = 婴儿推车
7.6.5 = 儿童车
7.6.6 = 儿童桌椅/安全座椅
7.6.7 = 其他童床童车
7.7 = 玩具
7.7.1 = 毛绒玩具
7.7.2 = 木制玩具
7.7.3 = 塑胶玩具
7.7.4 = 模型玩具
7.7.5 = 充气玩具
7.7.6 = 遥控玩具
7.7.7 = 益智玩具
7.7.8 = 娃娃玩具
7.7.9 = 其他玩具
7.8 = 早教用品
7.8.1 = 挂图卡片
7.8.2 = 早教机
7.8.3 = 早教图书
7.8.4 = 早教音像
7.8.5 = 早教课程卡
7.8.6 = 点读机
7.8.7 = 拼图
7.8.8 = 画板
7.8.9 = 其他早教用品
7.9 = 孕妈用品
7.9.1 = 胎心仪
7.9.2 = 防辐射服
7.9.3 = 孕妇装
7.9.4 = 收腹带
7.9.5 = 孕妇枕
7.9.6 = 胎教用品
7.9.7 = 乳垫
7.9.8 = 包/背婴带
7.9.9 = 其他孕妈用品
7.10 = 安全座椅
7.11 = 其他母婴用品
8 = 服装/鞋帽/箱包
8.1 = 服装
8.1.1 = T恤
8.1.2 = 衬衫
8.1.3 = 裙子/连衣裙
8.1.4 = 短裤
8.1.5 = 西装
8.1.6 = 毛衣
8.1.7 = 羽绒服/棉衣
8.1.8 = 内衣
8.1.9 = 婚纱
8.1.10 = 礼服
8.1.11 = 童装
8.1.12 = 皮衣/皮草
8.1.13 = 运动服
8.1.14 = 夹克
8.1.15 = 风衣
8.1.16 = 卫衣
8.1.17 = 其他
8.2 = 鞋帽
8.2.1 = 休闲鞋
8.2.2 = 运动鞋
8.2.3 = 帆布鞋
8.2.4 = 高跟鞋
8.2.5 = 板鞋
8.2.6 = 皮鞋
8.2.7 = 靴子
8.2.8 = 凉鞋
8.2.9 = 拖鞋
8.2.10 = 婚鞋
8.2.11 = 登山鞋
8.2.12 = 雪地靴
8.2.13 = 其他
8.3 = 箱包
8.3.1 = 单肩包
8.3.2 = 双肩包
8.3.3 = 书包
8.3.4 = 公文包
8.3.5 = 钱包
8.3.6 = 旅行包
8.3.7 = 拉杆箱
8.3.8 = 电脑包
8.3.9 = 化妆包
8.3.10 = 手提包
8.3.11 = 登山包
8.3.12 = 皮包
8.3.13 = 其他
8.4 = 配饰
8.4.1 = 眼镜
8.4.2 = 帽子
8.4.3 = 领带
8.4.4 = 围巾
8.4.5 = 手套
8.4.6 = 腰带
8.4.7 = 袜子
8.4.8 = 其他
8.5 = 首饰
8.5.1 = 项链
8.5.2 = 吊坠
8.5.3 = 耳饰
8.5.4 = 手链
8.5.5 = 戒指
8.5.6 = 手镯
8.5.7 = 发饰
8.5.8 = 假发
8.5.9 = 其他
8.6 = 手表
8.6.1 = 浪琴
8.6.2 = 卡西欧
8.6.3 = 天梭
8.6.4 = 欧米茄
8.6.5 = 劳力士
8.6.6 = 斯沃琪
8.6.7 = 卡地亚
8.6.8 = 西铁城
8.6.9 = 海鸥
8.6.10 = 罗西尼
8.6.11 = 精工
8.6.12 = 飞亚达
8.6.13 = 依波
8.6.14 = 其他
9 = 美容/保健
9.1 = 彩妆
9.1.1 = BB霜
9.1.2 = 隔离霜
9.1.3 = 粉底液
9.1.4 = 粉饼
9.1.5 = 睫毛膏
9.1.6 = 眼影
9.1.7 = 口红
9.1.8 = 腮红
9.1.9 = 眼线
9.1.10 = 眉笔
9.1.11 = 其他彩妆
9.2 = 面部护肤
9.2.1 = 洁面
9.2.2 = 化妆水/爽肤水
9.2.3 = 乳液
9.2.4 = 面霜
9.2.5 = 精华
9.2.6 = 面膜
9.2.7 = 眼部护理
9.2.8 = 精油
9.2.9 = 其他护肤
9.3 = 美容工具
9.3.1 = 卷发工具
9.3.2 = 化妆粉扑
9.3.3 = 化妆刷
9.3.4 = 睫毛夹
9.3.5 = 修眉刀
9.3.6 = 女用剃刀
9.3.7 = 化妆棉
9.3.8 = 打泡网
9.3.9 = 吸油面纸
9.3.10 = 其他美容工具
9.4 = 美容设施
9.4.1 = 美容床
9.4.2 = 按摩床
9.4.3 = 美甲沙发
9.4.4 = 足疗沙发
9.4.5 = 美容推车
9.4.6 = 其他美容设施
9.5 = 纤体/美体
9.6 = 香水
9.7 = 美发
9.7.1 = 洗发
9.7.2 = 护发
9.7.3 = 美发造型
9.7.4 = 染发
9.7.5 = 其他美发用品
9.8 = 美甲
9.8.1 = 指甲油
9.8.2 = 护甲油
9.8.3 = 洗甲水
9.8.4 = 其他美甲用品
9.9 = 保健食品
9.10 = 保健器械
9.10.1 = 按摩枕/靠垫
9.10.2 = 按摩棒/锤
9.10.3 = 按摩披肩
9.10.4 = 按摩椅
9.10.5 = 按摩足疗机
9.10.6 = 足浴盆
9.10.7 = 拔罐器
9.10.8 = 刮痧片/板
9.10.9 = 保健护具
9.10.10 = 血糖仪
9.10.11 = 血压计
9.10.12 = 其他保健用品
9.11 = 其他美容用品
9.12 = 口腔护理
10 = 艺术收藏
10.1 = 古董古玩
10.1.1 = 木器
10.1.2 = 漆器
10.1.3 = 铜器/青铜器
10.1.4 = 观音/佛像
10.1.5 = 瓷器
10.1.6 = 其他古董古玩
10.2 = 书法绘画
10.2.1 = 书法
10.2.2 = 山水画
10.2.3 = 人物画
10.2.4 = 花鸟画
10.2.5 = 装饰画
10.2.6 = 国画
10.2.7 = 油画
10.2.8 = 篆刻
10.2.9 = 文房四宝
10.2.10 = 其他书法绘画
10.3 = 把玩物件
10.3.1 = 文玩核桃
10.3.2 = 葫芦
10.3.3 = 佛珠
10.3.4 = 手串
10.3.5 = 茶壶/紫砂壶
10.3.6 = 麻梨疙瘩
10.3.7 = 琥珀/蜜蜡
10.3.8 = 其他把件
10.4 = 钱币/票证
10.4.1 = 纪念钞
10.4.2 = 纪念币
10.4.3 = 票证
10.4.4 = 其他钱币/票证
10.5 = 珠宝玉器
10.5.1 = 金银器
10.5.2 = 翡翠
10.5.3 = 水晶
10.5.4 = 玉石/玉器
10.5.5 = 其他珠宝
10.6 = 手工制品/工艺品
10.6.1 = 十字绣
10.6.2 = 手工饰品
10.6.3 = 陶瓷制品
10.6.4 = 茶壶/茶具
10.6.5 = 盆景/盆栽
10.6.6 = 雕刻/根雕
10.6.7 = 其他工艺品
10.7 = 邮票邮品
10.8 = 纪念品
10.9 = 其他收藏品
11 = 图书/音像/软件
11.1 = 图书/教材
11.1.1 = 专业/技术
11.1.2 = 工具书/词典
11.1.3 = 经济管理/理财
11.1.4 = 考试/教材教辅
11.1.5 = 生活图书
11.1.6 = 小说/文学
11.1.7 = 计算机图书
11.1.8 = 人文社科
11.1.9 = 少儿图书
11.1.10 = 漫画
11.1.11 = 期刊杂志
11.1.12 = 其他
11.2 = 影片/电视剧
11.3 = 音像
11.3.1 = 音乐CD
11.3.2 = 蓝光
11.3.3 = DVD/VCD
11.3.4 = 黑胶唱片
11.3.5 = 其他
11.4 = 软件
11.5 = 其他图书音像
12 = 文体/户外/乐器
12.1 = 户外用品
12.1.1 = 帐篷
12.1.2 = 睡袋
12.1.3 = 冲锋衣/裤
12.1.4 = 抓绒衣/裤
12.1.5 = 速干衣/裤
12.1.6 = 户外背包
12.1.7 = 户外桌椅
12.1.8 = 户外照明
12.1.9 = 望远镜
12.1.10 = 户外水壶
12.1.11 = 野餐垫/防潮垫
12.1.12 = 野炊用品
12.1.13 = 其他
12.2 = 健身器材
12.2.1 = 踏步机
12.2.2 = 跑步机
12.2.3 = 按摩椅
12.2.4 = 健身车
12.2.5 = 健腹器
12.2.6 = 动感单车
12.2.7 = 哑铃
12.2.8 = 美腰机
12.2.9 = 拉力器
12.2.10 = 俯卧撑架
12.2.11 = 举重床
12.2.12 = 杠铃
12.2.13 = 其他
12.3 = 轮滑/滑板
12.3.1 = 轮滑鞋
12.3.2 = 冰刀鞋
12.3.3 = 滑板
12.3.4 = 轮滑护具
12.3.5 = 其他
12.4 = 文教用品
12.5 = 乐器
12.5.1 = 乐器配件
12.5.2 = 二胡
12.5.3 = 手风琴
12.5.4 = 电子琴
12.5.5 = 古筝
12.5.6 = 吉他
12.5.7 = 钢琴
12.5.8 = 提琴
12.5.9 = 长笛
12.5.10 = 单簧管
12.5.11 = 萨克斯
12.5.12 = 鼓
12.5.13 = 葫芦丝
12.5.14 = 口琴
12.5.15 = 竖琴
12.5.16 = 小号
12.5.17 = 其他
12.6 = 球类用品
12.6.1 = 台球桌
12.6.2 = 网球用品
12.6.3 = 高尔夫球用品
12.6.4 = 乒乓球用品/乒乓球桌
12.6.5 = 羽毛球用品
12.6.6 = 篮球用品
12.6.7 = 足球用品
12.6.8 = 台球用品
12.6.9 = 其他
12.7 = 瑜伽用品
12.7.1 = 瑜伽垫
12.7.2 = 瑜伽服
12.7.3 = 其他
12.8 = 游泳用品
12.8.1 = 泳衣
12.8.2 = 泳镜
12.8.3 = 泳帽
12.8.4 = 泳圈
12.8.5 = 其他
12.9 = 钓鱼用具
12.10 = 各类棋牌
12.10.1 = 麻将/麻将桌
12.10.2 = 桌游
12.10.3 = 棋类游戏
12.10.4 = 牌类游戏
12.10.5 = 其他
12.11 = 其他文体用品
13 = 消费卡/优惠券
13.1 = 购物卡/超市卡
13.2 = 手机充值卡
13.3 = 网购卡
13.4 = 健身卡
13.5 = 公交卡
13.6 = 蛋糕卡
13.7 = 洗车卡
13.8 = 游泳卡
13.9 = 加油卡
13.10 = 洗浴卡
13.11 = 亲子早教卡
13.12 = 图书卡
13.13 = 优惠券/代金券
13.14 = 其他优惠卡
14 = 二手设备
14.1 = 机床车床
14.1.1 = 雕刻机
14.1.2 = 机床
14.1.3 = 加工中心
14.1.4 = 冲床
14.1.5 = 车床
14.1.6 = 剪板机
14.1.7 = 折弯机
14.1.8 = 磨床
14.1.9 = 铣床
14.1.10 = 其他机床设备
14.2 = 工程机械
14.2.1 = 挖掘机
14.2.2 = 装载机
14.2.3 = 叉车
14.2.4 = 推土机
14.2.5 = 压路机
14.2.6 = 地牛
14.2.7 = 平地机
14.2.8 = 吊车
14.2.9 = 起重机
14.2.10 = 摊铺机
14.2.11 = 混凝土泵车
14.2.12 = 配件
14.3 = 食品加工机械
14.3.1 = 厨房设备
14.3.2 = 酒店设备
14.3.3 = 小吃车
14.3.4 = 冷冻设备
14.3.5 = 切片机
14.3.6 = 油炸设备
14.3.7 = 饮料加工设备
14.3.8 = 烘焙设备
14.3.9 = 食品搅拌设备
14.3.10 = 肉加工设备
14.3.11 = 果蔬加工设备
14.3.12 = 其他食品加工机械
14.4 = 印刷设备
14.4.1 = 写真机
14.4.2 = 激光打标机
14.4.3 = 印刷机
14.4.4 = 激光切割机
14.4.5 = 其他印刷设备
14.5 = 配件
14.5.1 = 机床配件
14.5.2 = 挖机配件
14.5.3 = 叉车配件
14.5.4 = 装载机配件
14.5.5 = 其他配件
14.6 = 塑料设备
14.6.1 = 注塑机
14.6.2 = 粉碎机
14.6.3 = 封口机
14.6.4 = 成型机
14.6.5 = 焊机
14.6.6 = 其他塑料设备
14.7 = 发电设备
14.7.1 = 发电机
14.7.2 = 空压机
14.7.3 = 风力发电设备
14.7.4 = 柴油发电设备
14.7.5 = 汽油发电设备
14.7.6 = 发电机组
14.7.7 = 变压器
14.7.8 = 其他发电设备
14.8 = 木工
14.8.1 = 木工生产线
14.8.2 = 抛光机
14.8.3 = 封边机
14.9 = 化工设备
14.9.1 = 离心机
14.9.2 = 反应釜
14.9.3 = 干燥机
14.9.4 = 搅拌机
14.9.5 = 过滤器
14.9.6 = 其他化工设备
14.10 = 仪器仪表
14.10.1 = 分析仪
14.10.2 = 检测仪
14.10.3 = 地磅
14.10.4 = 其他仪器仪表
14.11 = 纺织
14.12 = 农用机械
14.12.1 = 玉米加工
14.12.2 = 打包机
14.12.3 = 收割机
14.12.4 = 其他农用机械
14.13 = 生产线
14.13.1 = 工作台
14.13.2 = 货架
14.13.3 = 其他生产线
14.14 = 游戏设备
14.15 = 其他 ]]></item>
				<item id="inputsize"><![CDATA[]]></item>
			</item>
		</item>
		<item id="2">
			<item id="optionid"><![CDATA[139]]></item>
			<item id="classid"><![CDATA[2]]></item>
			<item id="displayorder"><![CDATA[6]]></item>
			<item id="expiration"><![CDATA[0]]></item>
			<item id="title"><![CDATA[宝贝价格]]></item>
			<item id="description"><![CDATA[跳蚤市场]]></item>
			<item id="identifier"><![CDATA[mumucms_tzsc_bbjg]]></item>
			<item id="type"><![CDATA[range]]></item>
			<item id="unit"><![CDATA[元]]></item>
			<item id="permprompt"><![CDATA[]]></item>
			<item id="typeid"><![CDATA[8]]></item>
			<item id="name"><![CDATA[跳蚤市场]]></item>
			<item id="icon"><![CDATA[]]></item>
			<item id="special"><![CDATA[1]]></item>
			<item id="modelid"><![CDATA[0]]></item>
			<item id="template"><![CDATA[<div class="mumucms_sort_view">
<div class="mumucms_view_main mumucms_view_tzsc cl">
<div class="mumucms_main_left">
<div id="mumucms_sort_focus" class="mumucms_sort_focus">
<div class="bd">
	<span class="prev"></span>
	<span class="next"></span>
	<ul>
			<li><img src="{mumucms_tzsc_bbtp1_value}"></li>
			<li><img src="{mumucms_tzsc_bbtp2_value}"></li>
			<li><img src="{mumucms_tzsc_bbtp3_value}"></li>
			<li><img src="{mumucms_tzsc_bbtp4_value}"></li>
	</ul>
</div>
<div class="hd">
	<ul>
			<li><img src="{mumucms_tzsc_bbtp1_value}"></li>
			<li><img src="{mumucms_tzsc_bbtp2_value}"></li>
			<li><img src="{mumucms_tzsc_bbtp3_value}"></li>
			<li><img src="{mumucms_tzsc_bbtp4_value}"></li>
	</ul>
</div>
</div>
<script type="text/javascript">
	TouchSlide({ 
		slideCell:"#mumucms_sort_focus",
		titCell:".hd li",
		mainCell:".bd ul", 
		effect:"left", 
		autoPlay:true,
		pageStateCell:".pageState",
		interTime:"5000",
	});
</script>
</div>
<div class="mumucms_main_right">
<div class="mumucms_right_price cl">
<span class="right_price"><b>{mumucms_tzsc_bbjg_value}</b>&nbsp;{mumucms_tzsc_bbjg_unit}</span>
</div>
<ul>
<li><span class="tit">{mumucms_tzsc_bblb}:</span><span class="sum">{mumucms_tzsc_bblb_value}{mumucms_tzsc_bblb_unit}</span></li>
<li><span class="tit">{mumucms_tzsc_bbcs}:</span><span class="sum">{mumucms_tzsc_bbcs_value}{mumucms_tzsc_bbcs_unit}</span></li>
<li><span class="tit">{mumucms_tzsc_bbly}:</span><span class="sum">{mumucms_tzsc_bbly_value}{mumucms_tzsc_bbly_unit}</span></li>
<li><span class="tit">{mumucms_tzsc_jyfs}:</span><span class="sum">{mumucms_tzsc_jyfs_value}{mumucms_tzsc_jyfs_unit}</span></li>
<li><span class="tit">{mumucms_tzsc_szqy}:</span><span class="sum">{mumucms_tzsc_szqy_value}{mumucms_tzsc_szqy_unit}</span></li>
<li><span class="tit">{mumucms_tzsc_lxr}:</span><span class="sum">{mumucms_tzsc_lxr_value}{mumucms_tzsc_lxr_unit}</span></li>
<li><span class="tit">{mumucms_tzsc_lxqq}:</span><span class="sum"><a class="qq" target="_blank" href="http://wpa.qq.com/msgrd?v=3&uin={mumucms_tzsc_lxqq_value}&site=qq&menu=yes"></a></span></li>
</ul>
<div class="mumucms_right_tel"><span class="tel">{mumucms_tzsc_lxdh_value}</span></div>
</div>
</div>
<div class="mumucms_view_box">
<div class="mumucms_box cl"><h2>更多信息</h2></div>
</div>
</div>]]></item>
			<item id="stemplate"><![CDATA[<div class="mumucms_sort_list mumucms_sort_list_fwcs">
[loop]
<div class="mumucms_list cl">
<div class="mumucms_list_img"><a href="{subject_url}"><img src="{mumucms_tzsc_bbtp1_value}"><span class="mumucms_img_price">{mumucms_tzsc_bbjg_value}{mumucms_tzsc_bbjg_unit}</span></a></div>
<div class="mumucms_list_title">
<h3>{modcheck}<a href="{subject_url}">{subject}</a></h3>
<p>{mumucms_tzsc_bblb}：{mumucms_tzsc_bblb_value}{mumucms_tzsc_bblb_unit}&nbsp;&nbsp;{mumucms_tzsc_bbcs}：{mumucms_tzsc_bbcs_value}	{mumucms_tzsc_bbcs_unit}</p>
<p>{mumucms_tzsc_szqy}：{mumucms_tzsc_szqy_value}{mumucms_tzsc_szqy_unit}</p>
<p>发布时间：{dateline}</p>
</div>
<div class="mumucms_list_price">
<p class="price"><b>{mumucms_tzsc_bbjg_value}</b><em>{mumucms_tzsc_bbjg_unit}</em></p>
</div>
</div>
[/loop]		
</div>]]></item>
			<item id="ptemplate"><![CDATA[]]></item>
			<item id="btemplate"><![CDATA[<div class="muucms_sort_diy">
[loop]
<li class="mumucms_mall_sort cl item">
<a href="{subject_url}" target="_blank">
	<div class="img"><img src="{mumucms_tzsc_bbtp1_value}"></div>
	<div class="con"><span class="price">￥<em>{mumucms_tzsc_bbjg_value}</em></span><span class="gz">{views}人关注</span></div>				
	<div class="tit">{subject}</div>
	<div class="biaoq"><span class="bbly">{mumucms_tzsc_bbly_value}</span><span class="bbcs">{mumucms_tzsc_bbcs_value}</span><span class="jyfs">{mumucms_tzsc_jyfs_value}</span></div>
</a> 
</li>
[/loop]
</div>]]></item>
			<item id="sortid"><![CDATA[8]]></item>
			<item id="available"><![CDATA[1]]></item>
			<item id="required"><![CDATA[1]]></item>
			<item id="unchangeable"><![CDATA[0]]></item>
			<item id="search"><![CDATA[2]]></item>
			<item id="subjectshow"><![CDATA[1]]></item>
			<item id="tpdescription"><![CDATA[]]></item>
			<item id="ttdescription"><![CDATA[跳蚤市场]]></item>
			<item id="tpexpiration"><![CDATA[0]]></item>
			<item id="ttexpiration"><![CDATA[0]]></item>
			<item id="__protect">
				<item id="usergroup"><![CDATA[]]></item>
				<item id="verify"><![CDATA[]]></item>
			</item>
			<item id="__rules">
				<item id="maxnum"><![CDATA[]]></item>
				<item id="minnum"><![CDATA[]]></item>
				<item id="inputsize"><![CDATA[]]></item>
				<item id="searchtxt"><![CDATA[50,100,300,500,800,1000,2000,5000,10000]]></item>
			</item>
		</item>
		<item id="3">
			<item id="optionid"><![CDATA[140]]></item>
			<item id="classid"><![CDATA[2]]></item>
			<item id="displayorder"><![CDATA[7]]></item>
			<item id="expiration"><![CDATA[0]]></item>
			<item id="title"><![CDATA[宝贝成色]]></item>
			<item id="description"><![CDATA[跳蚤市场]]></item>
			<item id="identifier"><![CDATA[mumucms_tzsc_bbcs]]></item>
			<item id="type"><![CDATA[select]]></item>
			<item id="unit"><![CDATA[]]></item>
			<item id="permprompt"><![CDATA[]]></item>
			<item id="typeid"><![CDATA[8]]></item>
			<item id="name"><![CDATA[跳蚤市场]]></item>
			<item id="icon"><![CDATA[]]></item>
			<item id="special"><![CDATA[1]]></item>
			<item id="modelid"><![CDATA[0]]></item>
			<item id="template"><![CDATA[<div class="mumucms_sort_view">
<div class="mumucms_view_main mumucms_view_tzsc cl">
<div class="mumucms_main_left">
<div id="mumucms_sort_focus" class="mumucms_sort_focus">
<div class="bd">
	<span class="prev"></span>
	<span class="next"></span>
	<ul>
			<li><img src="{mumucms_tzsc_bbtp1_value}"></li>
			<li><img src="{mumucms_tzsc_bbtp2_value}"></li>
			<li><img src="{mumucms_tzsc_bbtp3_value}"></li>
			<li><img src="{mumucms_tzsc_bbtp4_value}"></li>
	</ul>
</div>
<div class="hd">
	<ul>
			<li><img src="{mumucms_tzsc_bbtp1_value}"></li>
			<li><img src="{mumucms_tzsc_bbtp2_value}"></li>
			<li><img src="{mumucms_tzsc_bbtp3_value}"></li>
			<li><img src="{mumucms_tzsc_bbtp4_value}"></li>
	</ul>
</div>
</div>
<script type="text/javascript">
	TouchSlide({ 
		slideCell:"#mumucms_sort_focus",
		titCell:".hd li",
		mainCell:".bd ul", 
		effect:"left", 
		autoPlay:true,
		pageStateCell:".pageState",
		interTime:"5000",
	});
</script>
</div>
<div class="mumucms_main_right">
<div class="mumucms_right_price cl">
<span class="right_price"><b>{mumucms_tzsc_bbjg_value}</b>&nbsp;{mumucms_tzsc_bbjg_unit}</span>
</div>
<ul>
<li><span class="tit">{mumucms_tzsc_bblb}:</span><span class="sum">{mumucms_tzsc_bblb_value}{mumucms_tzsc_bblb_unit}</span></li>
<li><span class="tit">{mumucms_tzsc_bbcs}:</span><span class="sum">{mumucms_tzsc_bbcs_value}{mumucms_tzsc_bbcs_unit}</span></li>
<li><span class="tit">{mumucms_tzsc_bbly}:</span><span class="sum">{mumucms_tzsc_bbly_value}{mumucms_tzsc_bbly_unit}</span></li>
<li><span class="tit">{mumucms_tzsc_jyfs}:</span><span class="sum">{mumucms_tzsc_jyfs_value}{mumucms_tzsc_jyfs_unit}</span></li>
<li><span class="tit">{mumucms_tzsc_szqy}:</span><span class="sum">{mumucms_tzsc_szqy_value}{mumucms_tzsc_szqy_unit}</span></li>
<li><span class="tit">{mumucms_tzsc_lxr}:</span><span class="sum">{mumucms_tzsc_lxr_value}{mumucms_tzsc_lxr_unit}</span></li>
<li><span class="tit">{mumucms_tzsc_lxqq}:</span><span class="sum"><a class="qq" target="_blank" href="http://wpa.qq.com/msgrd?v=3&uin={mumucms_tzsc_lxqq_value}&site=qq&menu=yes"></a></span></li>
</ul>
<div class="mumucms_right_tel"><span class="tel">{mumucms_tzsc_lxdh_value}</span></div>
</div>
</div>
<div class="mumucms_view_box">
<div class="mumucms_box cl"><h2>更多信息</h2></div>
</div>
</div>]]></item>
			<item id="stemplate"><![CDATA[<div class="mumucms_sort_list mumucms_sort_list_fwcs">
[loop]
<div class="mumucms_list cl">
<div class="mumucms_list_img"><a href="{subject_url}"><img src="{mumucms_tzsc_bbtp1_value}"><span class="mumucms_img_price">{mumucms_tzsc_bbjg_value}{mumucms_tzsc_bbjg_unit}</span></a></div>
<div class="mumucms_list_title">
<h3>{modcheck}<a href="{subject_url}">{subject}</a></h3>
<p>{mumucms_tzsc_bblb}：{mumucms_tzsc_bblb_value}{mumucms_tzsc_bblb_unit}&nbsp;&nbsp;{mumucms_tzsc_bbcs}：{mumucms_tzsc_bbcs_value}	{mumucms_tzsc_bbcs_unit}</p>
<p>{mumucms_tzsc_szqy}：{mumucms_tzsc_szqy_value}{mumucms_tzsc_szqy_unit}</p>
<p>发布时间：{dateline}</p>
</div>
<div class="mumucms_list_price">
<p class="price"><b>{mumucms_tzsc_bbjg_value}</b><em>{mumucms_tzsc_bbjg_unit}</em></p>
</div>
</div>
[/loop]		
</div>]]></item>
			<item id="ptemplate"><![CDATA[]]></item>
			<item id="btemplate"><![CDATA[<div class="muucms_sort_diy">
[loop]
<li class="mumucms_mall_sort cl item">
<a href="{subject_url}" target="_blank">
	<div class="img"><img src="{mumucms_tzsc_bbtp1_value}"></div>
	<div class="con"><span class="price">￥<em>{mumucms_tzsc_bbjg_value}</em></span><span class="gz">{views}人关注</span></div>				
	<div class="tit">{subject}</div>
	<div class="biaoq"><span class="bbly">{mumucms_tzsc_bbly_value}</span><span class="bbcs">{mumucms_tzsc_bbcs_value}</span><span class="jyfs">{mumucms_tzsc_jyfs_value}</span></div>
</a> 
</li>
[/loop]
</div>]]></item>
			<item id="sortid"><![CDATA[8]]></item>
			<item id="available"><![CDATA[1]]></item>
			<item id="required"><![CDATA[1]]></item>
			<item id="unchangeable"><![CDATA[0]]></item>
			<item id="search"><![CDATA[2]]></item>
			<item id="subjectshow"><![CDATA[1]]></item>
			<item id="tpdescription"><![CDATA[]]></item>
			<item id="ttdescription"><![CDATA[跳蚤市场]]></item>
			<item id="tpexpiration"><![CDATA[0]]></item>
			<item id="ttexpiration"><![CDATA[0]]></item>
			<item id="__protect">
				<item id="usergroup"><![CDATA[]]></item>
				<item id="verify"><![CDATA[]]></item>
			</item>
			<item id="__rules">
				<item id="choices"><![CDATA[1 = 全新
2 = 99成新
3 = 95成新
4 = 9成新
5 = 8成新
6 = 7成新及以下]]></item>
				<item id="inputsize"><![CDATA[]]></item>
			</item>
		</item>
		<item id="4">
			<item id="optionid"><![CDATA[141]]></item>
			<item id="classid"><![CDATA[2]]></item>
			<item id="displayorder"><![CDATA[8]]></item>
			<item id="expiration"><![CDATA[0]]></item>
			<item id="title"><![CDATA[宝贝来源]]></item>
			<item id="description"><![CDATA[跳蚤市场]]></item>
			<item id="identifier"><![CDATA[mumucms_tzsc_bbly]]></item>
			<item id="type"><![CDATA[select]]></item>
			<item id="unit"><![CDATA[]]></item>
			<item id="permprompt"><![CDATA[]]></item>
			<item id="typeid"><![CDATA[8]]></item>
			<item id="name"><![CDATA[跳蚤市场]]></item>
			<item id="icon"><![CDATA[]]></item>
			<item id="special"><![CDATA[1]]></item>
			<item id="modelid"><![CDATA[0]]></item>
			<item id="template"><![CDATA[<div class="mumucms_sort_view">
<div class="mumucms_view_main mumucms_view_tzsc cl">
<div class="mumucms_main_left">
<div id="mumucms_sort_focus" class="mumucms_sort_focus">
<div class="bd">
	<span class="prev"></span>
	<span class="next"></span>
	<ul>
			<li><img src="{mumucms_tzsc_bbtp1_value}"></li>
			<li><img src="{mumucms_tzsc_bbtp2_value}"></li>
			<li><img src="{mumucms_tzsc_bbtp3_value}"></li>
			<li><img src="{mumucms_tzsc_bbtp4_value}"></li>
	</ul>
</div>
<div class="hd">
	<ul>
			<li><img src="{mumucms_tzsc_bbtp1_value}"></li>
			<li><img src="{mumucms_tzsc_bbtp2_value}"></li>
			<li><img src="{mumucms_tzsc_bbtp3_value}"></li>
			<li><img src="{mumucms_tzsc_bbtp4_value}"></li>
	</ul>
</div>
</div>
<script type="text/javascript">
	TouchSlide({ 
		slideCell:"#mumucms_sort_focus",
		titCell:".hd li",
		mainCell:".bd ul", 
		effect:"left", 
		autoPlay:true,
		pageStateCell:".pageState",
		interTime:"5000",
	});
</script>
</div>
<div class="mumucms_main_right">
<div class="mumucms_right_price cl">
<span class="right_price"><b>{mumucms_tzsc_bbjg_value}</b>&nbsp;{mumucms_tzsc_bbjg_unit}</span>
</div>
<ul>
<li><span class="tit">{mumucms_tzsc_bblb}:</span><span class="sum">{mumucms_tzsc_bblb_value}{mumucms_tzsc_bblb_unit}</span></li>
<li><span class="tit">{mumucms_tzsc_bbcs}:</span><span class="sum">{mumucms_tzsc_bbcs_value}{mumucms_tzsc_bbcs_unit}</span></li>
<li><span class="tit">{mumucms_tzsc_bbly}:</span><span class="sum">{mumucms_tzsc_bbly_value}{mumucms_tzsc_bbly_unit}</span></li>
<li><span class="tit">{mumucms_tzsc_jyfs}:</span><span class="sum">{mumucms_tzsc_jyfs_value}{mumucms_tzsc_jyfs_unit}</span></li>
<li><span class="tit">{mumucms_tzsc_szqy}:</span><span class="sum">{mumucms_tzsc_szqy_value}{mumucms_tzsc_szqy_unit}</span></li>
<li><span class="tit">{mumucms_tzsc_lxr}:</span><span class="sum">{mumucms_tzsc_lxr_value}{mumucms_tzsc_lxr_unit}</span></li>
<li><span class="tit">{mumucms_tzsc_lxqq}:</span><span class="sum"><a class="qq" target="_blank" href="http://wpa.qq.com/msgrd?v=3&uin={mumucms_tzsc_lxqq_value}&site=qq&menu=yes"></a></span></li>
</ul>
<div class="mumucms_right_tel"><span class="tel">{mumucms_tzsc_lxdh_value}</span></div>
</div>
</div>
<div class="mumucms_view_box">
<div class="mumucms_box cl"><h2>更多信息</h2></div>
</div>
</div>]]></item>
			<item id="stemplate"><![CDATA[<div class="mumucms_sort_list mumucms_sort_list_fwcs">
[loop]
<div class="mumucms_list cl">
<div class="mumucms_list_img"><a href="{subject_url}"><img src="{mumucms_tzsc_bbtp1_value}"><span class="mumucms_img_price">{mumucms_tzsc_bbjg_value}{mumucms_tzsc_bbjg_unit}</span></a></div>
<div class="mumucms_list_title">
<h3>{modcheck}<a href="{subject_url}">{subject}</a></h3>
<p>{mumucms_tzsc_bblb}：{mumucms_tzsc_bblb_value}{mumucms_tzsc_bblb_unit}&nbsp;&nbsp;{mumucms_tzsc_bbcs}：{mumucms_tzsc_bbcs_value}	{mumucms_tzsc_bbcs_unit}</p>
<p>{mumucms_tzsc_szqy}：{mumucms_tzsc_szqy_value}{mumucms_tzsc_szqy_unit}</p>
<p>发布时间：{dateline}</p>
</div>
<div class="mumucms_list_price">
<p class="price"><b>{mumucms_tzsc_bbjg_value}</b><em>{mumucms_tzsc_bbjg_unit}</em></p>
</div>
</div>
[/loop]		
</div>]]></item>
			<item id="ptemplate"><![CDATA[]]></item>
			<item id="btemplate"><![CDATA[<div class="muucms_sort_diy">
[loop]
<li class="mumucms_mall_sort cl item">
<a href="{subject_url}" target="_blank">
	<div class="img"><img src="{mumucms_tzsc_bbtp1_value}"></div>
	<div class="con"><span class="price">￥<em>{mumucms_tzsc_bbjg_value}</em></span><span class="gz">{views}人关注</span></div>				
	<div class="tit">{subject}</div>
	<div class="biaoq"><span class="bbly">{mumucms_tzsc_bbly_value}</span><span class="bbcs">{mumucms_tzsc_bbcs_value}</span><span class="jyfs">{mumucms_tzsc_jyfs_value}</span></div>
</a> 
</li>
[/loop]
</div>]]></item>
			<item id="sortid"><![CDATA[8]]></item>
			<item id="available"><![CDATA[1]]></item>
			<item id="required"><![CDATA[1]]></item>
			<item id="unchangeable"><![CDATA[0]]></item>
			<item id="search"><![CDATA[0]]></item>
			<item id="subjectshow"><![CDATA[1]]></item>
			<item id="tpdescription"><![CDATA[]]></item>
			<item id="ttdescription"><![CDATA[跳蚤市场]]></item>
			<item id="tpexpiration"><![CDATA[0]]></item>
			<item id="ttexpiration"><![CDATA[0]]></item>
			<item id="__protect">
				<item id="usergroup"><![CDATA[]]></item>
				<item id="verify"><![CDATA[]]></item>
			</item>
			<item id="__rules">
				<item id="choices"><![CDATA[1=个人
2=商家]]></item>
				<item id="inputsize"><![CDATA[]]></item>
			</item>
		</item>
		<item id="5">
			<item id="optionid"><![CDATA[142]]></item>
			<item id="classid"><![CDATA[2]]></item>
			<item id="displayorder"><![CDATA[9]]></item>
			<item id="expiration"><![CDATA[0]]></item>
			<item id="title"><![CDATA[交易方式]]></item>
			<item id="description"><![CDATA[跳蚤市场]]></item>
			<item id="identifier"><![CDATA[mumucms_tzsc_jyfs]]></item>
			<item id="type"><![CDATA[select]]></item>
			<item id="unit"><![CDATA[]]></item>
			<item id="permprompt"><![CDATA[]]></item>
			<item id="typeid"><![CDATA[8]]></item>
			<item id="name"><![CDATA[跳蚤市场]]></item>
			<item id="icon"><![CDATA[]]></item>
			<item id="special"><![CDATA[1]]></item>
			<item id="modelid"><![CDATA[0]]></item>
			<item id="template"><![CDATA[<div class="mumucms_sort_view">
<div class="mumucms_view_main mumucms_view_tzsc cl">
<div class="mumucms_main_left">
<div id="mumucms_sort_focus" class="mumucms_sort_focus">
<div class="bd">
	<span class="prev"></span>
	<span class="next"></span>
	<ul>
			<li><img src="{mumucms_tzsc_bbtp1_value}"></li>
			<li><img src="{mumucms_tzsc_bbtp2_value}"></li>
			<li><img src="{mumucms_tzsc_bbtp3_value}"></li>
			<li><img src="{mumucms_tzsc_bbtp4_value}"></li>
	</ul>
</div>
<div class="hd">
	<ul>
			<li><img src="{mumucms_tzsc_bbtp1_value}"></li>
			<li><img src="{mumucms_tzsc_bbtp2_value}"></li>
			<li><img src="{mumucms_tzsc_bbtp3_value}"></li>
			<li><img src="{mumucms_tzsc_bbtp4_value}"></li>
	</ul>
</div>
</div>
<script type="text/javascript">
	TouchSlide({ 
		slideCell:"#mumucms_sort_focus",
		titCell:".hd li",
		mainCell:".bd ul", 
		effect:"left", 
		autoPlay:true,
		pageStateCell:".pageState",
		interTime:"5000",
	});
</script>
</div>
<div class="mumucms_main_right">
<div class="mumucms_right_price cl">
<span class="right_price"><b>{mumucms_tzsc_bbjg_value}</b>&nbsp;{mumucms_tzsc_bbjg_unit}</span>
</div>
<ul>
<li><span class="tit">{mumucms_tzsc_bblb}:</span><span class="sum">{mumucms_tzsc_bblb_value}{mumucms_tzsc_bblb_unit}</span></li>
<li><span class="tit">{mumucms_tzsc_bbcs}:</span><span class="sum">{mumucms_tzsc_bbcs_value}{mumucms_tzsc_bbcs_unit}</span></li>
<li><span class="tit">{mumucms_tzsc_bbly}:</span><span class="sum">{mumucms_tzsc_bbly_value}{mumucms_tzsc_bbly_unit}</span></li>
<li><span class="tit">{mumucms_tzsc_jyfs}:</span><span class="sum">{mumucms_tzsc_jyfs_value}{mumucms_tzsc_jyfs_unit}</span></li>
<li><span class="tit">{mumucms_tzsc_szqy}:</span><span class="sum">{mumucms_tzsc_szqy_value}{mumucms_tzsc_szqy_unit}</span></li>
<li><span class="tit">{mumucms_tzsc_lxr}:</span><span class="sum">{mumucms_tzsc_lxr_value}{mumucms_tzsc_lxr_unit}</span></li>
<li><span class="tit">{mumucms_tzsc_lxqq}:</span><span class="sum"><a class="qq" target="_blank" href="http://wpa.qq.com/msgrd?v=3&uin={mumucms_tzsc_lxqq_value}&site=qq&menu=yes"></a></span></li>
</ul>
<div class="mumucms_right_tel"><span class="tel">{mumucms_tzsc_lxdh_value}</span></div>
</div>
</div>
<div class="mumucms_view_box">
<div class="mumucms_box cl"><h2>更多信息</h2></div>
</div>
</div>]]></item>
			<item id="stemplate"><![CDATA[<div class="mumucms_sort_list mumucms_sort_list_fwcs">
[loop]
<div class="mumucms_list cl">
<div class="mumucms_list_img"><a href="{subject_url}"><img src="{mumucms_tzsc_bbtp1_value}"><span class="mumucms_img_price">{mumucms_tzsc_bbjg_value}{mumucms_tzsc_bbjg_unit}</span></a></div>
<div class="mumucms_list_title">
<h3>{modcheck}<a href="{subject_url}">{subject}</a></h3>
<p>{mumucms_tzsc_bblb}：{mumucms_tzsc_bblb_value}{mumucms_tzsc_bblb_unit}&nbsp;&nbsp;{mumucms_tzsc_bbcs}：{mumucms_tzsc_bbcs_value}	{mumucms_tzsc_bbcs_unit}</p>
<p>{mumucms_tzsc_szqy}：{mumucms_tzsc_szqy_value}{mumucms_tzsc_szqy_unit}</p>
<p>发布时间：{dateline}</p>
</div>
<div class="mumucms_list_price">
<p class="price"><b>{mumucms_tzsc_bbjg_value}</b><em>{mumucms_tzsc_bbjg_unit}</em></p>
</div>
</div>
[/loop]		
</div>]]></item>
			<item id="ptemplate"><![CDATA[]]></item>
			<item id="btemplate"><![CDATA[<div class="muucms_sort_diy">
[loop]
<li class="mumucms_mall_sort cl item">
<a href="{subject_url}" target="_blank">
	<div class="img"><img src="{mumucms_tzsc_bbtp1_value}"></div>
	<div class="con"><span class="price">￥<em>{mumucms_tzsc_bbjg_value}</em></span><span class="gz">{views}人关注</span></div>				
	<div class="tit">{subject}</div>
	<div class="biaoq"><span class="bbly">{mumucms_tzsc_bbly_value}</span><span class="bbcs">{mumucms_tzsc_bbcs_value}</span><span class="jyfs">{mumucms_tzsc_jyfs_value}</span></div>
</a> 
</li>
[/loop]
</div>]]></item>
			<item id="sortid"><![CDATA[8]]></item>
			<item id="available"><![CDATA[1]]></item>
			<item id="required"><![CDATA[1]]></item>
			<item id="unchangeable"><![CDATA[0]]></item>
			<item id="search"><![CDATA[0]]></item>
			<item id="subjectshow"><![CDATA[1]]></item>
			<item id="tpdescription"><![CDATA[]]></item>
			<item id="ttdescription"><![CDATA[跳蚤市场]]></item>
			<item id="tpexpiration"><![CDATA[0]]></item>
			<item id="ttexpiration"><![CDATA[0]]></item>
			<item id="__protect">
				<item id="usergroup"><![CDATA[]]></item>
				<item id="verify"><![CDATA[]]></item>
			</item>
			<item id="__rules">
				<item id="choices"><![CDATA[1=当面交易
2=快递交易
3=送货上门]]></item>
				<item id="inputsize"><![CDATA[]]></item>
			</item>
		</item>
		<item id="6">
			<item id="optionid"><![CDATA[143]]></item>
			<item id="classid"><![CDATA[2]]></item>
			<item id="displayorder"><![CDATA[10]]></item>
			<item id="expiration"><![CDATA[0]]></item>
			<item id="title"><![CDATA[所在区域]]></item>
			<item id="description"><![CDATA[跳蚤市场]]></item>
			<item id="identifier"><![CDATA[mumucms_tzsc_szqy]]></item>
			<item id="type"><![CDATA[select]]></item>
			<item id="unit"><![CDATA[]]></item>
			<item id="permprompt"><![CDATA[]]></item>
			<item id="typeid"><![CDATA[8]]></item>
			<item id="name"><![CDATA[跳蚤市场]]></item>
			<item id="icon"><![CDATA[]]></item>
			<item id="special"><![CDATA[1]]></item>
			<item id="modelid"><![CDATA[0]]></item>
			<item id="template"><![CDATA[<div class="mumucms_sort_view">
<div class="mumucms_view_main mumucms_view_tzsc cl">
<div class="mumucms_main_left">
<div id="mumucms_sort_focus" class="mumucms_sort_focus">
<div class="bd">
	<span class="prev"></span>
	<span class="next"></span>
	<ul>
			<li><img src="{mumucms_tzsc_bbtp1_value}"></li>
			<li><img src="{mumucms_tzsc_bbtp2_value}"></li>
			<li><img src="{mumucms_tzsc_bbtp3_value}"></li>
			<li><img src="{mumucms_tzsc_bbtp4_value}"></li>
	</ul>
</div>
<div class="hd">
	<ul>
			<li><img src="{mumucms_tzsc_bbtp1_value}"></li>
			<li><img src="{mumucms_tzsc_bbtp2_value}"></li>
			<li><img src="{mumucms_tzsc_bbtp3_value}"></li>
			<li><img src="{mumucms_tzsc_bbtp4_value}"></li>
	</ul>
</div>
</div>
<script type="text/javascript">
	TouchSlide({ 
		slideCell:"#mumucms_sort_focus",
		titCell:".hd li",
		mainCell:".bd ul", 
		effect:"left", 
		autoPlay:true,
		pageStateCell:".pageState",
		interTime:"5000",
	});
</script>
</div>
<div class="mumucms_main_right">
<div class="mumucms_right_price cl">
<span class="right_price"><b>{mumucms_tzsc_bbjg_value}</b>&nbsp;{mumucms_tzsc_bbjg_unit}</span>
</div>
<ul>
<li><span class="tit">{mumucms_tzsc_bblb}:</span><span class="sum">{mumucms_tzsc_bblb_value}{mumucms_tzsc_bblb_unit}</span></li>
<li><span class="tit">{mumucms_tzsc_bbcs}:</span><span class="sum">{mumucms_tzsc_bbcs_value}{mumucms_tzsc_bbcs_unit}</span></li>
<li><span class="tit">{mumucms_tzsc_bbly}:</span><span class="sum">{mumucms_tzsc_bbly_value}{mumucms_tzsc_bbly_unit}</span></li>
<li><span class="tit">{mumucms_tzsc_jyfs}:</span><span class="sum">{mumucms_tzsc_jyfs_value}{mumucms_tzsc_jyfs_unit}</span></li>
<li><span class="tit">{mumucms_tzsc_szqy}:</span><span class="sum">{mumucms_tzsc_szqy_value}{mumucms_tzsc_szqy_unit}</span></li>
<li><span class="tit">{mumucms_tzsc_lxr}:</span><span class="sum">{mumucms_tzsc_lxr_value}{mumucms_tzsc_lxr_unit}</span></li>
<li><span class="tit">{mumucms_tzsc_lxqq}:</span><span class="sum"><a class="qq" target="_blank" href="http://wpa.qq.com/msgrd?v=3&uin={mumucms_tzsc_lxqq_value}&site=qq&menu=yes"></a></span></li>
</ul>
<div class="mumucms_right_tel"><span class="tel">{mumucms_tzsc_lxdh_value}</span></div>
</div>
</div>
<div class="mumucms_view_box">
<div class="mumucms_box cl"><h2>更多信息</h2></div>
</div>
</div>]]></item>
			<item id="stemplate"><![CDATA[<div class="mumucms_sort_list mumucms_sort_list_fwcs">
[loop]
<div class="mumucms_list cl">
<div class="mumucms_list_img"><a href="{subject_url}"><img src="{mumucms_tzsc_bbtp1_value}"><span class="mumucms_img_price">{mumucms_tzsc_bbjg_value}{mumucms_tzsc_bbjg_unit}</span></a></div>
<div class="mumucms_list_title">
<h3>{modcheck}<a href="{subject_url}">{subject}</a></h3>
<p>{mumucms_tzsc_bblb}：{mumucms_tzsc_bblb_value}{mumucms_tzsc_bblb_unit}&nbsp;&nbsp;{mumucms_tzsc_bbcs}：{mumucms_tzsc_bbcs_value}	{mumucms_tzsc_bbcs_unit}</p>
<p>{mumucms_tzsc_szqy}：{mumucms_tzsc_szqy_value}{mumucms_tzsc_szqy_unit}</p>
<p>发布时间：{dateline}</p>
</div>
<div class="mumucms_list_price">
<p class="price"><b>{mumucms_tzsc_bbjg_value}</b><em>{mumucms_tzsc_bbjg_unit}</em></p>
</div>
</div>
[/loop]		
</div>]]></item>
			<item id="ptemplate"><![CDATA[]]></item>
			<item id="btemplate"><![CDATA[<div class="muucms_sort_diy">
[loop]
<li class="mumucms_mall_sort cl item">
<a href="{subject_url}" target="_blank">
	<div class="img"><img src="{mumucms_tzsc_bbtp1_value}"></div>
	<div class="con"><span class="price">￥<em>{mumucms_tzsc_bbjg_value}</em></span><span class="gz">{views}人关注</span></div>				
	<div class="tit">{subject}</div>
	<div class="biaoq"><span class="bbly">{mumucms_tzsc_bbly_value}</span><span class="bbcs">{mumucms_tzsc_bbcs_value}</span><span class="jyfs">{mumucms_tzsc_jyfs_value}</span></div>
</a> 
</li>
[/loop]
</div>]]></item>
			<item id="sortid"><![CDATA[8]]></item>
			<item id="available"><![CDATA[1]]></item>
			<item id="required"><![CDATA[1]]></item>
			<item id="unchangeable"><![CDATA[0]]></item>
			<item id="search"><![CDATA[2]]></item>
			<item id="subjectshow"><![CDATA[1]]></item>
			<item id="tpdescription"><![CDATA[]]></item>
			<item id="ttdescription"><![CDATA[跳蚤市场]]></item>
			<item id="tpexpiration"><![CDATA[0]]></item>
			<item id="ttexpiration"><![CDATA[0]]></item>
			<item id="__protect">
				<item id="usergroup"><![CDATA[]]></item>
				<item id="verify"><![CDATA[]]></item>
			</item>
			<item id="__rules">
				<item id="choices"><![CDATA[1=蜀山
1.1=安徽大学
1.2=安徽农业大学
1.3=安医附院
1.4=笔架山
1.5=叉车厂
1.6=长江西路
1.7=稻香村
1.8=大铺头
1.9=锻压厂
1.10=二里街
1.11=方大郢
1.12=高刘路
1.13=贵池路
1.14=海关大厦
1.15=合肥学院
1.16=荷叶地
1.17=合作化路
1.18=怀宁路
1.19=黄山路
1.20=黄岳路口
1.21=琥珀山庄
1.22=金牛路
1.23=机研所
1.24=科技园
1.25=南七里站
1.26=炮兵学院
1.27=潜山路
1.28=清溪路
1.29=青阳路
1.30=肉联厂
1.31=三里庵
1.32=省农机校
1.33=史河路
1.34=十里庙
1.35=蜀山周边
1.36=望江西路
1.37=五里墩
1.38=西客站
1.39=西园新村
1.40=牙膏厂
1.41=岳西路
1.42=轴承厂
1.43=自行车厂
2=庐阳
2.1=安庆路
2.2=白水坝
2.3=亳州路
2.4=财富广场
2.5=长江中路
2.6=城隍庙
2.7=董铺水库
2.8=光明
2.9=海棠
2.10=合瓦路
2.11=和煦园
2.12=金寨北路
2.13=庐阳周边
2.14=蒙城路
2.15=南门小学
2.16=三牌楼
2.17=三孝口
2.18=商之都
2.19=省农科院
2.20=寿春路
2.21=双岗
2.22=四里河
2.23=四牌楼
2.24=濉溪路
2.25=探矿厂
2.26=桐城路
2.27=县桥
2.28=逍遥津
2.29=杏花村
2.30=杏花公园
2.31=杏林
2.32=益民
2.33=元一名城
3=包河
3.1=百脑汇
3.2=包河工业园
3.3=包河周边
3.4=常青
3.5=巢湖路
3.6=大钟楼
3.7=东陈岗
3.8=葛大店
3.10=合工大
3.11=合家福
3.12=家乐福
3.13=绩溪路
3.14=凌大塘
3.15=骆岗
3.16=马鞍山路
3.17=南门换乘中心
3.18=南熏门桥
3.19=宁国路
3.20=省人大
3.21=太宁路口
3.22=望湖城
3.23=卫岗
3.24=芜湖路
3.25=五里庙
3.26=宣城路
3.27=姚公庙
3.28=中铁四局
3.29=周谷堆
4=瑶海
4.1=百思购广场
4.2=长淮
4.3=长江批发市场
4.4=城东
4.5=车站
4.6=枞阳南路
4.7=大店
4.8=大东门
4.9=大通路
4.10=大兴镇
4.11=店岗
4.12=窦小郢
4.13=方庙
4.14=海州景秀世家
4.15=恒大城
4.16=和平广场
4.17=和平路
4.18=红光
4.19=花冲公园
4.20=皇马花园
4.21=花神郢
4.22=花溪新村
4.23=琥珀名城
4.24=金大塘
4.25=静安新城
4.26=金泰汽配城
4.27=临泉东路
4.28=龙岗
4.29=龙岗游园
4.30=罗岗
4.31=明光路
4.32=七里塘
4.33=七里站
4.34=瑞泰公园
4.35=三里街
4.36=三小郢
4.37=圣地亚哥
4.38=胜利路
4.39=铜陵路
4.40=王底
4.41=吴小郢
4.42=新海家园
4.43=瑶海周边
4.44=元一时代广场
4.45=裕丰花市
4.46=朱大郢
5=经开
5.1=滨湖前城
5.2=翠微路
5.3=大学城
5.4=东海花园
5.5=翡翠商城
5.6=芙蓉路
5.7=海恒社区
5.8=徽园
5.9=建工学院南区
5.10=经开周边
5.11=明珠广场
5.12=南艳湖
5.13=农业示范园
5.14=融科城
5.15=天门湖
5.16=禹州天境
5.17=中环城
6=高新
6.1=大蜀山
6.2=绿城桂花园
6.3=高新周边
7=新站
7.1=汴河路
7.2=大市场
7.3=火车站
7.4=家天下
7.5=金成港湾
7.6=金都华庭
7.7=磨店
7.8=南岗
7.9=七里塘
7.10=轻工商城
7.11=三十头
7.12=三元开发区
7.13=胜利广场
7.14=生态公园
7.15=铁静苑
7.16=铜陵新村
7.17=皖江厂
7.18=物流大道
7.19=新海公园
7.20=新站周边
7.21=杨岗
7.22=瑶海公园
8=滨湖新区
8.1=保利拉菲公馆
8.2=滨湖和园
8.3=滨湖假日
8.4=滨湖家园
8.5=滨湖明珠
8.6=滨湖品阁
8.7=滨湖世纪城
8.8=滨湖周边
8.9=春融苑 
8.10=福徽苑
8.11=高速时代城
8.12=高速时代广场
8.13=翰林园
8.14=徽昌苑
8.15=徽杰苑
8.16=蓝鼎观湖苑
8.17=临滨苑
8.18=琼林苑
8.19=书香门第
8.20=树荫苑
8.21=棠溪人家
8.22=万达文旅城
8.23=万科蓝山
8.24=文华阁
8.25=旭辉御俯
8.26=政府核心区
8.27=振徽苑
8.28=中铁滨湖名邸
9=政务
9.1=天鹅湖
9.2=奥体中心
9.3=浅水湾
9.4=外经大厦
9.5=十五里河
9.6=翡翠路
9.7=政务周边
10=北城新区
10.1=北城世纪城
10.2=力高共和城
10.3=润地星城
10.4=中澳花园
10.5=恒泰阿奎利亚
10.6=元一高尔夫
10.7=京城国际
10.8=双凤里小区
10.9=荣城花园
11=合肥周边
11.1=长丰
11.2=肥东
11.3=肥西
11.4=其它]]></item>
				<item id="inputsize"><![CDATA[]]></item>
			</item>
		</item>
		<item id="7">
			<item id="optionid"><![CDATA[144]]></item>
			<item id="classid"><![CDATA[2]]></item>
			<item id="displayorder"><![CDATA[11]]></item>
			<item id="expiration"><![CDATA[0]]></item>
			<item id="title"><![CDATA[联系人]]></item>
			<item id="description"><![CDATA[跳蚤市场]]></item>
			<item id="identifier"><![CDATA[mumucms_tzsc_lxr]]></item>
			<item id="type"><![CDATA[text]]></item>
			<item id="unit"><![CDATA[]]></item>
			<item id="permprompt"><![CDATA[]]></item>
			<item id="typeid"><![CDATA[8]]></item>
			<item id="name"><![CDATA[跳蚤市场]]></item>
			<item id="icon"><![CDATA[]]></item>
			<item id="special"><![CDATA[1]]></item>
			<item id="modelid"><![CDATA[0]]></item>
			<item id="template"><![CDATA[<div class="mumucms_sort_view">
<div class="mumucms_view_main mumucms_view_tzsc cl">
<div class="mumucms_main_left">
<div id="mumucms_sort_focus" class="mumucms_sort_focus">
<div class="bd">
	<span class="prev"></span>
	<span class="next"></span>
	<ul>
			<li><img src="{mumucms_tzsc_bbtp1_value}"></li>
			<li><img src="{mumucms_tzsc_bbtp2_value}"></li>
			<li><img src="{mumucms_tzsc_bbtp3_value}"></li>
			<li><img src="{mumucms_tzsc_bbtp4_value}"></li>
	</ul>
</div>
<div class="hd">
	<ul>
			<li><img src="{mumucms_tzsc_bbtp1_value}"></li>
			<li><img src="{mumucms_tzsc_bbtp2_value}"></li>
			<li><img src="{mumucms_tzsc_bbtp3_value}"></li>
			<li><img src="{mumucms_tzsc_bbtp4_value}"></li>
	</ul>
</div>
</div>
<script type="text/javascript">
	TouchSlide({ 
		slideCell:"#mumucms_sort_focus",
		titCell:".hd li",
		mainCell:".bd ul", 
		effect:"left", 
		autoPlay:true,
		pageStateCell:".pageState",
		interTime:"5000",
	});
</script>
</div>
<div class="mumucms_main_right">
<div class="mumucms_right_price cl">
<span class="right_price"><b>{mumucms_tzsc_bbjg_value}</b>&nbsp;{mumucms_tzsc_bbjg_unit}</span>
</div>
<ul>
<li><span class="tit">{mumucms_tzsc_bblb}:</span><span class="sum">{mumucms_tzsc_bblb_value}{mumucms_tzsc_bblb_unit}</span></li>
<li><span class="tit">{mumucms_tzsc_bbcs}:</span><span class="sum">{mumucms_tzsc_bbcs_value}{mumucms_tzsc_bbcs_unit}</span></li>
<li><span class="tit">{mumucms_tzsc_bbly}:</span><span class="sum">{mumucms_tzsc_bbly_value}{mumucms_tzsc_bbly_unit}</span></li>
<li><span class="tit">{mumucms_tzsc_jyfs}:</span><span class="sum">{mumucms_tzsc_jyfs_value}{mumucms_tzsc_jyfs_unit}</span></li>
<li><span class="tit">{mumucms_tzsc_szqy}:</span><span class="sum">{mumucms_tzsc_szqy_value}{mumucms_tzsc_szqy_unit}</span></li>
<li><span class="tit">{mumucms_tzsc_lxr}:</span><span class="sum">{mumucms_tzsc_lxr_value}{mumucms_tzsc_lxr_unit}</span></li>
<li><span class="tit">{mumucms_tzsc_lxqq}:</span><span class="sum"><a class="qq" target="_blank" href="http://wpa.qq.com/msgrd?v=3&uin={mumucms_tzsc_lxqq_value}&site=qq&menu=yes"></a></span></li>
</ul>
<div class="mumucms_right_tel"><span class="tel">{mumucms_tzsc_lxdh_value}</span></div>
</div>
</div>
<div class="mumucms_view_box">
<div class="mumucms_box cl"><h2>更多信息</h2></div>
</div>
</div>]]></item>
			<item id="stemplate"><![CDATA[<div class="mumucms_sort_list mumucms_sort_list_fwcs">
[loop]
<div class="mumucms_list cl">
<div class="mumucms_list_img"><a href="{subject_url}"><img src="{mumucms_tzsc_bbtp1_value}"><span class="mumucms_img_price">{mumucms_tzsc_bbjg_value}{mumucms_tzsc_bbjg_unit}</span></a></div>
<div class="mumucms_list_title">
<h3>{modcheck}<a href="{subject_url}">{subject}</a></h3>
<p>{mumucms_tzsc_bblb}：{mumucms_tzsc_bblb_value}{mumucms_tzsc_bblb_unit}&nbsp;&nbsp;{mumucms_tzsc_bbcs}：{mumucms_tzsc_bbcs_value}	{mumucms_tzsc_bbcs_unit}</p>
<p>{mumucms_tzsc_szqy}：{mumucms_tzsc_szqy_value}{mumucms_tzsc_szqy_unit}</p>
<p>发布时间：{dateline}</p>
</div>
<div class="mumucms_list_price">
<p class="price"><b>{mumucms_tzsc_bbjg_value}</b><em>{mumucms_tzsc_bbjg_unit}</em></p>
</div>
</div>
[/loop]		
</div>]]></item>
			<item id="ptemplate"><![CDATA[]]></item>
			<item id="btemplate"><![CDATA[<div class="muucms_sort_diy">
[loop]
<li class="mumucms_mall_sort cl item">
<a href="{subject_url}" target="_blank">
	<div class="img"><img src="{mumucms_tzsc_bbtp1_value}"></div>
	<div class="con"><span class="price">￥<em>{mumucms_tzsc_bbjg_value}</em></span><span class="gz">{views}人关注</span></div>				
	<div class="tit">{subject}</div>
	<div class="biaoq"><span class="bbly">{mumucms_tzsc_bbly_value}</span><span class="bbcs">{mumucms_tzsc_bbcs_value}</span><span class="jyfs">{mumucms_tzsc_jyfs_value}</span></div>
</a> 
</li>
[/loop]
</div>]]></item>
			<item id="sortid"><![CDATA[8]]></item>
			<item id="available"><![CDATA[1]]></item>
			<item id="required"><![CDATA[1]]></item>
			<item id="unchangeable"><![CDATA[0]]></item>
			<item id="search"><![CDATA[0]]></item>
			<item id="subjectshow"><![CDATA[1]]></item>
			<item id="tpdescription"><![CDATA[]]></item>
			<item id="ttdescription"><![CDATA[跳蚤市场]]></item>
			<item id="tpexpiration"><![CDATA[0]]></item>
			<item id="ttexpiration"><![CDATA[0]]></item>
			<item id="__protect">
				<item id="status"><![CDATA[0]]></item>
				<item id="usergroup"><![CDATA[]]></item>
				<item id="verify"><![CDATA[]]></item>
			</item>
			<item id="__rules">
				<item id="maxlength"><![CDATA[]]></item>
				<item id="inputsize"><![CDATA[]]></item>
				<item id="profile"><![CDATA[]]></item>
				<item id="defaultvalue"><![CDATA[]]></item>
			</item>
		</item>
		<item id="8">
			<item id="optionid"><![CDATA[145]]></item>
			<item id="classid"><![CDATA[2]]></item>
			<item id="displayorder"><![CDATA[12]]></item>
			<item id="expiration"><![CDATA[0]]></item>
			<item id="title"><![CDATA[联系电话]]></item>
			<item id="description"><![CDATA[跳蚤市场]]></item>
			<item id="identifier"><![CDATA[mumucms_tzsc_lxdh]]></item>
			<item id="type"><![CDATA[text]]></item>
			<item id="unit"><![CDATA[]]></item>
			<item id="permprompt"><![CDATA[]]></item>
			<item id="typeid"><![CDATA[8]]></item>
			<item id="name"><![CDATA[跳蚤市场]]></item>
			<item id="icon"><![CDATA[]]></item>
			<item id="special"><![CDATA[1]]></item>
			<item id="modelid"><![CDATA[0]]></item>
			<item id="template"><![CDATA[<div class="mumucms_sort_view">
<div class="mumucms_view_main mumucms_view_tzsc cl">
<div class="mumucms_main_left">
<div id="mumucms_sort_focus" class="mumucms_sort_focus">
<div class="bd">
	<span class="prev"></span>
	<span class="next"></span>
	<ul>
			<li><img src="{mumucms_tzsc_bbtp1_value}"></li>
			<li><img src="{mumucms_tzsc_bbtp2_value}"></li>
			<li><img src="{mumucms_tzsc_bbtp3_value}"></li>
			<li><img src="{mumucms_tzsc_bbtp4_value}"></li>
	</ul>
</div>
<div class="hd">
	<ul>
			<li><img src="{mumucms_tzsc_bbtp1_value}"></li>
			<li><img src="{mumucms_tzsc_bbtp2_value}"></li>
			<li><img src="{mumucms_tzsc_bbtp3_value}"></li>
			<li><img src="{mumucms_tzsc_bbtp4_value}"></li>
	</ul>
</div>
</div>
<script type="text/javascript">
	TouchSlide({ 
		slideCell:"#mumucms_sort_focus",
		titCell:".hd li",
		mainCell:".bd ul", 
		effect:"left", 
		autoPlay:true,
		pageStateCell:".pageState",
		interTime:"5000",
	});
</script>
</div>
<div class="mumucms_main_right">
<div class="mumucms_right_price cl">
<span class="right_price"><b>{mumucms_tzsc_bbjg_value}</b>&nbsp;{mumucms_tzsc_bbjg_unit}</span>
</div>
<ul>
<li><span class="tit">{mumucms_tzsc_bblb}:</span><span class="sum">{mumucms_tzsc_bblb_value}{mumucms_tzsc_bblb_unit}</span></li>
<li><span class="tit">{mumucms_tzsc_bbcs}:</span><span class="sum">{mumucms_tzsc_bbcs_value}{mumucms_tzsc_bbcs_unit}</span></li>
<li><span class="tit">{mumucms_tzsc_bbly}:</span><span class="sum">{mumucms_tzsc_bbly_value}{mumucms_tzsc_bbly_unit}</span></li>
<li><span class="tit">{mumucms_tzsc_jyfs}:</span><span class="sum">{mumucms_tzsc_jyfs_value}{mumucms_tzsc_jyfs_unit}</span></li>
<li><span class="tit">{mumucms_tzsc_szqy}:</span><span class="sum">{mumucms_tzsc_szqy_value}{mumucms_tzsc_szqy_unit}</span></li>
<li><span class="tit">{mumucms_tzsc_lxr}:</span><span class="sum">{mumucms_tzsc_lxr_value}{mumucms_tzsc_lxr_unit}</span></li>
<li><span class="tit">{mumucms_tzsc_lxqq}:</span><span class="sum"><a class="qq" target="_blank" href="http://wpa.qq.com/msgrd?v=3&uin={mumucms_tzsc_lxqq_value}&site=qq&menu=yes"></a></span></li>
</ul>
<div class="mumucms_right_tel"><span class="tel">{mumucms_tzsc_lxdh_value}</span></div>
</div>
</div>
<div class="mumucms_view_box">
<div class="mumucms_box cl"><h2>更多信息</h2></div>
</div>
</div>]]></item>
			<item id="stemplate"><![CDATA[<div class="mumucms_sort_list mumucms_sort_list_fwcs">
[loop]
<div class="mumucms_list cl">
<div class="mumucms_list_img"><a href="{subject_url}"><img src="{mumucms_tzsc_bbtp1_value}"><span class="mumucms_img_price">{mumucms_tzsc_bbjg_value}{mumucms_tzsc_bbjg_unit}</span></a></div>
<div class="mumucms_list_title">
<h3>{modcheck}<a href="{subject_url}">{subject}</a></h3>
<p>{mumucms_tzsc_bblb}：{mumucms_tzsc_bblb_value}{mumucms_tzsc_bblb_unit}&nbsp;&nbsp;{mumucms_tzsc_bbcs}：{mumucms_tzsc_bbcs_value}	{mumucms_tzsc_bbcs_unit}</p>
<p>{mumucms_tzsc_szqy}：{mumucms_tzsc_szqy_value}{mumucms_tzsc_szqy_unit}</p>
<p>发布时间：{dateline}</p>
</div>
<div class="mumucms_list_price">
<p class="price"><b>{mumucms_tzsc_bbjg_value}</b><em>{mumucms_tzsc_bbjg_unit}</em></p>
</div>
</div>
[/loop]		
</div>]]></item>
			<item id="ptemplate"><![CDATA[]]></item>
			<item id="btemplate"><![CDATA[<div class="muucms_sort_diy">
[loop]
<li class="mumucms_mall_sort cl item">
<a href="{subject_url}" target="_blank">
	<div class="img"><img src="{mumucms_tzsc_bbtp1_value}"></div>
	<div class="con"><span class="price">￥<em>{mumucms_tzsc_bbjg_value}</em></span><span class="gz">{views}人关注</span></div>				
	<div class="tit">{subject}</div>
	<div class="biaoq"><span class="bbly">{mumucms_tzsc_bbly_value}</span><span class="bbcs">{mumucms_tzsc_bbcs_value}</span><span class="jyfs">{mumucms_tzsc_jyfs_value}</span></div>
</a> 
</li>
[/loop]
</div>]]></item>
			<item id="sortid"><![CDATA[8]]></item>
			<item id="available"><![CDATA[1]]></item>
			<item id="required"><![CDATA[1]]></item>
			<item id="unchangeable"><![CDATA[0]]></item>
			<item id="search"><![CDATA[0]]></item>
			<item id="subjectshow"><![CDATA[1]]></item>
			<item id="tpdescription"><![CDATA[]]></item>
			<item id="ttdescription"><![CDATA[跳蚤市场]]></item>
			<item id="tpexpiration"><![CDATA[0]]></item>
			<item id="ttexpiration"><![CDATA[0]]></item>
			<item id="__protect">
				<item id="status"><![CDATA[0]]></item>
				<item id="usergroup"><![CDATA[]]></item>
				<item id="verify"><![CDATA[]]></item>
			</item>
			<item id="__rules">
				<item id="maxlength"><![CDATA[]]></item>
				<item id="inputsize"><![CDATA[]]></item>
				<item id="profile"><![CDATA[]]></item>
				<item id="defaultvalue"><![CDATA[]]></item>
			</item>
		</item>
		<item id="9">
			<item id="optionid"><![CDATA[146]]></item>
			<item id="classid"><![CDATA[2]]></item>
			<item id="displayorder"><![CDATA[13]]></item>
			<item id="expiration"><![CDATA[0]]></item>
			<item id="title"><![CDATA[联系QQ]]></item>
			<item id="description"><![CDATA[跳蚤市场]]></item>
			<item id="identifier"><![CDATA[mumucms_tzsc_lxqq]]></item>
			<item id="type"><![CDATA[text]]></item>
			<item id="unit"><![CDATA[]]></item>
			<item id="permprompt"><![CDATA[]]></item>
			<item id="typeid"><![CDATA[8]]></item>
			<item id="name"><![CDATA[跳蚤市场]]></item>
			<item id="icon"><![CDATA[]]></item>
			<item id="special"><![CDATA[1]]></item>
			<item id="modelid"><![CDATA[0]]></item>
			<item id="template"><![CDATA[<div class="mumucms_sort_view">
<div class="mumucms_view_main mumucms_view_tzsc cl">
<div class="mumucms_main_left">
<div id="mumucms_sort_focus" class="mumucms_sort_focus">
<div class="bd">
	<span class="prev"></span>
	<span class="next"></span>
	<ul>
			<li><img src="{mumucms_tzsc_bbtp1_value}"></li>
			<li><img src="{mumucms_tzsc_bbtp2_value}"></li>
			<li><img src="{mumucms_tzsc_bbtp3_value}"></li>
			<li><img src="{mumucms_tzsc_bbtp4_value}"></li>
	</ul>
</div>
<div class="hd">
	<ul>
			<li><img src="{mumucms_tzsc_bbtp1_value}"></li>
			<li><img src="{mumucms_tzsc_bbtp2_value}"></li>
			<li><img src="{mumucms_tzsc_bbtp3_value}"></li>
			<li><img src="{mumucms_tzsc_bbtp4_value}"></li>
	</ul>
</div>
</div>
<script type="text/javascript">
	TouchSlide({ 
		slideCell:"#mumucms_sort_focus",
		titCell:".hd li",
		mainCell:".bd ul", 
		effect:"left", 
		autoPlay:true,
		pageStateCell:".pageState",
		interTime:"5000",
	});
</script>
</div>
<div class="mumucms_main_right">
<div class="mumucms_right_price cl">
<span class="right_price"><b>{mumucms_tzsc_bbjg_value}</b>&nbsp;{mumucms_tzsc_bbjg_unit}</span>
</div>
<ul>
<li><span class="tit">{mumucms_tzsc_bblb}:</span><span class="sum">{mumucms_tzsc_bblb_value}{mumucms_tzsc_bblb_unit}</span></li>
<li><span class="tit">{mumucms_tzsc_bbcs}:</span><span class="sum">{mumucms_tzsc_bbcs_value}{mumucms_tzsc_bbcs_unit}</span></li>
<li><span class="tit">{mumucms_tzsc_bbly}:</span><span class="sum">{mumucms_tzsc_bbly_value}{mumucms_tzsc_bbly_unit}</span></li>
<li><span class="tit">{mumucms_tzsc_jyfs}:</span><span class="sum">{mumucms_tzsc_jyfs_value}{mumucms_tzsc_jyfs_unit}</span></li>
<li><span class="tit">{mumucms_tzsc_szqy}:</span><span class="sum">{mumucms_tzsc_szqy_value}{mumucms_tzsc_szqy_unit}</span></li>
<li><span class="tit">{mumucms_tzsc_lxr}:</span><span class="sum">{mumucms_tzsc_lxr_value}{mumucms_tzsc_lxr_unit}</span></li>
<li><span class="tit">{mumucms_tzsc_lxqq}:</span><span class="sum"><a class="qq" target="_blank" href="http://wpa.qq.com/msgrd?v=3&uin={mumucms_tzsc_lxqq_value}&site=qq&menu=yes"></a></span></li>
</ul>
<div class="mumucms_right_tel"><span class="tel">{mumucms_tzsc_lxdh_value}</span></div>
</div>
</div>
<div class="mumucms_view_box">
<div class="mumucms_box cl"><h2>更多信息</h2></div>
</div>
</div>]]></item>
			<item id="stemplate"><![CDATA[<div class="mumucms_sort_list mumucms_sort_list_fwcs">
[loop]
<div class="mumucms_list cl">
<div class="mumucms_list_img"><a href="{subject_url}"><img src="{mumucms_tzsc_bbtp1_value}"><span class="mumucms_img_price">{mumucms_tzsc_bbjg_value}{mumucms_tzsc_bbjg_unit}</span></a></div>
<div class="mumucms_list_title">
<h3>{modcheck}<a href="{subject_url}">{subject}</a></h3>
<p>{mumucms_tzsc_bblb}：{mumucms_tzsc_bblb_value}{mumucms_tzsc_bblb_unit}&nbsp;&nbsp;{mumucms_tzsc_bbcs}：{mumucms_tzsc_bbcs_value}	{mumucms_tzsc_bbcs_unit}</p>
<p>{mumucms_tzsc_szqy}：{mumucms_tzsc_szqy_value}{mumucms_tzsc_szqy_unit}</p>
<p>发布时间：{dateline}</p>
</div>
<div class="mumucms_list_price">
<p class="price"><b>{mumucms_tzsc_bbjg_value}</b><em>{mumucms_tzsc_bbjg_unit}</em></p>
</div>
</div>
[/loop]		
</div>]]></item>
			<item id="ptemplate"><![CDATA[]]></item>
			<item id="btemplate"><![CDATA[<div class="muucms_sort_diy">
[loop]
<li class="mumucms_mall_sort cl item">
<a href="{subject_url}" target="_blank">
	<div class="img"><img src="{mumucms_tzsc_bbtp1_value}"></div>
	<div class="con"><span class="price">￥<em>{mumucms_tzsc_bbjg_value}</em></span><span class="gz">{views}人关注</span></div>				
	<div class="tit">{subject}</div>
	<div class="biaoq"><span class="bbly">{mumucms_tzsc_bbly_value}</span><span class="bbcs">{mumucms_tzsc_bbcs_value}</span><span class="jyfs">{mumucms_tzsc_jyfs_value}</span></div>
</a> 
</li>
[/loop]
</div>]]></item>
			<item id="sortid"><![CDATA[8]]></item>
			<item id="available"><![CDATA[1]]></item>
			<item id="required"><![CDATA[1]]></item>
			<item id="unchangeable"><![CDATA[0]]></item>
			<item id="search"><![CDATA[0]]></item>
			<item id="subjectshow"><![CDATA[1]]></item>
			<item id="tpdescription"><![CDATA[]]></item>
			<item id="ttdescription"><![CDATA[跳蚤市场]]></item>
			<item id="tpexpiration"><![CDATA[0]]></item>
			<item id="ttexpiration"><![CDATA[0]]></item>
			<item id="__protect">
				<item id="status"><![CDATA[0]]></item>
				<item id="usergroup"><![CDATA[]]></item>
				<item id="verify"><![CDATA[]]></item>
			</item>
			<item id="__rules">
				<item id="maxlength"><![CDATA[]]></item>
				<item id="inputsize"><![CDATA[]]></item>
				<item id="profile"><![CDATA[]]></item>
				<item id="defaultvalue"><![CDATA[]]></item>
			</item>
		</item>
		<item id="10">
			<item id="optionid"><![CDATA[147]]></item>
			<item id="classid"><![CDATA[2]]></item>
			<item id="displayorder"><![CDATA[2]]></item>
			<item id="expiration"><![CDATA[0]]></item>
			<item id="title"><![CDATA[宝贝图片二]]></item>
			<item id="description"><![CDATA[跳蚤市场]]></item>
			<item id="identifier"><![CDATA[mumucms_tzsc_bbtp2]]></item>
			<item id="type"><![CDATA[image]]></item>
			<item id="unit"><![CDATA[]]></item>
			<item id="permprompt"><![CDATA[]]></item>
			<item id="typeid"><![CDATA[8]]></item>
			<item id="name"><![CDATA[跳蚤市场]]></item>
			<item id="icon"><![CDATA[]]></item>
			<item id="special"><![CDATA[1]]></item>
			<item id="modelid"><![CDATA[0]]></item>
			<item id="template"><![CDATA[<div class="mumucms_sort_view">
<div class="mumucms_view_main mumucms_view_tzsc cl">
<div class="mumucms_main_left">
<div id="mumucms_sort_focus" class="mumucms_sort_focus">
<div class="bd">
	<span class="prev"></span>
	<span class="next"></span>
	<ul>
			<li><img src="{mumucms_tzsc_bbtp1_value}"></li>
			<li><img src="{mumucms_tzsc_bbtp2_value}"></li>
			<li><img src="{mumucms_tzsc_bbtp3_value}"></li>
			<li><img src="{mumucms_tzsc_bbtp4_value}"></li>
	</ul>
</div>
<div class="hd">
	<ul>
			<li><img src="{mumucms_tzsc_bbtp1_value}"></li>
			<li><img src="{mumucms_tzsc_bbtp2_value}"></li>
			<li><img src="{mumucms_tzsc_bbtp3_value}"></li>
			<li><img src="{mumucms_tzsc_bbtp4_value}"></li>
	</ul>
</div>
</div>
<script type="text/javascript">
	TouchSlide({ 
		slideCell:"#mumucms_sort_focus",
		titCell:".hd li",
		mainCell:".bd ul", 
		effect:"left", 
		autoPlay:true,
		pageStateCell:".pageState",
		interTime:"5000",
	});
</script>
</div>
<div class="mumucms_main_right">
<div class="mumucms_right_price cl">
<span class="right_price"><b>{mumucms_tzsc_bbjg_value}</b>&nbsp;{mumucms_tzsc_bbjg_unit}</span>
</div>
<ul>
<li><span class="tit">{mumucms_tzsc_bblb}:</span><span class="sum">{mumucms_tzsc_bblb_value}{mumucms_tzsc_bblb_unit}</span></li>
<li><span class="tit">{mumucms_tzsc_bbcs}:</span><span class="sum">{mumucms_tzsc_bbcs_value}{mumucms_tzsc_bbcs_unit}</span></li>
<li><span class="tit">{mumucms_tzsc_bbly}:</span><span class="sum">{mumucms_tzsc_bbly_value}{mumucms_tzsc_bbly_unit}</span></li>
<li><span class="tit">{mumucms_tzsc_jyfs}:</span><span class="sum">{mumucms_tzsc_jyfs_value}{mumucms_tzsc_jyfs_unit}</span></li>
<li><span class="tit">{mumucms_tzsc_szqy}:</span><span class="sum">{mumucms_tzsc_szqy_value}{mumucms_tzsc_szqy_unit}</span></li>
<li><span class="tit">{mumucms_tzsc_lxr}:</span><span class="sum">{mumucms_tzsc_lxr_value}{mumucms_tzsc_lxr_unit}</span></li>
<li><span class="tit">{mumucms_tzsc_lxqq}:</span><span class="sum"><a class="qq" target="_blank" href="http://wpa.qq.com/msgrd?v=3&uin={mumucms_tzsc_lxqq_value}&site=qq&menu=yes"></a></span></li>
</ul>
<div class="mumucms_right_tel"><span class="tel">{mumucms_tzsc_lxdh_value}</span></div>
</div>
</div>
<div class="mumucms_view_box">
<div class="mumucms_box cl"><h2>更多信息</h2></div>
</div>
</div>]]></item>
			<item id="stemplate"><![CDATA[<div class="mumucms_sort_list mumucms_sort_list_fwcs">
[loop]
<div class="mumucms_list cl">
<div class="mumucms_list_img"><a href="{subject_url}"><img src="{mumucms_tzsc_bbtp1_value}"><span class="mumucms_img_price">{mumucms_tzsc_bbjg_value}{mumucms_tzsc_bbjg_unit}</span></a></div>
<div class="mumucms_list_title">
<h3>{modcheck}<a href="{subject_url}">{subject}</a></h3>
<p>{mumucms_tzsc_bblb}：{mumucms_tzsc_bblb_value}{mumucms_tzsc_bblb_unit}&nbsp;&nbsp;{mumucms_tzsc_bbcs}：{mumucms_tzsc_bbcs_value}	{mumucms_tzsc_bbcs_unit}</p>
<p>{mumucms_tzsc_szqy}：{mumucms_tzsc_szqy_value}{mumucms_tzsc_szqy_unit}</p>
<p>发布时间：{dateline}</p>
</div>
<div class="mumucms_list_price">
<p class="price"><b>{mumucms_tzsc_bbjg_value}</b><em>{mumucms_tzsc_bbjg_unit}</em></p>
</div>
</div>
[/loop]		
</div>]]></item>
			<item id="ptemplate"><![CDATA[]]></item>
			<item id="btemplate"><![CDATA[<div class="muucms_sort_diy">
[loop]
<li class="mumucms_mall_sort cl item">
<a href="{subject_url}" target="_blank">
	<div class="img"><img src="{mumucms_tzsc_bbtp1_value}"></div>
	<div class="con"><span class="price">￥<em>{mumucms_tzsc_bbjg_value}</em></span><span class="gz">{views}人关注</span></div>				
	<div class="tit">{subject}</div>
	<div class="biaoq"><span class="bbly">{mumucms_tzsc_bbly_value}</span><span class="bbcs">{mumucms_tzsc_bbcs_value}</span><span class="jyfs">{mumucms_tzsc_jyfs_value}</span></div>
</a> 
</li>
[/loop]
</div>]]></item>
			<item id="sortid"><![CDATA[8]]></item>
			<item id="available"><![CDATA[1]]></item>
			<item id="required"><![CDATA[1]]></item>
			<item id="unchangeable"><![CDATA[0]]></item>
			<item id="search"><![CDATA[0]]></item>
			<item id="subjectshow"><![CDATA[1]]></item>
			<item id="tpdescription"><![CDATA[]]></item>
			<item id="ttdescription"><![CDATA[跳蚤市场]]></item>
			<item id="tpexpiration"><![CDATA[0]]></item>
			<item id="ttexpiration"><![CDATA[0]]></item>
			<item id="__protect">
				<item id="usergroup"><![CDATA[]]></item>
				<item id="verify"><![CDATA[]]></item>
			</item>
			<item id="__rules">
				<item id="maxwidth"><![CDATA[]]></item>
				<item id="maxheight"><![CDATA[]]></item>
				<item id="inputsize"><![CDATA[]]></item>
			</item>
		</item>
		<item id="11">
			<item id="optionid"><![CDATA[148]]></item>
			<item id="classid"><![CDATA[2]]></item>
			<item id="displayorder"><![CDATA[3]]></item>
			<item id="expiration"><![CDATA[0]]></item>
			<item id="title"><![CDATA[宝贝图片三]]></item>
			<item id="description"><![CDATA[跳蚤市场]]></item>
			<item id="identifier"><![CDATA[mumucms_tzsc_bbtp3]]></item>
			<item id="type"><![CDATA[image]]></item>
			<item id="unit"><![CDATA[]]></item>
			<item id="permprompt"><![CDATA[]]></item>
			<item id="typeid"><![CDATA[8]]></item>
			<item id="name"><![CDATA[跳蚤市场]]></item>
			<item id="icon"><![CDATA[]]></item>
			<item id="special"><![CDATA[1]]></item>
			<item id="modelid"><![CDATA[0]]></item>
			<item id="template"><![CDATA[<div class="mumucms_sort_view">
<div class="mumucms_view_main mumucms_view_tzsc cl">
<div class="mumucms_main_left">
<div id="mumucms_sort_focus" class="mumucms_sort_focus">
<div class="bd">
	<span class="prev"></span>
	<span class="next"></span>
	<ul>
			<li><img src="{mumucms_tzsc_bbtp1_value}"></li>
			<li><img src="{mumucms_tzsc_bbtp2_value}"></li>
			<li><img src="{mumucms_tzsc_bbtp3_value}"></li>
			<li><img src="{mumucms_tzsc_bbtp4_value}"></li>
	</ul>
</div>
<div class="hd">
	<ul>
			<li><img src="{mumucms_tzsc_bbtp1_value}"></li>
			<li><img src="{mumucms_tzsc_bbtp2_value}"></li>
			<li><img src="{mumucms_tzsc_bbtp3_value}"></li>
			<li><img src="{mumucms_tzsc_bbtp4_value}"></li>
	</ul>
</div>
</div>
<script type="text/javascript">
	TouchSlide({ 
		slideCell:"#mumucms_sort_focus",
		titCell:".hd li",
		mainCell:".bd ul", 
		effect:"left", 
		autoPlay:true,
		pageStateCell:".pageState",
		interTime:"5000",
	});
</script>
</div>
<div class="mumucms_main_right">
<div class="mumucms_right_price cl">
<span class="right_price"><b>{mumucms_tzsc_bbjg_value}</b>&nbsp;{mumucms_tzsc_bbjg_unit}</span>
</div>
<ul>
<li><span class="tit">{mumucms_tzsc_bblb}:</span><span class="sum">{mumucms_tzsc_bblb_value}{mumucms_tzsc_bblb_unit}</span></li>
<li><span class="tit">{mumucms_tzsc_bbcs}:</span><span class="sum">{mumucms_tzsc_bbcs_value}{mumucms_tzsc_bbcs_unit}</span></li>
<li><span class="tit">{mumucms_tzsc_bbly}:</span><span class="sum">{mumucms_tzsc_bbly_value}{mumucms_tzsc_bbly_unit}</span></li>
<li><span class="tit">{mumucms_tzsc_jyfs}:</span><span class="sum">{mumucms_tzsc_jyfs_value}{mumucms_tzsc_jyfs_unit}</span></li>
<li><span class="tit">{mumucms_tzsc_szqy}:</span><span class="sum">{mumucms_tzsc_szqy_value}{mumucms_tzsc_szqy_unit}</span></li>
<li><span class="tit">{mumucms_tzsc_lxr}:</span><span class="sum">{mumucms_tzsc_lxr_value}{mumucms_tzsc_lxr_unit}</span></li>
<li><span class="tit">{mumucms_tzsc_lxqq}:</span><span class="sum"><a class="qq" target="_blank" href="http://wpa.qq.com/msgrd?v=3&uin={mumucms_tzsc_lxqq_value}&site=qq&menu=yes"></a></span></li>
</ul>
<div class="mumucms_right_tel"><span class="tel">{mumucms_tzsc_lxdh_value}</span></div>
</div>
</div>
<div class="mumucms_view_box">
<div class="mumucms_box cl"><h2>更多信息</h2></div>
</div>
</div>]]></item>
			<item id="stemplate"><![CDATA[<div class="mumucms_sort_list mumucms_sort_list_fwcs">
[loop]
<div class="mumucms_list cl">
<div class="mumucms_list_img"><a href="{subject_url}"><img src="{mumucms_tzsc_bbtp1_value}"><span class="mumucms_img_price">{mumucms_tzsc_bbjg_value}{mumucms_tzsc_bbjg_unit}</span></a></div>
<div class="mumucms_list_title">
<h3>{modcheck}<a href="{subject_url}">{subject}</a></h3>
<p>{mumucms_tzsc_bblb}：{mumucms_tzsc_bblb_value}{mumucms_tzsc_bblb_unit}&nbsp;&nbsp;{mumucms_tzsc_bbcs}：{mumucms_tzsc_bbcs_value}	{mumucms_tzsc_bbcs_unit}</p>
<p>{mumucms_tzsc_szqy}：{mumucms_tzsc_szqy_value}{mumucms_tzsc_szqy_unit}</p>
<p>发布时间：{dateline}</p>
</div>
<div class="mumucms_list_price">
<p class="price"><b>{mumucms_tzsc_bbjg_value}</b><em>{mumucms_tzsc_bbjg_unit}</em></p>
</div>
</div>
[/loop]		
</div>]]></item>
			<item id="ptemplate"><![CDATA[]]></item>
			<item id="btemplate"><![CDATA[<div class="muucms_sort_diy">
[loop]
<li class="mumucms_mall_sort cl item">
<a href="{subject_url}" target="_blank">
	<div class="img"><img src="{mumucms_tzsc_bbtp1_value}"></div>
	<div class="con"><span class="price">￥<em>{mumucms_tzsc_bbjg_value}</em></span><span class="gz">{views}人关注</span></div>				
	<div class="tit">{subject}</div>
	<div class="biaoq"><span class="bbly">{mumucms_tzsc_bbly_value}</span><span class="bbcs">{mumucms_tzsc_bbcs_value}</span><span class="jyfs">{mumucms_tzsc_jyfs_value}</span></div>
</a> 
</li>
[/loop]
</div>]]></item>
			<item id="sortid"><![CDATA[8]]></item>
			<item id="available"><![CDATA[1]]></item>
			<item id="required"><![CDATA[1]]></item>
			<item id="unchangeable"><![CDATA[0]]></item>
			<item id="search"><![CDATA[0]]></item>
			<item id="subjectshow"><![CDATA[1]]></item>
			<item id="tpdescription"><![CDATA[]]></item>
			<item id="ttdescription"><![CDATA[跳蚤市场]]></item>
			<item id="tpexpiration"><![CDATA[0]]></item>
			<item id="ttexpiration"><![CDATA[0]]></item>
			<item id="__protect">
				<item id="usergroup"><![CDATA[]]></item>
				<item id="verify"><![CDATA[]]></item>
			</item>
			<item id="__rules">
				<item id="maxwidth"><![CDATA[]]></item>
				<item id="maxheight"><![CDATA[]]></item>
				<item id="inputsize"><![CDATA[]]></item>
			</item>
		</item>
		<item id="12">
			<item id="optionid"><![CDATA[149]]></item>
			<item id="classid"><![CDATA[2]]></item>
			<item id="displayorder"><![CDATA[4]]></item>
			<item id="expiration"><![CDATA[0]]></item>
			<item id="title"><![CDATA[宝贝图片四]]></item>
			<item id="description"><![CDATA[跳蚤市场]]></item>
			<item id="identifier"><![CDATA[mumucms_tzsc_bbtp4]]></item>
			<item id="type"><![CDATA[image]]></item>
			<item id="unit"><![CDATA[]]></item>
			<item id="permprompt"><![CDATA[]]></item>
			<item id="typeid"><![CDATA[8]]></item>
			<item id="name"><![CDATA[跳蚤市场]]></item>
			<item id="icon"><![CDATA[]]></item>
			<item id="special"><![CDATA[1]]></item>
			<item id="modelid"><![CDATA[0]]></item>
			<item id="template"><![CDATA[<div class="mumucms_sort_view">
<div class="mumucms_view_main mumucms_view_tzsc cl">
<div class="mumucms_main_left">
<div id="mumucms_sort_focus" class="mumucms_sort_focus">
<div class="bd">
	<span class="prev"></span>
	<span class="next"></span>
	<ul>
			<li><img src="{mumucms_tzsc_bbtp1_value}"></li>
			<li><img src="{mumucms_tzsc_bbtp2_value}"></li>
			<li><img src="{mumucms_tzsc_bbtp3_value}"></li>
			<li><img src="{mumucms_tzsc_bbtp4_value}"></li>
	</ul>
</div>
<div class="hd">
	<ul>
			<li><img src="{mumucms_tzsc_bbtp1_value}"></li>
			<li><img src="{mumucms_tzsc_bbtp2_value}"></li>
			<li><img src="{mumucms_tzsc_bbtp3_value}"></li>
			<li><img src="{mumucms_tzsc_bbtp4_value}"></li>
	</ul>
</div>
</div>
<script type="text/javascript">
	TouchSlide({ 
		slideCell:"#mumucms_sort_focus",
		titCell:".hd li",
		mainCell:".bd ul", 
		effect:"left", 
		autoPlay:true,
		pageStateCell:".pageState",
		interTime:"5000",
	});
</script>
</div>
<div class="mumucms_main_right">
<div class="mumucms_right_price cl">
<span class="right_price"><b>{mumucms_tzsc_bbjg_value}</b>&nbsp;{mumucms_tzsc_bbjg_unit}</span>
</div>
<ul>
<li><span class="tit">{mumucms_tzsc_bblb}:</span><span class="sum">{mumucms_tzsc_bblb_value}{mumucms_tzsc_bblb_unit}</span></li>
<li><span class="tit">{mumucms_tzsc_bbcs}:</span><span class="sum">{mumucms_tzsc_bbcs_value}{mumucms_tzsc_bbcs_unit}</span></li>
<li><span class="tit">{mumucms_tzsc_bbly}:</span><span class="sum">{mumucms_tzsc_bbly_value}{mumucms_tzsc_bbly_unit}</span></li>
<li><span class="tit">{mumucms_tzsc_jyfs}:</span><span class="sum">{mumucms_tzsc_jyfs_value}{mumucms_tzsc_jyfs_unit}</span></li>
<li><span class="tit">{mumucms_tzsc_szqy}:</span><span class="sum">{mumucms_tzsc_szqy_value}{mumucms_tzsc_szqy_unit}</span></li>
<li><span class="tit">{mumucms_tzsc_lxr}:</span><span class="sum">{mumucms_tzsc_lxr_value}{mumucms_tzsc_lxr_unit}</span></li>
<li><span class="tit">{mumucms_tzsc_lxqq}:</span><span class="sum"><a class="qq" target="_blank" href="http://wpa.qq.com/msgrd?v=3&uin={mumucms_tzsc_lxqq_value}&site=qq&menu=yes"></a></span></li>
</ul>
<div class="mumucms_right_tel"><span class="tel">{mumucms_tzsc_lxdh_value}</span></div>
</div>
</div>
<div class="mumucms_view_box">
<div class="mumucms_box cl"><h2>更多信息</h2></div>
</div>
</div>]]></item>
			<item id="stemplate"><![CDATA[<div class="mumucms_sort_list mumucms_sort_list_fwcs">
[loop]
<div class="mumucms_list cl">
<div class="mumucms_list_img"><a href="{subject_url}"><img src="{mumucms_tzsc_bbtp1_value}"><span class="mumucms_img_price">{mumucms_tzsc_bbjg_value}{mumucms_tzsc_bbjg_unit}</span></a></div>
<div class="mumucms_list_title">
<h3>{modcheck}<a href="{subject_url}">{subject}</a></h3>
<p>{mumucms_tzsc_bblb}：{mumucms_tzsc_bblb_value}{mumucms_tzsc_bblb_unit}&nbsp;&nbsp;{mumucms_tzsc_bbcs}：{mumucms_tzsc_bbcs_value}	{mumucms_tzsc_bbcs_unit}</p>
<p>{mumucms_tzsc_szqy}：{mumucms_tzsc_szqy_value}{mumucms_tzsc_szqy_unit}</p>
<p>发布时间：{dateline}</p>
</div>
<div class="mumucms_list_price">
<p class="price"><b>{mumucms_tzsc_bbjg_value}</b><em>{mumucms_tzsc_bbjg_unit}</em></p>
</div>
</div>
[/loop]		
</div>]]></item>
			<item id="ptemplate"><![CDATA[]]></item>
			<item id="btemplate"><![CDATA[<div class="muucms_sort_diy">
[loop]
<li class="mumucms_mall_sort cl item">
<a href="{subject_url}" target="_blank">
	<div class="img"><img src="{mumucms_tzsc_bbtp1_value}"></div>
	<div class="con"><span class="price">￥<em>{mumucms_tzsc_bbjg_value}</em></span><span class="gz">{views}人关注</span></div>				
	<div class="tit">{subject}</div>
	<div class="biaoq"><span class="bbly">{mumucms_tzsc_bbly_value}</span><span class="bbcs">{mumucms_tzsc_bbcs_value}</span><span class="jyfs">{mumucms_tzsc_jyfs_value}</span></div>
</a> 
</li>
[/loop]
</div>]]></item>
			<item id="sortid"><![CDATA[8]]></item>
			<item id="available"><![CDATA[1]]></item>
			<item id="required"><![CDATA[1]]></item>
			<item id="unchangeable"><![CDATA[0]]></item>
			<item id="search"><![CDATA[0]]></item>
			<item id="subjectshow"><![CDATA[1]]></item>
			<item id="tpdescription"><![CDATA[]]></item>
			<item id="ttdescription"><![CDATA[跳蚤市场]]></item>
			<item id="tpexpiration"><![CDATA[0]]></item>
			<item id="ttexpiration"><![CDATA[0]]></item>
			<item id="__protect">
				<item id="usergroup"><![CDATA[]]></item>
				<item id="verify"><![CDATA[]]></item>
			</item>
			<item id="__rules">
				<item id="maxwidth"><![CDATA[]]></item>
				<item id="maxheight"><![CDATA[]]></item>
				<item id="inputsize"><![CDATA[]]></item>
			</item>
		</item>
	</item>
</root>
