<?xml version="1.0" encoding="ISO-8859-1"?>
<root>
	<item id="Title"><![CDATA[Discuz! Plugin]]></item>
	<item id="Version"><![CDATA[X3.4]]></item>
	<item id="Time"><![CDATA[2019-09-20 13:03]]></item>
	<item id="From"><![CDATA[DisM!应用中心 (https://dism.taobao.com/)]]></item>
	<item id="Data">
		<item id="plugin">
			<item id="available"><![CDATA[1]]></item>
			<item id="adminid"><![CDATA[1]]></item>
			<item id="name"><![CDATA[木木CMS-版块导航]]></item>
			<item id="identifier"><![CDATA[mumucms_forumnav]]></item>
			<item id="description"><![CDATA[开启本插件将会在网页左侧悬浮一个版块导航，用户可以方便快捷的进入版块，还可以进行各种设置。]]></item>
			<item id="datatables"><![CDATA[]]></item>
			<item id="directory"><![CDATA[mumucms_forumnav/]]></item>
			<item id="copyright"><![CDATA[DisM!应用中心(dism.taobao.com)]]></item>
			<item id="version"><![CDATA[1.1]]></item>
			<item id="__modules">
				<item id="0">
					<item id="name"><![CDATA[mumucms_forumnav]]></item>
					<item id="param"><![CDATA[]]></item>
					<item id="menu"><![CDATA[]]></item>
					<item id="url"><![CDATA[]]></item>
					<item id="type"><![CDATA[11]]></item>
					<item id="adminid"><![CDATA[0]]></item>
					<item id="displayorder"><![CDATA[0]]></item>
					<item id="navtitle"><![CDATA[]]></item>
					<item id="navicon"><![CDATA[]]></item>
					<item id="navsubname"><![CDATA[]]></item>
					<item id="navsuburl"><![CDATA[]]></item>
				</item>
			</item>
		</item>
		<item id="version"><![CDATA[X3,X3.1,X3.2,X3.3,X3.4,F1.0,L1.0]]></item>
		<item id="var">
			<item id="0">
				<item id="displayorder"><![CDATA[1]]></item>
				<item id="title"><![CDATA[启用插件]]></item>
				<item id="description"><![CDATA[]]></item>
				<item id="variable"><![CDATA[mumucms_forumnav_qiyong]]></item>
				<item id="type"><![CDATA[radio]]></item>
				<item id="value"><![CDATA[1]]></item>
				<item id="extra"><![CDATA[]]></item>
			</item>
			<item id="1">
				<item id="displayorder"><![CDATA[2]]></item>
				<item id="title"><![CDATA[开启响应式]]></item>
				<item id="description"><![CDATA[]]></item>
				<item id="variable"><![CDATA[mumucms_forumnav_responsive]]></item>
				<item id="type"><![CDATA[radio]]></item>
				<item id="value"><![CDATA[1]]></item>
				<item id="extra"><![CDATA[]]></item>
			</item>
			<item id="2">
				<item id="displayorder"><![CDATA[3]]></item>
				<item id="title"><![CDATA[显示页面]]></item>
				<item id="description"><![CDATA[]]></item>
				<item id="variable"><![CDATA[mumucms_forumnav_xspage]]></item>
				<item id="type"><![CDATA[selects]]></item>
				<item id="extra"><![CDATA[1 = 全站显示
2 = 门户首页
3 = 论坛首页
4 = 论坛版块
5 = 论坛帖子
6 = 其他页面]]></item>
				<item id="__value">
					<item id="0"><![CDATA[1]]></item>
				</item>
			</item>
			<item id="3">
				<item id="displayorder"><![CDATA[4]]></item>
				<item id="title"><![CDATA[版块显示]]></item>
				<item id="description"><![CDATA[]]></item>
				<item id="variable"><![CDATA[mumucms_forumnav_forumxs]]></item>
				<item id="type"><![CDATA[forums]]></item>
				<item id="extra"><![CDATA[]]></item>
				<item id="__value">
					<item id="0"><![CDATA[]]></item>
					<item id="1"><![CDATA[2]]></item>
					<item id="2"><![CDATA[37]]></item>
					<item id="3"><![CDATA[38]]></item>
					<item id="4"><![CDATA[39]]></item>
					<item id="5"><![CDATA[60]]></item>
					<item id="6"><![CDATA[61]]></item>
					<item id="7"><![CDATA[50]]></item>
					<item id="8"><![CDATA[49]]></item>
					<item id="9"><![CDATA[59]]></item>
					<item id="10"><![CDATA[45]]></item>
					<item id="11"><![CDATA[46]]></item>
					<item id="12"><![CDATA[47]]></item>
					<item id="13"><![CDATA[53]]></item>
					<item id="14"><![CDATA[62]]></item>
					<item id="15"><![CDATA[63]]></item>
					<item id="16"><![CDATA[52]]></item>
					<item id="17"><![CDATA[54]]></item>
					<item id="18"><![CDATA[55]]></item>
					<item id="19"><![CDATA[56]]></item>
					<item id="20"><![CDATA[57]]></item>
					<item id="21"><![CDATA[43]]></item>
					<item id="22"><![CDATA[42]]></item>
					<item id="23"><![CDATA[41]]></item>
					<item id="24"><![CDATA[58]]></item>
					<item id="25"><![CDATA[70]]></item>
					<item id="26"><![CDATA[66]]></item>
					<item id="27"><![CDATA[64]]></item>
					<item id="28"><![CDATA[68]]></item>
					<item id="29"><![CDATA[65]]></item>
					<item id="30"><![CDATA[67]]></item>
				</item>
			</item>
			<item id="4">
				<item id="displayorder"><![CDATA[5]]></item>
				<item id="title"><![CDATA[导航标题]]></item>
				<item id="description"><![CDATA[]]></item>
				<item id="variable"><![CDATA[mumucms_forumnav_title]]></item>
				<item id="type"><![CDATA[text]]></item>
				<item id="value"><![CDATA[社区导航]]></item>
				<item id="extra"><![CDATA[]]></item>
			</item>
			<item id="5">
				<item id="displayorder"><![CDATA[6]]></item>
				<item id="title"><![CDATA[导航宽度]]></item>
				<item id="description"><![CDATA[]]></item>
				<item id="variable"><![CDATA[mumucms_forumnav_width]]></item>
				<item id="type"><![CDATA[text]]></item>
				<item id="value"><![CDATA[120]]></item>
				<item id="extra"><![CDATA[]]></item>
			</item>
			<item id="6">
				<item id="displayorder"><![CDATA[7]]></item>
				<item id="title"><![CDATA[网站宽度]]></item>
				<item id="description"><![CDATA[]]></item>
				<item id="variable"><![CDATA[mumucms_forumnav_webwidth]]></item>
				<item id="type"><![CDATA[text]]></item>
				<item id="value"><![CDATA[1200]]></item>
				<item id="extra"><![CDATA[]]></item>
			</item>
			<item id="7">
				<item id="displayorder"><![CDATA[8]]></item>
				<item id="title"><![CDATA[距主导航距离]]></item>
				<item id="description"><![CDATA[]]></item>
				<item id="variable"><![CDATA[mumucms_forumnav_djuli]]></item>
				<item id="type"><![CDATA[text]]></item>
				<item id="value"><![CDATA[70]]></item>
				<item id="extra"><![CDATA[]]></item>
			</item>
			<item id="8">
				<item id="displayorder"><![CDATA[9]]></item>
				<item id="title"><![CDATA[是否显示关闭按钮]]></item>
				<item id="description"><![CDATA[]]></item>
				<item id="variable"><![CDATA[mumucms_forumnav_closexs]]></item>
				<item id="type"><![CDATA[radio]]></item>
				<item id="value"><![CDATA[1]]></item>
				<item id="extra"><![CDATA[]]></item>
			</item>
			<item id="9">
				<item id="displayorder"><![CDATA[10]]></item>
				<item id="title"><![CDATA[关闭按钮文字]]></item>
				<item id="description"><![CDATA[]]></item>
				<item id="variable"><![CDATA[mumucms_forumnav_closetit]]></item>
				<item id="type"><![CDATA[text]]></item>
				<item id="value"><![CDATA[关闭]]></item>
				<item id="extra"><![CDATA[]]></item>
			</item>
		</item>
	</item>
</root>