<?xml version="1.0" encoding="ISO-8859-1"?>
<root>
	<item id="spacecss"><![CDATA[#portal_block_875 { background-color:#ffffff !important;background-image:none !important;margin-top:15px !important;margin-right:0px !important;margin-bottom:8px !important;margin-left:5px !important;}#portal_block_876 { background-color:#ffffff !important;background-image:none !important;margin-top:0px !important;margin-right:10px !important;margin-bottom:15px !important;margin-left:5px !important;}#portal_block_877 { background-color:#ffffff !important;background-image:none !important;margin-top:15px !important;margin-right:0px !important;margin-bottom:5px !important;margin-left:0px !important;}#portal_block_878 { background-color:#ffffff !important;background-image:none !important;margin-top:15px !important;margin-right:0px !important;margin-bottom:15px !important;margin-left:15px !important;}#frameAzcUve { background-color:#ffffff !important;background-image:none !important;margin-top:10px !important;margin-right:0px !important;margin-bottom:10px !important;margin-left:0px !important;}#frameAsmVv4 { background-color:#ffffff !important;background-image:none !important;}#frameTx7J1k { background-color:#ffffff !important;background-image:none !important;}#portal_block_879 { background-color:#ffffff !important;background-image:none !important;margin-top:0px !important;margin-right:5px !important;margin-bottom:15px !important;margin-left:10px !important;}]]></item>
	<item id="layoutdata">
		<item id="diy6">
			<item id="frame`frameAzcUve">
				<item id="attr">
					<item id="name"><![CDATA[frameAzcUve]]></item>
					<item id="moveable"><![CDATA[true]]></item>
					<item id="className"><![CDATA[cl_frame_bm frame move-span cl frame-1-3]]></item>
					<item id="titles">
						<item id="0">
							<item id="text"><![CDATA[更多>>]]></item>
							<item id="href"><![CDATA[]]></item>
							<item id="color"><![CDATA[]]></item>
							<item id="float"><![CDATA[right]]></item>
							<item id="margin"><![CDATA[]]></item>
							<item id="font-size"><![CDATA[14]]></item>
							<item id="className"><![CDATA[subtitle]]></item>
							<item id="src"><![CDATA[]]></item>
						</item>
						<item id="className">
							<item id="0"><![CDATA[title frame-title]]></item>
						</item>
						<item id="style">
							<item id="background-image"><![CDATA[none]]></item>
							<item id="background-repeat"><![CDATA[repeat]]></item>
							<item id="background-color"><![CDATA[rgb(255, 255, 255)]]></item>
						</item>
						<item id="first">
							<item id="text"><![CDATA[频道栏目0（新增）]]></item>
							<item id="href"><![CDATA[]]></item>
							<item id="color"><![CDATA[]]></item>
							<item id="float"><![CDATA[]]></item>
							<item id="margin"><![CDATA[]]></item>
							<item id="font-size"><![CDATA[16]]></item>
							<item id="className"><![CDATA[titletext]]></item>
							<item id="src"><![CDATA[]]></item>
						</item>
					</item>
				</item>
				<item id="column`frameAzcUve_left">
					<item id="attr">
						<item id="name"><![CDATA[frameAzcUve_left]]></item>
						<item id="className"><![CDATA[column frame-1-3-l]]></item>
					</item>
					<item id="block`portal_block_878">
						<item id="attr">
							<item id="name"><![CDATA[portal_block_878]]></item>
							<item id="className"><![CDATA[cl_block_bm block move-span]]></item>
							<item id="titles"><![CDATA[]]></item>
						</item>
					</item>
				</item>
				<item id="column`frameAzcUve_center">
					<item id="attr">
						<item id="name"><![CDATA[frameAzcUve_center]]></item>
						<item id="className"><![CDATA[column frame-1-3-r]]></item>
					</item>
					<item id="frame`frameAsmVv4">
						<item id="attr">
							<item id="name"><![CDATA[frameAsmVv4]]></item>
							<item id="moveable"><![CDATA[true]]></item>
							<item id="className"><![CDATA[cl_frame_bm frame move-span cl frame-1-1]]></item>
							<item id="titles"><![CDATA[]]></item>
						</item>
						<item id="column`frameAsmVv4_left">
							<item id="attr">
								<item id="name"><![CDATA[frameAsmVv4_left]]></item>
								<item id="className"><![CDATA[column frame-1-1-l]]></item>
							</item>
							<item id="block`portal_block_875">
								<item id="attr">
									<item id="name"><![CDATA[portal_block_875]]></item>
									<item id="className"><![CDATA[cl_block_bm block move-span]]></item>
									<item id="titles"><![CDATA[]]></item>
								</item>
							</item>
							<item id="frame`frameTx7J1k">
								<item id="attr">
									<item id="name"><![CDATA[frameTx7J1k]]></item>
									<item id="moveable"><![CDATA[true]]></item>
									<item id="className"><![CDATA[cl_frame_bm frame move-span cl frame-1-1]]></item>
									<item id="titles"><![CDATA[]]></item>
								</item>
								<item id="column`frameTx7J1k_left">
									<item id="attr">
										<item id="name"><![CDATA[frameTx7J1k_left]]></item>
										<item id="className"><![CDATA[column frame-1-1-l]]></item>
									</item>
									<item id="block`portal_block_876">
										<item id="attr">
											<item id="name"><![CDATA[portal_block_876]]></item>
											<item id="className"><![CDATA[cl_block_bm block move-span]]></item>
											<item id="titles"><![CDATA[]]></item>
										</item>
									</item>
								</item>
								<item id="column`frameTx7J1k_center">
									<item id="attr">
										<item id="name"><![CDATA[frameTx7J1k_center]]></item>
										<item id="className"><![CDATA[column frame-1-1-r]]></item>
									</item>
									<item id="block`portal_block_879">
										<item id="attr">
											<item id="name"><![CDATA[portal_block_879]]></item>
											<item id="className"><![CDATA[cl_block_bm block move-span]]></item>
											<item id="titles"><![CDATA[]]></item>
										</item>
									</item>
								</item>
							</item>
						</item>
						<item id="column`frameAsmVv4_center">
							<item id="attr">
								<item id="name"><![CDATA[frameAsmVv4_center]]></item>
								<item id="className"><![CDATA[column frame-1-1-r]]></item>
							</item>
							<item id="block`portal_block_877">
								<item id="attr">
									<item id="name"><![CDATA[portal_block_877]]></item>
									<item id="className"><![CDATA[cl_block_bm block move-span]]></item>
									<item id="titles"><![CDATA[]]></item>
								</item>
							</item>
						</item>
					</item>
				</item>
			</item>
		</item>
	</item>
	<item id="blockdata">
		<item id="block">
			<item id="875">
				<item id="bid"><![CDATA[875]]></item>
				<item id="blockclass"><![CDATA[forum_thread]]></item>
				<item id="blocktype"><![CDATA[0]]></item>
				<item id="name"><![CDATA[bygsjw门户首页频道0文字]]></item>
				<item id="title"><![CDATA[]]></item>
				<item id="classname"><![CDATA[cl_block_bm]]></item>
				<item id="summary"><![CDATA[]]></item>
				<item id="uid"><![CDATA[1]]></item>
				<item id="username"><![CDATA[admin]]></item>
				<item id="styleid"><![CDATA[0]]></item>
				<item id="blockstyle">
					<item id="name"><![CDATA[]]></item>
					<item id="blockclass"><![CDATA[forum_thread]]></item>
					<item id="makethumb"><![CDATA[0]]></item>
					<item id="getpic"><![CDATA[0]]></item>
					<item id="getsummary"><![CDATA[1]]></item>
					<item id="settarget"><![CDATA[1]]></item>
					<item id="moreurl"><![CDATA[0]]></item>
					<item id="fields">
						<item id="0"><![CDATA[url]]></item>
						<item id="1"><![CDATA[title]]></item>
						<item id="2"><![CDATA[dateline]]></item>
						<item id="3"><![CDATA[summary]]></item>
					</item>
					<item id="template">
						<item id="raw"><![CDATA[<ul class="portal_channel_c cl">
[loop]
<li class="cl">
<span class="portal_channel_c_icon">&#9658;</span>
<a href="{url}" {target} title="{title}">
<p class="over_one portal_channel_c_tit cl">
<span class="over_one portal_channel_c_title">{title}</span>
<span class="over_one portal_channel_c_date">{dateline}</span>
</p>
<div class="over_two portal_channel_c_sum">{summary}</div>
</a>
</li>
[/loop]
</ul>]]></item>
						<item id="footer"><![CDATA[]]></item>
						<item id="header"><![CDATA[]]></item>
						<item id="indexplus"><![CDATA[
						]]></item>
						<item id="index"><![CDATA[
						]]></item>
						<item id="orderplus"><![CDATA[
						]]></item>
						<item id="order"><![CDATA[
						]]></item>
						<item id="loopplus"><![CDATA[
						]]></item>
						<item id="loop"><![CDATA[<li class="cl">
<span class="portal_channel_c_icon">&#9658;</span>
<a href="{url}" {target} title="{title}">
<p class="over_one portal_channel_c_tit cl">
<span class="over_one portal_channel_c_title">{title}</span>
<span class="over_one portal_channel_c_date">{dateline}</span>
</p>
<div class="over_two portal_channel_c_sum">{summary}</div>
</a>
</li>]]></item>
					</item>
					<item id="hash"><![CDATA[cfa8b05d]]></item>
				</item>
				<item id="picwidth"><![CDATA[0]]></item>
				<item id="picheight"><![CDATA[0]]></item>
				<item id="target"><![CDATA[blank]]></item>
				<item id="dateformat"><![CDATA[Y-m-d]]></item>
				<item id="dateuformat"><![CDATA[1]]></item>
				<item id="script"><![CDATA[thread]]></item>
				<item id="param">
					<item id="tids"><![CDATA[]]></item>
					<item id="uids"><![CDATA[]]></item>
					<item id="keyword"><![CDATA[]]></item>
					<item id="tagkeyword"><![CDATA[]]></item>
					<item id="typeids"><![CDATA[]]></item>
					<item id="recommend"><![CDATA[0]]></item>
					<item id="viewmod"><![CDATA[0]]></item>
					<item id="rewardstatus"><![CDATA[0]]></item>
					<item id="picrequired"><![CDATA[0]]></item>
					<item id="orderby"><![CDATA[dateline]]></item>
					<item id="postdateline"><![CDATA[0]]></item>
					<item id="lastpost"><![CDATA[0]]></item>
					<item id="highlight"><![CDATA[0]]></item>
					<item id="titlelength"><![CDATA[100]]></item>
					<item id="summarylength"><![CDATA[200]]></item>
					<item id="startrow"><![CDATA[0]]></item>
					<item id="items"><![CDATA[5]]></item>
					<item id="aids"><![CDATA[]]></item>
					<item id="catid">
						<item id="0"><![CDATA[0]]></item>
					</item>
					<item id="starttime"><![CDATA[]]></item>
					<item id="endtime"><![CDATA[]]></item>
					<item id="publishdateline"><![CDATA[0]]></item>
				</item>
				<item id="shownum"><![CDATA[5]]></item>
				<item id="cachetime"><![CDATA[60]]></item>
				<item id="cachetimerange"><![CDATA[]]></item>
				<item id="punctualupdate"><![CDATA[0]]></item>
				<item id="hidedisplay"><![CDATA[0]]></item>
				<item id="dateline"><![CDATA[1567408563]]></item>
				<item id="notinherited"><![CDATA[0]]></item>
				<item id="isblank"><![CDATA[0]]></item>
			</item>
			<item id="876">
				<item id="bid"><![CDATA[876]]></item>
				<item id="blockclass"><![CDATA[html_html]]></item>
				<item id="blocktype"><![CDATA[0]]></item>
				<item id="name"><![CDATA[bygsjw门户首页频道0广告左]]></item>
				<item id="title"><![CDATA[]]></item>
				<item id="classname"><![CDATA[cl_block_bm]]></item>
				<item id="summary"><![CDATA[<img src="template/bygsjw_1/image/2gg.jpg" width="100%" height="70" />]]></item>
				<item id="uid"><![CDATA[1]]></item>
				<item id="username"><![CDATA[admin]]></item>
				<item id="styleid"><![CDATA[0]]></item>
				<item id="blockstyle"><![CDATA[]]></item>
				<item id="picwidth"><![CDATA[0]]></item>
				<item id="picheight"><![CDATA[0]]></item>
				<item id="target"><![CDATA[blank]]></item>
				<item id="dateformat"><![CDATA[Y-m-d]]></item>
				<item id="dateuformat"><![CDATA[0]]></item>
				<item id="script"><![CDATA[banner]]></item>
				<item id="param">
					<item id="pic"><![CDATA[template/bygsjw_1/image/2gg.jpg]]></item>
					<item id="url"><![CDATA[]]></item>
					<item id="atarget"><![CDATA[_blank]]></item>
					<item id="width"><![CDATA[100%]]></item>
					<item id="height"><![CDATA[70]]></item>
					<item id="text"><![CDATA[]]></item>
					<item id="items"><![CDATA[10]]></item>
					<item id="content"><![CDATA[<div class=\"portal_channel_c_b cl\">
<a href=\"\">
<img src=\"template/bygsjw_1/image/tuiguang.jpg\"/>
</a>
</div>]]></item>
				</item>
				<item id="shownum"><![CDATA[10]]></item>
				<item id="cachetime"><![CDATA[0]]></item>
				<item id="cachetimerange"><![CDATA[0,0]]></item>
				<item id="punctualupdate"><![CDATA[0]]></item>
				<item id="hidedisplay"><![CDATA[0]]></item>
				<item id="dateline"><![CDATA[1557458180]]></item>
				<item id="notinherited"><![CDATA[0]]></item>
				<item id="isblank"><![CDATA[0]]></item>
			</item>
			<item id="877">
				<item id="bid"><![CDATA[877]]></item>
				<item id="blockclass"><![CDATA[forum_thread]]></item>
				<item id="blocktype"><![CDATA[0]]></item>
				<item id="name"><![CDATA[bygsjw门户首页频道0图文]]></item>
				<item id="title"><![CDATA[]]></item>
				<item id="classname"><![CDATA[cl_block_bm]]></item>
				<item id="summary"><![CDATA[]]></item>
				<item id="uid"><![CDATA[1]]></item>
				<item id="username"><![CDATA[admin]]></item>
				<item id="styleid"><![CDATA[0]]></item>
				<item id="blockstyle">
					<item id="name"><![CDATA[]]></item>
					<item id="blockclass"><![CDATA[forum_thread]]></item>
					<item id="makethumb"><![CDATA[1]]></item>
					<item id="getpic"><![CDATA[1]]></item>
					<item id="getsummary"><![CDATA[0]]></item>
					<item id="settarget"><![CDATA[1]]></item>
					<item id="moreurl"><![CDATA[0]]></item>
					<item id="fields">
						<item id="0"><![CDATA[url]]></item>
						<item id="1"><![CDATA[title]]></item>
						<item id="2"><![CDATA[pic]]></item>
					</item>
					<item id="template">
						<item id="raw"><![CDATA[<ul class="portal_channel_y cl">
[loop]
<li>
<a href="{url}" {target} title="{title}" data-original="{pic}" class="img_center lanjiazai"><i width="{picwidth}" height="{picheight}"></i></a>
<a href="{url}" {target} title="{title}" class="over_one">{title}</a>
</li>
[/loop]
</ul>]]></item>
						<item id="footer"><![CDATA[]]></item>
						<item id="header"><![CDATA[]]></item>
						<item id="indexplus">
						</item>
						<item id="index">
						</item>
						<item id="orderplus">
						</item>
						<item id="order">
						</item>
						<item id="loopplus">
						</item>
						<item id="loop"><![CDATA[<li>
<a href="{url}" {target} title="{title}" data-original="{pic}" class="img_center lanjiazai"><i width="{picwidth}" height="{picheight}"></i></a>
<a href="{url}" {target} title="{title}" class="over_one">{title}</a>
</li>]]></item>
					</item>
					<item id="hash"><![CDATA[aed9e09c]]></item>
				</item>
				<item id="picwidth"><![CDATA[200]]></item>
				<item id="picheight"><![CDATA[115]]></item>
				<item id="target"><![CDATA[blank]]></item>
				<item id="dateformat"><![CDATA[Y-m-d]]></item>
				<item id="dateuformat"><![CDATA[1]]></item>
				<item id="script"><![CDATA[thread]]></item>
				<item id="param">
					<item id="tids"><![CDATA[]]></item>
					<item id="uids"><![CDATA[]]></item>
					<item id="keyword"><![CDATA[]]></item>
					<item id="tagkeyword"><![CDATA[]]></item>
					<item id="typeids"><![CDATA[]]></item>
					<item id="recommend"><![CDATA[0]]></item>
					<item id="viewmod"><![CDATA[0]]></item>
					<item id="rewardstatus"><![CDATA[0]]></item>
					<item id="picrequired"><![CDATA[1]]></item>
					<item id="orderby"><![CDATA[replies]]></item>
					<item id="postdateline"><![CDATA[0]]></item>
					<item id="lastpost"><![CDATA[0]]></item>
					<item id="highlight"><![CDATA[0]]></item>
					<item id="titlelength"><![CDATA[100]]></item>
					<item id="summarylength"><![CDATA[100]]></item>
					<item id="startrow"><![CDATA[0]]></item>
					<item id="items"><![CDATA[4]]></item>
					<item id="aids"><![CDATA[]]></item>
					<item id="catid">
						<item id="0"><![CDATA[0]]></item>
					</item>
					<item id="starttime"><![CDATA[]]></item>
					<item id="endtime"><![CDATA[]]></item>
					<item id="publishdateline"><![CDATA[0]]></item>
				</item>
				<item id="shownum"><![CDATA[4]]></item>
				<item id="cachetime"><![CDATA[60]]></item>
				<item id="cachetimerange"><![CDATA[]]></item>
				<item id="punctualupdate"><![CDATA[0]]></item>
				<item id="hidedisplay"><![CDATA[0]]></item>
				<item id="dateline"><![CDATA[1567408420]]></item>
				<item id="notinherited"><![CDATA[0]]></item>
				<item id="isblank"><![CDATA[0]]></item>
			</item>
			<item id="878">
				<item id="bid"><![CDATA[878]]></item>
				<item id="blockclass"><![CDATA[forum_thread]]></item>
				<item id="blocktype"><![CDATA[0]]></item>
				<item id="name"><![CDATA[bygsjw门户首页频道0幻灯片]]></item>
				<item id="title"><![CDATA[]]></item>
				<item id="classname"><![CDATA[cl_block_bm]]></item>
				<item id="summary"><![CDATA[]]></item>
				<item id="uid"><![CDATA[1]]></item>
				<item id="username"><![CDATA[admin]]></item>
				<item id="styleid"><![CDATA[0]]></item>
				<item id="blockstyle">
					<item id="name"><![CDATA[]]></item>
					<item id="blockclass"><![CDATA[forum_thread]]></item>
					<item id="makethumb"><![CDATA[1]]></item>
					<item id="getpic"><![CDATA[1]]></item>
					<item id="getsummary"><![CDATA[1]]></item>
					<item id="settarget"><![CDATA[1]]></item>
					<item id="moreurl"><![CDATA[0]]></item>
					<item id="fields">
						<item id="0"><![CDATA[url]]></item>
						<item id="1"><![CDATA[title]]></item>
						<item id="2"><![CDATA[pic]]></item>
						<item id="3"><![CDATA[summary]]></item>
					</item>
					<item id="template">
						<item id="raw"><![CDATA[<div class="slidebox portal_channel_z" timestep="5000">
<div class="slideshow">
[loop]
<a href="{url}" {target} title="{title}" class="img_center"><img src="{pic}" width="{picwidth}" height="{picheight}" alt="{title}"/></a>
[/loop]
</div>
<div class="slidebar">
[loop1]
<span></span>
[/loop1]
</div>
<ul class="slideother">
[loop2]
<li>
<a href="{url}" {target} title="{title}">
<p class="over_one">{title}</p>
<div class="over_two">{summary}</div>
</a>
</li>
[/loop2]
</ul>
</div>
<script type="text/javascript">
runslideshow();
</script>]]></item>
						<item id="footer"><![CDATA[]]></item>
						<item id="header"><![CDATA[]]></item>
						<item id="indexplus"><![CDATA[
						]]></item>
						<item id="index"><![CDATA[
						]]></item>
						<item id="orderplus"><![CDATA[
						]]></item>
						<item id="order"><![CDATA[
						]]></item>
						<item id="loopplus">
							<item id="1"><![CDATA[<span></span>]]></item>
							<item id="2"><![CDATA[<li>
<a href="{url}" {target} title="{title}">
<p class="over_one">{title}</p>
<div class="over_two">{summary}</div>
</a>
</li>]]></item>
						</item>
						<item id="loop"><![CDATA[<a href="{url}" {target} title="{title}" class="img_center"><img src="{pic}" width="{picwidth}" height="{picheight}" alt="{title}"/></a>]]></item>
					</item>
					<item id="hash"><![CDATA[b40188a8]]></item>
				</item>
				<item id="picwidth"><![CDATA[270]]></item>
				<item id="picheight"><![CDATA[200]]></item>
				<item id="target"><![CDATA[blank]]></item>
				<item id="dateformat"><![CDATA[Y-m-d]]></item>
				<item id="dateuformat"><![CDATA[1]]></item>
				<item id="script"><![CDATA[thread]]></item>
				<item id="param">
					<item id="tids"><![CDATA[]]></item>
					<item id="uids"><![CDATA[]]></item>
					<item id="keyword"><![CDATA[]]></item>
					<item id="tagkeyword"><![CDATA[]]></item>
					<item id="typeids"><![CDATA[]]></item>
					<item id="recommend"><![CDATA[0]]></item>
					<item id="viewmod"><![CDATA[0]]></item>
					<item id="rewardstatus"><![CDATA[0]]></item>
					<item id="picrequired"><![CDATA[1]]></item>
					<item id="orderby"><![CDATA[lastpost]]></item>
					<item id="postdateline"><![CDATA[0]]></item>
					<item id="lastpost"><![CDATA[0]]></item>
					<item id="highlight"><![CDATA[0]]></item>
					<item id="titlelength"><![CDATA[100]]></item>
					<item id="summarylength"><![CDATA[200]]></item>
					<item id="startrow"><![CDATA[0]]></item>
					<item id="items"><![CDATA[5]]></item>
					<item id="aids"><![CDATA[]]></item>
					<item id="catid">
						<item id="0"><![CDATA[0]]></item>
					</item>
					<item id="starttime"><![CDATA[]]></item>
					<item id="endtime"><![CDATA[]]></item>
					<item id="publishdateline"><![CDATA[0]]></item>
				</item>
				<item id="shownum"><![CDATA[5]]></item>
				<item id="cachetime"><![CDATA[60]]></item>
				<item id="cachetimerange"><![CDATA[]]></item>
				<item id="punctualupdate"><![CDATA[0]]></item>
				<item id="hidedisplay"><![CDATA[0]]></item>
				<item id="dateline"><![CDATA[1567408550]]></item>
				<item id="notinherited"><![CDATA[0]]></item>
				<item id="isblank"><![CDATA[0]]></item>
			</item>
			<item id="879">
				<item id="bid"><![CDATA[879]]></item>
				<item id="blockclass"><![CDATA[html_html]]></item>
				<item id="blocktype"><![CDATA[0]]></item>
				<item id="name"><![CDATA[bygsjw门户首页频道0广告右]]></item>
				<item id="title"><![CDATA[]]></item>
				<item id="classname"><![CDATA[cl_block_bm]]></item>
				<item id="summary"><![CDATA[<img src="template/bygsjw_1/image/2gg.jpg" width="100%" height="70" />]]></item>
				<item id="uid"><![CDATA[1]]></item>
				<item id="username"><![CDATA[admin]]></item>
				<item id="styleid"><![CDATA[0]]></item>
				<item id="blockstyle"><![CDATA[]]></item>
				<item id="picwidth"><![CDATA[0]]></item>
				<item id="picheight"><![CDATA[0]]></item>
				<item id="target"><![CDATA[blank]]></item>
				<item id="dateformat"><![CDATA[Y-m-d]]></item>
				<item id="dateuformat"><![CDATA[0]]></item>
				<item id="script"><![CDATA[banner]]></item>
				<item id="param">
					<item id="pic"><![CDATA[template/bygsjw_1/image/2gg.jpg]]></item>
					<item id="url"><![CDATA[]]></item>
					<item id="atarget"><![CDATA[_blank]]></item>
					<item id="width"><![CDATA[100%]]></item>
					<item id="height"><![CDATA[70]]></item>
					<item id="text"><![CDATA[]]></item>
					<item id="items"><![CDATA[10]]></item>
				</item>
				<item id="shownum"><![CDATA[10]]></item>
				<item id="cachetime"><![CDATA[0]]></item>
				<item id="cachetimerange"><![CDATA[0,0]]></item>
				<item id="punctualupdate"><![CDATA[0]]></item>
				<item id="hidedisplay"><![CDATA[0]]></item>
				<item id="dateline"><![CDATA[1557458180]]></item>
				<item id="notinherited"><![CDATA[0]]></item>
				<item id="isblank"><![CDATA[0]]></item>
			</item>
		</item>
		<item id="style">
		</item>
	</item>
</root>