<?xml version="1.0" encoding="ISO-8859-1"?>
<root>
	<item id="Title"><![CDATA[Discuz! Plugin]]></item>
	<item id="Version"><![CDATA[X3.4]]></item>
	<item id="Time"><![CDATA[2020-07-23 08:10]]></item>
	<item id="From"><![CDATA[DisM!应用中心 (https://dism.taobao.com/)]]></item>
	<item id="Data">
		<item id="plugin">
			<item id="available"><![CDATA[1]]></item>
			<item id="adminid"><![CDATA[1]]></item>
			<item id="name"><![CDATA[木木CMS-模板控制台]]></item>
			<item id="identifier"><![CDATA[mumucms_pccontrol]]></item>
			<item id="description"><![CDATA[插件可对木木CMS-超级门户实行控制，实现多种功能，可以控制各个模块]]></item>
			<item id="datatables"><![CDATA[]]></item>
			<item id="directory"><![CDATA[mumucms_pccontrol/]]></item>
			<item id="copyright"><![CDATA[DisM!应用中心(dism.taobao.com)]]></item>
			<item id="version"><![CDATA[1.4.0]]></item>
			<item id="__modules">
				<item id="0">
					<item id="name"><![CDATA[mumucms_pccontrol_info]]></item>
					<item id="param"><![CDATA[]]></item>
					<item id="menu"><![CDATA[信息]]></item>
					<item id="url"><![CDATA[]]></item>
					<item id="type"><![CDATA[3]]></item>
					<item id="adminid"><![CDATA[0]]></item>
					<item id="displayorder"><![CDATA[0]]></item>
					<item id="navtitle"><![CDATA[]]></item>
					<item id="navicon"><![CDATA[]]></item>
					<item id="navsubname"><![CDATA[]]></item>
					<item id="navsuburl"><![CDATA[]]></item>
				</item>
				<item id="1">
					<item id="name"><![CDATA[mumucms_pccontrol_forum]]></item>
					<item id="param"><![CDATA[]]></item>
					<item id="menu"><![CDATA[论坛]]></item>
					<item id="url"><![CDATA[]]></item>
					<item id="type"><![CDATA[3]]></item>
					<item id="adminid"><![CDATA[0]]></item>
					<item id="displayorder"><![CDATA[0]]></item>
					<item id="navtitle"><![CDATA[]]></item>
					<item id="navicon"><![CDATA[]]></item>
					<item id="navsubname"><![CDATA[]]></item>
					<item id="navsuburl"><![CDATA[]]></item>
				</item>
				<item id="2">
					<item id="name"><![CDATA[mumucms_pccontrol]]></item>
					<item id="param"><![CDATA[]]></item>
					<item id="menu"><![CDATA[]]></item>
					<item id="url"><![CDATA[]]></item>
					<item id="type"><![CDATA[11]]></item>
					<item id="adminid"><![CDATA[0]]></item>
					<item id="displayorder"><![CDATA[4]]></item>
					<item id="navtitle"><![CDATA[]]></item>
					<item id="navicon"><![CDATA[]]></item>
					<item id="navsubname"><![CDATA[]]></item>
					<item id="navsuburl"><![CDATA[]]></item>
				</item>
			</item>
		</item>
		<item id="version"><![CDATA[X3,X3.1,X3.2,X3.3,X3.4,F1.0,L1.0]]></item>
		<item id="var">
			<item id="0">
				<item id="displayorder"><![CDATA[1]]></item>
				<item id="title"><![CDATA[默认模式]]></item>
				<item id="description"><![CDATA[设置前台默认显示的模式，用户仍然可以自己切换喜欢的模式]]></item>
				<item id="variable"><![CDATA[mumucms_pccontrol_mode]]></item>
				<item id="type"><![CDATA[select]]></item>
				<item id="value"><![CDATA[1]]></item>
				<item id="extra"><![CDATA[1 = 经典模式
2 = 清新模式]]></item>
			</item>
			<item id="1">
				<item id="displayorder"><![CDATA[2]]></item>
				<item id="title"><![CDATA[开启导航通栏]]></item>
				<item id="description"><![CDATA[]]></item>
				<item id="variable"><![CDATA[mumucms_pccontrol_nvtonglan]]></item>
				<item id="type"><![CDATA[radio]]></item>
				<item id="value"><![CDATA[1]]></item>
				<item id="extra"><![CDATA[]]></item>
			</item>
			<item id="2">
				<item id="displayorder"><![CDATA[3]]></item>
				<item id="title"><![CDATA[开启导航悬浮]]></item>
				<item id="description"><![CDATA[]]></item>
				<item id="variable"><![CDATA[mumucms_pccontrol_nvxuanfu]]></item>
				<item id="type"><![CDATA[radio]]></item>
				<item id="value"><![CDATA[1]]></item>
				<item id="extra"><![CDATA[]]></item>
			</item>
			<item id="3">
				<item id="displayorder"><![CDATA[4]]></item>
				<item id="title"><![CDATA[开启头部背景]]></item>
				<item id="description"><![CDATA[可以控制头部背景图片的显示，不开启将显示白色背景]]></item>
				<item id="variable"><![CDATA[mumucms_pccontrol_headerbg]]></item>
				<item id="type"><![CDATA[radio]]></item>
				<item id="value"><![CDATA[0]]></item>
				<item id="extra"><![CDATA[]]></item>
			</item>
			<item id="4">
				<item id="displayorder"><![CDATA[6]]></item>
				<item id="title"><![CDATA[门户首页风格切换]]></item>
				<item id="description"><![CDATA[设置门户首页显示的风格]]></item>
				<item id="variable"><![CDATA[mumucms_pccontrol_portalstyle]]></item>
				<item id="type"><![CDATA[select]]></item>
				<item id="value"><![CDATA[1]]></item>
				<item id="extra"><![CDATA[1 = 风格一
2 = 风格二]]></item>
			</item>
			<item id="5">
				<item id="displayorder"><![CDATA[7]]></item>
				<item id="title"><![CDATA[微信登录插件]]></item>
				<item id="description"><![CDATA[请选择您正在使用的微信登录插件]]></item>
				<item id="variable"><![CDATA[mumucms_pccontrol_wxlogin]]></item>
				<item id="type"><![CDATA[select]]></item>
				<item id="value"><![CDATA[1]]></item>
				<item id="extra"><![CDATA[1 = 系统默认
2 = 西瓜微信登录
3 = 飞鸟微信登录
4 = 子木CMS微信登录
5 = 微信互联!（mawentao）]]></item>
			</item>
			<item id="6">
				<item id="displayorder"><![CDATA[8]]></item>
				<item id="title"><![CDATA[VIP会员开通页面]]></item>
				<item id="description"><![CDATA[填写VIP会员开通页面，可以是帖子说明，可以是第三方VIP插件地址]]></item>
				<item id="variable"><![CDATA[mumucms_pccontrol_vippage]]></item>
				<item id="type"><![CDATA[text]]></item>
				<item id="value"><![CDATA[#]]></item>
				<item id="extra"><![CDATA[]]></item>
			</item>
			<item id="7">
				<item id="displayorder"><![CDATA[9]]></item>
				<item id="title"><![CDATA[VIP会员用户组]]></item>
				<item id="description"><![CDATA[]]></item>
				<item id="variable"><![CDATA[mumucms_pccontrol_vipgroup]]></item>
				<item id="type"><![CDATA[groups]]></item>
				<item id="value"><![CDATA[]]></item>
				<item id="extra"><![CDATA[]]></item>
			</item>
			<item id="8">
				<item id="displayorder"><![CDATA[11]]></item>
				<item id="title"><![CDATA[小屏边栏默认搜索]]></item>
				<item id="description"><![CDATA[可以设置小屏端左侧弹出边栏里面的搜索框默认搜索内容]]></item>
				<item id="variable"><![CDATA[mumucms_pccontrol_wapsearchly]]></item>
				<item id="type"><![CDATA[select]]></item>
				<item id="value"><![CDATA[2]]></item>
				<item id="extra"><![CDATA[1 = 文章
2 = 帖子
3 = 日志
4 = 相册
5 = 群组
6 = 用户]]></item>
			</item>
			<item id="9">
				<item id="displayorder"><![CDATA[12]]></item>
				<item id="title"><![CDATA[登录注册风格切换]]></item>
				<item id="description"><![CDATA[默认为风格一，自适应比较好，但是如果安装第三方登陆注册页面错乱，可选择风格二]]></item>
				<item id="variable"><![CDATA[mumucms_pccontrol_memberstyle]]></item>
				<item id="type"><![CDATA[select]]></item>
				<item id="value"><![CDATA[1]]></item>
				<item id="extra"><![CDATA[1 = 风格一
2 = 风格二]]></item>
			</item>
			<item id="10">
				<item id="displayorder"><![CDATA[13]]></item>
				<item id="title"><![CDATA[扫码登录二维码地址]]></item>
				<item id="description"><![CDATA[用户设置登录页扫码登录二维码图片]]></item>
				<item id="variable"><![CDATA[mumucms_pccontrol_loginewm]]></item>
				<item id="type"><![CDATA[text]]></item>
				<item id="value"><![CDATA[template/mumucms_pctheme/img/footer/footer001/mumucms_weixin.png]]></item>
				<item id="extra"><![CDATA[]]></item>
			</item>
			<item id="11">
				<item id="displayorder"><![CDATA[14]]></item>
				<item id="title"><![CDATA[开启高级搜索]]></item>
				<item id="description"><![CDATA[控制头部搜索框
选择是开启高级搜索，主要搜索分类信息
选择否关闭高级搜索，采用程序默认搜索]]></item>
				<item id="variable"><![CDATA[mumucms_pccontrol_gjsearch]]></item>
				<item id="type"><![CDATA[radio]]></item>
				<item id="value"><![CDATA[1]]></item>
				<item id="extra"><![CDATA[]]></item>
			</item>
			<item id="12">
				<item id="displayorder"><![CDATA[15]]></item>
				<item id="title"><![CDATA[开启繁简切换]]></item>
				<item id="description"><![CDATA[控制简体和繁体切换功能，开启之后将在网页右上角显示简体和繁体切换功能按钮]]></item>
				<item id="variable"><![CDATA[mumucms_pccontrol_jianfan]]></item>
				<item id="type"><![CDATA[radio]]></item>
				<item id="value"><![CDATA[1]]></item>
				<item id="extra"><![CDATA[]]></item>
			</item>
		</item>
		<item id="language">
			<item id="scriptlang">
				<item id="mumucms_gaoji_bukaiqi"><![CDATA[不开启高级模式]]></item>
				<item id="mumucms_gaoji_sortid"><![CDATA[开启高级模式的分类信息]]></item>
				<item id="mumucms_gaoji_sortid_jieshao"><![CDATA[按住ctrl键可以多选]]></item>
				<item id="mumucms_nochoose"><![CDATA[未选择]]></item>
				<item id="mumucms_fwcz_sortid"><![CDATA[房屋出租对应分类信息]]></item>
				<item id="mumucms_fwcz_fid"><![CDATA[房屋出租对应版块]]></item>
				<item id="mumucms_fwcs_sortid"><![CDATA[房屋出售对应分类信息]]></item>
				<item id="mumucms_fwcs_fid"><![CDATA[房屋出售对应版块]]></item>
				<item id="mumucms_zxlp_sortid"><![CDATA[最新楼盘对应分类信息]]></item>
				<item id="mumucms_zxlp_fid"><![CDATA[最新楼盘对应版块]]></item>
				<item id="mumucms_qzzp_sortid"><![CDATA[全职招聘对应分类信息]]></item>
				<item id="mumucms_qzzp_fid"><![CDATA[全职招聘对应版块]]></item>
				<item id="mumucms_qzxx_sortid"><![CDATA[求职信息对应分类信息]]></item>
				<item id="mumucms_qzxx_fid"><![CDATA[求职信息对应版块]]></item>
				<item id="mumucms_jzzp_sortid"><![CDATA[兼职招聘对应分类信息]]></item>
				<item id="mumucms_jzzp_fid"><![CDATA[兼职招聘对应版块]]></item>
				<item id="mumucms_kbsj_sortid"><![CDATA[口碑商家对应分类信息]]></item>
				<item id="mumucms_kbsj_fid"><![CDATA[口碑商家对应版块]]></item>
				<item id="mumucms_tzsc_sortid"><![CDATA[跳蚤市场对应分类信息]]></item>
				<item id="mumucms_tzsc_fid"><![CDATA[跳蚤市场对应版块]]></item>
				<item id="mumucms_jyzx_sortid"><![CDATA[交友中心对应分类信息]]></item>
				<item id="mumucms_jyzx_fid"><![CDATA[交友中心对应版块]]></item>
				<item id="mumucms_fcjjr_sortid"><![CDATA[房产经纪人对应分类信息]]></item>
				<item id="mumucms_fcjjr_fid"><![CDATA[房产经纪人对应版块]]></item>
				<item id="mumucms_jnpx_sortid"><![CDATA[技能培训对应分类信息]]></item>
				<item id="mumucms_jnpx_fid"><![CDATA[技能培训对应版块]]></item>
				<item id="mumucms_jjfd_sortid"><![CDATA[家教辅导对应分类信息]]></item>
				<item id="mumucms_jjfd_fid"><![CDATA[家教辅导对应版块]]></item>
				<item id="mumucms_jyjg_sortid"><![CDATA[教育机构对应分类信息]]></item>
				<item id="mumucms_jyjg_fid"><![CDATA[教育机构对应版块]]></item>
				<item id="mumucms_lxym_sortid"><![CDATA[留学移民对应分类信息]]></item>
				<item id="mumucms_lxym_fid"><![CDATA[留学移民对应版块]]></item>
				<item id="mumucms_wxsl_sortid"><![CDATA[微信收录对应分类信息]]></item>
				<item id="mumucms_wxsl_fid"><![CDATA[微信收录对应版块]]></item>
				<item id="mumucms_pccontrol_forumsige"><![CDATA[开启论坛首页四格:]]></item>
				<item id="mumucms_pccontrol_forumindexside"><![CDATA[开启论坛首页边栏:]]></item>
				<item id="mumucms_pccontrol_forumlistside"><![CDATA[开启版块列表页边栏:]]></item>
				<item id="mumucms_pccontrol_forumviewside"><![CDATA[开启帖子详情页边栏:]]></item>
				<item id="mumucms_pccontrol_viewxuanfu"><![CDATA[帖子内容页作者信息悬浮:]]></item>
				<item id="mumucms_forum_tieba"><![CDATA[论坛列表设置为“贴吧模式”的版块:]]></item>
			</item>
		</item>
		<item id="installfile"><![CDATA[mumucms_pccontrol.install.php]]></item>
		<item id="upgradefile"><![CDATA[mumucms_pccontrol.upgrade.php]]></item>			
	</item>
</root>