<?xml version="1.0" encoding="ISO-8859-1"?>
<root>
	<item id="spacecss"><![CDATA[#frameubnScW { border:0px !important;margin:0px !important;}#portal_block_1384 { border:0px !important;margin:0px !important;}#portal_block_1384 .dxb_bc { margin:0px !important;}]]></item>
	<item id="layoutdata">
		<item id="diy1"><![CDATA[]]></item>
		<item id="diy_mumucms_focus">
			<item id="frame`frameubnScW">
				<item id="attr">
					<item id="name"><![CDATA[frameubnScW]]></item>
					<item id="moveable"><![CDATA[true]]></item>
					<item id="className"><![CDATA[ frame move-span cl frame-1]]></item>
					<item id="titles"><![CDATA[]]></item>
				</item>
				<item id="column`frameubnScW_left">
					<item id="attr">
						<item id="name"><![CDATA[frameubnScW_left]]></item>
						<item id="className"><![CDATA[column frame-1-c]]></item>
					</item>
					<item id="block`portal_block_1384">
						<item id="attr">
							<item id="name"><![CDATA[portal_block_1384]]></item>
							<item id="className"><![CDATA[block move-span]]></item>
							<item id="titles"><![CDATA[]]></item>
						</item>
					</item>
				</item>
			</item>
		</item>
		<item id="diysidetop"><![CDATA[]]></item>
		<item id="diysidemiddle"><![CDATA[]]></item>
		<item id="diy4"><![CDATA[]]></item>
	</item>
	<item id="blockdata">
		<item id="block">
			<item id="1384">
				<item id="bid"><![CDATA[1384]]></item>
				<item id="blockclass"><![CDATA[forum_thread]]></item>
				<item id="blocktype"><![CDATA[0]]></item>
				<item id="name"><![CDATA[幻灯片]]></item>
				<item id="title"><![CDATA[]]></item>
				<item id="classname"><![CDATA[]]></item>
				<item id="summary"><![CDATA[]]></item>
				<item id="uid"><![CDATA[1]]></item>
				<item id="username"><![CDATA[admin]]></item>
				<item id="styleid"><![CDATA[162]]></item>
				<item id="blockstyle"><![CDATA[]]></item>
				<item id="picwidth"><![CDATA[670]]></item>
				<item id="picheight"><![CDATA[260]]></item>
				<item id="target"><![CDATA[blank]]></item>
				<item id="dateformat"><![CDATA[Y-m-d]]></item>
				<item id="dateuformat"><![CDATA[0]]></item>
				<item id="script"><![CDATA[thread]]></item>
				<item id="param">
					<item id="tids"><![CDATA[]]></item>
					<item id="uids"><![CDATA[]]></item>
					<item id="keyword"><![CDATA[]]></item>
					<item id="tagkeyword"><![CDATA[]]></item>
					<item id="typeids"><![CDATA[]]></item>
					<item id="reply"><![CDATA[0]]></item>
					<item id="recommend"><![CDATA[0]]></item>
					<item id="viewmod"><![CDATA[0]]></item>
					<item id="rewardstatus"><![CDATA[0]]></item>
					<item id="picrequired"><![CDATA[1]]></item>
					<item id="orderby"><![CDATA[lastpost]]></item>
					<item id="postdateline"><![CDATA[0]]></item>
					<item id="lastpost"><![CDATA[0]]></item>
					<item id="highlight"><![CDATA[0]]></item>
					<item id="titlelength"><![CDATA[40]]></item>
					<item id="summarylength"><![CDATA[80]]></item>
					<item id="startrow"><![CDATA[0]]></item>
					<item id="items"><![CDATA[5]]></item>
				</item>
				<item id="shownum"><![CDATA[5]]></item>
				<item id="cachetime"><![CDATA[3600]]></item>
				<item id="cachetimerange"><![CDATA[]]></item>
				<item id="punctualupdate"><![CDATA[0]]></item>
				<item id="hidedisplay"><![CDATA[0]]></item>
				<item id="dateline"><![CDATA[1570892656]]></item>
				<item id="notinherited"><![CDATA[0]]></item>
				<item id="isblank"><![CDATA[0]]></item>
			</item>
		</item>
		<item id="style">
			<item id="162">
				<item id="styleid"><![CDATA[162]]></item>
				<item id="blockclass"><![CDATA[forum_thread]]></item>
				<item id="name"><![CDATA[[木木CMS]圈子频道_首页_幻灯片]]></item>
				<item id="template">
					<item id="raw"><![CDATA[			<div id="mumucms_focus" class="mumucms_focus">
				<span class="next"><i class="iconfont icon-yjiantou"></i></span> 
				<span class="prev"><i class="iconfont icon-fanhui"></i></span>	
				<div class="hd"> 
					<ul></ul>
				</div>
				<div class="bd">
					<ul>
[loop]
	<li><a href="{url}"{target}><img src="{pic}" width="{picwidth}" height="{picheight}" /></a></li>
[/loop]
					
</ul>				
</div>
			</div>			]]></item>
					<item id="footer"><![CDATA[]]></item>
					<item id="header"><![CDATA[]]></item>
					<item id="indexplus"><![CDATA[
					]]></item>
					<item id="index"><![CDATA[
					]]></item>
					<item id="orderplus"><![CDATA[
					]]></item>
					<item id="order"><![CDATA[
					]]></item>
					<item id="loopplus"><![CDATA[
					]]></item>
					<item id="loop"><![CDATA[<li><a href="{url}"{target}><img src="{pic}" width="{picwidth}" height="{picheight}" /></a></li>]]></item>
				</item>
				<item id="hash"><![CDATA[b61f52d7]]></item>
				<item id="getpic"><![CDATA[1]]></item>
				<item id="getsummary"><![CDATA[0]]></item>
				<item id="makethumb"><![CDATA[1]]></item>
				<item id="settarget"><![CDATA[1]]></item>
				<item id="fields">
					<item id="0"><![CDATA[url]]></item>
					<item id="1"><![CDATA[pic]]></item>
				</item>
				<item id="moreurl"><![CDATA[0]]></item>
			</item>
		</item>
	</item>
</root>
