<?xml version="1.0" encoding="ISO-8859-1"?>
<root>
	<item id="Title"><![CDATA[Discuz! Plugin]]></item>
	<item id="version"><![CDATA[X3,X3.1,X3.2,X3.3,X3.4,X3.5,F1.0,L1.0]]></item>
	<item id="Time"><![CDATA[2020-02-28 18:15]]></item>
	<item id="From"><![CDATA[DisM!应用中心 (https://DisM.Taobao.Com/)]]></item>
	<item id="Data">
		<item id="plugin">
			<item id="available"><![CDATA[1]]></item>
			<item id="adminid"><![CDATA[0]]></item>
			<item id="name"><![CDATA[【西瓜】触屏版后台]]></item>
			<item id="identifier"><![CDATA[xigua_th]]></item>
			<item id="description"><![CDATA[]]></item>
			<item id="datatables"><![CDATA[]]></item>
			<item id="directory"><![CDATA[xigua_th/]]></item>
			<item id="copyright"><![CDATA[DisM!应用中心(dism.taobao.com)]]></item>
			<item id="version"><![CDATA[15.20170519]]></item>
			<item id="__modules">
				<item id="0">
					<item id="name"><![CDATA[touch]]></item>
					<item id="param"><![CDATA[]]></item>
					<item id="menu"><![CDATA[<b style='color:red'>配套模版安装</b>]]></item>
					<item id="url"><![CDATA[]]></item>
					<item id="type"><![CDATA[3]]></item>
					<item id="adminid"><![CDATA[0]]></item>
					<item id="displayorder"><![CDATA[8]]></item>
					<item id="navtitle"><![CDATA[]]></item>
					<item id="navicon"><![CDATA[]]></item>
					<item id="navsubname"><![CDATA[]]></item>
					<item id="navsuburl"><![CDATA[]]></item>
				</item>
				<item id="1">
					<item id="name"><![CDATA[app]]></item>
					<item id="param"><![CDATA[]]></item>
					<item id="menu"><![CDATA[<b style='color:red'>更多DisM!插件</b>]]></item>
					<item id="url"><![CDATA[]]></item>
					<item id="type"><![CDATA[3]]></item>
					<item id="adminid"><![CDATA[0]]></item>
					<item id="displayorder"><![CDATA[99]]></item>
					<item id="navtitle"><![CDATA[]]></item>
					<item id="navicon"><![CDATA[]]></item>
					<item id="navsubname"><![CDATA[]]></item>
					<item id="navsuburl"><![CDATA[]]></item>
				</item>
			</item>
		</item>
	    <item id="version"><![CDATA[X3,X3.1,X3.2,X3.3,X3.4,X3.5,F1.0,L1.0]]></item>
		<item id="var">
			<item id="0">
				<item id="displayorder"><![CDATA[2]]></item>
				<item id="title"><![CDATA[主色调]]></item>
				<item id="description"><![CDATA[]]></item>
				<item id="variable"><![CDATA[color1]]></item>
				<item id="type"><![CDATA[color]]></item>
				<item id="value"><![CDATA[]]></item>
				<item id="extra"><![CDATA[]]></item>
			</item>
			<item id="1">
				<item id="displayorder"><![CDATA[4]]></item>
				<item id="title"><![CDATA[辅色调]]></item>
				<item id="description"><![CDATA[]]></item>
				<item id="variable"><![CDATA[color2]]></item>
				<item id="type"><![CDATA[color]]></item>
				<item id="value"><![CDATA[]]></item>
				<item id="extra"><![CDATA[]]></item>
			</item>
			<item id="2">
				<item id="displayorder"><![CDATA[5]]></item>
				<item id="title"><![CDATA[logo]]></item>
				<item id="description"><![CDATA[请填写logo的图片地址]]></item>
				<item id="variable"><![CDATA[logo]]></item>
				<item id="type"><![CDATA[text]]></item>
				<item id="value"><![CDATA[template/xigua_touch/xtatic/logo.png]]></item>
				<item id="extra"><![CDATA[]]></item>
			</item>
			<item id="3">
				<item id="displayorder"><![CDATA[7]]></item>
				<item id="title"><![CDATA[首页默认展示]]></item>
				<item id="description"><![CDATA[请在后台-全局-手机版访问设置-关闭热帖]]></item>
				<item id="variable"><![CDATA[default_index]]></item>
				<item id="type"><![CDATA[select]]></item>
				<item id="value"><![CDATA[forum.php%3fmod%3dguide%26view%3dnewthread]]></item>
				<item id="extra"><![CDATA[0=默认
forum.php%3fmod%3dguide%26view%3dnewthread=最新发表
forum.php%3fmod%3dguide%26view%3dhot=最新热门
forum.php%3fmod%3dguide%26view%3ddigest=最新精华
forum.php%3fmod%3dguide%26view%3dnew=最新回复
forum.php%3fmod%3dguide%26view%3dsofa=抢沙发]]></item>
			</item>
			<item id="4">
				<item id="displayorder"><![CDATA[9]]></item>
				<item id="title"><![CDATA[侧边栏导航]]></item>
				<item id="description"><![CDATA[每行一个,格式:
文字,链接,图标地址（图标没有可以留空）]]></item>
				<item id="variable"><![CDATA[sideboxnav]]></item>
				<item id="type"><![CDATA[textarea]]></item>
				<item id="value"><![CDATA[]]></item>
				<item id="extra"><![CDATA[]]></item>
			</item>
			<item id="5">
				<item id="displayorder"><![CDATA[11]]></item>
				<item id="title"><![CDATA[个人主页导航]]></item>
				<item id="description"><![CDATA[每行一个,格式:
文字,链接,图标地址（图标没有可以留空）]]></item>
				<item id="variable"><![CDATA[mycenter]]></item>
				<item id="type"><![CDATA[textarea]]></item>
				<item id="value"><![CDATA[]]></item>
				<item id="extra"><![CDATA[]]></item>
			</item>
			<item id="6">
				<item id="displayorder"><![CDATA[13]]></item>
				<item id="title"><![CDATA[主页顶部导航]]></item>
				<item id="description"><![CDATA[每行一个,格式:
文字,链接]]></item>
				<item id="variable"><![CDATA[top_banner]]></item>
				<item id="type"><![CDATA[textarea]]></item>
				<item id="value"><![CDATA[首页,forum.php
资讯,portal.php?mod=list&catid=1
灌水,forum.php?mod=forumdisplay&fid=2&filter=typeid&typeid=1&orderby=dateline&mobile=2
闲谈,forum.php?mod=forumdisplay&fid=2&filter=typeid&typeid=2&orderby=dateline&mobile=2
标签,misc.php?mod=tag&mobile=2
征婚交友,forum.php?mod=forumdisplay&fid=36&mobile=2
美食推荐,forum.php?mod=forumdisplay&fid=39&mobile=2
吃货协会,forum.php?mod=forumdisplay&fid=38&mobile=2]]></item>
				<item id="extra"><![CDATA[]]></item>
			</item>
			<item id="7">
				<item id="displayorder"><![CDATA[17]]></item>
				<item id="title"><![CDATA[主页轮播]]></item>
				<item id="description"><![CDATA[每行一个,格式:
文字,链接,图片地址]]></item>
				<item id="variable"><![CDATA[top_navslider]]></item>
				<item id="type"><![CDATA[textarea]]></item>
				<item id="value"><![CDATA[]]></item>
				<item id="extra"><![CDATA[]]></item>
			</item>
			<item id="8">
				<item id="displayorder"><![CDATA[22]]></item>
				<item id="title"><![CDATA[主页图标轮播]]></item>
				<item id="description"><![CDATA[每行一个,格式:
文字,链接,图标地址（图标没有可以留空）]]></item>
				<item id="variable"><![CDATA[top_iconlist]]></item>
				<item id="type"><![CDATA[textarea]]></item>
				<item id="value"><![CDATA[]]></item>
				<item id="extra"><![CDATA[]]></item>
			</item>
			<item id="9">
				<item id="displayorder"><![CDATA[23]]></item>
				<item id="title"><![CDATA[门户文章顶部导航]]></item>
				<item id="description"><![CDATA[每行一个,格式:
文字,链接]]></item>
				<item id="variable"><![CDATA[portal_banner]]></item>
				<item id="type"><![CDATA[textarea]]></item>
				<item id="value"><![CDATA[首页,forum.php
资讯,portal.php?mod=list&catid=1
灌水,forum.php?mod=forumdisplay&fid=2&filter=typeid&typeid=1&orderby=dateline&mobile=2
闲谈,forum.php?mod=forumdisplay&fid=2&filter=typeid&typeid=2&orderby=dateline&mobile=2
标签,misc.php?mod=tag&mobile=2
征婚交友,forum.php?mod=forumdisplay&fid=36&mobile=2
美食推荐,forum.php?mod=forumdisplay&fid=39&mobile=2
吃货协会,forum.php?mod=forumdisplay&fid=38&mobile=2]]></item>
				<item id="extra"><![CDATA[]]></item>
			</item>
			<item id="10">
				<item id="displayorder"><![CDATA[24]]></item>
				<item id="title"><![CDATA[图片铺满]]></item>
				<item id="description"><![CDATA[]]></item>
				<item id="variable"><![CDATA[fillimg]]></item>
				<item id="type"><![CDATA[radio]]></item>
				<item id="value"><![CDATA[1]]></item>
				<item id="extra"><![CDATA[]]></item>
			</item>
			<item id="11">
				<item id="displayorder"><![CDATA[25]]></item>
				<item id="title"><![CDATA[屏蔽列表图片]]></item>
				<item id="description"><![CDATA[]]></item>
				<item id="variable"><![CDATA[disfids]]></item>
				<item id="type"><![CDATA[forums]]></item>
				<item id="extra"><![CDATA[]]></item>
				<item id="__value">
					<item id="0"><![CDATA[]]></item>
				</item>
			</item>
			<item id="12">
				<item id="displayorder"><![CDATA[26]]></item>
				<item id="title"><![CDATA[自定义颜色1]]></item>
				<item id="description"><![CDATA[]]></item>
				<item id="variable"><![CDATA[color_1]]></item>
				<item id="type"><![CDATA[color]]></item>
				<item id="value"><![CDATA[]]></item>
				<item id="extra"><![CDATA[]]></item>
			</item>
			<item id="13">
				<item id="displayorder"><![CDATA[27]]></item>
				<item id="title"><![CDATA[自定义颜色2]]></item>
				<item id="description"><![CDATA[]]></item>
				<item id="variable"><![CDATA[color_2]]></item>
				<item id="type"><![CDATA[color]]></item>
				<item id="value"><![CDATA[]]></item>
				<item id="extra"><![CDATA[]]></item>
			</item>
			<item id="14">
				<item id="displayorder"><![CDATA[28]]></item>
				<item id="title"><![CDATA[自定义颜色3]]></item>
				<item id="description"><![CDATA[]]></item>
				<item id="variable"><![CDATA[color_3]]></item>
				<item id="type"><![CDATA[color]]></item>
				<item id="value"><![CDATA[]]></item>
				<item id="extra"><![CDATA[]]></item>
			</item>
			<item id="15">
				<item id="displayorder"><![CDATA[29]]></item>
				<item id="title"><![CDATA[自定义颜色4]]></item>
				<item id="description"><![CDATA[]]></item>
				<item id="variable"><![CDATA[color_4]]></item>
				<item id="type"><![CDATA[color]]></item>
				<item id="value"><![CDATA[]]></item>
				<item id="extra"><![CDATA[]]></item>
			</item>
			<item id="16">
				<item id="displayorder"><![CDATA[30]]></item>
				<item id="title"><![CDATA[自定义颜色5]]></item>
				<item id="description"><![CDATA[]]></item>
				<item id="variable"><![CDATA[color_5]]></item>
				<item id="type"><![CDATA[color]]></item>
				<item id="value"><![CDATA[]]></item>
				<item id="extra"><![CDATA[]]></item>
			</item>
			<item id="17">
				<item id="displayorder"><![CDATA[31]]></item>
				<item id="title"><![CDATA[自定义颜色6]]></item>
				<item id="description"><![CDATA[]]></item>
				<item id="variable"><![CDATA[color_6]]></item>
				<item id="type"><![CDATA[color]]></item>
				<item id="value"><![CDATA[]]></item>
				<item id="extra"><![CDATA[]]></item>
			</item>
			<item id="18">
				<item id="displayorder"><![CDATA[32]]></item>
				<item id="title"><![CDATA[自定义颜色7]]></item>
				<item id="description"><![CDATA[]]></item>
				<item id="variable"><![CDATA[color_7]]></item>
				<item id="type"><![CDATA[color]]></item>
				<item id="value"><![CDATA[]]></item>
				<item id="extra"><![CDATA[]]></item>
			</item>
			<item id="19">
				<item id="displayorder"><![CDATA[33]]></item>
				<item id="title"><![CDATA[自定义颜色8]]></item>
				<item id="description"><![CDATA[]]></item>
				<item id="variable"><![CDATA[color_8]]></item>
				<item id="type"><![CDATA[color]]></item>
				<item id="value"><![CDATA[]]></item>
				<item id="extra"><![CDATA[]]></item>
			</item>
			<item id="20">
				<item id="displayorder"><![CDATA[34]]></item>
				<item id="title"><![CDATA[自定义颜色9]]></item>
				<item id="description"><![CDATA[]]></item>
				<item id="variable"><![CDATA[color_9]]></item>
				<item id="type"><![CDATA[color]]></item>
				<item id="value"><![CDATA[]]></item>
				<item id="extra"><![CDATA[]]></item>
			</item>
			<item id="21">
				<item id="displayorder"><![CDATA[35]]></item>
				<item id="title"><![CDATA[自定义颜色10]]></item>
				<item id="description"><![CDATA[]]></item>
				<item id="variable"><![CDATA[color_10]]></item>
				<item id="type"><![CDATA[color]]></item>
				<item id="value"><![CDATA[]]></item>
				<item id="extra"><![CDATA[]]></item>
			</item>
			<item id="22">
				<item id="displayorder"><![CDATA[36]]></item>
				<item id="title"><![CDATA[自定义颜色11]]></item>
				<item id="description"><![CDATA[]]></item>
				<item id="variable"><![CDATA[color_11]]></item>
				<item id="type"><![CDATA[color]]></item>
				<item id="value"><![CDATA[]]></item>
				<item id="extra"><![CDATA[]]></item>
			</item>
			<item id="23">
				<item id="displayorder"><![CDATA[37]]></item>
				<item id="title"><![CDATA[自定义统计代码]]></item>
				<item id="description"><![CDATA[可以放js统计代码，和一些其他用途的js代码，请勿放置非js代码。]]></item>
				<item id="variable"><![CDATA[append]]></item>
				<item id="type"><![CDATA[textarea]]></item>
				<item id="value"><![CDATA[]]></item>
				<item id="extra"><![CDATA[]]></item>
			</item>
			<item id="24">
				<item id="displayorder"><![CDATA[38]]></item>
				<item id="title"><![CDATA[主列表页样式]]></item>
				<item id="description"><![CDATA[]]></item>
				<item id="variable"><![CDATA[mainlist]]></item>
				<item id="type"><![CDATA[select]]></item>
				<item id="value"><![CDATA[1]]></item>
				<item id="extra"><![CDATA[1=混搭风
2=今日头条]]></item>
			</item>
			<item id="25">
				<item id="displayorder"><![CDATA[39]]></item>
				<item id="title"><![CDATA[首页系统列表]]></item>
				<item id="description"><![CDATA[]]></item>
				<item id="variable"><![CDATA[showlistidx]]></item>
				<item id="type"><![CDATA[selects]]></item>
				<item id="extra"><![CDATA[0=无
newthread=最新发表
hot=最新热门
digest=最新精华
new=最新回复
sofa=抢沙发]]></item>
				<item id="__value">
					<item id="0"><![CDATA[newthread]]></item>
					<item id="1"><![CDATA[hot]]></item>
					<item id="2"><![CDATA[digest]]></item>
					<item id="3"><![CDATA[new]]></item>
					<item id="4"><![CDATA[sofa]]></item>
				</item>
			</item>
			<item id="26">
				<item id="displayorder"><![CDATA[39]]></item>
				<item id="title"><![CDATA[首页系统列表文字]]></item>
				<item id="description"><![CDATA[每行一个，分别为：
最新发表
最新热门
最新精华
最新回复
抢沙发]]></item>
				<item id="variable"><![CDATA[showlistidx1]]></item>
				<item id="type"><![CDATA[textarea]]></item>
				<item id="value"><![CDATA[最新
最热
精华
回复
沙发]]></item>
				<item id="extra"><![CDATA[]]></item>
			</item>
			<item id="27">
				<item id="displayorder"><![CDATA[40]]></item>
				<item id="title"><![CDATA[公共底部按钮]]></item>
				<item id="description"><![CDATA[每行一个,格式:
文字,链接,图片地址
个人主页不会替换 其他会替换]]></item>
				<item id="variable"><![CDATA[bottomstr]]></item>
				<item id="type"><![CDATA[textarea]]></item>
				<item id="value"><![CDATA[]]></item>
				<item id="extra"><![CDATA[]]></item>
			</item>
			<item id="28">
				<item id="displayorder"><![CDATA[41]]></item>
				<item id="title"><![CDATA[替换关注链接]]></item>
				<item id="description"><![CDATA[开启后，楼主右侧的关注按钮，会直接链接到此链接，请慎重取舍。]]></item>
				<item id="variable"><![CDATA[guanzhu]]></item>
				<item id="type"><![CDATA[text]]></item>
				<item id="value"><![CDATA[]]></item>
				<item id="extra"><![CDATA[]]></item>
			</item>
			<item id="29">
				<item id="displayorder"><![CDATA[42]]></item>
				<item id="title"><![CDATA[帖子页图片间隔]]></item>
				<item id="description"><![CDATA[]]></item>
				<item id="variable"><![CDATA[jiange]]></item>
				<item id="type"><![CDATA[select]]></item>
				<item id="value"><![CDATA[2]]></item>
				<item id="extra"><![CDATA[1=默认
2=小
3=无]]></item>
			</item>
			<item id="30">
				<item id="displayorder"><![CDATA[43]]></item>
				<item id="title"><![CDATA[发帖页隐藏板块]]></item>
				<item id="description"><![CDATA[选择的板块会被隐藏]]></item>
				<item id="variable"><![CDATA[showinpost]]></item>
				<item id="type"><![CDATA[forums]]></item>
				<item id="extra"><![CDATA[]]></item>
				<item id="__value">
					<item id="0"><![CDATA[]]></item>
				</item>
			</item>
			<item id="31">
				<item id="displayorder"><![CDATA[44]]></item>
				<item id="title"><![CDATA[首页隐藏帖子]]></item>
				<item id="description"><![CDATA[选中的板块的帖子不会在首页显示。但数量依旧存在可能会导致分页不准！置顶除外]]></item>
				<item id="variable"><![CDATA[hideinforum]]></item>
				<item id="type"><![CDATA[forums]]></item>
				<item id="extra"><![CDATA[]]></item>
				<item id="__value">
					<item id="0"><![CDATA[]]></item>
				</item>
			</item>
			<item id="32">
				<item id="displayorder"><![CDATA[45]]></item>
				<item id="title"><![CDATA[列表读取外链图片]]></item>
				<item id="description"><![CDATA[开启后，会读取帖子内的外链图片。
但这会加重服务器负担，如果站内的外链图片较少，建议关闭此项。]]></item>
				<item id="variable"><![CDATA[allowimgtag]]></item>
				<item id="type"><![CDATA[radio]]></item>
				<item id="value"><![CDATA[0]]></item>
				<item id="extra"><![CDATA[]]></item>
			</item>
			<item id="33">
				<item id="displayorder"><![CDATA[46]]></item>
				<item id="title"><![CDATA[首页大优惠]]></item>
				<item id="description"><![CDATA[链接,图片地址]]></item>
				<item id="variable"><![CDATA[bighui]]></item>
				<item id="type"><![CDATA[text]]></item>
				<item id="value"><![CDATA[]]></item>
				<item id="extra"><![CDATA[]]></item>
			</item>
			<item id="34">
				<item id="displayorder"><![CDATA[47]]></item>
				<item id="title"><![CDATA[首页小优惠]]></item>
				<item id="description"><![CDATA[每行一个，格式：
大标题,小标题,图片地址,网页链接]]></item>
				<item id="variable"><![CDATA[smallhui]]></item>
				<item id="type"><![CDATA[textarea]]></item>
				<item id="value"><![CDATA[秒杀专场,1元秒杀整点抢,source/plugin/xigua_th/iQ-BJxHYDGsZVJYoU7SMrpUG.png,#
零食专场,9.9元抢手货,source/plugin/xigua_th/MIG8NX0zLBGAzSCh9qC89Sf_.png,#
满减专区,优惠天天享,source/plugin/xigua_th/pA49RN_7sxC79XFOE2mmU5Ep.png,#
鞋包专场,19元拔草记,source/plugin/xigua_th/6HGEbseZ7uG3jmtMvpgfODSj.png,#
好物TOP榜,居家好物低至7折,source/plugin/xigua_th/Z1lf7UMNI6mZa87pQYk2Gcg0.png,#
服饰专场,39元TOP榜,source/plugin/xigua_th/YggoSI5Po1_6EahWbNqPzSQR.png,#]]></item>
				<item id="extra"><![CDATA[]]></item>
			</item>
			<item id="35">
				<item id="displayorder"><![CDATA[48]]></item>
				<item id="title"><![CDATA[列表页显示gif]]></item>
				<item id="description"><![CDATA[开启后列表页图片会显示gif，建议关闭。]]></item>
				<item id="variable"><![CDATA[showgif]]></item>
				<item id="type"><![CDATA[radio]]></item>
				<item id="value"><![CDATA[1]]></item>
				<item id="extra"><![CDATA[]]></item>
			</item>
			<item id="36">
				<item id="displayorder"><![CDATA[49]]></item>
				<item id="title"><![CDATA[头条文字]]></item>
				<item id="description"><![CDATA[]]></item>
				<item id="variable"><![CDATA[toutiao]]></item>
				<item id="type"><![CDATA[text]]></item>
				<item id="value"><![CDATA[生活头条]]></item>
				<item id="extra"><![CDATA[]]></item>
			</item>
			<item id="37">
				<item id="displayorder"><![CDATA[50]]></item>
				<item id="title"><![CDATA[头条颜色]]></item>
				<item id="description"><![CDATA[]]></item>
				<item id="variable"><![CDATA[toutiaocolor]]></item>
				<item id="type"><![CDATA[color]]></item>
				<item id="value"><![CDATA[]]></item>
				<item id="extra"><![CDATA[]]></item>
			</item>
			<item id="38">
				<item id="displayorder"><![CDATA[51]]></item>
				<item id="title"><![CDATA[头条项目]]></item>
				<item id="description"><![CDATA[一行一个，格式：
文字,链接]]></item>
				<item id="variable"><![CDATA[toutiaoitems]]></item>
				<item id="type"><![CDATA[textarea]]></item>
				<item id="value"><![CDATA[报告！前方有一大波实力颜好的手机配件,#
潮服春焕新，轻松穿出男神范,#
秒杀专场1元秒杀整点,#
来不来看你了,#]]></item>
				<item id="extra"><![CDATA[]]></item>
			</item>
			<item id="39">
				<item id="displayorder"><![CDATA[53]]></item>
				<item id="title"><![CDATA[全局字重]]></item>
				<item id="description"><![CDATA[留空表示跟随手机系统。
数字越大字体越粗]]></item>
				<item id="variable"><![CDATA[fontweight]]></item>
				<item id="type"><![CDATA[number]]></item>
				<item id="value"><![CDATA[300]]></item>
				<item id="extra"><![CDATA[]]></item>
			</item>
			<item id="40">
				<item id="displayorder"><![CDATA[54]]></item>
				<item id="title"><![CDATA[净化手机版标题]]></item>
				<item id="description"><![CDATA[]]></item>
				<item id="variable"><![CDATA[hidewaptitle]]></item>
				<item id="type"><![CDATA[radio]]></item>
				<item id="value"><![CDATA[0]]></item>
				<item id="extra"><![CDATA[]]></item>
			</item>
			<item id="41">
				<item id="displayorder"><![CDATA[55]]></item>
				<item id="title"><![CDATA[版块列表开启两列模式]]></item>
				<item id="description"><![CDATA[]]></item>
				<item id="variable"><![CDATA[discuz1]]></item>
				<item id="type"><![CDATA[radio]]></item>
				<item id="value"><![CDATA[0]]></item>
				<item id="extra"><![CDATA[]]></item>
			</item>
		</item>
	</item>
</root>