<?xml version="1.0" encoding="ISO-8859-1"?>
<root>
	<item id="Title"><![CDATA[Discuz! Plugin]]></item>
	<item id="Version"><![CDATA[X3,X3.1,X3.2,X3.3,X3.4,F1.0,L1.0]]></item>
	<item id="Time"><![CDATA[2019-07-18 09:18]]></item>
	<item id="From"><![CDATA[DisM!应用中心 (https://DisM.Taobao.Com/)]]></item>
	<item id="Data">
		<item id="plugin">
			<item id="available"><![CDATA[1]]></item>
			<item id="adminid"><![CDATA[0]]></item>
			<item id="name"><![CDATA[威兔WAP管理插件]]></item>
			<item id="identifier"><![CDATA[v2_wap_03]]></item>
			<item id="description"><![CDATA[威兔网版权所有]]></item>
			<item id="datatables"><![CDATA[]]></item>
			<item id="directory"><![CDATA[v2_wap_03/]]></item>
			<item id="copyright"><![CDATA[DisM!应用中心(dism.taobao.com)]]></item>
			<item id="version"><![CDATA[6.7.2]]></item>
			<item id="__modules">
				<item id="0">
					<item id="name"><![CDATA[n1]]></item>
					<item id="param"><![CDATA[]]></item>
					<item id="menu"><![CDATA[模板功能]]></item>
					<item id="url"><![CDATA[]]></item>
					<item id="type"><![CDATA[3]]></item>
					<item id="adminid"><![CDATA[0]]></item>
					<item id="displayorder"><![CDATA[1]]></item>
					<item id="navtitle"><![CDATA[]]></item>
					<item id="navicon"><![CDATA[]]></item>
					<item id="navsubname"><![CDATA[]]></item>
					<item id="navsuburl"><![CDATA[]]></item>
				</item>
				<item id="1">
					<item id="name"><![CDATA[n2]]></item>
					<item id="param"><![CDATA[]]></item>
					<item id="menu"><![CDATA[列表页]]></item>
					<item id="url"><![CDATA[]]></item>
					<item id="type"><![CDATA[3]]></item>
					<item id="adminid"><![CDATA[0]]></item>
					<item id="displayorder"><![CDATA[2]]></item>
					<item id="navtitle"><![CDATA[]]></item>
					<item id="navicon"><![CDATA[]]></item>
					<item id="navsubname"><![CDATA[]]></item>
					<item id="navsuburl"><![CDATA[]]></item>
				</item>
				<item id="2">
					<item id="name"><![CDATA[n3]]></item>
					<item id="param"><![CDATA[]]></item>
					<item id="menu"><![CDATA[阅读页]]></item>
					<item id="url"><![CDATA[]]></item>
					<item id="type"><![CDATA[3]]></item>
					<item id="adminid"><![CDATA[0]]></item>
					<item id="displayorder"><![CDATA[3]]></item>
					<item id="navtitle"><![CDATA[]]></item>
					<item id="navicon"><![CDATA[]]></item>
					<item id="navsubname"><![CDATA[]]></item>
					<item id="navsuburl"><![CDATA[]]></item>
				</item>
				<item id="3">
					<item id="name"><![CDATA[n4]]></item>
					<item id="param"><![CDATA[]]></item>
					<item id="menu"><![CDATA[聚合页]]></item>
					<item id="url"><![CDATA[]]></item>
					<item id="type"><![CDATA[3]]></item>
					<item id="adminid"><![CDATA[0]]></item>
					<item id="displayorder"><![CDATA[4]]></item>
					<item id="navtitle"><![CDATA[]]></item>
					<item id="navicon"><![CDATA[]]></item>
					<item id="navsubname"><![CDATA[]]></item>
					<item id="navsuburl"><![CDATA[]]></item>
				</item>
				<item id="4">
					<item id="name"><![CDATA[n5]]></item>
					<item id="param"><![CDATA[]]></item>
					<item id="menu"><![CDATA[其他功能]]></item>
					<item id="url"><![CDATA[]]></item>
					<item id="type"><![CDATA[3]]></item>
					<item id="adminid"><![CDATA[0]]></item>
					<item id="displayorder"><![CDATA[5]]></item>
					<item id="navtitle"><![CDATA[]]></item>
					<item id="navicon"><![CDATA[]]></item>
					<item id="navsubname"><![CDATA[]]></item>
					<item id="navsuburl"><![CDATA[]]></item>
				</item>
				<item id="5">
					<item id="name"><![CDATA[update]]></item>
					<item id="param"><![CDATA[]]></item>
					<item id="menu"><![CDATA[<font style="color:#048348;font-weight:bold;">推荐模板</font>]]></item>
					<item id="url"><![CDATA[]]></item>
					<item id="type"><![CDATA[3]]></item>
					<item id="adminid"><![CDATA[0]]></item>
					<item id="displayorder"><![CDATA[6]]></item>
					<item id="navtitle"><![CDATA[]]></item>
					<item id="navicon"><![CDATA[]]></item>
					<item id="navsubname"><![CDATA[]]></item>
					<item id="navsuburl"><![CDATA[]]></item>
				</item>
				<item id="6">
					<item id="name"><![CDATA[more]]></item>
					<item id="param"><![CDATA[]]></item>
					<item id="menu"><![CDATA[<font style="color:#f00;font-weight:bold;">更多应用及消息通知</font>]]></item>
					<item id="url"><![CDATA[]]></item>
					<item id="type"><![CDATA[3]]></item>
					<item id="adminid"><![CDATA[0]]></item>
					<item id="displayorder"><![CDATA[7]]></item>
					<item id="navtitle"><![CDATA[]]></item>
					<item id="navicon"><![CDATA[]]></item>
					<item id="navsubname"><![CDATA[]]></item>
					<item id="navsuburl"><![CDATA[]]></item>
				</item>
				<item id="7">
					<item id="name"><![CDATA[mobile]]></item>
					<item id="param"><![CDATA[]]></item>
					<item id="menu"><![CDATA[]]></item>
					<item id="url"><![CDATA[]]></item>
					<item id="type"><![CDATA[28]]></item>
					<item id="adminid"><![CDATA[0]]></item>
					<item id="displayorder"><![CDATA[8]]></item>
					<item id="navtitle"><![CDATA[]]></item>
					<item id="navicon"><![CDATA[]]></item>
					<item id="navsubname"><![CDATA[]]></item>
					<item id="navsuburl"><![CDATA[]]></item>
				</item>
				<item id="8">
					<item id="name"><![CDATA[hook]]></item>
					<item id="param"><![CDATA[]]></item>
					<item id="menu"><![CDATA[]]></item>
					<item id="url"><![CDATA[]]></item>
					<item id="type"><![CDATA[11]]></item>
					<item id="adminid"><![CDATA[0]]></item>
					<item id="displayorder"><![CDATA[9]]></item>
					<item id="navtitle"><![CDATA[]]></item>
					<item id="navicon"><![CDATA[]]></item>
					<item id="navsubname"><![CDATA[]]></item>
					<item id="navsuburl"><![CDATA[]]></item>
				</item>
			</item>
		</item>
		<item id="version"><![CDATA[X3,X3.1,X3.2,X3.3,X3.4,F1.0,L1.0]]></item>
		<item id="var">
			<item id="0">
				<item id="displayorder"><![CDATA[1]]></item>
				<item id="title"><![CDATA[模板key]]></item>
				<item id="description"><![CDATA[模板key保持默认无需填写!]]></item>
				<item id="variable"><![CDATA[tplkey]]></item>
				<item id="type"><![CDATA[text]]></item>
				<item id="value"><![CDATA[0000]]></item>
				<item id="extra"><![CDATA[]]></item>
			</item>
			<item id="1">
				<item id="displayorder"><![CDATA[2]]></item>
				<item id="title"><![CDATA[风格CSS文件]]></item>
				<item id="description"><![CDATA[文件名称格式为 style.default.css , 只需填写 default 即可]]></item>
				<item id="variable"><![CDATA[tplstylecss]]></item>
				<item id="type"><![CDATA[text]]></item>
				<item id="value"><![CDATA[default]]></item>
				<item id="extra"><![CDATA[]]></item>
			</item>
			<item id="2">
				<item id="displayorder"><![CDATA[3]]></item>
				<item id="title"><![CDATA[模板配色]]></item>
				<item id="description"><![CDATA[在此输入或选择颜色代码，如：#353b44]]></item>
				<item id="variable"><![CDATA[tplcolorcssa]]></item>
				<item id="type"><![CDATA[color]]></item>
				<item id="value"><![CDATA[#42ABED]]></item>
				<item id="extra"><![CDATA[]]></item>
			</item>
			<item id="3">
				<item id="displayorder"><![CDATA[4]]></item>
				<item id="title"><![CDATA[高亮配色]]></item>
				<item id="description"><![CDATA[在此输入或选择颜色代码，如：#4078c0]]></item>
				<item id="variable"><![CDATA[tplcolorcssb]]></item>
				<item id="type"><![CDATA[color]]></item>
				<item id="value"><![CDATA[#42ABED]]></item>
				<item id="extra"><![CDATA[]]></item>
			</item>
			<item id="4">
				<item id="displayorder"><![CDATA[5]]></item>
				<item id="title"><![CDATA[页眉文字颜色]]></item>
				<item id="description"><![CDATA[在此输入或选择颜色代码，如：#ffffff]]></item>
				<item id="variable"><![CDATA[tplcolorcssc]]></item>
				<item id="type"><![CDATA[color]]></item>
				<item id="value"><![CDATA[#ffffff]]></item>
				<item id="extra"><![CDATA[]]></item>
			</item>
			<item id="5">
				<item id="displayorder"><![CDATA[6]]></item>
				<item id="title"><![CDATA[页脚浮动菜单文字颜色]]></item>
				<item id="description"><![CDATA[在此输入或选择颜色代码，如：#666666]]></item>
				<item id="variable"><![CDATA[tplcolorcssd]]></item>
				<item id="type"><![CDATA[color]]></item>
				<item id="value"><![CDATA[#666666]]></item>
				<item id="extra"><![CDATA[]]></item>
			</item>
			<item id="6">
				<item id="displayorder"><![CDATA[7]]></item>
				<item id="title"><![CDATA[自定义CSS]]></item>
				<item id="description"><![CDATA[在此加入自定义CSS，运行级别优先于风格CSS文件;]]></item>
				<item id="variable"><![CDATA[tplcssdiy]]></item>
				<item id="type"><![CDATA[textarea]]></item>
				<item id="value"><![CDATA[/**页头自定义背景色**/
.pg_viewthread .header, .pg_view .header { background-color: #fff; border-bottom: 1px solid #f5f5f5; color:#333; }
.pg_viewthread .header .new, .pg_view .header .new { background:#333; }
.pg_viewthread .header a, .pg_view .header a { color:#333; }
/**页头自定义背景色**/]]></item>
				<item id="extra"><![CDATA[]]></item>
			</item>
			<item id="7">
				<item id="displayorder"><![CDATA[8]]></item>
				<item id="title"><![CDATA[网站LOGO]]></item>
				<item id="description"><![CDATA[填写网站logo图片地址]]></item>
				<item id="variable"><![CDATA[logourl]]></item>
				<item id="type"><![CDATA[text]]></item>
				<item id="value"><![CDATA[template/v2_mbl20121009/touch_plus/image/logo.png]]></item>
				<item id="extra"><![CDATA[]]></item>
			</item>
			<item id="8">
				<item id="displayorder"><![CDATA[9]]></item>
				<item id="title"><![CDATA[默认首页]]></item>
				<item id="description"><![CDATA[在此填入网站网址(如: http://www.baidu.com ), 留空默认为论坛地址]]></item>
				<item id="variable"><![CDATA[tplwapurl]]></item>
				<item id="type"><![CDATA[text]]></item>
				<item id="value"><![CDATA[]]></item>
				<item id="extra"><![CDATA[]]></item>
			</item>
			<item id="9">
				<item id="displayorder"><![CDATA[10]]></item>
				<item id="title"><![CDATA[侧栏导航]]></item>
				<item id="description"><![CDATA[每行一个链接, 格式如下: 链接名称|链接地址|图标文件名|文字颜色|右侧附加内容 ; 每一项以 | 分割, 如中间有空项, 请保留 | ]]></item>
				<item id="variable"><![CDATA[tplsidemenus]]></item>
				<item id="type"><![CDATA[textarea]]></item>
				<item id="value"><![CDATA[首页|touch|home|#f30
社区|forum.php?forumlist=1|forum|#f90
圈子|group.php|group
发现|forum.php?mod=guide&view=newthread|guide
说说|home.php?mod=follow|follow
图文|002|new
美图|003|photo
标签|misc.php?mod=tag|tag|#71A127]]></item>
				<item id="extra"><![CDATA[]]></item>
			</item>
			<item id="10">
				<item id="displayorder"><![CDATA[11]]></item>
				<item id="title"><![CDATA[页脚弹出导航]]></item>
				<item id="description"><![CDATA[每行一个链接, 格式如下: 链接名称|链接地址|图标文件名|文字颜色; 每一项以 | 分割, 如中间有空项, 请保留 | ]]></item>
				<item id="variable"><![CDATA[tplpopupmenus]]></item>
				<item id="type"><![CDATA[textarea]]></item>
				<item id="value"><![CDATA[写记录|#|a|#f30
旅行记|#|b
泡泡堂|#|c|#71A127
发视频|#|d
听音乐|#|e
身边事|#|f
飞车党|#|g
我爱拍|#|h]]></item>
				<item id="extra"><![CDATA[]]></item>
			</item>
			<item id="11">
				<item id="displayorder"><![CDATA[12]]></item>
				<item id="title"><![CDATA[家园背景图]]></item>
				<item id="description"><![CDATA[填入数字, 0或留空为随机显示, 1-7固定显示, 8按一周日期循环显示]]></item>
				<item id="variable"><![CDATA[tplhomebg]]></item>
				<item id="type"><![CDATA[number]]></item>
				<item id="value"><![CDATA[8]]></item>
				<item id="extra"><![CDATA[]]></item>
			</item>
			<item id="12">
				<item id="displayorder"><![CDATA[13]]></item>
				<item id="title"><![CDATA[侧栏导航背景图]]></item>
				<item id="description"><![CDATA[填入数字, 0或留空为随机显示, 1-7固定显示, 8按一周日期循环显示]]></item>
				<item id="variable"><![CDATA[sideuserbg]]></item>
				<item id="type"><![CDATA[number]]></item>
				<item id="value"><![CDATA[8]]></item>
				<item id="extra"><![CDATA[]]></item>
			</item>
			<item id="13">
				<item id="displayorder"><![CDATA[14]]></item>
				<item id="title"><![CDATA[分类信息菜单优先显示]]></item>
				<item id="description"><![CDATA[主题列表页默认显示分类信息菜单的版块]]></item>
				<item id="variable"><![CDATA[openthreadsorts]]></item>
				<item id="type"><![CDATA[forums]]></item>
				<item id="extra"><![CDATA[]]></item>
				<item id="__value">
					<item id="0"><![CDATA[1]]></item>
				</item>
			</item>
			<item id="14">
				<item id="displayorder"><![CDATA[15]]></item>
				<item id="title"><![CDATA[分类菜单优先显示]]></item>
				<item id="description"><![CDATA[主题列表页默认显示分类菜单的版块]]></item>
				<item id="variable"><![CDATA[openthreadtypes]]></item>
				<item id="type"><![CDATA[forums]]></item>
				<item id="extra"><![CDATA[]]></item>
				<item id="__value">
					<item id="0"><![CDATA[1]]></item>
				</item>
			</item>
			<item id="15">
				<item id="displayorder"><![CDATA[16]]></item>
				<item id="title"><![CDATA[子版块展开显示]]></item>
				<item id="description"><![CDATA[选择子版块默认展开显示的版块]]></item>
				<item id="variable"><![CDATA[opensubforum]]></item>
				<item id="type"><![CDATA[forums]]></item>
				<item id="extra"><![CDATA[]]></item>
				<item id="__value">
					<item id="0"><![CDATA[1]]></item>
				</item>
			</item>
			<item id="16">
				<item id="displayorder"><![CDATA[17]]></item>
				<item id="title"><![CDATA[阅读页超高折叠隐藏内容]]></item>
				<item id="description"><![CDATA[超过此高度的阅读页, 将会折叠隐藏部分内容,点击展开阅读, 留空则不限制高度]]></item>
				<item id="variable"><![CDATA[viewheight]]></item>
				<item id="type"><![CDATA[text]]></item>
				<item id="value"><![CDATA[]]></item>
				<item id="extra"><![CDATA[]]></item>
			</item>
			<item id="17">
				<item id="displayorder"><![CDATA[18]]></item>
				<item id="title"><![CDATA[阅读页字号]]></item>
				<item id="description"><![CDATA[阅读页字体大小设置 (单位:px)]]></item>
				<item id="variable"><![CDATA[viewfontsize]]></item>
				<item id="type"><![CDATA[number]]></item>
				<item id="value"><![CDATA[16]]></item>
				<item id="extra"><![CDATA[]]></item>
			</item>
			<item id="18">
				<item id="displayorder"><![CDATA[19]]></item>
				<item id="title"><![CDATA[文章允许游客评论]]></item>
				<item id="description"><![CDATA[允许游客评论文章, 此功能需要游客用户组开启相关权限]]></item>
				<item id="variable"><![CDATA[nologinpost]]></item>
				<item id="type"><![CDATA[radio]]></item>
				<item id="value"><![CDATA[0]]></item>
				<item id="extra"><![CDATA[]]></item>
			</item>
			<item id="19">
				<item id="displayorder"><![CDATA[20]]></item>
				<item id="title"><![CDATA[用户组级别样式]]></item>
				<item id="description"><![CDATA[用户名称后面的用户组样式]]></item>
				<item id="variable"><![CDATA[leveltype]]></item>
				<item id="type"><![CDATA[select]]></item>
				<item id="value"><![CDATA[1]]></item>
				<item id="extra"><![CDATA[0=用户组名称
1=皇冠
2=星星数]]></item>
			</item>
			<item id="20">
				<item id="displayorder"><![CDATA[21]]></item>
				<item id="title"><![CDATA[选择发帖表情]]></item>
				<item id="description"><![CDATA[论坛后台 - 界面 - 表情管理, 查找相应的表情id填入此处]]></item>
				<item id="variable"><![CDATA[smileid]]></item>
				<item id="type"><![CDATA[number]]></item>
				<item id="value"><![CDATA[1]]></item>
				<item id="extra"><![CDATA[]]></item>
			</item>
			<item id="21">
				<item id="displayorder"><![CDATA[22]]></item>
				<item id="title"><![CDATA[选择表情所在页数]]></item>
				<item id="description"><![CDATA[选择表情所在表情包的页数, Discuz表情默认是40个表情为一页]]></item>
				<item id="variable"><![CDATA[smilepg]]></item>
				<item id="type"><![CDATA[number]]></item>
				<item id="value"><![CDATA[1]]></item>
				<item id="extra"><![CDATA[]]></item>
			</item>
			<item id="22">
				<item id="displayorder"><![CDATA[23]]></item>
				<item id="title"><![CDATA[选择表情数量]]></item>
				<item id="description"><![CDATA[默认显示的表情数量, 不超过35个, 21为最佳]]></item>
				<item id="variable"><![CDATA[smilenumber]]></item>
				<item id="type"><![CDATA[number]]></item>
				<item id="value"><![CDATA[21]]></item>
				<item id="extra"><![CDATA[]]></item>
			</item>
			<item id="23">
				<item id="displayorder"><![CDATA[24]]></item>
				<item id="title"><![CDATA[消息提示音]]></item>
				<item id="description"><![CDATA[声音提醒, 如果用户的浏览器禁止了音乐播放权限, 可能该用户接收不到提示音]]></item>
				<item id="variable"><![CDATA[sounds]]></item>
				<item id="type"><![CDATA[select]]></item>
				<item id="value"><![CDATA[0]]></item>
				<item id="extra"><![CDATA[0=无提示音
1=男声
2=女声]]></item>
			</item>
			<item id="24">
				<item id="displayorder"><![CDATA[25]]></item>
				<item id="title"><![CDATA[个人中心积分展示]]></item>
				<item id="description"><![CDATA[未开启广播功能时, 个人页面展示的积分类型]]></item>
				<item id="variable"><![CDATA[exskey]]></item>
				<item id="type"><![CDATA[select]]></item>
				<item id="value"><![CDATA[1]]></item>
				<item id="extra"><![CDATA[1=威望
2=金币
3=贡献
4=自定义积分4
5=自定义积分5
6=自定义积分6
7=自定义积分7
8=自定义积分8]]></item>
			</item>
			<item id="25">
				<item id="displayorder"><![CDATA[26]]></item>
				<item id="title"><![CDATA[积分充值地址]]></item>
				<item id="description"><![CDATA[第三方充值链接地址, Discuz的积分充值会自动跳转此地址]]></item>
				<item id="variable"><![CDATA[buylink]]></item>
				<item id="type"><![CDATA[text]]></item>
				<item id="value"><![CDATA[]]></item>
				<item id="extra"><![CDATA[]]></item>
			</item>
			<item id="26">
				<item id="displayorder"><![CDATA[27]]></item>
				<item id="title"><![CDATA[显示页头浮动导航]]></item>
				<item id="description"><![CDATA[是否显示页头浮动导航菜单]]></item>
				<item id="variable"><![CDATA[headershow]]></item>
				<item id="type"><![CDATA[radio]]></item>
				<item id="value"><![CDATA[1]]></item>
				<item id="extra"><![CDATA[]]></item>
			</item>
			<item id="27">
				<item id="displayorder"><![CDATA[28]]></item>
				<item id="title"><![CDATA[显示页脚浮动导航]]></item>
				<item id="description"><![CDATA[是否显示页脚浮动导航菜单]]></item>
				<item id="variable"><![CDATA[footershow]]></item>
				<item id="type"><![CDATA[radio]]></item>
				<item id="value"><![CDATA[1]]></item>
				<item id="extra"><![CDATA[]]></item>
			</item>
			<item id="28">
				<item id="displayorder"><![CDATA[29]]></item>
				<item id="title"><![CDATA[面包屑导航]]></item>
				<item id="description"><![CDATA[是否显示面包屑导航]]></item>
				<item id="variable"><![CDATA[brtnav]]></item>
				<item id="type"><![CDATA[radio]]></item>
				<item id="value"><![CDATA[0]]></item>
				<item id="extra"><![CDATA[]]></item>
			</item>
			<item id="29">
				<item id="displayorder"><![CDATA[30]]></item>
				<item id="title"><![CDATA[无刷新分页]]></item>
				<item id="description"><![CDATA[使用ajax的方式替代传统的分页功能, 页面无刷新加载内容]]></item>
				<item id="variable"><![CDATA[tplpages]]></item>
				<item id="type"><![CDATA[radio]]></item>
				<item id="value"><![CDATA[1]]></item>
				<item id="extra"><![CDATA[]]></item>
			</item>
			<item id="30">
				<item id="displayorder"><![CDATA[31]]></item>
				<item id="title"><![CDATA[快捷搜索]]></item>
				<item id="description"><![CDATA[默认为论坛, 选默认侧栏将不会显示搜索框]]></item>
				<item id="variable"><![CDATA[searchmode]]></item>
				<item id="type"><![CDATA[select]]></item>
				<item id="value"><![CDATA[1]]></item>
				<item id="extra"><![CDATA[0=默认
1=论坛
2=文章
3=群组
4=日志
5=相册]]></item>
			</item>
			<item id="31">
				<item id="displayorder"><![CDATA[32]]></item>
				<item id="title"><![CDATA[广播版块ID]]></item>
				<item id="description"><![CDATA[填写广播专版的fid, 无广播功能可留空]]></item>
				<item id="variable"><![CDATA[tplfollows]]></item>
				<item id="type"><![CDATA[number]]></item>
				<item id="value"><![CDATA[0]]></item>
				<item id="extra"><![CDATA[]]></item>
			</item>
			<item id="32">
				<item id="displayorder"><![CDATA[33]]></item>
				<item id="title"><![CDATA[全屏显示页面]]></item>
				<item id="description"><![CDATA[是否强制浏览器全屏显示页面, 此功能可能只对某些浏览器起作用]]></item>
				<item id="variable"><![CDATA[fullscreen]]></item>
				<item id="type"><![CDATA[radio]]></item>
				<item id="value"><![CDATA[0]]></item>
				<item id="extra"><![CDATA[]]></item>
			</item>
			<item id="33">
				<item id="displayorder"><![CDATA[34]]></item>
				<item id="title"><![CDATA[关闭系统插件嵌入点]]></item>
				<item id="description"><![CDATA[关闭部分系统插件嵌入点, 可用于关闭及调试第三方插件]]></item>
				<item id="variable"><![CDATA[closeplugin]]></item>
				<item id="type"><![CDATA[radio]]></item>
				<item id="value"><![CDATA[0]]></item>
				<item id="extra"><![CDATA[]]></item>
			</item>			
			<item id="34">
				<item id="displayorder"><![CDATA[35]]></item>
				<item id="title"><![CDATA[页面滚动时隐藏页眉浮动导航]]></item>
				<item id="description"><![CDATA[在微信或QQ中滚动阅读页面时, 自动隐藏页眉的浮动导航菜单]]></item>
				<item id="variable"><![CDATA[closenav]]></item>
				<item id="type"><![CDATA[radio]]></item>
				<item id="value"><![CDATA[1]]></item>
				<item id="extra"><![CDATA[]]></item>
			</item>
			<item id="35">
				<item id="displayorder"><![CDATA[36]]></item>
				<item id="title"><![CDATA[二级菜单浮动]]></item>
				<item id="description"><![CDATA[二级菜单是否浮动显示, 比如列表页的分类菜单等]]></item>
				<item id="variable"><![CDATA[sortmenufloat]]></item>
				<item id="type"><![CDATA[radio]]></item>
				<item id="value"><![CDATA[1]]></item>
				<item id="extra"><![CDATA[]]></item>
			</item>
			<item id="36">
				<item id="displayorder"><![CDATA[37]]></item>
				<item id="title"><![CDATA[第三方登录提示]]></item>
				<item id="description"><![CDATA[第三方登录提示文字]]></item>
				<item id="variable"><![CDATA[loginplus]]></item>
				<item id="type"><![CDATA[text]]></item>
				<item id="value"><![CDATA[社交账号登陆]]></item>
				<item id="extra"><![CDATA[]]></item>
			</item>
			<item id="37">
				<item id="displayorder"><![CDATA[38]]></item>
				<item id="title"><![CDATA[登录及注册页提示语]]></item>
				<item id="description"><![CDATA[可按格式替换文字, 可以插入图片, 可自定义代码]]></item>
				<item id="variable"><![CDATA[tpluserhi]]></item>
				<item id="type"><![CDATA[textarea]]></item>
				<item id="value"><![CDATA[]]></item>
				<item id="extra"><![CDATA[]]></item>
			</item>
			<item id="38">
				<item id="displayorder"><![CDATA[39]]></item>
				<item id="title"><![CDATA[签到插件]]></item>
				<item id="description"><![CDATA[此功能为 小米签到插件(k_misign) 专用, 选择此功能后, 您可能还需要在 "模板功能" 设置项中将 "关闭系统插件" 设置为 "否"]]></item>
				<item id="variable"><![CDATA[misignshow]]></item>
				<item id="type"><![CDATA[select]]></item>
				<item id="value"><![CDATA[0]]></item>
				<item id="extra"><![CDATA[0=未安装
1=私有嵌入点
2=公有嵌入点]]></item>
			</item>
			<item id="39">
				<item id="displayorder"><![CDATA[40]]></item>
				<item id="title"><![CDATA[论坛首页样式]]></item>
				<item id="description"><![CDATA[论坛首页样式]]></item>
				<item id="variable"><![CDATA[forumtpl]]></item>
				<item id="type"><![CDATA[select]]></item>
				<item id="value"><![CDATA[1]]></item>
				<item id="extra"><![CDATA[0=跟随系统设置
1=左菜单右版块
2=左图标右名称
3=图标名称简介
4=上图标下名称]]></item>
			</item>
			<item id="40">
				<item id="displayorder"><![CDATA[41]]></item>
				<item id="title"><![CDATA[群组首页样式]]></item>
				<item id="description"><![CDATA[群组首页样式]]></item>
				<item id="variable"><![CDATA[grouptpl]]></item>
				<item id="type"><![CDATA[select]]></item>
				<item id="value"><![CDATA[1]]></item>
				<item id="extra"><![CDATA[0=上图标下名称
1=左菜单右板块
2=图标名称简介]]></item>
			</item>
			<item id="41">
				<item id="displayorder"><![CDATA[42]]></item>
				<item id="title"><![CDATA[列表页多媒体样式]]></item>
				<item id="description"><![CDATA[论坛列表页多媒体样式]]></item>
				<item id="variable"><![CDATA[tplfidsa]]></item>
				<item id="type"><![CDATA[forums]]></item>
				<item id="extra"><![CDATA[]]></item>
				<item id="__value">
					<item id="0"><![CDATA[1]]></item>
				</item>
			</item>
			<item id="42">
				<item id="displayorder"><![CDATA[43]]></item>
				<item id="title"><![CDATA[列表页图文样式]]></item>
				<item id="description"><![CDATA[论坛列表页图文样式]]></item>
				<item id="variable"><![CDATA[tplfidsb]]></item>
				<item id="type"><![CDATA[forums]]></item>
				<item id="extra"><![CDATA[]]></item>
				<item id="__value">
					<item id="0"><![CDATA[1]]></item>
				</item>
			</item>
			<item id="43">
				<item id="displayorder"><![CDATA[44]]></item>
				<item id="title"><![CDATA[列表页图文多媒体混排样式]]></item>
				<item id="description"><![CDATA[论坛列表页图文多媒体混排样式]]></item>
				<item id="variable"><![CDATA[tplfidsc]]></item>
				<item id="type"><![CDATA[forums]]></item>
				<item id="extra"><![CDATA[]]></item>
				<item id="__value">
					<item id="0"><![CDATA[1]]></item>
				</item>
			</item>
			<item id="44">
				<item id="displayorder"><![CDATA[45]]></item>
				<item id="title"><![CDATA[列表页头条混排样式]]></item>
				<item id="description"><![CDATA[论坛列表页头条混排样式]]></item>
				<item id="variable"><![CDATA[tplfidsd]]></item>
				<item id="type"><![CDATA[forums]]></item>
				<item id="extra"><![CDATA[]]></item>
				<item id="__value">
					<item id="0"><![CDATA[1]]></item>
				</item>
			</item>
			<item id="45">
				<item id="displayorder"><![CDATA[46]]></item>
				<item id="title"><![CDATA[列表页新闻样式]]></item>
				<item id="description"><![CDATA[论坛列表页新闻样式]]></item>
				<item id="variable"><![CDATA[tplfidse]]></item>
				<item id="type"><![CDATA[forums]]></item>
				<item id="extra"><![CDATA[]]></item>
				<item id="__value">
					<item id="0"><![CDATA[1]]></item>
				</item>
			</item>
			<item id="46">
				<item id="displayorder"><![CDATA[47]]></item>
				<item id="title"><![CDATA[列表页画报样式]]></item>
				<item id="description"><![CDATA[论坛列表页画报样式]]></item>
				<item id="variable"><![CDATA[tplfidsf]]></item>
				<item id="type"><![CDATA[forums]]></item>
				<item id="extra"><![CDATA[]]></item>
				<item id="__value">
					<item id="0"><![CDATA[1]]></item>
				</item>
			</item>
			<item id="47">
				<item id="displayorder"><![CDATA[48]]></item>
				<item id="title"><![CDATA[列表页音乐样式]]></item>
				<item id="description"><![CDATA[论坛列表页音乐样式]]></item>
				<item id="variable"><![CDATA[tplfidsg]]></item>
				<item id="type"><![CDATA[forums]]></item>
				<item id="extra"><![CDATA[]]></item>
				<item id="__value">
					<item id="0"><![CDATA[1]]></item>
				</item>
			</item>
			<item id="48">
				<item id="displayorder"><![CDATA[49]]></item>
				<item id="title"><![CDATA[列表页微博样式]]></item>
				<item id="description"><![CDATA[论坛列表页微博样式]]></item>
				<item id="variable"><![CDATA[tplfidsh]]></item>
				<item id="type"><![CDATA[forums]]></item>
				<item id="extra"><![CDATA[]]></item>
				<item id="__value">
					<item id="0"><![CDATA[1]]></item>
				</item>
			</item>
			<item id="49">
				<item id="displayorder"><![CDATA[50]]></item>
				<item id="title"><![CDATA[列表页朋友圈样式]]></item>
				<item id="description"><![CDATA[论坛列表页朋友圈样式]]></item>
				<item id="variable"><![CDATA[tplfidsi]]></item>
				<item id="type"><![CDATA[forums]]></item>
				<item id="extra"><![CDATA[]]></item>
				<item id="__value">
					<item id="0"><![CDATA[1]]></item>
				</item>
			</item>
			<item id="50">
				<item id="displayorder"><![CDATA[51]]></item>
				<item id="title"><![CDATA[列表页特殊主题样式]]></item>
				<item id="description"><![CDATA[论坛列表页特殊主题样式]]></item>
				<item id="variable"><![CDATA[tplfidsj]]></item>
				<item id="type"><![CDATA[forums]]></item>
				<item id="extra"><![CDATA[]]></item>
				<item id="__value">
					<item id="0"><![CDATA[1]]></item>
				</item>
			</item>
			<item id="51">
				<item id="displayorder"><![CDATA[52]]></item>
				<item id="title"><![CDATA[列表页分类信息样式]]></item>
				<item id="description"><![CDATA[论坛列表页分类信息样式]]></item>
				<item id="variable"><![CDATA[tplfidsk]]></item>
				<item id="type"><![CDATA[forums]]></item>
				<item id="extra"><![CDATA[]]></item>
				<item id="__value">
					<item id="0"><![CDATA[1]]></item>
				</item>
			</item>
			<item id="52">
				<item id="displayorder"><![CDATA[53]]></item>
				<item id="title"><![CDATA[商品贴主题横向排列]]></item>
				<item id="description"><![CDATA[非专用商品贴版块, 不要选择横向排列]]></item>
				<item id="variable"><![CDATA[threadtradetype]]></item>
				<item id="type"><![CDATA[forums]]></item>
				<item id="extra"><![CDATA[]]></item>
				<item id="__value">
					<item id="0"><![CDATA[1]]></item>
				</item>
			</item>
			<item id="53">
				<item id="displayorder"><![CDATA[54]]></item>
				<item id="title"><![CDATA[群组列表页样式]]></item>
				<item id="description"><![CDATA[群组主题列表页样式]]></item>
				<item id="variable"><![CDATA[groupthtype]]></item>
				<item id="type"><![CDATA[select]]></item>
				<item id="value"><![CDATA[0]]></item>
				<item id="extra"><![CDATA[0=默认样式
1=图文样式
2=图文多媒体样式
3=新闻样式
4=画报样式
5=微博样式
6=特殊主题样式]]></item>
			</item>
			<item id="54">
				<item id="displayorder"><![CDATA[55]]></item>
				<item id="title"><![CDATA[列表页图文样式]]></item>
				<item id="description"><![CDATA[单独设置群组列表页为图文样式, 填上群组ID, 多个ID用半角逗号分开]]></item>
				<item id="variable"><![CDATA[groupthtypea]]></item>
				<item id="type"><![CDATA[text]]></item>
				<item id="value"><![CDATA[]]></item>
				<item id="extra"><![CDATA[]]></item>
			</item>
			<item id="55">
				<item id="displayorder"><![CDATA[56]]></item>
				<item id="title"><![CDATA[列表页图文多媒体样式]]></item>
				<item id="description"><![CDATA[单独设置群组列表页为图文多媒体样式, 填上群组ID, 多个ID用半角逗号分开]]></item>
				<item id="variable"><![CDATA[groupthtypeb]]></item>
				<item id="type"><![CDATA[text]]></item>
				<item id="value"><![CDATA[]]></item>
				<item id="extra"><![CDATA[]]></item>
			</item>
			<item id="56">
				<item id="displayorder"><![CDATA[57]]></item>
				<item id="title"><![CDATA[列表页新闻样式]]></item>
				<item id="description"><![CDATA[单独设置群组列表页为新闻样式, 填上群组ID, 多个ID用半角逗号分开]]></item>
				<item id="variable"><![CDATA[groupthtypec]]></item>
				<item id="type"><![CDATA[text]]></item>
				<item id="value"><![CDATA[]]></item>
				<item id="extra"><![CDATA[]]></item>
			</item>
			<item id="57">
				<item id="displayorder"><![CDATA[58]]></item>
				<item id="title"><![CDATA[列表页画报样式]]></item>
				<item id="description"><![CDATA[单独设置群组列表页为画报样式, 填上群组ID, 多个ID用半角逗号分开]]></item>
				<item id="variable"><![CDATA[groupthtyped]]></item>
				<item id="type"><![CDATA[text]]></item>
				<item id="value"><![CDATA[]]></item>
				<item id="extra"><![CDATA[]]></item>
			</item>
			<item id="58">
				<item id="displayorder"><![CDATA[59]]></item>
				<item id="title"><![CDATA[列表页微博样式]]></item>
				<item id="description"><![CDATA[单独设置群组列表页为微博样式, 填上群组ID, 多个ID用半角逗号分开]]></item>
				<item id="variable"><![CDATA[groupthtypee]]></item>
				<item id="type"><![CDATA[text]]></item>
				<item id="value"><![CDATA[]]></item>
				<item id="extra"><![CDATA[]]></item>
			</item>
			<item id="59">
				<item id="displayorder"><![CDATA[60]]></item>
				<item id="title"><![CDATA[列表页特殊主题样式]]></item>
				<item id="description"><![CDATA[单独设置群组列表页为特殊主题样式, 填上群组ID, 多个ID用半角逗号分开]]></item>
				<item id="variable"><![CDATA[groupthtypef]]></item>
				<item id="type"><![CDATA[text]]></item>
				<item id="value"><![CDATA[]]></item>
				<item id="extra"><![CDATA[]]></item>
			</item>
			<item id="60">
				<item id="displayorder"><![CDATA[61]]></item>
				<item id="title"><![CDATA[导读页列表样式]]></item>
				<item id="description"><![CDATA[导读主题列表页样式]]></item>
				<item id="variable"><![CDATA[guidelist]]></item>
				<item id="type"><![CDATA[select]]></item>
				<item id="value"><![CDATA[2]]></item>
				<item id="extra"><![CDATA[0=默认样式
1=新闻样式
2=图文多媒体混排样式
3=微博样式]]></item>
			</item>
			<item id="61">
				<item id="displayorder"><![CDATA[62]]></item>
				<item id="title"><![CDATA[搜索页列表样式]]></item>
				<item id="description"><![CDATA[搜索主题列表页样式]]></item>
				<item id="variable"><![CDATA[searchlist]]></item>
				<item id="type"><![CDATA[select]]></item>
				<item id="value"><![CDATA[1]]></item>
				<item id="extra"><![CDATA[0=默认样式
1=新闻样式]]></item>
			</item>
			<item id="62">
				<item id="displayorder"><![CDATA[63]]></item>
				<item id="title"><![CDATA[标签页列表样式]]></item>
				<item id="description"><![CDATA[标签主题列表页样式]]></item>
				<item id="variable"><![CDATA[tagslist]]></item>
				<item id="type"><![CDATA[select]]></item>
				<item id="value"><![CDATA[1]]></item>
				<item id="extra"><![CDATA[0=默认样式
1=新闻样式]]></item>
			</item>
			<item id="63">
				<item id="displayorder"><![CDATA[64]]></item>
				<item id="title"><![CDATA[我的主题列表样式]]></item>
				<item id="description"><![CDATA[我的主题列表页样式]]></item>
				<item id="variable"><![CDATA[mythreadlist]]></item>
				<item id="type"><![CDATA[select]]></item>
				<item id="value"><![CDATA[1]]></item>
				<item id="extra"><![CDATA[0=默认样式
1=图文多媒体混排样式]]></item>
			</item>
			<item id="64">
				<item id="displayorder"><![CDATA[65]]></item>
				<item id="title"><![CDATA[隐藏版块页头]]></item>
				<item id="description"><![CDATA[选择列表页不显示页头的版块]]></item>
				<item id="variable"><![CDATA[forumheaderno]]></item>
				<item id="type"><![CDATA[forums]]></item>
				<item id="extra"><![CDATA[]]></item>
				<item id="__value">
					<item id="0"><![CDATA[1]]></item>
				</item>
			</item>
			<item id="65">
				<item id="displayorder"><![CDATA[66]]></item>
				<item id="title"><![CDATA[版块页头背景]]></item>
				<item id="description"><![CDATA[选择主题列表页使用版块页头背景的版块, 背景来自版块上传的顶部图片或者模板指定目录中的图片]]></item>
				<item id="variable"><![CDATA[forumheaderpic]]></item>
				<item id="type"><![CDATA[forums]]></item>
				<item id="extra"><![CDATA[]]></item>
				<item id="__value">
					<item id="0"><![CDATA[1]]></item>
				</item>
			</item>
			<item id="66">
				<item id="displayorder"><![CDATA[67]]></item>
				<item id="title"><![CDATA[指定统一的背景图片]]></item>
				<item id="description"><![CDATA[填写背景图片地址, 如果留空, 背景将来自版块上传的顶部图片或者模板指定目录中的图片]]></item>
				<item id="variable"><![CDATA[forumheaderbg]]></item>
				<item id="type"><![CDATA[text]]></item>
				<item id="value"><![CDATA[]]></item>
				<item id="extra"><![CDATA[]]></item>
			</item>
			<item id="67">
				<item id="displayorder"><![CDATA[68]]></item>
				<item id="title"><![CDATA[简易置顶帖显示规则]]></item>
				<item id="description"><![CDATA[选择不在简易置顶帖中显示的置顶帖, 选择的置顶帖会以普通帖子的形式显示, 高级别会包含低级别选项]]></item>
				<item id="variable"><![CDATA[threaddisplayorder]]></item>
				<item id="type"><![CDATA[select]]></item>
				<item id="value"><![CDATA[1]]></item>
				<item id="extra"><![CDATA[0=显示全部置顶帖
1=不显示本版置顶贴
2=不显示分类置顶贴
3=不显示全局置顶贴]]></item>
			</item>
			<item id="68">
				<item id="displayorder"><![CDATA[69]]></item>
				<item id="title"><![CDATA[简易置顶帖显示条数]]></item>
				<item id="description"><![CDATA[默认显示的置顶帖条数, 多出的置顶帖折叠隐藏]]></item>
				<item id="variable"><![CDATA[displayordernum]]></item>
				<item id="type"><![CDATA[number]]></item>
				<item id="value"><![CDATA[4]]></item>
				<item id="extra"><![CDATA[]]></item>
			</item>
			<item id="69">
				<item id="displayorder"><![CDATA[70]]></item>
				<item id="title"><![CDATA[显示论坛公告]]></item>
				<item id="description"><![CDATA[论坛首页及列表页是否显示论坛公告]]></item>
				<item id="variable"><![CDATA[displayann]]></item>
				<item id="type"><![CDATA[radio]]></item>
				<item id="value"><![CDATA[1]]></item>
				<item id="extra"><![CDATA[]]></item>
			</item>
			<item id="70">
				<item id="displayorder"><![CDATA[71]]></item>
				<item id="title"><![CDATA[关闭列表页插件嵌入点]]></item>
				<item id="description"><![CDATA[关闭主题列表页插件嵌入点, 可用于关闭及调试第三方插件]]></item>
				<item id="variable"><![CDATA[specialplugin]]></item>
				<item id="type"><![CDATA[radio]]></item>
				<item id="value"><![CDATA[1]]></item>
				<item id="extra"><![CDATA[]]></item>
			</item>
			<item id="71">
				<item id="displayorder"><![CDATA[72]]></item>
				<item id="title"><![CDATA[调用的图片来源]]></item>
				<item id="description"><![CDATA[主题列表页调用的图片, 是否来自于楼主贴]]></item>
				<item id="variable"><![CDATA[imgpostfirst]]></item>
				<item id="type"><![CDATA[radio]]></item>
				<item id="value"><![CDATA[0]]></item>
				<item id="extra"><![CDATA[]]></item>
			</item>
			<item id="72">
				<item id="displayorder"><![CDATA[73]]></item>
				<item id="title"><![CDATA[外部图片显示]]></item>
				<item id="description"><![CDATA[主题列表页调用的图片, 是否显示引用的外部图片]]></item>
				<item id="variable"><![CDATA[imgexternal]]></item>
				<item id="type"><![CDATA[radio]]></item>
				<item id="value"><![CDATA[0]]></item>
				<item id="extra"><![CDATA[]]></item>
			</item>
			<item id="73">
				<item id="displayorder"><![CDATA[74]]></item>
				<item id="title"><![CDATA[微博及朋友圈是否显示多媒体内容]]></item>
				<item id="description"><![CDATA[主题列表页的微博及朋友圈样式, 是否显示多媒体内容, 比如视频音频]]></item>
				<item id="variable"><![CDATA[threadshowmedia]]></item>
				<item id="type"><![CDATA[radio]]></item>
				<item id="value"><![CDATA[0]]></item>
				<item id="extra"><![CDATA[]]></item>
			</item>
			<item id="74">
				<item id="displayorder"><![CDATA[75]]></item>
				<item id="title"><![CDATA[相册列表页图片]]></item>
				<item id="description"><![CDATA[相册列表页是否显示原始图片]]></item>
				<item id="variable"><![CDATA[albumpictype]]></item>
				<item id="type"><![CDATA[radio]]></item>
				<item id="value"><![CDATA[1]]></item>
				<item id="extra"><![CDATA[]]></item>
			</item>
			<item id="75">
				<item id="displayorder"><![CDATA[76]]></item>
				<item id="title"><![CDATA[发帖功能选择(上传附件)]]></item>
				<item id="description"><![CDATA[选择支持特殊发帖功能的板块, 比如传附件或者多媒体文件。(需扩展支持)]]></item>
				<item id="variable"><![CDATA[postsfunction]]></item>
				<item id="type"><![CDATA[forums]]></item>
				<item id="extra"><![CDATA[]]></item>
				<item id="__value">
					<item id="0"><![CDATA[1]]></item>
				</item>
			</item>
			<item id="76">
				<item id="displayorder"><![CDATA[77]]></item>
				<item id="title"><![CDATA[发帖功能选择(上传视频音频)]]></item>
				<item id="description"><![CDATA[选择支持特殊发帖功能的板块, 比如传附件或者多媒体文件。(需扩展支持)]]></item>
				<item id="variable"><![CDATA[postsfunctionass]]></item>
				<item id="type"><![CDATA[forums]]></item>
				<item id="extra"><![CDATA[]]></item>
				<item id="__value">
					<item id="0"><![CDATA[1]]></item>
				</item>
			</item>
			<item id="77">
				<item id="displayorder"><![CDATA[78]]></item>
				<item id="title"><![CDATA[列表页主题数量]]></item>
				<item id="description"><![CDATA[自定义列表页主题数量, 可以让特定的板块在列表页显示更多的主题]]></item>
				<item id="variable"><![CDATA[subjecnums]]></item>
				<item id="type"><![CDATA[number]]></item>
				<item id="value"><![CDATA[30]]></item>
				<item id="extra"><![CDATA[]]></item>
			</item>
			<item id="78">
				<item id="displayorder"><![CDATA[79]]></item>
				<item id="title"><![CDATA[列表页自定义主题数量的板块]]></item>
				<item id="description"><![CDATA[列表页自定义主题数量的板块]]></item>
				<item id="variable"><![CDATA[subjecforumfid]]></item>
				<item id="type"><![CDATA[forums]]></item>
				<item id="extra"><![CDATA[]]></item>
				<item id="__value">
					<item id="0"><![CDATA[1]]></item>
				</item>
			</item>
			<item id="79">
				<item id="displayorder"><![CDATA[80]]></item>
				<item id="title"><![CDATA[视频贴版块]]></item>
				<item id="description"><![CDATA[帖子页以视频方式显示的版块]]></item>
				<item id="variable"><![CDATA[viewvideos]]></item>
				<item id="type"><![CDATA[forums]]></item>
				<item id="extra"><![CDATA[]]></item>
				<item id="__value">
					<item id="0"><![CDATA[1]]></item>
				</item>
			</item>
			<item id="80">
				<item id="displayorder"><![CDATA[81]]></item>
				<item id="title"><![CDATA[音乐贴版块]]></item>
				<item id="description"><![CDATA[帖子页以音乐方式显示的版块]]></item>
				<item id="variable"><![CDATA[viewmusics]]></item>
				<item id="type"><![CDATA[forums]]></item>
				<item id="extra"><![CDATA[]]></item>
				<item id="__value">
					<item id="0"><![CDATA[1]]></item>
				</item>
			</item>
			<item id="81">
				<item id="displayorder"><![CDATA[82]]></item>
				<item id="title"><![CDATA[分类信息贴版块]]></item>
				<item id="description"><![CDATA[帖子页以分类信息方式显示的版块]]></item>
				<item id="variable"><![CDATA[viewstors]]></item>
				<item id="type"><![CDATA[forums]]></item>
				<item id="extra"><![CDATA[]]></item>
				<item id="__value">
					<item id="0"><![CDATA[1]]></item>
				</item>
			</item>
			<item id="82">
				<item id="displayorder"><![CDATA[83]]></item>
				<item id="title"><![CDATA[标题样式]]></item>
				<item id="description"><![CDATA[阅读页标题样式]]></item>
				<item id="variable"><![CDATA[viewtitletype]]></item>
				<item id="type"><![CDATA[select]]></item>
				<item id="value"><![CDATA[0]]></item>
				<item id="extra"><![CDATA[0=默认样式
1=微信文章样式]]></item>
			</item>
			<item id="83">
				<item id="displayorder"><![CDATA[84]]></item>
				<item id="title"><![CDATA[签名显示]]></item>
				<item id="description"><![CDATA[签名显示规则]]></item>
				<item id="variable"><![CDATA[signaturetype]]></item>
				<item id="type"><![CDATA[select]]></item>
				<item id="value"><![CDATA[0]]></item>
				<item id="extra"><![CDATA[0=不显示
1=主题帖显示
2=全部显示]]></item>
			</item>
			<item id="84">
				<item id="displayorder"><![CDATA[85]]></item>
				<item id="title"><![CDATA[音乐封面]]></item>
				<item id="description"><![CDATA[音乐封面及背景图片显示规则]]></item>
				<item id="variable"><![CDATA[viewcovertype]]></item>
				<item id="type"><![CDATA[select]]></item>
				<item id="value"><![CDATA[0]]></item>
				<item id="extra"><![CDATA[0=剪裁
1=原图]]></item>
			</item>
			<item id="85">
				<item id="displayorder"><![CDATA[86]]></item>
				<item id="title"><![CDATA[投票项目横向排列]]></item>
				<item id="description"><![CDATA[选择图片投票帖子横向排列的板块]]></item>
				<item id="variable"><![CDATA[pollimgtype]]></item>
				<item id="type"><![CDATA[forums]]></item>
				<item id="extra"><![CDATA[]]></item>
				<item id="__value">
					<item id="0"><![CDATA[1]]></item>
				</item>
			</item>
			<item id="86">
				<item id="displayorder"><![CDATA[87]]></item>
				<item id="title"><![CDATA[回复贴样式]]></item>
				<item id="description"><![CDATA[主题回复贴的结构样式]]></item>
				<item id="variable"><![CDATA[viewposttype]]></item>
				<item id="type"><![CDATA[select]]></item>
				<item id="value"><![CDATA[1]]></item>
				<item id="extra"><![CDATA[0=默认
1=微博]]></item>
			</item>
			<item id="87">
				<item id="displayorder"><![CDATA[88]]></item>
				<item id="title"><![CDATA[回复贴菜单位置]]></item>
				<item id="description"><![CDATA[帖子下方快捷按钮的显示位置]]></item>
				<item id="variable"><![CDATA[menusposit]]></item>
				<item id="type"><![CDATA[select]]></item>
				<item id="value"><![CDATA[1]]></item>
				<item id="extra"><![CDATA[0=默认
1=左侧]]></item>
			</item>
			<item id="88">
				<item id="displayorder"><![CDATA[89]]></item>
				<item id="title"><![CDATA[点赞按钮位置]]></item>
				<item id="description"><![CDATA[帖子点赞按钮位置]]></item>
				<item id="variable"><![CDATA[supportposit]]></item>
				<item id="type"><![CDATA[select]]></item>
				<item id="value"><![CDATA[1]]></item>
				<item id="extra"><![CDATA[0=默认
1=右上角]]></item>
			</item>
			<item id="89">
				<item id="displayorder"><![CDATA[90]]></item>
				<item id="title"><![CDATA[自定义头衔]]></item>
				<item id="description"><![CDATA[帖子页是否显示楼主的自定义头衔]]></item>
				<item id="variable"><![CDATA[viewstatus]]></item>
				<item id="type"><![CDATA[select]]></item>
				<item id="value"><![CDATA[0]]></item>
				<item id="extra"><![CDATA[0=不显示
1=显示]]></item>
			</item>
			<item id="90">
				<item id="displayorder"><![CDATA[91]]></item>
				<item id="title"><![CDATA[帖子相关阅读]]></item>
				<item id="description"><![CDATA[帖子页相关阅读的数据来源]]></item>
				<item id="variable"><![CDATA[openrelated]]></item>
				<item id="type"><![CDATA[select]]></item>
				<item id="value"><![CDATA[1]]></item>
				<item id="extra"><![CDATA[0=系统优先
1=数据调用
2=不显示]]></item>
			</item>
			<item id="91">
				<item id="displayorder"><![CDATA[92]]></item>
				<item id="title"><![CDATA[帖子相关阅读调用条数]]></item>
				<item id="description"><![CDATA[帖子相关阅读调用的帖子条数]]></item>
				<item id="variable"><![CDATA[relatedallnums]]></item>
				<item id="type"><![CDATA[number]]></item>
				<item id="value"><![CDATA[10]]></item>
				<item id="extra"><![CDATA[]]></item>
			</item>
			<item id="92">
				<item id="displayorder"><![CDATA[93]]></item>
				<item id="title"><![CDATA[帖子相关阅读排序方式]]></item>
				<item id="description"><![CDATA[帖子相关阅读调用的帖子采取的排序方式]]></item>
				<item id="variable"><![CDATA[relatedsorts]]></item>
				<item id="type"><![CDATA[select]]></item>
				<item id="value"><![CDATA[1]]></item>
				<item id="extra"><![CDATA[1=回复顺序
2=发帖时间
3=热门帖子
4=精华帖子
5=浏览数量
6=回复数量
7=随机展示]]></item>
			</item>
			<item id="93">
				<item id="displayorder"><![CDATA[94]]></item>
				<item id="title"><![CDATA[帖子相关阅读时间范围]]></item>
				<item id="description"><![CDATA[只有在此发帖时间范围内的帖子才会被调用, 单位: 天]]></item>
				<item id="variable"><![CDATA[relatedtimes]]></item>
				<item id="type"><![CDATA[number]]></item>
				<item id="value"><![CDATA[365]]></item>
				<item id="extra"><![CDATA[]]></item>
			</item>
			<item id="94">
				<item id="displayorder"><![CDATA[95]]></item>
				<item id="title"><![CDATA[帖子相关阅读是否包含图片]]></item>
				<item id="description"><![CDATA[是否过滤掉无图帖子]]></item>
				<item id="variable"><![CDATA[relatedpics]]></item>
				<item id="type"><![CDATA[radio]]></item>
				<item id="value"><![CDATA[1]]></item>
				<item id="extra"><![CDATA[]]></item>
			</item>
			<item id="95">
				<item id="displayorder"><![CDATA[96]]></item>
				<item id="title"><![CDATA[帖子相关阅读显示条数]]></item>
				<item id="description"><![CDATA[默认显示的相关阅读的条数, 多出的相关阅读折叠隐藏]]></item>
				<item id="variable"><![CDATA[relatednums]]></item>
				<item id="type"><![CDATA[number]]></item>
				<item id="value"><![CDATA[4]]></item>
				<item id="extra"><![CDATA[]]></item>
			</item>
			<item id="96">
				<item id="displayorder"><![CDATA[97]]></item>
				<item id="title"><![CDATA[多媒体帖子相关主题调用条数]]></item>
				<item id="description"><![CDATA[多媒体帖子相关主题调用条数]]></item>
				<item id="variable"><![CDATA[relatedmedianums]]></item>
				<item id="type"><![CDATA[number]]></item>
				<item id="value"><![CDATA[20]]></item>
				<item id="extra"><![CDATA[]]></item>
			</item>
			<item id="97">
				<item id="displayorder"><![CDATA[98]]></item>
				<item id="title"><![CDATA[多媒体帖子相关主题排序方式]]></item>
				<item id="description"><![CDATA[多媒体帖子相关主题调用的帖子采取的排序方式]]></item>
				<item id="variable"><![CDATA[relatedmediasorts]]></item>
				<item id="type"><![CDATA[select]]></item>
				<item id="value"><![CDATA[1]]></item>
				<item id="extra"><![CDATA[1=回复顺序
2=发帖时间
3=热门帖子
4=精华帖子
5=浏览数量
6=回复数量
7=随机展示]]></item>
			</item>
			<item id="98">
				<item id="displayorder"><![CDATA[99]]></item>
				<item id="title"><![CDATA[多媒体帖子相关主题时间范围]]></item>
				<item id="description"><![CDATA[只有在此发帖时间范围内的帖子才会被调用, 单位: 天]]></item>
				<item id="variable"><![CDATA[relatedmediatimes]]></item>
				<item id="type"><![CDATA[number]]></item>
				<item id="value"><![CDATA[365]]></item>
				<item id="extra"><![CDATA[]]></item>
			</item>
			<item id="99">
				<item id="displayorder"><![CDATA[100]]></item>
				<item id="title"><![CDATA[文章相关阅读]]></item>
				<item id="description"><![CDATA[文章页相关阅读的数据来源]]></item>
				<item id="variable"><![CDATA[openrelatedview]]></item>
				<item id="type"><![CDATA[select]]></item>
				<item id="value"><![CDATA[1]]></item>
				<item id="extra"><![CDATA[0=系统优先
1=数据调用
2=不显示]]></item>
			</item>
			<item id="100">
				<item id="displayorder"><![CDATA[101]]></item>
				<item id="title"><![CDATA[文章相关阅读调用条数]]></item>
				<item id="description"><![CDATA[文章相关阅读调用的帖子条数]]></item>
				<item id="variable"><![CDATA[relatedviewallnums]]></item>
				<item id="type"><![CDATA[number]]></item>
				<item id="value"><![CDATA[10]]></item>
				<item id="extra"><![CDATA[]]></item>
			</item>
			<item id="101">
				<item id="displayorder"><![CDATA[102]]></item>
				<item id="title"><![CDATA[文章相关阅读排序方式]]></item>
				<item id="description"><![CDATA[文章相关阅读调用的帖子采取的排序方式]]></item>
				<item id="variable"><![CDATA[relatedviewsorts]]></item>
				<item id="type"><![CDATA[select]]></item>
				<item id="value"><![CDATA[1]]></item>
				<item id="extra"><![CDATA[1=最新发布
2=浏览数量
3=评论数量
4=收藏数量
5=分享数量
6=随机展示]]></item>
			</item>
			<item id="102">
				<item id="displayorder"><![CDATA[103]]></item>
				<item id="title"><![CDATA[文章相关阅读时间范围]]></item>
				<item id="description"><![CDATA[只有在此发布时间范围内的文章才会被调用, 单位: 天]]></item>
				<item id="variable"><![CDATA[relatedviewtimes]]></item>
				<item id="type"><![CDATA[number]]></item>
				<item id="value"><![CDATA[365]]></item>
				<item id="extra"><![CDATA[]]></item>
			</item>
			<item id="103">
				<item id="displayorder"><![CDATA[104]]></item>
				<item id="title"><![CDATA[文章相关阅读是否包含图片]]></item>
				<item id="description"><![CDATA[是否过滤掉无图文章]]></item>
				<item id="variable"><![CDATA[relatedviewpics]]></item>
				<item id="type"><![CDATA[radio]]></item>
				<item id="value"><![CDATA[1]]></item>
				<item id="extra"><![CDATA[]]></item>
			</item>
			<item id="104">
				<item id="displayorder"><![CDATA[105]]></item>
				<item id="title"><![CDATA[文章相关阅读显示条数]]></item>
				<item id="description"><![CDATA[默认显示的相关阅读的条数, 多出的相关阅读折叠隐藏]]></item>
				<item id="variable"><![CDATA[relatedviewnums]]></item>
				<item id="type"><![CDATA[number]]></item>
				<item id="value"><![CDATA[6]]></item>
				<item id="extra"><![CDATA[]]></item>
			</item>
			<item id="105">
				<item id="displayorder"><![CDATA[106]]></item>
				<item id="title"><![CDATA[聚合页面ID(频道ID)]]></item>
				<item id="description"><![CDATA[聚合信息页面所在的频道ID,多个频道ID用半角逗号分开]]></item>
				<item id="variable"><![CDATA[tplcatid]]></item>
				<item id="type"><![CDATA[text]]></item>
				<item id="value"><![CDATA[1,2,3]]></item>
				<item id="extra"><![CDATA[]]></item>
			</item>
			<item id="106">
				<item id="displayorder"><![CDATA[107]]></item>
				<item id="title"><![CDATA[更多主题]]></item>
				<item id="description"><![CDATA[首页底部是否显示加载更多主题]]></item>
				<item id="variable"><![CDATA[homepageplus]]></item>
				<item id="type"><![CDATA[radio]]></item>
				<item id="value"><![CDATA[1]]></item>
				<item id="extra"><![CDATA[]]></item>
			</item>
			<item id="107">
				<item id="displayorder"><![CDATA[108]]></item>
				<item id="title"><![CDATA[更多主题来源]]></item>
				<item id="description"><![CDATA[选择主题来源,是论坛帖子还是门户文章]]></item>
				<item id="variable"><![CDATA[contentsource]]></item>
				<item id="type"><![CDATA[select]]></item>
				<item id="value"><![CDATA[1]]></item>
				<item id="extra"><![CDATA[1=论坛帖子
2=门户文章]]></item>
			</item>
			<item id="108">
				<item id="displayorder"><![CDATA[109]]></item>
				<item id="title"><![CDATA[更多主题数量]]></item>
				<item id="description"><![CDATA[每页显示调用的主题数量]]></item>
				<item id="variable"><![CDATA[homeperpages]]></item>
				<item id="type"><![CDATA[number]]></item>
				<item id="value"><![CDATA[10]]></item>
				<item id="extra"><![CDATA[]]></item>
			</item>
			<item id="109">
				<item id="displayorder"><![CDATA[110]]></item>
				<item id="title"><![CDATA[主题摘要字数]]></item>
				<item id="description"><![CDATA[设置摘要文字数量,2个字节等于1个汉字]]></item>
				<item id="variable"><![CDATA[homesummarys]]></item>
				<item id="type"><![CDATA[number]]></item>
				<item id="value"><![CDATA[90]]></item>
				<item id="extra"><![CDATA[]]></item>
			</item>
			<item id="110">
				<item id="displayorder"><![CDATA[111]]></item>
				<item id="title"><![CDATA[主题无图过滤]]></item>
				<item id="description"><![CDATA[选择是否过滤无图片的帖子或者文章]]></item>
				<item id="variable"><![CDATA[homeonlypic]]></item>
				<item id="type"><![CDATA[radio]]></item>
				<item id="value"><![CDATA[1]]></item>
				<item id="extra"><![CDATA[]]></item>
			</item>
			<item id="111">
				<item id="displayorder"><![CDATA[112]]></item>
				<item id="title"><![CDATA[主题时间范围]]></item>
				<item id="description"><![CDATA[只有在此发布时间范围内的主题才会被调用, 单位: 天]]></item>
				<item id="variable"><![CDATA[homelishtimes]]></item>
				<item id="type"><![CDATA[number]]></item>
				<item id="value"><![CDATA[365]]></item>
				<item id="extra"><![CDATA[]]></item>
			</item>
			<item id="112">
				<item id="displayorder"><![CDATA[113]]></item>
				<item id="title"><![CDATA[主题样式]]></item>
				<item id="description"><![CDATA[选择主题显示样式]]></item>
				<item id="variable"><![CDATA[homelisttype]]></item>
				<item id="type"><![CDATA[select]]></item>
				<item id="value"><![CDATA[0]]></item>
				<item id="extra"><![CDATA[0=头条混排样式
1=微博样式
2=新闻样式]]></item>
			</item>
			<item id="113">
				<item id="displayorder"><![CDATA[114]]></item>
				<item id="title"><![CDATA[是否显示多媒体内容]]></item>
				<item id="description"><![CDATA[是否调用显示多媒体内容, 如视频音频]]></item>
				<item id="variable"><![CDATA[homeshowmedia]]></item>
				<item id="type"><![CDATA[radio]]></item>
				<item id="value"><![CDATA[1]]></item>
				<item id="extra"><![CDATA[]]></item>
			</item>
			<item id="114">
				<item id="displayorder"><![CDATA[115]]></item>
				<item id="title"><![CDATA[帖子数据来源]]></item>
				<item id="description"><![CDATA[选择内容来源所调用的论坛版块]]></item>
				<item id="variable"><![CDATA[forumfids]]></item>
				<item id="type"><![CDATA[forums]]></item>
				<item id="extra"><![CDATA[]]></item>
				<item id="__value">
					<item id="0"><![CDATA[1]]></item>
				</item>
			</item>
			<item id="115">
				<item id="displayorder"><![CDATA[116]]></item>
				<item id="title"><![CDATA[帖子主题类型]]></item>
				<item id="description"><![CDATA[只调用选中的主题类型帖子]]></item>
				<item id="variable"><![CDATA[homethspecial]]></item>
				<item id="type"><![CDATA[select]]></item>
				<item id="value"><![CDATA[0]]></item>
				<item id="extra"><![CDATA[-1=所有类型
0=普通帖子
1=投票帖子
2=商品帖子
3=悬赏帖子
4=活动帖子
5=辩论帖子]]></item>
			</item>
			<item id="116">
				<item id="displayorder"><![CDATA[117]]></item>
				<item id="title"><![CDATA[帖子排序方式]]></item>
				<item id="description"><![CDATA[选择调用帖子的排序方式]]></item>
				<item id="variable"><![CDATA[forumtporderby]]></item>
				<item id="type"><![CDATA[select]]></item>
				<item id="value"><![CDATA[1]]></item>
				<item id="extra"><![CDATA[1=回复顺序
2=发帖时间
3=热门帖子
4=精华帖子
5=浏览数量
6=回复数量]]></item>
			</item>
			<item id="117">
				<item id="displayorder"><![CDATA[118]]></item>
				<item id="title"><![CDATA[文章数据来源]]></item>
				<item id="description"><![CDATA[选择内容来源所调用的频道,填写频道ID,多个频道ID用半角逗号分开]]></item>
				<item id="variable"><![CDATA[viewcatid]]></item>
				<item id="type"><![CDATA[text]]></item>
				<item id="value"><![CDATA[1,2,3]]></item>
				<item id="extra"><![CDATA[]]></item>
			</item>
			<item id="118">
				<item id="displayorder"><![CDATA[119]]></item>
				<item id="title"><![CDATA[文章排序方式]]></item>
				<item id="description"><![CDATA[选择调用文章的排序方式]]></item>
				<item id="variable"><![CDATA[viewtporderby]]></item>
				<item id="type"><![CDATA[select]]></item>
				<item id="value"><![CDATA[1]]></item>
				<item id="extra"><![CDATA[1=最新发布
2=浏览数量
3=评论数量
4=收藏数量
5=分享数量]]></item>
			</item>
			<item id="119">
				<item id="displayorder"><![CDATA[120]]></item>
				<item id="title"><![CDATA[帖子页音乐下载]]></item>
				<item id="description"><![CDATA[帖子页的音乐播放器是否显示下载按钮]]></item>
				<item id="variable"><![CDATA[viewmusicdl]]></item>
				<item id="type"><![CDATA[select]]></item>
				<item id="value"><![CDATA[0]]></item>
				<item id="extra"><![CDATA[0=不显示下载按钮
1=显示下载按钮]]></item>
			</item>
			<item id="120">
				<item id="displayorder"><![CDATA[121]]></item>
				<item id="title"><![CDATA[评分样式]]></item>
				<item id="description"><![CDATA[帖子评分样式]]></item>
				<item id="variable"><![CDATA[ratetype]]></item>
				<item id="type"><![CDATA[select]]></item>
				<item id="value"><![CDATA[2]]></item>
				<item id="extra"><![CDATA[0=默认样式
1=打赏样式
2=打赏及显示打赏人头像]]></item>
			</item>
			<item id="121">
				<item id="displayorder"><![CDATA[122]]></item>
				<item id="title"><![CDATA[多图上传数量]]></item>
				<item id="description"><![CDATA[发布内容时, 允许一次可选择上传的图片数量, 0或留空为不限制数量]]></item>
				<item id="variable"><![CDATA[upimgnumber]]></item>
				<item id="type"><![CDATA[number]]></item>
				<item id="value"><![CDATA[4]]></item>
				<item id="extra"><![CDATA[]]></item>
			</item>
			<item id="122">
				<item id="displayorder"><![CDATA[123]]></item>
				<item id="title"><![CDATA[禁止显示缩略内容]]></item>
				<item id="description"><![CDATA[各类调用主题缩略内容的列表页, 全部禁止显示缩略内容]]></item>
				<item id="variable"><![CDATA[hidesummary]]></item>
				<item id="type"><![CDATA[radio]]></item>
				<item id="value"><![CDATA[0]]></item>
				<item id="extra"><![CDATA[]]></item>
			</item>
			<item id="123">
				<item id="displayorder"><![CDATA[124]]></item>
				<item id="title"><![CDATA[页脚导航菜单二]]></item>
				<item id="description"><![CDATA[第二个默认的导航菜单链接]]></item>
				<item id="variable"><![CDATA[footernavtw]]></item>
				<item id="type"><![CDATA[select]]></item>
				<item id="value"><![CDATA[5]]></item>
				<item id="extra"><![CDATA[1=搜索
2=社区
3=圈子
4=说说
5=发现
6=动态
7=日志
8=相册
9=记录
10=留言
11=排行榜
12=消息
13=提醒]]></item>
			</item>
			<item id="124">
				<item id="displayorder"><![CDATA[125]]></item>
				<item id="title"><![CDATA[页脚导航菜单四]]></item>
				<item id="description"><![CDATA[第四个默认的导航菜单链接]]></item>
				<item id="variable"><![CDATA[footernavth]]></item>
				<item id="type"><![CDATA[select]]></item>
				<item id="value"><![CDATA[1]]></item>
				<item id="extra"><![CDATA[1=搜索
2=社区
3=圈子
4=说说
5=发现
6=动态
7=日志
8=相册
9=记录
10=留言
11=排行榜
12=消息
13=提醒]]></item>
			</item>
			<item id="125">
				<item id="displayorder"><![CDATA[126]]></item>
				<item id="title"><![CDATA[帖子页板块链接]]></item>
				<item id="description"><![CDATA[主题帖下方显示所在版块链接]]></item>
				<item id="variable"><![CDATA[viewforums]]></item>
				<item id="type"><![CDATA[select]]></item>
				<item id="value"><![CDATA[0]]></item>
				<item id="extra"><![CDATA[0=不显示
1=主题帖下方
2=显示相关版块]]></item>
			</item>
			<item id="126">
				<item id="displayorder"><![CDATA[127]]></item>
				<item id="title"><![CDATA[帖子页右侧快速跳转链接]]></item>
				<item id="description"><![CDATA[帖子页内右侧浮动链接, 指定快速跳转链接]]></item>
				<item id="variable"><![CDATA[diypostlinks]]></item>
				<item id="type"><![CDATA[select]]></item>
				<item id="value"><![CDATA[0]]></item>
				<item id="extra"><![CDATA[0=不显示
1=首页
2=论坛/圈子
3=其他]]></item>
			</item>
		</item>
	</item>
</root>