<?xml version="1.0" encoding="ISO-8859-1"?>
<root>
	<item id="spacecss"><![CDATA[]]></item>
	<item id="layoutdata">
		<item id="diy1">
			<item id="frame`frame8byCl5">
				<item id="attr">
					<item id="name"><![CDATA[frame8byCl5]]></item>
					<item id="moveable"><![CDATA[true]]></item>
					<item id="className"><![CDATA[cl_frame_bm frame move-span cl frame-1]]></item>
					<item id="titles"><![CDATA[]]></item>
				</item>
				<item id="column`frame8byCl5_left">
					<item id="attr">
						<item id="name"><![CDATA[frame8byCl5_left]]></item>
						<item id="className"><![CDATA[column frame-1-c]]></item>
					</item>
					<item id="block`portal_block_456">
						<item id="attr">
							<item id="name"><![CDATA[portal_block_456]]></item>
							<item id="className"><![CDATA[cl_block_bm block move-span]]></item>
							<item id="titles"><![CDATA[]]></item>
						</item>
					</item>
				</item>
			</item>
		</item>
		<item id="banners"><![CDATA[]]></item>
		<item id="fishmenu">
			<item id="frame`frameHpT4NL">
				<item id="attr">
					<item id="name"><![CDATA[frameHpT4NL]]></item>
					<item id="moveable"><![CDATA[true]]></item>
					<item id="className"><![CDATA[cl_frame_bm frame move-span cl frame-1]]></item>
					<item id="titles"><![CDATA[]]></item>
				</item>
				<item id="column`frameHpT4NL_left">
					<item id="attr">
						<item id="name"><![CDATA[frameHpT4NL_left]]></item>
						<item id="className"><![CDATA[column frame-1-c]]></item>
					</item>
					<item id="block`portal_block_458">
						<item id="attr">
							<item id="name"><![CDATA[portal_block_458]]></item>
							<item id="className"><![CDATA[cl_block_bm block move-span]]></item>
							<item id="titles"><![CDATA[]]></item>
						</item>
					</item>
				</item>
			</item>
		</item>
		<item id="fishguest">
			<item id="frame`frameZYHw7w">
				<item id="attr">
					<item id="name"><![CDATA[frameZYHw7w]]></item>
					<item id="moveable"><![CDATA[true]]></item>
					<item id="className"><![CDATA[cl_frame_bm frame move-span cl frame-1]]></item>
					<item id="titles"><![CDATA[]]></item>
				</item>
				<item id="column`frameZYHw7w_left">
					<item id="attr">
						<item id="name"><![CDATA[frameZYHw7w_left]]></item>
						<item id="className"><![CDATA[column frame-1-c]]></item>
					</item>
					<item id="block`portal_block_457">
						<item id="attr">
							<item id="name"><![CDATA[portal_block_457]]></item>
							<item id="className"><![CDATA[cl_block_bm block move-span]]></item>
							<item id="titles"><![CDATA[]]></item>
						</item>
					</item>
				</item>
			</item>
		</item>
		<item id="fishwj">
			<item id="frame`frame54Z89L">
				<item id="attr">
					<item id="name"><![CDATA[frame54Z89L]]></item>
					<item id="moveable"><![CDATA[true]]></item>
					<item id="className"><![CDATA[cl_frame_bm frame move-span cl frame-1]]></item>
					<item id="titles"><![CDATA[]]></item>
				</item>
				<item id="column`frame54Z89L_left">
					<item id="attr">
						<item id="name"><![CDATA[frame54Z89L_left]]></item>
						<item id="className"><![CDATA[column frame-1-c]]></item>
					</item>
					<item id="block`portal_block_459">
						<item id="attr">
							<item id="name"><![CDATA[portal_block_459]]></item>
							<item id="className"><![CDATA[cl_block_bm block move-span]]></item>
							<item id="titles"><![CDATA[]]></item>
						</item>
					</item>
				</item>
			</item>
		</item>
		<item id="listcontenttop"><![CDATA[]]></item>
		<item id="listloopbottom"><![CDATA[]]></item>
		<item id="diycontentbottom"><![CDATA[]]></item>
		<item id="diy3"><![CDATA[]]></item>
	</item>
	<item id="blockdata">
		<item id="block">
			<item id="456">
				<item id="bid"><![CDATA[456]]></item>
				<item id="blockclass"><![CDATA[html_html]]></item>
				<item id="blocktype"><![CDATA[0]]></item>
				<item id="name"><![CDATA[banner]]></item>
				<item id="title"><![CDATA[]]></item>
				<item id="classname"><![CDATA[cl_block_bm]]></item>
				<item id="summary"><![CDATA[<div class="banner"> 
   <a title="上一个" class="b_prev png"></a> 
   <a title="下一个" class="b_next png"></a> 
   <div>
    <a href="#"><img src="template/xiaoyu_marry/style/img/banner_01.jpg" width="1920" height="567" /></a>
   </div> 
   <div>
    <a href="#"><img src="template/xiaoyu_marry/style/img/banner_02.jpg" width="1920" height="567" /></a>
   </div> 
   <div>
    <a href="#"><img src="template/xiaoyu_marry/style/img/banner_03.jpg" width="1920" height="567" /></a>
   </div> 
   <div>
    <a href="#"><img src="template/xiaoyu_marry/style/img/banner_04.jpg" width="1920" height="567" /></a>
   </div> 
   <ul> 
    <li><a href="#"></a></li> 
    <li><a href="#"></a></li> 
    <li><a href="#"></a></li> 
    <li><a href="#"></a></li> 
   </ul>
  </div>
  <div class="banner_bottom_box">
  <div class="indexTop"> 
   <span><a title="联系我们" href="http://wpa.qq.com/msgrd?v=3&uin=562828385&site=qq&menu=yes" target="_blank" class="png"></a></span> 
   <font><a title="官方微博" href="#" target="_blank" class="png"></a></font> 
   <tt><a title="订阅微信" href="#" class="png"></a></tt> 
   <ins>
    <a href="#" class="png"></a>
   </ins> 
  </div> 
  <div class="indexTel"> 
   <ul> 
    <li><strong>深圳福田总店</strong><span><img src="template/xiaoyu_marry/style/img/num_1.jpg" /></span></li> 
    <li><strong>龙华宝安店</strong><span><img src="template/xiaoyu_marry/style/img/num_2.jpg" /></span></li> 
    <li><strong>罗湖东门店</strong><span><img src="template/xiaoyu_marry/style/img/num_3.jpg" /></span></li> 
    <li><strong>400免长途电话</strong><span><img src="template/xiaoyu_marry/style/img/num_4.jpg" /></span></li> 
   </ul> 
  </div>
 </div>]]></item>
				<item id="uid"><![CDATA[1]]></item>
				<item id="username"><![CDATA[admin]]></item>
				<item id="styleid"><![CDATA[0]]></item>
				<item id="blockstyle"><![CDATA[]]></item>
				<item id="picwidth"><![CDATA[0]]></item>
				<item id="picheight"><![CDATA[0]]></item>
				<item id="target"><![CDATA[blank]]></item>
				<item id="dateformat"><![CDATA[Y-m-d]]></item>
				<item id="dateuformat"><![CDATA[0]]></item>
				<item id="script"><![CDATA[blank]]></item>
				<item id="param">
					<item id="content"><![CDATA[<div class=\"banner\"> 
   <a title=\"上一个\" class=\"b_prev png\"></a> 
   <a title=\"下一个\" class=\"b_next png\"></a> 
   <div>
    <a href=\"#\"><img src=\"template/xiaoyu_marry/style/img/banner_01.jpg\" width=\"1920\" height=\"567\" /></a>
   </div> 
   <div>
    <a href=\"#\"><img src=\"template/xiaoyu_marry/style/img/banner_02.jpg\" width=\"1920\" height=\"567\" /></a>
   </div> 
   <div>
    <a href=\"#\"><img src=\"template/xiaoyu_marry/style/img/banner_03.jpg\" width=\"1920\" height=\"567\" /></a>
   </div> 
   <div>
    <a href=\"#\"><img src=\"template/xiaoyu_marry/style/img/banner_04.jpg\" width=\"1920\" height=\"567\" /></a>
   </div> 
   <ul> 
    <li><a href=\"#\"></a></li> 
    <li><a href=\"#\"></a></li> 
    <li><a href=\"#\"></a></li> 
    <li><a href=\"#\"></a></li> 
   </ul>
  </div>
  <div class=\"banner_bottom_box\">
  <div class=\"indexTop\"> 
   <span><a title=\"联系我们\" href=\"http://wpa.qq.com/msgrd?v=3&uin=562828385&site=qq&menu=yes\" target=\"_blank\" class=\"png\"></a></span> 
   <font><a title=\"官方微博\" href=\"#\" target=\"_blank\" class=\"png\"></a></font> 
   <tt><a title=\"订阅微信\" href=\"#\" class=\"png\"></a></tt> 
   <ins>
    <a href=\"#\" class=\"png\"></a>
   </ins> 
  </div> 
  <div class=\"indexTel\"> 
   <ul> 
    <li><strong>深圳福田总店</strong><span><img src=\"template/xiaoyu_marry/style/img/num_1.jpg\" /></span></li> 
    <li><strong>龙华宝安店</strong><span><img src=\"template/xiaoyu_marry/style/img/num_2.jpg\" /></span></li> 
    <li><strong>罗湖东门店</strong><span><img src=\"template/xiaoyu_marry/style/img/num_3.jpg\" /></span></li> 
    <li><strong>400免长途电话</strong><span><img src=\"template/xiaoyu_marry/style/img/num_4.jpg\" /></span></li> 
   </ul> 
  </div>
 </div>]]></item>
					<item id="items"><![CDATA[10]]></item>
				</item>
				<item id="shownum"><![CDATA[10]]></item>
				<item id="cachetime"><![CDATA[0]]></item>
				<item id="cachetimerange"><![CDATA[0,0]]></item>
				<item id="punctualupdate"><![CDATA[0]]></item>
				<item id="hidedisplay"><![CDATA[0]]></item>
				<item id="dateline"><![CDATA[1469602571]]></item>
				<item id="notinherited"><![CDATA[0]]></item>
				<item id="isblank"><![CDATA[0]]></item>
			</item>
			<item id="457">
				<item id="bid"><![CDATA[457]]></item>
				<item id="blockclass"><![CDATA[forum_thread]]></item>
				<item id="blocktype"><![CDATA[0]]></item>
				<item id="name"><![CDATA[fishguest]]></item>
				<item id="title"><![CDATA[]]></item>
				<item id="classname"><![CDATA[cl_block_bm]]></item>
				<item id="summary"><![CDATA[]]></item>
				<item id="uid"><![CDATA[1]]></item>
				<item id="username"><![CDATA[admin]]></item>
				<item id="styleid"><![CDATA[0]]></item>
				<item id="blockstyle">
					<item id="name"><![CDATA[]]></item>
					<item id="blockclass"><![CDATA[forum_thread]]></item>
					<item id="makethumb"><![CDATA[0]]></item>
					<item id="getpic"><![CDATA[1]]></item>
					<item id="getsummary"><![CDATA[0]]></item>
					<item id="settarget"><![CDATA[0]]></item>
					<item id="moreurl"><![CDATA[0]]></item>
					<item id="fields">
						<item id="0"><![CDATA[url]]></item>
						<item id="1"><![CDATA[title]]></item>
						<item id="2"><![CDATA[pic]]></item>
						<item id="3"><![CDATA[author]]></item>
						<item id="4"><![CDATA[dateline]]></item>
					</item>
					<item id="template">
						<item id="raw"><![CDATA[      <h3><img src="template/xiaoyu_marry/style/img/cb_02.jpg" /></h3> 
      <div class="guestImgs"> 
      [loop]
       <div>
        <a href="{url}" title="{title}"><img alt="{title}" src="{pic}" width="250" height="320" />
         <ins class="png"></ins><p>{author}</p><span>posttime:{dateline}</span></a>
       </div>
       [/loop]
       <ul>
       [loop1]
        <li><a href="javascript:;" class="current"></a></li>
       [/loop1]
       </ul> 
      </div> ]]></item>
						<item id="footer"><![CDATA[]]></item>
						<item id="header"><![CDATA[]]></item>
						<item id="indexplus">
						</item>
						<item id="index">
						</item>
						<item id="orderplus">
						</item>
						<item id="order">
						</item>
						<item id="loopplus">
							<item id="1"><![CDATA[<li><a href="javascript:;" class="current"></a></li>]]></item>
						</item>
						<item id="loop"><![CDATA[<div>
        <a href="{url}" title="{title}"><img alt="{title}" src="{pic}" width="250" height="320" />
         <ins class="png"></ins><p>{author}</p><span>posttime:{dateline}</span></a>
       </div>]]></item>
					</item>
					<item id="hash"><![CDATA[3a6da401]]></item>
				</item>
				<item id="picwidth"><![CDATA[0]]></item>
				<item id="picheight"><![CDATA[0]]></item>
				<item id="target"><![CDATA[blank]]></item>
				<item id="dateformat"><![CDATA[Y-m-d]]></item>
				<item id="dateuformat"><![CDATA[0]]></item>
				<item id="script"><![CDATA[thread]]></item>
				<item id="param">
					<item id="tids"><![CDATA[]]></item>
					<item id="uids"><![CDATA[]]></item>
					<item id="keyword"><![CDATA[]]></item>
					<item id="tagkeyword"><![CDATA[]]></item>
					<item id="typeids"><![CDATA[]]></item>
					<item id="recommend"><![CDATA[0]]></item>
					<item id="viewmod"><![CDATA[0]]></item>
					<item id="rewardstatus"><![CDATA[0]]></item>
					<item id="picrequired"><![CDATA[0]]></item>
					<item id="orderby"><![CDATA[lastpost]]></item>
					<item id="postdateline"><![CDATA[0]]></item>
					<item id="lastpost"><![CDATA[0]]></item>
					<item id="highlight"><![CDATA[0]]></item>
					<item id="titlelength"><![CDATA[20]]></item>
					<item id="summarylength"><![CDATA[80]]></item>
					<item id="startrow"><![CDATA[0]]></item>
					<item id="items"><![CDATA[5]]></item>
				</item>
				<item id="shownum"><![CDATA[5]]></item>
				<item id="cachetime"><![CDATA[3600]]></item>
				<item id="cachetimerange"><![CDATA[]]></item>
				<item id="punctualupdate"><![CDATA[0]]></item>
				<item id="hidedisplay"><![CDATA[0]]></item>
				<item id="dateline"><![CDATA[1469603748]]></item>
				<item id="notinherited"><![CDATA[0]]></item>
				<item id="isblank"><![CDATA[0]]></item>
			</item>
			<item id="458">
				<item id="bid"><![CDATA[458]]></item>
				<item id="blockclass"><![CDATA[html_html]]></item>
				<item id="blocktype"><![CDATA[0]]></item>
				<item id="name"><![CDATA[fishmenu]]></item>
				<item id="title"><![CDATA[]]></item>
				<item id="classname"><![CDATA[cl_block_bm]]></item>
				<item id="summary"><![CDATA[<h3><img src="template/xiaoyu_marry/style/img/cb_01.jpg" /></h3> 
      <ul> 
       <li><a href="#" class="hover"><span>Company news</span><font>公司新闻</font></a></li> 
       <li><a href="#"><span>Industry Information</span><font>行业资讯</font></a></li> 
       <li><a href="#"><span>The little prince</span><font>服务小贴士</font></a></li> 
      </ul>]]></item>
				<item id="uid"><![CDATA[1]]></item>
				<item id="username"><![CDATA[admin]]></item>
				<item id="styleid"><![CDATA[0]]></item>
				<item id="blockstyle"><![CDATA[]]></item>
				<item id="picwidth"><![CDATA[0]]></item>
				<item id="picheight"><![CDATA[0]]></item>
				<item id="target"><![CDATA[blank]]></item>
				<item id="dateformat"><![CDATA[Y-m-d]]></item>
				<item id="dateuformat"><![CDATA[0]]></item>
				<item id="script"><![CDATA[blank]]></item>
				<item id="param">
					<item id="content"><![CDATA[      <h3><img src=\"template/xiaoyu_marry/style/img/cb_01.jpg\" /></h3> 
      <ul> 
       <li><a href=\"#\" class=\"hover\"><span>Company news</span><font>公司新闻</font></a></li> 
       <li><a href=\"#\"><span>Industry Information</span><font>行业资讯</font></a></li> 
       <li><a href=\"#\"><span>The little prince</span><font>服务小贴士</font></a></li> 
      </ul> ]]></item>
					<item id="items"><![CDATA[10]]></item>
				</item>
				<item id="shownum"><![CDATA[10]]></item>
				<item id="cachetime"><![CDATA[3600]]></item>
				<item id="cachetimerange"><![CDATA[]]></item>
				<item id="punctualupdate"><![CDATA[0]]></item>
				<item id="hidedisplay"><![CDATA[0]]></item>
				<item id="dateline"><![CDATA[1469603728]]></item>
				<item id="notinherited"><![CDATA[0]]></item>
				<item id="isblank"><![CDATA[0]]></item>
			</item>
			<item id="459">
				<item id="bid"><![CDATA[459]]></item>
				<item id="blockclass"><![CDATA[forum_thread]]></item>
				<item id="blocktype"><![CDATA[0]]></item>
				<item id="name"><![CDATA[fishwj]]></item>
				<item id="title"><![CDATA[]]></item>
				<item id="classname"><![CDATA[cl_block_bm]]></item>
				<item id="summary"><![CDATA[]]></item>
				<item id="uid"><![CDATA[1]]></item>
				<item id="username"><![CDATA[admin]]></item>
				<item id="styleid"><![CDATA[0]]></item>
				<item id="blockstyle">
					<item id="name"><![CDATA[]]></item>
					<item id="blockclass"><![CDATA[forum_thread]]></item>
					<item id="makethumb"><![CDATA[0]]></item>
					<item id="getpic"><![CDATA[1]]></item>
					<item id="getsummary"><![CDATA[0]]></item>
					<item id="settarget"><![CDATA[0]]></item>
					<item id="moreurl"><![CDATA[0]]></item>
					<item id="fields">
						<item id="0"><![CDATA[url]]></item>
						<item id="1"><![CDATA[title]]></item>
						<item id="2"><![CDATA[pic]]></item>
					</item>
					<item id="template">
						<item id="raw"><![CDATA[      <h3><img src="template/xiaoyu_marry/style/img/cb_03.jpg" /></h3> 
      <ul>
      [loop]
       <li><a href="{url}" title="{title}"><img alt="" src="{pic}" width="251" height="115" />
         <ins>
          <span>外景<br />最热</span>
          <strong>hot</strong>
         </ins></a></li>
        [/loop]
      </ul> ]]></item>
						<item id="footer"><![CDATA[]]></item>
						<item id="header"><![CDATA[]]></item>
						<item id="indexplus">
						</item>
						<item id="index">
						</item>
						<item id="orderplus">
						</item>
						<item id="order">
						</item>
						<item id="loopplus">
						</item>
						<item id="loop"><![CDATA[<li><a href="{url}" title="{title}"><img alt="" src="{pic}" width="251" height="115" />
         <ins>
          <span>外景<br />最热</span>
          <strong>hot</strong>
         </ins></a></li>]]></item>
					</item>
					<item id="hash"><![CDATA[ba439ed9]]></item>
				</item>
				<item id="picwidth"><![CDATA[0]]></item>
				<item id="picheight"><![CDATA[0]]></item>
				<item id="target"><![CDATA[blank]]></item>
				<item id="dateformat"><![CDATA[Y-m-d]]></item>
				<item id="dateuformat"><![CDATA[0]]></item>
				<item id="script"><![CDATA[thread]]></item>
				<item id="param">
					<item id="tids"><![CDATA[]]></item>
					<item id="uids"><![CDATA[]]></item>
					<item id="keyword"><![CDATA[]]></item>
					<item id="tagkeyword"><![CDATA[]]></item>
					<item id="typeids"><![CDATA[]]></item>
					<item id="recommend"><![CDATA[0]]></item>
					<item id="viewmod"><![CDATA[0]]></item>
					<item id="rewardstatus"><![CDATA[0]]></item>
					<item id="picrequired"><![CDATA[0]]></item>
					<item id="orderby"><![CDATA[lastpost]]></item>
					<item id="postdateline"><![CDATA[0]]></item>
					<item id="lastpost"><![CDATA[0]]></item>
					<item id="highlight"><![CDATA[0]]></item>
					<item id="titlelength"><![CDATA[40]]></item>
					<item id="summarylength"><![CDATA[80]]></item>
					<item id="startrow"><![CDATA[0]]></item>
					<item id="items"><![CDATA[3]]></item>
				</item>
				<item id="shownum"><![CDATA[3]]></item>
				<item id="cachetime"><![CDATA[3600]]></item>
				<item id="cachetimerange"><![CDATA[]]></item>
				<item id="punctualupdate"><![CDATA[0]]></item>
				<item id="hidedisplay"><![CDATA[0]]></item>
				<item id="dateline"><![CDATA[1469603743]]></item>
				<item id="notinherited"><![CDATA[0]]></item>
				<item id="isblank"><![CDATA[0]]></item>
			</item>
		</item>
		<item id="style">
		</item>
	</item>
</root>
