<?xml version="1.0" encoding="ISO-8859-1"?>
<root>
	<item id="spacecss"><![CDATA[]]></item>
	<item id="layoutdata">
		<item id="banners">
			<item id="frame`framesTr51k">
				<item id="attr">
					<item id="name"><![CDATA[framesTr51k]]></item>
					<item id="moveable"><![CDATA[true]]></item>
					<item id="className"><![CDATA[cl_frame_bm frame move-span cl frame-1]]></item>
					<item id="titles"><![CDATA[]]></item>
				</item>
				<item id="column`framesTr51k_left">
					<item id="attr">
						<item id="name"><![CDATA[framesTr51k_left]]></item>
						<item id="className"><![CDATA[column frame-1-c]]></item>
					</item>
					<item id="block`portal_block_437">
						<item id="attr">
							<item id="name"><![CDATA[portal_block_437]]></item>
							<item id="className"><![CDATA[cl_block_bm block move-span]]></item>
							<item id="titles"><![CDATA[]]></item>
						</item>
					</item>
				</item>
			</item>
		</item>
		<item id="ixnews">
			<item id="frame`framevJNFfJ">
				<item id="attr">
					<item id="name"><![CDATA[framevJNFfJ]]></item>
					<item id="moveable"><![CDATA[true]]></item>
					<item id="className"><![CDATA[cl_frame_bm frame move-span cl frame-1]]></item>
					<item id="titles"><![CDATA[]]></item>
				</item>
				<item id="column`framevJNFfJ_left">
					<item id="attr">
						<item id="name"><![CDATA[framevJNFfJ_left]]></item>
						<item id="className"><![CDATA[column frame-1-c]]></item>
					</item>
					<item id="block`portal_block_439">
						<item id="attr">
							<item id="name"><![CDATA[portal_block_439]]></item>
							<item id="className"><![CDATA[cl_block_bm block move-span]]></item>
							<item id="titles"><![CDATA[]]></item>
						</item>
					</item>
				</item>
			</item>
		</item>
		<item id="ixtitle2">
			<item id="frame`frameCx4FqD">
				<item id="attr">
					<item id="name"><![CDATA[frameCx4FqD]]></item>
					<item id="moveable"><![CDATA[true]]></item>
					<item id="className"><![CDATA[cl_frame_bm frame move-span cl frame-1]]></item>
					<item id="titles"><![CDATA[]]></item>
				</item>
				<item id="column`frameCx4FqD_left">
					<item id="attr">
						<item id="name"><![CDATA[frameCx4FqD_left]]></item>
						<item id="className"><![CDATA[column frame-1-c]]></item>
					</item>
					<item id="block`portal_block_440">
						<item id="attr">
							<item id="name"><![CDATA[portal_block_440]]></item>
							<item id="className"><![CDATA[cl_block_bm block move-span]]></item>
							<item id="titles"><![CDATA[]]></item>
						</item>
					</item>
				</item>
			</item>
		</item>
		<item id="ixtitle3">
			<item id="frame`frame9OWS66">
				<item id="attr">
					<item id="name"><![CDATA[frame9OWS66]]></item>
					<item id="moveable"><![CDATA[true]]></item>
					<item id="className"><![CDATA[cl_frame_bm frame move-span cl frame-1]]></item>
					<item id="titles"><![CDATA[]]></item>
				</item>
				<item id="column`frame9OWS66_left">
					<item id="attr">
						<item id="name"><![CDATA[frame9OWS66_left]]></item>
						<item id="className"><![CDATA[column frame-1-c]]></item>
					</item>
					<item id="block`portal_block_441">
						<item id="attr">
							<item id="name"><![CDATA[portal_block_441]]></item>
							<item id="className"><![CDATA[cl_block_bm block move-span]]></item>
							<item id="titles"><![CDATA[]]></item>
						</item>
					</item>
				</item>
			</item>
		</item>
		<item id="ixtitle4">
			<item id="frame`frame1Xq3hr">
				<item id="attr">
					<item id="name"><![CDATA[frame1Xq3hr]]></item>
					<item id="moveable"><![CDATA[true]]></item>
					<item id="className"><![CDATA[cl_frame_bm frame move-span cl frame-1]]></item>
					<item id="titles"><![CDATA[]]></item>
				</item>
				<item id="column`frame1Xq3hr_left">
					<item id="attr">
						<item id="name"><![CDATA[frame1Xq3hr_left]]></item>
						<item id="className"><![CDATA[column frame-1-c]]></item>
					</item>
					<item id="block`portal_block_442">
						<item id="attr">
							<item id="name"><![CDATA[portal_block_442]]></item>
							<item id="className"><![CDATA[cl_block_bm block move-span]]></item>
							<item id="titles"><![CDATA[]]></item>
						</item>
					</item>
				</item>
			</item>
		</item>
		<item id="ixtitle5">
			<item id="frame`framey58jyg">
				<item id="attr">
					<item id="name"><![CDATA[framey58jyg]]></item>
					<item id="moveable"><![CDATA[true]]></item>
					<item id="className"><![CDATA[cl_frame_bm frame move-span cl frame-1]]></item>
					<item id="titles"><![CDATA[]]></item>
				</item>
				<item id="column`framey58jyg_left">
					<item id="attr">
						<item id="name"><![CDATA[framey58jyg_left]]></item>
						<item id="className"><![CDATA[column frame-1-c]]></item>
					</item>
					<item id="block`portal_block_443">
						<item id="attr">
							<item id="name"><![CDATA[portal_block_443]]></item>
							<item id="className"><![CDATA[cl_block_bm block move-span]]></item>
							<item id="titles"><![CDATA[]]></item>
						</item>
					</item>
				</item>
			</item>
		</item>
		<item id="ixtitle6">
			<item id="frame`frame2Dd343">
				<item id="attr">
					<item id="name"><![CDATA[frame2Dd343]]></item>
					<item id="moveable"><![CDATA[true]]></item>
					<item id="className"><![CDATA[cl_frame_bm frame move-span cl frame-1]]></item>
					<item id="titles"><![CDATA[]]></item>
				</item>
				<item id="column`frame2Dd343_left">
					<item id="attr">
						<item id="name"><![CDATA[frame2Dd343_left]]></item>
						<item id="className"><![CDATA[column frame-1-c]]></item>
					</item>
					<item id="block`portal_block_444">
						<item id="attr">
							<item id="name"><![CDATA[portal_block_444]]></item>
							<item id="className"><![CDATA[cl_block_bm block move-span]]></item>
							<item id="titles"><![CDATA[]]></item>
						</item>
					</item>
				</item>
			</item>
		</item>
		<item id="ixtitle7">
			<item id="frame`frame9t8r65">
				<item id="attr">
					<item id="name"><![CDATA[frame9t8r65]]></item>
					<item id="moveable"><![CDATA[true]]></item>
					<item id="className"><![CDATA[cl_frame_bm frame move-span cl frame-1]]></item>
					<item id="titles"><![CDATA[]]></item>
				</item>
				<item id="column`frame9t8r65_left">
					<item id="attr">
						<item id="name"><![CDATA[frame9t8r65_left]]></item>
						<item id="className"><![CDATA[column frame-1-c]]></item>
					</item>
					<item id="block`portal_block_445">
						<item id="attr">
							<item id="name"><![CDATA[portal_block_445]]></item>
							<item id="className"><![CDATA[block move-span]]></item>
							<item id="titles"><![CDATA[]]></item>
						</item>
					</item>
				</item>
			</item>
		</item>
		<item id="ixtitle7tab">
			<item id="frame`frame2QKoPs">
				<item id="attr">
					<item id="name"><![CDATA[frame2QKoPs]]></item>
					<item id="moveable"><![CDATA[true]]></item>
					<item id="className"><![CDATA[cl_frame_bm frame move-span cl frame-1]]></item>
					<item id="titles"><![CDATA[]]></item>
				</item>
				<item id="column`frame2QKoPs_left">
					<item id="attr">
						<item id="name"><![CDATA[frame2QKoPs_left]]></item>
						<item id="className"><![CDATA[column frame-1-c]]></item>
					</item>
					<item id="block`portal_block_453">
						<item id="attr">
							<item id="name"><![CDATA[portal_block_453]]></item>
							<item id="className"><![CDATA[cl_block_bm block move-span]]></item>
							<item id="titles"><![CDATA[]]></item>
						</item>
					</item>
				</item>
			</item>
		</item>
		<item id="ixtitle7ul">
			<item id="frame`frame4ge4rM">
				<item id="attr">
					<item id="name"><![CDATA[frame4ge4rM]]></item>
					<item id="moveable"><![CDATA[true]]></item>
					<item id="className"><![CDATA[cl_frame_bm frame move-span cl frame-1]]></item>
					<item id="titles"><![CDATA[]]></item>
				</item>
				<item id="column`frame4ge4rM_left">
					<item id="attr">
						<item id="name"><![CDATA[frame4ge4rM_left]]></item>
						<item id="className"><![CDATA[column frame-1-c]]></item>
					</item>
					<item id="block`portal_block_451">
						<item id="attr">
							<item id="name"><![CDATA[portal_block_451]]></item>
							<item id="className"><![CDATA[cl_block_bm block move-span]]></item>
							<item id="titles"><![CDATA[]]></item>
						</item>
					</item>
				</item>
			</item>
		</item>
		<item id="ixtitle7ul2">
			<item id="frame`frameRgz45B">
				<item id="attr">
					<item id="name"><![CDATA[frameRgz45B]]></item>
					<item id="moveable"><![CDATA[true]]></item>
					<item id="className"><![CDATA[cl_frame_bm frame move-span cl frame-1]]></item>
					<item id="titles"><![CDATA[]]></item>
				</item>
				<item id="column`frameRgz45B_left">
					<item id="attr">
						<item id="name"><![CDATA[frameRgz45B_left]]></item>
						<item id="className"><![CDATA[column frame-1-c]]></item>
					</item>
					<item id="block`portal_block_452">
						<item id="attr">
							<item id="name"><![CDATA[portal_block_452]]></item>
							<item id="className"><![CDATA[cl_block_bm block move-span]]></item>
							<item id="titles"><![CDATA[]]></item>
						</item>
					</item>
				</item>
			</item>
		</item>
		<item id="lastmore">
			<item id="frame`framem7Y2L2">
				<item id="attr">
					<item id="name"><![CDATA[framem7Y2L2]]></item>
					<item id="moveable"><![CDATA[true]]></item>
					<item id="className"><![CDATA[cl_frame_bm frame move-span cl frame-1]]></item>
					<item id="titles"><![CDATA[]]></item>
				</item>
				<item id="column`framem7Y2L2_left">
					<item id="attr">
						<item id="name"><![CDATA[framem7Y2L2_left]]></item>
						<item id="className"><![CDATA[column frame-1-c]]></item>
					</item>
					<item id="block`portal_block_454">
						<item id="attr">
							<item id="name"><![CDATA[portal_block_454]]></item>
							<item id="className"><![CDATA[cl_block_bm block move-span]]></item>
							<item id="titles"><![CDATA[]]></item>
						</item>
					</item>
				</item>
			</item>
		</item>
		<item id="fishsite">
			<item id="frame`frameZ3qI5V">
				<item id="attr">
					<item id="name"><![CDATA[frameZ3qI5V]]></item>
					<item id="moveable"><![CDATA[true]]></item>
					<item id="className"><![CDATA[cl_frame_bm frame move-span cl frame-1]]></item>
					<item id="titles"><![CDATA[]]></item>
				</item>
				<item id="column`frameZ3qI5V_left">
					<item id="attr">
						<item id="name"><![CDATA[frameZ3qI5V_left]]></item>
						<item id="className"><![CDATA[column frame-1-c]]></item>
					</item>
					<item id="block`portal_block_455">
						<item id="attr">
							<item id="name"><![CDATA[portal_block_455]]></item>
							<item id="className"><![CDATA[cl_block_bm block move-span]]></item>
							<item id="titles"><![CDATA[]]></item>
						</item>
					</item>
				</item>
			</item>
		</item>
	</item>
	<item id="blockdata">
		<item id="block">
			<item id="437">
				<item id="bid"><![CDATA[437]]></item>
				<item id="blockclass"><![CDATA[html_html]]></item>
				<item id="blocktype"><![CDATA[0]]></item>
				<item id="name"><![CDATA[banner]]></item>
				<item id="title"><![CDATA[]]></item>
				<item id="classname"><![CDATA[cl_block_bm]]></item>
				<item id="summary"><![CDATA[<div class="banner"> 
   <a title="上一个" class="b_prev png"></a> 
   <a title="下一个" class="b_next png"></a> 
   <div>
    <a href="#"><img src="template/xiaoyu_marry/style/img/banner_01.jpg" width="1920" height="567" /></a>
   </div> 
   <div>
    <a href="#"><img src="template/xiaoyu_marry/style/img/banner_02.jpg" width="1920" height="567" /></a>
   </div> 
   <div>
    <a href="#"><img src="template/xiaoyu_marry/style/img/banner_03.jpg" width="1920" height="567" /></a>
   </div> 
   <div>
    <a href="#"><img src="template/xiaoyu_marry/style/img/banner_04.jpg" width="1920" height="567" /></a>
   </div> 
   <ul> 
    <li><a href="#"></a></li> 
    <li><a href="#"></a></li> 
    <li><a href="#"></a></li> 
    <li><a href="#"></a></li> 
   </ul>
  </div>
  <div class="banner_bottom_box">
  <div class="indexTop"> 
   <span><a title="联系我们" href="http://wpa.qq.com/msgrd?v=3&uin=562828385&site=qq&menu=yes" target="_blank" class="png"></a></span> 
   <font><a title="官方微博" href="#" target="_blank" class="png"></a></font> 
   <tt><a title="订阅微信" href="#" class="png"></a></tt> 
   <ins>
    <a href="#" class="png"></a>
   </ins> 
  </div> 
  <div class="indexTel"> 
   <ul> 
    <li><strong>深圳福田总店</strong><span><img src="template/xiaoyu_marry/style/img/num_1.jpg" /></span></li> 
    <li><strong>龙华宝安店</strong><span><img src="template/xiaoyu_marry/style/img/num_2.jpg" /></span></li> 
    <li><strong>罗湖东门店</strong><span><img src="template/xiaoyu_marry/style/img/num_3.jpg" /></span></li> 
    <li><strong>400免长途电话</strong><span><img src="template/xiaoyu_marry/style/img/num_4.jpg" /></span></li> 
   </ul> 
  </div>
 </div>]]></item>
				<item id="uid"><![CDATA[1]]></item>
				<item id="username"><![CDATA[admin]]></item>
				<item id="styleid"><![CDATA[0]]></item>
				<item id="blockstyle"><![CDATA[]]></item>
				<item id="picwidth"><![CDATA[0]]></item>
				<item id="picheight"><![CDATA[0]]></item>
				<item id="target"><![CDATA[blank]]></item>
				<item id="dateformat"><![CDATA[Y-m-d]]></item>
				<item id="dateuformat"><![CDATA[0]]></item>
				<item id="script"><![CDATA[blank]]></item>
				<item id="param">
					<item id="content"><![CDATA[<div class=\"banner\"> 
   <a title=\"上一个\" class=\"b_prev png\"></a> 
   <a title=\"下一个\" class=\"b_next png\"></a> 
   <div>
    <a href=\"#\"><img src=\"template/xiaoyu_marry/style/img/banner_01.jpg\" width=\"1920\" height=\"567\" /></a>
   </div> 
   <div>
    <a href=\"#\"><img src=\"template/xiaoyu_marry/style/img/banner_02.jpg\" width=\"1920\" height=\"567\" /></a>
   </div> 
   <div>
    <a href=\"#\"><img src=\"template/xiaoyu_marry/style/img/banner_03.jpg\" width=\"1920\" height=\"567\" /></a>
   </div> 
   <div>
    <a href=\"#\"><img src=\"template/xiaoyu_marry/style/img/banner_04.jpg\" width=\"1920\" height=\"567\" /></a>
   </div> 
   <ul> 
    <li><a href=\"#\"></a></li> 
    <li><a href=\"#\"></a></li> 
    <li><a href=\"#\"></a></li> 
    <li><a href=\"#\"></a></li> 
   </ul>
  </div>
  <div class=\"banner_bottom_box\">
  <div class=\"indexTop\"> 
   <span><a title=\"联系我们\" href=\"http://wpa.qq.com/msgrd?v=3&uin=562828385&site=qq&menu=yes\" target=\"_blank\" class=\"png\"></a></span> 
   <font><a title=\"官方微博\" href=\"#\" target=\"_blank\" class=\"png\"></a></font> 
   <tt><a title=\"订阅微信\" href=\"#\" class=\"png\"></a></tt> 
   <ins>
    <a href=\"#\" class=\"png\"></a>
   </ins> 
  </div> 
  <div class=\"indexTel\"> 
   <ul> 
    <li><strong>深圳福田总店</strong><span><img src=\"template/xiaoyu_marry/style/img/num_1.jpg\" /></span></li> 
    <li><strong>龙华宝安店</strong><span><img src=\"template/xiaoyu_marry/style/img/num_2.jpg\" /></span></li> 
    <li><strong>罗湖东门店</strong><span><img src=\"template/xiaoyu_marry/style/img/num_3.jpg\" /></span></li> 
    <li><strong>400免长途电话</strong><span><img src=\"template/xiaoyu_marry/style/img/num_4.jpg\" /></span></li> 
   </ul> 
  </div>
 </div>]]></item>
					<item id="items"><![CDATA[10]]></item>
				</item>
				<item id="shownum"><![CDATA[10]]></item>
				<item id="cachetime"><![CDATA[0]]></item>
				<item id="cachetimerange"><![CDATA[0,0]]></item>
				<item id="punctualupdate"><![CDATA[0]]></item>
				<item id="hidedisplay"><![CDATA[0]]></item>
				<item id="dateline"><![CDATA[1469602529]]></item>
				<item id="notinherited"><![CDATA[0]]></item>
				<item id="isblank"><![CDATA[0]]></item>
			</item>
			<item id="439">
				<item id="bid"><![CDATA[439]]></item>
				<item id="blockclass"><![CDATA[forum_thread]]></item>
				<item id="blocktype"><![CDATA[0]]></item>
				<item id="name"><![CDATA[ixnews]]></item>
				<item id="title"><![CDATA[]]></item>
				<item id="classname"><![CDATA[cl_block_bm]]></item>
				<item id="summary"><![CDATA[]]></item>
				<item id="uid"><![CDATA[1]]></item>
				<item id="username"><![CDATA[admin]]></item>
				<item id="styleid"><![CDATA[0]]></item>
				<item id="blockstyle">
					<item id="name"><![CDATA[]]></item>
					<item id="blockclass"><![CDATA[forum_thread]]></item>
					<item id="makethumb"><![CDATA[0]]></item>
					<item id="getpic"><![CDATA[1]]></item>
					<item id="getsummary"><![CDATA[0]]></item>
					<item id="settarget"><![CDATA[0]]></item>
					<item id="moreurl"><![CDATA[0]]></item>
					<item id="fields">
						<item id="0"><![CDATA[url]]></item>
						<item id="1"><![CDATA[title]]></item>
						<item id="2"><![CDATA[pic]]></item>
						<item id="3"><![CDATA[dateline]]></item>
						<item id="4"><![CDATA[author]]></item>
					</item>
					<item id="template">
						<item id="raw"><![CDATA[  <div class="title1"> 
   <p><a href="#"><img src="template/xiaoyu_marry/style/img/201605131739243924.jpg" width="809" /></a></p> 
  </div> 
  <div class="indexNews cl">
   <dl>
   [index=1]
    <dt>
     <a href="{url}" title="{title}"><img alt="{title}" src="{pic}" />
      <ins class="png">
       <p>{title}</p> 
       <font>POST TIME:{dateline} &#160;see more</font>
      </ins></a>
    </dt>
    [/index]
    <dd> 
     [index=2]<p><a href="{url}" title="{title}"><img alt="{title}" src="{pic}" /></a>[/index][index=3]<a href="{url}" title="{title}"><img alt="{title}" src="{pic}"/></a></p>[/index]
     <ul> 
      [index=4]<li class="m1"><a href="{url}" title="{title}"><span class="png"></span><samp class="png"><p>{title}</p><em>by {author} {dateline}</em></samp></a>[/index]</li> 
      [index=5]<li class="m2"><a href="{url}" title="{title}"><span class="png"></span><samp class="png"><p>{title}</p><em>by {author} {dateline}</em></samp></a></li>[/index] 
      [index=6]<li class="m3"><a href="{url}" title="{title}"><span class="png"></span><samp class="png"><p>{title}</p><em>by {author} {dateline}</em></samp></a></li> [/index]
     </ul> 
    </dd> 
   </dl> 
  </div> 
  <div class="more">
   <span><a href="#" title=""></a></span>
  </div> ]]></item>
						<item id="footer"><![CDATA[]]></item>
						<item id="header"><![CDATA[]]></item>
						<item id="indexplus">
						</item>
						<item id="index">
							<item id="1"><![CDATA[<dt>
     <a href="{url}" title="{title}"><img alt="{title}" src="{pic}" />
      <ins class="png">
       <p>{title}</p> 
       <font>POST TIME:{dateline} &#160;see more</font>
      </ins></a>
    </dt>]]></item>
							<item id="2"><![CDATA[<p><a href="{url}" title="{title}"><img alt="{title}" src="{pic}" /></a>]]></item>
							<item id="3"><![CDATA[<a href="{url}" title="{title}"><img alt="{title}" src="{pic}"/></a></p>]]></item>
							<item id="4"><![CDATA[<li class="m1"><a href="{url}" title="{title}"><span class="png"></span><samp class="png"><p>{title}</p><em>by {author} {dateline}</em></samp></a>]]></item>
							<item id="5"><![CDATA[<li class="m2"><a href="{url}" title="{title}"><span class="png"></span><samp class="png"><p>{title}</p><em>by {author} {dateline}</em></samp></a></li>]]></item>
							<item id="6"><![CDATA[<li class="m3"><a href="{url}" title="{title}"><span class="png"></span><samp class="png"><p>{title}</p><em>by {author} {dateline}</em></samp></a></li>]]></item>
						</item>
						<item id="orderplus">
						</item>
						<item id="order">
						</item>
						<item id="loopplus">
						</item>
						<item id="loop">
						</item>
					</item>
					<item id="hash"><![CDATA[a758b86e]]></item>
				</item>
				<item id="picwidth"><![CDATA[0]]></item>
				<item id="picheight"><![CDATA[0]]></item>
				<item id="target"><![CDATA[blank]]></item>
				<item id="dateformat"><![CDATA[Y-m-d]]></item>
				<item id="dateuformat"><![CDATA[0]]></item>
				<item id="script"><![CDATA[thread]]></item>
				<item id="param">
					<item id="tids"><![CDATA[]]></item>
					<item id="uids"><![CDATA[]]></item>
					<item id="keyword"><![CDATA[]]></item>
					<item id="tagkeyword"><![CDATA[]]></item>
					<item id="typeids"><![CDATA[]]></item>
					<item id="recommend"><![CDATA[0]]></item>
					<item id="viewmod"><![CDATA[0]]></item>
					<item id="rewardstatus"><![CDATA[0]]></item>
					<item id="picrequired"><![CDATA[0]]></item>
					<item id="orderby"><![CDATA[lastpost]]></item>
					<item id="postdateline"><![CDATA[0]]></item>
					<item id="lastpost"><![CDATA[0]]></item>
					<item id="highlight"><![CDATA[0]]></item>
					<item id="titlelength"><![CDATA[40]]></item>
					<item id="summarylength"><![CDATA[80]]></item>
					<item id="startrow"><![CDATA[0]]></item>
					<item id="items"><![CDATA[6]]></item>
				</item>
				<item id="shownum"><![CDATA[6]]></item>
				<item id="cachetime"><![CDATA[3600]]></item>
				<item id="cachetimerange"><![CDATA[]]></item>
				<item id="punctualupdate"><![CDATA[0]]></item>
				<item id="hidedisplay"><![CDATA[0]]></item>
				<item id="dateline"><![CDATA[1469603928]]></item>
				<item id="notinherited"><![CDATA[0]]></item>
				<item id="isblank"><![CDATA[0]]></item>
			</item>
			<item id="440">
				<item id="bid"><![CDATA[440]]></item>
				<item id="blockclass"><![CDATA[html_html]]></item>
				<item id="blocktype"><![CDATA[0]]></item>
				<item id="name"><![CDATA[ixtitle2]]></item>
				<item id="title"><![CDATA[]]></item>
				<item id="classname"><![CDATA[cl_block_bm]]></item>
				<item id="summary"><![CDATA[<div class="title2"> 
   <p><a title="" href="#"><img alt="" src="template/xiaoyu_marry/style/img/title2_bg.jpg" width="1280" /></a></p> 
  </div> 
  <div class="indexImgs" id="indexImgs1"> 
   <div>
    <a href="#" title=""><img alt="" src="template/xiaoyu_marry/style/img/new_banner_big01.jpg" width="1920" height="550" /></a>
   </div> 
   <div>
    <a href="#" title=""><img alt="" src="template/xiaoyu_marry/style/img/new_banner_big02.jpg" width="1920" height="550" /></a>
   </div> 
   <div>
    <a href="#" title=""><img alt="" src="template/xiaoyu_marry/style/img/new_banner_big03.jpg" width="1920" height="550" /></a>
   </div> 
   <ul> 
    <li><a href="#" title=""><img alt="" src="template/xiaoyu_marry/style/img/new_banner_01.jpg" width="240" height="120" /><strong>四季园林</strong><p>四季园林</p></a></li> 
    <li><a href="#" title=""><img alt="" src="template/xiaoyu_marry/style/img/new_banner_02.jpg" width="240" height="120" /><strong>深蓝秘境浪漫海景</strong><p>深蓝秘境浪漫海景</p></a></li> 
    <li><a href="#" title=""><img alt="" src="template/xiaoyu_marry/style/img/new_banner_03.jpg" width="240" height="120" /><strong>皇家会馆内景</strong><p>深圳婚纱外景基地-爱丁...</p></a></li> 
   </ul> 
  </div> 
  <div class="more"> 
   <font><a href="#" title=""></a></font> 
   <p> <a title="" href="#">唯美风</a>| <a title="" href="#">典雅风</a>| <a title="" href="#">甜蜜风</a>| <a title="" href="#">纪念风</a> </p> 
  </div>]]></item>
				<item id="uid"><![CDATA[1]]></item>
				<item id="username"><![CDATA[admin]]></item>
				<item id="styleid"><![CDATA[0]]></item>
				<item id="blockstyle"><![CDATA[]]></item>
				<item id="picwidth"><![CDATA[0]]></item>
				<item id="picheight"><![CDATA[0]]></item>
				<item id="target"><![CDATA[blank]]></item>
				<item id="dateformat"><![CDATA[Y-m-d]]></item>
				<item id="dateuformat"><![CDATA[0]]></item>
				<item id="script"><![CDATA[blank]]></item>
				<item id="param">
					<item id="content"><![CDATA[  <div class=\"title2\"> 
   <p><a title=\"\" href=\"#\"><img alt=\"\" src=\"template/xiaoyu_marry/style/img/title2_bg.jpg\" width=\"1280\" /></a></p> 
  </div> 
  <div class=\"indexImgs\" id=\"indexImgs1\"> 
   <div>
    <a href=\"#\" title=\"\"><img alt=\"\" src=\"template/xiaoyu_marry/style/img/new_banner_big01.jpg\" width=\"1920\" height=\"550\" /></a>
   </div> 
   <div>
    <a href=\"#\" title=\"\"><img alt=\"\" src=\"template/xiaoyu_marry/style/img/new_banner_big02.jpg\" width=\"1920\" height=\"550\" /></a>
   </div> 
   <div>
    <a href=\"#\" title=\"\"><img alt=\"\" src=\"template/xiaoyu_marry/style/img/new_banner_big03.jpg\" width=\"1920\" height=\"550\" /></a>
   </div> 
   <ul> 
    <li><a href=\"#\" title=\"\"><img alt=\"\" src=\"template/xiaoyu_marry/style/img/new_banner_01.jpg\" width=\"240\" height=\"120\" /><strong>四季园林</strong><p>四季园林</p></a></li> 
    <li><a href=\"#\" title=\"\"><img alt=\"\" src=\"template/xiaoyu_marry/style/img/new_banner_02.jpg\" width=\"240\" height=\"120\" /><strong>深蓝秘境浪漫海景</strong><p>深蓝秘境浪漫海景</p></a></li> 
    <li><a href=\"#\" title=\"\"><img alt=\"\" src=\"template/xiaoyu_marry/style/img/new_banner_03.jpg\" width=\"240\" height=\"120\" /><strong>皇家会馆内景</strong><p>深圳婚纱外景基地-爱丁...</p></a></li> 
   </ul> 
  </div> 
  <div class=\"more\"> 
   <font><a href=\"#\" title=\"\"></a></font> 
   <p> <a title=\"\" href=\"#\">唯美风</a>| <a title=\"\" href=\"#\">典雅风</a>| <a title=\"\" href=\"#\">甜蜜风</a>| <a title=\"\" href=\"#\">纪念风</a> </p> 
  </div>]]></item>
					<item id="items"><![CDATA[10]]></item>
				</item>
				<item id="shownum"><![CDATA[10]]></item>
				<item id="cachetime"><![CDATA[0]]></item>
				<item id="cachetimerange"><![CDATA[0,0]]></item>
				<item id="punctualupdate"><![CDATA[0]]></item>
				<item id="hidedisplay"><![CDATA[0]]></item>
				<item id="dateline"><![CDATA[1469522864]]></item>
				<item id="notinherited"><![CDATA[0]]></item>
				<item id="isblank"><![CDATA[0]]></item>
			</item>
			<item id="441">
				<item id="bid"><![CDATA[441]]></item>
				<item id="blockclass"><![CDATA[html_html]]></item>
				<item id="blocktype"><![CDATA[0]]></item>
				<item id="name"><![CDATA[ixtitle3]]></item>
				<item id="title"><![CDATA[]]></item>
				<item id="classname"><![CDATA[cl_block_bm]]></item>
				<item id="summary"><![CDATA[<div class="title3"> 
   <p><a href="#"><img src="template/xiaoyu_marry/style/img/title3_bg.jpg" width="1280" /></a></p> 
  </div> 
  <div class="indexImgs" id="indexImgs2"> 
   <div>
    <a href="#"><img src="template/xiaoyu_marry/style/img/wj_banner_big01.jpg" width="1920" height="550" /></a>
   </div> 
   <div>
    <a href="#"><img src="template/xiaoyu_marry/style/img/wj_banner_big02.jpg" width="1920" height="550" /></a>
   </div> 
   <div>
    <a href="#"><img src="template/xiaoyu_marry/style/img/wj_banner_big03.jpg" width="1920" height="550" /></a>
   </div> 
   <ul> 
    <li><a href="#"><img src="template/xiaoyu_marry/style/img/wj_banner_01.jpg" width="240" height="120" /><strong>爱丁堡-皇室城堡</strong><p>爱丁堡最新拍摄风格-皇室城...</p></a></li> 
    <li><a href="#"><img src="template/xiaoyu_marry/style/img/wj_banner_02.jpg" width="240" height="120" /><strong>卡琪亚爱情庄园</strong><p>卡琪亚爱情庄园</p></a></li> 
    <li><a href="#"><img src="template/xiaoyu_marry/style/img/wj_banner_03.jpg" width="240" height="120" /><strong>深蓝秘境</strong><p>深蓝秘境独家海景</p></a></li> 
   </ul> 
  </div> 
  <div class="more"> 
   <font><a href="#"></a></font> 
   <p> <a href="#">爱丁堡</a>| <a href="#">拉斐水上教堂</a>| <a href="#">深蓝秘境</a> </p> 
  </div>]]></item>
				<item id="uid"><![CDATA[1]]></item>
				<item id="username"><![CDATA[admin]]></item>
				<item id="styleid"><![CDATA[0]]></item>
				<item id="blockstyle"><![CDATA[]]></item>
				<item id="picwidth"><![CDATA[0]]></item>
				<item id="picheight"><![CDATA[0]]></item>
				<item id="target"><![CDATA[blank]]></item>
				<item id="dateformat"><![CDATA[Y-m-d]]></item>
				<item id="dateuformat"><![CDATA[0]]></item>
				<item id="script"><![CDATA[blank]]></item>
				<item id="param">
					<item id="content"><![CDATA[    <div class=\"title3\"> 
   <p><a href=\"#\"><img src=\"template/xiaoyu_marry/style/img/title3_bg.jpg\" width=\"1280\" /></a></p> 
  </div> 
  <div class=\"indexImgs\" id=\"indexImgs2\"> 
   <div>
    <a href=\"#\"><img src=\"template/xiaoyu_marry/style/img/wj_banner_big01.jpg\" width=\"1920\" height=\"550\" /></a>
   </div> 
   <div>
    <a href=\"#\"><img src=\"template/xiaoyu_marry/style/img/wj_banner_big02.jpg\" width=\"1920\" height=\"550\" /></a>
   </div> 
   <div>
    <a href=\"#\"><img src=\"template/xiaoyu_marry/style/img/wj_banner_big03.jpg\" width=\"1920\" height=\"550\" /></a>
   </div> 
   <ul> 
    <li><a href=\"#\"><img src=\"template/xiaoyu_marry/style/img/wj_banner_01.jpg\" width=\"240\" height=\"120\" /><strong>爱丁堡-皇室城堡</strong><p>爱丁堡最新拍摄风格-皇室城...</p></a></li> 
    <li><a href=\"#\"><img src=\"template/xiaoyu_marry/style/img/wj_banner_02.jpg\" width=\"240\" height=\"120\" /><strong>卡琪亚爱情庄园</strong><p>卡琪亚爱情庄园</p></a></li> 
    <li><a href=\"#\"><img src=\"template/xiaoyu_marry/style/img/wj_banner_03.jpg\" width=\"240\" height=\"120\" /><strong>深蓝秘境</strong><p>深蓝秘境独家海景</p></a></li> 
   </ul> 
  </div> 
  <div class=\"more\"> 
   <font><a href=\"#\"></a></font> 
   <p> <a href=\"#\">爱丁堡</a>| <a href=\"#\">拉斐水上教堂</a>| <a href=\"#\">深蓝秘境</a> </p> 
  </div>]]></item>
					<item id="items"><![CDATA[10]]></item>
				</item>
				<item id="shownum"><![CDATA[10]]></item>
				<item id="cachetime"><![CDATA[0]]></item>
				<item id="cachetimerange"><![CDATA[0,0]]></item>
				<item id="punctualupdate"><![CDATA[0]]></item>
				<item id="hidedisplay"><![CDATA[0]]></item>
				<item id="dateline"><![CDATA[1469522920]]></item>
				<item id="notinherited"><![CDATA[0]]></item>
				<item id="isblank"><![CDATA[0]]></item>
			</item>
			<item id="442">
				<item id="bid"><![CDATA[442]]></item>
				<item id="blockclass"><![CDATA[forum_thread]]></item>
				<item id="blocktype"><![CDATA[0]]></item>
				<item id="name"><![CDATA[ixtitle4]]></item>
				<item id="title"><![CDATA[]]></item>
				<item id="classname"><![CDATA[cl_block_bm]]></item>
				<item id="summary"><![CDATA[]]></item>
				<item id="uid"><![CDATA[1]]></item>
				<item id="username"><![CDATA[admin]]></item>
				<item id="styleid"><![CDATA[0]]></item>
				<item id="blockstyle">
					<item id="name"><![CDATA[]]></item>
					<item id="blockclass"><![CDATA[forum_thread]]></item>
					<item id="makethumb"><![CDATA[0]]></item>
					<item id="getpic"><![CDATA[1]]></item>
					<item id="getsummary"><![CDATA[0]]></item>
					<item id="settarget"><![CDATA[0]]></item>
					<item id="moreurl"><![CDATA[0]]></item>
					<item id="fields">
						<item id="0"><![CDATA[url]]></item>
						<item id="1"><![CDATA[pic]]></item>
						<item id="2"><![CDATA[dateline]]></item>
						<item id="3"><![CDATA[title]]></item>
					</item>
					<item id="template">
						<item id="raw"><![CDATA[  <div class="title4"> 
   <p><a href="#"><img src="template/xiaoyu_marry/style/img/201605131740344034.jpg" width="1280" /></a></p> 
   <h3><img src="template/xiaoyu_marry/style/img/201511161920372037.jpg" width="1000" /></h3> 
  </div> 
  <div class="indexLove"> 
   <div class="loveshow"> 
    <ul>
    [loop] 
     <li><a href="{url}"><span class="loveimg"><img src="{pic}" /></span>
       <ins class="png">
        <p>date:{dateline}</p>
        <strong>{title}</strong>
       </ins></a></li> 
    [/loop] 
    </ul> 
   </div> 
  </div> 
  <div class="more">
   <span><a href="#"></a></span>
  </div>]]></item>
						<item id="footer"><![CDATA[]]></item>
						<item id="header"><![CDATA[]]></item>
						<item id="indexplus">
						</item>
						<item id="index">
						</item>
						<item id="orderplus">
						</item>
						<item id="order">
						</item>
						<item id="loopplus">
						</item>
						<item id="loop"><![CDATA[<li><a href="{url}"><span class="loveimg"><img src="{pic}" /></span>
       <ins class="png">
        <p>date:{dateline}</p>
        <strong>{title}</strong>
       </ins></a></li>]]></item>
					</item>
					<item id="hash"><![CDATA[bec45be9]]></item>
				</item>
				<item id="picwidth"><![CDATA[0]]></item>
				<item id="picheight"><![CDATA[0]]></item>
				<item id="target"><![CDATA[blank]]></item>
				<item id="dateformat"><![CDATA[Y-m-d]]></item>
				<item id="dateuformat"><![CDATA[0]]></item>
				<item id="script"><![CDATA[thread]]></item>
				<item id="param">
					<item id="tids"><![CDATA[]]></item>
					<item id="uids"><![CDATA[]]></item>
					<item id="keyword"><![CDATA[]]></item>
					<item id="tagkeyword"><![CDATA[]]></item>
					<item id="typeids"><![CDATA[]]></item>
					<item id="recommend"><![CDATA[0]]></item>
					<item id="viewmod"><![CDATA[0]]></item>
					<item id="rewardstatus"><![CDATA[0]]></item>
					<item id="picrequired"><![CDATA[0]]></item>
					<item id="orderby"><![CDATA[lastpost]]></item>
					<item id="postdateline"><![CDATA[0]]></item>
					<item id="lastpost"><![CDATA[0]]></item>
					<item id="highlight"><![CDATA[0]]></item>
					<item id="titlelength"><![CDATA[40]]></item>
					<item id="summarylength"><![CDATA[80]]></item>
					<item id="startrow"><![CDATA[0]]></item>
					<item id="items"><![CDATA[8]]></item>
				</item>
				<item id="shownum"><![CDATA[8]]></item>
				<item id="cachetime"><![CDATA[3600]]></item>
				<item id="cachetimerange"><![CDATA[]]></item>
				<item id="punctualupdate"><![CDATA[0]]></item>
				<item id="hidedisplay"><![CDATA[0]]></item>
				<item id="dateline"><![CDATA[1469606764]]></item>
				<item id="notinherited"><![CDATA[0]]></item>
				<item id="isblank"><![CDATA[0]]></item>
			</item>
			<item id="443">
				<item id="bid"><![CDATA[443]]></item>
				<item id="blockclass"><![CDATA[forum_thread]]></item>
				<item id="blocktype"><![CDATA[0]]></item>
				<item id="name"><![CDATA[ixtitle5]]></item>
				<item id="title"><![CDATA[]]></item>
				<item id="classname"><![CDATA[cl_block_bm]]></item>
				<item id="summary"><![CDATA[]]></item>
				<item id="uid"><![CDATA[1]]></item>
				<item id="username"><![CDATA[admin]]></item>
				<item id="styleid"><![CDATA[0]]></item>
				<item id="blockstyle">
					<item id="name"><![CDATA[]]></item>
					<item id="blockclass"><![CDATA[forum_thread]]></item>
					<item id="makethumb"><![CDATA[0]]></item>
					<item id="getpic"><![CDATA[1]]></item>
					<item id="getsummary"><![CDATA[0]]></item>
					<item id="settarget"><![CDATA[0]]></item>
					<item id="moreurl"><![CDATA[0]]></item>
					<item id="fields">
						<item id="0"><![CDATA[url]]></item>
						<item id="1"><![CDATA[pic]]></item>
						<item id="2"><![CDATA[title]]></item>
						<item id="3"><![CDATA[dateline]]></item>
					</item>
					<item id="template">
						<item id="raw"><![CDATA[  <div class="title5"> 
   <p><a href="#"><img src="template/xiaoyu_marry/style/img/201605152019541954.jpg" width="360" height="31" /></a></p> 
  </div> 
  <div class="advert1"></div> 
  <div class="indexDress"> 
   <ul> 
   [loop]
    <li><a href="{url}"><img src="{pic}" />
      <ins class="png">
       <p>{title}</p>
       <span> post time:{dateline}</span>
      </ins></a></li> 
    [/loop]
   </ul> 
  </div> 
  <div class="more">
   <span><a href="#"></a></span>
  </div> ]]></item>
						<item id="footer"><![CDATA[]]></item>
						<item id="header"><![CDATA[]]></item>
						<item id="indexplus">
						</item>
						<item id="index">
						</item>
						<item id="orderplus">
						</item>
						<item id="order">
						</item>
						<item id="loopplus">
						</item>
						<item id="loop"><![CDATA[<li><a href="{url}"><img src="{pic}" />
      <ins class="png">
       <p>{title}</p>
       <span> post time:{dateline}</span>
      </ins></a></li>]]></item>
					</item>
					<item id="hash"><![CDATA[46ce92e2]]></item>
				</item>
				<item id="picwidth"><![CDATA[0]]></item>
				<item id="picheight"><![CDATA[0]]></item>
				<item id="target"><![CDATA[blank]]></item>
				<item id="dateformat"><![CDATA[Y-m-d]]></item>
				<item id="dateuformat"><![CDATA[0]]></item>
				<item id="script"><![CDATA[thread]]></item>
				<item id="param">
					<item id="tids"><![CDATA[]]></item>
					<item id="uids"><![CDATA[]]></item>
					<item id="keyword"><![CDATA[]]></item>
					<item id="tagkeyword"><![CDATA[]]></item>
					<item id="typeids"><![CDATA[]]></item>
					<item id="recommend"><![CDATA[0]]></item>
					<item id="viewmod"><![CDATA[0]]></item>
					<item id="rewardstatus"><![CDATA[0]]></item>
					<item id="picrequired"><![CDATA[0]]></item>
					<item id="orderby"><![CDATA[lastpost]]></item>
					<item id="postdateline"><![CDATA[0]]></item>
					<item id="lastpost"><![CDATA[0]]></item>
					<item id="highlight"><![CDATA[0]]></item>
					<item id="titlelength"><![CDATA[40]]></item>
					<item id="summarylength"><![CDATA[80]]></item>
					<item id="startrow"><![CDATA[0]]></item>
					<item id="items"><![CDATA[5]]></item>
				</item>
				<item id="shownum"><![CDATA[5]]></item>
				<item id="cachetime"><![CDATA[3600]]></item>
				<item id="cachetimerange"><![CDATA[]]></item>
				<item id="punctualupdate"><![CDATA[0]]></item>
				<item id="hidedisplay"><![CDATA[0]]></item>
				<item id="dateline"><![CDATA[1469607122]]></item>
				<item id="notinherited"><![CDATA[0]]></item>
				<item id="isblank"><![CDATA[0]]></item>
			</item>
			<item id="444">
				<item id="bid"><![CDATA[444]]></item>
				<item id="blockclass"><![CDATA[html_html]]></item>
				<item id="blocktype"><![CDATA[0]]></item>
				<item id="name"><![CDATA[ixtitle6]]></item>
				<item id="title"><![CDATA[]]></item>
				<item id="classname"><![CDATA[cl_block_bm]]></item>
				<item id="summary"><![CDATA[<div class="title6"> 
   <p><a href="#"><img src="template/xiaoyu_marry/style/img/201605131741474147.jpg" width="523" height="31" /></a></p> 
  </div> 
  <div class="process"> 
   <p> <a href="#" class="p1"></a> <a href="#" class="p2"></a> <a href="#" class="p3"></a> <a href="#" class="p4"></a> <a href="#" class="p5"></a> <a href="#" class="p6"></a> <a href="#" class="p7"></a> <a href="#" class="p8"></a> </p> 
   <ins>
    <span>QQ在线客服</span>
    <font>如果您遇到任何疑问，都可以通过左面QQ联系我们</font>
    <i>If you have any questions, are available through the left QQ Contact Us</i>
   </ins> 
  </div>]]></item>
				<item id="uid"><![CDATA[1]]></item>
				<item id="username"><![CDATA[admin]]></item>
				<item id="styleid"><![CDATA[0]]></item>
				<item id="blockstyle"><![CDATA[]]></item>
				<item id="picwidth"><![CDATA[0]]></item>
				<item id="picheight"><![CDATA[0]]></item>
				<item id="target"><![CDATA[blank]]></item>
				<item id="dateformat"><![CDATA[Y-m-d]]></item>
				<item id="dateuformat"><![CDATA[0]]></item>
				<item id="script"><![CDATA[blank]]></item>
				<item id="param">
					<item id="content"><![CDATA[  <div class=\"title6\"> 
   <p><a href=\"#\"><img src=\"template/xiaoyu_marry/style/img/201605131741474147.jpg\" width=\"523\" height=\"31\" /></a></p> 
  </div> 
  <div class=\"process\"> 
   <p> <a href=\"#\" class=\"p1\"></a> <a href=\"#\" class=\"p2\"></a> <a href=\"#\" class=\"p3\"></a> <a href=\"#\" class=\"p4\"></a> <a href=\"#\" class=\"p5\"></a> <a href=\"#\" class=\"p6\"></a> <a href=\"#\" class=\"p7\"></a> <a href=\"#\" class=\"p8\"></a> </p> 
   <ins>
    <span>QQ在线客服</span>
    <font>如果您遇到任何疑问，都可以通过左面QQ联系我们</font>
    <i>If you have any questions, are available through the left QQ Contact Us</i>
   </ins> 
  </div> ]]></item>
					<item id="items"><![CDATA[10]]></item>
				</item>
				<item id="shownum"><![CDATA[10]]></item>
				<item id="cachetime"><![CDATA[3600]]></item>
				<item id="cachetimerange"><![CDATA[]]></item>
				<item id="punctualupdate"><![CDATA[0]]></item>
				<item id="hidedisplay"><![CDATA[0]]></item>
				<item id="dateline"><![CDATA[1469606488]]></item>
				<item id="notinherited"><![CDATA[0]]></item>
				<item id="isblank"><![CDATA[0]]></item>
			</item>
			<item id="445">
				<item id="bid"><![CDATA[445]]></item>
				<item id="blockclass"><![CDATA[html_html]]></item>
				<item id="blocktype"><![CDATA[0]]></item>
				<item id="name"><![CDATA[ixtitle7]]></item>
				<item id="title"><![CDATA[]]></item>
				<item id="classname"><![CDATA[]]></item>
				<item id="summary"><![CDATA[<div class="title7"> 
   <p><a href="#"><img src="template/xiaoyu_marry/style/img/20160513174202422.jpg" width="526" height="38" /></a></p> 
  </div>]]></item>
				<item id="uid"><![CDATA[1]]></item>
				<item id="username"><![CDATA[admin]]></item>
				<item id="styleid"><![CDATA[0]]></item>
				<item id="blockstyle"><![CDATA[]]></item>
				<item id="picwidth"><![CDATA[0]]></item>
				<item id="picheight"><![CDATA[0]]></item>
				<item id="target"><![CDATA[blank]]></item>
				<item id="dateformat"><![CDATA[Y-m-d]]></item>
				<item id="dateuformat"><![CDATA[0]]></item>
				<item id="script"><![CDATA[blank]]></item>
				<item id="param">
					<item id="content"><![CDATA[  <div class=\"title7\"> 
   <p><a href=\"#\"><img src=\"template/xiaoyu_marry/style/img/20160513174202422.jpg\" width=\"526\" height=\"38\" /></a></p> 
  </div>]]></item>
					<item id="items"><![CDATA[10]]></item>
				</item>
				<item id="shownum"><![CDATA[10]]></item>
				<item id="cachetime"><![CDATA[0]]></item>
				<item id="cachetimerange"><![CDATA[0,0]]></item>
				<item id="punctualupdate"><![CDATA[0]]></item>
				<item id="hidedisplay"><![CDATA[0]]></item>
				<item id="dateline"><![CDATA[1468487376]]></item>
				<item id="notinherited"><![CDATA[0]]></item>
				<item id="isblank"><![CDATA[0]]></item>
			</item>
			<item id="451">
				<item id="bid"><![CDATA[451]]></item>
				<item id="blockclass"><![CDATA[forum_thread]]></item>
				<item id="blocktype"><![CDATA[0]]></item>
				<item id="name"><![CDATA[ixtitle7news]]></item>
				<item id="title"><![CDATA[]]></item>
				<item id="classname"><![CDATA[cl_block_bm]]></item>
				<item id="summary"><![CDATA[]]></item>
				<item id="uid"><![CDATA[1]]></item>
				<item id="username"><![CDATA[admin]]></item>
				<item id="styleid"><![CDATA[0]]></item>
				<item id="blockstyle">
					<item id="name"><![CDATA[]]></item>
					<item id="blockclass"><![CDATA[forum_thread]]></item>
					<item id="makethumb"><![CDATA[0]]></item>
					<item id="getpic"><![CDATA[1]]></item>
					<item id="getsummary"><![CDATA[1]]></item>
					<item id="settarget"><![CDATA[0]]></item>
					<item id="moreurl"><![CDATA[0]]></item>
					<item id="fields">
						<item id="0"><![CDATA[url]]></item>
						<item id="1"><![CDATA[pic]]></item>
						<item id="2"><![CDATA[title]]></item>
						<item id="3"><![CDATA[dateline]]></item>
						<item id="4"><![CDATA[views]]></item>
						<item id="5"><![CDATA[summary]]></item>
					</item>
					<item id="template">
						<item id="raw"><![CDATA[[loop]
     <li> <a href="{url}"> <img src="{pic}" width="100" height="100" /> 
       <ins> 
        <strong>{title}</strong> 
        <tt><span>{dateline}</span><font>{views}</font></tt> 
        <p>{summary}</p> 
       </ins> </a> </li> 
[/loop]
[order=even]
     <li class="fish_r"> <a href="{url}"> <img src="{pic}" width="100" height="100" /> 
       <ins> 
        <strong>{title}</strong> 
        <tt><span>{dateline}</span><font>{views}</font></tt> 
        <p>{summary}</p> 
       </ins> </a> </li> 
[/order]
]]></item>
						<item id="footer"><![CDATA[]]></item>
						<item id="header"><![CDATA[]]></item>
						<item id="indexplus">
						</item>
						<item id="index">
						</item>
						<item id="orderplus">
						</item>
						<item id="order">
							<item id="even"><![CDATA[<li class="fish_r"> <a href="{url}"> <img src="{pic}" width="100" height="100" /> 
       <ins> 
        <strong>{title}</strong> 
        <tt><span>{dateline}</span><font>{views}</font></tt> 
        <p>{summary}</p> 
       </ins> </a> </li>]]></item>
						</item>
						<item id="loopplus">
						</item>
						<item id="loop"><![CDATA[<li> <a href="{url}"> <img src="{pic}" width="100" height="100" /> 
       <ins> 
        <strong>{title}</strong> 
        <tt><span>{dateline}</span><font>{views}</font></tt> 
        <p>{summary}</p> 
       </ins> </a> </li>]]></item>
					</item>
					<item id="hash"><![CDATA[4de6f13d]]></item>
				</item>
				<item id="picwidth"><![CDATA[0]]></item>
				<item id="picheight"><![CDATA[0]]></item>
				<item id="target"><![CDATA[blank]]></item>
				<item id="dateformat"><![CDATA[Y-m-d]]></item>
				<item id="dateuformat"><![CDATA[0]]></item>
				<item id="script"><![CDATA[thread]]></item>
				<item id="param">
					<item id="tids"><![CDATA[]]></item>
					<item id="uids"><![CDATA[]]></item>
					<item id="keyword"><![CDATA[]]></item>
					<item id="tagkeyword"><![CDATA[]]></item>
					<item id="typeids"><![CDATA[]]></item>
					<item id="recommend"><![CDATA[0]]></item>
					<item id="viewmod"><![CDATA[0]]></item>
					<item id="rewardstatus"><![CDATA[0]]></item>
					<item id="picrequired"><![CDATA[0]]></item>
					<item id="orderby"><![CDATA[lastpost]]></item>
					<item id="postdateline"><![CDATA[0]]></item>
					<item id="lastpost"><![CDATA[0]]></item>
					<item id="highlight"><![CDATA[0]]></item>
					<item id="titlelength"><![CDATA[40]]></item>
					<item id="summarylength"><![CDATA[130]]></item>
					<item id="startrow"><![CDATA[0]]></item>
					<item id="items"><![CDATA[4]]></item>
				</item>
				<item id="shownum"><![CDATA[4]]></item>
				<item id="cachetime"><![CDATA[3600]]></item>
				<item id="cachetimerange"><![CDATA[]]></item>
				<item id="punctualupdate"><![CDATA[0]]></item>
				<item id="hidedisplay"><![CDATA[0]]></item>
				<item id="dateline"><![CDATA[1469606627]]></item>
				<item id="notinherited"><![CDATA[0]]></item>
				<item id="isblank"><![CDATA[0]]></item>
			</item>
			<item id="452">
				<item id="bid"><![CDATA[452]]></item>
				<item id="blockclass"><![CDATA[forum_thread]]></item>
				<item id="blocktype"><![CDATA[0]]></item>
				<item id="name"><![CDATA[ixtitle7news2]]></item>
				<item id="title"><![CDATA[]]></item>
				<item id="classname"><![CDATA[cl_block_bm]]></item>
				<item id="summary"><![CDATA[]]></item>
				<item id="uid"><![CDATA[1]]></item>
				<item id="username"><![CDATA[admin]]></item>
				<item id="styleid"><![CDATA[0]]></item>
				<item id="blockstyle">
					<item id="name"><![CDATA[]]></item>
					<item id="blockclass"><![CDATA[forum_thread]]></item>
					<item id="makethumb"><![CDATA[0]]></item>
					<item id="getpic"><![CDATA[1]]></item>
					<item id="getsummary"><![CDATA[1]]></item>
					<item id="settarget"><![CDATA[0]]></item>
					<item id="moreurl"><![CDATA[0]]></item>
					<item id="fields">
						<item id="0"><![CDATA[url]]></item>
						<item id="1"><![CDATA[pic]]></item>
						<item id="2"><![CDATA[title]]></item>
						<item id="3"><![CDATA[dateline]]></item>
						<item id="4"><![CDATA[views]]></item>
						<item id="5"><![CDATA[summary]]></item>
					</item>
					<item id="template">
						<item id="raw"><![CDATA[[loop]
     <li> <a href="{url}"> <img src="{pic}" width="100" height="100" /> 
       <ins> 
        <strong>{title}</strong> 
        <tt><span>{dateline}</span><font>{views}</font></tt> 
        <p>{summary}</p> 
       </ins> </a> </li> 
[/loop]
[order=even]
     <li class="fish_r"> <a href="{url}"> <img src="{pic}" width="100" height="100" /> 
       <ins> 
        <strong>{title}</strong> 
        <tt><span>{dateline}</span><font>{views}</font></tt> 
        <p>{summary}</p> 
       </ins> </a> </li> 
[/order]
]]></item>
						<item id="footer"><![CDATA[]]></item>
						<item id="header"><![CDATA[]]></item>
						<item id="indexplus">
						</item>
						<item id="index">
						</item>
						<item id="orderplus">
						</item>
						<item id="order">
							<item id="even"><![CDATA[<li class="fish_r"> <a href="{url}"> <img src="{pic}" width="100" height="100" /> 
       <ins> 
        <strong>{title}</strong> 
        <tt><span>{dateline}</span><font>{views}</font></tt> 
        <p>{summary}</p> 
       </ins> </a> </li>]]></item>
						</item>
						<item id="loopplus">
						</item>
						<item id="loop"><![CDATA[<li> <a href="{url}"> <img src="{pic}" width="100" height="100" /> 
       <ins> 
        <strong>{title}</strong> 
        <tt><span>{dateline}</span><font>{views}</font></tt> 
        <p>{summary}</p> 
       </ins> </a> </li>]]></item>
					</item>
					<item id="hash"><![CDATA[4de6f13d]]></item>
				</item>
				<item id="picwidth"><![CDATA[0]]></item>
				<item id="picheight"><![CDATA[0]]></item>
				<item id="target"><![CDATA[blank]]></item>
				<item id="dateformat"><![CDATA[Y-m-d]]></item>
				<item id="dateuformat"><![CDATA[0]]></item>
				<item id="script"><![CDATA[thread]]></item>
				<item id="param">
					<item id="tids"><![CDATA[]]></item>
					<item id="uids"><![CDATA[]]></item>
					<item id="keyword"><![CDATA[]]></item>
					<item id="tagkeyword"><![CDATA[]]></item>
					<item id="typeids"><![CDATA[]]></item>
					<item id="recommend"><![CDATA[0]]></item>
					<item id="viewmod"><![CDATA[0]]></item>
					<item id="rewardstatus"><![CDATA[0]]></item>
					<item id="picrequired"><![CDATA[0]]></item>
					<item id="orderby"><![CDATA[lastpost]]></item>
					<item id="postdateline"><![CDATA[0]]></item>
					<item id="lastpost"><![CDATA[0]]></item>
					<item id="highlight"><![CDATA[0]]></item>
					<item id="titlelength"><![CDATA[40]]></item>
					<item id="summarylength"><![CDATA[130]]></item>
					<item id="startrow"><![CDATA[1]]></item>
					<item id="items"><![CDATA[4]]></item>
				</item>
				<item id="shownum"><![CDATA[4]]></item>
				<item id="cachetime"><![CDATA[3600]]></item>
				<item id="cachetimerange"><![CDATA[]]></item>
				<item id="punctualupdate"><![CDATA[0]]></item>
				<item id="hidedisplay"><![CDATA[0]]></item>
				<item id="dateline"><![CDATA[1469606630]]></item>
				<item id="notinherited"><![CDATA[0]]></item>
				<item id="isblank"><![CDATA[0]]></item>
			</item>
			<item id="453">
				<item id="bid"><![CDATA[453]]></item>
				<item id="blockclass"><![CDATA[html_html]]></item>
				<item id="blocktype"><![CDATA[0]]></item>
				<item id="name"><![CDATA[title7tab]]></item>
				<item id="title"><![CDATA[]]></item>
				<item id="classname"><![CDATA[cl_block_bm]]></item>
				<item id="summary"><![CDATA[<dl class="SwapTab">
    <dd class="on">
     <a href="javascript:;">最新消息</a>
    </dd> 
    <dd>
     <a href="javascript:;">热门活动</a>
    </dd> 
   </dl>]]></item>
				<item id="uid"><![CDATA[1]]></item>
				<item id="username"><![CDATA[admin]]></item>
				<item id="styleid"><![CDATA[0]]></item>
				<item id="blockstyle"><![CDATA[]]></item>
				<item id="picwidth"><![CDATA[0]]></item>
				<item id="picheight"><![CDATA[0]]></item>
				<item id="target"><![CDATA[blank]]></item>
				<item id="dateformat"><![CDATA[Y-m-d]]></item>
				<item id="dateuformat"><![CDATA[0]]></item>
				<item id="script"><![CDATA[blank]]></item>
				<item id="param">
					<item id="content"><![CDATA[<dl class=\"SwapTab\">
    <dd class=\"on\">
     <a href=\"javascript:;\">最新消息</a>
    </dd> 
    <dd>
     <a href=\"javascript:;\">热门活动</a>
    </dd> 
   </dl>]]></item>
					<item id="items"><![CDATA[10]]></item>
				</item>
				<item id="shownum"><![CDATA[10]]></item>
				<item id="cachetime"><![CDATA[3600]]></item>
				<item id="cachetimerange"><![CDATA[]]></item>
				<item id="punctualupdate"><![CDATA[0]]></item>
				<item id="hidedisplay"><![CDATA[0]]></item>
				<item id="dateline"><![CDATA[1469606490]]></item>
				<item id="notinherited"><![CDATA[0]]></item>
				<item id="isblank"><![CDATA[0]]></item>
			</item>
			<item id="454">
				<item id="bid"><![CDATA[454]]></item>
				<item id="blockclass"><![CDATA[html_html]]></item>
				<item id="blocktype"><![CDATA[0]]></item>
				<item id="name"><![CDATA[lastmore]]></item>
				<item id="title"><![CDATA[]]></item>
				<item id="classname"><![CDATA[cl_block_bm]]></item>
				<item id="summary"><![CDATA[<span><a href="#"></a></span>]]></item>
				<item id="uid"><![CDATA[1]]></item>
				<item id="username"><![CDATA[admin]]></item>
				<item id="styleid"><![CDATA[0]]></item>
				<item id="blockstyle"><![CDATA[]]></item>
				<item id="picwidth"><![CDATA[0]]></item>
				<item id="picheight"><![CDATA[0]]></item>
				<item id="target"><![CDATA[blank]]></item>
				<item id="dateformat"><![CDATA[Y-m-d]]></item>
				<item id="dateuformat"><![CDATA[0]]></item>
				<item id="script"><![CDATA[blank]]></item>
				<item id="param">
					<item id="content"><![CDATA[<span><a href=\"#\"></a></span>]]></item>
					<item id="items"><![CDATA[10]]></item>
				</item>
				<item id="shownum"><![CDATA[10]]></item>
				<item id="cachetime"><![CDATA[0]]></item>
				<item id="cachetimerange"><![CDATA[0,0]]></item>
				<item id="punctualupdate"><![CDATA[0]]></item>
				<item id="hidedisplay"><![CDATA[0]]></item>
				<item id="dateline"><![CDATA[1468571458]]></item>
				<item id="notinherited"><![CDATA[0]]></item>
				<item id="isblank"><![CDATA[0]]></item>
			</item>
			<item id="455">
				<item id="bid"><![CDATA[455]]></item>
				<item id="blockclass"><![CDATA[html_html]]></item>
				<item id="blocktype"><![CDATA[0]]></item>
				<item id="name"><![CDATA[fishsite]]></item>
				<item id="title"><![CDATA[]]></item>
				<item id="classname"><![CDATA[cl_block_bm]]></item>
				<item id="summary"><![CDATA[<div class="indexContact"> 
   <ul> 
    <li><img src="template/xiaoyu_marry/style/img/bg30.jpg" />
     <ins>
      <p>广东婚纱摄影档期实际情况请咨询店内客服</p>
      <span>请在婚期确认<i>前3-6个月</i>进行预定</span>
     </ins></li> 
    <li><img src="template/xiaoyu_marry/style/img/bg31.jpg" />
     <ins>
      <p>深圳婚纱摄影<i>深圳总店</i>提醒</p>
      <span><i>请认清正牌大店</i></span>
     </ins></li> 
    <li><img src="template/xiaoyu_marry/style/img/bg32.jpg" />
     <ins>
      <p>广东婚纱摄影更多拍摄须知</p>
      <span><i><a href="#">请点击这里查看</a></i></span>
     </ins></li> 
   </ul> 
   <tt><img src="template/xiaoyu_marry/style/img/bg33.jpg" /></tt> 
   <samp><img src="template/xiaoyu_marry/style/img/qq.jpg" /></samp> 
  </div> 
  <div class="indexBtm">
  <div class="wp1280">
   <ins> 
    <span><img src="template/xiaoyu_marry/style/img/wx_01.png" class="png" /></span> 
    <span><img src="template/xiaoyu_marry/style/img/wx_02.png" class="png" /></span> 
   </ins>
  </div>
  </div> 
  <div class="gray"> 
   <div class="address"> 
    <h3><img src="template/xiaoyu_marry/style/img/bg34.jpg" /></h3> 
    <ul> 
     <li class="a1"><strong>深圳总店</strong><p>深圳市福田区福华中路XXX大厦</p><span><img src="template/xiaoyu_marry/style/img/tel_01.jpg" /></span></li>
     <li class="a2"><strong>罗湖东门店</strong><p>罗湖区东门金世界XXX大厦</p><span><img src="template/xiaoyu_marry/style/img/tel_02.jpg" /></span></li> 
     <li class="a3"><strong>龙华宝安店</strong><p>深圳宝安XXX大厦(城市广场对面)</p><span><img src="template/xiaoyu_marry/style/img/tel_03.jpg" /></span></li> 
     <li class="a4"><strong>罗湖东门店</strong><p>罗湖区东门金世界XXX大厦</p><span><img src="template/xiaoyu_marry/style/img/tel_04.jpg" /></span></li> 
    </ul> 
   </div> 
    
  </div>]]></item>
				<item id="uid"><![CDATA[1]]></item>
				<item id="username"><![CDATA[admin]]></item>
				<item id="styleid"><![CDATA[0]]></item>
				<item id="blockstyle"><![CDATA[]]></item>
				<item id="picwidth"><![CDATA[0]]></item>
				<item id="picheight"><![CDATA[0]]></item>
				<item id="target"><![CDATA[blank]]></item>
				<item id="dateformat"><![CDATA[Y-m-d]]></item>
				<item id="dateuformat"><![CDATA[0]]></item>
				<item id="script"><![CDATA[blank]]></item>
				<item id="param">
					<item id="content"><![CDATA[  <div class=\"indexContact\"> 
   <ul> 
    <li><img src=\"template/xiaoyu_marry/style/img/bg30.jpg\" />
     <ins>
      <p>广东婚纱摄影档期实际情况请咨询店内客服</p>
      <span>请在婚期确认<i>前3-6个月</i>进行预定</span>
     </ins></li> 
    <li><img src=\"template/xiaoyu_marry/style/img/bg31.jpg\" />
     <ins>
      <p>深圳婚纱摄影<i>深圳总店</i>提醒</p>
      <span><i>请认清正牌大店</i></span>
     </ins></li> 
    <li><img src=\"template/xiaoyu_marry/style/img/bg32.jpg\" />
     <ins>
      <p>广东婚纱摄影更多拍摄须知</p>
      <span><i><a href=\"#\">请点击这里查看</a></i></span>
     </ins></li> 
   </ul> 
   <tt><img src=\"template/xiaoyu_marry/style/img/bg33.jpg\" /></tt> 
   <samp><img src=\"template/xiaoyu_marry/style/img/qq.jpg\" /></samp> 
  </div> 
  <div class=\"indexBtm\">
  <div class=\"wp1280\">
   <ins> 
    <span><img src=\"template/xiaoyu_marry/style/img/wx_01.png\" class=\"png\" /></span> 
    <span><img src=\"template/xiaoyu_marry/style/img/wx_02.png\" class=\"png\" /></span> 
   </ins>
  </div>
  </div> 
  <div class=\"gray\"> 
   <div class=\"address\"> 
    <h3><img src=\"template/xiaoyu_marry/style/img/bg34.jpg\" /></h3> 
    <ul> 
     <li class=\"a1\"><strong>深圳总店</strong><p>深圳市福田区福华中路XXX大厦</p><span><img src=\"template/xiaoyu_marry/style/img/tel_01.jpg\" /></span></li>
     <li class=\"a2\"><strong>罗湖东门店</strong><p>罗湖区东门金世界XXX大厦</p><span><img src=\"template/xiaoyu_marry/style/img/tel_02.jpg\" /></span></li> 
     <li class=\"a3\"><strong>龙华宝安店</strong><p>深圳宝安XXX大厦(城市广场对面)</p><span><img src=\"template/xiaoyu_marry/style/img/tel_03.jpg\" /></span></li> 
     <li class=\"a4\"><strong>罗湖东门店</strong><p>罗湖区东门金世界XXX大厦</p><span><img src=\"template/xiaoyu_marry/style/img/tel_04.jpg\" /></span></li> 
    </ul> 
   </div> 
    
  </div> ]]></item>
					<item id="items"><![CDATA[10]]></item>
				</item>
				<item id="shownum"><![CDATA[10]]></item>
				<item id="cachetime"><![CDATA[0]]></item>
				<item id="cachetimerange"><![CDATA[0,0]]></item>
				<item id="punctualupdate"><![CDATA[0]]></item>
				<item id="hidedisplay"><![CDATA[0]]></item>
				<item id="dateline"><![CDATA[1469528839]]></item>
				<item id="notinherited"><![CDATA[0]]></item>
				<item id="isblank"><![CDATA[0]]></item>
			</item>
		</item>
		<item id="style">
		</item>
	</item>
</root>
