<?xml version="1.0" encoding="ISO-8859-1"?>
<root>
	<item id="Title"><![CDATA[Discuz! Plugin]]></item>
	<item id="Version"><![CDATA[X3.4]]></item>
	<item id="Time"><![CDATA[2020-10-07 22:21]]></item>
	<item id="From"><![CDATA[DisM!应用中心 (https://dism.taobao.com/)]]></item>
	<item id="Data">
		<item id="plugin">
			<item id="available"><![CDATA[1]]></item>
			<item id="adminid"><![CDATA[1]]></item>
			<item id="name"><![CDATA[Cack！手机签到]]></item>
			<item id="identifier"><![CDATA[cack_app_sign]]></item>
			<item id="description"><![CDATA[]]></item>
			<item id="datatables"><![CDATA[]]></item>
			<item id="directory"><![CDATA[cack_app_sign/]]></item>
			<item id="copyright"><![CDATA[DisM!应用中心(dism.taobao.com)]]></item>
			<item id="version"><![CDATA[12.0]]></item>
			<item id="__modules">
				<item id="0">
					<item id="name"><![CDATA[mobile]]></item>
					<item id="param"><![CDATA[]]></item>
					<item id="menu"><![CDATA[]]></item>
					<item id="url"><![CDATA[]]></item>
					<item id="type"><![CDATA[28]]></item>
					<item id="adminid"><![CDATA[0]]></item>
					<item id="displayorder"><![CDATA[0]]></item>
					<item id="navtitle"><![CDATA[]]></item>
					<item id="navicon"><![CDATA[]]></item>
					<item id="navsubname"><![CDATA[]]></item>
					<item id="navsuburl"><![CDATA[]]></item>
				</item>
				<item id="1">
					<item id="name"><![CDATA[admincp_xinqing]]></item>
					<item id="param"><![CDATA[]]></item>
					<item id="menu"><![CDATA[管理心情]]></item>
					<item id="url"><![CDATA[]]></item>
					<item id="type"><![CDATA[3]]></item>
					<item id="adminid"><![CDATA[0]]></item>
					<item id="displayorder"><![CDATA[5]]></item>
					<item id="navtitle"><![CDATA[]]></item>
					<item id="navicon"><![CDATA[]]></item>
					<item id="navsubname"><![CDATA[]]></item>
					<item id="navsuburl"><![CDATA[]]></item>
				</item>
				<item id="2">
					<item id="name"><![CDATA[admincp_signlog]]></item>
					<item id="param"><![CDATA[]]></item>
					<item id="menu"><![CDATA[今日签到管理]]></item>
					<item id="url"><![CDATA[]]></item>
					<item id="type"><![CDATA[3]]></item>
					<item id="adminid"><![CDATA[0]]></item>
					<item id="displayorder"><![CDATA[6]]></item>
					<item id="navtitle"><![CDATA[]]></item>
					<item id="navicon"><![CDATA[]]></item>
					<item id="navsubname"><![CDATA[]]></item>
					<item id="navsuburl"><![CDATA[]]></item>
				</item>
				<item id="3">
					<item id="name"><![CDATA[hook]]></item>
					<item id="param"><![CDATA[]]></item>
					<item id="menu"><![CDATA[签到]]></item>
					<item id="url"><![CDATA[]]></item>
					<item id="type"><![CDATA[11]]></item>
					<item id="adminid"><![CDATA[0]]></item>
					<item id="displayorder"><![CDATA[7]]></item>
					<item id="navtitle"><![CDATA[]]></item>
					<item id="navicon"><![CDATA[]]></item>
					<item id="navsubname"><![CDATA[]]></item>
					<item id="navsuburl"><![CDATA[]]></item>
				</item>
				<item id="4">
					<item id="name"><![CDATA[admincp_excel]]></item>
					<item id="param"><![CDATA[]]></item>
					<item id="menu"><![CDATA[导出趋势]]></item>
					<item id="url"><![CDATA[]]></item>
					<item id="type"><![CDATA[3]]></item>
					<item id="adminid"><![CDATA[0]]></item>
					<item id="displayorder"><![CDATA[10]]></item>
					<item id="navtitle"><![CDATA[]]></item>
					<item id="navicon"><![CDATA[]]></item>
					<item id="navsubname"><![CDATA[]]></item>
					<item id="navsuburl"><![CDATA[]]></item>
				</item>
				<item id="5">
					<item id="name"><![CDATA[cack_addons]]></item>
					<item id="param"><![CDATA[c_ac=zhichi]]></item>
					<item id="menu"><![CDATA[<style>@keyframes rans {from{backgroud-position: 0 0;}to{background-position: 2000px 0;}}</style> <font style="background: -webkit-linear-gradient(18deg, #3300CC, #660099, #990066, #CC0033, #FF9999, #FF4400, #3300CC); 	background: -moz-linear-gradient(18deg, #3300CC, #660099, #990066, #CC0033, #FF9999, #FF4400, #3300CC); 	background: -ms-linear-gradient(18deg, #3300CC, #660099, #990066, #CC0033, #FF9999, #FF4400, #3300CC);animation: rans 18s linear infinite;-webkit-background-clip: text;color: transparent;">获取更多DisM!插件</font>]]></item>
					<item id="url"><![CDATA[]]></item>
					<item id="type"><![CDATA[3]]></item>
					<item id="adminid"><![CDATA[0]]></item>
					<item id="displayorder"><![CDATA[17]]></item>
					<item id="navtitle"><![CDATA[]]></item>
					<item id="navicon"><![CDATA[]]></item>
					<item id="navsubname"><![CDATA[]]></item>
					<item id="navsuburl"><![CDATA[]]></item>
				</item>
				<item id="6">
					<item id="name"><![CDATA[cack_addons]]></item>
					<item id="param"><![CDATA[c_ac=bug]]></item>
					<item id="menu"><![CDATA[<style>@keyframes rans {from{backgroud-position: 0 0;}to{background-position: 2000px 0;}}</style> <font style="background: -webkit-linear-gradient(18deg, #09c, #2366a8, #090, #ff9, #f4e4b4, #FF4400, #c00);background: -moz-linear-gradient(18deg, #3300CC, #660099, #990066, #CC0033, #FF9999, #FF4400, #3300CC);background: -ms-linear-gradient(18deg, #3300CC, #660099, #990066, #CC0033, #FF9999, #FF4400, #3300CC);animation: rans 18s linear infinite;-webkit-background-clip: text;color: transparent;">更新插件</font>]]></item>
					<item id="url"><![CDATA[]]></item>
					<item id="type"><![CDATA[3]]></item>
					<item id="adminid"><![CDATA[0]]></item>
					<item id="displayorder"><![CDATA[18]]></item>
					<item id="navtitle"><![CDATA[]]></item>
					<item id="navicon"><![CDATA[]]></item>
					<item id="navsubname"><![CDATA[]]></item>
					<item id="navsuburl"><![CDATA[]]></item>
				</item>
				<item id="7">
					<item id="name"><![CDATA[cack_addons]]></item>
					<item id="param"><![CDATA[c_ac=addons]]></item>
					<item id="menu"><![CDATA[<font color="#FF00FF">D</font><font color="#D500FF">i</font><font color="#AB00FF">s</font><font color="#8100FF">M</font><font color="#8000FF">!</font><font color="#7500E9">应</font><font color="#FF00FF">用</font><font color="#D500FF">中</font><font color="#AB00FF">心</font>]]></item>
					<item id="url"><![CDATA[]]></item>
					<item id="type"><![CDATA[3]]></item>
					<item id="adminid"><![CDATA[0]]></item>
					<item id="displayorder"><![CDATA[19]]></item>
					<item id="navtitle"><![CDATA[]]></item>
					<item id="navicon"><![CDATA[]]></item>
					<item id="navsubname"><![CDATA[]]></item>
					<item id="navsuburl"><![CDATA[]]></item>
				</item>
			</item>
		</item>
		<item id="version"><![CDATA[X3,X3.1,X3.2,X3.3,X3.4,X3.5,F1.0,L1.0]]></item>
		<item id="var">
			<item id="0">
				<item id="displayorder"><![CDATA[1]]></item>
				<item id="title"><![CDATA[积分设置]]></item>
				<item id="description"><![CDATA[]]></item>
				<item id="variable"><![CDATA[jfsz]]></item>
				<item id="type"><![CDATA[extcredit]]></item>
				<item id="value"><![CDATA[3]]></item>
				<item id="extra"><![CDATA[]]></item>
			</item>
			<item id="1">
				<item id="displayorder"><![CDATA[2]]></item>
				<item id="title"><![CDATA[最少奖励积分值]]></item>
				<item id="description"><![CDATA[]]></item>
				<item id="variable"><![CDATA[zsjljf]]></item>
				<item id="type"><![CDATA[number]]></item>
				<item id="value"><![CDATA[5]]></item>
				<item id="extra"><![CDATA[]]></item>
			</item>
			<item id="2">
				<item id="displayorder"><![CDATA[3]]></item>
				<item id="title"><![CDATA[最多奖励积分值]]></item>
				<item id="description"><![CDATA[]]></item>
				<item id="variable"><![CDATA[zdjljf]]></item>
				<item id="type"><![CDATA[number]]></item>
				<item id="value"><![CDATA[20]]></item>
				<item id="extra"><![CDATA[]]></item>
			</item>
			<item id="3">
				<item id="displayorder"><![CDATA[4]]></item>
				<item id="title"><![CDATA[排名额外签到积分]]></item>
				<item id="description"><![CDATA[根据每日签到排名额外赠送积分]]></item>
				<item id="variable"><![CDATA[ewqdjf]]></item>
				<item id="type"><![CDATA[textarea]]></item>
				<item id="value"><![CDATA[1=30
2=22
3=18
4=15
5=12
6=10
7=8
8=6
9=4
10=2]]></item>
				<item id="extra"><![CDATA[]]></item>
			</item>
			<item id="4">
				<item id="displayorder"><![CDATA[5]]></item>
				<item id="title"><![CDATA[navtitle]]></item>
				<item id="description"><![CDATA[]]></item>
				<item id="variable"><![CDATA[navtitle]]></item>
				<item id="type"><![CDATA[text]]></item>
				<item id="value"><![CDATA[每日签到]]></item>
				<item id="extra"><![CDATA[]]></item>
			</item>
			<item id="5">
				<item id="displayorder"><![CDATA[6]]></item>
				<item id="title"><![CDATA[默选心情xid]]></item>
				<item id="description"><![CDATA[]]></item>
				<item id="variable"><![CDATA[mxxqxid]]></item>
				<item id="type"><![CDATA[number]]></item>
				<item id="value"><![CDATA[4]]></item>
				<item id="extra"><![CDATA[]]></item>
			</item>
			<item id="6">
				<item id="displayorder"><![CDATA[7]]></item>
				<item id="title"><![CDATA[显示排行数据]]></item>
				<item id="description"><![CDATA[]]></item>
				<item id="variable"><![CDATA[xsqdsl]]></item>
				<item id="type"><![CDATA[number]]></item>
				<item id="value"><![CDATA[20]]></item>
				<item id="extra"><![CDATA[]]></item>
			</item>
			<item id="7">
				<item id="displayorder"><![CDATA[8]]></item>
				<item id="title"><![CDATA[显示今日签到人数]]></item>
				<item id="description"><![CDATA[]]></item>
				<item id="variable"><![CDATA[xsjrqdrs]]></item>
				<item id="type"><![CDATA[radio]]></item>
				<item id="value"><![CDATA[1]]></item>
				<item id="extra"><![CDATA[]]></item>
			</item>
			<item id="8">
				<item id="displayorder"><![CDATA[10]]></item>
				<item id="title"><![CDATA[UI背景色左]]></item>
				<item id="description"><![CDATA[]]></item>
				<item id="variable"><![CDATA[uibjsz]]></item>
				<item id="type"><![CDATA[color]]></item>
				<item id="value"><![CDATA[#b2b3f7]]></item>
				<item id="extra"><![CDATA[]]></item>
			</item>
			<item id="9">
				<item id="displayorder"><![CDATA[11]]></item>
				<item id="title"><![CDATA[UI背景色右]]></item>
				<item id="description"><![CDATA[]]></item>
				<item id="variable"><![CDATA[uibjsy]]></item>
				<item id="type"><![CDATA[color]]></item>
				<item id="value"><![CDATA[#4cc5d6]]></item>
				<item id="extra"><![CDATA[]]></item>
			</item>
			<item id="10">
				<item id="displayorder"><![CDATA[12]]></item>
				<item id="title"><![CDATA[开启全局嵌入签到按钮]]></item>
				<item id="description"><![CDATA[]]></item>
				<item id="variable"><![CDATA[kqqjqdan]]></item>
				<item id="type"><![CDATA[radio]]></item>
				<item id="value"><![CDATA[1]]></item>
				<item id="extra"><![CDATA[]]></item>
			</item>
			<item id="11">
				<item id="displayorder"><![CDATA[13]]></item>
				<item id="title"><![CDATA[签到后关闭全局嵌入签到按钮]]></item>
				<item id="description"><![CDATA[]]></item>
				<item id="variable"><![CDATA[qdhqjqdan]]></item>
				<item id="type"><![CDATA[radio]]></item>
				<item id="value"><![CDATA[0]]></item>
				<item id="extra"><![CDATA[]]></item>
			</item>
			<item id="12">
				<item id="displayorder"><![CDATA[14]]></item>
				<item id="title"><![CDATA[全局嵌入签到按钮CSS]]></item>
				<item id="description"><![CDATA[]]></item>
				<item id="variable"><![CDATA[qdhqjqdancss]]></item>
				<item id="type"><![CDATA[textarea]]></item>
				<item id="value"><![CDATA[    bottom: 80px;
    right: 20px;
    width: 40px;
    height: 40px;
    color: white;
    line-height: 40px;
    font-size: 18px;]]></item>
				<item id="extra"><![CDATA[]]></item>
			</item>
			<item id="13">
				<item id="displayorder"><![CDATA[20]]></item>
				<item id="title"><![CDATA[电脑版本签到按钮]]></item>
				<item id="description"><![CDATA[]]></item>
				<item id="variable"><![CDATA[dnbqdnn]]></item>
				<item id="type"><![CDATA[text]]></item>
				<item id="value"><![CDATA[<em class="xw0 xi1">签到</em>]]></item>
				<item id="extra"><![CDATA[]]></item>
			</item>
			<item id="14">
				<item id="displayorder"><![CDATA[21]]></item>
				<item id="title"><![CDATA[电脑版本已签按钮]]></item>
				<item id="description"><![CDATA[]]></item>
				<item id="variable"><![CDATA[dnbyqan]]></item>
				<item id="type"><![CDATA[text]]></item>
				<item id="value"><![CDATA[签到记录]]></item>
				<item id="extra"><![CDATA[]]></item>
			</item>
			<item id="15">
				<item id="displayorder"><![CDATA[22]]></item>
				<item id="title"><![CDATA[电脑版未签到自动弹出签到框]]></item>
				<item id="description"><![CDATA[]]></item>
				<item id="variable"><![CDATA[dnbqdk]]></item>
				<item id="type"><![CDATA[radio]]></item>
				<item id="value"><![CDATA[1]]></item>
				<item id="extra"><![CDATA[]]></item>
			</item>
			<item id="16">
				<item id="displayorder"><![CDATA[50]]></item>
				<item id="title"><![CDATA[字段----今日签到]]></item>
				<item id="description"><![CDATA[]]></item>
				<item id="variable"><![CDATA[zdjrqd]]></item>
				<item id="type"><![CDATA[text]]></item>
				<item id="value"><![CDATA[今日签到]]></item>
				<item id="extra"><![CDATA[]]></item>
			</item>
			<item id="17">
				<item id="displayorder"><![CDATA[51]]></item>
				<item id="title"><![CDATA[字段----连续签到]]></item>
				<item id="description"><![CDATA[]]></item>
				<item id="variable"><![CDATA[zdlxqd]]></item>
				<item id="type"><![CDATA[text]]></item>
				<item id="value"><![CDATA[连签排行]]></item>
				<item id="extra"><![CDATA[]]></item>
			</item>
			<item id="18">
				<item id="displayorder"><![CDATA[52]]></item>
				<item id="title"><![CDATA[字段----历史排行]]></item>
				<item id="description"><![CDATA[]]></item>
				<item id="variable"><![CDATA[zdlsph]]></item>
				<item id="type"><![CDATA[text]]></item>
				<item id="value"><![CDATA[历史排行]]></item>
				<item id="extra"><![CDATA[]]></item>
			</item>
			<item id="19">
				<item id="displayorder"><![CDATA[53]]></item>
				<item id="title"><![CDATA[字段----我的信息]]></item>
				<item id="description"><![CDATA[]]></item>
				<item id="variable"><![CDATA[zdwdxx]]></item>
				<item id="type"><![CDATA[text]]></item>
				<item id="value"><![CDATA[我的历史]]></item>
				<item id="extra"><![CDATA[]]></item>
			</item>
			<item id="20">
				<item id="displayorder"><![CDATA[70]]></item>
				<item id="title"><![CDATA[悬浮广告图片地址]]></item>
				<item id="description"><![CDATA[]]></item>
				<item id="variable"><![CDATA[xfggtpdz]]></item>
				<item id="type"><![CDATA[text]]></item>
				<item id="value"><![CDATA[source/plugin/cack_app_sign/images/ad.gif]]></item>
				<item id="extra"><![CDATA[]]></item>
			</item>
			<item id="21">
				<item id="displayorder"><![CDATA[71]]></item>
				<item id="title"><![CDATA[悬浮广告图片大小]]></item>
				<item id="description"><![CDATA[]]></item>
				<item id="variable"><![CDATA[xfggtpdx]]></item>
				<item id="type"><![CDATA[text]]></item>
				<item id="value"><![CDATA[80px]]></item>
				<item id="extra"><![CDATA[]]></item>
			</item>
			<item id="22">
				<item id="displayorder"><![CDATA[72]]></item>
				<item id="title"><![CDATA[悬浮广告超链接]]></item>
				<item id="description"><![CDATA[]]></item>
				<item id="variable"><![CDATA[xfggclj]]></item>
				<item id="type"><![CDATA[text]]></item>
				<item id="value"><![CDATA[https://www.cackui.com/?view=hosting]]></item>
				<item id="extra"><![CDATA[]]></item>
			</item>
		</item>
		<item id="installfile"><![CDATA[install.php]]></item>
		<item id="uninstallfile"><![CDATA[uninstall.php]]></item>
		<item id="upgradefile"><![CDATA[upgrade.php]]></item>
	</item>
</root>