<?xml version="1.0" encoding="ISO-8859-1"?>
<root>
	<item id="Title"><![CDATA[Discuz! Plugin]]></item>
	<item id="version"><![CDATA[X3,X3.1,X3.2,X3.3,X3.4,X3.5,F1.0]]></item>
	<item id="Time"><![CDATA[2021-07-14 21:54]]></item>
	<item id="From"><![CDATA[DisM!应用中心 (https://dism.taobao.com/)]]></item>
	<item id="Data">
		<item id="plugin">
			<item id="available"><![CDATA[1]]></item>
			<item id="adminid"><![CDATA[1]]></item>
			<item id="name"><![CDATA[仁天际-PC模板管理]]></item>
			<item id="identifier"><![CDATA[rtj1009_democp]]></item>
			<item id="description"><![CDATA[本插件为仁天际网络-电脑版模板的配套插件，主要为我们开发的PC模板提供强大、多功能的后台设置。]]></item>
			<item id="datatables"><![CDATA[]]></item>
			<item id="directory"><![CDATA[rtj1009_democp/]]></item>
			<item id="copyright"><![CDATA[DisM!应用中心(dism.taobao.com)]]></item>
			<item id="version"><![CDATA[1.9]]></item>
			<item id="__modules">
				<item id="0">
					<item id="name"><![CDATA[rtj1009_democp]]></item>
					<item id="param"><![CDATA[]]></item>
					<item id="menu"><![CDATA[]]></item>
					<item id="url"><![CDATA[]]></item>
					<item id="type"><![CDATA[11]]></item>
					<item id="adminid"><![CDATA[0]]></item>
					<item id="displayorder"><![CDATA[1]]></item>
					<item id="navtitle"><![CDATA[]]></item>
					<item id="navicon"><![CDATA[]]></item>
					<item id="navsubname"><![CDATA[]]></item>
					<item id="navsuburl"><![CDATA[]]></item>
				</item>
				<item id="1">
					<item id="name"><![CDATA[rtj1009_forumdisplay]]></item>
					<item id="param"><![CDATA[]]></item>
					<item id="menu"><![CDATA[帖子列表样式]]></item>
					<item id="url"><![CDATA[]]></item>
					<item id="type"><![CDATA[3]]></item>
					<item id="adminid"><![CDATA[0]]></item>
					<item id="displayorder"><![CDATA[2]]></item>
					<item id="navtitle"><![CDATA[]]></item>
					<item id="navicon"><![CDATA[]]></item>
					<item id="navsubname"><![CDATA[]]></item>
					<item id="navsuburl"><![CDATA[]]></item>
				</item>
				<item id="2">
					<item id="name"><![CDATA[rtj1009_menu]]></item>
					<item id="param"><![CDATA[]]></item>
					<item id="menu"><![CDATA[左侧导航菜单]]></item>
					<item id="url"><![CDATA[]]></item>
					<item id="type"><![CDATA[3]]></item>
					<item id="adminid"><![CDATA[0]]></item>
					<item id="displayorder"><![CDATA[3]]></item>
					<item id="navtitle"><![CDATA[]]></item>
					<item id="navicon"><![CDATA[]]></item>
					<item id="navsubname"><![CDATA[]]></item>
					<item id="navsuburl"><![CDATA[]]></item>
				</item>
				<item id="3">
					<item id="name"><![CDATA[yingyong]]></item>
					<item id="param"><![CDATA[]]></item>
					<item id="menu"><![CDATA[<style>@keyframes rans {from{backgroud-position: 0 0;}to{background-position: 2000px 0;}}</style> <font style="background: -webkit-linear-gradient(18deg, #3300CC, #660099, #990066, #CC0033, #FF9999, #FF4400, #3300CC); 	background: -moz-linear-gradient(18deg, #3300CC, #660099, #990066, #CC0033, #FF9999, #FF4400, #3300CC); 	background: -ms-linear-gradient(18deg, #3300CC, #660099, #990066, #CC0033, #FF9999, #FF4400, #3300CC);animation: rans 18s linear infinite;-webkit-background-clip: text;color: transparent;">获取更多DisM!插件</font>]]></item>
					<item id="url"><![CDATA[]]></item>
					<item id="type"><![CDATA[3]]></item>
					<item id="adminid"><![CDATA[0]]></item>
					<item id="displayorder"><![CDATA[4]]></item>
					<item id="navtitle"><![CDATA[]]></item>
					<item id="navicon"><![CDATA[]]></item>
					<item id="navsubname"><![CDATA[]]></item>
					<item id="navsuburl"><![CDATA[]]></item>
				</item>
			</item>
		</item>
		<item id="version"><![CDATA[X3,X3.1,X3.2,X3.3,X3.4,X3.5,F1.0]]></item>
		<item id="var">
			<item id="0">
				<item id="displayorder"><![CDATA[1]]></item>
				<item id="title"><![CDATA[主导航样式]]></item>
				<item id="description"><![CDATA[主导航样式选择，按自已所爱选择即可]]></item>
				<item id="variable"><![CDATA[ren_hd_navstyle]]></item>
				<item id="type"><![CDATA[select]]></item>
				<item id="value"><![CDATA[3]]></item>
				<item id="extra"><![CDATA[1 = 全屏全色样式
2 = 1200宽全色样式
3 = 全屏底线样式
4 = 1200宽底线样式]]></item>
			</item>
			<item id="1">
				<item id="displayorder"><![CDATA[2]]></item>
				<item id="title"><![CDATA[导航是否启用背景]]></item>
				<item id="description"><![CDATA[背景图是否显示，图片地址为：\template\rtj1009_010\image\bg.jpg，如需更换直接命名相同然后上传覆盖即可]]></item>
				<item id="variable"><![CDATA[ren_nav_bg]]></item>
				<item id="type"><![CDATA[radio]]></item>
				<item id="value"><![CDATA[1]]></item>
				<item id="extra"><![CDATA[]]></item>
			</item>
			<item id="2">
				<item id="displayorder"><![CDATA[3]]></item>
				<item id="title"><![CDATA[主导航是否跟随滚动 ...]]></item>
				<item id="description"><![CDATA[所有页面的，主导航在页面滚动到指定位置时是否跟随页面固定]]></item>
				<item id="variable"><![CDATA[ren_nav_fix]]></item>
				<item id="type"><![CDATA[radio]]></item>
				<item id="value"><![CDATA[1]]></item>
				<item id="extra"><![CDATA[]]></item>
			</item>
			<item id="3">
				<item id="displayorder"><![CDATA[4]]></item>
				<item id="title"><![CDATA[主导航的二级导航]]></item>
				<item id="description"><![CDATA[选择”是“主导航下的二级导航显示，选择“否”则隐藏该模块]]></item>
				<item id="variable"><![CDATA[ren_hd_nav]]></item>
				<item id="type"><![CDATA[radio]]></item>
				<item id="value"><![CDATA[1]]></item>
				<item id="extra"><![CDATA[]]></item>
			</item>
			<item id="4">
				<item id="displayorder"><![CDATA[5]]></item>
				<item id="title"><![CDATA[二级导航样式选择]]></item>
				<item id="description"><![CDATA[选择主导航使用哪种样式]]></item>
				<item id="variable"><![CDATA[ren_hd_xuannav]]></item>
				<item id="type"><![CDATA[select]]></item>
				<item id="value"><![CDATA[5]]></item>
				<item id="extra"><![CDATA[1 = 默认样式
2 = 三栏分类样式
3 = 四栏分类样式
4 = 三栏分类样式二
5 = 四栏分类样式二
6 = 三栏分类样式三
7 = 四栏分类样式三]]></item>
			</item>
			<item id="5">
				<item id="displayorder"><![CDATA[6]]></item>
				<item id="title"><![CDATA[导航右侧发布按扭是否开启]]></item>
				<item id="description"><![CDATA[在主导航右侧（搜索框右边）的“免费发布信息”按扭是否开启]]></item>
				<item id="variable"><![CDATA[ren_hd_fabu]]></item>
				<item id="type"><![CDATA[radio]]></item>
				<item id="value"><![CDATA[1]]></item>
				<item id="extra"><![CDATA[]]></item>
			</item>
			<item id="6">
				<item id="displayorder"><![CDATA[7]]></item>
				<item id="title"><![CDATA[主导航搜索框样式]]></item>
				<item id="description"><![CDATA[选择主导航上的搜索框使用哪种样式，默认样式的搜索框可选不同类型的结果，简洁样式则默认搜索帖子]]></item>
				<item id="variable"><![CDATA[ren_hd_ssk]]></item>
				<item id="type"><![CDATA[select]]></item>
				<item id="value"><![CDATA[2]]></item>
				<item id="extra"><![CDATA[1 = 简洁样式
2 = 默认样式]]></item>
			</item>
			<item id="7">
				<item id="displayorder"><![CDATA[8]]></item>
				<item id="title"><![CDATA[门户无限加载列表数据 ...]]></item>
				<item id="description"><![CDATA[门户无限加载列表数据来源是论坛帖子还是门户文章]]></item>
				<item id="variable"><![CDATA[ren_portal_laiyuan]]></item>
				<item id="type"><![CDATA[select]]></item>
				<item id="value"><![CDATA[1]]></item>
				<item id="extra"><![CDATA[1 = 调用论坛帖子
2 = 调用门户文章]]></item>
			</item>
			<item id="8">
				<item id="displayorder"><![CDATA[10]]></item>
				<item id="title"><![CDATA[门户无限加载列表每次显示 ...]]></item>
				<item id="description"><![CDATA[门户无限加载列表每次显示条数，建议每次自动加载10条]]></item>
				<item id="variable"><![CDATA[ren_portal_page]]></item>
				<item id="type"><![CDATA[text]]></item>
				<item id="value"><![CDATA[10]]></item>
				<item id="extra"><![CDATA[]]></item>
			</item>
			<item id="9">
				<item id="displayorder"><![CDATA[11]]></item>
				<item id="title"><![CDATA[门户无限加载列表帖子排序 ...]]></item>
				<item id="description"><![CDATA[门户无限加载列表帖子排序使用哪种方式，第2种按帖子最新回复在选择数据为源为门户文章时不可用]]></item>
				<item id="variable"><![CDATA[ren_portal_order]]></item>
				<item id="type"><![CDATA[select]]></item>
				<item id="value"><![CDATA[1]]></item>
				<item id="extra"><![CDATA[1 = 按最新发帖时间
2 = 按帖子最新回复
3 = 按最多人浏览
4 = 按最多人回复]]></item>
			</item>
			<item id="10">
				<item id="displayorder"><![CDATA[12]]></item>
				<item id="title"><![CDATA[列表最大加载帖子数量 ...]]></item>
				<item id="description"><![CDATA[门户无限加载列表总加载条数，建议1000条，该设置与每次显示条数结合计算分页总数，例设置1000除以10等于100分页数，则最多加载100页]]></item>
				<item id="variable"><![CDATA[ren_portal_maxpagenum]]></item>
				<item id="type"><![CDATA[text]]></item>
				<item id="value"><![CDATA[1000]]></item>
				<item id="extra"><![CDATA[]]></item>
			</item>
			<item id="11">
				<item id="displayorder"><![CDATA[13]]></item>
				<item id="title"><![CDATA[门户无限加载列表选择版块 ...]]></item>
				<item id="description"><![CDATA[门户无限加载列表自动调用哪一些版块的帖子，请注意选择了版块可不要还选着空，如选择数据来源为门户文章时此项可忽略]]></item>
				<item id="variable"><![CDATA[ren_portal_forums]]></item>
				<item id="type"><![CDATA[forums]]></item>
				<item id="extra"><![CDATA[]]></item>
				<item id="__value">
					<item id="0"><![CDATA[48]]></item>
				</item>
			</item>
			<item id="12">
				<item id="displayorder"><![CDATA[14]]></item>
				<item id="title"><![CDATA[门户无限加载列表选择频道 ...]]></item>
				<item id="description"><![CDATA[门户无限加载列表自动调用哪一些门户频道的文章，请注意多个频道ID需用逗号相隔如（1,2,3）频道ID前后不要有符号，如选择数据来源为论坛帖子时此项可忽略]]></item>
				<item id="variable"><![CDATA[ren_portal_cat]]></item>
				<item id="type"><![CDATA[text]]></item>
				<item id="value"><![CDATA[1,2,5,10,11]]></item>
				<item id="extra"><![CDATA[]]></item>
			</item>
			<item id="13">
				<item id="displayorder"><![CDATA[15]]></item>
				<item id="title"><![CDATA[门户无限加载列表分页方式  ...]]></item>
				<item id="description"><![CDATA[门户无限加载列表是用自动无限滚动加载还是手动点击加载更多]]></item>
				<item id="variable"><![CDATA[ren_portal_pages]]></item>
				<item id="type"><![CDATA[select]]></item>
				<item id="value"><![CDATA[2]]></item>
				<item id="extra"><![CDATA[1 = 点击加载更多
2 = 自动加载]]></item>
			</item>
			<item id="14">
				<item id="displayorder"><![CDATA[16]]></item>
				<item id="title"><![CDATA[来自版块是否显示]]></item>
				<item id="description"><![CDATA[无限加载列表的作者前是否显示该帖来自版块的名称]]></item>
				<item id="variable"><![CDATA[ren_portal_lzforums]]></item>
				<item id="type"><![CDATA[radio]]></item>
				<item id="value"><![CDATA[1]]></item>
				<item id="extra"><![CDATA[]]></item>
			</item>
			<item id="15">
				<item id="displayorder"><![CDATA[17]]></item>
				<item id="title"><![CDATA[门户左侧栏是否显示 ...]]></item>
				<item id="description"><![CDATA[即左侧导航菜单与二维码这栏是否显示]]></item>
				<item id="variable"><![CDATA[ren_portal_left]]></item>
				<item id="type"><![CDATA[radio]]></item>
				<item id="value"><![CDATA[1]]></item>
				<item id="extra"><![CDATA[]]></item>
			</item>
			<item id="16">
				<item id="displayorder"><![CDATA[18]]></item>
				<item id="title"><![CDATA[门户关注微信是否显示 ...]]></item>
				<item id="description"><![CDATA[门户左侧导航菜单下面的关注微信是否显示]]></item>
				<item id="variable"><![CDATA[ren_portal_left_wx]]></item>
				<item id="type"><![CDATA[radio]]></item>
				<item id="value"><![CDATA[1]]></item>
				<item id="extra"><![CDATA[]]></item>
			</item>
			<item id="17">
				<item id="displayorder"><![CDATA[19]]></item>
				<item id="title"><![CDATA[门户热门活动是否显示 ...]]></item>
				<item id="description"><![CDATA[门户右边的热门活动是否显示]]></item>
				<item id="variable"><![CDATA[ren_portal_hongdong]]></item>
				<item id="type"><![CDATA[radio]]></item>
				<item id="value"><![CDATA[1]]></item>
				<item id="extra"><![CDATA[]]></item>
			</item>
			<item id="18">
				<item id="displayorder"><![CDATA[20]]></item>
				<item id="title"><![CDATA[门户生活服务是否显示 ...]]></item>
				<item id="description"><![CDATA[门户右边的生活服务是否显示]]></item>
				<item id="variable"><![CDATA[ren_portal_yiz]]></item>
				<item id="type"><![CDATA[radio]]></item>
				<item id="value"><![CDATA[1]]></item>
				<item id="extra"><![CDATA[]]></item>
			</item>
			<item id="19">
				<item id="displayorder"><![CDATA[21]]></item>
				<item id="title"><![CDATA[门户左边菜单下拉跟随 ...  ...]]></item>
				<item id="description"><![CDATA[门户左边菜单在页面滚动到指定位置时是否跟随页面固定]]></item>
				<item id="variable"><![CDATA[ren_portal_left_fix]]></item>
				<item id="type"><![CDATA[radio]]></item>
				<item id="value"><![CDATA[1]]></item>
				<item id="extra"><![CDATA[]]></item>
			</item>
			<item id="20">
				<item id="displayorder"><![CDATA[22]]></item>
				<item id="title"><![CDATA[门户右边菜单下拉跟随 ...]]></item>
				<item id="description"><![CDATA[门户右边热门帖子与广告在页面滚动到指定位置时是否跟随页面固定]]></item>
				<item id="variable"><![CDATA[ren_portal_right_fix]]></item>
				<item id="type"><![CDATA[radio]]></item>
				<item id="value"><![CDATA[1]]></item>
				<item id="extra"><![CDATA[]]></item>
			</item>
			<item id="21">
				<item id="displayorder"><![CDATA[23]]></item>
				<item id="title"><![CDATA[门户首页友链是否显示]]></item>
				<item id="description"><![CDATA[选择”是“门户首页友链，选择“否”则隐藏该模块，此设置需要在导入门户DIY文件后操作，如需隐藏，导入DIY后再隐藏]]></item>
				<item id="variable"><![CDATA[ren_portal_yl]]></item>
				<item id="type"><![CDATA[radio]]></item>
				<item id="value"><![CDATA[1]]></item>
				<item id="extra"><![CDATA[]]></item>
			</item>
			<item id="22">
				<item id="displayorder"><![CDATA[24]]></item>
				<item id="title"><![CDATA[门户横幅广告一]]></item>
				<item id="description"><![CDATA[选择”是“门户主导航下的第一条横幅广告显示，选择“否”则隐藏该模块，此设置需要在导入门户DIY文件后操作，如需隐藏，导入DIY后再隐藏]]></item>
				<item id="variable"><![CDATA[ren_ad_yi]]></item>
				<item id="type"><![CDATA[radio]]></item>
				<item id="value"><![CDATA[1]]></item>
				<item id="extra"><![CDATA[]]></item>
			</item>
			<item id="23">
				<item id="displayorder"><![CDATA[26]]></item>
				<item id="title"><![CDATA[门户横幅广告二]]></item>
				<item id="description"><![CDATA[选择”是“门户主导航下的第二条横幅广告显示，选择“否”则隐藏该模块，此设置需要在导入门户DIY文件后操作，如需隐藏，导入DIY后再隐藏]]></item>
				<item id="variable"><![CDATA[ren_ad_e]]></item>
				<item id="type"><![CDATA[radio]]></item>
				<item id="value"><![CDATA[1]]></item>
				<item id="extra"><![CDATA[]]></item>
			</item>
			<item id="24">
				<item id="displayorder"><![CDATA[27]]></item>
				<item id="title"><![CDATA[门户横幅广告三]]></item>
				<item id="description"><![CDATA[选择”是“门户主导航下的第三条横幅广告显示，选择“否”则隐藏该模块，此设置需要在导入门户DIY文件后操作，如需隐藏，导入DIY后再隐藏]]></item>
				<item id="variable"><![CDATA[ren_ad_san]]></item>
				<item id="type"><![CDATA[radio]]></item>
				<item id="value"><![CDATA[1]]></item>
				<item id="extra"><![CDATA[]]></item>
			</item>
			<item id="25">
				<item id="displayorder"><![CDATA[28]]></item>
				<item id="title"><![CDATA[门户单排两图广告]]></item>
				<item id="description"><![CDATA[选择”是“门户主导航下的第四条横幅广告显示，选择“否”则隐藏该模块，此设置需要在导入门户DIY文件后操作，如需隐藏，导入DIY后再隐藏]]></item>
				<item id="variable"><![CDATA[ren_ad_si]]></item>
				<item id="type"><![CDATA[radio]]></item>
				<item id="value"><![CDATA[1]]></item>
				<item id="extra"><![CDATA[]]></item>
			</item>
			<item id="26">
				<item id="displayorder"><![CDATA[30]]></item>
				<item id="title"><![CDATA[论坛首页图文推荐]]></item>
				<item id="description"><![CDATA[选择”是“论坛首页版块列表上方的图文推荐模块显示，选择“否”则隐藏该模块，此设置需要在导入论坛DIY文件后操作，如需隐藏，导入DIY后再隐藏]]></item>
				<item id="variable"><![CDATA[ren_forum_dyb]]></item>
				<item id="type"><![CDATA[radio]]></item>
				<item id="value"><![CDATA[1]]></item>
				<item id="extra"><![CDATA[]]></item>
			</item>
			<item id="27">
				<item id="displayorder"><![CDATA[31]]></item>
				<item id="title"><![CDATA[论坛首页横排五色模块 ...]]></item>
				<item id="description"><![CDATA[论坛首页横排五色模块是否显示，，此设置需要在导入论坛首页DIY文件后操作，如需隐藏，导入DIY后再隐藏]]></item>
				<item id="variable"><![CDATA[ren_forum_wuge]]></item>
				<item id="type"><![CDATA[radio]]></item>
				<item id="value"><![CDATA[1]]></item>
				<item id="extra"><![CDATA[]]></item>
			</item>
			<item id="28">
				<item id="displayorder"><![CDATA[32]]></item>
				<item id="title"><![CDATA[论坛版块列表右边栏]]></item>
				<item id="description"><![CDATA[论坛版块列表右边栏是否开启，选是为开启，此设置需要在导入论坛DIY文件后操作，如需隐藏，导入DIY后再选否]]></item>
				<item id="variable"><![CDATA[ren_forum_sd]]></item>
				<item id="type"><![CDATA[radio]]></item>
				<item id="value"><![CDATA[1]]></item>
				<item id="extra"><![CDATA[]]></item>
			</item>
			<item id="29">
				<item id="displayorder"><![CDATA[33]]></item>
				<item id="title"><![CDATA[论坛首页版块是否新窗打开]]></item>
				<item id="description"><![CDATA[设置点击论坛首页版块列表的版块是否新窗打开，选择”是“点击版块新窗打开，选择“否”点击版块则直接跳转。]]></item>
				<item id="variable"><![CDATA[ren_forum_xc]]></item>
				<item id="type"><![CDATA[radio]]></item>
				<item id="value"><![CDATA[1]]></item>
				<item id="extra"><![CDATA[]]></item>
			</item>
			<item id="30">
				<item id="displayorder"><![CDATA[36]]></item>
				<item id="title"><![CDATA[帖子页图文推荐是否显示]]></item>
				<item id="description"><![CDATA[选择”是“帖子内容页图文推荐，选择“否”则隐藏该模块，此设置需要在导入门户DIY文件后操作，如需隐藏，导入DIY后再隐藏]]></item>
				<item id="variable"><![CDATA[ren_view_toptj]]></item>
				<item id="type"><![CDATA[radio]]></item>
				<item id="value"><![CDATA[1]]></item>
				<item id="extra"><![CDATA[]]></item>
			</item>
			<item id="31">
				<item id="displayorder"><![CDATA[37]]></item>
				<item id="title"><![CDATA[帖子页精选推荐是否显示]]></item>
				<item id="description"><![CDATA[选择”是“帖子内容页页精选推荐，选择“否”则隐藏该模块，此设置需要在导入门户DIY文件后操作，如需隐藏，导入DIY后再隐藏]]></item>
				<item id="variable"><![CDATA[ren_view_jxtj]]></item>
				<item id="type"><![CDATA[radio]]></item>
				<item id="value"><![CDATA[1]]></item>
				<item id="extra"><![CDATA[]]></item>
			</item>
			<item id="32">
				<item id="displayorder"><![CDATA[38]]></item>
				<item id="title"><![CDATA[帖子标题后的复制链接]]></item>
				<item id="description"><![CDATA[帖子内容页标题后的“复制链接”按扭是否显示，选“是”则显示，选“否”则不显示]]></item>
				<item id="variable"><![CDATA[ren_cp_url]]></item>
				<item id="type"><![CDATA[radio]]></item>
				<item id="value"><![CDATA[0]]></item>
				<item id="extra"><![CDATA[]]></item>
			</item>
			<item id="33">
				<item id="displayorder"><![CDATA[40]]></item>
				<item id="title"><![CDATA[门户首页头部]]></item>
				<item id="description"><![CDATA[设置门户首页是否使用默认头部导航样式，选择是为默认主导航样式，选择否则使用简洁头部样式。]]></item>
				<item id="variable"><![CDATA[ren_hd_portal]]></item>
				<item id="type"><![CDATA[radio]]></item>
				<item id="value"><![CDATA[1]]></item>
				<item id="extra"><![CDATA[]]></item>
			</item>
			<item id="34">
				<item id="displayorder"><![CDATA[41]]></item>
				<item id="title"><![CDATA[门户频道页头部]]></item>
				<item id="description"><![CDATA[设置文章频道是否使用默认头部导航样式，选择是为默认主导航样式，选择否则使用简洁头部样式。]]></item>
				<item id="variable"><![CDATA[ren_hd_portal_list]]></item>
				<item id="type"><![CDATA[radio]]></item>
				<item id="value"><![CDATA[1]]></item>
				<item id="extra"><![CDATA[]]></item>
			</item>
			<item id="35">
				<item id="displayorder"><![CDATA[42]]></item>
				<item id="title"><![CDATA[文章内容页头部]]></item>
				<item id="description"><![CDATA[设置文章内容页是否使用默认头部导航样式，选择是为默认主导航样式，选择否则使用简洁头部样式。]]></item>
				<item id="variable"><![CDATA[ren_hd_portal_view]]></item>
				<item id="type"><![CDATA[radio]]></item>
				<item id="value"><![CDATA[1]]></item>
				<item id="extra"><![CDATA[]]></item>
			</item>
			<item id="36">
				<item id="displayorder"><![CDATA[43]]></item>
				<item id="title"><![CDATA[论坛首页头部]]></item>
				<item id="description"><![CDATA[设置论坛首页是否使用默认头部导航样式，选择是为默认主导航样式，选择否则使用简洁头部样式。]]></item>
				<item id="variable"><![CDATA[ren_hd_forum]]></item>
				<item id="type"><![CDATA[radio]]></item>
				<item id="value"><![CDATA[1]]></item>
				<item id="extra"><![CDATA[]]></item>
			</item>
			<item id="37">
				<item id="displayorder"><![CDATA[44]]></item>
				<item id="title"><![CDATA[帖子列表页头部]]></item>
				<item id="description"><![CDATA[设置帖子列表页是否使用默认头部导航样式，选择是为默认主导航样式，选择否则使用简洁头部样式。]]></item>
				<item id="variable"><![CDATA[ren_hd_forum_list]]></item>
				<item id="type"><![CDATA[radio]]></item>
				<item id="value"><![CDATA[1]]></item>
				<item id="extra"><![CDATA[]]></item>
			</item>
			<item id="38">
				<item id="displayorder"><![CDATA[45]]></item>
				<item id="title"><![CDATA[帖子内容页头部]]></item>
				<item id="description"><![CDATA[设置帖子内容页是否使用默认头部导航样式，选择是为默认主导航样式，选择否则使用简洁头部样式。]]></item>
				<item id="variable"><![CDATA[ren_hd_forum_view]]></item>
				<item id="type"><![CDATA[radio]]></item>
				<item id="value"><![CDATA[1]]></item>
				<item id="extra"><![CDATA[]]></item>
			</item>
			<item id="39">
				<item id="displayorder"><![CDATA[46]]></item>
				<item id="title"><![CDATA[注册页面头部]]></item>
				<item id="description"><![CDATA[设置注册页面是否使用默认头部导航样式，选择是为默认主导航样式，选择否则使用简洁头部样式。]]></item>
				<item id="variable"><![CDATA[ren_hd_register]]></item>
				<item id="type"><![CDATA[radio]]></item>
				<item id="value"><![CDATA[1]]></item>
				<item id="extra"><![CDATA[]]></item>
			</item>
			<item id="40">
				<item id="displayorder"><![CDATA[47]]></item>
				<item id="title"><![CDATA[登录页面头部]]></item>
				<item id="description"><![CDATA[设置登录页面是否使用默认头部导航样式，选择是为默认主导航样式，选择否则使用简洁头部样式。]]></item>
				<item id="variable"><![CDATA[ren_hd_logging]]></item>
				<item id="type"><![CDATA[radio]]></item>
				<item id="value"><![CDATA[1]]></item>
				<item id="extra"><![CDATA[]]></item>
			</item>
			<item id="41">
				<item id="displayorder"><![CDATA[48]]></item>
				<item id="title"><![CDATA[导读页面头部]]></item>
				<item id="description"><![CDATA[设置导读页面是否使用默认头部导航样式，选择是为默认主导航样式，选择否则使用简洁头部样式。]]></item>
				<item id="variable"><![CDATA[ren_hd_guide]]></item>
				<item id="type"><![CDATA[radio]]></item>
				<item id="value"><![CDATA[1]]></item>
				<item id="extra"><![CDATA[]]></item>
			</item>
			<item id="42">
				<item id="displayorder"><![CDATA[49]]></item>
				<item id="title"><![CDATA[群组页面头部]]></item>
				<item id="description"><![CDATA[设置群组页面是否使用默认头部导航样式，选择是为默认主导航样式，选择否则使用简洁头部样式。]]></item>
				<item id="variable"><![CDATA[ren_hd_group]]></item>
				<item id="type"><![CDATA[radio]]></item>
				<item id="value"><![CDATA[1]]></item>
				<item id="extra"><![CDATA[]]></item>
			</item>
			<item id="43">
				<item id="displayorder"><![CDATA[50]]></item>
				<item id="title"><![CDATA[个人中心头部]]></item>
				<item id="description"><![CDATA[设置个人中心（为个人设置、好友、消息、收藏等这些页面，而非个人空间）是否使用默认头部导航样式，选择是为默认主导航样式，选择否则使用简洁头部样式。]]></item>
				<item id="variable"><![CDATA[ren_hd_home]]></item>
				<item id="type"><![CDATA[radio]]></item>
				<item id="value"><![CDATA[1]]></item>
				<item id="extra"><![CDATA[]]></item>
			</item>
			<item id="44">
				<item id="displayorder"><![CDATA[51]]></item>
				<item id="title"><![CDATA[其它页面头部]]></item>
				<item id="description"><![CDATA[设置其它页面（如淘帖、排行榜、帮助、小黑屋、站点统计等这些页面）是否使用默认头部导航样式，选择是为默认主导航样式，选择否则使用简洁头部样式。]]></item>
				<item id="variable"><![CDATA[ren_hd_qita]]></item>
				<item id="type"><![CDATA[radio]]></item>
				<item id="value"><![CDATA[1]]></item>
				<item id="extra"><![CDATA[]]></item>
			</item>
			<item id="45">
				<item id="displayorder"><![CDATA[60]]></item>
				<item id="title"><![CDATA[未登录右上角第三方登录]]></item>
				<item id="description"><![CDATA[选择”是“未登录状态的右上角第三方登录按扭，选择“否”则隐藏]]></item>
				<item id="variable"><![CDATA[ren_hd_kjdl]]></item>
				<item id="type"><![CDATA[radio]]></item>
				<item id="value"><![CDATA[0]]></item>
				<item id="extra"><![CDATA[]]></item>
			</item>
			<item id="46">
				<item id="displayorder"><![CDATA[61]]></item>
				<item id="title"><![CDATA[第三方登录按扭上文字]]></item>
				<item id="description"><![CDATA[选择”是“未登录状态的右上角第三方登录按扭显示文字，如：“QQ登录”选择“否”则隐藏文字]]></item>
				<item id="variable"><![CDATA[ren_hd_kjdlwz]]></item>
				<item id="type"><![CDATA[radio]]></item>
				<item id="value"><![CDATA[0]]></item>
				<item id="extra"><![CDATA[]]></item>
			</item>
			<item id="47">
				<item id="displayorder"><![CDATA[62]]></item>
				<item id="title"><![CDATA[个人空间背景样式]]></item>
				<item id="description"><![CDATA[选择个人空间背景图样式]]></item>
				<item id="variable"><![CDATA[ren_home_hdstyle]]></item>
				<item id="type"><![CDATA[select]]></item>
				<item id="value"><![CDATA[2]]></item>
				<item id="extra"><![CDATA[1 = 默认样式
2 = 双层样式]]></item>
			</item>
			<item id="48">
				<item id="displayorder"><![CDATA[63]]></item>
				<item id="title"><![CDATA[导航顶部微信登录链接]]></item>
				<item id="description"><![CDATA[填写右上角微信登录按扭的插件登录链接地址，如:plugin.php?id=rtj1009_weixin&mod=wxlogin&inajax=1]]></item>
				<item id="variable"><![CDATA[pc_hd_wxlogin]]></item>
				<item id="type"><![CDATA[text]]></item>
				<item id="value"><![CDATA[#]]></item>
				<item id="extra"><![CDATA[]]></item>
			</item>
			<item id="49">
				<item id="displayorder"><![CDATA[64]]></item>
				<item id="title"><![CDATA[导航顶部手机端链接]]></item>
				<item id="description"><![CDATA[填写右上角微信登录按扭的插件登录链接地址，如:misc.php?mod=mobile]]></item>
				<item id="variable"><![CDATA[pc_hd_mobile]]></item>
				<item id="type"><![CDATA[text]]></item>
				<item id="value"><![CDATA[#]]></item>
				<item id="extra"><![CDATA[]]></item>
			</item>
			<item id="50">
				<item id="displayorder"><![CDATA[65]]></item>
				<item id="title"><![CDATA[通用底部的5种备案信息]]></item>
				<item id="description"><![CDATA[选择”是“通用底部的5种备案信息，选择“否”则隐藏该模块]]></item>
				<item id="variable"><![CDATA[ren_ft_baxx]]></item>
				<item id="type"><![CDATA[radio]]></item>
				<item id="value"><![CDATA[1]]></item>
				<item id="extra"><![CDATA[]]></item>
			</item>
			<item id="51">
				<item id="displayorder"><![CDATA[66]]></item>
				<item id="title"><![CDATA[文章频道的相关分类]]></item>
				<item id="description"><![CDATA[文章频道列表页的右侧相关分类是使用自动调用分类还是手动修改，如选手动修改请在list_rtj_zixun.htm进行修改]]></item>
				<item id="variable"><![CDATA[ren_portal_listnav]]></item>
				<item id="type"><![CDATA[select]]></item>
				<item id="value"><![CDATA[1]]></item>
				<item id="extra"><![CDATA[1 = 自动调用
2 = 手动调用]]></item>
			</item>
			<item id="52">
				<item id="displayorder"><![CDATA[67]]></item>
				<item id="title"><![CDATA[文章内容页相关分类]]></item>
				<item id="description"><![CDATA[文章内容页的右侧相关分类是使用自动调用分类还是手动修改，如选手动修改请在view_rtj_zixun进行修改]]></item>
				<item id="variable"><![CDATA[ren_portal_viewnav]]></item>
				<item id="type"><![CDATA[select]]></item>
				<item id="value"><![CDATA[1]]></item>
				<item id="extra"><![CDATA[1 = 自动调用
2 = 手动调用]]></item>
			</item>
			<item id="53">
				<item id="displayorder"><![CDATA[68]]></item>
				<item id="title"><![CDATA[是否开启的视频解析]]></item>
				<item id="description"><![CDATA[是否开启模板自带的的视频解析，如果您有使用其它视频解析，如有与我们自带的视频解析起冲突，请根需需求关掉其中一个]]></item>
				<item id="variable"><![CDATA[pc_video_radio]]></item>
				<item id="type"><![CDATA[radio]]></item>
				<item id="value"><![CDATA[1]]></item>
				<item id="extra"><![CDATA[]]></item>
			</item>
			<item id="54">
				<item id="displayorder"><![CDATA[69]]></item>
				<item id="title"><![CDATA[视频宽度]]></item>
				<item id="description"><![CDATA[默认的0为100%宽，可根据您需求设置]]></item>
				<item id="variable"><![CDATA[pc_vedio_width]]></item>
				<item id="type"><![CDATA[number]]></item>
				<item id="value"><![CDATA[550]]></item>
				<item id="extra"><![CDATA[]]></item>
			</item>
			<item id="55">
				<item id="displayorder"><![CDATA[70]]></item>
				<item id="title"><![CDATA[视频高度]]></item>
				<item id="description"><![CDATA[视频的高度，可根据您需求设置]]></item>
				<item id="variable"><![CDATA[pc_vedio_height]]></item>
				<item id="type"><![CDATA[number]]></item>
				<item id="value"><![CDATA[400]]></item>
				<item id="extra"><![CDATA[]]></item>
			</item>
			<item id="56">
				<item id="displayorder"><![CDATA[71]]></item>
				<item id="title"><![CDATA[网安备案代码]]></item>
				<item id="description"><![CDATA[代码的格式如不懂可联系我们]]></item>
				<item id="variable"><![CDATA[pc_beian]]></item>
				<item id="type"><![CDATA[textarea]]></item>
				<item id="value"><![CDATA[]]></item>
				<item id="extra"><![CDATA[]]></item>
			</item>
			<item id="57">
				<item id="displayorder"><![CDATA[72]]></item>
				<item id="title"><![CDATA[自定义代码]]></item>
				<item id="description"><![CDATA[在底部文件插入该项设置的代码，（例如插件统计代码、CSS等自定义的）请规范填写要插入的代码，以防影响全局造成严重问题。]]></item>
				<item id="variable"><![CDATA[ren_pc_html]]></item>
				<item id="type"><![CDATA[textarea]]></item>
				<item id="value"><![CDATA[]]></item>
				<item id="extra"><![CDATA[]]></item>
			</item>
		</item>
		<item id="language">
			<item id="scriptlang">
				<item id="rtj1009_001"><![CDATA[版块列表样式设置管理]]></item>
				<item id="rtj1009_002"><![CDATA[操作]]></item>
				<item id="rtj1009_003"><![CDATA[板块名称]]></item>
				<item id="rtj1009_004"><![CDATA[默认样式]]></item>
				<item id="rtj1009_005"><![CDATA[多图样式]]></item>
				<item id="rtj1009_006"><![CDATA[无图样式二]]></item>
				<item id="rtj1009_007"><![CDATA[多图样式二]]></item>
				<item id="rtj1009_008"><![CDATA[修改]]></item>
				<item id="rtj1009_009"><![CDATA[门户样式设置]]></item>
				<item id="rtj1009_010"><![CDATA[论坛样式设置]]></item>
				<item id="rtj1009_011"><![CDATA[全部重置]]></item>
				<item id="rtj1009_012"><![CDATA[全选]]></item>
				<item id="rtj1009_013"><![CDATA[提交]]></item>
				<item id="rtj1009_014"><![CDATA[当前板块名称：]]></item>
				<item id="rtj1009_015"><![CDATA[样式选择：]]></item>
				<item id="rtj1009_016"><![CDATA[重置成功！]]></item>
				<item id="rtj1009_017"><![CDATA[你尚未选择数据]]></item>
				<item id="rtj1009_018"><![CDATA[系统风格]]></item>
				<item id="rtj1009_019"><![CDATA[版块ID]]></item>
				<item id="rtj1009_020"><![CDATA[没有授权，请于disucz应用中心购买正版应用]]></item>
				<item id="rtj1009_021"><![CDATA[单图样式]]></item>
				<item id="rtj1009_022"><![CDATA[新闻样式]]></item>
				<item id="rtj1009_0001"><![CDATA[幻灯片一]]></item>
				<item id="rtj1009_0002"><![CDATA[幻灯片二]]></item>
				<item id="rtj1009_0003"><![CDATA[幻灯片三]]></item>
				<item id="rtj1009_0004"><![CDATA[幻灯片四]]></item>
				<item id="rtj1009_0005"><![CDATA[幻灯片五]]></item>
				<item id="rtj1009_0006"><![CDATA[这是幻灯片一的简介]]></item>
				<item id="rtj1009_0007"><![CDATA[这是幻灯片二的简介]]></item>
				<item id="rtj1009_0008"><![CDATA[这是幻灯片三的简介]]></item>
				<item id="rtj1009_0009"><![CDATA[这是幻灯片四的简介]]></item>
				<item id="rtj1009_0010"><![CDATA[这是幻灯片五的简介]]></item>
				<item id="rtj1009_0011"><![CDATA[查看演示]]></item>
				<item id="rtj1009_0012"><![CDATA[购买模板]]></item>
				<item id="rtj1009_0013"><![CDATA[是否启用]]></item>
				<item id="rtj1009_0014"><![CDATA[名称]]></item>
				<item id="rtj1009_0015"><![CDATA[链接]]></item>
				<item id="rtj1009_0016"><![CDATA[操作]]></item>
				<item id="rtj1009_0017"><![CDATA[幻灯片列表]]></item>
				<item id="rtj1009_0018"><![CDATA[编辑]]></item>
				<item id="rtj1009_0019"><![CDATA[幻灯片详情设置]]></item>
				<item id="rtj1009_0020"><![CDATA[不使用幻灯片标题]]></item>
				<item id="rtj1009_0021"><![CDATA[我们的业务范围的详情设置]]></item>
				<item id="rtj1009_0022"><![CDATA[标题]]></item>
				<item id="rtj1009_0023"><![CDATA[图标地址]]></item>
				<item id="rtj1009_0024"><![CDATA[简介说明]]></item>
				<item id="rtj1009_0025"><![CDATA[数字验证了我们的可靠性的详情设置]]></item>
				<item id="rtj1009_0026"><![CDATA[数字一]]></item>
				<item id="rtj1009_0027"><![CDATA[数字一简介]]></item>
				<item id="rtj1009_0028"><![CDATA[数字二]]></item>
				<item id="rtj1009_0029"><![CDATA[数字二简介]]></item>
				<item id="rtj1009_0030"><![CDATA[数字三]]></item>
				<item id="rtj1009_0031"><![CDATA[数字三简介]]></item>
				<item id="rtj1009_0032"><![CDATA[一站式建站的优势的详情设置]]></item>
				<item id="rtj1009_0033"><![CDATA[简介上排]]></item>
				<item id="rtj1009_0034"><![CDATA[简介下排]]></item>
				<item id="rtj1009_0035"><![CDATA[模板精选的菜单一]]></item>
				<item id="rtj1009_0036"><![CDATA[模板精选的菜单二]]></item>
				<item id="rtj1009_0037"><![CDATA[模板精选的菜单三]]></item>
				<item id="rtj1009_0038"><![CDATA[模板精选的菜单四]]></item>
				<item id="rtj1009_0039"><![CDATA[模板精选的菜单五]]></item>
				<item id="rtj1009_0040"><![CDATA[菜单名称]]></item>
				<item id="rtj1009_0041"><![CDATA[图片地址]]></item>
				<item id="rtj1009_0042"><![CDATA[链接地址]]></item>
				<item id="rtj1009_0043"><![CDATA[精选案例的详情设置]]></item>
				<item id="rtj1009_0044"><![CDATA[主标题]]></item>
				<item id="rtj1009_0045"><![CDATA[副标题]]></item>
				<item id="rtj1009_0046"><![CDATA[按扭名称]]></item>
				<item id="rtj1009_0047"><![CDATA[简介]]></item>
				<item id="rtj1009_0048"><![CDATA[合作伙伴的详情设置]]></item>
				<item id="rtj1009_0049"><![CDATA[企业LOGO]]></item>
				<item id="rtj1009_0050"><![CDATA[左按扭名称]]></item>
				<item id="rtj1009_0051"><![CDATA[左按扭链接]]></item>
				<item id="rtj1009_0052"><![CDATA[右按扭名称]]></item>
				<item id="rtj1009_0053"><![CDATA[右按扭链接]]></item>
				<item id="rtj1009_0054"><![CDATA[右按扭链接]]></item>
				<item id="rtj1009_0055"><![CDATA[城事杂谈]]></item>
				<item id="rtj1009_0056"><![CDATA[情感天空]]></item>
				<item id="rtj1009_0057"><![CDATA[房产楼市]]></item>
				<item id="rtj1009_0058"><![CDATA[家居装修]]></item>
				<item id="rtj1009_0059"><![CDATA[吃喝玩乐]]></item>
				<item id="rtj1009_0060"><![CDATA[户外旅游]]></item>
				<item id="rtj1009_0061"><![CDATA[亲子教育]]></item>
				<item id="rtj1009_0062"><![CDATA[相亲交友]]></item>
				<item id="rtj1009_0063"><![CDATA[求职招聘]]></item>
				<item id="rtj1009_0064"><![CDATA[生活服务]]></item>
				<item id="rtj1009_0065"><![CDATA[首页]]></item>
				<item id="rtj1009_0066"><![CDATA[自定义]]></item>
				<item id="rtj1009_0110"><![CDATA[幻灯片列表的设置说明]]></item>
				<item id="rtj1009_0111"><![CDATA[
                    <li>需要修改幻灯片信息的请点右边的编辑进入编辑页面</li>
                    <li>如不想显示幻灯片的主标题、简介、按扭这些文字信息的可不填写，即：相应的内容中留空，只填图片地址和链接就可以了</li>
                    ]]></item>
				<item id="rtj1009_0112"><![CDATA[我们的业务范围的设置说明]]></item>
				<item id="rtj1009_0113"><![CDATA[
                    <li>这一模块的标题"我们的业务范围"以及这整个模块是否启用，在插件的设置中修改</li>
                    <li>图标的大小为72 X 72像素，如需修改可直接命名同样并上传致相同路径覆盖，或填写相应的图片链接地址</li>
                    ]]></item>
				<item id="rtj1009_0114"><![CDATA[数字验证了我们的可靠的设置说明]]></item>
				<item id="rtj1009_0115"><![CDATA[
                    <li>这一模块的标题"数字验证了我们的可靠的设置说明"以及这整个模块是否启用、模块的简介，在插件的设置中修改</li>
                    <li>模块的背景图片路径为template/rtj1009_009/image/banner-2019.jpg，如需修改，请命名为banner-2019.jpg再上传至相应路径覆盖</li>
                    ]]></item>
				<item id="rtj1009_0116"><![CDATA[一站式建站的优势的设置说明]]></item>
				<item id="rtj1009_0117"><![CDATA[
                    <li>这一模块的标题"一站式建站的优势"以及这整个模块是否启用、模块的按扭"查看建站套餐"，在插件的设置中修改</li>
                    <li>图标的大小为72 X 72像素，如需修改可直接命名同样并上传致相同路径覆盖，或填写相应的图片链接地址</li>
                    <li>简介分为上排和下排，为美观，上排字数少些，如需修改请参考现有样式进行修改</li>
                    ]]></item>
				<item id="rtj1009_0118"><![CDATA[模板精选的设置说明]]></item>
				<item id="rtj1009_0119"><![CDATA[
                    <li>这一模块的标题"模板精选"以及这整个模块是否启用、模块的简介，在插件的设置中修改</li>
                    <li>图片的大小最小不低于400 X 400像素，如需修改可直接命名同样并上传致相同路径覆盖，或填写相应的图片链接地址</li>
                    <li>第一个选项的菜单必需是启用，后面4个可以选择不启用</li>
                    ]]></item>
				<item id="rtj1009_0120"><![CDATA[精选案例的设置说明]]></item>
				<item id="rtj1009_0121"><![CDATA[
                    <li>这一模块的标题"精选案例"以及这整个模块是否启用，在插件的设置中修改</li>
                    <li>图片的大小最小不低于500 X 320像素，如需修改可直接命名同样并上传致相同路径覆盖，或填写相应的图片链接地址</li>
                    <li>模块的背景图片路径为template/rtj1009_009/image/wuban-bg.jpg，如需修改，请命名为wuban-bg.jpg再上传至相应路径覆盖</li>
                    <li>建议最低启用3个，以免显示不出效果</li>
                    ]]></item>
				<item id="rtj1009_0122"><![CDATA[合作伙伴的设置说明]]></item>
				<item id="rtj1009_0123"><![CDATA[
                    <li>这一模块的标题"合作伙伴"以及这整个模块是否启用，在插件的设置中修改</li>
                    <li>LOGO的标准大小是168 X 70像素，如需修改可直接命名同样并上传致相同路径覆盖，或填写相应的图片链接地址</li>
                    <li>LOGO只显示一张图片，没有链接，并且链接使用了nofollow标签，避免搜索引擎追踪</li>
                    ]]></item>
				<item id="rtj1009_0124"><![CDATA[门户左侧栏导航菜单设置说明]]></item>
				<item id="rtj1009_0125"><![CDATA[
                    <li>建议不要超过10个，最佳效果为8~9个</li>
                    <li>图标的大小为28 X 28像素，如需修改可直接命名同样并上传致相同路径覆盖，或填写相应的图片链接地址</li>
                    ]]></item>
				<item id="rtj1009_0300"><![CDATA[网站模板]]></item>
				<item id="rtj1009_0301"><![CDATA[采用前沿的HTML5+CSS3+响应式网站技术，高端、低价、快速的模板建站]]></item>
				<item id="rtj1009_0302"><![CDATA[建站服务]]></item>
				<item id="rtj1009_0303"><![CDATA[一站式建站服务，涵盖域名、主机、备案、SEO优化等服务套餐，助您极速即成]]></item>
				<item id="rtj1009_0304"><![CDATA[定制开发]]></item>
				<item id="rtj1009_0305"><![CDATA[我们将用专业、高端的平面设计与网络技术，为您定制开发真正属于您的网站]]></item>
				<item id="rtj1009_0306"><![CDATA[套精品模板]]></item>
				<item id="rtj1009_0307"><![CDATA[家客户选择]]></item>
				<item id="rtj1009_0308"><![CDATA[省心]]></item>
				<item id="rtj1009_0309"><![CDATA[全天候的技术支持]]></item>
				<item id="rtj1009_0310"><![CDATA[一对一服务，注重客户提出的每个要求]]></item>
				<item id="rtj1009_0311"><![CDATA[省钱]]></item>
				<item id="rtj1009_0312"><![CDATA[多种建站套餐供您选择]]></item>
				<item id="rtj1009_0313"><![CDATA[您可自由选择所需的套餐与增值服务]]></item>
				<item id="rtj1009_0314"><![CDATA[省事]]></item>
				<item id="rtj1009_0315"><![CDATA[您的需求我们一手包办]]></item>
				<item id="rtj1009_0316"><![CDATA[有什么需求、有哪些修改，您说我们做]]></item>
				<item id="rtj1009_0317"><![CDATA[省时]]></item>
				<item id="rtj1009_0318"><![CDATA[专业的团队为您保驾]]></item>
				<item id="rtj1009_0319"><![CDATA[建站领域我们是专家，高效是对您的保障]]></item>
				<item id="rtj1009_0320"><![CDATA[项个性定制]]></item>
				<item id="rtj1009_0321"><![CDATA[自定义名称]]></item>
				<item id="rtj1009_0322"><![CDATA[企业模板]]></item>
				<item id="rtj1009_0323"><![CDATA[地方论坛]]></item>
				<item id="rtj1009_0324"><![CDATA[小程序]]></item>
				<item id="rtj1009_0325"><![CDATA[手机APP]]></item>
				<item id="rtj1009_0326"><![CDATA[门户模板]]></item>
				<item id="rtj1009_0327"><![CDATA[案例名称]]></item>
				<item id="rtj1009_0328"><![CDATA[以效益为中心，以质量为中心]]></item>
				<item id="rtj1009_0329"><![CDATA[查看案例]]></item>
				<item id="rtj1009_0330"><![CDATA[查看案例]]></item>
				<item id="rtj1009_0101"><![CDATA[菜单名称]]></item>
				<item id="rtj1009_0102"><![CDATA[菜单图标]]></item>
				<item id="rtj1009_0103"><![CDATA[菜单链接]]></item>
				<item id="rtj1009_0154"><![CDATA[排序]]></item>
				<item id="rtj1009_0155"><![CDATA[图标]]></item>
				<item id="rtj1009_0156"><![CDATA[选中后的图标]]></item>
				<item id="rtj1009_0157"><![CDATA[标题]]></item>
				<item id="rtj1009_0158"><![CDATA[链接]]></item>
				<item id="rtj1009_0159"><![CDATA[类型]]></item>
				<item id="rtj1009_0160"><![CDATA[是否启用]]></item>
				<item id="rtj1009_0161"><![CDATA[图标颜色]]></item>
				<item id="rtj1009_0162"><![CDATA[底部导航菜单设置说明]]></item>
				<item id="rtj1009_0163"><![CDATA[
                    <li>该设置只限已购买有我们	仁天际-企业手机版 下生效，该手机版地址：https://dism.taobao.com/?@rtj1009_011.template</li>
                    <li>底部导航最多只可使用5个，如想减少只需设置某个不启用即可</li>
                    <li>如需修改图标代码的可联系客服QQ：119721671获取图标代码文件</li>
                    ]]></item>
				<item id="rtj1009_0164"><![CDATA[侧栏导航菜单设置说明]]></item>
				<item id="rtj1009_0165"><![CDATA[
                    <li>该设置只限已购买有我们	仁天际-企业手机版 下生效，该手机版地址：https://dism.taobao.com/?@rtj1009_011.template</li>
                    <li>由于自定义增加的功能还未上线，现预留两个自定义位置，如现显示的菜单不满足你的需求，您可设置预留菜单并启用</li>
                    <li>侧栏导航的图标是否显示，可在管理插件-设置-里选择是否要显示</li>
                    <li>如需修改图标代码的可联系客服QQ：119721671获取图标代码文件</li>
                    ]]></item>
				<item id="rtj1009_0166"><![CDATA[菜单详情设置]]></item>
				<item id="rtj1009_0167"><![CDATA[预留自定义]]></item>
				<item id="rtj1009_0168"><![CDATA[默认]]></item>
				<item id="rtj1009_0169"><![CDATA[频道ID]]></item>
				<item id="rtj1009_0170"><![CDATA[频道名称]]></item>
				<item id="rtj1009_0171"><![CDATA[频道选择样式风格]]></item>
				<item id="rtj1009_0172"><![CDATA[手机版门户频道选择样式风格]]></item>
				<item id="rtj1009_0173"><![CDATA[
                    <li>该设置只限已购买有我们	仁天际-企业手机版 下生效，该手机版地址：https://dism.taobao.com/?@rtj1009_011.template</li>
                    <li>手机版的门户频道选择哪种样式，默认为文章列表，可修改为案例、服务、关于我们，以对应PC端的风格</li>
                    ]]></item>
				<item id="rtj1009_0174"><![CDATA[客户案例]]></item>
				<item id="rtj1009_0175"><![CDATA[服务]]></item>
				<item id="rtj1009_0176"><![CDATA[关于我们]]></item>
				<item id="rtj1009_0177"><![CDATA[设置首页左侧版块导航的分区图标]]></item>
				<item id="rtj1009_0178"><![CDATA[分区gid]]></item>
				<item id="rtj1009_0179"><![CDATA[分区名称]]></item>
				<item id="rtj1009_0180"><![CDATA[分区图标]]></item>
				<item id="cr_cg"><![CDATA[设置成功！]]></item>
				<item id="gx_cg"><![CDATA[更新成功！]]></item>
			</item>
		</item>
		<item id="installfile"><![CDATA[install.php]]></item>
		<item id="uninstallfile"><![CDATA[uninstall.php]]></item>
	</item>
</root>