<?xml version="1.0" encoding="ISO-8859-1"?>
<root>
	<item id="Title"><![CDATA[Discuz! Plugin]]></item>
	<item id="version"><![CDATA[X3,X3.1,X3.2,X3.3,X3.4,X3.5,F1.0]]></item>
	<item id="Time"><![CDATA[2021-08-27 12:00]]></item>
	<item id="From"><![CDATA[DisM!应用中心 (https://dism.taobao.com/)]]></item>
	<item id="Data">
		<item id="plugin">
			<item id="available"><![CDATA[1]]></item>
			<item id="adminid"><![CDATA[1]]></item>
			<item id="name"><![CDATA[仁天际-手机版管理]]></item>
			<item id="identifier"><![CDATA[rtj1009_mobilecp]]></item>
			<item id="description"><![CDATA[本插件为仁天际网络-百搭手机版手机模板的配套插件，主要为我们开发的手机模板提供强大、多功能的后台设置。]]></item>
			<item id="datatables"><![CDATA[]]></item>
			<item id="directory"><![CDATA[rtj1009_mobilecp/]]></item>
			<item id="copyright"><![CDATA[DisM!应用中心(dism.taobao.com)]]></item>
			<item id="version"><![CDATA[5.7]]></item>
			<item id="__modules">
				<item id="0">
					<item id="name"><![CDATA[rtj1009_mobilecp]]></item>
					<item id="param"><![CDATA[]]></item>
					<item id="menu"><![CDATA[]]></item>
					<item id="url"><![CDATA[]]></item>
					<item id="type"><![CDATA[28]]></item>
					<item id="adminid"><![CDATA[0]]></item>
					<item id="displayorder"><![CDATA[1]]></item>
					<item id="navtitle"><![CDATA[]]></item>
					<item id="navicon"><![CDATA[]]></item>
					<item id="navsubname"><![CDATA[]]></item>
					<item id="navsuburl"><![CDATA[]]></item>
				</item>
				<item id="1">
					<item id="name"><![CDATA[rtj1009_m_block]]></item>
					<item id="param"><![CDATA[]]></item>
					<item id="menu"><![CDATA[DIY模块]]></item>
					<item id="url"><![CDATA[]]></item>
					<item id="type"><![CDATA[3]]></item>
					<item id="adminid"><![CDATA[0]]></item>
					<item id="displayorder"><![CDATA[2]]></item>
					<item id="navtitle"><![CDATA[]]></item>
					<item id="navicon"><![CDATA[]]></item>
					<item id="navsubname"><![CDATA[]]></item>
					<item id="navsuburl"><![CDATA[]]></item>
				</item>
				<item id="2">
					<item id="name"><![CDATA[rtj1009_m_menu]]></item>
					<item id="param"><![CDATA[]]></item>
					<item id="menu"><![CDATA[导航菜单管理]]></item>
					<item id="url"><![CDATA[]]></item>
					<item id="type"><![CDATA[3]]></item>
					<item id="adminid"><![CDATA[0]]></item>
					<item id="displayorder"><![CDATA[3]]></item>
					<item id="navtitle"><![CDATA[]]></item>
					<item id="navicon"><![CDATA[]]></item>
					<item id="navsubname"><![CDATA[]]></item>
					<item id="navsuburl"><![CDATA[]]></item>
				</item>
				<item id="3">
					<item id="name"><![CDATA[rtj1009_m_forumdisplay]]></item>
					<item id="param"><![CDATA[]]></item>
					<item id="menu"><![CDATA[帖子列表样式]]></item>
					<item id="url"><![CDATA[]]></item>
					<item id="type"><![CDATA[3]]></item>
					<item id="adminid"><![CDATA[0]]></item>
					<item id="displayorder"><![CDATA[4]]></item>
					<item id="navtitle"><![CDATA[]]></item>
					<item id="navicon"><![CDATA[]]></item>
					<item id="navsubname"><![CDATA[]]></item>
					<item id="navsuburl"><![CDATA[]]></item>
				</item>
				<item id="4">
					<item id="name"><![CDATA[rtj1009_m_groupstyle]]></item>
					<item id="param"><![CDATA[]]></item>
					<item id="menu"><![CDATA[群组列表样式]]></item>
					<item id="url"><![CDATA[]]></item>
					<item id="type"><![CDATA[3]]></item>
					<item id="adminid"><![CDATA[0]]></item>
					<item id="displayorder"><![CDATA[5]]></item>
					<item id="navtitle"><![CDATA[]]></item>
					<item id="navicon"><![CDATA[]]></item>
					<item id="navsubname"><![CDATA[]]></item>
					<item id="navsuburl"><![CDATA[]]></item>
				</item>
				<item id="5">
					<item id="name"><![CDATA[rtj1009_portalcategory]]></item>
					<item id="param"><![CDATA[]]></item>
					<item id="menu"><![CDATA[频道单页DIY管理]]></item>
					<item id="url"><![CDATA[]]></item>
					<item id="type"><![CDATA[3]]></item>
					<item id="adminid"><![CDATA[0]]></item>
					<item id="displayorder"><![CDATA[6]]></item>
					<item id="navtitle"><![CDATA[]]></item>
					<item id="navicon"><![CDATA[]]></item>
					<item id="navsubname"><![CDATA[]]></item>
					<item id="navsuburl"><![CDATA[]]></item>
				</item>
				<item id="6">
					<item id="name"><![CDATA[morefunction]]></item>
					<item id="param"><![CDATA[]]></item>
					<item id="menu"><![CDATA[<style>@keyframes rans {from{backgroud-position: 0 0;}to{background-position: 2000px 0;}}</style> <font style="background: -webkit-linear-gradient(18deg, #3300CC, #660099, #990066, #CC0033, #FF9999, #FF4400, #3300CC); 	background: -moz-linear-gradient(18deg, #3300CC, #660099, #990066, #CC0033, #FF9999, #FF4400, #3300CC); 	background: -ms-linear-gradient(18deg, #3300CC, #660099, #990066, #CC0033, #FF9999, #FF4400, #3300CC);animation: rans 18s linear infinite;-webkit-background-clip: text;color: transparent;">获取更多DisM!插件</font>]]></item>
					<item id="url"><![CDATA[]]></item>
					<item id="type"><![CDATA[3]]></item>
					<item id="adminid"><![CDATA[0]]></item>
					<item id="displayorder"><![CDATA[7]]></item>
					<item id="navtitle"><![CDATA[]]></item>
					<item id="navicon"><![CDATA[]]></item>
					<item id="navsubname"><![CDATA[]]></item>
					<item id="navsuburl"><![CDATA[]]></item>
				</item>
			</item>
		</item>
		<item id="version"><![CDATA[X3,X3.1,X3.2,X3.3,X3.4,X3.5,F1.0]]></item>
		<item id="var">
			<item id="0">
				<item id="displayorder"><![CDATA[1]]></item>
				<item id="title"><![CDATA[侧栏导航样式选择]]></item>
				<item id="description"><![CDATA[选择侧栏导航使用哪种样式]]></item>
				<item id="variable"><![CDATA[ren_m_sidebar]]></item>
				<item id="type"><![CDATA[select]]></item>
				<item id="value"><![CDATA[1]]></item>
				<item id="extra"><![CDATA[1 = 默认样式
2 = 双栏样式]]></item>
			</item>
			<item id="1">
				<item id="displayorder"><![CDATA[2]]></item>
				<item id="title"><![CDATA[侧栏导航方向]]></item>
				<item id="description"><![CDATA[默认为从左滑出，如果设置为从右滑出，可以击按扭滑出，但滑动屏幕时不能滑出导航]]></item>
				<item id="variable"><![CDATA[ren_m_sidebarfx]]></item>
				<item id="type"><![CDATA[select]]></item>
				<item id="value"><![CDATA[1]]></item>
				<item id="extra"><![CDATA[1 = 从左滑出
2 = 从右滑出]]></item>
			</item>
			<item id="2">
				<item id="displayorder"><![CDATA[4]]></item>
				<item id="title"><![CDATA[幻灯片样式]]></item>
				<item id="description"><![CDATA[设置幻灯片样式，共有5种样式，建议建好幻灯片后自已设置并查看下各种效果]]></item>
				<item id="variable"><![CDATA[ren_m_slide]]></item>
				<item id="type"><![CDATA[select]]></item>
				<item id="value"><![CDATA[2]]></item>
				<item id="extra"><![CDATA[1 = 第一种样式
2 = 第二种样式
3 = 第三种样式
4 = 第四种样式
5 = 第五种样式]]></item>
			</item>
			<item id="3">
				<item id="displayorder"><![CDATA[5]]></item>
				<item id="title"><![CDATA[门户顶部导航LOGO处显示]]></item>
				<item id="description"><![CDATA[门户首页顶部导航中间是显示LOGO还是“首页”或“门户”或“网站名称”]]></item>
				<item id="variable"><![CDATA[ren_m_portal_logo]]></item>
				<item id="type"><![CDATA[select]]></item>
				<item id="value"><![CDATA[1]]></item>
				<item id="extra"><![CDATA[1 = 显示LOGO
2 = 显示“首页”两字
3 = 显示“门户”两字
4 = 显示“网站名称”两字]]></item>
			</item>
			<item id="4">
				<item id="displayorder"><![CDATA[6]]></item>
				<item id="title"><![CDATA[底部主导航发布按扭样式]]></item>
				<item id="description"><![CDATA[选择底部主导航的发布按扭使用哪种样式]]></item>
				<item id="variable"><![CDATA[ren_footer_barfb]]></item>
				<item id="type"><![CDATA[select]]></item>
				<item id="value"><![CDATA[2]]></item>
				<item id="extra"><![CDATA[1 = 普通样式
2 = 圆形突起按扭]]></item>
			</item>
			<item id="5">
				<item id="displayorder"><![CDATA[7]]></item>
				<item id="title"><![CDATA[底部主导航发布页面样式]]></item>
				<item id="description"><![CDATA[选择底部主导航发布页面使用哪种样式]]></item>
				<item id="variable"><![CDATA[ren_footer_styles]]></item>
				<item id="type"><![CDATA[select]]></item>
				<item id="value"><![CDATA[2]]></item>
				<item id="extra"><![CDATA[1 = 发帖页面
2 = 聚合发布入口页面]]></item>
			</item>
			<item id="6">
				<item id="displayorder"><![CDATA[19]]></item>
				<item id="title"><![CDATA[门户是否启用无限下拉列表]]></item>
				<item id="description"><![CDATA[门户的无限下拉列表可设置调用自定义设置指定版块的最新帖]]></item>
				<item id="variable"><![CDATA[ren_m_portal_list]]></item>
				<item id="type"><![CDATA[radio]]></item>
				<item id="value"><![CDATA[1]]></item>
				<item id="extra"><![CDATA[]]></item>
			</item>
			<item id="7">
				<item id="displayorder"><![CDATA[20]]></item>
				<item id="title"><![CDATA[门户无限下拉列表显示样式]]></item>
				<item id="description"><![CDATA[共有5种样式，请参考帖子列表的5种样式，自已根据需求设置]]></item>
				<item id="variable"><![CDATA[ren_m_portal_style]]></item>
				<item id="type"><![CDATA[select]]></item>
				<item id="value"><![CDATA[1]]></item>
				<item id="extra"><![CDATA[1 = 部落样式
2 = 新闻样式
3 = 微博样式
4 = 朋友圈样式
5 = 精选样式]]></item>
			</item>
			<item id="8">
				<item id="displayorder"><![CDATA[21]]></item>
				<item id="title"><![CDATA[门户无限下拉列表显示关注]]></item>
				<item id="description"><![CDATA[门户无限下拉列表是否显示关注作者，如选否，关注的位置显示版块名称，该设置只在部落样式、微博样式、朋友圈样式中有效]]></item>
				<item id="variable"><![CDATA[ren_m_portal_listfw]]></item>
				<item id="type"><![CDATA[radio]]></item>
				<item id="value"><![CDATA[0]]></item>
				<item id="extra"><![CDATA[]]></item>
			</item>
			<item id="9">
				<item id="displayorder"><![CDATA[22]]></item>
				<item id="title"><![CDATA[门户无限下拉列表每次显示 ...]]></item>
				<item id="description"><![CDATA[门户无限下拉列表每次显示条数，建议每次自动加载10条]]></item>
				<item id="variable"><![CDATA[ren_m_portal_page]]></item>
				<item id="type"><![CDATA[number]]></item>
				<item id="value"><![CDATA[10]]></item>
				<item id="extra"><![CDATA[]]></item>
			</item>
			<item id="10">
				<item id="displayorder"><![CDATA[23]]></item>
				<item id="title"><![CDATA[门户无限下拉列表帖子排序]]></item>
				<item id="description"><![CDATA[门户无限下拉列表帖子排序使用哪种方式]]></item>
				<item id="variable"><![CDATA[ren_m_portal_order]]></item>
				<item id="type"><![CDATA[select]]></item>
				<item id="value"><![CDATA[1]]></item>
				<item id="extra"><![CDATA[1 = 按最新发帖时间
2 = 按帖子最新回复
3 = 按最多人浏览
4 = 按最多人回复]]></item>
			</item>
			<item id="11">
				<item id="displayorder"><![CDATA[24]]></item>
				<item id="title"><![CDATA[列表最大加载帖子数量]]></item>
				<item id="description"><![CDATA[门户无限下拉列表总加载条数，建议1000条，该设置与每次显示条数结合计算分页总数，例设置1000除以10等于100分页数，则最多加载100页]]></item>
				<item id="variable"><![CDATA[ren_portal_maxpagenum]]></item>
				<item id="type"><![CDATA[text]]></item>
				<item id="value"><![CDATA[1000]]></item>
				<item id="extra"><![CDATA[]]></item>
			</item>
			<item id="12">
				<item id="displayorder"><![CDATA[25]]></item>
				<item id="title"><![CDATA[门户无限下拉列表选择版块  ...]]></item>
				<item id="description"><![CDATA[门户无限下拉列表自动调用哪一些版块的最新帖，请注意选择了版块可不要还选着空]]></item>
				<item id="variable"><![CDATA[ren_m_portal_forums]]></item>
				<item id="type"><![CDATA[forums]]></item>
				<item id="extra"><![CDATA[]]></item>
				<item id="__value">
					<item id="0"><![CDATA[48]]></item>
					<item id="1"><![CDATA[49]]></item>
					<item id="2"><![CDATA[50]]></item>
					<item id="3"><![CDATA[51]]></item>
					<item id="4"><![CDATA[52]]></item>
					<item id="5"><![CDATA[53]]></item>
					<item id="6"><![CDATA[54]]></item>
					<item id="7"><![CDATA[55]]></item>
					<item id="8"><![CDATA[56]]></item>
					<item id="9"><![CDATA[57]]></item>
					<item id="10"><![CDATA[58]]></item>
					<item id="11"><![CDATA[59]]></item>
					<item id="12"><![CDATA[60]]></item>
					<item id="13"><![CDATA[61]]></item>
					<item id="14"><![CDATA[62]]></item>
					<item id="15"><![CDATA[63]]></item>
					<item id="16"><![CDATA[66]]></item>
					<item id="17"><![CDATA[67]]></item>
					<item id="18"><![CDATA[68]]></item>
					<item id="19"><![CDATA[69]]></item>
					<item id="20"><![CDATA[70]]></item>
					<item id="21"><![CDATA[71]]></item>
					<item id="22"><![CDATA[72]]></item>
					<item id="23"><![CDATA[73]]></item>
					<item id="24"><![CDATA[74]]></item>
					<item id="25"><![CDATA[64]]></item>
					<item id="26"><![CDATA[65]]></item>
					<item id="27"><![CDATA[75]]></item>
					<item id="28"><![CDATA[76]]></item>
					<item id="29"><![CDATA[77]]></item>
					<item id="30"><![CDATA[78]]></item>
					<item id="31"><![CDATA[79]]></item>
					<item id="32"><![CDATA[80]]></item>
					<item id="33"><![CDATA[81]]></item>
					<item id="34"><![CDATA[82]]></item>
					<item id="35"><![CDATA[42]]></item>
					<item id="36"><![CDATA[43]]></item>
					<item id="37"><![CDATA[83]]></item>
					<item id="38"><![CDATA[84]]></item>
					<item id="39"><![CDATA[85]]></item>
					<item id="40"><![CDATA[86]]></item>
					<item id="41"><![CDATA[87]]></item>
					<item id="42"><![CDATA[88]]></item>
					<item id="43"><![CDATA[45]]></item>
					<item id="44"><![CDATA[46]]></item>
				</item>
			</item>
			<item id="13">
				<item id="displayorder"><![CDATA[26]]></item>
				<item id="title"><![CDATA[门户无限加载列表分页方式]]></item>
				<item id="description"><![CDATA[门户无限加载列表是否启用自动无限滚动加载，如不启用，则是以普通的点击上、下一页进行翻页]]></item>
				<item id="variable"><![CDATA[ren_portal_page]]></item>
				<item id="type"><![CDATA[radio]]></item>
				<item id="value"><![CDATA[1]]></item>
				<item id="extra"><![CDATA[]]></item>
			</item>
			<item id="14">
				<item id="displayorder"><![CDATA[27]]></item>
				<item id="title"><![CDATA[门户无限加载用户组头衔]]></item>
				<item id="description"><![CDATA[门户无限加载列表中的作者等级名称后面是否显示作者用户组头衔]]></item>
				<item id="variable"><![CDATA[ren_portal_utitle]]></item>
				<item id="type"><![CDATA[radio]]></item>
				<item id="value"><![CDATA[0]]></item>
				<item id="extra"><![CDATA[]]></item>
			</item>
			<item id="15">
				<item id="displayorder"><![CDATA[28]]></item>
				<item id="title"><![CDATA[首页、社区顶部导航左右显 ...]]></item>
				<item id="description"><![CDATA[门户首页和论坛首页顶部导航左、右显示的按扭样式。]]></item>
				<item id="variable"><![CDATA[ren_m_portal_zy]]></item>
				<item id="type"><![CDATA[select]]></item>
				<item id="value"><![CDATA[4]]></item>
				<item id="extra"><![CDATA[1 = 左搜索，右默认侧滑导航按扭
2 = 左搜索，右头像+侧滑导航按扭
3 = 左默认侧滑导航按扭，右搜索
4 = 左头像+侧滑导航按扭，右搜索]]></item>
			</item>
			<item id="16">
				<item id="displayorder"><![CDATA[29]]></item>
				<item id="title"><![CDATA[论坛首页样式]]></item>
				<item id="description"><![CDATA[设置论坛首页样式，即版块列表的不同样式，共3种样式，在我们3个演示站中分别演示了]]></item>
				<item id="variable"><![CDATA[ren_m_forum]]></item>
				<item id="type"><![CDATA[select]]></item>
				<item id="value"><![CDATA[1]]></item>
				<item id="extra"><![CDATA[1 = 分屏样式
2 = 卡片样式
3 = 双屏样式
4 = 单排样式]]></item>
			</item>
			<item id="17">
				<item id="displayorder"><![CDATA[30]]></item>
				<item id="title"><![CDATA[论坛首页帖子数统计]]></item>
				<item id="description"><![CDATA[论坛首页今日新帖数帖子、总帖子数、会员数统计模块是否显示]]></item>
				<item id="variable"><![CDATA[ren_forum_shuju]]></item>
				<item id="type"><![CDATA[radio]]></item>
				<item id="value"><![CDATA[0]]></item>
				<item id="extra"><![CDATA[]]></item>
			</item>
			<item id="18">
				<item id="displayorder"><![CDATA[31]]></item>
				<item id="title"><![CDATA[推荐关注版块]]></item>
				<item id="description"><![CDATA[此设置仅在论坛版块样式中的分屏样式下有效，在论坛首页推荐关注中显示推荐关注的版块，请注意选择了版块可不要还选着空]]></item>
				<item id="variable"><![CDATA[ren_tj_forums]]></item>
				<item id="type"><![CDATA[forums]]></item>
				<item id="extra"><![CDATA[]]></item>
				<item id="__value">
					<item id="0"><![CDATA[48]]></item>
					<item id="1"><![CDATA[49]]></item>
					<item id="2"><![CDATA[50]]></item>
					<item id="3"><![CDATA[51]]></item>
					<item id="4"><![CDATA[52]]></item>
					<item id="5"><![CDATA[54]]></item>
					<item id="6"><![CDATA[56]]></item>
					<item id="7"><![CDATA[58]]></item>
				</item>
			</item>
			<item id="19">
				<item id="displayorder"><![CDATA[32]]></item>
				<item id="title"><![CDATA[版块信息样式]]></item>
				<item id="description"><![CDATA[此设置仅在论坛版块样式中的卡片样式与双屏样式下有效]]></item>
				<item id="variable"><![CDATA[ren_m_forum_xx]]></item>
				<item id="type"><![CDATA[select]]></item>
				<item id="value"><![CDATA[1]]></item>
				<item id="extra"><![CDATA[1 = 显示帖子数
2 = 不显示帖子数]]></item>
			</item>
			<item id="20">
				<item id="displayorder"><![CDATA[33]]></item>
				<item id="title"><![CDATA[版块图标样式]]></item>
				<item id="description"><![CDATA[此设置仅在论坛版块样式中的卡片样式与双屏样式下有效]]></item>
				<item id="variable"><![CDATA[ren_m_forum_ico]]></item>
				<item id="type"><![CDATA[select]]></item>
				<item id="value"><![CDATA[1]]></item>
				<item id="extra"><![CDATA[1 = 圆形图标
2 = 方形图标]]></item>
			</item>
			<item id="21">
				<item id="displayorder"><![CDATA[34]]></item>
				<item id="title"><![CDATA[版块图标显示今日新帖数]]></item>
				<item id="description"><![CDATA[版块图标是否显示当前版块的今日新帖数]]></item>
				<item id="variable"><![CDATA[ren_forum_num]]></item>
				<item id="type"><![CDATA[radio]]></item>
				<item id="value"><![CDATA[1]]></item>
				<item id="extra"><![CDATA[]]></item>
			</item>
			<item id="22">
				<item id="displayorder"><![CDATA[35]]></item>
				<item id="title"><![CDATA[帖子列表分页方式]]></item>
				<item id="description"><![CDATA[版块帖子列表是否启用无限滚动加载，如不启用，则是以普通的点击上、下一页进行翻页]]></item>
				<item id="variable"><![CDATA[ren_m_page]]></item>
				<item id="type"><![CDATA[radio]]></item>
				<item id="value"><![CDATA[1]]></item>
				<item id="extra"><![CDATA[]]></item>
			</item>
			<item id="23">
				<item id="displayorder"><![CDATA[36]]></item>
				<item id="title"><![CDATA[右侧显示悬浮导航按扭]]></item>
				<item id="description"><![CDATA[全局右侧是否显示悬浮的点击滑侧导航按扭]]></item>
				<item id="variable"><![CDATA[ren_m_scrolltop_bar]]></item>
				<item id="type"><![CDATA[radio]]></item>
				<item id="value"><![CDATA[1]]></item>
				<item id="extra"><![CDATA[]]></item>
			</item>
			<item id="24">
				<item id="displayorder"><![CDATA[37]]></item>
				<item id="title"><![CDATA[右侧显示悬浮发帖按扭]]></item>
				<item id="description"><![CDATA[全局右侧是否显示悬浮发帖按扭]]></item>
				<item id="variable"><![CDATA[ren_m_scrolltop_fb]]></item>
				<item id="type"><![CDATA[radio]]></item>
				<item id="value"><![CDATA[0]]></item>
				<item id="extra"><![CDATA[]]></item>
			</item>
			<item id="25">
				<item id="displayorder"><![CDATA[38]]></item>
				<item id="title"><![CDATA[右侧显示悬浮刷新按扭]]></item>
				<item id="description"><![CDATA[全局右侧是否显示悬浮刷新按扭]]></item>
				<item id="variable"><![CDATA[ren_m_scrolltop_sx]]></item>
				<item id="type"><![CDATA[radio]]></item>
				<item id="value"><![CDATA[1]]></item>
				<item id="extra"><![CDATA[]]></item>
			</item>
			<item id="26">
				<item id="displayorder"><![CDATA[39]]></item>
				<item id="title"><![CDATA[是否同步瀑布流设置]]></item>
				<item id="description"><![CDATA[是否同步PC端混布流（版块开启图片列表模式）设置，如选否，则版块列表按普通列表样式显示]]></item>
				<item id="variable"><![CDATA[ren_m_picstyle]]></item>
				<item id="type"><![CDATA[radio]]></item>
				<item id="value"><![CDATA[1]]></item>
				<item id="extra"><![CDATA[]]></item>
			</item>
			<item id="27">
				<item id="displayorder"><![CDATA[40]]></item>
				<item id="title"><![CDATA[帖子列表背景]]></item>
				<item id="description"><![CDATA[版块有上传的背景图（版块顶部图片）请在版块设置里操作，全局统一背景图路径为template/rtj1009_app/icon/forumdisplay-bg.jpg]]></item>
				<item id="variable"><![CDATA[ren_m_forum_bg]]></item>
				<item id="type"><![CDATA[select]]></item>
				<item id="value"><![CDATA[1]]></item>
				<item id="extra"><![CDATA[1 = 只显示版块有上传的背景，未上传的无背景
2 = 只显示全局固定一张背景
3 = 上传有的则显示上传的，未上传有的显示全局的
4 = 所有版块都不显示背]]></item>
			</item>
			<item id="28">
				<item id="displayorder"><![CDATA[41]]></item>
				<item id="title"><![CDATA[帖子列表是否显示版块简介]]></item>
				<item id="description"><![CDATA[帖子列表的版块简介中是否显示版块简介，两者样式不一样，请根据自已需求设置]]></item>
				<item id="variable"><![CDATA[ren_m_forum_info]]></item>
				<item id="type"><![CDATA[radio]]></item>
				<item id="value"><![CDATA[1]]></item>
				<item id="extra"><![CDATA[]]></item>
			</item>
			<item id="29">
				<item id="displayorder"><![CDATA[42]]></item>
				<item id="title"><![CDATA[帖子列表是否显示作者等级]]></item>
				<item id="description"><![CDATA[门户无限加载列表与帖子列表中的作者名称后面是否显示作者等级图标]]></item>
				<item id="variable"><![CDATA[ren_m_forum_xing]]></item>
				<item id="type"><![CDATA[radio]]></item>
				<item id="value"><![CDATA[1]]></item>
				<item id="extra"><![CDATA[]]></item>
			</item>
			<item id="30">
				<item id="displayorder"><![CDATA[43]]></item>
				<item id="title"><![CDATA[帖子列表页用户头衔]]></item>
				<item id="description"><![CDATA[帖子列表页中的作者名称等级后面是否显示作者用户组头衔]]></item>
				<item id="variable"><![CDATA[ren_forum_utitle]]></item>
				<item id="type"><![CDATA[radio]]></item>
				<item id="value"><![CDATA[0]]></item>
				<item id="extra"><![CDATA[]]></item>
			</item>
			<item id="31">
				<item id="displayorder"><![CDATA[44]]></item>
				<item id="title"><![CDATA[帖子列表作者用户组图标]]></item>
				<item id="description"><![CDATA[帖子列表页中的作者名称等级后面是否显示作者的用户组图标]]></item>
				<item id="variable"><![CDATA[ren_m_forum_shustars]]></item>
				<item id="type"><![CDATA[radio]]></item>
				<item id="value"><![CDATA[1]]></item>
				<item id="extra"><![CDATA[]]></item>
			</item>
			<item id="32">
				<item id="displayorder"><![CDATA[45]]></item>
				<item id="title"><![CDATA[帖子列表显示作者认证图标]]></item>
				<item id="description"><![CDATA[帖子列表中的作者名称后面是否显示作者认证图标]]></item>
				<item id="variable"><![CDATA[ren_m_forum_verify]]></item>
				<item id="type"><![CDATA[radio]]></item>
				<item id="value"><![CDATA[1]]></item>
				<item id="extra"><![CDATA[]]></item>
			</item>
			<item id="33">
				<item id="displayorder"><![CDATA[46]]></item>
				<item id="title"><![CDATA[帖子列表是否显示底部]]></item>
				<item id="description"><![CDATA[帖子列表底部是否使用通用底部，即像首页那样的五标签底部]]></item>
				<item id="variable"><![CDATA[ren_m_forum_bar]]></item>
				<item id="type"><![CDATA[radio]]></item>
				<item id="value"><![CDATA[1]]></item>
				<item id="extra"><![CDATA[]]></item>
			</item>
			<item id="34">
				<item id="displayorder"><![CDATA[47]]></item>
				<item id="title"><![CDATA[帖子列表独立显示置顶和精 ...]]></item>
				<item id="description"><![CDATA[帖子列表是否独立显示置顶和精华帖，如果选则否，则置顶帖和精华帖会跟其它帖子一样显示在列表中]]></item>
				<item id="variable"><![CDATA[ren_m_forum_tst]]></item>
				<item id="type"><![CDATA[radio]]></item>
				<item id="value"><![CDATA[1]]></item>
				<item id="extra"><![CDATA[]]></item>
			</item>
			<item id="35">
				<item id="displayorder"><![CDATA[48]]></item>
				<item id="title"><![CDATA[帖子列表顶部导航显示发帖 ...]]></item>
				<item id="description"><![CDATA[帖子列表顶部导航是否显示发帖按扭]]></item>
				<item id="variable"><![CDATA[ren_m_nav_fb]]></item>
				<item id="type"><![CDATA[radio]]></item>
				<item id="value"><![CDATA[1]]></item>
				<item id="extra"><![CDATA[]]></item>
			</item>
			<item id="36">
				<item id="displayorder"><![CDATA[49]]></item>
				<item id="title"><![CDATA[帖子列表顶部导航显示搜索 ...]]></item>
				<item id="description"><![CDATA[帖子列表顶部导航是否显示搜索按扭]]></item>
				<item id="variable"><![CDATA[ren_m_nav_ss]]></item>
				<item id="type"><![CDATA[radio]]></item>
				<item id="value"><![CDATA[1]]></item>
				<item id="extra"><![CDATA[]]></item>
			</item>
			<item id="37">
				<item id="displayorder"><![CDATA[50]]></item>
				<item id="title"><![CDATA[帖子页导航显示标题]]></item>
				<item id="description"><![CDATA[帖子页导航正中间是显示版块名称还是“帖子祥情”四个字]]></item>
				<item id="variable"><![CDATA[ren_m_view_nav]]></item>
				<item id="type"><![CDATA[select]]></item>
				<item id="value"><![CDATA[2]]></item>
				<item id="extra"><![CDATA[1 = 显示版块名称
2 = 显示“帖子祥情”]]></item>
			</item>
			<item id="38">
				<item id="displayorder"><![CDATA[51]]></item>
				<item id="title"><![CDATA[帖子内容底部样式]]></item>
				<item id="description"><![CDATA[帖子内容页底部悬浮的回复、点赞、分享等功能的样式选择]]></item>
				<item id="variable"><![CDATA[ren_view_footer]]></item>
				<item id="type"><![CDATA[select]]></item>
				<item id="value"><![CDATA[1]]></item>
				<item id="extra"><![CDATA[1 = 默认样式
2 = 微博样式]]></item>
			</item>
			<item id="39">
				<item id="displayorder"><![CDATA[52]]></item>
				<item id="title"><![CDATA[帖子页头部信息样式]]></item>
				<item id="description"><![CDATA[帖子页头部信息样式，即帖子标题下面的帖子浏览、评价、关注楼主这些的样式选择]]></item>
				<item id="variable"><![CDATA[ren_view_topxx]]></item>
				<item id="type"><![CDATA[select]]></item>
				<item id="value"><![CDATA[2]]></item>
				<item id="extra"><![CDATA[1 =  默认样式
2 = 第二种样式
3 = 第三种样式]]></item>
			</item>
			<item id="40">
				<item id="displayorder"><![CDATA[53]]></item>
				<item id="title"><![CDATA[帖子标题主题分类显示]]></item>
				<item id="description"><![CDATA[帖子内容页的帖子标题是否显示主题分类名称（有主题分类的情况下有效）]]></item>
				<item id="variable"><![CDATA[ren_view_sortid]]></item>
				<item id="type"><![CDATA[radio]]></item>
				<item id="value"><![CDATA[1]]></item>
				<item id="extra"><![CDATA[]]></item>
			</item>
			<item id="41">
				<item id="displayorder"><![CDATA[69]]></item>
				<item id="title"><![CDATA[内容页底点赞、收藏数量]]></item>
				<item id="description"><![CDATA[帖子肉容页底部样式的微博样式下点赞和收藏数量是否开启显示]]></item>
				<item id="variable"><![CDATA[ren_view_ftadd]]></item>
				<item id="type"><![CDATA[radio]]></item>
				<item id="value"><![CDATA[1]]></item>
				<item id="extra"><![CDATA[]]></item>
			</item>
			<item id="42">
				<item id="displayorder"><![CDATA[70]]></item>
				<item id="title"><![CDATA[帖子页赞赏按扭是否显示]]></item>
				<item id="description"><![CDATA[可关闭帖子内容页赞赏按扭]]></item>
				<item id="variable"><![CDATA[ren_forum_view_rate]]></item>
				<item id="type"><![CDATA[radio]]></item>
				<item id="value"><![CDATA[1]]></item>
				<item id="extra"><![CDATA[]]></item>
			</item>
			<item id="43">
				<item id="displayorder"><![CDATA[71]]></item>
				<item id="title"><![CDATA[赞赏按扭显示版块选择]]></item>
				<item id="description"><![CDATA[在帖子页赞赏按扭开启显示的情况下，可选择指定版块中显示，请注意选择了版块可不要还选着空]]></item>
				<item id="variable"><![CDATA[ren_view_rate_dx]]></item>
				<item id="type"><![CDATA[forums]]></item>
				<item id="extra"><![CDATA[]]></item>
				<item id="__value">
					<item id="0"><![CDATA[48]]></item>
					<item id="1"><![CDATA[49]]></item>
					<item id="2"><![CDATA[50]]></item>
					<item id="3"><![CDATA[51]]></item>
					<item id="4"><![CDATA[52]]></item>
					<item id="5"><![CDATA[53]]></item>
					<item id="6"><![CDATA[54]]></item>
					<item id="7"><![CDATA[55]]></item>
					<item id="8"><![CDATA[56]]></item>
					<item id="9"><![CDATA[57]]></item>
					<item id="10"><![CDATA[58]]></item>
					<item id="11"><![CDATA[59]]></item>
					<item id="12"><![CDATA[60]]></item>
					<item id="13"><![CDATA[61]]></item>
					<item id="14"><![CDATA[62]]></item>
					<item id="15"><![CDATA[63]]></item>
					<item id="16"><![CDATA[66]]></item>
					<item id="17"><![CDATA[67]]></item>
					<item id="18"><![CDATA[68]]></item>
					<item id="19"><![CDATA[69]]></item>
					<item id="20"><![CDATA[70]]></item>
					<item id="21"><![CDATA[71]]></item>
					<item id="22"><![CDATA[72]]></item>
					<item id="23"><![CDATA[73]]></item>
					<item id="24"><![CDATA[74]]></item>
					<item id="25"><![CDATA[64]]></item>
					<item id="26"><![CDATA[65]]></item>
					<item id="27"><![CDATA[75]]></item>
					<item id="28"><![CDATA[76]]></item>
					<item id="29"><![CDATA[77]]></item>
					<item id="30"><![CDATA[78]]></item>
					<item id="31"><![CDATA[79]]></item>
					<item id="32"><![CDATA[80]]></item>
					<item id="33"><![CDATA[81]]></item>
					<item id="34"><![CDATA[82]]></item>
					<item id="35"><![CDATA[42]]></item>
					<item id="36"><![CDATA[43]]></item>
					<item id="37"><![CDATA[83]]></item>
					<item id="38"><![CDATA[84]]></item>
					<item id="39"><![CDATA[85]]></item>
					<item id="40"><![CDATA[86]]></item>
					<item id="41"><![CDATA[87]]></item>
					<item id="42"><![CDATA[88]]></item>
					<item id="43"><![CDATA[45]]></item>
					<item id="44"><![CDATA[46]]></item>
				</item>
			</item>
			<item id="44">
				<item id="displayorder"><![CDATA[72]]></item>
				<item id="title"><![CDATA[帖子页底部返回按扭]]></item>
				<item id="description"><![CDATA[帖子页底部的回复导快捷导航左边是否使用返回按扭]]></item>
				<item id="variable"><![CDATA[ren_view_ftfh]]></item>
				<item id="type"><![CDATA[radio]]></item>
				<item id="value"><![CDATA[0]]></item>
				<item id="extra"><![CDATA[]]></item>
			</item>
			<item id="45">
				<item id="displayorder"><![CDATA[73]]></item>
				<item id="title"><![CDATA[内容页返回箭头指向]]></item>
				<item id="description"><![CDATA[因通过分享首次打开帖子内容页和文章内容页没有上一步可返回时导航返回箭头指向链接]]></item>
				<item id="variable"><![CDATA[ren_back]]></item>
				<item id="type"><![CDATA[select]]></item>
				<item id="value"><![CDATA[3]]></item>
				<item id="extra"><![CDATA[1 = 返回门户
2 = 返回论坛首页
3 = 返回列表]]></item>
			</item>
			<item id="46">
				<item id="displayorder"><![CDATA[74]]></item>
				<item id="title"><![CDATA[分类信息列表页]]></item>
				<item id="description"><![CDATA[如您的分类信息使用了列表页模板，选“是”则使用，选“否”时分类信息列表页以普通帖的方式显示]]></item>
				<item id="variable"><![CDATA[ren_flxx_list]]></item>
				<item id="type"><![CDATA[radio]]></item>
				<item id="value"><![CDATA[1]]></item>
				<item id="extra"><![CDATA[]]></item>
			</item>
			<item id="47">
				<item id="displayorder"><![CDATA[75]]></item>
				<item id="title"><![CDATA[分类信息内容页]]></item>
				<item id="description"><![CDATA[如您的分类信息使用了内容页模板，选“是”则使用，选“否”时分类信息内容页以普通分类信息样式的方式显示]]></item>
				<item id="variable"><![CDATA[ren_flxx_view]]></item>
				<item id="type"><![CDATA[radio]]></item>
				<item id="value"><![CDATA[1]]></item>
				<item id="extra"><![CDATA[]]></item>
			</item>
			<item id="48">
				<item id="displayorder"><![CDATA[76]]></item>
				<item id="title"><![CDATA[帖子来自的版块信息]]></item>
				<item id="description"><![CDATA[帖子内容页内容下方的版块信息（返回版块）是否开启]]></item>
				<item id="variable"><![CDATA[ren_view_bk_xx]]></item>
				<item id="type"><![CDATA[radio]]></item>
				<item id="value"><![CDATA[1]]></item>
				<item id="extra"><![CDATA[]]></item>
			</item>
			<item id="49">
				<item id="displayorder"><![CDATA[77]]></item>
				<item id="title"><![CDATA[相关帖子是否启用]]></item>
				<item id="description"><![CDATA[帖子内容页中的相关帖子是否启用]]></item>
				<item id="variable"><![CDATA[ren_related_thread]]></item>
				<item id="type"><![CDATA[radio]]></item>
				<item id="value"><![CDATA[1]]></item>
				<item id="extra"><![CDATA[]]></item>
			</item>
			<item id="50">
				<item id="displayorder"><![CDATA[78]]></item>
				<item id="title"><![CDATA[相关帖子显示图片数量]]></item>
				<item id="description"><![CDATA[相关帖子每个帖子显示的图片数量，可选只显示一张或如果有多张则显示多张]]></item>
				<item id="variable"><![CDATA[ren_related_imgs]]></item>
				<item id="type"><![CDATA[select]]></item>
				<item id="value"><![CDATA[1]]></item>
				<item id="extra"><![CDATA[1 = 有多张就显示多张
2 = 只显示一张]]></item>
			</item>
			<item id="51">
				<item id="displayorder"><![CDATA[79]]></item>
				<item id="title"><![CDATA[帖子内容页作者等级显示]]></item>
				<item id="description"><![CDATA[帖子内容页中的作者与回复列表回帖人名称等级后面（星星数、用户组头衔）是否显示]]></item>
				<item id="variable"><![CDATA[ren_m_view_xing]]></item>
				<item id="type"><![CDATA[radio]]></item>
				<item id="value"><![CDATA[1]]></item>
				<item id="extra"><![CDATA[]]></item>
			</item>
			<item id="52">
				<item id="displayorder"><![CDATA[80]]></item>
				<item id="title"><![CDATA[帖子内容页用户组头衔]]></item>
				<item id="description"><![CDATA[帖子内容页中的作者与回复列表回帖人名称等级星星数后面是否显示作者用户组头衔（帖子内容页作者等级显示开启的情况下有效）]]></item>
				<item id="variable"><![CDATA[ren_view_utitle]]></item>
				<item id="type"><![CDATA[radio]]></item>
				<item id="value"><![CDATA[0]]></item>
				<item id="extra"><![CDATA[]]></item>
			</item>
			<item id="53">
				<item id="displayorder"><![CDATA[81]]></item>
				<item id="title"><![CDATA[帖子内容页作者用户组图标]]></item>
				<item id="description"><![CDATA[帖子内容页中的作者与回复列表回帖人名称等级后面是否显示作者的用户组图标]]></item>
				<item id="variable"><![CDATA[ren_m_view_shustars]]></item>
				<item id="type"><![CDATA[radio]]></item>
				<item id="value"><![CDATA[1]]></item>
				<item id="extra"><![CDATA[]]></item>
			</item>
			<item id="54">
				<item id="displayorder"><![CDATA[82]]></item>
				<item id="title"><![CDATA[帖子内容页作者认证图标]]></item>
				<item id="description"><![CDATA[帖子内容页中的作者与回复列表回帖人名称等级后面是否显示作者的认证图标]]></item>
				<item id="variable"><![CDATA[ren_m_view_verify]]></item>
				<item id="type"><![CDATA[radio]]></item>
				<item id="value"><![CDATA[1]]></item>
				<item id="extra"><![CDATA[]]></item>
			</item>
			<item id="55">
				<item id="displayorder"><![CDATA[90]]></item>
				<item id="title"><![CDATA[个人空间导航样式]]></item>
				<item id="description"><![CDATA[个人空间顶部导航的样式，可选透明的也可选一般原色的]]></item>
				<item id="variable"><![CDATA[ren_menu_nav]]></item>
				<item id="type"><![CDATA[select]]></item>
				<item id="value"><![CDATA[2]]></item>
				<item id="extra"><![CDATA[1 = 显示导航原色
2 = 透明样式]]></item>
			</item>
			<item id="56">
				<item id="displayorder"><![CDATA[91]]></item>
				<item id="title"><![CDATA[资料修改模式]]></item>
				<item id="description"><![CDATA[个人资料修改界面建议用简单模式，这年头复杂的没好处，但应用户要求，得供了可选项]]></item>
				<item id="variable"><![CDATA[ren_spacecp_pr]]></item>
				<item id="type"><![CDATA[select]]></item>
				<item id="value"><![CDATA[1]]></item>
				<item id="extra"><![CDATA[1 = 简单模式
2 = 电脑端模式]]></item>
			</item>
			<item id="57">
				<item id="displayorder"><![CDATA[92]]></item>
				<item id="title"><![CDATA[个人资料在线时间栏]]></item>
				<item id="description"><![CDATA[用户个人资料页中的在线时间栏是否显示]]></item>
				<item id="variable"><![CDATA[ren_profile_timel]]></item>
				<item id="type"><![CDATA[radio]]></item>
				<item id="value"><![CDATA[1]]></item>
				<item id="extra"><![CDATA[]]></item>
			</item>
			<item id="58">
				<item id="displayorder"><![CDATA[93]]></item>
				<item id="title"><![CDATA[文章列表页菜单是否显示]]></item>
				<item id="description"><![CDATA[文章列表头部的频道菜单为自动读取，如不想自动读取的可选“否”不显示，然后用自定义的模块替代自动读取的]]></item>
				<item id="variable"><![CDATA[ren_portal_list_nav]]></item>
				<item id="type"><![CDATA[radio]]></item>
				<item id="value"><![CDATA[0]]></item>
				<item id="extra"><![CDATA[]]></item>
			</item>
			<item id="59">
				<item id="displayorder"><![CDATA[94]]></item>
				<item id="title"><![CDATA[文章列表分页方式]]></item>
				<item id="description"><![CDATA[文章列表页是否启用无限滚动加载，如不启用，则是以普通的点击上、下一页进行翻页]]></item>
				<item id="variable"><![CDATA[ren_portal_listwx]]></item>
				<item id="type"><![CDATA[radio]]></item>
				<item id="value"><![CDATA[1]]></item>
				<item id="extra"><![CDATA[]]></item>
			</item>
			<item id="60">
				<item id="displayorder"><![CDATA[95]]></item>
				<item id="title"><![CDATA[门户频道无文章时提示]]></item>
				<item id="description"><![CDATA[门户频道无文章时提示是否开启，如频道已进行DIY模块部局，建议关闭无文章提示]]></item>
				<item id="variable"><![CDATA[ren_portal_list_wu]]></item>
				<item id="type"><![CDATA[radio]]></item>
				<item id="value"><![CDATA[0]]></item>
				<item id="extra"><![CDATA[]]></item>
			</item>
			<item id="61">
				<item id="displayorder"><![CDATA[96]]></item>
				<item id="title"><![CDATA[title信息中手机版]]></item>
				<item id="description"><![CDATA[title信息中“手机版”三字是否显示]]></item>
				<item id="variable"><![CDATA[ren_title_sjb]]></item>
				<item id="type"><![CDATA[radio]]></item>
				<item id="value"><![CDATA[0]]></item>
				<item id="extra"><![CDATA[]]></item>
			</item>
			<item id="62">
				<item id="displayorder"><![CDATA[97]]></item>
				<item id="title"><![CDATA[群组子分类显示]]></item>
				<item id="description"><![CDATA[群组（圈子）的子分类是否在全部群组（圈子）的左侧类目中显示]]></item>
				<item id="variable"><![CDATA[ren_group_sfid]]></item>
				<item id="type"><![CDATA[radio]]></item>
				<item id="value"><![CDATA[0]]></item>
				<item id="extra"><![CDATA[]]></item>
			</item>
			<item id="63">
				<item id="displayorder"><![CDATA[101]]></item>
				<item id="title"><![CDATA[是否开启的视频解析]]></item>
				<item id="description"><![CDATA[是否开启模板自带的的视频解析，如果您有使用其它视频解析，如有与我们自带的视频解析起冲突，请根需需求关掉其中一个]]></item>
				<item id="variable"><![CDATA[video_radio]]></item>
				<item id="type"><![CDATA[radio]]></item>
				<item id="value"><![CDATA[1]]></item>
				<item id="extra"><![CDATA[]]></item>
			</item>
			<item id="64">
				<item id="displayorder"><![CDATA[102]]></item>
				<item id="title"><![CDATA[支持视频解析的版块]]></item>
				<item id="description"><![CDATA[选择指定版块的帖子内容页是否开启视频解析，请注意选择了版块可不要还选着空]]></item>
				<item id="variable"><![CDATA[ren_vedio_forums]]></item>
				<item id="type"><![CDATA[forums]]></item>
				<item id="extra"><![CDATA[]]></item>
				<item id="__value">
					<item id="0"><![CDATA[48]]></item>
					<item id="1"><![CDATA[49]]></item>
					<item id="2"><![CDATA[50]]></item>
					<item id="3"><![CDATA[51]]></item>
					<item id="4"><![CDATA[52]]></item>
					<item id="5"><![CDATA[53]]></item>
					<item id="6"><![CDATA[54]]></item>
					<item id="7"><![CDATA[55]]></item>
					<item id="8"><![CDATA[56]]></item>
					<item id="9"><![CDATA[57]]></item>
					<item id="10"><![CDATA[58]]></item>
					<item id="11"><![CDATA[59]]></item>
					<item id="12"><![CDATA[60]]></item>
					<item id="13"><![CDATA[61]]></item>
					<item id="14"><![CDATA[62]]></item>
					<item id="15"><![CDATA[63]]></item>
					<item id="16"><![CDATA[66]]></item>
					<item id="17"><![CDATA[67]]></item>
					<item id="18"><![CDATA[68]]></item>
					<item id="19"><![CDATA[69]]></item>
					<item id="20"><![CDATA[70]]></item>
					<item id="21"><![CDATA[71]]></item>
					<item id="22"><![CDATA[72]]></item>
					<item id="23"><![CDATA[73]]></item>
					<item id="24"><![CDATA[74]]></item>
					<item id="25"><![CDATA[64]]></item>
					<item id="26"><![CDATA[65]]></item>
					<item id="27"><![CDATA[75]]></item>
					<item id="28"><![CDATA[76]]></item>
					<item id="29"><![CDATA[77]]></item>
					<item id="30"><![CDATA[78]]></item>
					<item id="31"><![CDATA[79]]></item>
					<item id="32"><![CDATA[80]]></item>
					<item id="33"><![CDATA[81]]></item>
					<item id="34"><![CDATA[82]]></item>
					<item id="35"><![CDATA[42]]></item>
					<item id="36"><![CDATA[43]]></item>
					<item id="37"><![CDATA[83]]></item>
					<item id="38"><![CDATA[84]]></item>
					<item id="39"><![CDATA[85]]></item>
					<item id="40"><![CDATA[86]]></item>
					<item id="41"><![CDATA[87]]></item>
					<item id="42"><![CDATA[88]]></item>
					<item id="43"><![CDATA[45]]></item>
					<item id="44"><![CDATA[46]]></item>
				</item>
			</item>
			<item id="65">
				<item id="displayorder"><![CDATA[103]]></item>
				<item id="title"><![CDATA[手机视频宽度]]></item>
				<item id="description"><![CDATA[默认的0为100%宽，建议不填写固定宽度]]></item>
				<item id="variable"><![CDATA[vedio_width]]></item>
				<item id="type"><![CDATA[number]]></item>
				<item id="value"><![CDATA[0]]></item>
				<item id="extra"><![CDATA[]]></item>
			</item>
			<item id="66">
				<item id="displayorder"><![CDATA[104]]></item>
				<item id="title"><![CDATA[手机视频高度]]></item>
				<item id="description"><![CDATA[建议210到230高，或请根据您需求设置]]></item>
				<item id="variable"><![CDATA[vedio_height]]></item>
				<item id="type"><![CDATA[number]]></item>
				<item id="value"><![CDATA[215]]></item>
				<item id="extra"><![CDATA[]]></item>
			</item>
			<item id="67">
				<item id="displayorder"><![CDATA[105]]></item>
				<item id="title"><![CDATA[列表页开启的视频解析]]></item>
				<item id="description"><![CDATA[列表页（包括：门户无限加载列表，版块列表，群组列表，搜索列表，个人中心我的帖子列表）就否开启的视频解析，即直接在列表中播放的功能]]></item>
				<item id="variable"><![CDATA[list_video_radio]]></item>
				<item id="type"><![CDATA[radio]]></item>
				<item id="value"><![CDATA[1]]></item>
				<item id="extra"><![CDATA[]]></item>
			</item>
			<item id="68">
				<item id="displayorder"><![CDATA[106]]></item>
				<item id="title"><![CDATA[在微信打开是否显示头部]]></item>
				<item id="description"><![CDATA[可设置在微信打开时是否显示网站顶部导航，选择“否”则在微信打开您手机版时不显示顶部导航，别的打开方式依然显示]]></item>
				<item id="variable"><![CDATA[ren_weixin_hd]]></item>
				<item id="type"><![CDATA[radio]]></item>
				<item id="value"><![CDATA[1]]></item>
				<item id="extra"><![CDATA[]]></item>
			</item>
			<item id="69">
				<item id="displayorder"><![CDATA[107]]></item>
				<item id="title"><![CDATA[是否开启微信多图上传 ... ...]]></item>
				<item id="description"><![CDATA[该功能需购买功能组件《微信多图上传》，在微信下发帖和回帖时上传图片可调用微信原生的多图上传功能]]></item>
				<item id="variable"><![CDATA[wx_uploadimg]]></item>
				<item id="type"><![CDATA[radio]]></item>
				<item id="value"><![CDATA[0]]></item>
				<item id="extra"><![CDATA[]]></item>
			</item>
			<item id="70">
				<item id="displayorder"><![CDATA[108]]></item>
				<item id="title"><![CDATA[是否开启微信分享接口]]></item>
				<item id="description"><![CDATA[使用微信分享接口，在分享到微信时可显示图标和标题，但需要您有认证的公众号才可使用，如没有，可不开启和设置。]]></item>
				<item id="variable"><![CDATA[wx_radio]]></item>
				<item id="type"><![CDATA[radio]]></item>
				<item id="value"><![CDATA[0]]></item>
				<item id="extra"><![CDATA[]]></item>
			</item>
			<item id="71">
				<item id="displayorder"><![CDATA[109]]></item>
				<item id="title"><![CDATA[微信AppId]]></item>
				<item id="description"><![CDATA[填写微信公众号的AppId]]></item>
				<item id="variable"><![CDATA[wx_appId]]></item>
				<item id="type"><![CDATA[text]]></item>
				<item id="value"><![CDATA[wx0b6fe53ba5356bd6]]></item>
				<item id="extra"><![CDATA[]]></item>
			</item>
			<item id="72">
				<item id="displayorder"><![CDATA[110]]></item>
				<item id="title"><![CDATA[微信AppSecret]]></item>
				<item id="description"><![CDATA[填写微信公众号的AppSecret]]></item>
				<item id="variable"><![CDATA[wx_appSecret]]></item>
				<item id="type"><![CDATA[text]]></item>
				<item id="value"><![CDATA[28fe50616cb452039dafd7e3d1940618]]></item>
				<item id="extra"><![CDATA[]]></item>
			</item>
			<item id="73">
				<item id="displayorder"><![CDATA[111]]></item>
				<item id="title"><![CDATA[微信分享图标]]></item>
				<item id="description"><![CDATA[非内容页分享到微信显示的图标，请填写完整链接，例如：http://app.1009.com.cn/template/rtj1009_app/icon/38.jpg]]></item>
				<item id="variable"><![CDATA[wx_fx_ico]]></item>
				<item id="type"><![CDATA[text]]></item>
				<item id="value"><![CDATA[http://app.1009.com.cn/template/rtj1009_app/icon/38.jpg]]></item>
				<item id="extra"><![CDATA[]]></item>
			</item>
			<item id="74">
				<item id="displayorder"><![CDATA[112]]></item>
				<item id="title"><![CDATA[是否开启进站闪屏广告]]></item>
				<item id="description"><![CDATA[是否开启进站闪屏广告]]></item>
				<item id="variable"><![CDATA[ren_smd_open]]></item>
				<item id="type"><![CDATA[radio]]></item>
				<item id="value"><![CDATA[1]]></item>
				<item id="extra"><![CDATA[]]></item>
			</item>
			<item id="75">
				<item id="displayorder"><![CDATA[113]]></item>
				<item id="title"><![CDATA[广告图片地址]]></item>
				<item id="description"><![CDATA[图片格式为JPG，可填图片地址，建议比例为563*1000。]]></item>
				<item id="variable"><![CDATA[ren_smd_img]]></item>
				<item id="type"><![CDATA[text]]></item>
				<item id="value"><![CDATA[template/rtj1009_app/icon/1009.jpg]]></item>
				<item id="extra"><![CDATA[]]></item>
			</item>
			<item id="76">
				<item id="displayorder"><![CDATA[114]]></item>
				<item id="title"><![CDATA[广告链接地址]]></item>
				<item id="description"><![CDATA[填写广告链接地址，如广告要跳到帖子，就直接填写帖子的网址]]></item>
				<item id="variable"><![CDATA[ren_smd_url]]></item>
				<item id="type"><![CDATA[text]]></item>
				<item id="value"><![CDATA[thread-279-1-1.html]]></item>
				<item id="extra"><![CDATA[]]></item>
			</item>
			<item id="77">
				<item id="displayorder"><![CDATA[115]]></item>
				<item id="title"><![CDATA[自动关闭时间]]></item>
				<item id="description"><![CDATA[广告自动关闭的时间，建议3秒到10秒间，直接填数字]]></item>
				<item id="variable"><![CDATA[ren_smd_gtime]]></item>
				<item id="type"><![CDATA[text]]></item>
				<item id="value"><![CDATA[10]]></item>
				<item id="extra"><![CDATA[]]></item>
			</item>
			<item id="78">
				<item id="displayorder"><![CDATA[116]]></item>
				<item id="title"><![CDATA[广告间隔时间]]></item>
				<item id="description"><![CDATA[广告跳出的时间要间隔多久，默认的h1为1小时，填写格式为s、h、d这三个字母其中一个打头，如：s60为60秒，h1为1小时，d1为1天。]]></item>
				<item id="variable"><![CDATA[ren_smd_jtime]]></item>
				<item id="type"><![CDATA[text]]></item>
				<item id="value"><![CDATA[h1]]></item>
				<item id="extra"><![CDATA[]]></item>
			</item>
			<item id="79">
				<item id="displayorder"><![CDATA[117]]></item>
				<item id="title"><![CDATA[等待提示语]]></item>
				<item id="description"><![CDATA[在等待进站时右上角提示的中文，如填“秒”或“秒后关闭””或“秒跳过”]]></item>
				<item id="variable"><![CDATA[ren_smd_ts]]></item>
				<item id="type"><![CDATA[text]]></item>
				<item id="value"><![CDATA[秒 关闭]]></item>
				<item id="extra"><![CDATA[]]></item>
			</item>
			<item id="80">
				<item id="displayorder"><![CDATA[118]]></item>
				<item id="title"><![CDATA[广告在帖子页是否显示 ...]]></item>
				<item id="description"><![CDATA[进站闪屏广告在帖子内容页是否开启显示]]></item>
				<item id="variable"><![CDATA[ren_smd_view]]></item>
				<item id="type"><![CDATA[radio]]></item>
				<item id="value"><![CDATA[0]]></item>
				<item id="extra"><![CDATA[]]></item>
			</item>
			<item id="81">
				<item id="displayorder"><![CDATA[119]]></item>
				<item id="title"><![CDATA[是否开启伪静态]]></item>
				<item id="description"><![CDATA[帖子版块列表页、帖子内容页、文章内容页链接是否同步后台SEO设置的伪静态化，如有使用第三方伪静态插件，如有冲突，建议关闭。]]></item>
				<item id="variable"><![CDATA[ren_m_ewrite]]></item>
				<item id="type"><![CDATA[radio]]></item>
				<item id="value"><![CDATA[1]]></item>
				<item id="extra"><![CDATA[]]></item>
			</item>
			<item id="82">
				<item id="displayorder"><![CDATA[120]]></item>
				<item id="title"><![CDATA[自定义代码]]></item>
				<item id="description"><![CDATA[在底部文件插入该项设置的代码，（例如插件统计代码、CSS等自定义的）请规范填写要插入的代码，以防影响全局造成严重问题。]]></item>
				<item id="variable"><![CDATA[ren_m_html]]></item>
				<item id="type"><![CDATA[textarea]]></item>
				<item id="value"><![CDATA[]]></item>
				<item id="extra"><![CDATA[]]></item>
			</item>
		</item>
		<item id="language">
			<item id="scriptlang">
				<item id="rtj1009_001"><![CDATA[版块列表样式管理]]></item>
				<item id="rtj1009_002"><![CDATA[操作]]></item>
				<item id="rtj1009_003"><![CDATA[板块名称]]></item>
				<item id="rtj1009_004"><![CDATA[部落样式]]></item>
				<item id="rtj1009_005"><![CDATA[新闻样式]]></item>
				<item id="rtj1009_006"><![CDATA[微博样式]]></item>
				<item id="rtj1009_007"><![CDATA[朋友圈样式]]></item>
				<item id="rtj1009_008"><![CDATA[修改]]></item>
				<item id="rtj1009_009"><![CDATA[门户样式设置]]></item>
				<item id="rtj1009_010"><![CDATA[论坛样式设置]]></item>
				<item id="rtj1009_011"><![CDATA[全部重置]]></item>
				<item id="rtj1009_012"><![CDATA[全选]]></item>
				<item id="rtj1009_013"><![CDATA[提交]]></item>
				<item id="rtj1009_014"><![CDATA[当前板块名称：]]></item>
				<item id="rtj1009_015"><![CDATA[样式选择：]]></item>
				<item id="rtj1009_016"><![CDATA[重置成功！]]></item>
				<item id="rtj1009_017"><![CDATA[你尚未选择数据]]></item>
				<item id="rtj1009_018"><![CDATA[精选样式]]></item>
				<item id="rtj1009_019"><![CDATA[版块ID]]></item>
				<item id="rtj1009_020"><![CDATA[没有授权，请于disucz应用中心购买正版应用]]></item>
				<item id="rtj1009_021"><![CDATA[教程样式]]></item>
				<item id="rtj1009_022"><![CDATA[大图样式]]></item>
				<item id="rtj1009_023"><![CDATA[无图样式]]></item>
				<item id="rtj1009_0001"><![CDATA[首页]]></item>
				<item id="rtj1009_0002"><![CDATA[社区]]></item>
				<item id="rtj1009_0003"><![CDATA[发帖]]></item>
				<item id="rtj1009_0004"><![CDATA[消息]]></item>
				<item id="rtj1009_0005"><![CDATA[我的]]></item>
				<item id="rtj1009_0006"><![CDATA[请选择]]></item>
				<item id="rtj1009_0007"><![CDATA[默认风格]]></item>
				<item id="rtj1009_0008"><![CDATA[自定义]]></item>
				<item id="rtj1009_0009"><![CDATA[首页]]></item>
				<item id="rtj1009_0010"><![CDATA[社区]]></item>
				<item id="rtj1009_0011"><![CDATA[发现]]></item>
				<item id="rtj1009_0012"><![CDATA[圈子]]></item>
				<item id="rtj1009_0013"><![CDATA[活动]]></item>
				<item id="rtj1009_0014"><![CDATA[搜索]]></item>
				<item id="rtj1009_0015"><![CDATA[我的空间]]></item>
				<item id="rtj1009_0016"><![CDATA[消息提醒]]></item>
				<item id="rtj1009_0017"><![CDATA[我的帖子]]></item>
				<item id="rtj1009_0018"><![CDATA[任务中心]]></item>
				<item id="rtj1009_0019"><![CDATA[电脑版]]></item>
				<item id="rtj1009_0020"><![CDATA[我的空间]]></item>
				<item id="rtj1009_0021"><![CDATA[我的帖子]]></item>
				<item id="rtj1009_0022"><![CDATA[我的收藏]]></item>
				<item id="rtj1009_0023"><![CDATA[我的好友]]></item>
				<item id="rtj1009_0024"><![CDATA[我的日志]]></item>
				<item id="rtj1009_0025"><![CDATA[我的相册]]></item>
				<item id="rtj1009_0026"><![CDATA[我的心情]]></item>
				<item id="rtj1009_0027"><![CDATA[我的留言]]></item>
				<item id="rtj1009_0028"><![CDATA[风格设置]]></item>
				<item id="rtj1009_0029"><![CDATA[消息提醒]]></item>
				<item id="rtj1009_0030"><![CDATA[我的粉丝]]></item>
				<item id="rtj1009_0031"><![CDATA[我的资料]]></item>
				<item id="rtj1009_0032"><![CDATA[我的积分]]></item>
				<item id="rtj1009_0033"><![CDATA[我的任务]]></item>
				<item id="rtj1009_0034"><![CDATA[密码修改]]></item>
				<item id="rtj1009_0035"><![CDATA[修改资料]]></item>
				<item id="rtj1009_0101"><![CDATA[底部导航菜单设置]]></item>
				<item id="rtj1009_0102"><![CDATA[图标]]></item>
				<item id="rtj1009_0103"><![CDATA[选中后的图标]]></item>
				<item id="rtj1009_0104"><![CDATA[标题]]></item>
				<item id="rtj1009_0105"><![CDATA[链接]]></item>
				<item id="rtj1009_0106"><![CDATA[类型]]></item>
				<item id="rtj1009_0107"><![CDATA[是否启用]]></item>
				<item id="rtj1009_0108"><![CDATA[图标颜色]]></item>
				<item id="rtj1009_0109"><![CDATA[横排]]></item>
				<item id="rtj1009_0110"><![CDATA[坚排一]]></item>
				<item id="rtj1009_0111"><![CDATA[坚排二]]></item>
				<item id="rtj1009_0112"><![CDATA[发现]]></item>
				<item id="rtj1009_0113"><![CDATA[我的]]></item>
				<item id="rtj1009_0114"><![CDATA[侧栏导航菜单设置]]></item>
				<item id="rtj1009_0115"><![CDATA[个人中心菜单设置]]></item>
				<item id="rtj1009_0116"><![CDATA[底部导航菜单设置说明]]></item>
				<item id="rtj1009_0117"><![CDATA[
                    <li>第三个菜单按扭（发帖）默认链接为发帖链接，如需改成不是发帖链接的需选择"类型"为"自定义"，其它菜单选"类型"选哪个都一样</li>
                    <li>第三个菜单按扭（发帖）可设置为圆形突起按扭，发布的样式可设置为直接发帖或像演示站一的弹出聚合发布入口，如需设置，可在插件的设置项中的选择</li>
                    <li>底部导航最多只可使用5个，如想减少只需设置某个不启用即可，特殊的设置只针对：第三个菜单按扭</li>
                    <li>如需修改图标代码的可联系客服QQ：119721671获取图标代码文件</li>
                    ]]></item>
				<item id="rtj1009_0118"><![CDATA[侧栏导航菜单设置说明]]></item>
				<item id="rtj1009_0119"><![CDATA[
                    <li>侧栏导航菜单类型分为两种，一、发现，二、我的，的插件设置的第一项中选的是默认样式的，类型选哪个无区别，两种类型区别在双栏样式中体现</li>
                    <li>由于自定义增加的功能还未上线，现预留两个自定义位置，如现显示的菜单不满足你的需求，您可设置预留菜单并启用</li>
                    <li>如需修改图标代码的可联系客服QQ：119721671获取图标代码文件</li>
                    ]]></item>
				<item id="rtj1009_0120"><![CDATA[个人中心菜单设置说明]]></item>
				<item id="rtj1009_0121"><![CDATA[
                    <li>由于自定义增加的功能还未上线，坚排菜单预留两个自定义位置，如现显示的菜单不满足你的需求，您可设置预留菜单并启用，以下是个人中心菜单类型说明：</li>
                    <li>一、横排：显示在我的个人空间的双横排共8菜单位置，样关效果可登录演示站查看</li>
                    <li>二、坚排一：显示在我的个人空间的消息提醒下面，请注意"风格设置和消息提醒是固定显示的，不在插件中设置"，样关效果可登录演示站查看</li>
                    <li>三、坚排二：显示在我的个人空间的坚排一往下，样关效果可登录演示站查看</li>
                    ]]></item>
				<item id="rtj1009_0122"><![CDATA[预留自定义]]></item>
				<item id="rtj1009_0200"><![CDATA[门户首页DIY模块]]></item>
				<item id="rtj1009_0201"><![CDATA[发现页面DIY模块]]></item>
				<item id="rtj1009_0202"><![CDATA[论坛首页卡片样式DIY模块]]></item>
				<item id="rtj1009_0203"><![CDATA[论坛首页双屏样式DIY模块]]></item>
				<item id="rtj1009_0204"><![CDATA[群组（圈子）首页DIY模块]]></item>
				<item id="rtj1009_0205"><![CDATA[搜索页面DIY模块]]></item>
				<item id="rtj1009_0206"><![CDATA[专题页面DIY模块]]></item>
				<item id="rtj1009_0207"><![CDATA[帖子内容页中部回复上方DIY模块]]></item>
				<item id="rtj1009_0208"><![CDATA[DIY模块内部调用代码调用]]></item>
				<item id="rtj1009_0209"><![CDATA[在模块添加完成后，还需要将添加的DIY模块的内部调用代码填到以下指定位置，请注意一行一个模块的内部调用代码]]></item>
				<item id="rtj1009_0210"><![CDATA[帖子列表页顶部DIY模块]]></item>
				<item id="rtj1009_0211"><![CDATA[帖子列表页置顶帖上方DIY模块]]></item>
				<item id="rtj1009_0212"><![CDATA[帖子内容页顶部标题上方DIY模块]]></item>
				<item id="rtj1009_0213"><![CDATA[帖子内容页底部翻页下方DIY模块]]></item>
				<item id="rtj1009_0214"><![CDATA[帖子内容页打赏按扭下方DIY模块]]></item>
				<item id="rtj1009_0215"><![CDATA[一行一个DIY模块的内部调用代码]]></item>
				<item id="rtj1009_0216"><![CDATA[聚合发布入口页面广告DIY模块]]></item>
				<item id="rtj1009_0217"><![CDATA[聚合发布入口双排八个标签DIY模块]]></item>
				<item id="rtj1009_0218"><![CDATA[文章内容页顶部标题上方DIY模块]]></item>
				<item id="rtj1009_0219"><![CDATA[文章内容页底部翻页下方DIY模块]]></item>
				<item id="rtj1009_0220"><![CDATA[文章内容页评论上方DIY模块]]></item>
				<item id="rtj1009_0221"><![CDATA[排序]]></item>
				<item id="rtj1009_0222"><![CDATA[频道ID]]></item>
				<item id="rtj1009_0223"><![CDATA[频道名称]]></item>
				<item id="rtj1009_0224"><![CDATA[频道指定的DIY模块调用代码]]></item>
				<item id="rtj1009_0225"><![CDATA[在模块添加完成后，还需要将添加的DIY模块的内部调用代码填到以下指定位置，请注意一行一个模块的内部调用代码，频道DIY调用只支持一级栏目，红色字的为下级子频道]]></item>
				<item id="rtj1009_0226"><![CDATA[论坛首页单排样式DIY模块]]></item>
				<item id="cr_cg"><![CDATA[设置成功！]]></item>
				<item id="gx_cg"><![CDATA[更新成功！]]></item>
			</item>
		</item>
		<item id="installfile"><![CDATA[install.php]]></item>
		<item id="uninstallfile"><![CDATA[uninstall.php]]></item>
	</item>
</root>