<?xml version="1.0" encoding="ISO-8859-1"?>
<root>
	<item id="spacecss"><![CDATA[]]></item>
	<item id="layoutdata">
		<item id="nex_youshi_box">
			<item id="frame`framenl2GEM">
				<item id="attr">
					<item id="name"><![CDATA[framenl2GEM]]></item>
					<item id="moveable"><![CDATA[true]]></item>
					<item id="className"><![CDATA[frame move-span cl frame-1]]></item>
					<item id="titles"><![CDATA[]]></item>
				</item>
				<item id="column`framenl2GEM_left">
					<item id="attr">
						<item id="name"><![CDATA[framenl2GEM_left]]></item>
						<item id="className"><![CDATA[column frame-1-c]]></item>
					</item>
					<item id="block`portal_block_279">
						<item id="attr">
							<item id="name"><![CDATA[portal_block_279]]></item>
							<item id="className"><![CDATA[block move-span]]></item>
							<item id="titles"><![CDATA[]]></item>
						</item>
					</item>
				</item>
			</item>
		</item>
		<item id="nex_vip_other_right">
			<item id="frame`frame6t9u8E">
				<item id="attr">
					<item id="name"><![CDATA[frame6t9u8E]]></item>
					<item id="moveable"><![CDATA[true]]></item>
					<item id="className"><![CDATA[frame move-span cl frame-1]]></item>
					<item id="titles"><![CDATA[]]></item>
				</item>
				<item id="column`frame6t9u8E_left">
					<item id="attr">
						<item id="name"><![CDATA[frame6t9u8E_left]]></item>
						<item id="className"><![CDATA[column frame-1-c]]></item>
					</item>
					<item id="block`portal_block_280">
						<item id="attr">
							<item id="name"><![CDATA[portal_block_280]]></item>
							<item id="className"><![CDATA[block move-span]]></item>
							<item id="titles"><![CDATA[]]></item>
						</item>
					</item>
				</item>
			</item>
		</item>
		<item id="nex_vip_joinin_btn">
			<item id="frame`frame15Tc84">
				<item id="attr">
					<item id="name"><![CDATA[frame15Tc84]]></item>
					<item id="moveable"><![CDATA[true]]></item>
					<item id="className"><![CDATA[frame move-span cl frame-1]]></item>
					<item id="titles"><![CDATA[]]></item>
				</item>
				<item id="column`frame15Tc84_left">
					<item id="attr">
						<item id="name"><![CDATA[frame15Tc84_left]]></item>
						<item id="className"><![CDATA[column frame-1-c]]></item>
					</item>
					<item id="block`portal_block_281">
						<item id="attr">
							<item id="name"><![CDATA[portal_block_281]]></item>
							<item id="className"><![CDATA[block move-span]]></item>
							<item id="titles"><![CDATA[]]></item>
						</item>
					</item>
				</item>
			</item>
		</item>
		<item id="nex_vip_form">
			<item id="frame`framexMdY67">
				<item id="attr">
					<item id="name"><![CDATA[framexMdY67]]></item>
					<item id="moveable"><![CDATA[true]]></item>
					<item id="className"><![CDATA[frame move-span cl frame-1]]></item>
					<item id="titles"><![CDATA[]]></item>
				</item>
				<item id="column`framexMdY67_left">
					<item id="attr">
						<item id="name"><![CDATA[framexMdY67_left]]></item>
						<item id="className"><![CDATA[column frame-1-c]]></item>
					</item>
					<item id="block`portal_block_282">
						<item id="attr">
							<item id="name"><![CDATA[portal_block_282]]></item>
							<item id="className"><![CDATA[block move-span]]></item>
							<item id="titles"><![CDATA[]]></item>
						</item>
					</item>
				</item>
			</item>
		</item>
		<item id="nex_vip_qnabox">
			<item id="frame`framey1XOP4">
				<item id="attr">
					<item id="name"><![CDATA[framey1XOP4]]></item>
					<item id="moveable"><![CDATA[true]]></item>
					<item id="className"><![CDATA[frame move-span cl frame-1]]></item>
					<item id="titles"><![CDATA[]]></item>
				</item>
				<item id="column`framey1XOP4_left">
					<item id="attr">
						<item id="name"><![CDATA[framey1XOP4_left]]></item>
						<item id="className"><![CDATA[column frame-1-c]]></item>
					</item>
					<item id="block`portal_block_141">
						<item id="attr">
							<item id="name"><![CDATA[portal_block_141]]></item>
							<item id="className"><![CDATA[block move-span]]></item>
							<item id="titles"><![CDATA[]]></item>
						</item>
					</item>
				</item>
			</item>
		</item>
	</item>
	<item id="blockdata">
		<item id="block">
			<item id="141">
				<item id="bid"><![CDATA[141]]></item>
				<item id="blockclass"><![CDATA[html_html]]></item>
				<item id="blocktype"><![CDATA[0]]></item>
				<item id="name"><![CDATA[question]]></item>
				<item id="title"><![CDATA[]]></item>
				<item id="classname"><![CDATA[]]></item>
				<item id="summary"><![CDATA[<div class="nex_vip_txtop">VIP常见问题</div>
        <div class="nex_vip_qnabox">
        	<ul>
            	<li>
                	<h5>什么是星点互联VIP会员？</h5>
                    <p>VIP会员是星点互联（Neoconex）为用户提供的一项增值服务，开通VIP会员可享有会员特权，其中包括VIP素材免费下载、纯净无广告、智能搜索、新产品优先体验等特权，为您提供专业高效的办公平台！欲了解或关注VIP会员的详细介绍，请点击查看：<a href="#" target="_blank">http://xxx.com/article/6.html</a></p>
                </li>
                <li>
                	<h5>如何成为星点互联VIP会员？</h5>
                    <p>在登录界面中选择第三方账号登陆或用邮箱注册，即可成为注册用户，请登录后在支付中心：<a href="#" target="_blank">http://xxx.com/vip/</a>，根据向导完成付费即可成为VIP会员。</p>
                </li>
                <li>
                	<h5>星点互联VIP会员有什么特权？</h5>
                    <p>VIP会员可享有：购买VIP享有素材免费下载、纯净无广告、智能搜索、新产品优先体验等特权。详情参见会员特权列表。</p>
                </li>
                <li>
                	<h5>恶意分享帐号，可能导致系统自动封号！</h5>
                    <p>星点互联（Neoconex）专业提供全球海量素材分享的服务性网站，为了长久的服务更多的VIP会员，提供更多高品质素材资源，星点互联（Neoconex）投入了相当大的成本和精力。近期有部分“乐于分享”的会员存在公众场合（包括论坛、QQ群等）恶意分享帐号的行为，使得会员系统频频报警，严重影响网站运营。星点互联（Neoconex）团队已在7月开启IP限制登录提醒功能，在此提醒用户，谨慎使用VIP帐户，谨防系统封号锁定。谢谢VIP会员们长期支持和帮助，举报传播账号经证实，举报者可获得7日VIP会员。</p>
                </li>
                
            </ul>
        </div>]]></item>
				<item id="uid"><![CDATA[1]]></item>
				<item id="username"><![CDATA[admin]]></item>
				<item id="styleid"><![CDATA[0]]></item>
				<item id="blockstyle"><![CDATA[]]></item>
				<item id="picwidth"><![CDATA[0]]></item>
				<item id="picheight"><![CDATA[0]]></item>
				<item id="target"><![CDATA[blank]]></item>
				<item id="dateformat"><![CDATA[Y-m-d]]></item>
				<item id="dateuformat"><![CDATA[0]]></item>
				<item id="script"><![CDATA[blank]]></item>
				<item id="param">
					<item id="content"><![CDATA[<div class=\"nex_vip_txtop\">VIP常见问题</div>
        <div class=\"nex_vip_qnabox\">
        	<ul>
            	<li>
                	<h5>什么是星点互联VIP会员？</h5>
                    <p>VIP会员是星点互联（Neoconex）为用户提供的一项增值服务，开通VIP会员可享有会员特权，其中包括VIP素材免费下载、纯净无广告、智能搜索、新产品优先体验等特权，为您提供专业高效的办公平台！欲了解或关注VIP会员的详细介绍，请点击查看：<a href=\"#\" target=\"_blank\">http://xxx.com/article/6.html</a></p>
                </li>
                <li>
                	<h5>如何成为星点互联VIP会员？</h5>
                    <p>在登录界面中选择第三方账号登陆或用邮箱注册，即可成为注册用户，请登录后在支付中心：<a href=\"#\" target=\"_blank\">http://xxx.com/vip/</a>，根据向导完成付费即可成为VIP会员。</p>
                </li>
                <li>
                	<h5>星点互联VIP会员有什么特权？</h5>
                    <p>VIP会员可享有：购买VIP享有素材免费下载、纯净无广告、智能搜索、新产品优先体验等特权。详情参见会员特权列表。</p>
                </li>
                <li>
                	<h5>恶意分享帐号，可能导致系统自动封号！</h5>
                    <p>星点互联（Neoconex）专业提供全球海量素材分享的服务性网站，为了长久的服务更多的VIP会员，提供更多高品质素材资源，星点互联（Neoconex）投入了相当大的成本和精力。近期有部分“乐于分享”的会员存在公众场合（包括论坛、QQ群等）恶意分享帐号的行为，使得会员系统频频报警，严重影响网站运营。星点互联（Neoconex）团队已在7月开启IP限制登录提醒功能，在此提醒用户，谨慎使用VIP帐户，谨防系统封号锁定。谢谢VIP会员们长期支持和帮助，举报传播账号经证实，举报者可获得7日VIP会员。</p>
                </li>
                
            </ul>
        </div>]]></item>
					<item id="items"><![CDATA[10]]></item>
				</item>
				<item id="shownum"><![CDATA[10]]></item>
				<item id="cachetime"><![CDATA[3600]]></item>
				<item id="cachetimerange"><![CDATA[]]></item>
				<item id="punctualupdate"><![CDATA[0]]></item>
				<item id="hidedisplay"><![CDATA[0]]></item>
				<item id="dateline"><![CDATA[1568087855]]></item>
				<item id="notinherited"><![CDATA[0]]></item>
				<item id="isblank"><![CDATA[0]]></item>
			</item>
			<item id="279">
				<item id="bid"><![CDATA[279]]></item>
				<item id="blockclass"><![CDATA[html_html]]></item>
				<item id="blocktype"><![CDATA[0]]></item>
				<item id="name"><![CDATA[热门特权VIP专属客服1对1支持：6天x12小时]]></item>
				<item id="title"><![CDATA[]]></item>
				<item id="classname"><![CDATA[]]></item>
				<item id="summary"><![CDATA[<li>
                	<div class="nex_ys_regular">
                        <div class="nex_ys_regular_icon nex_ys_regular_icon1">
                            <span></span>
                        </div> 
                        <h5>无限下载</h5> 
                        <p>原站图片</p>
                    </div>
                </li>
                <li>
                	<div class="nex_ys_regular">
                        <div class="nex_ys_regular_icon nex_ys_regular_icon2">
                            <span></span>
                        </div> 
                        <h5>高速下载</h5> 
                        <p>专属带宽</p>
                    </div>
                </li>
                <li>
                	<div class="nex_ys_regular">
                        <div class="nex_ys_regular_icon nex_ys_regular_icon3">
                            <span></span>
                        </div> 
                        <h5>无限下载</h5> 
                        <p>3000万免费版权图片</p>
                    </div>
                </li>
                <li>
                	<div class="nex_ys_regular">
                        <div class="nex_ys_regular_icon nex_ys_regular_icon4">
                            <span></span>
                        </div> 
                        <h5>无限上传</h5> 
                        <p>收藏/采集/上传图片</p>
                    </div>
                </li>
                <li>
                	<div class="nex_ys_regular">
                        <div class="nex_ys_regular_icon nex_ys_regular_icon5">
                            <span></span>
                        </div> 
                        <h5>≤100MB</h5> 
                        <p>单张上传图</p>
                    </div>
                </li>
                <li>
                	<div class="nex_ys_regular">
                        <div class="nex_ys_regular_icon nex_ys_regular_icon6">
                            <span></span>
                        </div> 
                        <h5>无限创建</h5> 
                        <p>协作图片集/私有图片集</p>
                    </div>
                </li>
                <li>
                	<div class="nex_ys_regular">
                        <div class="nex_ys_regular_icon nex_ys_regular_icon7">
                            <span></span>
                        </div> 
                        <h5>全功能使用</h5> 
                        <p>AI查找相似图</p>
                    </div>
                </li>
                <li>
                	<div class="nex_ys_regular">
                        <div class="nex_ys_regular_icon nex_ys_regular_icon8">
                            <span></span>
                        </div> 
                        <h5>VIP特权3折</h5> 
                        <p>66款个人终身商用字体</p>
                    </div>
                </li>
                <li>
                	<div class="nex_ys_regular">
                        <div class="nex_ys_regular_icon nex_ys_regular_icon9">
                            <span></span>
                        </div> 
                        <h5>VIP独享</h5> 
                        <p>在线现金回馈活动</p>
                    </div>
                </li>
                <li>
                	<div class="nex_ys_regular">
                        <div class="nex_ys_regular_icon nex_ys_regular_icon10">
                            <span></span>
                        </div> 
                        <h5>无限使用</h5> 
                        <p>AI扩大图</p>
                    </div>
                </li>]]></item>
				<item id="uid"><![CDATA[1]]></item>
				<item id="username"><![CDATA[admin]]></item>
				<item id="styleid"><![CDATA[0]]></item>
				<item id="blockstyle"><![CDATA[]]></item>
				<item id="picwidth"><![CDATA[0]]></item>
				<item id="picheight"><![CDATA[0]]></item>
				<item id="target"><![CDATA[blank]]></item>
				<item id="dateformat"><![CDATA[Y-m-d]]></item>
				<item id="dateuformat"><![CDATA[0]]></item>
				<item id="script"><![CDATA[blank]]></item>
				<item id="param">
					<item id="content"><![CDATA[<li>
                	<div class=\"nex_ys_regular\">
                        <div class=\"nex_ys_regular_icon nex_ys_regular_icon1\">
                            <span></span>
                        </div> 
                        <h5>无限下载</h5> 
                        <p>原站图片</p>
                    </div>
                </li>
                <li>
                	<div class=\"nex_ys_regular\">
                        <div class=\"nex_ys_regular_icon nex_ys_regular_icon2\">
                            <span></span>
                        </div> 
                        <h5>高速下载</h5> 
                        <p>专属带宽</p>
                    </div>
                </li>
                <li>
                	<div class=\"nex_ys_regular\">
                        <div class=\"nex_ys_regular_icon nex_ys_regular_icon3\">
                            <span></span>
                        </div> 
                        <h5>无限下载</h5> 
                        <p>3000万免费版权图片</p>
                    </div>
                </li>
                <li>
                	<div class=\"nex_ys_regular\">
                        <div class=\"nex_ys_regular_icon nex_ys_regular_icon4\">
                            <span></span>
                        </div> 
                        <h5>无限上传</h5> 
                        <p>收藏/采集/上传图片</p>
                    </div>
                </li>
                <li>
                	<div class=\"nex_ys_regular\">
                        <div class=\"nex_ys_regular_icon nex_ys_regular_icon5\">
                            <span></span>
                        </div> 
                        <h5>≤100MB</h5> 
                        <p>单张上传图</p>
                    </div>
                </li>
                <li>
                	<div class=\"nex_ys_regular\">
                        <div class=\"nex_ys_regular_icon nex_ys_regular_icon6\">
                            <span></span>
                        </div> 
                        <h5>无限创建</h5> 
                        <p>协作图片集/私有图片集</p>
                    </div>
                </li>
                <li>
                	<div class=\"nex_ys_regular\">
                        <div class=\"nex_ys_regular_icon nex_ys_regular_icon7\">
                            <span></span>
                        </div> 
                        <h5>全功能使用</h5> 
                        <p>AI查找相似图</p>
                    </div>
                </li>
                <li>
                	<div class=\"nex_ys_regular\">
                        <div class=\"nex_ys_regular_icon nex_ys_regular_icon8\">
                            <span></span>
                        </div> 
                        <h5>VIP特权3折</h5> 
                        <p>66款个人终身商用字体</p>
                    </div>
                </li>
                <li>
                	<div class=\"nex_ys_regular\">
                        <div class=\"nex_ys_regular_icon nex_ys_regular_icon9\">
                            <span></span>
                        </div> 
                        <h5>VIP独享</h5> 
                        <p>在线现金回馈活动</p>
                    </div>
                </li>
                <li>
                	<div class=\"nex_ys_regular\">
                        <div class=\"nex_ys_regular_icon nex_ys_regular_icon10\">
                            <span></span>
                        </div> 
                        <h5>无限使用</h5> 
                        <p>AI扩大图</p>
                    </div>
                </li>]]></item>
					<item id="items"><![CDATA[10]]></item>
				</item>
				<item id="shownum"><![CDATA[10]]></item>
				<item id="cachetime"><![CDATA[3600]]></item>
				<item id="cachetimerange"><![CDATA[]]></item>
				<item id="punctualupdate"><![CDATA[0]]></item>
				<item id="hidedisplay"><![CDATA[0]]></item>
				<item id="dateline"><![CDATA[1568087859]]></item>
				<item id="notinherited"><![CDATA[0]]></item>
				<item id="isblank"><![CDATA[0]]></item>
			</item>
			<item id="280">
				<item id="bid"><![CDATA[280]]></item>
				<item id="blockclass"><![CDATA[html_html]]></item>
				<item id="blocktype"><![CDATA[0]]></item>
				<item id="name"><![CDATA[其他特权]]></item>
				<item id="title"><![CDATA[]]></item>
				<item id="classname"><![CDATA[]]></item>
				<item id="summary"><![CDATA[<li>
                	<div class="nex_or_icon nex_or_icon1"></div>
                    <div class="nex_or_intel">
                    	<h5>优先体验</h5>
                        <p>网站最新功能</p>
                    </div>
                    <div class="clear"></div>
                </li>
                <li>
                	<div class="nex_or_icon nex_or_icon2"></div>
                    <div class="nex_or_intel">
                    	<h5>灵活定制</h5>
                        <p>定制搜索（即将上线）</p>
                    </div>
                    <div class="clear"></div>
                </li>
                <li>
                	<div class="nex_or_icon nex_or_icon3"></div>
                    <div class="nex_or_intel">
                    	<h5>VIP享特权价</h5>
                        <p>后续设计师产品</p>
                    </div>
                    <div class="clear"></div>
                </li>
                <li>
                	<div class="nex_or_icon nex_or_icon4"></div>
                    <div class="nex_or_intel">
                    	<h5>尊享专属标识</h5>
                        <p>网站VIP身份</p>
                    </div>
                    <div class="clear"></div>
                </li>
                <li>
                	<div class="nex_or_icon nex_or_icon5"></div>
                    <div class="nex_or_intel">
                    	<h5>快速认证通道</h5>
                        <p>网站认证设计师</p>
                    </div>
                    <div class="clear"></div>
                </li>
                <li>
                	<div class="nex_or_icon nex_or_icon6"></div>
                    <div class="nex_or_intel">
                    	<h5>优先推荐</h5>
                        <p>创建的优秀图片集</p>
                    </div>
                    <div class="clear"></div>
                </li>
                <li>
                	<div class="nex_or_icon nex_or_icon7"></div>
                    <div class="nex_or_intel">
                    	<h5>VIP会员双倍</h5>
                        <p>等级积分（待上线）</p>
                    </div>
                    <div class="clear"></div>
                </li>
                <li>
                	<div class="nex_or_icon nex_or_icon8"></div>
                    <div class="nex_or_intel">
                    	<h5>不定期赠送</h5>
                        <p>线下活动门票</p>
                    </div>
                    <div class="clear"></div>
                </li>]]></item>
				<item id="uid"><![CDATA[1]]></item>
				<item id="username"><![CDATA[admin]]></item>
				<item id="styleid"><![CDATA[0]]></item>
				<item id="blockstyle"><![CDATA[]]></item>
				<item id="picwidth"><![CDATA[0]]></item>
				<item id="picheight"><![CDATA[0]]></item>
				<item id="target"><![CDATA[blank]]></item>
				<item id="dateformat"><![CDATA[Y-m-d]]></item>
				<item id="dateuformat"><![CDATA[0]]></item>
				<item id="script"><![CDATA[blank]]></item>
				<item id="param">
					<item id="content"><![CDATA[<li>
                	<div class=\"nex_or_icon nex_or_icon1\"></div>
                    <div class=\"nex_or_intel\">
                    	<h5>优先体验</h5>
                        <p>网站最新功能</p>
                    </div>
                    <div class=\"clear\"></div>
                </li>
                <li>
                	<div class=\"nex_or_icon nex_or_icon2\"></div>
                    <div class=\"nex_or_intel\">
                    	<h5>灵活定制</h5>
                        <p>定制搜索（即将上线）</p>
                    </div>
                    <div class=\"clear\"></div>
                </li>
                <li>
                	<div class=\"nex_or_icon nex_or_icon3\"></div>
                    <div class=\"nex_or_intel\">
                    	<h5>VIP享特权价</h5>
                        <p>后续设计师产品</p>
                    </div>
                    <div class=\"clear\"></div>
                </li>
                <li>
                	<div class=\"nex_or_icon nex_or_icon4\"></div>
                    <div class=\"nex_or_intel\">
                    	<h5>尊享专属标识</h5>
                        <p>网站VIP身份</p>
                    </div>
                    <div class=\"clear\"></div>
                </li>
                <li>
                	<div class=\"nex_or_icon nex_or_icon5\"></div>
                    <div class=\"nex_or_intel\">
                    	<h5>快速认证通道</h5>
                        <p>网站认证设计师</p>
                    </div>
                    <div class=\"clear\"></div>
                </li>
                <li>
                	<div class=\"nex_or_icon nex_or_icon6\"></div>
                    <div class=\"nex_or_intel\">
                    	<h5>优先推荐</h5>
                        <p>创建的优秀图片集</p>
                    </div>
                    <div class=\"clear\"></div>
                </li>
                <li>
                	<div class=\"nex_or_icon nex_or_icon7\"></div>
                    <div class=\"nex_or_intel\">
                    	<h5>VIP会员双倍</h5>
                        <p>等级积分（待上线）</p>
                    </div>
                    <div class=\"clear\"></div>
                </li>
                <li>
                	<div class=\"nex_or_icon nex_or_icon8\"></div>
                    <div class=\"nex_or_intel\">
                    	<h5>不定期赠送</h5>
                        <p>线下活动门票</p>
                    </div>
                    <div class=\"clear\"></div>
                </li>]]></item>
					<item id="items"><![CDATA[10]]></item>
				</item>
				<item id="shownum"><![CDATA[10]]></item>
				<item id="cachetime"><![CDATA[3600]]></item>
				<item id="cachetimerange"><![CDATA[]]></item>
				<item id="punctualupdate"><![CDATA[0]]></item>
				<item id="hidedisplay"><![CDATA[0]]></item>
				<item id="dateline"><![CDATA[1568080718]]></item>
				<item id="notinherited"><![CDATA[0]]></item>
				<item id="isblank"><![CDATA[0]]></item>
			</item>
			<item id="281">
				<item id="bid"><![CDATA[281]]></item>
				<item id="blockclass"><![CDATA[html_html]]></item>
				<item id="blocktype"><![CDATA[0]]></item>
				<item id="name"><![CDATA[加入VIP]]></item>
				<item id="title"><![CDATA[]]></item>
				<item id="classname"><![CDATA[]]></item>
				<item id="summary"><![CDATA[<div class="nex_vip_joinin_btn"><a href="#" target="_blank">立即开通VIP</a></div>]]></item>
				<item id="uid"><![CDATA[1]]></item>
				<item id="username"><![CDATA[admin]]></item>
				<item id="styleid"><![CDATA[0]]></item>
				<item id="blockstyle"><![CDATA[]]></item>
				<item id="picwidth"><![CDATA[0]]></item>
				<item id="picheight"><![CDATA[0]]></item>
				<item id="target"><![CDATA[blank]]></item>
				<item id="dateformat"><![CDATA[Y-m-d]]></item>
				<item id="dateuformat"><![CDATA[0]]></item>
				<item id="script"><![CDATA[blank]]></item>
				<item id="param">
					<item id="content"><![CDATA[<div class=\"nex_vip_joinin_btn\"><a href=\"#\" target=\"_blank\">立即开通VIP</a></div>]]></item>
					<item id="items"><![CDATA[10]]></item>
				</item>
				<item id="shownum"><![CDATA[10]]></item>
				<item id="cachetime"><![CDATA[3600]]></item>
				<item id="cachetimerange"><![CDATA[]]></item>
				<item id="punctualupdate"><![CDATA[0]]></item>
				<item id="hidedisplay"><![CDATA[0]]></item>
				<item id="dateline"><![CDATA[1568080795]]></item>
				<item id="notinherited"><![CDATA[0]]></item>
				<item id="isblank"><![CDATA[0]]></item>
			</item>
			<item id="282">
				<item id="bid"><![CDATA[282]]></item>
				<item id="blockclass"><![CDATA[html_html]]></item>
				<item id="blocktype"><![CDATA[0]]></item>
				<item id="name"><![CDATA[VIP特权对比]]></item>
				<item id="title"><![CDATA[]]></item>
				<item id="classname"><![CDATA[]]></item>
				<item id="summary"><![CDATA[<li>
                    <p class="nex_p_noneline"><span>会员类型</span></p>
                    <div class="nex_vip_highlight">会员价格</div>
                    <p>平面广告</p>
                    <p>ppt模板</p>
                    <p>元素、背景、摄影图</p>
                    <p>工作文档</p>
                    <p>Excel表格</p>
                    <p></p>
                </li>
                
                <li>
                    <p><span>普通用户</span></p>
                    <div class="nex_vip_highlight"><i>￥</i><span>0</span><u> /年</u></div>
                    <p>0个/天</p>
                    <p>0个/天</p>
                    <p>2个/天</p>
                    <p>0个/天</p>
                    <p>0个/天</p>
                    <a href="#">立即升级</a>
                </li>
                
                <li>
                    <p><img src="template/nex_sucai_190828/neoconex/vip/01ptvip.png"><span>普通VIP</span></p>
                    <div class="nex_vip_highlight"><i>￥</i><span>39</span><u> /年</u></div>
                    <p>10个/天</p>
                    <p>0个/天</p>
                    <p>不限次数</p>
                    <p>3个/天</p>
                    <p>3个/天</p>
                    <a href="#">立即启用</a>
                </li>
                
                <li>
                    <p><img src="template/nex_sucai_190828/neoconex/vip/02svip.png">&nbsp;<span>超级VIP</span></p>
                    <div class="nex_vip_highlight"><i>￥</i><span>69</span><u> /年</u></div>
                    <p>30个/天</p>
                    <p>5个/天</p>
                    <p>不限次数</p>
                    <p>10个/天</p>
                    <p>10个/天</p>
                    <a href="#">立即启用</a>
                </li>
                
                <li>
                    <p><img src="template/nex_sucai_190828/neoconex/vip/03zzvip.png">&nbsp;<span>至尊VIP</span></p>
                    <div class="nex_vip_highlight"><i>￥</i><span>199</span><u> /终身</u></div>
                    <p>不限次数</p>
                    <p>15个/天</p>
                    <p>不限次数</p>
                    <p>20个/天</p>
                    <p>20个/天</p>
                    <a href="#">立即启用</a>
                </li>]]></item>
				<item id="uid"><![CDATA[1]]></item>
				<item id="username"><![CDATA[admin]]></item>
				<item id="styleid"><![CDATA[0]]></item>
				<item id="blockstyle"><![CDATA[]]></item>
				<item id="picwidth"><![CDATA[0]]></item>
				<item id="picheight"><![CDATA[0]]></item>
				<item id="target"><![CDATA[blank]]></item>
				<item id="dateformat"><![CDATA[Y-m-d]]></item>
				<item id="dateuformat"><![CDATA[0]]></item>
				<item id="script"><![CDATA[blank]]></item>
				<item id="param">
					<item id="content"><![CDATA[<li>
                    <p class=\"nex_p_noneline\"><span>会员类型</span></p>
                    <div class=\"nex_vip_highlight\">会员价格</div>
                    <p>平面广告</p>
                    <p>ppt模板</p>
                    <p>元素、背景、摄影图</p>
                    <p>工作文档</p>
                    <p>Excel表格</p>
                    <p></p>
                </li>
                
                <li>
                    <p><span>普通用户</span></p>
                    <div class=\"nex_vip_highlight\"><i>￥</i><span>0</span><u> /年</u></div>
                    <p>0个/天</p>
                    <p>0个/天</p>
                    <p>2个/天</p>
                    <p>0个/天</p>
                    <p>0个/天</p>
                    <a href=\"#\">立即升级</a>
                </li>
                
                <li>
                    <p><img src=\"template/nex_sucai_190828/neoconex/vip/01ptvip.png\"><span>普通VIP</span></p>
                    <div class=\"nex_vip_highlight\"><i>￥</i><span>39</span><u> /年</u></div>
                    <p>10个/天</p>
                    <p>0个/天</p>
                    <p>不限次数</p>
                    <p>3个/天</p>
                    <p>3个/天</p>
                    <a href=\"#\">立即启用</a>
                </li>
                
                <li>
                    <p><img src=\"template/nex_sucai_190828/neoconex/vip/02svip.png\">&nbsp;<span>超级VIP</span></p>
                    <div class=\"nex_vip_highlight\"><i>￥</i><span>69</span><u> /年</u></div>
                    <p>30个/天</p>
                    <p>5个/天</p>
                    <p>不限次数</p>
                    <p>10个/天</p>
                    <p>10个/天</p>
                    <a href=\"#\">立即启用</a>
                </li>
                
                <li>
                    <p><img src=\"template/nex_sucai_190828/neoconex/vip/03zzvip.png\">&nbsp;<span>至尊VIP</span></p>
                    <div class=\"nex_vip_highlight\"><i>￥</i><span>199</span><u> /终身</u></div>
                    <p>不限次数</p>
                    <p>15个/天</p>
                    <p>不限次数</p>
                    <p>20个/天</p>
                    <p>20个/天</p>
                    <a href=\"#\">立即启用</a>
                </li>]]></item>
					<item id="items"><![CDATA[10]]></item>
				</item>
				<item id="shownum"><![CDATA[10]]></item>
				<item id="cachetime"><![CDATA[3600]]></item>
				<item id="cachetimerange"><![CDATA[]]></item>
				<item id="punctualupdate"><![CDATA[0]]></item>
				<item id="hidedisplay"><![CDATA[0]]></item>
				<item id="dateline"><![CDATA[1568080846]]></item>
				<item id="notinherited"><![CDATA[0]]></item>
				<item id="isblank"><![CDATA[0]]></item>
			</item>
		</item>
		<item id="style">
		</item>
	</item>
</root>