<?xml version="1.0" encoding="ISO-8859-1"?>
<root>
	<item id="Title"><![CDATA[Discuz! Plugin]]></item>
	<item id="Version"><![CDATA[X3,X3.1,X3.2,X3.3,X3.4]]></item>
	<item id="Time"><![CDATA[2019-12-30 03:56]]></item>
	<item id="From"><![CDATA[我的站點 (https://dism.taobao.com/)]]></item>
	<item id="Data">
		<item id="plugin">
			<item id="available"><![CDATA[1]]></item>
			<item id="adminid"><![CDATA[0]]></item>
			<item id="name"><![CDATA[貴古-手機頭像上傳]]></item>
			<item id="identifier"><![CDATA[guiigo_upavatar]]></item>
			<item id="description"><![CDATA[]]></item>
			<item id="datatables"><![CDATA[]]></item>
			<item id="directory"><![CDATA[guiigo_upavatar/]]></item>
			<item id="copyright"><![CDATA[DisM!应用中心(dism.taobao.com)]]></item>
			<item id="version"><![CDATA[V1.0]]></item>
			<item id="__modules">
				<item id="0">
					<item id="name"><![CDATA[AdminOther]]></item>
					<item id="param"><![CDATA[]]></item>
					<item id="menu"><![CDATA[<style>@keyframes rans {from{backgroud-position: 0 0;}to{background-position: 2000px 0;}}</style> <font style="background: -webkit-linear-gradient(18deg, #09c, #2366a8, #090, #ff9, #f4e4b4, #FF4400, #c00);background: -moz-linear-gradient(18deg, #3300CC, #660099, #990066, #CC0033, #FF9999, #FF4400, #3300CC);background: -ms-linear-gradient(18deg, #3300CC, #660099, #990066, #CC0033, #FF9999, #FF4400, #3300CC);animation: rans 18s linear infinite;-webkit-background-clip: text;color: transparent;">更新插件</font>]]></item>
					<item id="url"><![CDATA[]]></item>
					<item id="type"><![CDATA[3]]></item>
					<item id="adminid"><![CDATA[0]]></item>
					<item id="displayorder"><![CDATA[0]]></item>
					<item id="navtitle"><![CDATA[]]></item>
					<item id="navicon"><![CDATA[]]></item>
					<item id="navsubname"><![CDATA[]]></item>
					<item id="navsuburl"><![CDATA[]]></item>
				</item>
			</item>
		</item>
		<item id="version"><![CDATA[X3,X3.1,X3.2,X3.3,X3.4]]></item>
		<item id="var">
			<item id="0">
				<item id="displayorder"><![CDATA[0]]></item>
				<item id="title"><![CDATA[頭像上傳成功跳轉地址]]></item>
				<item id="description"><![CDATA[變量替換：{uid}=儅前登錄用戶uid]]></item>
				<item id="variable"><![CDATA[upjmurl]]></item>
				<item id="type"><![CDATA[text]]></item>
				<item id="value"><![CDATA[home.php?mod=space&uid={uid}&do=profile&mycenter=1&mobile=2]]></item>
				<item id="extra"><![CDATA[]]></item>
			</item>
		</item>
		<item id="language">
			<item id="scriptlang">
				<item id="langs001"><![CDATA[尚未登錄，請先登錄]]></item>
				<item id="langs002"><![CDATA[頭像脩改成功]]></item>
				<item id="langs003"><![CDATA[頭像脩改失敗，稍後再試]]></item>
				<item id="langs004"><![CDATA[尚未登錄，請先登錄]]></item>
				<item id="langs005"><![CDATA[請選擇相片]]></item>
			</item>
			<item id="templatelang">
				<item id="langt001"><![CDATA[頭像上傳]]></item>
				<item id="langt002"><![CDATA[請選擇圖片]]></item>
				<item id="langt003"><![CDATA[選擇圖片]]></item>
				<item id="langt004"><![CDATA[保存頭像]]></item>
				<item id="langt005"><![CDATA[頁麪加載中...]]></item>
				<item id="langt006"><![CDATA[圖片上傳中...]]></item>
			</item>
		</item>
		<item id="uninstallfile"><![CDATA[uninstall.php]]></item>
	</item>
</root>