<?xml version="1.0" encoding="ISO-8859-1"?>
<root>
	<item id="spacecss"><![CDATA[#frameLS83dy { border:#000000 0px !important;margin:0px !important;}#portal_block_132 { border:#000000 0px !important;margin:0px !important;}#frame57idZh { border:#000000 0px !important;margin:0px !important;}#frameFgd12k { border:#000000 0px !important;margin:0px !important;}#portal_block_132 .dxb_bc { margin:0px !important;}#portal_block_133 { border:0px !important;margin:0px !important;}#portal_block_133 .dxb_bc { margin:0px !important;}#portal_block_131 { border:0px !important;margin:0px !important;}#portal_block_131 .dxb_bc { margin:0px !important;}#frameqr4hN8 { border:0px !important;margin:0px !important;}#portal_block_170 { border:0px !important;margin:0px !important;}#portal_block_170 .dxb_bc { margin:0px !important;}]]></item>
	<item id="layoutdata">
		<item id="diynavtop"><![CDATA[]]></item>
		<item id="diy1"><![CDATA[]]></item>
		<item id="diyfastposttop"><![CDATA[]]></item>
		<item id=""><![CDATA[]]></item>
		<item id="diy_sd_1"><![CDATA[]]></item>
		<item id="diy_sd_slide"><![CDATA[]]></item>
		<item id="diy_sd_hot">
			<item id="frame`frameLS83dy">
				<item id="attr">
					<item id="name"><![CDATA[frameLS83dy]]></item>
					<item id="moveable"><![CDATA[true]]></item>
					<item id="className"><![CDATA[ frame move-span cl frame-1]]></item>
					<item id="titles">
						<item id="className">
							<item id="0"><![CDATA[frame-title title]]></item>
						</item>
						<item id="style"><![CDATA[]]></item>
						<item id="first">
							<item id="text"><![CDATA[精彩推荐]]></item>
							<item id="href"><![CDATA[]]></item>
							<item id="color"><![CDATA[]]></item>
							<item id="float"><![CDATA[]]></item>
							<item id="margin"><![CDATA[]]></item>
							<item id="font-size"><![CDATA[]]></item>
							<item id="className"><![CDATA[titletext]]></item>
							<item id="src"><![CDATA[]]></item>
						</item>
					</item>
				</item>
				<item id="column`frameLS83dy_left">
					<item id="attr">
						<item id="name"><![CDATA[frameLS83dy_left]]></item>
						<item id="className"><![CDATA[column frame-1-c]]></item>
					</item>
					<item id="block`portal_block_132">
						<item id="attr">
							<item id="name"><![CDATA[portal_block_132]]></item>
							<item id="className"><![CDATA[block move-span]]></item>
							<item id="titles"><![CDATA[]]></item>
						</item>
					</item>
				</item>
			</item>
		</item>
		<item id="diy_sd_4">
			<item id="frame`frameFgd12k">
				<item id="attr">
					<item id="name"><![CDATA[frameFgd12k]]></item>
					<item id="moveable"><![CDATA[true]]></item>
					<item id="className"><![CDATA[ frame move-span cl frame-1]]></item>
					<item id="titles">
						<item id="className">
							<item id="0"><![CDATA[frame-title title]]></item>
						</item>
						<item id="style"><![CDATA[]]></item>
						<item id="first">
							<item id="text"><![CDATA[热门资讯]]></item>
							<item id="href"><![CDATA[]]></item>
							<item id="color"><![CDATA[]]></item>
							<item id="float"><![CDATA[]]></item>
							<item id="margin"><![CDATA[]]></item>
							<item id="font-size"><![CDATA[]]></item>
							<item id="className"><![CDATA[titletext]]></item>
							<item id="src"><![CDATA[]]></item>
						</item>
					</item>
				</item>
				<item id="column`frameFgd12k_left">
					<item id="attr">
						<item id="name"><![CDATA[frameFgd12k_left]]></item>
						<item id="className"><![CDATA[column frame-1-c]]></item>
					</item>
					<item id="block`portal_block_133">
						<item id="attr">
							<item id="name"><![CDATA[portal_block_133]]></item>
							<item id="className"><![CDATA[block move-span]]></item>
							<item id="titles"><![CDATA[]]></item>
						</item>
					</item>
				</item>
			</item>
		</item>
		<item id="diy_sd_5">
			<item id="frame`frame57idZh">
				<item id="attr">
					<item id="name"><![CDATA[frame57idZh]]></item>
					<item id="moveable"><![CDATA[true]]></item>
					<item id="className"><![CDATA[ frame move-span cl frame-1]]></item>
					<item id="titles">
						<item id="className">
							<item id="0"><![CDATA[frame-title title]]></item>
						</item>
						<item id="style"><![CDATA[]]></item>
						<item id="first">
							<item id="text"><![CDATA[网友晒图]]></item>
							<item id="href"><![CDATA[]]></item>
							<item id="color"><![CDATA[]]></item>
							<item id="float"><![CDATA[]]></item>
							<item id="margin"><![CDATA[]]></item>
							<item id="font-size"><![CDATA[]]></item>
							<item id="className"><![CDATA[titletext]]></item>
							<item id="src"><![CDATA[]]></item>
						</item>
					</item>
				</item>
				<item id="column`frame57idZh_left">
					<item id="attr">
						<item id="name"><![CDATA[frame57idZh_left]]></item>
						<item id="className"><![CDATA[column frame-1-c]]></item>
					</item>
					<item id="block`portal_block_131">
						<item id="attr">
							<item id="name"><![CDATA[portal_block_131]]></item>
							<item id="className"><![CDATA[block move-span]]></item>
							<item id="titles"><![CDATA[]]></item>
						</item>
					</item>
				</item>
			</item>
		</item>
		<item id="diy_sd_6"><![CDATA[]]></item>
		<item id="diy_sd_7"><![CDATA[]]></item>
		<item id="diy0001">
			<item id="frame`frameqr4hN8">
				<item id="attr">
					<item id="name"><![CDATA[frameqr4hN8]]></item>
					<item id="moveable"><![CDATA[true]]></item>
					<item id="className"><![CDATA[ frame move-span cl frame-1]]></item>
					<item id="titles">
						<item id="className">
							<item id="0"><![CDATA[title frame-title]]></item>
						</item>
						<item id="style"><![CDATA[]]></item>
						<item id="first">
							<item id="text"><![CDATA[图文推荐]]></item>
							<item id="href"><![CDATA[]]></item>
							<item id="color"><![CDATA[]]></item>
							<item id="float"><![CDATA[]]></item>
							<item id="margin"><![CDATA[]]></item>
							<item id="font-size"><![CDATA[]]></item>
							<item id="className"><![CDATA[titletext]]></item>
							<item id="src"><![CDATA[]]></item>
						</item>
					</item>
				</item>
				<item id="column`frameqr4hN8_left">
					<item id="attr">
						<item id="name"><![CDATA[frameqr4hN8_left]]></item>
						<item id="className"><![CDATA[column frame-1-c]]></item>
					</item>
					<item id="block`portal_block_170">
						<item id="attr">
							<item id="name"><![CDATA[portal_block_170]]></item>
							<item id="className"><![CDATA[block move-span]]></item>
							<item id="titles"><![CDATA[]]></item>
						</item>
					</item>
				</item>
			</item>
		</item>
		<item id="diy0002"><![CDATA[]]></item>
		<item id="diy3"><![CDATA[]]></item>
	</item>
	<item id="blockdata">
		<item id="block">
			<item id="131">
				<item id="bid"><![CDATA[131]]></item>
				<item id="blockclass"><![CDATA[forum_thread]]></item>
				<item id="blocktype"><![CDATA[0]]></item>
				<item id="name"><![CDATA[帖子内容页-侧边栏-帖子图片列表-单列]]></item>
				<item id="title"><![CDATA[]]></item>
				<item id="classname"><![CDATA[]]></item>
				<item id="summary"><![CDATA[]]></item>
				<item id="uid"><![CDATA[1]]></item>
				<item id="username"><![CDATA[admin]]></item>
				<item id="styleid"><![CDATA[166]]></item>
				<item id="blockstyle"><![CDATA[]]></item>
				<item id="picwidth"><![CDATA[300]]></item>
				<item id="picheight"><![CDATA[180]]></item>
				<item id="target"><![CDATA[blank]]></item>
				<item id="dateformat"><![CDATA[Y-m-d]]></item>
				<item id="dateuformat"><![CDATA[0]]></item>
				<item id="script"><![CDATA[threadnew]]></item>
				<item id="param">
					<item id="fids">
						<item id="0"><![CDATA[0]]></item>
					</item>
					<item id="special">
						<item id="0"><![CDATA[0]]></item>
					</item>
					<item id="viewmod"><![CDATA[0]]></item>
					<item id="rewardstatus"><![CDATA[0]]></item>
					<item id="picrequired"><![CDATA[1]]></item>
					<item id="orderby"><![CDATA[lastpost]]></item>
					<item id="postdateline"><![CDATA[0]]></item>
					<item id="lastpost"><![CDATA[0]]></item>
					<item id="titlelength"><![CDATA[40]]></item>
					<item id="summarylength"><![CDATA[40]]></item>
					<item id="startrow"><![CDATA[0]]></item>
					<item id="items"><![CDATA[2]]></item>
				</item>
				<item id="shownum"><![CDATA[2]]></item>
				<item id="cachetime"><![CDATA[3600]]></item>
				<item id="cachetimerange"><![CDATA[]]></item>
				<item id="punctualupdate"><![CDATA[0]]></item>
				<item id="hidedisplay"><![CDATA[0]]></item>
				<item id="dateline"><![CDATA[1568192370]]></item>
				<item id="notinherited"><![CDATA[0]]></item>
				<item id="isblank"><![CDATA[0]]></item>
			</item>
			<item id="132">
				<item id="bid"><![CDATA[132]]></item>
				<item id="blockclass"><![CDATA[forum_thread]]></item>
				<item id="blocktype"><![CDATA[0]]></item>
				<item id="name"><![CDATA[帖子内容页-侧边栏-帖子模块-左图右文列表]]></item>
				<item id="title"><![CDATA[]]></item>
				<item id="classname"><![CDATA[]]></item>
				<item id="summary"><![CDATA[]]></item>
				<item id="uid"><![CDATA[1]]></item>
				<item id="username"><![CDATA[admin]]></item>
				<item id="styleid"><![CDATA[163]]></item>
				<item id="blockstyle"><![CDATA[]]></item>
				<item id="picwidth"><![CDATA[150]]></item>
				<item id="picheight"><![CDATA[100]]></item>
				<item id="target"><![CDATA[blank]]></item>
				<item id="dateformat"><![CDATA[Y-m-d]]></item>
				<item id="dateuformat"><![CDATA[0]]></item>
				<item id="script"><![CDATA[threadnew]]></item>
				<item id="param">
					<item id="fids">
						<item id="0"><![CDATA[0]]></item>
					</item>
					<item id="special">
						<item id="0"><![CDATA[0]]></item>
					</item>
					<item id="viewmod"><![CDATA[0]]></item>
					<item id="rewardstatus"><![CDATA[0]]></item>
					<item id="picrequired"><![CDATA[1]]></item>
					<item id="orderby"><![CDATA[lastpost]]></item>
					<item id="postdateline"><![CDATA[0]]></item>
					<item id="lastpost"><![CDATA[0]]></item>
					<item id="titlelength"><![CDATA[40]]></item>
					<item id="summarylength"><![CDATA[80]]></item>
					<item id="startrow"><![CDATA[0]]></item>
					<item id="items"><![CDATA[4]]></item>
				</item>
				<item id="shownum"><![CDATA[4]]></item>
				<item id="cachetime"><![CDATA[3600]]></item>
				<item id="cachetimerange"><![CDATA[]]></item>
				<item id="punctualupdate"><![CDATA[0]]></item>
				<item id="hidedisplay"><![CDATA[0]]></item>
				<item id="dateline"><![CDATA[1568193489]]></item>
				<item id="notinherited"><![CDATA[0]]></item>
				<item id="isblank"><![CDATA[0]]></item>
			</item>
			<item id="133">
				<item id="bid"><![CDATA[133]]></item>
				<item id="blockclass"><![CDATA[forum_thread]]></item>
				<item id="blocktype"><![CDATA[0]]></item>
				<item id="name"><![CDATA[帖子内容页-侧边栏-贴子标题列表-彩色图标]]></item>
				<item id="title"><![CDATA[]]></item>
				<item id="classname"><![CDATA[]]></item>
				<item id="summary"><![CDATA[]]></item>
				<item id="uid"><![CDATA[1]]></item>
				<item id="username"><![CDATA[admin]]></item>
				<item id="styleid"><![CDATA[171]]></item>
				<item id="blockstyle"><![CDATA[]]></item>
				<item id="picwidth"><![CDATA[0]]></item>
				<item id="picheight"><![CDATA[0]]></item>
				<item id="target"><![CDATA[blank]]></item>
				<item id="dateformat"><![CDATA[Y-m-d]]></item>
				<item id="dateuformat"><![CDATA[0]]></item>
				<item id="script"><![CDATA[threadnew]]></item>
				<item id="param">
					<item id="fids">
						<item id="0"><![CDATA[0]]></item>
					</item>
					<item id="special">
						<item id="0"><![CDATA[0]]></item>
					</item>
					<item id="viewmod"><![CDATA[0]]></item>
					<item id="rewardstatus"><![CDATA[0]]></item>
					<item id="picrequired"><![CDATA[1]]></item>
					<item id="orderby"><![CDATA[lastpost]]></item>
					<item id="postdateline"><![CDATA[0]]></item>
					<item id="lastpost"><![CDATA[0]]></item>
					<item id="titlelength"><![CDATA[40]]></item>
					<item id="summarylength"><![CDATA[80]]></item>
					<item id="startrow"><![CDATA[0]]></item>
					<item id="items"><![CDATA[10]]></item>
				</item>
				<item id="shownum"><![CDATA[10]]></item>
				<item id="cachetime"><![CDATA[3600]]></item>
				<item id="cachetimerange"><![CDATA[]]></item>
				<item id="punctualupdate"><![CDATA[0]]></item>
				<item id="hidedisplay"><![CDATA[0]]></item>
				<item id="dateline"><![CDATA[1568184128]]></item>
				<item id="notinherited"><![CDATA[0]]></item>
				<item id="isblank"><![CDATA[0]]></item>
			</item>
			<item id="170">
				<item id="bid"><![CDATA[170]]></item>
				<item id="blockclass"><![CDATA[forum_thread]]></item>
				<item id="blocktype"><![CDATA[0]]></item>
				<item id="name"><![CDATA[帖子内容页-底部图文模块]]></item>
				<item id="title"><![CDATA[]]></item>
				<item id="classname"><![CDATA[]]></item>
				<item id="summary"><![CDATA[]]></item>
				<item id="uid"><![CDATA[1]]></item>
				<item id="username"><![CDATA[admin]]></item>
				<item id="styleid"><![CDATA[178]]></item>
				<item id="blockstyle"><![CDATA[]]></item>
				<item id="picwidth"><![CDATA[220]]></item>
				<item id="picheight"><![CDATA[170]]></item>
				<item id="target"><![CDATA[blank]]></item>
				<item id="dateformat"><![CDATA[Y-m-d]]></item>
				<item id="dateuformat"><![CDATA[0]]></item>
				<item id="script"><![CDATA[threadnew]]></item>
				<item id="param">
					<item id="fids">
						<item id="0"><![CDATA[0]]></item>
					</item>
					<item id="special">
						<item id="0"><![CDATA[0]]></item>
					</item>
					<item id="viewmod"><![CDATA[0]]></item>
					<item id="rewardstatus"><![CDATA[0]]></item>
					<item id="picrequired"><![CDATA[1]]></item>
					<item id="orderby"><![CDATA[lastpost]]></item>
					<item id="postdateline"><![CDATA[0]]></item>
					<item id="lastpost"><![CDATA[0]]></item>
					<item id="titlelength"><![CDATA[32]]></item>
					<item id="summarylength"><![CDATA[80]]></item>
					<item id="startrow"><![CDATA[0]]></item>
					<item id="items"><![CDATA[10]]></item>
				</item>
				<item id="shownum"><![CDATA[10]]></item>
				<item id="cachetime"><![CDATA[3600]]></item>
				<item id="cachetimerange"><![CDATA[]]></item>
				<item id="punctualupdate"><![CDATA[0]]></item>
				<item id="hidedisplay"><![CDATA[0]]></item>
				<item id="dateline"><![CDATA[1568193492]]></item>
				<item id="notinherited"><![CDATA[0]]></item>
				<item id="isblank"><![CDATA[0]]></item>
			</item>
		</item>
		<item id="style">
			<item id="163">
				<item id="styleid"><![CDATA[163]]></item>
				<item id="blockclass"><![CDATA[forum_thread]]></item>
				<item id="name"><![CDATA[[未来科技-2020]文章图文列表-左图右标题-竖排大间距]]></item>
				<item id="template">
					<item id="raw"><![CDATA[

<!--
[未来科技-2020]文章图文列表-左图右标题-竖排大间距
-->
<style>
.vk_diy_pic_title_big {}
.vk_diy_pic_title_big dl { border-bottom:1px solid #eee; margin:10px 5px; padding:0 0 10px 0;}
.vk_diy_pic_title_big dl:last-child { border-bottom:none; padding-bottom: 0px; margin-bottom: 0px; }
</style>
<div class="module cl xld vk_diy_pic_title_big ">
[loop]
<dl class="cl">
	<dd class="m"><a href="{url}"{target}><img src="{pic}" width="{picwidth}" height="{picheight}" alt="{title}" /></a></dd>
	<dt  style=" font-size:14px; font-weight: normal; color:#333;">  <a href="{url}" title="{title}"{target}>{title}</a></dt>
</dl>
[/loop]
</div>


]]></item>
					<item id="footer"><![CDATA[]]></item>
					<item id="header"><![CDATA[]]></item>
					<item id="indexplus">
					</item>
					<item id="index">
					</item>
					<item id="orderplus">
					</item>
					<item id="order">
					</item>
					<item id="loopplus">
					</item>
					<item id="loop"><![CDATA[<dl class="cl">
	<dd class="m"><a href="{url}"{target}><img src="{pic}" width="{picwidth}" height="{picheight}" alt="{title}" /></a></dd>
	<dt  style=" font-size:14px; font-weight: normal; color:#333;">  <a href="{url}" title="{title}"{target}>{title}</a></dt>
</dl>]]></item>
				</item>
				<item id="hash"><![CDATA[3fb78691]]></item>
				<item id="getpic"><![CDATA[1]]></item>
				<item id="getsummary"><![CDATA[0]]></item>
				<item id="makethumb"><![CDATA[1]]></item>
				<item id="settarget"><![CDATA[1]]></item>
				<item id="fields">
					<item id="0"><![CDATA[url]]></item>
					<item id="1"><![CDATA[pic]]></item>
					<item id="2"><![CDATA[title]]></item>
				</item>
				<item id="moreurl"><![CDATA[0]]></item>
			</item>
			<item id="166">
				<item id="styleid"><![CDATA[166]]></item>
				<item id="blockclass"><![CDATA[forum_thread]]></item>
				<item id="name"><![CDATA[[未来科技-2020]帖子图片调用-一列-标题负边距-背景白色]]></item>
				<item id="template">
					<item id="raw"><![CDATA[

<!--
[未来科技-2020]帖子图片调用-一列-标题负边距-背景白色
-->
<style type="text/css">
.vk_pic_list_1_10_inner_ { }
.vk_pic_list_1_10_inner_white li {  position:relative; float: left;  margin: 0 0px 10px 0px; }

.vk_pic_list_1_10_inner_white li img {background: #fff; border: 0px solid #333; cursor: pointer; }
.vk_pic_list_1_10_inner_white span  { display: block;  background-color:#fff; position:absolute ; left:0px; bottom:0px; width:100% ; height:40px ; text-indent:5px; line-height:40px; font-size:14px;  color:#222; overflow:hidden; opacity:.70;filter:alpha(opacity=80);}
.vk_pic_list_1_10_inner_white li:hover span { background-color:#000; color:#f60; text-decoration:none; }
.vk_pic_list_1_10_inner_white span:hover { color:#f60; text-decoration:none; }

</style>
<div class="vk_pic_list_1_10_inner_white cl">
    <ul>
        [loop]
            <li style="width:{picwidth}px; height:{picheight}px;"><a href="{url}"{target} title="{title}"><img src="{pic}" width="{picwidth}" height="{picheight}" /><span>{title}</span></a></li>
        [/loop]
    </ul>
</div>



]]></item>
					<item id="footer"><![CDATA[]]></item>
					<item id="header"><![CDATA[]]></item>
					<item id="indexplus">
					</item>
					<item id="index">
					</item>
					<item id="orderplus">
					</item>
					<item id="order">
					</item>
					<item id="loopplus">
					</item>
					<item id="loop"><![CDATA[<li style="width:{picwidth}px; height:{picheight}px;"><a href="{url}"{target} title="{title}"><img src="{pic}" width="{picwidth}" height="{picheight}" /><span>{title}</span></a></li>]]></item>
				</item>
				<item id="hash"><![CDATA[279740ac]]></item>
				<item id="getpic"><![CDATA[1]]></item>
				<item id="getsummary"><![CDATA[0]]></item>
				<item id="makethumb"><![CDATA[1]]></item>
				<item id="settarget"><![CDATA[1]]></item>
				<item id="fields">
					<item id="0"><![CDATA[url]]></item>
					<item id="1"><![CDATA[title]]></item>
					<item id="2"><![CDATA[pic]]></item>
				</item>
				<item id="moreurl"><![CDATA[0]]></item>
			</item>
			<item id="171">
				<item id="styleid"><![CDATA[171]]></item>
				<item id="blockclass"><![CDATA[forum_thread]]></item>
				<item id="name"><![CDATA[[未来科技-2020]帖子标题调用-可自定义个数-彩色列表-无序号-方形]]></item>
				<item id="template">
					<item id="raw"><![CDATA[<!--
[未来科技-2020]帖子标题调用-可自定义个数-彩色列表-无序号-方形
-->
<style>
.vk_rank_color {margin-top:15px;}
.vk_rank_color ul li{ height:40px; line-height:36px;  overflow:hidden; border-bottom:1px solid #eee; padding: 5px 0; }
.vk_rank_color ul li span{ float:left; margin:0 10px 0 0; display:block; width:5px; height:36px;  }
.vk_rank_color ul li a{ font-size:14px; color:#666;  }
.vk_rank_color ul li a:hover{ color:#f60;}
.vk_rank_color ul li span.vk_diy_color_one{ background:#f41;}
.vk_rank_color ul li span.vk_diy_color_two{ background:#f92;}
.vk_rank_color ul li span.vk_diy_color_three{ background:#fb5;}
.vk_rank_color ul li span.vk_diy_color_common{ background:#f2f2f2; color:#999; }
.vk_rank_color ul li:first-child { padding-top: 0px; }
.vk_rank_color ul li:last-child { border-bottom: none;  }
</style>

<div class="module cl xl vk_rank_color">
	<ul class=" ">
		[order=1]<li><span class="vk_diy_color_one"></span><a href="{url}" title="{title}" {target}>{title}</a></li>[/order]
		[order=2]<li><span class="vk_diy_color_two"></span><a href="{url}" title="{title}" {target}>{title}</a></li>[/order]
		[order=3]<li><span class="vk_diy_color_three"></span><a href="{url}" title="{title}" {target}>{title}</a></li>[/order]
		[loop]<li><span class="vk_diy_color_common"></span><a href="{url}" title="{title}" {target}>{title}</a></li>[/loop]
	</ul>
</div>
]]></item>
					<item id="footer"><![CDATA[]]></item>
					<item id="header"><![CDATA[]]></item>
					<item id="indexplus">
					</item>
					<item id="index">
					</item>
					<item id="orderplus">
					</item>
					<item id="order">
						<item id="1"><![CDATA[<li><span class="vk_diy_color_one"></span><a href="{url}" title="{title}" {target}>{title}</a></li>]]></item>
						<item id="2"><![CDATA[<li><span class="vk_diy_color_two"></span><a href="{url}" title="{title}" {target}>{title}</a></li>]]></item>
						<item id="3"><![CDATA[<li><span class="vk_diy_color_three"></span><a href="{url}" title="{title}" {target}>{title}</a></li>]]></item>
					</item>
					<item id="loopplus">
					</item>
					<item id="loop"><![CDATA[<li><span class="vk_diy_color_common"></span><a href="{url}" title="{title}" {target}>{title}</a></li>]]></item>
				</item>
				<item id="hash"><![CDATA[acd06f14]]></item>
				<item id="getpic"><![CDATA[0]]></item>
				<item id="getsummary"><![CDATA[0]]></item>
				<item id="makethumb"><![CDATA[0]]></item>
				<item id="settarget"><![CDATA[1]]></item>
				<item id="fields">
					<item id="0"><![CDATA[url]]></item>
					<item id="1"><![CDATA[title]]></item>
				</item>
				<item id="moreurl"><![CDATA[0]]></item>
			</item>
			<item id="178">
				<item id="styleid"><![CDATA[178]]></item>
				<item id="blockclass"><![CDATA[forum_thread]]></item>
				<item id="name"><![CDATA[[未来科技-2020]帖子图片调用-5列-上图下标题]]></item>
				<item id="template">
					<item id="raw"><![CDATA[
<!-- 
[未来科技-2020]帖子图片调用-5列-上图下标题
-->
<style type="text/css">
.vk_diy_col_5 li { position: relative; float: left; /* width:222px; height:270px; */ display: block; padding:0 ;  margin: 0 18px 20px 0 ;  background: #fff;}
.vk_diy_col_5 li p { height:40px; line-height:40px; font-size:14px; color: #555;}
.vk_diy_col_5 li p a { color: #555;}
    .vk_diy_col_5 li:hover a { color: #f60;}
    .ie6 .vk_diy_col_5 li, .ie7 .vk_diy_col_5 li,  .ie8 .vk_diy_col_5 li {margin: 0 15px 20px 0 ;}
.vk_diy_col_5  li:nth-child(5n) { margin-right:0 ; clear:right;}

</style>

<div class="module cl ml vk_diy_col_5">
<ul>
[loop]
<li style="width: {picwidth}px;">
	<a href="{url}"{target}><img src="{pic}" width="{picwidth}" height="{picheight}" alt="{title}" /></a>
	<p><a href="{url}" title="{title}"{target} >{title}</a></p>
</li>
[/loop]
</ul>
</div>
]]></item>
					<item id="footer"><![CDATA[]]></item>
					<item id="header"><![CDATA[]]></item>
					<item id="indexplus">
					</item>
					<item id="index">
					</item>
					<item id="orderplus">
					</item>
					<item id="order">
					</item>
					<item id="loopplus">
					</item>
					<item id="loop"><![CDATA[<li style="width: {picwidth}px;">
	<a href="{url}"{target}><img src="{pic}" width="{picwidth}" height="{picheight}" alt="{title}" /></a>
	<p><a href="{url}" title="{title}"{target} >{title}</a></p>
</li>]]></item>
				</item>
				<item id="hash"><![CDATA[023022e7]]></item>
				<item id="getpic"><![CDATA[1]]></item>
				<item id="getsummary"><![CDATA[0]]></item>
				<item id="makethumb"><![CDATA[1]]></item>
				<item id="settarget"><![CDATA[1]]></item>
				<item id="fields">
					<item id="0"><![CDATA[url]]></item>
					<item id="1"><![CDATA[pic]]></item>
					<item id="2"><![CDATA[title]]></item>
				</item>
				<item id="moreurl"><![CDATA[0]]></item>
			</item>
		</item>
	</item>
</root>