<?xml version="1.0" encoding="ISO-8859-1"?>
<root>
	<item id="Title"><![CDATA[Discuz! Plugin]]></item>
	<item id="Version"><![CDATA[X3,X3.1,X3.2,X3.3,X3.4]]></item>
	<item id="Time"><![CDATA[2019-04-06 13:44]]></item>
	<item id="From"><![CDATA[DisM!应用中心 (https://dism.taobao.com/)]]></item>
	<item id="Data">
		<item id="plugin">
			<item id="available"><![CDATA[1]]></item>
			<item id="adminid"><![CDATA[0]]></item>
			<item id="name"><![CDATA[贵古互联-弹窗广告]]></item>
			<item id="identifier"><![CDATA[guiigo_upadd]]></item>
			<item id="description"><![CDATA[]]></item>
			<item id="datatables"><![CDATA[]]></item>
			<item id="directory"><![CDATA[guiigo_upadd/]]></item>
			<item id="copyright"><![CDATA[DisM!应用中心(dism.taobao.com)]]></item>
			<item id="version"><![CDATA[1.0]]></item>
			<item id="__modules">
				<item id="0">
					<item id="name"><![CDATA[upadd_hook]]></item>
					<item id="param"><![CDATA[]]></item>
					<item id="menu"><![CDATA[]]></item>
					<item id="url"><![CDATA[]]></item>
					<item id="type"><![CDATA[11]]></item>
					<item id="adminid"><![CDATA[0]]></item>
					<item id="displayorder"><![CDATA[1]]></item>
					<item id="navtitle"><![CDATA[]]></item>
					<item id="navicon"><![CDATA[]]></item>
					<item id="navsubname"><![CDATA[]]></item>
					<item id="navsuburl"><![CDATA[]]></item>
				</item>
				<item id="1">
					<item id="name"><![CDATA[upadd_hook]]></item>
					<item id="param"><![CDATA[]]></item>
					<item id="menu"><![CDATA[]]></item>
					<item id="url"><![CDATA[]]></item>
					<item id="type"><![CDATA[28]]></item>
					<item id="adminid"><![CDATA[0]]></item>
					<item id="displayorder"><![CDATA[2]]></item>
					<item id="navtitle"><![CDATA[]]></item>
					<item id="navicon"><![CDATA[]]></item>
					<item id="navsubname"><![CDATA[]]></item>
					<item id="navsuburl"><![CDATA[]]></item>
				</item>
				<item id="2">
					<item id="name"><![CDATA[AdminAddtm]]></item>
					<item id="param"><![CDATA[]]></item>
					<item id="menu"><![CDATA[广告弹窗设置]]></item>
					<item id="url"><![CDATA[]]></item>
					<item id="type"><![CDATA[3]]></item>
					<item id="adminid"><![CDATA[0]]></item>
					<item id="displayorder"><![CDATA[3]]></item>
					<item id="navtitle"><![CDATA[]]></item>
					<item id="navicon"><![CDATA[]]></item>
					<item id="navsubname"><![CDATA[]]></item>
					<item id="navsuburl"><![CDATA[]]></item>
				</item>
			</item>
		</item>
		<item id="version"><![CDATA[X3,X3.1,X3.2,X3.3,X3.4]]></item>
		<item id="var">
			<item id="0">
				<item id="displayorder"><![CDATA[0]]></item>
				<item id="title"><![CDATA[可用用户组]]></item>
				<item id="description"><![CDATA[]]></item>
				<item id="variable"><![CDATA[open_groups]]></item>
				<item id="type"><![CDATA[groups]]></item>
				<item id="value"><![CDATA[]]></item>
				<item id="extra"><![CDATA[]]></item>
			</item>
		</item>
        <item id="language">
			<item id="scriptlang">
				<item id="lang_s001"><![CDATA[操作成功]]></item>
				<item id="lang_s002"><![CDATA[--请选择--]]></item>
				<item id="lang_s003"><![CDATA[设置]]></item>
				<item id="lang_s004"><![CDATA[删？]]></item>
				<item id="lang_s005"><![CDATA[生效模块]]></item>
				<item id="lang_s006"><![CDATA[图片地址]]></item>
				<item id="lang_s007"><![CDATA[图片链接]]></item>
				<item id="lang_s008"><![CDATA[延长弹窗时间(秒)]]></item>
				<item id="lang_s009"><![CDATA[自动关闭时间(秒)]]></item>
				<item id="lang_s010"><![CDATA[弹窗间隔时间(分)]]></item>
				<item id="lang_s011"><![CDATA[保存]]></item>
				<item id="lang_s012"><![CDATA[门户]]></item>
				<item id="lang_s013"><![CDATA[论坛]]></item>
				<item id="lang_s014"><![CDATA[空间]]></item>
				<item id="lang_s015"><![CDATA[增加]]></item>
			</item>
			<item id="templatelang">
				<item id="lang_t001"><![CDATA[×]]></item>
			</item>
		</item>
		<item id="uninstallfile"><![CDATA[uninstall.php]]></item>
	</item>
</root>