<?xml version="1.0" encoding="ISO-8859-1"?>
<root>
	<item id="Title"><![CDATA[Discuz! Style]]></item>
	<item id="Version"><![CDATA[X3.1]]></item>
	<item id="Time"><![CDATA[2017-03-24 20:33]]></item>
	<item id="From"><![CDATA[Discuz! Board (http://localhost:8031/)]]></item>
	<item id="Data">
		<item id="styleid"><![CDATA[6]]></item>
		<item id="name"><![CDATA[ACGI_C1]]></item>
		<item id="available"><![CDATA[1]]></item>
		<item id="templateid"><![CDATA[6]]></item>
		<item id="extstyle"><![CDATA[|]]></item>
		<item id="tplname"><![CDATA[ACGI_C1]]></item>
		<item id="directory"><![CDATA[./template/acgi_c1]]></item>
		<item id="copyright"><![CDATA[http://acgi.vip]]></item>
		<item id="style">
			<item id="smfont"><![CDATA[Arial]]></item>
			<item id="threadtitlefontsize"><![CDATA[14px]]></item>
			<item id="threadtitlefont"><![CDATA[Tahoma,'Microsoft Yahei','Simsun']]></item>
			<item id="smfontsize"><![CDATA[0.83em]]></item>
			<item id="tabletext"><![CDATA[#666]]></item>
			<item id="midtext"><![CDATA[#888]]></item>
			<item id="lighttext"><![CDATA[#aaa]]></item>
			<item id="link"><![CDATA[#555]]></item>
			<item id="highlightlink"><![CDATA[]]></item>
			<item id="noticetext"><![CDATA[]]></item>
			<item id="bgcolor"><![CDATA[]]></item>
			<item id="msgfontsize"><![CDATA[14px]]></item>
			<item id="sidebgcolor"><![CDATA[]]></item>
			<item id="headerborder"><![CDATA[0]]></item>
			<item id="headerbgcolor"><![CDATA[]]></item>
			<item id="inputborderdarkcolor"><![CDATA[#848484]]></item>
			<item id="stypeid"><![CDATA[1]]></item>
			<item id="inputbg"><![CDATA[#FFF]]></item>
			<item id="commonborder"><![CDATA[#eee]]></item>
			<item id="commonbg"><![CDATA[#F2F2F2]]></item>
			<item id="specialborder"><![CDATA[]]></item>
			<item id="specialbg"><![CDATA[]]></item>
			<item id="dropmenuborder"><![CDATA[#DDD]]></item>
			<item id="floatmaskbgcolor"><![CDATA[#000]]></item>
			<item id="dropmenubgcolor"><![CDATA[#FEFEFE]]></item>
			<item id="floatbgcolor"><![CDATA[#FFF]]></item>
			<item id="lightlink"><![CDATA[#FFF]]></item>
			<item id="menuhoverbgcolor"><![CDATA[]]></item>
			<item id="titlebgcolor"><![CDATA[]]></item>
			<item id="fontsize"><![CDATA[12px/1.5]]></item>
			<item id="font"><![CDATA[Tahoma,'Microsoft Yahei','Simsun']]></item>
			<item id="styleimgdir"><![CDATA[./template/acgi_c1/images]]></item>
			<item id="imgdir"><![CDATA[]]></item>
			<item id="boardimg"><![CDATA[logo.png]]></item>
			<item id="available"><![CDATA[]]></item>
			<item id="headertext"><![CDATA[#444]]></item>
			<item id="footertext"><![CDATA[#666]]></item>
			<item id="menubgcolor"><![CDATA[]]></item>
			<item id="menutext"><![CDATA[#FFF]]></item>
			<item id="menuhovertext"><![CDATA[#FFF]]></item>
			<item id="wrapbg"><![CDATA[#FFF]]></item>
			<item id="wrapbordercolor"><![CDATA[#eee]]></item>
			<item id="contentwidth"><![CDATA[630px]]></item>
			<item id="contentseparate"><![CDATA[#eaeaea]]></item>
			<item id="inputborder"><![CDATA[#E0E0E0]]></item>
		</item>
		<item id="version"><![CDATA[X3.0,X3.1,X3.2,X3.3,X3.4,X3.5,X3.6,X3.7,X3.8,X3.9]]></item>
	</item>
</root>