<?xml version="1.0" encoding="ISO-8859-1"?>
<root>
	<item id="Title"><![CDATA[Discuz! Plugin]]></item>
	<item id="Version"><![CDATA[X3.4]]></item>
	<item id="Time"><![CDATA[2019-09-20 12:19]]></item>
	<item id="From"><![CDATA[DisM!应用中心 (https://dism.taobao.com/)]]></item>
	<item id="Data">
		<item id="plugin">
			<item id="available"><![CDATA[1]]></item>
			<item id="adminid"><![CDATA[1]]></item>
			<item id="name"><![CDATA[木木CMS-顶部广告]]></item>
			<item id="identifier"><![CDATA[mumucms_topad]]></item>
			<item id="description"><![CDATA[开启插件之后可以在网站顶部显示一个定时折叠收起的广告图片，可自定义他的高度和展示时间。]]></item>
			<item id="datatables"><![CDATA[]]></item>
			<item id="directory"><![CDATA[mumucms_topad/]]></item>
			<item id="copyright"><![CDATA[DisM!应用中心(dism.taobao.com)]]></item>
			<item id="version"><![CDATA[1.2]]></item>
			<item id="__modules">
				<item id="0">
					<item id="name"><![CDATA[mumucms_topad]]></item>
					<item id="param"><![CDATA[]]></item>
					<item id="menu"><![CDATA[]]></item>
					<item id="url"><![CDATA[]]></item>
					<item id="type"><![CDATA[11]]></item>
					<item id="adminid"><![CDATA[0]]></item>
					<item id="displayorder"><![CDATA[3]]></item>
					<item id="navtitle"><![CDATA[]]></item>
					<item id="navicon"><![CDATA[]]></item>
					<item id="navsubname"><![CDATA[]]></item>
					<item id="navsuburl"><![CDATA[]]></item>
				</item>
			</item>
		</item>
		<item id="version"><![CDATA[X3,X3.1,X3.2,X3.3,X3.4,F1.0,L1.0]]></item>
		<item id="var">
			<item id="0">
				<item id="displayorder"><![CDATA[1]]></item>
				<item id="title"><![CDATA[启用插件]]></item>
				<item id="description"><![CDATA[控制插件的启用和关闭]]></item>
				<item id="variable"><![CDATA[mumucms_topad_qiyong]]></item>
				<item id="type"><![CDATA[radio]]></item>
				<item id="value"><![CDATA[1]]></item>
				<item id="extra"><![CDATA[]]></item>
			</item>
			<item id="1">
				<item id="displayorder"><![CDATA[2]]></item>
				<item id="title"><![CDATA[预载jquery]]></item>
				<item id="description"><![CDATA[]]></item>
				<item id="variable"><![CDATA[mumucms_topad_jquery]]></item>
				<item id="type"><![CDATA[radio]]></item>
				<item id="value"><![CDATA[1]]></item>
				<item id="extra"><![CDATA[]]></item>
			</item>
			<item id="2">
				<item id="displayorder"><![CDATA[3]]></item>
				<item id="title"><![CDATA[开启响应式]]></item>
				<item id="description"><![CDATA[]]></item>
				<item id="variable"><![CDATA[mumucms_topad_responsive]]></item>
				<item id="type"><![CDATA[radio]]></item>
				<item id="value"><![CDATA[1]]></item>
				<item id="extra"><![CDATA[]]></item>
			</item>
			<item id="3">
				<item id="displayorder"><![CDATA[4]]></item>
				<item id="title"><![CDATA[新窗口打开]]></item>
				<item id="description"><![CDATA[控制广告链接是否在新窗口打开]]></item>
				<item id="variable"><![CDATA[mumucms_topad_newwin]]></item>
				<item id="type"><![CDATA[radio]]></item>
				<item id="value"><![CDATA[1]]></item>
				<item id="extra"><![CDATA[]]></item>
			</item>
			<item id="4">
				<item id="displayorder"><![CDATA[5]]></item>
				<item id="title"><![CDATA[整体宽度]]></item>
				<item id="description"><![CDATA[一般推荐与模板宽度一直]]></item>
				<item id="variable"><![CDATA[mumucms_topad_ztwidth]]></item>
				<item id="type"><![CDATA[text]]></item>
				<item id="value"><![CDATA[1200]]></item>
				<item id="extra"><![CDATA[]]></item>
			</item>
			<item id="5">
				<item id="displayorder"><![CDATA[6]]></item>
				<item id="title"><![CDATA[展开后高度]]></item>
				<item id="description"><![CDATA[广告图片展开时候的高度，与图片高度保持一致]]></item>
				<item id="variable"><![CDATA[mumucms_topad_zkheight]]></item>
				<item id="type"><![CDATA[text]]></item>
				<item id="value"><![CDATA[300]]></item>
				<item id="extra"><![CDATA[]]></item>
			</item>
			<item id="6">
				<item id="displayorder"><![CDATA[7]]></item>
				<item id="title"><![CDATA[收缩后高度]]></item>
				<item id="description"><![CDATA[广告收缩之后显示的高度，不得超过展开高度，最低可设置为0]]></item>
				<item id="variable"><![CDATA[mumucms_topad_ssheight]]></item>
				<item id="type"><![CDATA[text]]></item>
				<item id="value"><![CDATA[0]]></item>
				<item id="extra"><![CDATA[]]></item>
			</item>
			<item id="7">
				<item id="displayorder"><![CDATA[8]]></item>
				<item id="title"><![CDATA[展开后显示时间]]></item>
				<item id="description"><![CDATA[控制广告展开后显示的时间
1000 = 1秒]]></item>
				<item id="variable"><![CDATA[mumucms_topad_zktime]]></item>
				<item id="type"><![CDATA[text]]></item>
				<item id="value"><![CDATA[5000]]></item>
				<item id="extra"><![CDATA[]]></item>
			</item>
			<item id="8">
				<item id="displayorder"><![CDATA[9]]></item>
				<item id="title"><![CDATA[展开后显示图片]]></item>
				<item id="description"><![CDATA[图片地址，可外链]]></item>
				<item id="variable"><![CDATA[mumucms_topad_zkadimg]]></item>
				<item id="type"><![CDATA[text]]></item>
				<item id="value"><![CDATA[source/plugin/mumucms_topad/template/img/zk_topad.jpg]]></item>
				<item id="extra"><![CDATA[]]></item>
			</item>
			<item id="9">
				<item id="displayorder"><![CDATA[10]]></item>
				<item id="title"><![CDATA[展开提示文字]]></item>
				<item id="description"><![CDATA[]]></item>
				<item id="variable"><![CDATA[mumucms_topad_zktext]]></item>
				<item id="type"><![CDATA[text]]></item>
				<item id="value"><![CDATA[重播]]></item>
				<item id="extra"><![CDATA[]]></item>
			</item>
			<item id="10">
				<item id="displayorder"><![CDATA[11]]></item>
				<item id="title"><![CDATA[收缩提示文字]]></item>
				<item id="description"><![CDATA[]]></item>
				<item id="variable"><![CDATA[mumucms_topad_sstext]]></item>
				<item id="type"><![CDATA[text]]></item>
				<item id="value"><![CDATA[关闭]]></item>
				<item id="extra"><![CDATA[]]></item>
			</item>
			<item id="11">
				<item id="displayorder"><![CDATA[12]]></item>
				<item id="title"><![CDATA[广告链接]]></item>
				<item id="description"><![CDATA[例：http://www.mumucms.com/
不需要链接可填写 javascript:;]]></item>
				<item id="variable"><![CDATA[mumucms_topad_adlink]]></item>
				<item id="type"><![CDATA[text]]></item>
				<item id="value"><![CDATA[#]]></item>
				<item id="extra"><![CDATA[]]></item>
			</item>
			<item id="12">
				<item id="displayorder"><![CDATA[13]]></item>
				<item id="title"><![CDATA[显示页面]]></item>
				<item id="description"><![CDATA[控制广告的显示页面 Ctrl可多选]]></item>
				<item id="variable"><![CDATA[mumucms_topad_adpage]]></item>
				<item id="type"><![CDATA[selects]]></item>
				<item id="extra"><![CDATA[1 = 全站显示
2 = 门户首页
3 = 论坛首页
4 = 论坛版块
5 = 论坛帖子
6 = 其他页面]]></item>
				<item id="__value">
					<item id="0"><![CDATA[2]]></item>
				</item>
			</item>
		</item>
	</item>
</root>