<?xml version="1.0" encoding="ISO-8859-1"?>
<root>
	<item id="Title"><![CDATA[Discuz! Plugin]]></item>
	<item id="Version"><![CDATA[X3.4]]></item>
	<item id="Time"><![CDATA[2020-11-28 14:36]]></item>
	<item id="From"><![CDATA[DisM!应用中心 (https://dism.taobao.com/)]]></item>
	<item id="Data">
		<item id="plugin">
			<item id="available"><![CDATA[1]]></item>
			<item id="adminid"><![CDATA[1]]></item>
			<item id="name"><![CDATA[Cack！APP Lite配置]]></item>
			<item id="identifier"><![CDATA[cack_app_litebl]]></item>
			<item id="description"><![CDATA[]]></item>
			<item id="datatables"><![CDATA[]]></item>
			<item id="directory"><![CDATA[cack_app_litebl/]]></item>
			<item id="copyright"><![CDATA[DisM!应用中心(dism.taobao.com)]]></item>
			<item id="version"><![CDATA[v41]]></item>
			<item id="__modules">
				<item id="0">
					<item id="name"><![CDATA[admincp_hdpsz]]></item>
					<item id="param"><![CDATA[]]></item>
					<item id="menu"><![CDATA[幻灯片设置]]></item>
					<item id="url"><![CDATA[]]></item>
					<item id="type"><![CDATA[3]]></item>
					<item id="adminid"><![CDATA[0]]></item>
					<item id="displayorder"><![CDATA[1]]></item>
					<item id="navtitle"><![CDATA[]]></item>
					<item id="navicon"><![CDATA[]]></item>
					<item id="navsubname"><![CDATA[]]></item>
					<item id="navsuburl"><![CDATA[]]></item>
				</item>
				<item id="1">
					<item id="name"><![CDATA[admincp_mhdhsz]]></item>
					<item id="param"><![CDATA[]]></item>
					<item id="menu"><![CDATA[门户导航设置]]></item>
					<item id="url"><![CDATA[]]></item>
					<item id="type"><![CDATA[3]]></item>
					<item id="adminid"><![CDATA[0]]></item>
					<item id="displayorder"><![CDATA[2]]></item>
					<item id="navtitle"><![CDATA[]]></item>
					<item id="navicon"><![CDATA[]]></item>
					<item id="navsubname"><![CDATA[]]></item>
					<item id="navsuburl"><![CDATA[]]></item>
				</item>
				<item id="2">
					<item id="name"><![CDATA[admincp_mhdh2sz]]></item>
					<item id="param"><![CDATA[]]></item>
					<item id="menu"><![CDATA[门户导航2设置]]></item>
					<item id="url"><![CDATA[]]></item>
					<item id="type"><![CDATA[3]]></item>
					<item id="adminid"><![CDATA[0]]></item>
					<item id="displayorder"><![CDATA[3]]></item>
					<item id="navtitle"><![CDATA[]]></item>
					<item id="navicon"><![CDATA[]]></item>
					<item id="navsubname"><![CDATA[]]></item>
					<item id="navsuburl"><![CDATA[]]></item>
				</item>
				<item id="3">
					<item id="name"><![CDATA[admincp_header_dh2]]></item>
					<item id="param"><![CDATA[]]></item>
					<item id="menu"><![CDATA[门户发帖菜单设置]]></item>
					<item id="url"><![CDATA[]]></item>
					<item id="type"><![CDATA[3]]></item>
					<item id="adminid"><![CDATA[0]]></item>
					<item id="displayorder"><![CDATA[4]]></item>
					<item id="navtitle"><![CDATA[]]></item>
					<item id="navicon"><![CDATA[]]></item>
					<item id="navsubname"><![CDATA[]]></item>
					<item id="navsuburl"><![CDATA[]]></item>
				</item>
			</item>
		</item>
		<item id="version"><![CDATA[X3.1,X3.2,X3.3,X3.4,X3.5,F1.0,L1.0]]></item>
		<item id="var">
			<item id="0">
				<item id="displayorder"><![CDATA[1]]></item>
				<item id="title"><![CDATA[模板主色调]]></item>
				<item id="description"><![CDATA[]]></item>
				<item id="variable"><![CDATA[mbzsd]]></item>
				<item id="type"><![CDATA[color]]></item>
				<item id="value"><![CDATA[#33CCFF]]></item>
				<item id="extra"><![CDATA[]]></item>
			</item>
			<item id="1">
				<item id="displayorder"><![CDATA[1]]></item>
				<item id="title"><![CDATA[用户可切换模板配色]]></item>
				<item id="description"><![CDATA[]]></item>
				<item id="variable"><![CDATA[yhkqhmbps]]></item>
				<item id="type"><![CDATA[radio]]></item>
				<item id="value"><![CDATA[1]]></item>
				<item id="extra"><![CDATA[]]></item>
			</item>
			<item id="2">
				<item id="displayorder"><![CDATA[2]]></item>
				<item id="title"><![CDATA[论坛简称]]></item>
				<item id="description"><![CDATA[]]></item>
				<item id="variable"><![CDATA[ltjc]]></item>
				<item id="type"><![CDATA[text]]></item>
				<item id="value"><![CDATA[论坛]]></item>
				<item id="extra"><![CDATA[]]></item>
			</item>
			<item id="3">
				<item id="displayorder"><![CDATA[2]]></item>
				<item id="title"><![CDATA[网站简称]]></item>
				<item id="description"><![CDATA[]]></item>
				<item id="variable"><![CDATA[wzjc]]></item>
				<item id="type"><![CDATA[text]]></item>
				<item id="value"><![CDATA[演示站]]></item>
				<item id="extra"><![CDATA[]]></item>
			</item>
			<item id="4">
				<item id="displayorder"><![CDATA[3]]></item>
				<item id="title"><![CDATA[首页数据开启置顶]]></item>
				<item id="description"><![CDATA[]]></item>
				<item id="variable"><![CDATA[sysjkqzd]]></item>
				<item id="type"><![CDATA[radio]]></item>
				<item id="value"><![CDATA[0]]></item>
				<item id="extra"><![CDATA[]]></item>
			</item>
			<item id="5">
				<item id="displayorder"><![CDATA[3]]></item>
				<item id="title"><![CDATA[默认首页]]></item>
				<item id="description"><![CDATA[]]></item>
				<item id="variable"><![CDATA[index]]></item>
				<item id="type"><![CDATA[select]]></item>
				<item id="value"><![CDATA[1]]></item>
				<item id="extra"><![CDATA[1 = 门户页
2 = 论坛页
3 = 朋友圈
4 = 自定义链接]]></item>
			</item>
			<item id="6">
				<item id="displayorder"><![CDATA[4]]></item>
				<item id="title"><![CDATA[自定义首页链接]]></item>
				<item id="description"><![CDATA[]]></item>
				<item id="variable"><![CDATA[indexurl]]></item>
				<item id="type"><![CDATA[text]]></item>
				<item id="value"><![CDATA[]]></item>
				<item id="extra"><![CDATA[]]></item>
			</item>
			<item id="7">
				<item id="displayorder"><![CDATA[5]]></item>
				<item id="title"><![CDATA[默认发帖板块]]></item>
				<item id="description"><![CDATA[]]></item>
				<item id="variable"><![CDATA[mrftbk]]></item>
				<item id="type"><![CDATA[forum]]></item>
				<item id="value"><![CDATA[44]]></item>
				<item id="extra"><![CDATA[]]></item>
			</item>
			<item id="8">
				<item id="displayorder"><![CDATA[5]]></item>
				<item id="title"><![CDATA[登陆页安全问题]]></item>
				<item id="description"><![CDATA[]]></item>
				<item id="variable"><![CDATA[dlyanwt]]></item>
				<item id="type"><![CDATA[radio]]></item>
				<item id="value"><![CDATA[1]]></item>
				<item id="extra"><![CDATA[]]></item>
			</item>
			<item id="9">
				<item id="displayorder"><![CDATA[6]]></item>
				<item id="title"><![CDATA[默认发帖可选板块]]></item>
				<item id="description"><![CDATA[]]></item>
				<item id="variable"><![CDATA[mrftkxbk]]></item>
				<item id="type"><![CDATA[forums]]></item>
				<item id="extra"><![CDATA[]]></item>
				<item id="__value">
					<item id="0"><![CDATA[48]]></item>
					<item id="1"><![CDATA[49]]></item>
					<item id="2"><![CDATA[50]]></item>
				</item>
			</item>
			<item id="10">
				<item id="displayorder"><![CDATA[7]]></item>
				<item id="title"><![CDATA[底部导航发帖键图标]]></item>
				<item id="description"><![CDATA[http://fontawesome.dashgame.com/

选择字体样式

默认为  camera]]></item>
				<item id="variable"><![CDATA[dbdhftjtb]]></item>
				<item id="type"><![CDATA[text]]></item>
				<item id="value"><![CDATA[camera]]></item>
				<item id="extra"><![CDATA[]]></item>
			</item>
			<item id="11">
				<item id="displayorder"><![CDATA[7]]></item>
				<item id="title"><![CDATA[底部导航发帖键图标4.x版]]></item>
				<item id="description"><![CDATA[]]></item>
				<item id="variable"><![CDATA[dbdhftjtb4]]></item>
				<item id="type"><![CDATA[text]]></item>
				<item id="value"><![CDATA[paizhao]]></item>
				<item id="extra"><![CDATA[]]></item>
			</item>
			<item id="12">
				<item id="displayorder"><![CDATA[7]]></item>
				<item id="title"><![CDATA[底部导航发帖模式选择]]></item>
				<item id="description"><![CDATA[]]></item>
				<item id="variable"><![CDATA[dbdhftmsxz]]></item>
				<item id="type"><![CDATA[select]]></item>
				<item id="value"><![CDATA[1]]></item>
				<item id="extra"><![CDATA[1 = 快速发帖
2 = 弹出菜单]]></item>
			</item>
			<item id="13">
				<item id="displayorder"><![CDATA[8]]></item>
				<item id="title"><![CDATA[[底部导航]发现按钮名称]]></item>
				<item id="description"><![CDATA[]]></item>
				<item id="variable"><![CDATA[dbfxanmc]]></item>
				<item id="type"><![CDATA[text]]></item>
				<item id="value"><![CDATA[话题]]></item>
				<item id="extra"><![CDATA[]]></item>
			</item>
			<item id="14">
				<item id="displayorder"><![CDATA[9]]></item>
				<item id="title"><![CDATA[[底部导航]首页按钮名称]]></item>
				<item id="description"><![CDATA[]]></item>
				<item id="variable"><![CDATA[dbdhsyanmc]]></item>
				<item id="type"><![CDATA[text]]></item>
				<item id="value"><![CDATA[首页]]></item>
				<item id="extra"><![CDATA[]]></item>
			</item>
			<item id="15">
				<item id="displayorder"><![CDATA[9]]></item>
				<item id="title"><![CDATA[[底部导航]论坛按钮链接]]></item>
				<item id="description"><![CDATA[]]></item>
				<item id="variable"><![CDATA[dbdhltanlj]]></item>
				<item id="type"><![CDATA[text]]></item>
				<item id="value"><![CDATA[forum.php?forumlist=1]]></item>
				<item id="extra"><![CDATA[]]></item>
			</item>
			<item id="16">
				<item id="displayorder"><![CDATA[9]]></item>
				<item id="title"><![CDATA[[底部导航]论坛按钮名称]]></item>
				<item id="description"><![CDATA[]]></item>
				<item id="variable"><![CDATA[dbdhltantb]]></item>
				<item id="type"><![CDATA[text]]></item>
				<item id="value"><![CDATA[论坛]]></item>
				<item id="extra"><![CDATA[]]></item>
			</item>
			<item id="17">
				<item id="displayorder"><![CDATA[9]]></item>
				<item id="title"><![CDATA[发现按钮自定义页面]]></item>
				<item id="description"><![CDATA[]]></item>
				<item id="variable"><![CDATA[fxanzdyym]]></item>
				<item id="type"><![CDATA[text]]></item>
				<item id="value"><![CDATA[#]]></item>
				<item id="extra"><![CDATA[]]></item>
			</item>
			<item id="18">
				<item id="displayorder"><![CDATA[9]]></item>
				<item id="title"><![CDATA[[底部导航]发现对应页面]]></item>
				<item id="description"><![CDATA[]]></item>
				<item id="variable"><![CDATA[dbdhfxdyym]]></item>
				<item id="type"><![CDATA[select]]></item>
				<item id="value"><![CDATA[2]]></item>
				<item id="extra"><![CDATA[1 = 搜索页
2 = 朋友圈
3 = 消息页
4 = 自定义地址]]></item>
			</item>
			<item id="19">
				<item id="displayorder"><![CDATA[9]]></item>
				<item id="title"><![CDATA[[底部导航]快速发帖图标]]></item>
				<item id="description"><![CDATA[]]></item>
				<item id="variable"><![CDATA[dbdhksfttb]]></item>
				<item id="type"><![CDATA[radio]]></item>
				<item id="value"><![CDATA[1]]></item>
				<item id="extra"><![CDATA[]]></item>
			</item>
			<item id="20">
				<item id="displayorder"><![CDATA[10]]></item>
				<item id="title"><![CDATA[顶部导航增加简繁切换按钮]]></item>
				<item id="description"><![CDATA[此项安装 https://dism.taobao.com/?@cack_jfqh.plugin 插件后才有效]]></item>
				<item id="variable"><![CDATA[dbdhzjjfqhan]]></item>
				<item id="type"><![CDATA[radio]]></item>
				<item id="value"><![CDATA[1]]></item>
				<item id="extra"><![CDATA[]]></item>
			</item>
			<item id="21">
				<item id="displayorder"><![CDATA[11]]></item>
				<item id="title"><![CDATA[手机发帖表情]]></item>
				<item id="description"><![CDATA[]]></item>
				<item id="variable"><![CDATA[sjftbq]]></item>
				<item id="type"><![CDATA[radio]]></item>
				<item id="value"><![CDATA[1]]></item>
				<item id="extra"><![CDATA[]]></item>
			</item>
			<item id="22">
				<item id="displayorder"><![CDATA[11]]></item>
				<item id="title"><![CDATA[表情包id]]></item>
				<item id="description"><![CDATA[]]></item>
				<item id="variable"><![CDATA[bqbid]]></item>
				<item id="type"><![CDATA[number]]></item>
				<item id="value"><![CDATA[1]]></item>
				<item id="extra"><![CDATA[]]></item>
			</item>
			<item id="23">
				<item id="displayorder"><![CDATA[12]]></item>
				<item id="title"><![CDATA[表情包目录]]></item>
				<item id="description"><![CDATA[]]></item>
				<item id="variable"><![CDATA[bqbml]]></item>
				<item id="type"><![CDATA[text]]></item>
				<item id="value"><![CDATA[static/image/smiley/default/]]></item>
				<item id="extra"><![CDATA[]]></item>
			</item>
			<item id="24">
				<item id="displayorder"><![CDATA[13]]></item>
				<item id="title"><![CDATA[二维码接口]]></item>
				<item id="description"><![CDATA[]]></item>
				<item id="variable"><![CDATA[codeapi]]></item>
				<item id="type"><![CDATA[select]]></item>
				<item id="value"><![CDATA[1]]></item>
				<item id="extra"><![CDATA[1 = 联图网
2 = 蜗图拉]]></item>
			</item>
			<item id="25">
				<item id="displayorder"><![CDATA[14]]></item>
				<item id="title"><![CDATA[二维码页面奖励提醒]]></item>
				<item id="description"><![CDATA[]]></item>
				<item id="variable"><![CDATA[codejltx]]></item>
				<item id="type"><![CDATA[radio]]></item>
				<item id="value"><![CDATA[1]]></item>
				<item id="extra"><![CDATA[]]></item>
			</item>
			<item id="26">
				<item id="displayorder"><![CDATA[15]]></item>
				<item id="title"><![CDATA[页面加载中提示]]></item>
				<item id="description"><![CDATA[]]></item>
				<item id="variable"><![CDATA[ymjzzts]]></item>
				<item id="type"><![CDATA[radio]]></item>
				<item id="value"><![CDATA[1]]></item>
				<item id="extra"><![CDATA[]]></item>
			</item>
			<item id="27">
				<item id="displayorder"><![CDATA[20]]></item>
				<item id="title"><![CDATA[帖子页开启分享功能]]></item>
				<item id="description"><![CDATA[]]></item>
				<item id="variable"><![CDATA[tzykqfxgn]]></item>
				<item id="type"><![CDATA[radio]]></item>
				<item id="value"><![CDATA[1]]></item>
				<item id="extra"><![CDATA[]]></item>
			</item>
			<item id="28">
				<item id="displayorder"><![CDATA[20]]></item>
				<item id="title"><![CDATA[内容页样式（微信）]]></item>
				<item id="description"><![CDATA[]]></item>
				<item id="variable"><![CDATA[nryyswx]]></item>
				<item id="type"><![CDATA[forums]]></item>
				<item id="extra"><![CDATA[]]></item>
				<item id="__value">
					<item id="0"><![CDATA[2]]></item>
				</item>
			</item>
			<item id="29">
				<item id="displayorder"><![CDATA[21]]></item>
				<item id="title"><![CDATA[帖子页页头样式]]></item>
				<item id="description"><![CDATA[]]></item>
				<item id="variable"><![CDATA[tzyytys]]></item>
				<item id="type"><![CDATA[select]]></item>
				<item id="value"><![CDATA[1]]></item>
				<item id="extra"><![CDATA[1 = 深度样式（默认）
2 = APP样式]]></item>
			</item>
			<item id="30">
				<item id="displayorder"><![CDATA[24]]></item>
				<item id="title"><![CDATA[帖子列表显示样式（单图大图）]]></item>
				<item id="description"><![CDATA[]]></item>
				<item id="variable"><![CDATA[tzlbxsysdtdt]]></item>
				<item id="type"><![CDATA[forums]]></item>
				<item id="extra"><![CDATA[]]></item>
				<item id="__value">
					<item id="0"><![CDATA[]]></item>
				</item>
			</item>
			<item id="31">
				<item id="displayorder"><![CDATA[25]]></item>
				<item id="title"><![CDATA[帖子列表显示样式（新闻）]]></item>
				<item id="description"><![CDATA[]]></item>
				<item id="variable"><![CDATA[tzlbxsysxw]]></item>
				<item id="type"><![CDATA[forums]]></item>
				<item id="extra"><![CDATA[]]></item>
				<item id="__value">
					<item id="0"><![CDATA[2]]></item>
				</item>
			</item>
			<item id="32">
				<item id="displayorder"><![CDATA[27]]></item>
				<item id="title"><![CDATA[帖子列表显示样式（无图）]]></item>
				<item id="description"><![CDATA[]]></item>
				<item id="variable"><![CDATA[tzlbxsyswt]]></item>
				<item id="type"><![CDATA[forums]]></item>
				<item id="extra"><![CDATA[]]></item>
				<item id="__value">
					<item id="0"><![CDATA[36]]></item>
				</item>
			</item>
			<item id="33">
				<item id="displayorder"><![CDATA[28]]></item>
				<item id="title"><![CDATA[帖子列表显示样式（小说）]]></item>
				<item id="description"><![CDATA[]]></item>
				<item id="variable"><![CDATA[tzlbxsysxs]]></item>
				<item id="type"><![CDATA[forums]]></item>
				<item id="extra"><![CDATA[]]></item>
				<item id="__value">
					<item id="0"><![CDATA[]]></item>
				</item>
			</item>
			<item id="34">
				<item id="displayorder"><![CDATA[29]]></item>
				<item id="title"><![CDATA[帖子列表显示样式（活动）]]></item>
				<item id="description"><![CDATA[]]></item>
				<item id="variable"><![CDATA[tzlbxsyshd]]></item>
				<item id="type"><![CDATA[forums]]></item>
				<item id="extra"><![CDATA[]]></item>
				<item id="__value">
					<item id="0"><![CDATA[38]]></item>
				</item>
			</item>
			<item id="35">
				<item id="displayorder"><![CDATA[29]]></item>
				<item id="title"><![CDATA[帖子列表显示样式（视频）]]></item>
				<item id="description"><![CDATA[]]></item>
				<item id="variable"><![CDATA[tzlbxsyssp]]></item>
				<item id="type"><![CDATA[forums]]></item>
				<item id="extra"><![CDATA[]]></item>
				<item id="__value">
					<item id="0"><![CDATA[]]></item>
				</item>
			</item>
			<item id="36">
				<item id="displayorder"><![CDATA[29]]></item>
				<item id="title"><![CDATA[帖子列表显示样式（绘画）]]></item>
				<item id="description"><![CDATA[]]></item>
				<item id="variable"><![CDATA[tzlbxsyshh]]></item>
				<item id="type"><![CDATA[forums]]></item>
				<item id="extra"><![CDATA[]]></item>
				<item id="__value">
					<item id="0"><![CDATA[37]]></item>
				</item>
			</item>
			<item id="37">
				<item id="displayorder"><![CDATA[29]]></item>
				<item id="title"><![CDATA[帖子列表显示样式（封面）]]></item>
				<item id="description"><![CDATA[]]></item>
				<item id="variable"><![CDATA[tzlbxsysfm]]></item>
				<item id="type"><![CDATA[forums]]></item>
				<item id="extra"><![CDATA[]]></item>
				<item id="__value">
					<item id="0"><![CDATA[2]]></item>
				</item>
			</item>
			<item id="38">
				<item id="displayorder"><![CDATA[29]]></item>
				<item id="title"><![CDATA[帖子列表显示样式（图片） ...]]></item>
				<item id="description"><![CDATA[]]></item>
				<item id="variable"><![CDATA[tzlbxsystp]]></item>
				<item id="type"><![CDATA[forums]]></item>
				<item id="extra"><![CDATA[]]></item>
				<item id="__value">
					<item id="0"><![CDATA[47]]></item>
				</item>
			</item>
			<item id="39">
				<item id="displayorder"><![CDATA[30]]></item>
				<item id="title"><![CDATA[门户数据来源选择]]></item>
				<item id="description"><![CDATA[]]></item>
				<item id="variable"><![CDATA[mhsjlyxz]]></item>
				<item id="type"><![CDATA[select]]></item>
				<item id="value"><![CDATA[2]]></item>
				<item id="extra"><![CDATA[1 = 门户文章
2 = 论坛帖子]]></item>
			</item>
			<item id="40">
				<item id="displayorder"><![CDATA[31]]></item>
				<item id="title"><![CDATA[门户文章来源栏目]]></item>
				<item id="description"><![CDATA[填写栏目catid 多个用,隔开
例：1,5,22]]></item>
				<item id="variable"><![CDATA[mhwzlylm]]></item>
				<item id="type"><![CDATA[text]]></item>
				<item id="value"><![CDATA[1,5,22]]></item>
				<item id="extra"><![CDATA[]]></item>
			</item>
			<item id="41">
				<item id="displayorder"><![CDATA[32]]></item>
				<item id="title"><![CDATA[门户热议话题]]></item>
				<item id="description"><![CDATA[]]></item>
				<item id="variable"><![CDATA[mhryht]]></item>
				<item id="type"><![CDATA[radio]]></item>
				<item id="value"><![CDATA[1]]></item>
				<item id="extra"><![CDATA[]]></item>
			</item>
			<item id="42">
				<item id="displayorder"><![CDATA[33]]></item>
				<item id="title"><![CDATA[门户热议话题字段]]></item>
				<item id="description"><![CDATA[]]></item>
				<item id="variable"><![CDATA[mhryhtzd]]></item>
				<item id="type"><![CDATA[text]]></item>
				<item id="value"><![CDATA[热议话题]]></item>
				<item id="extra"><![CDATA[]]></item>
			</item>
			<item id="43">
				<item id="displayorder"><![CDATA[35]]></item>
				<item id="title"><![CDATA[列表默认不展开分类信息筛选]]></item>
				<item id="description"><![CDATA[]]></item>
				<item id="variable"><![CDATA[frbzkflxxsx]]></item>
				<item id="type"><![CDATA[radio]]></item>
				<item id="value"><![CDATA[0]]></item>
				<item id="extra"><![CDATA[]]></item>
			</item>
			<item id="44">
				<item id="displayorder"><![CDATA[37]]></item>
				<item id="title"><![CDATA[门户首页图标导航每行个数]]></item>
				<item id="description"><![CDATA[]]></item>
				<item id="variable"><![CDATA[mhsydhmhgs]]></item>
				<item id="type"><![CDATA[number]]></item>
				<item id="value"><![CDATA[4]]></item>
				<item id="extra"><![CDATA[]]></item>
			</item>
			<item id="45">
				<item id="displayorder"><![CDATA[38]]></item>
				<item id="title"><![CDATA[首页帖子来源板块]]></item>
				<item id="description"><![CDATA[]]></item>
				<item id="variable"><![CDATA[sytzlybk]]></item>
				<item id="type"><![CDATA[forums]]></item>
				<item id="extra"><![CDATA[]]></item>
				<item id="__value">
					<item id="0"><![CDATA[2]]></item>
				</item>
			</item>
			<item id="46">
				<item id="displayorder"><![CDATA[39]]></item>
				<item id="title"><![CDATA[首页帖子只显示精华]]></item>
				<item id="description"><![CDATA[]]></item>
				<item id="variable"><![CDATA[sytzzxsjh]]></item>
				<item id="type"><![CDATA[radio]]></item>
				<item id="value"><![CDATA[0]]></item>
				<item id="extra"><![CDATA[]]></item>
			</item>
			<item id="47">
				<item id="displayorder"><![CDATA[39]]></item>
				<item id="title"><![CDATA[首页只显示有图贴]]></item>
				<item id="description"><![CDATA[]]></item>
				<item id="variable"><![CDATA[syzxsytt]]></item>
				<item id="type"><![CDATA[radio]]></item>
				<item id="value"><![CDATA[0]]></item>
				<item id="extra"><![CDATA[]]></item>
			</item>
			<item id="48">
				<item id="displayorder"><![CDATA[40]]></item>
				<item id="title"><![CDATA[首页帖子加载按钮]]></item>
				<item id="description"><![CDATA[]]></item>
				<item id="variable"><![CDATA[sytzjzan]]></item>
				<item id="type"><![CDATA[radio]]></item>
				<item id="value"><![CDATA[0]]></item>
				<item id="extra"><![CDATA[]]></item>
			</item>
			<item id="49">
				<item id="displayorder"><![CDATA[41]]></item>
				<item id="title"><![CDATA[首页帖子每次加载数量]]></item>
				<item id="description"><![CDATA[]]></item>
				<item id="variable"><![CDATA[sytzdigests]]></item>
				<item id="type"><![CDATA[number]]></item>
				<item id="value"><![CDATA[10]]></item>
				<item id="extra"><![CDATA[]]></item>
			</item>
			<item id="50">
				<item id="displayorder"><![CDATA[41]]></item>
				<item id="title"><![CDATA[门户分页加载广告]]></item>
				<item id="description"><![CDATA[]]></item>
				<item id="variable"><![CDATA[indexfyjzgg]]></item>
				<item id="type"><![CDATA[textarea]]></item>
				<item id="value"><![CDATA[广告1广告1广告1广告1广告1广告1广告1广告1|新悦创想|#|template/cack_app_lite/touch/static/images/h1.jpg|15656|3月11日
广告2广告2广告2广告2广告2广告2广告2广告2|广告商|#|template/cack_app_lite/touch/static/images/h2.jpg|15656|3月11日
广告3广告3广告3广告3广告3广告3广告3广告3|自定义广告|#|template/cack_app_lite/touch/static/images/h3.jpg|15656|3月11日]]></item>
				<item id="extra"><![CDATA[]]></item>
			</item>
			<item id="51">
				<item id="displayorder"><![CDATA[42]]></item>
				<item id="title"><![CDATA[门户首页导航LOGO地址]]></item>
				<item id="description"><![CDATA[填写图片地址例如：http://bbs.xizi.com/images/touch/logo.png

高度图片尺寸为：175px*35px]]></item>
				<item id="variable"><![CDATA[mhdhlg]]></item>
				<item id="type"><![CDATA[text]]></item>
				<item id="value"><![CDATA[]]></item>
				<item id="extra"><![CDATA[]]></item>
			</item>
			<item id="52">
				<item id="displayorder"><![CDATA[45]]></item>
				<item id="title"><![CDATA[论坛页顶部广告图地址]]></item>
				<item id="description"><![CDATA[]]></item>
				<item id="variable"><![CDATA[ltydbggtdz]]></item>
				<item id="type"><![CDATA[text]]></item>
				<item id="value"><![CDATA[https://i2.cackui.com/images/2019/12/18/1b086e0e11bdcff217d5810818fda0a9.gif]]></item>
				<item id="extra"><![CDATA[]]></item>
			</item>
			<item id="53">
				<item id="displayorder"><![CDATA[46]]></item>
				<item id="title"><![CDATA[论坛页广告图超链接]]></item>
				<item id="description"><![CDATA[]]></item>
				<item id="variable"><![CDATA[ltsyggtclj]]></item>
				<item id="type"><![CDATA[text]]></item>
				<item id="value"><![CDATA[https://www.cackui.com/?@cack_app_lite.template]]></item>
				<item id="extra"><![CDATA[]]></item>
			</item>
			<item id="54">
				<item id="displayorder"><![CDATA[47]]></item>
				<item id="title"><![CDATA[论坛页显示论坛统计]]></item>
				<item id="description"><![CDATA[]]></item>
				<item id="variable"><![CDATA[ltyxslttj]]></item>
				<item id="type"><![CDATA[radio]]></item>
				<item id="value"><![CDATA[1]]></item>
				<item id="extra"><![CDATA[]]></item>
			</item>
			<item id="55">
				<item id="displayorder"><![CDATA[49]]></item>
				<item id="title"><![CDATA[个人空间导航项列]]></item>
				<item id="description"><![CDATA[标题|字体css|链接

字体css参考
http://fontawesome.dashgame.com/]]></item>
				<item id="variable"><![CDATA[grkjdhxl]]></item>
				<item id="type"><![CDATA[textarea]]></item>
				<item id="value"><![CDATA[金币|credit-card|home.php?mod=spacecp&ac=credit&op=base
优惠券|calendar-check-o|#]]></item>
				<item id="extra"><![CDATA[]]></item>
			</item>
			<item id="56">
				<item id="displayorder"><![CDATA[50]]></item>
				<item id="title"><![CDATA[个人空间项列1]]></item>
				<item id="description"><![CDATA[图标|标题|简介语|链接

每个一行]]></item>
				<item id="variable"><![CDATA[grzxxl1]]></item>
				<item id="type"><![CDATA[textarea]]></item>
				<item id="value"><![CDATA[qiandao.png|签到|你来签到，我送好礼！|plugin.php?id=cack_app_sign
goldtask.png|金币任务||home.php?mod=task
goldmall.png|积分商城|夏日狂欢，赢苹果蓝牙音箱！|plugin.php?id=cack_friendscircle]]></item>
				<item id="extra"><![CDATA[]]></item>
			</item>
			<item id="57">
				<item id="displayorder"><![CDATA[51]]></item>
				<item id="title"><![CDATA[个人空间项列2]]></item>
				<item id="description"><![CDATA[图标|标题|简介语|链接

每个一行]]></item>
				<item id="variable"><![CDATA[grzxxl2]]></item>
				<item id="type"><![CDATA[textarea]]></item>
				<item id="value"><![CDATA[my_frient.png|邀请好友||plugin.php?id=cack_app_litebl&cmod=code
myhome_draft.png|自定义|可以根据您的需要在后台配置|plugin.php?id=cack_app_litebl&cmod=code]]></item>
				<item id="extra"><![CDATA[]]></item>
			</item>
			<item id="58">
				<item id="displayorder"><![CDATA[52]]></item>
				<item id="title"><![CDATA[侧边栏个人项列]]></item>
				<item id="description"><![CDATA[标题|字体css|链接

字体css参考
http://fontawesome.dashgame.com/]]></item>
				<item id="variable"><![CDATA[cblgrxl]]></item>
				<item id="type"><![CDATA[textarea]]></item>
				<item id="value"><![CDATA[每日签到|calendar-check-o|forum.php?forumlist=1
积分对换|suitcase|forum.php?forumlist=1
邀请好友|qrcode|plugin.php?id=cack_app_litebl&cmod=code]]></item>
				<item id="extra"><![CDATA[]]></item>
			</item>
			<item id="59">
				<item id="displayorder"><![CDATA[60]]></item>
				<item id="title"><![CDATA[关闭站点页脚]]></item>
				<item id="description"><![CDATA[]]></item>
				<item id="variable"><![CDATA[gbzdyj]]></item>
				<item id="type"><![CDATA[radio]]></item>
				<item id="value"><![CDATA[1]]></item>
				<item id="extra"><![CDATA[]]></item>
			</item>
			<item id="60">
				<item id="displayorder"><![CDATA[61]]></item>
				<item id="title"><![CDATA[个人中心页显示UID]]></item>
				<item id="description"><![CDATA[]]></item>
				<item id="variable"><![CDATA[grzxxsuid]]></item>
				<item id="type"><![CDATA[radio]]></item>
				<item id="value"><![CDATA[0]]></item>
				<item id="extra"><![CDATA[]]></item>
			</item>
			<item id="61">
				<item id="displayorder"><![CDATA[61]]></item>
				<item id="title"><![CDATA[自定义CSS]]></item>
				<item id="description"><![CDATA[]]></item>
				<item id="variable"><![CDATA[zdycss]]></item>
				<item id="type"><![CDATA[textarea]]></item>
				<item id="value"><![CDATA[.Musan_p {
    padding-bottom: 15px;
}
]]></item>
				<item id="extra"><![CDATA[]]></item>
			</item>
			<item id="62">
				<item id="displayorder"><![CDATA[62]]></item>
				<item id="title"><![CDATA[个人中心UID字段]]></item>
				<item id="description"><![CDATA[]]></item>
				<item id="variable"><![CDATA[grzxuidzd]]></item>
				<item id="type"><![CDATA[text]]></item>
				<item id="value"><![CDATA[UID]]></item>
				<item id="extra"><![CDATA[]]></item>
			</item>
			<item id="63">
				<item id="displayorder"><![CDATA[70]]></item>
				<item id="title"><![CDATA[登录页背景图地址]]></item>
				<item id="description"><![CDATA[]]></item>
				<item id="variable"><![CDATA[dlybjtdz]]></item>
				<item id="type"><![CDATA[text]]></item>
				<item id="value"><![CDATA[template/cack_app_lite/touch/static/images/voice_chatting_bg.jpg]]></item>
				<item id="extra"><![CDATA[]]></item>
			</item>
			<item id="64">
				<item id="displayorder"><![CDATA[70]]></item>
				<item id="title"><![CDATA[第三方登陆]]></item>
				<item id="description"><![CDATA[]]></item>
				<item id="variable"><![CDATA[dsfdl]]></item>
				<item id="type"><![CDATA[radio]]></item>
				<item id="value"><![CDATA[1]]></item>
				<item id="extra"><![CDATA[]]></item>
			</item>
			<item id="65">
				<item id="displayorder"><![CDATA[70]]></item>
				<item id="title"><![CDATA[登录页预加载]]></item>
				<item id="description"><![CDATA[]]></item>
				<item id="variable"><![CDATA[dlyyjz]]></item>
				<item id="type"><![CDATA[radio]]></item>
				<item id="value"><![CDATA[1]]></item>
				<item id="extra"><![CDATA[]]></item>
			</item>
			<item id="66">
				<item id="displayorder"><![CDATA[71]]></item>
				<item id="title"><![CDATA[微博登陆]]></item>
				<item id="description"><![CDATA[]]></item>
				<item id="variable"><![CDATA[wbdl]]></item>
				<item id="type"><![CDATA[radio]]></item>
				<item id="value"><![CDATA[1]]></item>
				<item id="extra"><![CDATA[]]></item>
			</item>
			<item id="67">
				<item id="displayorder"><![CDATA[72]]></item>
				<item id="title"><![CDATA[微博登陆URL]]></item>
				<item id="description"><![CDATA[]]></item>
				<item id="variable"><![CDATA[wbdlurl]]></item>
				<item id="type"><![CDATA[text]]></item>
				<item id="value"><![CDATA[forum.php?mod=viewthread&tid=50]]></item>
				<item id="extra"><![CDATA[]]></item>
			</item>
			<item id="68">
				<item id="displayorder"><![CDATA[73]]></item>
				<item id="title"><![CDATA[微信登陆]]></item>
				<item id="description"><![CDATA[]]></item>
				<item id="variable"><![CDATA[wxdl]]></item>
				<item id="type"><![CDATA[radio]]></item>
				<item id="value"><![CDATA[1]]></item>
				<item id="extra"><![CDATA[]]></item>
			</item>
			<item id="69">
				<item id="displayorder"><![CDATA[74]]></item>
				<item id="title"><![CDATA[微信登陆URL]]></item>
				<item id="description"><![CDATA[]]></item>
				<item id="variable"><![CDATA[wxdlurl]]></item>
				<item id="type"><![CDATA[text]]></item>
				<item id="value"><![CDATA[plugin.php?id=cack_wechatlogin:mobile]]></item>
				<item id="extra"><![CDATA[]]></item>
			</item>
			<item id="70">
				<item id="displayorder"><![CDATA[75]]></item>
				<item id="title"><![CDATA[QQ登陆]]></item>
				<item id="description"><![CDATA[]]></item>
				<item id="variable"><![CDATA[qqdl]]></item>
				<item id="type"><![CDATA[radio]]></item>
				<item id="value"><![CDATA[1]]></item>
				<item id="extra"><![CDATA[]]></item>
			</item>
			<item id="71">
				<item id="displayorder"><![CDATA[76]]></item>
				<item id="title"><![CDATA[QQ登陆URL]]></item>
				<item id="description"><![CDATA[]]></item>
				<item id="variable"><![CDATA[qqdlurl]]></item>
				<item id="type"><![CDATA[text]]></item>
				<item id="value"><![CDATA[forum.php?mod=viewthread&tid=50]]></item>
				<item id="extra"><![CDATA[]]></item>
			</item>
			<item id="72">
				<item id="displayorder"><![CDATA[77]]></item>
				<item id="title"><![CDATA[手机登录]]></item>
				<item id="description"><![CDATA[]]></item>
				<item id="variable"><![CDATA[sjdl]]></item>
				<item id="type"><![CDATA[radio]]></item>
				<item id="value"><![CDATA[0]]></item>
				<item id="extra"><![CDATA[]]></item>
			</item>
			<item id="73">
				<item id="displayorder"><![CDATA[78]]></item>
				<item id="title"><![CDATA[手机登陆URL]]></item>
				<item id="description"><![CDATA[]]></item>
				<item id="variable"><![CDATA[sjdlurl]]></item>
				<item id="type"><![CDATA[text]]></item>
				<item id="value"><![CDATA[plugin.php?id=zhanmishu_sms:getpassword&mod=mobilegetpasswd]]></item>
				<item id="extra"><![CDATA[]]></item>
			</item>
			<item id="74">
				<item id="displayorder"><![CDATA[79]]></item>
				<item id="title"><![CDATA[关闭登陆页面嵌入点]]></item>
				<item id="description"><![CDATA[]]></item>
				<item id="variable"><![CDATA[gbdlymqrd]]></item>
				<item id="type"><![CDATA[radio]]></item>
				<item id="value"><![CDATA[1]]></item>
				<item id="extra"><![CDATA[]]></item>
			</item>
			<item id="75">
				<item id="displayorder"><![CDATA[80]]></item>
				<item id="title"><![CDATA[获取邀请码地址]]></item>
				<item id="description"><![CDATA[]]></item>
				<item id="variable"><![CDATA[hqyqmdz]]></item>
				<item id="type"><![CDATA[text]]></item>
				<item id="value"><![CDATA[forum.php?mod=viewthread&tid=74]]></item>
				<item id="extra"><![CDATA[]]></item>
			</item>
			<item id="76">
				<item id="displayorder"><![CDATA[80]]></item>
				<item id="title"><![CDATA[手机统计代码]]></item>
				<item id="description"><![CDATA[]]></item>
				<item id="variable"><![CDATA[sjtjdm]]></item>
				<item id="type"><![CDATA[textarea]]></item>
				<item id="value"><![CDATA[]]></item>
				<item id="extra"><![CDATA[]]></item>
			</item>
			<item id="77">
				<item id="displayorder"><![CDATA[81]]></item>
				<item id="title"><![CDATA[开启手机评分]]></item>
				<item id="description"><![CDATA[]]></item>
				<item id="variable"><![CDATA[kqsjpf]]></item>
				<item id="type"><![CDATA[radio]]></item>
				<item id="value"><![CDATA[1]]></item>
				<item id="extra"><![CDATA[]]></item>
			</item>
			<item id="78">
				<item id="displayorder"><![CDATA[82]]></item>
				<item id="title"><![CDATA[打赏积分数值]]></item>
				<item id="description"><![CDATA[]]></item>
				<item id="variable"><![CDATA[dsjfsz]]></item>
				<item id="type"><![CDATA[text]]></item>
				<item id="value"><![CDATA[1,2,3,5,10,20]]></item>
				<item id="extra"><![CDATA[]]></item>
			</item>
			<item id="79">
				<item id="displayorder"><![CDATA[83]]></item>
				<item id="title"><![CDATA[开启手机评分记录]]></item>
				<item id="description"><![CDATA[]]></item>
				<item id="variable"><![CDATA[kqsjpfjl]]></item>
				<item id="type"><![CDATA[radio]]></item>
				<item id="value"><![CDATA[1]]></item>
				<item id="extra"><![CDATA[]]></item>
			</item>
			<item id="80">
				<item id="displayorder"><![CDATA[85]]></item>
				<item id="title"><![CDATA[开启手机点评]]></item>
				<item id="description"><![CDATA[]]></item>
				<item id="variable"><![CDATA[kqsjdp]]></item>
				<item id="type"><![CDATA[radio]]></item>
				<item id="value"><![CDATA[1]]></item>
				<item id="extra"><![CDATA[]]></item>
			</item>
			<item id="81">
				<item id="displayorder"><![CDATA[86]]></item>
				<item id="title"><![CDATA[开启手机点评记录]]></item>
				<item id="description"><![CDATA[]]></item>
				<item id="variable"><![CDATA[kqsjdpjl]]></item>
				<item id="type"><![CDATA[radio]]></item>
				<item id="value"><![CDATA[1]]></item>
				<item id="extra"><![CDATA[]]></item>
			</item>
			<item id="82">
				<item id="displayorder"><![CDATA[90]]></item>
				<item id="title"><![CDATA[小云兼容模式]]></item>
				<item id="description"><![CDATA[]]></item>
				<item id="variable"><![CDATA[xyjrms]]></item>
				<item id="type"><![CDATA[radio]]></item>
				<item id="value"><![CDATA[0]]></item>
				<item id="extra"><![CDATA[]]></item>
			</item>
			<item id="83">
				<item id="displayorder"><![CDATA[94]]></item>
				<item id="title"><![CDATA[评分字段名称]]></item>
				<item id="description"><![CDATA[]]></item>
				<item id="variable"><![CDATA[pfzdmc]]></item>
				<item id="type"><![CDATA[text]]></item>
				<item id="value"><![CDATA[打赏]]></item>
				<item id="extra"><![CDATA[]]></item>
			</item>
			<item id="84">
				<item id="displayorder"><![CDATA[95]]></item>
				<item id="title"><![CDATA[子版块直接显示]]></item>
				<item id="description"><![CDATA[]]></item>
				<item id="variable"><![CDATA[zbkzjxs]]></item>
				<item id="type"><![CDATA[radio]]></item>
				<item id="value"><![CDATA[1]]></item>
				<item id="extra"><![CDATA[]]></item>
			</item>
			<item id="85">
				<item id="displayorder"><![CDATA[100]]></item>
				<item id="title"><![CDATA[插件中显示页头]]></item>
				<item id="description"><![CDATA[]]></item>
				<item id="variable"><![CDATA[cjzxsyt]]></item>
				<item id="type"><![CDATA[radio]]></item>
				<item id="value"><![CDATA[1]]></item>
				<item id="extra"><![CDATA[]]></item>
			</item>
			<item id="86">
				<item id="displayorder"><![CDATA[101]]></item>
				<item id="title"><![CDATA[插件中显示页脚]]></item>
				<item id="description"><![CDATA[]]></item>
				<item id="variable"><![CDATA[cjzxsyj]]></item>
				<item id="type"><![CDATA[radio]]></item>
				<item id="value"><![CDATA[1]]></item>
				<item id="extra"><![CDATA[]]></item>
			</item>
			<item id="87">
				<item id="displayorder"><![CDATA[102]]></item>
				<item id="title"><![CDATA[插件中显示导航栏]]></item>
				<item id="description"><![CDATA[]]></item>
				<item id="variable"><![CDATA[cjzxsdhl]]></item>
				<item id="type"><![CDATA[radio]]></item>
				<item id="value"><![CDATA[1]]></item>
				<item id="extra"><![CDATA[]]></item>
			</item>
			<item id="88">
				<item id="displayorder"><![CDATA[110]]></item>
				<item id="title"><![CDATA[全局底部导航样式]]></item>
				<item id="description"><![CDATA[3.0版本新增设置项]]></item>
				<item id="variable"><![CDATA[qjdbdhys]]></item>
				<item id="type"><![CDATA[select]]></item>
				<item id="value"><![CDATA[2]]></item>
				<item id="extra"><![CDATA[1 = 2.0样式
2 = 3.0样式]]></item>
			</item>
			<item id="89">
				<item id="displayorder"><![CDATA[111]]></item>
				<item id="title"><![CDATA[个人中心样式]]></item>
				<item id="description"><![CDATA[]]></item>
				<item id="variable"><![CDATA[grzxys]]></item>
				<item id="type"><![CDATA[select]]></item>
				<item id="value"><![CDATA[2]]></item>
				<item id="extra"><![CDATA[1 = 2.0版本样式
2 = 3.0版本样式]]></item>
			</item>
			<item id="90">
				<item id="displayorder"><![CDATA[120]]></item>
				<item id="title"><![CDATA[游客账号]]></item>
				<item id="description"><![CDATA[]]></item>
				<item id="variable"><![CDATA[ykzh]]></item>
				<item id="type"><![CDATA[text]]></item>
				<item id="value"><![CDATA[]]></item>
				<item id="extra"><![CDATA[]]></item>
			</item>
			<item id="91">
				<item id="displayorder"><![CDATA[121]]></item>
				<item id="title"><![CDATA[游客账号密码]]></item>
				<item id="description"><![CDATA[]]></item>
				<item id="variable"><![CDATA[ykzhmm]]></item>
				<item id="type"><![CDATA[text]]></item>
				<item id="value"><![CDATA[]]></item>
				<item id="extra"><![CDATA[]]></item>
			</item>
			<item id="92">
				<item id="displayorder"><![CDATA[127]]></item>
				<item id="title"><![CDATA[发帖栏广告图片]]></item>
				<item id="description"><![CDATA[]]></item>
				<item id="variable"><![CDATA[ftlggtp]]></item>
				<item id="type"><![CDATA[text]]></item>
				<item id="value"><![CDATA[http://bbsimg.talkop.com/portal/201812/25/155138lomokmoko88kokkv.jpg]]></item>
				<item id="extra"><![CDATA[]]></item>
			</item>
			<item id="93">
				<item id="displayorder"><![CDATA[127]]></item>
				<item id="title"><![CDATA[发帖栏广告地址]]></item>
				<item id="description"><![CDATA[]]></item>
				<item id="variable"><![CDATA[ftlggdz]]></item>
				<item id="type"><![CDATA[text]]></item>
				<item id="value"><![CDATA[#]]></item>
				<item id="extra"><![CDATA[]]></item>
			</item>
			<item id="94">
				<item id="displayorder"><![CDATA[127]]></item>
				<item id="title"><![CDATA[宽带优化-CSS附件CDN网址]]></item>
				<item id="description"><![CDATA[]]></item>
				<item id="variable"><![CDATA[kdyhcssfjdz]]></item>
				<item id="type"><![CDATA[text]]></item>
				<item id="value"><![CDATA[]]></item>
				<item id="extra"><![CDATA[]]></item>
			</item>
			<item id="95">
				<item id="displayorder"><![CDATA[127]]></item>
				<item id="title"><![CDATA[列表免跳转发帖]]></item>
				<item id="description"><![CDATA[]]></item>
				<item id="variable"><![CDATA[lbmtzft]]></item>
				<item id="type"><![CDATA[radio]]></item>
				<item id="value"><![CDATA[1]]></item>
				<item id="extra"><![CDATA[]]></item>
			</item>
			<item id="96">
				<item id="displayorder"><![CDATA[127]]></item>
				<item id="title"><![CDATA[门户首页社区热点字段]]></item>
				<item id="description"><![CDATA[]]></item>
				<item id="variable"><![CDATA[mhsysqrdzd]]></item>
				<item id="type"><![CDATA[text]]></item>
				<item id="value"><![CDATA[社区热点]]></item>
				<item id="extra"><![CDATA[]]></item>
			</item>
			<item id="97">
				<item id="displayorder"><![CDATA[127]]></item>
				<item id="title"><![CDATA[导读页面幻灯片]]></item>
				<item id="description"><![CDATA[]]></item>
				<item id="variable"><![CDATA[gchdp]]></item>
				<item id="type"><![CDATA[textarea]]></item>
				<item id="value"><![CDATA[1|template/cack_app_lite/touch/static/images/m1.jpg|#
2|template/cack_app_lite/touch/static/images/m2.jpg|#
3|template/cack_app_lite/touch/static/images/m3.jpg|#]]></item>
				<item id="extra"><![CDATA[]]></item>
			</item>
		</item>
		<item id="installfile"><![CDATA[install.php]]></item>
		<item id="uninstallfile"><![CDATA[uninstall.php]]></item>
		<item id="upgradefile"><![CDATA[upgrade.php]]></item>
	</item>
</root>