<?xml version="1.0" encoding="ISO-8859-1"?>
<root>
	<item id="Title"><![CDATA[Discuz! Plugin]]></item>
	<item id="Version"><![CDATA[X3,X3.1,X3.2,X3.3,X3.4,X3.5,F1.0,L1.0]]></item>
	<item id="Time"><![CDATA[2020-07-01 14:37]]></item>
	<item id="From"><![CDATA[DisM!应用中心 (https://dism.taobao.com/)]]></item>
	<item id="Data">
		<item id="plugin">
			<item id="available"><![CDATA[1]]></item>
			<item id="adminid"><![CDATA[1]]></item>
			<item id="name"><![CDATA[xlmmapp触屏版管理]]></item>
			<item id="identifier"><![CDATA[xlmmappgl]]></item>
			<item id="description"><![CDATA[]]></item>
			<item id="datatables"><![CDATA[]]></item>
			<item id="directory"><![CDATA[xlmmappgl/]]></item>
			<item id="copyright"><![CDATA[DisM!应用中心(dism.taobao.com)]]></item>
			<item id="version"><![CDATA[v1]]></item>
			<item id="__modules">
				<item id="0">
					<item id="name"><![CDATA[xlmmappgl]]></item>
					<item id="param"><![CDATA[]]></item>
					<item id="menu"><![CDATA[]]></item>
					<item id="url"><![CDATA[]]></item>
					<item id="type"><![CDATA[11]]></item>
					<item id="adminid"><![CDATA[0]]></item>
					<item id="displayorder"><![CDATA[0]]></item>
					<item id="navtitle"><![CDATA[]]></item>
					<item id="navicon"><![CDATA[]]></item>
					<item id="navsubname"><![CDATA[]]></item>
					<item id="navsuburl"><![CDATA[]]></item>
				</item>
				<item id="1">
					<item id="name"><![CDATA[tcs]]></item>
					<item id="param"><![CDATA[]]></item>
					<item id="menu"><![CDATA[]]></item>
					<item id="url"><![CDATA[]]></item>
					<item id="type"><![CDATA[28]]></item>
					<item id="adminid"><![CDATA[0]]></item>
					<item id="displayorder"><![CDATA[0]]></item>
					<item id="navtitle"><![CDATA[]]></item>
					<item id="navicon"><![CDATA[]]></item>
					<item id="navsubname"><![CDATA[]]></item>
					<item id="navsuburl"><![CDATA[]]></item>
				</item>
			</item>
		</item>
		<item id="version"><![CDATA[X3,X3.1,X3.2,X3.3,X3.4,X3.5,F1.0,L1.0]]></item>
		<item id="var">
			<item id="0">
				<item id="displayorder"><![CDATA[0]]></item>
				<item id="title"><![CDATA[默认首页地址]]></item>
				<item id="description"><![CDATA[手机版默认首页跳转的地址，请确保您设置的地址有手机页面]]></item>
				<item id="variable"><![CDATA[xlmmappglinx]]></item>
				<item id="type"><![CDATA[text]]></item>
				<item id="value"><![CDATA[portal.php?mod=portal]]></item>
				<item id="extra"><![CDATA[]]></item>
			</item>
			<item id="1">
				<item id="displayorder"><![CDATA[0]]></item>
				<item id="title"><![CDATA[首页每页显示条数]]></item>
				<item id="description"><![CDATA[]]></item>
				<item id="variable"><![CDATA[xlmmappglits]]></item>
				<item id="type"><![CDATA[number]]></item>
				<item id="value"><![CDATA[15]]></item>
				<item id="extra"><![CDATA[]]></item>
			</item>
			<item id="2">
				<item id="displayorder"><![CDATA[21]]></item>
				<item id="title"><![CDATA[首页推荐页diy模块]]></item>
				<item id="description"><![CDATA[这里可以填写您的内部调用代码，格式如<!--{block/179}--> 一行书写一个，留空则不调用]]></item>
				<item id="variable"><![CDATA[xlmmin_block]]></item>
				<item id="type"><![CDATA[textarea]]></item>
				<item id="value"><![CDATA[<!--{block/40000}-->
<!--{block/50000}-->
<!--{block/60000}-->
<!--{block/70000}-->]]></item>
				<item id="extra"><![CDATA[]]></item>
			</item>
			<item id="3">
				<item id="displayorder"><![CDATA[22]]></item>
				<item id="title"><![CDATA[首页推荐屏蔽版块id]]></item>
				<item id="description"><![CDATA[多个用英文逗号隔开，如1,2,3,4 切勿留空]]></item>
				<item id="variable"><![CDATA[xlmmappgltjid]]></item>
				<item id="type"><![CDATA[text]]></item>
				<item id="value"><![CDATA[0]]></item>
				<item id="extra"><![CDATA[]]></item>
			</item>
			<item id="4">
				<item id="displayorder"><![CDATA[23]]></item>
				<item id="title"><![CDATA[首页推荐屏蔽帖子id]]></item>
				<item id="description"><![CDATA[多个用英文逗号隔开，如1,2,3,4 切勿留空]]></item>
				<item id="variable"><![CDATA[xlmmappgltjtid]]></item>
				<item id="type"><![CDATA[text]]></item>
				<item id="value"><![CDATA[0]]></item>
				<item id="extra"><![CDATA[]]></item>
			</item>
			<item id="5">
				<item id="displayorder"><![CDATA[24]]></item>
				<item id="title"><![CDATA[首页推荐帖子排序]]></item>
				<item id="description"><![CDATA[]]></item>
				<item id="variable"><![CDATA[xlmmappglzpx]]></item>
				<item id="type"><![CDATA[select]]></item>
				<item id="value"><![CDATA[1]]></item>
				<item id="extra"><![CDATA[1=最后回复
2=发布时间
3=查看数
4=回复数
5=精华]]></item>
			</item>
			<item id="6">
				<item id="displayorder"><![CDATA[25]]></item>
				<item id="title"><![CDATA[首页推荐屏蔽无图主题]]></item>
				<item id="description"><![CDATA[]]></item>
				<item id="variable"><![CDATA[xlmmappgltjwt]]></item>
				<item id="type"><![CDATA[select]]></item>
				<item id="value"><![CDATA[1]]></item>
				<item id="extra"><![CDATA[1=是
2=否]]></item>
			</item>
			<item id="7">
				<item id="displayorder"><![CDATA[26]]></item>
				<item id="title"><![CDATA[首页热榜屏蔽板块id]]></item>
				<item id="description"><![CDATA[多个用英文逗号隔开，如1,2,3,4 切勿留空]]></item>
				<item id="variable"><![CDATA[xlmmappglrbfid]]></item>
				<item id="type"><![CDATA[text]]></item>
				<item id="value"><![CDATA[0]]></item>
				<item id="extra"><![CDATA[]]></item>
			</item>
			<item id="8">
				<item id="displayorder"><![CDATA[27]]></item>
				<item id="title"><![CDATA[首页热榜屏蔽帖子id]]></item>
				<item id="description"><![CDATA[]]></item>
				<item id="variable"><![CDATA[xlmmappglrbtid]]></item>
				<item id="type"><![CDATA[text]]></item>
				<item id="value"><![CDATA[0]]></item>
				<item id="extra"><![CDATA[]]></item>
			</item>
			<item id="9">
				<item id="displayorder"><![CDATA[28]]></item>
				<item id="title"><![CDATA[首页热榜帖子排序]]></item>
				<item id="description"><![CDATA[]]></item>
				<item id="variable"><![CDATA[xlmmappglrpx]]></item>
				<item id="type"><![CDATA[select]]></item>
				<item id="value"><![CDATA[1]]></item>
				<item id="extra"><![CDATA[1=最后回复
2=发布时间
3=查看数
4=回复数
5=精华]]></item>
			</item>
			<item id="10">
				<item id="displayorder"><![CDATA[29]]></item>
				<item id="title"><![CDATA[首页热榜显示条件]]></item>
				<item id="description"><![CDATA[]]></item>
				<item id="variable"><![CDATA[xlmmappglrbxs]]></item>
				<item id="type"><![CDATA[select]]></item>
				<item id="value"><![CDATA[1]]></item>
				<item id="extra"><![CDATA[1=按阅读数
2=按回复数]]></item>
			</item>
			<item id="11">
				<item id="displayorder"><![CDATA[30]]></item>
				<item id="title"><![CDATA[首页热榜筛选]]></item>
				<item id="description"><![CDATA[显示回复或阅读数大于等于多少的帖子，默认为回复数大于等于0]]></item>
				<item id="variable"><![CDATA[xlmmappglrbxss]]></item>
				<item id="type"><![CDATA[number]]></item>
				<item id="value"><![CDATA[0]]></item>
				<item id="extra"><![CDATA[]]></item>
			</item>
			<item id="12">
				<item id="displayorder"><![CDATA[31]]></item>
				<item id="title"><![CDATA[首页热榜屏蔽无图主题]]></item>
				<item id="description"><![CDATA[]]></item>
				<item id="variable"><![CDATA[xlmmappglrbwt]]></item>
				<item id="type"><![CDATA[select]]></item>
				<item id="value"><![CDATA[1]]></item>
				<item id="extra"><![CDATA[1=是
2=否]]></item>
			</item>
			<item id="13">
				<item id="displayorder"><![CDATA[32]]></item>
				<item id="title"><![CDATA[列表申请版主链接]]></item>
				<item id="description"><![CDATA[您可以单独发一个帖子用于申请版主，然后在此填入帖子链接]]></item>
				<item id="variable"><![CDATA[xlmmappglrbzsq]]></item>
				<item id="type"><![CDATA[text]]></item>
				<item id="value"><![CDATA[forum.php?mod=viewthread&tid=25]]></item>
				<item id="extra"><![CDATA[]]></item>
			</item>
			<item id="14">
				<item id="displayorder"><![CDATA[33]]></item>
				<item id="title"><![CDATA[头条资讯页面链接]]></item>
				<item id="description"><![CDATA[若没有门户频道建议留空，留空则不显示]]></item>
				<item id="variable"><![CDATA[xlmmappglrtt]]></item>
				<item id="type"><![CDATA[text]]></item>
				<item id="value"><![CDATA[ portal.php?mod=list&catid=1]]></item>
				<item id="extra"><![CDATA[]]></item>
			</item>
			<item id="15">
				<item id="displayorder"><![CDATA[34]]></item>
				<item id="title"><![CDATA[登录页第三方登录代码]]></item>
				<item id="description"><![CDATA[]]></item>
				<item id="variable"><![CDATA[xlmmappdsfdl]]></item>
				<item id="type"><![CDATA[textarea]]></item>
				<item id="value"><![CDATA[<span class="for-weibo"><a href="javascript:;"><img src="template/xlmmapp/m-img/wbload.png"></a></span>
<span class="for-weixin"><a href="javascript:;"><img src="template/xlmmapp/m-img/wxload.png"></a></span>
<span class="for-sj"><a href="javascript:;"><img src="template/xlmmapp/m-img/sjload.png"></a></span>]]></item>
				<item id="extra"><![CDATA[]]></item>
			</item>
		</item>
	</item>
</root>