<?xml version="1.0" encoding="ISO-8859-1"?>
<root>
	<item id="Title"><![CDATA[Discuz! Plugin]]></item>
	<item id="Version"><![CDATA[X3,X3.1,X3.2,X3.3,X3.4,X3.5,F1.0,L1.0]]></item>
	<item id="Time"><![CDATA[2020-07-01 14:37]]></item>
	<item id="From"><![CDATA[DisM!应用中心 (https://dism.taobao.com/)]]></item>
	<item id="Data">
		<item id="plugin">
			<item id="available"><![CDATA[1]]></item>
			<item id="adminid"><![CDATA[1]]></item>
			<item id="name"><![CDATA[xlmmapp觸屏版琯理]]></item>
			<item id="identifier"><![CDATA[xlmmappgl]]></item>
			<item id="description"><![CDATA[]]></item>
			<item id="datatables"><![CDATA[]]></item>
			<item id="directory"><![CDATA[xlmmappgl/]]></item>
			<item id="copyright"><![CDATA[DisM!应用中心(dism.taobao.com)]]></item>
			<item id="version"><![CDATA[v1]]></item>
			<item id="__modules">
				<item id="0">
					<item id="name"><![CDATA[xlmmappgl]]></item>
					<item id="param"><![CDATA[]]></item>
					<item id="menu"><![CDATA[]]></item>
					<item id="url"><![CDATA[]]></item>
					<item id="type"><![CDATA[11]]></item>
					<item id="adminid"><![CDATA[0]]></item>
					<item id="displayorder"><![CDATA[0]]></item>
					<item id="navtitle"><![CDATA[]]></item>
					<item id="navicon"><![CDATA[]]></item>
					<item id="navsubname"><![CDATA[]]></item>
					<item id="navsuburl"><![CDATA[]]></item>
				</item>
				<item id="1">
					<item id="name"><![CDATA[tcs]]></item>
					<item id="param"><![CDATA[]]></item>
					<item id="menu"><![CDATA[]]></item>
					<item id="url"><![CDATA[]]></item>
					<item id="type"><![CDATA[28]]></item>
					<item id="adminid"><![CDATA[0]]></item>
					<item id="displayorder"><![CDATA[0]]></item>
					<item id="navtitle"><![CDATA[]]></item>
					<item id="navicon"><![CDATA[]]></item>
					<item id="navsubname"><![CDATA[]]></item>
					<item id="navsuburl"><![CDATA[]]></item>
				</item>
			</item>
		</item>
		<item id="version"><![CDATA[X3,X3.1,X3.2,X3.3,X3.4,X3.5,F1.0,L1.0]]></item>
		<item id="var">
			<item id="0">
				<item id="displayorder"><![CDATA[0]]></item>
				<item id="title"><![CDATA[默認首頁地址]]></item>
				<item id="description"><![CDATA[手機版默認首頁跳轉的地址，請確保您設置的地址有手機頁麪]]></item>
				<item id="variable"><![CDATA[xlmmappglinx]]></item>
				<item id="type"><![CDATA[text]]></item>
				<item id="value"><![CDATA[portal.php?mod=portal]]></item>
				<item id="extra"><![CDATA[]]></item>
			</item>
			<item id="1">
				<item id="displayorder"><![CDATA[0]]></item>
				<item id="title"><![CDATA[首頁每頁顯示條數]]></item>
				<item id="description"><![CDATA[]]></item>
				<item id="variable"><![CDATA[xlmmappglits]]></item>
				<item id="type"><![CDATA[number]]></item>
				<item id="value"><![CDATA[15]]></item>
				<item id="extra"><![CDATA[]]></item>
			</item>
			<item id="2">
				<item id="displayorder"><![CDATA[21]]></item>
				<item id="title"><![CDATA[首頁推薦頁diy模塊]]></item>
				<item id="description"><![CDATA[這裡可以填寫您的內部調用代碼，格式如<!--{block/179}--> 一行書寫一個，畱空則不調用]]></item>
				<item id="variable"><![CDATA[xlmmin_block]]></item>
				<item id="type"><![CDATA[textarea]]></item>
				<item id="value"><![CDATA[<!--{block/40000}-->
<!--{block/50000}-->
<!--{block/60000}-->
<!--{block/70000}-->]]></item>
				<item id="extra"><![CDATA[]]></item>
			</item>
			<item id="3">
				<item id="displayorder"><![CDATA[22]]></item>
				<item id="title"><![CDATA[首頁推薦屏蔽版塊id]]></item>
				<item id="description"><![CDATA[多個用英文逗號隔開，如1,2,3,4 切勿畱空]]></item>
				<item id="variable"><![CDATA[xlmmappgltjid]]></item>
				<item id="type"><![CDATA[text]]></item>
				<item id="value"><![CDATA[0]]></item>
				<item id="extra"><![CDATA[]]></item>
			</item>
			<item id="4">
				<item id="displayorder"><![CDATA[23]]></item>
				<item id="title"><![CDATA[首頁推薦屏蔽帖子id]]></item>
				<item id="description"><![CDATA[多個用英文逗號隔開，如1,2,3,4 切勿畱空]]></item>
				<item id="variable"><![CDATA[xlmmappgltjtid]]></item>
				<item id="type"><![CDATA[text]]></item>
				<item id="value"><![CDATA[0]]></item>
				<item id="extra"><![CDATA[]]></item>
			</item>
			<item id="5">
				<item id="displayorder"><![CDATA[24]]></item>
				<item id="title"><![CDATA[首頁推薦帖子排序]]></item>
				<item id="description"><![CDATA[]]></item>
				<item id="variable"><![CDATA[xlmmappglzpx]]></item>
				<item id="type"><![CDATA[select]]></item>
				<item id="value"><![CDATA[1]]></item>
				<item id="extra"><![CDATA[1=最後廻複
2=發佈時間
3=查看數
4=廻複數
5=精華]]></item>
			</item>
			<item id="6">
				<item id="displayorder"><![CDATA[25]]></item>
				<item id="title"><![CDATA[首頁推薦屏蔽無圖主題]]></item>
				<item id="description"><![CDATA[]]></item>
				<item id="variable"><![CDATA[xlmmappgltjwt]]></item>
				<item id="type"><![CDATA[select]]></item>
				<item id="value"><![CDATA[1]]></item>
				<item id="extra"><![CDATA[1=是
2=否]]></item>
			</item>
			<item id="7">
				<item id="displayorder"><![CDATA[26]]></item>
				<item id="title"><![CDATA[首頁熱榜屏蔽板塊id]]></item>
				<item id="description"><![CDATA[多個用英文逗號隔開，如1,2,3,4 切勿畱空]]></item>
				<item id="variable"><![CDATA[xlmmappglrbfid]]></item>
				<item id="type"><![CDATA[text]]></item>
				<item id="value"><![CDATA[0]]></item>
				<item id="extra"><![CDATA[]]></item>
			</item>
			<item id="8">
				<item id="displayorder"><![CDATA[27]]></item>
				<item id="title"><![CDATA[首頁熱榜屏蔽帖子id]]></item>
				<item id="description"><![CDATA[]]></item>
				<item id="variable"><![CDATA[xlmmappglrbtid]]></item>
				<item id="type"><![CDATA[text]]></item>
				<item id="value"><![CDATA[0]]></item>
				<item id="extra"><![CDATA[]]></item>
			</item>
			<item id="9">
				<item id="displayorder"><![CDATA[28]]></item>
				<item id="title"><![CDATA[首頁熱榜帖子排序]]></item>
				<item id="description"><![CDATA[]]></item>
				<item id="variable"><![CDATA[xlmmappglrpx]]></item>
				<item id="type"><![CDATA[select]]></item>
				<item id="value"><![CDATA[1]]></item>
				<item id="extra"><![CDATA[1=最後廻複
2=發佈時間
3=查看數
4=廻複數
5=精華]]></item>
			</item>
			<item id="10">
				<item id="displayorder"><![CDATA[29]]></item>
				<item id="title"><![CDATA[首頁熱榜顯示條件]]></item>
				<item id="description"><![CDATA[]]></item>
				<item id="variable"><![CDATA[xlmmappglrbxs]]></item>
				<item id="type"><![CDATA[select]]></item>
				<item id="value"><![CDATA[1]]></item>
				<item id="extra"><![CDATA[1=按閲讀數
2=按廻複數]]></item>
			</item>
			<item id="11">
				<item id="displayorder"><![CDATA[30]]></item>
				<item id="title"><![CDATA[首頁熱榜篩選]]></item>
				<item id="description"><![CDATA[顯示廻複或閲讀數大於等於多少的帖子，默認爲廻複數大於等於0]]></item>
				<item id="variable"><![CDATA[xlmmappglrbxss]]></item>
				<item id="type"><![CDATA[number]]></item>
				<item id="value"><![CDATA[0]]></item>
				<item id="extra"><![CDATA[]]></item>
			</item>
			<item id="12">
				<item id="displayorder"><![CDATA[31]]></item>
				<item id="title"><![CDATA[首頁熱榜屏蔽無圖主題]]></item>
				<item id="description"><![CDATA[]]></item>
				<item id="variable"><![CDATA[xlmmappglrbwt]]></item>
				<item id="type"><![CDATA[select]]></item>
				<item id="value"><![CDATA[1]]></item>
				<item id="extra"><![CDATA[1=是
2=否]]></item>
			</item>
			<item id="13">
				<item id="displayorder"><![CDATA[32]]></item>
				<item id="title"><![CDATA[列表申請版主鏈接]]></item>
				<item id="description"><![CDATA[您可以單獨發一個帖子用於申請版主，然後在此填入帖子鏈接]]></item>
				<item id="variable"><![CDATA[xlmmappglrbzsq]]></item>
				<item id="type"><![CDATA[text]]></item>
				<item id="value"><![CDATA[forum.php?mod=viewthread&tid=25]]></item>
				<item id="extra"><![CDATA[]]></item>
			</item>
			<item id="14">
				<item id="displayorder"><![CDATA[33]]></item>
				<item id="title"><![CDATA[頭條資訊頁麪鏈接]]></item>
				<item id="description"><![CDATA[若沒有門戶頻道建議畱空，畱空則不顯示]]></item>
				<item id="variable"><![CDATA[xlmmappglrtt]]></item>
				<item id="type"><![CDATA[text]]></item>
				<item id="value"><![CDATA[ portal.php?mod=list&catid=1]]></item>
				<item id="extra"><![CDATA[]]></item>
			</item>
			<item id="15">
				<item id="displayorder"><![CDATA[34]]></item>
				<item id="title"><![CDATA[登錄頁第三方登錄代碼]]></item>
				<item id="description"><![CDATA[]]></item>
				<item id="variable"><![CDATA[xlmmappdsfdl]]></item>
				<item id="type"><![CDATA[textarea]]></item>
				<item id="value"><![CDATA[<span class="for-weibo"><a href="javascript:;"><img src="template/xlmmapp/m-img/wbload.png"></a></span>
<span class="for-weixin"><a href="javascript:;"><img src="template/xlmmapp/m-img/wxload.png"></a></span>
<span class="for-sj"><a href="javascript:;"><img src="template/xlmmapp/m-img/sjload.png"></a></span>]]></item>
				<item id="extra"><![CDATA[]]></item>
			</item>
		</item>
	</item>
</root>