<?xml version="1.0" encoding="ISO-8859-1"?>
<root>
	<item id="spacecss"><![CDATA[#frameVK9bbj { border:0px !important;margin:0px !important;}#portal_block_570 { border:0px !important;margin:0px !important;}#portal_block_570 .dxb_bc { margin:0px !important;}#framerjeWr5 { border:0px !important;margin:0px !important;}#portal_block_571 { border:0px !important;margin:0px !important;}#portal_block_571 .dxb_bc { margin:0px !important;}#frame1RJ3zR { border:0px !important;margin:0px !important;}#frameq988kV { border:0px !important;margin:0px !important;}#portal_block_573 { border:0px !important;margin:0px !important;}#portal_block_573 .dxb_bc { margin:0px !important;}#portal_block_572 { border:0px !important;margin:0px !important;}#portal_block_572 .dxb_bc { margin:0px !important;}#frametECkcP { border:0px !important;margin:0px !important;}#frameO22dk5 { border:0px !important;margin:0px !important;}#portal_block_574 { border:0px !important;margin:0px !important;}#portal_block_574 .dxb_bc { margin:0px !important;}#portal_block_575 { border:0px !important;margin:0px !important;}#portal_block_575 .dxb_bc { margin:0px !important;}#framek7x4Z4 { border:0px !important;margin:0px !important;}#framed5U8M1 { border:0px !important;margin:0px !important;}#portal_block_576 { border:0px !important;margin:0px !important;}#portal_block_576 .dxb_bc { margin:0px !important;}#framet157zF { border:0px !important;margin:0px !important;}#frameupf3H8 { border:0px !important;margin:0px !important;}#portal_block_577 { border:0px !important;margin:0px !important;}#portal_block_577 .dxb_bc { margin:0px !important;}#portal_block_578 { border:0px !important;margin:0px !important;}#portal_block_578 .dxb_bc { margin:0px !important;}#portal_block_579 { border:0px !important;margin:0px !important;}#portal_block_579 .dxb_bc { margin:0px !important;}#frameCQF284 { border:0px !important;margin:0px !important;}#portal_block_580 { border:0px !important;margin:0px !important;}#portal_block_580 .dxb_bc { margin:0px !important;}#portal_block_581 { border:0px !important;margin:0px !important;}#portal_block_581 .dxb_bc { margin:0px !important;}#framee1F5T4 { border:0px !important;margin:0px !important;}#frameo14J6C { border:0px !important;margin:0px !important;}#portal_block_582 { border:0px !important;margin:0px !important;}#portal_block_582 .dxb_bc { margin:0px !important;}#framePe3wWv { border:0px !important;margin:0px !important;}#portal_block_583 { border:0px !important;margin:0px !important;}#portal_block_583 .dxb_bc { margin:0px !important;}#frameHOHGd1 { border:0px !important;margin:0px !important;}#portal_block_584 { border:0px !important;margin:0px !important;}#portal_block_584 .dxb_bc { margin:0px !important;}#frame7jm68W { border:0px !important;margin:0px !important;}#portal_block_585 { border:0px !important;margin:0px !important;}#portal_block_585 .dxb_bc { margin:0px !important;}#framezUVfv8 { border:0px !important;margin:0px !important;}#portal_block_586 { border:0px !important;margin:0px !important;}#portal_block_586 .dxb_bc { margin:0px !important;}#frameSlK3FE { border:0px !important;margin:0px !important;}#portal_block_587 { border:0px !important;margin:0px !important;}#portal_block_587 .dxb_bc { margin:0px !important;}#framemFnFOk { border:0px !important;margin:0px !important;}#portal_block_588 { border:0px !important;margin:0px !important;}#portal_block_588 .dxb_bc { margin:0px !important;}#portal_block_589 { border:0px !important;margin:0px !important;}#portal_block_589 .dxb_bc { margin:0px !important;}#framerOuGSP { border:0px !important;margin:0px !important;}#portal_block_590 { border:0px !important;margin:0px !important;}#portal_block_590 .dxb_bc { margin:0px !important;}#frame7R61bY { border:0px !important;margin:0px !important;}]]></item>
	<item id="layoutdata">
		<item id="diy_mumucms_job_ad1">
			<item id="frame`framee1F5T4">
				<item id="attr">
					<item id="name"><![CDATA[framee1F5T4]]></item>
					<item id="moveable"><![CDATA[true]]></item>
					<item id="className"><![CDATA[ frame move-span cl frame-1]]></item>
					<item id="titles"><![CDATA[]]></item>
				</item>
				<item id="column`framee1F5T4_left">
					<item id="attr">
						<item id="name"><![CDATA[framee1F5T4_left]]></item>
						<item id="className"><![CDATA[column frame-1-c]]></item>
					</item>
					<item id="block`portal_block_581">
						<item id="attr">
							<item id="name"><![CDATA[portal_block_581]]></item>
							<item id="className"><![CDATA[block move-span]]></item>
							<item id="titles"><![CDATA[]]></item>
						</item>
					</item>
				</item>
			</item>
		</item>
		<item id="diy_mumucms_job_focus">
			<item id="frame`frameo14J6C">
				<item id="attr">
					<item id="name"><![CDATA[frameo14J6C]]></item>
					<item id="moveable"><![CDATA[true]]></item>
					<item id="className"><![CDATA[ frame move-span cl frame-1]]></item>
					<item id="titles"><![CDATA[]]></item>
				</item>
				<item id="column`frameo14J6C_left">
					<item id="attr">
						<item id="name"><![CDATA[frameo14J6C_left]]></item>
						<item id="className"><![CDATA[column frame-1-c]]></item>
					</item>
					<item id="block`portal_block_582">
						<item id="attr">
							<item id="name"><![CDATA[portal_block_582]]></item>
							<item id="className"><![CDATA[block move-span]]></item>
							<item id="titles"><![CDATA[]]></item>
						</item>
					</item>
				</item>
			</item>
		</item>
		<item id="diy_mumucms_job_img1">
			<item id="frame`framezUVfv8">
				<item id="attr">
					<item id="name"><![CDATA[framezUVfv8]]></item>
					<item id="moveable"><![CDATA[true]]></item>
					<item id="className"><![CDATA[ frame move-span cl frame-1]]></item>
					<item id="titles"><![CDATA[]]></item>
				</item>
				<item id="column`framezUVfv8_left">
					<item id="attr">
						<item id="name"><![CDATA[framezUVfv8_left]]></item>
						<item id="className"><![CDATA[column frame-1-c]]></item>
					</item>
					<item id="block`portal_block_586">
						<item id="attr">
							<item id="name"><![CDATA[portal_block_586]]></item>
							<item id="className"><![CDATA[block move-span]]></item>
							<item id="titles"><![CDATA[]]></item>
						</item>
					</item>
				</item>
			</item>
		</item>
		<item id="diy_mumucms_job_img2">
			<item id="frame`frameSlK3FE">
				<item id="attr">
					<item id="name"><![CDATA[frameSlK3FE]]></item>
					<item id="moveable"><![CDATA[true]]></item>
					<item id="className"><![CDATA[ frame move-span cl frame-1]]></item>
					<item id="titles"><![CDATA[]]></item>
				</item>
				<item id="column`frameSlK3FE_left">
					<item id="attr">
						<item id="name"><![CDATA[frameSlK3FE_left]]></item>
						<item id="className"><![CDATA[column frame-1-c]]></item>
					</item>
					<item id="block`portal_block_587">
						<item id="attr">
							<item id="name"><![CDATA[portal_block_587]]></item>
							<item id="className"><![CDATA[block move-span]]></item>
							<item id="titles"><![CDATA[]]></item>
						</item>
					</item>
				</item>
			</item>
		</item>
		<item id="diy_mumucms_job_list_left">
			<item id="frame`frameHOHGd1">
				<item id="attr">
					<item id="name"><![CDATA[frameHOHGd1]]></item>
					<item id="moveable"><![CDATA[true]]></item>
					<item id="className"><![CDATA[ frame move-span cl frame-1]]></item>
					<item id="titles"><![CDATA[]]></item>
				</item>
				<item id="column`frameHOHGd1_left">
					<item id="attr">
						<item id="name"><![CDATA[frameHOHGd1_left]]></item>
						<item id="className"><![CDATA[column frame-1-c]]></item>
					</item>
					<item id="block`portal_block_584">
						<item id="attr">
							<item id="name"><![CDATA[portal_block_584]]></item>
							<item id="className"><![CDATA[block move-span]]></item>
							<item id="titles"><![CDATA[]]></item>
						</item>
					</item>
				</item>
			</item>
		</item>
		<item id="diy_mumucms_job_list_y">
			<item id="frame`frame7jm68W">
				<item id="attr">
					<item id="name"><![CDATA[frame7jm68W]]></item>
					<item id="moveable"><![CDATA[true]]></item>
					<item id="className"><![CDATA[ frame move-span cl frame-1]]></item>
					<item id="titles"><![CDATA[]]></item>
				</item>
				<item id="column`frame7jm68W_left">
					<item id="attr">
						<item id="name"><![CDATA[frame7jm68W_left]]></item>
						<item id="className"><![CDATA[column frame-1-c]]></item>
					</item>
					<item id="block`portal_block_585">
						<item id="attr">
							<item id="name"><![CDATA[portal_block_585]]></item>
							<item id="className"><![CDATA[block move-span]]></item>
							<item id="titles"><![CDATA[]]></item>
						</item>
					</item>
				</item>
			</item>
		</item>
		<item id="diy_mumucms_vip_list_content">
			<item id="frame`frameVK9bbj">
				<item id="attr">
					<item id="name"><![CDATA[frameVK9bbj]]></item>
					<item id="moveable"><![CDATA[true]]></item>
					<item id="className"><![CDATA[ frame move-span cl frame-1]]></item>
					<item id="titles"><![CDATA[]]></item>
				</item>
				<item id="column`frameVK9bbj_left">
					<item id="attr">
						<item id="name"><![CDATA[frameVK9bbj_left]]></item>
						<item id="className"><![CDATA[column frame-1-c]]></item>
					</item>
					<item id="block`portal_block_570">
						<item id="attr">
							<item id="name"><![CDATA[portal_block_570]]></item>
							<item id="className"><![CDATA[block move-span]]></item>
							<item id="titles"><![CDATA[]]></item>
						</item>
					</item>
				</item>
			</item>
		</item>
		<item id="diy_mumucms_job_ad2">
			<item id="frame`framemFnFOk">
				<item id="attr">
					<item id="name"><![CDATA[framemFnFOk]]></item>
					<item id="moveable"><![CDATA[true]]></item>
					<item id="className"><![CDATA[ frame move-span cl frame-1]]></item>
					<item id="titles"><![CDATA[]]></item>
				</item>
				<item id="column`framemFnFOk_left">
					<item id="attr">
						<item id="name"><![CDATA[framemFnFOk_left]]></item>
						<item id="className"><![CDATA[column frame-1-c]]></item>
					</item>
					<item id="block`portal_block_588">
						<item id="attr">
							<item id="name"><![CDATA[portal_block_588]]></item>
							<item id="className"><![CDATA[block move-span]]></item>
							<item id="titles"><![CDATA[]]></item>
						</item>
					</item>
				</item>
			</item>
		</item>
		<item id="diy_mumucms_jzzp_list_content">
			<item id="frame`framePe3wWv">
				<item id="attr">
					<item id="name"><![CDATA[framePe3wWv]]></item>
					<item id="moveable"><![CDATA[true]]></item>
					<item id="className"><![CDATA[ frame move-span cl frame-1]]></item>
					<item id="titles"><![CDATA[]]></item>
				</item>
				<item id="column`framePe3wWv_left">
					<item id="attr">
						<item id="name"><![CDATA[framePe3wWv_left]]></item>
						<item id="className"><![CDATA[column frame-1-c]]></item>
					</item>
					<item id="block`portal_block_583">
						<item id="attr">
							<item id="name"><![CDATA[portal_block_583]]></item>
							<item id="className"><![CDATA[block move-span]]></item>
							<item id="titles"><![CDATA[]]></item>
						</item>
					</item>
				</item>
			</item>
		</item>
		<item id="diy_mumucms_tjjl_list_content">
			<item id="frame`framerjeWr5">
				<item id="attr">
					<item id="name"><![CDATA[framerjeWr5]]></item>
					<item id="moveable"><![CDATA[true]]></item>
					<item id="className"><![CDATA[ frame move-span cl frame-1]]></item>
					<item id="titles"><![CDATA[]]></item>
				</item>
				<item id="column`framerjeWr5_left">
					<item id="attr">
						<item id="name"><![CDATA[framerjeWr5_left]]></item>
						<item id="className"><![CDATA[column frame-1-c]]></item>
					</item>
					<item id="block`portal_block_571">
						<item id="attr">
							<item id="name"><![CDATA[portal_block_571]]></item>
							<item id="className"><![CDATA[block move-span]]></item>
							<item id="titles"><![CDATA[]]></item>
						</item>
					</item>
				</item>
			</item>
		</item>
		<item id="diy_mumucms_job_ad3">
			<item id="frame`framerOuGSP">
				<item id="attr">
					<item id="name"><![CDATA[framerOuGSP]]></item>
					<item id="moveable"><![CDATA[true]]></item>
					<item id="className"><![CDATA[ frame move-span cl frame-1]]></item>
					<item id="titles"><![CDATA[]]></item>
				</item>
				<item id="column`framerOuGSP_left">
					<item id="attr">
						<item id="name"><![CDATA[framerOuGSP_left]]></item>
						<item id="className"><![CDATA[column frame-1-c]]></item>
					</item>
					<item id="block`portal_block_589">
						<item id="attr">
							<item id="name"><![CDATA[portal_block_589]]></item>
							<item id="className"><![CDATA[block move-span]]></item>
							<item id="titles"><![CDATA[]]></item>
						</item>
					</item>
				</item>
			</item>
		</item>
		<item id="diy_mumucms_img_tabbox1">
			<item id="frame`frame1RJ3zR">
				<item id="attr">
					<item id="name"><![CDATA[frame1RJ3zR]]></item>
					<item id="moveable"><![CDATA[true]]></item>
					<item id="className"><![CDATA[ frame move-span cl frame-1]]></item>
					<item id="titles"><![CDATA[]]></item>
				</item>
				<item id="column`frame1RJ3zR_left">
					<item id="attr">
						<item id="name"><![CDATA[frame1RJ3zR_left]]></item>
						<item id="className"><![CDATA[column frame-1-c]]></item>
					</item>
					<item id="block`portal_block_572">
						<item id="attr">
							<item id="name"><![CDATA[portal_block_572]]></item>
							<item id="className"><![CDATA[block move-span]]></item>
							<item id="titles"><![CDATA[]]></item>
						</item>
					</item>
				</item>
			</item>
		</item>
		<item id="diy_mumucms_tit_tabbox1">
			<item id="frame`frameq988kV">
				<item id="attr">
					<item id="name"><![CDATA[frameq988kV]]></item>
					<item id="moveable"><![CDATA[true]]></item>
					<item id="className"><![CDATA[ frame move-span cl frame-1]]></item>
					<item id="titles"><![CDATA[]]></item>
				</item>
				<item id="column`frameq988kV_left">
					<item id="attr">
						<item id="name"><![CDATA[frameq988kV_left]]></item>
						<item id="className"><![CDATA[column frame-1-c]]></item>
					</item>
					<item id="block`portal_block_573">
						<item id="attr">
							<item id="name"><![CDATA[portal_block_573]]></item>
							<item id="className"><![CDATA[block move-span]]></item>
							<item id="titles"><![CDATA[]]></item>
						</item>
					</item>
				</item>
			</item>
		</item>
		<item id="diy_mumucms_img_tabbox2">
			<item id="frame`frameO22dk5">
				<item id="attr">
					<item id="name"><![CDATA[frameO22dk5]]></item>
					<item id="moveable"><![CDATA[true]]></item>
					<item id="className"><![CDATA[ frame move-span cl frame-1]]></item>
					<item id="titles"><![CDATA[]]></item>
				</item>
				<item id="column`frameO22dk5_left">
					<item id="attr">
						<item id="name"><![CDATA[frameO22dk5_left]]></item>
						<item id="className"><![CDATA[column frame-1-c]]></item>
					</item>
					<item id="block`portal_block_574">
						<item id="attr">
							<item id="name"><![CDATA[portal_block_574]]></item>
							<item id="className"><![CDATA[block move-span]]></item>
							<item id="titles"><![CDATA[]]></item>
						</item>
					</item>
				</item>
			</item>
		</item>
		<item id="diy_mumucms_tit_tabbox2">
			<item id="frame`frametECkcP">
				<item id="attr">
					<item id="name"><![CDATA[frametECkcP]]></item>
					<item id="moveable"><![CDATA[true]]></item>
					<item id="className"><![CDATA[ frame move-span cl frame-1]]></item>
					<item id="titles"><![CDATA[]]></item>
				</item>
				<item id="column`frametECkcP_left">
					<item id="attr">
						<item id="name"><![CDATA[frametECkcP_left]]></item>
						<item id="className"><![CDATA[column frame-1-c]]></item>
					</item>
					<item id="block`portal_block_575">
						<item id="attr">
							<item id="name"><![CDATA[portal_block_575]]></item>
							<item id="className"><![CDATA[block move-span]]></item>
							<item id="titles"><![CDATA[]]></item>
						</item>
					</item>
				</item>
			</item>
		</item>
		<item id="diy_mumucms_img_tabbox3">
			<item id="frame`framed5U8M1">
				<item id="attr">
					<item id="name"><![CDATA[framed5U8M1]]></item>
					<item id="moveable"><![CDATA[true]]></item>
					<item id="className"><![CDATA[ frame move-span cl frame-1]]></item>
					<item id="titles"><![CDATA[]]></item>
				</item>
				<item id="column`framed5U8M1_left">
					<item id="attr">
						<item id="name"><![CDATA[framed5U8M1_left]]></item>
						<item id="className"><![CDATA[column frame-1-c]]></item>
					</item>
					<item id="block`portal_block_576">
						<item id="attr">
							<item id="name"><![CDATA[portal_block_576]]></item>
							<item id="className"><![CDATA[block move-span]]></item>
							<item id="titles"><![CDATA[]]></item>
						</item>
					</item>
				</item>
			</item>
		</item>
		<item id="diy_mumucms_tit_tabbox3">
			<item id="frame`framek7x4Z4">
				<item id="attr">
					<item id="name"><![CDATA[framek7x4Z4]]></item>
					<item id="moveable"><![CDATA[true]]></item>
					<item id="className"><![CDATA[ frame move-span cl frame-1]]></item>
					<item id="titles"><![CDATA[]]></item>
				</item>
				<item id="column`framek7x4Z4_left">
					<item id="attr">
						<item id="name"><![CDATA[framek7x4Z4_left]]></item>
						<item id="className"><![CDATA[column frame-1-c]]></item>
					</item>
					<item id="block`portal_block_578">
						<item id="attr">
							<item id="name"><![CDATA[portal_block_578]]></item>
							<item id="className"><![CDATA[block move-span]]></item>
							<item id="titles"><![CDATA[]]></item>
						</item>
					</item>
				</item>
			</item>
		</item>
		<item id="diy_mumucms_img_tabbox4">
			<item id="frame`framet157zF">
				<item id="attr">
					<item id="name"><![CDATA[framet157zF]]></item>
					<item id="moveable"><![CDATA[true]]></item>
					<item id="className"><![CDATA[ frame move-span cl frame-1]]></item>
					<item id="titles"><![CDATA[]]></item>
				</item>
				<item id="column`framet157zF_left">
					<item id="attr">
						<item id="name"><![CDATA[framet157zF_left]]></item>
						<item id="className"><![CDATA[column frame-1-c]]></item>
					</item>
					<item id="block`portal_block_577">
						<item id="attr">
							<item id="name"><![CDATA[portal_block_577]]></item>
							<item id="className"><![CDATA[block move-span]]></item>
							<item id="titles"><![CDATA[]]></item>
						</item>
					</item>
				</item>
			</item>
		</item>
		<item id="diy_mumucms_tit_tabbox4">
			<item id="frame`frameupf3H8">
				<item id="attr">
					<item id="name"><![CDATA[frameupf3H8]]></item>
					<item id="moveable"><![CDATA[true]]></item>
					<item id="className"><![CDATA[ frame move-span cl frame-1]]></item>
					<item id="titles"><![CDATA[]]></item>
				</item>
				<item id="column`frameupf3H8_left">
					<item id="attr">
						<item id="name"><![CDATA[frameupf3H8_left]]></item>
						<item id="className"><![CDATA[column frame-1-c]]></item>
					</item>
					<item id="block`portal_block_579">
						<item id="attr">
							<item id="name"><![CDATA[portal_block_579]]></item>
							<item id="className"><![CDATA[block move-span]]></item>
							<item id="titles"><![CDATA[]]></item>
						</item>
					</item>
				</item>
			</item>
		</item>
		<item id="diy_mumucms_rmnews">
			<item id="frame`frameCQF284">
				<item id="attr">
					<item id="name"><![CDATA[frameCQF284]]></item>
					<item id="moveable"><![CDATA[true]]></item>
					<item id="className"><![CDATA[ frame move-span cl frame-1]]></item>
					<item id="titles"><![CDATA[]]></item>
				</item>
				<item id="column`frameCQF284_left">
					<item id="attr">
						<item id="name"><![CDATA[frameCQF284_left]]></item>
						<item id="className"><![CDATA[column frame-1-c]]></item>
					</item>
					<item id="block`portal_block_580">
						<item id="attr">
							<item id="name"><![CDATA[portal_block_580]]></item>
							<item id="className"><![CDATA[block move-span]]></item>
							<item id="titles"><![CDATA[]]></item>
						</item>
					</item>
				</item>
			</item>
		</item>
		<item id="diy_mumucms_link_list_content">
			<item id="frame`frame7R61bY">
				<item id="attr">
					<item id="name"><![CDATA[frame7R61bY]]></item>
					<item id="moveable"><![CDATA[true]]></item>
					<item id="className"><![CDATA[ frame move-span cl frame-1]]></item>
					<item id="titles"><![CDATA[]]></item>
				</item>
				<item id="column`frame7R61bY_left">
					<item id="attr">
						<item id="name"><![CDATA[frame7R61bY_left]]></item>
						<item id="className"><![CDATA[column frame-1-c]]></item>
					</item>
					<item id="block`portal_block_590">
						<item id="attr">
							<item id="name"><![CDATA[portal_block_590]]></item>
							<item id="className"><![CDATA[block move-span]]></item>
							<item id="titles"><![CDATA[]]></item>
						</item>
					</item>
				</item>
			</item>
		</item>
	</item>
	<item id="blockdata">
		<item id="block">
			<item id="570">
				<item id="bid"><![CDATA[570]]></item>
				<item id="blockclass"><![CDATA[html_html]]></item>
				<item id="blocktype"><![CDATA[0]]></item>
				<item id="name"><![CDATA[名企招聘]]></item>
				<item id="title"><![CDATA[]]></item>
				<item id="classname"><![CDATA[]]></item>
				<item id="summary"><![CDATA[<div class="muucms_sort_diy">

<dl class="mumucms_index_sort cl">
<dt class="w220"><a href="forum.php?mod=viewthread&amp;tid=35" target="_blank">超市/零售/餐饮/旅游</a></dt>
<dd class="w85 wapnone">5人</dd>
<dd class="w85 wapnone">中专</dd>
<dd class="w85 wapnone">6-7年</dd>
<dd class="w85 wapnone">三孝口	</dd>
<dd class="w125">3000-5000元/月</dd>
<dd class="cz wapnone"><a href="forum.php?mod=viewthread&amp;tid=35" target="_blank">详情</a></dd>
</dl>
<li class="mumucms_job_sort cl">
<a href="forum.php?mod=viewthread&amp;tid=35" target="_blank">
<p><span class="zhiwei">超市/零售/餐饮/旅游</span><span class="gongzi">3000-5000元/月</span></p>
<p><span class="gongsi">生科技有限公司</span><span class="time">2018-6-2</span></p>
</a>
</li>		

<dl class="mumucms_index_sort cl">
<dt class="w220"><a href="forum.php?mod=viewthread&amp;tid=34" target="_blank">技工/生产/物流</a></dt>
<dd class="w85 wapnone">5人</dd>
<dd class="w85 wapnone">学历不限</dd>
<dd class="w85 wapnone">3-5年</dd>
<dd class="w85 wapnone">大东门	</dd>
<dd class="w125">5000-8000元/月</dd>
<dd class="cz wapnone"><a href="forum.php?mod=viewthread&amp;tid=34" target="_blank">详情</a></dd>
</dl>
<li class="mumucms_job_sort cl">
<a href="forum.php?mod=viewthread&amp;tid=34" target="_blank">
<p><span class="zhiwei">技工/生产/物流</span><span class="gongzi">5000-8000元/月</span></p>
<p><span class="gongsi">丁汽车技术服务有限公司</span><span class="time">2018-6-2</span></p>
</a>
</li>		

<dl class="mumucms_index_sort cl">
<dt class="w220"><a href="forum.php?mod=viewthread&amp;tid=33" target="_blank">医疗/生物/环保</a></dt>
<dd class="w85 wapnone">1人</dd>
<dd class="w85 wapnone">技校</dd>
<dd class="w85 wapnone">1-2年</dd>
<dd class="w85 wapnone">城东	</dd>
<dd class="w125">10000-20000元/月</dd>
<dd class="cz wapnone"><a href="forum.php?mod=viewthread&amp;tid=33" target="_blank">详情</a></dd>
</dl>
<li class="mumucms_job_sort cl">
<a href="forum.php?mod=viewthread&amp;tid=33" target="_blank">
<p><span class="zhiwei">医疗/生物/环保</span><span class="gongzi">10000-20000元/月</span></p>
<p><span class="gongsi">慈铭健康体检管理集团股份有</span><span class="time">2018-6-2</span></p>
</a>
</li>		

<dl class="mumucms_index_sort cl">
<dt class="w220"><a href="forum.php?mod=viewthread&amp;tid=32" target="_blank">家政/司机/美容/健身</a></dt>
<dd class="w85 wapnone">1人</dd>
<dd class="w85 wapnone">硕士</dd>
<dd class="w85 wapnone">1-2年</dd>
<dd class="w85 wapnone">临滨苑	</dd>
<dd class="w125">20000-30000元/月</dd>
<dd class="cz wapnone"><a href="forum.php?mod=viewthread&amp;tid=32" target="_blank">详情</a></dd>
</dl>
<li class="mumucms_job_sort cl">
<a href="forum.php?mod=viewthread&amp;tid=32" target="_blank">
<p><span class="zhiwei">家政/司机/美容/健身</span><span class="gongzi">20000-30000元/月</span></p>
<p><span class="gongsi">慈铭健康体检管理集团股份有</span><span class="time">2018-6-2</span></p>
</a>
</li>		

<dl class="mumucms_index_sort cl">
<dt class="w220"><a href="forum.php?mod=viewthread&amp;tid=31" target="_blank">计算机/网络/电子/机械</a></dt>
<dd class="w85 wapnone">2人</dd>
<dd class="w85 wapnone">学历不限</dd>
<dd class="w85 wapnone">8-10年</dd>
<dd class="w85 wapnone">包河周边	</dd>
<dd class="w125">薪资面议元/月</dd>
<dd class="cz wapnone"><a href="forum.php?mod=viewthread&amp;tid=31" target="_blank">详情</a></dd>
</dl>
<li class="mumucms_job_sort cl">
<a href="forum.php?mod=viewthread&amp;tid=31" target="_blank">
<p><span class="zhiwei">计算机/网络/电子/机械</span><span class="gongzi">薪资面议元/月</span></p>
<p><span class="gongsi">爱尚鑫嘉境体育文化发展有限</span><span class="time">2018-6-2</span></p>
</a>
</li>		

<dl class="mumucms_index_sort cl">
<dt class="w220"><a href="forum.php?mod=viewthread&amp;tid=30" target="_blank">技工/生产/物流</a></dt>
<dd class="w85 wapnone">213人</dd>
<dd class="w85 wapnone">高中</dd>
<dd class="w85 wapnone">1-2年</dd>
<dd class="w85 wapnone">火车站	</dd>
<dd class="w125">10000-15000元/月</dd>
<dd class="cz wapnone"><a href="forum.php?mod=viewthread&amp;tid=30" target="_blank">详情</a></dd>
</dl>
<li class="mumucms_job_sort cl">
<a href="forum.php?mod=viewthread&amp;tid=30" target="_blank">
<p><span class="zhiwei">技工/生产/物流</span><span class="gongzi">10000-15000元/月</span></p>
<p><span class="gongsi">北京雪豹环球卫士安全防范技术服</span><span class="time">2018-6-2</span></p>
</a>
</li>		

<dl class="mumucms_index_sort cl">
<dt class="w220"><a href="forum.php?mod=viewthread&amp;tid=20" target="_blank">计算机/网络/电子/机械</a></dt>
<dd class="w85 wapnone">5人</dd>
<dd class="w85 wapnone">本科</dd>
<dd class="w85 wapnone">1-2年</dd>
<dd class="w85 wapnone">白水坝	</dd>
<dd class="w125">5000-10000元/月</dd>
<dd class="cz wapnone"><a href="forum.php?mod=viewthread&amp;tid=20" target="_blank">详情</a></dd>
</dl>
<li class="mumucms_job_sort cl">
<a href="forum.php?mod=viewthread&amp;tid=20" target="_blank">
<p><span class="zhiwei">计算机/网络/电子/机械</span><span class="gongzi">5000-10000元/月</span></p>
<p><span class="gongsi">合肥唯佳网络科技有限公司</span><span class="time">2018-5-16</span></p>
</a>
</li>		

<dl class="mumucms_index_sort cl">
<dt class="w220"><a href="forum.php?mod=viewthread&amp;tid=19" target="_blank">销售/客服/人力/行政</a></dt>
<dd class="w85 wapnone">30人</dd>
<dd class="w85 wapnone">学历不限</dd>
<dd class="w85 wapnone">3-5年</dd>
<dd class="w85 wapnone">怀宁路	</dd>
<dd class="w125">4000-8000元/月</dd>
<dd class="cz wapnone"><a href="forum.php?mod=viewthread&amp;tid=19" target="_blank">详情</a></dd>
</dl>
<li class="mumucms_job_sort cl">
<a href="forum.php?mod=viewthread&amp;tid=19" target="_blank">
<p><span class="zhiwei">销售/客服/人力/行政</span><span class="gongzi">4000-8000元/月</span></p>
<p><span class="gongsi">餐饮配送服务有限公司</span><span class="time">2018-5-16</span></p>
</a>
</li>		

</div>		]]></item>
				<item id="uid"><![CDATA[1]]></item>
				<item id="username"><![CDATA[admin]]></item>
				<item id="styleid"><![CDATA[0]]></item>
				<item id="blockstyle"><![CDATA[]]></item>
				<item id="picwidth"><![CDATA[0]]></item>
				<item id="picheight"><![CDATA[0]]></item>
				<item id="target"><![CDATA[blank]]></item>
				<item id="dateformat"><![CDATA[Y-m-d]]></item>
				<item id="dateuformat"><![CDATA[0]]></item>
				<item id="script"><![CDATA[sort]]></item>
				<item id="param">
					<item id="tids"><![CDATA[]]></item>
					<item id="sortids"><![CDATA[5]]></item>
					<item id="recommend"><![CDATA[0]]></item>
					<item id="orderby"><![CDATA[lastpost]]></item>
					<item id="lastpost"><![CDATA[0]]></item>
					<item id="startrow"><![CDATA[0]]></item>
					<item id="showitems"><![CDATA[24]]></item>
					<item id="items"><![CDATA[10]]></item>
				</item>
				<item id="shownum"><![CDATA[10]]></item>
				<item id="cachetime"><![CDATA[3600]]></item>
				<item id="cachetimerange"><![CDATA[]]></item>
				<item id="punctualupdate"><![CDATA[0]]></item>
				<item id="hidedisplay"><![CDATA[0]]></item>
				<item id="dateline"><![CDATA[1544971443]]></item>
				<item id="notinherited"><![CDATA[0]]></item>
				<item id="isblank"><![CDATA[0]]></item>
			</item>
			<item id="571">
				<item id="bid"><![CDATA[571]]></item>
				<item id="blockclass"><![CDATA[html_html]]></item>
				<item id="blocktype"><![CDATA[0]]></item>
				<item id="name"><![CDATA[[木木CMS]人才频道_首页_推荐简历]]></item>
				<item id="title"><![CDATA[]]></item>
				<item id="classname"><![CDATA[]]></item>
				<item id="summary"><![CDATA[<div class="muucms_sort_diy">

<dl class="mumucms_index_sort cl">
<dt class="w220"><a href="forum.php?mod=viewthread&amp;tid=22" target="_blank">超市/零售/餐饮/旅游</a></dt>
<dd class="w85 wapnone">中专</dd>
<dd class="w85 wapnone">1-2年</dd>
<dd class="w85 wapnone">男(36)</dd>
<dd class="w85 wapnone">巢湖路	</dd>
<dd class="w125">3000-5000元</dd>
<dd class="cz wapnone"><a href="forum.php?mod=viewthread&amp;tid=22" target="_blank">详情</a></dd>
</dl>
<li class="mumucms_job_sort cl">
<div class="mumucms_tjjl_list">
<div class="photo"><a href="forum.php?mod=viewthread&amp;tid=22" target="_blank"><img src="forum.php?mod=image&aid=25&size=120x120&key=850eeb0d4b077c3d" border="0"></a></div>
<div class="photo-blur"><img class="p-blur" src="forum.php?mod=image&aid=25&size=120x120&key=850eeb0d4b077c3d" width="220" border="0"></div>
<div class="name link_gray6"><a href="forum.php?mod=viewthread&amp;tid=22" target="_blank">胡小刚</a></div>
<div class="txt">中专,1-2年<br><div class="ijobs substring">超市/零售/餐饮/旅游</div></div></div>
</li>		

<dl class="mumucms_index_sort cl">
<dt class="w220"><a href="forum.php?mod=viewthread&amp;tid=21" target="_blank">销售/客服/人力/行政</a></dt>
<dd class="w85 wapnone">大专</dd>
<dd class="w85 wapnone">1-2年</dd>
<dd class="w85 wapnone">女(26)</dd>
<dd class="w85 wapnone">安庆路	</dd>
<dd class="w125">3000-5000元</dd>
<dd class="cz wapnone"><a href="forum.php?mod=viewthread&amp;tid=21" target="_blank">详情</a></dd>
</dl>
<li class="mumucms_job_sort cl">
<div class="mumucms_tjjl_list">
<div class="photo"><a href="forum.php?mod=viewthread&amp;tid=21" target="_blank"><img src="forum.php?mod=image&aid=24&size=120x120&key=1f355549aac9b116" border="0"></a></div>
<div class="photo-blur"><img class="p-blur" src="forum.php?mod=image&aid=24&size=120x120&key=1f355549aac9b116" width="220" border="0"></div>
<div class="name link_gray6"><a href="forum.php?mod=viewthread&amp;tid=21" target="_blank">李西欧</a></div>
<div class="txt">大专,1-2年<br><div class="ijobs substring">销售/客服/人力/行政</div></div></div>
</li>		

</div>		]]></item>
				<item id="uid"><![CDATA[1]]></item>
				<item id="username"><![CDATA[admin]]></item>
				<item id="styleid"><![CDATA[0]]></item>
				<item id="blockstyle"><![CDATA[]]></item>
				<item id="picwidth"><![CDATA[0]]></item>
				<item id="picheight"><![CDATA[0]]></item>
				<item id="target"><![CDATA[blank]]></item>
				<item id="dateformat"><![CDATA[Y-m-d]]></item>
				<item id="dateuformat"><![CDATA[0]]></item>
				<item id="script"><![CDATA[sort]]></item>
				<item id="param">
					<item id="tids"><![CDATA[]]></item>
					<item id="sortids"><![CDATA[6]]></item>
					<item id="recommend"><![CDATA[0]]></item>
					<item id="orderby"><![CDATA[lastpost]]></item>
					<item id="lastpost"><![CDATA[0]]></item>
					<item id="startrow"><![CDATA[0]]></item>
					<item id="showitems"><![CDATA[10]]></item>
					<item id="items"><![CDATA[10]]></item>
					<item id="title"><![CDATA[]]></item>
				</item>
				<item id="shownum"><![CDATA[10]]></item>
				<item id="cachetime"><![CDATA[3600]]></item>
				<item id="cachetimerange"><![CDATA[]]></item>
				<item id="punctualupdate"><![CDATA[0]]></item>
				<item id="hidedisplay"><![CDATA[0]]></item>
				<item id="dateline"><![CDATA[1545024700]]></item>
				<item id="notinherited"><![CDATA[0]]></item>
				<item id="isblank"><![CDATA[0]]></item>
			</item>
			<item id="572">
				<item id="bid"><![CDATA[572]]></item>
				<item id="blockclass"><![CDATA[forum_thread]]></item>
				<item id="blocktype"><![CDATA[0]]></item>
				<item id="name"><![CDATA[[木木CMS]人才频道_首页_职场资讯图文1]]></item>
				<item id="title"><![CDATA[]]></item>
				<item id="classname"><![CDATA[]]></item>
				<item id="summary"><![CDATA[]]></item>
				<item id="uid"><![CDATA[1]]></item>
				<item id="username"><![CDATA[admin]]></item>
				<item id="styleid"><![CDATA[147]]></item>
				<item id="blockstyle"><![CDATA[]]></item>
				<item id="picwidth"><![CDATA[210]]></item>
				<item id="picheight"><![CDATA[116]]></item>
				<item id="target"><![CDATA[blank]]></item>
				<item id="dateformat"><![CDATA[Y-m-d]]></item>
				<item id="dateuformat"><![CDATA[0]]></item>
				<item id="script"><![CDATA[thread]]></item>
				<item id="param">
					<item id="tids"><![CDATA[]]></item>
					<item id="uids"><![CDATA[]]></item>
					<item id="keyword"><![CDATA[]]></item>
					<item id="tagkeyword"><![CDATA[]]></item>
					<item id="typeids"><![CDATA[]]></item>
					<item id="reply"><![CDATA[0]]></item>
					<item id="recommend"><![CDATA[0]]></item>
					<item id="special">
						<item id="0"><![CDATA[0]]></item>
					</item>
					<item id="viewmod"><![CDATA[0]]></item>
					<item id="rewardstatus"><![CDATA[0]]></item>
					<item id="picrequired"><![CDATA[1]]></item>
					<item id="orderby"><![CDATA[lastpost]]></item>
					<item id="postdateline"><![CDATA[0]]></item>
					<item id="lastpost"><![CDATA[0]]></item>
					<item id="highlight"><![CDATA[0]]></item>
					<item id="titlelength"><![CDATA[20]]></item>
					<item id="summarylength"><![CDATA[80]]></item>
					<item id="startrow"><![CDATA[0]]></item>
					<item id="items"><![CDATA[2]]></item>
				</item>
				<item id="shownum"><![CDATA[2]]></item>
				<item id="cachetime"><![CDATA[3600]]></item>
				<item id="cachetimerange"><![CDATA[]]></item>
				<item id="punctualupdate"><![CDATA[0]]></item>
				<item id="hidedisplay"><![CDATA[0]]></item>
				<item id="dateline"><![CDATA[1545025838]]></item>
				<item id="notinherited"><![CDATA[0]]></item>
				<item id="isblank"><![CDATA[0]]></item>
			</item>
			<item id="573">
				<item id="bid"><![CDATA[573]]></item>
				<item id="blockclass"><![CDATA[forum_thread]]></item>
				<item id="blocktype"><![CDATA[0]]></item>
				<item id="name"><![CDATA[[木木CMS]人才频道_首页_职场资讯标题1]]></item>
				<item id="title"><![CDATA[]]></item>
				<item id="classname"><![CDATA[]]></item>
				<item id="summary"><![CDATA[]]></item>
				<item id="uid"><![CDATA[1]]></item>
				<item id="username"><![CDATA[admin]]></item>
				<item id="styleid"><![CDATA[148]]></item>
				<item id="blockstyle"><![CDATA[]]></item>
				<item id="picwidth"><![CDATA[100]]></item>
				<item id="picheight"><![CDATA[80]]></item>
				<item id="target"><![CDATA[blank]]></item>
				<item id="dateformat"><![CDATA[Y-m-d]]></item>
				<item id="dateuformat"><![CDATA[0]]></item>
				<item id="script"><![CDATA[thread]]></item>
				<item id="param">
					<item id="tids"><![CDATA[]]></item>
					<item id="uids"><![CDATA[]]></item>
					<item id="keyword"><![CDATA[]]></item>
					<item id="tagkeyword"><![CDATA[]]></item>
					<item id="typeids"><![CDATA[]]></item>
					<item id="reply"><![CDATA[0]]></item>
					<item id="recommend"><![CDATA[0]]></item>
					<item id="special">
						<item id="0"><![CDATA[0]]></item>
					</item>
					<item id="viewmod"><![CDATA[0]]></item>
					<item id="rewardstatus"><![CDATA[0]]></item>
					<item id="picrequired"><![CDATA[1]]></item>
					<item id="orderby"><![CDATA[lastpost]]></item>
					<item id="postdateline"><![CDATA[0]]></item>
					<item id="lastpost"><![CDATA[0]]></item>
					<item id="highlight"><![CDATA[0]]></item>
					<item id="titlelength"><![CDATA[70]]></item>
					<item id="summarylength"><![CDATA[80]]></item>
					<item id="startrow"><![CDATA[0]]></item>
					<item id="items"><![CDATA[10]]></item>
				</item>
				<item id="shownum"><![CDATA[10]]></item>
				<item id="cachetime"><![CDATA[3600]]></item>
				<item id="cachetimerange"><![CDATA[]]></item>
				<item id="punctualupdate"><![CDATA[0]]></item>
				<item id="hidedisplay"><![CDATA[0]]></item>
				<item id="dateline"><![CDATA[1544971184]]></item>
				<item id="notinherited"><![CDATA[0]]></item>
				<item id="isblank"><![CDATA[0]]></item>
			</item>
			<item id="574">
				<item id="bid"><![CDATA[574]]></item>
				<item id="blockclass"><![CDATA[forum_thread]]></item>
				<item id="blocktype"><![CDATA[0]]></item>
				<item id="name"><![CDATA[[木木CMS]人才频道_首页_职场资讯图文2]]></item>
				<item id="title"><![CDATA[]]></item>
				<item id="classname"><![CDATA[]]></item>
				<item id="summary"><![CDATA[]]></item>
				<item id="uid"><![CDATA[1]]></item>
				<item id="username"><![CDATA[admin]]></item>
				<item id="styleid"><![CDATA[147]]></item>
				<item id="blockstyle"><![CDATA[]]></item>
				<item id="picwidth"><![CDATA[210]]></item>
				<item id="picheight"><![CDATA[116]]></item>
				<item id="target"><![CDATA[blank]]></item>
				<item id="dateformat"><![CDATA[Y-m-d]]></item>
				<item id="dateuformat"><![CDATA[0]]></item>
				<item id="script"><![CDATA[thread]]></item>
				<item id="param">
					<item id="tids"><![CDATA[]]></item>
					<item id="uids"><![CDATA[]]></item>
					<item id="keyword"><![CDATA[]]></item>
					<item id="tagkeyword"><![CDATA[]]></item>
					<item id="typeids"><![CDATA[]]></item>
					<item id="reply"><![CDATA[0]]></item>
					<item id="recommend"><![CDATA[0]]></item>
					<item id="special">
						<item id="0"><![CDATA[0]]></item>
					</item>
					<item id="viewmod"><![CDATA[0]]></item>
					<item id="rewardstatus"><![CDATA[0]]></item>
					<item id="picrequired"><![CDATA[1]]></item>
					<item id="orderby"><![CDATA[lastpost]]></item>
					<item id="postdateline"><![CDATA[0]]></item>
					<item id="lastpost"><![CDATA[0]]></item>
					<item id="highlight"><![CDATA[0]]></item>
					<item id="titlelength"><![CDATA[20]]></item>
					<item id="summarylength"><![CDATA[80]]></item>
					<item id="startrow"><![CDATA[0]]></item>
					<item id="items"><![CDATA[2]]></item>
				</item>
				<item id="shownum"><![CDATA[2]]></item>
				<item id="cachetime"><![CDATA[3600]]></item>
				<item id="cachetimerange"><![CDATA[]]></item>
				<item id="punctualupdate"><![CDATA[0]]></item>
				<item id="hidedisplay"><![CDATA[0]]></item>
				<item id="dateline"><![CDATA[1545102835]]></item>
				<item id="notinherited"><![CDATA[0]]></item>
				<item id="isblank"><![CDATA[0]]></item>
			</item>
			<item id="575">
				<item id="bid"><![CDATA[575]]></item>
				<item id="blockclass"><![CDATA[forum_thread]]></item>
				<item id="blocktype"><![CDATA[0]]></item>
				<item id="name"><![CDATA[[木木CMS]人才频道_首页_职场资讯标题2]]></item>
				<item id="title"><![CDATA[]]></item>
				<item id="classname"><![CDATA[]]></item>
				<item id="summary"><![CDATA[]]></item>
				<item id="uid"><![CDATA[1]]></item>
				<item id="username"><![CDATA[admin]]></item>
				<item id="styleid"><![CDATA[148]]></item>
				<item id="blockstyle"><![CDATA[]]></item>
				<item id="picwidth"><![CDATA[100]]></item>
				<item id="picheight"><![CDATA[80]]></item>
				<item id="target"><![CDATA[blank]]></item>
				<item id="dateformat"><![CDATA[Y-m-d]]></item>
				<item id="dateuformat"><![CDATA[0]]></item>
				<item id="script"><![CDATA[thread]]></item>
				<item id="param">
					<item id="tids"><![CDATA[]]></item>
					<item id="uids"><![CDATA[]]></item>
					<item id="keyword"><![CDATA[]]></item>
					<item id="tagkeyword"><![CDATA[]]></item>
					<item id="typeids"><![CDATA[]]></item>
					<item id="reply"><![CDATA[0]]></item>
					<item id="recommend"><![CDATA[0]]></item>
					<item id="special">
						<item id="0"><![CDATA[0]]></item>
					</item>
					<item id="viewmod"><![CDATA[0]]></item>
					<item id="rewardstatus"><![CDATA[0]]></item>
					<item id="picrequired"><![CDATA[1]]></item>
					<item id="orderby"><![CDATA[lastpost]]></item>
					<item id="postdateline"><![CDATA[0]]></item>
					<item id="lastpost"><![CDATA[0]]></item>
					<item id="highlight"><![CDATA[0]]></item>
					<item id="titlelength"><![CDATA[70]]></item>
					<item id="summarylength"><![CDATA[80]]></item>
					<item id="startrow"><![CDATA[0]]></item>
					<item id="items"><![CDATA[10]]></item>
				</item>
				<item id="shownum"><![CDATA[10]]></item>
				<item id="cachetime"><![CDATA[3600]]></item>
				<item id="cachetimerange"><![CDATA[]]></item>
				<item id="punctualupdate"><![CDATA[0]]></item>
				<item id="hidedisplay"><![CDATA[0]]></item>
				<item id="dateline"><![CDATA[1545144890]]></item>
				<item id="notinherited"><![CDATA[0]]></item>
				<item id="isblank"><![CDATA[0]]></item>
			</item>
			<item id="576">
				<item id="bid"><![CDATA[576]]></item>
				<item id="blockclass"><![CDATA[forum_thread]]></item>
				<item id="blocktype"><![CDATA[0]]></item>
				<item id="name"><![CDATA[[木木CMS]人才频道_首页_职场资讯图文3]]></item>
				<item id="title"><![CDATA[]]></item>
				<item id="classname"><![CDATA[]]></item>
				<item id="summary"><![CDATA[]]></item>
				<item id="uid"><![CDATA[1]]></item>
				<item id="username"><![CDATA[admin]]></item>
				<item id="styleid"><![CDATA[147]]></item>
				<item id="blockstyle"><![CDATA[]]></item>
				<item id="picwidth"><![CDATA[210]]></item>
				<item id="picheight"><![CDATA[116]]></item>
				<item id="target"><![CDATA[blank]]></item>
				<item id="dateformat"><![CDATA[Y-m-d]]></item>
				<item id="dateuformat"><![CDATA[0]]></item>
				<item id="script"><![CDATA[thread]]></item>
				<item id="param">
					<item id="tids"><![CDATA[]]></item>
					<item id="uids"><![CDATA[]]></item>
					<item id="keyword"><![CDATA[]]></item>
					<item id="tagkeyword"><![CDATA[]]></item>
					<item id="typeids"><![CDATA[]]></item>
					<item id="reply"><![CDATA[0]]></item>
					<item id="recommend"><![CDATA[0]]></item>
					<item id="special">
						<item id="0"><![CDATA[0]]></item>
					</item>
					<item id="viewmod"><![CDATA[0]]></item>
					<item id="rewardstatus"><![CDATA[0]]></item>
					<item id="picrequired"><![CDATA[1]]></item>
					<item id="orderby"><![CDATA[lastpost]]></item>
					<item id="postdateline"><![CDATA[0]]></item>
					<item id="lastpost"><![CDATA[0]]></item>
					<item id="highlight"><![CDATA[0]]></item>
					<item id="titlelength"><![CDATA[20]]></item>
					<item id="summarylength"><![CDATA[80]]></item>
					<item id="startrow"><![CDATA[0]]></item>
					<item id="items"><![CDATA[2]]></item>
				</item>
				<item id="shownum"><![CDATA[2]]></item>
				<item id="cachetime"><![CDATA[3600]]></item>
				<item id="cachetimerange"><![CDATA[]]></item>
				<item id="punctualupdate"><![CDATA[0]]></item>
				<item id="hidedisplay"><![CDATA[0]]></item>
				<item id="dateline"><![CDATA[1545180002]]></item>
				<item id="notinherited"><![CDATA[0]]></item>
				<item id="isblank"><![CDATA[0]]></item>
			</item>
			<item id="577">
				<item id="bid"><![CDATA[577]]></item>
				<item id="blockclass"><![CDATA[forum_thread]]></item>
				<item id="blocktype"><![CDATA[0]]></item>
				<item id="name"><![CDATA[[木木CMS]人才频道_首页_职场资讯图文4]]></item>
				<item id="title"><![CDATA[]]></item>
				<item id="classname"><![CDATA[]]></item>
				<item id="summary"><![CDATA[]]></item>
				<item id="uid"><![CDATA[1]]></item>
				<item id="username"><![CDATA[admin]]></item>
				<item id="styleid"><![CDATA[147]]></item>
				<item id="blockstyle"><![CDATA[]]></item>
				<item id="picwidth"><![CDATA[210]]></item>
				<item id="picheight"><![CDATA[116]]></item>
				<item id="target"><![CDATA[blank]]></item>
				<item id="dateformat"><![CDATA[Y-m-d]]></item>
				<item id="dateuformat"><![CDATA[0]]></item>
				<item id="script"><![CDATA[thread]]></item>
				<item id="param">
					<item id="tids"><![CDATA[]]></item>
					<item id="uids"><![CDATA[]]></item>
					<item id="keyword"><![CDATA[]]></item>
					<item id="tagkeyword"><![CDATA[]]></item>
					<item id="typeids"><![CDATA[]]></item>
					<item id="reply"><![CDATA[0]]></item>
					<item id="recommend"><![CDATA[0]]></item>
					<item id="special">
						<item id="0"><![CDATA[0]]></item>
					</item>
					<item id="viewmod"><![CDATA[0]]></item>
					<item id="rewardstatus"><![CDATA[0]]></item>
					<item id="picrequired"><![CDATA[1]]></item>
					<item id="orderby"><![CDATA[lastpost]]></item>
					<item id="postdateline"><![CDATA[0]]></item>
					<item id="lastpost"><![CDATA[0]]></item>
					<item id="highlight"><![CDATA[0]]></item>
					<item id="titlelength"><![CDATA[20]]></item>
					<item id="summarylength"><![CDATA[80]]></item>
					<item id="startrow"><![CDATA[0]]></item>
					<item id="items"><![CDATA[2]]></item>
				</item>
				<item id="shownum"><![CDATA[2]]></item>
				<item id="cachetime"><![CDATA[3600]]></item>
				<item id="cachetimerange"><![CDATA[]]></item>
				<item id="punctualupdate"><![CDATA[0]]></item>
				<item id="hidedisplay"><![CDATA[0]]></item>
				<item id="dateline"><![CDATA[1545189580]]></item>
				<item id="notinherited"><![CDATA[0]]></item>
				<item id="isblank"><![CDATA[0]]></item>
			</item>
			<item id="578">
				<item id="bid"><![CDATA[578]]></item>
				<item id="blockclass"><![CDATA[forum_thread]]></item>
				<item id="blocktype"><![CDATA[0]]></item>
				<item id="name"><![CDATA[[木木CMS]人才频道_首页_职场资讯标题3]]></item>
				<item id="title"><![CDATA[]]></item>
				<item id="classname"><![CDATA[]]></item>
				<item id="summary"><![CDATA[]]></item>
				<item id="uid"><![CDATA[1]]></item>
				<item id="username"><![CDATA[admin]]></item>
				<item id="styleid"><![CDATA[148]]></item>
				<item id="blockstyle"><![CDATA[]]></item>
				<item id="picwidth"><![CDATA[100]]></item>
				<item id="picheight"><![CDATA[80]]></item>
				<item id="target"><![CDATA[blank]]></item>
				<item id="dateformat"><![CDATA[Y-m-d]]></item>
				<item id="dateuformat"><![CDATA[0]]></item>
				<item id="script"><![CDATA[thread]]></item>
				<item id="param">
					<item id="tids"><![CDATA[]]></item>
					<item id="uids"><![CDATA[]]></item>
					<item id="keyword"><![CDATA[]]></item>
					<item id="tagkeyword"><![CDATA[]]></item>
					<item id="typeids"><![CDATA[]]></item>
					<item id="reply"><![CDATA[0]]></item>
					<item id="recommend"><![CDATA[0]]></item>
					<item id="special">
						<item id="0"><![CDATA[0]]></item>
					</item>
					<item id="viewmod"><![CDATA[0]]></item>
					<item id="rewardstatus"><![CDATA[0]]></item>
					<item id="picrequired"><![CDATA[1]]></item>
					<item id="orderby"><![CDATA[lastpost]]></item>
					<item id="postdateline"><![CDATA[0]]></item>
					<item id="lastpost"><![CDATA[0]]></item>
					<item id="highlight"><![CDATA[0]]></item>
					<item id="titlelength"><![CDATA[70]]></item>
					<item id="summarylength"><![CDATA[80]]></item>
					<item id="startrow"><![CDATA[0]]></item>
					<item id="items"><![CDATA[10]]></item>
				</item>
				<item id="shownum"><![CDATA[10]]></item>
				<item id="cachetime"><![CDATA[3600]]></item>
				<item id="cachetimerange"><![CDATA[]]></item>
				<item id="punctualupdate"><![CDATA[0]]></item>
				<item id="hidedisplay"><![CDATA[0]]></item>
				<item id="dateline"><![CDATA[1545180001]]></item>
				<item id="notinherited"><![CDATA[0]]></item>
				<item id="isblank"><![CDATA[0]]></item>
			</item>
			<item id="579">
				<item id="bid"><![CDATA[579]]></item>
				<item id="blockclass"><![CDATA[forum_thread]]></item>
				<item id="blocktype"><![CDATA[0]]></item>
				<item id="name"><![CDATA[[木木CMS]人才频道_首页_职场资讯标题4]]></item>
				<item id="title"><![CDATA[]]></item>
				<item id="classname"><![CDATA[]]></item>
				<item id="summary"><![CDATA[]]></item>
				<item id="uid"><![CDATA[1]]></item>
				<item id="username"><![CDATA[admin]]></item>
				<item id="styleid"><![CDATA[148]]></item>
				<item id="blockstyle"><![CDATA[]]></item>
				<item id="picwidth"><![CDATA[100]]></item>
				<item id="picheight"><![CDATA[80]]></item>
				<item id="target"><![CDATA[blank]]></item>
				<item id="dateformat"><![CDATA[Y-m-d]]></item>
				<item id="dateuformat"><![CDATA[0]]></item>
				<item id="script"><![CDATA[thread]]></item>
				<item id="param">
					<item id="tids"><![CDATA[]]></item>
					<item id="uids"><![CDATA[]]></item>
					<item id="keyword"><![CDATA[]]></item>
					<item id="tagkeyword"><![CDATA[]]></item>
					<item id="typeids"><![CDATA[]]></item>
					<item id="reply"><![CDATA[0]]></item>
					<item id="recommend"><![CDATA[0]]></item>
					<item id="special">
						<item id="0"><![CDATA[0]]></item>
					</item>
					<item id="viewmod"><![CDATA[0]]></item>
					<item id="rewardstatus"><![CDATA[0]]></item>
					<item id="picrequired"><![CDATA[1]]></item>
					<item id="orderby"><![CDATA[lastpost]]></item>
					<item id="postdateline"><![CDATA[0]]></item>
					<item id="lastpost"><![CDATA[0]]></item>
					<item id="highlight"><![CDATA[0]]></item>
					<item id="titlelength"><![CDATA[70]]></item>
					<item id="summarylength"><![CDATA[80]]></item>
					<item id="startrow"><![CDATA[0]]></item>
					<item id="items"><![CDATA[10]]></item>
				</item>
				<item id="shownum"><![CDATA[10]]></item>
				<item id="cachetime"><![CDATA[3600]]></item>
				<item id="cachetimerange"><![CDATA[]]></item>
				<item id="punctualupdate"><![CDATA[0]]></item>
				<item id="hidedisplay"><![CDATA[0]]></item>
				<item id="dateline"><![CDATA[1545180868]]></item>
				<item id="notinherited"><![CDATA[0]]></item>
				<item id="isblank"><![CDATA[0]]></item>
			</item>
			<item id="580">
				<item id="bid"><![CDATA[580]]></item>
				<item id="blockclass"><![CDATA[forum_thread]]></item>
				<item id="blocktype"><![CDATA[0]]></item>
				<item id="name"><![CDATA[[木木CMS]人才频道_首页_热门资讯]]></item>
				<item id="title"><![CDATA[]]></item>
				<item id="classname"><![CDATA[]]></item>
				<item id="summary"><![CDATA[]]></item>
				<item id="uid"><![CDATA[1]]></item>
				<item id="username"><![CDATA[admin]]></item>
				<item id="styleid"><![CDATA[149]]></item>
				<item id="blockstyle"><![CDATA[]]></item>
				<item id="picwidth"><![CDATA[0]]></item>
				<item id="picheight"><![CDATA[0]]></item>
				<item id="target"><![CDATA[blank]]></item>
				<item id="dateformat"><![CDATA[Y-m-d]]></item>
				<item id="dateuformat"><![CDATA[0]]></item>
				<item id="script"><![CDATA[thread]]></item>
				<item id="param">
					<item id="tids"><![CDATA[]]></item>
					<item id="uids"><![CDATA[]]></item>
					<item id="keyword"><![CDATA[]]></item>
					<item id="tagkeyword"><![CDATA[]]></item>
					<item id="typeids"><![CDATA[]]></item>
					<item id="reply"><![CDATA[0]]></item>
					<item id="recommend"><![CDATA[0]]></item>
					<item id="special">
						<item id="0"><![CDATA[0]]></item>
					</item>
					<item id="viewmod"><![CDATA[0]]></item>
					<item id="rewardstatus"><![CDATA[0]]></item>
					<item id="picrequired"><![CDATA[0]]></item>
					<item id="orderby"><![CDATA[lastpost]]></item>
					<item id="postdateline"><![CDATA[0]]></item>
					<item id="lastpost"><![CDATA[0]]></item>
					<item id="highlight"><![CDATA[0]]></item>
					<item id="titlelength"><![CDATA[40]]></item>
					<item id="summarylength"><![CDATA[80]]></item>
					<item id="startrow"><![CDATA[0]]></item>
					<item id="items"><![CDATA[10]]></item>
				</item>
				<item id="shownum"><![CDATA[10]]></item>
				<item id="cachetime"><![CDATA[3600]]></item>
				<item id="cachetimerange"><![CDATA[]]></item>
				<item id="punctualupdate"><![CDATA[0]]></item>
				<item id="hidedisplay"><![CDATA[0]]></item>
				<item id="dateline"><![CDATA[1544971231]]></item>
				<item id="notinherited"><![CDATA[0]]></item>
				<item id="isblank"><![CDATA[0]]></item>
			</item>
			<item id="581">
				<item id="bid"><![CDATA[581]]></item>
				<item id="blockclass"><![CDATA[html_html]]></item>
				<item id="blocktype"><![CDATA[0]]></item>
				<item id="name"><![CDATA[[木木CMS]人才频道_首页_广告1]]></item>
				<item id="title"><![CDATA[]]></item>
				<item id="classname"><![CDATA[]]></item>
				<item id="summary"><![CDATA[<a href="javascript:;" target="_blank"><img src="template/mumucms_pctheme/img/common/adimg/job/mumucms_job_ad1.jpg" width="100%" height="90" /></a>]]></item>
				<item id="uid"><![CDATA[1]]></item>
				<item id="username"><![CDATA[admin]]></item>
				<item id="styleid"><![CDATA[0]]></item>
				<item id="blockstyle"><![CDATA[]]></item>
				<item id="picwidth"><![CDATA[0]]></item>
				<item id="picheight"><![CDATA[0]]></item>
				<item id="target"><![CDATA[blank]]></item>
				<item id="dateformat"><![CDATA[Y-m-d]]></item>
				<item id="dateuformat"><![CDATA[0]]></item>
				<item id="script"><![CDATA[banner]]></item>
				<item id="param">
					<item id="pic"><![CDATA[template/mumucms_pctheme/img/common/adimg/job/mumucms_job_ad1.jpg]]></item>
					<item id="url"><![CDATA[javascript:;]]></item>
					<item id="atarget"><![CDATA[_blank]]></item>
					<item id="width"><![CDATA[100%]]></item>
					<item id="height"><![CDATA[90]]></item>
					<item id="text"><![CDATA[]]></item>
					<item id="items"><![CDATA[10]]></item>
				</item>
				<item id="shownum"><![CDATA[10]]></item>
				<item id="cachetime"><![CDATA[3600]]></item>
				<item id="cachetimerange"><![CDATA[]]></item>
				<item id="punctualupdate"><![CDATA[0]]></item>
				<item id="hidedisplay"><![CDATA[0]]></item>
				<item id="dateline"><![CDATA[1545202641]]></item>
				<item id="notinherited"><![CDATA[0]]></item>
				<item id="isblank"><![CDATA[0]]></item>
			</item>
			<item id="582">
				<item id="bid"><![CDATA[582]]></item>
				<item id="blockclass"><![CDATA[forum_thread]]></item>
				<item id="blocktype"><![CDATA[0]]></item>
				<item id="name"><![CDATA[[木木CMS]人才频道_首页_幻灯片]]></item>
				<item id="title"><![CDATA[]]></item>
				<item id="classname"><![CDATA[]]></item>
				<item id="summary"><![CDATA[]]></item>
				<item id="uid"><![CDATA[1]]></item>
				<item id="username"><![CDATA[admin]]></item>
				<item id="styleid"><![CDATA[150]]></item>
				<item id="blockstyle"><![CDATA[]]></item>
				<item id="picwidth"><![CDATA[570]]></item>
				<item id="picheight"><![CDATA[316]]></item>
				<item id="target"><![CDATA[blank]]></item>
				<item id="dateformat"><![CDATA[Y-m-d]]></item>
				<item id="dateuformat"><![CDATA[0]]></item>
				<item id="script"><![CDATA[thread]]></item>
				<item id="param">
					<item id="tids"><![CDATA[]]></item>
					<item id="uids"><![CDATA[]]></item>
					<item id="keyword"><![CDATA[]]></item>
					<item id="tagkeyword"><![CDATA[]]></item>
					<item id="typeids"><![CDATA[]]></item>
					<item id="reply"><![CDATA[0]]></item>
					<item id="recommend"><![CDATA[0]]></item>
					<item id="special">
						<item id="0"><![CDATA[0]]></item>
					</item>
					<item id="viewmod"><![CDATA[0]]></item>
					<item id="rewardstatus"><![CDATA[0]]></item>
					<item id="picrequired"><![CDATA[1]]></item>
					<item id="orderby"><![CDATA[lastpost]]></item>
					<item id="postdateline"><![CDATA[0]]></item>
					<item id="lastpost"><![CDATA[0]]></item>
					<item id="highlight"><![CDATA[0]]></item>
					<item id="titlelength"><![CDATA[40]]></item>
					<item id="summarylength"><![CDATA[80]]></item>
					<item id="startrow"><![CDATA[0]]></item>
					<item id="items"><![CDATA[5]]></item>
				</item>
				<item id="shownum"><![CDATA[5]]></item>
				<item id="cachetime"><![CDATA[3600]]></item>
				<item id="cachetimerange"><![CDATA[]]></item>
				<item id="punctualupdate"><![CDATA[0]]></item>
				<item id="hidedisplay"><![CDATA[0]]></item>
				<item id="dateline"><![CDATA[1544971442]]></item>
				<item id="notinherited"><![CDATA[0]]></item>
				<item id="isblank"><![CDATA[0]]></item>
			</item>
			<item id="583">
				<item id="bid"><![CDATA[583]]></item>
				<item id="blockclass"><![CDATA[html_html]]></item>
				<item id="blocktype"><![CDATA[0]]></item>
				<item id="name"><![CDATA[兼职招聘]]></item>
				<item id="title"><![CDATA[]]></item>
				<item id="classname"><![CDATA[]]></item>
				<item id="summary"><![CDATA[<div class="muucms_sort_diy">

<li class="mumucms_job_sort cl">
<a href="forum.php?mod=viewthread&amp;tid=18" target="_blank">
<p><span class="zhiwei">钟点工</span><span class="gongzi">175元/天</span></p>
<p><span class="gongsi">合肥经开百乐门广场尚泽国际613</span><span class="time">日结</span></p>
</a>
</li>		

<li class="mumucms_job_sort cl">
<a href="forum.php?mod=viewthread&amp;tid=17" target="_blank">
<p><span class="zhiwei">服务员</span><span class="gongzi">160元/天</span></p>
<p><span class="gongsi">天水路与铜陵北路交叉口</span><span class="time">完工结算</span></p>
</a>
</li>		

</div>]]></item>
				<item id="uid"><![CDATA[1]]></item>
				<item id="username"><![CDATA[admin]]></item>
				<item id="styleid"><![CDATA[0]]></item>
				<item id="blockstyle"><![CDATA[]]></item>
				<item id="picwidth"><![CDATA[0]]></item>
				<item id="picheight"><![CDATA[0]]></item>
				<item id="target"><![CDATA[blank]]></item>
				<item id="dateformat"><![CDATA[Y-m-d]]></item>
				<item id="dateuformat"><![CDATA[0]]></item>
				<item id="script"><![CDATA[sort]]></item>
				<item id="param">
					<item id="tids"><![CDATA[]]></item>
					<item id="sortids"><![CDATA[4]]></item>
					<item id="recommend"><![CDATA[0]]></item>
					<item id="orderby"><![CDATA[lastpost]]></item>
					<item id="lastpost"><![CDATA[0]]></item>
					<item id="startrow"><![CDATA[0]]></item>
					<item id="showitems"><![CDATA[20]]></item>
					<item id="items"><![CDATA[10]]></item>
				</item>
				<item id="shownum"><![CDATA[10]]></item>
				<item id="cachetime"><![CDATA[3600]]></item>
				<item id="cachetimerange"><![CDATA[]]></item>
				<item id="punctualupdate"><![CDATA[0]]></item>
				<item id="hidedisplay"><![CDATA[0]]></item>
				<item id="dateline"><![CDATA[1544972876]]></item>
				<item id="notinherited"><![CDATA[0]]></item>
				<item id="isblank"><![CDATA[0]]></item>
			</item>
			<item id="584">
				<item id="bid"><![CDATA[584]]></item>
				<item id="blockclass"><![CDATA[forum_thread]]></item>
				<item id="blocktype"><![CDATA[0]]></item>
				<item id="name"><![CDATA[[木木CMS]人才频道_首页_会员下更多指南]]></item>
				<item id="title"><![CDATA[]]></item>
				<item id="classname"><![CDATA[]]></item>
				<item id="summary"><![CDATA[]]></item>
				<item id="uid"><![CDATA[1]]></item>
				<item id="username"><![CDATA[admin]]></item>
				<item id="styleid"><![CDATA[151]]></item>
				<item id="blockstyle"><![CDATA[]]></item>
				<item id="picwidth"><![CDATA[0]]></item>
				<item id="picheight"><![CDATA[0]]></item>
				<item id="target"><![CDATA[blank]]></item>
				<item id="dateformat"><![CDATA[Y-m-d]]></item>
				<item id="dateuformat"><![CDATA[0]]></item>
				<item id="script"><![CDATA[thread]]></item>
				<item id="param">
					<item id="tids"><![CDATA[]]></item>
					<item id="uids"><![CDATA[]]></item>
					<item id="keyword"><![CDATA[]]></item>
					<item id="tagkeyword"><![CDATA[]]></item>
					<item id="typeids"><![CDATA[]]></item>
					<item id="reply"><![CDATA[0]]></item>
					<item id="recommend"><![CDATA[0]]></item>
					<item id="special">
						<item id="0"><![CDATA[0]]></item>
					</item>
					<item id="viewmod"><![CDATA[0]]></item>
					<item id="rewardstatus"><![CDATA[0]]></item>
					<item id="picrequired"><![CDATA[0]]></item>
					<item id="orderby"><![CDATA[lastpost]]></item>
					<item id="postdateline"><![CDATA[0]]></item>
					<item id="lastpost"><![CDATA[0]]></item>
					<item id="highlight"><![CDATA[0]]></item>
					<item id="titlelength"><![CDATA[30]]></item>
					<item id="summarylength"><![CDATA[80]]></item>
					<item id="startrow"><![CDATA[0]]></item>
					<item id="items"><![CDATA[3]]></item>
				</item>
				<item id="shownum"><![CDATA[3]]></item>
				<item id="cachetime"><![CDATA[3600]]></item>
				<item id="cachetimerange"><![CDATA[]]></item>
				<item id="punctualupdate"><![CDATA[0]]></item>
				<item id="hidedisplay"><![CDATA[0]]></item>
				<item id="dateline"><![CDATA[1545202639]]></item>
				<item id="notinherited"><![CDATA[0]]></item>
				<item id="isblank"><![CDATA[0]]></item>
			</item>
			<item id="585">
				<item id="bid"><![CDATA[585]]></item>
				<item id="blockclass"><![CDATA[forum_thread]]></item>
				<item id="blocktype"><![CDATA[0]]></item>
				<item id="name"><![CDATA[[木木CMS]人才频道_首页_会员下更多公告]]></item>
				<item id="title"><![CDATA[]]></item>
				<item id="classname"><![CDATA[]]></item>
				<item id="summary"><![CDATA[]]></item>
				<item id="uid"><![CDATA[1]]></item>
				<item id="username"><![CDATA[admin]]></item>
				<item id="styleid"><![CDATA[152]]></item>
				<item id="blockstyle"><![CDATA[]]></item>
				<item id="picwidth"><![CDATA[0]]></item>
				<item id="picheight"><![CDATA[0]]></item>
				<item id="target"><![CDATA[blank]]></item>
				<item id="dateformat"><![CDATA[Y-m-d]]></item>
				<item id="dateuformat"><![CDATA[0]]></item>
				<item id="script"><![CDATA[thread]]></item>
				<item id="param">
					<item id="tids"><![CDATA[]]></item>
					<item id="uids"><![CDATA[]]></item>
					<item id="keyword"><![CDATA[]]></item>
					<item id="tagkeyword"><![CDATA[]]></item>
					<item id="typeids"><![CDATA[]]></item>
					<item id="reply"><![CDATA[0]]></item>
					<item id="recommend"><![CDATA[0]]></item>
					<item id="special">
						<item id="0"><![CDATA[0]]></item>
					</item>
					<item id="viewmod"><![CDATA[0]]></item>
					<item id="rewardstatus"><![CDATA[0]]></item>
					<item id="picrequired"><![CDATA[0]]></item>
					<item id="orderby"><![CDATA[lastpost]]></item>
					<item id="postdateline"><![CDATA[0]]></item>
					<item id="lastpost"><![CDATA[0]]></item>
					<item id="highlight"><![CDATA[0]]></item>
					<item id="titlelength"><![CDATA[30]]></item>
					<item id="summarylength"><![CDATA[80]]></item>
					<item id="startrow"><![CDATA[0]]></item>
					<item id="items"><![CDATA[3]]></item>
				</item>
				<item id="shownum"><![CDATA[3]]></item>
				<item id="cachetime"><![CDATA[3600]]></item>
				<item id="cachetimerange"><![CDATA[]]></item>
				<item id="punctualupdate"><![CDATA[0]]></item>
				<item id="hidedisplay"><![CDATA[0]]></item>
				<item id="dateline"><![CDATA[1545202336]]></item>
				<item id="notinherited"><![CDATA[0]]></item>
				<item id="isblank"><![CDATA[0]]></item>
			</item>
			<item id="586">
				<item id="bid"><![CDATA[586]]></item>
				<item id="blockclass"><![CDATA[html_html]]></item>
				<item id="blocktype"><![CDATA[0]]></item>
				<item id="name"><![CDATA[[木木CMS]人才频道_首页_幻灯下广告1]]></item>
				<item id="title"><![CDATA[]]></item>
				<item id="classname"><![CDATA[]]></item>
				<item id="summary"><![CDATA[<a href="javascript:;" target="_blank"><img src="template/mumucms_pctheme/img/common/adimg/job/mumucms_job_ad2.jpg" width="100%" height="86" /></a>]]></item>
				<item id="uid"><![CDATA[1]]></item>
				<item id="username"><![CDATA[admin]]></item>
				<item id="styleid"><![CDATA[0]]></item>
				<item id="blockstyle"><![CDATA[]]></item>
				<item id="picwidth"><![CDATA[0]]></item>
				<item id="picheight"><![CDATA[0]]></item>
				<item id="target"><![CDATA[blank]]></item>
				<item id="dateformat"><![CDATA[Y-m-d]]></item>
				<item id="dateuformat"><![CDATA[0]]></item>
				<item id="script"><![CDATA[banner]]></item>
				<item id="param">
					<item id="pic"><![CDATA[template/mumucms_pctheme/img/common/adimg/job/mumucms_job_ad2.jpg]]></item>
					<item id="url"><![CDATA[javascript:;]]></item>
					<item id="atarget"><![CDATA[_blank]]></item>
					<item id="width"><![CDATA[100%]]></item>
					<item id="height"><![CDATA[86]]></item>
					<item id="text"><![CDATA[]]></item>
					<item id="items"><![CDATA[10]]></item>
				</item>
				<item id="shownum"><![CDATA[10]]></item>
				<item id="cachetime"><![CDATA[0]]></item>
				<item id="cachetimerange"><![CDATA[0,0]]></item>
				<item id="punctualupdate"><![CDATA[0]]></item>
				<item id="hidedisplay"><![CDATA[0]]></item>
				<item id="dateline"><![CDATA[1544843282]]></item>
				<item id="notinherited"><![CDATA[0]]></item>
				<item id="isblank"><![CDATA[0]]></item>
			</item>
			<item id="587">
				<item id="bid"><![CDATA[587]]></item>
				<item id="blockclass"><![CDATA[html_html]]></item>
				<item id="blocktype"><![CDATA[0]]></item>
				<item id="name"><![CDATA[[木木CMS]人才频道_首页_幻灯下广告2]]></item>
				<item id="title"><![CDATA[]]></item>
				<item id="classname"><![CDATA[]]></item>
				<item id="summary"><![CDATA[<a href="javascript:;" target="_blank"><img src="template/mumucms_pctheme/img/common/adimg/job/mumucms_job_ad3.jpg" width="100%" height="86" /></a>]]></item>
				<item id="uid"><![CDATA[1]]></item>
				<item id="username"><![CDATA[admin]]></item>
				<item id="styleid"><![CDATA[0]]></item>
				<item id="blockstyle"><![CDATA[]]></item>
				<item id="picwidth"><![CDATA[0]]></item>
				<item id="picheight"><![CDATA[0]]></item>
				<item id="target"><![CDATA[blank]]></item>
				<item id="dateformat"><![CDATA[Y-m-d]]></item>
				<item id="dateuformat"><![CDATA[0]]></item>
				<item id="script"><![CDATA[banner]]></item>
				<item id="param">
					<item id="pic"><![CDATA[template/mumucms_pctheme/img/common/adimg/job/mumucms_job_ad3.jpg]]></item>
					<item id="url"><![CDATA[javascript:;]]></item>
					<item id="atarget"><![CDATA[_blank]]></item>
					<item id="width"><![CDATA[100%]]></item>
					<item id="height"><![CDATA[86]]></item>
					<item id="text"><![CDATA[]]></item>
					<item id="items"><![CDATA[10]]></item>
				</item>
				<item id="shownum"><![CDATA[10]]></item>
				<item id="cachetime"><![CDATA[0]]></item>
				<item id="cachetimerange"><![CDATA[0,0]]></item>
				<item id="punctualupdate"><![CDATA[0]]></item>
				<item id="hidedisplay"><![CDATA[0]]></item>
				<item id="dateline"><![CDATA[1544843287]]></item>
				<item id="notinherited"><![CDATA[0]]></item>
				<item id="isblank"><![CDATA[0]]></item>
			</item>
			<item id="588">
				<item id="bid"><![CDATA[588]]></item>
				<item id="blockclass"><![CDATA[html_html]]></item>
				<item id="blocktype"><![CDATA[0]]></item>
				<item id="name"><![CDATA[[木木CMS]人才频道_首页_广告2]]></item>
				<item id="title"><![CDATA[]]></item>
				<item id="classname"><![CDATA[]]></item>
				<item id="summary"><![CDATA[<a href="javascript:;" target="_blank"><img src="template/mumucms_pctheme/img/index/index001/mumucms_index_ad_yipai.jpg" width="100%" height="90" /></a>]]></item>
				<item id="uid"><![CDATA[1]]></item>
				<item id="username"><![CDATA[admin]]></item>
				<item id="styleid"><![CDATA[0]]></item>
				<item id="blockstyle"><![CDATA[]]></item>
				<item id="picwidth"><![CDATA[0]]></item>
				<item id="picheight"><![CDATA[0]]></item>
				<item id="target"><![CDATA[blank]]></item>
				<item id="dateformat"><![CDATA[Y-m-d]]></item>
				<item id="dateuformat"><![CDATA[0]]></item>
				<item id="script"><![CDATA[banner]]></item>
				<item id="param">
					<item id="pic"><![CDATA[template/mumucms_pctheme/img/index/index001/mumucms_index_ad_yipai.jpg]]></item>
					<item id="url"><![CDATA[javascript:;]]></item>
					<item id="atarget"><![CDATA[_blank]]></item>
					<item id="width"><![CDATA[100%]]></item>
					<item id="height"><![CDATA[90]]></item>
					<item id="text"><![CDATA[]]></item>
					<item id="items"><![CDATA[10]]></item>
				</item>
				<item id="shownum"><![CDATA[10]]></item>
				<item id="cachetime"><![CDATA[0]]></item>
				<item id="cachetimerange"><![CDATA[0,0]]></item>
				<item id="punctualupdate"><![CDATA[0]]></item>
				<item id="hidedisplay"><![CDATA[0]]></item>
				<item id="dateline"><![CDATA[1544844375]]></item>
				<item id="notinherited"><![CDATA[0]]></item>
				<item id="isblank"><![CDATA[0]]></item>
			</item>
			<item id="589">
				<item id="bid"><![CDATA[589]]></item>
				<item id="blockclass"><![CDATA[html_html]]></item>
				<item id="blocktype"><![CDATA[0]]></item>
				<item id="name"><![CDATA[[木木CMS]人才频道_首页_广告3]]></item>
				<item id="title"><![CDATA[]]></item>
				<item id="classname"><![CDATA[]]></item>
				<item id="summary"><![CDATA[<a href="javascript:;" target="_blank"><img src="template/mumucms_pctheme/img/index/index001/mumucms_index_ad_erpai.gif" width="100%" height="90" /></a>]]></item>
				<item id="uid"><![CDATA[1]]></item>
				<item id="username"><![CDATA[admin]]></item>
				<item id="styleid"><![CDATA[0]]></item>
				<item id="blockstyle"><![CDATA[]]></item>
				<item id="picwidth"><![CDATA[0]]></item>
				<item id="picheight"><![CDATA[0]]></item>
				<item id="target"><![CDATA[blank]]></item>
				<item id="dateformat"><![CDATA[Y-m-d]]></item>
				<item id="dateuformat"><![CDATA[0]]></item>
				<item id="script"><![CDATA[banner]]></item>
				<item id="param">
					<item id="pic"><![CDATA[template/mumucms_pctheme/img/index/index001/mumucms_index_ad_erpai.gif]]></item>
					<item id="url"><![CDATA[javascript:;]]></item>
					<item id="atarget"><![CDATA[_blank]]></item>
					<item id="width"><![CDATA[100%]]></item>
					<item id="height"><![CDATA[90]]></item>
					<item id="text"><![CDATA[]]></item>
					<item id="items"><![CDATA[10]]></item>
				</item>
				<item id="shownum"><![CDATA[10]]></item>
				<item id="cachetime"><![CDATA[0]]></item>
				<item id="cachetimerange"><![CDATA[0,0]]></item>
				<item id="punctualupdate"><![CDATA[0]]></item>
				<item id="hidedisplay"><![CDATA[0]]></item>
				<item id="dateline"><![CDATA[1544844553]]></item>
				<item id="notinherited"><![CDATA[0]]></item>
				<item id="isblank"><![CDATA[0]]></item>
			</item>
			<item id="590">
				<item id="bid"><![CDATA[590]]></item>
				<item id="blockclass"><![CDATA[other_otherfriendlink]]></item>
				<item id="blocktype"><![CDATA[0]]></item>
				<item id="name"><![CDATA[[木木CMS]人才频道_首页_友情链接]]></item>
				<item id="title"><![CDATA[]]></item>
				<item id="classname"><![CDATA[]]></item>
				<item id="summary"><![CDATA[]]></item>
				<item id="uid"><![CDATA[1]]></item>
				<item id="username"><![CDATA[admin]]></item>
				<item id="styleid"><![CDATA[123]]></item>
				<item id="blockstyle"><![CDATA[]]></item>
				<item id="picwidth"><![CDATA[0]]></item>
				<item id="picheight"><![CDATA[0]]></item>
				<item id="target"><![CDATA[blank]]></item>
				<item id="dateformat"><![CDATA[Y-m-d]]></item>
				<item id="dateuformat"><![CDATA[0]]></item>
				<item id="script"><![CDATA[otherfriendlink]]></item>
				<item id="param">
					<item id="type">
						<item id="0"><![CDATA[1]]></item>
						<item id="1"><![CDATA[2]]></item>
						<item id="2"><![CDATA[3]]></item>
						<item id="3"><![CDATA[4]]></item>
					</item>
					<item id="titlelength"><![CDATA[40]]></item>
					<item id="summarylength"><![CDATA[80]]></item>
					<item id="items"><![CDATA[20]]></item>
				</item>
				<item id="shownum"><![CDATA[20]]></item>
				<item id="cachetime"><![CDATA[3600]]></item>
				<item id="cachetimerange"><![CDATA[]]></item>
				<item id="punctualupdate"><![CDATA[0]]></item>
				<item id="hidedisplay"><![CDATA[0]]></item>
				<item id="dateline"><![CDATA[1545113911]]></item>
				<item id="notinherited"><![CDATA[0]]></item>
				<item id="isblank"><![CDATA[0]]></item>
			</item>
		</item>
		<item id="style">
			<item id="123">
				<item id="styleid"><![CDATA[123]]></item>
				<item id="blockclass"><![CDATA[other_otherfriendlink]]></item>
				<item id="name"><![CDATA[[木木CMS]首页友情链接]]></item>
				<item id="template">
					<item id="raw"><![CDATA[<ul class="cl">
[loop]
<li><a href="{url}"{target}>{title}</a></li>
[/loop]
</ul>]]></item>
					<item id="footer"><![CDATA[]]></item>
					<item id="header"><![CDATA[]]></item>
					<item id="indexplus">
					</item>
					<item id="index">
					</item>
					<item id="orderplus">
					</item>
					<item id="order">
					</item>
					<item id="loopplus">
					</item>
					<item id="loop"><![CDATA[<li><a href="{url}"{target}>{title}</a></li>]]></item>
				</item>
				<item id="hash"><![CDATA[fa36d951]]></item>
				<item id="getpic"><![CDATA[0]]></item>
				<item id="getsummary"><![CDATA[0]]></item>
				<item id="makethumb"><![CDATA[0]]></item>
				<item id="settarget"><![CDATA[1]]></item>
				<item id="fields">
					<item id="0"><![CDATA[url]]></item>
					<item id="1"><![CDATA[title]]></item>
				</item>
				<item id="moreurl"><![CDATA[0]]></item>
			</item>
			<item id="147">
				<item id="styleid"><![CDATA[147]]></item>
				<item id="blockclass"><![CDATA[forum_thread]]></item>
				<item id="name"><![CDATA[[木木CMS]人才频道_首页_职场资讯图文]]></item>
				<item id="template">
					<item id="raw"><![CDATA[[loop]
<div class="imglist">
<a href="{url}"{target}>
<div class="imgs"><img src="{pic}" width="{picwidth}" height="{picheight}" /></div>
<div class="txt">{title}</div>
</a>
</div>
[/loop]]]></item>
					<item id="footer"><![CDATA[]]></item>
					<item id="header"><![CDATA[]]></item>
					<item id="indexplus">
					</item>
					<item id="index">
					</item>
					<item id="orderplus">
					</item>
					<item id="order">
					</item>
					<item id="loopplus">
					</item>
					<item id="loop"><![CDATA[<div class="imglist">
<a href="{url}"{target}>
<div class="imgs"><img src="{pic}" width="{picwidth}" height="{picheight}" /></div>
<div class="txt">{title}</div>
</a>
</div>]]></item>
				</item>
				<item id="hash"><![CDATA[e2de55ee]]></item>
				<item id="getpic"><![CDATA[1]]></item>
				<item id="getsummary"><![CDATA[0]]></item>
				<item id="makethumb"><![CDATA[1]]></item>
				<item id="settarget"><![CDATA[1]]></item>
				<item id="fields">
					<item id="0"><![CDATA[url]]></item>
					<item id="1"><![CDATA[pic]]></item>
					<item id="2"><![CDATA[title]]></item>
				</item>
				<item id="moreurl"><![CDATA[0]]></item>
			</item>
			<item id="148">
				<item id="styleid"><![CDATA[148]]></item>
				<item id="blockclass"><![CDATA[forum_thread]]></item>
				<item id="name"><![CDATA[[木木CMS]人才频道_首页_职场资讯标题]]></item>
				<item id="template">
					<item id="raw"><![CDATA[<ul class="xl cl">
[loop]
</li> 
<li class="cl"> 
<a href="{url}"{target}> 
<div class="img z"><img src="{pic}" width="{picwidth}" height="{picheight}" /></div>	
<div class="txt"><h3>{title}<em>{dateline}</em></h3><p><span class="mumucms_dataline">{dateline}</span></p></div>
</a>
</li>
[/loop] 
</ul>
]]></item>
					<item id="footer"><![CDATA[]]></item>
					<item id="header"><![CDATA[]]></item>
					<item id="indexplus">
					</item>
					<item id="index">
					</item>
					<item id="orderplus">
					</item>
					<item id="order">
					</item>
					<item id="loopplus">
					</item>
					<item id="loop"><![CDATA[</li> 
<li class="cl"> 
<a href="{url}"{target}> 
<div class="img z"><img src="{pic}" width="{picwidth}" height="{picheight}" /></div>	
<div class="txt"><h3>{title}<em>{dateline}</em></h3><p><span class="mumucms_dataline">{dateline}</span></p></div>
</a>
</li>]]></item>
				</item>
				<item id="hash"><![CDATA[a4c2029d]]></item>
				<item id="getpic"><![CDATA[1]]></item>
				<item id="getsummary"><![CDATA[0]]></item>
				<item id="makethumb"><![CDATA[1]]></item>
				<item id="settarget"><![CDATA[1]]></item>
				<item id="fields">
					<item id="0"><![CDATA[url]]></item>
					<item id="1"><![CDATA[pic]]></item>
					<item id="2"><![CDATA[title]]></item>
					<item id="3"><![CDATA[dateline]]></item>
				</item>
				<item id="moreurl"><![CDATA[0]]></item>
			</item>
			<item id="149">
				<item id="styleid"><![CDATA[149]]></item>
				<item id="blockclass"><![CDATA[forum_thread]]></item>
				<item id="name"><![CDATA[[木木CMS]人才频道_首页_热门资讯]]></item>
				<item id="template">
					<item id="raw"><![CDATA[<ul class="cl">
[loop]
	<li><em class="sort sort{currentorder}">{currentorder}</em><a href="{url}"{target}>{title}</a></li>
[/loop]
</ul>]]></item>
					<item id="footer"><![CDATA[]]></item>
					<item id="header"><![CDATA[]]></item>
					<item id="indexplus">
					</item>
					<item id="index">
					</item>
					<item id="orderplus">
					</item>
					<item id="order">
					</item>
					<item id="loopplus">
					</item>
					<item id="loop"><![CDATA[<li><em class="sort sort{currentorder}">{currentorder}</em><a href="{url}"{target}>{title}</a></li>]]></item>
				</item>
				<item id="hash"><![CDATA[82f166e4]]></item>
				<item id="getpic"><![CDATA[0]]></item>
				<item id="getsummary"><![CDATA[0]]></item>
				<item id="makethumb"><![CDATA[0]]></item>
				<item id="settarget"><![CDATA[1]]></item>
				<item id="fields">
					<item id="0"><![CDATA[currentorder]]></item>
					<item id="1"><![CDATA[url]]></item>
					<item id="2"><![CDATA[title]]></item>
				</item>
				<item id="moreurl"><![CDATA[0]]></item>
			</item>
			<item id="150">
				<item id="styleid"><![CDATA[150]]></item>
				<item id="blockclass"><![CDATA[forum_thread]]></item>
				<item id="name"><![CDATA[[木木CMS]人才频道_首页_幻灯片]]></item>
				<item id="template">
					<item id="raw"><![CDATA[<div class="mumucms_focus">			
<div id="mumucms_focus">
				<span class="next"></span>
				<span class="prev"></span>	
				<div class="hd">
					<ul></ul>
				</div>
				<div class="bd">
					<ul>
					[loop]
					<li><a href="{url}"{target}><img src="{pic}" width="{picwidth}" height="{picheight}" /><div class="tit">{title}</div></a></li>
					[/loop]
					</ul>
				</div>
</div>
				<script type="text/javascript">
				TouchSlide({ 
					slideCell:"#mumucms_focus",
					titCell:".hd ul", //开启自动分页 autoPage:true ，此时设置 titCell 为导航元素包裹层
					mainCell:".bd ul", 
					effect:"left", 
					autoPlay:true,//自动播放
					autoPage:true, //自动分页
					interTime:3000,
				});
			</script>
</div>]]></item>
					<item id="footer"><![CDATA[]]></item>
					<item id="header"><![CDATA[]]></item>
					<item id="indexplus">
					</item>
					<item id="index">
					</item>
					<item id="orderplus">
					</item>
					<item id="order">
					</item>
					<item id="loopplus">
					</item>
					<item id="loop"><![CDATA[<li><a href="{url}"{target}><img src="{pic}" width="{picwidth}" height="{picheight}" /><div class="tit">{title}</div></a></li>]]></item>
				</item>
				<item id="hash"><![CDATA[8d14b0ab]]></item>
				<item id="getpic"><![CDATA[1]]></item>
				<item id="getsummary"><![CDATA[0]]></item>
				<item id="makethumb"><![CDATA[1]]></item>
				<item id="settarget"><![CDATA[1]]></item>
				<item id="fields">
					<item id="0"><![CDATA[url]]></item>
					<item id="1"><![CDATA[pic]]></item>
					<item id="2"><![CDATA[title]]></item>
				</item>
				<item id="moreurl"><![CDATA[0]]></item>
			</item>
			<item id="151">
				<item id="styleid"><![CDATA[151]]></item>
				<item id="blockclass"><![CDATA[forum_thread]]></item>
				<item id="name"><![CDATA[[木木CMS]人才频道_首页_会员下更多指南]]></item>
				<item id="template">
					<item id="raw"><![CDATA[[index=1]
<a href="{url}"{target}><p>{title}</p></a>
[/index]
[index=2]
<a href="{url}"{target}><p>{title}</p></a>
[/index]
[loop]
<a href="{forumurl}" target="_blank" class="more_zl">查看更多职场指南&gt;&gt;</a>		
[/loop]
]]></item>
					<item id="footer"><![CDATA[]]></item>
					<item id="header"><![CDATA[]]></item>
					<item id="indexplus">
					</item>
					<item id="index">
						<item id="1"><![CDATA[<a href="{url}"{target}><p>{title}</p></a>]]></item>
						<item id="2"><![CDATA[<a href="{url}"{target}><p>{title}</p></a>]]></item>
					</item>
					<item id="orderplus">
					</item>
					<item id="order">
					</item>
					<item id="loopplus">
					</item>
					<item id="loop"><![CDATA[<a href="{forumurl}" target="_blank" class="more_zl">查看更多职场指南&gt;&gt;</a>]]></item>
				</item>
				<item id="hash"><![CDATA[b00c294e]]></item>
				<item id="getpic"><![CDATA[0]]></item>
				<item id="getsummary"><![CDATA[0]]></item>
				<item id="makethumb"><![CDATA[0]]></item>
				<item id="settarget"><![CDATA[1]]></item>
				<item id="fields">
					<item id="0"><![CDATA[url]]></item>
					<item id="1"><![CDATA[title]]></item>
					<item id="2"><![CDATA[forumurl]]></item>
				</item>
				<item id="moreurl"><![CDATA[0]]></item>
			</item>
			<item id="152">
				<item id="styleid"><![CDATA[152]]></item>
				<item id="blockclass"><![CDATA[forum_thread]]></item>
				<item id="name"><![CDATA[[木木CMS]人才频道_首页_会员下更多公告]]></item>
				<item id="template">
					<item id="raw"><![CDATA[[index=1]
<a href="{url}"{target}><p>{title}</p></a>
[/index]
[index=2]
<a href="{url}"{target}><p>{title}</p></a>
[/index]
[loop]
<a href="{forumurl}" target="_blank" class="more_zl">查看更多公告&gt;&gt;</a>		
[/loop]
]]></item>
					<item id="footer"><![CDATA[]]></item>
					<item id="header"><![CDATA[]]></item>
					<item id="indexplus">
					</item>
					<item id="index">
						<item id="1"><![CDATA[<a href="{url}"{target}><p>{title}</p></a>]]></item>
						<item id="2"><![CDATA[<a href="{url}"{target}><p>{title}</p></a>]]></item>
					</item>
					<item id="orderplus">
					</item>
					<item id="order">
					</item>
					<item id="loopplus">
					</item>
					<item id="loop"><![CDATA[<a href="{forumurl}" target="_blank" class="more_zl">查看更多公告&gt;&gt;</a>]]></item>
				</item>
				<item id="hash"><![CDATA[57300f81]]></item>
				<item id="getpic"><![CDATA[0]]></item>
				<item id="getsummary"><![CDATA[0]]></item>
				<item id="makethumb"><![CDATA[0]]></item>
				<item id="settarget"><![CDATA[1]]></item>
				<item id="fields">
					<item id="0"><![CDATA[url]]></item>
					<item id="1"><![CDATA[title]]></item>
					<item id="2"><![CDATA[forumurl]]></item>
				</item>
				<item id="moreurl"><![CDATA[0]]></item>
			</item>
		</item>
	</item>
</root>
