<?xml version="1.0" encoding="ISO-8859-1"?>
<root>
	<item id="spacecss"><![CDATA[#frame8cODLc { border:#000000 0px !important;margin:0px !important;}#portal_block_167 { border:#000000 0px !important;margin:0px !important;}#portal_block_167 .dxb_bc { margin:0px !important;}#frameG3jLQ2 { border:0px !important;margin:0px !important;}#portal_block_171 { border:0px !important;margin:0px !important;}#portal_block_171 .dxb_bc { margin:0px !important;}#frame1yc6FR { border:0px !important;margin:0px !important;}#portal_block_172 { border:0px !important;margin:0px !important;}#portal_block_172 .dxb_bc { margin:0px !important;}#frame8OksV6 { border:0px !important;margin:0px !important;}#portal_block_173 { border:0px !important;margin:0px !important;}#portal_block_173 .dxb_bc { margin:0px !important;}#framef9qxzV { border:#000000 0px !important;margin:0px !important;}#portal_block_174 { border:0px !important;margin:0px !important;}#portal_block_174 .dxb_bc { margin:0px !important;}]]></item>
	<item id="style"><![CDATA[static/topic/t1/style.css]]></item>
	<item id="layoutdata">
		<item id="diy_intro">
			<item id="frame`frameG3jLQ2">
				<item id="attr">
					<item id="name"><![CDATA[frameG3jLQ2]]></item>
					<item id="moveable"><![CDATA[true]]></item>
					<item id="className"><![CDATA[ frame move-span cl frame-1]]></item>
					<item id="titles"><![CDATA[]]></item>
				</item>
				<item id="column`frameG3jLQ2_left">
					<item id="attr">
						<item id="name"><![CDATA[frameG3jLQ2_left]]></item>
						<item id="className"><![CDATA[column frame-1-c]]></item>
					</item>
					<item id="block`portal_block_171">
						<item id="attr">
							<item id="name"><![CDATA[portal_block_171]]></item>
							<item id="className"><![CDATA[block move-span]]></item>
							<item id="titles"><![CDATA[]]></item>
						</item>
					</item>
				</item>
			</item>
		</item>
		<item id="diy_development">
			<item id="frame`frame1yc6FR">
				<item id="attr">
					<item id="name"><![CDATA[frame1yc6FR]]></item>
					<item id="moveable"><![CDATA[true]]></item>
					<item id="className"><![CDATA[ frame move-span cl frame-1]]></item>
					<item id="titles"><![CDATA[]]></item>
				</item>
				<item id="column`frame1yc6FR_left">
					<item id="attr">
						<item id="name"><![CDATA[frame1yc6FR_left]]></item>
						<item id="className"><![CDATA[column frame-1-c]]></item>
					</item>
					<item id="block`portal_block_172">
						<item id="attr">
							<item id="name"><![CDATA[portal_block_172]]></item>
							<item id="className"><![CDATA[block move-span]]></item>
							<item id="titles"><![CDATA[]]></item>
						</item>
					</item>
				</item>
			</item>
		</item>
		<item id="diy_prize">
			<item id="frame`framef9qxzV">
				<item id="attr">
					<item id="name"><![CDATA[framef9qxzV]]></item>
					<item id="moveable"><![CDATA[true]]></item>
					<item id="className"><![CDATA[ frame move-span cl frame-1]]></item>
					<item id="titles"><![CDATA[]]></item>
				</item>
				<item id="column`framef9qxzV_left">
					<item id="attr">
						<item id="name"><![CDATA[framef9qxzV_left]]></item>
						<item id="className"><![CDATA[column frame-1-c]]></item>
					</item>
					<item id="block`portal_block_174">
						<item id="attr">
							<item id="name"><![CDATA[portal_block_174]]></item>
							<item id="className"><![CDATA[block move-span]]></item>
							<item id="titles"><![CDATA[]]></item>
						</item>
					</item>
				</item>
			</item>
		</item>
		<item id="diy_service">
			<item id="frame`frame8OksV6">
				<item id="attr">
					<item id="name"><![CDATA[frame8OksV6]]></item>
					<item id="moveable"><![CDATA[true]]></item>
					<item id="className"><![CDATA[ frame move-span cl frame-1]]></item>
					<item id="titles"><![CDATA[]]></item>
				</item>
				<item id="column`frame8OksV6_left">
					<item id="attr">
						<item id="name"><![CDATA[frame8OksV6_left]]></item>
						<item id="className"><![CDATA[column frame-1-c]]></item>
					</item>
					<item id="block`portal_block_173">
						<item id="attr">
							<item id="name"><![CDATA[portal_block_173]]></item>
							<item id="className"><![CDATA[block move-span]]></item>
							<item id="titles"><![CDATA[]]></item>
						</item>
					</item>
				</item>
			</item>
		</item>
		<item id="diy_customer">
			<item id="frame`frame8cODLc">
				<item id="attr">
					<item id="name"><![CDATA[frame8cODLc]]></item>
					<item id="moveable"><![CDATA[true]]></item>
					<item id="className"><![CDATA[ frame move-span cl frame-1]]></item>
					<item id="titles"><![CDATA[]]></item>
				</item>
				<item id="column`frame8cODLc_left">
					<item id="attr">
						<item id="name"><![CDATA[frame8cODLc_left]]></item>
						<item id="className"><![CDATA[column frame-1-c]]></item>
					</item>
					<item id="block`portal_block_167">
						<item id="attr">
							<item id="name"><![CDATA[portal_block_167]]></item>
							<item id="className"><![CDATA[block move-span]]></item>
							<item id="titles"><![CDATA[]]></item>
						</item>
					</item>
				</item>
			</item>
		</item>
	</item>
	<item id="blockdata">
		<item id="block">
			<item id="167">
				<item id="bid"><![CDATA[167]]></item>
				<item id="blockclass"><![CDATA[portal_article]]></item>
				<item id="blocktype"><![CDATA[0]]></item>
				<item id="name"><![CDATA[专题页面-diy-客户案例模块]]></item>
				<item id="title"><![CDATA[]]></item>
				<item id="classname"><![CDATA[]]></item>
				<item id="summary"><![CDATA[]]></item>
				<item id="uid"><![CDATA[1]]></item>
				<item id="username"><![CDATA[admin]]></item>
				<item id="styleid"><![CDATA[177]]></item>
				<item id="blockstyle"><![CDATA[]]></item>
				<item id="picwidth"><![CDATA[370]]></item>
				<item id="picheight"><![CDATA[300]]></item>
				<item id="target"><![CDATA[blank]]></item>
				<item id="dateformat"><![CDATA[Y-m-d]]></item>
				<item id="dateuformat"><![CDATA[0]]></item>
				<item id="script"><![CDATA[articlenew]]></item>
				<item id="param">
					<item id="catid">
						<item id="0"><![CDATA[0]]></item>
						<item id="1"><![CDATA[1]]></item>
						<item id="2"><![CDATA[4]]></item>
						<item id="3"><![CDATA[7]]></item>
						<item id="4"><![CDATA[8]]></item>
						<item id="5"><![CDATA[2]]></item>
						<item id="6"><![CDATA[5]]></item>
						<item id="7"><![CDATA[3]]></item>
						<item id="8"><![CDATA[6]]></item>
						<item id="9"><![CDATA[9]]></item>
					</item>
					<item id="picrequired"><![CDATA[1]]></item>
					<item id="titlelength"><![CDATA[40]]></item>
					<item id="summarylength"><![CDATA[80]]></item>
					<item id="items"><![CDATA[6]]></item>
				</item>
				<item id="shownum"><![CDATA[6]]></item>
				<item id="cachetime"><![CDATA[3600]]></item>
				<item id="cachetimerange"><![CDATA[]]></item>
				<item id="punctualupdate"><![CDATA[0]]></item>
				<item id="hidedisplay"><![CDATA[0]]></item>
				<item id="dateline"><![CDATA[1568193529]]></item>
				<item id="notinherited"><![CDATA[0]]></item>
				<item id="isblank"><![CDATA[0]]></item>
			</item>
			<item id="171">
				<item id="bid"><![CDATA[171]]></item>
				<item id="blockclass"><![CDATA[html_html]]></item>
				<item id="blocktype"><![CDATA[0]]></item>
				<item id="name"><![CDATA[关于我们-公司介绍模块]]></item>
				<item id="title"><![CDATA[]]></item>
				<item id="classname"><![CDATA[]]></item>
				<item id="summary"><![CDATA[<p>未来科技网络有限公司成立于2010年，注册资金100万，是海南一家专业的网站策划公司。主要服务于中小企业，提供网站策划，Discuz模板插件开发设计，网站网页设计制作建设，网络推广营销于一体的专业服务。公司以“设计、服务”为核心价值，希望通过我们的专业水平和不懈努力，重塑中小企业网络形象，为企业产品推广、建设传播提供服务指导。<br>
几年来，一直以用户需求为核心，在专注本地市场开拓的同时，为超过一千多家中小企业提供网站模板设计服务，优质的服务赢得了众多企业的信赖和好评，在海南地区逐渐树立起公司良好品牌。公司不仅仅提供专业的网站策划服务，同时还建立了完善的售后服务体系，为企业发展中遇到的问题和困难提供指导帮助。我们相信，通过我们的不断努力和追求，一定能够实现与中小企业的互利共赢！
</p>]]></item>
				<item id="uid"><![CDATA[1]]></item>
				<item id="username"><![CDATA[admin]]></item>
				<item id="styleid"><![CDATA[0]]></item>
				<item id="blockstyle"><![CDATA[]]></item>
				<item id="picwidth"><![CDATA[0]]></item>
				<item id="picheight"><![CDATA[0]]></item>
				<item id="target"><![CDATA[blank]]></item>
				<item id="dateformat"><![CDATA[Y-m-d]]></item>
				<item id="dateuformat"><![CDATA[0]]></item>
				<item id="script"><![CDATA[blank]]></item>
				<item id="param">
					<item id="content"><![CDATA[<p>未来科技网络有限公司成立于2010年，注册资金100万，是海南一家专业的网站策划公司。主要服务于中小企业，提供网站策划，Discuz模板插件开发设计，网站网页设计制作建设，网络推广营销于一体的专业服务。公司以“设计、服务”为核心价值，希望通过我们的专业水平和不懈努力，重塑中小企业网络形象，为企业产品推广、建设传播提供服务指导。<br>
几年来，一直以用户需求为核心，在专注本地市场开拓的同时，为超过一千多家中小企业提供网站模板设计服务，优质的服务赢得了众多企业的信赖和好评，在海南地区逐渐树立起公司良好品牌。公司不仅仅提供专业的网站策划服务，同时还建立了完善的售后服务体系，为企业发展中遇到的问题和困难提供指导帮助。我们相信，通过我们的不断努力和追求，一定能够实现与中小企业的互利共赢！
</p>]]></item>
					<item id="items"><![CDATA[10]]></item>
				</item>
				<item id="shownum"><![CDATA[10]]></item>
				<item id="cachetime"><![CDATA[3600]]></item>
				<item id="cachetimerange"><![CDATA[]]></item>
				<item id="punctualupdate"><![CDATA[0]]></item>
				<item id="hidedisplay"><![CDATA[0]]></item>
				<item id="dateline"><![CDATA[1568193531]]></item>
				<item id="notinherited"><![CDATA[0]]></item>
				<item id="isblank"><![CDATA[0]]></item>
			</item>
			<item id="172">
				<item id="bid"><![CDATA[172]]></item>
				<item id="blockclass"><![CDATA[html_html]]></item>
				<item id="blocktype"><![CDATA[0]]></item>
				<item id="name"><![CDATA[关于我们-公司发展]]></item>
				<item id="title"><![CDATA[]]></item>
				<item id="classname"><![CDATA[]]></item>
				<item id="summary"><![CDATA[<ul>
            
            <li>2019年：公司规模再次扩大，荣获海南十大创新企业称号</li>
            
            <li>2018年：荣获国家智能AI推荐企业</li>
            
            <li>2017年：公司入驻技术发展科技园</li>
            
            <li>2016年：未来科技Discuz应用中心模板安装的客户达到18万之多</li>
            
            <li>2015年：公司一对一专属企业客户达到1000多家</li>
            
            <li>2014年：入选海南省新数据发展企业</li>
            
            <li>2013年：荣获Discuz十大开发者称号</li>
            
            <li>2012年：公司荣获海南省高新企业认证</li>
            
            <li>2011年：公司规模不断扩大</li>

			<li>2010年：未来科技网络有限公司正式成立</li>
            
			</ul>]]></item>
				<item id="uid"><![CDATA[1]]></item>
				<item id="username"><![CDATA[admin]]></item>
				<item id="styleid"><![CDATA[0]]></item>
				<item id="blockstyle"><![CDATA[]]></item>
				<item id="picwidth"><![CDATA[0]]></item>
				<item id="picheight"><![CDATA[0]]></item>
				<item id="target"><![CDATA[blank]]></item>
				<item id="dateformat"><![CDATA[Y-m-d]]></item>
				<item id="dateuformat"><![CDATA[0]]></item>
				<item id="script"><![CDATA[blank]]></item>
				<item id="param">
					<item id="content"><![CDATA[			<ul>
            
            <li>2019年：公司规模再次扩大，荣获海南十大创新企业称号</li>
            
            <li>2018年：荣获国家智能AI推荐企业</li>
            
            <li>2017年：公司入驻技术发展科技园</li>
            
            <li>2016年：未来科技Discuz应用中心模板安装的客户达到18万之多</li>
            
            <li>2015年：公司一对一专属企业客户达到1000多家</li>
            
            <li>2014年：入选海南省新数据发展企业</li>
            
            <li>2013年：荣获Discuz十大开发者称号</li>
            
            <li>2012年：公司荣获海南省高新企业认证</li>
            
            <li>2011年：公司规模不断扩大</li>

			<li>2010年：未来科技网络有限公司正式成立</li>
            
			</ul>
]]></item>
					<item id="items"><![CDATA[10]]></item>
				</item>
				<item id="shownum"><![CDATA[10]]></item>
				<item id="cachetime"><![CDATA[3600]]></item>
				<item id="cachetimerange"><![CDATA[]]></item>
				<item id="punctualupdate"><![CDATA[0]]></item>
				<item id="hidedisplay"><![CDATA[0]]></item>
				<item id="dateline"><![CDATA[1567500140]]></item>
				<item id="notinherited"><![CDATA[0]]></item>
				<item id="isblank"><![CDATA[0]]></item>
			</item>
			<item id="173">
				<item id="bid"><![CDATA[173]]></item>
				<item id="blockclass"><![CDATA[html_html]]></item>
				<item id="blocktype"><![CDATA[0]]></item>
				<item id="name"><![CDATA[公司介绍-服务范围]]></item>
				<item id="title"><![CDATA[]]></item>
				<item id="classname"><![CDATA[]]></item>
				<item id="summary"><![CDATA[<p>
所有商业模板，均提供免费安装调试、免费使用指导、免费更新等服务！<br>
一键安装，安全、快捷！<br>
建站不需要几千元，只需几百元，就可以拥有自己的专属精美网站！<br>

</p>
<p>所有模板均使用 DIV+CSS 技术，框架手工编写、代码优化，利于SEO<br>
用更少的代码，做更多的事情！简约，但不简单！ <br>
使用最新 HTML5+CSS3 技术，实现3D立体动画、透明等酷炫特效，让您走在时尚最前端！

</p>]]></item>
				<item id="uid"><![CDATA[1]]></item>
				<item id="username"><![CDATA[admin]]></item>
				<item id="styleid"><![CDATA[0]]></item>
				<item id="blockstyle"><![CDATA[]]></item>
				<item id="picwidth"><![CDATA[0]]></item>
				<item id="picheight"><![CDATA[0]]></item>
				<item id="target"><![CDATA[blank]]></item>
				<item id="dateformat"><![CDATA[Y-m-d]]></item>
				<item id="dateuformat"><![CDATA[0]]></item>
				<item id="script"><![CDATA[blank]]></item>
				<item id="param">
					<item id="content"><![CDATA[<p>
所有商业模板，均提供免费安装调试、免费使用指导、免费更新等服务！<br>
一键安装，安全、快捷！<br>
建站不需要几千元，只需几百元，就可以拥有自己的专属精美网站！<br>

</p>
<p>所有模板均使用 DIV+CSS 技术，框架手工编写、代码优化，利于SEO<br>
用更少的代码，做更多的事情！简约，但不简单！ <br>
使用最新 HTML5+CSS3 技术，实现3D立体动画、透明等酷炫特效，让您走在时尚最前端！

</p>
]]></item>
					<item id="items"><![CDATA[10]]></item>
				</item>
				<item id="shownum"><![CDATA[10]]></item>
				<item id="cachetime"><![CDATA[3600]]></item>
				<item id="cachetimerange"><![CDATA[]]></item>
				<item id="punctualupdate"><![CDATA[0]]></item>
				<item id="hidedisplay"><![CDATA[0]]></item>
				<item id="dateline"><![CDATA[1568184038]]></item>
				<item id="notinherited"><![CDATA[0]]></item>
				<item id="isblank"><![CDATA[0]]></item>
			</item>
			<item id="174">
				<item id="bid"><![CDATA[174]]></item>
				<item id="blockclass"><![CDATA[portal_article]]></item>
				<item id="blocktype"><![CDATA[0]]></item>
				<item id="name"><![CDATA[公司介绍-资质奖项]]></item>
				<item id="title"><![CDATA[]]></item>
				<item id="classname"><![CDATA[]]></item>
				<item id="summary"><![CDATA[]]></item>
				<item id="uid"><![CDATA[1]]></item>
				<item id="username"><![CDATA[admin]]></item>
				<item id="styleid"><![CDATA[179]]></item>
				<item id="blockstyle"><![CDATA[]]></item>
				<item id="picwidth"><![CDATA[370]]></item>
				<item id="picheight"><![CDATA[260]]></item>
				<item id="target"><![CDATA[blank]]></item>
				<item id="dateformat"><![CDATA[Y-m-d]]></item>
				<item id="dateuformat"><![CDATA[0]]></item>
				<item id="script"><![CDATA[articlenew]]></item>
				<item id="param">
					<item id="catid">
						<item id="0"><![CDATA[0]]></item>
					</item>
					<item id="picrequired"><![CDATA[0]]></item>
					<item id="titlelength"><![CDATA[40]]></item>
					<item id="summarylength"><![CDATA[80]]></item>
					<item id="items"><![CDATA[6]]></item>
				</item>
				<item id="shownum"><![CDATA[6]]></item>
				<item id="cachetime"><![CDATA[3600]]></item>
				<item id="cachetimerange"><![CDATA[]]></item>
				<item id="punctualupdate"><![CDATA[0]]></item>
				<item id="hidedisplay"><![CDATA[0]]></item>
				<item id="dateline"><![CDATA[1568192391]]></item>
				<item id="notinherited"><![CDATA[0]]></item>
				<item id="isblank"><![CDATA[0]]></item>
			</item>
		</item>
		<item id="style">
			<item id="177">
				<item id="styleid"><![CDATA[177]]></item>
				<item id="blockclass"><![CDATA[portal_article]]></item>
				<item id="name"><![CDATA[[未来科技-2020]文章封面-3列-标题负内边距-白色-图片370x300]]></item>
				<item id="template">
					<item id="raw"><![CDATA[<!--
[未来科技-2020]文章封面-3列-标题负内边距-白色-图片370x300
1200 = 370x3 + 45x2
-->
<style type="text/css">
.vk_pic_list_3_title_inner { }
.vk_pic_list_3_title_inner  li {  position:relative; float: left; display: block;  margin: 0px 45px 45px 0px; -webkit-transition: All 0.2s ease-in-out;-moz-transition: All 0.2s ease-in-out;-o-transition: All 0.2s ease-in-out;transition: All 0.2s ease-in-out; box-shadow: 0 0 10px 5px rgba(0,193,222,0.1); }
    .ie6 .vk_pic_list_3_title_inner  li , .ie7 .vk_pic_list_3_title_inner li , .ie8 .vk_pic_list_3_title_inner  li {  margin: 0px 30px 45px 0px;  }
.vk_pic_list_3_title_inner  li:nth-child(3n) {float:right;  margin-right: 0px; clear: right;}

.vk_pic_list_3_title_inner  li img {background: #fff; border: 0px solid #333;/*  border-radius: 5px; box-shadow: 1px 1px 3px #afafaf; */cursor: pointer; }

.vk_pic_list_3_title_inner  span  { background-color:#fff; position:absolute; left:0px; right:0px; bottom:0px; width:100% ;  height:50px ; text-indent:5px; text-align: center; line-height:50px; font-size:16px;  color:#000; overflow:hidden;  opacity:.80;filter:alpha(opacity=80);}

.vk_pic_list_3_title_inner  li:hover {box-shadow: 0 15px 25px -2px rgba(0,193,222,.5); -webkit-transform: translateY(-5px);  -moz-transform: translateY(-5px); transform: translateY(-5px); }
.vk_pic_list_3_title_inner  li:hover span {  background-color: #0ad; color: #fff; opacity:1;filter:alpha(opacity=100);}

</style>

<div class="vk_pic_list_3_title_inner  cl">
    <ul>
        [loop]
            <li style="width:{picwidth}px; height:{picheight}px;"><a href="{url}"{target} title="{title}"><img src="{pic}" width="{picwidth}" height="{picheight}" /><span>{title}</span></a></li>
        [/loop]
    </ul>
</div>
]]></item>
					<item id="footer"><![CDATA[]]></item>
					<item id="header"><![CDATA[]]></item>
					<item id="indexplus">
					</item>
					<item id="index">
					</item>
					<item id="orderplus">
					</item>
					<item id="order">
					</item>
					<item id="loopplus">
					</item>
					<item id="loop"><![CDATA[<li style="width:{picwidth}px; height:{picheight}px;"><a href="{url}"{target} title="{title}"><img src="{pic}" width="{picwidth}" height="{picheight}" /><span>{title}</span></a></li>]]></item>
				</item>
				<item id="hash"><![CDATA[044700c5]]></item>
				<item id="getpic"><![CDATA[1]]></item>
				<item id="getsummary"><![CDATA[0]]></item>
				<item id="makethumb"><![CDATA[1]]></item>
				<item id="settarget"><![CDATA[1]]></item>
				<item id="fields">
					<item id="0"><![CDATA[url]]></item>
					<item id="1"><![CDATA[title]]></item>
					<item id="2"><![CDATA[pic]]></item>
				</item>
				<item id="moreurl"><![CDATA[0]]></item>
			</item>
			<item id="179">
				<item id="styleid"><![CDATA[179]]></item>
				<item id="blockclass"><![CDATA[portal_article]]></item>
				<item id="name"><![CDATA[[未来科技-2020]文章图片调用-3列-上图下标题-图片370x260]]></item>
				<item id="template">
					<item id="raw"><![CDATA[
<!-- 
[未来科技-2020]文章图片调用-3列-上图下标题-图片370x260
-->
<style type="text/css">
.vk_diy_col_3 li { position: relative; float: left; width:370px; height:300px;  display: block; padding:0 ;  margin: 0px 45px 45px 0px;  -webkit-transition: All 0.2s ease-in-out;-moz-transition: All 0.2s ease-in-out;-o-transition: All 0.2s ease-in-out;transition: All 0.2s ease-in-out; }
.vk_diy_col_3 li p { height:40px; line-height:40px; font-size:14px; color: #555;}
.vk_diy_col_3 li p a { font-size:14px;  color: #555;}
    .vk_diy_col_3 li:hover a { color: #f60;}
    .ie6 .vk_diy_col_3 li, .ie7 .vk_diy_col_3 li,  .ie8 .vk_diy_col_3 li { margin: 0px 30px 45px 0px; }
.vk_diy_col_3  li:nth-child(3n) { margin-right:0 ; clear:right;}


.vk_diy_col_3 li img { -webkit-transition: All 0.2s ease-in-out;-moz-transition: All 0.2s ease-in-out;-o-transition: All 0.2s ease-in-out;transition: All 0.2s ease-in-out; box-shadow: 0px 1px 2px 0px rgba(0, 0, 0, 0.1);}
.vk_diy_col_3 li:hover { -webkit-transform: translateY(-5px);  -moz-transform: translateY(-5px); transform: translateY(-5px);}
.vk_diy_col_3 li:hover img { -webkit-box-shadow: 0px 15px 25px -2px rgba(0, 0, 0, 0.2); -moz-box-shadow: 0px 15px 25px -2px rgba(0, 0, 0, 0.2); box-shadow: 0px 15px 25px -2px rgba(0, 0, 0, 0.2);  }
</style>

<div class="vk_diy_col_3">
    <ul>
    [loop]
        <li style="width: {picwidth}px;">
            <a href="{url}"{target}><img src="{pic}" width="{picwidth}" height="{picheight}" alt="{title}" /></a>
            <p><a href="{url}" title="{title}"{target} >{title}</a></p>
        </li>
    [/loop]
    </ul>
</div>

]]></item>
					<item id="footer"><![CDATA[]]></item>
					<item id="header"><![CDATA[]]></item>
					<item id="indexplus">
					</item>
					<item id="index">
					</item>
					<item id="orderplus">
					</item>
					<item id="order">
					</item>
					<item id="loopplus">
					</item>
					<item id="loop"><![CDATA[<li style="width: {picwidth}px;">
            <a href="{url}"{target}><img src="{pic}" width="{picwidth}" height="{picheight}" alt="{title}" /></a>
            <p><a href="{url}" title="{title}"{target} >{title}</a></p>
        </li>]]></item>
				</item>
				<item id="hash"><![CDATA[155ba2f7]]></item>
				<item id="getpic"><![CDATA[1]]></item>
				<item id="getsummary"><![CDATA[0]]></item>
				<item id="makethumb"><![CDATA[1]]></item>
				<item id="settarget"><![CDATA[1]]></item>
				<item id="fields">
					<item id="0"><![CDATA[url]]></item>
					<item id="1"><![CDATA[pic]]></item>
					<item id="2"><![CDATA[title]]></item>
				</item>
				<item id="moreurl"><![CDATA[0]]></item>
			</item>
		</item>
	</item>
</root>