<?xml version="1.0" encoding="ISO-8859-1"?>
<root>
	<item id="spacecss"><![CDATA[]]></item>
	<item id="layoutdata">
		<item id="diy_chart"><![CDATA[]]></item>
		<item id="nex_quotation_inner">
			<item id="frame`framehwmf46">
				<item id="attr">
					<item id="name"><![CDATA[framehwmf46]]></item>
					<item id="moveable"><![CDATA[true]]></item>
					<item id="className"><![CDATA[frame move-span cl frame-1]]></item>
					<item id="titles"><![CDATA[]]></item>
				</item>
				<item id="column`framehwmf46_left">
					<item id="attr">
						<item id="name"><![CDATA[framehwmf46_left]]></item>
						<item id="className"><![CDATA[column frame-1-c]]></item>
					</item>
					<item id="block`portal_block_243">
						<item id="attr">
							<item id="name"><![CDATA[portal_block_243]]></item>
							<item id="className"><![CDATA[block move-span]]></item>
							<item id="titles"><![CDATA[]]></item>
						</item>
					</item>
				</item>
			</item>
		</item>
		<item id="nex_discuz_slider">
			<item id="frame`frameJy8GOd">
				<item id="attr">
					<item id="name"><![CDATA[frameJy8GOd]]></item>
					<item id="moveable"><![CDATA[true]]></item>
					<item id="className"><![CDATA[frame move-span cl frame-1]]></item>
					<item id="titles"><![CDATA[]]></item>
				</item>
				<item id="column`frameJy8GOd_left">
					<item id="attr">
						<item id="name"><![CDATA[frameJy8GOd_left]]></item>
						<item id="className"><![CDATA[column frame-1-c]]></item>
					</item>
					<item id="block`portal_block_217">
						<item id="attr">
							<item id="name"><![CDATA[portal_block_217]]></item>
							<item id="className"><![CDATA[block move-span]]></item>
							<item id="titles"><![CDATA[]]></item>
						</item>
					</item>
				</item>
			</item>
		</item>
		<item id="nex_discuz_jxthreads">
			<item id="frame`frame9WN4dU">
				<item id="attr">
					<item id="name"><![CDATA[frame9WN4dU]]></item>
					<item id="moveable"><![CDATA[true]]></item>
					<item id="className"><![CDATA[frame move-span cl frame-1]]></item>
					<item id="titles"><![CDATA[]]></item>
				</item>
				<item id="column`frame9WN4dU_left">
					<item id="attr">
						<item id="name"><![CDATA[frame9WN4dU_left]]></item>
						<item id="className"><![CDATA[column frame-1-c]]></item>
					</item>
					<item id="block`portal_block_242">
						<item id="attr">
							<item id="name"><![CDATA[portal_block_242]]></item>
							<item id="className"><![CDATA[block move-span]]></item>
							<item id="titles"><![CDATA[]]></item>
						</item>
					</item>
				</item>
			</item>
		</item>
		<item id="nex_discuz_active">
			<item id="frame`frame5Md6b7">
				<item id="attr">
					<item id="name"><![CDATA[frame5Md6b7]]></item>
					<item id="moveable"><![CDATA[true]]></item>
					<item id="className"><![CDATA[frame move-span cl frame-1]]></item>
					<item id="titles"><![CDATA[]]></item>
				</item>
				<item id="column`frame5Md6b7_left">
					<item id="attr">
						<item id="name"><![CDATA[frame5Md6b7_left]]></item>
						<item id="className"><![CDATA[column frame-1-c]]></item>
					</item>
					<item id="block`portal_block_241">
						<item id="attr">
							<item id="name"><![CDATA[portal_block_241]]></item>
							<item id="className"><![CDATA[block move-span]]></item>
							<item id="titles"><![CDATA[]]></item>
						</item>
					</item>
				</item>
			</item>
		</item>
		<item id="nex_discuz_recoms_read_btm">
			<item id="frame`framelBm86g">
				<item id="attr">
					<item id="name"><![CDATA[framelBm86g]]></item>
					<item id="moveable"><![CDATA[true]]></item>
					<item id="className"><![CDATA[frame move-span cl frame-1]]></item>
					<item id="titles"><![CDATA[]]></item>
				</item>
				<item id="column`framelBm86g_left">
					<item id="attr">
						<item id="name"><![CDATA[framelBm86g_left]]></item>
						<item id="className"><![CDATA[column frame-1-c]]></item>
					</item>
					<item id="block`portal_block_240">
						<item id="attr">
							<item id="name"><![CDATA[portal_block_240]]></item>
							<item id="className"><![CDATA[block move-span]]></item>
							<item id="titles"><![CDATA[]]></item>
						</item>
					</item>
				</item>
			</item>
		</item>
		<item id="diy3"><![CDATA[]]></item>
		<item id="nex_entrance_list">
			<item id="frame`frame91C7P3">
				<item id="attr">
					<item id="name"><![CDATA[frame91C7P3]]></item>
					<item id="moveable"><![CDATA[true]]></item>
					<item id="className"><![CDATA[frame move-span cl frame-1]]></item>
					<item id="titles"><![CDATA[]]></item>
				</item>
				<item id="column`frame91C7P3_left">
					<item id="attr">
						<item id="name"><![CDATA[frame91C7P3_left]]></item>
						<item id="className"><![CDATA[column frame-1-c]]></item>
					</item>
					<item id="block`portal_block_239">
						<item id="attr">
							<item id="name"><![CDATA[portal_block_239]]></item>
							<item id="className"><![CDATA[block move-span]]></item>
							<item id="titles"><![CDATA[]]></item>
						</item>
					</item>
				</item>
			</item>
		</item>
		<item id="nex_discuz_member_list">
			<item id="frame`frame6z4w7H">
				<item id="attr">
					<item id="name"><![CDATA[frame6z4w7H]]></item>
					<item id="moveable"><![CDATA[true]]></item>
					<item id="className"><![CDATA[frame move-span cl frame-1]]></item>
					<item id="titles"><![CDATA[]]></item>
				</item>
				<item id="column`frame6z4w7H_left">
					<item id="attr">
						<item id="name"><![CDATA[frame6z4w7H_left]]></item>
						<item id="className"><![CDATA[column frame-1-c]]></item>
					</item>
					<item id="block`portal_block_238">
						<item id="attr">
							<item id="name"><![CDATA[portal_block_238]]></item>
							<item id="className"><![CDATA[block move-span]]></item>
							<item id="titles"><![CDATA[]]></item>
						</item>
					</item>
				</item>
			</item>
		</item>
		<item id="nex_diguest_list">
			<item id="frame`framevwivvT">
				<item id="attr">
					<item id="name"><![CDATA[framevwivvT]]></item>
					<item id="moveable"><![CDATA[true]]></item>
					<item id="className"><![CDATA[frame move-span cl frame-1]]></item>
					<item id="titles"><![CDATA[]]></item>
				</item>
				<item id="column`framevwivvT_left">
					<item id="attr">
						<item id="name"><![CDATA[framevwivvT_left]]></item>
						<item id="className"><![CDATA[column frame-1-c]]></item>
					</item>
					<item id="block`portal_block_237">
						<item id="attr">
							<item id="name"><![CDATA[portal_block_237]]></item>
							<item id="className"><![CDATA[block move-span]]></item>
							<item id="titles"><![CDATA[]]></item>
						</item>
					</item>
				</item>
			</item>
		</item>
		<item id="nex_discuz_focus_top">
			<item id="frame`frameCUSJ3m">
				<item id="attr">
					<item id="name"><![CDATA[frameCUSJ3m]]></item>
					<item id="moveable"><![CDATA[true]]></item>
					<item id="className"><![CDATA[frame move-span cl frame-1]]></item>
					<item id="titles"><![CDATA[]]></item>
				</item>
				<item id="column`frameCUSJ3m_left">
					<item id="attr">
						<item id="name"><![CDATA[frameCUSJ3m_left]]></item>
						<item id="className"><![CDATA[column frame-1-c]]></item>
					</item>
					<item id="block`portal_block_236">
						<item id="attr">
							<item id="name"><![CDATA[portal_block_236]]></item>
							<item id="className"><![CDATA[block move-span]]></item>
							<item id="titles"><![CDATA[]]></item>
						</item>
					</item>
				</item>
			</item>
		</item>
		<item id="diy1"><![CDATA[]]></item>
	</item>
	<item id="blockdata">
		<item id="block">
			<item id="217">
				<item id="bid"><![CDATA[217]]></item>
				<item id="blockclass"><![CDATA[forum_thread]]></item>
				<item id="blocktype"><![CDATA[0]]></item>
				<item id="name"><![CDATA[论坛首页最新素材]]></item>
				<item id="title"><![CDATA[]]></item>
				<item id="classname"><![CDATA[]]></item>
				<item id="summary"><![CDATA[]]></item>
				<item id="uid"><![CDATA[1]]></item>
				<item id="username"><![CDATA[admin]]></item>
				<item id="styleid"><![CDATA[0]]></item>
				<item id="blockstyle">
					<item id="name"><![CDATA[]]></item>
					<item id="blockclass"><![CDATA[forum_thread]]></item>
					<item id="makethumb"><![CDATA[0]]></item>
					<item id="getpic"><![CDATA[1]]></item>
					<item id="getsummary"><![CDATA[0]]></item>
					<item id="settarget"><![CDATA[1]]></item>
					<item id="moreurl"><![CDATA[0]]></item>
					<item id="fields">
						<item id="0"><![CDATA[url]]></item>
						<item id="1"><![CDATA[pic]]></item>
						<item id="2"><![CDATA[title]]></item>
					</item>
					<item id="template">
						<item id="raw"><![CDATA[<ul class="pic">
[loop]

                                <li>
                                    <div class="nex_dz_slider_img">
                                        <a href="{url}" target="_blank" style="background:url({pic}) center no-repeat; background-size:cover;"></a>
                                    </div>
                                    <div class="nex_dz_slider_txt">
                                        <h5><a href="{url}"{target}>{title}</a></h5>
                                    </div>
                                </li>
[/loop]
                            </ul>]]></item>
						<item id="footer"><![CDATA[]]></item>
						<item id="header"><![CDATA[]]></item>
						<item id="indexplus"><![CDATA[
						]]></item>
						<item id="index"><![CDATA[
						]]></item>
						<item id="orderplus"><![CDATA[
						]]></item>
						<item id="order"><![CDATA[
						]]></item>
						<item id="loopplus"><![CDATA[
						]]></item>
						<item id="loop"><![CDATA[<li>
                                    <div class="nex_dz_slider_img">
                                        <a href="{url}" target="_blank" style="background:url({pic}) center no-repeat; background-size:cover;"></a>
                                    </div>
                                    <div class="nex_dz_slider_txt">
                                        <h5><a href="{url}"{target}>{title}</a></h5>
                                    </div>
                                </li>]]></item>
					</item>
					<item id="hash"><![CDATA[d9d422f6]]></item>
				</item>
				<item id="picwidth"><![CDATA[0]]></item>
				<item id="picheight"><![CDATA[0]]></item>
				<item id="target"><![CDATA[blank]]></item>
				<item id="dateformat"><![CDATA[Y-m-d]]></item>
				<item id="dateuformat"><![CDATA[0]]></item>
				<item id="script"><![CDATA[thread]]></item>
				<item id="param">
					<item id="tids"><![CDATA[]]></item>
					<item id="uids"><![CDATA[]]></item>
					<item id="keyword"><![CDATA[]]></item>
					<item id="tagkeyword"><![CDATA[]]></item>
					<item id="typeids"><![CDATA[]]></item>
					<item id="reply"><![CDATA[0]]></item>
					<item id="recommend"><![CDATA[0]]></item>
					<item id="special">
						<item id="0"><![CDATA[0]]></item>
					</item>
					<item id="viewmod"><![CDATA[0]]></item>
					<item id="rewardstatus"><![CDATA[0]]></item>
					<item id="picrequired"><![CDATA[1]]></item>
					<item id="orderby"><![CDATA[lastpost]]></item>
					<item id="postdateline"><![CDATA[0]]></item>
					<item id="lastpost"><![CDATA[0]]></item>
					<item id="highlight"><![CDATA[0]]></item>
					<item id="titlelength"><![CDATA[55]]></item>
					<item id="summarylength"><![CDATA[80]]></item>
					<item id="startrow"><![CDATA[0]]></item>
					<item id="items"><![CDATA[5]]></item>
				</item>
				<item id="shownum"><![CDATA[5]]></item>
				<item id="cachetime"><![CDATA[3600]]></item>
				<item id="cachetimerange"><![CDATA[]]></item>
				<item id="punctualupdate"><![CDATA[0]]></item>
				<item id="hidedisplay"><![CDATA[0]]></item>
				<item id="dateline"><![CDATA[1589182306]]></item>
				<item id="notinherited"><![CDATA[0]]></item>
				<item id="isblank"><![CDATA[0]]></item>
			</item>
			<item id="236">
				<item id="bid"><![CDATA[236]]></item>
				<item id="blockclass"><![CDATA[html_html]]></item>
				<item id="blocktype"><![CDATA[0]]></item>
				<item id="name"><![CDATA[论坛首页关注]]></item>
				<item id="title"><![CDATA[]]></item>
				<item id="classname"><![CDATA[]]></item>
				<item id="summary"><![CDATA[<div class="nex_discuz_focus_top">
                        	<ul>
                            	<li>
                                	<img src="template/nex_finance_200300/neoconex/discuz/mobile_qcode.png" />
                                    <p>扫码访问手机版</p>
                                </li>
                                <li>
                                	<img src="template/nex_finance_200300/neoconex/discuz/wx_qcode.png" />
                                    <p>官方微信公众号</p>
                                </li>
                                <div class="clear"></div>
                            </ul>
                        </div>
                        <div class="nex_discuz_focus_btm">
                        	<div class="nex_discuz_focus_logo"><img src="template/nex_finance_200300/neoconex/discuz/nex_small_logo.jpg" /></div>
                            <div class="nex_discuz_focus_txt">
                            	<h5>星点互联财经资讯</h5>
                                <p>专注于区块链领域行业交流</p>
                            </div>
                            <div class="clear"></div>
                        </div>]]></item>
				<item id="uid"><![CDATA[1]]></item>
				<item id="username"><![CDATA[admin]]></item>
				<item id="styleid"><![CDATA[0]]></item>
				<item id="blockstyle"><![CDATA[]]></item>
				<item id="picwidth"><![CDATA[0]]></item>
				<item id="picheight"><![CDATA[0]]></item>
				<item id="target"><![CDATA[blank]]></item>
				<item id="dateformat"><![CDATA[Y-m-d]]></item>
				<item id="dateuformat"><![CDATA[0]]></item>
				<item id="script"><![CDATA[blank]]></item>
				<item id="param">
					<item id="content"><![CDATA[<div class=\"nex_discuz_focus_top\">
                        	<ul>
                            	<li>
                                	<img src=\"template/nex_finance_200300/neoconex/discuz/mobile_qcode.png\" />
                                    <p>扫码访问手机版</p>
                                </li>
                                <li>
                                	<img src=\"template/nex_finance_200300/neoconex/discuz/wx_qcode.png\" />
                                    <p>官方微信公众号</p>
                                </li>
                                <div class=\"clear\"></div>
                            </ul>
                        </div>
                        <div class=\"nex_discuz_focus_btm\">
                        	<div class=\"nex_discuz_focus_logo\"><img src=\"template/nex_finance_200300/neoconex/discuz/nex_small_logo.jpg\" /></div>
                            <div class=\"nex_discuz_focus_txt\">
                            	<h5>星点互联财经资讯</h5>
                                <p>专注于区块链领域行业交流</p>
                            </div>
                            <div class=\"clear\"></div>
                        </div>]]></item>
					<item id="items"><![CDATA[10]]></item>
				</item>
				<item id="shownum"><![CDATA[10]]></item>
				<item id="cachetime"><![CDATA[3600]]></item>
				<item id="cachetimerange"><![CDATA[]]></item>
				<item id="punctualupdate"><![CDATA[0]]></item>
				<item id="hidedisplay"><![CDATA[0]]></item>
				<item id="dateline"><![CDATA[1589182307]]></item>
				<item id="notinherited"><![CDATA[0]]></item>
				<item id="isblank"><![CDATA[0]]></item>
			</item>
			<item id="237">
				<item id="bid"><![CDATA[237]]></item>
				<item id="blockclass"><![CDATA[forum_thread]]></item>
				<item id="blocktype"><![CDATA[0]]></item>
				<item id="name"><![CDATA[论坛首页精华帖]]></item>
				<item id="title"><![CDATA[]]></item>
				<item id="classname"><![CDATA[]]></item>
				<item id="summary"><![CDATA[]]></item>
				<item id="uid"><![CDATA[1]]></item>
				<item id="username"><![CDATA[admin]]></item>
				<item id="styleid"><![CDATA[0]]></item>
				<item id="blockstyle">
					<item id="name"><![CDATA[]]></item>
					<item id="blockclass"><![CDATA[forum_thread]]></item>
					<item id="makethumb"><![CDATA[0]]></item>
					<item id="getpic"><![CDATA[1]]></item>
					<item id="getsummary"><![CDATA[0]]></item>
					<item id="settarget"><![CDATA[0]]></item>
					<item id="moreurl"><![CDATA[0]]></item>
					<item id="fields">
						<item id="0"><![CDATA[url]]></item>
						<item id="1"><![CDATA[pic]]></item>
						<item id="2"><![CDATA[title]]></item>
						<item id="3"><![CDATA[forumname]]></item>
						<item id="4"><![CDATA[dateline]]></item>
					</item>
					<item id="template">
						<item id="raw"><![CDATA[[loop]
                        <li>
                            <div class="nex_discuz_diguest_img">
                                <a href="{url}" target="_blank" style="background:url({pic}) center no-repeat; background-size:cover;"></a>
                            </div>
                            <div class="nex_discuz_diguest_info">
                                <h5><a href="{url}" target="_blank">{title}</a></h5>
                                <p>{forumname}<em>|</em>{dateline}</p>
                            </div>
                            <div class="clear"></div>
                        </li>
                        [/loop]]]></item>
						<item id="footer"><![CDATA[]]></item>
						<item id="header"><![CDATA[]]></item>
						<item id="indexplus">
						</item>
						<item id="index">
						</item>
						<item id="orderplus">
						</item>
						<item id="order">
						</item>
						<item id="loopplus">
						</item>
						<item id="loop"><![CDATA[<li>
                            <div class="nex_discuz_diguest_img">
                                <a href="{url}" target="_blank" style="background:url({pic}) center no-repeat; background-size:cover;"></a>
                            </div>
                            <div class="nex_discuz_diguest_info">
                                <h5><a href="{url}" target="_blank">{title}</a></h5>
                                <p>{forumname}<em>|</em>{dateline}</p>
                            </div>
                            <div class="clear"></div>
                        </li>]]></item>
					</item>
					<item id="hash"><![CDATA[15e41f50]]></item>
				</item>
				<item id="picwidth"><![CDATA[0]]></item>
				<item id="picheight"><![CDATA[0]]></item>
				<item id="target"><![CDATA[blank]]></item>
				<item id="dateformat"><![CDATA[Y-m-d]]></item>
				<item id="dateuformat"><![CDATA[0]]></item>
				<item id="script"><![CDATA[thread]]></item>
				<item id="param">
					<item id="tids"><![CDATA[]]></item>
					<item id="uids"><![CDATA[]]></item>
					<item id="keyword"><![CDATA[]]></item>
					<item id="tagkeyword"><![CDATA[]]></item>
					<item id="typeids"><![CDATA[]]></item>
					<item id="reply"><![CDATA[0]]></item>
					<item id="digest">
						<item id="0"><![CDATA[1]]></item>
						<item id="1"><![CDATA[2]]></item>
						<item id="2"><![CDATA[3]]></item>
					</item>
					<item id="recommend"><![CDATA[0]]></item>
					<item id="viewmod"><![CDATA[0]]></item>
					<item id="rewardstatus"><![CDATA[0]]></item>
					<item id="picrequired"><![CDATA[0]]></item>
					<item id="orderby"><![CDATA[views]]></item>
					<item id="postdateline"><![CDATA[0]]></item>
					<item id="lastpost"><![CDATA[0]]></item>
					<item id="highlight"><![CDATA[0]]></item>
					<item id="titlelength"><![CDATA[40]]></item>
					<item id="summarylength"><![CDATA[80]]></item>
					<item id="startrow"><![CDATA[0]]></item>
					<item id="items"><![CDATA[5]]></item>
				</item>
				<item id="shownum"><![CDATA[5]]></item>
				<item id="cachetime"><![CDATA[3600]]></item>
				<item id="cachetimerange"><![CDATA[]]></item>
				<item id="punctualupdate"><![CDATA[0]]></item>
				<item id="hidedisplay"><![CDATA[0]]></item>
				<item id="dateline"><![CDATA[1588652998]]></item>
				<item id="notinherited"><![CDATA[0]]></item>
				<item id="isblank"><![CDATA[0]]></item>
			</item>
			<item id="238">
				<item id="bid"><![CDATA[238]]></item>
				<item id="blockclass"><![CDATA[member_member]]></item>
				<item id="blocktype"><![CDATA[0]]></item>
				<item id="name"><![CDATA[论坛首页活跃会员]]></item>
				<item id="title"><![CDATA[]]></item>
				<item id="classname"><![CDATA[]]></item>
				<item id="summary"><![CDATA[]]></item>
				<item id="uid"><![CDATA[1]]></item>
				<item id="username"><![CDATA[admin]]></item>
				<item id="styleid"><![CDATA[0]]></item>
				<item id="blockstyle">
					<item id="name"><![CDATA[]]></item>
					<item id="blockclass"><![CDATA[member_member]]></item>
					<item id="makethumb"><![CDATA[0]]></item>
					<item id="getpic"><![CDATA[0]]></item>
					<item id="getsummary"><![CDATA[0]]></item>
					<item id="settarget"><![CDATA[1]]></item>
					<item id="moreurl"><![CDATA[0]]></item>
					<item id="fields">
						<item id="0"><![CDATA[url]]></item>
						<item id="1"><![CDATA[avatar_big]]></item>
						<item id="2"><![CDATA[title]]></item>
						<item id="3"><![CDATA[threads]]></item>
						<item id="4"><![CDATA[bio]]></item>
					</item>
					<item id="template">
						<item id="raw"><![CDATA[[loop]
<li>
                                	<div class="nex_discuz_member_avator">
                                    	<a href="{url}" target="_blank"><img src="{avatar_big}" /></a>
                                    </div>
                                    <div class="nex_discuz_member_intel">
                                    	<div class="nex_discuz_member_intel_top">
                                        	<a href="{url}"{target}>{title}</a>
                                            <span>{threads}</span>
                                            <div class="clear"></div>
                                        </div>
                                        <div class="nex_discuz_member_intel_intro">{bio}</div>
                                    </div>
                                    <div class="clear"></div>
                                </li>
[/loop]]]></item>
						<item id="footer"><![CDATA[]]></item>
						<item id="header"><![CDATA[]]></item>
						<item id="indexplus">
						</item>
						<item id="index">
						</item>
						<item id="orderplus">
						</item>
						<item id="order">
						</item>
						<item id="loopplus">
						</item>
						<item id="loop"><![CDATA[<li>
                                	<div class="nex_discuz_member_avator">
                                    	<a href="{url}" target="_blank"><img src="{avatar_big}" /></a>
                                    </div>
                                    <div class="nex_discuz_member_intel">
                                    	<div class="nex_discuz_member_intel_top">
                                        	<a href="{url}"{target}>{title}</a>
                                            <span>{threads}</span>
                                            <div class="clear"></div>
                                        </div>
                                        <div class="nex_discuz_member_intel_intro">{bio}</div>
                                    </div>
                                    <div class="clear"></div>
                                </li>]]></item>
					</item>
					<item id="hash"><![CDATA[d9d4068f]]></item>
				</item>
				<item id="picwidth"><![CDATA[0]]></item>
				<item id="picheight"><![CDATA[0]]></item>
				<item id="target"><![CDATA[blank]]></item>
				<item id="dateformat"><![CDATA[Y-m-d]]></item>
				<item id="dateuformat"><![CDATA[0]]></item>
				<item id="script"><![CDATA[member]]></item>
				<item id="param">
					<item id="uids"><![CDATA[]]></item>
					<item id="special"><![CDATA[]]></item>
					<item id="gender"><![CDATA[]]></item>
					<item id="xbirthprovince"><![CDATA[]]></item>
					<item id="xresideprovince"><![CDATA[]]></item>
					<item id="avatarstatus"><![CDATA[0]]></item>
					<item id="orderby"><![CDATA[credits]]></item>
					<item id="extcredit"><![CDATA[1]]></item>
					<item id="lastpost"><![CDATA[]]></item>
					<item id="startrow"><![CDATA[0]]></item>
					<item id="items"><![CDATA[5]]></item>
				</item>
				<item id="shownum"><![CDATA[5]]></item>
				<item id="cachetime"><![CDATA[3600]]></item>
				<item id="cachetimerange"><![CDATA[]]></item>
				<item id="punctualupdate"><![CDATA[0]]></item>
				<item id="hidedisplay"><![CDATA[0]]></item>
				<item id="dateline"><![CDATA[1588653494]]></item>
				<item id="notinherited"><![CDATA[0]]></item>
				<item id="isblank"><![CDATA[0]]></item>
			</item>
			<item id="239">
				<item id="bid"><![CDATA[239]]></item>
				<item id="blockclass"><![CDATA[forum_thread]]></item>
				<item id="blocktype"><![CDATA[0]]></item>
				<item id="name"><![CDATA[论坛首页新手入门]]></item>
				<item id="title"><![CDATA[]]></item>
				<item id="classname"><![CDATA[]]></item>
				<item id="summary"><![CDATA[]]></item>
				<item id="uid"><![CDATA[1]]></item>
				<item id="username"><![CDATA[admin]]></item>
				<item id="styleid"><![CDATA[0]]></item>
				<item id="blockstyle">
					<item id="name"><![CDATA[]]></item>
					<item id="blockclass"><![CDATA[forum_thread]]></item>
					<item id="makethumb"><![CDATA[0]]></item>
					<item id="getpic"><![CDATA[0]]></item>
					<item id="getsummary"><![CDATA[0]]></item>
					<item id="settarget"><![CDATA[0]]></item>
					<item id="moreurl"><![CDATA[0]]></item>
					<item id="fields">
						<item id="0"><![CDATA[url]]></item>
						<item id="1"><![CDATA[title]]></item>
						<item id="2"><![CDATA[currentorder]]></item>
					</item>
					<item id="template">
						<item id="raw"><![CDATA[[loop]
                                [order=1]
                            	<li>
                                	<em class="nex_el_num1">1</em>
                                    <a href="{url}" target="_blank">{title}</a>
                                    <div class="clear"></div>
                                </li>
                                [/order]
                                [order=2]
                            	<li>
                                	<em class="nex_el_num2">2</em>
                                    <a href="{url}" target="_blank">{title}</a>
                                    <div class="clear"></div>
                                </li>
                                [/order]
                                [order=3]
                            	<li>
                                	<em class="nex_el_num3">3</em>
                                    <a href="{url}" target="_blank">{title}</a>
                                    <div class="clear"></div>
                                </li>
                                [/order]
                                <li>
                                	<em>{currentorder}</em>
                                    <a href="{url}" target="_blank">{title}</a>
                                    <div class="clear"></div>
                                </li>
                                [/loop]]]></item>
						<item id="footer"><![CDATA[]]></item>
						<item id="header"><![CDATA[]]></item>
						<item id="indexplus">
						</item>
						<item id="index">
						</item>
						<item id="orderplus">
						</item>
						<item id="order">
							<item id="1"><![CDATA[<li>
                                	<em class="nex_el_num1">1</em>
                                    <a href="{url}" target="_blank">{title}</a>
                                    <div class="clear"></div>
                                </li>]]></item>
							<item id="2"><![CDATA[<li>
                                	<em class="nex_el_num2">2</em>
                                    <a href="{url}" target="_blank">{title}</a>
                                    <div class="clear"></div>
                                </li>]]></item>
							<item id="3"><![CDATA[<li>
                                	<em class="nex_el_num3">3</em>
                                    <a href="{url}" target="_blank">{title}</a>
                                    <div class="clear"></div>
                                </li>]]></item>
						</item>
						<item id="loopplus">
						</item>
						<item id="loop"><![CDATA[[order=1]
                            	<li>
                                	<em class="nex_el_num1">1</em>
                                    <a href="{url}" target="_blank">{title}</a>
                                    <div class="clear"></div>
                                </li>
                                [/order]
                                [order=2]
                            	<li>
                                	<em class="nex_el_num2">2</em>
                                    <a href="{url}" target="_blank">{title}</a>
                                    <div class="clear"></div>
                                </li>
                                [/order]
                                [order=3]
                            	<li>
                                	<em class="nex_el_num3">3</em>
                                    <a href="{url}" target="_blank">{title}</a>
                                    <div class="clear"></div>
                                </li>
                                [/order]
                                <li>
                                	<em>{currentorder}</em>
                                    <a href="{url}" target="_blank">{title}</a>
                                    <div class="clear"></div>
                                </li>]]></item>
					</item>
					<item id="hash"><![CDATA[cd56226e]]></item>
				</item>
				<item id="picwidth"><![CDATA[0]]></item>
				<item id="picheight"><![CDATA[0]]></item>
				<item id="target"><![CDATA[blank]]></item>
				<item id="dateformat"><![CDATA[Y-m-d]]></item>
				<item id="dateuformat"><![CDATA[0]]></item>
				<item id="script"><![CDATA[thread]]></item>
				<item id="param">
					<item id="tids"><![CDATA[]]></item>
					<item id="uids"><![CDATA[]]></item>
					<item id="keyword"><![CDATA[]]></item>
					<item id="tagkeyword"><![CDATA[]]></item>
					<item id="typeids"><![CDATA[]]></item>
					<item id="reply"><![CDATA[0]]></item>
					<item id="recommend"><![CDATA[0]]></item>
					<item id="viewmod"><![CDATA[0]]></item>
					<item id="rewardstatus"><![CDATA[0]]></item>
					<item id="picrequired"><![CDATA[0]]></item>
					<item id="orderby"><![CDATA[lastpost]]></item>
					<item id="postdateline"><![CDATA[0]]></item>
					<item id="lastpost"><![CDATA[0]]></item>
					<item id="highlight"><![CDATA[0]]></item>
					<item id="titlelength"><![CDATA[40]]></item>
					<item id="summarylength"><![CDATA[80]]></item>
					<item id="startrow"><![CDATA[0]]></item>
					<item id="items"><![CDATA[5]]></item>
				</item>
				<item id="shownum"><![CDATA[5]]></item>
				<item id="cachetime"><![CDATA[3600]]></item>
				<item id="cachetimerange"><![CDATA[]]></item>
				<item id="punctualupdate"><![CDATA[0]]></item>
				<item id="hidedisplay"><![CDATA[0]]></item>
				<item id="dateline"><![CDATA[1588757886]]></item>
				<item id="notinherited"><![CDATA[0]]></item>
				<item id="isblank"><![CDATA[0]]></item>
			</item>
			<item id="240">
				<item id="bid"><![CDATA[240]]></item>
				<item id="blockclass"><![CDATA[forum_thread]]></item>
				<item id="blocktype"><![CDATA[0]]></item>
				<item id="name"><![CDATA[论坛首页推荐阅读]]></item>
				<item id="title"><![CDATA[]]></item>
				<item id="classname"><![CDATA[]]></item>
				<item id="summary"><![CDATA[]]></item>
				<item id="uid"><![CDATA[1]]></item>
				<item id="username"><![CDATA[admin]]></item>
				<item id="styleid"><![CDATA[0]]></item>
				<item id="blockstyle">
					<item id="name"><![CDATA[]]></item>
					<item id="blockclass"><![CDATA[forum_thread]]></item>
					<item id="makethumb"><![CDATA[0]]></item>
					<item id="getpic"><![CDATA[0]]></item>
					<item id="getsummary"><![CDATA[0]]></item>
					<item id="settarget"><![CDATA[1]]></item>
					<item id="moreurl"><![CDATA[0]]></item>
					<item id="fields">
						<item id="0"><![CDATA[forumurl]]></item>
						<item id="1"><![CDATA[forumname]]></item>
						<item id="2"><![CDATA[url]]></item>
						<item id="3"><![CDATA[title]]></item>
						<item id="4"><![CDATA[author]]></item>
						<item id="5"><![CDATA[dateline]]></item>
					</item>
					<item id="template">
						<item id="raw"><![CDATA[<ul>   
[loop]
<li>
                                	<em><a href="{forumurl}" target="_blank">[{forumname}]</a></em>
                                    <span><a href="{url}"{target}>{title}</a></span>
                                    <i>{author}<b>|</b>{dateline}</i>
                                    <div class="clear"></div>
                                </li>
[/loop]
</ul>]]></item>
						<item id="footer"><![CDATA[]]></item>
						<item id="header"><![CDATA[]]></item>
						<item id="indexplus">
						</item>
						<item id="index">
						</item>
						<item id="orderplus">
						</item>
						<item id="order">
						</item>
						<item id="loopplus">
						</item>
						<item id="loop"><![CDATA[<li>
                                	<em><a href="{forumurl}" target="_blank">[{forumname}]</a></em>
                                    <span><a href="{url}"{target}>{title}</a></span>
                                    <i>{author}<b>|</b>{dateline}</i>
                                    <div class="clear"></div>
                                </li>]]></item>
					</item>
					<item id="hash"><![CDATA[d31613f8]]></item>
				</item>
				<item id="picwidth"><![CDATA[0]]></item>
				<item id="picheight"><![CDATA[0]]></item>
				<item id="target"><![CDATA[blank]]></item>
				<item id="dateformat"><![CDATA[Y-m-d]]></item>
				<item id="dateuformat"><![CDATA[0]]></item>
				<item id="script"><![CDATA[thread]]></item>
				<item id="param">
					<item id="tids"><![CDATA[]]></item>
					<item id="uids"><![CDATA[]]></item>
					<item id="keyword"><![CDATA[]]></item>
					<item id="tagkeyword"><![CDATA[]]></item>
					<item id="typeids"><![CDATA[]]></item>
					<item id="reply"><![CDATA[0]]></item>
					<item id="recommend"><![CDATA[0]]></item>
					<item id="viewmod"><![CDATA[0]]></item>
					<item id="rewardstatus"><![CDATA[0]]></item>
					<item id="picrequired"><![CDATA[0]]></item>
					<item id="orderby"><![CDATA[lastpost]]></item>
					<item id="postdateline"><![CDATA[0]]></item>
					<item id="lastpost"><![CDATA[0]]></item>
					<item id="highlight"><![CDATA[0]]></item>
					<item id="titlelength"><![CDATA[66]]></item>
					<item id="summarylength"><![CDATA[80]]></item>
					<item id="startrow"><![CDATA[0]]></item>
					<item id="items"><![CDATA[10]]></item>
				</item>
				<item id="shownum"><![CDATA[10]]></item>
				<item id="cachetime"><![CDATA[3600]]></item>
				<item id="cachetimerange"><![CDATA[]]></item>
				<item id="punctualupdate"><![CDATA[0]]></item>
				<item id="hidedisplay"><![CDATA[0]]></item>
				<item id="dateline"><![CDATA[1589164079]]></item>
				<item id="notinherited"><![CDATA[0]]></item>
				<item id="isblank"><![CDATA[0]]></item>
			</item>
			<item id="241">
				<item id="bid"><![CDATA[241]]></item>
				<item id="blockclass"><![CDATA[forum_activity]]></item>
				<item id="blocktype"><![CDATA[0]]></item>
				<item id="name"><![CDATA[论坛首页活动]]></item>
				<item id="title"><![CDATA[]]></item>
				<item id="classname"><![CDATA[]]></item>
				<item id="summary"><![CDATA[]]></item>
				<item id="uid"><![CDATA[1]]></item>
				<item id="username"><![CDATA[admin]]></item>
				<item id="styleid"><![CDATA[0]]></item>
				<item id="blockstyle">
					<item id="name"><![CDATA[]]></item>
					<item id="blockclass"><![CDATA[forum_activity]]></item>
					<item id="makethumb"><![CDATA[0]]></item>
					<item id="getpic"><![CDATA[1]]></item>
					<item id="getsummary"><![CDATA[0]]></item>
					<item id="settarget"><![CDATA[1]]></item>
					<item id="moreurl"><![CDATA[0]]></item>
					<item id="fields">
						<item id="0"><![CDATA[url]]></item>
						<item id="1"><![CDATA[pic]]></item>
						<item id="2"><![CDATA[class]]></item>
						<item id="3"><![CDATA[title]]></item>
						<item id="4"><![CDATA[time]]></item>
						<item id="5"><![CDATA[place]]></item>
					</item>
					<item id="template">
						<item id="raw"><![CDATA[[loop]
<div class="nex_discuz_active_img">
                    	<a href="{url}" target="_blank" style="background:url({pic}) center no-repeat; background-size:cover;">
                        	<i>{class}</i>
                            <span>查看活动</span>
                        </a>
                    </div>
                    <div class="nex_discuz_active_info">
                    	<h5><a href="{url}"{target}>{title}</a></h5>
                        <div class="nex_discuz_active_date">{time}</div>
                        <div class="nex_discuz_active_place">{place}</div>
                    </div>
[/loop]]]></item>
						<item id="footer"><![CDATA[]]></item>
						<item id="header"><![CDATA[]]></item>
						<item id="indexplus">
						</item>
						<item id="index">
						</item>
						<item id="orderplus">
						</item>
						<item id="order">
						</item>
						<item id="loopplus">
						</item>
						<item id="loop"><![CDATA[<div class="nex_discuz_active_img">
                    	<a href="{url}" target="_blank" style="background:url({pic}) center no-repeat; background-size:cover;">
                        	<i>{class}</i>
                            <span>查看活动</span>
                        </a>
                    </div>
                    <div class="nex_discuz_active_info">
                    	<h5><a href="{url}"{target}>{title}</a></h5>
                        <div class="nex_discuz_active_date">{time}</div>
                        <div class="nex_discuz_active_place">{place}</div>
                    </div>]]></item>
					</item>
					<item id="hash"><![CDATA[8d4f2d1a]]></item>
				</item>
				<item id="picwidth"><![CDATA[0]]></item>
				<item id="picheight"><![CDATA[0]]></item>
				<item id="target"><![CDATA[blank]]></item>
				<item id="dateformat"><![CDATA[Y-m-d]]></item>
				<item id="dateuformat"><![CDATA[0]]></item>
				<item id="script"><![CDATA[activity]]></item>
				<item id="param">
					<item id="tids"><![CDATA[]]></item>
					<item id="uids"><![CDATA[]]></item>
					<item id="keyword"><![CDATA[]]></item>
					<item id="viewmod"><![CDATA[0]]></item>
					<item id="recommend"><![CDATA[0]]></item>
					<item id="place"><![CDATA[]]></item>
					<item id="class"><![CDATA[]]></item>
					<item id="gender"><![CDATA[]]></item>
					<item id="orderby"><![CDATA[dateline]]></item>
					<item id="highlight"><![CDATA[0]]></item>
					<item id="titlelength"><![CDATA[56]]></item>
					<item id="summarylength"><![CDATA[80]]></item>
					<item id="startrow"><![CDATA[0]]></item>
					<item id="items"><![CDATA[1]]></item>
				</item>
				<item id="shownum"><![CDATA[1]]></item>
				<item id="cachetime"><![CDATA[3600]]></item>
				<item id="cachetimerange"><![CDATA[]]></item>
				<item id="punctualupdate"><![CDATA[0]]></item>
				<item id="hidedisplay"><![CDATA[0]]></item>
				<item id="dateline"><![CDATA[1589164778]]></item>
				<item id="notinherited"><![CDATA[0]]></item>
				<item id="isblank"><![CDATA[0]]></item>
			</item>
			<item id="242">
				<item id="bid"><![CDATA[242]]></item>
				<item id="blockclass"><![CDATA[forum_thread]]></item>
				<item id="blocktype"><![CDATA[0]]></item>
				<item id="name"><![CDATA[论坛首页图文]]></item>
				<item id="title"><![CDATA[]]></item>
				<item id="classname"><![CDATA[]]></item>
				<item id="summary"><![CDATA[]]></item>
				<item id="uid"><![CDATA[1]]></item>
				<item id="username"><![CDATA[admin]]></item>
				<item id="styleid"><![CDATA[0]]></item>
				<item id="blockstyle">
					<item id="name"><![CDATA[]]></item>
					<item id="blockclass"><![CDATA[forum_thread]]></item>
					<item id="makethumb"><![CDATA[0]]></item>
					<item id="getpic"><![CDATA[1]]></item>
					<item id="getsummary"><![CDATA[0]]></item>
					<item id="settarget"><![CDATA[0]]></item>
					<item id="moreurl"><![CDATA[0]]></item>
					<item id="fields">
						<item id="0"><![CDATA[url]]></item>
						<item id="1"><![CDATA[pic]]></item>
						<item id="2"><![CDATA[title]]></item>
					</item>
					<item id="template">
						<item id="raw"><![CDATA[[loop]
<li>
                        	<a href="{url}" target="_blank" style="background:url({pic}) center no-repeat; background-size:cover;">
                            	<h5>{title}</h5>
                            </a>
                        </li>
[/loop]]]></item>
						<item id="footer"><![CDATA[]]></item>
						<item id="header"><![CDATA[]]></item>
						<item id="indexplus">
						</item>
						<item id="index">
						</item>
						<item id="orderplus">
						</item>
						<item id="order">
						</item>
						<item id="loopplus">
						</item>
						<item id="loop"><![CDATA[<li>
                        	<a href="{url}" target="_blank" style="background:url({pic}) center no-repeat; background-size:cover;">
                            	<h5>{title}</h5>
                            </a>
                        </li>]]></item>
					</item>
					<item id="hash"><![CDATA[e05949e2]]></item>
				</item>
				<item id="picwidth"><![CDATA[0]]></item>
				<item id="picheight"><![CDATA[0]]></item>
				<item id="target"><![CDATA[blank]]></item>
				<item id="dateformat"><![CDATA[Y-m-d]]></item>
				<item id="dateuformat"><![CDATA[0]]></item>
				<item id="script"><![CDATA[thread]]></item>
				<item id="param">
					<item id="tids"><![CDATA[]]></item>
					<item id="uids"><![CDATA[]]></item>
					<item id="keyword"><![CDATA[]]></item>
					<item id="tagkeyword"><![CDATA[]]></item>
					<item id="typeids"><![CDATA[]]></item>
					<item id="reply"><![CDATA[0]]></item>
					<item id="digest">
						<item id="0"><![CDATA[1]]></item>
						<item id="1"><![CDATA[2]]></item>
						<item id="2"><![CDATA[3]]></item>
					</item>
					<item id="recommend"><![CDATA[0]]></item>
					<item id="viewmod"><![CDATA[0]]></item>
					<item id="rewardstatus"><![CDATA[0]]></item>
					<item id="picrequired"><![CDATA[1]]></item>
					<item id="orderby"><![CDATA[views]]></item>
					<item id="postdateline"><![CDATA[0]]></item>
					<item id="lastpost"><![CDATA[0]]></item>
					<item id="highlight"><![CDATA[0]]></item>
					<item id="titlelength"><![CDATA[55]]></item>
					<item id="summarylength"><![CDATA[80]]></item>
					<item id="startrow"><![CDATA[0]]></item>
					<item id="items"><![CDATA[2]]></item>
				</item>
				<item id="shownum"><![CDATA[2]]></item>
				<item id="cachetime"><![CDATA[3600]]></item>
				<item id="cachetimerange"><![CDATA[]]></item>
				<item id="punctualupdate"><![CDATA[0]]></item>
				<item id="hidedisplay"><![CDATA[0]]></item>
				<item id="dateline"><![CDATA[1589165951]]></item>
				<item id="notinherited"><![CDATA[0]]></item>
				<item id="isblank"><![CDATA[0]]></item>
			</item>
			<item id="243">
				<item id="bid"><![CDATA[243]]></item>
				<item id="blockclass"><![CDATA[html_html]]></item>
				<item id="blocktype"><![CDATA[0]]></item>
				<item id="name"><![CDATA[论坛首页行情]]></item>
				<item id="title"><![CDATA[]]></item>
				<item id="classname"><![CDATA[]]></item>
				<item id="summary"><![CDATA[<ul class="bd">
                        <li>
                            <div class="nex_coin_quotation_update">
                                <dl>
                                    <dd>
                                        <a href="http://t.cn/Aiux1Qh0" target="_blank">
                                            <div class="nex_coin_name_logo">
                                                <img src="./template/nex_finance_200300/neoconex/finance/coins/btc.png" alt=""> 
                                                <span>BTC</span>
                                            </div>
                                            <div class="nex_coin_money_num"><span>￥</span><em>64465.0</em></div>
                                            <div class="nex_coin_upsanddowns nex_coin_fall">-1.65%</div>
                                        </a>
                                    </dd>
                                    <dd>
                                        <a href="http://t.cn/Aiux1Qh0" target="_blank">
                                            <div class="nex_coin_name_logo">
                                                <img src="./template/nex_finance_200300/neoconex/finance/coins/eth.png" alt=""> 
                                                <span>ETH</span>
                                            </div>
                                            <div class="nex_coin_money_num"><span>￥</span><em>1276.28</em></div>
                                            <div class="nex_coin_upsanddowns nex_coin_fall">-1.15%</div>
                                        </a>
                                    </dd>
                                    <dd>
                                        <a href="http://t.cn/Aiux1Qh0" target="_blank">
                                            <div class="nex_coin_name_logo">
                                                <img src="./template/nex_finance_200300/neoconex/finance/coins/xrp.png" alt=""> 
                                                <span>XRP</span>
                                            </div>
                                            <div class="nex_coin_money_num"><span>￥</span><em>2.1</em></div>
                                            <div class="nex_coin_upsanddowns nex_coin_rise">+0.26%</div>
                                        </a>
                                    </dd>
                                    <dd>
                                        <a href="http://t.cn/Aiux1Qh0" target="_blank">
                                            <div class="nex_coin_name_logo">
                                                <img src="./template/nex_finance_200300/neoconex/finance/coins/bch.png" alt=""> 
                                                <span>BCH</span>
                                            </div>
                                            <div class="nex_coin_money_num"><span>￥</span><em>2070.93</em></div>
                                            <div class="nex_coin_upsanddowns nex_coin_rise">+1.53%</div>
                                        </a>
                                    </dd>
                                    <dd>
                                        <a href="http://t.cn/Aiux1Qh0" target="_blank">
                                            <div class="nex_coin_name_logo">
                                                <img src="./template/nex_finance_200300/neoconex/finance/coins/usdt.png" alt=""> 
                                                <span>USDT</span>
                                            </div>
                                            <div class="nex_coin_money_num"><span>￥</span><em>7.01</em></div>
                                            <div class="nex_coin_upsanddowns nex_coin_rise">+0.08%</div>
                                        </a>
                                    </dd>
                                    <dd>
                                        <a href="http://t.cn/Aiux1Qh0" target="_blank">
                                            <div class="nex_coin_name_logo">
                                                <img src="./template/nex_finance_200300/neoconex/finance/coins/eos.png" alt=""> 
                                                <span>EOS</span>
                                            </div>
                                            <div class="nex_coin_money_num"><span>￥</span><em>25.27</em></div>
                                            <div class="nex_coin_upsanddowns nex_coin_rise">+4.66%</div>
                                        </a>
                                    </dd>
                                    <dd>
                                        <a href="http://t.cn/Aiux1Qh0" target="_blank">
                                            <div class="nex_coin_name_logo">
                                                <img src="./template/nex_finance_200300/neoconex/finance/coins/bnb.png" alt=""> 
                                                <span>BNB</span>
                                            </div>
                                            <div class="nex_coin_money_num"><span>￥</span><em>144.49</em></div>
                                            <div class="nex_coin_upsanddowns nex_coin_fall">-0.76%</div>
                                        </a>
                                    </dd>
                                    <dd>
                                        <a href="http://t.cn/Aiux1Qh0" target="_blank">
                                            <div class="nex_coin_name_logo">
                                                <img src="./template/nex_finance_200300/neoconex/finance/coins/bsv.png" alt=""> 
                                                <span>BSV</span>
                                            </div>
                                            <div class="nex_coin_money_num"><span>￥</span><em>974.37</em></div>
                                            <div class="nex_coin_upsanddowns nex_coin_rise">+6.17%</div>
                                        </a>
                                    </dd>
                                    <dd>
                                        <a href="http://t.cn/Aiux1Qh0" target="_blank">
                                            <div class="nex_coin_name_logo">
                                                <img src="./template/nex_finance_200300/neoconex/finance/coins/ht.png" alt=""> 
                                                <span>HT</span>
                                            </div>
                                            <div class="nex_coin_money_num"><span>￥</span><em>27.27</em></div>
                                            <div class="nex_coin_upsanddowns nex_coin_fall">-0.58%</div>
                                        </a>
                                    </dd>
                                    <div class="clear"></div>
                                </dl>
                            </div>
                        </li>
                        <li>
                            <div class="nex_coin_quotation_update">
                                <dl>
                                    <dd>
                                        <a href="http://t.cn/Aiux1Qh0" target="_blank">
                                            <div class="nex_coin_name_logo">
                                                <img src="./template/nex_finance_200300/neoconex/finance/coins/xlm.png" alt=""> 
                                                <span>XLM</span>
                                            </div>
                                            <div class="nex_coin_money_num"><span>￥</span><em>0.563466</em></div>
                                            <div class="nex_coin_upsanddowns nex_coin_rise">+0.9%</div>
                                        </a>
                                    </dd>
                                    <dd>
                                        <a href="http://t.cn/Aiux1Qh0" target="_blank">
                                            <div class="nex_coin_name_logo">
                                                <img src="./template/nex_finance_200300/neoconex/finance/coins/ltc.png" alt=""> 
                                                <span>LTC</span>
                                            </div>
                                            <div class="nex_coin_money_num"><span>￥</span><em>441.39</em></div>
                                            <div class="nex_coin_upsanddowns nex_coin_rise">+1.08%</div>
                                        </a>
                                    </dd>
                                    <dd>
                                        <a href="http://t.cn/Aiux1Qh0" target="_blank">
                                            <div class="nex_coin_name_logo">
                                                <img src="./template/nex_finance_200300/neoconex/finance/coins/ada.png" alt=""> 
                                                <span>ADA</span>
                                            </div>
                                            <div class="nex_coin_money_num"><span>￥</span><em>0.307245</em></div>
                                            <div class="nex_coin_upsanddowns nex_coin_fall">-0.21%</div>
                                        </a>
                                    </dd>
                                    <dd>
                                        <a href="http://t.cn/Aiux1Qh0" target="_blank">
                                            <div class="nex_coin_name_logo">
                                                <img src="./template/nex_finance_200300/neoconex/finance/coins/trx.png" alt=""> 
                                                <span>TRX</span>
                                            </div>
                                            <div class="nex_coin_money_num"><span>￥</span><em>0.138304</em></div>
                                            <div class="nex_coin_upsanddowns nex_coin_fall">-0.9%</div>
                                        </a>
                                    </dd>
                                    <dd>
                                        <a href="http://t.cn/Aiux1Qh0" target="_blank">
                                            <div class="nex_coin_name_logo">
                                                <img src="./template/nex_finance_200300/neoconex/finance/coins/xmr.png" alt=""> 
                                                <span>XMR</span>
                                            </div>
                                            <div class="nex_coin_money_num"><span>￥</span><em>439.61</em></div>
                                            <div class="nex_coin_upsanddowns nex_coin_fall">+0.86%</div>
                                        </a>
                                    </dd>
                                    <dd>
                                        <a href="http://t.cn/Aiux1Qh0" target="_blank">
                                            <div class="nex_coin_name_logo">
                                                <img src="./template/nex_finance_200300/neoconex/finance/coins/leo.png" alt=""> 
                                                <span>LEO</span>
                                            </div>
                                            <div class="nex_coin_money_num"><span>￥</span><em>6.97</em></div>
                                            <div class="nex_coin_upsanddowns nex_coin_fall">-0.71%</div>
                                        </a>
                                    </dd>
                                    <dd>
                                        <a href="http://t.cn/Aiux1Qh0" target="_blank">
                                            <div class="nex_coin_name_logo">
                                                <img src="./template/nex_finance_200300/neoconex/finance/coins/okb.png" alt=""> 
                                                <span>OKB</span>
                                            </div>
                                            <div class="nex_coin_money_num"><span>￥</span><em>22.67</em></div>
                                            <div class="nex_coin_upsanddowns nex_coin_rise">+0.76%</div>
                                        </a>
                                    </dd>
                                    <dd>
                                        <a href="http://t.cn/Aiux1Qh0" target="_blank">
                                            <div class="nex_coin_name_logo">
                                                <img src="./template/nex_finance_200300/neoconex/finance/coins/link.png" alt=""> 
                                                <span>LINK</span>
                                            </div>
                                            <div class="nex_coin_money_num"><span>￥</span><em>18.65</em></div>
                                            <div class="nex_coin_upsanddowns nex_coin_fall">-0.03%</div>
                                        </a>
                                    </dd>
                                    <dd>
                                        <a href="http://t.cn/Aiux1Qh0" target="_blank">
                                            <div class="nex_coin_name_logo">
                                                <img src="./template/nex_finance_200300/neoconex/finance/coins/atom.png" alt=""> 
                                                <span>ATOM</span>
                                            </div>
                                            <div class="nex_coin_money_num"><span>￥</span><em>27.01</em></div>
                                            <div class="nex_coin_upsanddowns nex_coin_rise">+3.2%</div>
                                        </a>
                                    </dd>
                                    <div class="clear"></div>
                                </dl>
                            </div>
                        </li>
                    </ul>]]></item>
				<item id="uid"><![CDATA[1]]></item>
				<item id="username"><![CDATA[admin]]></item>
				<item id="styleid"><![CDATA[0]]></item>
				<item id="blockstyle"><![CDATA[]]></item>
				<item id="picwidth"><![CDATA[0]]></item>
				<item id="picheight"><![CDATA[0]]></item>
				<item id="target"><![CDATA[blank]]></item>
				<item id="dateformat"><![CDATA[Y-m-d]]></item>
				<item id="dateuformat"><![CDATA[0]]></item>
				<item id="script"><![CDATA[blank]]></item>
				<item id="param">
					<item id="content"><![CDATA[<ul class=\"bd\">
                        <li>
                            <div class=\"nex_coin_quotation_update\">
                                <dl>
                                    <dd>
                                        <a href=\"#\" target=\"_blank\">
                                            <div class=\"nex_coin_name_logo\">
                                                <img src=\"./template/nex_finance_200300/neoconex/finance/coins/btc.png\" alt=\"\"> 
                                                <span>BTC</span>
                                            </div>
                                            <div class=\"nex_coin_money_num\"><span>￥</span><em>64465.0</em></div>
                                            <div class=\"nex_coin_upsanddowns nex_coin_fall\">-1.65%</div>
                                        </a>
                                    </dd>
                                    <dd>
                                        <a href=\"#\" target=\"_blank\">
                                            <div class=\"nex_coin_name_logo\">
                                                <img src=\"./template/nex_finance_200300/neoconex/finance/coins/eth.png\" alt=\"\"> 
                                                <span>ETH</span>
                                            </div>
                                            <div class=\"nex_coin_money_num\"><span>￥</span><em>1276.28</em></div>
                                            <div class=\"nex_coin_upsanddowns nex_coin_fall\">-1.15%</div>
                                        </a>
                                    </dd>
                                    <dd>
                                        <a href=\"#\" target=\"_blank\">
                                            <div class=\"nex_coin_name_logo\">
                                                <img src=\"./template/nex_finance_200300/neoconex/finance/coins/xrp.png\" alt=\"\"> 
                                                <span>XRP</span>
                                            </div>
                                            <div class=\"nex_coin_money_num\"><span>￥</span><em>2.1</em></div>
                                            <div class=\"nex_coin_upsanddowns nex_coin_rise\">+0.26%</div>
                                        </a>
                                    </dd>
                                    <dd>
                                        <a href=\"#\" target=\"_blank\">
                                            <div class=\"nex_coin_name_logo\">
                                                <img src=\"./template/nex_finance_200300/neoconex/finance/coins/bch.png\" alt=\"\"> 
                                                <span>BCH</span>
                                            </div>
                                            <div class=\"nex_coin_money_num\"><span>￥</span><em>2070.93</em></div>
                                            <div class=\"nex_coin_upsanddowns nex_coin_rise\">+1.53%</div>
                                        </a>
                                    </dd>
                                    <dd>
                                        <a href=\"#\" target=\"_blank\">
                                            <div class=\"nex_coin_name_logo\">
                                                <img src=\"./template/nex_finance_200300/neoconex/finance/coins/usdt.png\" alt=\"\"> 
                                                <span>USDT</span>
                                            </div>
                                            <div class=\"nex_coin_money_num\"><span>￥</span><em>7.01</em></div>
                                            <div class=\"nex_coin_upsanddowns nex_coin_rise\">+0.08%</div>
                                        </a>
                                    </dd>
                                    <dd>
                                        <a href=\"#\" target=\"_blank\">
                                            <div class=\"nex_coin_name_logo\">
                                                <img src=\"./template/nex_finance_200300/neoconex/finance/coins/eos.png\" alt=\"\"> 
                                                <span>EOS</span>
                                            </div>
                                            <div class=\"nex_coin_money_num\"><span>￥</span><em>25.27</em></div>
                                            <div class=\"nex_coin_upsanddowns nex_coin_rise\">+4.66%</div>
                                        </a>
                                    </dd>
                                    <dd>
                                        <a href=\"#\" target=\"_blank\">
                                            <div class=\"nex_coin_name_logo\">
                                                <img src=\"./template/nex_finance_200300/neoconex/finance/coins/bnb.png\" alt=\"\"> 
                                                <span>BNB</span>
                                            </div>
                                            <div class=\"nex_coin_money_num\"><span>￥</span><em>144.49</em></div>
                                            <div class=\"nex_coin_upsanddowns nex_coin_fall\">-0.76%</div>
                                        </a>
                                    </dd>
                                    <dd>
                                        <a href=\"#\" target=\"_blank\">
                                            <div class=\"nex_coin_name_logo\">
                                                <img src=\"./template/nex_finance_200300/neoconex/finance/coins/bsv.png\" alt=\"\"> 
                                                <span>BSV</span>
                                            </div>
                                            <div class=\"nex_coin_money_num\"><span>￥</span><em>974.37</em></div>
                                            <div class=\"nex_coin_upsanddowns nex_coin_rise\">+6.17%</div>
                                        </a>
                                    </dd>
                                    <dd>
                                        <a href=\"#\" target=\"_blank\">
                                            <div class=\"nex_coin_name_logo\">
                                                <img src=\"./template/nex_finance_200300/neoconex/finance/coins/ht.png\" alt=\"\"> 
                                                <span>HT</span>
                                            </div>
                                            <div class=\"nex_coin_money_num\"><span>￥</span><em>27.27</em></div>
                                            <div class=\"nex_coin_upsanddowns nex_coin_fall\">-0.58%</div>
                                        </a>
                                    </dd>
                                    <div class=\"clear\"></div>
                                </dl>
                            </div>
                        </li>
                        <li>
                            <div class=\"nex_coin_quotation_update\">
                                <dl>
                                    <dd>
                                        <a href=\"#\" target=\"_blank\">
                                            <div class=\"nex_coin_name_logo\">
                                                <img src=\"./template/nex_finance_200300/neoconex/finance/coins/xlm.png\" alt=\"\"> 
                                                <span>XLM</span>
                                            </div>
                                            <div class=\"nex_coin_money_num\"><span>￥</span><em>0.563466</em></div>
                                            <div class=\"nex_coin_upsanddowns nex_coin_rise\">+0.9%</div>
                                        </a>
                                    </dd>
                                    <dd>
                                        <a href=\"#\" target=\"_blank\">
                                            <div class=\"nex_coin_name_logo\">
                                                <img src=\"./template/nex_finance_200300/neoconex/finance/coins/ltc.png\" alt=\"\"> 
                                                <span>LTC</span>
                                            </div>
                                            <div class=\"nex_coin_money_num\"><span>￥</span><em>441.39</em></div>
                                            <div class=\"nex_coin_upsanddowns nex_coin_rise\">+1.08%</div>
                                        </a>
                                    </dd>
                                    <dd>
                                        <a href=\"#\" target=\"_blank\">
                                            <div class=\"nex_coin_name_logo\">
                                                <img src=\"./template/nex_finance_200300/neoconex/finance/coins/ada.png\" alt=\"\"> 
                                                <span>ADA</span>
                                            </div>
                                            <div class=\"nex_coin_money_num\"><span>￥</span><em>0.307245</em></div>
                                            <div class=\"nex_coin_upsanddowns nex_coin_fall\">-0.21%</div>
                                        </a>
                                    </dd>
                                    <dd>
                                        <a href=\"#\" target=\"_blank\">
                                            <div class=\"nex_coin_name_logo\">
                                                <img src=\"./template/nex_finance_200300/neoconex/finance/coins/trx.png\" alt=\"\"> 
                                                <span>TRX</span>
                                            </div>
                                            <div class=\"nex_coin_money_num\"><span>￥</span><em>0.138304</em></div>
                                            <div class=\"nex_coin_upsanddowns nex_coin_fall\">-0.9%</div>
                                        </a>
                                    </dd>
                                    <dd>
                                        <a href=\"#\" target=\"_blank\">
                                            <div class=\"nex_coin_name_logo\">
                                                <img src=\"./template/nex_finance_200300/neoconex/finance/coins/xmr.png\" alt=\"\"> 
                                                <span>XMR</span>
                                            </div>
                                            <div class=\"nex_coin_money_num\"><span>￥</span><em>439.61</em></div>
                                            <div class=\"nex_coin_upsanddowns nex_coin_fall\">+0.86%</div>
                                        </a>
                                    </dd>
                                    <dd>
                                        <a href=\"#\" target=\"_blank\">
                                            <div class=\"nex_coin_name_logo\">
                                                <img src=\"./template/nex_finance_200300/neoconex/finance/coins/leo.png\" alt=\"\"> 
                                                <span>LEO</span>
                                            </div>
                                            <div class=\"nex_coin_money_num\"><span>￥</span><em>6.97</em></div>
                                            <div class=\"nex_coin_upsanddowns nex_coin_fall\">-0.71%</div>
                                        </a>
                                    </dd>
                                    <dd>
                                        <a href=\"#\" target=\"_blank\">
                                            <div class=\"nex_coin_name_logo\">
                                                <img src=\"./template/nex_finance_200300/neoconex/finance/coins/okb.png\" alt=\"\"> 
                                                <span>OKB</span>
                                            </div>
                                            <div class=\"nex_coin_money_num\"><span>￥</span><em>22.67</em></div>
                                            <div class=\"nex_coin_upsanddowns nex_coin_rise\">+0.76%</div>
                                        </a>
                                    </dd>
                                    <dd>
                                        <a href=\"#\" target=\"_blank\">
                                            <div class=\"nex_coin_name_logo\">
                                                <img src=\"./template/nex_finance_200300/neoconex/finance/coins/link.png\" alt=\"\"> 
                                                <span>LINK</span>
                                            </div>
                                            <div class=\"nex_coin_money_num\"><span>￥</span><em>18.65</em></div>
                                            <div class=\"nex_coin_upsanddowns nex_coin_fall\">-0.03%</div>
                                        </a>
                                    </dd>
                                    <dd>
                                        <a href=\"#\" target=\"_blank\">
                                            <div class=\"nex_coin_name_logo\">
                                                <img src=\"./template/nex_finance_200300/neoconex/finance/coins/atom.png\" alt=\"\"> 
                                                <span>ATOM</span>
                                            </div>
                                            <div class=\"nex_coin_money_num\"><span>￥</span><em>27.01</em></div>
                                            <div class=\"nex_coin_upsanddowns nex_coin_rise\">+3.2%</div>
                                        </a>
                                    </dd>
                                    <div class=\"clear\"></div>
                                </dl>
                            </div>
                        </li>
                    </ul>]]></item>
					<item id="items"><![CDATA[10]]></item>
				</item>
				<item id="shownum"><![CDATA[10]]></item>
				<item id="cachetime"><![CDATA[3600]]></item>
				<item id="cachetimerange"><![CDATA[]]></item>
				<item id="punctualupdate"><![CDATA[0]]></item>
				<item id="hidedisplay"><![CDATA[0]]></item>
				<item id="dateline"><![CDATA[1589180931]]></item>
				<item id="notinherited"><![CDATA[0]]></item>
				<item id="isblank"><![CDATA[0]]></item>
			</item>
		</item>
		<item id="style">
		</item>
	</item>
</root>
