<?xml version="1.0" encoding="ISO-8859-1"?>
<root>
	<item id="spacecss"><![CDATA[]]></item>
	<item id="layoutdata">
		<item id="diynavtop"><![CDATA[]]></item>
		<item id="diy1"><![CDATA[]]></item>
		<item id="diy4"><![CDATA[]]></item>
		<item id="diyfastposttop"><![CDATA[]]></item>
		<item id=""><![CDATA[]]></item>
		<item id="diyforumdisplaybottom"><![CDATA[]]></item>
		<item id="nex_fast_news">
			<item id="frame`frame8k8Lxm">
				<item id="attr">
					<item id="name"><![CDATA[frame8k8Lxm]]></item>
					<item id="moveable"><![CDATA[true]]></item>
					<item id="className"><![CDATA[frame move-span cl frame-1]]></item>
					<item id="titles"><![CDATA[]]></item>
				</item>
				<item id="column`frame8k8Lxm_left">
					<item id="attr">
						<item id="name"><![CDATA[frame8k8Lxm_left]]></item>
						<item id="className"><![CDATA[column frame-1-c]]></item>
					</item>
					<item id="block`portal_block_232">
						<item id="attr">
							<item id="name"><![CDATA[portal_block_232]]></item>
							<item id="className"><![CDATA[block move-span]]></item>
							<item id="titles"><![CDATA[]]></item>
						</item>
					</item>
				</item>
			</item>
		</item>
		<item id="nex_forumn_rk_list">
			<item id="frame`frameve888f">
				<item id="attr">
					<item id="name"><![CDATA[frameve888f]]></item>
					<item id="moveable"><![CDATA[true]]></item>
					<item id="className"><![CDATA[frame move-span cl frame-1]]></item>
					<item id="titles"><![CDATA[]]></item>
				</item>
				<item id="column`frameve888f_left">
					<item id="attr">
						<item id="name"><![CDATA[frameve888f_left]]></item>
						<item id="className"><![CDATA[column frame-1-c]]></item>
					</item>
					<item id="block`portal_block_233">
						<item id="attr">
							<item id="name"><![CDATA[portal_block_233]]></item>
							<item id="className"><![CDATA[block move-span]]></item>
							<item id="titles"><![CDATA[]]></item>
						</item>
					</item>
				</item>
			</item>
		</item>
		<item id="nex_forumn_rk_list2">
			<item id="frame`frame6tjB6z">
				<item id="attr">
					<item id="name"><![CDATA[frame6tjB6z]]></item>
					<item id="moveable"><![CDATA[true]]></item>
					<item id="className"><![CDATA[frame move-span cl frame-1]]></item>
					<item id="titles"><![CDATA[]]></item>
				</item>
				<item id="column`frame6tjB6z_left">
					<item id="attr">
						<item id="name"><![CDATA[frame6tjB6z_left]]></item>
						<item id="className"><![CDATA[column frame-1-c]]></item>
					</item>
					<item id="block`portal_block_234">
						<item id="attr">
							<item id="name"><![CDATA[portal_block_234]]></item>
							<item id="className"><![CDATA[block move-span]]></item>
							<item id="titles"><![CDATA[]]></item>
						</item>
					</item>
				</item>
			</item>
		</item>
		<item id="nex_threadlist_sdbox_o">
			<item id="frame`frame7occNK">
				<item id="attr">
					<item id="name"><![CDATA[frame7occNK]]></item>
					<item id="moveable"><![CDATA[true]]></item>
					<item id="className"><![CDATA[frame move-span cl frame-1]]></item>
					<item id="titles"><![CDATA[]]></item>
				</item>
				<item id="column`frame7occNK_left">
					<item id="attr">
						<item id="name"><![CDATA[frame7occNK_left]]></item>
						<item id="className"><![CDATA[column frame-1-c]]></item>
					</item>
					<item id="block`portal_block_235">
						<item id="attr">
							<item id="name"><![CDATA[portal_block_235]]></item>
							<item id="className"><![CDATA[block move-span]]></item>
							<item id="titles"><![CDATA[]]></item>
						</item>
					</item>
				</item>
			</item>
		</item>
		<item id="diy2"><![CDATA[]]></item>
		<item id="diy3"><![CDATA[]]></item>
	</item>
	<item id="blockdata">
		<item id="block">
			<item id="232">
				<item id="bid"><![CDATA[232]]></item>
				<item id="blockclass"><![CDATA[portal_article]]></item>
				<item id="blocktype"><![CDATA[0]]></item>
				<item id="name"><![CDATA[列表页快讯]]></item>
				<item id="title"><![CDATA[]]></item>
				<item id="classname"><![CDATA[]]></item>
				<item id="summary"><![CDATA[]]></item>
				<item id="uid"><![CDATA[1]]></item>
				<item id="username"><![CDATA[admin]]></item>
				<item id="styleid"><![CDATA[0]]></item>
				<item id="blockstyle">
					<item id="name"><![CDATA[]]></item>
					<item id="blockclass"><![CDATA[portal_article]]></item>
					<item id="makethumb"><![CDATA[0]]></item>
					<item id="getpic"><![CDATA[0]]></item>
					<item id="getsummary"><![CDATA[1]]></item>
					<item id="settarget"><![CDATA[0]]></item>
					<item id="moreurl"><![CDATA[0]]></item>
					<item id="fields">
						<item id="0"><![CDATA[url]]></item>
						<item id="1"><![CDATA[title]]></item>
						<item id="2"><![CDATA[summary]]></item>
						<item id="3"><![CDATA[dateline]]></item>
					</item>
					<item id="template">
						<item id="raw"><![CDATA[<ul>
                    	[loop]
                    	<li>
                        	<h5><a href="{url}" target="_blank">{title}</a></h5>
                            <div class="nex_fast_news_sum">{summary}<a href="{url}" target="_blank">[原文链接]</a></div>
                            <div class="nex_fast_news_btm">{dateline}</div>
                        </li>
                        [/loop]
                    </ul>]]></item>
						<item id="footer"><![CDATA[]]></item>
						<item id="header"><![CDATA[]]></item>
						<item id="indexplus">
						</item>
						<item id="index">
						</item>
						<item id="orderplus">
						</item>
						<item id="order">
						</item>
						<item id="loopplus">
						</item>
						<item id="loop"><![CDATA[<li>
                        	<h5><a href="{url}" target="_blank">{title}</a></h5>
                            <div class="nex_fast_news_sum">{summary}<a href="{url}" target="_blank">[原文链接]</a></div>
                            <div class="nex_fast_news_btm">{dateline}</div>
                        </li>]]></item>
					</item>
					<item id="hash"><![CDATA[148b8a4d]]></item>
				</item>
				<item id="picwidth"><![CDATA[0]]></item>
				<item id="picheight"><![CDATA[0]]></item>
				<item id="target"><![CDATA[blank]]></item>
				<item id="dateformat"><![CDATA[H:i]]></item>
				<item id="dateuformat"><![CDATA[0]]></item>
				<item id="script"><![CDATA[article]]></item>
				<item id="param">
					<item id="aids"><![CDATA[]]></item>
					<item id="uids"><![CDATA[]]></item>
					<item id="keyword"><![CDATA[]]></item>
					<item id="picrequired"><![CDATA[0]]></item>
					<item id="starttime"><![CDATA[]]></item>
					<item id="endtime"><![CDATA[]]></item>
					<item id="orderby"><![CDATA[dateline]]></item>
					<item id="publishdateline"><![CDATA[0]]></item>
					<item id="titlelength"><![CDATA[56]]></item>
					<item id="summarylength"><![CDATA[120]]></item>
					<item id="startrow"><![CDATA[0]]></item>
					<item id="items"><![CDATA[10]]></item>
				</item>
				<item id="shownum"><![CDATA[10]]></item>
				<item id="cachetime"><![CDATA[3600]]></item>
				<item id="cachetimerange"><![CDATA[]]></item>
				<item id="punctualupdate"><![CDATA[0]]></item>
				<item id="hidedisplay"><![CDATA[0]]></item>
				<item id="dateline"><![CDATA[1589182321]]></item>
				<item id="notinherited"><![CDATA[0]]></item>
				<item id="isblank"><![CDATA[0]]></item>
			</item>
			<item id="233">
				<item id="bid"><![CDATA[233]]></item>
				<item id="blockclass"><![CDATA[forum_thread]]></item>
				<item id="blocktype"><![CDATA[0]]></item>
				<item id="name"><![CDATA[列表页本周热榜]]></item>
				<item id="title"><![CDATA[]]></item>
				<item id="classname"><![CDATA[]]></item>
				<item id="summary"><![CDATA[]]></item>
				<item id="uid"><![CDATA[1]]></item>
				<item id="username"><![CDATA[admin]]></item>
				<item id="styleid"><![CDATA[0]]></item>
				<item id="blockstyle">
					<item id="name"><![CDATA[]]></item>
					<item id="blockclass"><![CDATA[forum_thread]]></item>
					<item id="makethumb"><![CDATA[0]]></item>
					<item id="getpic"><![CDATA[0]]></item>
					<item id="getsummary"><![CDATA[1]]></item>
					<item id="settarget"><![CDATA[1]]></item>
					<item id="moreurl"><![CDATA[0]]></item>
					<item id="fields">
						<item id="0"><![CDATA[url]]></item>
						<item id="1"><![CDATA[title]]></item>
						<item id="2"><![CDATA[summary]]></item>
						<item id="3"><![CDATA[forumname]]></item>
						<item id="4"><![CDATA[dateline]]></item>
						<item id="5"><![CDATA[currentorder]]></item>
					</item>
					<item id="template">
						<item id="raw"><![CDATA[[loop]
[order=1]

<dd class="cur">
                    <div class="nex_forumn_rk_list_top">
                        <em class="nex_rk_snum_1">1</em>
                        <a href="{url}"{target}>{title}</a>
                        <div class="clear"></div>
                    </div>
                    <div class="nex_forumn_rk_list_btm">
                        <div class="nex_forumn_rk_list_sums">{summary}</div>
                        <div class="nex_forumn_rk_list_ops">
                            <em>{forumname}</em>
                            <span>{dateline}</span>
                            <div class="clear"></div>
                        </div>
                    </div>
                </dd>
[/order]
[order=2]

<dd>
                    <div class="nex_forumn_rk_list_top">
                        <em class="nex_rk_snum_2">2</em>
                        <a href="{url}"{target}>{title}</a>
                        <div class="clear"></div>
                    </div>
                    <div class="nex_forumn_rk_list_btm">
                        <div class="nex_forumn_rk_list_sums">{summary}</div>
                        <div class="nex_forumn_rk_list_ops">
                            <em>{forumname}</em>
                            <span>{dateline}</span>
                            <div class="clear"></div>
                        </div>
                    </div>
                </dd>
[/order]
[order=3]

<dd>
                    <div class="nex_forumn_rk_list_top">
                        <em class="nex_rk_snum_3">3</em>
                        <a href="{url}"{target}>{title}</a>
                        <div class="clear"></div>
                    </div>
                    <div class="nex_forumn_rk_list_btm">
                        <div class="nex_forumn_rk_list_sums">{summary}</div>
                        <div class="nex_forumn_rk_list_ops">
                            <em>{forumname}</em>
                            <span>{dateline}</span>
                            <div class="clear"></div>
                        </div>
                    </div>
                </dd>
[/order]

                <dd>
                    <div class="nex_forumn_rk_list_top">
                        <em>{currentorder}</em>
                        <a href="{url}"{target}>{title}</a>
                        <div class="clear"></div>
                    </div>
                    <div class="nex_forumn_rk_list_btm">
                        <div class="nex_forumn_rk_list_sums">{summary}</div>
                        <div class="nex_forumn_rk_list_ops">
                            <em>{forumname}</em>
                            <span>{dateline}</span>
                            <div class="clear"></div>
                        </div>
                    </div>
                </dd>

[/loop]]]></item>
						<item id="footer"><![CDATA[]]></item>
						<item id="header"><![CDATA[]]></item>
						<item id="indexplus">
						</item>
						<item id="index">
						</item>
						<item id="orderplus">
						</item>
						<item id="order">
							<item id="1"><![CDATA[<dd class="cur">
                    <div class="nex_forumn_rk_list_top">
                        <em class="nex_rk_snum_1">1</em>
                        <a href="{url}"{target}>{title}</a>
                        <div class="clear"></div>
                    </div>
                    <div class="nex_forumn_rk_list_btm">
                        <div class="nex_forumn_rk_list_sums">{summary}</div>
                        <div class="nex_forumn_rk_list_ops">
                            <em>{forumname}</em>
                            <span>{dateline}</span>
                            <div class="clear"></div>
                        </div>
                    </div>
                </dd>]]></item>
							<item id="2"><![CDATA[<dd>
                    <div class="nex_forumn_rk_list_top">
                        <em class="nex_rk_snum_2">2</em>
                        <a href="{url}"{target}>{title}</a>
                        <div class="clear"></div>
                    </div>
                    <div class="nex_forumn_rk_list_btm">
                        <div class="nex_forumn_rk_list_sums">{summary}</div>
                        <div class="nex_forumn_rk_list_ops">
                            <em>{forumname}</em>
                            <span>{dateline}</span>
                            <div class="clear"></div>
                        </div>
                    </div>
                </dd>]]></item>
							<item id="3"><![CDATA[<dd>
                    <div class="nex_forumn_rk_list_top">
                        <em class="nex_rk_snum_3">3</em>
                        <a href="{url}"{target}>{title}</a>
                        <div class="clear"></div>
                    </div>
                    <div class="nex_forumn_rk_list_btm">
                        <div class="nex_forumn_rk_list_sums">{summary}</div>
                        <div class="nex_forumn_rk_list_ops">
                            <em>{forumname}</em>
                            <span>{dateline}</span>
                            <div class="clear"></div>
                        </div>
                    </div>
                </dd>]]></item>
						</item>
						<item id="loopplus">
						</item>
						<item id="loop"><![CDATA[[order=1]

<dd class="cur">
                    <div class="nex_forumn_rk_list_top">
                        <em class="nex_rk_snum_1">1</em>
                        <a href="{url}"{target}>{title}</a>
                        <div class="clear"></div>
                    </div>
                    <div class="nex_forumn_rk_list_btm">
                        <div class="nex_forumn_rk_list_sums">{summary}</div>
                        <div class="nex_forumn_rk_list_ops">
                            <em>{forumname}</em>
                            <span>{dateline}</span>
                            <div class="clear"></div>
                        </div>
                    </div>
                </dd>
[/order]
[order=2]

<dd>
                    <div class="nex_forumn_rk_list_top">
                        <em class="nex_rk_snum_2">2</em>
                        <a href="{url}"{target}>{title}</a>
                        <div class="clear"></div>
                    </div>
                    <div class="nex_forumn_rk_list_btm">
                        <div class="nex_forumn_rk_list_sums">{summary}</div>
                        <div class="nex_forumn_rk_list_ops">
                            <em>{forumname}</em>
                            <span>{dateline}</span>
                            <div class="clear"></div>
                        </div>
                    </div>
                </dd>
[/order]
[order=3]

<dd>
                    <div class="nex_forumn_rk_list_top">
                        <em class="nex_rk_snum_3">3</em>
                        <a href="{url}"{target}>{title}</a>
                        <div class="clear"></div>
                    </div>
                    <div class="nex_forumn_rk_list_btm">
                        <div class="nex_forumn_rk_list_sums">{summary}</div>
                        <div class="nex_forumn_rk_list_ops">
                            <em>{forumname}</em>
                            <span>{dateline}</span>
                            <div class="clear"></div>
                        </div>
                    </div>
                </dd>
[/order]

                <dd>
                    <div class="nex_forumn_rk_list_top">
                        <em>{currentorder}</em>
                        <a href="{url}"{target}>{title}</a>
                        <div class="clear"></div>
                    </div>
                    <div class="nex_forumn_rk_list_btm">
                        <div class="nex_forumn_rk_list_sums">{summary}</div>
                        <div class="nex_forumn_rk_list_ops">
                            <em>{forumname}</em>
                            <span>{dateline}</span>
                            <div class="clear"></div>
                        </div>
                    </div>
                </dd>]]></item>
					</item>
					<item id="hash"><![CDATA[b332a9ec]]></item>
				</item>
				<item id="picwidth"><![CDATA[0]]></item>
				<item id="picheight"><![CDATA[0]]></item>
				<item id="target"><![CDATA[blank]]></item>
				<item id="dateformat"><![CDATA[Y-m-d]]></item>
				<item id="dateuformat"><![CDATA[0]]></item>
				<item id="script"><![CDATA[thread]]></item>
				<item id="param">
					<item id="tids"><![CDATA[]]></item>
					<item id="uids"><![CDATA[]]></item>
					<item id="keyword"><![CDATA[]]></item>
					<item id="tagkeyword"><![CDATA[]]></item>
					<item id="typeids"><![CDATA[]]></item>
					<item id="reply"><![CDATA[0]]></item>
					<item id="recommend"><![CDATA[0]]></item>
					<item id="special">
						<item id="0"><![CDATA[0]]></item>
					</item>
					<item id="viewmod"><![CDATA[0]]></item>
					<item id="rewardstatus"><![CDATA[0]]></item>
					<item id="picrequired"><![CDATA[0]]></item>
					<item id="orderby"><![CDATA[views]]></item>
					<item id="postdateline"><![CDATA[0]]></item>
					<item id="lastpost"><![CDATA[0]]></item>
					<item id="highlight"><![CDATA[0]]></item>
					<item id="titlelength"><![CDATA[56]]></item>
					<item id="summarylength"><![CDATA[80]]></item>
					<item id="startrow"><![CDATA[0]]></item>
					<item id="items"><![CDATA[6]]></item>
				</item>
				<item id="shownum"><![CDATA[6]]></item>
				<item id="cachetime"><![CDATA[3600]]></item>
				<item id="cachetimerange"><![CDATA[]]></item>
				<item id="punctualupdate"><![CDATA[0]]></item>
				<item id="hidedisplay"><![CDATA[0]]></item>
				<item id="dateline"><![CDATA[1589165955]]></item>
				<item id="notinherited"><![CDATA[0]]></item>
				<item id="isblank"><![CDATA[0]]></item>
			</item>
			<item id="234">
				<item id="bid"><![CDATA[234]]></item>
				<item id="blockclass"><![CDATA[forum_thread]]></item>
				<item id="blocktype"><![CDATA[0]]></item>
				<item id="name"><![CDATA[列表页本月热榜]]></item>
				<item id="title"><![CDATA[]]></item>
				<item id="classname"><![CDATA[]]></item>
				<item id="summary"><![CDATA[]]></item>
				<item id="uid"><![CDATA[1]]></item>
				<item id="username"><![CDATA[admin]]></item>
				<item id="styleid"><![CDATA[0]]></item>
				<item id="blockstyle">
					<item id="name"><![CDATA[]]></item>
					<item id="blockclass"><![CDATA[forum_thread]]></item>
					<item id="makethumb"><![CDATA[0]]></item>
					<item id="getpic"><![CDATA[0]]></item>
					<item id="getsummary"><![CDATA[1]]></item>
					<item id="settarget"><![CDATA[1]]></item>
					<item id="moreurl"><![CDATA[0]]></item>
					<item id="fields">
						<item id="0"><![CDATA[url]]></item>
						<item id="1"><![CDATA[title]]></item>
						<item id="2"><![CDATA[summary]]></item>
						<item id="3"><![CDATA[forumname]]></item>
						<item id="4"><![CDATA[dateline]]></item>
						<item id="5"><![CDATA[currentorder]]></item>
					</item>
					<item id="template">
						<item id="raw"><![CDATA[[loop]
[order=1]

<dd class="cur">
                    <div class="nex_forumn_rk_list_top">
                        <em class="nex_rk_snum_1">1</em>
                        <a href="{url}"{target}>{title}</a>
                        <div class="clear"></div>
                    </div>
                    <div class="nex_forumn_rk_list_btm">
                        <div class="nex_forumn_rk_list_sums">{summary}</div>
                        <div class="nex_forumn_rk_list_ops">
                            <em>{forumname}</em>
                            <span>{dateline}</span>
                            <div class="clear"></div>
                        </div>
                    </div>
                </dd>
[/order]
[order=2]

<dd>
                    <div class="nex_forumn_rk_list_top">
                        <em class="nex_rk_snum_2">2</em>
                        <a href="{url}"{target}>{title}</a>
                        <div class="clear"></div>
                    </div>
                    <div class="nex_forumn_rk_list_btm">
                        <div class="nex_forumn_rk_list_sums">{summary}</div>
                        <div class="nex_forumn_rk_list_ops">
                            <em>{forumname}</em>
                            <span>{dateline}</span>
                            <div class="clear"></div>
                        </div>
                    </div>
                </dd>
[/order]
[order=3]

<dd>
                    <div class="nex_forumn_rk_list_top">
                        <em class="nex_rk_snum_3">3</em>
                        <a href="{url}"{target}>{title}</a>
                        <div class="clear"></div>
                    </div>
                    <div class="nex_forumn_rk_list_btm">
                        <div class="nex_forumn_rk_list_sums">{summary}</div>
                        <div class="nex_forumn_rk_list_ops">
                            <em>{forumname}</em>
                            <span>{dateline}</span>
                            <div class="clear"></div>
                        </div>
                    </div>
                </dd>
[/order]

                <dd>
                    <div class="nex_forumn_rk_list_top">
                        <em>{currentorder}</em>
                        <a href="{url}"{target}>{title}</a>
                        <div class="clear"></div>
                    </div>
                    <div class="nex_forumn_rk_list_btm">
                        <div class="nex_forumn_rk_list_sums">{summary}</div>
                        <div class="nex_forumn_rk_list_ops">
                            <em>{forumname}</em>
                            <span>{dateline}</span>
                            <div class="clear"></div>
                        </div>
                    </div>
                </dd>

[/loop]]]></item>
						<item id="footer"><![CDATA[]]></item>
						<item id="header"><![CDATA[]]></item>
						<item id="indexplus">
						</item>
						<item id="index">
						</item>
						<item id="orderplus">
						</item>
						<item id="order">
							<item id="1"><![CDATA[<dd class="cur">
                    <div class="nex_forumn_rk_list_top">
                        <em class="nex_rk_snum_1">1</em>
                        <a href="{url}"{target}>{title}</a>
                        <div class="clear"></div>
                    </div>
                    <div class="nex_forumn_rk_list_btm">
                        <div class="nex_forumn_rk_list_sums">{summary}</div>
                        <div class="nex_forumn_rk_list_ops">
                            <em>{forumname}</em>
                            <span>{dateline}</span>
                            <div class="clear"></div>
                        </div>
                    </div>
                </dd>]]></item>
							<item id="2"><![CDATA[<dd>
                    <div class="nex_forumn_rk_list_top">
                        <em class="nex_rk_snum_2">2</em>
                        <a href="{url}"{target}>{title}</a>
                        <div class="clear"></div>
                    </div>
                    <div class="nex_forumn_rk_list_btm">
                        <div class="nex_forumn_rk_list_sums">{summary}</div>
                        <div class="nex_forumn_rk_list_ops">
                            <em>{forumname}</em>
                            <span>{dateline}</span>
                            <div class="clear"></div>
                        </div>
                    </div>
                </dd>]]></item>
							<item id="3"><![CDATA[<dd>
                    <div class="nex_forumn_rk_list_top">
                        <em class="nex_rk_snum_3">3</em>
                        <a href="{url}"{target}>{title}</a>
                        <div class="clear"></div>
                    </div>
                    <div class="nex_forumn_rk_list_btm">
                        <div class="nex_forumn_rk_list_sums">{summary}</div>
                        <div class="nex_forumn_rk_list_ops">
                            <em>{forumname}</em>
                            <span>{dateline}</span>
                            <div class="clear"></div>
                        </div>
                    </div>
                </dd>]]></item>
						</item>
						<item id="loopplus">
						</item>
						<item id="loop"><![CDATA[[order=1]

<dd class="cur">
                    <div class="nex_forumn_rk_list_top">
                        <em class="nex_rk_snum_1">1</em>
                        <a href="{url}"{target}>{title}</a>
                        <div class="clear"></div>
                    </div>
                    <div class="nex_forumn_rk_list_btm">
                        <div class="nex_forumn_rk_list_sums">{summary}</div>
                        <div class="nex_forumn_rk_list_ops">
                            <em>{forumname}</em>
                            <span>{dateline}</span>
                            <div class="clear"></div>
                        </div>
                    </div>
                </dd>
[/order]
[order=2]

<dd>
                    <div class="nex_forumn_rk_list_top">
                        <em class="nex_rk_snum_2">2</em>
                        <a href="{url}"{target}>{title}</a>
                        <div class="clear"></div>
                    </div>
                    <div class="nex_forumn_rk_list_btm">
                        <div class="nex_forumn_rk_list_sums">{summary}</div>
                        <div class="nex_forumn_rk_list_ops">
                            <em>{forumname}</em>
                            <span>{dateline}</span>
                            <div class="clear"></div>
                        </div>
                    </div>
                </dd>
[/order]
[order=3]

<dd>
                    <div class="nex_forumn_rk_list_top">
                        <em class="nex_rk_snum_3">3</em>
                        <a href="{url}"{target}>{title}</a>
                        <div class="clear"></div>
                    </div>
                    <div class="nex_forumn_rk_list_btm">
                        <div class="nex_forumn_rk_list_sums">{summary}</div>
                        <div class="nex_forumn_rk_list_ops">
                            <em>{forumname}</em>
                            <span>{dateline}</span>
                            <div class="clear"></div>
                        </div>
                    </div>
                </dd>
[/order]

                <dd>
                    <div class="nex_forumn_rk_list_top">
                        <em>{currentorder}</em>
                        <a href="{url}"{target}>{title}</a>
                        <div class="clear"></div>
                    </div>
                    <div class="nex_forumn_rk_list_btm">
                        <div class="nex_forumn_rk_list_sums">{summary}</div>
                        <div class="nex_forumn_rk_list_ops">
                            <em>{forumname}</em>
                            <span>{dateline}</span>
                            <div class="clear"></div>
                        </div>
                    </div>
                </dd>]]></item>
					</item>
					<item id="hash"><![CDATA[b332a9ec]]></item>
				</item>
				<item id="picwidth"><![CDATA[0]]></item>
				<item id="picheight"><![CDATA[0]]></item>
				<item id="target"><![CDATA[blank]]></item>
				<item id="dateformat"><![CDATA[Y-m-d]]></item>
				<item id="dateuformat"><![CDATA[0]]></item>
				<item id="script"><![CDATA[thread]]></item>
				<item id="param">
					<item id="tids"><![CDATA[]]></item>
					<item id="uids"><![CDATA[]]></item>
					<item id="keyword"><![CDATA[]]></item>
					<item id="tagkeyword"><![CDATA[]]></item>
					<item id="typeids"><![CDATA[]]></item>
					<item id="reply"><![CDATA[0]]></item>
					<item id="recommend"><![CDATA[0]]></item>
					<item id="special">
						<item id="0"><![CDATA[0]]></item>
					</item>
					<item id="viewmod"><![CDATA[0]]></item>
					<item id="rewardstatus"><![CDATA[0]]></item>
					<item id="picrequired"><![CDATA[0]]></item>
					<item id="orderby"><![CDATA[views]]></item>
					<item id="postdateline"><![CDATA[0]]></item>
					<item id="lastpost"><![CDATA[0]]></item>
					<item id="highlight"><![CDATA[0]]></item>
					<item id="titlelength"><![CDATA[56]]></item>
					<item id="summarylength"><![CDATA[80]]></item>
					<item id="startrow"><![CDATA[0]]></item>
					<item id="items"><![CDATA[6]]></item>
				</item>
				<item id="shownum"><![CDATA[6]]></item>
				<item id="cachetime"><![CDATA[3600]]></item>
				<item id="cachetimerange"><![CDATA[]]></item>
				<item id="punctualupdate"><![CDATA[0]]></item>
				<item id="hidedisplay"><![CDATA[0]]></item>
				<item id="dateline"><![CDATA[1589180951]]></item>
				<item id="notinherited"><![CDATA[0]]></item>
				<item id="isblank"><![CDATA[0]]></item>
			</item>
			<item id="235">
				<item id="bid"><![CDATA[235]]></item>
				<item id="blockclass"><![CDATA[forum_thread]]></item>
				<item id="blocktype"><![CDATA[0]]></item>
				<item id="name"><![CDATA[列表页推荐阅读]]></item>
				<item id="title"><![CDATA[]]></item>
				<item id="classname"><![CDATA[]]></item>
				<item id="summary"><![CDATA[]]></item>
				<item id="uid"><![CDATA[1]]></item>
				<item id="username"><![CDATA[admin]]></item>
				<item id="styleid"><![CDATA[0]]></item>
				<item id="blockstyle">
					<item id="name"><![CDATA[]]></item>
					<item id="blockclass"><![CDATA[forum_thread]]></item>
					<item id="makethumb"><![CDATA[0]]></item>
					<item id="getpic"><![CDATA[1]]></item>
					<item id="getsummary"><![CDATA[0]]></item>
					<item id="settarget"><![CDATA[0]]></item>
					<item id="moreurl"><![CDATA[0]]></item>
					<item id="fields">
						<item id="0"><![CDATA[url]]></item>
						<item id="1"><![CDATA[pic]]></item>
						<item id="2"><![CDATA[title]]></item>
						<item id="3"><![CDATA[forumname]]></item>
						<item id="4"><![CDATA[dateline]]></item>
					</item>
					<item id="template">
						<item id="raw"><![CDATA[[loop]
                        <li>
                            <div class="nex_discuz_diguest_img">
                                <a href="{url}" target="_blank" style="background:url({pic}) center no-repeat; background-size:cover;"></a>
                            </div>
                            <div class="nex_discuz_diguest_info">
                                <h5><a href="{url}" target="_blank">{title}</a></h5>
                                <p>{forumname}<em>|</em>{dateline}</p>
                            </div>
                            <div class="clear"></div>
                        </li>
                        [/loop]]]></item>
						<item id="footer"><![CDATA[]]></item>
						<item id="header"><![CDATA[]]></item>
						<item id="indexplus">
						</item>
						<item id="index">
						</item>
						<item id="orderplus">
						</item>
						<item id="order">
						</item>
						<item id="loopplus">
						</item>
						<item id="loop"><![CDATA[<li>
                            <div class="nex_discuz_diguest_img">
                                <a href="{url}" target="_blank" style="background:url({pic}) center no-repeat; background-size:cover;"></a>
                            </div>
                            <div class="nex_discuz_diguest_info">
                                <h5><a href="{url}" target="_blank">{title}</a></h5>
                                <p>{forumname}<em>|</em>{dateline}</p>
                            </div>
                            <div class="clear"></div>
                        </li>]]></item>
					</item>
					<item id="hash"><![CDATA[15e41f50]]></item>
				</item>
				<item id="picwidth"><![CDATA[0]]></item>
				<item id="picheight"><![CDATA[0]]></item>
				<item id="target"><![CDATA[blank]]></item>
				<item id="dateformat"><![CDATA[Y-m-d]]></item>
				<item id="dateuformat"><![CDATA[0]]></item>
				<item id="script"><![CDATA[thread]]></item>
				<item id="param">
					<item id="tids"><![CDATA[]]></item>
					<item id="uids"><![CDATA[]]></item>
					<item id="keyword"><![CDATA[]]></item>
					<item id="tagkeyword"><![CDATA[]]></item>
					<item id="typeids"><![CDATA[]]></item>
					<item id="reply"><![CDATA[0]]></item>
					<item id="recommend"><![CDATA[0]]></item>
					<item id="viewmod"><![CDATA[0]]></item>
					<item id="rewardstatus"><![CDATA[0]]></item>
					<item id="picrequired"><![CDATA[0]]></item>
					<item id="orderby"><![CDATA[views]]></item>
					<item id="postdateline"><![CDATA[0]]></item>
					<item id="lastpost"><![CDATA[0]]></item>
					<item id="highlight"><![CDATA[0]]></item>
					<item id="titlelength"><![CDATA[56]]></item>
					<item id="summarylength"><![CDATA[80]]></item>
					<item id="startrow"><![CDATA[0]]></item>
					<item id="items"><![CDATA[6]]></item>
				</item>
				<item id="shownum"><![CDATA[6]]></item>
				<item id="cachetime"><![CDATA[3600]]></item>
				<item id="cachetimerange"><![CDATA[]]></item>
				<item id="punctualupdate"><![CDATA[0]]></item>
				<item id="hidedisplay"><![CDATA[0]]></item>
				<item id="dateline"><![CDATA[1589182323]]></item>
				<item id="notinherited"><![CDATA[0]]></item>
				<item id="isblank"><![CDATA[0]]></item>
			</item>
		</item>
		<item id="style">
		</item>
	</item>
</root>
