<?xml version="1.0" encoding="ISO-8859-1"?>
<root>
	<item id="spacecss"><![CDATA[]]></item>
	<item id="layoutdata">
		<item id="diy1"><![CDATA[]]></item>
		<item id="diycontentbottom"><![CDATA[]]></item>
		<item id="nex_side_focus_bg1">
			<item id="frame`frameI9YBG1">
				<item id="attr">
					<item id="name"><![CDATA[frameI9YBG1]]></item>
					<item id="moveable"><![CDATA[true]]></item>
					<item id="className"><![CDATA[frame move-span cl frame-1]]></item>
					<item id="titles"><![CDATA[]]></item>
				</item>
				<item id="column`frameI9YBG1_left">
					<item id="attr">
						<item id="name"><![CDATA[frameI9YBG1_left]]></item>
						<item id="className"><![CDATA[column frame-1-c]]></item>
					</item>
					<item id="block`portal_block_277">
						<item id="attr">
							<item id="name"><![CDATA[portal_block_277]]></item>
							<item id="className"><![CDATA[block move-span]]></item>
							<item id="titles"><![CDATA[]]></item>
						</item>
					</item>
				</item>
			</item>
		</item>
		<item id="nex_side_focus_bg2">
			<item id="frame`framehMf5Yq">
				<item id="attr">
					<item id="name"><![CDATA[framehMf5Yq]]></item>
					<item id="moveable"><![CDATA[true]]></item>
					<item id="className"><![CDATA[frame move-span cl frame-1]]></item>
					<item id="titles"><![CDATA[]]></item>
				</item>
				<item id="column`framehMf5Yq_left">
					<item id="attr">
						<item id="name"><![CDATA[framehMf5Yq_left]]></item>
						<item id="className"><![CDATA[column frame-1-c]]></item>
					</item>
					<item id="block`portal_block_278">
						<item id="attr">
							<item id="name"><![CDATA[portal_block_278]]></item>
							<item id="className"><![CDATA[block move-span]]></item>
							<item id="titles"><![CDATA[]]></item>
						</item>
					</item>
				</item>
			</item>
		</item>
		<item id="nex_side_focus_bg3">
			<item id="frame`frame4khfLM">
				<item id="attr">
					<item id="name"><![CDATA[frame4khfLM]]></item>
					<item id="moveable"><![CDATA[true]]></item>
					<item id="className"><![CDATA[frame move-span cl frame-1]]></item>
					<item id="titles"><![CDATA[]]></item>
				</item>
				<item id="column`frame4khfLM_left">
					<item id="attr">
						<item id="name"><![CDATA[frame4khfLM_left]]></item>
						<item id="className"><![CDATA[column frame-1-c]]></item>
					</item>
					<item id="block`portal_block_279">
						<item id="attr">
							<item id="name"><![CDATA[portal_block_279]]></item>
							<item id="className"><![CDATA[block move-span]]></item>
							<item id="titles"><![CDATA[]]></item>
						</item>
					</item>
				</item>
			</item>
		</item>
		<item id="nex_new_recoms">
			<item id="frame`framegXL2cm">
				<item id="attr">
					<item id="name"><![CDATA[framegXL2cm]]></item>
					<item id="moveable"><![CDATA[true]]></item>
					<item id="className"><![CDATA[frame move-span cl frame-1]]></item>
					<item id="titles"><![CDATA[]]></item>
				</item>
				<item id="column`framegXL2cm_left">
					<item id="attr">
						<item id="name"><![CDATA[framegXL2cm_left]]></item>
						<item id="className"><![CDATA[column frame-1-c]]></item>
					</item>
					<item id="block`portal_block_280">
						<item id="attr">
							<item id="name"><![CDATA[portal_block_280]]></item>
							<item id="className"><![CDATA[block move-span]]></item>
							<item id="titles"><![CDATA[]]></item>
						</item>
					</item>
				</item>
			</item>
		</item>
		<item id="nex_ART_reading_rk1">
			<item id="frame`framen3FeTW">
				<item id="attr">
					<item id="name"><![CDATA[framen3FeTW]]></item>
					<item id="moveable"><![CDATA[true]]></item>
					<item id="className"><![CDATA[frame move-span cl frame-1]]></item>
					<item id="titles"><![CDATA[]]></item>
				</item>
				<item id="column`framen3FeTW_left">
					<item id="attr">
						<item id="name"><![CDATA[framen3FeTW_left]]></item>
						<item id="className"><![CDATA[column frame-1-c]]></item>
					</item>
					<item id="block`portal_block_281">
						<item id="attr">
							<item id="name"><![CDATA[portal_block_281]]></item>
							<item id="className"><![CDATA[block move-span]]></item>
							<item id="titles"><![CDATA[]]></item>
						</item>
					</item>
				</item>
			</item>
		</item>
		<item id="nex_ART_reading_rk12">
			<item id="frame`frame6dh8kG">
				<item id="attr">
					<item id="name"><![CDATA[frame6dh8kG]]></item>
					<item id="moveable"><![CDATA[true]]></item>
					<item id="className"><![CDATA[frame move-span cl frame-1]]></item>
					<item id="titles"><![CDATA[]]></item>
				</item>
				<item id="column`frame6dh8kG_left">
					<item id="attr">
						<item id="name"><![CDATA[frame6dh8kG_left]]></item>
						<item id="className"><![CDATA[column frame-1-c]]></item>
					</item>
					<item id="block`portal_block_282">
						<item id="attr">
							<item id="name"><![CDATA[portal_block_282]]></item>
							<item id="className"><![CDATA[block move-span]]></item>
							<item id="titles"><![CDATA[]]></item>
						</item>
					</item>
				</item>
			</item>
		</item>
		<item id="nex_ART_side_ads">
			<item id="frame`frame41mXW5">
				<item id="attr">
					<item id="name"><![CDATA[frame41mXW5]]></item>
					<item id="moveable"><![CDATA[true]]></item>
					<item id="className"><![CDATA[frame move-span cl frame-1]]></item>
					<item id="titles"><![CDATA[]]></item>
				</item>
				<item id="column`frame41mXW5_left">
					<item id="attr">
						<item id="name"><![CDATA[frame41mXW5_left]]></item>
						<item id="className"><![CDATA[column frame-1-c]]></item>
					</item>
					<item id="block`portal_block_283">
						<item id="attr">
							<item id="name"><![CDATA[portal_block_283]]></item>
							<item id="className"><![CDATA[block move-span]]></item>
							<item id="titles"><![CDATA[]]></item>
						</item>
					</item>
				</item>
			</item>
		</item>
	</item>
	<item id="blockdata">
		<item id="block">
			<item id="277">
				<item id="bid"><![CDATA[277]]></item>
				<item id="blockclass"><![CDATA[html_html]]></item>
				<item id="blocktype"><![CDATA[0]]></item>
				<item id="name"><![CDATA[官方微信]]></item>
				<item id="title"><![CDATA[]]></item>
				<item id="classname"><![CDATA[]]></item>
				<item id="summary"><![CDATA[<div class="nex_side_focus_qcode">
                                    <div class="nex_wx_l">
                                        <div class="nex_wx_lqcode"><img src="template/nex_finance_200300/neoconex/index/mobile_qcode.png"></div>
                                        <div class="nex_wx_lbtm">
                                            <p>请轻轻调戏</p>
                                            <p>手下留情</p>
                                        </div>
                                    </div>
                                    <div class="nex_wx_r">
                                        <div class="nex_wx_r_top">
                                            <dl>
                                                <dd>知识</dd>
                                                <dd>资讯</dd>
                                                <dd>百科</dd>
                                                <dd>行情</dd>
                                                <div class="clear"></div>
                                            </dl>
                                        </div>
                                        <div class="nex_wx_r_mid">
                                            <h2><em>微信</em>扫一扫</h2>
                                            <h3>or</h3>
                                            <h4>添加订阅号</h4>
                                            <h5>星点区块链</h5>
                                        </div>
                                    </div>
                                    <div class="clear"></div>
                                </div>]]></item>
				<item id="uid"><![CDATA[1]]></item>
				<item id="username"><![CDATA[admin]]></item>
				<item id="styleid"><![CDATA[0]]></item>
				<item id="blockstyle"><![CDATA[]]></item>
				<item id="picwidth"><![CDATA[0]]></item>
				<item id="picheight"><![CDATA[0]]></item>
				<item id="target"><![CDATA[blank]]></item>
				<item id="dateformat"><![CDATA[Y-m-d]]></item>
				<item id="dateuformat"><![CDATA[0]]></item>
				<item id="script"><![CDATA[blank]]></item>
				<item id="param">
					<item id="content"><![CDATA[<div class=\"nex_side_focus_qcode\">
                                    <div class=\"nex_wx_l\">
                                        <div class=\"nex_wx_lqcode\"><img src=\"template/nex_finance_200300/neoconex/index/mobile_qcode.png\"></div>
                                        <div class=\"nex_wx_lbtm\">
                                            <p>请轻轻调戏</p>
                                            <p>手下留情</p>
                                        </div>
                                    </div>
                                    <div class=\"nex_wx_r\">
                                        <div class=\"nex_wx_r_top\">
                                            <dl>
                                                <dd>知识</dd>
                                                <dd>资讯</dd>
                                                <dd>百科</dd>
                                                <dd>行情</dd>
                                                <div class=\"clear\"></div>
                                            </dl>
                                        </div>
                                        <div class=\"nex_wx_r_mid\">
                                            <h2><em>微信</em>扫一扫</h2>
                                            <h3>or</h3>
                                            <h4>添加订阅号</h4>
                                            <h5>星点区块链</h5>
                                        </div>
                                    </div>
                                    <div class=\"clear\"></div>
                                </div>]]></item>
					<item id="items"><![CDATA[10]]></item>
				</item>
				<item id="shownum"><![CDATA[10]]></item>
				<item id="cachetime"><![CDATA[3600]]></item>
				<item id="cachetimerange"><![CDATA[]]></item>
				<item id="punctualupdate"><![CDATA[0]]></item>
				<item id="hidedisplay"><![CDATA[0]]></item>
				<item id="dateline"><![CDATA[1589182345]]></item>
				<item id="notinherited"><![CDATA[0]]></item>
				<item id="isblank"><![CDATA[0]]></item>
			</item>
			<item id="278">
				<item id="bid"><![CDATA[278]]></item>
				<item id="blockclass"><![CDATA[html_html]]></item>
				<item id="blocktype"><![CDATA[0]]></item>
				<item id="name"><![CDATA[APP下载]]></item>
				<item id="title"><![CDATA[]]></item>
				<item id="classname"><![CDATA[]]></item>
				<item id="summary"><![CDATA[<div class="nex_side_focus_qcode">
                                    <div class="nex_app_qcode"><img src="template/nex_finance_200300/neoconex/index/wx_qcode.png"></div>
                                    <div class="nex_app_txt">
                                        <h5>下载星点互联APP</h5>
                                        <p>更有趣的区块链内容社区</p>
                                    </div>
                                    <div class="nex_app_down">
                                        <dl>
                                            <dd class="nex_app_down_android">
                                                <a href="http://t.cn/Aiux1Qh0" target="_blank">android版</a>
                                            </dd>
                                            <dd class="nex_app_down_apple">
                                                <a href="http://t.cn/Aiux1Qh0" target="_blank">apple版</a>
                                            </dd>
                                            <div class="clear"></div>
                                        </dl>
                                    </div>
                                </div>]]></item>
				<item id="uid"><![CDATA[1]]></item>
				<item id="username"><![CDATA[admin]]></item>
				<item id="styleid"><![CDATA[0]]></item>
				<item id="blockstyle"><![CDATA[]]></item>
				<item id="picwidth"><![CDATA[0]]></item>
				<item id="picheight"><![CDATA[0]]></item>
				<item id="target"><![CDATA[blank]]></item>
				<item id="dateformat"><![CDATA[Y-m-d]]></item>
				<item id="dateuformat"><![CDATA[0]]></item>
				<item id="script"><![CDATA[blank]]></item>
				<item id="param">
					<item id="content"><![CDATA[<div class=\"nex_side_focus_qcode\">
                                    <div class=\"nex_app_qcode\"><img src=\"template/nex_finance_200300/neoconex/index/wx_qcode.png\"></div>
                                    <div class=\"nex_app_txt\">
                                        <h5>下载星点互联APP</h5>
                                        <p>更有趣的区块链内容社区</p>
                                    </div>
                                    <div class=\"nex_app_down\">
                                        <dl>
                                            <dd class=\"nex_app_down_android\">
                                                <a href=\"#\" target=\"_blank\">android版</a>
                                            </dd>
                                            <dd class=\"nex_app_down_apple\">
                                                <a href=\"#\" target=\"_blank\">apple版</a>
                                            </dd>
                                            <div class=\"clear\"></div>
                                        </dl>
                                    </div>
                                </div>]]></item>
					<item id="items"><![CDATA[10]]></item>
				</item>
				<item id="shownum"><![CDATA[10]]></item>
				<item id="cachetime"><![CDATA[3600]]></item>
				<item id="cachetimerange"><![CDATA[]]></item>
				<item id="punctualupdate"><![CDATA[0]]></item>
				<item id="hidedisplay"><![CDATA[0]]></item>
				<item id="dateline"><![CDATA[1589182346]]></item>
				<item id="notinherited"><![CDATA[0]]></item>
				<item id="isblank"><![CDATA[0]]></item>
			</item>
			<item id="279">
				<item id="bid"><![CDATA[279]]></item>
				<item id="blockclass"><![CDATA[html_html]]></item>
				<item id="blocktype"><![CDATA[0]]></item>
				<item id="name"><![CDATA[联系我们]]></item>
				<item id="title"><![CDATA[]]></item>
				<item id="classname"><![CDATA[]]></item>
				<item id="summary"><![CDATA[<div class="nex_side_focus_qcode">
                                    <div class="nex_cons_title">商务合作</div>
                                    <div class="nex_cons_lists">
                                        <dl>
                                            <dd>电话：400-568-4577</dd>
                                            <dd>手机：18019009050</dd>
                                        </dl>
                                    </div>
                                    <div class="nex_cons_title">商务邮箱</div>
                                    <div class="nex_cons_lists">
                                        <dl>
                                            <dd>enquiry@dism.taobao</dd>
                                        </dl>
                                    </div>
                                    <div class="nex_cons_title">寻求报道</div>
                                    <div class="nex_cons_lists">
                                        <dl>
                                            <dd>电话：400-568-4577</dd>
                                            <dd>手机：18019009050</dd>
                                        </dl>
                                    </div>
                                </div>]]></item>
				<item id="uid"><![CDATA[1]]></item>
				<item id="username"><![CDATA[admin]]></item>
				<item id="styleid"><![CDATA[0]]></item>
				<item id="blockstyle"><![CDATA[]]></item>
				<item id="picwidth"><![CDATA[0]]></item>
				<item id="picheight"><![CDATA[0]]></item>
				<item id="target"><![CDATA[blank]]></item>
				<item id="dateformat"><![CDATA[Y-m-d]]></item>
				<item id="dateuformat"><![CDATA[0]]></item>
				<item id="script"><![CDATA[blank]]></item>
				<item id="param">
					<item id="content"><![CDATA[<div class=\"nex_side_focus_qcode\">
                                    <div class=\"nex_cons_title\">商务合作</div>
                                    <div class=\"nex_cons_lists\">
                                        <dl>
                                            <dd>电话：400-568-4577</dd>
                                            <dd>手机：18019009050</dd>
                                        </dl>
                                    </div>
                                    <div class=\"nex_cons_title\">商务邮箱</div>
                                    <div class=\"nex_cons_lists\">
                                        <dl>
                                            <dd>enquiry@dism.taobao</dd>
                                        </dl>
                                    </div>
                                    <div class=\"nex_cons_title\">寻求报道</div>
                                    <div class=\"nex_cons_lists\">
                                        <dl>
                                            <dd>电话：400-568-4577</dd>
                                            <dd>手机：18019009050</dd>
                                        </dl>
                                    </div>
                                </div>]]></item>
					<item id="items"><![CDATA[10]]></item>
				</item>
				<item id="shownum"><![CDATA[10]]></item>
				<item id="cachetime"><![CDATA[3600]]></item>
				<item id="cachetimerange"><![CDATA[]]></item>
				<item id="punctualupdate"><![CDATA[0]]></item>
				<item id="hidedisplay"><![CDATA[0]]></item>
				<item id="dateline"><![CDATA[1589161118]]></item>
				<item id="notinherited"><![CDATA[0]]></item>
				<item id="isblank"><![CDATA[0]]></item>
			</item>
			<item id="280">
				<item id="bid"><![CDATA[280]]></item>
				<item id="blockclass"><![CDATA[portal_article]]></item>
				<item id="blocktype"><![CDATA[0]]></item>
				<item id="name"><![CDATA[最新推荐]]></item>
				<item id="title"><![CDATA[]]></item>
				<item id="classname"><![CDATA[]]></item>
				<item id="summary"><![CDATA[]]></item>
				<item id="uid"><![CDATA[1]]></item>
				<item id="username"><![CDATA[admin]]></item>
				<item id="styleid"><![CDATA[0]]></item>
				<item id="blockstyle">
					<item id="name"><![CDATA[]]></item>
					<item id="blockclass"><![CDATA[portal_article]]></item>
					<item id="makethumb"><![CDATA[0]]></item>
					<item id="getpic"><![CDATA[1]]></item>
					<item id="getsummary"><![CDATA[0]]></item>
					<item id="settarget"><![CDATA[1]]></item>
					<item id="moreurl"><![CDATA[0]]></item>
					<item id="fields">
						<item id="0"><![CDATA[url]]></item>
						<item id="1"><![CDATA[pic]]></item>
						<item id="2"><![CDATA[title]]></item>
						<item id="3"><![CDATA[dateline]]></item>
					</item>
					<item id="template">
						<item id="raw"><![CDATA[[loop]
<li>
                        	<div class="nex_new_recoms_img">
                            	<a href="{url}" target="_blank" style="background:url({pic}) center no-repeat; background-size:cover;"></a>
                            </div>
                            <div class="nex_new_recoms_info">
                            	<h5><a href="{url}"{target}>{title}</a></h5>
                                <p>{dateline}</p>
                            </div>
                            <div class="clear"></div>
                        </li>
[/loop]]]></item>
						<item id="footer"><![CDATA[]]></item>
						<item id="header"><![CDATA[]]></item>
						<item id="indexplus">
						</item>
						<item id="index">
						</item>
						<item id="orderplus">
						</item>
						<item id="order">
						</item>
						<item id="loopplus">
						</item>
						<item id="loop"><![CDATA[<li>
                        	<div class="nex_new_recoms_img">
                            	<a href="{url}" target="_blank" style="background:url({pic}) center no-repeat; background-size:cover;"></a>
                            </div>
                            <div class="nex_new_recoms_info">
                            	<h5><a href="{url}"{target}>{title}</a></h5>
                                <p>{dateline}</p>
                            </div>
                            <div class="clear"></div>
                        </li>]]></item>
					</item>
					<item id="hash"><![CDATA[1e840153]]></item>
				</item>
				<item id="picwidth"><![CDATA[0]]></item>
				<item id="picheight"><![CDATA[0]]></item>
				<item id="target"><![CDATA[blank]]></item>
				<item id="dateformat"><![CDATA[Y-m-d]]></item>
				<item id="dateuformat"><![CDATA[0]]></item>
				<item id="script"><![CDATA[article]]></item>
				<item id="param">
					<item id="aids"><![CDATA[]]></item>
					<item id="uids"><![CDATA[]]></item>
					<item id="keyword"><![CDATA[]]></item>
					<item id="picrequired"><![CDATA[1]]></item>
					<item id="starttime"><![CDATA[]]></item>
					<item id="endtime"><![CDATA[]]></item>
					<item id="orderby"><![CDATA[viewnum]]></item>
					<item id="publishdateline"><![CDATA[0]]></item>
					<item id="titlelength"><![CDATA[56]]></item>
					<item id="summarylength"><![CDATA[80]]></item>
					<item id="startrow"><![CDATA[0]]></item>
					<item id="items"><![CDATA[6]]></item>
				</item>
				<item id="shownum"><![CDATA[6]]></item>
				<item id="cachetime"><![CDATA[3600]]></item>
				<item id="cachetimerange"><![CDATA[]]></item>
				<item id="punctualupdate"><![CDATA[0]]></item>
				<item id="hidedisplay"><![CDATA[0]]></item>
				<item id="dateline"><![CDATA[1589161133]]></item>
				<item id="notinherited"><![CDATA[0]]></item>
				<item id="isblank"><![CDATA[0]]></item>
			</item>
			<item id="281">
				<item id="bid"><![CDATA[281]]></item>
				<item id="blockclass"><![CDATA[portal_article]]></item>
				<item id="blocktype"><![CDATA[0]]></item>
				<item id="name"><![CDATA[热文排行24]]></item>
				<item id="title"><![CDATA[]]></item>
				<item id="classname"><![CDATA[]]></item>
				<item id="summary"><![CDATA[]]></item>
				<item id="uid"><![CDATA[1]]></item>
				<item id="username"><![CDATA[admin]]></item>
				<item id="styleid"><![CDATA[0]]></item>
				<item id="blockstyle">
					<item id="name"><![CDATA[]]></item>
					<item id="blockclass"><![CDATA[portal_article]]></item>
					<item id="makethumb"><![CDATA[0]]></item>
					<item id="getpic"><![CDATA[0]]></item>
					<item id="getsummary"><![CDATA[0]]></item>
					<item id="settarget"><![CDATA[1]]></item>
					<item id="moreurl"><![CDATA[0]]></item>
					<item id="fields">
						<item id="0"><![CDATA[url]]></item>
						<item id="1"><![CDATA[title]]></item>
						<item id="2"><![CDATA[caturl]]></item>
						<item id="3"><![CDATA[catname]]></item>
						<item id="4"><![CDATA[dateline]]></item>
						<item id="5"><![CDATA[currentorder]]></item>
					</item>
					<item id="template">
						<item id="raw"><![CDATA[[loop]
[order=1]

<dd>
                                    	<div class="nex_ART_reading_rk_line">
                                            <em class="nex_ART_rknum1">1</em>
                                            <a href="{url}"{target}>{title}</a>
                                            <div class="clear"></div>
                                        </div>
                                        <div class="nex_ART_reading_rk_btm">
                                        	<a href="{caturl}" target="_blank">[{catname}]</a>
                                            <span>{dateline}</span>
                                            <div class="clear"></div>
                                        </div>
                                    </dd>
[/order]
[order=2]

<dd>
                                    	<div class="nex_ART_reading_rk_line">
                                            <em class="nex_ART_rknum2">2</em>
                                            <a href="{url}"{target}>{title}</a>
                                            <div class="clear"></div>
                                        </div>
                                        <div class="nex_ART_reading_rk_btm">
                                        	<a href="{caturl}" target="_blank">[{catname}]</a>
                                            <span>{dateline}</span>
                                            <div class="clear"></div>
                                        </div>
                                    </dd>
[/order]
[order=3]

<dd>
                                    	<div class="nex_ART_reading_rk_line">
                                            <em class="nex_ART_rknum3">3</em>
                                            <a href="{url}"{target}>{title}</a>
                                            <div class="clear"></div>
                                        </div>
                                        <div class="nex_ART_reading_rk_btm">
                                        	<a href="{caturl}" target="_blank">[{catname}]</a>
                                            <span>{dateline}</span>
                                            <div class="clear"></div>
                                        </div>
                                    </dd>
[/order]
                                    

                                    <dd>
                                    	<div class="nex_ART_reading_rk_line">
                                            <em>{currentorder}</em>
                                            <a href="{url}"{target}>{title}</a>
                                            <div class="clear"></div>
                                        </div>
                                    </dd>
[/loop]]]></item>
						<item id="footer"><![CDATA[]]></item>
						<item id="header"><![CDATA[]]></item>
						<item id="indexplus">
						</item>
						<item id="index">
						</item>
						<item id="orderplus">
						</item>
						<item id="order">
							<item id="1"><![CDATA[<dd>
                                    	<div class="nex_ART_reading_rk_line">
                                            <em class="nex_ART_rknum1">1</em>
                                            <a href="{url}"{target}>{title}</a>
                                            <div class="clear"></div>
                                        </div>
                                        <div class="nex_ART_reading_rk_btm">
                                        	<a href="{caturl}" target="_blank">[{catname}]</a>
                                            <span>{dateline}</span>
                                            <div class="clear"></div>
                                        </div>
                                    </dd>]]></item>
							<item id="2"><![CDATA[<dd>
                                    	<div class="nex_ART_reading_rk_line">
                                            <em class="nex_ART_rknum2">2</em>
                                            <a href="{url}"{target}>{title}</a>
                                            <div class="clear"></div>
                                        </div>
                                        <div class="nex_ART_reading_rk_btm">
                                        	<a href="{caturl}" target="_blank">[{catname}]</a>
                                            <span>{dateline}</span>
                                            <div class="clear"></div>
                                        </div>
                                    </dd>]]></item>
							<item id="3"><![CDATA[<dd>
                                    	<div class="nex_ART_reading_rk_line">
                                            <em class="nex_ART_rknum3">3</em>
                                            <a href="{url}"{target}>{title}</a>
                                            <div class="clear"></div>
                                        </div>
                                        <div class="nex_ART_reading_rk_btm">
                                        	<a href="{caturl}" target="_blank">[{catname}]</a>
                                            <span>{dateline}</span>
                                            <div class="clear"></div>
                                        </div>
                                    </dd>]]></item>
						</item>
						<item id="loopplus">
						</item>
						<item id="loop"><![CDATA[[order=1]

<dd>
                                    	<div class="nex_ART_reading_rk_line">
                                            <em class="nex_ART_rknum1">1</em>
                                            <a href="{url}"{target}>{title}</a>
                                            <div class="clear"></div>
                                        </div>
                                        <div class="nex_ART_reading_rk_btm">
                                        	<a href="{caturl}" target="_blank">[{catname}]</a>
                                            <span>{dateline}</span>
                                            <div class="clear"></div>
                                        </div>
                                    </dd>
[/order]
[order=2]

<dd>
                                    	<div class="nex_ART_reading_rk_line">
                                            <em class="nex_ART_rknum2">2</em>
                                            <a href="{url}"{target}>{title}</a>
                                            <div class="clear"></div>
                                        </div>
                                        <div class="nex_ART_reading_rk_btm">
                                        	<a href="{caturl}" target="_blank">[{catname}]</a>
                                            <span>{dateline}</span>
                                            <div class="clear"></div>
                                        </div>
                                    </dd>
[/order]
[order=3]

<dd>
                                    	<div class="nex_ART_reading_rk_line">
                                            <em class="nex_ART_rknum3">3</em>
                                            <a href="{url}"{target}>{title}</a>
                                            <div class="clear"></div>
                                        </div>
                                        <div class="nex_ART_reading_rk_btm">
                                        	<a href="{caturl}" target="_blank">[{catname}]</a>
                                            <span>{dateline}</span>
                                            <div class="clear"></div>
                                        </div>
                                    </dd>
[/order]
                                    

                                    <dd>
                                    	<div class="nex_ART_reading_rk_line">
                                            <em>{currentorder}</em>
                                            <a href="{url}"{target}>{title}</a>
                                            <div class="clear"></div>
                                        </div>
                                    </dd>]]></item>
					</item>
					<item id="hash"><![CDATA[da14b84a]]></item>
				</item>
				<item id="picwidth"><![CDATA[0]]></item>
				<item id="picheight"><![CDATA[0]]></item>
				<item id="target"><![CDATA[blank]]></item>
				<item id="dateformat"><![CDATA[Y-m-d]]></item>
				<item id="dateuformat"><![CDATA[0]]></item>
				<item id="script"><![CDATA[article]]></item>
				<item id="param">
					<item id="aids"><![CDATA[]]></item>
					<item id="uids"><![CDATA[]]></item>
					<item id="keyword"><![CDATA[]]></item>
					<item id="picrequired"><![CDATA[0]]></item>
					<item id="starttime"><![CDATA[]]></item>
					<item id="endtime"><![CDATA[]]></item>
					<item id="orderby"><![CDATA[viewnum]]></item>
					<item id="publishdateline"><![CDATA[0]]></item>
					<item id="titlelength"><![CDATA[56]]></item>
					<item id="summarylength"><![CDATA[80]]></item>
					<item id="startrow"><![CDATA[0]]></item>
					<item id="items"><![CDATA[10]]></item>
				</item>
				<item id="shownum"><![CDATA[10]]></item>
				<item id="cachetime"><![CDATA[3600]]></item>
				<item id="cachetimerange"><![CDATA[]]></item>
				<item id="punctualupdate"><![CDATA[0]]></item>
				<item id="hidedisplay"><![CDATA[0]]></item>
				<item id="dateline"><![CDATA[1589163700]]></item>
				<item id="notinherited"><![CDATA[0]]></item>
				<item id="isblank"><![CDATA[0]]></item>
			</item>
			<item id="282">
				<item id="bid"><![CDATA[282]]></item>
				<item id="blockclass"><![CDATA[portal_article]]></item>
				<item id="blocktype"><![CDATA[0]]></item>
				<item id="name"><![CDATA[热文排行一周]]></item>
				<item id="title"><![CDATA[]]></item>
				<item id="classname"><![CDATA[]]></item>
				<item id="summary"><![CDATA[]]></item>
				<item id="uid"><![CDATA[1]]></item>
				<item id="username"><![CDATA[admin]]></item>
				<item id="styleid"><![CDATA[0]]></item>
				<item id="blockstyle">
					<item id="name"><![CDATA[]]></item>
					<item id="blockclass"><![CDATA[portal_article]]></item>
					<item id="makethumb"><![CDATA[0]]></item>
					<item id="getpic"><![CDATA[0]]></item>
					<item id="getsummary"><![CDATA[0]]></item>
					<item id="settarget"><![CDATA[1]]></item>
					<item id="moreurl"><![CDATA[0]]></item>
					<item id="fields">
						<item id="0"><![CDATA[url]]></item>
						<item id="1"><![CDATA[title]]></item>
						<item id="2"><![CDATA[caturl]]></item>
						<item id="3"><![CDATA[catname]]></item>
						<item id="4"><![CDATA[dateline]]></item>
						<item id="5"><![CDATA[currentorder]]></item>
					</item>
					<item id="template">
						<item id="raw"><![CDATA[[loop]
[order=1]

<dd>
                                    	<div class="nex_ART_reading_rk_line">
                                            <em class="nex_ART_rknum1">1</em>
                                            <a href="{url}"{target}>{title}</a>
                                            <div class="clear"></div>
                                        </div>
                                        <div class="nex_ART_reading_rk_btm">
                                        	<a href="{caturl}" target="_blank">[{catname}]</a>
                                            <span>{dateline}</span>
                                            <div class="clear"></div>
                                        </div>
                                    </dd>
[/order]
[order=2]

<dd>
                                    	<div class="nex_ART_reading_rk_line">
                                            <em class="nex_ART_rknum2">2</em>
                                            <a href="{url}"{target}>{title}</a>
                                            <div class="clear"></div>
                                        </div>
                                        <div class="nex_ART_reading_rk_btm">
                                        	<a href="{caturl}" target="_blank">[{catname}]</a>
                                            <span>{dateline}</span>
                                            <div class="clear"></div>
                                        </div>
                                    </dd>
[/order]
[order=3]

<dd>
                                    	<div class="nex_ART_reading_rk_line">
                                            <em class="nex_ART_rknum3">3</em>
                                            <a href="{url}"{target}>{title}</a>
                                            <div class="clear"></div>
                                        </div>
                                        <div class="nex_ART_reading_rk_btm">
                                        	<a href="{caturl}" target="_blank">[{catname}]</a>
                                            <span>{dateline}</span>
                                            <div class="clear"></div>
                                        </div>
                                    </dd>
[/order]
                                    

                                    <dd>
                                    	<div class="nex_ART_reading_rk_line">
                                            <em>{currentorder}</em>
                                            <a href="{url}"{target}>{title}</a>
                                            <div class="clear"></div>
                                        </div>
                                    </dd>
[/loop]]]></item>
						<item id="footer"><![CDATA[]]></item>
						<item id="header"><![CDATA[]]></item>
						<item id="indexplus">
						</item>
						<item id="index">
						</item>
						<item id="orderplus">
						</item>
						<item id="order">
							<item id="1"><![CDATA[<dd>
                                    	<div class="nex_ART_reading_rk_line">
                                            <em class="nex_ART_rknum1">1</em>
                                            <a href="{url}"{target}>{title}</a>
                                            <div class="clear"></div>
                                        </div>
                                        <div class="nex_ART_reading_rk_btm">
                                        	<a href="{caturl}" target="_blank">[{catname}]</a>
                                            <span>{dateline}</span>
                                            <div class="clear"></div>
                                        </div>
                                    </dd>]]></item>
							<item id="2"><![CDATA[<dd>
                                    	<div class="nex_ART_reading_rk_line">
                                            <em class="nex_ART_rknum2">2</em>
                                            <a href="{url}"{target}>{title}</a>
                                            <div class="clear"></div>
                                        </div>
                                        <div class="nex_ART_reading_rk_btm">
                                        	<a href="{caturl}" target="_blank">[{catname}]</a>
                                            <span>{dateline}</span>
                                            <div class="clear"></div>
                                        </div>
                                    </dd>]]></item>
							<item id="3"><![CDATA[<dd>
                                    	<div class="nex_ART_reading_rk_line">
                                            <em class="nex_ART_rknum3">3</em>
                                            <a href="{url}"{target}>{title}</a>
                                            <div class="clear"></div>
                                        </div>
                                        <div class="nex_ART_reading_rk_btm">
                                        	<a href="{caturl}" target="_blank">[{catname}]</a>
                                            <span>{dateline}</span>
                                            <div class="clear"></div>
                                        </div>
                                    </dd>]]></item>
						</item>
						<item id="loopplus">
						</item>
						<item id="loop"><![CDATA[[order=1]

<dd>
                                    	<div class="nex_ART_reading_rk_line">
                                            <em class="nex_ART_rknum1">1</em>
                                            <a href="{url}"{target}>{title}</a>
                                            <div class="clear"></div>
                                        </div>
                                        <div class="nex_ART_reading_rk_btm">
                                        	<a href="{caturl}" target="_blank">[{catname}]</a>
                                            <span>{dateline}</span>
                                            <div class="clear"></div>
                                        </div>
                                    </dd>
[/order]
[order=2]

<dd>
                                    	<div class="nex_ART_reading_rk_line">
                                            <em class="nex_ART_rknum2">2</em>
                                            <a href="{url}"{target}>{title}</a>
                                            <div class="clear"></div>
                                        </div>
                                        <div class="nex_ART_reading_rk_btm">
                                        	<a href="{caturl}" target="_blank">[{catname}]</a>
                                            <span>{dateline}</span>
                                            <div class="clear"></div>
                                        </div>
                                    </dd>
[/order]
[order=3]

<dd>
                                    	<div class="nex_ART_reading_rk_line">
                                            <em class="nex_ART_rknum3">3</em>
                                            <a href="{url}"{target}>{title}</a>
                                            <div class="clear"></div>
                                        </div>
                                        <div class="nex_ART_reading_rk_btm">
                                        	<a href="{caturl}" target="_blank">[{catname}]</a>
                                            <span>{dateline}</span>
                                            <div class="clear"></div>
                                        </div>
                                    </dd>
[/order]
                                    

                                    <dd>
                                    	<div class="nex_ART_reading_rk_line">
                                            <em>{currentorder}</em>
                                            <a href="{url}"{target}>{title}</a>
                                            <div class="clear"></div>
                                        </div>
                                    </dd>]]></item>
					</item>
					<item id="hash"><![CDATA[da14b84a]]></item>
				</item>
				<item id="picwidth"><![CDATA[0]]></item>
				<item id="picheight"><![CDATA[0]]></item>
				<item id="target"><![CDATA[blank]]></item>
				<item id="dateformat"><![CDATA[Y-m-d]]></item>
				<item id="dateuformat"><![CDATA[0]]></item>
				<item id="script"><![CDATA[article]]></item>
				<item id="param">
					<item id="aids"><![CDATA[]]></item>
					<item id="uids"><![CDATA[]]></item>
					<item id="keyword"><![CDATA[]]></item>
					<item id="picrequired"><![CDATA[0]]></item>
					<item id="starttime"><![CDATA[]]></item>
					<item id="endtime"><![CDATA[]]></item>
					<item id="orderby"><![CDATA[viewnum]]></item>
					<item id="publishdateline"><![CDATA[0]]></item>
					<item id="titlelength"><![CDATA[56]]></item>
					<item id="summarylength"><![CDATA[80]]></item>
					<item id="startrow"><![CDATA[0]]></item>
					<item id="items"><![CDATA[10]]></item>
				</item>
				<item id="shownum"><![CDATA[10]]></item>
				<item id="cachetime"><![CDATA[3600]]></item>
				<item id="cachetimerange"><![CDATA[]]></item>
				<item id="punctualupdate"><![CDATA[0]]></item>
				<item id="hidedisplay"><![CDATA[0]]></item>
				<item id="dateline"><![CDATA[1589164749]]></item>
				<item id="notinherited"><![CDATA[0]]></item>
				<item id="isblank"><![CDATA[0]]></item>
			</item>
			<item id="283">
				<item id="bid"><![CDATA[283]]></item>
				<item id="blockclass"><![CDATA[html_html]]></item>
				<item id="blocktype"><![CDATA[0]]></item>
				<item id="name"><![CDATA[文章列表页广告位]]></item>
				<item id="title"><![CDATA[]]></item>
				<item id="classname"><![CDATA[]]></item>
				<item id="summary"><![CDATA[<a href="http://t.cn/Aiux1Qh0" target="_blank"><img src="template/nex_finance_200300/neoconex/info/side_ads.jpg" /></a>]]></item>
				<item id="uid"><![CDATA[1]]></item>
				<item id="username"><![CDATA[admin]]></item>
				<item id="styleid"><![CDATA[0]]></item>
				<item id="blockstyle"><![CDATA[]]></item>
				<item id="picwidth"><![CDATA[0]]></item>
				<item id="picheight"><![CDATA[0]]></item>
				<item id="target"><![CDATA[blank]]></item>
				<item id="dateformat"><![CDATA[Y-m-d]]></item>
				<item id="dateuformat"><![CDATA[0]]></item>
				<item id="script"><![CDATA[blank]]></item>
				<item id="param">
					<item id="content"><![CDATA[<a href=\"#\" target=\"_blank\"><img src=\"template/nex_finance_200300/neoconex/info/side_ads.jpg\" /></a>]]></item>
					<item id="items"><![CDATA[10]]></item>
				</item>
				<item id="shownum"><![CDATA[10]]></item>
				<item id="cachetime"><![CDATA[3600]]></item>
				<item id="cachetimerange"><![CDATA[]]></item>
				<item id="punctualupdate"><![CDATA[0]]></item>
				<item id="hidedisplay"><![CDATA[0]]></item>
				<item id="dateline"><![CDATA[1589164923]]></item>
				<item id="notinherited"><![CDATA[0]]></item>
				<item id="isblank"><![CDATA[0]]></item>
			</item>
		</item>
		<item id="style">
		</item>
	</item>
</root>
