<?xml version="1.0" encoding="ISO-8859-1"?>
<root>
	<item id="spacecss"><![CDATA[]]></item>
	<item id="layoutdata">
		<item id="diynavtop"><![CDATA[]]></item>
		<item id="diy1"><![CDATA[]]></item>
		<item id=""><![CDATA[]]></item>
		<item id="diyfastposttop">
			<item id="frame`frameCKKDDk">
				<item id="attr">
					<item id="name"><![CDATA[frameCKKDDk]]></item>
					<item id="moveable"><![CDATA[true]]></item>
					<item id="className"><![CDATA[frame move-span cl frame-1]]></item>
					<item id="titles"><![CDATA[]]></item>
				</item>
				<item id="column`frameCKKDDk_left">
					<item id="attr">
						<item id="name"><![CDATA[frameCKKDDk_left]]></item>
						<item id="className"><![CDATA[column frame-1-c]]></item>
					</item>
					<item id="block`portal_block_6644">
						<item id="attr">
							<item id="name"><![CDATA[portal_block_6644]]></item>
							<item id="className"><![CDATA[block move-span]]></item>
							<item id="titles"><![CDATA[]]></item>
						</item>
					</item>
				</item>
			</item>
			<item id="frame`frameV6K336">
				<item id="attr">
					<item id="name"><![CDATA[frameV6K336]]></item>
					<item id="moveable"><![CDATA[true]]></item>
					<item id="className"><![CDATA[frame move-span cl frame-1]]></item>
					<item id="titles"><![CDATA[]]></item>
				</item>
				<item id="column`frameV6K336_left">
					<item id="attr">
						<item id="name"><![CDATA[frameV6K336_left]]></item>
						<item id="className"><![CDATA[column frame-1-c]]></item>
					</item>
					<item id="block`portal_block_6646">
						<item id="attr">
							<item id="name"><![CDATA[portal_block_6646]]></item>
							<item id="className"><![CDATA[block move-span]]></item>
							<item id="titles"><![CDATA[]]></item>
						</item>
					</item>
				</item>
			</item>
		</item>
		<item id="diy1_l">
			<item id="frame`frameQWNYxT">
				<item id="attr">
					<item id="name"><![CDATA[frameQWNYxT]]></item>
					<item id="moveable"><![CDATA[true]]></item>
					<item id="className"><![CDATA[frame move-span cl frame-1]]></item>
					<item id="titles"><![CDATA[]]></item>
				</item>
				<item id="column`frameQWNYxT_left">
					<item id="attr">
						<item id="name"><![CDATA[frameQWNYxT_left]]></item>
						<item id="className"><![CDATA[column frame-1-c]]></item>
					</item>
					<item id="block`portal_block_8742">
						<item id="attr">
							<item id="name"><![CDATA[portal_block_8742]]></item>
							<item id="className"><![CDATA[block move-span]]></item>
							<item id="titles"><![CDATA[]]></item>
						</item>
					</item>
				</item>
			</item>
		</item>
		<item id="elec_tuijian"><![CDATA[]]></item>
		<item id="elec_hotlist"><![CDATA[]]></item>
		<item id="elec_sideads">
			<item id="frame`frameyzRPp7">
				<item id="attr">
					<item id="name"><![CDATA[frameyzRPp7]]></item>
					<item id="moveable"><![CDATA[true]]></item>
					<item id="className"><![CDATA[frame move-span cl frame-1]]></item>
					<item id="titles"><![CDATA[]]></item>
				</item>
				<item id="column`frameyzRPp7_left">
					<item id="attr">
						<item id="name"><![CDATA[frameyzRPp7_left]]></item>
						<item id="className"><![CDATA[column frame-1-c]]></item>
					</item>
					<item id="block`portal_block_6643">
						<item id="attr">
							<item id="name"><![CDATA[portal_block_6643]]></item>
							<item id="className"><![CDATA[block move-span]]></item>
							<item id="titles"><![CDATA[]]></item>
						</item>
					</item>
				</item>
			</item>
		</item>
		<item id="diy3"><![CDATA[]]></item>
	</item>
	<item id="blockdata">
		<item id="block">
			<item id="6643">
				<item id="bid"><![CDATA[6643]]></item>
				<item id="blockclass"><![CDATA[forum_thread]]></item>
				<item id="blocktype"><![CDATA[0]]></item>
				<item id="name"><![CDATA[热门视频]]></item>
				<item id="title"><![CDATA[]]></item>
				<item id="classname"><![CDATA[]]></item>
				<item id="summary"><![CDATA[]]></item>
				<item id="uid"><![CDATA[1]]></item>
				<item id="username"><![CDATA[admin]]></item>
				<item id="styleid"><![CDATA[0]]></item>
				<item id="blockstyle">
					<item id="name"><![CDATA[]]></item>
					<item id="blockclass"><![CDATA[forum_thread]]></item>
					<item id="makethumb"><![CDATA[1]]></item>
					<item id="getpic"><![CDATA[1]]></item>
					<item id="getsummary"><![CDATA[0]]></item>
					<item id="settarget"><![CDATA[0]]></item>
					<item id="moreurl"><![CDATA[0]]></item>
					<item id="fields">
						<item id="0"><![CDATA[url]]></item>
						<item id="1"><![CDATA[pic]]></item>
						<item id="2"><![CDATA[dateline]]></item>
						<item id="3"><![CDATA[title]]></item>
						<item id="4"><![CDATA[views]]></item>
						<item id="5"><![CDATA[replies]]></item>
					</item>
					<item id="template">
						<item id="raw"><![CDATA[<div class="box-moder cl" style="width: 340px; margin: 20px 0 0 0; border-top: 2px solid #ed4040;">
  <h3><span class="span-mark span-mark2"></span><b>热门视频</b></h3>
   <ul class="video-list">
 [loop]
  <li class="video-item"> <a href="{url}" target="_blank">
    <dl>
      <dt class="module-pic"> <img src="{pic}" alt="" width="{picwidth}" height="{picheight}" /> <i class="hot-tag video-tag"><span></span><em>{dateline}</em></i> </dt>
      <dd>
        <div class="cell">
          <h4>{title}</h4>
          <p> <span>{views}次播放&#160;</span> <span>&#8901;&#160;{replies}评论</span> </p>
        </div>
      </dd>
    </dl>
    </a> 
  </li>
 [/loop]
</ul>
</div>]]></item>
						<item id="footer"><![CDATA[]]></item>
						<item id="header"><![CDATA[]]></item>
						<item id="indexplus">
						</item>
						<item id="index">
						</item>
						<item id="orderplus">
						</item>
						<item id="order">
						</item>
						<item id="loopplus">
						</item>
						<item id="loop"><![CDATA[<li class="video-item"> <a href="{url}" target="_blank">
    <dl>
      <dt class="module-pic"> <img src="{pic}" alt="" width="{picwidth}" height="{picheight}" /> <i class="hot-tag video-tag"><span></span><em>{dateline}</em></i> </dt>
      <dd>
        <div class="cell">
          <h4>{title}</h4>
          <p> <span>{views}次播放&#160;</span> <span>&#8901;&#160;{replies}评论</span> </p>
        </div>
      </dd>
    </dl>
    </a> 
  </li>]]></item>
					</item>
					<item id="hash"><![CDATA[503715de]]></item>
				</item>
				<item id="picwidth"><![CDATA[118]]></item>
				<item id="picheight"><![CDATA[68]]></item>
				<item id="target"><![CDATA[blank]]></item>
				<item id="dateformat"><![CDATA[H:i]]></item>
				<item id="dateuformat"><![CDATA[0]]></item>
				<item id="script"><![CDATA[thread]]></item>
				<item id="param">
					<item id="tids"><![CDATA[]]></item>
					<item id="uids"><![CDATA[]]></item>
					<item id="keyword"><![CDATA[]]></item>
					<item id="tagkeyword"><![CDATA[]]></item>
					<item id="typeids"><![CDATA[]]></item>
					<item id="recommend"><![CDATA[0]]></item>
					<item id="special">
						<item id="0"><![CDATA[0]]></item>
					</item>
					<item id="viewmod"><![CDATA[0]]></item>
					<item id="rewardstatus"><![CDATA[0]]></item>
					<item id="picrequired"><![CDATA[1]]></item>
					<item id="orderby"><![CDATA[lastpost]]></item>
					<item id="postdateline"><![CDATA[0]]></item>
					<item id="lastpost"><![CDATA[0]]></item>
					<item id="highlight"><![CDATA[0]]></item>
					<item id="titlelength"><![CDATA[40]]></item>
					<item id="summarylength"><![CDATA[80]]></item>
					<item id="startrow"><![CDATA[0]]></item>
					<item id="items"><![CDATA[6]]></item>
				</item>
				<item id="shownum"><![CDATA[6]]></item>
				<item id="cachetime"><![CDATA[3600]]></item>
				<item id="cachetimerange"><![CDATA[]]></item>
				<item id="punctualupdate"><![CDATA[0]]></item>
				<item id="hidedisplay"><![CDATA[0]]></item>
				<item id="dateline"><![CDATA[1599451252]]></item>
				<item id="notinherited"><![CDATA[0]]></item>
				<item id="isblank"><![CDATA[0]]></item>
			</item>
			<item id="6644">
				<item id="bid"><![CDATA[6644]]></item>
				<item id="blockclass"><![CDATA[html_html]]></item>
				<item id="blocktype"><![CDATA[0]]></item>
				<item id="name"><![CDATA[便捷按钮]]></item>
				<item id="title"><![CDATA[]]></item>
				<item id="classname"><![CDATA[]]></item>
				<item id="summary"><![CDATA[<div class="art_qr mt40 p20 b1e clf cl">
            

     <div class="ad-qzcyyjy cl">
        <ul class="clf cl">
            <li>
                <a class="ad-qzcyyjy_item1 deg360" href="#" target="_blank">
                    <i class="iyjy-gn-kxxbg"></i>
                    <p>站长自定义</p>
                </a>
            </li>
            <li>
                <a class="ad-qzcyyjy_item2 deg360" href="#" target="_blank">
                    <i class="icon-syjhs"></i>
                    <p>商业计划书</p>
                </a>
            </li>
            <li>
                <a class="ad-qzcyyjy_item3 deg360" href="#" target="_blank">
                    <i class="qzcyicon icommon-yuanqu"></i>
                    <p>产业规划</p>
                </a>
            </li>
            <li>
                <a class="ad-qzcyyjy_item4 deg360" href="#" target="_blank">
                    <i class="iyjy-gn-yqgh"></i>
                    <p>园区规划  </p>
                </a>
            </li>
            <li>
                <a class="ad-qzcyyjy_item5 deg360" href="#" target="_blank">
                    <i class="qzcyicon icommon-xiaozheng"></i>
                    <p>特色小镇</p>
                </a>
            </li>
            <li>
                <a class="ad-qzcyyjy_item6 deg360" href="#" target="_blank">
                    <i class="iyjy-gn-hlwj"></i>
                    <p>IPO 咨询</p>
                </a>
            </li>
            <li>
                <a class="ad-qzcyyjy_item3 deg360" href="#" target="_blank">
                    <i class="iyjy-gn-zxdy"></i>
                    <p>专项调研</p>
                </a>
            </li>
        </ul>
    </div>

             <div class="clf cl">
                <div style="width: 50%;float: left;">    
                	<p class="l mr15"><img src="template/elec_201701_toutiao/style/qzjjxr_wx.jpg" alt="前瞻经济学人微信二维码" width="94" height="94"></p>           		
		            <p class="f14 lh24">
		                </p><h3 class="f16 mb10"><b>前瞻经济学人</b></h3>
		                <span>专注于中国各行业市场分析、未来发展趋势等。扫一扫立即关注。</span>
		            <p></p>
                </div>
                <div style="width: 50%;float: left;">    
                	<p class="l mr15"><img src="template/elec_201701_toutiao/style/yjywx.png" alt="前瞻产业研究院微信二维码" width="94" height="94"></p>           		
		            <p class="f14  lh24">
		                </p><h3 class="f16 mb10"><b>前瞻产业研究院</b></h3>
		                <span>如何抓准行业的下一个风口？未来5年10年行业趋势如何把握？（站长自定义）</span>
		            <p></p>
                </div>
            </div>		    
        </div>]]></item>
				<item id="uid"><![CDATA[1]]></item>
				<item id="username"><![CDATA[admin]]></item>
				<item id="styleid"><![CDATA[0]]></item>
				<item id="blockstyle"><![CDATA[]]></item>
				<item id="picwidth"><![CDATA[0]]></item>
				<item id="picheight"><![CDATA[0]]></item>
				<item id="target"><![CDATA[blank]]></item>
				<item id="dateformat"><![CDATA[Y-m-d]]></item>
				<item id="dateuformat"><![CDATA[0]]></item>
				<item id="script"><![CDATA[blank]]></item>
				<item id="param">
					<item id="content"><![CDATA[<div class=\"art_qr mt40 p20 b1e clf cl\">
            

     <div class=\"ad-qzcyyjy cl\">
        <ul class=\"clf cl\">
            <li>
                <a class=\"ad-qzcyyjy_item1 deg360\" href=\"#\" target=\"_blank\">
                    <i class=\"iyjy-gn-kxxbg\"></i>
                    <p>站长自定义</p>
                </a>
            </li>
            <li>
                <a class=\"ad-qzcyyjy_item2 deg360\" href=\"#\" target=\"_blank\">
                    <i class=\"icon-syjhs\"></i>
                    <p>商业计划书</p>
                </a>
            </li>
            <li>
                <a class=\"ad-qzcyyjy_item3 deg360\" href=\"#\" target=\"_blank\">
                    <i class=\"qzcyicon icommon-yuanqu\"></i>
                    <p>产业规划</p>
                </a>
            </li>
            <li>
                <a class=\"ad-qzcyyjy_item4 deg360\" href=\"#\" target=\"_blank\">
                    <i class=\"iyjy-gn-yqgh\"></i>
                    <p>园区规划  </p>
                </a>
            </li>
            <li>
                <a class=\"ad-qzcyyjy_item5 deg360\" href=\"#\" target=\"_blank\">
                    <i class=\"qzcyicon icommon-xiaozheng\"></i>
                    <p>特色小镇</p>
                </a>
            </li>
            <li>
                <a class=\"ad-qzcyyjy_item6 deg360\" href=\"#\" target=\"_blank\">
                    <i class=\"iyjy-gn-hlwj\"></i>
                    <p>IPO 咨询</p>
                </a>
            </li>
            <li>
                <a class=\"ad-qzcyyjy_item3 deg360\" href=\"#\" target=\"_blank\">
                    <i class=\"iyjy-gn-zxdy\"></i>
                    <p>专项调研</p>
                </a>
            </li>
        </ul>
    </div>

             <div class=\"clf cl\">
                <div style=\"width: 50%;float: left;\">    
                	<p class=\"l mr15\"><img src=\"template/elec_201701_toutiao/style/qzjjxr_wx.jpg\" alt=\"前瞻经济学人微信二维码\" width=\"94\" height=\"94\"></p>           		
		            <p class=\"f14 lh24\">
		                </p><h3 class=\"f16 mb10\"><b>前瞻经济学人</b></h3>
		                <span>专注于中国各行业市场分析、未来发展趋势等。扫一扫立即关注。</span>
		            <p></p>
                </div>
                <div style=\"width: 50%;float: left;\">    
                	<p class=\"l mr15\"><img src=\"template/elec_201701_toutiao/style/yjywx.png\" alt=\"前瞻产业研究院微信二维码\" width=\"94\" height=\"94\"></p>           		
		            <p class=\"f14  lh24\">
		                </p><h3 class=\"f16 mb10\"><b>前瞻产业研究院</b></h3>
		                <span>如何抓准行业的下一个风口？未来5年10年行业趋势如何把握？（站长自定义）</span>
		            <p></p>
                </div>
            </div>		    
        </div>]]></item>
					<item id="items"><![CDATA[10]]></item>
				</item>
				<item id="shownum"><![CDATA[10]]></item>
				<item id="cachetime"><![CDATA[0]]></item>
				<item id="cachetimerange"><![CDATA[0,0]]></item>
				<item id="punctualupdate"><![CDATA[0]]></item>
				<item id="hidedisplay"><![CDATA[0]]></item>
				<item id="dateline"><![CDATA[1561966786]]></item>
				<item id="notinherited"><![CDATA[0]]></item>
				<item id="isblank"><![CDATA[0]]></item>
			</item>
			<item id="6646">
				<item id="bid"><![CDATA[6646]]></item>
				<item id="blockclass"><![CDATA[html_html]]></item>
				<item id="blocktype"><![CDATA[0]]></item>
				<item id="name"><![CDATA[ads2]]></item>
				<item id="title"><![CDATA[]]></item>
				<item id="classname"><![CDATA[]]></item>
				<item id="summary"><![CDATA[<div class="cl" style="width: 100%; height: 120px; margin: 30px 0 0 0; background: #F6F6F6;">
   <a href="#" style="font-size: 14px; line-height: 120px; text-align: center; display: block; width: 100%; color: #363636;">「 站长自定义广告位 」</a>
</div>]]></item>
				<item id="uid"><![CDATA[1]]></item>
				<item id="username"><![CDATA[admin]]></item>
				<item id="styleid"><![CDATA[0]]></item>
				<item id="blockstyle"><![CDATA[]]></item>
				<item id="picwidth"><![CDATA[0]]></item>
				<item id="picheight"><![CDATA[0]]></item>
				<item id="target"><![CDATA[blank]]></item>
				<item id="dateformat"><![CDATA[Y-m-d]]></item>
				<item id="dateuformat"><![CDATA[0]]></item>
				<item id="script"><![CDATA[blank]]></item>
				<item id="param">
					<item id="content"><![CDATA[<div class=\"cl\" style=\"width: 100%; height: 120px; margin: 30px 0 0 0; background: #F6F6F6;\">
   <a href=\"#\" style=\"font-size: 14px; line-height: 120px; text-align: center; display: block; width: 100%; color: #363636;\">「 站长自定义广告位 」</a>
</div>]]></item>
					<item id="items"><![CDATA[10]]></item>
				</item>
				<item id="shownum"><![CDATA[10]]></item>
				<item id="cachetime"><![CDATA[0]]></item>
				<item id="cachetimerange"><![CDATA[0,0]]></item>
				<item id="punctualupdate"><![CDATA[0]]></item>
				<item id="hidedisplay"><![CDATA[0]]></item>
				<item id="dateline"><![CDATA[1561966785]]></item>
				<item id="notinherited"><![CDATA[0]]></item>
				<item id="isblank"><![CDATA[0]]></item>
			</item>
			<item id="8742">
				<item id="bid"><![CDATA[8742]]></item>
				<item id="blockclass"><![CDATA[forum_thread]]></item>
				<item id="blocktype"><![CDATA[0]]></item>
				<item id="name"><![CDATA[相关推荐阅读]]></item>
				<item id="title"><![CDATA[]]></item>
				<item id="classname"><![CDATA[]]></item>
				<item id="summary"><![CDATA[]]></item>
				<item id="uid"><![CDATA[1]]></item>
				<item id="username"><![CDATA[admin]]></item>
				<item id="styleid"><![CDATA[0]]></item>
				<item id="blockstyle">
					<item id="name"><![CDATA[]]></item>
					<item id="blockclass"><![CDATA[forum_thread]]></item>
					<item id="makethumb"><![CDATA[1]]></item>
					<item id="getpic"><![CDATA[1]]></item>
					<item id="getsummary"><![CDATA[1]]></item>
					<item id="settarget"><![CDATA[0]]></item>
					<item id="moreurl"><![CDATA[0]]></item>
					<item id="fields">
						<item id="0"><![CDATA[url]]></item>
						<item id="1"><![CDATA[title]]></item>
						<item id="2"><![CDATA[pic]]></item>
						<item id="3"><![CDATA[summary]]></item>
						<item id="4"><![CDATA[forumurl]]></item>
						<item id="5"><![CDATA[forumname]]></item>
						<item id="6"><![CDATA[dateline]]></item>
					</item>
					<item id="template">
						<item id="raw"><![CDATA[<style>
.recd-box {
    margin-top: 35px;
    font-family: Arial, Helvetica, sans-serif, Microsoft Yahei
}
.recd-box h2 {
    border-bottom: 1px solid #f0f0f0;
font-size: 18px;
font-weight: 400;
}
.recd-box h2 .h-tab {
float: left;
margin-bottom: 0;
    color: #333333;
    padding-bottom: 6px;
    border-bottom: 0;
}
.f-left {
    float: left;
}
.tag {
    display: inline-block;
    font-size: 12px;
    margin-right: 13px;
    padding: 1px 2px;
    text-decoration: none;
}
.article-item {
    position: relative;
    display: block;
    padding: 20px 0;
    border-bottom: 1px solid #EEEEEE;
}
.article-item .thumb-left {
    float: left;
    width: 158px;
    height: 102px;
}
.article-item .item-right {
    float: right;
    width: 485px;
    overflow: hidden;
}
.item-right h3 {
    font-size: 20px;
    color: #000042;
    line-height: 1.3;
    margin-bottom: 4px;
    font-weight: 700;
}
.item-right h3 a:hover { color: #1989fa}
.item-right p {
    font-size: 14px;
    color: #777;
    line-height: 1.5;
    margin-bottom: 10px;
}
p.a-list-desc {
    height: 40px;
    overflow: hidden;
}
.item-footer {
    font-size: 14px;
}
.item-footer, .item-footer a {
    color: #777;
}
.tag.tag2 {
    color: #FF7920;
    border: 1px solid #FF7920;
}
.look_more { display: block; width: 100%; height: 40px; line-height: 40px; margin-top: 20px; text-align: center; font-size: 15px; background: #F5F5F5}
.look_more a { color: #666666; display: block}
.look_more:hover { background: #F8F8F8}
.look_more:hover a { color: #78B1F6}
</style>
<div class="recd-box cl" id="recdBox">
  <h2 class="cl">
    <div class="h-tab f-left">相关推荐</div>
  </h2>
  <div class="articles-section">
    <div class="cut-line"></div>
    [loop]
    <div class="article-item cl" data-article_id="15"><a class="thumb-left" href="{url}" target="_blank" title="{title}"><img alt="{title}" src="{pic}" width="{picwidth}" height="{picheight" title="{title}"></a>
      <div class="item-right">
        <div class="right-bd">
          <h3><a href="{url}" target="_blank" title="{title}">{title}</a></h3>
          <p class="a-list-desc">{summary}</p>
        </div>
        <div class="item-footer"><a href="{forumurl}" class="tag tag2" target="_blank">{forumname}</a><a href="{url}" target="_blank">网友 &#8901; </a><a href="{url}" target="_blank"><span class="rdCount"></span><span> 阅读 &#8901; </span></a><a href="{url}" target="_blank"><span class="cmtCount"></span><span> 评论 &#8901; </span></a><span>{dateline}</span></div>
      </div>
    </div>
    [/loop]
  </div>
</div>
<div class="look_more"><a href="#">阅读更多</a></div>]]></item>
						<item id="footer"><![CDATA[]]></item>
						<item id="header"><![CDATA[]]></item>
						<item id="indexplus">
						</item>
						<item id="index">
						</item>
						<item id="orderplus">
						</item>
						<item id="order">
						</item>
						<item id="loopplus">
						</item>
						<item id="loop"><![CDATA[<div class="article-item cl" data-article_id="15"><a class="thumb-left" href="{url}" target="_blank" title="{title}"><img alt="{title}" src="{pic}" width="{picwidth}" height="{picheight" title="{title}"></a>
      <div class="item-right">
        <div class="right-bd">
          <h3><a href="{url}" target="_blank" title="{title}">{title}</a></h3>
          <p class="a-list-desc">{summary}</p>
        </div>
        <div class="item-footer"><a href="{forumurl}" class="tag tag2" target="_blank">{forumname}</a><a href="{url}" target="_blank">网友 &#8901; </a><a href="{url}" target="_blank"><span class="rdCount"></span><span> 阅读 &#8901; </span></a><a href="{url}" target="_blank"><span class="cmtCount"></span><span> 评论 &#8901; </span></a><span>{dateline}</span></div>
      </div>
    </div>]]></item>
					</item>
					<item id="hash"><![CDATA[c2bff14c]]></item>
				</item>
				<item id="picwidth"><![CDATA[158]]></item>
				<item id="picheight"><![CDATA[102]]></item>
				<item id="target"><![CDATA[blank]]></item>
				<item id="dateformat"><![CDATA[Y-m-d]]></item>
				<item id="dateuformat"><![CDATA[0]]></item>
				<item id="script"><![CDATA[thread]]></item>
				<item id="param">
					<item id="tids"><![CDATA[]]></item>
					<item id="uids"><![CDATA[]]></item>
					<item id="keyword"><![CDATA[]]></item>
					<item id="tagkeyword"><![CDATA[]]></item>
					<item id="fids">
						<item id="0"><![CDATA[1]]></item>
						<item id="1"><![CDATA[2]]></item>
						<item id="2"><![CDATA[38]]></item>
						<item id="3"><![CDATA[37]]></item>
						<item id="4"><![CDATA[44]]></item>
					</item>
					<item id="typeids"><![CDATA[]]></item>
					<item id="recommend"><![CDATA[0]]></item>
					<item id="special">
						<item id="0"><![CDATA[0]]></item>
					</item>
					<item id="viewmod"><![CDATA[0]]></item>
					<item id="rewardstatus"><![CDATA[0]]></item>
					<item id="picrequired"><![CDATA[1]]></item>
					<item id="orderby"><![CDATA[dateline]]></item>
					<item id="postdateline"><![CDATA[0]]></item>
					<item id="lastpost"><![CDATA[0]]></item>
					<item id="highlight"><![CDATA[0]]></item>
					<item id="titlelength"><![CDATA[60]]></item>
					<item id="summarylength"><![CDATA[80]]></item>
					<item id="startrow"><![CDATA[0]]></item>
					<item id="items"><![CDATA[10]]></item>
				</item>
				<item id="shownum"><![CDATA[10]]></item>
				<item id="cachetime"><![CDATA[3600]]></item>
				<item id="cachetimerange"><![CDATA[]]></item>
				<item id="punctualupdate"><![CDATA[0]]></item>
				<item id="hidedisplay"><![CDATA[0]]></item>
				<item id="dateline"><![CDATA[1599451782]]></item>
				<item id="notinherited"><![CDATA[0]]></item>
				<item id="isblank"><![CDATA[0]]></item>
			</item>
		</item>
		<item id="style">
		</item>
	</item>
</root>
