<?xml version="1.0" encoding="ISO-8859-1"?>
<root>
	<item id="spacecss"><![CDATA[]]></item>
	<item id="layoutdata">
		<item id="diy2">
			<item id="frame`framefSQaih">
				<item id="attr">
					<item id="name"><![CDATA[framefSQaih]]></item>
					<item id="moveable"><![CDATA[true]]></item>
					<item id="className"><![CDATA[frame move-span cl frame-1]]></item>
					<item id="titles"><![CDATA[]]></item>
				</item>
				<item id="column`framefSQaih_left">
					<item id="attr">
						<item id="name"><![CDATA[framefSQaih_left]]></item>
						<item id="className"><![CDATA[column frame-1-c]]></item>
					</item>
					<item id="block`portal_block_86">
						<item id="attr">
							<item id="name"><![CDATA[portal_block_86]]></item>
							<item id="className"><![CDATA[block move-span]]></item>
							<item id="titles"><![CDATA[]]></item>
						</item>
					</item>
				</item>
			</item>
		</item>
	</item>
	<item id="blockdata">
		<item id="block">
			<item id="86">
				<item id="bid"><![CDATA[86]]></item>
				<item id="blockclass"><![CDATA[forum_thread]]></item>
				<item id="blocktype"><![CDATA[0]]></item>
				<item id="name"><![CDATA[上榜]]></item>
				<item id="title"><![CDATA[]]></item>
				<item id="classname"><![CDATA[]]></item>
				<item id="summary"><![CDATA[]]></item>
				<item id="uid"><![CDATA[1]]></item>
				<item id="username"><![CDATA[admin]]></item>
				<item id="styleid"><![CDATA[0]]></item>
				<item id="blockstyle">
					<item id="name"><![CDATA[]]></item>
					<item id="blockclass"><![CDATA[forum_thread]]></item>
					<item id="makethumb"><![CDATA[0]]></item>
					<item id="getpic"><![CDATA[0]]></item>
					<item id="getsummary"><![CDATA[0]]></item>
					<item id="settarget"><![CDATA[0]]></item>
					<item id="moreurl"><![CDATA[0]]></item>
					<item id="fields">
						<item id="0"><![CDATA[url]]></item>
						<item id="1"><![CDATA[title]]></item>
						<item id="2"><![CDATA[dateline]]></item>
					</item>
					<item id="template">
						<item id="raw"><![CDATA[<div class="box-moder cl" style="margin: 0;">
  <h3><span class="span-mark span-mark2"></span><b>社区热门</b><span class="pull-right project-more story-more">
  <a href="#" class="transition" target="_blank">全部</a></span></h3>
  <ul class="duanqu-list">
   [loop]
    <li>
      <div class="story-content">
        <div style="font-weight: 500;" class="story-title" story-data-show="false">
          <a href="{url}"><p class="transition"><span class="icon icon-caret"></span>{title}</p></a>
        </div>
        <div style="display: block;" class="story-time story-time-footer">
          <p class="time">{dateline}</p>
          <div class="clear"></div>
        </div>
      </div>
    </li>
   [/loop]
  </ul>
</div>]]></item>
						<item id="footer"><![CDATA[]]></item>
						<item id="header"><![CDATA[]]></item>
						<item id="indexplus"><![CDATA[
						]]></item>
						<item id="index"><![CDATA[
						]]></item>
						<item id="orderplus"><![CDATA[
						]]></item>
						<item id="order"><![CDATA[
						]]></item>
						<item id="loopplus"><![CDATA[
						]]></item>
						<item id="loop"><![CDATA[<li>
      <div class="story-content">
        <div style="font-weight: 500;" class="story-title" story-data-show="false">
          <a href="{url}"><p class="transition"><span class="icon icon-caret"></span>{title}</p></a>
        </div>
        <div style="display: block;" class="story-time story-time-footer">
          <p class="time">{dateline}</p>
          <div class="clear"></div>
        </div>
      </div>
    </li>]]></item>
					</item>
					<item id="hash"><![CDATA[258550d0]]></item>
				</item>
				<item id="picwidth"><![CDATA[0]]></item>
				<item id="picheight"><![CDATA[0]]></item>
				<item id="target"><![CDATA[blank]]></item>
				<item id="dateformat"><![CDATA[Y-m-d]]></item>
				<item id="dateuformat"><![CDATA[0]]></item>
				<item id="script"><![CDATA[thread]]></item>
				<item id="param">
					<item id="tids"><![CDATA[]]></item>
					<item id="uids"><![CDATA[]]></item>
					<item id="keyword"><![CDATA[]]></item>
					<item id="tagkeyword"><![CDATA[]]></item>
					<item id="fids">
						<item id="0"><![CDATA[0]]></item>
						<item id="1"><![CDATA[1]]></item>
						<item id="2"><![CDATA[2]]></item>
						<item id="3"><![CDATA[37]]></item>
						<item id="4"><![CDATA[38]]></item>
						<item id="5"><![CDATA[39]]></item>
						<item id="6"><![CDATA[36]]></item>
						<item id="7"><![CDATA[40]]></item>
						<item id="8"><![CDATA[41]]></item>
						<item id="9"><![CDATA[42]]></item>
						<item id="10"><![CDATA[43]]></item>
					</item>
					<item id="typeids"><![CDATA[]]></item>
					<item id="recommend"><![CDATA[0]]></item>
					<item id="viewmod"><![CDATA[0]]></item>
					<item id="rewardstatus"><![CDATA[0]]></item>
					<item id="picrequired"><![CDATA[0]]></item>
					<item id="orderby"><![CDATA[lastpost]]></item>
					<item id="postdateline"><![CDATA[0]]></item>
					<item id="lastpost"><![CDATA[0]]></item>
					<item id="highlight"><![CDATA[0]]></item>
					<item id="titlelength"><![CDATA[40]]></item>
					<item id="summarylength"><![CDATA[80]]></item>
					<item id="startrow"><![CDATA[0]]></item>
					<item id="items"><![CDATA[4]]></item>
				</item>
				<item id="shownum"><![CDATA[4]]></item>
				<item id="cachetime"><![CDATA[3600]]></item>
				<item id="cachetimerange"><![CDATA[]]></item>
				<item id="punctualupdate"><![CDATA[0]]></item>
				<item id="hidedisplay"><![CDATA[0]]></item>
				<item id="dateline"><![CDATA[1593751026]]></item>
				<item id="notinherited"><![CDATA[0]]></item>
				<item id="isblank"><![CDATA[0]]></item>
			</item>
		</item>
		<item id="style">
		</item>
	</item>
</root>
