<?xml version="1.0" encoding="ISO-8859-1"?>
<root>
	<item id="spacecss"><![CDATA[]]></item>
	<item id="layoutdata">
		<item id="diy1"><![CDATA[]]></item>
		<item id="diyrs">
			<item id="frame`framer2NI8t">
				<item id="attr">
					<item id="name"><![CDATA[framer2NI8t]]></item>
					<item id="moveable"><![CDATA[true]]></item>
					<item id="className"><![CDATA[frame move-span cl frame-1]]></item>
					<item id="titles"><![CDATA[]]></item>
				</item>
				<item id="column`framer2NI8t_left">
					<item id="attr">
						<item id="name"><![CDATA[framer2NI8t_left]]></item>
						<item id="className"><![CDATA[column frame-1-c]]></item>
					</item>
					<item id="block`portal_block_6933">
						<item id="attr">
							<item id="name"><![CDATA[portal_block_6933]]></item>
							<item id="className"><![CDATA[block move-span]]></item>
							<item id="titles"><![CDATA[]]></item>
						</item>
					</item>
				</item>
			</item>
			<item id="frame`frameGAjWmn">
				<item id="attr">
					<item id="name"><![CDATA[frameGAjWmn]]></item>
					<item id="moveable"><![CDATA[true]]></item>
					<item id="className"><![CDATA[frame move-span cl frame-1]]></item>
					<item id="titles"><![CDATA[]]></item>
				</item>
				<item id="column`frameGAjWmn_left">
					<item id="attr">
						<item id="name"><![CDATA[frameGAjWmn_left]]></item>
						<item id="className"><![CDATA[column frame-1-c]]></item>
					</item>
					<item id="block`portal_block_6934">
						<item id="attr">
							<item id="name"><![CDATA[portal_block_6934]]></item>
							<item id="className"><![CDATA[block move-span]]></item>
							<item id="titles"><![CDATA[]]></item>
						</item>
					</item>
				</item>
			</item>
		</item>
		<item id="diycontentbottom"><![CDATA[]]></item>
	</item>
	<item id="blockdata">
		<item id="block">
			<item id="6933">
				<item id="bid"><![CDATA[6933]]></item>
				<item id="blockclass"><![CDATA[html_html]]></item>
				<item id="blocktype"><![CDATA[0]]></item>
				<item id="name"><![CDATA[介绍]]></item>
				<item id="title"><![CDATA[]]></item>
				<item id="classname"><![CDATA[]]></item>
				<item id="summary"><![CDATA[<div class="master-r-title">
        <p class="a">栏目介绍 <img src="template/elec_201701_toutiao/style/zhuanti/title-img.gif"></p>
      </div>
      <p class="h"> 【大湾区区块链专题】是Pintu财经继嘻哈访谈后新开设的一个专访栏目，栏目主要聚焦大湾区区块链行业的大咖，包括行业领袖、创业者、从业者、技术大咖、项目CEO等等，带你深入了解大咖们一路走向成功的故事，坚持嘻哈财经的为区块链行业赋能的初衷。（站长自定义）</p>]]></item>
				<item id="uid"><![CDATA[1]]></item>
				<item id="username"><![CDATA[admin]]></item>
				<item id="styleid"><![CDATA[0]]></item>
				<item id="blockstyle"><![CDATA[]]></item>
				<item id="picwidth"><![CDATA[0]]></item>
				<item id="picheight"><![CDATA[0]]></item>
				<item id="target"><![CDATA[blank]]></item>
				<item id="dateformat"><![CDATA[Y-m-d]]></item>
				<item id="dateuformat"><![CDATA[0]]></item>
				<item id="script"><![CDATA[blank]]></item>
				<item id="param">
					<item id="content"><![CDATA[      <div class=\"master-r-title\">
        <p class=\"a\">栏目介绍 <img src=\"template/elec_201701_toutiao/style/zhuanti/title-img.gif\"></p>
      </div>
      <p class=\"h\"> 【大湾区区块链专题】是Pintu财经继嘻哈访谈后新开设的一个专访栏目，栏目主要聚焦大湾区区块链行业的大咖，包括行业领袖、创业者、从业者、技术大咖、项目CEO等等，带你深入了解大咖们一路走向成功的故事，坚持嘻哈财经的为区块链行业赋能的初衷。（站长自定义）</p>]]></item>
					<item id="items"><![CDATA[10]]></item>
				</item>
				<item id="shownum"><![CDATA[10]]></item>
				<item id="cachetime"><![CDATA[0]]></item>
				<item id="cachetimerange"><![CDATA[0,0]]></item>
				<item id="punctualupdate"><![CDATA[0]]></item>
				<item id="hidedisplay"><![CDATA[0]]></item>
				<item id="dateline"><![CDATA[1566967921]]></item>
				<item id="notinherited"><![CDATA[0]]></item>
				<item id="isblank"><![CDATA[0]]></item>
			</item>
			<item id="6934">
				<item id="bid"><![CDATA[6934]]></item>
				<item id="blockclass"><![CDATA[html_html]]></item>
				<item id="blocktype"><![CDATA[0]]></item>
				<item id="name"><![CDATA[合作]]></item>
				<item id="title"><![CDATA[]]></item>
				<item id="classname"><![CDATA[]]></item>
				<item id="summary"><![CDATA[<div class="cl" style="height: 220px; width: 100%; text-align: center; color: #333333; font-size: 16px; line-height: 220px; margin-top: 20px; background: #F5F5F5;">广告合作 TEL: 138000XXXX</div>]]></item>
				<item id="uid"><![CDATA[1]]></item>
				<item id="username"><![CDATA[admin]]></item>
				<item id="styleid"><![CDATA[0]]></item>
				<item id="blockstyle"><![CDATA[]]></item>
				<item id="picwidth"><![CDATA[0]]></item>
				<item id="picheight"><![CDATA[0]]></item>
				<item id="target"><![CDATA[blank]]></item>
				<item id="dateformat"><![CDATA[Y-m-d]]></item>
				<item id="dateuformat"><![CDATA[0]]></item>
				<item id="script"><![CDATA[blank]]></item>
				<item id="param">
					<item id="content"><![CDATA[<div class=\"cl\" style=\"height: 220px; width: 100%; text-align: center; color: #333333; font-size: 16px; line-height: 220px; margin-top: 20px; background: #F5F5F5;\">广告合作 TEL: 138000XXXX</div>]]></item>
					<item id="items"><![CDATA[10]]></item>
				</item>
				<item id="shownum"><![CDATA[10]]></item>
				<item id="cachetime"><![CDATA[0]]></item>
				<item id="cachetimerange"><![CDATA[0,0]]></item>
				<item id="punctualupdate"><![CDATA[0]]></item>
				<item id="hidedisplay"><![CDATA[0]]></item>
				<item id="dateline"><![CDATA[1566968276]]></item>
				<item id="notinherited"><![CDATA[0]]></item>
				<item id="isblank"><![CDATA[0]]></item>
			</item>
		</item>
		<item id="style">
		</item>
	</item>
</root>
