<?xml version="1.0" encoding="ISO-8859-1"?>
<root>
	<item id="spacecss"><![CDATA[]]></item>
	<item id="layoutdata">
		<item id="diy_top">
			<item id="frame`framekKCv13">
				<item id="attr">
					<item id="name"><![CDATA[framekKCv13]]></item>
					<item id="moveable"><![CDATA[true]]></item>
					<item id="className"><![CDATA[frame move-span cl frame-1]]></item>
					<item id="titles"><![CDATA[]]></item>
				</item>
				<item id="column`framekKCv13_left">
					<item id="attr">
						<item id="name"><![CDATA[framekKCv13_left]]></item>
						<item id="className"><![CDATA[column frame-1-c]]></item>
					</item>
					<item id="block`portal_block_8865">
						<item id="attr">
							<item id="name"><![CDATA[portal_block_8865]]></item>
							<item id="className"><![CDATA[block move-span]]></item>
							<item id="titles"><![CDATA[]]></item>
						</item>
					</item>
				</item>
			</item>
		</item>
		<item id="diy1">
			<item id="frame`framec1Oy0n">
				<item id="attr">
					<item id="name"><![CDATA[framec1Oy0n]]></item>
					<item id="moveable"><![CDATA[true]]></item>
					<item id="className"><![CDATA[frame move-span cl frame-1]]></item>
					<item id="titles"><![CDATA[]]></item>
				</item>
				<item id="column`framec1Oy0n_left">
					<item id="attr">
						<item id="name"><![CDATA[framec1Oy0n_left]]></item>
						<item id="className"><![CDATA[column frame-1-c]]></item>
					</item>
					<item id="block`portal_block_8864">
						<item id="attr">
							<item id="name"><![CDATA[portal_block_8864]]></item>
							<item id="className"><![CDATA[block move-span]]></item>
							<item id="titles"><![CDATA[]]></item>
						</item>
					</item>
				</item>
			</item>
		</item>
	</item>
	<item id="blockdata">
		<item id="block">
			<item id="8864">
				<item id="bid"><![CDATA[8864]]></item>
				<item id="blockclass"><![CDATA[forum_activity]]></item>
				<item id="blocktype"><![CDATA[0]]></item>
				<item id="name"><![CDATA[活动版块]]></item>
				<item id="title"><![CDATA[]]></item>
				<item id="classname"><![CDATA[]]></item>
				<item id="summary"><![CDATA[]]></item>
				<item id="uid"><![CDATA[1]]></item>
				<item id="username"><![CDATA[admin]]></item>
				<item id="styleid"><![CDATA[0]]></item>
				<item id="blockstyle">
					<item id="name"><![CDATA[]]></item>
					<item id="blockclass"><![CDATA[forum_activity]]></item>
					<item id="makethumb"><![CDATA[1]]></item>
					<item id="getpic"><![CDATA[1]]></item>
					<item id="getsummary"><![CDATA[0]]></item>
					<item id="settarget"><![CDATA[0]]></item>
					<item id="moreurl"><![CDATA[0]]></item>
					<item id="fields">
						<item id="0"><![CDATA[class]]></item>
						<item id="1"><![CDATA[url]]></item>
						<item id="2"><![CDATA[pic]]></item>
						<item id="3"><![CDATA[title]]></item>
						<item id="4"><![CDATA[place]]></item>
						<item id="5"><![CDATA[time]]></item>
					</item>
					<item id="template">
						<item id="raw"><![CDATA[<div class="cl" style="width: 1200px;">
[loop]
<div class="activity-list-warp cl">
<div class="transition">
  <div class="angle-warp">  {class} </div>
  <div class="activity-pic"> <a href="{url}" target="_blank"><img src="{pic}" width="{picwidth}" height="{picheight}" /></a> </div>
  <div class="activity-content-warp">
    <div class="activity-name"> <a href="{url}" target="_blank">{title}</a> </div>
    <div class="activity-content cl">
     <div class="z">
      <div class="cl">
       {place}
      </div>
      <div class="cl">
       	{time}
      </div>
     </div>
     <div class="y">
      <div class="activity-type pull-right ">进行中</div>
     </div>
    </div>
  </div>
</div>
</div>
[/loop]
</div>]]></item>
						<item id="footer"><![CDATA[]]></item>
						<item id="header"><![CDATA[]]></item>
						<item id="indexplus">
						</item>
						<item id="index">
						</item>
						<item id="orderplus">
						</item>
						<item id="order">
						</item>
						<item id="loopplus">
						</item>
						<item id="loop"><![CDATA[<div class="activity-list-warp cl">
<div class="transition">
  <div class="angle-warp">  {class} </div>
  <div class="activity-pic"> <a href="{url}" target="_blank"><img src="{pic}" width="{picwidth}" height="{picheight}" /></a> </div>
  <div class="activity-content-warp">
    <div class="activity-name"> <a href="{url}" target="_blank">{title}</a> </div>
    <div class="activity-content cl">
     <div class="z">
      <div class="cl">
       {place}
      </div>
      <div class="cl">
       	{time}
      </div>
     </div>
     <div class="y">
      <div class="activity-type pull-right ">进行中</div>
     </div>
    </div>
  </div>
</div>
</div>]]></item>
					</item>
					<item id="hash"><![CDATA[02698930]]></item>
				</item>
				<item id="picwidth"><![CDATA[376]]></item>
				<item id="picheight"><![CDATA[220]]></item>
				<item id="target"><![CDATA[blank]]></item>
				<item id="dateformat"><![CDATA[Y-m-d]]></item>
				<item id="dateuformat"><![CDATA[0]]></item>
				<item id="script"><![CDATA[activity]]></item>
				<item id="param">
					<item id="tids"><![CDATA[]]></item>
					<item id="uids"><![CDATA[]]></item>
					<item id="keyword"><![CDATA[]]></item>
					<item id="viewmod"><![CDATA[0]]></item>
					<item id="recommend"><![CDATA[0]]></item>
					<item id="place"><![CDATA[]]></item>
					<item id="class"><![CDATA[]]></item>
					<item id="gender"><![CDATA[]]></item>
					<item id="orderby"><![CDATA[dateline]]></item>
					<item id="highlight"><![CDATA[0]]></item>
					<item id="titlelength"><![CDATA[55]]></item>
					<item id="summarylength"><![CDATA[120]]></item>
					<item id="startrow"><![CDATA[0]]></item>
					<item id="items"><![CDATA[9]]></item>
				</item>
				<item id="shownum"><![CDATA[9]]></item>
				<item id="cachetime"><![CDATA[3600]]></item>
				<item id="cachetimerange"><![CDATA[]]></item>
				<item id="punctualupdate"><![CDATA[0]]></item>
				<item id="hidedisplay"><![CDATA[0]]></item>
				<item id="dateline"><![CDATA[1601452507]]></item>
				<item id="notinherited"><![CDATA[0]]></item>
				<item id="isblank"><![CDATA[0]]></item>
			</item>
			<item id="8865">
				<item id="bid"><![CDATA[8865]]></item>
				<item id="blockclass"><![CDATA[html_html]]></item>
				<item id="blocktype"><![CDATA[0]]></item>
				<item id="name"><![CDATA[tit]]></item>
				<item id="title"><![CDATA[]]></item>
				<item id="classname"><![CDATA[]]></item>
				<item id="summary"><![CDATA[<div class="nav-column">
        <i class="icon2 icon-calendar"></i>最新活动
    </div>]]></item>
				<item id="uid"><![CDATA[1]]></item>
				<item id="username"><![CDATA[admin]]></item>
				<item id="styleid"><![CDATA[0]]></item>
				<item id="blockstyle"><![CDATA[]]></item>
				<item id="picwidth"><![CDATA[0]]></item>
				<item id="picheight"><![CDATA[0]]></item>
				<item id="target"><![CDATA[blank]]></item>
				<item id="dateformat"><![CDATA[Y-m-d]]></item>
				<item id="dateuformat"><![CDATA[0]]></item>
				<item id="script"><![CDATA[blank]]></item>
				<item id="param">
					<item id="content"><![CDATA[<div class=\"nav-column\">
        <i class=\"icon2 icon-calendar\"></i>最新活动
    </div>]]></item>
					<item id="items"><![CDATA[10]]></item>
				</item>
				<item id="shownum"><![CDATA[10]]></item>
				<item id="cachetime"><![CDATA[0]]></item>
				<item id="cachetimerange"><![CDATA[0,0]]></item>
				<item id="punctualupdate"><![CDATA[0]]></item>
				<item id="hidedisplay"><![CDATA[0]]></item>
				<item id="dateline"><![CDATA[1601451777]]></item>
				<item id="notinherited"><![CDATA[0]]></item>
				<item id="isblank"><![CDATA[0]]></item>
			</item>
		</item>
		<item id="style">
		</item>
	</item>
</root>
