<?xml version="1.0" encoding="ISO-8859-1"?>
<root>
	<item id="spacecss"><![CDATA[]]></item>
	<item id="layoutdata">
		<item id="diy1"><![CDATA[]]></item>
		<item id="diysummarytop"><![CDATA[]]></item>
		<item id="diysummarybottom"><![CDATA[]]></item>
		<item id="diycontenttop"><![CDATA[]]></item>
		<item id="diycontentbottom"><![CDATA[]]></item>
		<item id="diycontentclickbottom"><![CDATA[]]></item>
		<item id="diycontentrelatetop"><![CDATA[]]></item>
		<item id="diycontentrelate">
			<item id="frame`framegHNhbI">
				<item id="attr">
					<item id="name"><![CDATA[framegHNhbI]]></item>
					<item id="moveable"><![CDATA[true]]></item>
					<item id="className"><![CDATA[frame move-span cl frame-1]]></item>
					<item id="titles"><![CDATA[]]></item>
				</item>
				<item id="column`framegHNhbI_left">
					<item id="attr">
						<item id="name"><![CDATA[framegHNhbI_left]]></item>
						<item id="className"><![CDATA[column frame-1-c]]></item>
					</item>
					<item id="block`portal_block_6110">
						<item id="attr">
							<item id="name"><![CDATA[portal_block_6110]]></item>
							<item id="className"><![CDATA[block move-span]]></item>
							<item id="titles"><![CDATA[]]></item>
						</item>
					</item>
				</item>
			</item>
			<item id="frame`frameCX0KfR">
				<item id="attr">
					<item id="name"><![CDATA[frameCX0KfR]]></item>
					<item id="moveable"><![CDATA[true]]></item>
					<item id="className"><![CDATA[frame move-span cl frame-1]]></item>
					<item id="titles"><![CDATA[]]></item>
				</item>
				<item id="column`frameCX0KfR_left">
					<item id="attr">
						<item id="name"><![CDATA[frameCX0KfR_left]]></item>
						<item id="className"><![CDATA[column frame-1-c]]></item>
					</item>
					<item id="block`portal_block_6112">
						<item id="attr">
							<item id="name"><![CDATA[portal_block_6112]]></item>
							<item id="className"><![CDATA[block move-span]]></item>
							<item id="titles"><![CDATA[]]></item>
						</item>
					</item>
				</item>
			</item>
			<item id="frame`frameYn3FII">
				<item id="attr">
					<item id="name"><![CDATA[frameYn3FII]]></item>
					<item id="moveable"><![CDATA[true]]></item>
					<item id="className"><![CDATA[frame move-span cl frame-1]]></item>
					<item id="titles"><![CDATA[]]></item>
				</item>
				<item id="column`frameYn3FII_left">
					<item id="attr">
						<item id="name"><![CDATA[frameYn3FII_left]]></item>
						<item id="className"><![CDATA[column frame-1-c]]></item>
					</item>
					<item id="block`portal_block_6111">
						<item id="attr">
							<item id="name"><![CDATA[portal_block_6111]]></item>
							<item id="className"><![CDATA[block move-span]]></item>
							<item id="titles"><![CDATA[]]></item>
						</item>
					</item>
				</item>
			</item>
		</item>
		<item id=""><![CDATA[]]></item>
		<item id="diycontentcomment"><![CDATA[]]></item>
		<item id="diy2">
			<item id="frame`framexCDniZ">
				<item id="attr">
					<item id="name"><![CDATA[framexCDniZ]]></item>
					<item id="moveable"><![CDATA[true]]></item>
					<item id="className"><![CDATA[frame move-span cl frame-1]]></item>
					<item id="titles"><![CDATA[]]></item>
				</item>
				<item id="column`framexCDniZ_left">
					<item id="attr">
						<item id="name"><![CDATA[framexCDniZ_left]]></item>
						<item id="className"><![CDATA[column frame-1-c]]></item>
					</item>
					<item id="block`portal_block_6108">
						<item id="attr">
							<item id="name"><![CDATA[portal_block_6108]]></item>
							<item id="className"><![CDATA[block move-span]]></item>
							<item id="titles"><![CDATA[]]></item>
						</item>
					</item>
				</item>
			</item>
		</item>
		<item id="diy6"><![CDATA[]]></item>
		<item id="diy7">
			<item id="frame`frameyOc0Kr">
				<item id="attr">
					<item id="name"><![CDATA[frameyOc0Kr]]></item>
					<item id="moveable"><![CDATA[true]]></item>
					<item id="className"><![CDATA[frame move-span cl frame-1]]></item>
					<item id="titles"><![CDATA[]]></item>
				</item>
				<item id="column`frameyOc0Kr_left">
					<item id="attr">
						<item id="name"><![CDATA[frameyOc0Kr_left]]></item>
						<item id="className"><![CDATA[column frame-1-c]]></item>
					</item>
					<item id="block`portal_block_6109">
						<item id="attr">
							<item id="name"><![CDATA[portal_block_6109]]></item>
							<item id="className"><![CDATA[block move-span]]></item>
							<item id="titles"><![CDATA[]]></item>
						</item>
					</item>
				</item>
			</item>
		</item>
		<item id="diy3"><![CDATA[]]></item>
	</item>
	<item id="blockdata">
		<item id="block">
			<item id="6108">
				<item id="bid"><![CDATA[6108]]></item>
				<item id="blockclass"><![CDATA[portal_article]]></item>
				<item id="blocktype"><![CDATA[0]]></item>
				<item id="name"><![CDATA[热门推荐1]]></item>
				<item id="title"><![CDATA[]]></item>
				<item id="classname"><![CDATA[]]></item>
				<item id="summary"><![CDATA[]]></item>
				<item id="uid"><![CDATA[1]]></item>
				<item id="username"><![CDATA[admin]]></item>
				<item id="styleid"><![CDATA[0]]></item>
				<item id="blockstyle">
					<item id="name"><![CDATA[]]></item>
					<item id="blockclass"><![CDATA[portal_article]]></item>
					<item id="makethumb"><![CDATA[0]]></item>
					<item id="getpic"><![CDATA[0]]></item>
					<item id="getsummary"><![CDATA[0]]></item>
					<item id="settarget"><![CDATA[0]]></item>
					<item id="moreurl"><![CDATA[0]]></item>
					<item id="fields">
						<item id="0"><![CDATA[url]]></item>
						<item id="1"><![CDATA[title]]></item>
					</item>
					<item id="template">
						<item id="raw"><![CDATA[[loop]<li class="user-card-article-item"><i></i><a href="{url}" target="_blank">{title}</a></li>[/loop]]]></item>
						<item id="footer"><![CDATA[]]></item>
						<item id="header"><![CDATA[]]></item>
						<item id="indexplus"><![CDATA[
						]]></item>
						<item id="index"><![CDATA[
						]]></item>
						<item id="orderplus"><![CDATA[
						]]></item>
						<item id="order"><![CDATA[
						]]></item>
						<item id="loopplus"><![CDATA[
						]]></item>
						<item id="loop"><![CDATA[<li class="user-card-article-item"><i></i><a href="{url}" target="_blank">{title}</a></li>]]></item>
					</item>
					<item id="hash"><![CDATA[fc9accf0]]></item>
				</item>
				<item id="picwidth"><![CDATA[0]]></item>
				<item id="picheight"><![CDATA[0]]></item>
				<item id="target"><![CDATA[blank]]></item>
				<item id="dateformat"><![CDATA[Y-m-d]]></item>
				<item id="dateuformat"><![CDATA[0]]></item>
				<item id="script"><![CDATA[article]]></item>
				<item id="param">
					<item id="aids"><![CDATA[]]></item>
					<item id="uids"><![CDATA[]]></item>
					<item id="keyword"><![CDATA[]]></item>
					<item id="picrequired"><![CDATA[0]]></item>
					<item id="starttime"><![CDATA[]]></item>
					<item id="endtime"><![CDATA[]]></item>
					<item id="publishdateline"><![CDATA[0]]></item>
					<item id="titlelength"><![CDATA[60]]></item>
					<item id="summarylength"><![CDATA[80]]></item>
					<item id="startrow"><![CDATA[0]]></item>
					<item id="items"><![CDATA[6]]></item>
					<item id="tids"><![CDATA[]]></item>
					<item id="tagkeyword"><![CDATA[]]></item>
					<item id="typeids"><![CDATA[]]></item>
					<item id="recommend"><![CDATA[0]]></item>
					<item id="viewmod"><![CDATA[0]]></item>
					<item id="rewardstatus"><![CDATA[0]]></item>
					<item id="orderby"><![CDATA[lastpost]]></item>
					<item id="postdateline"><![CDATA[0]]></item>
					<item id="lastpost"><![CDATA[0]]></item>
					<item id="highlight"><![CDATA[0]]></item>
				</item>
				<item id="shownum"><![CDATA[6]]></item>
				<item id="cachetime"><![CDATA[3600]]></item>
				<item id="cachetimerange"><![CDATA[]]></item>
				<item id="punctualupdate"><![CDATA[0]]></item>
				<item id="hidedisplay"><![CDATA[0]]></item>
				<item id="dateline"><![CDATA[1544673995]]></item>
				<item id="notinherited"><![CDATA[0]]></item>
				<item id="isblank"><![CDATA[0]]></item>
			</item>
			<item id="6109">
				<item id="bid"><![CDATA[6109]]></item>
				<item id="blockclass"><![CDATA[portal_article]]></item>
				<item id="blocktype"><![CDATA[0]]></item>
				<item id="name"><![CDATA[热门视频]]></item>
				<item id="title"><![CDATA[]]></item>
				<item id="classname"><![CDATA[]]></item>
				<item id="summary"><![CDATA[]]></item>
				<item id="uid"><![CDATA[1]]></item>
				<item id="username"><![CDATA[admin]]></item>
				<item id="styleid"><![CDATA[0]]></item>
				<item id="blockstyle">
					<item id="name"><![CDATA[]]></item>
					<item id="blockclass"><![CDATA[portal_article]]></item>
					<item id="makethumb"><![CDATA[1]]></item>
					<item id="getpic"><![CDATA[1]]></item>
					<item id="getsummary"><![CDATA[0]]></item>
					<item id="settarget"><![CDATA[0]]></item>
					<item id="moreurl"><![CDATA[0]]></item>
					<item id="fields">
						<item id="0"><![CDATA[url]]></item>
						<item id="1"><![CDATA[pic]]></item>
						<item id="2"><![CDATA[dateline]]></item>
						<item id="3"><![CDATA[title]]></item>
						<item id="4"><![CDATA[viewnum]]></item>
						<item id="5"><![CDATA[commentnum]]></item>
					</item>
					<item id="template">
						<item id="raw"><![CDATA[<div class="box-moder cl" style="margin: 20px 0 0 0; border-top: 2px solid #ed4040;">
  <h3><span class="span-mark span-mark2"></span><b>热门视频</b></h3>
   <ul class="video-list">
 [loop]
  <li class="video-item"> <a href="{url}" target="_blank">
    <dl>
      <dt class="module-pic"> <img src="{pic}" alt="" width="{picwidth}" height="{picheight}" /> <i class="hot-tag video-tag"><span></span><em>{dateline}</em></i> </dt>
      <dd>
        <div class="cell">
          <h4>{title}</h4>
          <p> <span>{viewnum}次播放&#160;</span> <span>&#8901;&#160;{commentnum}评论</span> </p>
        </div>
      </dd>
    </dl>
    </a> 
  </li>
 [/loop]
</ul>
</div>]]></item>
						<item id="footer"><![CDATA[]]></item>
						<item id="header"><![CDATA[]]></item>
						<item id="indexplus"><![CDATA[
						]]></item>
						<item id="index"><![CDATA[
						]]></item>
						<item id="orderplus"><![CDATA[
						]]></item>
						<item id="order"><![CDATA[
						]]></item>
						<item id="loopplus"><![CDATA[
						]]></item>
						<item id="loop"><![CDATA[<li class="video-item"> <a href="{url}" target="_blank">
    <dl>
      <dt class="module-pic"> <img src="{pic}" alt="" width="{picwidth}" height="{picheight}" /> <i class="hot-tag video-tag"><span></span><em>{dateline}</em></i> </dt>
      <dd>
        <div class="cell">
          <h4>{title}</h4>
          <p> <span>{viewnum}次播放&#160;</span> <span>&#8901;&#160;{commentnum}评论</span> </p>
        </div>
      </dd>
    </dl>
    </a> 
  </li>]]></item>
					</item>
					<item id="hash"><![CDATA[57b0a472]]></item>
				</item>
				<item id="picwidth"><![CDATA[118]]></item>
				<item id="picheight"><![CDATA[68]]></item>
				<item id="target"><![CDATA[blank]]></item>
				<item id="dateformat"><![CDATA[H:i]]></item>
				<item id="dateuformat"><![CDATA[0]]></item>
				<item id="script"><![CDATA[article]]></item>
				<item id="param">
					<item id="tids"><![CDATA[]]></item>
					<item id="uids"><![CDATA[]]></item>
					<item id="keyword"><![CDATA[]]></item>
					<item id="tagkeyword"><![CDATA[]]></item>
					<item id="typeids"><![CDATA[]]></item>
					<item id="recommend"><![CDATA[0]]></item>
					<item id="special">
						<item id="0"><![CDATA[0]]></item>
					</item>
					<item id="viewmod"><![CDATA[0]]></item>
					<item id="rewardstatus"><![CDATA[0]]></item>
					<item id="picrequired"><![CDATA[1]]></item>
					<item id="orderby"><![CDATA[lastpost]]></item>
					<item id="postdateline"><![CDATA[0]]></item>
					<item id="lastpost"><![CDATA[0]]></item>
					<item id="highlight"><![CDATA[0]]></item>
					<item id="titlelength"><![CDATA[40]]></item>
					<item id="summarylength"><![CDATA[80]]></item>
					<item id="startrow"><![CDATA[0]]></item>
					<item id="items"><![CDATA[6]]></item>
				</item>
				<item id="shownum"><![CDATA[6]]></item>
				<item id="cachetime"><![CDATA[3600]]></item>
				<item id="cachetimerange"><![CDATA[]]></item>
				<item id="punctualupdate"><![CDATA[0]]></item>
				<item id="hidedisplay"><![CDATA[0]]></item>
				<item id="dateline"><![CDATA[1544673994]]></item>
				<item id="notinherited"><![CDATA[0]]></item>
				<item id="isblank"><![CDATA[0]]></item>
			</item>
			<item id="6110">
				<item id="bid"><![CDATA[6110]]></item>
				<item id="blockclass"><![CDATA[html_html]]></item>
				<item id="blocktype"><![CDATA[0]]></item>
				<item id="name"><![CDATA[便捷按钮]]></item>
				<item id="title"><![CDATA[]]></item>
				<item id="classname"><![CDATA[]]></item>
				<item id="summary"><![CDATA[<div class="art_qr mt40 p20 b1e clf cl">
            

     <div class="ad-qzcyyjy cl">
        <ul class="clf cl">
            <li>
                <a class="ad-qzcyyjy_item1 deg360" href="#" target="_blank">
                    <i class="iyjy-gn-kxxbg"></i>
                    <p>站长自定义</p>
                </a>
            </li>
            <li>
                <a class="ad-qzcyyjy_item2 deg360" href="#" target="_blank">
                    <i class="icon-syjhs"></i>
                    <p>商业计划书</p>
                </a>
            </li>
            <li>
                <a class="ad-qzcyyjy_item3 deg360" href="#" target="_blank">
                    <i class="qzcyicon icommon-yuanqu"></i>
                    <p>产业规划</p>
                </a>
            </li>
            <li>
                <a class="ad-qzcyyjy_item4 deg360" href="#" target="_blank">
                    <i class="iyjy-gn-yqgh"></i>
                    <p>园区规划  </p>
                </a>
            </li>
            <li>
                <a class="ad-qzcyyjy_item5 deg360" href="#" target="_blank">
                    <i class="qzcyicon icommon-xiaozheng"></i>
                    <p>特色小镇</p>
                </a>
            </li>
            <li>
                <a class="ad-qzcyyjy_item6 deg360" href="#" target="_blank">
                    <i class="iyjy-gn-hlwj"></i>
                    <p>IPO 咨询</p>
                </a>
            </li>
            <li>
                <a class="ad-qzcyyjy_item3 deg360" href="#" target="_blank">
                    <i class="iyjy-gn-zxdy"></i>
                    <p>专项调研</p>
                </a>
            </li>
        </ul>
    </div>

             <div class="clf cl">
                <div style="width: 50%;float: left;">    
                	<p class="l mr15"><img src="template/elec_201701_toutiao/style/qzjjxr_wx.jpg" alt="前瞻经济学人微信二维码" width="94" height="94"></p>           		
		            <p class="f14 lh24">
		                </p><h3 class="f16 mb10"><b>前瞻经济学人</b></h3>
		                <span>专注于中国各行业市场分析、未来发展趋势等。扫一扫立即关注。</span>
		            <p></p>
                </div>
                <div style="width: 50%;float: left;">    
                	<p class="l mr15"><img src="template/elec_201701_toutiao/style/yjywx.png" alt="前瞻产业研究院微信二维码" width="94" height="94"></p>           		
		            <p class="f14  lh24">
		                </p><h3 class="f16 mb10"><b>前瞻产业研究院</b></h3>
		                <span>如何抓准行业的下一个风口？未来5年10年行业趋势如何把握？（站长自定义）</span>
		            <p></p>
                </div>
            </div>		    
        </div>]]></item>
				<item id="uid"><![CDATA[1]]></item>
				<item id="username"><![CDATA[admin]]></item>
				<item id="styleid"><![CDATA[0]]></item>
				<item id="blockstyle"><![CDATA[]]></item>
				<item id="picwidth"><![CDATA[0]]></item>
				<item id="picheight"><![CDATA[0]]></item>
				<item id="target"><![CDATA[blank]]></item>
				<item id="dateformat"><![CDATA[Y-m-d]]></item>
				<item id="dateuformat"><![CDATA[0]]></item>
				<item id="script"><![CDATA[blank]]></item>
				<item id="param">
					<item id="content"><![CDATA[<div class=\"art_qr mt40 p20 b1e clf cl\">
            

     <div class=\"ad-qzcyyjy cl\">
        <ul class=\"clf cl\">
            <li>
                <a class=\"ad-qzcyyjy_item1 deg360\" href=\"#\" target=\"_blank\">
                    <i class=\"iyjy-gn-kxxbg\"></i>
                    <p>站长自定义</p>
                </a>
            </li>
            <li>
                <a class=\"ad-qzcyyjy_item2 deg360\" href=\"#\" target=\"_blank\">
                    <i class=\"icon-syjhs\"></i>
                    <p>商业计划书</p>
                </a>
            </li>
            <li>
                <a class=\"ad-qzcyyjy_item3 deg360\" href=\"#\" target=\"_blank\">
                    <i class=\"qzcyicon icommon-yuanqu\"></i>
                    <p>产业规划</p>
                </a>
            </li>
            <li>
                <a class=\"ad-qzcyyjy_item4 deg360\" href=\"#\" target=\"_blank\">
                    <i class=\"iyjy-gn-yqgh\"></i>
                    <p>园区规划  </p>
                </a>
            </li>
            <li>
                <a class=\"ad-qzcyyjy_item5 deg360\" href=\"#\" target=\"_blank\">
                    <i class=\"qzcyicon icommon-xiaozheng\"></i>
                    <p>特色小镇</p>
                </a>
            </li>
            <li>
                <a class=\"ad-qzcyyjy_item6 deg360\" href=\"#\" target=\"_blank\">
                    <i class=\"iyjy-gn-hlwj\"></i>
                    <p>IPO 咨询</p>
                </a>
            </li>
            <li>
                <a class=\"ad-qzcyyjy_item3 deg360\" href=\"#\" target=\"_blank\">
                    <i class=\"iyjy-gn-zxdy\"></i>
                    <p>专项调研</p>
                </a>
            </li>
        </ul>
    </div>

             <div class=\"clf cl\">
                <div style=\"width: 50%;float: left;\">    
                	<p class=\"l mr15\"><img src=\"template/elec_201701_toutiao/style/qzjjxr_wx.jpg\" alt=\"前瞻经济学人微信二维码\" width=\"94\" height=\"94\"></p>           		
		            <p class=\"f14 lh24\">
		                </p><h3 class=\"f16 mb10\"><b>前瞻经济学人</b></h3>
		                <span>专注于中国各行业市场分析、未来发展趋势等。扫一扫立即关注。</span>
		            <p></p>
                </div>
                <div style=\"width: 50%;float: left;\">    
                	<p class=\"l mr15\"><img src=\"template/elec_201701_toutiao/style/yjywx.png\" alt=\"前瞻产业研究院微信二维码\" width=\"94\" height=\"94\"></p>           		
		            <p class=\"f14  lh24\">
		                </p><h3 class=\"f16 mb10\"><b>前瞻产业研究院</b></h3>
		                <span>如何抓准行业的下一个风口？未来5年10年行业趋势如何把握？（站长自定义）</span>
		            <p></p>
                </div>
            </div>		    
        </div>]]></item>
					<item id="items"><![CDATA[10]]></item>
				</item>
				<item id="shownum"><![CDATA[10]]></item>
				<item id="cachetime"><![CDATA[0]]></item>
				<item id="cachetimerange"><![CDATA[0,0]]></item>
				<item id="punctualupdate"><![CDATA[0]]></item>
				<item id="hidedisplay"><![CDATA[0]]></item>
				<item id="dateline"><![CDATA[1544674014]]></item>
				<item id="notinherited"><![CDATA[0]]></item>
				<item id="isblank"><![CDATA[0]]></item>
			</item>
			<item id="6111">
				<item id="bid"><![CDATA[6111]]></item>
				<item id="blockclass"><![CDATA[forum_thread]]></item>
				<item id="blocktype"><![CDATA[0]]></item>
				<item id="name"><![CDATA[感兴趣的帖子]]></item>
				<item id="title"><![CDATA[]]></item>
				<item id="classname"><![CDATA[]]></item>
				<item id="summary"><![CDATA[]]></item>
				<item id="uid"><![CDATA[1]]></item>
				<item id="username"><![CDATA[admin]]></item>
				<item id="styleid"><![CDATA[0]]></item>
				<item id="blockstyle">
					<item id="name"><![CDATA[]]></item>
					<item id="blockclass"><![CDATA[forum_thread]]></item>
					<item id="makethumb"><![CDATA[1]]></item>
					<item id="getpic"><![CDATA[1]]></item>
					<item id="getsummary"><![CDATA[0]]></item>
					<item id="settarget"><![CDATA[0]]></item>
					<item id="moreurl"><![CDATA[0]]></item>
					<item id="fields">
						<item id="0"><![CDATA[url]]></item>
						<item id="1"><![CDATA[pic]]></item>
						<item id="2"><![CDATA[title]]></item>
					</item>
					<item id="template">
						<item id="raw"><![CDATA[<div class="interested-article">
                <div class="article-module-bt">
                    <h2>您可能感兴趣的文章</h2>
                </div>
                <div class="interested-article-list">
                [loop]
                                        <a href="{url}" target="_blank">
                        <div class="picture"><img src="{pic}" width="{picwidth}" height="{picheight}" /></div>
                        <div class="interested-title">
                            <h2>{title}</h2>
                        </div>
                    </a>
                    [/loop]
                                    </div>
            </div>]]></item>
						<item id="footer"><![CDATA[]]></item>
						<item id="header"><![CDATA[]]></item>
						<item id="indexplus"><![CDATA[
						]]></item>
						<item id="index"><![CDATA[
						]]></item>
						<item id="orderplus"><![CDATA[
						]]></item>
						<item id="order"><![CDATA[
						]]></item>
						<item id="loopplus"><![CDATA[
						]]></item>
						<item id="loop"><![CDATA[<a href="{url}" target="_blank">
                        <div class="picture"><img src="{pic}" width="{picwidth}" height="{picheight}" /></div>
                        <div class="interested-title">
                            <h2>{title}</h2>
                        </div>
                    </a>]]></item>
					</item>
					<item id="hash"><![CDATA[a7a465f8]]></item>
				</item>
				<item id="picwidth"><![CDATA[214]]></item>
				<item id="picheight"><![CDATA[130]]></item>
				<item id="target"><![CDATA[blank]]></item>
				<item id="dateformat"><![CDATA[Y-m-d]]></item>
				<item id="dateuformat"><![CDATA[0]]></item>
				<item id="script"><![CDATA[thread]]></item>
				<item id="param">
					<item id="tids"><![CDATA[]]></item>
					<item id="uids"><![CDATA[]]></item>
					<item id="keyword"><![CDATA[]]></item>
					<item id="tagkeyword"><![CDATA[]]></item>
					<item id="typeids"><![CDATA[]]></item>
					<item id="recommend"><![CDATA[0]]></item>
					<item id="special">
						<item id="0"><![CDATA[0]]></item>
					</item>
					<item id="viewmod"><![CDATA[0]]></item>
					<item id="rewardstatus"><![CDATA[0]]></item>
					<item id="picrequired"><![CDATA[1]]></item>
					<item id="orderby"><![CDATA[dateline]]></item>
					<item id="postdateline"><![CDATA[0]]></item>
					<item id="lastpost"><![CDATA[0]]></item>
					<item id="highlight"><![CDATA[0]]></item>
					<item id="titlelength"><![CDATA[60]]></item>
					<item id="summarylength"><![CDATA[80]]></item>
					<item id="startrow"><![CDATA[0]]></item>
					<item id="items"><![CDATA[3]]></item>
				</item>
				<item id="shownum"><![CDATA[3]]></item>
				<item id="cachetime"><![CDATA[3600]]></item>
				<item id="cachetimerange"><![CDATA[]]></item>
				<item id="punctualupdate"><![CDATA[0]]></item>
				<item id="hidedisplay"><![CDATA[0]]></item>
				<item id="dateline"><![CDATA[1544674057]]></item>
				<item id="notinherited"><![CDATA[0]]></item>
				<item id="isblank"><![CDATA[0]]></item>
			</item>
			<item id="6112">
				<item id="bid"><![CDATA[6112]]></item>
				<item id="blockclass"><![CDATA[html_html]]></item>
				<item id="blocktype"><![CDATA[0]]></item>
				<item id="name"><![CDATA[ads2]]></item>
				<item id="title"><![CDATA[]]></item>
				<item id="classname"><![CDATA[]]></item>
				<item id="summary"><![CDATA[<div class="cl" style="width: 100%; height: 120px; margin: 30px 0 0 0; background: #F6F6F6;">
   <a href="#" style="font-size: 14px; line-height: 120px; text-align: center; display: block; width: 100%; color: #363636;">「 站长自定义广告位 」</a>
</div>]]></item>
				<item id="uid"><![CDATA[1]]></item>
				<item id="username"><![CDATA[admin]]></item>
				<item id="styleid"><![CDATA[0]]></item>
				<item id="blockstyle"><![CDATA[]]></item>
				<item id="picwidth"><![CDATA[0]]></item>
				<item id="picheight"><![CDATA[0]]></item>
				<item id="target"><![CDATA[blank]]></item>
				<item id="dateformat"><![CDATA[Y-m-d]]></item>
				<item id="dateuformat"><![CDATA[0]]></item>
				<item id="script"><![CDATA[blank]]></item>
				<item id="param">
					<item id="content"><![CDATA[<div class=\"cl\" style=\"width: 100%; height: 120px; margin: 30px 0 0 0; background: #F6F6F6;\">
   <a href=\"#\" style=\"font-size: 14px; line-height: 120px; text-align: center; display: block; width: 100%; color: #363636;\">「 站长自定义广告位 」</a>
</div>]]></item>
					<item id="items"><![CDATA[10]]></item>
				</item>
				<item id="shownum"><![CDATA[10]]></item>
				<item id="cachetime"><![CDATA[0]]></item>
				<item id="cachetimerange"><![CDATA[0,0]]></item>
				<item id="punctualupdate"><![CDATA[0]]></item>
				<item id="hidedisplay"><![CDATA[0]]></item>
				<item id="dateline"><![CDATA[1544674070]]></item>
				<item id="notinherited"><![CDATA[0]]></item>
				<item id="isblank"><![CDATA[0]]></item>
			</item>
		</item>
		<item id="style">
		</item>
	</item>
</root>
