<?xml version="1.0" encoding="ISO-8859-1"?>
<root>
	<item id="spacecss"><![CDATA[]]></item>
	<item id="layoutdata">
		<item id="diy_top">
			<item id="frame`frameIE3959">
				<item id="attr">
					<item id="name"><![CDATA[frameIE3959]]></item>
					<item id="moveable"><![CDATA[true]]></item>
					<item id="className"><![CDATA[frame move-span cl frame-1]]></item>
					<item id="titles"><![CDATA[]]></item>
				</item>
				<item id="column`frameIE3959_left">
					<item id="attr">
						<item id="name"><![CDATA[frameIE3959_left]]></item>
						<item id="className"><![CDATA[column frame-1-c]]></item>
					</item>
					<item id="block`portal_block_6427">
						<item id="attr">
							<item id="name"><![CDATA[portal_block_6427]]></item>
							<item id="className"><![CDATA[block move-span]]></item>
							<item id="titles"><![CDATA[]]></item>
						</item>
					</item>
				</item>
			</item>
		</item>
		<item id="diy1"><![CDATA[]]></item>
	</item>
	<item id="blockdata">
		<item id="block">
			<item id="6427">
				<item id="bid"><![CDATA[6427]]></item>
				<item id="blockclass"><![CDATA[html_html]]></item>
				<item id="blocktype"><![CDATA[0]]></item>
				<item id="name"><![CDATA[APP介绍页]]></item>
				<item id="title"><![CDATA[]]></item>
				<item id="classname"><![CDATA[]]></item>
				<item id="summary"><![CDATA[<div class="container-fluid misc">
  <div class="row">
    <div class="container top-part">
      <div class="top-logo">
        <img class="logo" src="template/dingzhi_x_jianshu/dingzhi/jianshu/misc-logo-805143ddec2e594416e891df316a73a7.png" alt="Misc logo">
        <div class="info">
          <div class="title1">创作你的创作</div>
          <div class="slogan">一个优质创作社区</div>
        </div>
      </div>
      <img class="background-img" src="template/dingzhi_x_jianshu/dingzhi/jianshu/misc-background-2bd0f42d30ede727ef60751e6572e740.png" alt="Misc background">
      <img class="phone-img" src="template/dingzhi_x_jianshu/dingzhi/jianshu/misc-phone-7dfef21cef3585139d67481fbeb3a488.png" alt="Misc phone">
      <div class="top-qrcode">
        <img src="template/dingzhi_x_jianshu/dingzhi/jianshu/download-apps-page-top-qrcode-92108f625f507613863b730c74ebf235.png" alt="Download apps page top qrcode">
        <div class="title1">扫码下载简书App</div>
        <div class="description">随时随地发现和创作内容</div>
      </div>
    </div>
  </div>
  <div class="row">
    <div class="container middle-part">
      <div class="col-xs-12 col-xs-offset-2 text-block">
        <h3>轻松创作精美图文</h3>
        <h6>简单优雅的设计，可以一次上传多张图片、实时保存、多端同步，使创作分享更方便快捷</h6>
      </div>
      <div class="col-xs-24" style="margin-top:-130px"><img class="" src="template/dingzhi_x_jianshu/dingzhi/jianshu/misc-pic1-b2e2caa2aec8ff89bd6957f09b4e6fce.png" alt="Misc pic1"></div>
    </div>
  </div>
  <div class="row">
    <div class="container middle-part">
      <div class="col-xs-11 col-xs-offset-1"><img class="" src="template/dingzhi_x_jianshu/dingzhi/jianshu/misc-pic2-378196f0f0c87fee66210c957722605c.png" alt="Misc pic2"></div>
      <div class="col-xs-11 col-xs-offset-1 text-block">
        <h3>多元化的创作社区</h3>
        <h6>一篇短文、一首诗、一幅画，在这里，你的创作将得到全世界的赞赏</h6>
      </div>
    </div>
  </div>
  <div class="row">
    <div class="container middle-part">
      <div class="col-xs-10 col-xs-offset-2 text-block">
        <h3>百万创作者在简书相遇</h3>
        <h6>在简书，仍有数百万创作者在坚持产出优质创作，有数千万读者在用心交流创作；众多精彩创作，只在简书看得到</h6>
      </div>
      <div class="col-xs-12"><img class="" src="template/dingzhi_x_jianshu/dingzhi/jianshu/misc-pic3-a3e7f05fee99976afbb936eb6d3c288a.png" alt="Misc pic3"></div>
    </div>
  </div>
  <div class="row">
    <div class="container middle-part">
      <div class="col-xs-11 col-xs-offset-1"><img class="" src="template/dingzhi_x_jianshu/dingzhi/jianshu/misc-pic4-ed9583c5975a6d953f47c09ed63b911b.png" alt="Misc pic4"></div>
      <div class="col-xs-11 col-xs-offset-1 text-block">
        <h3>自由地交流和沟通</h3>
        <h6>你可以发表评论、沟通想法。觉得不够？还能给创作者发简信，和无数传遍中文互联网的创作者直接交流</h6>
      </div>
    </div>
  </div>
  <div class="row">
    <div class="bottom-part">
      <img class="bottom-qrcode" src="template/dingzhi_x_jianshu/dingzhi/jianshu/download-apps-page-bottom-qrcode-8c63808111ffb1746c08cbd262adbe2e.png" alt="Download apps page bottom qrcode">
      <img class="background-img" src="template/dingzhi_x_jianshu/dingzhi/jianshu/misc-background-2bd0f42d30ede727ef60751e6572e740.png" alt="Misc background">
      <div>扫码下载简书App</div>
      <div class="bottom-logo">
        <img src="template/dingzhi_x_jianshu/dingzhi/jianshu/misc-logo-805143ddec2e594416e891df316a73a7.png" alt="Misc logo">
        <div class="info">
          <div class="title1">创作你的创作</div>
          <div class="slogan">一个优质创作社区</div>
        </div>
      </div>
    </div>
  </div>
</div>]]></item>
				<item id="uid"><![CDATA[1]]></item>
				<item id="username"><![CDATA[admin]]></item>
				<item id="styleid"><![CDATA[0]]></item>
				<item id="blockstyle"><![CDATA[]]></item>
				<item id="picwidth"><![CDATA[0]]></item>
				<item id="picheight"><![CDATA[0]]></item>
				<item id="target"><![CDATA[blank]]></item>
				<item id="dateformat"><![CDATA[Y-m-d]]></item>
				<item id="dateuformat"><![CDATA[0]]></item>
				<item id="script"><![CDATA[blank]]></item>
				<item id="param">
					<item id="content"><![CDATA[<div class=\"container-fluid misc\">
  <div class=\"row\">
    <div class=\"container top-part\">
      <div class=\"top-logo\">
        <img class=\"logo\" src=\"template/dingzhi_x_jianshu/dingzhi/jianshu/misc-logo-805143ddec2e594416e891df316a73a7.png\" alt=\"Misc logo\">
        <div class=\"info\">
          <div class=\"title1\">创作你的创作</div>
          <div class=\"slogan\">一个优质创作社区</div>
        </div>
      </div>
      <img class=\"background-img\" src=\"template/dingzhi_x_jianshu/dingzhi/jianshu/misc-background-2bd0f42d30ede727ef60751e6572e740.png\" alt=\"Misc background\">
      <img class=\"phone-img\" src=\"template/dingzhi_x_jianshu/dingzhi/jianshu/misc-phone-7dfef21cef3585139d67481fbeb3a488.png\" alt=\"Misc phone\">
      <div class=\"top-qrcode\">
        <img src=\"template/dingzhi_x_jianshu/dingzhi/jianshu/download-apps-page-top-qrcode-92108f625f507613863b730c74ebf235.png\" alt=\"Download apps page top qrcode\">
        <div class=\"title1\">扫码下载简书App</div>
        <div class=\"description\">随时随地发现和创作内容</div>
      </div>
    </div>
  </div>
  <div class=\"row\">
    <div class=\"container middle-part\">
      <div class=\"col-xs-12 col-xs-offset-2 text-block\">
        <h3>轻松创作精美图文</h3>
        <h6>简单优雅的设计，可以一次上传多张图片、实时保存、多端同步，使创作分享更方便快捷</h6>
      </div>
      <div class=\"col-xs-24\" style=\"margin-top:-130px\"><img class=\"\" src=\"template/dingzhi_x_jianshu/dingzhi/jianshu/misc-pic1-b2e2caa2aec8ff89bd6957f09b4e6fce.png\" alt=\"Misc pic1\"></div>
    </div>
  </div>
  <div class=\"row\">
    <div class=\"container middle-part\">
      <div class=\"col-xs-11 col-xs-offset-1\"><img class=\"\" src=\"template/dingzhi_x_jianshu/dingzhi/jianshu/misc-pic2-378196f0f0c87fee66210c957722605c.png\" alt=\"Misc pic2\"></div>
      <div class=\"col-xs-11 col-xs-offset-1 text-block\">
        <h3>多元化的创作社区</h3>
        <h6>一篇短文、一首诗、一幅画，在这里，你的创作将得到全世界的赞赏</h6>
      </div>
    </div>
  </div>
  <div class=\"row\">
    <div class=\"container middle-part\">
      <div class=\"col-xs-10 col-xs-offset-2 text-block\">
        <h3>百万创作者在简书相遇</h3>
        <h6>在简书，仍有数百万创作者在坚持产出优质创作，有数千万读者在用心交流创作；众多精彩创作，只在简书看得到</h6>
      </div>
      <div class=\"col-xs-12\"><img class=\"\" src=\"template/dingzhi_x_jianshu/dingzhi/jianshu/misc-pic3-a3e7f05fee99976afbb936eb6d3c288a.png\" alt=\"Misc pic3\"></div>
    </div>
  </div>
  <div class=\"row\">
    <div class=\"container middle-part\">
      <div class=\"col-xs-11 col-xs-offset-1\"><img class=\"\" src=\"template/dingzhi_x_jianshu/dingzhi/jianshu/misc-pic4-ed9583c5975a6d953f47c09ed63b911b.png\" alt=\"Misc pic4\"></div>
      <div class=\"col-xs-11 col-xs-offset-1 text-block\">
        <h3>自由地交流和沟通</h3>
        <h6>你可以发表评论、沟通想法。觉得不够？还能给创作者发简信，和无数传遍中文互联网的创作者直接交流</h6>
      </div>
    </div>
  </div>
  <div class=\"row\">
    <div class=\"bottom-part\">
      <img class=\"bottom-qrcode\" src=\"template/dingzhi_x_jianshu/dingzhi/jianshu/download-apps-page-bottom-qrcode-8c63808111ffb1746c08cbd262adbe2e.png\" alt=\"Download apps page bottom qrcode\">
      <img class=\"background-img\" src=\"template/dingzhi_x_jianshu/dingzhi/jianshu/misc-background-2bd0f42d30ede727ef60751e6572e740.png\" alt=\"Misc background\">
      <div>扫码下载简书App</div>
      <div class=\"bottom-logo\">
        <img src=\"template/dingzhi_x_jianshu/dingzhi/jianshu/misc-logo-805143ddec2e594416e891df316a73a7.png\" alt=\"Misc logo\">
        <div class=\"info\">
          <div class=\"title1\">创作你的创作</div>
          <div class=\"slogan\">一个优质创作社区</div>
        </div>
      </div>
    </div>
  </div>
</div>]]></item>
					<item id="items"><![CDATA[10]]></item>
				</item>
				<item id="shownum"><![CDATA[10]]></item>
				<item id="cachetime"><![CDATA[0]]></item>
				<item id="cachetimerange"><![CDATA[0,0]]></item>
				<item id="punctualupdate"><![CDATA[0]]></item>
				<item id="hidedisplay"><![CDATA[0]]></item>
				<item id="dateline"><![CDATA[1553592323]]></item>
				<item id="notinherited"><![CDATA[0]]></item>
				<item id="isblank"><![CDATA[0]]></item>
			</item>
		</item>
		<item id="style">
		</item>
	</item>
</root>
