<?xml version="1.0" encoding="ISO-8859-1"?>
<root>
	<item id="spacecss"><![CDATA[]]></item>
	<item id="layoutdata">
		<item id="diy_top"><![CDATA[]]></item>
		<item id="diy1">
			<item id="frame`frameuiZ790">
				<item id="attr">
					<item id="name"><![CDATA[frameuiZ790]]></item>
					<item id="moveable"><![CDATA[true]]></item>
					<item id="className"><![CDATA[frame move-span cl frame-1]]></item>
					<item id="titles"><![CDATA[]]></item>
				</item>
				<item id="column`frameuiZ790_left">
					<item id="attr">
						<item id="name"><![CDATA[frameuiZ790_left]]></item>
						<item id="className"><![CDATA[column frame-1-c]]></item>
					</item>
					<item id="block`portal_block_3784">
						<item id="attr">
							<item id="name"><![CDATA[portal_block_3784]]></item>
							<item id="className"><![CDATA[block move-span]]></item>
							<item id="titles"><![CDATA[]]></item>
						</item>
					</item>
				</item>
			</item>
		</item>
	</item>
	<item id="blockdata">
		<item id="block">
			<item id="3784">
				<item id="bid"><![CDATA[3784]]></item>
				<item id="blockclass"><![CDATA[html_html]]></item>
				<item id="blocktype"><![CDATA[0]]></item>
				<item id="name"><![CDATA[活动]]></item>
				<item id="title"><![CDATA[]]></item>
				<item id="classname"><![CDATA[]]></item>
				<item id="summary"><![CDATA[<div class="wp wpn cl">
  <div class="about-wrap">
    <div class="about-content jumpto-cotainer">
      <div class="menu-wrap" id="section-0">
        <h2 id="section-0"><em>关于我们</em></h2>
        <div class="about-us-box"> <img class="about-us-img" src="template/dingzhi_x_jianshu/dingzhi/about_pic.jpg">
          <div class="about-us-intro">
            <p> 惠州独家定制信息科技股份有限公司是一个用户可参与的商业资讯与观点交流平台。这个资讯及观点平台的核心，是关注互联网与移动互联网一系列明星公司（包括公众公司与创业型企业）的起落轨迹、产业潮汐的动力与趋势，以及互联网与移动互联网如何改造传统产业。 </p>
            <p><br>
            </p>
            <p> 我们致力于为用户创造获取与交流商业资讯的更"有效率"的体验 。 </p>
          </div>
        </div>
      </div>
      <div class="menu-wrap" id="section-1">
        <h2 id="section-1"><em>企业文化</em></h2>
        <h3>一. 提醒注意</h3>
        <p>1.1 
          dingzhi同意按照本协议的规定及其不时发布的操作规则提供基于互联网以及移动网相关服务（以下称"网络服务"），为获得网络服务，服务使用人（以下称"用
          户"）应当同意本协议的全部条款并按照页面上的提示完成全部的注册程序。用户在进行注册程序过程中点击"同意"按钮即表示用户完全接受本协议项下的全部条
          款。</p>
        <p>1.2 用户注册成功后，dingzhi将给予每个用户一个用户帐号及相应的密码，该用户帐号和密码由用户负责保管；用户应当对以其用户帐号进行的所有活动和事件负法律责任</p>
        <h3>二. 服务内容</h3>
        <p>2.1 dingzhi网络服务的具体内容由dingzhi根据实际情况提供，例如搜索、资讯、分享、原创、竞赛和活动等。</p>
        <p>2.2 
          dingzhi提供的部分网络服务为收费的网络服务，用户使用收费网络服务需要向dingzhi支付一定的费用。对于收费的网络服务，dingzhi会在用户使用之前给予用
          户明确的提示，只有用户根据提示确认其愿意支付相关费用，用户才能使用该等收费网络服务。如用户拒绝支付相关费用，则dingzhi有权不向用户提供该等收费网
          络服务。</p>
        <p>2.3 用户理解，dingzhi仅提供相关的网络服务，除此之外与相关网络服务有关的设备（如个人电脑、其他与接入互联网或移动网有关的装置）及所需的费用（如为接入互联网而支付的电话费及上网费）均应由用户自行负担。</p>
        <h3>三. 变更事项</h3>
        <p>3.1 
          鉴于网络服务的特殊性，用户同意dingzhi有权随时变更、中断或终止部分或全部的网络服务（包括收费网络服务）。如变更、中断或终止的网络服务属于免费网络
          服务，dingzhi无需通知用户，也无需对任何用户或任何第三方承担任何责任；如变更、中断或终止的网络服务属于收费网络服务，dingzhi应当在变更、中断或终
          止之前事先通知用户，并应向受影响的用户提供等值的替代性的收费网络服务，如用户不愿意接受替代性的收费网络服务，就该用户已经向dingzhi支付的服务
          费，dingzhi应当按照该用户实际使用相应收费网络服务的情况扣除相应服务费之后将剩余的服务费退还给该用户。</p>
        <p>3.2 用户理解，dingzhi需要定期或不定期地对提供网络服务的平台（如互联网网站）或相关的设备进行检修或者维护，如因此类情况而造成收费网络服务在合理时间内的中断，dingzhi无需为此承担任何责任，但dingzhi应尽可能事先进行通告。</p>
        <p>3.3 如发生下列任何一种情形，dingzhi有权随时中断或终止向用户提供本协议项下的网络服务（包括收费网络服务）而无需对用户或任何第三方承担任何责任：</p>
        <ul>
          <li>3.3.1 用户提供的个人资料不真实；</li>
          <li>3.3.2 用户违反本协议中规定的使用规则；</li>
          <li>3.3.3 用户在使用收费网络服务时未按规定向dingzhi支付相应的服务费。</li>
        </ul>
        <p>3.4 如用户注册的免费网络服务的帐号在任何连续180日内未实际使用，或者用户注册的收费网络服务的帐号在其订购的收费网络服务的服务期满之后连续180日内未实际使用，则dingzhi有权删除该帐号并停止为该用户提供相关的网络服务。</p>
      </div>
      <div class="menu-wrap" id="section-2">
        <h2 id="section-2"><em>办公环境</em></h2>
        <p>用户在dingzhi进行登记注册、上传作品、参与讨论等活动时，经用户同意及确认，本网站将通过注册表格、订单等形式要求用户提供一些个人资料。dingzhi收集此类个人身份信息，主要是为保证注册用户能够更容易和更满意地使用本站提供的服务。这些个人资料包括：&#8232;</p>
        <ul>
          <li>（1）个人识别资料：如姓名、性别、生日、个人主页、即时通讯、所在地、电子邮件地址等。 </li>
          <li>（2）个人背景： 职业、婚姻、兴趣爱好等。</li>
        </ul>
        <p>用户知道，在私人博客网页、公共论坛或其他网上公开场合披露其个人身份信息时，此类信息可能会被他人收集并用来发送垃圾邮件或用于其他用途。</p>
        <p>dingzhi对用户所提供的个人资料进行严格的管理及保护，dingzhi将使用相应的技术，防止您的个人资料丢失、被盗用或遭篡改。</p>
        <p>dingzhi保证不对外公开或向第三方提供单个用户的注册资料及用户在使用网络服务时存储在dingzhi的非公开内容，但下列情况除外：</p>
        <ul>
          <li>（1）事先获得用户的明确授权；</li>
          <li>（2）根据有关的法律法规要求；</li>
          <li>（3）按照相关政府主管部门的要求；</li>
          <li>（4）为维护社会公众的利益；</li>
          <li>（5）为维护dingzhi的合法权益。</li>
          <li>（6）dingzhi技术人员的为维护把dingzhi入场工作的需要。</li>
        </ul>
        <p>dingzhi可能会与第三方合作向用户提供相关的网络服务，在此情况下，如该第三方同意承担与dingzhi同等的保护用户隐私的责任，则dingzhi有权将用户的注册资料等提供给该第三方。</p>
        <p>在不透露单个用户隐私资料的前提下，dingzhi有权对整个用户数据库进行分析并对用户数据库进行商业上的利用。</p>
      </div>
      <div class="menu-wrap" id="section-3">
        <h2 id="section-3"><em>联系我们</em></h2>
        <div class="about-us-box"> <img class="about-us-qr" src="template/dingzhi_x_jianshu/dingzhi/weixin_erweima.png">
          <div class="about-us-intro">
            <ul>
              <li> 办公地址：惠州市东城区美术馆后街77号77文创园2号楼302 </li>
              <li>邮编：100010</li>
              <li>内容联系：tougao@dingzhi.com</li>
              <li>市场合作：marketing@dingzhi.com</li>
              <li>媒体合作：hezuo@dingzhi.com (内容转载、联合活动)</li>
              <li>技术联系：admin@dingzhi.com</li>
              <li>微信公众号搜索"独家定制网"或者扫描右侧的二维码：</li>
            </ul>
          </div>
          <div class="box-wrap">
            <h4 class="t-h4">内容团队</h4>
            <p> <br>
            </p>
            <p> 研究总监: </p>
            <p> <br>
            </p>
            <ul class="about-content-ul">
              <li>
                <p> <a target="_blank" href="#">李彤（ID：Eastland）：</a>关注TMT上市公司及资本市场 </p>
                <p> 邮箱：litong@dingzhi.com </p>
                <p> <br>
                </p>
              </li>
            </ul>
            <p> 研究员: </p>
            <p> <br>
            </p>
            <ul class="about-content-ul">
              <li>
                <p> <a target="_blank" href="#">刘国辉（ID：网事风云）：</a>主要关注互联网金融 </p>
                <p> 邮箱：liuguohui@dingzhi.com </p>
                <p><br>
                </p>
              </li>
              <li>
                <p> <a target="_blank" href="#">徐龙（ID：司马徐龙）：</a>关注消费升级、创新商业模式 </p>
                <p> 邮箱：xulong@dingzhi.com </p>
                <p><br>
                </p>
              </li>
            </ul>
            <p> 首席评论员: </p>
            <p> <br>
            </p>
            <ul class="about-content-ul">
              <li>
                <p> <a target="_blank" href="#">伯通（ID：伯通）</a> </p>
                <p> 邮箱：botong@dingzhi.com </p>
                <p><br>
                </p>
              </li>
            </ul> 
            <p> 审稿编辑: </p>
            <p> <br>
            </p>
            <ul class="about-content-ul">
              <li>
                <p> <a target="_blank" href="#">彭定洲（ID：港普有点扯）</a> </p>
                <p> 邮箱：pengdingzhou@dingzhi.com </p>
                <p><br>
                </p>
              </li>
            </ul>
            <p class="f1"> <br>
              如有报道线索与发布会信息，请各界人士与上述相关领域编辑联系，相关邮件亦可抄送tougao@dingzhi.com。 <br>
              创业项目申请报道，请走这个通道 --&gt; <a target="_blank" href="#">创业报道申请</a> </p>
          </div>
          <div class="box-wrap">
            <h4 class="t-h4">内容与品牌合作</h4>
            <p> <br>
            </p>
            <ul class="about-content-ul">
              <li>
                <p> <a target="_blank" href="#">马悦（ID：MMurray）：</a>独家定制内容授权合作 </p>
                <p> 邮箱：mayue@dingzhi.com </p>
                <p><br>
                </p>
              </li>
            </ul>
          </div>
        </div>
      </div>
      <nav class="about-subnav about-subnav2">
        <ul class="about-menu">
          <li><a class="on" href="#section-0">关于我们</a></li>
          <li><a href="#section-1">企业文化</a></li>
          <li><a href="#section-2">办公环境</a></li>
          <li><a href="#section-3">联系我们</a></li>
        </ul>
      </nav>
    </div>
    <!-- about-content --> 
  </div>
  <!-- about-wrap --> 
</div>
<script type="text/javascript">
	  jQuery(document).ready( function() {
	    jQuery(".about-content").jumpto();
	  });
  	</script>]]></item>
				<item id="uid"><![CDATA[1]]></item>
				<item id="username"><![CDATA[admin]]></item>
				<item id="styleid"><![CDATA[0]]></item>
				<item id="blockstyle"><![CDATA[]]></item>
				<item id="picwidth"><![CDATA[0]]></item>
				<item id="picheight"><![CDATA[0]]></item>
				<item id="target"><![CDATA[blank]]></item>
				<item id="dateformat"><![CDATA[Y-m-d]]></item>
				<item id="dateuformat"><![CDATA[0]]></item>
				<item id="script"><![CDATA[blank]]></item>
				<item id="param">
					<item id="content"><![CDATA[<div class=\"wp wpn cl\">
  <div class=\"about-wrap\">
    <div class=\"about-content jumpto-cotainer\">
      <div class=\"menu-wrap\" id=\"section-0\">
        <h2 id=\"section-0\"><em>关于我们</em></h2>
        <div class=\"about-us-box\"> <img class=\"about-us-img\" src=\"template/dingzhi_x_jianshu/dingzhi/about_pic.jpg\">
          <div class=\"about-us-intro\">
            <p> 惠州独家定制信息科技股份有限公司是一个用户可参与的商业资讯与观点交流平台。这个资讯及观点平台的核心，是关注互联网与移动互联网一系列明星公司（包括公众公司与创业型企业）的起落轨迹、产业潮汐的动力与趋势，以及互联网与移动互联网如何改造传统产业。 </p>
            <p><br>
            </p>
            <p> 我们致力于为用户创造获取与交流商业资讯的更\"有效率\"的体验 。 </p>
          </div>
        </div>
      </div>
      <div class=\"menu-wrap\" id=\"section-1\">
        <h2 id=\"section-1\"><em>企业文化</em></h2>
        <h3>一. 提醒注意</h3>
        <p>1.1 
          dingzhi同意按照本协议的规定及其不时发布的操作规则提供基于互联网以及移动网相关服务（以下称\"网络服务\"），为获得网络服务，服务使用人（以下称\"用
          户\"）应当同意本协议的全部条款并按照页面上的提示完成全部的注册程序。用户在进行注册程序过程中点击\"同意\"按钮即表示用户完全接受本协议项下的全部条
          款。</p>
        <p>1.2 用户注册成功后，dingzhi将给予每个用户一个用户帐号及相应的密码，该用户帐号和密码由用户负责保管；用户应当对以其用户帐号进行的所有活动和事件负法律责任</p>
        <h3>二. 服务内容</h3>
        <p>2.1 dingzhi网络服务的具体内容由dingzhi根据实际情况提供，例如搜索、资讯、分享、原创、竞赛和活动等。</p>
        <p>2.2 
          dingzhi提供的部分网络服务为收费的网络服务，用户使用收费网络服务需要向dingzhi支付一定的费用。对于收费的网络服务，dingzhi会在用户使用之前给予用
          户明确的提示，只有用户根据提示确认其愿意支付相关费用，用户才能使用该等收费网络服务。如用户拒绝支付相关费用，则dingzhi有权不向用户提供该等收费网
          络服务。</p>
        <p>2.3 用户理解，dingzhi仅提供相关的网络服务，除此之外与相关网络服务有关的设备（如个人电脑、其他与接入互联网或移动网有关的装置）及所需的费用（如为接入互联网而支付的电话费及上网费）均应由用户自行负担。</p>
        <h3>三. 变更事项</h3>
        <p>3.1 
          鉴于网络服务的特殊性，用户同意dingzhi有权随时变更、中断或终止部分或全部的网络服务（包括收费网络服务）。如变更、中断或终止的网络服务属于免费网络
          服务，dingzhi无需通知用户，也无需对任何用户或任何第三方承担任何责任；如变更、中断或终止的网络服务属于收费网络服务，dingzhi应当在变更、中断或终
          止之前事先通知用户，并应向受影响的用户提供等值的替代性的收费网络服务，如用户不愿意接受替代性的收费网络服务，就该用户已经向dingzhi支付的服务
          费，dingzhi应当按照该用户实际使用相应收费网络服务的情况扣除相应服务费之后将剩余的服务费退还给该用户。</p>
        <p>3.2 用户理解，dingzhi需要定期或不定期地对提供网络服务的平台（如互联网网站）或相关的设备进行检修或者维护，如因此类情况而造成收费网络服务在合理时间内的中断，dingzhi无需为此承担任何责任，但dingzhi应尽可能事先进行通告。</p>
        <p>3.3 如发生下列任何一种情形，dingzhi有权随时中断或终止向用户提供本协议项下的网络服务（包括收费网络服务）而无需对用户或任何第三方承担任何责任：</p>
        <ul>
          <li>3.3.1 用户提供的个人资料不真实；</li>
          <li>3.3.2 用户违反本协议中规定的使用规则；</li>
          <li>3.3.3 用户在使用收费网络服务时未按规定向dingzhi支付相应的服务费。</li>
        </ul>
        <p>3.4 如用户注册的免费网络服务的帐号在任何连续180日内未实际使用，或者用户注册的收费网络服务的帐号在其订购的收费网络服务的服务期满之后连续180日内未实际使用，则dingzhi有权删除该帐号并停止为该用户提供相关的网络服务。</p>
      </div>
      <div class=\"menu-wrap\" id=\"section-2\">
        <h2 id=\"section-2\"><em>办公环境</em></h2>
        <p>用户在dingzhi进行登记注册、上传作品、参与讨论等活动时，经用户同意及确认，本网站将通过注册表格、订单等形式要求用户提供一些个人资料。dingzhi收集此类个人身份信息，主要是为保证注册用户能够更容易和更满意地使用本站提供的服务。这些个人资料包括：&#8232;</p>
        <ul>
          <li>（1）个人识别资料：如姓名、性别、生日、个人主页、即时通讯、所在地、电子邮件地址等。 </li>
          <li>（2）个人背景： 职业、婚姻、兴趣爱好等。</li>
        </ul>
        <p>用户知道，在私人博客网页、公共论坛或其他网上公开场合披露其个人身份信息时，此类信息可能会被他人收集并用来发送垃圾邮件或用于其他用途。</p>
        <p>dingzhi对用户所提供的个人资料进行严格的管理及保护，dingzhi将使用相应的技术，防止您的个人资料丢失、被盗用或遭篡改。</p>
        <p>dingzhi保证不对外公开或向第三方提供单个用户的注册资料及用户在使用网络服务时存储在dingzhi的非公开内容，但下列情况除外：</p>
        <ul>
          <li>（1）事先获得用户的明确授权；</li>
          <li>（2）根据有关的法律法规要求；</li>
          <li>（3）按照相关政府主管部门的要求；</li>
          <li>（4）为维护社会公众的利益；</li>
          <li>（5）为维护dingzhi的合法权益。</li>
          <li>（6）dingzhi技术人员的为维护把dingzhi入场工作的需要。</li>
        </ul>
        <p>dingzhi可能会与第三方合作向用户提供相关的网络服务，在此情况下，如该第三方同意承担与dingzhi同等的保护用户隐私的责任，则dingzhi有权将用户的注册资料等提供给该第三方。</p>
        <p>在不透露单个用户隐私资料的前提下，dingzhi有权对整个用户数据库进行分析并对用户数据库进行商业上的利用。</p>
      </div>
      <div class=\"menu-wrap\" id=\"section-3\">
        <h2 id=\"section-3\"><em>联系我们</em></h2>
        <div class=\"about-us-box\"> <img class=\"about-us-qr\" src=\"template/dingzhi_x_jianshu/dingzhi/weixin_erweima.png\">
          <div class=\"about-us-intro\">
            <ul>
              <li> 办公地址：惠州市东城区美术馆后街77号77文创园2号楼302 </li>
              <li>邮编：100010</li>
              <li>内容联系：tougao@dingzhi.com</li>
              <li>市场合作：marketing@dingzhi.com</li>
              <li>媒体合作：hezuo@dingzhi.com (内容转载、联合活动)</li>
              <li>技术联系：admin@dingzhi.com</li>
              <li>微信公众号搜索\"独家定制网\"或者扫描右侧的二维码：</li>
            </ul>
          </div>
          <div class=\"box-wrap\">
            <h4 class=\"t-h4\">内容团队</h4>
            <p> <br>
            </p>
            <p> 研究总监: </p>
            <p> <br>
            </p>
            <ul class=\"about-content-ul\">
              <li>
                <p> <a target=\"_blank\" href=\"#\">李彤（ID：Eastland）：</a>关注TMT上市公司及资本市场 </p>
                <p> 邮箱：litong@dingzhi.com </p>
                <p> <br>
                </p>
              </li>
            </ul>
            <p> 研究员: </p>
            <p> <br>
            </p>
            <ul class=\"about-content-ul\">
              <li>
                <p> <a target=\"_blank\" href=\"#\">刘国辉（ID：网事风云）：</a>主要关注互联网金融 </p>
                <p> 邮箱：liuguohui@dingzhi.com </p>
                <p><br>
                </p>
              </li>
              <li>
                <p> <a target=\"_blank\" href=\"#\">徐龙（ID：司马徐龙）：</a>关注消费升级、创新商业模式 </p>
                <p> 邮箱：xulong@dingzhi.com </p>
                <p><br>
                </p>
              </li>
            </ul>
            <p> 首席评论员: </p>
            <p> <br>
            </p>
            <ul class=\"about-content-ul\">
              <li>
                <p> <a target=\"_blank\" href=\"#\">伯通（ID：伯通）</a> </p>
                <p> 邮箱：botong@dingzhi.com </p>
                <p><br>
                </p>
              </li>
            </ul> 
            <p> 审稿编辑: </p>
            <p> <br>
            </p>
            <ul class=\"about-content-ul\">
              <li>
                <p> <a target=\"_blank\" href=\"#\">彭定洲（ID：港普有点扯）</a> </p>
                <p> 邮箱：pengdingzhou@dingzhi.com </p>
                <p><br>
                </p>
              </li>
            </ul>
            <p class=\"f1\"> <br>
              如有报道线索与发布会信息，请各界人士与上述相关领域编辑联系，相关邮件亦可抄送tougao@dingzhi.com。 <br>
              创业项目申请报道，请走这个通道 --&gt; <a target=\"_blank\" href=\"#\">创业报道申请</a> </p>
          </div>
          <div class=\"box-wrap\">
            <h4 class=\"t-h4\">内容与品牌合作</h4>
            <p> <br>
            </p>
            <ul class=\"about-content-ul\">
              <li>
                <p> <a target=\"_blank\" href=\"#\">马悦（ID：MMurray）：</a>独家定制内容授权合作 </p>
                <p> 邮箱：mayue@dingzhi.com </p>
                <p><br>
                </p>
              </li>
            </ul>
          </div>
        </div>
      </div>
      <nav class=\"about-subnav about-subnav2\">
        <ul class=\"about-menu\">
          <li><a class=\"on\" href=\"#section-0\">关于我们</a></li>
          <li><a href=\"#section-1\">企业文化</a></li>
          <li><a href=\"#section-2\">办公环境</a></li>
          <li><a href=\"#section-3\">联系我们</a></li>
        </ul>
      </nav>
    </div>
    <!-- about-content --> 
  </div>
  <!-- about-wrap --> 
</div>
<script type=\"text/javascript\">
	  jQuery(document).ready( function() {
	    jQuery(\".about-content\").jumpto();
	  });
  	</script>]]></item>
					<item id="items"><![CDATA[10]]></item>
				</item>
				<item id="shownum"><![CDATA[10]]></item>
				<item id="cachetime"><![CDATA[0]]></item>
				<item id="cachetimerange"><![CDATA[0,0]]></item>
				<item id="punctualupdate"><![CDATA[0]]></item>
				<item id="hidedisplay"><![CDATA[0]]></item>
				<item id="dateline"><![CDATA[1510298418]]></item>
				<item id="notinherited"><![CDATA[0]]></item>
				<item id="isblank"><![CDATA[0]]></item>
			</item>
		</item>
		<item id="style">
		</item>
	</item>
</root>
