<?xml version="1.0" encoding="ISO-8859-1"?>
<root>
	<item id="spacecss"><![CDATA[]]></item>
	<item id="layoutdata">
		<item id="diy_top"><![CDATA[]]></item>
		<item id="diy1">
			<item id="frame`framemcruzv">
				<item id="attr">
					<item id="name"><![CDATA[framemcruzv]]></item>
					<item id="moveable"><![CDATA[true]]></item>
					<item id="className"><![CDATA[frame move-span cl frame-1]]></item>
					<item id="titles"><![CDATA[]]></item>
				</item>
				<item id="column`framemcruzv_left">
					<item id="attr">
						<item id="name"><![CDATA[framemcruzv_left]]></item>
						<item id="className"><![CDATA[column frame-1-c]]></item>
					</item>
					<item id="block`portal_block_7867">
						<item id="attr">
							<item id="name"><![CDATA[portal_block_7867]]></item>
							<item id="className"><![CDATA[block move-span]]></item>
							<item id="titles"><![CDATA[]]></item>
						</item>
					</item>
				</item>
			</item>
		</item>
	</item>
	<item id="blockdata">
		<item id="block">
			<item id="7867">
				<item id="bid"><![CDATA[7867]]></item>
				<item id="blockclass"><![CDATA[forum_forum]]></item>
				<item id="blocktype"><![CDATA[0]]></item>
				<item id="name"><![CDATA[版块导航]]></item>
				<item id="title"><![CDATA[]]></item>
				<item id="classname"><![CDATA[]]></item>
				<item id="summary"><![CDATA[]]></item>
				<item id="uid"><![CDATA[1]]></item>
				<item id="username"><![CDATA[admin]]></item>
				<item id="styleid"><![CDATA[0]]></item>
				<item id="blockstyle">
					<item id="name"><![CDATA[]]></item>
					<item id="blockclass"><![CDATA[forum_forum]]></item>
					<item id="makethumb"><![CDATA[0]]></item>
					<item id="getpic"><![CDATA[0]]></item>
					<item id="getsummary"><![CDATA[1]]></item>
					<item id="settarget"><![CDATA[0]]></item>
					<item id="moreurl"><![CDATA[0]]></item>
					<item id="fields">
						<item id="0"><![CDATA[url]]></item>
						<item id="1"><![CDATA[title]]></item>
						<item id="2"><![CDATA[icon]]></item>
						<item id="3"><![CDATA[posts]]></item>
						<item id="4"><![CDATA[summary]]></item>
					</item>
					<item id="template">
						<item id="raw"><![CDATA[<div class="container">
            <div class="wrap cl">
                <div class="page-content">
                    <div class="crumbs">
                        <a href="forum.php" style=" color:#666;">社区首页</a><b>></b>
                        <a style=" color:#666;">全部版块</a>
                    </div>
                    <ul class="school-classify">
                     [index=1]
                           <li>
                            <ul class="img-ul">                                <li>
                                    <a href="{url}" target="_blank">
                                     <img src="template/dingzhi_x_jianshu/dingzhi/bankuai/1.png">
                                    </a>
                                </li>                                     
                            </ul>
                            <p><a href="{url}" target="_blank">{title}</a>
                               <img src="{icon}" style="width: 18px;height: 18px; border-radius: 50%;"></p>
                                    <span>今日发帖数：{posts}</span>
                                    <i></i>
                                    <span>{summary}</span>
                          </li>                           
                     [/index]
                     [index=2]
                           <li>
                            <ul class="img-ul">                                <li>
                                    <a href="{url}" target="_blank">
                                     <img src="template/dingzhi_x_jianshu/dingzhi/bankuai/2.png">
                                    </a>
                                </li>                                     
                            </ul>
                            <p><a href="{url}" target="_blank">{title}</a>
                               <img src="{icon}" style="width: 18px;height: 18px; border-radius: 50%;"></p>
                                    <span>今日发帖数：{posts}</span>
                                    <i></i>
                                    <span>{summary}</span>
                          </li>                           
                     [/index]
                     [index=3]
                           <li>
                            <ul class="img-ul">                                <li>
                                    <a href="{url}" target="_blank">
                                     <img src="template/dingzhi_x_jianshu/dingzhi/bankuai/3.png">
                                    </a>
                                </li>                                     
                            </ul>
                            <p><a href="{url}" target="_blank">{title}</a>
                               <img src="{icon}" style="width: 18px;height: 18px; border-radius: 50%;"></p>
                                    <span>今日发帖数：{posts}</span>
                                    <i></i>
                                    <span>{summary}</span>
                          </li>                           
                     [/index]
                     [index=4]
                           <li>
                            <ul class="img-ul">                                <li>
                                    <a href="{url}" target="_blank">
                                     <img src="template/dingzhi_x_jianshu/dingzhi/bankuai/4.jpg">
                                    </a>
                                </li>                                     
                            </ul>
                            <p><a href="{url}" target="_blank">{title}</a>
                               <img src="{icon}" style="width: 18px;height: 18px; border-radius: 50%;"></p>
                                    <span>今日发帖数：{posts}</span>
                                    <i></i>
                                    <span>{summary}</span>
                          </li>                           
                     [/index]
                     [index=5]
                           <li>
                            <ul class="img-ul">                                <li>
                                    <a href="{url}" target="_blank">
                                     <img src="template/dingzhi_x_jianshu/dingzhi/bankuai/5.png">
                                    </a>
                                </li>                                     
                            </ul>
                            <p><a href="{url}" target="_blank">{title}</a>
                               <img src="{icon}" style="width: 18px;height: 18px; border-radius: 50%;"></p>
                                    <span>今日发帖数：{posts}</span>
                                    <i></i>
                                    <span>{summary}</span>
                          </li>                           
                     [/index]
                     [index=6]
                           <li>
                            <ul class="img-ul">                                <li>
                                    <a href="{url}" target="_blank">
                                     <img src="template/dingzhi_x_jianshu/dingzhi/bankuai/6.jpg">
                                    </a>
                                </li>                                     
                            </ul>
                            <p><a href="{url}" target="_blank">{title}</a>
                               <img src="{icon}" style="width: 18px;height: 18px; border-radius: 50%;"></p>
                                    <span>今日发帖数：{posts}</span>
                                    <i></i>
                                    <span>{summary}</span>
                          </li>                           
                     [/index]
                     [index=7]
                           <li>
                            <ul class="img-ul">                                <li>
                                    <a href="{url}" target="_blank">
                                     <img src="template/dingzhi_x_jianshu/dingzhi/bankuai/7.png">
                                    </a>
                                </li>                                     
                            </ul>
                            <p><a href="{url}" target="_blank">{title}</a>
                               <img src="{icon}" style="width: 18px;height: 18px; border-radius: 50%;"></p>
                                    <span>今日发帖数：{posts}</span>
                                    <i></i>
                                    <span>{summary}</span>
                          </li>                           
                     [/index]
                     [index=8]
                           <li>
                            <ul class="img-ul">                                <li>
                                    <a href="{url}" target="_blank">
                                     <img src="template/dingzhi_x_jianshu/dingzhi/bankuai/8.jpg">
                                    </a>
                                </li>                                     
                            </ul>
                            <p><a href="{url}" target="_blank">{title}</a>
                               <img src="{icon}" style="width: 18px;height: 18px; border-radius: 50%;"></p>
                                    <span>今日发帖数：{posts}</span>
                                    <i></i>
                                    <span>{summary}</span>
                          </li>                           
                     [/index]
                     [index=9]
                           <li>
                            <ul class="img-ul">                                <li>
                                    <a href="{url}" target="_blank">
                                     <img src="template/dingzhi_x_jianshu/dingzhi/bankuai/9.png">
                                    </a>
                                </li>                                     
                            </ul>
                            <p><a href="{url}" target="_blank">{title}</a>
                               <img src="{icon}" style="width: 18px;height: 18px; border-radius: 50%;"></p>
                                    <span>今日发帖数：{posts}</span>
                                    <i></i>
                                    <span>{summary}</span>
                          </li>                           
                     [/index]
                     [index=10]
                           <li>
                            <ul class="img-ul">                                <li>
                                    <a href="{url}" target="_blank">
                                     <img src="template/dingzhi_x_jianshu/dingzhi/bankuai/10.png">
                                    </a>
                                </li>                                     
                            </ul>
                            <p><a href="{url}" target="_blank">{title}</a>
                               <img src="{icon}" style="width: 18px;height: 18px; border-radius: 50%;"></p>
                                    <span>今日发帖数：{posts}</span>
                                    <i></i>
                                    <span>{summary}</span>
                          </li>                           
                     [/index]
                     [index=11]
                           <li>
                            <ul class="img-ul">                                <li>
                                    <a href="{url}" target="_blank">
                                     <img src="template/dingzhi_x_jianshu/dingzhi/bankuai/11.png">
                                    </a>
                                </li>                                     
                            </ul>
                            <p><a href="{url}" target="_blank">{title}</a>
                               <img src="{icon}" style="width: 18px;height: 18px; border-radius: 50%;"></p>
                                    <span>今日发帖数：{posts}</span>
                                    <i></i>
                                    <span>{summary}</span>
                          </li>                           
                     [/index]
                     [index=12]
                           <li>
                            <ul class="img-ul">                                <li>
                                    <a href="{url}" target="_blank">
                                     <img src="template/dingzhi_x_jianshu/dingzhi/bankuai/12.png">
                                    </a>
                                </li>                                     
                            </ul>
                            <p><a href="{url}" target="_blank">{title}</a>
                               <img src="{icon}" style="width: 18px;height: 18px; border-radius: 50%;"></p>
                                    <span>今日发帖数：{posts}</span>
                                    <i></i>
                                    <span>{summary}</span>
                          </li>                           
                     [/index]
                    </ul>
                </div>
            </div>
        </div>]]></item>
						<item id="footer"><![CDATA[]]></item>
						<item id="header"><![CDATA[]]></item>
						<item id="indexplus">
						</item>
						<item id="index">
							<item id="1"><![CDATA[<li>
                            <ul class="img-ul">                                <li>
                                    <a href="{url}" target="_blank">
                                     <img src="template/dingzhi_x_jianshu/dingzhi/bankuai/1.png">
                                    </a>
                                </li>                                     
                            </ul>
                            <p><a href="{url}" target="_blank">{title}</a>
                               <img src="{icon}" style="width: 18px;height: 18px; border-radius: 50%;"></p>
                                    <span>今日发帖数：{posts}</span>
                                    <i></i>
                                    <span>{summary}</span>
                          </li>]]></item>
							<item id="2"><![CDATA[<li>
                            <ul class="img-ul">                                <li>
                                    <a href="{url}" target="_blank">
                                     <img src="template/dingzhi_x_jianshu/dingzhi/bankuai/2.png">
                                    </a>
                                </li>                                     
                            </ul>
                            <p><a href="{url}" target="_blank">{title}</a>
                               <img src="{icon}" style="width: 18px;height: 18px; border-radius: 50%;"></p>
                                    <span>今日发帖数：{posts}</span>
                                    <i></i>
                                    <span>{summary}</span>
                          </li>]]></item>
							<item id="3"><![CDATA[<li>
                            <ul class="img-ul">                                <li>
                                    <a href="{url}" target="_blank">
                                     <img src="template/dingzhi_x_jianshu/dingzhi/bankuai/3.png">
                                    </a>
                                </li>                                     
                            </ul>
                            <p><a href="{url}" target="_blank">{title}</a>
                               <img src="{icon}" style="width: 18px;height: 18px; border-radius: 50%;"></p>
                                    <span>今日发帖数：{posts}</span>
                                    <i></i>
                                    <span>{summary}</span>
                          </li>]]></item>
							<item id="4"><![CDATA[<li>
                            <ul class="img-ul">                                <li>
                                    <a href="{url}" target="_blank">
                                     <img src="template/dingzhi_x_jianshu/dingzhi/bankuai/4.jpg">
                                    </a>
                                </li>                                     
                            </ul>
                            <p><a href="{url}" target="_blank">{title}</a>
                               <img src="{icon}" style="width: 18px;height: 18px; border-radius: 50%;"></p>
                                    <span>今日发帖数：{posts}</span>
                                    <i></i>
                                    <span>{summary}</span>
                          </li>]]></item>
							<item id="5"><![CDATA[<li>
                            <ul class="img-ul">                                <li>
                                    <a href="{url}" target="_blank">
                                     <img src="template/dingzhi_x_jianshu/dingzhi/bankuai/5.png">
                                    </a>
                                </li>                                     
                            </ul>
                            <p><a href="{url}" target="_blank">{title}</a>
                               <img src="{icon}" style="width: 18px;height: 18px; border-radius: 50%;"></p>
                                    <span>今日发帖数：{posts}</span>
                                    <i></i>
                                    <span>{summary}</span>
                          </li>]]></item>
							<item id="6"><![CDATA[<li>
                            <ul class="img-ul">                                <li>
                                    <a href="{url}" target="_blank">
                                     <img src="template/dingzhi_x_jianshu/dingzhi/bankuai/6.jpg">
                                    </a>
                                </li>                                     
                            </ul>
                            <p><a href="{url}" target="_blank">{title}</a>
                               <img src="{icon}" style="width: 18px;height: 18px; border-radius: 50%;"></p>
                                    <span>今日发帖数：{posts}</span>
                                    <i></i>
                                    <span>{summary}</span>
                          </li>]]></item>
							<item id="7"><![CDATA[<li>
                            <ul class="img-ul">                                <li>
                                    <a href="{url}" target="_blank">
                                     <img src="template/dingzhi_x_jianshu/dingzhi/bankuai/7.png">
                                    </a>
                                </li>                                     
                            </ul>
                            <p><a href="{url}" target="_blank">{title}</a>
                               <img src="{icon}" style="width: 18px;height: 18px; border-radius: 50%;"></p>
                                    <span>今日发帖数：{posts}</span>
                                    <i></i>
                                    <span>{summary}</span>
                          </li>]]></item>
							<item id="8"><![CDATA[<li>
                            <ul class="img-ul">                                <li>
                                    <a href="{url}" target="_blank">
                                     <img src="template/dingzhi_x_jianshu/dingzhi/bankuai/8.jpg">
                                    </a>
                                </li>                                     
                            </ul>
                            <p><a href="{url}" target="_blank">{title}</a>
                               <img src="{icon}" style="width: 18px;height: 18px; border-radius: 50%;"></p>
                                    <span>今日发帖数：{posts}</span>
                                    <i></i>
                                    <span>{summary}</span>
                          </li>]]></item>
							<item id="9"><![CDATA[<li>
                            <ul class="img-ul">                                <li>
                                    <a href="{url}" target="_blank">
                                     <img src="template/dingzhi_x_jianshu/dingzhi/bankuai/9.png">
                                    </a>
                                </li>                                     
                            </ul>
                            <p><a href="{url}" target="_blank">{title}</a>
                               <img src="{icon}" style="width: 18px;height: 18px; border-radius: 50%;"></p>
                                    <span>今日发帖数：{posts}</span>
                                    <i></i>
                                    <span>{summary}</span>
                          </li>]]></item>
							<item id="10"><![CDATA[<li>
                            <ul class="img-ul">                                <li>
                                    <a href="{url}" target="_blank">
                                     <img src="template/dingzhi_x_jianshu/dingzhi/bankuai/10.png">
                                    </a>
                                </li>                                     
                            </ul>
                            <p><a href="{url}" target="_blank">{title}</a>
                               <img src="{icon}" style="width: 18px;height: 18px; border-radius: 50%;"></p>
                                    <span>今日发帖数：{posts}</span>
                                    <i></i>
                                    <span>{summary}</span>
                          </li>]]></item>
							<item id="11"><![CDATA[<li>
                            <ul class="img-ul">                                <li>
                                    <a href="{url}" target="_blank">
                                     <img src="template/dingzhi_x_jianshu/dingzhi/bankuai/11.png">
                                    </a>
                                </li>                                     
                            </ul>
                            <p><a href="{url}" target="_blank">{title}</a>
                               <img src="{icon}" style="width: 18px;height: 18px; border-radius: 50%;"></p>
                                    <span>今日发帖数：{posts}</span>
                                    <i></i>
                                    <span>{summary}</span>
                          </li>]]></item>
							<item id="12"><![CDATA[<li>
                            <ul class="img-ul">                                <li>
                                    <a href="{url}" target="_blank">
                                     <img src="template/dingzhi_x_jianshu/dingzhi/bankuai/12.png">
                                    </a>
                                </li>                                     
                            </ul>
                            <p><a href="{url}" target="_blank">{title}</a>
                               <img src="{icon}" style="width: 18px;height: 18px; border-radius: 50%;"></p>
                                    <span>今日发帖数：{posts}</span>
                                    <i></i>
                                    <span>{summary}</span>
                          </li>]]></item>
						</item>
						<item id="orderplus">
						</item>
						<item id="order">
						</item>
						<item id="loopplus">
						</item>
						<item id="loop">
						</item>
					</item>
					<item id="hash"><![CDATA[5d094294]]></item>
				</item>
				<item id="picwidth"><![CDATA[0]]></item>
				<item id="picheight"><![CDATA[0]]></item>
				<item id="target"><![CDATA[blank]]></item>
				<item id="dateformat"><![CDATA[Y-m-d]]></item>
				<item id="dateuformat"><![CDATA[0]]></item>
				<item id="script"><![CDATA[forum]]></item>
				<item id="param">
					<item id="fids"><![CDATA[]]></item>
					<item id="fups">
						<item id="0"><![CDATA[0]]></item>
					</item>
					<item id="titlelength"><![CDATA[40]]></item>
					<item id="summarylength"><![CDATA[80]]></item>
					<item id="orderby"><![CDATA[displayorder]]></item>
					<item id="items"><![CDATA[12]]></item>
				</item>
				<item id="shownum"><![CDATA[12]]></item>
				<item id="cachetime"><![CDATA[3600]]></item>
				<item id="cachetimerange"><![CDATA[]]></item>
				<item id="punctualupdate"><![CDATA[0]]></item>
				<item id="hidedisplay"><![CDATA[0]]></item>
				<item id="dateline"><![CDATA[1584934680]]></item>
				<item id="notinherited"><![CDATA[0]]></item>
				<item id="isblank"><![CDATA[0]]></item>
			</item>
		</item>
		<item id="style">
		</item>
	</item>
</root>
