<?xml version="1.0" encoding="ISO-8859-1"?>
<root>
	<item id="spacecss"><![CDATA[]]></item>
	<item id="layoutdata">
		<item id="diynavtop"><![CDATA[]]></item>
		<item id="diy1"><![CDATA[]]></item>
		<item id="diy4"><![CDATA[]]></item>
		<item id="diyfastposttop"><![CDATA[]]></item>
		<item id=""><![CDATA[]]></item>
		<item id="diyforumdisplaybottom"><![CDATA[]]></item>
		<item id="diy_tab1">
			<item id="frame`framem5Bb3B">
				<item id="attr">
					<item id="name"><![CDATA[framem5Bb3B]]></item>
					<item id="moveable"><![CDATA[true]]></item>
					<item id="className"><![CDATA[frame move-span cl frame-1]]></item>
					<item id="titles"><![CDATA[]]></item>
				</item>
				<item id="column`framem5Bb3B_left">
					<item id="attr">
						<item id="name"><![CDATA[framem5Bb3B_left]]></item>
						<item id="className"><![CDATA[column frame-1-c]]></item>
					</item>
					<item id="block`portal_block_4632">
						<item id="attr">
							<item id="name"><![CDATA[portal_block_4632]]></item>
							<item id="className"><![CDATA[block move-span]]></item>
							<item id="titles"><![CDATA[]]></item>
						</item>
					</item>
				</item>
			</item>
		</item>
		<item id="diy_con1_1">
			<item id="frame`framez9GMRX">
				<item id="attr">
					<item id="name"><![CDATA[framez9GMRX]]></item>
					<item id="moveable"><![CDATA[true]]></item>
					<item id="className"><![CDATA[frame move-span cl frame-1]]></item>
					<item id="titles"><![CDATA[]]></item>
				</item>
				<item id="column`framez9GMRX_left">
					<item id="attr">
						<item id="name"><![CDATA[framez9GMRX_left]]></item>
						<item id="className"><![CDATA[column frame-1-c]]></item>
					</item>
					<item id="block`portal_block_4633">
						<item id="attr">
							<item id="name"><![CDATA[portal_block_4633]]></item>
							<item id="className"><![CDATA[block move-span]]></item>
							<item id="titles"><![CDATA[]]></item>
						</item>
					</item>
				</item>
			</item>
		</item>
		<item id="diy_con2_2">
			<item id="frame`frameu3x8x8">
				<item id="attr">
					<item id="name"><![CDATA[frameu3x8x8]]></item>
					<item id="moveable"><![CDATA[true]]></item>
					<item id="className"><![CDATA[frame move-span cl frame-1]]></item>
					<item id="titles"><![CDATA[]]></item>
				</item>
				<item id="column`frameu3x8x8_left">
					<item id="attr">
						<item id="name"><![CDATA[frameu3x8x8_left]]></item>
						<item id="className"><![CDATA[column frame-1-c]]></item>
					</item>
					<item id="block`portal_block_4634">
						<item id="attr">
							<item id="name"><![CDATA[portal_block_4634]]></item>
							<item id="className"><![CDATA[block move-span]]></item>
							<item id="titles"><![CDATA[]]></item>
						</item>
					</item>
				</item>
			</item>
		</item>
		<item id="diy2">
			<item id="frame`framej4K0md">
				<item id="attr">
					<item id="name"><![CDATA[framej4K0md]]></item>
					<item id="moveable"><![CDATA[true]]></item>
					<item id="className"><![CDATA[frame move-span cl frame-1]]></item>
					<item id="titles"><![CDATA[]]></item>
				</item>
				<item id="column`framej4K0md_left">
					<item id="attr">
						<item id="name"><![CDATA[framej4K0md_left]]></item>
						<item id="className"><![CDATA[column frame-1-c]]></item>
					</item>
					<item id="block`portal_block_4624">
						<item id="attr">
							<item id="name"><![CDATA[portal_block_4624]]></item>
							<item id="className"><![CDATA[block move-span]]></item>
							<item id="titles"><![CDATA[]]></item>
						</item>
					</item>
				</item>
			</item>
			<item id="frame`framecQt7WC">
				<item id="attr">
					<item id="name"><![CDATA[framecQt7WC]]></item>
					<item id="moveable"><![CDATA[true]]></item>
					<item id="className"><![CDATA[frame move-span cl frame-1]]></item>
					<item id="titles"><![CDATA[]]></item>
				</item>
				<item id="column`framecQt7WC_left">
					<item id="attr">
						<item id="name"><![CDATA[framecQt7WC_left]]></item>
						<item id="className"><![CDATA[column frame-1-c]]></item>
					</item>
					<item id="block`portal_block_4625">
						<item id="attr">
							<item id="name"><![CDATA[portal_block_4625]]></item>
							<item id="className"><![CDATA[block move-span]]></item>
							<item id="titles"><![CDATA[]]></item>
						</item>
					</item>
				</item>
			</item>
			<item id="frame`framegTMt7t">
				<item id="attr">
					<item id="name"><![CDATA[framegTMt7t]]></item>
					<item id="moveable"><![CDATA[true]]></item>
					<item id="className"><![CDATA[frame move-span cl frame-1]]></item>
					<item id="titles"><![CDATA[]]></item>
				</item>
				<item id="column`framegTMt7t_left">
					<item id="attr">
						<item id="name"><![CDATA[framegTMt7t_left]]></item>
						<item id="className"><![CDATA[column frame-1-c]]></item>
					</item>
					<item id="block`portal_block_4623">
						<item id="attr">
							<item id="name"><![CDATA[portal_block_4623]]></item>
							<item id="className"><![CDATA[block move-span]]></item>
							<item id="titles"><![CDATA[]]></item>
						</item>
					</item>
				</item>
			</item>
		</item>
		<item id="diy3"><![CDATA[]]></item>
	</item>
	<item id="blockdata">
		<item id="block">
			<item id="4623">
				<item id="bid"><![CDATA[4623]]></item>
				<item id="blockclass"><![CDATA[html_html]]></item>
				<item id="blocktype"><![CDATA[0]]></item>
				<item id="name"><![CDATA[招商_thread]]></item>
				<item id="title"><![CDATA[]]></item>
				<item id="classname"><![CDATA[]]></item>
				<item id="summary"><![CDATA[<div class="cl" style="width: 250px; margin-top: 15px; text-align: center; color: #666666; font-size: 14px; background: #FAFAFA;"><a style="line-height: 200px;">广告招商 TEL: 13800008888</div>]]></item>
				<item id="uid"><![CDATA[1]]></item>
				<item id="username"><![CDATA[admin]]></item>
				<item id="styleid"><![CDATA[0]]></item>
				<item id="blockstyle"><![CDATA[]]></item>
				<item id="picwidth"><![CDATA[0]]></item>
				<item id="picheight"><![CDATA[0]]></item>
				<item id="target"><![CDATA[blank]]></item>
				<item id="dateformat"><![CDATA[Y-m-d]]></item>
				<item id="dateuformat"><![CDATA[0]]></item>
				<item id="script"><![CDATA[blank]]></item>
				<item id="param">
					<item id="content"><![CDATA[<div class=\"cl\" style=\"width: 250px; margin-top: 15px; text-align: center; color: #666666; font-size: 14px; background: #FAFAFA;\"><a style=\"line-height: 200px;\">广告招商 TEL: 13800008888</div>]]></item>
					<item id="items"><![CDATA[10]]></item>
				</item>
				<item id="shownum"><![CDATA[10]]></item>
				<item id="cachetime"><![CDATA[0]]></item>
				<item id="cachetimerange"><![CDATA[0,0]]></item>
				<item id="punctualupdate"><![CDATA[0]]></item>
				<item id="hidedisplay"><![CDATA[0]]></item>
				<item id="dateline"><![CDATA[1517886554]]></item>
				<item id="notinherited"><![CDATA[0]]></item>
				<item id="isblank"><![CDATA[0]]></item>
			</item>
			<item id="4624">
				<item id="bid"><![CDATA[4624]]></item>
				<item id="blockclass"><![CDATA[forum_thread]]></item>
				<item id="blocktype"><![CDATA[0]]></item>
				<item id="name"><![CDATA[推荐文章]]></item>
				<item id="title"><![CDATA[]]></item>
				<item id="classname"><![CDATA[]]></item>
				<item id="summary"><![CDATA[]]></item>
				<item id="uid"><![CDATA[1]]></item>
				<item id="username"><![CDATA[admin]]></item>
				<item id="styleid"><![CDATA[0]]></item>
				<item id="blockstyle">
					<item id="name"><![CDATA[]]></item>
					<item id="blockclass"><![CDATA[forum_thread]]></item>
					<item id="makethumb"><![CDATA[0]]></item>
					<item id="getpic"><![CDATA[0]]></item>
					<item id="getsummary"><![CDATA[0]]></item>
					<item id="settarget"><![CDATA[0]]></item>
					<item id="moreurl"><![CDATA[0]]></item>
					<item id="fields">
						<item id="0"><![CDATA[url]]></item>
						<item id="1"><![CDATA[title]]></item>
					</item>
					<item id="template">
						<item id="raw"><![CDATA[<div class="hotArticle">
    <h3>推荐主题</h3>
    <ul>
     [index=1]
        <li>
            <a href="{url}">
                <span class="hot">
                1</span>
                <p style="width: 223px;">{title}</p>
            </a>
        </li>
     [/index]
     [index=2]
        <li>
            <a href="{url}">
                <span class="hot">
                2</span>
                <p style="width: 223px;">{title}</p>
            </a>
        </li>
     [/index]
     [index=3]
        <li>
            <a href="{url}">
                <span class="hot">
                3</span>
                <p style="width: 223px;">{title}</p>
            </a>
        </li>
     [/index]
     [index=4]
        <li>
            <a href="{url}">
                <span class="">
                4</span>
                <p style="width: 223px;">{title}</p>
            </a>
        </li>
     [/index]
     [index=5]
        <li>
            <a href="{url}">
                <span class="">
                5</span>
                <p style="width: 223px;">{title}</p>
            </a>
        </li>
     [/index]
     [index=6]
        <li>
            <a href="{url}">
                <span class="">
                6</span>
                <p style="width: 223px;">{title}</p>
            </a>
        </li>
     [/index]
    </ul>
</div>]]></item>
						<item id="footer"><![CDATA[]]></item>
						<item id="header"><![CDATA[]]></item>
						<item id="indexplus"><![CDATA[
						]]></item>
						<item id="index">
							<item id="1"><![CDATA[<li>
            <a href="{url}">
                <span class="hot">
                1</span>
                <p style="width: 223px;">{title}</p>
            </a>
        </li>]]></item>
							<item id="2"><![CDATA[<li>
            <a href="{url}">
                <span class="hot">
                2</span>
                <p style="width: 223px;">{title}</p>
            </a>
        </li>]]></item>
							<item id="3"><![CDATA[<li>
            <a href="{url}">
                <span class="hot">
                3</span>
                <p style="width: 223px;">{title}</p>
            </a>
        </li>]]></item>
							<item id="4"><![CDATA[<li>
            <a href="{url}">
                <span class="">
                4</span>
                <p style="width: 223px;">{title}</p>
            </a>
        </li>]]></item>
							<item id="5"><![CDATA[<li>
            <a href="{url}">
                <span class="">
                5</span>
                <p style="width: 223px;">{title}</p>
            </a>
        </li>]]></item>
							<item id="6"><![CDATA[<li>
            <a href="{url}">
                <span class="">
                6</span>
                <p style="width: 223px;">{title}</p>
            </a>
        </li>]]></item>
						</item>
						<item id="orderplus"><![CDATA[
						]]></item>
						<item id="order"><![CDATA[
						]]></item>
						<item id="loopplus"><![CDATA[
						]]></item>
						<item id="loop"><![CDATA[
						]]></item>
					</item>
					<item id="hash"><![CDATA[ba4ac47e]]></item>
				</item>
				<item id="picwidth"><![CDATA[0]]></item>
				<item id="picheight"><![CDATA[0]]></item>
				<item id="target"><![CDATA[blank]]></item>
				<item id="dateformat"><![CDATA[Y-m-d]]></item>
				<item id="dateuformat"><![CDATA[0]]></item>
				<item id="script"><![CDATA[thread]]></item>
				<item id="param">
					<item id="tids"><![CDATA[]]></item>
					<item id="uids"><![CDATA[]]></item>
					<item id="keyword"><![CDATA[]]></item>
					<item id="tagkeyword"><![CDATA[]]></item>
					<item id="typeids"><![CDATA[]]></item>
					<item id="recommend"><![CDATA[0]]></item>
					<item id="viewmod"><![CDATA[0]]></item>
					<item id="rewardstatus"><![CDATA[0]]></item>
					<item id="picrequired"><![CDATA[0]]></item>
					<item id="orderby"><![CDATA[lastpost]]></item>
					<item id="postdateline"><![CDATA[0]]></item>
					<item id="lastpost"><![CDATA[0]]></item>
					<item id="highlight"><![CDATA[0]]></item>
					<item id="titlelength"><![CDATA[40]]></item>
					<item id="summarylength"><![CDATA[80]]></item>
					<item id="startrow"><![CDATA[0]]></item>
					<item id="items"><![CDATA[6]]></item>
				</item>
				<item id="shownum"><![CDATA[6]]></item>
				<item id="cachetime"><![CDATA[3600]]></item>
				<item id="cachetimerange"><![CDATA[]]></item>
				<item id="punctualupdate"><![CDATA[0]]></item>
				<item id="hidedisplay"><![CDATA[0]]></item>
				<item id="dateline"><![CDATA[1517884812]]></item>
				<item id="notinherited"><![CDATA[0]]></item>
				<item id="isblank"><![CDATA[0]]></item>
			</item>
			<item id="4625">
				<item id="bid"><![CDATA[4625]]></item>
				<item id="blockclass"><![CDATA[member_member]]></item>
				<item id="blocktype"><![CDATA[0]]></item>
				<item id="name"><![CDATA[推荐作者]]></item>
				<item id="title"><![CDATA[]]></item>
				<item id="classname"><![CDATA[]]></item>
				<item id="summary"><![CDATA[]]></item>
				<item id="uid"><![CDATA[1]]></item>
				<item id="username"><![CDATA[admin]]></item>
				<item id="styleid"><![CDATA[0]]></item>
				<item id="blockstyle">
					<item id="name"><![CDATA[]]></item>
					<item id="blockclass"><![CDATA[member_member]]></item>
					<item id="makethumb"><![CDATA[0]]></item>
					<item id="getpic"><![CDATA[0]]></item>
					<item id="getsummary"><![CDATA[0]]></item>
					<item id="settarget"><![CDATA[0]]></item>
					<item id="moreurl"><![CDATA[0]]></item>
					<item id="fields">
						<item id="0"><![CDATA[url]]></item>
						<item id="1"><![CDATA[avatar]]></item>
						<item id="2"><![CDATA[title]]></item>
						<item id="3"><![CDATA[regdate]]></item>
					</item>
					<item id="template">
						<item id="raw"><![CDATA[<div class="hotAuthor">
    <h3>推荐作者</h3>
    [loop]
    <dl>
        <dt>
            <a href="{url}">
                <img src="{avatar}" alt="{title}">
            </a>
        </dt>
        <dd style="width: 205px;">
            <p>
                <a href="{url}">{title}</a><em class="y" style="font-size: 12px; color: #BBBBBB;">{regdate}</em>
            </p>
        </dd>
    </dl>
    [/loop]
</div>]]></item>
						<item id="footer"><![CDATA[]]></item>
						<item id="header"><![CDATA[]]></item>
						<item id="indexplus"><![CDATA[
						]]></item>
						<item id="index"><![CDATA[
						]]></item>
						<item id="orderplus"><![CDATA[
						]]></item>
						<item id="order"><![CDATA[
						]]></item>
						<item id="loopplus"><![CDATA[
						]]></item>
						<item id="loop"><![CDATA[<dl>
        <dt>
            <a href="{url}">
                <img src="{avatar}" alt="{title}">
            </a>
        </dt>
        <dd style="width: 205px;">
            <p>
                <a href="{url}">{title}</a><em class="y" style="font-size: 12px; color: #BBBBBB;">{regdate}</em>
            </p>
        </dd>
    </dl>]]></item>
					</item>
					<item id="hash"><![CDATA[f8db1af5]]></item>
				</item>
				<item id="picwidth"><![CDATA[0]]></item>
				<item id="picheight"><![CDATA[0]]></item>
				<item id="target"><![CDATA[blank]]></item>
				<item id="dateformat"><![CDATA[Y-m-d]]></item>
				<item id="dateuformat"><![CDATA[0]]></item>
				<item id="script"><![CDATA[member]]></item>
				<item id="param">
					<item id="uids"><![CDATA[]]></item>
					<item id="special"><![CDATA[]]></item>
					<item id="gender"><![CDATA[]]></item>
					<item id="xbirthprovince"><![CDATA[]]></item>
					<item id="xresideprovince"><![CDATA[]]></item>
					<item id="avatarstatus"><![CDATA[0]]></item>
					<item id="orderby"><![CDATA[credits]]></item>
					<item id="extcredit"><![CDATA[1]]></item>
					<item id="lastpost"><![CDATA[]]></item>
					<item id="startrow"><![CDATA[0]]></item>
					<item id="items"><![CDATA[6]]></item>
				</item>
				<item id="shownum"><![CDATA[6]]></item>
				<item id="cachetime"><![CDATA[3600]]></item>
				<item id="cachetimerange"><![CDATA[]]></item>
				<item id="punctualupdate"><![CDATA[0]]></item>
				<item id="hidedisplay"><![CDATA[0]]></item>
				<item id="dateline"><![CDATA[1517884739]]></item>
				<item id="notinherited"><![CDATA[0]]></item>
				<item id="isblank"><![CDATA[0]]></item>
			</item>
			<item id="4632">
				<item id="bid"><![CDATA[4632]]></item>
				<item id="blockclass"><![CDATA[html_html]]></item>
				<item id="blocktype"><![CDATA[0]]></item>
				<item id="name"><![CDATA[tit_11]]></item>
				<item id="title"><![CDATA[]]></item>
				<item id="classname"><![CDATA[]]></item>
				<item id="summary"><![CDATA[<ul>
  <li class="on">版块推荐</li>
  <li style="width: 124px; border-right: 0;">百宝箱</li>
</ul>]]></item>
				<item id="uid"><![CDATA[1]]></item>
				<item id="username"><![CDATA[admin]]></item>
				<item id="styleid"><![CDATA[0]]></item>
				<item id="blockstyle"><![CDATA[]]></item>
				<item id="picwidth"><![CDATA[0]]></item>
				<item id="picheight"><![CDATA[0]]></item>
				<item id="target"><![CDATA[blank]]></item>
				<item id="dateformat"><![CDATA[Y-m-d]]></item>
				<item id="dateuformat"><![CDATA[0]]></item>
				<item id="script"><![CDATA[blank]]></item>
				<item id="param">
					<item id="content"><![CDATA[<ul>
  <li class=\"on\">版块推荐</li>
  <li style=\"width: 124px; border-right: 0;\">百宝箱</li>
</ul>]]></item>
					<item id="items"><![CDATA[10]]></item>
				</item>
				<item id="shownum"><![CDATA[10]]></item>
				<item id="cachetime"><![CDATA[0]]></item>
				<item id="cachetimerange"><![CDATA[0,0]]></item>
				<item id="punctualupdate"><![CDATA[0]]></item>
				<item id="hidedisplay"><![CDATA[0]]></item>
				<item id="dateline"><![CDATA[1517832149]]></item>
				<item id="notinherited"><![CDATA[0]]></item>
				<item id="isblank"><![CDATA[0]]></item>
			</item>
			<item id="4633">
				<item id="bid"><![CDATA[4633]]></item>
				<item id="blockclass"><![CDATA[html_html]]></item>
				<item id="blocktype"><![CDATA[0]]></item>
				<item id="name"><![CDATA[板块推荐]]></item>
				<item id="title"><![CDATA[]]></item>
				<item id="classname"><![CDATA[]]></item>
				<item id="summary"><![CDATA[<div class="sidebarplate">
  <ul>
    <li><a href="forum.php" target="_blank">论坛任务</a></li>
    <li><a href="#" target="_blank">站长自定义</a></li>
    <li><a href="#" target="_blank">我的消息</a></li>
    <li><a href="#" target="_blank">ROM下载</a></li>
    <li><a href="home.php?mod=spacecp&ac=profile&op=verify" target="_blank">VIP认证</a></li>
    <li><a href="#" target="_blank">申请特殊组</a></li>
    <li><a href="#" target="_blank">应用中心</a></li>
    <li><a href="#" target="_blank">防伪查询</a></li>
    <li><a href="#" target="_blank">专题汇总</a></li>
    <li><a href="#" target="_blank">懒猴爆米花</a></li>
    <li><a href="#">办事大厅</a></li>
    <li><a href="#">热门软件</a></li>
  </ul>
</div>]]></item>
				<item id="uid"><![CDATA[1]]></item>
				<item id="username"><![CDATA[admin]]></item>
				<item id="styleid"><![CDATA[0]]></item>
				<item id="blockstyle"><![CDATA[]]></item>
				<item id="picwidth"><![CDATA[0]]></item>
				<item id="picheight"><![CDATA[0]]></item>
				<item id="target"><![CDATA[blank]]></item>
				<item id="dateformat"><![CDATA[Y-m-d]]></item>
				<item id="dateuformat"><![CDATA[0]]></item>
				<item id="script"><![CDATA[blank]]></item>
				<item id="param">
					<item id="content"><![CDATA[<div class=\"sidebarplate\">
  <ul>
    <li><a href=\"forum.php\" target=\"_blank\">论坛任务</a></li>
    <li><a href=\"#\" target=\"_blank\">站长自定义</a></li>
    <li><a href=\"#\" target=\"_blank\">我的消息</a></li>
    <li><a href=\"#\" target=\"_blank\">ROM下载</a></li>
    <li><a href=\"home.php?mod=spacecp&ac=profile&op=verify\" target=\"_blank\">VIP认证</a></li>
    <li><a href=\"#\" target=\"_blank\">申请特殊组</a></li>
    <li><a href=\"#\" target=\"_blank\">应用中心</a></li>
    <li><a href=\"#\" target=\"_blank\">防伪查询</a></li>
    <li><a href=\"#\" target=\"_blank\">专题汇总</a></li>
    <li><a href=\"#\" target=\"_blank\">懒猴爆米花</a></li>
    <li><a href=\"#\">办事大厅</a></li>
    <li><a href=\"#\">热门软件</a></li>
  </ul>
</div>]]></item>
					<item id="items"><![CDATA[10]]></item>
				</item>
				<item id="shownum"><![CDATA[10]]></item>
				<item id="cachetime"><![CDATA[0]]></item>
				<item id="cachetimerange"><![CDATA[0,0]]></item>
				<item id="punctualupdate"><![CDATA[0]]></item>
				<item id="hidedisplay"><![CDATA[0]]></item>
				<item id="dateline"><![CDATA[1517825128]]></item>
				<item id="notinherited"><![CDATA[0]]></item>
				<item id="isblank"><![CDATA[0]]></item>
			</item>
			<item id="4634">
				<item id="bid"><![CDATA[4634]]></item>
				<item id="blockclass"><![CDATA[html_html]]></item>
				<item id="blocktype"><![CDATA[0]]></item>
				<item id="name"><![CDATA[百宝箱]]></item>
				<item id="title"><![CDATA[]]></item>
				<item id="classname"><![CDATA[]]></item>
				<item id="summary"><![CDATA[<div class="sidebarplate">
<ul>
  <li><a href="#" target="_blank"><span style="color:#ff0000;">小米6</span></a></li>
  <li><a href="#" target="_blank"><span style="color:#ff0000;">小米Note 2</span></a></li>
  <li><a href="#" target="_blank">小米5/5c/5s/Plus</a></li>
  <li><a href="#" target="_blank">小米Max</a></li>
  <li><a href="#" target="_blank">小米笔记本</a></li>
  <li><a href="#" target="_blank">小米电视</a></li>
  <li><a href="#" target="_blank">小米平板</a></li>
  <li><a href="#" target="_blank">小米盒子</a></li>
  <li><a href="#" target="_blank">小米MIX</a></li>
  <li><a href="#" target="_blank">小米路由器 3</a></li>
  <li><a href="#" target="_blank">红米Note 4/4X</a></li>
  <li><a href="#" target="_blank">红米4/4X/4A</a></li>
</ul>
</div>]]></item>
				<item id="uid"><![CDATA[1]]></item>
				<item id="username"><![CDATA[admin]]></item>
				<item id="styleid"><![CDATA[0]]></item>
				<item id="blockstyle"><![CDATA[]]></item>
				<item id="picwidth"><![CDATA[0]]></item>
				<item id="picheight"><![CDATA[0]]></item>
				<item id="target"><![CDATA[blank]]></item>
				<item id="dateformat"><![CDATA[Y-m-d]]></item>
				<item id="dateuformat"><![CDATA[0]]></item>
				<item id="script"><![CDATA[blank]]></item>
				<item id="param">
					<item id="content"><![CDATA[<div class=\"sidebarplate\">
<ul>
  <li><a href=\"#\" target=\"_blank\"><span style=\"color:#ff0000;\">小米6</span></a></li>
  <li><a href=\"#\" target=\"_blank\"><span style=\"color:#ff0000;\">小米Note 2</span></a></li>
  <li><a href=\"#\" target=\"_blank\">小米5/5c/5s/Plus</a></li>
  <li><a href=\"#\" target=\"_blank\">小米Max</a></li>
  <li><a href=\"#\" target=\"_blank\">小米笔记本</a></li>
  <li><a href=\"#\" target=\"_blank\">小米电视</a></li>
  <li><a href=\"#\" target=\"_blank\">小米平板</a></li>
  <li><a href=\"#\" target=\"_blank\">小米盒子</a></li>
  <li><a href=\"#\" target=\"_blank\">小米MIX</a></li>
  <li><a href=\"#\" target=\"_blank\">小米路由器 3</a></li>
  <li><a href=\"#\" target=\"_blank\">红米Note 4/4X</a></li>
  <li><a href=\"#\" target=\"_blank\">红米4/4X/4A</a></li>
</ul>
</div>]]></item>
					<item id="items"><![CDATA[10]]></item>
				</item>
				<item id="shownum"><![CDATA[10]]></item>
				<item id="cachetime"><![CDATA[0]]></item>
				<item id="cachetimerange"><![CDATA[0,0]]></item>
				<item id="punctualupdate"><![CDATA[0]]></item>
				<item id="hidedisplay"><![CDATA[0]]></item>
				<item id="dateline"><![CDATA[1517832153]]></item>
				<item id="notinherited"><![CDATA[0]]></item>
				<item id="isblank"><![CDATA[0]]></item>
			</item>
		</item>
		<item id="style">
		</item>
	</item>
</root>
