<?xml version="1.0" encoding="ISO-8859-1"?>
<root>
	<item id="spacecss"><![CDATA[]]></item>
	<item id="layoutdata">
		<item id="diy1"><![CDATA[]]></item>
		<item id="diysummarytop"><![CDATA[]]></item>
		<item id="diysummarybottom"><![CDATA[]]></item>
		<item id="diycontenttop"><![CDATA[]]></item>
		<item id="diycontentbottom"><![CDATA[]]></item>
		<item id="diycontentclickbottom"><![CDATA[]]></item>
		<item id="diycontentrelatetop"><![CDATA[]]></item>
		<item id="diycontentrelate"><![CDATA[]]></item>
		<item id=""><![CDATA[]]></item>
		<item id="diycontentcomment"><![CDATA[]]></item>
		<item id="diy6">
			<item id="frame`framec8nKVG">
				<item id="attr">
					<item id="name"><![CDATA[framec8nKVG]]></item>
					<item id="moveable"><![CDATA[true]]></item>
					<item id="className"><![CDATA[frame move-span cl frame-1]]></item>
					<item id="titles"><![CDATA[]]></item>
				</item>
				<item id="column`framec8nKVG_left">
					<item id="attr">
						<item id="name"><![CDATA[framec8nKVG_left]]></item>
						<item id="className"><![CDATA[column frame-1-c]]></item>
					</item>
					<item id="block`portal_block_7521">
						<item id="attr">
							<item id="name"><![CDATA[portal_block_7521]]></item>
							<item id="className"><![CDATA[block move-span]]></item>
							<item id="titles"><![CDATA[]]></item>
						</item>
					</item>
				</item>
			</item>
		</item>
		<item id="diy7">
			<item id="frame`framez5FTlD">
				<item id="attr">
					<item id="name"><![CDATA[framez5FTlD]]></item>
					<item id="moveable"><![CDATA[true]]></item>
					<item id="className"><![CDATA[frame move-span cl frame-1]]></item>
					<item id="titles"><![CDATA[]]></item>
				</item>
				<item id="column`framez5FTlD_left">
					<item id="attr">
						<item id="name"><![CDATA[framez5FTlD_left]]></item>
						<item id="className"><![CDATA[column frame-1-c]]></item>
					</item>
					<item id="block`portal_block_7522">
						<item id="attr">
							<item id="name"><![CDATA[portal_block_7522]]></item>
							<item id="className"><![CDATA[block move-span]]></item>
							<item id="titles"><![CDATA[]]></item>
						</item>
					</item>
				</item>
			</item>
		</item>
		<item id="diy3"><![CDATA[]]></item>
	</item>
	<item id="blockdata">
		<item id="block">
			<item id="7521">
				<item id="bid"><![CDATA[7521]]></item>
				<item id="blockclass"><![CDATA[forum_forum]]></item>
				<item id="blocktype"><![CDATA[0]]></item>
				<item id="name"><![CDATA[热门板块]]></item>
				<item id="title"><![CDATA[]]></item>
				<item id="classname"><![CDATA[]]></item>
				<item id="summary"><![CDATA[]]></item>
				<item id="uid"><![CDATA[1]]></item>
				<item id="username"><![CDATA[admin]]></item>
				<item id="styleid"><![CDATA[0]]></item>
				<item id="blockstyle">
					<item id="name"><![CDATA[]]></item>
					<item id="blockclass"><![CDATA[forum_forum]]></item>
					<item id="makethumb"><![CDATA[0]]></item>
					<item id="getpic"><![CDATA[0]]></item>
					<item id="getsummary"><![CDATA[0]]></item>
					<item id="settarget"><![CDATA[0]]></item>
					<item id="moreurl"><![CDATA[0]]></item>
					<item id="fields"><![CDATA[
					]]></item>
					<item id="template">
						<item id="raw"><![CDATA[<div class="down combox" style="margin-bottom: 15px;">
	<div class="com-title">
		<h3>热门版块</h3>
	</div>
	<ul class="cl">
		<li>
			<a href="#" class="d-img" target="_blank">
				<img src="template/dingzhi_x_jianshu/dingzhi/dingzhi_icon/1.jpg" alt="">
				<span>DOSPY大论谈</span>
			</a>
		</li>
		<li>
			<a href="#" class="d-img" target="_blank">
			<img src="template/dingzhi_x_jianshu/dingzhi/dingzhi_icon/2.jpg" alt="">
			<span>二手交易区</span>
		</a>
		</li>
		<li>
			<a href="#" class="d-img" target="_blank">
				<img src="template/dingzhi_x_jianshu/dingzhi/dingzhi_icon/3.jpg" alt="">
				<span>安卓讨论区</span>
			</a>
		</li>
		<li>
			<a href="#" class="d-img" target="_blank">
			<img src="template/dingzhi_x_jianshu/dingzhi/dingzhi_icon/4.jpg" alt="">
			<span>苹果讨论区</span>
		</a>
		</li>
		<li>
			<a href="#" class="d-img" target="_blank">
				<img src="template/dingzhi_x_jianshu/dingzhi/dingzhi_icon/5.jpg" alt="">
				<span>塞班讨论区</span>
			</a>
		</li>
		<li>
			<a href="#" class="d-img" target="_blank">
			<img src="template/dingzhi_x_jianshu/dingzhi/dingzhi_icon/6.jpg" alt="">
			<span>资源讨论区</span>
		</a>
		</li>
	</ul>
</div>]]></item>
						<item id="footer"><![CDATA[]]></item>
						<item id="header"><![CDATA[]]></item>
						<item id="indexplus"><![CDATA[
						]]></item>
						<item id="index"><![CDATA[
						]]></item>
						<item id="orderplus"><![CDATA[
						]]></item>
						<item id="order"><![CDATA[
						]]></item>
						<item id="loopplus"><![CDATA[
						]]></item>
						<item id="loop"><![CDATA[
						]]></item>
					</item>
					<item id="hash"><![CDATA[ab03e734]]></item>
				</item>
				<item id="picwidth"><![CDATA[0]]></item>
				<item id="picheight"><![CDATA[0]]></item>
				<item id="target"><![CDATA[blank]]></item>
				<item id="dateformat"><![CDATA[Y-m-d]]></item>
				<item id="dateuformat"><![CDATA[0]]></item>
				<item id="script"><![CDATA[forum]]></item>
				<item id="param">
					<item id="fids"><![CDATA[]]></item>
					<item id="titlelength"><![CDATA[40]]></item>
					<item id="summarylength"><![CDATA[80]]></item>
					<item id="orderby"><![CDATA[displayorder]]></item>
					<item id="items"><![CDATA[6]]></item>
				</item>
				<item id="shownum"><![CDATA[6]]></item>
				<item id="cachetime"><![CDATA[3600]]></item>
				<item id="cachetimerange"><![CDATA[]]></item>
				<item id="punctualupdate"><![CDATA[0]]></item>
				<item id="hidedisplay"><![CDATA[0]]></item>
				<item id="dateline"><![CDATA[1578024734]]></item>
				<item id="notinherited"><![CDATA[0]]></item>
				<item id="isblank"><![CDATA[0]]></item>
			</item>
			<item id="7522">
				<item id="bid"><![CDATA[7522]]></item>
				<item id="blockclass"><![CDATA[portal_article]]></item>
				<item id="blocktype"><![CDATA[0]]></item>
				<item id="name"><![CDATA[主题推荐]]></item>
				<item id="title"><![CDATA[]]></item>
				<item id="classname"><![CDATA[]]></item>
				<item id="summary"><![CDATA[]]></item>
				<item id="uid"><![CDATA[1]]></item>
				<item id="username"><![CDATA[admin]]></item>
				<item id="styleid"><![CDATA[0]]></item>
				<item id="blockstyle">
					<item id="name"><![CDATA[]]></item>
					<item id="blockclass"><![CDATA[portal_article]]></item>
					<item id="makethumb"><![CDATA[1]]></item>
					<item id="getpic"><![CDATA[1]]></item>
					<item id="getsummary"><![CDATA[0]]></item>
					<item id="settarget"><![CDATA[0]]></item>
					<item id="moreurl"><![CDATA[0]]></item>
					<item id="fields">
						<item id="0"><![CDATA[url]]></item>
						<item id="1"><![CDATA[pic]]></item>
						<item id="2"><![CDATA[title]]></item>
					</item>
					<item id="template">
						<item id="raw"><![CDATA[<div class="dos-news mt2 shadow">
	<div class="com-title">
		<h3>本周热门</h3>
	</div>
	<ul>
	   [order=1]<li class="fimg"><a href="{url}" class="nimg" target="_blank"><img src="{pic}" height="{picheight}" width="{picwidth}"></a></li>[/order]
       [loop]<li><a href="{url}" target="_blank">{title}</a></li>[/loop]
    </ul>
</div>]]></item>
						<item id="footer"><![CDATA[]]></item>
						<item id="header"><![CDATA[]]></item>
						<item id="indexplus"><![CDATA[
						]]></item>
						<item id="index"><![CDATA[
						]]></item>
						<item id="orderplus"><![CDATA[
						]]></item>
						<item id="order">
							<item id="1"><![CDATA[<li class="fimg"><a href="{url}" class="nimg" target="_blank"><img src="{pic}" height="{picheight}" width="{picwidth}"></a></li>]]></item>
						</item>
						<item id="loopplus"><![CDATA[
						]]></item>
						<item id="loop"><![CDATA[<li><a href="{url}" target="_blank">{title}</a></li>]]></item>
					</item>
					<item id="hash"><![CDATA[bf6b1593]]></item>
				</item>
				<item id="picwidth"><![CDATA[244]]></item>
				<item id="picheight"><![CDATA[120]]></item>
				<item id="target"><![CDATA[blank]]></item>
				<item id="dateformat"><![CDATA[Y-m-d]]></item>
				<item id="dateuformat"><![CDATA[0]]></item>
				<item id="script"><![CDATA[article]]></item>
				<item id="param">
					<item id="aids"><![CDATA[]]></item>
					<item id="uids"><![CDATA[]]></item>
					<item id="keyword"><![CDATA[]]></item>
					<item id="picrequired"><![CDATA[1]]></item>
					<item id="starttime"><![CDATA[]]></item>
					<item id="endtime"><![CDATA[]]></item>
					<item id="publishdateline"><![CDATA[0]]></item>
					<item id="titlelength"><![CDATA[40]]></item>
					<item id="summarylength"><![CDATA[80]]></item>
					<item id="startrow"><![CDATA[0]]></item>
					<item id="items"><![CDATA[7]]></item>
					<item id="tids"><![CDATA[]]></item>
					<item id="tagkeyword"><![CDATA[]]></item>
					<item id="typeids"><![CDATA[]]></item>
					<item id="recommend"><![CDATA[0]]></item>
					<item id="viewmod"><![CDATA[0]]></item>
					<item id="rewardstatus"><![CDATA[0]]></item>
					<item id="orderby"><![CDATA[lastpost]]></item>
					<item id="postdateline"><![CDATA[0]]></item>
					<item id="lastpost"><![CDATA[0]]></item>
					<item id="highlight"><![CDATA[0]]></item>
				</item>
				<item id="shownum"><![CDATA[7]]></item>
				<item id="cachetime"><![CDATA[3600]]></item>
				<item id="cachetimerange"><![CDATA[]]></item>
				<item id="punctualupdate"><![CDATA[0]]></item>
				<item id="hidedisplay"><![CDATA[0]]></item>
				<item id="dateline"><![CDATA[1578025185]]></item>
				<item id="notinherited"><![CDATA[0]]></item>
				<item id="isblank"><![CDATA[0]]></item>
			</item>
		</item>
		<item id="style">
		</item>
	</item>
</root>
