<?xml version="1.0" encoding="ISO-8859-1"?>
<root>
	<item id="Title"><![CDATA[Discuz! Plugin]]></item>
	<item id="Version"><![CDATA[X3.4]]></item>
	<item id="Time"><![CDATA[2019-12-23 14:22]]></item>
	<item id="From"><![CDATA[DisM!应用中心 (https://dism.taobao.com/)]]></item>
	<item id="Data">
		<item id="plugin">
			<item id="available"><![CDATA[1]]></item>
			<item id="adminid"><![CDATA[1]]></item>
			<item id="name"><![CDATA[木木CMS-返回顶部]]></item>
			<item id="identifier"><![CDATA[mumucms_scrolltop]]></item>
			<item id="description"><![CDATA[本插件专为木木CMS模板专用，开启之后可以在网站右侧显示一个返回顶部的功能模块，有多种样式可以选择，也支持响应式。]]></item>
			<item id="datatables"><![CDATA[]]></item>
			<item id="directory"><![CDATA[mumucms_scrolltop/]]></item>
			<item id="copyright"><![CDATA[木木CMS(www.mumucms.com)]]></item>
			<item id="version"><![CDATA[1.1]]></item>
			<item id="__modules">
				<item id="0">
					<item id="name"><![CDATA[mumucms_scrolltop]]></item>
					<item id="param"><![CDATA[]]></item>
					<item id="menu"><![CDATA[]]></item>
					<item id="url"><![CDATA[]]></item>
					<item id="type"><![CDATA[11]]></item>
					<item id="adminid"><![CDATA[0]]></item>
					<item id="displayorder"><![CDATA[0]]></item>
					<item id="navtitle"><![CDATA[]]></item>
					<item id="navicon"><![CDATA[]]></item>
					<item id="navsubname"><![CDATA[]]></item>
					<item id="navsuburl"><![CDATA[]]></item>
				</item>
			</item>
		</item>
		<item id="version"><![CDATA[X3,X3.1,X3.2,X3.3,X3.4,F1.0,L1.0]]></item>
		<item id="var">
			<item id="0">
				<item id="displayorder"><![CDATA[1]]></item>
				<item id="title"><![CDATA[启用插件]]></item>
				<item id="description"><![CDATA[]]></item>
				<item id="variable"><![CDATA[mumucms_scrolltop_qiyong]]></item>
				<item id="type"><![CDATA[radio]]></item>
				<item id="value"><![CDATA[1]]></item>
				<item id="extra"><![CDATA[]]></item>
			</item>
			<item id="1">
				<item id="displayorder"><![CDATA[2]]></item>
				<item id="title"><![CDATA[开启响应式]]></item>
				<item id="description"><![CDATA[]]></item>
				<item id="variable"><![CDATA[mumucms_scrolltop_responsive]]></item>
				<item id="type"><![CDATA[radio]]></item>
				<item id="value"><![CDATA[1]]></item>
				<item id="extra"><![CDATA[]]></item>
			</item>
			<item id="2">
				<item id="displayorder"><![CDATA[3]]></item>
				<item id="title"><![CDATA[显示页面]]></item>
				<item id="description"><![CDATA[]]></item>
				<item id="variable"><![CDATA[mumucms_scrolltop_xspage]]></item>
				<item id="type"><![CDATA[selects]]></item>
				<item id="extra"><![CDATA[1 = 全站显示
2 = 门户首页
3 = 论坛首页
4 = 论坛版块
5 = 论坛帖子
6 = 其他页面]]></item>
				<item id="__value">
					<item id="0"><![CDATA[1]]></item>
				</item>
			</item>
			<item id="3">
				<item id="displayorder"><![CDATA[4]]></item>
				<item id="title"><![CDATA[网站宽度]]></item>
				<item id="description"><![CDATA[]]></item>
				<item id="variable"><![CDATA[mumucms_scrolltop_width]]></item>
				<item id="type"><![CDATA[text]]></item>
				<item id="value"><![CDATA[1200]]></item>
				<item id="extra"><![CDATA[]]></item>
			</item>
			<item id="4">
				<item id="displayorder"><![CDATA[5]]></item>
				<item id="title"><![CDATA[预载jquery]]></item>
				<item id="description"><![CDATA[避免重复加载jquery，加快网站打开时间
如果网站已经预载了jquery，可以关闭，反之需要开启。
如果使用的是木木CMS门户，请关闭。]]></item>
				<item id="variable"><![CDATA[mumucms_scrolltop_jquery]]></item>
				<item id="type"><![CDATA[radio]]></item>
				<item id="value"><![CDATA[0]]></item>
				<item id="extra"><![CDATA[]]></item>
			</item>
			<item id="5">
				<item id="displayorder"><![CDATA[6]]></item>
				<item id="title"><![CDATA[客服QQ]]></item>
				<item id="description"><![CDATA[]]></item>
				<item id="variable"><![CDATA[mumucms_scrolltop_qqkf]]></item>
				<item id="type"><![CDATA[text]]></item>
				<item id="value"><![CDATA[1483241428]]></item>
				<item id="extra"><![CDATA[]]></item>
			</item>
			<item id="6">
				<item id="displayorder"><![CDATA[7]]></item>
				<item id="title"><![CDATA[公众号二维码]]></item>
				<item id="description"><![CDATA[]]></item>
				<item id="variable"><![CDATA[mumucms_scrolltop_gzhimg]]></item>
				<item id="type"><![CDATA[text]]></item>
				<item id="value"><![CDATA[source/plugin/mumucms_scrolltop/template/img/mumucms_scrolltop_gzh.png]]></item>
				<item id="extra"><![CDATA[]]></item>
			</item>
			<item id="7">
				<item id="displayorder"><![CDATA[8]]></item>
				<item id="title"><![CDATA[客户端二维码]]></item>
				<item id="description"><![CDATA[]]></item>
				<item id="variable"><![CDATA[mumucms_scrolltop_khdimg]]></item>
				<item id="type"><![CDATA[text]]></item>
				<item id="value"><![CDATA[source/plugin/mumucms_scrolltop/template/img/mumucms_scrolltop_gzh.png]]></item>
				<item id="extra"><![CDATA[]]></item>
			</item>
			<item id="8">
				<item id="displayorder"><![CDATA[9]]></item>
				<item id="title"><![CDATA[按钮一图标]]></item>
				<item id="description"><![CDATA[]]></item>
				<item id="variable"><![CDATA[mumucms_scrolltop_btn1_ico]]></item>
				<item id="type"><![CDATA[text]]></item>
				<item id="value"><![CDATA[source/plugin/mumucms_scrolltop/template/img/mumucms_scrolltop_fatie.png]]></item>
				<item id="extra"><![CDATA[]]></item>
			</item>
			<item id="9">
				<item id="displayorder"><![CDATA[10]]></item>
				<item id="title"><![CDATA[按钮一文字]]></item>
				<item id="description"><![CDATA[]]></item>
				<item id="variable"><![CDATA[mumucms_scrolltop_btn1_text]]></item>
				<item id="type"><![CDATA[text]]></item>
				<item id="value"><![CDATA[发布新帖]]></item>
				<item id="extra"><![CDATA[]]></item>
			</item>
			<item id="10">
				<item id="displayorder"><![CDATA[11]]></item>
				<item id="title"><![CDATA[按钮二图标]]></item>
				<item id="description"><![CDATA[]]></item>
				<item id="variable"><![CDATA[mumucms_scrolltop_btn2_ico]]></item>
				<item id="type"><![CDATA[text]]></item>
				<item id="value"><![CDATA[source/plugin/mumucms_scrolltop/template/img/mumucms_scrolltop_kefu.png]]></item>
				<item id="extra"><![CDATA[]]></item>
			</item>
			<item id="11">
				<item id="displayorder"><![CDATA[12]]></item>
				<item id="title"><![CDATA[按钮二文字]]></item>
				<item id="description"><![CDATA[]]></item>
				<item id="variable"><![CDATA[mumucms_scrolltop_btn2_text]]></item>
				<item id="type"><![CDATA[text]]></item>
				<item id="value"><![CDATA[在线客服]]></item>
				<item id="extra"><![CDATA[]]></item>
			</item>
			<item id="12">
				<item id="displayorder"><![CDATA[13]]></item>
				<item id="title"><![CDATA[按钮三图标]]></item>
				<item id="description"><![CDATA[]]></item>
				<item id="variable"><![CDATA[mumucms_scrolltop_btn3_ico]]></item>
				<item id="type"><![CDATA[text]]></item>
				<item id="value"><![CDATA[source/plugin/mumucms_scrolltop/template/img/mumucms_scrolltop_weixin.png]]></item>
				<item id="extra"><![CDATA[]]></item>
			</item>
			<item id="13">
				<item id="displayorder"><![CDATA[14]]></item>
				<item id="title"><![CDATA[按钮三文字]]></item>
				<item id="description"><![CDATA[]]></item>
				<item id="variable"><![CDATA[mumucms_scrolltop_btn3_text]]></item>
				<item id="type"><![CDATA[text]]></item>
				<item id="value"><![CDATA[微信]]></item>
				<item id="extra"><![CDATA[]]></item>
			</item>
			<item id="14">
				<item id="displayorder"><![CDATA[15]]></item>
				<item id="title"><![CDATA[按钮四图标]]></item>
				<item id="description"><![CDATA[]]></item>
				<item id="variable"><![CDATA[mumucms_scrolltop_btn4_ico]]></item>
				<item id="type"><![CDATA[text]]></item>
				<item id="value"><![CDATA[source/plugin/mumucms_scrolltop/template/img/mumucms_scrolltop_kehuduan.png]]></item>
				<item id="extra"><![CDATA[]]></item>
			</item>
			<item id="15">
				<item id="displayorder"><![CDATA[16]]></item>
				<item id="title"><![CDATA[按钮四文字]]></item>
				<item id="description"><![CDATA[]]></item>
				<item id="variable"><![CDATA[mumucms_scrolltop_btn4_text]]></item>
				<item id="type"><![CDATA[text]]></item>
				<item id="value"><![CDATA[客户端]]></item>
				<item id="extra"><![CDATA[]]></item>
			</item>
			<item id="16">
				<item id="displayorder"><![CDATA[17]]></item>
				<item id="title"><![CDATA[按钮五图标]]></item>
				<item id="description"><![CDATA[]]></item>
				<item id="variable"><![CDATA[mumucms_scrolltop_btn5_ico]]></item>
				<item id="type"><![CDATA[text]]></item>
				<item id="value"><![CDATA[source/plugin/mumucms_scrolltop/template/img/mumucms_scrolltop_gotop.png]]></item>
				<item id="extra"><![CDATA[]]></item>
			</item>
			<item id="17">
				<item id="displayorder"><![CDATA[18]]></item>
				<item id="title"><![CDATA[按钮五文字]]></item>
				<item id="description"><![CDATA[]]></item>
				<item id="variable"><![CDATA[mumucms_scrolltop_btn5_text]]></item>
				<item id="type"><![CDATA[text]]></item>
				<item id="value"><![CDATA[返回顶部]]></item>
				<item id="extra"><![CDATA[]]></item>
			</item>
		</item>
	</item>
</root>