<?xml version="1.0" encoding="ISO-8859-1"?>
<root>
	<item id="Title"><![CDATA[Discuz! Plugin]]></item>
	<item id="Version"><![CDATA[X3.4]]></item>
	<item id="Time"><![CDATA[2019-10-09 18:16]]></item>
	<item id="From"><![CDATA[Cack工作室 (http://dev.dongta.net/dz/)]]></item>
	<item id="Data">
		<item id="plugin">
			<item id="available"><![CDATA[1]]></item>
			<item id="adminid"><![CDATA[1]]></item>
			<item id="name"><![CDATA[Wechat模板配置]]></item>
			<item id="identifier"><![CDATA[cack_mobile_wechatpeizhi]]></item>
			<item id="description"><![CDATA[]]></item>
			<item id="datatables"><![CDATA[]]></item>
			<item id="directory"><![CDATA[cack_mobile_wechatpeizhi/]]></item>
			<item id="copyright"><![CDATA[DisM!应用中心(dism.taobao.com)]]></item>
			<item id="version"><![CDATA[4.2.0]]></item>
			<item id="__modules">
				<item id="0">
					<item id="name"><![CDATA[admincp_hdpsz]]></item>
					<item id="param"><![CDATA[]]></item>
					<item id="menu"><![CDATA[幻灯片设置]]></item>
					<item id="url"><![CDATA[]]></item>
					<item id="type"><![CDATA[3]]></item>
					<item id="adminid"><![CDATA[0]]></item>
					<item id="displayorder"><![CDATA[1]]></item>
					<item id="navtitle"><![CDATA[]]></item>
					<item id="navicon"><![CDATA[]]></item>
					<item id="navsubname"><![CDATA[]]></item>
					<item id="navsuburl"><![CDATA[]]></item>
				</item>
				<item id="1">
					<item id="name"><![CDATA[admincp_mhdhsz]]></item>
					<item id="param"><![CDATA[]]></item>
					<item id="menu"><![CDATA[门户导航设置]]></item>
					<item id="url"><![CDATA[]]></item>
					<item id="type"><![CDATA[3]]></item>
					<item id="adminid"><![CDATA[0]]></item>
					<item id="displayorder"><![CDATA[2]]></item>
					<item id="navtitle"><![CDATA[]]></item>
					<item id="navicon"><![CDATA[]]></item>
					<item id="navsubname"><![CDATA[]]></item>
					<item id="navsuburl"><![CDATA[]]></item>
				</item>
				<item id="2">
					<item id="name"><![CDATA[admincp_mhdh2sz]]></item>
					<item id="param"><![CDATA[]]></item>
					<item id="menu"><![CDATA[门户导航2设置]]></item>
					<item id="url"><![CDATA[]]></item>
					<item id="type"><![CDATA[3]]></item>
					<item id="adminid"><![CDATA[0]]></item>
					<item id="displayorder"><![CDATA[3]]></item>
					<item id="navtitle"><![CDATA[]]></item>
					<item id="navicon"><![CDATA[]]></item>
					<item id="navsubname"><![CDATA[]]></item>
					<item id="navsuburl"><![CDATA[]]></item>
				</item>
				<item id="3">
					<item id="name"><![CDATA[admincp_cate]]></item>
					<item id="param"><![CDATA[]]></item>
					<item id="menu"><![CDATA[发现页设置]]></item>
					<item id="url"><![CDATA[]]></item>
					<item id="type"><![CDATA[3]]></item>
					<item id="adminid"><![CDATA[0]]></item>
					<item id="displayorder"><![CDATA[4]]></item>
					<item id="navtitle"><![CDATA[]]></item>
					<item id="navicon"><![CDATA[]]></item>
					<item id="navsubname"><![CDATA[]]></item>
					<item id="navsuburl"><![CDATA[]]></item>
				</item>
			</item>
		</item>
		<item id="version"><![CDATA[X3,X3.1,X3.2,X3.3,X3.4,F1.0,L1.0]]></item>
		<item id="var">
			<item id="0">
				<item id="displayorder"><![CDATA[0]]></item>
				<item id="title"><![CDATA[name]]></item>
				<item id="description"><![CDATA[]]></item>
				<item id="variable"><![CDATA[pyqname]]></item>
				<item id="type"><![CDATA[text]]></item>
				<item id="value"><![CDATA[朋友圈]]></item>
				<item id="extra"><![CDATA[]]></item>
			</item>
			<item id="1">
				<item id="displayorder"><![CDATA[2]]></item>
				<item id="title"><![CDATA[默认首页]]></item>
				<item id="description"><![CDATA[]]></item>
				<item id="variable"><![CDATA[index]]></item>
				<item id="type"><![CDATA[select]]></item>
				<item id="value"><![CDATA[1]]></item>
				<item id="extra"><![CDATA[1 = 门户页
2 = 论坛页
3 = 朋友圈
4 = 自定义]]></item>
			</item>
			<item id="2">
				<item id="displayorder"><![CDATA[3]]></item>
				<item id="title"><![CDATA[已定义首页URL]]></item>
				<item id="description"><![CDATA[]]></item>
				<item id="variable"><![CDATA[indexurl]]></item>
				<item id="type"><![CDATA[text]]></item>
				<item id="value"><![CDATA[portal.php?mod=index]]></item>
				<item id="extra"><![CDATA[]]></item>
			</item>
			<item id="3">
				<item id="displayorder"><![CDATA[5]]></item>
				<item id="title"><![CDATA[朋友圈话题符号]]></item>
				<item id="description"><![CDATA[]]></item>
				<item id="variable"><![CDATA[pyqhtfh]]></item>
				<item id="type"><![CDATA[textarea]]></item>
				<item id="value"><![CDATA[#]]></item>
				<item id="extra"><![CDATA[]]></item>
			</item>
			<item id="4">
				<item id="displayorder"><![CDATA[6]]></item>
				<item id="title"><![CDATA[朋友圈发帖无需填写标题]]></item>
				<item id="description"><![CDATA[]]></item>
				<item id="variable"><![CDATA[pyqftwxtxbt]]></item>
				<item id="type"><![CDATA[radio]]></item>
				<item id="value"><![CDATA[1]]></item>
				<item id="extra"><![CDATA[]]></item>
			</item>
			<item id="5">
				<item id="displayorder"><![CDATA[7]]></item>
				<item id="title"><![CDATA[配色选择]]></item>
				<item id="description"><![CDATA[配色定制可联系QQ 1193688841]]></item>
				<item id="variable"><![CDATA[psxz]]></item>
				<item id="type"><![CDATA[select]]></item>
				<item id="value"><![CDATA[1]]></item>
				<item id="extra"><![CDATA[1 = 默认（天空蓝）
2 = 新年红]]></item>
			</item>
			<item id="6">
				<item id="displayorder"><![CDATA[10]]></item>
				<item id="title"><![CDATA[朋友圈绑定板块ID]]></item>
				<item id="description"><![CDATA[]]></item>
				<item id="variable"><![CDATA[pyqbdbkid]]></item>
				<item id="type"><![CDATA[forum]]></item>
				<item id="value"><![CDATA[2]]></item>
				<item id="extra"><![CDATA[]]></item>
			</item>
			<item id="7">
				<item id="displayorder"><![CDATA[11]]></item>
				<item id="title"><![CDATA[列表页下拉自动加载]]></item>
				<item id="description"><![CDATA[]]></item>
				<item id="variable"><![CDATA[lbyxlzdjz]]></item>
				<item id="type"><![CDATA[radio]]></item>
				<item id="value"><![CDATA[1]]></item>
				<item id="extra"><![CDATA[]]></item>
			</item>
			<item id="8">
				<item id="displayorder"><![CDATA[12]]></item>
				<item id="title"><![CDATA[朋友圈下拉自动加载]]></item>
				<item id="description"><![CDATA[]]></item>
				<item id="variable"><![CDATA[pyqxlzdjz]]></item>
				<item id="type"><![CDATA[radio]]></item>
				<item id="value"><![CDATA[1]]></item>
				<item id="extra"><![CDATA[]]></item>
			</item>
			<item id="9">
				<item id="displayorder"><![CDATA[13]]></item>
				<item id="title"><![CDATA[门户下拉自动加载]]></item>
				<item id="description"><![CDATA[]]></item>
				<item id="variable"><![CDATA[mhxlzdjz]]></item>
				<item id="type"><![CDATA[radio]]></item>
				<item id="value"><![CDATA[1]]></item>
				<item id="extra"><![CDATA[]]></item>
			</item>
			<item id="10">
				<item id="displayorder"><![CDATA[20]]></item>
				<item id="title"><![CDATA[门户数据精华]]></item>
				<item id="description"><![CDATA[]]></item>
				<item id="variable"><![CDATA[indexdiges]]></item>
				<item id="type"><![CDATA[select]]></item>
				<item id="value"><![CDATA[5]]></item>
				<item id="extra"><![CDATA[1 = 只显示精华1
2 = 只显示精华2
3 = 只显示精华3
4 = 只显示精华贴
5 = 不限制]]></item>
			</item>
			<item id="11">
				<item id="displayorder"><![CDATA[21]]></item>
				<item id="title"><![CDATA[门户数据来源板块]]></item>
				<item id="description"><![CDATA[]]></item>
				<item id="variable"><![CDATA[indexdigesbk]]></item>
				<item id="type"><![CDATA[forums]]></item>
				<item id="extra"><![CDATA[]]></item>
				<item id="__value">
					<item id="0"><![CDATA[68]]></item>
					<item id="1"><![CDATA[2]]></item>
					<item id="2"><![CDATA[36]]></item>
					<item id="3"><![CDATA[43]]></item>
				</item>
			</item>
			<item id="12">
				<item id="displayorder"><![CDATA[22]]></item>
				<item id="title"><![CDATA[门户数据每次加载条数]]></item>
				<item id="description"><![CDATA[]]></item>
				<item id="variable"><![CDATA[indexdigests]]></item>
				<item id="type"><![CDATA[number]]></item>
				<item id="value"><![CDATA[15]]></item>
				<item id="extra"><![CDATA[]]></item>
			</item>
			<item id="13">
				<item id="displayorder"><![CDATA[23]]></item>
				<item id="title"><![CDATA[门户数据过滤无图]]></item>
				<item id="description"><![CDATA[]]></item>
				<item id="variable"><![CDATA[mhsjglwt]]></item>
				<item id="type"><![CDATA[radio]]></item>
				<item id="value"><![CDATA[0]]></item>
				<item id="extra"><![CDATA[]]></item>
			</item>
			<item id="14">
				<item id="displayorder"><![CDATA[33]]></item>
				<item id="title"><![CDATA[门户手机端下载]]></item>
				<item id="description"><![CDATA[]]></item>
				<item id="variable"><![CDATA[indexsjdxz]]></item>
				<item id="type"><![CDATA[radio]]></item>
				<item id="value"><![CDATA[1]]></item>
				<item id="extra"><![CDATA[]]></item>
			</item>
			<item id="15">
				<item id="displayorder"><![CDATA[34]]></item>
				<item id="title"><![CDATA[门户手机端下载地址]]></item>
				<item id="description"><![CDATA[]]></item>
				<item id="variable"><![CDATA[indexsjdxzdz]]></item>
				<item id="type"><![CDATA[text]]></item>
				<item id="value"><![CDATA[plugin.php?id=cack_appdownload]]></item>
				<item id="extra"><![CDATA[]]></item>
			</item>
			<item id="16">
				<item id="displayorder"><![CDATA[35]]></item>
				<item id="title"><![CDATA[门户分页加载广告]]></item>
				<item id="description"><![CDATA[]]></item>
				<item id="variable"><![CDATA[indexfyjzgg]]></item>
				<item id="type"><![CDATA[textarea]]></item>
				<item id="value"><![CDATA[广告1广告1广告1广告1广告1广告1广告1广告1|测颜值|#|template/cack_mobile_wechat/touch/static/ad/h1.jpg|15656|3月11日
广告2广告2广告2广告2广告2广告2广告2广告2|测颜值|#|template/cack_mobile_wechat/touch/static/ad/h2.jpg|15656|3月11日
广告3广告3广告3广告3广告3广告3广告3广告3|测颜值|#|template/cack_mobile_wechat/touch/static/ad/h3.jpg|15656|3月11日
广告4广告4广告4广告4广告4广告4广告4广告4|测颜值|#|template/cack_mobile_wechat/touch/static/ad/h1.jpg|15656|3月11日
广告5广告5广告5广告5广告5广告5广告5广告5|测颜值|#|template/cack_mobile_wechat/touch/static/ad/h2.jpg|15656|3月11日]]></item>
				<item id="extra"><![CDATA[]]></item>
			</item>
			<item id="17">
				<item id="displayorder"><![CDATA[36]]></item>
				<item id="title"><![CDATA[门户LOGO地址]]></item>
				<item id="description"><![CDATA[]]></item>
				<item id="variable"><![CDATA[indexmhlogodz]]></item>
				<item id="type"><![CDATA[text]]></item>
				<item id="value"><![CDATA[template/cack_mobile_wechat/touch/static/images/logo.png]]></item>
				<item id="extra"><![CDATA[]]></item>
			</item>
			<item id="18">
				<item id="displayorder"><![CDATA[37]]></item>
				<item id="title"><![CDATA[帖子页底部朋友圈热点]]></item>
				<item id="description"><![CDATA[]]></item>
				<item id="variable"><![CDATA[threaddbpyq]]></item>
				<item id="type"><![CDATA[radio]]></item>
				<item id="value"><![CDATA[1]]></item>
				<item id="extra"><![CDATA[]]></item>
			</item>
			<item id="19">
				<item id="displayorder"><![CDATA[37]]></item>
				<item id="title"><![CDATA[帖子页底部朋友圈热点来源]]></item>
				<item id="description"><![CDATA[]]></item>
				<item id="variable"><![CDATA[threaddbpyqly]]></item>
				<item id="type"><![CDATA[forums]]></item>
				<item id="extra"><![CDATA[]]></item>
				<item id="__value">
					<item id="0"><![CDATA[2]]></item>
				</item>
			</item>
			<item id="20">
				<item id="displayorder"><![CDATA[37]]></item>
				<item id="title"><![CDATA[帖子页底部朋友圈热点模式]]></item>
				<item id="description"><![CDATA[朋友圈模式]]></item>
				<item id="variable"><![CDATA[threaddbpyqms]]></item>
				<item id="type"><![CDATA[select]]></item>
				<item id="value"><![CDATA[1]]></item>
				<item id="extra"><![CDATA[1 = 朋友圈智能模式
2 = 选择数据来源模式]]></item>
			</item>
			<item id="21">
				<item id="displayorder"><![CDATA[38]]></item>
				<item id="title"><![CDATA[帖子页底部推荐热点]]></item>
				<item id="description"><![CDATA[]]></item>
				<item id="variable"><![CDATA[threaddbtjrd]]></item>
				<item id="type"><![CDATA[radio]]></item>
				<item id="value"><![CDATA[1]]></item>
				<item id="extra"><![CDATA[]]></item>
			</item>
			<item id="22">
				<item id="displayorder"><![CDATA[38]]></item>
				<item id="title"><![CDATA[帖子页底部推荐热点来源]]></item>
				<item id="description"><![CDATA[]]></item>
				<item id="variable"><![CDATA[threaddbtjrdly]]></item>
				<item id="type"><![CDATA[forums]]></item>
				<item id="extra"><![CDATA[]]></item>
				<item id="__value">
					<item id="0"><![CDATA[68]]></item>
				</item>
			</item>
			<item id="23">
				<item id="displayorder"><![CDATA[39]]></item>
				<item id="title"><![CDATA[帖子页回复模式]]></item>
				<item id="description"><![CDATA[]]></item>
				<item id="variable"><![CDATA[threadtzyhfms]]></item>
				<item id="type"><![CDATA[select]]></item>
				<item id="value"><![CDATA[1]]></item>
				<item id="extra"><![CDATA[1 = Wechat模式
2 = Cack 4.0 模式]]></item>
			</item>
			<item id="24">
				<item id="displayorder"><![CDATA[41]]></item>
				<item id="title"><![CDATA[帖子页楼主帖模式]]></item>
				<item id="description"><![CDATA[]]></item>
				<item id="variable"><![CDATA[threadtzylzms]]></item>
				<item id="type"><![CDATA[forums]]></item>
				<item id="extra"><![CDATA[1 = Wechat模式
2 = 话题圈模式]]></item>
				<item id="__value">
					<item id="0"><![CDATA[68]]></item>
					<item id="1"><![CDATA[2]]></item>
					<item id="2"><![CDATA[36]]></item>
					<item id="3"><![CDATA[43]]></item>
				</item>
			</item>
			<item id="25">
				<item id="displayorder"><![CDATA[42]]></item>
				<item id="title"><![CDATA[帖子页支持楼主按钮]]></item>
				<item id="description"><![CDATA[]]></item>
				<item id="variable"><![CDATA[threadtzyzclzan]]></item>
				<item id="type"><![CDATA[radio]]></item>
				<item id="value"><![CDATA[1]]></item>
				<item id="extra"><![CDATA[]]></item>
			</item>
			<item id="26">
				<item id="displayorder"><![CDATA[44]]></item>
				<item id="title"><![CDATA[帖子页阅读原文]]></item>
				<item id="description"><![CDATA[]]></item>
				<item id="variable"><![CDATA[threadtzyydyw]]></item>
				<item id="type"><![CDATA[select]]></item>
				<item id="value"><![CDATA[1]]></item>
				<item id="extra"><![CDATA[1 = 跳转指定URL
2 = Cack APP下载页（插件）]]></item>
			</item>
			<item id="27">
				<item id="displayorder"><![CDATA[45]]></item>
				<item id="title"><![CDATA[帖子页阅读原文指定URL]]></item>
				<item id="description"><![CDATA[]]></item>
				<item id="variable"><![CDATA[threadtzyydywzdurl]]></item>
				<item id="type"><![CDATA[text]]></item>
				<item id="value"><![CDATA[#]]></item>
				<item id="extra"><![CDATA[]]></item>
			</item>
			<item id="28">
				<item id="displayorder"><![CDATA[46]]></item>
				<item id="title"><![CDATA[帖子页看图模式]]></item>
				<item id="description"><![CDATA[]]></item>
				<item id="variable"><![CDATA[tzyktms]]></item>
				<item id="type"><![CDATA[select]]></item>
				<item id="value"><![CDATA[1]]></item>
				<item id="extra"><![CDATA[1 = 跳转模式（discuz默认）
2 = 弹窗模式]]></item>
			</item>
			<item id="29">
				<item id="displayorder"><![CDATA[50]]></item>
				<item id="title"><![CDATA[发现页面html]]></item>
				<item id="description"><![CDATA[]]></item>
				<item id="variable"><![CDATA[fxymhtml]]></item>
				<item id="type"><![CDATA[textarea]]></item>
				<item id="value"><![CDATA[<div class="white mt20">
	<div class="recom-lists">
		<div class="lists-name">
			热点推荐
		</div>
		<ul class="lists-link sclear">
			<li>
			<a href="#">
			<img style="background-color:#FAFAFA;" class=" lazy" src="template/cack_mobile_wechat/touch/static/images/faxian/11.png" alt="">
			<p>
				大宜宾114
			</p>
			</a>
			</li>
			<li>
			<a href="#">
			<img style="background-color:#FAFAFA;" class=" lazy" src="template/cack_mobile_wechat/touch/static/images/faxian/12.jpg" alt="">
			<p>
				大南溪114
			</p>
			</a>
			</li>
			<li>
			<a href="#">
			<img style="background-color:#FAFAFA;" class="circle lazy" src="template/cack_mobile_wechat/touch/static/images/faxian/13.png" alt="">
			<p>
				iPhone女神
			</p>
			</a>
			</li>
			<li>
			<a href="#">
			<img class="circle lazy" src="template/cack_mobile_wechat/touch/static/images/faxian/14.jpg" alt="">
			<p>
				免费电影
			</p>
			</a>
			</li>
			<div class="line">
			</div>
			<li>
			<a href="#">
			<img style="background-color:#FAFAFA;" class=" lazy" src="template/cack_mobile_wechat/touch/static/images/faxian/15.jpg" alt="">
			<p>
				宜宾视频
			</p>
			</a>
			</li>
		</ul>
	</div>
</div>
<!--/white-->
<div class="white mt20">
	<div class="recom-lists">
		<div class="lists-name">
			生活服务
		</div>
		<ul class="lists-link sclear">
			<li>
			<a href="#">
			<img style="background-color:#FAFAFA;" class="circle lazy" src="template/cack_mobile_wechat/touch/static/images/faxian/21.gif" alt="">
			<p>
				汽车购票
			</p>
			</a>
			</li>
			<li>
			<a href="#">
			<img style="background-color:#FAFAFA;" class="circle lazy" src="template/cack_mobile_wechat/touch/static/images/faxian/22.png" alt="">
			<p>
				电影票
			</p>
			</a>
			</li>
			<li>
			<a href="#" class="deepshare">
			<img style="background-color:#FAFAFA;" class="circle lazy" src="template/cack_mobile_wechat/touch/static/images/faxian/23.png" alt="">
			<p>
				滴滴打车
			</p>
			</a>
			</li>
			<li>
			<a href="#">
			<img class="circle lazy" src="template/cack_mobile_wechat/touch/static/images/faxian/24.png" alt="">
			<p>
				飞机票
			</p>
			</a>
			</li>
			<div class="line">
			</div>
			<li>
			<a href="#">
			<img style="background-color:#FAFAFA;" class="circle lazy" src="template/cack_mobile_wechat/touch/static/images/faxian/25.jpg" alt="">
			<p>
				团购
			</p>
			</a>
			</li>
			<li>
			<a href="#">
			<img style="background-color:#FAFAFA;" class="circle lazy" src="template/cack_mobile_wechat/touch/static/images/faxian/26.png" alt="">
			<p>
				火车票
			</p>
			</a>
			</li>
		</ul>
	</div>
</div>
<!--/white-->
<div class="white mt20">
	<div class="recom-lists">
		<div class="lists-name">
			查询服务
		</div>
		<ul class="lists-link sclear">
			<li>
			<a href="#">
			<img style="background-color:#FAFAFA;" class="circle lazy" src="template/cack_mobile_wechat/touch/static/images/faxian/31.jpeg" alt="">
			<p>
				用户名修改
			</p>
			</a>
			</li>
			<li>
			<a href="#">
			<img style="background-color:#FAFAFA;" class=" lazy" src="template/cack_mobile_wechat/touch/static/images/faxian/32.png" alt="">
			<p>
				删帖申请
			</p>
			</a>
			</li>
			<li>
			<a href="#">
			<img style="background-color:#FAFAFA;" class="circle lazy" src="template/cack_mobile_wechat/touch/static/images/faxian/33.png" alt="">
			<p>
				宜宾天气
			</p>
			</a>
			</li>
			<li>
			<a href="#">
			<img class="circle lazy" src="template/cack_mobile_wechat/touch/static/images/faxian/34.png" alt="">
			<p>
				快递查询
			</p>
			</a>
			</li>
			<div class="line">
			</div>
			<li>
			<a href="#">
			<img style="background-color:#FAFAFA;" class="circle lazy" src="template/cack_mobile_wechat/touch/static/images/faxian/35.png" alt="">
			<p>
				查违章
			</p>
			</a>
			</li>
			<li>
			<a href="#">
			<img style="background-color:#FAFAFA;" class="circle lazy" src="template/cack_mobile_wechat/touch/static/images/faxian/36.png" alt="">
			<p>
				公交查询
			</p>
			</a>
			</li>
		</ul>
	</div>
</div>
<!--/white-->
<div class="white mt20">
	<div class="recom-lists">
		<div class="lists-name">
			休闲娱乐
		</div>
		<ul class="lists-link sclear">
			<li>
			<a href="#">
			<img style="background-color:#FAFAFA;" class="circle lazy" src="template/cack_mobile_wechat/touch/static/images/faxian/41.jpg" alt="">
			<p>
				方块大战
			</p>
			</a>
			</li>
			<li>
			<a href="#">
			<img style="background-color:#FAFAFA;" class=" lazy" src="template/cack_mobile_wechat/touch/static/images/faxian/42.png" alt="">
			<p>
				测试
			</p>
			</a>
			</li>
			<li>
			<a href="#">
			<img style="background-color:#FAFAFA;" class="circle lazy" src="template/cack_mobile_wechat/touch/static/images/faxian/43.jpeg" alt="">
			<p>
				性格测试
			</p>
			</a>
			</li>
			<li>
			<a href="#">
			<img class="circle lazy" src="template/cack_mobile_wechat/touch/static/images/faxian/44.png" alt="">
			<p>
				盖摩天大楼
			</p>
			</a>
			</li>
			<div class="line">
			</div>
			<li>
			<a href="#">
			<img style="background-color:#FAFAFA;" class="circle lazy" src="template/cack_mobile_wechat/touch/static/images/faxian/45.png" alt="">
			<p>
				飞机大战
			</p>
			</a>
			</li>
			<li>
			<a href="#">
			<img style="background-color:#FAFAFA;" class="circle lazy" src="template/cack_mobile_wechat/touch/static/images/faxian/46.png" alt="">
			<p>
				星座测试
			</p>
			</a>
			</li>
			<li>
			<a href="#">
			<img style="background-color:#FAFAFA;" class="circle lazy" src="template/cack_mobile_wechat/touch/static/images/faxian/47.jpg" alt="">
			<p>
				跳跳球
			</p>
			</a>
			</li>
			<li>
			<a href="#">
			<img class="circle lazy" src="template/cack_mobile_wechat/touch/static/images/faxian/48.png" alt="">
			<p>
				插插更开心
			</p>
			</a>
			</li>
			<div class="line">
			</div>
		</ul>
	</div>
</div>]]></item>
				<item id="extra"><![CDATA[]]></item>
			</item>
			<item id="30">
				<item id="displayorder"><![CDATA[61]]></item>
				<item id="title"><![CDATA[用户发帖同步到广播]]></item>
				<item id="description"><![CDATA[]]></item>
				<item id="variable"><![CDATA[fttbdgb]]></item>
				<item id="type"><![CDATA[radio]]></item>
				<item id="value"><![CDATA[1]]></item>
				<item id="extra"><![CDATA[]]></item>
			</item>
			<item id="31">
				<item id="displayorder"><![CDATA[62]]></item>
				<item id="title"><![CDATA[用户回帖同步到广播]]></item>
				<item id="description"><![CDATA[]]></item>
				<item id="variable"><![CDATA[httbdgb]]></item>
				<item id="type"><![CDATA[radio]]></item>
				<item id="value"><![CDATA[1]]></item>
				<item id="extra"><![CDATA[]]></item>
			</item>
			<item id="32">
				<item id="displayorder"><![CDATA[80]]></item>
				<item id="title"><![CDATA[小云兼容模式]]></item>
				<item id="description"><![CDATA[]]></item>
				<item id="variable"><![CDATA[xyjrms]]></item>
				<item id="type"><![CDATA[radio]]></item>
				<item id="value"><![CDATA[0]]></item>
				<item id="extra"><![CDATA[]]></item>
			</item>
			<item id="33">
				<item id="displayorder"><![CDATA[81]]></item>
				<item id="title"><![CDATA[开启全局下拉刷新]]></item>
				<item id="description"><![CDATA[]]></item>
				<item id="variable"><![CDATA[kqqjxlsx]]></item>
				<item id="type"><![CDATA[radio]]></item>
				<item id="value"><![CDATA[0]]></item>
				<item id="extra"><![CDATA[]]></item>
			</item>
			<item id="34">
				<item id="displayorder"><![CDATA[82]]></item>
				<item id="title"><![CDATA[表情包id]]></item>
				<item id="description"><![CDATA[]]></item>
				<item id="variable"><![CDATA[bqbid]]></item>
				<item id="type"><![CDATA[number]]></item>
				<item id="value"><![CDATA[6]]></item>
				<item id="extra"><![CDATA[]]></item>
			</item>
			<item id="35">
				<item id="displayorder"><![CDATA[83]]></item>
				<item id="title"><![CDATA[表情包目录]]></item>
				<item id="description"><![CDATA[]]></item>
				<item id="variable"><![CDATA[bqbml]]></item>
				<item id="type"><![CDATA[text]]></item>
				<item id="value"><![CDATA[static/image/smiley/cackqq/]]></item>
				<item id="extra"><![CDATA[]]></item>
			</item>
			<item id="36">
				<item id="displayorder"><![CDATA[84]]></item>
				<item id="title"><![CDATA[发帖页可重新选择发帖板块]]></item>
				<item id="description"><![CDATA[]]></item>
				<item id="variable"><![CDATA[ftykcxxzftcd]]></item>
				<item id="type"><![CDATA[radio]]></item>
				<item id="value"><![CDATA[1]]></item>
				<item id="extra"><![CDATA[]]></item>
			</item>
			<item id="37">
				<item id="displayorder"><![CDATA[90]]></item>
				<item id="title"><![CDATA[门户页显示发帖按钮]]></item>
				<item id="description"><![CDATA[]]></item>
				<item id="variable"><![CDATA[mhyxsftan]]></item>
				<item id="type"><![CDATA[radio]]></item>
				<item id="value"><![CDATA[0]]></item>
				<item id="extra"><![CDATA[]]></item>
			</item>
			<item id="38">
				<item id="displayorder"><![CDATA[91]]></item>
				<item id="title"><![CDATA[门户页发帖按钮链接]]></item>
				<item id="description"><![CDATA[]]></item>
				<item id="variable"><![CDATA[mhyftanlj]]></item>
				<item id="type"><![CDATA[text]]></item>
				<item id="value"><![CDATA[]]></item>
				<item id="extra"><![CDATA[]]></item>
			</item>
			<item id="39">
				<item id="displayorder"><![CDATA[100]]></item>
				<item id="title"><![CDATA[Cack分类信息sortid]]></item>
				<item id="description"><![CDATA[填写已导入分类信息的id，多个用,符合隔开]]></item>
				<item id="variable"><![CDATA[cacktsortid]]></item>
				<item id="type"><![CDATA[text]]></item>
				<item id="value"><![CDATA[5,6]]></item>
				<item id="extra"><![CDATA[]]></item>
			</item>
			<item id="40">
				<item id="displayorder"><![CDATA[101]]></item>
				<item id="title"><![CDATA[选择可插入视频板块]]></item>
				<item id="description"><![CDATA[]]></item>
				<item id="variable"><![CDATA[xzkcrsprj]]></item>
				<item id="type"><![CDATA[forums]]></item>
				<item id="extra"><![CDATA[]]></item>
				<item id="__value">
					<item id="0"><![CDATA[68]]></item>
					<item id="1"><![CDATA[2]]></item>
					<item id="2"><![CDATA[36]]></item>
					<item id="3"><![CDATA[43]]></item>
				</item>
			</item>
			<item id="41">
				<item id="displayorder"><![CDATA[110]]></item>
				<item id="title"><![CDATA[朋友圈列表视频解析]]></item>
				<item id="description"><![CDATA[]]></item>
				<item id="variable"><![CDATA[pyqlbspjx]]></item>
				<item id="type"><![CDATA[radio]]></item>
				<item id="value"><![CDATA[1]]></item>
				<item id="extra"><![CDATA[]]></item>
			</item>
			<item id="42">
				<item id="displayorder"><![CDATA[111]]></item>
				<item id="title"><![CDATA[朋友圈列表视频宽度]]></item>
				<item id="description"><![CDATA[]]></item>
				<item id="variable"><![CDATA[pyqlbspkd]]></item>
				<item id="type"><![CDATA[text]]></item>
				<item id="value"><![CDATA[0]]></item>
				<item id="extra"><![CDATA[]]></item>
			</item>
			<item id="43">
				<item id="displayorder"><![CDATA[112]]></item>
				<item id="title"><![CDATA[朋友圈列表视频高度]]></item>
				<item id="description"><![CDATA[]]></item>
				<item id="variable"><![CDATA[pyqlbspgd]]></item>
				<item id="type"><![CDATA[text]]></item>
				<item id="value"><![CDATA[200]]></item>
				<item id="extra"><![CDATA[]]></item>
			</item>
			<item id="44">
				<item id="displayorder"><![CDATA[127]]></item>
				<item id="title"><![CDATA[CSS(全局)]]></item>
				<item id="description"><![CDATA[]]></item>
				<item id="variable"><![CDATA[qjcss]]></item>
				<item id="type"><![CDATA[textarea]]></item>
				<item id="value"><![CDATA[]]></item>
				<item id="extra"><![CDATA[]]></item>
			</item>
		</item>
		<item id="installfile"><![CDATA[install.php]]></item>
		<item id="uninstallfile"><![CDATA[uninstall.php]]></item>
		<item id="upgradefile"><![CDATA[upgrade.php]]></item>
	</item>
</root>