<?xml version="1.0" encoding="ISO-8859-1"?>
<root>
	<item id="Title"><![CDATA[Discuz! Plugin]]></item>
	<item id="Version"><![CDATA[X3.4]]></item>
	<item id="Time"><![CDATA[2018-12-18 02:57]]></item>
	<item id="From"><![CDATA[DisM!应用中心 (https://dism.taobao.com/)]]></item>
	<item id="Data">
		<item id="plugin">
			<item id="available"><![CDATA[1]]></item>
			<item id="adminid"><![CDATA[1]]></item>
			<item id="name"><![CDATA[木木CMS-赞助我们]]></item>
			<item id="identifier"><![CDATA[mumucms_donate]]></item>
			<item id="description"><![CDATA[开启之后可以在帖子文章内容页生成一个赞助按钮，支持支付宝和微信支付。]]></item>
			<item id="datatables"><![CDATA[]]></item>
			<item id="directory"><![CDATA[mumucms_donate/]]></item>
			<item id="copyright"><![CDATA[DisM!应用中心(dism.taobao.com)]]></item>
			<item id="version"><![CDATA[1.0]]></item>
			<item id="__modules">
				<item id="0">
					<item id="name"><![CDATA[mumucms_donate]]></item>
					<item id="param"><![CDATA[]]></item>
					<item id="menu"><![CDATA[]]></item>
					<item id="url"><![CDATA[]]></item>
					<item id="type"><![CDATA[11]]></item>
					<item id="adminid"><![CDATA[0]]></item>
					<item id="displayorder"><![CDATA[0]]></item>
					<item id="navtitle"><![CDATA[]]></item>
					<item id="navicon"><![CDATA[]]></item>
					<item id="navsubname"><![CDATA[]]></item>
					<item id="navsuburl"><![CDATA[]]></item>
				</item>
			</item>
		</item>
		<item id="version"><![CDATA[X3,X3.1,X3.2,X3.3,X3.4,F1.0,L1.0]]></item>
		<item id="var">
			<item id="0">
				<item id="displayorder"><![CDATA[1]]></item>
				<item id="title"><![CDATA[启用插件]]></item>
				<item id="description"><![CDATA[]]></item>
				<item id="variable"><![CDATA[mumucms_donate_qiyong]]></item>
				<item id="type"><![CDATA[radio]]></item>
				<item id="value"><![CDATA[1]]></item>
				<item id="extra"><![CDATA[]]></item>
			</item>
			<item id="1">
				<item id="displayorder"><![CDATA[2]]></item>
				<item id="title"><![CDATA[显示模块]]></item>
				<item id="description"><![CDATA[]]></item>
				<item id="variable"><![CDATA[mumucms_donate_xsmk]]></item>
				<item id="type"><![CDATA[select]]></item>
				<item id="value"><![CDATA[3]]></item>
				<item id="extra"><![CDATA[1 = 仅门户文章显示
2 = 仅论坛帖子显示
3 = 门户文章均显示]]></item>
			</item>
			<item id="2">
				<item id="displayorder"><![CDATA[3]]></item>
				<item id="title"><![CDATA[显示名称]]></item>
				<item id="description"><![CDATA[]]></item>
				<item id="variable"><![CDATA[mumucms_donate_mingcheng]]></item>
				<item id="type"><![CDATA[text]]></item>
				<item id="value"><![CDATA[赞助我们]]></item>
				<item id="extra"><![CDATA[]]></item>
			</item>
			<item id="3">
				<item id="displayorder"><![CDATA[4]]></item>
				<item id="title"><![CDATA[赞助提示]]></item>
				<item id="description"><![CDATA[]]></item>
				<item id="variable"><![CDATA[mumucms_donate_zzts]]></item>
				<item id="type"><![CDATA[text]]></item>
				<item id="value"><![CDATA[小站很辛苦，赞助一下吧]]></item>
				<item id="extra"><![CDATA[]]></item>
			</item>
			<item id="4">
				<item id="displayorder"><![CDATA[5]]></item>
				<item id="title"><![CDATA[支付宝二维码]]></item>
				<item id="description"><![CDATA[]]></item>
				<item id="variable"><![CDATA[mumucms_donate_zfbpic]]></item>
				<item id="type"><![CDATA[text]]></item>
				<item id="value"><![CDATA[source/plugin/mumucms_donate/template/img/mumucms_zhifubao.jpg]]></item>
				<item id="extra"><![CDATA[]]></item>
			</item>
			<item id="5">
				<item id="displayorder"><![CDATA[6]]></item>
				<item id="title"><![CDATA[支付宝名称]]></item>
				<item id="description"><![CDATA[]]></item>
				<item id="variable"><![CDATA[mumucms_donate_zfbname]]></item>
				<item id="type"><![CDATA[text]]></item>
				<item id="value"><![CDATA[支付宝]]></item>
				<item id="extra"><![CDATA[]]></item>
			</item>
			<item id="6">
				<item id="displayorder"><![CDATA[7]]></item>
				<item id="title"><![CDATA[支付宝提示信息]]></item>
				<item id="description"><![CDATA[]]></item>
				<item id="variable"><![CDATA[mumucms_donate_zfbtext]]></item>
				<item id="type"><![CDATA[text]]></item>
				<item id="value"><![CDATA[支付宝扫描二维码，赞助我们]]></item>
				<item id="extra"><![CDATA[]]></item>
			</item>
			<item id="7">
				<item id="displayorder"><![CDATA[8]]></item>
				<item id="title"><![CDATA[微信支付二维码]]></item>
				<item id="description"><![CDATA[]]></item>
				<item id="variable"><![CDATA[mumucms_donate_weixinpic]]></item>
				<item id="type"><![CDATA[text]]></item>
				<item id="value"><![CDATA[source/plugin/mumucms_donate/template/img/mumucms_weixin.jpg]]></item>
				<item id="extra"><![CDATA[]]></item>
			</item>
			<item id="8">
				<item id="displayorder"><![CDATA[9]]></item>
				<item id="title"><![CDATA[微信支付名称]]></item>
				<item id="description"><![CDATA[]]></item>
				<item id="variable"><![CDATA[mumucms_donate_weixinname]]></item>
				<item id="type"><![CDATA[text]]></item>
				<item id="value"><![CDATA[微信支付]]></item>
				<item id="extra"><![CDATA[]]></item>
			</item>
			<item id="9">
				<item id="displayorder"><![CDATA[10]]></item>
				<item id="title"><![CDATA[微信支付提示信息]]></item>
				<item id="description"><![CDATA[]]></item>
				<item id="variable"><![CDATA[mumucms_donate_weixintext]]></item>
				<item id="type"><![CDATA[text]]></item>
				<item id="value"><![CDATA[微信扫描二维码，赞助我们]]></item>
				<item id="extra"><![CDATA[]]></item>
			</item>
		</item>
	</item>
</root>