<?xml version="1.0" encoding="ISO-8859-1"?>
<root>
	<item id="Title"><![CDATA[Discuz! Threadtypes]]></item>
	<item id="Version"><![CDATA[X3.4]]></item>
	<item id="Time"><![CDATA[2020-07-13 15:11]]></item>
	<item id="From"><![CDATA[DisM!应用中心 (https://dism.taobao.com/)]]></item>
	<item id="Data">
		<item id="0">
			<item id="optionid"><![CDATA[1299]]></item>
			<item id="classid"><![CDATA[3]]></item>
			<item id="displayorder"><![CDATA[1]]></item>
			<item id="expiration"><![CDATA[0]]></item>
			<item id="title"><![CDATA[出游方式]]></item>
			<item id="description"><![CDATA[带*为必填选项]]></item>
			<item id="identifier"><![CDATA[ren_zby_fs]]></item>
			<item id="type"><![CDATA[radio]]></item>
			<item id="unit"><![CDATA[]]></item>
			<item id="permprompt"><![CDATA[]]></item>
			<item id="typeid"><![CDATA[71]]></item>
			<item id="name"><![CDATA[周边游]]></item>
			<item id="icon"><![CDATA[]]></item>
			<item id="special"><![CDATA[1]]></item>
			<item id="modelid"><![CDATA[0]]></item>
			<item id="template"><![CDATA[<style type="text/css">
    .ren_view_share.ren_view_footer { display: none; }
    .ren_view_share.ren_view_foo { display: none; }
    .rtj1009_m_main .ren_view_xxtop { display: none; }
    .rtj1009_m_main .ren_view_ny .ren_lc_xx { display: none; }
    .rtj1009_m_main .ren_view_ny .pi { overflow: initial; }
    .rtj1009_m_main .message { overflow: initial; }
    .rtj1009_m_main .ren_view_xf .ren_v_xftpxx { margin: -10px -10px 0 -10px; }
</style>
<div class="ren_view_xf ren_view_esf ren_view_zby cl">
    <div id="tab4" class="tab ren_v_xftpxx cl">
        <div class="tab-con ren_v_xfpic cl">
            <ul class="j-tab-con">
                <li class="tab-con-item" style="display:block;"><a href="javascript:;"><img src="{ren_zby_img_value}"></a></li>
                <li class="tab-con-item"><a href="javascript:;"><img src="{ren_zby_imge_value}"></a></li>
                <li class="tab-con-item"><a href="javascript:;"><img src="{ren_zby_imgsan_value}"></a></li>
                <li class="tab-con-item"><a href="javascript:;"><img src="{ren_zby_imgsi_value}"></a></li>
            </ul>
        </div>
        <div class="ren_v_xfxpic cl">
            <ul class="tab-nav j-tab-nav">
                <li class="current"><a href="javascript:;"><img src="{ren_zby_img_value}"><i></i></a></li>
                <li><a href="javascript:;"><img src="{ren_zby_imge_value}"><i></i></a></li>
                <li><a href="javascript:;"><img src="{ren_zby_imgsan_value}"><i></i></a></li>
                <li><a href="javascript:;"><img src="{ren_zby_imgsi_value}"><i></i></a></li>
            </ul>
        </div>
    </div>

    <div class="ren_v_xfyiyxx">
        <div class="ren_v_xfbtxx cl">
            <h3><span class="ren_v_esfbtyi">{ren_zby_mc_value}</span></h3>

        </div>
        <ul class="ren_v_xfyinr cl">
            <li class="ren_v_yinrliu ren_v_esfnryi cl"><span>商家类型</span><p>{ren_zby_xm_value}</p></li>
            <li class="ren_v_yinre cl"><span>适合人群</span><p class="ren_xf_wz">{ren_zby_rq_value}</p></li>
            <li class="ren_v_yinrsan cl"><span>出游方式</span><p>{ren_zby_fs_value}</p></li>
            <li class="ren_v_yinrsan col cl">
                <div class="ren_v_ban"><span>门市价</span><p>{ren_zby_yj_value}<i class="ren_v_xfjgdw">{ren_zby_yj_unit}</i></p></div>
                <div class="ren_v_ban"><span>优惠价</span><p>{ren_zby_yhj_value}<i class="ren_v_xfjgdw">{ren_zby_yhj_unit}</i></p></div>
            </li>
            <li class="ren_v_yinrwu cl"><span>所在区域</span><p>{ren_zby_xc_value}</p></li>
            <li class="ren_v_yinrliu cl"><span>祥细地址</span><p>{ren_zby_dz_value}</p></li>
        </ul>
        <span class="ren_v_xfpr cl">
            <em class="ren_v_xfi"><i class="icon"></i></em>
            <em class="ren_v_xfnum">{ren_zby_dh_value}</em>
       </span>
    </div>
</div>
<div class="ren_view_xfe ren_view_sjzk ren_view_zbye cl">
    <ul class="ren_v_xfnrtap">
        <li>
            <a href="javascript:;" class="xxk">商家介绍</a>
        </li>
    </ul>

    <div class="ren_v_xfexx">
        <div class="ren_v_sjjj cl">
            <p class="cl">{ren_zby_js_value}</p>
        </div>

    </div>
</div>
<div class="ren_view_share ren_flxx_footer">
    <a href="tel:{ren_zby_dh_value}" class="yi"><span class="ren-flxx-dantel">{ren_zby_dh_value}</span></a>
    <a href="tel:{ren_zby_dh_value}" class="e"><i class="icon ren-font">&#xe6be;</i>电话</a>
    <a class="open-popup san" data-popup=".popup-view"><i class="icon ren-font">&#xe619;</i>评论</a>
    <a href="javascript:;" class="ren_share open-popup si" data-popup=".popup-share"><i class="icon ren-font">&#xe742;</i>分享</a>
</div>]]></item>
			<item id="stemplate"><![CDATA[<ul class="ren_flxx_ul">
[loop]
    <li class="ren_fl_xf ren_fl_zby cl">
        <div class="ren_xf_pic z">
            <a href="{subject_url}">
            	<img src="{ren_zby_img_value}">
            </a>
        </div>
        <div class="ren_xf_xx">
            <div class="ren_xf_btxx">
                <a href="{subject_url}" class="ren_xf_bt">{ren_zby_mc_value}</a>
            </div>
            
            <p class="ren_zby_wz">{ren_zby_js_value}</p>
            <p class="ren_zby_dz">
                <i class="i"></i><a href="{subject_url}">{ren_zby_dz_value}</a>
            </p>
            <p class="ren_zby_tx">
                <a href="{subject_url}" class="ren_xf_tag">{ren_zby_xm_value}</a>
            </p>
        </div>
        <div class="ren_zby_price">
            <a href="{subject_url}" class="ren_pr_jg">
                <span class="ren_pr_jgsz">进入查看</span>
            </a>
        </div>
    </li>
[/loop]
</ul>
]]></item>
			<item id="ptemplate"><![CDATA[]]></item>
			<item id="btemplate"><![CDATA[]]></item>
			<item id="sortid"><![CDATA[71]]></item>
			<item id="available"><![CDATA[1]]></item>
			<item id="required"><![CDATA[1]]></item>
			<item id="unchangeable"><![CDATA[0]]></item>
			<item id="search"><![CDATA[0]]></item>
			<item id="subjectshow"><![CDATA[1]]></item>
			<item id="tpdescription"><![CDATA[]]></item>
			<item id="ttdescription"><![CDATA[带*为必填选项]]></item>
			<item id="tpexpiration"><![CDATA[0]]></item>
			<item id="ttexpiration"><![CDATA[0]]></item>
			<item id="__protect">
				<item id="status"><![CDATA[0]]></item>
				<item id="usergroup"><![CDATA[]]></item>
				<item id="verify"><![CDATA[]]></item>
			</item>
			<item id="__rules">
				<item id="choices"><![CDATA[1=自助游
2=跟团游]]></item>
			</item>
		</item>
		<item id="1">
			<item id="optionid"><![CDATA[1300]]></item>
			<item id="classid"><![CDATA[3]]></item>
			<item id="displayorder"><![CDATA[2]]></item>
			<item id="expiration"><![CDATA[0]]></item>
			<item id="title"><![CDATA[游玩项目]]></item>
			<item id="description"><![CDATA[带*为必填选项]]></item>
			<item id="identifier"><![CDATA[ren_zby_xm]]></item>
			<item id="type"><![CDATA[checkbox]]></item>
			<item id="unit"><![CDATA[]]></item>
			<item id="permprompt"><![CDATA[]]></item>
			<item id="typeid"><![CDATA[71]]></item>
			<item id="name"><![CDATA[周边游]]></item>
			<item id="icon"><![CDATA[]]></item>
			<item id="special"><![CDATA[1]]></item>
			<item id="modelid"><![CDATA[0]]></item>
			<item id="template"><![CDATA[<style type="text/css">
    .ren_view_share.ren_view_footer { display: none; }
    .ren_view_share.ren_view_foo { display: none; }
    .rtj1009_m_main .ren_view_xxtop { display: none; }
    .rtj1009_m_main .ren_view_ny .ren_lc_xx { display: none; }
    .rtj1009_m_main .ren_view_ny .pi { overflow: initial; }
    .rtj1009_m_main .message { overflow: initial; }
    .rtj1009_m_main .ren_view_xf .ren_v_xftpxx { margin: -10px -10px 0 -10px; }
</style>
<div class="ren_view_xf ren_view_esf ren_view_zby cl">
    <div id="tab4" class="tab ren_v_xftpxx cl">
        <div class="tab-con ren_v_xfpic cl">
            <ul class="j-tab-con">
                <li class="tab-con-item" style="display:block;"><a href="javascript:;"><img src="{ren_zby_img_value}"></a></li>
                <li class="tab-con-item"><a href="javascript:;"><img src="{ren_zby_imge_value}"></a></li>
                <li class="tab-con-item"><a href="javascript:;"><img src="{ren_zby_imgsan_value}"></a></li>
                <li class="tab-con-item"><a href="javascript:;"><img src="{ren_zby_imgsi_value}"></a></li>
            </ul>
        </div>
        <div class="ren_v_xfxpic cl">
            <ul class="tab-nav j-tab-nav">
                <li class="current"><a href="javascript:;"><img src="{ren_zby_img_value}"><i></i></a></li>
                <li><a href="javascript:;"><img src="{ren_zby_imge_value}"><i></i></a></li>
                <li><a href="javascript:;"><img src="{ren_zby_imgsan_value}"><i></i></a></li>
                <li><a href="javascript:;"><img src="{ren_zby_imgsi_value}"><i></i></a></li>
            </ul>
        </div>
    </div>

    <div class="ren_v_xfyiyxx">
        <div class="ren_v_xfbtxx cl">
            <h3><span class="ren_v_esfbtyi">{ren_zby_mc_value}</span></h3>

        </div>
        <ul class="ren_v_xfyinr cl">
            <li class="ren_v_yinrliu ren_v_esfnryi cl"><span>商家类型</span><p>{ren_zby_xm_value}</p></li>
            <li class="ren_v_yinre cl"><span>适合人群</span><p class="ren_xf_wz">{ren_zby_rq_value}</p></li>
            <li class="ren_v_yinrsan cl"><span>出游方式</span><p>{ren_zby_fs_value}</p></li>
            <li class="ren_v_yinrsan col cl">
                <div class="ren_v_ban"><span>门市价</span><p>{ren_zby_yj_value}<i class="ren_v_xfjgdw">{ren_zby_yj_unit}</i></p></div>
                <div class="ren_v_ban"><span>优惠价</span><p>{ren_zby_yhj_value}<i class="ren_v_xfjgdw">{ren_zby_yhj_unit}</i></p></div>
            </li>
            <li class="ren_v_yinrwu cl"><span>所在区域</span><p>{ren_zby_xc_value}</p></li>
            <li class="ren_v_yinrliu cl"><span>祥细地址</span><p>{ren_zby_dz_value}</p></li>
        </ul>
        <span class="ren_v_xfpr cl">
            <em class="ren_v_xfi"><i class="icon"></i></em>
            <em class="ren_v_xfnum">{ren_zby_dh_value}</em>
       </span>
    </div>
</div>
<div class="ren_view_xfe ren_view_sjzk ren_view_zbye cl">
    <ul class="ren_v_xfnrtap">
        <li>
            <a href="javascript:;" class="xxk">商家介绍</a>
        </li>
    </ul>

    <div class="ren_v_xfexx">
        <div class="ren_v_sjjj cl">
            <p class="cl">{ren_zby_js_value}</p>
        </div>

    </div>
</div>
<div class="ren_view_share ren_flxx_footer">
    <a href="tel:{ren_zby_dh_value}" class="yi"><span class="ren-flxx-dantel">{ren_zby_dh_value}</span></a>
    <a href="tel:{ren_zby_dh_value}" class="e"><i class="icon ren-font">&#xe6be;</i>电话</a>
    <a class="open-popup san" data-popup=".popup-view"><i class="icon ren-font">&#xe619;</i>评论</a>
    <a href="javascript:;" class="ren_share open-popup si" data-popup=".popup-share"><i class="icon ren-font">&#xe742;</i>分享</a>
</div>]]></item>
			<item id="stemplate"><![CDATA[<ul class="ren_flxx_ul">
[loop]
    <li class="ren_fl_xf ren_fl_zby cl">
        <div class="ren_xf_pic z">
            <a href="{subject_url}">
            	<img src="{ren_zby_img_value}">
            </a>
        </div>
        <div class="ren_xf_xx">
            <div class="ren_xf_btxx">
                <a href="{subject_url}" class="ren_xf_bt">{ren_zby_mc_value}</a>
            </div>
            
            <p class="ren_zby_wz">{ren_zby_js_value}</p>
            <p class="ren_zby_dz">
                <i class="i"></i><a href="{subject_url}">{ren_zby_dz_value}</a>
            </p>
            <p class="ren_zby_tx">
                <a href="{subject_url}" class="ren_xf_tag">{ren_zby_xm_value}</a>
            </p>
        </div>
        <div class="ren_zby_price">
            <a href="{subject_url}" class="ren_pr_jg">
                <span class="ren_pr_jgsz">进入查看</span>
            </a>
        </div>
    </li>
[/loop]
</ul>
]]></item>
			<item id="ptemplate"><![CDATA[]]></item>
			<item id="btemplate"><![CDATA[]]></item>
			<item id="sortid"><![CDATA[71]]></item>
			<item id="available"><![CDATA[1]]></item>
			<item id="required"><![CDATA[1]]></item>
			<item id="unchangeable"><![CDATA[0]]></item>
			<item id="search"><![CDATA[2]]></item>
			<item id="subjectshow"><![CDATA[1]]></item>
			<item id="tpdescription"><![CDATA[最多选择五项]]></item>
			<item id="ttdescription"><![CDATA[带*为必填选项]]></item>
			<item id="tpexpiration"><![CDATA[0]]></item>
			<item id="ttexpiration"><![CDATA[0]]></item>
			<item id="__protect">
				<item id="usergroup"><![CDATA[]]></item>
				<item id="verify"><![CDATA[]]></item>
			</item>
			<item id="__rules">
				<item id="choices"><![CDATA[1=<i>农家乐</i>
2=<i>度假村</i>
3=<i>采摘</i>
4=<i>漂流</i>
5=<i>真人CS</i>
6=<i>温泉</i>
7=<i>垂钓</i>
8=<i>烧烤</i>
9=<i>拓展</i>
10=<i>卡丁车</i>
11=<i>骑马</i>
12=<i>美食</i>
13=<i>会议</i>
14=<i>生态园</i>
15=<i>滑雪</i>]]></item>
			</item>
		</item>
		<item id="2">
			<item id="optionid"><![CDATA[1301]]></item>
			<item id="classid"><![CDATA[3]]></item>
			<item id="displayorder"><![CDATA[3]]></item>
			<item id="expiration"><![CDATA[0]]></item>
			<item id="title"><![CDATA[适合人群]]></item>
			<item id="description"><![CDATA[带*为必填选项]]></item>
			<item id="identifier"><![CDATA[ren_zby_rq]]></item>
			<item id="type"><![CDATA[checkbox]]></item>
			<item id="unit"><![CDATA[]]></item>
			<item id="permprompt"><![CDATA[]]></item>
			<item id="typeid"><![CDATA[71]]></item>
			<item id="name"><![CDATA[周边游]]></item>
			<item id="icon"><![CDATA[]]></item>
			<item id="special"><![CDATA[1]]></item>
			<item id="modelid"><![CDATA[0]]></item>
			<item id="template"><![CDATA[<style type="text/css">
    .ren_view_share.ren_view_footer { display: none; }
    .ren_view_share.ren_view_foo { display: none; }
    .rtj1009_m_main .ren_view_xxtop { display: none; }
    .rtj1009_m_main .ren_view_ny .ren_lc_xx { display: none; }
    .rtj1009_m_main .ren_view_ny .pi { overflow: initial; }
    .rtj1009_m_main .message { overflow: initial; }
    .rtj1009_m_main .ren_view_xf .ren_v_xftpxx { margin: -10px -10px 0 -10px; }
</style>
<div class="ren_view_xf ren_view_esf ren_view_zby cl">
    <div id="tab4" class="tab ren_v_xftpxx cl">
        <div class="tab-con ren_v_xfpic cl">
            <ul class="j-tab-con">
                <li class="tab-con-item" style="display:block;"><a href="javascript:;"><img src="{ren_zby_img_value}"></a></li>
                <li class="tab-con-item"><a href="javascript:;"><img src="{ren_zby_imge_value}"></a></li>
                <li class="tab-con-item"><a href="javascript:;"><img src="{ren_zby_imgsan_value}"></a></li>
                <li class="tab-con-item"><a href="javascript:;"><img src="{ren_zby_imgsi_value}"></a></li>
            </ul>
        </div>
        <div class="ren_v_xfxpic cl">
            <ul class="tab-nav j-tab-nav">
                <li class="current"><a href="javascript:;"><img src="{ren_zby_img_value}"><i></i></a></li>
                <li><a href="javascript:;"><img src="{ren_zby_imge_value}"><i></i></a></li>
                <li><a href="javascript:;"><img src="{ren_zby_imgsan_value}"><i></i></a></li>
                <li><a href="javascript:;"><img src="{ren_zby_imgsi_value}"><i></i></a></li>
            </ul>
        </div>
    </div>

    <div class="ren_v_xfyiyxx">
        <div class="ren_v_xfbtxx cl">
            <h3><span class="ren_v_esfbtyi">{ren_zby_mc_value}</span></h3>

        </div>
        <ul class="ren_v_xfyinr cl">
            <li class="ren_v_yinrliu ren_v_esfnryi cl"><span>商家类型</span><p>{ren_zby_xm_value}</p></li>
            <li class="ren_v_yinre cl"><span>适合人群</span><p class="ren_xf_wz">{ren_zby_rq_value}</p></li>
            <li class="ren_v_yinrsan cl"><span>出游方式</span><p>{ren_zby_fs_value}</p></li>
            <li class="ren_v_yinrsan col cl">
                <div class="ren_v_ban"><span>门市价</span><p>{ren_zby_yj_value}<i class="ren_v_xfjgdw">{ren_zby_yj_unit}</i></p></div>
                <div class="ren_v_ban"><span>优惠价</span><p>{ren_zby_yhj_value}<i class="ren_v_xfjgdw">{ren_zby_yhj_unit}</i></p></div>
            </li>
            <li class="ren_v_yinrwu cl"><span>所在区域</span><p>{ren_zby_xc_value}</p></li>
            <li class="ren_v_yinrliu cl"><span>祥细地址</span><p>{ren_zby_dz_value}</p></li>
        </ul>
        <span class="ren_v_xfpr cl">
            <em class="ren_v_xfi"><i class="icon"></i></em>
            <em class="ren_v_xfnum">{ren_zby_dh_value}</em>
       </span>
    </div>
</div>
<div class="ren_view_xfe ren_view_sjzk ren_view_zbye cl">
    <ul class="ren_v_xfnrtap">
        <li>
            <a href="javascript:;" class="xxk">商家介绍</a>
        </li>
    </ul>

    <div class="ren_v_xfexx">
        <div class="ren_v_sjjj cl">
            <p class="cl">{ren_zby_js_value}</p>
        </div>

    </div>
</div>
<div class="ren_view_share ren_flxx_footer">
    <a href="tel:{ren_zby_dh_value}" class="yi"><span class="ren-flxx-dantel">{ren_zby_dh_value}</span></a>
    <a href="tel:{ren_zby_dh_value}" class="e"><i class="icon ren-font">&#xe6be;</i>电话</a>
    <a class="open-popup san" data-popup=".popup-view"><i class="icon ren-font">&#xe619;</i>评论</a>
    <a href="javascript:;" class="ren_share open-popup si" data-popup=".popup-share"><i class="icon ren-font">&#xe742;</i>分享</a>
</div>]]></item>
			<item id="stemplate"><![CDATA[<ul class="ren_flxx_ul">
[loop]
    <li class="ren_fl_xf ren_fl_zby cl">
        <div class="ren_xf_pic z">
            <a href="{subject_url}">
            	<img src="{ren_zby_img_value}">
            </a>
        </div>
        <div class="ren_xf_xx">
            <div class="ren_xf_btxx">
                <a href="{subject_url}" class="ren_xf_bt">{ren_zby_mc_value}</a>
            </div>
            
            <p class="ren_zby_wz">{ren_zby_js_value}</p>
            <p class="ren_zby_dz">
                <i class="i"></i><a href="{subject_url}">{ren_zby_dz_value}</a>
            </p>
            <p class="ren_zby_tx">
                <a href="{subject_url}" class="ren_xf_tag">{ren_zby_xm_value}</a>
            </p>
        </div>
        <div class="ren_zby_price">
            <a href="{subject_url}" class="ren_pr_jg">
                <span class="ren_pr_jgsz">进入查看</span>
            </a>
        </div>
    </li>
[/loop]
</ul>
]]></item>
			<item id="ptemplate"><![CDATA[]]></item>
			<item id="btemplate"><![CDATA[]]></item>
			<item id="sortid"><![CDATA[71]]></item>
			<item id="available"><![CDATA[1]]></item>
			<item id="required"><![CDATA[1]]></item>
			<item id="unchangeable"><![CDATA[0]]></item>
			<item id="search"><![CDATA[2]]></item>
			<item id="subjectshow"><![CDATA[1]]></item>
			<item id="tpdescription"><![CDATA[最多选择三项]]></item>
			<item id="ttdescription"><![CDATA[带*为必填选项]]></item>
			<item id="tpexpiration"><![CDATA[0]]></item>
			<item id="ttexpiration"><![CDATA[0]]></item>
			<item id="__protect">
				<item id="usergroup"><![CDATA[]]></item>
				<item id="verify"><![CDATA[]]></item>
			</item>
			<item id="__rules">
				<item id="choices"><![CDATA[1=情侣
2=亲子
3=三五好友
4=夕阳红
5=全家出游
6=独自旅行
7=公司团队]]></item>
			</item>
		</item>
		<item id="3">
			<item id="optionid"><![CDATA[1302]]></item>
			<item id="classid"><![CDATA[3]]></item>
			<item id="displayorder"><![CDATA[4]]></item>
			<item id="expiration"><![CDATA[0]]></item>
			<item id="title"><![CDATA[所在区域]]></item>
			<item id="description"><![CDATA[带*为必填选项]]></item>
			<item id="identifier"><![CDATA[ren_zby_xc]]></item>
			<item id="type"><![CDATA[select]]></item>
			<item id="unit"><![CDATA[]]></item>
			<item id="permprompt"><![CDATA[]]></item>
			<item id="typeid"><![CDATA[71]]></item>
			<item id="name"><![CDATA[周边游]]></item>
			<item id="icon"><![CDATA[]]></item>
			<item id="special"><![CDATA[1]]></item>
			<item id="modelid"><![CDATA[0]]></item>
			<item id="template"><![CDATA[<style type="text/css">
    .ren_view_share.ren_view_footer { display: none; }
    .ren_view_share.ren_view_foo { display: none; }
    .rtj1009_m_main .ren_view_xxtop { display: none; }
    .rtj1009_m_main .ren_view_ny .ren_lc_xx { display: none; }
    .rtj1009_m_main .ren_view_ny .pi { overflow: initial; }
    .rtj1009_m_main .message { overflow: initial; }
    .rtj1009_m_main .ren_view_xf .ren_v_xftpxx { margin: -10px -10px 0 -10px; }
</style>
<div class="ren_view_xf ren_view_esf ren_view_zby cl">
    <div id="tab4" class="tab ren_v_xftpxx cl">
        <div class="tab-con ren_v_xfpic cl">
            <ul class="j-tab-con">
                <li class="tab-con-item" style="display:block;"><a href="javascript:;"><img src="{ren_zby_img_value}"></a></li>
                <li class="tab-con-item"><a href="javascript:;"><img src="{ren_zby_imge_value}"></a></li>
                <li class="tab-con-item"><a href="javascript:;"><img src="{ren_zby_imgsan_value}"></a></li>
                <li class="tab-con-item"><a href="javascript:;"><img src="{ren_zby_imgsi_value}"></a></li>
            </ul>
        </div>
        <div class="ren_v_xfxpic cl">
            <ul class="tab-nav j-tab-nav">
                <li class="current"><a href="javascript:;"><img src="{ren_zby_img_value}"><i></i></a></li>
                <li><a href="javascript:;"><img src="{ren_zby_imge_value}"><i></i></a></li>
                <li><a href="javascript:;"><img src="{ren_zby_imgsan_value}"><i></i></a></li>
                <li><a href="javascript:;"><img src="{ren_zby_imgsi_value}"><i></i></a></li>
            </ul>
        </div>
    </div>

    <div class="ren_v_xfyiyxx">
        <div class="ren_v_xfbtxx cl">
            <h3><span class="ren_v_esfbtyi">{ren_zby_mc_value}</span></h3>

        </div>
        <ul class="ren_v_xfyinr cl">
            <li class="ren_v_yinrliu ren_v_esfnryi cl"><span>商家类型</span><p>{ren_zby_xm_value}</p></li>
            <li class="ren_v_yinre cl"><span>适合人群</span><p class="ren_xf_wz">{ren_zby_rq_value}</p></li>
            <li class="ren_v_yinrsan cl"><span>出游方式</span><p>{ren_zby_fs_value}</p></li>
            <li class="ren_v_yinrsan col cl">
                <div class="ren_v_ban"><span>门市价</span><p>{ren_zby_yj_value}<i class="ren_v_xfjgdw">{ren_zby_yj_unit}</i></p></div>
                <div class="ren_v_ban"><span>优惠价</span><p>{ren_zby_yhj_value}<i class="ren_v_xfjgdw">{ren_zby_yhj_unit}</i></p></div>
            </li>
            <li class="ren_v_yinrwu cl"><span>所在区域</span><p>{ren_zby_xc_value}</p></li>
            <li class="ren_v_yinrliu cl"><span>祥细地址</span><p>{ren_zby_dz_value}</p></li>
        </ul>
        <span class="ren_v_xfpr cl">
            <em class="ren_v_xfi"><i class="icon"></i></em>
            <em class="ren_v_xfnum">{ren_zby_dh_value}</em>
       </span>
    </div>
</div>
<div class="ren_view_xfe ren_view_sjzk ren_view_zbye cl">
    <ul class="ren_v_xfnrtap">
        <li>
            <a href="javascript:;" class="xxk">商家介绍</a>
        </li>
    </ul>

    <div class="ren_v_xfexx">
        <div class="ren_v_sjjj cl">
            <p class="cl">{ren_zby_js_value}</p>
        </div>

    </div>
</div>
<div class="ren_view_share ren_flxx_footer">
    <a href="tel:{ren_zby_dh_value}" class="yi"><span class="ren-flxx-dantel">{ren_zby_dh_value}</span></a>
    <a href="tel:{ren_zby_dh_value}" class="e"><i class="icon ren-font">&#xe6be;</i>电话</a>
    <a class="open-popup san" data-popup=".popup-view"><i class="icon ren-font">&#xe619;</i>评论</a>
    <a href="javascript:;" class="ren_share open-popup si" data-popup=".popup-share"><i class="icon ren-font">&#xe742;</i>分享</a>
</div>]]></item>
			<item id="stemplate"><![CDATA[<ul class="ren_flxx_ul">
[loop]
    <li class="ren_fl_xf ren_fl_zby cl">
        <div class="ren_xf_pic z">
            <a href="{subject_url}">
            	<img src="{ren_zby_img_value}">
            </a>
        </div>
        <div class="ren_xf_xx">
            <div class="ren_xf_btxx">
                <a href="{subject_url}" class="ren_xf_bt">{ren_zby_mc_value}</a>
            </div>
            
            <p class="ren_zby_wz">{ren_zby_js_value}</p>
            <p class="ren_zby_dz">
                <i class="i"></i><a href="{subject_url}">{ren_zby_dz_value}</a>
            </p>
            <p class="ren_zby_tx">
                <a href="{subject_url}" class="ren_xf_tag">{ren_zby_xm_value}</a>
            </p>
        </div>
        <div class="ren_zby_price">
            <a href="{subject_url}" class="ren_pr_jg">
                <span class="ren_pr_jgsz">进入查看</span>
            </a>
        </div>
    </li>
[/loop]
</ul>
]]></item>
			<item id="ptemplate"><![CDATA[]]></item>
			<item id="btemplate"><![CDATA[]]></item>
			<item id="sortid"><![CDATA[71]]></item>
			<item id="available"><![CDATA[1]]></item>
			<item id="required"><![CDATA[1]]></item>
			<item id="unchangeable"><![CDATA[0]]></item>
			<item id="search"><![CDATA[2]]></item>
			<item id="subjectshow"><![CDATA[1]]></item>
			<item id="tpdescription"><![CDATA[]]></item>
			<item id="ttdescription"><![CDATA[带*为必填选项]]></item>
			<item id="tpexpiration"><![CDATA[0]]></item>
			<item id="ttexpiration"><![CDATA[0]]></item>
			<item id="__protect">
				<item id="usergroup"><![CDATA[]]></item>
				<item id="verify"><![CDATA[]]></item>
			</item>
			<item id="__rules">
				<item id="choices"><![CDATA[1=鱼峰区
2=城中区
3=柳南区
4=柳北区
5=柳东新区
6=柳江县
7=鹿寨县
8=柳城县
9=其它]]></item>
				<item id="inputsize"><![CDATA[]]></item>
			</item>
		</item>
		<item id="4">
			<item id="optionid"><![CDATA[1303]]></item>
			<item id="classid"><![CDATA[3]]></item>
			<item id="displayorder"><![CDATA[5]]></item>
			<item id="expiration"><![CDATA[0]]></item>
			<item id="title"><![CDATA[原价]]></item>
			<item id="description"><![CDATA[带*为必填选项]]></item>
			<item id="identifier"><![CDATA[ren_zby_yj]]></item>
			<item id="type"><![CDATA[number]]></item>
			<item id="unit"><![CDATA[元/人]]></item>
			<item id="permprompt"><![CDATA[]]></item>
			<item id="typeid"><![CDATA[71]]></item>
			<item id="name"><![CDATA[周边游]]></item>
			<item id="icon"><![CDATA[]]></item>
			<item id="special"><![CDATA[1]]></item>
			<item id="modelid"><![CDATA[0]]></item>
			<item id="template"><![CDATA[<style type="text/css">
    .ren_view_share.ren_view_footer { display: none; }
    .ren_view_share.ren_view_foo { display: none; }
    .rtj1009_m_main .ren_view_xxtop { display: none; }
    .rtj1009_m_main .ren_view_ny .ren_lc_xx { display: none; }
    .rtj1009_m_main .ren_view_ny .pi { overflow: initial; }
    .rtj1009_m_main .message { overflow: initial; }
    .rtj1009_m_main .ren_view_xf .ren_v_xftpxx { margin: -10px -10px 0 -10px; }
</style>
<div class="ren_view_xf ren_view_esf ren_view_zby cl">
    <div id="tab4" class="tab ren_v_xftpxx cl">
        <div class="tab-con ren_v_xfpic cl">
            <ul class="j-tab-con">
                <li class="tab-con-item" style="display:block;"><a href="javascript:;"><img src="{ren_zby_img_value}"></a></li>
                <li class="tab-con-item"><a href="javascript:;"><img src="{ren_zby_imge_value}"></a></li>
                <li class="tab-con-item"><a href="javascript:;"><img src="{ren_zby_imgsan_value}"></a></li>
                <li class="tab-con-item"><a href="javascript:;"><img src="{ren_zby_imgsi_value}"></a></li>
            </ul>
        </div>
        <div class="ren_v_xfxpic cl">
            <ul class="tab-nav j-tab-nav">
                <li class="current"><a href="javascript:;"><img src="{ren_zby_img_value}"><i></i></a></li>
                <li><a href="javascript:;"><img src="{ren_zby_imge_value}"><i></i></a></li>
                <li><a href="javascript:;"><img src="{ren_zby_imgsan_value}"><i></i></a></li>
                <li><a href="javascript:;"><img src="{ren_zby_imgsi_value}"><i></i></a></li>
            </ul>
        </div>
    </div>

    <div class="ren_v_xfyiyxx">
        <div class="ren_v_xfbtxx cl">
            <h3><span class="ren_v_esfbtyi">{ren_zby_mc_value}</span></h3>

        </div>
        <ul class="ren_v_xfyinr cl">
            <li class="ren_v_yinrliu ren_v_esfnryi cl"><span>商家类型</span><p>{ren_zby_xm_value}</p></li>
            <li class="ren_v_yinre cl"><span>适合人群</span><p class="ren_xf_wz">{ren_zby_rq_value}</p></li>
            <li class="ren_v_yinrsan cl"><span>出游方式</span><p>{ren_zby_fs_value}</p></li>
            <li class="ren_v_yinrsan col cl">
                <div class="ren_v_ban"><span>门市价</span><p>{ren_zby_yj_value}<i class="ren_v_xfjgdw">{ren_zby_yj_unit}</i></p></div>
                <div class="ren_v_ban"><span>优惠价</span><p>{ren_zby_yhj_value}<i class="ren_v_xfjgdw">{ren_zby_yhj_unit}</i></p></div>
            </li>
            <li class="ren_v_yinrwu cl"><span>所在区域</span><p>{ren_zby_xc_value}</p></li>
            <li class="ren_v_yinrliu cl"><span>祥细地址</span><p>{ren_zby_dz_value}</p></li>
        </ul>
        <span class="ren_v_xfpr cl">
            <em class="ren_v_xfi"><i class="icon"></i></em>
            <em class="ren_v_xfnum">{ren_zby_dh_value}</em>
       </span>
    </div>
</div>
<div class="ren_view_xfe ren_view_sjzk ren_view_zbye cl">
    <ul class="ren_v_xfnrtap">
        <li>
            <a href="javascript:;" class="xxk">商家介绍</a>
        </li>
    </ul>

    <div class="ren_v_xfexx">
        <div class="ren_v_sjjj cl">
            <p class="cl">{ren_zby_js_value}</p>
        </div>

    </div>
</div>
<div class="ren_view_share ren_flxx_footer">
    <a href="tel:{ren_zby_dh_value}" class="yi"><span class="ren-flxx-dantel">{ren_zby_dh_value}</span></a>
    <a href="tel:{ren_zby_dh_value}" class="e"><i class="icon ren-font">&#xe6be;</i>电话</a>
    <a class="open-popup san" data-popup=".popup-view"><i class="icon ren-font">&#xe619;</i>评论</a>
    <a href="javascript:;" class="ren_share open-popup si" data-popup=".popup-share"><i class="icon ren-font">&#xe742;</i>分享</a>
</div>]]></item>
			<item id="stemplate"><![CDATA[<ul class="ren_flxx_ul">
[loop]
    <li class="ren_fl_xf ren_fl_zby cl">
        <div class="ren_xf_pic z">
            <a href="{subject_url}">
            	<img src="{ren_zby_img_value}">
            </a>
        </div>
        <div class="ren_xf_xx">
            <div class="ren_xf_btxx">
                <a href="{subject_url}" class="ren_xf_bt">{ren_zby_mc_value}</a>
            </div>
            
            <p class="ren_zby_wz">{ren_zby_js_value}</p>
            <p class="ren_zby_dz">
                <i class="i"></i><a href="{subject_url}">{ren_zby_dz_value}</a>
            </p>
            <p class="ren_zby_tx">
                <a href="{subject_url}" class="ren_xf_tag">{ren_zby_xm_value}</a>
            </p>
        </div>
        <div class="ren_zby_price">
            <a href="{subject_url}" class="ren_pr_jg">
                <span class="ren_pr_jgsz">进入查看</span>
            </a>
        </div>
    </li>
[/loop]
</ul>
]]></item>
			<item id="ptemplate"><![CDATA[]]></item>
			<item id="btemplate"><![CDATA[]]></item>
			<item id="sortid"><![CDATA[71]]></item>
			<item id="available"><![CDATA[1]]></item>
			<item id="required"><![CDATA[1]]></item>
			<item id="unchangeable"><![CDATA[0]]></item>
			<item id="search"><![CDATA[0]]></item>
			<item id="subjectshow"><![CDATA[1]]></item>
			<item id="tpdescription"><![CDATA[]]></item>
			<item id="ttdescription"><![CDATA[带*为必填选项]]></item>
			<item id="tpexpiration"><![CDATA[0]]></item>
			<item id="ttexpiration"><![CDATA[0]]></item>
			<item id="__protect">
				<item id="status"><![CDATA[0]]></item>
				<item id="usergroup"><![CDATA[]]></item>
				<item id="verify"><![CDATA[]]></item>
			</item>
			<item id="__rules">
				<item id="maxnum"><![CDATA[]]></item>
				<item id="minnum"><![CDATA[]]></item>
				<item id="inputsize"><![CDATA[]]></item>
				<item id="defaultvalue"><![CDATA[]]></item>
			</item>
		</item>
		<item id="5">
			<item id="optionid"><![CDATA[1304]]></item>
			<item id="classid"><![CDATA[3]]></item>
			<item id="displayorder"><![CDATA[6]]></item>
			<item id="expiration"><![CDATA[0]]></item>
			<item id="title"><![CDATA[优惠价]]></item>
			<item id="description"><![CDATA[带*为必填选项]]></item>
			<item id="identifier"><![CDATA[ren_zby_yhj]]></item>
			<item id="type"><![CDATA[number]]></item>
			<item id="unit"><![CDATA[元/人]]></item>
			<item id="permprompt"><![CDATA[]]></item>
			<item id="typeid"><![CDATA[71]]></item>
			<item id="name"><![CDATA[周边游]]></item>
			<item id="icon"><![CDATA[]]></item>
			<item id="special"><![CDATA[1]]></item>
			<item id="modelid"><![CDATA[0]]></item>
			<item id="template"><![CDATA[<style type="text/css">
    .ren_view_share.ren_view_footer { display: none; }
    .ren_view_share.ren_view_foo { display: none; }
    .rtj1009_m_main .ren_view_xxtop { display: none; }
    .rtj1009_m_main .ren_view_ny .ren_lc_xx { display: none; }
    .rtj1009_m_main .ren_view_ny .pi { overflow: initial; }
    .rtj1009_m_main .message { overflow: initial; }
    .rtj1009_m_main .ren_view_xf .ren_v_xftpxx { margin: -10px -10px 0 -10px; }
</style>
<div class="ren_view_xf ren_view_esf ren_view_zby cl">
    <div id="tab4" class="tab ren_v_xftpxx cl">
        <div class="tab-con ren_v_xfpic cl">
            <ul class="j-tab-con">
                <li class="tab-con-item" style="display:block;"><a href="javascript:;"><img src="{ren_zby_img_value}"></a></li>
                <li class="tab-con-item"><a href="javascript:;"><img src="{ren_zby_imge_value}"></a></li>
                <li class="tab-con-item"><a href="javascript:;"><img src="{ren_zby_imgsan_value}"></a></li>
                <li class="tab-con-item"><a href="javascript:;"><img src="{ren_zby_imgsi_value}"></a></li>
            </ul>
        </div>
        <div class="ren_v_xfxpic cl">
            <ul class="tab-nav j-tab-nav">
                <li class="current"><a href="javascript:;"><img src="{ren_zby_img_value}"><i></i></a></li>
                <li><a href="javascript:;"><img src="{ren_zby_imge_value}"><i></i></a></li>
                <li><a href="javascript:;"><img src="{ren_zby_imgsan_value}"><i></i></a></li>
                <li><a href="javascript:;"><img src="{ren_zby_imgsi_value}"><i></i></a></li>
            </ul>
        </div>
    </div>

    <div class="ren_v_xfyiyxx">
        <div class="ren_v_xfbtxx cl">
            <h3><span class="ren_v_esfbtyi">{ren_zby_mc_value}</span></h3>

        </div>
        <ul class="ren_v_xfyinr cl">
            <li class="ren_v_yinrliu ren_v_esfnryi cl"><span>商家类型</span><p>{ren_zby_xm_value}</p></li>
            <li class="ren_v_yinre cl"><span>适合人群</span><p class="ren_xf_wz">{ren_zby_rq_value}</p></li>
            <li class="ren_v_yinrsan cl"><span>出游方式</span><p>{ren_zby_fs_value}</p></li>
            <li class="ren_v_yinrsan col cl">
                <div class="ren_v_ban"><span>门市价</span><p>{ren_zby_yj_value}<i class="ren_v_xfjgdw">{ren_zby_yj_unit}</i></p></div>
                <div class="ren_v_ban"><span>优惠价</span><p>{ren_zby_yhj_value}<i class="ren_v_xfjgdw">{ren_zby_yhj_unit}</i></p></div>
            </li>
            <li class="ren_v_yinrwu cl"><span>所在区域</span><p>{ren_zby_xc_value}</p></li>
            <li class="ren_v_yinrliu cl"><span>祥细地址</span><p>{ren_zby_dz_value}</p></li>
        </ul>
        <span class="ren_v_xfpr cl">
            <em class="ren_v_xfi"><i class="icon"></i></em>
            <em class="ren_v_xfnum">{ren_zby_dh_value}</em>
       </span>
    </div>
</div>
<div class="ren_view_xfe ren_view_sjzk ren_view_zbye cl">
    <ul class="ren_v_xfnrtap">
        <li>
            <a href="javascript:;" class="xxk">商家介绍</a>
        </li>
    </ul>

    <div class="ren_v_xfexx">
        <div class="ren_v_sjjj cl">
            <p class="cl">{ren_zby_js_value}</p>
        </div>

    </div>
</div>
<div class="ren_view_share ren_flxx_footer">
    <a href="tel:{ren_zby_dh_value}" class="yi"><span class="ren-flxx-dantel">{ren_zby_dh_value}</span></a>
    <a href="tel:{ren_zby_dh_value}" class="e"><i class="icon ren-font">&#xe6be;</i>电话</a>
    <a class="open-popup san" data-popup=".popup-view"><i class="icon ren-font">&#xe619;</i>评论</a>
    <a href="javascript:;" class="ren_share open-popup si" data-popup=".popup-share"><i class="icon ren-font">&#xe742;</i>分享</a>
</div>]]></item>
			<item id="stemplate"><![CDATA[<ul class="ren_flxx_ul">
[loop]
    <li class="ren_fl_xf ren_fl_zby cl">
        <div class="ren_xf_pic z">
            <a href="{subject_url}">
            	<img src="{ren_zby_img_value}">
            </a>
        </div>
        <div class="ren_xf_xx">
            <div class="ren_xf_btxx">
                <a href="{subject_url}" class="ren_xf_bt">{ren_zby_mc_value}</a>
            </div>
            
            <p class="ren_zby_wz">{ren_zby_js_value}</p>
            <p class="ren_zby_dz">
                <i class="i"></i><a href="{subject_url}">{ren_zby_dz_value}</a>
            </p>
            <p class="ren_zby_tx">
                <a href="{subject_url}" class="ren_xf_tag">{ren_zby_xm_value}</a>
            </p>
        </div>
        <div class="ren_zby_price">
            <a href="{subject_url}" class="ren_pr_jg">
                <span class="ren_pr_jgsz">进入查看</span>
            </a>
        </div>
    </li>
[/loop]
</ul>
]]></item>
			<item id="ptemplate"><![CDATA[]]></item>
			<item id="btemplate"><![CDATA[]]></item>
			<item id="sortid"><![CDATA[71]]></item>
			<item id="available"><![CDATA[1]]></item>
			<item id="required"><![CDATA[1]]></item>
			<item id="unchangeable"><![CDATA[0]]></item>
			<item id="search"><![CDATA[0]]></item>
			<item id="subjectshow"><![CDATA[1]]></item>
			<item id="tpdescription"><![CDATA[]]></item>
			<item id="ttdescription"><![CDATA[带*为必填选项]]></item>
			<item id="tpexpiration"><![CDATA[0]]></item>
			<item id="ttexpiration"><![CDATA[0]]></item>
			<item id="__protect">
				<item id="status"><![CDATA[0]]></item>
				<item id="usergroup"><![CDATA[]]></item>
				<item id="verify"><![CDATA[]]></item>
			</item>
			<item id="__rules">
				<item id="maxnum"><![CDATA[]]></item>
				<item id="minnum"><![CDATA[]]></item>
				<item id="inputsize"><![CDATA[]]></item>
				<item id="defaultvalue"><![CDATA[]]></item>
			</item>
		</item>
		<item id="6">
			<item id="optionid"><![CDATA[1305]]></item>
			<item id="classid"><![CDATA[3]]></item>
			<item id="displayorder"><![CDATA[7]]></item>
			<item id="expiration"><![CDATA[0]]></item>
			<item id="title"><![CDATA[上传图片]]></item>
			<item id="description"><![CDATA[带*为必填选项]]></item>
			<item id="identifier"><![CDATA[ren_zby_img]]></item>
			<item id="type"><![CDATA[image]]></item>
			<item id="unit"><![CDATA[]]></item>
			<item id="permprompt"><![CDATA[]]></item>
			<item id="typeid"><![CDATA[71]]></item>
			<item id="name"><![CDATA[周边游]]></item>
			<item id="icon"><![CDATA[]]></item>
			<item id="special"><![CDATA[1]]></item>
			<item id="modelid"><![CDATA[0]]></item>
			<item id="template"><![CDATA[<style type="text/css">
    .ren_view_share.ren_view_footer { display: none; }
    .ren_view_share.ren_view_foo { display: none; }
    .rtj1009_m_main .ren_view_xxtop { display: none; }
    .rtj1009_m_main .ren_view_ny .ren_lc_xx { display: none; }
    .rtj1009_m_main .ren_view_ny .pi { overflow: initial; }
    .rtj1009_m_main .message { overflow: initial; }
    .rtj1009_m_main .ren_view_xf .ren_v_xftpxx { margin: -10px -10px 0 -10px; }
</style>
<div class="ren_view_xf ren_view_esf ren_view_zby cl">
    <div id="tab4" class="tab ren_v_xftpxx cl">
        <div class="tab-con ren_v_xfpic cl">
            <ul class="j-tab-con">
                <li class="tab-con-item" style="display:block;"><a href="javascript:;"><img src="{ren_zby_img_value}"></a></li>
                <li class="tab-con-item"><a href="javascript:;"><img src="{ren_zby_imge_value}"></a></li>
                <li class="tab-con-item"><a href="javascript:;"><img src="{ren_zby_imgsan_value}"></a></li>
                <li class="tab-con-item"><a href="javascript:;"><img src="{ren_zby_imgsi_value}"></a></li>
            </ul>
        </div>
        <div class="ren_v_xfxpic cl">
            <ul class="tab-nav j-tab-nav">
                <li class="current"><a href="javascript:;"><img src="{ren_zby_img_value}"><i></i></a></li>
                <li><a href="javascript:;"><img src="{ren_zby_imge_value}"><i></i></a></li>
                <li><a href="javascript:;"><img src="{ren_zby_imgsan_value}"><i></i></a></li>
                <li><a href="javascript:;"><img src="{ren_zby_imgsi_value}"><i></i></a></li>
            </ul>
        </div>
    </div>

    <div class="ren_v_xfyiyxx">
        <div class="ren_v_xfbtxx cl">
            <h3><span class="ren_v_esfbtyi">{ren_zby_mc_value}</span></h3>

        </div>
        <ul class="ren_v_xfyinr cl">
            <li class="ren_v_yinrliu ren_v_esfnryi cl"><span>商家类型</span><p>{ren_zby_xm_value}</p></li>
            <li class="ren_v_yinre cl"><span>适合人群</span><p class="ren_xf_wz">{ren_zby_rq_value}</p></li>
            <li class="ren_v_yinrsan cl"><span>出游方式</span><p>{ren_zby_fs_value}</p></li>
            <li class="ren_v_yinrsan col cl">
                <div class="ren_v_ban"><span>门市价</span><p>{ren_zby_yj_value}<i class="ren_v_xfjgdw">{ren_zby_yj_unit}</i></p></div>
                <div class="ren_v_ban"><span>优惠价</span><p>{ren_zby_yhj_value}<i class="ren_v_xfjgdw">{ren_zby_yhj_unit}</i></p></div>
            </li>
            <li class="ren_v_yinrwu cl"><span>所在区域</span><p>{ren_zby_xc_value}</p></li>
            <li class="ren_v_yinrliu cl"><span>祥细地址</span><p>{ren_zby_dz_value}</p></li>
        </ul>
        <span class="ren_v_xfpr cl">
            <em class="ren_v_xfi"><i class="icon"></i></em>
            <em class="ren_v_xfnum">{ren_zby_dh_value}</em>
       </span>
    </div>
</div>
<div class="ren_view_xfe ren_view_sjzk ren_view_zbye cl">
    <ul class="ren_v_xfnrtap">
        <li>
            <a href="javascript:;" class="xxk">商家介绍</a>
        </li>
    </ul>

    <div class="ren_v_xfexx">
        <div class="ren_v_sjjj cl">
            <p class="cl">{ren_zby_js_value}</p>
        </div>

    </div>
</div>
<div class="ren_view_share ren_flxx_footer">
    <a href="tel:{ren_zby_dh_value}" class="yi"><span class="ren-flxx-dantel">{ren_zby_dh_value}</span></a>
    <a href="tel:{ren_zby_dh_value}" class="e"><i class="icon ren-font">&#xe6be;</i>电话</a>
    <a class="open-popup san" data-popup=".popup-view"><i class="icon ren-font">&#xe619;</i>评论</a>
    <a href="javascript:;" class="ren_share open-popup si" data-popup=".popup-share"><i class="icon ren-font">&#xe742;</i>分享</a>
</div>]]></item>
			<item id="stemplate"><![CDATA[<ul class="ren_flxx_ul">
[loop]
    <li class="ren_fl_xf ren_fl_zby cl">
        <div class="ren_xf_pic z">
            <a href="{subject_url}">
            	<img src="{ren_zby_img_value}">
            </a>
        </div>
        <div class="ren_xf_xx">
            <div class="ren_xf_btxx">
                <a href="{subject_url}" class="ren_xf_bt">{ren_zby_mc_value}</a>
            </div>
            
            <p class="ren_zby_wz">{ren_zby_js_value}</p>
            <p class="ren_zby_dz">
                <i class="i"></i><a href="{subject_url}">{ren_zby_dz_value}</a>
            </p>
            <p class="ren_zby_tx">
                <a href="{subject_url}" class="ren_xf_tag">{ren_zby_xm_value}</a>
            </p>
        </div>
        <div class="ren_zby_price">
            <a href="{subject_url}" class="ren_pr_jg">
                <span class="ren_pr_jgsz">进入查看</span>
            </a>
        </div>
    </li>
[/loop]
</ul>
]]></item>
			<item id="ptemplate"><![CDATA[]]></item>
			<item id="btemplate"><![CDATA[]]></item>
			<item id="sortid"><![CDATA[71]]></item>
			<item id="available"><![CDATA[1]]></item>
			<item id="required"><![CDATA[1]]></item>
			<item id="unchangeable"><![CDATA[0]]></item>
			<item id="search"><![CDATA[0]]></item>
			<item id="subjectshow"><![CDATA[1]]></item>
			<item id="tpdescription"><![CDATA[主图最多上传四张，若有更多图片上传，请在下方编辑框中选择上传]]></item>
			<item id="ttdescription"><![CDATA[带*为必填选项]]></item>
			<item id="tpexpiration"><![CDATA[0]]></item>
			<item id="ttexpiration"><![CDATA[0]]></item>
			<item id="__protect">
				<item id="usergroup"><![CDATA[]]></item>
				<item id="verify"><![CDATA[]]></item>
			</item>
			<item id="__rules">
				<item id="maxwidth"><![CDATA[]]></item>
				<item id="maxheight"><![CDATA[]]></item>
				<item id="inputsize"><![CDATA[]]></item>
			</item>
		</item>
		<item id="7">
			<item id="optionid"><![CDATA[1310]]></item>
			<item id="classid"><![CDATA[3]]></item>
			<item id="displayorder"><![CDATA[8]]></item>
			<item id="expiration"><![CDATA[0]]></item>
			<item id="title"><![CDATA[上传图片2]]></item>
			<item id="description"><![CDATA[带*为必填选项]]></item>
			<item id="identifier"><![CDATA[ren_zby_imge]]></item>
			<item id="type"><![CDATA[image]]></item>
			<item id="unit"><![CDATA[]]></item>
			<item id="permprompt"><![CDATA[]]></item>
			<item id="typeid"><![CDATA[71]]></item>
			<item id="name"><![CDATA[周边游]]></item>
			<item id="icon"><![CDATA[]]></item>
			<item id="special"><![CDATA[1]]></item>
			<item id="modelid"><![CDATA[0]]></item>
			<item id="template"><![CDATA[<style type="text/css">
    .ren_view_share.ren_view_footer { display: none; }
    .ren_view_share.ren_view_foo { display: none; }
    .rtj1009_m_main .ren_view_xxtop { display: none; }
    .rtj1009_m_main .ren_view_ny .ren_lc_xx { display: none; }
    .rtj1009_m_main .ren_view_ny .pi { overflow: initial; }
    .rtj1009_m_main .message { overflow: initial; }
    .rtj1009_m_main .ren_view_xf .ren_v_xftpxx { margin: -10px -10px 0 -10px; }
</style>
<div class="ren_view_xf ren_view_esf ren_view_zby cl">
    <div id="tab4" class="tab ren_v_xftpxx cl">
        <div class="tab-con ren_v_xfpic cl">
            <ul class="j-tab-con">
                <li class="tab-con-item" style="display:block;"><a href="javascript:;"><img src="{ren_zby_img_value}"></a></li>
                <li class="tab-con-item"><a href="javascript:;"><img src="{ren_zby_imge_value}"></a></li>
                <li class="tab-con-item"><a href="javascript:;"><img src="{ren_zby_imgsan_value}"></a></li>
                <li class="tab-con-item"><a href="javascript:;"><img src="{ren_zby_imgsi_value}"></a></li>
            </ul>
        </div>
        <div class="ren_v_xfxpic cl">
            <ul class="tab-nav j-tab-nav">
                <li class="current"><a href="javascript:;"><img src="{ren_zby_img_value}"><i></i></a></li>
                <li><a href="javascript:;"><img src="{ren_zby_imge_value}"><i></i></a></li>
                <li><a href="javascript:;"><img src="{ren_zby_imgsan_value}"><i></i></a></li>
                <li><a href="javascript:;"><img src="{ren_zby_imgsi_value}"><i></i></a></li>
            </ul>
        </div>
    </div>

    <div class="ren_v_xfyiyxx">
        <div class="ren_v_xfbtxx cl">
            <h3><span class="ren_v_esfbtyi">{ren_zby_mc_value}</span></h3>

        </div>
        <ul class="ren_v_xfyinr cl">
            <li class="ren_v_yinrliu ren_v_esfnryi cl"><span>商家类型</span><p>{ren_zby_xm_value}</p></li>
            <li class="ren_v_yinre cl"><span>适合人群</span><p class="ren_xf_wz">{ren_zby_rq_value}</p></li>
            <li class="ren_v_yinrsan cl"><span>出游方式</span><p>{ren_zby_fs_value}</p></li>
            <li class="ren_v_yinrsan col cl">
                <div class="ren_v_ban"><span>门市价</span><p>{ren_zby_yj_value}<i class="ren_v_xfjgdw">{ren_zby_yj_unit}</i></p></div>
                <div class="ren_v_ban"><span>优惠价</span><p>{ren_zby_yhj_value}<i class="ren_v_xfjgdw">{ren_zby_yhj_unit}</i></p></div>
            </li>
            <li class="ren_v_yinrwu cl"><span>所在区域</span><p>{ren_zby_xc_value}</p></li>
            <li class="ren_v_yinrliu cl"><span>祥细地址</span><p>{ren_zby_dz_value}</p></li>
        </ul>
        <span class="ren_v_xfpr cl">
            <em class="ren_v_xfi"><i class="icon"></i></em>
            <em class="ren_v_xfnum">{ren_zby_dh_value}</em>
       </span>
    </div>
</div>
<div class="ren_view_xfe ren_view_sjzk ren_view_zbye cl">
    <ul class="ren_v_xfnrtap">
        <li>
            <a href="javascript:;" class="xxk">商家介绍</a>
        </li>
    </ul>

    <div class="ren_v_xfexx">
        <div class="ren_v_sjjj cl">
            <p class="cl">{ren_zby_js_value}</p>
        </div>

    </div>
</div>
<div class="ren_view_share ren_flxx_footer">
    <a href="tel:{ren_zby_dh_value}" class="yi"><span class="ren-flxx-dantel">{ren_zby_dh_value}</span></a>
    <a href="tel:{ren_zby_dh_value}" class="e"><i class="icon ren-font">&#xe6be;</i>电话</a>
    <a class="open-popup san" data-popup=".popup-view"><i class="icon ren-font">&#xe619;</i>评论</a>
    <a href="javascript:;" class="ren_share open-popup si" data-popup=".popup-share"><i class="icon ren-font">&#xe742;</i>分享</a>
</div>]]></item>
			<item id="stemplate"><![CDATA[<ul class="ren_flxx_ul">
[loop]
    <li class="ren_fl_xf ren_fl_zby cl">
        <div class="ren_xf_pic z">
            <a href="{subject_url}">
            	<img src="{ren_zby_img_value}">
            </a>
        </div>
        <div class="ren_xf_xx">
            <div class="ren_xf_btxx">
                <a href="{subject_url}" class="ren_xf_bt">{ren_zby_mc_value}</a>
            </div>
            
            <p class="ren_zby_wz">{ren_zby_js_value}</p>
            <p class="ren_zby_dz">
                <i class="i"></i><a href="{subject_url}">{ren_zby_dz_value}</a>
            </p>
            <p class="ren_zby_tx">
                <a href="{subject_url}" class="ren_xf_tag">{ren_zby_xm_value}</a>
            </p>
        </div>
        <div class="ren_zby_price">
            <a href="{subject_url}" class="ren_pr_jg">
                <span class="ren_pr_jgsz">进入查看</span>
            </a>
        </div>
    </li>
[/loop]
</ul>
]]></item>
			<item id="ptemplate"><![CDATA[]]></item>
			<item id="btemplate"><![CDATA[]]></item>
			<item id="sortid"><![CDATA[71]]></item>
			<item id="available"><![CDATA[1]]></item>
			<item id="required"><![CDATA[1]]></item>
			<item id="unchangeable"><![CDATA[0]]></item>
			<item id="search"><![CDATA[0]]></item>
			<item id="subjectshow"><![CDATA[1]]></item>
			<item id="tpdescription"><![CDATA[]]></item>
			<item id="ttdescription"><![CDATA[带*为必填选项]]></item>
			<item id="tpexpiration"><![CDATA[0]]></item>
			<item id="ttexpiration"><![CDATA[0]]></item>
			<item id="__protect">
				<item id="usergroup"><![CDATA[]]></item>
				<item id="verify"><![CDATA[]]></item>
			</item>
			<item id="__rules">
				<item id="maxwidth"><![CDATA[]]></item>
				<item id="maxheight"><![CDATA[]]></item>
				<item id="inputsize"><![CDATA[]]></item>
			</item>
		</item>
		<item id="8">
			<item id="optionid"><![CDATA[1311]]></item>
			<item id="classid"><![CDATA[3]]></item>
			<item id="displayorder"><![CDATA[9]]></item>
			<item id="expiration"><![CDATA[0]]></item>
			<item id="title"><![CDATA[上传图片3]]></item>
			<item id="description"><![CDATA[带*为必填选项]]></item>
			<item id="identifier"><![CDATA[ren_zby_imgsan]]></item>
			<item id="type"><![CDATA[image]]></item>
			<item id="unit"><![CDATA[]]></item>
			<item id="permprompt"><![CDATA[]]></item>
			<item id="typeid"><![CDATA[71]]></item>
			<item id="name"><![CDATA[周边游]]></item>
			<item id="icon"><![CDATA[]]></item>
			<item id="special"><![CDATA[1]]></item>
			<item id="modelid"><![CDATA[0]]></item>
			<item id="template"><![CDATA[<style type="text/css">
    .ren_view_share.ren_view_footer { display: none; }
    .ren_view_share.ren_view_foo { display: none; }
    .rtj1009_m_main .ren_view_xxtop { display: none; }
    .rtj1009_m_main .ren_view_ny .ren_lc_xx { display: none; }
    .rtj1009_m_main .ren_view_ny .pi { overflow: initial; }
    .rtj1009_m_main .message { overflow: initial; }
    .rtj1009_m_main .ren_view_xf .ren_v_xftpxx { margin: -10px -10px 0 -10px; }
</style>
<div class="ren_view_xf ren_view_esf ren_view_zby cl">
    <div id="tab4" class="tab ren_v_xftpxx cl">
        <div class="tab-con ren_v_xfpic cl">
            <ul class="j-tab-con">
                <li class="tab-con-item" style="display:block;"><a href="javascript:;"><img src="{ren_zby_img_value}"></a></li>
                <li class="tab-con-item"><a href="javascript:;"><img src="{ren_zby_imge_value}"></a></li>
                <li class="tab-con-item"><a href="javascript:;"><img src="{ren_zby_imgsan_value}"></a></li>
                <li class="tab-con-item"><a href="javascript:;"><img src="{ren_zby_imgsi_value}"></a></li>
            </ul>
        </div>
        <div class="ren_v_xfxpic cl">
            <ul class="tab-nav j-tab-nav">
                <li class="current"><a href="javascript:;"><img src="{ren_zby_img_value}"><i></i></a></li>
                <li><a href="javascript:;"><img src="{ren_zby_imge_value}"><i></i></a></li>
                <li><a href="javascript:;"><img src="{ren_zby_imgsan_value}"><i></i></a></li>
                <li><a href="javascript:;"><img src="{ren_zby_imgsi_value}"><i></i></a></li>
            </ul>
        </div>
    </div>

    <div class="ren_v_xfyiyxx">
        <div class="ren_v_xfbtxx cl">
            <h3><span class="ren_v_esfbtyi">{ren_zby_mc_value}</span></h3>

        </div>
        <ul class="ren_v_xfyinr cl">
            <li class="ren_v_yinrliu ren_v_esfnryi cl"><span>商家类型</span><p>{ren_zby_xm_value}</p></li>
            <li class="ren_v_yinre cl"><span>适合人群</span><p class="ren_xf_wz">{ren_zby_rq_value}</p></li>
            <li class="ren_v_yinrsan cl"><span>出游方式</span><p>{ren_zby_fs_value}</p></li>
            <li class="ren_v_yinrsan col cl">
                <div class="ren_v_ban"><span>门市价</span><p>{ren_zby_yj_value}<i class="ren_v_xfjgdw">{ren_zby_yj_unit}</i></p></div>
                <div class="ren_v_ban"><span>优惠价</span><p>{ren_zby_yhj_value}<i class="ren_v_xfjgdw">{ren_zby_yhj_unit}</i></p></div>
            </li>
            <li class="ren_v_yinrwu cl"><span>所在区域</span><p>{ren_zby_xc_value}</p></li>
            <li class="ren_v_yinrliu cl"><span>祥细地址</span><p>{ren_zby_dz_value}</p></li>
        </ul>
        <span class="ren_v_xfpr cl">
            <em class="ren_v_xfi"><i class="icon"></i></em>
            <em class="ren_v_xfnum">{ren_zby_dh_value}</em>
       </span>
    </div>
</div>
<div class="ren_view_xfe ren_view_sjzk ren_view_zbye cl">
    <ul class="ren_v_xfnrtap">
        <li>
            <a href="javascript:;" class="xxk">商家介绍</a>
        </li>
    </ul>

    <div class="ren_v_xfexx">
        <div class="ren_v_sjjj cl">
            <p class="cl">{ren_zby_js_value}</p>
        </div>

    </div>
</div>
<div class="ren_view_share ren_flxx_footer">
    <a href="tel:{ren_zby_dh_value}" class="yi"><span class="ren-flxx-dantel">{ren_zby_dh_value}</span></a>
    <a href="tel:{ren_zby_dh_value}" class="e"><i class="icon ren-font">&#xe6be;</i>电话</a>
    <a class="open-popup san" data-popup=".popup-view"><i class="icon ren-font">&#xe619;</i>评论</a>
    <a href="javascript:;" class="ren_share open-popup si" data-popup=".popup-share"><i class="icon ren-font">&#xe742;</i>分享</a>
</div>]]></item>
			<item id="stemplate"><![CDATA[<ul class="ren_flxx_ul">
[loop]
    <li class="ren_fl_xf ren_fl_zby cl">
        <div class="ren_xf_pic z">
            <a href="{subject_url}">
            	<img src="{ren_zby_img_value}">
            </a>
        </div>
        <div class="ren_xf_xx">
            <div class="ren_xf_btxx">
                <a href="{subject_url}" class="ren_xf_bt">{ren_zby_mc_value}</a>
            </div>
            
            <p class="ren_zby_wz">{ren_zby_js_value}</p>
            <p class="ren_zby_dz">
                <i class="i"></i><a href="{subject_url}">{ren_zby_dz_value}</a>
            </p>
            <p class="ren_zby_tx">
                <a href="{subject_url}" class="ren_xf_tag">{ren_zby_xm_value}</a>
            </p>
        </div>
        <div class="ren_zby_price">
            <a href="{subject_url}" class="ren_pr_jg">
                <span class="ren_pr_jgsz">进入查看</span>
            </a>
        </div>
    </li>
[/loop]
</ul>
]]></item>
			<item id="ptemplate"><![CDATA[]]></item>
			<item id="btemplate"><![CDATA[]]></item>
			<item id="sortid"><![CDATA[71]]></item>
			<item id="available"><![CDATA[1]]></item>
			<item id="required"><![CDATA[1]]></item>
			<item id="unchangeable"><![CDATA[0]]></item>
			<item id="search"><![CDATA[0]]></item>
			<item id="subjectshow"><![CDATA[1]]></item>
			<item id="tpdescription"><![CDATA[]]></item>
			<item id="ttdescription"><![CDATA[带*为必填选项]]></item>
			<item id="tpexpiration"><![CDATA[0]]></item>
			<item id="ttexpiration"><![CDATA[0]]></item>
			<item id="__protect">
				<item id="usergroup"><![CDATA[]]></item>
				<item id="verify"><![CDATA[]]></item>
			</item>
			<item id="__rules">
				<item id="maxwidth"><![CDATA[]]></item>
				<item id="maxheight"><![CDATA[]]></item>
				<item id="inputsize"><![CDATA[]]></item>
			</item>
		</item>
		<item id="9">
			<item id="optionid"><![CDATA[1312]]></item>
			<item id="classid"><![CDATA[3]]></item>
			<item id="displayorder"><![CDATA[10]]></item>
			<item id="expiration"><![CDATA[0]]></item>
			<item id="title"><![CDATA[上传图片4]]></item>
			<item id="description"><![CDATA[带*为必填选项]]></item>
			<item id="identifier"><![CDATA[ren_zby_imgsi]]></item>
			<item id="type"><![CDATA[image]]></item>
			<item id="unit"><![CDATA[]]></item>
			<item id="permprompt"><![CDATA[]]></item>
			<item id="typeid"><![CDATA[71]]></item>
			<item id="name"><![CDATA[周边游]]></item>
			<item id="icon"><![CDATA[]]></item>
			<item id="special"><![CDATA[1]]></item>
			<item id="modelid"><![CDATA[0]]></item>
			<item id="template"><![CDATA[<style type="text/css">
    .ren_view_share.ren_view_footer { display: none; }
    .ren_view_share.ren_view_foo { display: none; }
    .rtj1009_m_main .ren_view_xxtop { display: none; }
    .rtj1009_m_main .ren_view_ny .ren_lc_xx { display: none; }
    .rtj1009_m_main .ren_view_ny .pi { overflow: initial; }
    .rtj1009_m_main .message { overflow: initial; }
    .rtj1009_m_main .ren_view_xf .ren_v_xftpxx { margin: -10px -10px 0 -10px; }
</style>
<div class="ren_view_xf ren_view_esf ren_view_zby cl">
    <div id="tab4" class="tab ren_v_xftpxx cl">
        <div class="tab-con ren_v_xfpic cl">
            <ul class="j-tab-con">
                <li class="tab-con-item" style="display:block;"><a href="javascript:;"><img src="{ren_zby_img_value}"></a></li>
                <li class="tab-con-item"><a href="javascript:;"><img src="{ren_zby_imge_value}"></a></li>
                <li class="tab-con-item"><a href="javascript:;"><img src="{ren_zby_imgsan_value}"></a></li>
                <li class="tab-con-item"><a href="javascript:;"><img src="{ren_zby_imgsi_value}"></a></li>
            </ul>
        </div>
        <div class="ren_v_xfxpic cl">
            <ul class="tab-nav j-tab-nav">
                <li class="current"><a href="javascript:;"><img src="{ren_zby_img_value}"><i></i></a></li>
                <li><a href="javascript:;"><img src="{ren_zby_imge_value}"><i></i></a></li>
                <li><a href="javascript:;"><img src="{ren_zby_imgsan_value}"><i></i></a></li>
                <li><a href="javascript:;"><img src="{ren_zby_imgsi_value}"><i></i></a></li>
            </ul>
        </div>
    </div>

    <div class="ren_v_xfyiyxx">
        <div class="ren_v_xfbtxx cl">
            <h3><span class="ren_v_esfbtyi">{ren_zby_mc_value}</span></h3>

        </div>
        <ul class="ren_v_xfyinr cl">
            <li class="ren_v_yinrliu ren_v_esfnryi cl"><span>商家类型</span><p>{ren_zby_xm_value}</p></li>
            <li class="ren_v_yinre cl"><span>适合人群</span><p class="ren_xf_wz">{ren_zby_rq_value}</p></li>
            <li class="ren_v_yinrsan cl"><span>出游方式</span><p>{ren_zby_fs_value}</p></li>
            <li class="ren_v_yinrsan col cl">
                <div class="ren_v_ban"><span>门市价</span><p>{ren_zby_yj_value}<i class="ren_v_xfjgdw">{ren_zby_yj_unit}</i></p></div>
                <div class="ren_v_ban"><span>优惠价</span><p>{ren_zby_yhj_value}<i class="ren_v_xfjgdw">{ren_zby_yhj_unit}</i></p></div>
            </li>
            <li class="ren_v_yinrwu cl"><span>所在区域</span><p>{ren_zby_xc_value}</p></li>
            <li class="ren_v_yinrliu cl"><span>祥细地址</span><p>{ren_zby_dz_value}</p></li>
        </ul>
        <span class="ren_v_xfpr cl">
            <em class="ren_v_xfi"><i class="icon"></i></em>
            <em class="ren_v_xfnum">{ren_zby_dh_value}</em>
       </span>
    </div>
</div>
<div class="ren_view_xfe ren_view_sjzk ren_view_zbye cl">
    <ul class="ren_v_xfnrtap">
        <li>
            <a href="javascript:;" class="xxk">商家介绍</a>
        </li>
    </ul>

    <div class="ren_v_xfexx">
        <div class="ren_v_sjjj cl">
            <p class="cl">{ren_zby_js_value}</p>
        </div>

    </div>
</div>
<div class="ren_view_share ren_flxx_footer">
    <a href="tel:{ren_zby_dh_value}" class="yi"><span class="ren-flxx-dantel">{ren_zby_dh_value}</span></a>
    <a href="tel:{ren_zby_dh_value}" class="e"><i class="icon ren-font">&#xe6be;</i>电话</a>
    <a class="open-popup san" data-popup=".popup-view"><i class="icon ren-font">&#xe619;</i>评论</a>
    <a href="javascript:;" class="ren_share open-popup si" data-popup=".popup-share"><i class="icon ren-font">&#xe742;</i>分享</a>
</div>]]></item>
			<item id="stemplate"><![CDATA[<ul class="ren_flxx_ul">
[loop]
    <li class="ren_fl_xf ren_fl_zby cl">
        <div class="ren_xf_pic z">
            <a href="{subject_url}">
            	<img src="{ren_zby_img_value}">
            </a>
        </div>
        <div class="ren_xf_xx">
            <div class="ren_xf_btxx">
                <a href="{subject_url}" class="ren_xf_bt">{ren_zby_mc_value}</a>
            </div>
            
            <p class="ren_zby_wz">{ren_zby_js_value}</p>
            <p class="ren_zby_dz">
                <i class="i"></i><a href="{subject_url}">{ren_zby_dz_value}</a>
            </p>
            <p class="ren_zby_tx">
                <a href="{subject_url}" class="ren_xf_tag">{ren_zby_xm_value}</a>
            </p>
        </div>
        <div class="ren_zby_price">
            <a href="{subject_url}" class="ren_pr_jg">
                <span class="ren_pr_jgsz">进入查看</span>
            </a>
        </div>
    </li>
[/loop]
</ul>
]]></item>
			<item id="ptemplate"><![CDATA[]]></item>
			<item id="btemplate"><![CDATA[]]></item>
			<item id="sortid"><![CDATA[71]]></item>
			<item id="available"><![CDATA[1]]></item>
			<item id="required"><![CDATA[1]]></item>
			<item id="unchangeable"><![CDATA[0]]></item>
			<item id="search"><![CDATA[0]]></item>
			<item id="subjectshow"><![CDATA[1]]></item>
			<item id="tpdescription"><![CDATA[]]></item>
			<item id="ttdescription"><![CDATA[带*为必填选项]]></item>
			<item id="tpexpiration"><![CDATA[0]]></item>
			<item id="ttexpiration"><![CDATA[0]]></item>
			<item id="__protect">
				<item id="usergroup"><![CDATA[]]></item>
				<item id="verify"><![CDATA[]]></item>
			</item>
			<item id="__rules">
				<item id="maxwidth"><![CDATA[]]></item>
				<item id="maxheight"><![CDATA[]]></item>
				<item id="inputsize"><![CDATA[]]></item>
			</item>
		</item>
		<item id="10">
			<item id="optionid"><![CDATA[1306]]></item>
			<item id="classid"><![CDATA[3]]></item>
			<item id="displayorder"><![CDATA[11]]></item>
			<item id="expiration"><![CDATA[0]]></item>
			<item id="title"><![CDATA[服务介绍]]></item>
			<item id="description"><![CDATA[带*为必填选项]]></item>
			<item id="identifier"><![CDATA[ren_zby_js]]></item>
			<item id="type"><![CDATA[textarea]]></item>
			<item id="unit"><![CDATA[]]></item>
			<item id="permprompt"><![CDATA[]]></item>
			<item id="typeid"><![CDATA[71]]></item>
			<item id="name"><![CDATA[周边游]]></item>
			<item id="icon"><![CDATA[]]></item>
			<item id="special"><![CDATA[1]]></item>
			<item id="modelid"><![CDATA[0]]></item>
			<item id="template"><![CDATA[<style type="text/css">
    .ren_view_share.ren_view_footer { display: none; }
    .ren_view_share.ren_view_foo { display: none; }
    .rtj1009_m_main .ren_view_xxtop { display: none; }
    .rtj1009_m_main .ren_view_ny .ren_lc_xx { display: none; }
    .rtj1009_m_main .ren_view_ny .pi { overflow: initial; }
    .rtj1009_m_main .message { overflow: initial; }
    .rtj1009_m_main .ren_view_xf .ren_v_xftpxx { margin: -10px -10px 0 -10px; }
</style>
<div class="ren_view_xf ren_view_esf ren_view_zby cl">
    <div id="tab4" class="tab ren_v_xftpxx cl">
        <div class="tab-con ren_v_xfpic cl">
            <ul class="j-tab-con">
                <li class="tab-con-item" style="display:block;"><a href="javascript:;"><img src="{ren_zby_img_value}"></a></li>
                <li class="tab-con-item"><a href="javascript:;"><img src="{ren_zby_imge_value}"></a></li>
                <li class="tab-con-item"><a href="javascript:;"><img src="{ren_zby_imgsan_value}"></a></li>
                <li class="tab-con-item"><a href="javascript:;"><img src="{ren_zby_imgsi_value}"></a></li>
            </ul>
        </div>
        <div class="ren_v_xfxpic cl">
            <ul class="tab-nav j-tab-nav">
                <li class="current"><a href="javascript:;"><img src="{ren_zby_img_value}"><i></i></a></li>
                <li><a href="javascript:;"><img src="{ren_zby_imge_value}"><i></i></a></li>
                <li><a href="javascript:;"><img src="{ren_zby_imgsan_value}"><i></i></a></li>
                <li><a href="javascript:;"><img src="{ren_zby_imgsi_value}"><i></i></a></li>
            </ul>
        </div>
    </div>

    <div class="ren_v_xfyiyxx">
        <div class="ren_v_xfbtxx cl">
            <h3><span class="ren_v_esfbtyi">{ren_zby_mc_value}</span></h3>

        </div>
        <ul class="ren_v_xfyinr cl">
            <li class="ren_v_yinrliu ren_v_esfnryi cl"><span>商家类型</span><p>{ren_zby_xm_value}</p></li>
            <li class="ren_v_yinre cl"><span>适合人群</span><p class="ren_xf_wz">{ren_zby_rq_value}</p></li>
            <li class="ren_v_yinrsan cl"><span>出游方式</span><p>{ren_zby_fs_value}</p></li>
            <li class="ren_v_yinrsan col cl">
                <div class="ren_v_ban"><span>门市价</span><p>{ren_zby_yj_value}<i class="ren_v_xfjgdw">{ren_zby_yj_unit}</i></p></div>
                <div class="ren_v_ban"><span>优惠价</span><p>{ren_zby_yhj_value}<i class="ren_v_xfjgdw">{ren_zby_yhj_unit}</i></p></div>
            </li>
            <li class="ren_v_yinrwu cl"><span>所在区域</span><p>{ren_zby_xc_value}</p></li>
            <li class="ren_v_yinrliu cl"><span>祥细地址</span><p>{ren_zby_dz_value}</p></li>
        </ul>
        <span class="ren_v_xfpr cl">
            <em class="ren_v_xfi"><i class="icon"></i></em>
            <em class="ren_v_xfnum">{ren_zby_dh_value}</em>
       </span>
    </div>
</div>
<div class="ren_view_xfe ren_view_sjzk ren_view_zbye cl">
    <ul class="ren_v_xfnrtap">
        <li>
            <a href="javascript:;" class="xxk">商家介绍</a>
        </li>
    </ul>

    <div class="ren_v_xfexx">
        <div class="ren_v_sjjj cl">
            <p class="cl">{ren_zby_js_value}</p>
        </div>

    </div>
</div>
<div class="ren_view_share ren_flxx_footer">
    <a href="tel:{ren_zby_dh_value}" class="yi"><span class="ren-flxx-dantel">{ren_zby_dh_value}</span></a>
    <a href="tel:{ren_zby_dh_value}" class="e"><i class="icon ren-font">&#xe6be;</i>电话</a>
    <a class="open-popup san" data-popup=".popup-view"><i class="icon ren-font">&#xe619;</i>评论</a>
    <a href="javascript:;" class="ren_share open-popup si" data-popup=".popup-share"><i class="icon ren-font">&#xe742;</i>分享</a>
</div>]]></item>
			<item id="stemplate"><![CDATA[<ul class="ren_flxx_ul">
[loop]
    <li class="ren_fl_xf ren_fl_zby cl">
        <div class="ren_xf_pic z">
            <a href="{subject_url}">
            	<img src="{ren_zby_img_value}">
            </a>
        </div>
        <div class="ren_xf_xx">
            <div class="ren_xf_btxx">
                <a href="{subject_url}" class="ren_xf_bt">{ren_zby_mc_value}</a>
            </div>
            
            <p class="ren_zby_wz">{ren_zby_js_value}</p>
            <p class="ren_zby_dz">
                <i class="i"></i><a href="{subject_url}">{ren_zby_dz_value}</a>
            </p>
            <p class="ren_zby_tx">
                <a href="{subject_url}" class="ren_xf_tag">{ren_zby_xm_value}</a>
            </p>
        </div>
        <div class="ren_zby_price">
            <a href="{subject_url}" class="ren_pr_jg">
                <span class="ren_pr_jgsz">进入查看</span>
            </a>
        </div>
    </li>
[/loop]
</ul>
]]></item>
			<item id="ptemplate"><![CDATA[]]></item>
			<item id="btemplate"><![CDATA[]]></item>
			<item id="sortid"><![CDATA[71]]></item>
			<item id="available"><![CDATA[1]]></item>
			<item id="required"><![CDATA[1]]></item>
			<item id="unchangeable"><![CDATA[0]]></item>
			<item id="search"><![CDATA[0]]></item>
			<item id="subjectshow"><![CDATA[1]]></item>
			<item id="tpdescription"><![CDATA[&#8203;10-2000个字，不能填写电话、QQ、微信、邮箱等联系方式或特殊符号]]></item>
			<item id="ttdescription"><![CDATA[带*为必填选项]]></item>
			<item id="tpexpiration"><![CDATA[0]]></item>
			<item id="ttexpiration"><![CDATA[0]]></item>
			<item id="__protect">
				<item id="status"><![CDATA[0]]></item>
				<item id="usergroup"><![CDATA[]]></item>
				<item id="verify"><![CDATA[]]></item>
			</item>
			<item id="__rules">
				<item id="maxlength"><![CDATA[]]></item>
				<item id="colsize"><![CDATA[]]></item>
				<item id="rowsize"><![CDATA[]]></item>
				<item id="defaultvalue"><![CDATA[]]></item>
			</item>
		</item>
		<item id="11">
			<item id="optionid"><![CDATA[1307]]></item>
			<item id="classid"><![CDATA[3]]></item>
			<item id="displayorder"><![CDATA[12]]></item>
			<item id="expiration"><![CDATA[0]]></item>
			<item id="protect"><![CDATA[]]></item>
			<item id="title"><![CDATA[详细地址]]></item>
			<item id="description"><![CDATA[带*为必填选项]]></item>
			<item id="identifier"><![CDATA[ren_zby_dz]]></item>
			<item id="type"><![CDATA[text]]></item>
			<item id="unit"><![CDATA[]]></item>
			<item id="rules"><![CDATA[]]></item>
			<item id="permprompt"><![CDATA[]]></item>
			<item id="typeid"><![CDATA[71]]></item>
			<item id="name"><![CDATA[周边游]]></item>
			<item id="icon"><![CDATA[]]></item>
			<item id="special"><![CDATA[1]]></item>
			<item id="modelid"><![CDATA[0]]></item>
			<item id="template"><![CDATA[<style type="text/css">
    .ren_view_share.ren_view_footer { display: none; }
    .ren_view_share.ren_view_foo { display: none; }
    .rtj1009_m_main .ren_view_xxtop { display: none; }
    .rtj1009_m_main .ren_view_ny .ren_lc_xx { display: none; }
    .rtj1009_m_main .ren_view_ny .pi { overflow: initial; }
    .rtj1009_m_main .message { overflow: initial; }
    .rtj1009_m_main .ren_view_xf .ren_v_xftpxx { margin: -10px -10px 0 -10px; }
</style>
<div class="ren_view_xf ren_view_esf ren_view_zby cl">
    <div id="tab4" class="tab ren_v_xftpxx cl">
        <div class="tab-con ren_v_xfpic cl">
            <ul class="j-tab-con">
                <li class="tab-con-item" style="display:block;"><a href="javascript:;"><img src="{ren_zby_img_value}"></a></li>
                <li class="tab-con-item"><a href="javascript:;"><img src="{ren_zby_imge_value}"></a></li>
                <li class="tab-con-item"><a href="javascript:;"><img src="{ren_zby_imgsan_value}"></a></li>
                <li class="tab-con-item"><a href="javascript:;"><img src="{ren_zby_imgsi_value}"></a></li>
            </ul>
        </div>
        <div class="ren_v_xfxpic cl">
            <ul class="tab-nav j-tab-nav">
                <li class="current"><a href="javascript:;"><img src="{ren_zby_img_value}"><i></i></a></li>
                <li><a href="javascript:;"><img src="{ren_zby_imge_value}"><i></i></a></li>
                <li><a href="javascript:;"><img src="{ren_zby_imgsan_value}"><i></i></a></li>
                <li><a href="javascript:;"><img src="{ren_zby_imgsi_value}"><i></i></a></li>
            </ul>
        </div>
    </div>

    <div class="ren_v_xfyiyxx">
        <div class="ren_v_xfbtxx cl">
            <h3><span class="ren_v_esfbtyi">{ren_zby_mc_value}</span></h3>

        </div>
        <ul class="ren_v_xfyinr cl">
            <li class="ren_v_yinrliu ren_v_esfnryi cl"><span>商家类型</span><p>{ren_zby_xm_value}</p></li>
            <li class="ren_v_yinre cl"><span>适合人群</span><p class="ren_xf_wz">{ren_zby_rq_value}</p></li>
            <li class="ren_v_yinrsan cl"><span>出游方式</span><p>{ren_zby_fs_value}</p></li>
            <li class="ren_v_yinrsan col cl">
                <div class="ren_v_ban"><span>门市价</span><p>{ren_zby_yj_value}<i class="ren_v_xfjgdw">{ren_zby_yj_unit}</i></p></div>
                <div class="ren_v_ban"><span>优惠价</span><p>{ren_zby_yhj_value}<i class="ren_v_xfjgdw">{ren_zby_yhj_unit}</i></p></div>
            </li>
            <li class="ren_v_yinrwu cl"><span>所在区域</span><p>{ren_zby_xc_value}</p></li>
            <li class="ren_v_yinrliu cl"><span>祥细地址</span><p>{ren_zby_dz_value}</p></li>
        </ul>
        <span class="ren_v_xfpr cl">
            <em class="ren_v_xfi"><i class="icon"></i></em>
            <em class="ren_v_xfnum">{ren_zby_dh_value}</em>
       </span>
    </div>
</div>
<div class="ren_view_xfe ren_view_sjzk ren_view_zbye cl">
    <ul class="ren_v_xfnrtap">
        <li>
            <a href="javascript:;" class="xxk">商家介绍</a>
        </li>
    </ul>

    <div class="ren_v_xfexx">
        <div class="ren_v_sjjj cl">
            <p class="cl">{ren_zby_js_value}</p>
        </div>

    </div>
</div>
<div class="ren_view_share ren_flxx_footer">
    <a href="tel:{ren_zby_dh_value}" class="yi"><span class="ren-flxx-dantel">{ren_zby_dh_value}</span></a>
    <a href="tel:{ren_zby_dh_value}" class="e"><i class="icon ren-font">&#xe6be;</i>电话</a>
    <a class="open-popup san" data-popup=".popup-view"><i class="icon ren-font">&#xe619;</i>评论</a>
    <a href="javascript:;" class="ren_share open-popup si" data-popup=".popup-share"><i class="icon ren-font">&#xe742;</i>分享</a>
</div>]]></item>
			<item id="stemplate"><![CDATA[<ul class="ren_flxx_ul">
[loop]
    <li class="ren_fl_xf ren_fl_zby cl">
        <div class="ren_xf_pic z">
            <a href="{subject_url}">
            	<img src="{ren_zby_img_value}">
            </a>
        </div>
        <div class="ren_xf_xx">
            <div class="ren_xf_btxx">
                <a href="{subject_url}" class="ren_xf_bt">{ren_zby_mc_value}</a>
            </div>
            
            <p class="ren_zby_wz">{ren_zby_js_value}</p>
            <p class="ren_zby_dz">
                <i class="i"></i><a href="{subject_url}">{ren_zby_dz_value}</a>
            </p>
            <p class="ren_zby_tx">
                <a href="{subject_url}" class="ren_xf_tag">{ren_zby_xm_value}</a>
            </p>
        </div>
        <div class="ren_zby_price">
            <a href="{subject_url}" class="ren_pr_jg">
                <span class="ren_pr_jgsz">进入查看</span>
            </a>
        </div>
    </li>
[/loop]
</ul>
]]></item>
			<item id="ptemplate"><![CDATA[]]></item>
			<item id="btemplate"><![CDATA[]]></item>
			<item id="sortid"><![CDATA[71]]></item>
			<item id="available"><![CDATA[1]]></item>
			<item id="required"><![CDATA[1]]></item>
			<item id="unchangeable"><![CDATA[0]]></item>
			<item id="search"><![CDATA[0]]></item>
			<item id="subjectshow"><![CDATA[1]]></item>
			<item id="tpdescription"><![CDATA[]]></item>
			<item id="ttdescription"><![CDATA[带*为必填选项]]></item>
			<item id="tpexpiration"><![CDATA[0]]></item>
			<item id="ttexpiration"><![CDATA[0]]></item>
		</item>
		<item id="12">
			<item id="optionid"><![CDATA[1308]]></item>
			<item id="classid"><![CDATA[3]]></item>
			<item id="displayorder"><![CDATA[14]]></item>
			<item id="expiration"><![CDATA[0]]></item>
			<item id="protect"><![CDATA[]]></item>
			<item id="title"><![CDATA[联系人]]></item>
			<item id="description"><![CDATA[带*为必填选项]]></item>
			<item id="identifier"><![CDATA[ren_zby_xlr]]></item>
			<item id="type"><![CDATA[text]]></item>
			<item id="unit"><![CDATA[]]></item>
			<item id="rules"><![CDATA[]]></item>
			<item id="permprompt"><![CDATA[]]></item>
			<item id="typeid"><![CDATA[71]]></item>
			<item id="name"><![CDATA[周边游]]></item>
			<item id="icon"><![CDATA[]]></item>
			<item id="special"><![CDATA[1]]></item>
			<item id="modelid"><![CDATA[0]]></item>
			<item id="template"><![CDATA[<style type="text/css">
    .ren_view_share.ren_view_footer { display: none; }
    .ren_view_share.ren_view_foo { display: none; }
    .rtj1009_m_main .ren_view_xxtop { display: none; }
    .rtj1009_m_main .ren_view_ny .ren_lc_xx { display: none; }
    .rtj1009_m_main .ren_view_ny .pi { overflow: initial; }
    .rtj1009_m_main .message { overflow: initial; }
    .rtj1009_m_main .ren_view_xf .ren_v_xftpxx { margin: -10px -10px 0 -10px; }
</style>
<div class="ren_view_xf ren_view_esf ren_view_zby cl">
    <div id="tab4" class="tab ren_v_xftpxx cl">
        <div class="tab-con ren_v_xfpic cl">
            <ul class="j-tab-con">
                <li class="tab-con-item" style="display:block;"><a href="javascript:;"><img src="{ren_zby_img_value}"></a></li>
                <li class="tab-con-item"><a href="javascript:;"><img src="{ren_zby_imge_value}"></a></li>
                <li class="tab-con-item"><a href="javascript:;"><img src="{ren_zby_imgsan_value}"></a></li>
                <li class="tab-con-item"><a href="javascript:;"><img src="{ren_zby_imgsi_value}"></a></li>
            </ul>
        </div>
        <div class="ren_v_xfxpic cl">
            <ul class="tab-nav j-tab-nav">
                <li class="current"><a href="javascript:;"><img src="{ren_zby_img_value}"><i></i></a></li>
                <li><a href="javascript:;"><img src="{ren_zby_imge_value}"><i></i></a></li>
                <li><a href="javascript:;"><img src="{ren_zby_imgsan_value}"><i></i></a></li>
                <li><a href="javascript:;"><img src="{ren_zby_imgsi_value}"><i></i></a></li>
            </ul>
        </div>
    </div>

    <div class="ren_v_xfyiyxx">
        <div class="ren_v_xfbtxx cl">
            <h3><span class="ren_v_esfbtyi">{ren_zby_mc_value}</span></h3>

        </div>
        <ul class="ren_v_xfyinr cl">
            <li class="ren_v_yinrliu ren_v_esfnryi cl"><span>商家类型</span><p>{ren_zby_xm_value}</p></li>
            <li class="ren_v_yinre cl"><span>适合人群</span><p class="ren_xf_wz">{ren_zby_rq_value}</p></li>
            <li class="ren_v_yinrsan cl"><span>出游方式</span><p>{ren_zby_fs_value}</p></li>
            <li class="ren_v_yinrsan col cl">
                <div class="ren_v_ban"><span>门市价</span><p>{ren_zby_yj_value}<i class="ren_v_xfjgdw">{ren_zby_yj_unit}</i></p></div>
                <div class="ren_v_ban"><span>优惠价</span><p>{ren_zby_yhj_value}<i class="ren_v_xfjgdw">{ren_zby_yhj_unit}</i></p></div>
            </li>
            <li class="ren_v_yinrwu cl"><span>所在区域</span><p>{ren_zby_xc_value}</p></li>
            <li class="ren_v_yinrliu cl"><span>祥细地址</span><p>{ren_zby_dz_value}</p></li>
        </ul>
        <span class="ren_v_xfpr cl">
            <em class="ren_v_xfi"><i class="icon"></i></em>
            <em class="ren_v_xfnum">{ren_zby_dh_value}</em>
       </span>
    </div>
</div>
<div class="ren_view_xfe ren_view_sjzk ren_view_zbye cl">
    <ul class="ren_v_xfnrtap">
        <li>
            <a href="javascript:;" class="xxk">商家介绍</a>
        </li>
    </ul>

    <div class="ren_v_xfexx">
        <div class="ren_v_sjjj cl">
            <p class="cl">{ren_zby_js_value}</p>
        </div>

    </div>
</div>
<div class="ren_view_share ren_flxx_footer">
    <a href="tel:{ren_zby_dh_value}" class="yi"><span class="ren-flxx-dantel">{ren_zby_dh_value}</span></a>
    <a href="tel:{ren_zby_dh_value}" class="e"><i class="icon ren-font">&#xe6be;</i>电话</a>
    <a class="open-popup san" data-popup=".popup-view"><i class="icon ren-font">&#xe619;</i>评论</a>
    <a href="javascript:;" class="ren_share open-popup si" data-popup=".popup-share"><i class="icon ren-font">&#xe742;</i>分享</a>
</div>]]></item>
			<item id="stemplate"><![CDATA[<ul class="ren_flxx_ul">
[loop]
    <li class="ren_fl_xf ren_fl_zby cl">
        <div class="ren_xf_pic z">
            <a href="{subject_url}">
            	<img src="{ren_zby_img_value}">
            </a>
        </div>
        <div class="ren_xf_xx">
            <div class="ren_xf_btxx">
                <a href="{subject_url}" class="ren_xf_bt">{ren_zby_mc_value}</a>
            </div>
            
            <p class="ren_zby_wz">{ren_zby_js_value}</p>
            <p class="ren_zby_dz">
                <i class="i"></i><a href="{subject_url}">{ren_zby_dz_value}</a>
            </p>
            <p class="ren_zby_tx">
                <a href="{subject_url}" class="ren_xf_tag">{ren_zby_xm_value}</a>
            </p>
        </div>
        <div class="ren_zby_price">
            <a href="{subject_url}" class="ren_pr_jg">
                <span class="ren_pr_jgsz">进入查看</span>
            </a>
        </div>
    </li>
[/loop]
</ul>
]]></item>
			<item id="ptemplate"><![CDATA[]]></item>
			<item id="btemplate"><![CDATA[]]></item>
			<item id="sortid"><![CDATA[71]]></item>
			<item id="available"><![CDATA[1]]></item>
			<item id="required"><![CDATA[1]]></item>
			<item id="unchangeable"><![CDATA[0]]></item>
			<item id="search"><![CDATA[0]]></item>
			<item id="subjectshow"><![CDATA[1]]></item>
			<item id="tpdescription"><![CDATA[]]></item>
			<item id="ttdescription"><![CDATA[带*为必填选项]]></item>
			<item id="tpexpiration"><![CDATA[0]]></item>
			<item id="ttexpiration"><![CDATA[0]]></item>
		</item>
		<item id="13">
			<item id="optionid"><![CDATA[1309]]></item>
			<item id="classid"><![CDATA[3]]></item>
			<item id="displayorder"><![CDATA[15]]></item>
			<item id="expiration"><![CDATA[0]]></item>
			<item id="protect"><![CDATA[]]></item>
			<item id="title"><![CDATA[联系电话]]></item>
			<item id="description"><![CDATA[带*为必填选项]]></item>
			<item id="identifier"><![CDATA[ren_zby_dh]]></item>
			<item id="type"><![CDATA[text]]></item>
			<item id="unit"><![CDATA[]]></item>
			<item id="rules"><![CDATA[]]></item>
			<item id="permprompt"><![CDATA[]]></item>
			<item id="typeid"><![CDATA[71]]></item>
			<item id="name"><![CDATA[周边游]]></item>
			<item id="icon"><![CDATA[]]></item>
			<item id="special"><![CDATA[1]]></item>
			<item id="modelid"><![CDATA[0]]></item>
			<item id="template"><![CDATA[<style type="text/css">
    .ren_view_share.ren_view_footer { display: none; }
    .ren_view_share.ren_view_foo { display: none; }
    .rtj1009_m_main .ren_view_xxtop { display: none; }
    .rtj1009_m_main .ren_view_ny .ren_lc_xx { display: none; }
    .rtj1009_m_main .ren_view_ny .pi { overflow: initial; }
    .rtj1009_m_main .message { overflow: initial; }
    .rtj1009_m_main .ren_view_xf .ren_v_xftpxx { margin: -10px -10px 0 -10px; }
</style>
<div class="ren_view_xf ren_view_esf ren_view_zby cl">
    <div id="tab4" class="tab ren_v_xftpxx cl">
        <div class="tab-con ren_v_xfpic cl">
            <ul class="j-tab-con">
                <li class="tab-con-item" style="display:block;"><a href="javascript:;"><img src="{ren_zby_img_value}"></a></li>
                <li class="tab-con-item"><a href="javascript:;"><img src="{ren_zby_imge_value}"></a></li>
                <li class="tab-con-item"><a href="javascript:;"><img src="{ren_zby_imgsan_value}"></a></li>
                <li class="tab-con-item"><a href="javascript:;"><img src="{ren_zby_imgsi_value}"></a></li>
            </ul>
        </div>
        <div class="ren_v_xfxpic cl">
            <ul class="tab-nav j-tab-nav">
                <li class="current"><a href="javascript:;"><img src="{ren_zby_img_value}"><i></i></a></li>
                <li><a href="javascript:;"><img src="{ren_zby_imge_value}"><i></i></a></li>
                <li><a href="javascript:;"><img src="{ren_zby_imgsan_value}"><i></i></a></li>
                <li><a href="javascript:;"><img src="{ren_zby_imgsi_value}"><i></i></a></li>
            </ul>
        </div>
    </div>

    <div class="ren_v_xfyiyxx">
        <div class="ren_v_xfbtxx cl">
            <h3><span class="ren_v_esfbtyi">{ren_zby_mc_value}</span></h3>

        </div>
        <ul class="ren_v_xfyinr cl">
            <li class="ren_v_yinrliu ren_v_esfnryi cl"><span>商家类型</span><p>{ren_zby_xm_value}</p></li>
            <li class="ren_v_yinre cl"><span>适合人群</span><p class="ren_xf_wz">{ren_zby_rq_value}</p></li>
            <li class="ren_v_yinrsan cl"><span>出游方式</span><p>{ren_zby_fs_value}</p></li>
            <li class="ren_v_yinrsan col cl">
                <div class="ren_v_ban"><span>门市价</span><p>{ren_zby_yj_value}<i class="ren_v_xfjgdw">{ren_zby_yj_unit}</i></p></div>
                <div class="ren_v_ban"><span>优惠价</span><p>{ren_zby_yhj_value}<i class="ren_v_xfjgdw">{ren_zby_yhj_unit}</i></p></div>
            </li>
            <li class="ren_v_yinrwu cl"><span>所在区域</span><p>{ren_zby_xc_value}</p></li>
            <li class="ren_v_yinrliu cl"><span>祥细地址</span><p>{ren_zby_dz_value}</p></li>
        </ul>
        <span class="ren_v_xfpr cl">
            <em class="ren_v_xfi"><i class="icon"></i></em>
            <em class="ren_v_xfnum">{ren_zby_dh_value}</em>
       </span>
    </div>
</div>
<div class="ren_view_xfe ren_view_sjzk ren_view_zbye cl">
    <ul class="ren_v_xfnrtap">
        <li>
            <a href="javascript:;" class="xxk">商家介绍</a>
        </li>
    </ul>

    <div class="ren_v_xfexx">
        <div class="ren_v_sjjj cl">
            <p class="cl">{ren_zby_js_value}</p>
        </div>

    </div>
</div>
<div class="ren_view_share ren_flxx_footer">
    <a href="tel:{ren_zby_dh_value}" class="yi"><span class="ren-flxx-dantel">{ren_zby_dh_value}</span></a>
    <a href="tel:{ren_zby_dh_value}" class="e"><i class="icon ren-font">&#xe6be;</i>电话</a>
    <a class="open-popup san" data-popup=".popup-view"><i class="icon ren-font">&#xe619;</i>评论</a>
    <a href="javascript:;" class="ren_share open-popup si" data-popup=".popup-share"><i class="icon ren-font">&#xe742;</i>分享</a>
</div>]]></item>
			<item id="stemplate"><![CDATA[<ul class="ren_flxx_ul">
[loop]
    <li class="ren_fl_xf ren_fl_zby cl">
        <div class="ren_xf_pic z">
            <a href="{subject_url}">
            	<img src="{ren_zby_img_value}">
            </a>
        </div>
        <div class="ren_xf_xx">
            <div class="ren_xf_btxx">
                <a href="{subject_url}" class="ren_xf_bt">{ren_zby_mc_value}</a>
            </div>
            
            <p class="ren_zby_wz">{ren_zby_js_value}</p>
            <p class="ren_zby_dz">
                <i class="i"></i><a href="{subject_url}">{ren_zby_dz_value}</a>
            </p>
            <p class="ren_zby_tx">
                <a href="{subject_url}" class="ren_xf_tag">{ren_zby_xm_value}</a>
            </p>
        </div>
        <div class="ren_zby_price">
            <a href="{subject_url}" class="ren_pr_jg">
                <span class="ren_pr_jgsz">进入查看</span>
            </a>
        </div>
    </li>
[/loop]
</ul>
]]></item>
			<item id="ptemplate"><![CDATA[]]></item>
			<item id="btemplate"><![CDATA[]]></item>
			<item id="sortid"><![CDATA[71]]></item>
			<item id="available"><![CDATA[1]]></item>
			<item id="required"><![CDATA[1]]></item>
			<item id="unchangeable"><![CDATA[0]]></item>
			<item id="search"><![CDATA[0]]></item>
			<item id="subjectshow"><![CDATA[1]]></item>
			<item id="tpdescription"><![CDATA[]]></item>
			<item id="ttdescription"><![CDATA[带*为必填选项]]></item>
			<item id="tpexpiration"><![CDATA[0]]></item>
			<item id="ttexpiration"><![CDATA[0]]></item>
		</item>
		<item id="14">
			<item id="optionid"><![CDATA[1314]]></item>
			<item id="classid"><![CDATA[3]]></item>
			<item id="displayorder"><![CDATA[0]]></item>
			<item id="expiration"><![CDATA[0]]></item>
			<item id="title"><![CDATA[农庄名称]]></item>
			<item id="description"><![CDATA[带*为必填选项]]></item>
			<item id="identifier"><![CDATA[ren_zby_mc]]></item>
			<item id="type"><![CDATA[text]]></item>
			<item id="unit"><![CDATA[]]></item>
			<item id="permprompt"><![CDATA[]]></item>
			<item id="typeid"><![CDATA[71]]></item>
			<item id="name"><![CDATA[周边游]]></item>
			<item id="icon"><![CDATA[]]></item>
			<item id="special"><![CDATA[1]]></item>
			<item id="modelid"><![CDATA[0]]></item>
			<item id="template"><![CDATA[<style type="text/css">
    .ren_view_share.ren_view_footer { display: none; }
    .ren_view_share.ren_view_foo { display: none; }
    .rtj1009_m_main .ren_view_xxtop { display: none; }
    .rtj1009_m_main .ren_view_ny .ren_lc_xx { display: none; }
    .rtj1009_m_main .ren_view_ny .pi { overflow: initial; }
    .rtj1009_m_main .message { overflow: initial; }
    .rtj1009_m_main .ren_view_xf .ren_v_xftpxx { margin: -10px -10px 0 -10px; }
</style>
<div class="ren_view_xf ren_view_esf ren_view_zby cl">
    <div id="tab4" class="tab ren_v_xftpxx cl">
        <div class="tab-con ren_v_xfpic cl">
            <ul class="j-tab-con">
                <li class="tab-con-item" style="display:block;"><a href="javascript:;"><img src="{ren_zby_img_value}"></a></li>
                <li class="tab-con-item"><a href="javascript:;"><img src="{ren_zby_imge_value}"></a></li>
                <li class="tab-con-item"><a href="javascript:;"><img src="{ren_zby_imgsan_value}"></a></li>
                <li class="tab-con-item"><a href="javascript:;"><img src="{ren_zby_imgsi_value}"></a></li>
            </ul>
        </div>
        <div class="ren_v_xfxpic cl">
            <ul class="tab-nav j-tab-nav">
                <li class="current"><a href="javascript:;"><img src="{ren_zby_img_value}"><i></i></a></li>
                <li><a href="javascript:;"><img src="{ren_zby_imge_value}"><i></i></a></li>
                <li><a href="javascript:;"><img src="{ren_zby_imgsan_value}"><i></i></a></li>
                <li><a href="javascript:;"><img src="{ren_zby_imgsi_value}"><i></i></a></li>
            </ul>
        </div>
    </div>

    <div class="ren_v_xfyiyxx">
        <div class="ren_v_xfbtxx cl">
            <h3><span class="ren_v_esfbtyi">{ren_zby_mc_value}</span></h3>

        </div>
        <ul class="ren_v_xfyinr cl">
            <li class="ren_v_yinrliu ren_v_esfnryi cl"><span>商家类型</span><p>{ren_zby_xm_value}</p></li>
            <li class="ren_v_yinre cl"><span>适合人群</span><p class="ren_xf_wz">{ren_zby_rq_value}</p></li>
            <li class="ren_v_yinrsan cl"><span>出游方式</span><p>{ren_zby_fs_value}</p></li>
            <li class="ren_v_yinrsan col cl">
                <div class="ren_v_ban"><span>门市价</span><p>{ren_zby_yj_value}<i class="ren_v_xfjgdw">{ren_zby_yj_unit}</i></p></div>
                <div class="ren_v_ban"><span>优惠价</span><p>{ren_zby_yhj_value}<i class="ren_v_xfjgdw">{ren_zby_yhj_unit}</i></p></div>
            </li>
            <li class="ren_v_yinrwu cl"><span>所在区域</span><p>{ren_zby_xc_value}</p></li>
            <li class="ren_v_yinrliu cl"><span>祥细地址</span><p>{ren_zby_dz_value}</p></li>
        </ul>
        <span class="ren_v_xfpr cl">
            <em class="ren_v_xfi"><i class="icon"></i></em>
            <em class="ren_v_xfnum">{ren_zby_dh_value}</em>
       </span>
    </div>
</div>
<div class="ren_view_xfe ren_view_sjzk ren_view_zbye cl">
    <ul class="ren_v_xfnrtap">
        <li>
            <a href="javascript:;" class="xxk">商家介绍</a>
        </li>
    </ul>

    <div class="ren_v_xfexx">
        <div class="ren_v_sjjj cl">
            <p class="cl">{ren_zby_js_value}</p>
        </div>

    </div>
</div>
<div class="ren_view_share ren_flxx_footer">
    <a href="tel:{ren_zby_dh_value}" class="yi"><span class="ren-flxx-dantel">{ren_zby_dh_value}</span></a>
    <a href="tel:{ren_zby_dh_value}" class="e"><i class="icon ren-font">&#xe6be;</i>电话</a>
    <a class="open-popup san" data-popup=".popup-view"><i class="icon ren-font">&#xe619;</i>评论</a>
    <a href="javascript:;" class="ren_share open-popup si" data-popup=".popup-share"><i class="icon ren-font">&#xe742;</i>分享</a>
</div>]]></item>
			<item id="stemplate"><![CDATA[<ul class="ren_flxx_ul">
[loop]
    <li class="ren_fl_xf ren_fl_zby cl">
        <div class="ren_xf_pic z">
            <a href="{subject_url}">
            	<img src="{ren_zby_img_value}">
            </a>
        </div>
        <div class="ren_xf_xx">
            <div class="ren_xf_btxx">
                <a href="{subject_url}" class="ren_xf_bt">{ren_zby_mc_value}</a>
            </div>
            
            <p class="ren_zby_wz">{ren_zby_js_value}</p>
            <p class="ren_zby_dz">
                <i class="i"></i><a href="{subject_url}">{ren_zby_dz_value}</a>
            </p>
            <p class="ren_zby_tx">
                <a href="{subject_url}" class="ren_xf_tag">{ren_zby_xm_value}</a>
            </p>
        </div>
        <div class="ren_zby_price">
            <a href="{subject_url}" class="ren_pr_jg">
                <span class="ren_pr_jgsz">进入查看</span>
            </a>
        </div>
    </li>
[/loop]
</ul>
]]></item>
			<item id="ptemplate"><![CDATA[]]></item>
			<item id="btemplate"><![CDATA[]]></item>
			<item id="sortid"><![CDATA[71]]></item>
			<item id="available"><![CDATA[1]]></item>
			<item id="required"><![CDATA[1]]></item>
			<item id="unchangeable"><![CDATA[0]]></item>
			<item id="search"><![CDATA[0]]></item>
			<item id="subjectshow"><![CDATA[1]]></item>
			<item id="tpdescription"><![CDATA[如：柳州市清水源休闲农庄]]></item>
			<item id="ttdescription"><![CDATA[带*为必填选项]]></item>
			<item id="tpexpiration"><![CDATA[0]]></item>
			<item id="ttexpiration"><![CDATA[0]]></item>
			<item id="__protect">
				<item id="status"><![CDATA[0]]></item>
				<item id="usergroup"><![CDATA[]]></item>
				<item id="verify"><![CDATA[]]></item>
			</item>
			<item id="__rules">
				<item id="maxlength"><![CDATA[]]></item>
				<item id="inputsize"><![CDATA[]]></item>
				<item id="profile"><![CDATA[]]></item>
				<item id="defaultvalue"><![CDATA[]]></item>
			</item>
		</item>
	</item>
</root>