<?xml version="1.0" encoding="ISO-8859-1"?>
<root>
	<item id="Title"><![CDATA[Discuz! Threadtypes]]></item>
	<item id="Version"><![CDATA[X3.4]]></item>
	<item id="Time"><![CDATA[2020-07-13 15:08]]></item>
	<item id="From"><![CDATA[DisM!应用中心 (https://dism.taobao.com/)]]></item>
	<item id="Data">
		<item id="0">
			<item id="optionid"><![CDATA[1142]]></item>
			<item id="classid"><![CDATA[5]]></item>
			<item id="displayorder"><![CDATA[7]]></item>
			<item id="expiration"><![CDATA[0]]></item>
			<item id="title"><![CDATA[商家类别]]></item>
			<item id="description"><![CDATA[带*为必填选项]]></item>
			<item id="identifier"><![CDATA[sj_leibie]]></item>
			<item id="type"><![CDATA[select]]></item>
			<item id="unit"><![CDATA[]]></item>
			<item id="permprompt"><![CDATA[]]></item>
			<item id="typeid"><![CDATA[64]]></item>
			<item id="name"><![CDATA[商家折扣]]></item>
			<item id="icon"><![CDATA[]]></item>
			<item id="special"><![CDATA[1]]></item>
			<item id="modelid"><![CDATA[0]]></item>
			<item id="template"><![CDATA[<style type="text/css">
    .ren_view_share.ren_view_footer { display: none; }
    .ren_view_share.ren_view_foo { display: none; }
    .rtj1009_m_main .ren_view_xxtop { display: none; }
    .rtj1009_m_main .ren_view_ny .ren_lc_xx { display: none; }
    .rtj1009_m_main .ren_view_ny .pi { overflow: initial; }
    .rtj1009_m_main .message { overflow: initial; }
    .rtj1009_m_main .ren_view_xf .ren_v_xftpxx { margin: -10px -10px 0 -10px; }
</style>

<div class="ren_view_xf ren_view_sjzk cl">
    <div class="ren_v_xftpxx">
        <div class="ren_v_xfpic cl">
            <img src="{sj_logo_value}">
        </div>
    </div>
    <div class="ren_v_xfyiyxx">
        <div class="ren_v_xfbtxx cl">
            <h3><span class="ren_v_esfbtyi">{sj_mc_value}</span></h3>
            <p class="ren_v_xfjg">
                <span class="ren_v_xfjgsz">{sj_zc_value}</span><span class="ren_v_xfjgdw">折</span>
            </p>
        </div>
        <ul class="ren_v_xfyinr cl">
            <li class="ren_v_yinrliu"><span>商家地址</span><p>{sj_dizhi_value}</p></li>
            <li class="ren_v_yinrliu"><span>营业时间</span><p>{sj_yysj_value}</p></li>
            <li class="ren_v_yinrsan"><span>人均消费</span><p>￥{sj_rjxf_value}元</p></li>
            <li class="ren_v_yinrliu"><span>本店特色</span><p>{sj_tese_value}</p></li>
        </ul>
        <span class="ren_v_xfpr cl">
            <em class="ren_v_xfi"><i class="icon"></i></em>
            <em class="ren_v_xfnum"><i class="tel">{sj_sjdh_value}</i></em>
       </span>
    </div>
</div>
<div class="ren_view_xfe ren_view_sjzk cl">
    <ul class="ren_v_xfnrtap">
        <li>
            <a href="javascript:;" class="xxk">商家介绍</a>
        </li>
    </ul>

    <div class="ren_v_xfexx">
        <div class="ren_v_sjjj cl">
            <p class="cl">{sj_sjjs_value}</p>
        </div>

    </div>
</div>

<div class="ren_view_share ren_flxx_footer">
    <a href="tel:{sj_sjdh_value}" class="yi"><span class="ren-flxx-dantel">{sj_sjdh_value}</span></a>
    <a href="tel:{sj_sjdh_value}" class="e"><i class="icon ren-font">&#xe6be;</i>电话</a>
    <a class="open-popup san" data-popup=".popup-view"><i class="icon ren-font">&#xe619;</i>评论</a>
    <a href="javascript:;" class="ren_share open-popup si" data-popup=".popup-share"><i class="icon ren-font">&#xe742;</i>分享</a>
</div>]]></item>
			<item id="stemplate"><![CDATA[<ul>
[loop]
    <li class="ren_fl_xf ren_fl_sjzk cl">
        <div class="ren_xf_pic z">
            <a href="{subject_url}">
            	<img src="{sj_logo_value}">
            </a>
        </div>
        <div class="ren_xf_xx">
            <div class="ren_xf_btxx ren_zf_btxx">
                <a href="{subject_url}" class="ren_xf_bt">{sj_mc_value}</a>
            </div>
            
            <p class="ren_xf_wz">{sj_leibie_value}<span>|</span>{sj_yysj_value}<span>|</span>人均￥{sj_rjxf_value}</p>
            <p class="ren_xf_tx">
                <a href="{subject_url}" class="ren_xf_hx">{sj_quyu_value}<span>|</span>{sj_dizhi_value}</a>
            </p>
        </div>
        <div class="ren_price y">
            <p class="ren_pr_jg">
                <span class="ren_pr_jgsz">{sj_zc_value}</span><span class="ren_pr_jgdw">折</span>
            </p>
        </div>
    </li>
[/loop]
</ul>
]]></item>
			<item id="ptemplate"><![CDATA[]]></item>
			<item id="btemplate"><![CDATA[]]></item>
			<item id="sortid"><![CDATA[64]]></item>
			<item id="available"><![CDATA[1]]></item>
			<item id="required"><![CDATA[1]]></item>
			<item id="unchangeable"><![CDATA[0]]></item>
			<item id="search"><![CDATA[2]]></item>
			<item id="subjectshow"><![CDATA[1]]></item>
			<item id="tpdescription"><![CDATA[]]></item>
			<item id="ttdescription"><![CDATA[带*为必填选项]]></item>
			<item id="tpexpiration"><![CDATA[0]]></item>
			<item id="ttexpiration"><![CDATA[0]]></item>
			<item id="__protect">
				<item id="usergroup"><![CDATA[]]></item>
				<item id="verify"><![CDATA[]]></item>
			</item>
			<item id="__rules">
				<item id="choices"><![CDATA[1=餐饮美食
1.1=快餐
1.2=自助餐
1.3=火锅
1.4=川菜
1.5=京菜
1.6=粤菜
1.7=湘菜
1.8=家常
1.9=西餐
1.10=其它
2=休闲娱乐
2.1=酒吧
2.2=茶楼
2.3=咖啡厅
2.4=俱乐部
2.5=KTV
2.6=洗浴/足疗
2.7=美容
2.8=健身
2.9=运动
2.10=票务
3=生活服务
3.1=家政保洁
3.2=搬家
3.3=婚纱影楼
3.4=婚庆礼仪
3.5=婚介交友
3.6=房产中介
3.7=快递
3.8=电脑维修
4=旅游出行
4.1=采摘/农家乐
4.2=温泉
4.3=景点
4.4=水上娱乐
4.5=旅游其他
5=购物天地
5.1=商场超市
5.2=家电数码
5.3=服饰鞋包
5.4=运动户外
5.5=保健美容
5.6=珠宝饰品
5.7=眼镜钟表
5.8=家居建材
6=汽车世界
6.1=洗车
6.2=维修保养
6.3=汽车美容
6.4=汽车租赁
6.5=汽车保险
6.6=汽车销售
7=装修装饰
7.1=装修设计
7.2=家具家居
7.3=家用电器
7.4=厨房卫浴
7.5=建材
8=教育培训
8.1=外语培训
8.2=音乐培训
8.3=职业技术
8.4=升学辅导
8.5=美术培训
8.6=远程教育
8.7=教育院校
8.8=留学移民
9=其他行业]]></item>
				<item id="inputsize"><![CDATA[]]></item>
			</item>
		</item>
		<item id="1">
			<item id="optionid"><![CDATA[1144]]></item>
			<item id="classid"><![CDATA[5]]></item>
			<item id="displayorder"><![CDATA[15]]></item>
			<item id="expiration"><![CDATA[0]]></item>
			<item id="title"><![CDATA[商家介绍]]></item>
			<item id="description"><![CDATA[带*为必填选项]]></item>
			<item id="identifier"><![CDATA[sj_sjjs]]></item>
			<item id="type"><![CDATA[textarea]]></item>
			<item id="unit"><![CDATA[]]></item>
			<item id="permprompt"><![CDATA[]]></item>
			<item id="typeid"><![CDATA[64]]></item>
			<item id="name"><![CDATA[商家折扣]]></item>
			<item id="icon"><![CDATA[]]></item>
			<item id="special"><![CDATA[1]]></item>
			<item id="modelid"><![CDATA[0]]></item>
			<item id="template"><![CDATA[<style type="text/css">
    .ren_view_share.ren_view_footer { display: none; }
    .ren_view_share.ren_view_foo { display: none; }
    .rtj1009_m_main .ren_view_xxtop { display: none; }
    .rtj1009_m_main .ren_view_ny .ren_lc_xx { display: none; }
    .rtj1009_m_main .ren_view_ny .pi { overflow: initial; }
    .rtj1009_m_main .message { overflow: initial; }
    .rtj1009_m_main .ren_view_xf .ren_v_xftpxx { margin: -10px -10px 0 -10px; }
</style>

<div class="ren_view_xf ren_view_sjzk cl">
    <div class="ren_v_xftpxx">
        <div class="ren_v_xfpic cl">
            <img src="{sj_logo_value}">
        </div>
    </div>
    <div class="ren_v_xfyiyxx">
        <div class="ren_v_xfbtxx cl">
            <h3><span class="ren_v_esfbtyi">{sj_mc_value}</span></h3>
            <p class="ren_v_xfjg">
                <span class="ren_v_xfjgsz">{sj_zc_value}</span><span class="ren_v_xfjgdw">折</span>
            </p>
        </div>
        <ul class="ren_v_xfyinr cl">
            <li class="ren_v_yinrliu"><span>商家地址</span><p>{sj_dizhi_value}</p></li>
            <li class="ren_v_yinrliu"><span>营业时间</span><p>{sj_yysj_value}</p></li>
            <li class="ren_v_yinrsan"><span>人均消费</span><p>￥{sj_rjxf_value}元</p></li>
            <li class="ren_v_yinrliu"><span>本店特色</span><p>{sj_tese_value}</p></li>
        </ul>
        <span class="ren_v_xfpr cl">
            <em class="ren_v_xfi"><i class="icon"></i></em>
            <em class="ren_v_xfnum"><i class="tel">{sj_sjdh_value}</i></em>
       </span>
    </div>
</div>
<div class="ren_view_xfe ren_view_sjzk cl">
    <ul class="ren_v_xfnrtap">
        <li>
            <a href="javascript:;" class="xxk">商家介绍</a>
        </li>
    </ul>

    <div class="ren_v_xfexx">
        <div class="ren_v_sjjj cl">
            <p class="cl">{sj_sjjs_value}</p>
        </div>

    </div>
</div>

<div class="ren_view_share ren_flxx_footer">
    <a href="tel:{sj_sjdh_value}" class="yi"><span class="ren-flxx-dantel">{sj_sjdh_value}</span></a>
    <a href="tel:{sj_sjdh_value}" class="e"><i class="icon ren-font">&#xe6be;</i>电话</a>
    <a class="open-popup san" data-popup=".popup-view"><i class="icon ren-font">&#xe619;</i>评论</a>
    <a href="javascript:;" class="ren_share open-popup si" data-popup=".popup-share"><i class="icon ren-font">&#xe742;</i>分享</a>
</div>]]></item>
			<item id="stemplate"><![CDATA[<ul>
[loop]
    <li class="ren_fl_xf ren_fl_sjzk cl">
        <div class="ren_xf_pic z">
            <a href="{subject_url}">
            	<img src="{sj_logo_value}">
            </a>
        </div>
        <div class="ren_xf_xx">
            <div class="ren_xf_btxx ren_zf_btxx">
                <a href="{subject_url}" class="ren_xf_bt">{sj_mc_value}</a>
            </div>
            
            <p class="ren_xf_wz">{sj_leibie_value}<span>|</span>{sj_yysj_value}<span>|</span>人均￥{sj_rjxf_value}</p>
            <p class="ren_xf_tx">
                <a href="{subject_url}" class="ren_xf_hx">{sj_quyu_value}<span>|</span>{sj_dizhi_value}</a>
            </p>
        </div>
        <div class="ren_price y">
            <p class="ren_pr_jg">
                <span class="ren_pr_jgsz">{sj_zc_value}</span><span class="ren_pr_jgdw">折</span>
            </p>
        </div>
    </li>
[/loop]
</ul>
]]></item>
			<item id="ptemplate"><![CDATA[]]></item>
			<item id="btemplate"><![CDATA[]]></item>
			<item id="sortid"><![CDATA[64]]></item>
			<item id="available"><![CDATA[1]]></item>
			<item id="required"><![CDATA[1]]></item>
			<item id="unchangeable"><![CDATA[0]]></item>
			<item id="search"><![CDATA[0]]></item>
			<item id="subjectshow"><![CDATA[1]]></item>
			<item id="tpdescription"><![CDATA[]]></item>
			<item id="ttdescription"><![CDATA[带*为必填选项]]></item>
			<item id="tpexpiration"><![CDATA[0]]></item>
			<item id="ttexpiration"><![CDATA[0]]></item>
			<item id="__protect">
				<item id="status"><![CDATA[0]]></item>
				<item id="usergroup"><![CDATA[]]></item>
				<item id="verify"><![CDATA[]]></item>
			</item>
			<item id="__rules">
				<item id="maxlength"><![CDATA[]]></item>
				<item id="colsize"><![CDATA[]]></item>
				<item id="rowsize"><![CDATA[]]></item>
				<item id="defaultvalue"><![CDATA[]]></item>
			</item>
		</item>
		<item id="2">
			<item id="optionid"><![CDATA[1145]]></item>
			<item id="classid"><![CDATA[5]]></item>
			<item id="displayorder"><![CDATA[5]]></item>
			<item id="expiration"><![CDATA[0]]></item>
			<item id="title"><![CDATA[商家照片4]]></item>
			<item id="description"><![CDATA[带*为必填选项]]></item>
			<item id="identifier"><![CDATA[sj_zp4]]></item>
			<item id="type"><![CDATA[image]]></item>
			<item id="unit"><![CDATA[]]></item>
			<item id="permprompt"><![CDATA[]]></item>
			<item id="typeid"><![CDATA[64]]></item>
			<item id="name"><![CDATA[商家折扣]]></item>
			<item id="icon"><![CDATA[]]></item>
			<item id="special"><![CDATA[1]]></item>
			<item id="modelid"><![CDATA[0]]></item>
			<item id="template"><![CDATA[<style type="text/css">
    .ren_view_share.ren_view_footer { display: none; }
    .ren_view_share.ren_view_foo { display: none; }
    .rtj1009_m_main .ren_view_xxtop { display: none; }
    .rtj1009_m_main .ren_view_ny .ren_lc_xx { display: none; }
    .rtj1009_m_main .ren_view_ny .pi { overflow: initial; }
    .rtj1009_m_main .message { overflow: initial; }
    .rtj1009_m_main .ren_view_xf .ren_v_xftpxx { margin: -10px -10px 0 -10px; }
</style>

<div class="ren_view_xf ren_view_sjzk cl">
    <div class="ren_v_xftpxx">
        <div class="ren_v_xfpic cl">
            <img src="{sj_logo_value}">
        </div>
    </div>
    <div class="ren_v_xfyiyxx">
        <div class="ren_v_xfbtxx cl">
            <h3><span class="ren_v_esfbtyi">{sj_mc_value}</span></h3>
            <p class="ren_v_xfjg">
                <span class="ren_v_xfjgsz">{sj_zc_value}</span><span class="ren_v_xfjgdw">折</span>
            </p>
        </div>
        <ul class="ren_v_xfyinr cl">
            <li class="ren_v_yinrliu"><span>商家地址</span><p>{sj_dizhi_value}</p></li>
            <li class="ren_v_yinrliu"><span>营业时间</span><p>{sj_yysj_value}</p></li>
            <li class="ren_v_yinrsan"><span>人均消费</span><p>￥{sj_rjxf_value}元</p></li>
            <li class="ren_v_yinrliu"><span>本店特色</span><p>{sj_tese_value}</p></li>
        </ul>
        <span class="ren_v_xfpr cl">
            <em class="ren_v_xfi"><i class="icon"></i></em>
            <em class="ren_v_xfnum"><i class="tel">{sj_sjdh_value}</i></em>
       </span>
    </div>
</div>
<div class="ren_view_xfe ren_view_sjzk cl">
    <ul class="ren_v_xfnrtap">
        <li>
            <a href="javascript:;" class="xxk">商家介绍</a>
        </li>
    </ul>

    <div class="ren_v_xfexx">
        <div class="ren_v_sjjj cl">
            <p class="cl">{sj_sjjs_value}</p>
        </div>

    </div>
</div>

<div class="ren_view_share ren_flxx_footer">
    <a href="tel:{sj_sjdh_value}" class="yi"><span class="ren-flxx-dantel">{sj_sjdh_value}</span></a>
    <a href="tel:{sj_sjdh_value}" class="e"><i class="icon ren-font">&#xe6be;</i>电话</a>
    <a class="open-popup san" data-popup=".popup-view"><i class="icon ren-font">&#xe619;</i>评论</a>
    <a href="javascript:;" class="ren_share open-popup si" data-popup=".popup-share"><i class="icon ren-font">&#xe742;</i>分享</a>
</div>]]></item>
			<item id="stemplate"><![CDATA[<ul>
[loop]
    <li class="ren_fl_xf ren_fl_sjzk cl">
        <div class="ren_xf_pic z">
            <a href="{subject_url}">
            	<img src="{sj_logo_value}">
            </a>
        </div>
        <div class="ren_xf_xx">
            <div class="ren_xf_btxx ren_zf_btxx">
                <a href="{subject_url}" class="ren_xf_bt">{sj_mc_value}</a>
            </div>
            
            <p class="ren_xf_wz">{sj_leibie_value}<span>|</span>{sj_yysj_value}<span>|</span>人均￥{sj_rjxf_value}</p>
            <p class="ren_xf_tx">
                <a href="{subject_url}" class="ren_xf_hx">{sj_quyu_value}<span>|</span>{sj_dizhi_value}</a>
            </p>
        </div>
        <div class="ren_price y">
            <p class="ren_pr_jg">
                <span class="ren_pr_jgsz">{sj_zc_value}</span><span class="ren_pr_jgdw">折</span>
            </p>
        </div>
    </li>
[/loop]
</ul>
]]></item>
			<item id="ptemplate"><![CDATA[]]></item>
			<item id="btemplate"><![CDATA[]]></item>
			<item id="sortid"><![CDATA[64]]></item>
			<item id="available"><![CDATA[0]]></item>
			<item id="required"><![CDATA[0]]></item>
			<item id="unchangeable"><![CDATA[0]]></item>
			<item id="search"><![CDATA[0]]></item>
			<item id="subjectshow"><![CDATA[0]]></item>
			<item id="tpdescription"><![CDATA[可上传店铺LOGO或招牌照片、微信二维码、店铺或产品相关图片，宽高450*450像素以上]]></item>
			<item id="ttdescription"><![CDATA[带*为必填选项]]></item>
			<item id="tpexpiration"><![CDATA[0]]></item>
			<item id="ttexpiration"><![CDATA[0]]></item>
			<item id="__protect">
				<item id="usergroup"><![CDATA[]]></item>
				<item id="verify"><![CDATA[]]></item>
			</item>
			<item id="__rules">
				<item id="maxwidth"><![CDATA[]]></item>
				<item id="maxheight"><![CDATA[]]></item>
				<item id="inputsize"><![CDATA[]]></item>
			</item>
		</item>
		<item id="3">
			<item id="optionid"><![CDATA[1146]]></item>
			<item id="classid"><![CDATA[5]]></item>
			<item id="displayorder"><![CDATA[14]]></item>
			<item id="expiration"><![CDATA[0]]></item>
			<item id="title"><![CDATA[商家电话]]></item>
			<item id="description"><![CDATA[带*为必填选项]]></item>
			<item id="identifier"><![CDATA[sj_sjdh]]></item>
			<item id="type"><![CDATA[text]]></item>
			<item id="unit"><![CDATA[]]></item>
			<item id="permprompt"><![CDATA[]]></item>
			<item id="typeid"><![CDATA[64]]></item>
			<item id="name"><![CDATA[商家折扣]]></item>
			<item id="icon"><![CDATA[]]></item>
			<item id="special"><![CDATA[1]]></item>
			<item id="modelid"><![CDATA[0]]></item>
			<item id="template"><![CDATA[<style type="text/css">
    .ren_view_share.ren_view_footer { display: none; }
    .ren_view_share.ren_view_foo { display: none; }
    .rtj1009_m_main .ren_view_xxtop { display: none; }
    .rtj1009_m_main .ren_view_ny .ren_lc_xx { display: none; }
    .rtj1009_m_main .ren_view_ny .pi { overflow: initial; }
    .rtj1009_m_main .message { overflow: initial; }
    .rtj1009_m_main .ren_view_xf .ren_v_xftpxx { margin: -10px -10px 0 -10px; }
</style>

<div class="ren_view_xf ren_view_sjzk cl">
    <div class="ren_v_xftpxx">
        <div class="ren_v_xfpic cl">
            <img src="{sj_logo_value}">
        </div>
    </div>
    <div class="ren_v_xfyiyxx">
        <div class="ren_v_xfbtxx cl">
            <h3><span class="ren_v_esfbtyi">{sj_mc_value}</span></h3>
            <p class="ren_v_xfjg">
                <span class="ren_v_xfjgsz">{sj_zc_value}</span><span class="ren_v_xfjgdw">折</span>
            </p>
        </div>
        <ul class="ren_v_xfyinr cl">
            <li class="ren_v_yinrliu"><span>商家地址</span><p>{sj_dizhi_value}</p></li>
            <li class="ren_v_yinrliu"><span>营业时间</span><p>{sj_yysj_value}</p></li>
            <li class="ren_v_yinrsan"><span>人均消费</span><p>￥{sj_rjxf_value}元</p></li>
            <li class="ren_v_yinrliu"><span>本店特色</span><p>{sj_tese_value}</p></li>
        </ul>
        <span class="ren_v_xfpr cl">
            <em class="ren_v_xfi"><i class="icon"></i></em>
            <em class="ren_v_xfnum"><i class="tel">{sj_sjdh_value}</i></em>
       </span>
    </div>
</div>
<div class="ren_view_xfe ren_view_sjzk cl">
    <ul class="ren_v_xfnrtap">
        <li>
            <a href="javascript:;" class="xxk">商家介绍</a>
        </li>
    </ul>

    <div class="ren_v_xfexx">
        <div class="ren_v_sjjj cl">
            <p class="cl">{sj_sjjs_value}</p>
        </div>

    </div>
</div>

<div class="ren_view_share ren_flxx_footer">
    <a href="tel:{sj_sjdh_value}" class="yi"><span class="ren-flxx-dantel">{sj_sjdh_value}</span></a>
    <a href="tel:{sj_sjdh_value}" class="e"><i class="icon ren-font">&#xe6be;</i>电话</a>
    <a class="open-popup san" data-popup=".popup-view"><i class="icon ren-font">&#xe619;</i>评论</a>
    <a href="javascript:;" class="ren_share open-popup si" data-popup=".popup-share"><i class="icon ren-font">&#xe742;</i>分享</a>
</div>]]></item>
			<item id="stemplate"><![CDATA[<ul>
[loop]
    <li class="ren_fl_xf ren_fl_sjzk cl">
        <div class="ren_xf_pic z">
            <a href="{subject_url}">
            	<img src="{sj_logo_value}">
            </a>
        </div>
        <div class="ren_xf_xx">
            <div class="ren_xf_btxx ren_zf_btxx">
                <a href="{subject_url}" class="ren_xf_bt">{sj_mc_value}</a>
            </div>
            
            <p class="ren_xf_wz">{sj_leibie_value}<span>|</span>{sj_yysj_value}<span>|</span>人均￥{sj_rjxf_value}</p>
            <p class="ren_xf_tx">
                <a href="{subject_url}" class="ren_xf_hx">{sj_quyu_value}<span>|</span>{sj_dizhi_value}</a>
            </p>
        </div>
        <div class="ren_price y">
            <p class="ren_pr_jg">
                <span class="ren_pr_jgsz">{sj_zc_value}</span><span class="ren_pr_jgdw">折</span>
            </p>
        </div>
    </li>
[/loop]
</ul>
]]></item>
			<item id="ptemplate"><![CDATA[]]></item>
			<item id="btemplate"><![CDATA[]]></item>
			<item id="sortid"><![CDATA[64]]></item>
			<item id="available"><![CDATA[1]]></item>
			<item id="required"><![CDATA[1]]></item>
			<item id="unchangeable"><![CDATA[0]]></item>
			<item id="search"><![CDATA[1]]></item>
			<item id="subjectshow"><![CDATA[1]]></item>
			<item id="tpdescription"><![CDATA[]]></item>
			<item id="ttdescription"><![CDATA[带*为必填选项]]></item>
			<item id="tpexpiration"><![CDATA[0]]></item>
			<item id="ttexpiration"><![CDATA[0]]></item>
			<item id="__protect">
				<item id="status"><![CDATA[0]]></item>
				<item id="usergroup"><![CDATA[]]></item>
				<item id="verify"><![CDATA[]]></item>
			</item>
			<item id="__rules">
				<item id="maxlength"><![CDATA[]]></item>
				<item id="inputsize"><![CDATA[]]></item>
				<item id="profile"><![CDATA[]]></item>
				<item id="defaultvalue"><![CDATA[]]></item>
			</item>
		</item>
		<item id="4">
			<item id="optionid"><![CDATA[1147]]></item>
			<item id="classid"><![CDATA[5]]></item>
			<item id="displayorder"><![CDATA[13]]></item>
			<item id="expiration"><![CDATA[0]]></item>
			<item id="title"><![CDATA[本店特色]]></item>
			<item id="description"><![CDATA[带*为必填选项]]></item>
			<item id="identifier"><![CDATA[sj_tese]]></item>
			<item id="type"><![CDATA[text]]></item>
			<item id="unit"><![CDATA[]]></item>
			<item id="permprompt"><![CDATA[]]></item>
			<item id="typeid"><![CDATA[64]]></item>
			<item id="name"><![CDATA[商家折扣]]></item>
			<item id="icon"><![CDATA[]]></item>
			<item id="special"><![CDATA[1]]></item>
			<item id="modelid"><![CDATA[0]]></item>
			<item id="template"><![CDATA[<style type="text/css">
    .ren_view_share.ren_view_footer { display: none; }
    .ren_view_share.ren_view_foo { display: none; }
    .rtj1009_m_main .ren_view_xxtop { display: none; }
    .rtj1009_m_main .ren_view_ny .ren_lc_xx { display: none; }
    .rtj1009_m_main .ren_view_ny .pi { overflow: initial; }
    .rtj1009_m_main .message { overflow: initial; }
    .rtj1009_m_main .ren_view_xf .ren_v_xftpxx { margin: -10px -10px 0 -10px; }
</style>

<div class="ren_view_xf ren_view_sjzk cl">
    <div class="ren_v_xftpxx">
        <div class="ren_v_xfpic cl">
            <img src="{sj_logo_value}">
        </div>
    </div>
    <div class="ren_v_xfyiyxx">
        <div class="ren_v_xfbtxx cl">
            <h3><span class="ren_v_esfbtyi">{sj_mc_value}</span></h3>
            <p class="ren_v_xfjg">
                <span class="ren_v_xfjgsz">{sj_zc_value}</span><span class="ren_v_xfjgdw">折</span>
            </p>
        </div>
        <ul class="ren_v_xfyinr cl">
            <li class="ren_v_yinrliu"><span>商家地址</span><p>{sj_dizhi_value}</p></li>
            <li class="ren_v_yinrliu"><span>营业时间</span><p>{sj_yysj_value}</p></li>
            <li class="ren_v_yinrsan"><span>人均消费</span><p>￥{sj_rjxf_value}元</p></li>
            <li class="ren_v_yinrliu"><span>本店特色</span><p>{sj_tese_value}</p></li>
        </ul>
        <span class="ren_v_xfpr cl">
            <em class="ren_v_xfi"><i class="icon"></i></em>
            <em class="ren_v_xfnum"><i class="tel">{sj_sjdh_value}</i></em>
       </span>
    </div>
</div>
<div class="ren_view_xfe ren_view_sjzk cl">
    <ul class="ren_v_xfnrtap">
        <li>
            <a href="javascript:;" class="xxk">商家介绍</a>
        </li>
    </ul>

    <div class="ren_v_xfexx">
        <div class="ren_v_sjjj cl">
            <p class="cl">{sj_sjjs_value}</p>
        </div>

    </div>
</div>

<div class="ren_view_share ren_flxx_footer">
    <a href="tel:{sj_sjdh_value}" class="yi"><span class="ren-flxx-dantel">{sj_sjdh_value}</span></a>
    <a href="tel:{sj_sjdh_value}" class="e"><i class="icon ren-font">&#xe6be;</i>电话</a>
    <a class="open-popup san" data-popup=".popup-view"><i class="icon ren-font">&#xe619;</i>评论</a>
    <a href="javascript:;" class="ren_share open-popup si" data-popup=".popup-share"><i class="icon ren-font">&#xe742;</i>分享</a>
</div>]]></item>
			<item id="stemplate"><![CDATA[<ul>
[loop]
    <li class="ren_fl_xf ren_fl_sjzk cl">
        <div class="ren_xf_pic z">
            <a href="{subject_url}">
            	<img src="{sj_logo_value}">
            </a>
        </div>
        <div class="ren_xf_xx">
            <div class="ren_xf_btxx ren_zf_btxx">
                <a href="{subject_url}" class="ren_xf_bt">{sj_mc_value}</a>
            </div>
            
            <p class="ren_xf_wz">{sj_leibie_value}<span>|</span>{sj_yysj_value}<span>|</span>人均￥{sj_rjxf_value}</p>
            <p class="ren_xf_tx">
                <a href="{subject_url}" class="ren_xf_hx">{sj_quyu_value}<span>|</span>{sj_dizhi_value}</a>
            </p>
        </div>
        <div class="ren_price y">
            <p class="ren_pr_jg">
                <span class="ren_pr_jgsz">{sj_zc_value}</span><span class="ren_pr_jgdw">折</span>
            </p>
        </div>
    </li>
[/loop]
</ul>
]]></item>
			<item id="ptemplate"><![CDATA[]]></item>
			<item id="btemplate"><![CDATA[]]></item>
			<item id="sortid"><![CDATA[64]]></item>
			<item id="available"><![CDATA[1]]></item>
			<item id="required"><![CDATA[1]]></item>
			<item id="unchangeable"><![CDATA[0]]></item>
			<item id="search"><![CDATA[0]]></item>
			<item id="subjectshow"><![CDATA[1]]></item>
			<item id="tpdescription"><![CDATA[请简短说明本店特色，不可超过50个字。]]></item>
			<item id="ttdescription"><![CDATA[带*为必填选项]]></item>
			<item id="tpexpiration"><![CDATA[0]]></item>
			<item id="ttexpiration"><![CDATA[0]]></item>
			<item id="__protect">
				<item id="status"><![CDATA[0]]></item>
				<item id="usergroup"><![CDATA[]]></item>
				<item id="verify"><![CDATA[]]></item>
			</item>
			<item id="__rules">
				<item id="maxlength"><![CDATA[100]]></item>
				<item id="inputsize"><![CDATA[]]></item>
				<item id="profile"><![CDATA[]]></item>
				<item id="defaultvalue"><![CDATA[]]></item>
			</item>
		</item>
		<item id="5">
			<item id="optionid"><![CDATA[1148]]></item>
			<item id="classid"><![CDATA[5]]></item>
			<item id="displayorder"><![CDATA[12]]></item>
			<item id="expiration"><![CDATA[0]]></item>
			<item id="title"><![CDATA[人均消费]]></item>
			<item id="description"><![CDATA[带*为必填选项]]></item>
			<item id="identifier"><![CDATA[sj_rjxf]]></item>
			<item id="type"><![CDATA[number]]></item>
			<item id="unit"><![CDATA[元]]></item>
			<item id="permprompt"><![CDATA[]]></item>
			<item id="typeid"><![CDATA[64]]></item>
			<item id="name"><![CDATA[商家折扣]]></item>
			<item id="icon"><![CDATA[]]></item>
			<item id="special"><![CDATA[1]]></item>
			<item id="modelid"><![CDATA[0]]></item>
			<item id="template"><![CDATA[<style type="text/css">
    .ren_view_share.ren_view_footer { display: none; }
    .ren_view_share.ren_view_foo { display: none; }
    .rtj1009_m_main .ren_view_xxtop { display: none; }
    .rtj1009_m_main .ren_view_ny .ren_lc_xx { display: none; }
    .rtj1009_m_main .ren_view_ny .pi { overflow: initial; }
    .rtj1009_m_main .message { overflow: initial; }
    .rtj1009_m_main .ren_view_xf .ren_v_xftpxx { margin: -10px -10px 0 -10px; }
</style>

<div class="ren_view_xf ren_view_sjzk cl">
    <div class="ren_v_xftpxx">
        <div class="ren_v_xfpic cl">
            <img src="{sj_logo_value}">
        </div>
    </div>
    <div class="ren_v_xfyiyxx">
        <div class="ren_v_xfbtxx cl">
            <h3><span class="ren_v_esfbtyi">{sj_mc_value}</span></h3>
            <p class="ren_v_xfjg">
                <span class="ren_v_xfjgsz">{sj_zc_value}</span><span class="ren_v_xfjgdw">折</span>
            </p>
        </div>
        <ul class="ren_v_xfyinr cl">
            <li class="ren_v_yinrliu"><span>商家地址</span><p>{sj_dizhi_value}</p></li>
            <li class="ren_v_yinrliu"><span>营业时间</span><p>{sj_yysj_value}</p></li>
            <li class="ren_v_yinrsan"><span>人均消费</span><p>￥{sj_rjxf_value}元</p></li>
            <li class="ren_v_yinrliu"><span>本店特色</span><p>{sj_tese_value}</p></li>
        </ul>
        <span class="ren_v_xfpr cl">
            <em class="ren_v_xfi"><i class="icon"></i></em>
            <em class="ren_v_xfnum"><i class="tel">{sj_sjdh_value}</i></em>
       </span>
    </div>
</div>
<div class="ren_view_xfe ren_view_sjzk cl">
    <ul class="ren_v_xfnrtap">
        <li>
            <a href="javascript:;" class="xxk">商家介绍</a>
        </li>
    </ul>

    <div class="ren_v_xfexx">
        <div class="ren_v_sjjj cl">
            <p class="cl">{sj_sjjs_value}</p>
        </div>

    </div>
</div>

<div class="ren_view_share ren_flxx_footer">
    <a href="tel:{sj_sjdh_value}" class="yi"><span class="ren-flxx-dantel">{sj_sjdh_value}</span></a>
    <a href="tel:{sj_sjdh_value}" class="e"><i class="icon ren-font">&#xe6be;</i>电话</a>
    <a class="open-popup san" data-popup=".popup-view"><i class="icon ren-font">&#xe619;</i>评论</a>
    <a href="javascript:;" class="ren_share open-popup si" data-popup=".popup-share"><i class="icon ren-font">&#xe742;</i>分享</a>
</div>]]></item>
			<item id="stemplate"><![CDATA[<ul>
[loop]
    <li class="ren_fl_xf ren_fl_sjzk cl">
        <div class="ren_xf_pic z">
            <a href="{subject_url}">
            	<img src="{sj_logo_value}">
            </a>
        </div>
        <div class="ren_xf_xx">
            <div class="ren_xf_btxx ren_zf_btxx">
                <a href="{subject_url}" class="ren_xf_bt">{sj_mc_value}</a>
            </div>
            
            <p class="ren_xf_wz">{sj_leibie_value}<span>|</span>{sj_yysj_value}<span>|</span>人均￥{sj_rjxf_value}</p>
            <p class="ren_xf_tx">
                <a href="{subject_url}" class="ren_xf_hx">{sj_quyu_value}<span>|</span>{sj_dizhi_value}</a>
            </p>
        </div>
        <div class="ren_price y">
            <p class="ren_pr_jg">
                <span class="ren_pr_jgsz">{sj_zc_value}</span><span class="ren_pr_jgdw">折</span>
            </p>
        </div>
    </li>
[/loop]
</ul>
]]></item>
			<item id="ptemplate"><![CDATA[]]></item>
			<item id="btemplate"><![CDATA[]]></item>
			<item id="sortid"><![CDATA[64]]></item>
			<item id="available"><![CDATA[1]]></item>
			<item id="required"><![CDATA[1]]></item>
			<item id="unchangeable"><![CDATA[0]]></item>
			<item id="search"><![CDATA[0]]></item>
			<item id="subjectshow"><![CDATA[1]]></item>
			<item id="tpdescription"><![CDATA[]]></item>
			<item id="ttdescription"><![CDATA[带*为必填选项]]></item>
			<item id="tpexpiration"><![CDATA[0]]></item>
			<item id="ttexpiration"><![CDATA[0]]></item>
			<item id="__protect">
				<item id="status"><![CDATA[0]]></item>
				<item id="usergroup"><![CDATA[]]></item>
				<item id="verify"><![CDATA[]]></item>
			</item>
			<item id="__rules">
				<item id="maxnum"><![CDATA[]]></item>
				<item id="minnum"><![CDATA[]]></item>
				<item id="inputsize"><![CDATA[]]></item>
				<item id="defaultvalue"><![CDATA[]]></item>
			</item>
		</item>
		<item id="6">
			<item id="optionid"><![CDATA[1149]]></item>
			<item id="classid"><![CDATA[5]]></item>
			<item id="displayorder"><![CDATA[11]]></item>
			<item id="expiration"><![CDATA[0]]></item>
			<item id="title"><![CDATA[营业时间]]></item>
			<item id="description"><![CDATA[带*为必填选项]]></item>
			<item id="identifier"><![CDATA[sj_yysj]]></item>
			<item id="type"><![CDATA[text]]></item>
			<item id="unit"><![CDATA[]]></item>
			<item id="permprompt"><![CDATA[]]></item>
			<item id="typeid"><![CDATA[64]]></item>
			<item id="name"><![CDATA[商家折扣]]></item>
			<item id="icon"><![CDATA[]]></item>
			<item id="special"><![CDATA[1]]></item>
			<item id="modelid"><![CDATA[0]]></item>
			<item id="template"><![CDATA[<style type="text/css">
    .ren_view_share.ren_view_footer { display: none; }
    .ren_view_share.ren_view_foo { display: none; }
    .rtj1009_m_main .ren_view_xxtop { display: none; }
    .rtj1009_m_main .ren_view_ny .ren_lc_xx { display: none; }
    .rtj1009_m_main .ren_view_ny .pi { overflow: initial; }
    .rtj1009_m_main .message { overflow: initial; }
    .rtj1009_m_main .ren_view_xf .ren_v_xftpxx { margin: -10px -10px 0 -10px; }
</style>

<div class="ren_view_xf ren_view_sjzk cl">
    <div class="ren_v_xftpxx">
        <div class="ren_v_xfpic cl">
            <img src="{sj_logo_value}">
        </div>
    </div>
    <div class="ren_v_xfyiyxx">
        <div class="ren_v_xfbtxx cl">
            <h3><span class="ren_v_esfbtyi">{sj_mc_value}</span></h3>
            <p class="ren_v_xfjg">
                <span class="ren_v_xfjgsz">{sj_zc_value}</span><span class="ren_v_xfjgdw">折</span>
            </p>
        </div>
        <ul class="ren_v_xfyinr cl">
            <li class="ren_v_yinrliu"><span>商家地址</span><p>{sj_dizhi_value}</p></li>
            <li class="ren_v_yinrliu"><span>营业时间</span><p>{sj_yysj_value}</p></li>
            <li class="ren_v_yinrsan"><span>人均消费</span><p>￥{sj_rjxf_value}元</p></li>
            <li class="ren_v_yinrliu"><span>本店特色</span><p>{sj_tese_value}</p></li>
        </ul>
        <span class="ren_v_xfpr cl">
            <em class="ren_v_xfi"><i class="icon"></i></em>
            <em class="ren_v_xfnum"><i class="tel">{sj_sjdh_value}</i></em>
       </span>
    </div>
</div>
<div class="ren_view_xfe ren_view_sjzk cl">
    <ul class="ren_v_xfnrtap">
        <li>
            <a href="javascript:;" class="xxk">商家介绍</a>
        </li>
    </ul>

    <div class="ren_v_xfexx">
        <div class="ren_v_sjjj cl">
            <p class="cl">{sj_sjjs_value}</p>
        </div>

    </div>
</div>

<div class="ren_view_share ren_flxx_footer">
    <a href="tel:{sj_sjdh_value}" class="yi"><span class="ren-flxx-dantel">{sj_sjdh_value}</span></a>
    <a href="tel:{sj_sjdh_value}" class="e"><i class="icon ren-font">&#xe6be;</i>电话</a>
    <a class="open-popup san" data-popup=".popup-view"><i class="icon ren-font">&#xe619;</i>评论</a>
    <a href="javascript:;" class="ren_share open-popup si" data-popup=".popup-share"><i class="icon ren-font">&#xe742;</i>分享</a>
</div>]]></item>
			<item id="stemplate"><![CDATA[<ul>
[loop]
    <li class="ren_fl_xf ren_fl_sjzk cl">
        <div class="ren_xf_pic z">
            <a href="{subject_url}">
            	<img src="{sj_logo_value}">
            </a>
        </div>
        <div class="ren_xf_xx">
            <div class="ren_xf_btxx ren_zf_btxx">
                <a href="{subject_url}" class="ren_xf_bt">{sj_mc_value}</a>
            </div>
            
            <p class="ren_xf_wz">{sj_leibie_value}<span>|</span>{sj_yysj_value}<span>|</span>人均￥{sj_rjxf_value}</p>
            <p class="ren_xf_tx">
                <a href="{subject_url}" class="ren_xf_hx">{sj_quyu_value}<span>|</span>{sj_dizhi_value}</a>
            </p>
        </div>
        <div class="ren_price y">
            <p class="ren_pr_jg">
                <span class="ren_pr_jgsz">{sj_zc_value}</span><span class="ren_pr_jgdw">折</span>
            </p>
        </div>
    </li>
[/loop]
</ul>
]]></item>
			<item id="ptemplate"><![CDATA[]]></item>
			<item id="btemplate"><![CDATA[]]></item>
			<item id="sortid"><![CDATA[64]]></item>
			<item id="available"><![CDATA[1]]></item>
			<item id="required"><![CDATA[1]]></item>
			<item id="unchangeable"><![CDATA[0]]></item>
			<item id="search"><![CDATA[0]]></item>
			<item id="subjectshow"><![CDATA[1]]></item>
			<item id="tpdescription"><![CDATA[格式为：10:00-22:00]]></item>
			<item id="ttdescription"><![CDATA[带*为必填选项]]></item>
			<item id="tpexpiration"><![CDATA[0]]></item>
			<item id="ttexpiration"><![CDATA[0]]></item>
			<item id="__protect">
				<item id="status"><![CDATA[0]]></item>
				<item id="usergroup"><![CDATA[]]></item>
				<item id="verify"><![CDATA[]]></item>
			</item>
			<item id="__rules">
				<item id="maxlength"><![CDATA[]]></item>
				<item id="inputsize"><![CDATA[]]></item>
				<item id="profile"><![CDATA[]]></item>
				<item id="defaultvalue"><![CDATA[]]></item>
			</item>
		</item>
		<item id="7">
			<item id="optionid"><![CDATA[1150]]></item>
			<item id="classid"><![CDATA[5]]></item>
			<item id="displayorder"><![CDATA[10]]></item>
			<item id="expiration"><![CDATA[0]]></item>
			<item id="title"><![CDATA[商家地址]]></item>
			<item id="description"><![CDATA[带*为必填选项]]></item>
			<item id="identifier"><![CDATA[sj_dizhi]]></item>
			<item id="type"><![CDATA[text]]></item>
			<item id="unit"><![CDATA[]]></item>
			<item id="permprompt"><![CDATA[]]></item>
			<item id="typeid"><![CDATA[64]]></item>
			<item id="name"><![CDATA[商家折扣]]></item>
			<item id="icon"><![CDATA[]]></item>
			<item id="special"><![CDATA[1]]></item>
			<item id="modelid"><![CDATA[0]]></item>
			<item id="template"><![CDATA[<style type="text/css">
    .ren_view_share.ren_view_footer { display: none; }
    .ren_view_share.ren_view_foo { display: none; }
    .rtj1009_m_main .ren_view_xxtop { display: none; }
    .rtj1009_m_main .ren_view_ny .ren_lc_xx { display: none; }
    .rtj1009_m_main .ren_view_ny .pi { overflow: initial; }
    .rtj1009_m_main .message { overflow: initial; }
    .rtj1009_m_main .ren_view_xf .ren_v_xftpxx { margin: -10px -10px 0 -10px; }
</style>

<div class="ren_view_xf ren_view_sjzk cl">
    <div class="ren_v_xftpxx">
        <div class="ren_v_xfpic cl">
            <img src="{sj_logo_value}">
        </div>
    </div>
    <div class="ren_v_xfyiyxx">
        <div class="ren_v_xfbtxx cl">
            <h3><span class="ren_v_esfbtyi">{sj_mc_value}</span></h3>
            <p class="ren_v_xfjg">
                <span class="ren_v_xfjgsz">{sj_zc_value}</span><span class="ren_v_xfjgdw">折</span>
            </p>
        </div>
        <ul class="ren_v_xfyinr cl">
            <li class="ren_v_yinrliu"><span>商家地址</span><p>{sj_dizhi_value}</p></li>
            <li class="ren_v_yinrliu"><span>营业时间</span><p>{sj_yysj_value}</p></li>
            <li class="ren_v_yinrsan"><span>人均消费</span><p>￥{sj_rjxf_value}元</p></li>
            <li class="ren_v_yinrliu"><span>本店特色</span><p>{sj_tese_value}</p></li>
        </ul>
        <span class="ren_v_xfpr cl">
            <em class="ren_v_xfi"><i class="icon"></i></em>
            <em class="ren_v_xfnum"><i class="tel">{sj_sjdh_value}</i></em>
       </span>
    </div>
</div>
<div class="ren_view_xfe ren_view_sjzk cl">
    <ul class="ren_v_xfnrtap">
        <li>
            <a href="javascript:;" class="xxk">商家介绍</a>
        </li>
    </ul>

    <div class="ren_v_xfexx">
        <div class="ren_v_sjjj cl">
            <p class="cl">{sj_sjjs_value}</p>
        </div>

    </div>
</div>

<div class="ren_view_share ren_flxx_footer">
    <a href="tel:{sj_sjdh_value}" class="yi"><span class="ren-flxx-dantel">{sj_sjdh_value}</span></a>
    <a href="tel:{sj_sjdh_value}" class="e"><i class="icon ren-font">&#xe6be;</i>电话</a>
    <a class="open-popup san" data-popup=".popup-view"><i class="icon ren-font">&#xe619;</i>评论</a>
    <a href="javascript:;" class="ren_share open-popup si" data-popup=".popup-share"><i class="icon ren-font">&#xe742;</i>分享</a>
</div>]]></item>
			<item id="stemplate"><![CDATA[<ul>
[loop]
    <li class="ren_fl_xf ren_fl_sjzk cl">
        <div class="ren_xf_pic z">
            <a href="{subject_url}">
            	<img src="{sj_logo_value}">
            </a>
        </div>
        <div class="ren_xf_xx">
            <div class="ren_xf_btxx ren_zf_btxx">
                <a href="{subject_url}" class="ren_xf_bt">{sj_mc_value}</a>
            </div>
            
            <p class="ren_xf_wz">{sj_leibie_value}<span>|</span>{sj_yysj_value}<span>|</span>人均￥{sj_rjxf_value}</p>
            <p class="ren_xf_tx">
                <a href="{subject_url}" class="ren_xf_hx">{sj_quyu_value}<span>|</span>{sj_dizhi_value}</a>
            </p>
        </div>
        <div class="ren_price y">
            <p class="ren_pr_jg">
                <span class="ren_pr_jgsz">{sj_zc_value}</span><span class="ren_pr_jgdw">折</span>
            </p>
        </div>
    </li>
[/loop]
</ul>
]]></item>
			<item id="ptemplate"><![CDATA[]]></item>
			<item id="btemplate"><![CDATA[]]></item>
			<item id="sortid"><![CDATA[64]]></item>
			<item id="available"><![CDATA[1]]></item>
			<item id="required"><![CDATA[1]]></item>
			<item id="unchangeable"><![CDATA[0]]></item>
			<item id="search"><![CDATA[0]]></item>
			<item id="subjectshow"><![CDATA[1]]></item>
			<item id="tpdescription"><![CDATA[]]></item>
			<item id="ttdescription"><![CDATA[带*为必填选项]]></item>
			<item id="tpexpiration"><![CDATA[0]]></item>
			<item id="ttexpiration"><![CDATA[0]]></item>
			<item id="__protect">
				<item id="status"><![CDATA[0]]></item>
				<item id="usergroup"><![CDATA[]]></item>
				<item id="verify"><![CDATA[]]></item>
			</item>
			<item id="__rules">
				<item id="maxlength"><![CDATA[]]></item>
				<item id="inputsize"><![CDATA[]]></item>
				<item id="profile"><![CDATA[]]></item>
				<item id="defaultvalue"><![CDATA[]]></item>
			</item>
		</item>
		<item id="8">
			<item id="optionid"><![CDATA[1151]]></item>
			<item id="classid"><![CDATA[5]]></item>
			<item id="displayorder"><![CDATA[9]]></item>
			<item id="expiration"><![CDATA[0]]></item>
			<item id="title"><![CDATA[所在区域]]></item>
			<item id="description"><![CDATA[带*为必填选项]]></item>
			<item id="identifier"><![CDATA[sj_quyu]]></item>
			<item id="type"><![CDATA[select]]></item>
			<item id="unit"><![CDATA[]]></item>
			<item id="permprompt"><![CDATA[]]></item>
			<item id="typeid"><![CDATA[64]]></item>
			<item id="name"><![CDATA[商家折扣]]></item>
			<item id="icon"><![CDATA[]]></item>
			<item id="special"><![CDATA[1]]></item>
			<item id="modelid"><![CDATA[0]]></item>
			<item id="template"><![CDATA[<style type="text/css">
    .ren_view_share.ren_view_footer { display: none; }
    .ren_view_share.ren_view_foo { display: none; }
    .rtj1009_m_main .ren_view_xxtop { display: none; }
    .rtj1009_m_main .ren_view_ny .ren_lc_xx { display: none; }
    .rtj1009_m_main .ren_view_ny .pi { overflow: initial; }
    .rtj1009_m_main .message { overflow: initial; }
    .rtj1009_m_main .ren_view_xf .ren_v_xftpxx { margin: -10px -10px 0 -10px; }
</style>

<div class="ren_view_xf ren_view_sjzk cl">
    <div class="ren_v_xftpxx">
        <div class="ren_v_xfpic cl">
            <img src="{sj_logo_value}">
        </div>
    </div>
    <div class="ren_v_xfyiyxx">
        <div class="ren_v_xfbtxx cl">
            <h3><span class="ren_v_esfbtyi">{sj_mc_value}</span></h3>
            <p class="ren_v_xfjg">
                <span class="ren_v_xfjgsz">{sj_zc_value}</span><span class="ren_v_xfjgdw">折</span>
            </p>
        </div>
        <ul class="ren_v_xfyinr cl">
            <li class="ren_v_yinrliu"><span>商家地址</span><p>{sj_dizhi_value}</p></li>
            <li class="ren_v_yinrliu"><span>营业时间</span><p>{sj_yysj_value}</p></li>
            <li class="ren_v_yinrsan"><span>人均消费</span><p>￥{sj_rjxf_value}元</p></li>
            <li class="ren_v_yinrliu"><span>本店特色</span><p>{sj_tese_value}</p></li>
        </ul>
        <span class="ren_v_xfpr cl">
            <em class="ren_v_xfi"><i class="icon"></i></em>
            <em class="ren_v_xfnum"><i class="tel">{sj_sjdh_value}</i></em>
       </span>
    </div>
</div>
<div class="ren_view_xfe ren_view_sjzk cl">
    <ul class="ren_v_xfnrtap">
        <li>
            <a href="javascript:;" class="xxk">商家介绍</a>
        </li>
    </ul>

    <div class="ren_v_xfexx">
        <div class="ren_v_sjjj cl">
            <p class="cl">{sj_sjjs_value}</p>
        </div>

    </div>
</div>

<div class="ren_view_share ren_flxx_footer">
    <a href="tel:{sj_sjdh_value}" class="yi"><span class="ren-flxx-dantel">{sj_sjdh_value}</span></a>
    <a href="tel:{sj_sjdh_value}" class="e"><i class="icon ren-font">&#xe6be;</i>电话</a>
    <a class="open-popup san" data-popup=".popup-view"><i class="icon ren-font">&#xe619;</i>评论</a>
    <a href="javascript:;" class="ren_share open-popup si" data-popup=".popup-share"><i class="icon ren-font">&#xe742;</i>分享</a>
</div>]]></item>
			<item id="stemplate"><![CDATA[<ul>
[loop]
    <li class="ren_fl_xf ren_fl_sjzk cl">
        <div class="ren_xf_pic z">
            <a href="{subject_url}">
            	<img src="{sj_logo_value}">
            </a>
        </div>
        <div class="ren_xf_xx">
            <div class="ren_xf_btxx ren_zf_btxx">
                <a href="{subject_url}" class="ren_xf_bt">{sj_mc_value}</a>
            </div>
            
            <p class="ren_xf_wz">{sj_leibie_value}<span>|</span>{sj_yysj_value}<span>|</span>人均￥{sj_rjxf_value}</p>
            <p class="ren_xf_tx">
                <a href="{subject_url}" class="ren_xf_hx">{sj_quyu_value}<span>|</span>{sj_dizhi_value}</a>
            </p>
        </div>
        <div class="ren_price y">
            <p class="ren_pr_jg">
                <span class="ren_pr_jgsz">{sj_zc_value}</span><span class="ren_pr_jgdw">折</span>
            </p>
        </div>
    </li>
[/loop]
</ul>
]]></item>
			<item id="ptemplate"><![CDATA[]]></item>
			<item id="btemplate"><![CDATA[]]></item>
			<item id="sortid"><![CDATA[64]]></item>
			<item id="available"><![CDATA[1]]></item>
			<item id="required"><![CDATA[1]]></item>
			<item id="unchangeable"><![CDATA[0]]></item>
			<item id="search"><![CDATA[2]]></item>
			<item id="subjectshow"><![CDATA[1]]></item>
			<item id="tpdescription"><![CDATA[]]></item>
			<item id="ttdescription"><![CDATA[带*为必填选项]]></item>
			<item id="tpexpiration"><![CDATA[0]]></item>
			<item id="ttexpiration"><![CDATA[0]]></item>
			<item id="__protect">
				<item id="usergroup"><![CDATA[]]></item>
				<item id="verify"><![CDATA[]]></item>
			</item>
			<item id="__rules">
				<item id="choices"><![CDATA[1=鱼峰区
2=城中区
3=柳南区
4=柳北区
5=柳东新区
6=柳江县
7=鹿寨县
8=柳城县
9=其它]]></item>
				<item id="inputsize"><![CDATA[]]></item>
			</item>
		</item>
		<item id="9">
			<item id="optionid"><![CDATA[1152]]></item>
			<item id="classid"><![CDATA[5]]></item>
			<item id="displayorder"><![CDATA[8]]></item>
			<item id="expiration"><![CDATA[0]]></item>
			<item id="title"><![CDATA[提供折扣]]></item>
			<item id="description"><![CDATA[带*为必填选项]]></item>
			<item id="identifier"><![CDATA[sj_zc]]></item>
			<item id="type"><![CDATA[number]]></item>
			<item id="unit"><![CDATA[折]]></item>
			<item id="permprompt"><![CDATA[]]></item>
			<item id="typeid"><![CDATA[64]]></item>
			<item id="name"><![CDATA[商家折扣]]></item>
			<item id="icon"><![CDATA[]]></item>
			<item id="special"><![CDATA[1]]></item>
			<item id="modelid"><![CDATA[0]]></item>
			<item id="template"><![CDATA[<style type="text/css">
    .ren_view_share.ren_view_footer { display: none; }
    .ren_view_share.ren_view_foo { display: none; }
    .rtj1009_m_main .ren_view_xxtop { display: none; }
    .rtj1009_m_main .ren_view_ny .ren_lc_xx { display: none; }
    .rtj1009_m_main .ren_view_ny .pi { overflow: initial; }
    .rtj1009_m_main .message { overflow: initial; }
    .rtj1009_m_main .ren_view_xf .ren_v_xftpxx { margin: -10px -10px 0 -10px; }
</style>

<div class="ren_view_xf ren_view_sjzk cl">
    <div class="ren_v_xftpxx">
        <div class="ren_v_xfpic cl">
            <img src="{sj_logo_value}">
        </div>
    </div>
    <div class="ren_v_xfyiyxx">
        <div class="ren_v_xfbtxx cl">
            <h3><span class="ren_v_esfbtyi">{sj_mc_value}</span></h3>
            <p class="ren_v_xfjg">
                <span class="ren_v_xfjgsz">{sj_zc_value}</span><span class="ren_v_xfjgdw">折</span>
            </p>
        </div>
        <ul class="ren_v_xfyinr cl">
            <li class="ren_v_yinrliu"><span>商家地址</span><p>{sj_dizhi_value}</p></li>
            <li class="ren_v_yinrliu"><span>营业时间</span><p>{sj_yysj_value}</p></li>
            <li class="ren_v_yinrsan"><span>人均消费</span><p>￥{sj_rjxf_value}元</p></li>
            <li class="ren_v_yinrliu"><span>本店特色</span><p>{sj_tese_value}</p></li>
        </ul>
        <span class="ren_v_xfpr cl">
            <em class="ren_v_xfi"><i class="icon"></i></em>
            <em class="ren_v_xfnum"><i class="tel">{sj_sjdh_value}</i></em>
       </span>
    </div>
</div>
<div class="ren_view_xfe ren_view_sjzk cl">
    <ul class="ren_v_xfnrtap">
        <li>
            <a href="javascript:;" class="xxk">商家介绍</a>
        </li>
    </ul>

    <div class="ren_v_xfexx">
        <div class="ren_v_sjjj cl">
            <p class="cl">{sj_sjjs_value}</p>
        </div>

    </div>
</div>

<div class="ren_view_share ren_flxx_footer">
    <a href="tel:{sj_sjdh_value}" class="yi"><span class="ren-flxx-dantel">{sj_sjdh_value}</span></a>
    <a href="tel:{sj_sjdh_value}" class="e"><i class="icon ren-font">&#xe6be;</i>电话</a>
    <a class="open-popup san" data-popup=".popup-view"><i class="icon ren-font">&#xe619;</i>评论</a>
    <a href="javascript:;" class="ren_share open-popup si" data-popup=".popup-share"><i class="icon ren-font">&#xe742;</i>分享</a>
</div>]]></item>
			<item id="stemplate"><![CDATA[<ul>
[loop]
    <li class="ren_fl_xf ren_fl_sjzk cl">
        <div class="ren_xf_pic z">
            <a href="{subject_url}">
            	<img src="{sj_logo_value}">
            </a>
        </div>
        <div class="ren_xf_xx">
            <div class="ren_xf_btxx ren_zf_btxx">
                <a href="{subject_url}" class="ren_xf_bt">{sj_mc_value}</a>
            </div>
            
            <p class="ren_xf_wz">{sj_leibie_value}<span>|</span>{sj_yysj_value}<span>|</span>人均￥{sj_rjxf_value}</p>
            <p class="ren_xf_tx">
                <a href="{subject_url}" class="ren_xf_hx">{sj_quyu_value}<span>|</span>{sj_dizhi_value}</a>
            </p>
        </div>
        <div class="ren_price y">
            <p class="ren_pr_jg">
                <span class="ren_pr_jgsz">{sj_zc_value}</span><span class="ren_pr_jgdw">折</span>
            </p>
        </div>
    </li>
[/loop]
</ul>
]]></item>
			<item id="ptemplate"><![CDATA[]]></item>
			<item id="btemplate"><![CDATA[]]></item>
			<item id="sortid"><![CDATA[64]]></item>
			<item id="available"><![CDATA[1]]></item>
			<item id="required"><![CDATA[1]]></item>
			<item id="unchangeable"><![CDATA[0]]></item>
			<item id="search"><![CDATA[0]]></item>
			<item id="subjectshow"><![CDATA[1]]></item>
			<item id="tpdescription"><![CDATA[商家为本站会员提供的折扣，请输入数字，如：88]]></item>
			<item id="ttdescription"><![CDATA[带*为必填选项]]></item>
			<item id="tpexpiration"><![CDATA[0]]></item>
			<item id="ttexpiration"><![CDATA[0]]></item>
			<item id="__protect">
				<item id="status"><![CDATA[0]]></item>
				<item id="usergroup"><![CDATA[]]></item>
				<item id="verify"><![CDATA[]]></item>
			</item>
			<item id="__rules">
				<item id="maxnum"><![CDATA[]]></item>
				<item id="minnum"><![CDATA[]]></item>
				<item id="inputsize"><![CDATA[]]></item>
				<item id="defaultvalue"><![CDATA[]]></item>
			</item>
		</item>
		<item id="10">
			<item id="optionid"><![CDATA[1153]]></item>
			<item id="classid"><![CDATA[5]]></item>
			<item id="displayorder"><![CDATA[1]]></item>
			<item id="expiration"><![CDATA[0]]></item>
			<item id="title"><![CDATA[商家名称]]></item>
			<item id="description"><![CDATA[带*为必填选项]]></item>
			<item id="identifier"><![CDATA[sj_mc]]></item>
			<item id="type"><![CDATA[text]]></item>
			<item id="unit"><![CDATA[]]></item>
			<item id="permprompt"><![CDATA[]]></item>
			<item id="typeid"><![CDATA[64]]></item>
			<item id="name"><![CDATA[商家折扣]]></item>
			<item id="icon"><![CDATA[]]></item>
			<item id="special"><![CDATA[1]]></item>
			<item id="modelid"><![CDATA[0]]></item>
			<item id="template"><![CDATA[<style type="text/css">
    .ren_view_share.ren_view_footer { display: none; }
    .ren_view_share.ren_view_foo { display: none; }
    .rtj1009_m_main .ren_view_xxtop { display: none; }
    .rtj1009_m_main .ren_view_ny .ren_lc_xx { display: none; }
    .rtj1009_m_main .ren_view_ny .pi { overflow: initial; }
    .rtj1009_m_main .message { overflow: initial; }
    .rtj1009_m_main .ren_view_xf .ren_v_xftpxx { margin: -10px -10px 0 -10px; }
</style>

<div class="ren_view_xf ren_view_sjzk cl">
    <div class="ren_v_xftpxx">
        <div class="ren_v_xfpic cl">
            <img src="{sj_logo_value}">
        </div>
    </div>
    <div class="ren_v_xfyiyxx">
        <div class="ren_v_xfbtxx cl">
            <h3><span class="ren_v_esfbtyi">{sj_mc_value}</span></h3>
            <p class="ren_v_xfjg">
                <span class="ren_v_xfjgsz">{sj_zc_value}</span><span class="ren_v_xfjgdw">折</span>
            </p>
        </div>
        <ul class="ren_v_xfyinr cl">
            <li class="ren_v_yinrliu"><span>商家地址</span><p>{sj_dizhi_value}</p></li>
            <li class="ren_v_yinrliu"><span>营业时间</span><p>{sj_yysj_value}</p></li>
            <li class="ren_v_yinrsan"><span>人均消费</span><p>￥{sj_rjxf_value}元</p></li>
            <li class="ren_v_yinrliu"><span>本店特色</span><p>{sj_tese_value}</p></li>
        </ul>
        <span class="ren_v_xfpr cl">
            <em class="ren_v_xfi"><i class="icon"></i></em>
            <em class="ren_v_xfnum"><i class="tel">{sj_sjdh_value}</i></em>
       </span>
    </div>
</div>
<div class="ren_view_xfe ren_view_sjzk cl">
    <ul class="ren_v_xfnrtap">
        <li>
            <a href="javascript:;" class="xxk">商家介绍</a>
        </li>
    </ul>

    <div class="ren_v_xfexx">
        <div class="ren_v_sjjj cl">
            <p class="cl">{sj_sjjs_value}</p>
        </div>

    </div>
</div>

<div class="ren_view_share ren_flxx_footer">
    <a href="tel:{sj_sjdh_value}" class="yi"><span class="ren-flxx-dantel">{sj_sjdh_value}</span></a>
    <a href="tel:{sj_sjdh_value}" class="e"><i class="icon ren-font">&#xe6be;</i>电话</a>
    <a class="open-popup san" data-popup=".popup-view"><i class="icon ren-font">&#xe619;</i>评论</a>
    <a href="javascript:;" class="ren_share open-popup si" data-popup=".popup-share"><i class="icon ren-font">&#xe742;</i>分享</a>
</div>]]></item>
			<item id="stemplate"><![CDATA[<ul>
[loop]
    <li class="ren_fl_xf ren_fl_sjzk cl">
        <div class="ren_xf_pic z">
            <a href="{subject_url}">
            	<img src="{sj_logo_value}">
            </a>
        </div>
        <div class="ren_xf_xx">
            <div class="ren_xf_btxx ren_zf_btxx">
                <a href="{subject_url}" class="ren_xf_bt">{sj_mc_value}</a>
            </div>
            
            <p class="ren_xf_wz">{sj_leibie_value}<span>|</span>{sj_yysj_value}<span>|</span>人均￥{sj_rjxf_value}</p>
            <p class="ren_xf_tx">
                <a href="{subject_url}" class="ren_xf_hx">{sj_quyu_value}<span>|</span>{sj_dizhi_value}</a>
            </p>
        </div>
        <div class="ren_price y">
            <p class="ren_pr_jg">
                <span class="ren_pr_jgsz">{sj_zc_value}</span><span class="ren_pr_jgdw">折</span>
            </p>
        </div>
    </li>
[/loop]
</ul>
]]></item>
			<item id="ptemplate"><![CDATA[]]></item>
			<item id="btemplate"><![CDATA[]]></item>
			<item id="sortid"><![CDATA[64]]></item>
			<item id="available"><![CDATA[1]]></item>
			<item id="required"><![CDATA[1]]></item>
			<item id="unchangeable"><![CDATA[0]]></item>
			<item id="search"><![CDATA[1]]></item>
			<item id="subjectshow"><![CDATA[1]]></item>
			<item id="tpdescription"><![CDATA[]]></item>
			<item id="ttdescription"><![CDATA[带*为必填选项]]></item>
			<item id="tpexpiration"><![CDATA[0]]></item>
			<item id="ttexpiration"><![CDATA[0]]></item>
			<item id="__protect">
				<item id="status"><![CDATA[0]]></item>
				<item id="usergroup"><![CDATA[]]></item>
				<item id="verify"><![CDATA[]]></item>
			</item>
			<item id="__rules">
				<item id="maxlength"><![CDATA[]]></item>
				<item id="inputsize"><![CDATA[]]></item>
				<item id="profile"><![CDATA[]]></item>
				<item id="defaultvalue"><![CDATA[]]></item>
			</item>
		</item>
		<item id="11">
			<item id="optionid"><![CDATA[1154]]></item>
			<item id="classid"><![CDATA[5]]></item>
			<item id="displayorder"><![CDATA[2]]></item>
			<item id="expiration"><![CDATA[0]]></item>
			<item id="title"><![CDATA[上传照片]]></item>
			<item id="description"><![CDATA[带*为必填选项]]></item>
			<item id="identifier"><![CDATA[sj_logo]]></item>
			<item id="type"><![CDATA[image]]></item>
			<item id="unit"><![CDATA[]]></item>
			<item id="permprompt"><![CDATA[]]></item>
			<item id="typeid"><![CDATA[64]]></item>
			<item id="name"><![CDATA[商家折扣]]></item>
			<item id="icon"><![CDATA[]]></item>
			<item id="special"><![CDATA[1]]></item>
			<item id="modelid"><![CDATA[0]]></item>
			<item id="template"><![CDATA[<style type="text/css">
    .ren_view_share.ren_view_footer { display: none; }
    .ren_view_share.ren_view_foo { display: none; }
    .rtj1009_m_main .ren_view_xxtop { display: none; }
    .rtj1009_m_main .ren_view_ny .ren_lc_xx { display: none; }
    .rtj1009_m_main .ren_view_ny .pi { overflow: initial; }
    .rtj1009_m_main .message { overflow: initial; }
    .rtj1009_m_main .ren_view_xf .ren_v_xftpxx { margin: -10px -10px 0 -10px; }
</style>

<div class="ren_view_xf ren_view_sjzk cl">
    <div class="ren_v_xftpxx">
        <div class="ren_v_xfpic cl">
            <img src="{sj_logo_value}">
        </div>
    </div>
    <div class="ren_v_xfyiyxx">
        <div class="ren_v_xfbtxx cl">
            <h3><span class="ren_v_esfbtyi">{sj_mc_value}</span></h3>
            <p class="ren_v_xfjg">
                <span class="ren_v_xfjgsz">{sj_zc_value}</span><span class="ren_v_xfjgdw">折</span>
            </p>
        </div>
        <ul class="ren_v_xfyinr cl">
            <li class="ren_v_yinrliu"><span>商家地址</span><p>{sj_dizhi_value}</p></li>
            <li class="ren_v_yinrliu"><span>营业时间</span><p>{sj_yysj_value}</p></li>
            <li class="ren_v_yinrsan"><span>人均消费</span><p>￥{sj_rjxf_value}元</p></li>
            <li class="ren_v_yinrliu"><span>本店特色</span><p>{sj_tese_value}</p></li>
        </ul>
        <span class="ren_v_xfpr cl">
            <em class="ren_v_xfi"><i class="icon"></i></em>
            <em class="ren_v_xfnum"><i class="tel">{sj_sjdh_value}</i></em>
       </span>
    </div>
</div>
<div class="ren_view_xfe ren_view_sjzk cl">
    <ul class="ren_v_xfnrtap">
        <li>
            <a href="javascript:;" class="xxk">商家介绍</a>
        </li>
    </ul>

    <div class="ren_v_xfexx">
        <div class="ren_v_sjjj cl">
            <p class="cl">{sj_sjjs_value}</p>
        </div>

    </div>
</div>

<div class="ren_view_share ren_flxx_footer">
    <a href="tel:{sj_sjdh_value}" class="yi"><span class="ren-flxx-dantel">{sj_sjdh_value}</span></a>
    <a href="tel:{sj_sjdh_value}" class="e"><i class="icon ren-font">&#xe6be;</i>电话</a>
    <a class="open-popup san" data-popup=".popup-view"><i class="icon ren-font">&#xe619;</i>评论</a>
    <a href="javascript:;" class="ren_share open-popup si" data-popup=".popup-share"><i class="icon ren-font">&#xe742;</i>分享</a>
</div>]]></item>
			<item id="stemplate"><![CDATA[<ul>
[loop]
    <li class="ren_fl_xf ren_fl_sjzk cl">
        <div class="ren_xf_pic z">
            <a href="{subject_url}">
            	<img src="{sj_logo_value}">
            </a>
        </div>
        <div class="ren_xf_xx">
            <div class="ren_xf_btxx ren_zf_btxx">
                <a href="{subject_url}" class="ren_xf_bt">{sj_mc_value}</a>
            </div>
            
            <p class="ren_xf_wz">{sj_leibie_value}<span>|</span>{sj_yysj_value}<span>|</span>人均￥{sj_rjxf_value}</p>
            <p class="ren_xf_tx">
                <a href="{subject_url}" class="ren_xf_hx">{sj_quyu_value}<span>|</span>{sj_dizhi_value}</a>
            </p>
        </div>
        <div class="ren_price y">
            <p class="ren_pr_jg">
                <span class="ren_pr_jgsz">{sj_zc_value}</span><span class="ren_pr_jgdw">折</span>
            </p>
        </div>
    </li>
[/loop]
</ul>
]]></item>
			<item id="ptemplate"><![CDATA[]]></item>
			<item id="btemplate"><![CDATA[]]></item>
			<item id="sortid"><![CDATA[64]]></item>
			<item id="available"><![CDATA[1]]></item>
			<item id="required"><![CDATA[1]]></item>
			<item id="unchangeable"><![CDATA[0]]></item>
			<item id="search"><![CDATA[0]]></item>
			<item id="subjectshow"><![CDATA[1]]></item>
			<item id="tpdescription"><![CDATA[可上传店铺LOGO或招牌照片、微信二维码、店铺或产品相关图片，宽高450*330像素以上，如需上传更多图片请直接在内容框里选择上传]]></item>
			<item id="ttdescription"><![CDATA[带*为必填选项]]></item>
			<item id="tpexpiration"><![CDATA[0]]></item>
			<item id="ttexpiration"><![CDATA[0]]></item>
			<item id="__protect">
				<item id="usergroup"><![CDATA[]]></item>
				<item id="verify"><![CDATA[]]></item>
			</item>
			<item id="__rules">
				<item id="maxwidth"><![CDATA[]]></item>
				<item id="maxheight"><![CDATA[]]></item>
				<item id="inputsize"><![CDATA[]]></item>
			</item>
		</item>
		<item id="12">
			<item id="optionid"><![CDATA[1282]]></item>
			<item id="classid"><![CDATA[5]]></item>
			<item id="displayorder"><![CDATA[3]]></item>
			<item id="expiration"><![CDATA[0]]></item>
			<item id="title"><![CDATA[商家照片2]]></item>
			<item id="description"><![CDATA[带*为必填选项]]></item>
			<item id="identifier"><![CDATA[sj_zp2]]></item>
			<item id="type"><![CDATA[image]]></item>
			<item id="unit"><![CDATA[]]></item>
			<item id="permprompt"><![CDATA[]]></item>
			<item id="typeid"><![CDATA[64]]></item>
			<item id="name"><![CDATA[商家折扣]]></item>
			<item id="icon"><![CDATA[]]></item>
			<item id="special"><![CDATA[1]]></item>
			<item id="modelid"><![CDATA[0]]></item>
			<item id="template"><![CDATA[<style type="text/css">
    .ren_view_share.ren_view_footer { display: none; }
    .ren_view_share.ren_view_foo { display: none; }
    .rtj1009_m_main .ren_view_xxtop { display: none; }
    .rtj1009_m_main .ren_view_ny .ren_lc_xx { display: none; }
    .rtj1009_m_main .ren_view_ny .pi { overflow: initial; }
    .rtj1009_m_main .message { overflow: initial; }
    .rtj1009_m_main .ren_view_xf .ren_v_xftpxx { margin: -10px -10px 0 -10px; }
</style>

<div class="ren_view_xf ren_view_sjzk cl">
    <div class="ren_v_xftpxx">
        <div class="ren_v_xfpic cl">
            <img src="{sj_logo_value}">
        </div>
    </div>
    <div class="ren_v_xfyiyxx">
        <div class="ren_v_xfbtxx cl">
            <h3><span class="ren_v_esfbtyi">{sj_mc_value}</span></h3>
            <p class="ren_v_xfjg">
                <span class="ren_v_xfjgsz">{sj_zc_value}</span><span class="ren_v_xfjgdw">折</span>
            </p>
        </div>
        <ul class="ren_v_xfyinr cl">
            <li class="ren_v_yinrliu"><span>商家地址</span><p>{sj_dizhi_value}</p></li>
            <li class="ren_v_yinrliu"><span>营业时间</span><p>{sj_yysj_value}</p></li>
            <li class="ren_v_yinrsan"><span>人均消费</span><p>￥{sj_rjxf_value}元</p></li>
            <li class="ren_v_yinrliu"><span>本店特色</span><p>{sj_tese_value}</p></li>
        </ul>
        <span class="ren_v_xfpr cl">
            <em class="ren_v_xfi"><i class="icon"></i></em>
            <em class="ren_v_xfnum"><i class="tel">{sj_sjdh_value}</i></em>
       </span>
    </div>
</div>
<div class="ren_view_xfe ren_view_sjzk cl">
    <ul class="ren_v_xfnrtap">
        <li>
            <a href="javascript:;" class="xxk">商家介绍</a>
        </li>
    </ul>

    <div class="ren_v_xfexx">
        <div class="ren_v_sjjj cl">
            <p class="cl">{sj_sjjs_value}</p>
        </div>

    </div>
</div>

<div class="ren_view_share ren_flxx_footer">
    <a href="tel:{sj_sjdh_value}" class="yi"><span class="ren-flxx-dantel">{sj_sjdh_value}</span></a>
    <a href="tel:{sj_sjdh_value}" class="e"><i class="icon ren-font">&#xe6be;</i>电话</a>
    <a class="open-popup san" data-popup=".popup-view"><i class="icon ren-font">&#xe619;</i>评论</a>
    <a href="javascript:;" class="ren_share open-popup si" data-popup=".popup-share"><i class="icon ren-font">&#xe742;</i>分享</a>
</div>]]></item>
			<item id="stemplate"><![CDATA[<ul>
[loop]
    <li class="ren_fl_xf ren_fl_sjzk cl">
        <div class="ren_xf_pic z">
            <a href="{subject_url}">
            	<img src="{sj_logo_value}">
            </a>
        </div>
        <div class="ren_xf_xx">
            <div class="ren_xf_btxx ren_zf_btxx">
                <a href="{subject_url}" class="ren_xf_bt">{sj_mc_value}</a>
            </div>
            
            <p class="ren_xf_wz">{sj_leibie_value}<span>|</span>{sj_yysj_value}<span>|</span>人均￥{sj_rjxf_value}</p>
            <p class="ren_xf_tx">
                <a href="{subject_url}" class="ren_xf_hx">{sj_quyu_value}<span>|</span>{sj_dizhi_value}</a>
            </p>
        </div>
        <div class="ren_price y">
            <p class="ren_pr_jg">
                <span class="ren_pr_jgsz">{sj_zc_value}</span><span class="ren_pr_jgdw">折</span>
            </p>
        </div>
    </li>
[/loop]
</ul>
]]></item>
			<item id="ptemplate"><![CDATA[]]></item>
			<item id="btemplate"><![CDATA[]]></item>
			<item id="sortid"><![CDATA[64]]></item>
			<item id="available"><![CDATA[0]]></item>
			<item id="required"><![CDATA[0]]></item>
			<item id="unchangeable"><![CDATA[0]]></item>
			<item id="search"><![CDATA[0]]></item>
			<item id="subjectshow"><![CDATA[0]]></item>
			<item id="tpdescription"><![CDATA[可上传店铺LOGO或招牌照片、微信二维码、店铺或产品相关图片，宽高450*450像素以上]]></item>
			<item id="ttdescription"><![CDATA[带*为必填选项]]></item>
			<item id="tpexpiration"><![CDATA[0]]></item>
			<item id="ttexpiration"><![CDATA[0]]></item>
			<item id="__protect">
				<item id="usergroup"><![CDATA[]]></item>
				<item id="verify"><![CDATA[]]></item>
			</item>
			<item id="__rules">
				<item id="maxwidth"><![CDATA[]]></item>
				<item id="maxheight"><![CDATA[]]></item>
				<item id="inputsize"><![CDATA[]]></item>
			</item>
		</item>
		<item id="13">
			<item id="optionid"><![CDATA[1283]]></item>
			<item id="classid"><![CDATA[5]]></item>
			<item id="displayorder"><![CDATA[4]]></item>
			<item id="expiration"><![CDATA[0]]></item>
			<item id="title"><![CDATA[商家照片3]]></item>
			<item id="description"><![CDATA[带*为必填选项]]></item>
			<item id="identifier"><![CDATA[sj_zp3]]></item>
			<item id="type"><![CDATA[image]]></item>
			<item id="unit"><![CDATA[]]></item>
			<item id="permprompt"><![CDATA[]]></item>
			<item id="typeid"><![CDATA[64]]></item>
			<item id="name"><![CDATA[商家折扣]]></item>
			<item id="icon"><![CDATA[]]></item>
			<item id="special"><![CDATA[1]]></item>
			<item id="modelid"><![CDATA[0]]></item>
			<item id="template"><![CDATA[<style type="text/css">
    .ren_view_share.ren_view_footer { display: none; }
    .ren_view_share.ren_view_foo { display: none; }
    .rtj1009_m_main .ren_view_xxtop { display: none; }
    .rtj1009_m_main .ren_view_ny .ren_lc_xx { display: none; }
    .rtj1009_m_main .ren_view_ny .pi { overflow: initial; }
    .rtj1009_m_main .message { overflow: initial; }
    .rtj1009_m_main .ren_view_xf .ren_v_xftpxx { margin: -10px -10px 0 -10px; }
</style>

<div class="ren_view_xf ren_view_sjzk cl">
    <div class="ren_v_xftpxx">
        <div class="ren_v_xfpic cl">
            <img src="{sj_logo_value}">
        </div>
    </div>
    <div class="ren_v_xfyiyxx">
        <div class="ren_v_xfbtxx cl">
            <h3><span class="ren_v_esfbtyi">{sj_mc_value}</span></h3>
            <p class="ren_v_xfjg">
                <span class="ren_v_xfjgsz">{sj_zc_value}</span><span class="ren_v_xfjgdw">折</span>
            </p>
        </div>
        <ul class="ren_v_xfyinr cl">
            <li class="ren_v_yinrliu"><span>商家地址</span><p>{sj_dizhi_value}</p></li>
            <li class="ren_v_yinrliu"><span>营业时间</span><p>{sj_yysj_value}</p></li>
            <li class="ren_v_yinrsan"><span>人均消费</span><p>￥{sj_rjxf_value}元</p></li>
            <li class="ren_v_yinrliu"><span>本店特色</span><p>{sj_tese_value}</p></li>
        </ul>
        <span class="ren_v_xfpr cl">
            <em class="ren_v_xfi"><i class="icon"></i></em>
            <em class="ren_v_xfnum"><i class="tel">{sj_sjdh_value}</i></em>
       </span>
    </div>
</div>
<div class="ren_view_xfe ren_view_sjzk cl">
    <ul class="ren_v_xfnrtap">
        <li>
            <a href="javascript:;" class="xxk">商家介绍</a>
        </li>
    </ul>

    <div class="ren_v_xfexx">
        <div class="ren_v_sjjj cl">
            <p class="cl">{sj_sjjs_value}</p>
        </div>

    </div>
</div>

<div class="ren_view_share ren_flxx_footer">
    <a href="tel:{sj_sjdh_value}" class="yi"><span class="ren-flxx-dantel">{sj_sjdh_value}</span></a>
    <a href="tel:{sj_sjdh_value}" class="e"><i class="icon ren-font">&#xe6be;</i>电话</a>
    <a class="open-popup san" data-popup=".popup-view"><i class="icon ren-font">&#xe619;</i>评论</a>
    <a href="javascript:;" class="ren_share open-popup si" data-popup=".popup-share"><i class="icon ren-font">&#xe742;</i>分享</a>
</div>]]></item>
			<item id="stemplate"><![CDATA[<ul>
[loop]
    <li class="ren_fl_xf ren_fl_sjzk cl">
        <div class="ren_xf_pic z">
            <a href="{subject_url}">
            	<img src="{sj_logo_value}">
            </a>
        </div>
        <div class="ren_xf_xx">
            <div class="ren_xf_btxx ren_zf_btxx">
                <a href="{subject_url}" class="ren_xf_bt">{sj_mc_value}</a>
            </div>
            
            <p class="ren_xf_wz">{sj_leibie_value}<span>|</span>{sj_yysj_value}<span>|</span>人均￥{sj_rjxf_value}</p>
            <p class="ren_xf_tx">
                <a href="{subject_url}" class="ren_xf_hx">{sj_quyu_value}<span>|</span>{sj_dizhi_value}</a>
            </p>
        </div>
        <div class="ren_price y">
            <p class="ren_pr_jg">
                <span class="ren_pr_jgsz">{sj_zc_value}</span><span class="ren_pr_jgdw">折</span>
            </p>
        </div>
    </li>
[/loop]
</ul>
]]></item>
			<item id="ptemplate"><![CDATA[]]></item>
			<item id="btemplate"><![CDATA[]]></item>
			<item id="sortid"><![CDATA[64]]></item>
			<item id="available"><![CDATA[0]]></item>
			<item id="required"><![CDATA[0]]></item>
			<item id="unchangeable"><![CDATA[0]]></item>
			<item id="search"><![CDATA[0]]></item>
			<item id="subjectshow"><![CDATA[0]]></item>
			<item id="tpdescription"><![CDATA[可上传店铺LOGO或招牌照片、微信二维码、店铺或产品相关图片，宽高450*450像素以上]]></item>
			<item id="ttdescription"><![CDATA[带*为必填选项]]></item>
			<item id="tpexpiration"><![CDATA[0]]></item>
			<item id="ttexpiration"><![CDATA[0]]></item>
			<item id="__protect">
				<item id="usergroup"><![CDATA[]]></item>
				<item id="verify"><![CDATA[]]></item>
			</item>
			<item id="__rules">
				<item id="maxwidth"><![CDATA[]]></item>
				<item id="maxheight"><![CDATA[]]></item>
				<item id="inputsize"><![CDATA[]]></item>
			</item>
		</item>
	</item>
</root>