<?xml version="1.0" encoding="ISO-8859-1"?>
<root>
	<item id="Title"><![CDATA[Discuz! Threadtypes]]></item>
	<item id="Version"><![CDATA[X3.4]]></item>
	<item id="Time"><![CDATA[2020-07-13 15:14]]></item>
	<item id="From"><![CDATA[DisM!应用中心 (https://dism.taobao.com/)]]></item>
	<item id="Data">
		<item id="0">
			<item id="optionid"><![CDATA[1326]]></item>
			<item id="classid"><![CDATA[5]]></item>
			<item id="displayorder"><![CDATA[16]]></item>
			<item id="expiration"><![CDATA[0]]></item>
			<item id="title"><![CDATA[类型]]></item>
			<item id="description"><![CDATA[带*为必填选项]]></item>
			<item id="identifier"><![CDATA[ren_pc_lx]]></item>
			<item id="type"><![CDATA[select]]></item>
			<item id="unit"><![CDATA[]]></item>
			<item id="permprompt"><![CDATA[]]></item>
			<item id="typeid"><![CDATA[73]]></item>
			<item id="name"><![CDATA[拼车信息]]></item>
			<item id="icon"><![CDATA[]]></item>
			<item id="special"><![CDATA[1]]></item>
			<item id="modelid"><![CDATA[0]]></item>
			<item id="template"><![CDATA[<style type="text/css">
.ren_view_share.ren_view_footer { display: none; }
.ren_view_share.ren_view_foo { display: none; }
.rtj1009_m_main .ren_view_xxtop { display: none; }
.rtj1009_m_main .ren_view_ny .ren_lc_xx { display: none; }
.rtj1009_m_main .ren_view_ny .pi { overflow: initial; }
.rtj1009_m_main .message { overflow: initial; }
.rtj1009_m_main .ren_view_xf .ren_v_xftpxx { margin: -10px -10px 0 -10px; }
</style>

<div class="ren_view_xf ren_view_esf ren_view_zp cl">
    <div class="ren_v_xfyiyxx ren_v_pc">
    	<div class="ren_v_xfbtxx cl">
        	<span class="ren_pc_lx">{ren_pc_lx_value}</span>
        	<p class="ren_v_xfjg">
            	<span class="ren_v_xfjgsz">{ren_pc_cfd_value}<span class="ren-i-em"></span>{ren_pc_mdd_value}</span>
            </p>
        </div>
    	<ul class="ren_v_xfyinr ren_pc_nr cl">
            <li class="ren_v_yinrliu yi"><span><i class="icon ren-font">&#xe61c;</i>{ren_pc_cfsj}</span><p>{ren_pc_cfsj_value}</p></li>
            <li class="ren_v_yinrliu e"><span><i class="icon ren-font">&#xe610;</i>途经</span><p>{ren_pc_tjd_value}</p></li>
            <li class="ren_v_yinrliu san"><span><i class="icon ren-font">&#xe7b7;</i>{ren_pc_qclx}</span><p>{ren_pc_qclx_value}</p></li>
            <li class="ren_v_yinrliu si"><span><i class="icon ren-font">&#xe630;</i>{ren_pc_kw}</span><p>{ren_pc_kw_value}{ren_pc_kw_unit}</p></li>
            <li class="ren_v_yinrliu wu"><span><i class="icon ren-font">&#xe611;</i>{ren_pc_fy}</span><p>{ren_pc_fy_value}{ren_pc_fy_unit}</p></li>
            <li class="ren_v_yinrliu liu"><span><i class="icon ren-font">&#xe600;</i>{ren_pc_lxr}</span><p>{ren_pc_lxr_value}</p></li>
            <li class="ren_v_yinrliu qi"><span><i class="icon ren-font">&#xe621;</i>{ren_pc_dh}</span><p>{ren_pc_dh_value}</p></li>
        </ul>
    </div>
</div>
<div class="ren_view_xfe ren_view_sjzk ren_view_zpx cl">
    <ul class="ren_v_xfnrtap">
        <li>
            <a href="javascript:;" class="xxk">更多说明</a>
        </li>
    </ul>
</div>
<div class="ren_view_share ren_flxx_footer">
	<a href="tel:{ren_pc_dh_value}" class="yi"><span>{ren_pc_lxr_value}</span><em>{ren_pc_dh_value}</em></a>
	<a href="tel:{ren_pc_dh_value}" class="e"><i class="icon ren-font">&#xe6be;</i>电话</a>
	<a class="open-popup san" data-popup=".popup-view"><i class="icon ren-font">&#xe619;</i>评论</a>
	<a href="javascript:;" class="ren_share open-popup si" data-popup=".popup-share"><i class="icon ren-font">&#xe742;</i>分享</a>
</div>]]></item>
			<item id="stemplate"><![CDATA[<ul class="ren_flxx_ul">
[loop]
    <li class="ren_fl_xf ren_lx_pc cl">
        <div class="ren_xf_xx">
            <div class="ren_xf_btxx ren_pc_btxx">
                <span class="ren_bt_icon">{ren_pc_lx_value}</span>
                <a href="{subject_url}" class="ren_xf_bt">{ren_pc_cfd_value}<em class="ren-i-em"><i class="icon ren-font">&#xe68d;</i></em>{ren_pc_mdd_value}</a>
            </div>
            
            <p class="ren_xf_wz ren-pclist-sj"><i class="icon ren-font">&#xe61c;</i><em class="ren_bt_icon">{ren_pc_cfsj}：</em>{ren_pc_cfsj_value}</p>
			<p class="ren_xf_wz ren-pclist-sj tu"><i class="icon ren-font">&#xe610;</i><em class="ren_bt_icon">途经：</em>{ren_pc_tjd_value}</p>
            <div class="ren_xf_tx ren_pc_tx">
                <a href="{subject_url}" class="ren_pc_txx">
				<span class="yi"><i class="icon ren-font">&#xe7b7;</i><em class="ren_bt_icon">{ren_pc_qclx}：</em>{ren_pc_qclx_value}</span>
				<span class="e"><i class="icon ren-font">&#xe630;</i><em class="ren_bt_icon">{ren_pc_kw}：</em>{ren_pc_kw_value}{ren_pc_kw_unit}<em class="inherit">空位</em></span>
				<span class="san"><i class="icon ren-font">&#xe611;</i><em class="ren_bt_icon">{ren_pc_fy}：</em>{ren_pc_fy_value}{ren_pc_fy_unit}</span>
				</a>
            </div>
        </div>
		<div class="ren_zby_price">
            <a href="{subject_url}" class="ren_pr_jg">
                <span class="ren_pr_jgsz">查看号码</span>
            </a>
            <a href="tel:{ren_pc_dh_value}" class="ren-pc-tel"><i class="icon ren-font">&#xe612;</i></a>
        </div>
    </li>
[/loop]
</ul>
]]></item>
			<item id="ptemplate"><![CDATA[]]></item>
			<item id="btemplate"><![CDATA[]]></item>
			<item id="sortid"><![CDATA[73]]></item>
			<item id="available"><![CDATA[1]]></item>
			<item id="required"><![CDATA[1]]></item>
			<item id="unchangeable"><![CDATA[0]]></item>
			<item id="search"><![CDATA[2]]></item>
			<item id="subjectshow"><![CDATA[1]]></item>
			<item id="tpdescription"><![CDATA[]]></item>
			<item id="ttdescription"><![CDATA[带*为必填选项]]></item>
			<item id="tpexpiration"><![CDATA[0]]></item>
			<item id="ttexpiration"><![CDATA[0]]></item>
			<item id="__protect">
				<item id="usergroup"><![CDATA[]]></item>
				<item id="verify"><![CDATA[]]></item>
			</item>
			<item id="__rules">
				<item id="choices"><![CDATA[1=找车主
2=找乘客]]></item>
				<item id="inputsize"><![CDATA[]]></item>
			</item>
		</item>
		<item id="1">
			<item id="optionid"><![CDATA[1327]]></item>
			<item id="classid"><![CDATA[5]]></item>
			<item id="displayorder"><![CDATA[17]]></item>
			<item id="expiration"><![CDATA[0]]></item>
			<item id="protect"><![CDATA[]]></item>
			<item id="title"><![CDATA[出发地]]></item>
			<item id="description"><![CDATA[带*为必填选项]]></item>
			<item id="identifier"><![CDATA[ren_pc_cfd]]></item>
			<item id="type"><![CDATA[text]]></item>
			<item id="unit"><![CDATA[]]></item>
			<item id="rules"><![CDATA[]]></item>
			<item id="permprompt"><![CDATA[]]></item>
			<item id="typeid"><![CDATA[73]]></item>
			<item id="name"><![CDATA[拼车信息]]></item>
			<item id="icon"><![CDATA[]]></item>
			<item id="special"><![CDATA[1]]></item>
			<item id="modelid"><![CDATA[0]]></item>
			<item id="template"><![CDATA[<style type="text/css">
.ren_view_share.ren_view_footer { display: none; }
.ren_view_share.ren_view_foo { display: none; }
.rtj1009_m_main .ren_view_xxtop { display: none; }
.rtj1009_m_main .ren_view_ny .ren_lc_xx { display: none; }
.rtj1009_m_main .ren_view_ny .pi { overflow: initial; }
.rtj1009_m_main .message { overflow: initial; }
.rtj1009_m_main .ren_view_xf .ren_v_xftpxx { margin: -10px -10px 0 -10px; }
</style>

<div class="ren_view_xf ren_view_esf ren_view_zp cl">
    <div class="ren_v_xfyiyxx ren_v_pc">
    	<div class="ren_v_xfbtxx cl">
        	<span class="ren_pc_lx">{ren_pc_lx_value}</span>
        	<p class="ren_v_xfjg">
            	<span class="ren_v_xfjgsz">{ren_pc_cfd_value}<span class="ren-i-em"></span>{ren_pc_mdd_value}</span>
            </p>
        </div>
    	<ul class="ren_v_xfyinr ren_pc_nr cl">
            <li class="ren_v_yinrliu yi"><span><i class="icon ren-font">&#xe61c;</i>{ren_pc_cfsj}</span><p>{ren_pc_cfsj_value}</p></li>
            <li class="ren_v_yinrliu e"><span><i class="icon ren-font">&#xe610;</i>途经</span><p>{ren_pc_tjd_value}</p></li>
            <li class="ren_v_yinrliu san"><span><i class="icon ren-font">&#xe7b7;</i>{ren_pc_qclx}</span><p>{ren_pc_qclx_value}</p></li>
            <li class="ren_v_yinrliu si"><span><i class="icon ren-font">&#xe630;</i>{ren_pc_kw}</span><p>{ren_pc_kw_value}{ren_pc_kw_unit}</p></li>
            <li class="ren_v_yinrliu wu"><span><i class="icon ren-font">&#xe611;</i>{ren_pc_fy}</span><p>{ren_pc_fy_value}{ren_pc_fy_unit}</p></li>
            <li class="ren_v_yinrliu liu"><span><i class="icon ren-font">&#xe600;</i>{ren_pc_lxr}</span><p>{ren_pc_lxr_value}</p></li>
            <li class="ren_v_yinrliu qi"><span><i class="icon ren-font">&#xe621;</i>{ren_pc_dh}</span><p>{ren_pc_dh_value}</p></li>
        </ul>
    </div>
</div>
<div class="ren_view_xfe ren_view_sjzk ren_view_zpx cl">
    <ul class="ren_v_xfnrtap">
        <li>
            <a href="javascript:;" class="xxk">更多说明</a>
        </li>
    </ul>
</div>
<div class="ren_view_share ren_flxx_footer">
	<a href="tel:{ren_pc_dh_value}" class="yi"><span>{ren_pc_lxr_value}</span><em>{ren_pc_dh_value}</em></a>
	<a href="tel:{ren_pc_dh_value}" class="e"><i class="icon ren-font">&#xe6be;</i>电话</a>
	<a class="open-popup san" data-popup=".popup-view"><i class="icon ren-font">&#xe619;</i>评论</a>
	<a href="javascript:;" class="ren_share open-popup si" data-popup=".popup-share"><i class="icon ren-font">&#xe742;</i>分享</a>
</div>]]></item>
			<item id="stemplate"><![CDATA[<ul class="ren_flxx_ul">
[loop]
    <li class="ren_fl_xf ren_lx_pc cl">
        <div class="ren_xf_xx">
            <div class="ren_xf_btxx ren_pc_btxx">
                <span class="ren_bt_icon">{ren_pc_lx_value}</span>
                <a href="{subject_url}" class="ren_xf_bt">{ren_pc_cfd_value}<em class="ren-i-em"><i class="icon ren-font">&#xe68d;</i></em>{ren_pc_mdd_value}</a>
            </div>
            
            <p class="ren_xf_wz ren-pclist-sj"><i class="icon ren-font">&#xe61c;</i><em class="ren_bt_icon">{ren_pc_cfsj}：</em>{ren_pc_cfsj_value}</p>
			<p class="ren_xf_wz ren-pclist-sj tu"><i class="icon ren-font">&#xe610;</i><em class="ren_bt_icon">途经：</em>{ren_pc_tjd_value}</p>
            <div class="ren_xf_tx ren_pc_tx">
                <a href="{subject_url}" class="ren_pc_txx">
				<span class="yi"><i class="icon ren-font">&#xe7b7;</i><em class="ren_bt_icon">{ren_pc_qclx}：</em>{ren_pc_qclx_value}</span>
				<span class="e"><i class="icon ren-font">&#xe630;</i><em class="ren_bt_icon">{ren_pc_kw}：</em>{ren_pc_kw_value}{ren_pc_kw_unit}<em class="inherit">空位</em></span>
				<span class="san"><i class="icon ren-font">&#xe611;</i><em class="ren_bt_icon">{ren_pc_fy}：</em>{ren_pc_fy_value}{ren_pc_fy_unit}</span>
				</a>
            </div>
        </div>
		<div class="ren_zby_price">
            <a href="{subject_url}" class="ren_pr_jg">
                <span class="ren_pr_jgsz">查看号码</span>
            </a>
            <a href="tel:{ren_pc_dh_value}" class="ren-pc-tel"><i class="icon ren-font">&#xe612;</i></a>
        </div>
    </li>
[/loop]
</ul>
]]></item>
			<item id="ptemplate"><![CDATA[]]></item>
			<item id="btemplate"><![CDATA[]]></item>
			<item id="sortid"><![CDATA[73]]></item>
			<item id="available"><![CDATA[1]]></item>
			<item id="required"><![CDATA[1]]></item>
			<item id="unchangeable"><![CDATA[0]]></item>
			<item id="search"><![CDATA[0]]></item>
			<item id="subjectshow"><![CDATA[1]]></item>
			<item id="tpdescription"><![CDATA[]]></item>
			<item id="ttdescription"><![CDATA[带*为必填选项]]></item>
			<item id="tpexpiration"><![CDATA[0]]></item>
			<item id="ttexpiration"><![CDATA[0]]></item>
		</item>
		<item id="2">
			<item id="optionid"><![CDATA[1328]]></item>
			<item id="classid"><![CDATA[5]]></item>
			<item id="displayorder"><![CDATA[18]]></item>
			<item id="expiration"><![CDATA[0]]></item>
			<item id="protect"><![CDATA[]]></item>
			<item id="title"><![CDATA[目的地]]></item>
			<item id="description"><![CDATA[带*为必填选项]]></item>
			<item id="identifier"><![CDATA[ren_pc_mdd]]></item>
			<item id="type"><![CDATA[text]]></item>
			<item id="unit"><![CDATA[]]></item>
			<item id="rules"><![CDATA[]]></item>
			<item id="permprompt"><![CDATA[]]></item>
			<item id="typeid"><![CDATA[73]]></item>
			<item id="name"><![CDATA[拼车信息]]></item>
			<item id="icon"><![CDATA[]]></item>
			<item id="special"><![CDATA[1]]></item>
			<item id="modelid"><![CDATA[0]]></item>
			<item id="template"><![CDATA[<style type="text/css">
.ren_view_share.ren_view_footer { display: none; }
.ren_view_share.ren_view_foo { display: none; }
.rtj1009_m_main .ren_view_xxtop { display: none; }
.rtj1009_m_main .ren_view_ny .ren_lc_xx { display: none; }
.rtj1009_m_main .ren_view_ny .pi { overflow: initial; }
.rtj1009_m_main .message { overflow: initial; }
.rtj1009_m_main .ren_view_xf .ren_v_xftpxx { margin: -10px -10px 0 -10px; }
</style>

<div class="ren_view_xf ren_view_esf ren_view_zp cl">
    <div class="ren_v_xfyiyxx ren_v_pc">
    	<div class="ren_v_xfbtxx cl">
        	<span class="ren_pc_lx">{ren_pc_lx_value}</span>
        	<p class="ren_v_xfjg">
            	<span class="ren_v_xfjgsz">{ren_pc_cfd_value}<span class="ren-i-em"></span>{ren_pc_mdd_value}</span>
            </p>
        </div>
    	<ul class="ren_v_xfyinr ren_pc_nr cl">
            <li class="ren_v_yinrliu yi"><span><i class="icon ren-font">&#xe61c;</i>{ren_pc_cfsj}</span><p>{ren_pc_cfsj_value}</p></li>
            <li class="ren_v_yinrliu e"><span><i class="icon ren-font">&#xe610;</i>途经</span><p>{ren_pc_tjd_value}</p></li>
            <li class="ren_v_yinrliu san"><span><i class="icon ren-font">&#xe7b7;</i>{ren_pc_qclx}</span><p>{ren_pc_qclx_value}</p></li>
            <li class="ren_v_yinrliu si"><span><i class="icon ren-font">&#xe630;</i>{ren_pc_kw}</span><p>{ren_pc_kw_value}{ren_pc_kw_unit}</p></li>
            <li class="ren_v_yinrliu wu"><span><i class="icon ren-font">&#xe611;</i>{ren_pc_fy}</span><p>{ren_pc_fy_value}{ren_pc_fy_unit}</p></li>
            <li class="ren_v_yinrliu liu"><span><i class="icon ren-font">&#xe600;</i>{ren_pc_lxr}</span><p>{ren_pc_lxr_value}</p></li>
            <li class="ren_v_yinrliu qi"><span><i class="icon ren-font">&#xe621;</i>{ren_pc_dh}</span><p>{ren_pc_dh_value}</p></li>
        </ul>
    </div>
</div>
<div class="ren_view_xfe ren_view_sjzk ren_view_zpx cl">
    <ul class="ren_v_xfnrtap">
        <li>
            <a href="javascript:;" class="xxk">更多说明</a>
        </li>
    </ul>
</div>
<div class="ren_view_share ren_flxx_footer">
	<a href="tel:{ren_pc_dh_value}" class="yi"><span>{ren_pc_lxr_value}</span><em>{ren_pc_dh_value}</em></a>
	<a href="tel:{ren_pc_dh_value}" class="e"><i class="icon ren-font">&#xe6be;</i>电话</a>
	<a class="open-popup san" data-popup=".popup-view"><i class="icon ren-font">&#xe619;</i>评论</a>
	<a href="javascript:;" class="ren_share open-popup si" data-popup=".popup-share"><i class="icon ren-font">&#xe742;</i>分享</a>
</div>]]></item>
			<item id="stemplate"><![CDATA[<ul class="ren_flxx_ul">
[loop]
    <li class="ren_fl_xf ren_lx_pc cl">
        <div class="ren_xf_xx">
            <div class="ren_xf_btxx ren_pc_btxx">
                <span class="ren_bt_icon">{ren_pc_lx_value}</span>
                <a href="{subject_url}" class="ren_xf_bt">{ren_pc_cfd_value}<em class="ren-i-em"><i class="icon ren-font">&#xe68d;</i></em>{ren_pc_mdd_value}</a>
            </div>
            
            <p class="ren_xf_wz ren-pclist-sj"><i class="icon ren-font">&#xe61c;</i><em class="ren_bt_icon">{ren_pc_cfsj}：</em>{ren_pc_cfsj_value}</p>
			<p class="ren_xf_wz ren-pclist-sj tu"><i class="icon ren-font">&#xe610;</i><em class="ren_bt_icon">途经：</em>{ren_pc_tjd_value}</p>
            <div class="ren_xf_tx ren_pc_tx">
                <a href="{subject_url}" class="ren_pc_txx">
				<span class="yi"><i class="icon ren-font">&#xe7b7;</i><em class="ren_bt_icon">{ren_pc_qclx}：</em>{ren_pc_qclx_value}</span>
				<span class="e"><i class="icon ren-font">&#xe630;</i><em class="ren_bt_icon">{ren_pc_kw}：</em>{ren_pc_kw_value}{ren_pc_kw_unit}<em class="inherit">空位</em></span>
				<span class="san"><i class="icon ren-font">&#xe611;</i><em class="ren_bt_icon">{ren_pc_fy}：</em>{ren_pc_fy_value}{ren_pc_fy_unit}</span>
				</a>
            </div>
        </div>
		<div class="ren_zby_price">
            <a href="{subject_url}" class="ren_pr_jg">
                <span class="ren_pr_jgsz">查看号码</span>
            </a>
            <a href="tel:{ren_pc_dh_value}" class="ren-pc-tel"><i class="icon ren-font">&#xe612;</i></a>
        </div>
    </li>
[/loop]
</ul>
]]></item>
			<item id="ptemplate"><![CDATA[]]></item>
			<item id="btemplate"><![CDATA[]]></item>
			<item id="sortid"><![CDATA[73]]></item>
			<item id="available"><![CDATA[1]]></item>
			<item id="required"><![CDATA[1]]></item>
			<item id="unchangeable"><![CDATA[0]]></item>
			<item id="search"><![CDATA[0]]></item>
			<item id="subjectshow"><![CDATA[1]]></item>
			<item id="tpdescription"><![CDATA[]]></item>
			<item id="ttdescription"><![CDATA[带*为必填选项]]></item>
			<item id="tpexpiration"><![CDATA[0]]></item>
			<item id="ttexpiration"><![CDATA[0]]></item>
		</item>
		<item id="3">
			<item id="optionid"><![CDATA[1329]]></item>
			<item id="classid"><![CDATA[5]]></item>
			<item id="displayorder"><![CDATA[19]]></item>
			<item id="expiration"><![CDATA[0]]></item>
			<item id="title"><![CDATA[途经地]]></item>
			<item id="description"><![CDATA[带*为必填选项]]></item>
			<item id="identifier"><![CDATA[ren_pc_tjd]]></item>
			<item id="type"><![CDATA[text]]></item>
			<item id="unit"><![CDATA[]]></item>
			<item id="permprompt"><![CDATA[]]></item>
			<item id="typeid"><![CDATA[73]]></item>
			<item id="name"><![CDATA[拼车信息]]></item>
			<item id="icon"><![CDATA[]]></item>
			<item id="special"><![CDATA[1]]></item>
			<item id="modelid"><![CDATA[0]]></item>
			<item id="template"><![CDATA[<style type="text/css">
.ren_view_share.ren_view_footer { display: none; }
.ren_view_share.ren_view_foo { display: none; }
.rtj1009_m_main .ren_view_xxtop { display: none; }
.rtj1009_m_main .ren_view_ny .ren_lc_xx { display: none; }
.rtj1009_m_main .ren_view_ny .pi { overflow: initial; }
.rtj1009_m_main .message { overflow: initial; }
.rtj1009_m_main .ren_view_xf .ren_v_xftpxx { margin: -10px -10px 0 -10px; }
</style>

<div class="ren_view_xf ren_view_esf ren_view_zp cl">
    <div class="ren_v_xfyiyxx ren_v_pc">
    	<div class="ren_v_xfbtxx cl">
        	<span class="ren_pc_lx">{ren_pc_lx_value}</span>
        	<p class="ren_v_xfjg">
            	<span class="ren_v_xfjgsz">{ren_pc_cfd_value}<span class="ren-i-em"></span>{ren_pc_mdd_value}</span>
            </p>
        </div>
    	<ul class="ren_v_xfyinr ren_pc_nr cl">
            <li class="ren_v_yinrliu yi"><span><i class="icon ren-font">&#xe61c;</i>{ren_pc_cfsj}</span><p>{ren_pc_cfsj_value}</p></li>
            <li class="ren_v_yinrliu e"><span><i class="icon ren-font">&#xe610;</i>途经</span><p>{ren_pc_tjd_value}</p></li>
            <li class="ren_v_yinrliu san"><span><i class="icon ren-font">&#xe7b7;</i>{ren_pc_qclx}</span><p>{ren_pc_qclx_value}</p></li>
            <li class="ren_v_yinrliu si"><span><i class="icon ren-font">&#xe630;</i>{ren_pc_kw}</span><p>{ren_pc_kw_value}{ren_pc_kw_unit}</p></li>
            <li class="ren_v_yinrliu wu"><span><i class="icon ren-font">&#xe611;</i>{ren_pc_fy}</span><p>{ren_pc_fy_value}{ren_pc_fy_unit}</p></li>
            <li class="ren_v_yinrliu liu"><span><i class="icon ren-font">&#xe600;</i>{ren_pc_lxr}</span><p>{ren_pc_lxr_value}</p></li>
            <li class="ren_v_yinrliu qi"><span><i class="icon ren-font">&#xe621;</i>{ren_pc_dh}</span><p>{ren_pc_dh_value}</p></li>
        </ul>
    </div>
</div>
<div class="ren_view_xfe ren_view_sjzk ren_view_zpx cl">
    <ul class="ren_v_xfnrtap">
        <li>
            <a href="javascript:;" class="xxk">更多说明</a>
        </li>
    </ul>
</div>
<div class="ren_view_share ren_flxx_footer">
	<a href="tel:{ren_pc_dh_value}" class="yi"><span>{ren_pc_lxr_value}</span><em>{ren_pc_dh_value}</em></a>
	<a href="tel:{ren_pc_dh_value}" class="e"><i class="icon ren-font">&#xe6be;</i>电话</a>
	<a class="open-popup san" data-popup=".popup-view"><i class="icon ren-font">&#xe619;</i>评论</a>
	<a href="javascript:;" class="ren_share open-popup si" data-popup=".popup-share"><i class="icon ren-font">&#xe742;</i>分享</a>
</div>]]></item>
			<item id="stemplate"><![CDATA[<ul class="ren_flxx_ul">
[loop]
    <li class="ren_fl_xf ren_lx_pc cl">
        <div class="ren_xf_xx">
            <div class="ren_xf_btxx ren_pc_btxx">
                <span class="ren_bt_icon">{ren_pc_lx_value}</span>
                <a href="{subject_url}" class="ren_xf_bt">{ren_pc_cfd_value}<em class="ren-i-em"><i class="icon ren-font">&#xe68d;</i></em>{ren_pc_mdd_value}</a>
            </div>
            
            <p class="ren_xf_wz ren-pclist-sj"><i class="icon ren-font">&#xe61c;</i><em class="ren_bt_icon">{ren_pc_cfsj}：</em>{ren_pc_cfsj_value}</p>
			<p class="ren_xf_wz ren-pclist-sj tu"><i class="icon ren-font">&#xe610;</i><em class="ren_bt_icon">途经：</em>{ren_pc_tjd_value}</p>
            <div class="ren_xf_tx ren_pc_tx">
                <a href="{subject_url}" class="ren_pc_txx">
				<span class="yi"><i class="icon ren-font">&#xe7b7;</i><em class="ren_bt_icon">{ren_pc_qclx}：</em>{ren_pc_qclx_value}</span>
				<span class="e"><i class="icon ren-font">&#xe630;</i><em class="ren_bt_icon">{ren_pc_kw}：</em>{ren_pc_kw_value}{ren_pc_kw_unit}<em class="inherit">空位</em></span>
				<span class="san"><i class="icon ren-font">&#xe611;</i><em class="ren_bt_icon">{ren_pc_fy}：</em>{ren_pc_fy_value}{ren_pc_fy_unit}</span>
				</a>
            </div>
        </div>
		<div class="ren_zby_price">
            <a href="{subject_url}" class="ren_pr_jg">
                <span class="ren_pr_jgsz">查看号码</span>
            </a>
            <a href="tel:{ren_pc_dh_value}" class="ren-pc-tel"><i class="icon ren-font">&#xe612;</i></a>
        </div>
    </li>
[/loop]
</ul>
]]></item>
			<item id="ptemplate"><![CDATA[]]></item>
			<item id="btemplate"><![CDATA[]]></item>
			<item id="sortid"><![CDATA[73]]></item>
			<item id="available"><![CDATA[1]]></item>
			<item id="required"><![CDATA[1]]></item>
			<item id="unchangeable"><![CDATA[0]]></item>
			<item id="search"><![CDATA[0]]></item>
			<item id="subjectshow"><![CDATA[1]]></item>
			<item id="tpdescription"><![CDATA[可填途经什么地方，如没有的，可填直达或无]]></item>
			<item id="ttdescription"><![CDATA[带*为必填选项]]></item>
			<item id="tpexpiration"><![CDATA[0]]></item>
			<item id="ttexpiration"><![CDATA[0]]></item>
			<item id="__protect">
				<item id="status"><![CDATA[0]]></item>
				<item id="usergroup"><![CDATA[]]></item>
				<item id="verify"><![CDATA[]]></item>
			</item>
			<item id="__rules">
				<item id="maxlength"><![CDATA[]]></item>
				<item id="inputsize"><![CDATA[]]></item>
				<item id="profile"><![CDATA[]]></item>
				<item id="defaultvalue"><![CDATA[]]></item>
			</item>
		</item>
		<item id="4">
			<item id="optionid"><![CDATA[1330]]></item>
			<item id="classid"><![CDATA[5]]></item>
			<item id="displayorder"><![CDATA[20]]></item>
			<item id="expiration"><![CDATA[0]]></item>
			<item id="title"><![CDATA[车型]]></item>
			<item id="description"><![CDATA[带*为必填选项]]></item>
			<item id="identifier"><![CDATA[ren_pc_qclx]]></item>
			<item id="type"><![CDATA[radio]]></item>
			<item id="unit"><![CDATA[]]></item>
			<item id="permprompt"><![CDATA[]]></item>
			<item id="typeid"><![CDATA[73]]></item>
			<item id="name"><![CDATA[拼车信息]]></item>
			<item id="icon"><![CDATA[]]></item>
			<item id="special"><![CDATA[1]]></item>
			<item id="modelid"><![CDATA[0]]></item>
			<item id="template"><![CDATA[<style type="text/css">
.ren_view_share.ren_view_footer { display: none; }
.ren_view_share.ren_view_foo { display: none; }
.rtj1009_m_main .ren_view_xxtop { display: none; }
.rtj1009_m_main .ren_view_ny .ren_lc_xx { display: none; }
.rtj1009_m_main .ren_view_ny .pi { overflow: initial; }
.rtj1009_m_main .message { overflow: initial; }
.rtj1009_m_main .ren_view_xf .ren_v_xftpxx { margin: -10px -10px 0 -10px; }
</style>

<div class="ren_view_xf ren_view_esf ren_view_zp cl">
    <div class="ren_v_xfyiyxx ren_v_pc">
    	<div class="ren_v_xfbtxx cl">
        	<span class="ren_pc_lx">{ren_pc_lx_value}</span>
        	<p class="ren_v_xfjg">
            	<span class="ren_v_xfjgsz">{ren_pc_cfd_value}<span class="ren-i-em"></span>{ren_pc_mdd_value}</span>
            </p>
        </div>
    	<ul class="ren_v_xfyinr ren_pc_nr cl">
            <li class="ren_v_yinrliu yi"><span><i class="icon ren-font">&#xe61c;</i>{ren_pc_cfsj}</span><p>{ren_pc_cfsj_value}</p></li>
            <li class="ren_v_yinrliu e"><span><i class="icon ren-font">&#xe610;</i>途经</span><p>{ren_pc_tjd_value}</p></li>
            <li class="ren_v_yinrliu san"><span><i class="icon ren-font">&#xe7b7;</i>{ren_pc_qclx}</span><p>{ren_pc_qclx_value}</p></li>
            <li class="ren_v_yinrliu si"><span><i class="icon ren-font">&#xe630;</i>{ren_pc_kw}</span><p>{ren_pc_kw_value}{ren_pc_kw_unit}</p></li>
            <li class="ren_v_yinrliu wu"><span><i class="icon ren-font">&#xe611;</i>{ren_pc_fy}</span><p>{ren_pc_fy_value}{ren_pc_fy_unit}</p></li>
            <li class="ren_v_yinrliu liu"><span><i class="icon ren-font">&#xe600;</i>{ren_pc_lxr}</span><p>{ren_pc_lxr_value}</p></li>
            <li class="ren_v_yinrliu qi"><span><i class="icon ren-font">&#xe621;</i>{ren_pc_dh}</span><p>{ren_pc_dh_value}</p></li>
        </ul>
    </div>
</div>
<div class="ren_view_xfe ren_view_sjzk ren_view_zpx cl">
    <ul class="ren_v_xfnrtap">
        <li>
            <a href="javascript:;" class="xxk">更多说明</a>
        </li>
    </ul>
</div>
<div class="ren_view_share ren_flxx_footer">
	<a href="tel:{ren_pc_dh_value}" class="yi"><span>{ren_pc_lxr_value}</span><em>{ren_pc_dh_value}</em></a>
	<a href="tel:{ren_pc_dh_value}" class="e"><i class="icon ren-font">&#xe6be;</i>电话</a>
	<a class="open-popup san" data-popup=".popup-view"><i class="icon ren-font">&#xe619;</i>评论</a>
	<a href="javascript:;" class="ren_share open-popup si" data-popup=".popup-share"><i class="icon ren-font">&#xe742;</i>分享</a>
</div>]]></item>
			<item id="stemplate"><![CDATA[<ul class="ren_flxx_ul">
[loop]
    <li class="ren_fl_xf ren_lx_pc cl">
        <div class="ren_xf_xx">
            <div class="ren_xf_btxx ren_pc_btxx">
                <span class="ren_bt_icon">{ren_pc_lx_value}</span>
                <a href="{subject_url}" class="ren_xf_bt">{ren_pc_cfd_value}<em class="ren-i-em"><i class="icon ren-font">&#xe68d;</i></em>{ren_pc_mdd_value}</a>
            </div>
            
            <p class="ren_xf_wz ren-pclist-sj"><i class="icon ren-font">&#xe61c;</i><em class="ren_bt_icon">{ren_pc_cfsj}：</em>{ren_pc_cfsj_value}</p>
			<p class="ren_xf_wz ren-pclist-sj tu"><i class="icon ren-font">&#xe610;</i><em class="ren_bt_icon">途经：</em>{ren_pc_tjd_value}</p>
            <div class="ren_xf_tx ren_pc_tx">
                <a href="{subject_url}" class="ren_pc_txx">
				<span class="yi"><i class="icon ren-font">&#xe7b7;</i><em class="ren_bt_icon">{ren_pc_qclx}：</em>{ren_pc_qclx_value}</span>
				<span class="e"><i class="icon ren-font">&#xe630;</i><em class="ren_bt_icon">{ren_pc_kw}：</em>{ren_pc_kw_value}{ren_pc_kw_unit}<em class="inherit">空位</em></span>
				<span class="san"><i class="icon ren-font">&#xe611;</i><em class="ren_bt_icon">{ren_pc_fy}：</em>{ren_pc_fy_value}{ren_pc_fy_unit}</span>
				</a>
            </div>
        </div>
		<div class="ren_zby_price">
            <a href="{subject_url}" class="ren_pr_jg">
                <span class="ren_pr_jgsz">查看号码</span>
            </a>
            <a href="tel:{ren_pc_dh_value}" class="ren-pc-tel"><i class="icon ren-font">&#xe612;</i></a>
        </div>
    </li>
[/loop]
</ul>
]]></item>
			<item id="ptemplate"><![CDATA[]]></item>
			<item id="btemplate"><![CDATA[]]></item>
			<item id="sortid"><![CDATA[73]]></item>
			<item id="available"><![CDATA[1]]></item>
			<item id="required"><![CDATA[1]]></item>
			<item id="unchangeable"><![CDATA[0]]></item>
			<item id="search"><![CDATA[2]]></item>
			<item id="subjectshow"><![CDATA[1]]></item>
			<item id="tpdescription"><![CDATA[]]></item>
			<item id="ttdescription"><![CDATA[带*为必填选项]]></item>
			<item id="tpexpiration"><![CDATA[0]]></item>
			<item id="ttexpiration"><![CDATA[0]]></item>
			<item id="__protect">
				<item id="usergroup"><![CDATA[]]></item>
				<item id="verify"><![CDATA[]]></item>
			</item>
			<item id="__rules">
				<item id="choices"><![CDATA[1=轿车
2=SUV
3=面包车
4=商务车
5=货车
6=大巴车
7=其它车型]]></item>
			</item>
		</item>
		<item id="5">
			<item id="optionid"><![CDATA[1331]]></item>
			<item id="classid"><![CDATA[5]]></item>
			<item id="displayorder"><![CDATA[21]]></item>
			<item id="expiration"><![CDATA[0]]></item>
			<item id="title"><![CDATA[出发时间]]></item>
			<item id="description"><![CDATA[带*为必填选项]]></item>
			<item id="identifier"><![CDATA[ren_pc_cfsj]]></item>
			<item id="type"><![CDATA[text]]></item>
			<item id="unit"><![CDATA[]]></item>
			<item id="permprompt"><![CDATA[]]></item>
			<item id="typeid"><![CDATA[73]]></item>
			<item id="name"><![CDATA[拼车信息]]></item>
			<item id="icon"><![CDATA[]]></item>
			<item id="special"><![CDATA[1]]></item>
			<item id="modelid"><![CDATA[0]]></item>
			<item id="template"><![CDATA[<style type="text/css">
.ren_view_share.ren_view_footer { display: none; }
.ren_view_share.ren_view_foo { display: none; }
.rtj1009_m_main .ren_view_xxtop { display: none; }
.rtj1009_m_main .ren_view_ny .ren_lc_xx { display: none; }
.rtj1009_m_main .ren_view_ny .pi { overflow: initial; }
.rtj1009_m_main .message { overflow: initial; }
.rtj1009_m_main .ren_view_xf .ren_v_xftpxx { margin: -10px -10px 0 -10px; }
</style>

<div class="ren_view_xf ren_view_esf ren_view_zp cl">
    <div class="ren_v_xfyiyxx ren_v_pc">
    	<div class="ren_v_xfbtxx cl">
        	<span class="ren_pc_lx">{ren_pc_lx_value}</span>
        	<p class="ren_v_xfjg">
            	<span class="ren_v_xfjgsz">{ren_pc_cfd_value}<span class="ren-i-em"></span>{ren_pc_mdd_value}</span>
            </p>
        </div>
    	<ul class="ren_v_xfyinr ren_pc_nr cl">
            <li class="ren_v_yinrliu yi"><span><i class="icon ren-font">&#xe61c;</i>{ren_pc_cfsj}</span><p>{ren_pc_cfsj_value}</p></li>
            <li class="ren_v_yinrliu e"><span><i class="icon ren-font">&#xe610;</i>途经</span><p>{ren_pc_tjd_value}</p></li>
            <li class="ren_v_yinrliu san"><span><i class="icon ren-font">&#xe7b7;</i>{ren_pc_qclx}</span><p>{ren_pc_qclx_value}</p></li>
            <li class="ren_v_yinrliu si"><span><i class="icon ren-font">&#xe630;</i>{ren_pc_kw}</span><p>{ren_pc_kw_value}{ren_pc_kw_unit}</p></li>
            <li class="ren_v_yinrliu wu"><span><i class="icon ren-font">&#xe611;</i>{ren_pc_fy}</span><p>{ren_pc_fy_value}{ren_pc_fy_unit}</p></li>
            <li class="ren_v_yinrliu liu"><span><i class="icon ren-font">&#xe600;</i>{ren_pc_lxr}</span><p>{ren_pc_lxr_value}</p></li>
            <li class="ren_v_yinrliu qi"><span><i class="icon ren-font">&#xe621;</i>{ren_pc_dh}</span><p>{ren_pc_dh_value}</p></li>
        </ul>
    </div>
</div>
<div class="ren_view_xfe ren_view_sjzk ren_view_zpx cl">
    <ul class="ren_v_xfnrtap">
        <li>
            <a href="javascript:;" class="xxk">更多说明</a>
        </li>
    </ul>
</div>
<div class="ren_view_share ren_flxx_footer">
	<a href="tel:{ren_pc_dh_value}" class="yi"><span>{ren_pc_lxr_value}</span><em>{ren_pc_dh_value}</em></a>
	<a href="tel:{ren_pc_dh_value}" class="e"><i class="icon ren-font">&#xe6be;</i>电话</a>
	<a class="open-popup san" data-popup=".popup-view"><i class="icon ren-font">&#xe619;</i>评论</a>
	<a href="javascript:;" class="ren_share open-popup si" data-popup=".popup-share"><i class="icon ren-font">&#xe742;</i>分享</a>
</div>]]></item>
			<item id="stemplate"><![CDATA[<ul class="ren_flxx_ul">
[loop]
    <li class="ren_fl_xf ren_lx_pc cl">
        <div class="ren_xf_xx">
            <div class="ren_xf_btxx ren_pc_btxx">
                <span class="ren_bt_icon">{ren_pc_lx_value}</span>
                <a href="{subject_url}" class="ren_xf_bt">{ren_pc_cfd_value}<em class="ren-i-em"><i class="icon ren-font">&#xe68d;</i></em>{ren_pc_mdd_value}</a>
            </div>
            
            <p class="ren_xf_wz ren-pclist-sj"><i class="icon ren-font">&#xe61c;</i><em class="ren_bt_icon">{ren_pc_cfsj}：</em>{ren_pc_cfsj_value}</p>
			<p class="ren_xf_wz ren-pclist-sj tu"><i class="icon ren-font">&#xe610;</i><em class="ren_bt_icon">途经：</em>{ren_pc_tjd_value}</p>
            <div class="ren_xf_tx ren_pc_tx">
                <a href="{subject_url}" class="ren_pc_txx">
				<span class="yi"><i class="icon ren-font">&#xe7b7;</i><em class="ren_bt_icon">{ren_pc_qclx}：</em>{ren_pc_qclx_value}</span>
				<span class="e"><i class="icon ren-font">&#xe630;</i><em class="ren_bt_icon">{ren_pc_kw}：</em>{ren_pc_kw_value}{ren_pc_kw_unit}<em class="inherit">空位</em></span>
				<span class="san"><i class="icon ren-font">&#xe611;</i><em class="ren_bt_icon">{ren_pc_fy}：</em>{ren_pc_fy_value}{ren_pc_fy_unit}</span>
				</a>
            </div>
        </div>
		<div class="ren_zby_price">
            <a href="{subject_url}" class="ren_pr_jg">
                <span class="ren_pr_jgsz">查看号码</span>
            </a>
            <a href="tel:{ren_pc_dh_value}" class="ren-pc-tel"><i class="icon ren-font">&#xe612;</i></a>
        </div>
    </li>
[/loop]
</ul>
]]></item>
			<item id="ptemplate"><![CDATA[]]></item>
			<item id="btemplate"><![CDATA[]]></item>
			<item id="sortid"><![CDATA[73]]></item>
			<item id="available"><![CDATA[1]]></item>
			<item id="required"><![CDATA[1]]></item>
			<item id="unchangeable"><![CDATA[0]]></item>
			<item id="search"><![CDATA[0]]></item>
			<item id="subjectshow"><![CDATA[1]]></item>
			<item id="tpdescription"><![CDATA[时间格式为：2018-08-10 10:30]]></item>
			<item id="ttdescription"><![CDATA[带*为必填选项]]></item>
			<item id="tpexpiration"><![CDATA[0]]></item>
			<item id="ttexpiration"><![CDATA[0]]></item>
			<item id="__protect">
				<item id="status"><![CDATA[0]]></item>
				<item id="usergroup"><![CDATA[]]></item>
				<item id="verify"><![CDATA[]]></item>
			</item>
			<item id="__rules">
				<item id="maxlength"><![CDATA[]]></item>
				<item id="inputsize"><![CDATA[]]></item>
				<item id="profile"><![CDATA[]]></item>
				<item id="defaultvalue"><![CDATA[]]></item>
			</item>
		</item>
		<item id="6">
			<item id="optionid"><![CDATA[1332]]></item>
			<item id="classid"><![CDATA[5]]></item>
			<item id="displayorder"><![CDATA[22]]></item>
			<item id="expiration"><![CDATA[0]]></item>
			<item id="title"><![CDATA[剩余空位]]></item>
			<item id="description"><![CDATA[带*为必填选项]]></item>
			<item id="identifier"><![CDATA[ren_pc_kw]]></item>
			<item id="type"><![CDATA[text]]></item>
			<item id="unit"><![CDATA[个]]></item>
			<item id="permprompt"><![CDATA[]]></item>
			<item id="typeid"><![CDATA[73]]></item>
			<item id="name"><![CDATA[拼车信息]]></item>
			<item id="icon"><![CDATA[]]></item>
			<item id="special"><![CDATA[1]]></item>
			<item id="modelid"><![CDATA[0]]></item>
			<item id="template"><![CDATA[<style type="text/css">
.ren_view_share.ren_view_footer { display: none; }
.ren_view_share.ren_view_foo { display: none; }
.rtj1009_m_main .ren_view_xxtop { display: none; }
.rtj1009_m_main .ren_view_ny .ren_lc_xx { display: none; }
.rtj1009_m_main .ren_view_ny .pi { overflow: initial; }
.rtj1009_m_main .message { overflow: initial; }
.rtj1009_m_main .ren_view_xf .ren_v_xftpxx { margin: -10px -10px 0 -10px; }
</style>

<div class="ren_view_xf ren_view_esf ren_view_zp cl">
    <div class="ren_v_xfyiyxx ren_v_pc">
    	<div class="ren_v_xfbtxx cl">
        	<span class="ren_pc_lx">{ren_pc_lx_value}</span>
        	<p class="ren_v_xfjg">
            	<span class="ren_v_xfjgsz">{ren_pc_cfd_value}<span class="ren-i-em"></span>{ren_pc_mdd_value}</span>
            </p>
        </div>
    	<ul class="ren_v_xfyinr ren_pc_nr cl">
            <li class="ren_v_yinrliu yi"><span><i class="icon ren-font">&#xe61c;</i>{ren_pc_cfsj}</span><p>{ren_pc_cfsj_value}</p></li>
            <li class="ren_v_yinrliu e"><span><i class="icon ren-font">&#xe610;</i>途经</span><p>{ren_pc_tjd_value}</p></li>
            <li class="ren_v_yinrliu san"><span><i class="icon ren-font">&#xe7b7;</i>{ren_pc_qclx}</span><p>{ren_pc_qclx_value}</p></li>
            <li class="ren_v_yinrliu si"><span><i class="icon ren-font">&#xe630;</i>{ren_pc_kw}</span><p>{ren_pc_kw_value}{ren_pc_kw_unit}</p></li>
            <li class="ren_v_yinrliu wu"><span><i class="icon ren-font">&#xe611;</i>{ren_pc_fy}</span><p>{ren_pc_fy_value}{ren_pc_fy_unit}</p></li>
            <li class="ren_v_yinrliu liu"><span><i class="icon ren-font">&#xe600;</i>{ren_pc_lxr}</span><p>{ren_pc_lxr_value}</p></li>
            <li class="ren_v_yinrliu qi"><span><i class="icon ren-font">&#xe621;</i>{ren_pc_dh}</span><p>{ren_pc_dh_value}</p></li>
        </ul>
    </div>
</div>
<div class="ren_view_xfe ren_view_sjzk ren_view_zpx cl">
    <ul class="ren_v_xfnrtap">
        <li>
            <a href="javascript:;" class="xxk">更多说明</a>
        </li>
    </ul>
</div>
<div class="ren_view_share ren_flxx_footer">
	<a href="tel:{ren_pc_dh_value}" class="yi"><span>{ren_pc_lxr_value}</span><em>{ren_pc_dh_value}</em></a>
	<a href="tel:{ren_pc_dh_value}" class="e"><i class="icon ren-font">&#xe6be;</i>电话</a>
	<a class="open-popup san" data-popup=".popup-view"><i class="icon ren-font">&#xe619;</i>评论</a>
	<a href="javascript:;" class="ren_share open-popup si" data-popup=".popup-share"><i class="icon ren-font">&#xe742;</i>分享</a>
</div>]]></item>
			<item id="stemplate"><![CDATA[<ul class="ren_flxx_ul">
[loop]
    <li class="ren_fl_xf ren_lx_pc cl">
        <div class="ren_xf_xx">
            <div class="ren_xf_btxx ren_pc_btxx">
                <span class="ren_bt_icon">{ren_pc_lx_value}</span>
                <a href="{subject_url}" class="ren_xf_bt">{ren_pc_cfd_value}<em class="ren-i-em"><i class="icon ren-font">&#xe68d;</i></em>{ren_pc_mdd_value}</a>
            </div>
            
            <p class="ren_xf_wz ren-pclist-sj"><i class="icon ren-font">&#xe61c;</i><em class="ren_bt_icon">{ren_pc_cfsj}：</em>{ren_pc_cfsj_value}</p>
			<p class="ren_xf_wz ren-pclist-sj tu"><i class="icon ren-font">&#xe610;</i><em class="ren_bt_icon">途经：</em>{ren_pc_tjd_value}</p>
            <div class="ren_xf_tx ren_pc_tx">
                <a href="{subject_url}" class="ren_pc_txx">
				<span class="yi"><i class="icon ren-font">&#xe7b7;</i><em class="ren_bt_icon">{ren_pc_qclx}：</em>{ren_pc_qclx_value}</span>
				<span class="e"><i class="icon ren-font">&#xe630;</i><em class="ren_bt_icon">{ren_pc_kw}：</em>{ren_pc_kw_value}{ren_pc_kw_unit}<em class="inherit">空位</em></span>
				<span class="san"><i class="icon ren-font">&#xe611;</i><em class="ren_bt_icon">{ren_pc_fy}：</em>{ren_pc_fy_value}{ren_pc_fy_unit}</span>
				</a>
            </div>
        </div>
		<div class="ren_zby_price">
            <a href="{subject_url}" class="ren_pr_jg">
                <span class="ren_pr_jgsz">查看号码</span>
            </a>
            <a href="tel:{ren_pc_dh_value}" class="ren-pc-tel"><i class="icon ren-font">&#xe612;</i></a>
        </div>
    </li>
[/loop]
</ul>
]]></item>
			<item id="ptemplate"><![CDATA[]]></item>
			<item id="btemplate"><![CDATA[]]></item>
			<item id="sortid"><![CDATA[73]]></item>
			<item id="available"><![CDATA[1]]></item>
			<item id="required"><![CDATA[1]]></item>
			<item id="unchangeable"><![CDATA[0]]></item>
			<item id="search"><![CDATA[0]]></item>
			<item id="subjectshow"><![CDATA[1]]></item>
			<item id="tpdescription"><![CDATA[]]></item>
			<item id="ttdescription"><![CDATA[带*为必填选项]]></item>
			<item id="tpexpiration"><![CDATA[0]]></item>
			<item id="ttexpiration"><![CDATA[0]]></item>
			<item id="__protect">
				<item id="status"><![CDATA[0]]></item>
				<item id="usergroup"><![CDATA[]]></item>
				<item id="verify"><![CDATA[]]></item>
			</item>
			<item id="__rules">
				<item id="maxlength"><![CDATA[]]></item>
				<item id="inputsize"><![CDATA[]]></item>
				<item id="profile"><![CDATA[]]></item>
				<item id="defaultvalue"><![CDATA[]]></item>
			</item>
		</item>
		<item id="7">
			<item id="optionid"><![CDATA[1333]]></item>
			<item id="classid"><![CDATA[5]]></item>
			<item id="displayorder"><![CDATA[23]]></item>
			<item id="expiration"><![CDATA[0]]></item>
			<item id="title"><![CDATA[拼车费用]]></item>
			<item id="description"><![CDATA[带*为必填选项]]></item>
			<item id="identifier"><![CDATA[ren_pc_fy]]></item>
			<item id="type"><![CDATA[text]]></item>
			<item id="unit"><![CDATA[元/位]]></item>
			<item id="permprompt"><![CDATA[]]></item>
			<item id="typeid"><![CDATA[73]]></item>
			<item id="name"><![CDATA[拼车信息]]></item>
			<item id="icon"><![CDATA[]]></item>
			<item id="special"><![CDATA[1]]></item>
			<item id="modelid"><![CDATA[0]]></item>
			<item id="template"><![CDATA[<style type="text/css">
.ren_view_share.ren_view_footer { display: none; }
.ren_view_share.ren_view_foo { display: none; }
.rtj1009_m_main .ren_view_xxtop { display: none; }
.rtj1009_m_main .ren_view_ny .ren_lc_xx { display: none; }
.rtj1009_m_main .ren_view_ny .pi { overflow: initial; }
.rtj1009_m_main .message { overflow: initial; }
.rtj1009_m_main .ren_view_xf .ren_v_xftpxx { margin: -10px -10px 0 -10px; }
</style>

<div class="ren_view_xf ren_view_esf ren_view_zp cl">
    <div class="ren_v_xfyiyxx ren_v_pc">
    	<div class="ren_v_xfbtxx cl">
        	<span class="ren_pc_lx">{ren_pc_lx_value}</span>
        	<p class="ren_v_xfjg">
            	<span class="ren_v_xfjgsz">{ren_pc_cfd_value}<span class="ren-i-em"></span>{ren_pc_mdd_value}</span>
            </p>
        </div>
    	<ul class="ren_v_xfyinr ren_pc_nr cl">
            <li class="ren_v_yinrliu yi"><span><i class="icon ren-font">&#xe61c;</i>{ren_pc_cfsj}</span><p>{ren_pc_cfsj_value}</p></li>
            <li class="ren_v_yinrliu e"><span><i class="icon ren-font">&#xe610;</i>途经</span><p>{ren_pc_tjd_value}</p></li>
            <li class="ren_v_yinrliu san"><span><i class="icon ren-font">&#xe7b7;</i>{ren_pc_qclx}</span><p>{ren_pc_qclx_value}</p></li>
            <li class="ren_v_yinrliu si"><span><i class="icon ren-font">&#xe630;</i>{ren_pc_kw}</span><p>{ren_pc_kw_value}{ren_pc_kw_unit}</p></li>
            <li class="ren_v_yinrliu wu"><span><i class="icon ren-font">&#xe611;</i>{ren_pc_fy}</span><p>{ren_pc_fy_value}{ren_pc_fy_unit}</p></li>
            <li class="ren_v_yinrliu liu"><span><i class="icon ren-font">&#xe600;</i>{ren_pc_lxr}</span><p>{ren_pc_lxr_value}</p></li>
            <li class="ren_v_yinrliu qi"><span><i class="icon ren-font">&#xe621;</i>{ren_pc_dh}</span><p>{ren_pc_dh_value}</p></li>
        </ul>
    </div>
</div>
<div class="ren_view_xfe ren_view_sjzk ren_view_zpx cl">
    <ul class="ren_v_xfnrtap">
        <li>
            <a href="javascript:;" class="xxk">更多说明</a>
        </li>
    </ul>
</div>
<div class="ren_view_share ren_flxx_footer">
	<a href="tel:{ren_pc_dh_value}" class="yi"><span>{ren_pc_lxr_value}</span><em>{ren_pc_dh_value}</em></a>
	<a href="tel:{ren_pc_dh_value}" class="e"><i class="icon ren-font">&#xe6be;</i>电话</a>
	<a class="open-popup san" data-popup=".popup-view"><i class="icon ren-font">&#xe619;</i>评论</a>
	<a href="javascript:;" class="ren_share open-popup si" data-popup=".popup-share"><i class="icon ren-font">&#xe742;</i>分享</a>
</div>]]></item>
			<item id="stemplate"><![CDATA[<ul class="ren_flxx_ul">
[loop]
    <li class="ren_fl_xf ren_lx_pc cl">
        <div class="ren_xf_xx">
            <div class="ren_xf_btxx ren_pc_btxx">
                <span class="ren_bt_icon">{ren_pc_lx_value}</span>
                <a href="{subject_url}" class="ren_xf_bt">{ren_pc_cfd_value}<em class="ren-i-em"><i class="icon ren-font">&#xe68d;</i></em>{ren_pc_mdd_value}</a>
            </div>
            
            <p class="ren_xf_wz ren-pclist-sj"><i class="icon ren-font">&#xe61c;</i><em class="ren_bt_icon">{ren_pc_cfsj}：</em>{ren_pc_cfsj_value}</p>
			<p class="ren_xf_wz ren-pclist-sj tu"><i class="icon ren-font">&#xe610;</i><em class="ren_bt_icon">途经：</em>{ren_pc_tjd_value}</p>
            <div class="ren_xf_tx ren_pc_tx">
                <a href="{subject_url}" class="ren_pc_txx">
				<span class="yi"><i class="icon ren-font">&#xe7b7;</i><em class="ren_bt_icon">{ren_pc_qclx}：</em>{ren_pc_qclx_value}</span>
				<span class="e"><i class="icon ren-font">&#xe630;</i><em class="ren_bt_icon">{ren_pc_kw}：</em>{ren_pc_kw_value}{ren_pc_kw_unit}<em class="inherit">空位</em></span>
				<span class="san"><i class="icon ren-font">&#xe611;</i><em class="ren_bt_icon">{ren_pc_fy}：</em>{ren_pc_fy_value}{ren_pc_fy_unit}</span>
				</a>
            </div>
        </div>
		<div class="ren_zby_price">
            <a href="{subject_url}" class="ren_pr_jg">
                <span class="ren_pr_jgsz">查看号码</span>
            </a>
            <a href="tel:{ren_pc_dh_value}" class="ren-pc-tel"><i class="icon ren-font">&#xe612;</i></a>
        </div>
    </li>
[/loop]
</ul>
]]></item>
			<item id="ptemplate"><![CDATA[]]></item>
			<item id="btemplate"><![CDATA[]]></item>
			<item id="sortid"><![CDATA[73]]></item>
			<item id="available"><![CDATA[1]]></item>
			<item id="required"><![CDATA[1]]></item>
			<item id="unchangeable"><![CDATA[0]]></item>
			<item id="search"><![CDATA[0]]></item>
			<item id="subjectshow"><![CDATA[1]]></item>
			<item id="tpdescription"><![CDATA[]]></item>
			<item id="ttdescription"><![CDATA[带*为必填选项]]></item>
			<item id="tpexpiration"><![CDATA[0]]></item>
			<item id="ttexpiration"><![CDATA[0]]></item>
			<item id="__protect">
				<item id="status"><![CDATA[0]]></item>
				<item id="usergroup"><![CDATA[]]></item>
				<item id="verify"><![CDATA[]]></item>
			</item>
			<item id="__rules">
				<item id="maxlength"><![CDATA[]]></item>
				<item id="inputsize"><![CDATA[]]></item>
				<item id="profile"><![CDATA[]]></item>
				<item id="defaultvalue"><![CDATA[]]></item>
			</item>
		</item>
		<item id="8">
			<item id="optionid"><![CDATA[1334]]></item>
			<item id="classid"><![CDATA[5]]></item>
			<item id="displayorder"><![CDATA[24]]></item>
			<item id="expiration"><![CDATA[0]]></item>
			<item id="protect"><![CDATA[]]></item>
			<item id="title"><![CDATA[联系人]]></item>
			<item id="description"><![CDATA[带*为必填选项]]></item>
			<item id="identifier"><![CDATA[ren_pc_lxr]]></item>
			<item id="type"><![CDATA[text]]></item>
			<item id="unit"><![CDATA[]]></item>
			<item id="rules"><![CDATA[]]></item>
			<item id="permprompt"><![CDATA[]]></item>
			<item id="typeid"><![CDATA[73]]></item>
			<item id="name"><![CDATA[拼车信息]]></item>
			<item id="icon"><![CDATA[]]></item>
			<item id="special"><![CDATA[1]]></item>
			<item id="modelid"><![CDATA[0]]></item>
			<item id="template"><![CDATA[<style type="text/css">
.ren_view_share.ren_view_footer { display: none; }
.ren_view_share.ren_view_foo { display: none; }
.rtj1009_m_main .ren_view_xxtop { display: none; }
.rtj1009_m_main .ren_view_ny .ren_lc_xx { display: none; }
.rtj1009_m_main .ren_view_ny .pi { overflow: initial; }
.rtj1009_m_main .message { overflow: initial; }
.rtj1009_m_main .ren_view_xf .ren_v_xftpxx { margin: -10px -10px 0 -10px; }
</style>

<div class="ren_view_xf ren_view_esf ren_view_zp cl">
    <div class="ren_v_xfyiyxx ren_v_pc">
    	<div class="ren_v_xfbtxx cl">
        	<span class="ren_pc_lx">{ren_pc_lx_value}</span>
        	<p class="ren_v_xfjg">
            	<span class="ren_v_xfjgsz">{ren_pc_cfd_value}<span class="ren-i-em"></span>{ren_pc_mdd_value}</span>
            </p>
        </div>
    	<ul class="ren_v_xfyinr ren_pc_nr cl">
            <li class="ren_v_yinrliu yi"><span><i class="icon ren-font">&#xe61c;</i>{ren_pc_cfsj}</span><p>{ren_pc_cfsj_value}</p></li>
            <li class="ren_v_yinrliu e"><span><i class="icon ren-font">&#xe610;</i>途经</span><p>{ren_pc_tjd_value}</p></li>
            <li class="ren_v_yinrliu san"><span><i class="icon ren-font">&#xe7b7;</i>{ren_pc_qclx}</span><p>{ren_pc_qclx_value}</p></li>
            <li class="ren_v_yinrliu si"><span><i class="icon ren-font">&#xe630;</i>{ren_pc_kw}</span><p>{ren_pc_kw_value}{ren_pc_kw_unit}</p></li>
            <li class="ren_v_yinrliu wu"><span><i class="icon ren-font">&#xe611;</i>{ren_pc_fy}</span><p>{ren_pc_fy_value}{ren_pc_fy_unit}</p></li>
            <li class="ren_v_yinrliu liu"><span><i class="icon ren-font">&#xe600;</i>{ren_pc_lxr}</span><p>{ren_pc_lxr_value}</p></li>
            <li class="ren_v_yinrliu qi"><span><i class="icon ren-font">&#xe621;</i>{ren_pc_dh}</span><p>{ren_pc_dh_value}</p></li>
        </ul>
    </div>
</div>
<div class="ren_view_xfe ren_view_sjzk ren_view_zpx cl">
    <ul class="ren_v_xfnrtap">
        <li>
            <a href="javascript:;" class="xxk">更多说明</a>
        </li>
    </ul>
</div>
<div class="ren_view_share ren_flxx_footer">
	<a href="tel:{ren_pc_dh_value}" class="yi"><span>{ren_pc_lxr_value}</span><em>{ren_pc_dh_value}</em></a>
	<a href="tel:{ren_pc_dh_value}" class="e"><i class="icon ren-font">&#xe6be;</i>电话</a>
	<a class="open-popup san" data-popup=".popup-view"><i class="icon ren-font">&#xe619;</i>评论</a>
	<a href="javascript:;" class="ren_share open-popup si" data-popup=".popup-share"><i class="icon ren-font">&#xe742;</i>分享</a>
</div>]]></item>
			<item id="stemplate"><![CDATA[<ul class="ren_flxx_ul">
[loop]
    <li class="ren_fl_xf ren_lx_pc cl">
        <div class="ren_xf_xx">
            <div class="ren_xf_btxx ren_pc_btxx">
                <span class="ren_bt_icon">{ren_pc_lx_value}</span>
                <a href="{subject_url}" class="ren_xf_bt">{ren_pc_cfd_value}<em class="ren-i-em"><i class="icon ren-font">&#xe68d;</i></em>{ren_pc_mdd_value}</a>
            </div>
            
            <p class="ren_xf_wz ren-pclist-sj"><i class="icon ren-font">&#xe61c;</i><em class="ren_bt_icon">{ren_pc_cfsj}：</em>{ren_pc_cfsj_value}</p>
			<p class="ren_xf_wz ren-pclist-sj tu"><i class="icon ren-font">&#xe610;</i><em class="ren_bt_icon">途经：</em>{ren_pc_tjd_value}</p>
            <div class="ren_xf_tx ren_pc_tx">
                <a href="{subject_url}" class="ren_pc_txx">
				<span class="yi"><i class="icon ren-font">&#xe7b7;</i><em class="ren_bt_icon">{ren_pc_qclx}：</em>{ren_pc_qclx_value}</span>
				<span class="e"><i class="icon ren-font">&#xe630;</i><em class="ren_bt_icon">{ren_pc_kw}：</em>{ren_pc_kw_value}{ren_pc_kw_unit}<em class="inherit">空位</em></span>
				<span class="san"><i class="icon ren-font">&#xe611;</i><em class="ren_bt_icon">{ren_pc_fy}：</em>{ren_pc_fy_value}{ren_pc_fy_unit}</span>
				</a>
            </div>
        </div>
		<div class="ren_zby_price">
            <a href="{subject_url}" class="ren_pr_jg">
                <span class="ren_pr_jgsz">查看号码</span>
            </a>
            <a href="tel:{ren_pc_dh_value}" class="ren-pc-tel"><i class="icon ren-font">&#xe612;</i></a>
        </div>
    </li>
[/loop]
</ul>
]]></item>
			<item id="ptemplate"><![CDATA[]]></item>
			<item id="btemplate"><![CDATA[]]></item>
			<item id="sortid"><![CDATA[73]]></item>
			<item id="available"><![CDATA[1]]></item>
			<item id="required"><![CDATA[1]]></item>
			<item id="unchangeable"><![CDATA[0]]></item>
			<item id="search"><![CDATA[0]]></item>
			<item id="subjectshow"><![CDATA[1]]></item>
			<item id="tpdescription"><![CDATA[]]></item>
			<item id="ttdescription"><![CDATA[带*为必填选项]]></item>
			<item id="tpexpiration"><![CDATA[0]]></item>
			<item id="ttexpiration"><![CDATA[0]]></item>
		</item>
		<item id="9">
			<item id="optionid"><![CDATA[1335]]></item>
			<item id="classid"><![CDATA[5]]></item>
			<item id="displayorder"><![CDATA[25]]></item>
			<item id="expiration"><![CDATA[0]]></item>
			<item id="protect"><![CDATA[]]></item>
			<item id="title"><![CDATA[联系电话]]></item>
			<item id="description"><![CDATA[带*为必填选项]]></item>
			<item id="identifier"><![CDATA[ren_pc_dh]]></item>
			<item id="type"><![CDATA[text]]></item>
			<item id="unit"><![CDATA[]]></item>
			<item id="rules"><![CDATA[]]></item>
			<item id="permprompt"><![CDATA[]]></item>
			<item id="typeid"><![CDATA[73]]></item>
			<item id="name"><![CDATA[拼车信息]]></item>
			<item id="icon"><![CDATA[]]></item>
			<item id="special"><![CDATA[1]]></item>
			<item id="modelid"><![CDATA[0]]></item>
			<item id="template"><![CDATA[<style type="text/css">
.ren_view_share.ren_view_footer { display: none; }
.ren_view_share.ren_view_foo { display: none; }
.rtj1009_m_main .ren_view_xxtop { display: none; }
.rtj1009_m_main .ren_view_ny .ren_lc_xx { display: none; }
.rtj1009_m_main .ren_view_ny .pi { overflow: initial; }
.rtj1009_m_main .message { overflow: initial; }
.rtj1009_m_main .ren_view_xf .ren_v_xftpxx { margin: -10px -10px 0 -10px; }
</style>

<div class="ren_view_xf ren_view_esf ren_view_zp cl">
    <div class="ren_v_xfyiyxx ren_v_pc">
    	<div class="ren_v_xfbtxx cl">
        	<span class="ren_pc_lx">{ren_pc_lx_value}</span>
        	<p class="ren_v_xfjg">
            	<span class="ren_v_xfjgsz">{ren_pc_cfd_value}<span class="ren-i-em"></span>{ren_pc_mdd_value}</span>
            </p>
        </div>
    	<ul class="ren_v_xfyinr ren_pc_nr cl">
            <li class="ren_v_yinrliu yi"><span><i class="icon ren-font">&#xe61c;</i>{ren_pc_cfsj}</span><p>{ren_pc_cfsj_value}</p></li>
            <li class="ren_v_yinrliu e"><span><i class="icon ren-font">&#xe610;</i>途经</span><p>{ren_pc_tjd_value}</p></li>
            <li class="ren_v_yinrliu san"><span><i class="icon ren-font">&#xe7b7;</i>{ren_pc_qclx}</span><p>{ren_pc_qclx_value}</p></li>
            <li class="ren_v_yinrliu si"><span><i class="icon ren-font">&#xe630;</i>{ren_pc_kw}</span><p>{ren_pc_kw_value}{ren_pc_kw_unit}</p></li>
            <li class="ren_v_yinrliu wu"><span><i class="icon ren-font">&#xe611;</i>{ren_pc_fy}</span><p>{ren_pc_fy_value}{ren_pc_fy_unit}</p></li>
            <li class="ren_v_yinrliu liu"><span><i class="icon ren-font">&#xe600;</i>{ren_pc_lxr}</span><p>{ren_pc_lxr_value}</p></li>
            <li class="ren_v_yinrliu qi"><span><i class="icon ren-font">&#xe621;</i>{ren_pc_dh}</span><p>{ren_pc_dh_value}</p></li>
        </ul>
    </div>
</div>
<div class="ren_view_xfe ren_view_sjzk ren_view_zpx cl">
    <ul class="ren_v_xfnrtap">
        <li>
            <a href="javascript:;" class="xxk">更多说明</a>
        </li>
    </ul>
</div>
<div class="ren_view_share ren_flxx_footer">
	<a href="tel:{ren_pc_dh_value}" class="yi"><span>{ren_pc_lxr_value}</span><em>{ren_pc_dh_value}</em></a>
	<a href="tel:{ren_pc_dh_value}" class="e"><i class="icon ren-font">&#xe6be;</i>电话</a>
	<a class="open-popup san" data-popup=".popup-view"><i class="icon ren-font">&#xe619;</i>评论</a>
	<a href="javascript:;" class="ren_share open-popup si" data-popup=".popup-share"><i class="icon ren-font">&#xe742;</i>分享</a>
</div>]]></item>
			<item id="stemplate"><![CDATA[<ul class="ren_flxx_ul">
[loop]
    <li class="ren_fl_xf ren_lx_pc cl">
        <div class="ren_xf_xx">
            <div class="ren_xf_btxx ren_pc_btxx">
                <span class="ren_bt_icon">{ren_pc_lx_value}</span>
                <a href="{subject_url}" class="ren_xf_bt">{ren_pc_cfd_value}<em class="ren-i-em"><i class="icon ren-font">&#xe68d;</i></em>{ren_pc_mdd_value}</a>
            </div>
            
            <p class="ren_xf_wz ren-pclist-sj"><i class="icon ren-font">&#xe61c;</i><em class="ren_bt_icon">{ren_pc_cfsj}：</em>{ren_pc_cfsj_value}</p>
			<p class="ren_xf_wz ren-pclist-sj tu"><i class="icon ren-font">&#xe610;</i><em class="ren_bt_icon">途经：</em>{ren_pc_tjd_value}</p>
            <div class="ren_xf_tx ren_pc_tx">
                <a href="{subject_url}" class="ren_pc_txx">
				<span class="yi"><i class="icon ren-font">&#xe7b7;</i><em class="ren_bt_icon">{ren_pc_qclx}：</em>{ren_pc_qclx_value}</span>
				<span class="e"><i class="icon ren-font">&#xe630;</i><em class="ren_bt_icon">{ren_pc_kw}：</em>{ren_pc_kw_value}{ren_pc_kw_unit}<em class="inherit">空位</em></span>
				<span class="san"><i class="icon ren-font">&#xe611;</i><em class="ren_bt_icon">{ren_pc_fy}：</em>{ren_pc_fy_value}{ren_pc_fy_unit}</span>
				</a>
            </div>
        </div>
		<div class="ren_zby_price">
            <a href="{subject_url}" class="ren_pr_jg">
                <span class="ren_pr_jgsz">查看号码</span>
            </a>
            <a href="tel:{ren_pc_dh_value}" class="ren-pc-tel"><i class="icon ren-font">&#xe612;</i></a>
        </div>
    </li>
[/loop]
</ul>
]]></item>
			<item id="ptemplate"><![CDATA[]]></item>
			<item id="btemplate"><![CDATA[]]></item>
			<item id="sortid"><![CDATA[73]]></item>
			<item id="available"><![CDATA[1]]></item>
			<item id="required"><![CDATA[1]]></item>
			<item id="unchangeable"><![CDATA[0]]></item>
			<item id="search"><![CDATA[0]]></item>
			<item id="subjectshow"><![CDATA[1]]></item>
			<item id="tpdescription"><![CDATA[]]></item>
			<item id="ttdescription"><![CDATA[带*为必填选项]]></item>
			<item id="tpexpiration"><![CDATA[0]]></item>
			<item id="ttexpiration"><![CDATA[0]]></item>
		</item>
	</item>
</root>