<?xml version="1.0" encoding="ISO-8859-1"?>
<root>
	<item id="Title"><![CDATA[Discuz! Threadtypes]]></item>
	<item id="Version"><![CDATA[X3.4]]></item>
	<item id="Time"><![CDATA[2020-07-13 15:05]]></item>
	<item id="From"><![CDATA[DisM!应用中心 (https://dism.taobao.com/)]]></item>
	<item id="Data">
		<item id="0">
			<item id="optionid"><![CDATA[1129]]></item>
			<item id="classid"><![CDATA[1]]></item>
			<item id="displayorder"><![CDATA[6]]></item>
			<item id="expiration"><![CDATA[0]]></item>
			<item id="title"><![CDATA[意向面积]]></item>
			<item id="description"><![CDATA[带*为必填选项]]></item>
			<item id="identifier"><![CDATA[zf_mj_28]]></item>
			<item id="type"><![CDATA[number]]></item>
			<item id="unit"><![CDATA[平米]]></item>
			<item id="permprompt"><![CDATA[]]></item>
			<item id="typeid"><![CDATA[63]]></item>
			<item id="name"><![CDATA[求租房屋]]></item>
			<item id="icon"><![CDATA[]]></item>
			<item id="special"><![CDATA[1]]></item>
			<item id="modelid"><![CDATA[0]]></item>
			<item id="template"><![CDATA[<style type="text/css">
.ren_view_share.ren_view_footer { display: none; }
.ren_view_share.ren_view_foo { display: none; }
.rtj1009_m_main .ren_view_xxtop { display: none; }
.rtj1009_m_main .ren_view_ny .ren_lc_xx { display: none; }
.rtj1009_m_main .ren_view_ny .pi { overflow: initial; }
.rtj1009_m_main .message { overflow: initial; }
.rtj1009_m_main .ren_view_xf .ren_v_xftpxx { margin: -10px -10px 0 -10px; }
</style>
<div class="ren_view_xf ren_view_qz ren_view_qgesf cl">
    <div class="ren_v_xfyiyxx">
    	<div class="ren_v_qzbtxx cl">
        	<h3>求租详情</h3>
        </div>
    	<ul class="ren_v_xfyinr cl">
        	<li class="ren_v_yinrsan cl">
            	<div class="ren_v_ban col"><span>租金范围</span><p>{zf_zhujin_28_value}</p></div>
            	<div class="ren_v_ban"><span>意向类型</span><p>{zf_leixing_28_value}</p></div>
            </li>
            <li class="ren_v_yinrsan cl">
            	<div class="ren_v_ban"><span>意向区域</span><p>{zf_quyu_28_value}</p></div>
            	<div class="ren_v_ban"><span>靠近地段</span><p>{zf_kjdd_28_value}</p></div>
            </li>
            <li class="ren_v_yinrsan cl">
            	<div class="ren_v_ban"><span>户型范围</span><p>{zf_huxing_28_value}</p></div>
            	<div class="ren_v_ban"><span>意向面积</span><p>{zf_mianji_28_value}</p></div>
            </li>
            <li class="ren_v_yinrsan cl">
            	<div class="ren_v_ban"><span>期望装修</span><p>{zf_hx_28_value}</p></div>
            	<div class="ren_v_ban"><span>期望方式</span><p>{zf_fangshi_28_value}</p></div>
            </li>
            <li class="ren_v_yinrsan cl">
            	<div class="ren_v_ban"><span>联系人</span><p>{esf_lxr_26_6_value}</p></div>
            	<div class="ren_v_ban col"><span>联系电话</span><p>{esf_lxdh_26_6_value}</p></div>
            </li>
            <li class="ren_v_yinrsan cl">
            	<div class="ren_v_ban ren_v_zfpt"><span>期望配套</span><p>{zf_peitao_28_value}</p></div>
            	<div class="ren_v_ban ren_v_zfpt ren_v_zfpt2"><span>其他说明</span><p>{zf_qtsm_28_value}</p></div>
            </li>
        </ul>
    </div>
</div>
<div class="ren_view_share ren_flxx_footer">
	<a href="tel:{esf_lxdh_26_6_value}" class="yi"><span>{esf_lxr_26_6_value}</span><em>{esf_lxdh_26_6_value}</em></a>
	<a href="tel:{esf_lxdh_26_6_value}" class="e"><i class="icon ren-font">&#xe6be;</i>电话</a>
	<a class="open-popup san" data-popup=".popup-view"><i class="icon ren-font">&#xe619;</i>评论</a>
	<a href="javascript:;" class="ren_share open-popup si" data-popup=".popup-share"><i class="icon ren-font">&#xe742;</i>分享</a>
</div>]]></item>
			<item id="stemplate"><![CDATA[<ul>
[loop]
    <li class="ren_fl_xf ren_fl_qz cl">
        <div class="ren_xf_xx">
            <div class="ren_xf_btxx ren_zf_btxx">
                <a href="{subject_url}" class="ren_xf_bt">{subject}</a>
            </div>
            
            <p class="ren_xf_wz">{zf_fangshi_28_value}<span>|</span>{zf_leixing_28_value}<span>|</span>{zf_mj_28_value}平米<span>|</span>{zf_huxing_28_value}</p>
            <p class="ren_xf_tx">
                <a href="{subject_url}" class="ren_xf_hx">{zf_quyu_28_value}<span>|</span>{zf_kjdd_28_value}</a>
            </p>
            <p class="ren_xf_tag">
                <a href="{subject_url}" class="ren_esc_txx">{esf_lxr_26_6_value}<em>{dateline}</em></a>
            </p>
        </div>
        <div class="ren_price y">
            <p class="ren_pr_jg">
                <span class="ren_pr_jgsz">{zf_zhujin_28_value}</span><span class="ren_pr_jgdw">元/月</span>
            </p>
            <p class="ren_kong"></p>
            <p class="ren_tel"></p>
        </div>
    </li>
[/loop]
</ul>
]]></item>
			<item id="ptemplate"><![CDATA[]]></item>
			<item id="btemplate"><![CDATA[]]></item>
			<item id="sortid"><![CDATA[63]]></item>
			<item id="available"><![CDATA[1]]></item>
			<item id="required"><![CDATA[1]]></item>
			<item id="unchangeable"><![CDATA[0]]></item>
			<item id="search"><![CDATA[0]]></item>
			<item id="subjectshow"><![CDATA[1]]></item>
			<item id="tpdescription"><![CDATA[填写祥细面积，如：88平米，则填：88]]></item>
			<item id="ttdescription"><![CDATA[带*为必填选项]]></item>
			<item id="tpexpiration"><![CDATA[0]]></item>
			<item id="ttexpiration"><![CDATA[0]]></item>
			<item id="__protect">
				<item id="status"><![CDATA[0]]></item>
				<item id="usergroup"><![CDATA[]]></item>
				<item id="verify"><![CDATA[]]></item>
			</item>
			<item id="__rules">
				<item id="maxnum"><![CDATA[]]></item>
				<item id="minnum"><![CDATA[]]></item>
				<item id="inputsize"><![CDATA[]]></item>
				<item id="defaultvalue"><![CDATA[]]></item>
			</item>
		</item>
		<item id="1">
			<item id="optionid"><![CDATA[1130]]></item>
			<item id="classid"><![CDATA[1]]></item>
			<item id="displayorder"><![CDATA[13]]></item>
			<item id="expiration"><![CDATA[0]]></item>
			<item id="protect"><![CDATA[]]></item>
			<item id="title"><![CDATA[其他说明]]></item>
			<item id="description"><![CDATA[带*为必填选项]]></item>
			<item id="identifier"><![CDATA[zf_qtsm_28]]></item>
			<item id="type"><![CDATA[textarea]]></item>
			<item id="unit"><![CDATA[]]></item>
			<item id="rules"><![CDATA[]]></item>
			<item id="permprompt"><![CDATA[]]></item>
			<item id="typeid"><![CDATA[63]]></item>
			<item id="name"><![CDATA[求租房屋]]></item>
			<item id="icon"><![CDATA[]]></item>
			<item id="special"><![CDATA[1]]></item>
			<item id="modelid"><![CDATA[0]]></item>
			<item id="template"><![CDATA[<style type="text/css">
.ren_view_share.ren_view_footer { display: none; }
.ren_view_share.ren_view_foo { display: none; }
.rtj1009_m_main .ren_view_xxtop { display: none; }
.rtj1009_m_main .ren_view_ny .ren_lc_xx { display: none; }
.rtj1009_m_main .ren_view_ny .pi { overflow: initial; }
.rtj1009_m_main .message { overflow: initial; }
.rtj1009_m_main .ren_view_xf .ren_v_xftpxx { margin: -10px -10px 0 -10px; }
</style>
<div class="ren_view_xf ren_view_qz ren_view_qgesf cl">
    <div class="ren_v_xfyiyxx">
    	<div class="ren_v_qzbtxx cl">
        	<h3>求租详情</h3>
        </div>
    	<ul class="ren_v_xfyinr cl">
        	<li class="ren_v_yinrsan cl">
            	<div class="ren_v_ban col"><span>租金范围</span><p>{zf_zhujin_28_value}</p></div>
            	<div class="ren_v_ban"><span>意向类型</span><p>{zf_leixing_28_value}</p></div>
            </li>
            <li class="ren_v_yinrsan cl">
            	<div class="ren_v_ban"><span>意向区域</span><p>{zf_quyu_28_value}</p></div>
            	<div class="ren_v_ban"><span>靠近地段</span><p>{zf_kjdd_28_value}</p></div>
            </li>
            <li class="ren_v_yinrsan cl">
            	<div class="ren_v_ban"><span>户型范围</span><p>{zf_huxing_28_value}</p></div>
            	<div class="ren_v_ban"><span>意向面积</span><p>{zf_mianji_28_value}</p></div>
            </li>
            <li class="ren_v_yinrsan cl">
            	<div class="ren_v_ban"><span>期望装修</span><p>{zf_hx_28_value}</p></div>
            	<div class="ren_v_ban"><span>期望方式</span><p>{zf_fangshi_28_value}</p></div>
            </li>
            <li class="ren_v_yinrsan cl">
            	<div class="ren_v_ban"><span>联系人</span><p>{esf_lxr_26_6_value}</p></div>
            	<div class="ren_v_ban col"><span>联系电话</span><p>{esf_lxdh_26_6_value}</p></div>
            </li>
            <li class="ren_v_yinrsan cl">
            	<div class="ren_v_ban ren_v_zfpt"><span>期望配套</span><p>{zf_peitao_28_value}</p></div>
            	<div class="ren_v_ban ren_v_zfpt ren_v_zfpt2"><span>其他说明</span><p>{zf_qtsm_28_value}</p></div>
            </li>
        </ul>
    </div>
</div>
<div class="ren_view_share ren_flxx_footer">
	<a href="tel:{esf_lxdh_26_6_value}" class="yi"><span>{esf_lxr_26_6_value}</span><em>{esf_lxdh_26_6_value}</em></a>
	<a href="tel:{esf_lxdh_26_6_value}" class="e"><i class="icon ren-font">&#xe6be;</i>电话</a>
	<a class="open-popup san" data-popup=".popup-view"><i class="icon ren-font">&#xe619;</i>评论</a>
	<a href="javascript:;" class="ren_share open-popup si" data-popup=".popup-share"><i class="icon ren-font">&#xe742;</i>分享</a>
</div>]]></item>
			<item id="stemplate"><![CDATA[<ul>
[loop]
    <li class="ren_fl_xf ren_fl_qz cl">
        <div class="ren_xf_xx">
            <div class="ren_xf_btxx ren_zf_btxx">
                <a href="{subject_url}" class="ren_xf_bt">{subject}</a>
            </div>
            
            <p class="ren_xf_wz">{zf_fangshi_28_value}<span>|</span>{zf_leixing_28_value}<span>|</span>{zf_mj_28_value}平米<span>|</span>{zf_huxing_28_value}</p>
            <p class="ren_xf_tx">
                <a href="{subject_url}" class="ren_xf_hx">{zf_quyu_28_value}<span>|</span>{zf_kjdd_28_value}</a>
            </p>
            <p class="ren_xf_tag">
                <a href="{subject_url}" class="ren_esc_txx">{esf_lxr_26_6_value}<em>{dateline}</em></a>
            </p>
        </div>
        <div class="ren_price y">
            <p class="ren_pr_jg">
                <span class="ren_pr_jgsz">{zf_zhujin_28_value}</span><span class="ren_pr_jgdw">元/月</span>
            </p>
            <p class="ren_kong"></p>
            <p class="ren_tel"></p>
        </div>
    </li>
[/loop]
</ul>
]]></item>
			<item id="ptemplate"><![CDATA[]]></item>
			<item id="btemplate"><![CDATA[]]></item>
			<item id="sortid"><![CDATA[63]]></item>
			<item id="available"><![CDATA[1]]></item>
			<item id="required"><![CDATA[1]]></item>
			<item id="unchangeable"><![CDATA[0]]></item>
			<item id="search"><![CDATA[0]]></item>
			<item id="subjectshow"><![CDATA[1]]></item>
			<item id="tpdescription"><![CDATA[]]></item>
			<item id="ttdescription"><![CDATA[带*为必填选项]]></item>
			<item id="tpexpiration"><![CDATA[0]]></item>
			<item id="ttexpiration"><![CDATA[0]]></item>
		</item>
		<item id="2">
			<item id="optionid"><![CDATA[1131]]></item>
			<item id="classid"><![CDATA[1]]></item>
			<item id="displayorder"><![CDATA[11]]></item>
			<item id="expiration"><![CDATA[0]]></item>
			<item id="protect"><![CDATA[]]></item>
			<item id="title"><![CDATA[联系人]]></item>
			<item id="description"><![CDATA[带*为必填选项]]></item>
			<item id="identifier"><![CDATA[esf_lxr_26_6]]></item>
			<item id="type"><![CDATA[text]]></item>
			<item id="unit"><![CDATA[]]></item>
			<item id="rules"><![CDATA[]]></item>
			<item id="permprompt"><![CDATA[]]></item>
			<item id="typeid"><![CDATA[63]]></item>
			<item id="name"><![CDATA[求租房屋]]></item>
			<item id="icon"><![CDATA[]]></item>
			<item id="special"><![CDATA[1]]></item>
			<item id="modelid"><![CDATA[0]]></item>
			<item id="template"><![CDATA[<style type="text/css">
.ren_view_share.ren_view_footer { display: none; }
.ren_view_share.ren_view_foo { display: none; }
.rtj1009_m_main .ren_view_xxtop { display: none; }
.rtj1009_m_main .ren_view_ny .ren_lc_xx { display: none; }
.rtj1009_m_main .ren_view_ny .pi { overflow: initial; }
.rtj1009_m_main .message { overflow: initial; }
.rtj1009_m_main .ren_view_xf .ren_v_xftpxx { margin: -10px -10px 0 -10px; }
</style>
<div class="ren_view_xf ren_view_qz ren_view_qgesf cl">
    <div class="ren_v_xfyiyxx">
    	<div class="ren_v_qzbtxx cl">
        	<h3>求租详情</h3>
        </div>
    	<ul class="ren_v_xfyinr cl">
        	<li class="ren_v_yinrsan cl">
            	<div class="ren_v_ban col"><span>租金范围</span><p>{zf_zhujin_28_value}</p></div>
            	<div class="ren_v_ban"><span>意向类型</span><p>{zf_leixing_28_value}</p></div>
            </li>
            <li class="ren_v_yinrsan cl">
            	<div class="ren_v_ban"><span>意向区域</span><p>{zf_quyu_28_value}</p></div>
            	<div class="ren_v_ban"><span>靠近地段</span><p>{zf_kjdd_28_value}</p></div>
            </li>
            <li class="ren_v_yinrsan cl">
            	<div class="ren_v_ban"><span>户型范围</span><p>{zf_huxing_28_value}</p></div>
            	<div class="ren_v_ban"><span>意向面积</span><p>{zf_mianji_28_value}</p></div>
            </li>
            <li class="ren_v_yinrsan cl">
            	<div class="ren_v_ban"><span>期望装修</span><p>{zf_hx_28_value}</p></div>
            	<div class="ren_v_ban"><span>期望方式</span><p>{zf_fangshi_28_value}</p></div>
            </li>
            <li class="ren_v_yinrsan cl">
            	<div class="ren_v_ban"><span>联系人</span><p>{esf_lxr_26_6_value}</p></div>
            	<div class="ren_v_ban col"><span>联系电话</span><p>{esf_lxdh_26_6_value}</p></div>
            </li>
            <li class="ren_v_yinrsan cl">
            	<div class="ren_v_ban ren_v_zfpt"><span>期望配套</span><p>{zf_peitao_28_value}</p></div>
            	<div class="ren_v_ban ren_v_zfpt ren_v_zfpt2"><span>其他说明</span><p>{zf_qtsm_28_value}</p></div>
            </li>
        </ul>
    </div>
</div>
<div class="ren_view_share ren_flxx_footer">
	<a href="tel:{esf_lxdh_26_6_value}" class="yi"><span>{esf_lxr_26_6_value}</span><em>{esf_lxdh_26_6_value}</em></a>
	<a href="tel:{esf_lxdh_26_6_value}" class="e"><i class="icon ren-font">&#xe6be;</i>电话</a>
	<a class="open-popup san" data-popup=".popup-view"><i class="icon ren-font">&#xe619;</i>评论</a>
	<a href="javascript:;" class="ren_share open-popup si" data-popup=".popup-share"><i class="icon ren-font">&#xe742;</i>分享</a>
</div>]]></item>
			<item id="stemplate"><![CDATA[<ul>
[loop]
    <li class="ren_fl_xf ren_fl_qz cl">
        <div class="ren_xf_xx">
            <div class="ren_xf_btxx ren_zf_btxx">
                <a href="{subject_url}" class="ren_xf_bt">{subject}</a>
            </div>
            
            <p class="ren_xf_wz">{zf_fangshi_28_value}<span>|</span>{zf_leixing_28_value}<span>|</span>{zf_mj_28_value}平米<span>|</span>{zf_huxing_28_value}</p>
            <p class="ren_xf_tx">
                <a href="{subject_url}" class="ren_xf_hx">{zf_quyu_28_value}<span>|</span>{zf_kjdd_28_value}</a>
            </p>
            <p class="ren_xf_tag">
                <a href="{subject_url}" class="ren_esc_txx">{esf_lxr_26_6_value}<em>{dateline}</em></a>
            </p>
        </div>
        <div class="ren_price y">
            <p class="ren_pr_jg">
                <span class="ren_pr_jgsz">{zf_zhujin_28_value}</span><span class="ren_pr_jgdw">元/月</span>
            </p>
            <p class="ren_kong"></p>
            <p class="ren_tel"></p>
        </div>
    </li>
[/loop]
</ul>
]]></item>
			<item id="ptemplate"><![CDATA[]]></item>
			<item id="btemplate"><![CDATA[]]></item>
			<item id="sortid"><![CDATA[63]]></item>
			<item id="available"><![CDATA[1]]></item>
			<item id="required"><![CDATA[1]]></item>
			<item id="unchangeable"><![CDATA[0]]></item>
			<item id="search"><![CDATA[0]]></item>
			<item id="subjectshow"><![CDATA[1]]></item>
			<item id="tpdescription"><![CDATA[]]></item>
			<item id="ttdescription"><![CDATA[带*为必填选项]]></item>
			<item id="tpexpiration"><![CDATA[0]]></item>
			<item id="ttexpiration"><![CDATA[0]]></item>
		</item>
		<item id="3">
			<item id="optionid"><![CDATA[1132]]></item>
			<item id="classid"><![CDATA[1]]></item>
			<item id="displayorder"><![CDATA[12]]></item>
			<item id="expiration"><![CDATA[0]]></item>
			<item id="protect"><![CDATA[]]></item>
			<item id="title"><![CDATA[联系电话]]></item>
			<item id="description"><![CDATA[带*为必填选项]]></item>
			<item id="identifier"><![CDATA[esf_lxdh_26_6]]></item>
			<item id="type"><![CDATA[number]]></item>
			<item id="unit"><![CDATA[]]></item>
			<item id="rules"><![CDATA[]]></item>
			<item id="permprompt"><![CDATA[]]></item>
			<item id="typeid"><![CDATA[63]]></item>
			<item id="name"><![CDATA[求租房屋]]></item>
			<item id="icon"><![CDATA[]]></item>
			<item id="special"><![CDATA[1]]></item>
			<item id="modelid"><![CDATA[0]]></item>
			<item id="template"><![CDATA[<style type="text/css">
.ren_view_share.ren_view_footer { display: none; }
.ren_view_share.ren_view_foo { display: none; }
.rtj1009_m_main .ren_view_xxtop { display: none; }
.rtj1009_m_main .ren_view_ny .ren_lc_xx { display: none; }
.rtj1009_m_main .ren_view_ny .pi { overflow: initial; }
.rtj1009_m_main .message { overflow: initial; }
.rtj1009_m_main .ren_view_xf .ren_v_xftpxx { margin: -10px -10px 0 -10px; }
</style>
<div class="ren_view_xf ren_view_qz ren_view_qgesf cl">
    <div class="ren_v_xfyiyxx">
    	<div class="ren_v_qzbtxx cl">
        	<h3>求租详情</h3>
        </div>
    	<ul class="ren_v_xfyinr cl">
        	<li class="ren_v_yinrsan cl">
            	<div class="ren_v_ban col"><span>租金范围</span><p>{zf_zhujin_28_value}</p></div>
            	<div class="ren_v_ban"><span>意向类型</span><p>{zf_leixing_28_value}</p></div>
            </li>
            <li class="ren_v_yinrsan cl">
            	<div class="ren_v_ban"><span>意向区域</span><p>{zf_quyu_28_value}</p></div>
            	<div class="ren_v_ban"><span>靠近地段</span><p>{zf_kjdd_28_value}</p></div>
            </li>
            <li class="ren_v_yinrsan cl">
            	<div class="ren_v_ban"><span>户型范围</span><p>{zf_huxing_28_value}</p></div>
            	<div class="ren_v_ban"><span>意向面积</span><p>{zf_mianji_28_value}</p></div>
            </li>
            <li class="ren_v_yinrsan cl">
            	<div class="ren_v_ban"><span>期望装修</span><p>{zf_hx_28_value}</p></div>
            	<div class="ren_v_ban"><span>期望方式</span><p>{zf_fangshi_28_value}</p></div>
            </li>
            <li class="ren_v_yinrsan cl">
            	<div class="ren_v_ban"><span>联系人</span><p>{esf_lxr_26_6_value}</p></div>
            	<div class="ren_v_ban col"><span>联系电话</span><p>{esf_lxdh_26_6_value}</p></div>
            </li>
            <li class="ren_v_yinrsan cl">
            	<div class="ren_v_ban ren_v_zfpt"><span>期望配套</span><p>{zf_peitao_28_value}</p></div>
            	<div class="ren_v_ban ren_v_zfpt ren_v_zfpt2"><span>其他说明</span><p>{zf_qtsm_28_value}</p></div>
            </li>
        </ul>
    </div>
</div>
<div class="ren_view_share ren_flxx_footer">
	<a href="tel:{esf_lxdh_26_6_value}" class="yi"><span>{esf_lxr_26_6_value}</span><em>{esf_lxdh_26_6_value}</em></a>
	<a href="tel:{esf_lxdh_26_6_value}" class="e"><i class="icon ren-font">&#xe6be;</i>电话</a>
	<a class="open-popup san" data-popup=".popup-view"><i class="icon ren-font">&#xe619;</i>评论</a>
	<a href="javascript:;" class="ren_share open-popup si" data-popup=".popup-share"><i class="icon ren-font">&#xe742;</i>分享</a>
</div>]]></item>
			<item id="stemplate"><![CDATA[<ul>
[loop]
    <li class="ren_fl_xf ren_fl_qz cl">
        <div class="ren_xf_xx">
            <div class="ren_xf_btxx ren_zf_btxx">
                <a href="{subject_url}" class="ren_xf_bt">{subject}</a>
            </div>
            
            <p class="ren_xf_wz">{zf_fangshi_28_value}<span>|</span>{zf_leixing_28_value}<span>|</span>{zf_mj_28_value}平米<span>|</span>{zf_huxing_28_value}</p>
            <p class="ren_xf_tx">
                <a href="{subject_url}" class="ren_xf_hx">{zf_quyu_28_value}<span>|</span>{zf_kjdd_28_value}</a>
            </p>
            <p class="ren_xf_tag">
                <a href="{subject_url}" class="ren_esc_txx">{esf_lxr_26_6_value}<em>{dateline}</em></a>
            </p>
        </div>
        <div class="ren_price y">
            <p class="ren_pr_jg">
                <span class="ren_pr_jgsz">{zf_zhujin_28_value}</span><span class="ren_pr_jgdw">元/月</span>
            </p>
            <p class="ren_kong"></p>
            <p class="ren_tel"></p>
        </div>
    </li>
[/loop]
</ul>
]]></item>
			<item id="ptemplate"><![CDATA[]]></item>
			<item id="btemplate"><![CDATA[]]></item>
			<item id="sortid"><![CDATA[63]]></item>
			<item id="available"><![CDATA[1]]></item>
			<item id="required"><![CDATA[1]]></item>
			<item id="unchangeable"><![CDATA[0]]></item>
			<item id="search"><![CDATA[0]]></item>
			<item id="subjectshow"><![CDATA[1]]></item>
			<item id="tpdescription"><![CDATA[]]></item>
			<item id="ttdescription"><![CDATA[带*为必填选项]]></item>
			<item id="tpexpiration"><![CDATA[0]]></item>
			<item id="ttexpiration"><![CDATA[0]]></item>
		</item>
		<item id="4">
			<item id="optionid"><![CDATA[1133]]></item>
			<item id="classid"><![CDATA[1]]></item>
			<item id="displayorder"><![CDATA[8]]></item>
			<item id="expiration"><![CDATA[0]]></item>
			<item id="protect"><![CDATA[]]></item>
			<item id="title"><![CDATA[靠近地段]]></item>
			<item id="description"><![CDATA[带*为必填选项]]></item>
			<item id="identifier"><![CDATA[zf_kjdd_28]]></item>
			<item id="type"><![CDATA[text]]></item>
			<item id="unit"><![CDATA[]]></item>
			<item id="rules"><![CDATA[]]></item>
			<item id="permprompt"><![CDATA[]]></item>
			<item id="typeid"><![CDATA[63]]></item>
			<item id="name"><![CDATA[求租房屋]]></item>
			<item id="icon"><![CDATA[]]></item>
			<item id="special"><![CDATA[1]]></item>
			<item id="modelid"><![CDATA[0]]></item>
			<item id="template"><![CDATA[<style type="text/css">
.ren_view_share.ren_view_footer { display: none; }
.ren_view_share.ren_view_foo { display: none; }
.rtj1009_m_main .ren_view_xxtop { display: none; }
.rtj1009_m_main .ren_view_ny .ren_lc_xx { display: none; }
.rtj1009_m_main .ren_view_ny .pi { overflow: initial; }
.rtj1009_m_main .message { overflow: initial; }
.rtj1009_m_main .ren_view_xf .ren_v_xftpxx { margin: -10px -10px 0 -10px; }
</style>
<div class="ren_view_xf ren_view_qz ren_view_qgesf cl">
    <div class="ren_v_xfyiyxx">
    	<div class="ren_v_qzbtxx cl">
        	<h3>求租详情</h3>
        </div>
    	<ul class="ren_v_xfyinr cl">
        	<li class="ren_v_yinrsan cl">
            	<div class="ren_v_ban col"><span>租金范围</span><p>{zf_zhujin_28_value}</p></div>
            	<div class="ren_v_ban"><span>意向类型</span><p>{zf_leixing_28_value}</p></div>
            </li>
            <li class="ren_v_yinrsan cl">
            	<div class="ren_v_ban"><span>意向区域</span><p>{zf_quyu_28_value}</p></div>
            	<div class="ren_v_ban"><span>靠近地段</span><p>{zf_kjdd_28_value}</p></div>
            </li>
            <li class="ren_v_yinrsan cl">
            	<div class="ren_v_ban"><span>户型范围</span><p>{zf_huxing_28_value}</p></div>
            	<div class="ren_v_ban"><span>意向面积</span><p>{zf_mianji_28_value}</p></div>
            </li>
            <li class="ren_v_yinrsan cl">
            	<div class="ren_v_ban"><span>期望装修</span><p>{zf_hx_28_value}</p></div>
            	<div class="ren_v_ban"><span>期望方式</span><p>{zf_fangshi_28_value}</p></div>
            </li>
            <li class="ren_v_yinrsan cl">
            	<div class="ren_v_ban"><span>联系人</span><p>{esf_lxr_26_6_value}</p></div>
            	<div class="ren_v_ban col"><span>联系电话</span><p>{esf_lxdh_26_6_value}</p></div>
            </li>
            <li class="ren_v_yinrsan cl">
            	<div class="ren_v_ban ren_v_zfpt"><span>期望配套</span><p>{zf_peitao_28_value}</p></div>
            	<div class="ren_v_ban ren_v_zfpt ren_v_zfpt2"><span>其他说明</span><p>{zf_qtsm_28_value}</p></div>
            </li>
        </ul>
    </div>
</div>
<div class="ren_view_share ren_flxx_footer">
	<a href="tel:{esf_lxdh_26_6_value}" class="yi"><span>{esf_lxr_26_6_value}</span><em>{esf_lxdh_26_6_value}</em></a>
	<a href="tel:{esf_lxdh_26_6_value}" class="e"><i class="icon ren-font">&#xe6be;</i>电话</a>
	<a class="open-popup san" data-popup=".popup-view"><i class="icon ren-font">&#xe619;</i>评论</a>
	<a href="javascript:;" class="ren_share open-popup si" data-popup=".popup-share"><i class="icon ren-font">&#xe742;</i>分享</a>
</div>]]></item>
			<item id="stemplate"><![CDATA[<ul>
[loop]
    <li class="ren_fl_xf ren_fl_qz cl">
        <div class="ren_xf_xx">
            <div class="ren_xf_btxx ren_zf_btxx">
                <a href="{subject_url}" class="ren_xf_bt">{subject}</a>
            </div>
            
            <p class="ren_xf_wz">{zf_fangshi_28_value}<span>|</span>{zf_leixing_28_value}<span>|</span>{zf_mj_28_value}平米<span>|</span>{zf_huxing_28_value}</p>
            <p class="ren_xf_tx">
                <a href="{subject_url}" class="ren_xf_hx">{zf_quyu_28_value}<span>|</span>{zf_kjdd_28_value}</a>
            </p>
            <p class="ren_xf_tag">
                <a href="{subject_url}" class="ren_esc_txx">{esf_lxr_26_6_value}<em>{dateline}</em></a>
            </p>
        </div>
        <div class="ren_price y">
            <p class="ren_pr_jg">
                <span class="ren_pr_jgsz">{zf_zhujin_28_value}</span><span class="ren_pr_jgdw">元/月</span>
            </p>
            <p class="ren_kong"></p>
            <p class="ren_tel"></p>
        </div>
    </li>
[/loop]
</ul>
]]></item>
			<item id="ptemplate"><![CDATA[]]></item>
			<item id="btemplate"><![CDATA[]]></item>
			<item id="sortid"><![CDATA[63]]></item>
			<item id="available"><![CDATA[1]]></item>
			<item id="required"><![CDATA[1]]></item>
			<item id="unchangeable"><![CDATA[0]]></item>
			<item id="search"><![CDATA[0]]></item>
			<item id="subjectshow"><![CDATA[1]]></item>
			<item id="tpdescription"><![CDATA[]]></item>
			<item id="ttdescription"><![CDATA[带*为必填选项]]></item>
			<item id="tpexpiration"><![CDATA[0]]></item>
			<item id="ttexpiration"><![CDATA[0]]></item>
		</item>
		<item id="5">
			<item id="optionid"><![CDATA[1134]]></item>
			<item id="classid"><![CDATA[1]]></item>
			<item id="displayorder"><![CDATA[4]]></item>
			<item id="expiration"><![CDATA[0]]></item>
			<item id="title"><![CDATA[期望装修]]></item>
			<item id="description"><![CDATA[带*为必填选项]]></item>
			<item id="identifier"><![CDATA[zf_hx_28]]></item>
			<item id="type"><![CDATA[select]]></item>
			<item id="unit"><![CDATA[]]></item>
			<item id="permprompt"><![CDATA[]]></item>
			<item id="typeid"><![CDATA[63]]></item>
			<item id="name"><![CDATA[求租房屋]]></item>
			<item id="icon"><![CDATA[]]></item>
			<item id="special"><![CDATA[1]]></item>
			<item id="modelid"><![CDATA[0]]></item>
			<item id="template"><![CDATA[<style type="text/css">
.ren_view_share.ren_view_footer { display: none; }
.ren_view_share.ren_view_foo { display: none; }
.rtj1009_m_main .ren_view_xxtop { display: none; }
.rtj1009_m_main .ren_view_ny .ren_lc_xx { display: none; }
.rtj1009_m_main .ren_view_ny .pi { overflow: initial; }
.rtj1009_m_main .message { overflow: initial; }
.rtj1009_m_main .ren_view_xf .ren_v_xftpxx { margin: -10px -10px 0 -10px; }
</style>
<div class="ren_view_xf ren_view_qz ren_view_qgesf cl">
    <div class="ren_v_xfyiyxx">
    	<div class="ren_v_qzbtxx cl">
        	<h3>求租详情</h3>
        </div>
    	<ul class="ren_v_xfyinr cl">
        	<li class="ren_v_yinrsan cl">
            	<div class="ren_v_ban col"><span>租金范围</span><p>{zf_zhujin_28_value}</p></div>
            	<div class="ren_v_ban"><span>意向类型</span><p>{zf_leixing_28_value}</p></div>
            </li>
            <li class="ren_v_yinrsan cl">
            	<div class="ren_v_ban"><span>意向区域</span><p>{zf_quyu_28_value}</p></div>
            	<div class="ren_v_ban"><span>靠近地段</span><p>{zf_kjdd_28_value}</p></div>
            </li>
            <li class="ren_v_yinrsan cl">
            	<div class="ren_v_ban"><span>户型范围</span><p>{zf_huxing_28_value}</p></div>
            	<div class="ren_v_ban"><span>意向面积</span><p>{zf_mianji_28_value}</p></div>
            </li>
            <li class="ren_v_yinrsan cl">
            	<div class="ren_v_ban"><span>期望装修</span><p>{zf_hx_28_value}</p></div>
            	<div class="ren_v_ban"><span>期望方式</span><p>{zf_fangshi_28_value}</p></div>
            </li>
            <li class="ren_v_yinrsan cl">
            	<div class="ren_v_ban"><span>联系人</span><p>{esf_lxr_26_6_value}</p></div>
            	<div class="ren_v_ban col"><span>联系电话</span><p>{esf_lxdh_26_6_value}</p></div>
            </li>
            <li class="ren_v_yinrsan cl">
            	<div class="ren_v_ban ren_v_zfpt"><span>期望配套</span><p>{zf_peitao_28_value}</p></div>
            	<div class="ren_v_ban ren_v_zfpt ren_v_zfpt2"><span>其他说明</span><p>{zf_qtsm_28_value}</p></div>
            </li>
        </ul>
    </div>
</div>
<div class="ren_view_share ren_flxx_footer">
	<a href="tel:{esf_lxdh_26_6_value}" class="yi"><span>{esf_lxr_26_6_value}</span><em>{esf_lxdh_26_6_value}</em></a>
	<a href="tel:{esf_lxdh_26_6_value}" class="e"><i class="icon ren-font">&#xe6be;</i>电话</a>
	<a class="open-popup san" data-popup=".popup-view"><i class="icon ren-font">&#xe619;</i>评论</a>
	<a href="javascript:;" class="ren_share open-popup si" data-popup=".popup-share"><i class="icon ren-font">&#xe742;</i>分享</a>
</div>]]></item>
			<item id="stemplate"><![CDATA[<ul>
[loop]
    <li class="ren_fl_xf ren_fl_qz cl">
        <div class="ren_xf_xx">
            <div class="ren_xf_btxx ren_zf_btxx">
                <a href="{subject_url}" class="ren_xf_bt">{subject}</a>
            </div>
            
            <p class="ren_xf_wz">{zf_fangshi_28_value}<span>|</span>{zf_leixing_28_value}<span>|</span>{zf_mj_28_value}平米<span>|</span>{zf_huxing_28_value}</p>
            <p class="ren_xf_tx">
                <a href="{subject_url}" class="ren_xf_hx">{zf_quyu_28_value}<span>|</span>{zf_kjdd_28_value}</a>
            </p>
            <p class="ren_xf_tag">
                <a href="{subject_url}" class="ren_esc_txx">{esf_lxr_26_6_value}<em>{dateline}</em></a>
            </p>
        </div>
        <div class="ren_price y">
            <p class="ren_pr_jg">
                <span class="ren_pr_jgsz">{zf_zhujin_28_value}</span><span class="ren_pr_jgdw">元/月</span>
            </p>
            <p class="ren_kong"></p>
            <p class="ren_tel"></p>
        </div>
    </li>
[/loop]
</ul>
]]></item>
			<item id="ptemplate"><![CDATA[]]></item>
			<item id="btemplate"><![CDATA[]]></item>
			<item id="sortid"><![CDATA[63]]></item>
			<item id="available"><![CDATA[1]]></item>
			<item id="required"><![CDATA[1]]></item>
			<item id="unchangeable"><![CDATA[0]]></item>
			<item id="search"><![CDATA[0]]></item>
			<item id="subjectshow"><![CDATA[1]]></item>
			<item id="tpdescription"><![CDATA[]]></item>
			<item id="ttdescription"><![CDATA[带*为必填选项]]></item>
			<item id="tpexpiration"><![CDATA[0]]></item>
			<item id="ttexpiration"><![CDATA[0]]></item>
			<item id="__protect">
				<item id="status"><![CDATA[0]]></item>
				<item id="usergroup"><![CDATA[]]></item>
				<item id="verify"><![CDATA[]]></item>
			</item>
			<item id="__rules">
				<item id="choices"><![CDATA[1=毛坯
2=普通装修
3=中等装修
4=精装修
5=豪华装修]]></item>
				<item id="inputsize"><![CDATA[]]></item>
			</item>
		</item>
		<item id="6">
			<item id="optionid"><![CDATA[1135]]></item>
			<item id="classid"><![CDATA[1]]></item>
			<item id="displayorder"><![CDATA[2]]></item>
			<item id="expiration"><![CDATA[0]]></item>
			<item id="title"><![CDATA[意向区域]]></item>
			<item id="description"><![CDATA[带*为必填选项]]></item>
			<item id="identifier"><![CDATA[zf_quyu_28]]></item>
			<item id="type"><![CDATA[radio]]></item>
			<item id="unit"><![CDATA[]]></item>
			<item id="permprompt"><![CDATA[]]></item>
			<item id="typeid"><![CDATA[63]]></item>
			<item id="name"><![CDATA[求租房屋]]></item>
			<item id="icon"><![CDATA[]]></item>
			<item id="special"><![CDATA[1]]></item>
			<item id="modelid"><![CDATA[0]]></item>
			<item id="template"><![CDATA[<style type="text/css">
.ren_view_share.ren_view_footer { display: none; }
.ren_view_share.ren_view_foo { display: none; }
.rtj1009_m_main .ren_view_xxtop { display: none; }
.rtj1009_m_main .ren_view_ny .ren_lc_xx { display: none; }
.rtj1009_m_main .ren_view_ny .pi { overflow: initial; }
.rtj1009_m_main .message { overflow: initial; }
.rtj1009_m_main .ren_view_xf .ren_v_xftpxx { margin: -10px -10px 0 -10px; }
</style>
<div class="ren_view_xf ren_view_qz ren_view_qgesf cl">
    <div class="ren_v_xfyiyxx">
    	<div class="ren_v_qzbtxx cl">
        	<h3>求租详情</h3>
        </div>
    	<ul class="ren_v_xfyinr cl">
        	<li class="ren_v_yinrsan cl">
            	<div class="ren_v_ban col"><span>租金范围</span><p>{zf_zhujin_28_value}</p></div>
            	<div class="ren_v_ban"><span>意向类型</span><p>{zf_leixing_28_value}</p></div>
            </li>
            <li class="ren_v_yinrsan cl">
            	<div class="ren_v_ban"><span>意向区域</span><p>{zf_quyu_28_value}</p></div>
            	<div class="ren_v_ban"><span>靠近地段</span><p>{zf_kjdd_28_value}</p></div>
            </li>
            <li class="ren_v_yinrsan cl">
            	<div class="ren_v_ban"><span>户型范围</span><p>{zf_huxing_28_value}</p></div>
            	<div class="ren_v_ban"><span>意向面积</span><p>{zf_mianji_28_value}</p></div>
            </li>
            <li class="ren_v_yinrsan cl">
            	<div class="ren_v_ban"><span>期望装修</span><p>{zf_hx_28_value}</p></div>
            	<div class="ren_v_ban"><span>期望方式</span><p>{zf_fangshi_28_value}</p></div>
            </li>
            <li class="ren_v_yinrsan cl">
            	<div class="ren_v_ban"><span>联系人</span><p>{esf_lxr_26_6_value}</p></div>
            	<div class="ren_v_ban col"><span>联系电话</span><p>{esf_lxdh_26_6_value}</p></div>
            </li>
            <li class="ren_v_yinrsan cl">
            	<div class="ren_v_ban ren_v_zfpt"><span>期望配套</span><p>{zf_peitao_28_value}</p></div>
            	<div class="ren_v_ban ren_v_zfpt ren_v_zfpt2"><span>其他说明</span><p>{zf_qtsm_28_value}</p></div>
            </li>
        </ul>
    </div>
</div>
<div class="ren_view_share ren_flxx_footer">
	<a href="tel:{esf_lxdh_26_6_value}" class="yi"><span>{esf_lxr_26_6_value}</span><em>{esf_lxdh_26_6_value}</em></a>
	<a href="tel:{esf_lxdh_26_6_value}" class="e"><i class="icon ren-font">&#xe6be;</i>电话</a>
	<a class="open-popup san" data-popup=".popup-view"><i class="icon ren-font">&#xe619;</i>评论</a>
	<a href="javascript:;" class="ren_share open-popup si" data-popup=".popup-share"><i class="icon ren-font">&#xe742;</i>分享</a>
</div>]]></item>
			<item id="stemplate"><![CDATA[<ul>
[loop]
    <li class="ren_fl_xf ren_fl_qz cl">
        <div class="ren_xf_xx">
            <div class="ren_xf_btxx ren_zf_btxx">
                <a href="{subject_url}" class="ren_xf_bt">{subject}</a>
            </div>
            
            <p class="ren_xf_wz">{zf_fangshi_28_value}<span>|</span>{zf_leixing_28_value}<span>|</span>{zf_mj_28_value}平米<span>|</span>{zf_huxing_28_value}</p>
            <p class="ren_xf_tx">
                <a href="{subject_url}" class="ren_xf_hx">{zf_quyu_28_value}<span>|</span>{zf_kjdd_28_value}</a>
            </p>
            <p class="ren_xf_tag">
                <a href="{subject_url}" class="ren_esc_txx">{esf_lxr_26_6_value}<em>{dateline}</em></a>
            </p>
        </div>
        <div class="ren_price y">
            <p class="ren_pr_jg">
                <span class="ren_pr_jgsz">{zf_zhujin_28_value}</span><span class="ren_pr_jgdw">元/月</span>
            </p>
            <p class="ren_kong"></p>
            <p class="ren_tel"></p>
        </div>
    </li>
[/loop]
</ul>
]]></item>
			<item id="ptemplate"><![CDATA[]]></item>
			<item id="btemplate"><![CDATA[]]></item>
			<item id="sortid"><![CDATA[63]]></item>
			<item id="available"><![CDATA[1]]></item>
			<item id="required"><![CDATA[1]]></item>
			<item id="unchangeable"><![CDATA[0]]></item>
			<item id="search"><![CDATA[2]]></item>
			<item id="subjectshow"><![CDATA[1]]></item>
			<item id="tpdescription"><![CDATA[]]></item>
			<item id="ttdescription"><![CDATA[带*为必填选项]]></item>
			<item id="tpexpiration"><![CDATA[0]]></item>
			<item id="ttexpiration"><![CDATA[0]]></item>
			<item id="__protect">
				<item id="usergroup"><![CDATA[]]></item>
				<item id="verify"><![CDATA[]]></item>
			</item>
			<item id="__rules">
				<item id="choices"><![CDATA[1=鱼峰区
2=城中区
3=柳南区
4=柳北区
5=柳东新区
6=柳江县
7=鹿寨县
8=柳城县
9=其它]]></item>
			</item>
		</item>
		<item id="7">
			<item id="optionid"><![CDATA[1136]]></item>
			<item id="classid"><![CDATA[1]]></item>
			<item id="displayorder"><![CDATA[5]]></item>
			<item id="expiration"><![CDATA[0]]></item>
			<item id="title"><![CDATA[意向范围]]></item>
			<item id="description"><![CDATA[带*为必填选项]]></item>
			<item id="identifier"><![CDATA[zf_mianji_28]]></item>
			<item id="type"><![CDATA[select]]></item>
			<item id="unit"><![CDATA[]]></item>
			<item id="permprompt"><![CDATA[]]></item>
			<item id="typeid"><![CDATA[63]]></item>
			<item id="name"><![CDATA[求租房屋]]></item>
			<item id="icon"><![CDATA[]]></item>
			<item id="special"><![CDATA[1]]></item>
			<item id="modelid"><![CDATA[0]]></item>
			<item id="template"><![CDATA[<style type="text/css">
.ren_view_share.ren_view_footer { display: none; }
.ren_view_share.ren_view_foo { display: none; }
.rtj1009_m_main .ren_view_xxtop { display: none; }
.rtj1009_m_main .ren_view_ny .ren_lc_xx { display: none; }
.rtj1009_m_main .ren_view_ny .pi { overflow: initial; }
.rtj1009_m_main .message { overflow: initial; }
.rtj1009_m_main .ren_view_xf .ren_v_xftpxx { margin: -10px -10px 0 -10px; }
</style>
<div class="ren_view_xf ren_view_qz ren_view_qgesf cl">
    <div class="ren_v_xfyiyxx">
    	<div class="ren_v_qzbtxx cl">
        	<h3>求租详情</h3>
        </div>
    	<ul class="ren_v_xfyinr cl">
        	<li class="ren_v_yinrsan cl">
            	<div class="ren_v_ban col"><span>租金范围</span><p>{zf_zhujin_28_value}</p></div>
            	<div class="ren_v_ban"><span>意向类型</span><p>{zf_leixing_28_value}</p></div>
            </li>
            <li class="ren_v_yinrsan cl">
            	<div class="ren_v_ban"><span>意向区域</span><p>{zf_quyu_28_value}</p></div>
            	<div class="ren_v_ban"><span>靠近地段</span><p>{zf_kjdd_28_value}</p></div>
            </li>
            <li class="ren_v_yinrsan cl">
            	<div class="ren_v_ban"><span>户型范围</span><p>{zf_huxing_28_value}</p></div>
            	<div class="ren_v_ban"><span>意向面积</span><p>{zf_mianji_28_value}</p></div>
            </li>
            <li class="ren_v_yinrsan cl">
            	<div class="ren_v_ban"><span>期望装修</span><p>{zf_hx_28_value}</p></div>
            	<div class="ren_v_ban"><span>期望方式</span><p>{zf_fangshi_28_value}</p></div>
            </li>
            <li class="ren_v_yinrsan cl">
            	<div class="ren_v_ban"><span>联系人</span><p>{esf_lxr_26_6_value}</p></div>
            	<div class="ren_v_ban col"><span>联系电话</span><p>{esf_lxdh_26_6_value}</p></div>
            </li>
            <li class="ren_v_yinrsan cl">
            	<div class="ren_v_ban ren_v_zfpt"><span>期望配套</span><p>{zf_peitao_28_value}</p></div>
            	<div class="ren_v_ban ren_v_zfpt ren_v_zfpt2"><span>其他说明</span><p>{zf_qtsm_28_value}</p></div>
            </li>
        </ul>
    </div>
</div>
<div class="ren_view_share ren_flxx_footer">
	<a href="tel:{esf_lxdh_26_6_value}" class="yi"><span>{esf_lxr_26_6_value}</span><em>{esf_lxdh_26_6_value}</em></a>
	<a href="tel:{esf_lxdh_26_6_value}" class="e"><i class="icon ren-font">&#xe6be;</i>电话</a>
	<a class="open-popup san" data-popup=".popup-view"><i class="icon ren-font">&#xe619;</i>评论</a>
	<a href="javascript:;" class="ren_share open-popup si" data-popup=".popup-share"><i class="icon ren-font">&#xe742;</i>分享</a>
</div>]]></item>
			<item id="stemplate"><![CDATA[<ul>
[loop]
    <li class="ren_fl_xf ren_fl_qz cl">
        <div class="ren_xf_xx">
            <div class="ren_xf_btxx ren_zf_btxx">
                <a href="{subject_url}" class="ren_xf_bt">{subject}</a>
            </div>
            
            <p class="ren_xf_wz">{zf_fangshi_28_value}<span>|</span>{zf_leixing_28_value}<span>|</span>{zf_mj_28_value}平米<span>|</span>{zf_huxing_28_value}</p>
            <p class="ren_xf_tx">
                <a href="{subject_url}" class="ren_xf_hx">{zf_quyu_28_value}<span>|</span>{zf_kjdd_28_value}</a>
            </p>
            <p class="ren_xf_tag">
                <a href="{subject_url}" class="ren_esc_txx">{esf_lxr_26_6_value}<em>{dateline}</em></a>
            </p>
        </div>
        <div class="ren_price y">
            <p class="ren_pr_jg">
                <span class="ren_pr_jgsz">{zf_zhujin_28_value}</span><span class="ren_pr_jgdw">元/月</span>
            </p>
            <p class="ren_kong"></p>
            <p class="ren_tel"></p>
        </div>
    </li>
[/loop]
</ul>
]]></item>
			<item id="ptemplate"><![CDATA[]]></item>
			<item id="btemplate"><![CDATA[]]></item>
			<item id="sortid"><![CDATA[63]]></item>
			<item id="available"><![CDATA[1]]></item>
			<item id="required"><![CDATA[1]]></item>
			<item id="unchangeable"><![CDATA[0]]></item>
			<item id="search"><![CDATA[1]]></item>
			<item id="subjectshow"><![CDATA[1]]></item>
			<item id="tpdescription"><![CDATA[]]></item>
			<item id="ttdescription"><![CDATA[带*为必填选项]]></item>
			<item id="tpexpiration"><![CDATA[0]]></item>
			<item id="ttexpiration"><![CDATA[0]]></item>
			<item id="__protect">
				<item id="usergroup"><![CDATA[]]></item>
				<item id="verify"><![CDATA[]]></item>
			</item>
			<item id="__rules">
				<item id="choices"><![CDATA[1=50平米以下
2=50-70平米
3=70-90平米
4=90-110平米
5=110-130平米
6=130-150平米
7=150-200平米
8=200-300平米
9=300平米以上]]></item>
				<item id="inputsize"><![CDATA[]]></item>
			</item>
		</item>
		<item id="8">
			<item id="optionid"><![CDATA[1137]]></item>
			<item id="classid"><![CDATA[1]]></item>
			<item id="displayorder"><![CDATA[10]]></item>
			<item id="expiration"><![CDATA[0]]></item>
			<item id="title"><![CDATA[期望配套]]></item>
			<item id="description"><![CDATA[带*为必填选项]]></item>
			<item id="identifier"><![CDATA[zf_peitao_28]]></item>
			<item id="type"><![CDATA[checkbox]]></item>
			<item id="unit"><![CDATA[]]></item>
			<item id="permprompt"><![CDATA[]]></item>
			<item id="typeid"><![CDATA[63]]></item>
			<item id="name"><![CDATA[求租房屋]]></item>
			<item id="icon"><![CDATA[]]></item>
			<item id="special"><![CDATA[1]]></item>
			<item id="modelid"><![CDATA[0]]></item>
			<item id="template"><![CDATA[<style type="text/css">
.ren_view_share.ren_view_footer { display: none; }
.ren_view_share.ren_view_foo { display: none; }
.rtj1009_m_main .ren_view_xxtop { display: none; }
.rtj1009_m_main .ren_view_ny .ren_lc_xx { display: none; }
.rtj1009_m_main .ren_view_ny .pi { overflow: initial; }
.rtj1009_m_main .message { overflow: initial; }
.rtj1009_m_main .ren_view_xf .ren_v_xftpxx { margin: -10px -10px 0 -10px; }
</style>
<div class="ren_view_xf ren_view_qz ren_view_qgesf cl">
    <div class="ren_v_xfyiyxx">
    	<div class="ren_v_qzbtxx cl">
        	<h3>求租详情</h3>
        </div>
    	<ul class="ren_v_xfyinr cl">
        	<li class="ren_v_yinrsan cl">
            	<div class="ren_v_ban col"><span>租金范围</span><p>{zf_zhujin_28_value}</p></div>
            	<div class="ren_v_ban"><span>意向类型</span><p>{zf_leixing_28_value}</p></div>
            </li>
            <li class="ren_v_yinrsan cl">
            	<div class="ren_v_ban"><span>意向区域</span><p>{zf_quyu_28_value}</p></div>
            	<div class="ren_v_ban"><span>靠近地段</span><p>{zf_kjdd_28_value}</p></div>
            </li>
            <li class="ren_v_yinrsan cl">
            	<div class="ren_v_ban"><span>户型范围</span><p>{zf_huxing_28_value}</p></div>
            	<div class="ren_v_ban"><span>意向面积</span><p>{zf_mianji_28_value}</p></div>
            </li>
            <li class="ren_v_yinrsan cl">
            	<div class="ren_v_ban"><span>期望装修</span><p>{zf_hx_28_value}</p></div>
            	<div class="ren_v_ban"><span>期望方式</span><p>{zf_fangshi_28_value}</p></div>
            </li>
            <li class="ren_v_yinrsan cl">
            	<div class="ren_v_ban"><span>联系人</span><p>{esf_lxr_26_6_value}</p></div>
            	<div class="ren_v_ban col"><span>联系电话</span><p>{esf_lxdh_26_6_value}</p></div>
            </li>
            <li class="ren_v_yinrsan cl">
            	<div class="ren_v_ban ren_v_zfpt"><span>期望配套</span><p>{zf_peitao_28_value}</p></div>
            	<div class="ren_v_ban ren_v_zfpt ren_v_zfpt2"><span>其他说明</span><p>{zf_qtsm_28_value}</p></div>
            </li>
        </ul>
    </div>
</div>
<div class="ren_view_share ren_flxx_footer">
	<a href="tel:{esf_lxdh_26_6_value}" class="yi"><span>{esf_lxr_26_6_value}</span><em>{esf_lxdh_26_6_value}</em></a>
	<a href="tel:{esf_lxdh_26_6_value}" class="e"><i class="icon ren-font">&#xe6be;</i>电话</a>
	<a class="open-popup san" data-popup=".popup-view"><i class="icon ren-font">&#xe619;</i>评论</a>
	<a href="javascript:;" class="ren_share open-popup si" data-popup=".popup-share"><i class="icon ren-font">&#xe742;</i>分享</a>
</div>]]></item>
			<item id="stemplate"><![CDATA[<ul>
[loop]
    <li class="ren_fl_xf ren_fl_qz cl">
        <div class="ren_xf_xx">
            <div class="ren_xf_btxx ren_zf_btxx">
                <a href="{subject_url}" class="ren_xf_bt">{subject}</a>
            </div>
            
            <p class="ren_xf_wz">{zf_fangshi_28_value}<span>|</span>{zf_leixing_28_value}<span>|</span>{zf_mj_28_value}平米<span>|</span>{zf_huxing_28_value}</p>
            <p class="ren_xf_tx">
                <a href="{subject_url}" class="ren_xf_hx">{zf_quyu_28_value}<span>|</span>{zf_kjdd_28_value}</a>
            </p>
            <p class="ren_xf_tag">
                <a href="{subject_url}" class="ren_esc_txx">{esf_lxr_26_6_value}<em>{dateline}</em></a>
            </p>
        </div>
        <div class="ren_price y">
            <p class="ren_pr_jg">
                <span class="ren_pr_jgsz">{zf_zhujin_28_value}</span><span class="ren_pr_jgdw">元/月</span>
            </p>
            <p class="ren_kong"></p>
            <p class="ren_tel"></p>
        </div>
    </li>
[/loop]
</ul>
]]></item>
			<item id="ptemplate"><![CDATA[]]></item>
			<item id="btemplate"><![CDATA[]]></item>
			<item id="sortid"><![CDATA[63]]></item>
			<item id="available"><![CDATA[1]]></item>
			<item id="required"><![CDATA[1]]></item>
			<item id="unchangeable"><![CDATA[0]]></item>
			<item id="search"><![CDATA[0]]></item>
			<item id="subjectshow"><![CDATA[1]]></item>
			<item id="tpdescription"><![CDATA[]]></item>
			<item id="ttdescription"><![CDATA[带*为必填选项]]></item>
			<item id="tpexpiration"><![CDATA[0]]></item>
			<item id="ttexpiration"><![CDATA[0]]></item>
			<item id="__protect">
				<item id="usergroup"><![CDATA[]]></item>
				<item id="verify"><![CDATA[]]></item>
			</item>
			<item id="__rules">
				<item id="choices"><![CDATA[1=<i>床</i>
2=<i>沙发</i>
3=<i>衣柜</i>
4=<i>电视</i>
5=<i>冰箱</i>
6=<i>洗衣机</i>
7=<i>空调</i>
8=<i>宽带</i>
9=<i>热水器</i>
10=<i>车位</i>]]></item>
			</item>
		</item>
		<item id="9">
			<item id="optionid"><![CDATA[1138]]></item>
			<item id="classid"><![CDATA[1]]></item>
			<item id="displayorder"><![CDATA[7]]></item>
			<item id="expiration"><![CDATA[0]]></item>
			<item id="title"><![CDATA[租金范围]]></item>
			<item id="description"><![CDATA[带*为必填选项]]></item>
			<item id="identifier"><![CDATA[zf_zhujin_28]]></item>
			<item id="type"><![CDATA[radio]]></item>
			<item id="unit"><![CDATA[]]></item>
			<item id="permprompt"><![CDATA[]]></item>
			<item id="typeid"><![CDATA[63]]></item>
			<item id="name"><![CDATA[求租房屋]]></item>
			<item id="icon"><![CDATA[]]></item>
			<item id="special"><![CDATA[1]]></item>
			<item id="modelid"><![CDATA[0]]></item>
			<item id="template"><![CDATA[<style type="text/css">
.ren_view_share.ren_view_footer { display: none; }
.ren_view_share.ren_view_foo { display: none; }
.rtj1009_m_main .ren_view_xxtop { display: none; }
.rtj1009_m_main .ren_view_ny .ren_lc_xx { display: none; }
.rtj1009_m_main .ren_view_ny .pi { overflow: initial; }
.rtj1009_m_main .message { overflow: initial; }
.rtj1009_m_main .ren_view_xf .ren_v_xftpxx { margin: -10px -10px 0 -10px; }
</style>
<div class="ren_view_xf ren_view_qz ren_view_qgesf cl">
    <div class="ren_v_xfyiyxx">
    	<div class="ren_v_qzbtxx cl">
        	<h3>求租详情</h3>
        </div>
    	<ul class="ren_v_xfyinr cl">
        	<li class="ren_v_yinrsan cl">
            	<div class="ren_v_ban col"><span>租金范围</span><p>{zf_zhujin_28_value}</p></div>
            	<div class="ren_v_ban"><span>意向类型</span><p>{zf_leixing_28_value}</p></div>
            </li>
            <li class="ren_v_yinrsan cl">
            	<div class="ren_v_ban"><span>意向区域</span><p>{zf_quyu_28_value}</p></div>
            	<div class="ren_v_ban"><span>靠近地段</span><p>{zf_kjdd_28_value}</p></div>
            </li>
            <li class="ren_v_yinrsan cl">
            	<div class="ren_v_ban"><span>户型范围</span><p>{zf_huxing_28_value}</p></div>
            	<div class="ren_v_ban"><span>意向面积</span><p>{zf_mianji_28_value}</p></div>
            </li>
            <li class="ren_v_yinrsan cl">
            	<div class="ren_v_ban"><span>期望装修</span><p>{zf_hx_28_value}</p></div>
            	<div class="ren_v_ban"><span>期望方式</span><p>{zf_fangshi_28_value}</p></div>
            </li>
            <li class="ren_v_yinrsan cl">
            	<div class="ren_v_ban"><span>联系人</span><p>{esf_lxr_26_6_value}</p></div>
            	<div class="ren_v_ban col"><span>联系电话</span><p>{esf_lxdh_26_6_value}</p></div>
            </li>
            <li class="ren_v_yinrsan cl">
            	<div class="ren_v_ban ren_v_zfpt"><span>期望配套</span><p>{zf_peitao_28_value}</p></div>
            	<div class="ren_v_ban ren_v_zfpt ren_v_zfpt2"><span>其他说明</span><p>{zf_qtsm_28_value}</p></div>
            </li>
        </ul>
    </div>
</div>
<div class="ren_view_share ren_flxx_footer">
	<a href="tel:{esf_lxdh_26_6_value}" class="yi"><span>{esf_lxr_26_6_value}</span><em>{esf_lxdh_26_6_value}</em></a>
	<a href="tel:{esf_lxdh_26_6_value}" class="e"><i class="icon ren-font">&#xe6be;</i>电话</a>
	<a class="open-popup san" data-popup=".popup-view"><i class="icon ren-font">&#xe619;</i>评论</a>
	<a href="javascript:;" class="ren_share open-popup si" data-popup=".popup-share"><i class="icon ren-font">&#xe742;</i>分享</a>
</div>]]></item>
			<item id="stemplate"><![CDATA[<ul>
[loop]
    <li class="ren_fl_xf ren_fl_qz cl">
        <div class="ren_xf_xx">
            <div class="ren_xf_btxx ren_zf_btxx">
                <a href="{subject_url}" class="ren_xf_bt">{subject}</a>
            </div>
            
            <p class="ren_xf_wz">{zf_fangshi_28_value}<span>|</span>{zf_leixing_28_value}<span>|</span>{zf_mj_28_value}平米<span>|</span>{zf_huxing_28_value}</p>
            <p class="ren_xf_tx">
                <a href="{subject_url}" class="ren_xf_hx">{zf_quyu_28_value}<span>|</span>{zf_kjdd_28_value}</a>
            </p>
            <p class="ren_xf_tag">
                <a href="{subject_url}" class="ren_esc_txx">{esf_lxr_26_6_value}<em>{dateline}</em></a>
            </p>
        </div>
        <div class="ren_price y">
            <p class="ren_pr_jg">
                <span class="ren_pr_jgsz">{zf_zhujin_28_value}</span><span class="ren_pr_jgdw">元/月</span>
            </p>
            <p class="ren_kong"></p>
            <p class="ren_tel"></p>
        </div>
    </li>
[/loop]
</ul>
]]></item>
			<item id="ptemplate"><![CDATA[]]></item>
			<item id="btemplate"><![CDATA[]]></item>
			<item id="sortid"><![CDATA[63]]></item>
			<item id="available"><![CDATA[1]]></item>
			<item id="required"><![CDATA[1]]></item>
			<item id="unchangeable"><![CDATA[0]]></item>
			<item id="search"><![CDATA[2]]></item>
			<item id="subjectshow"><![CDATA[1]]></item>
			<item id="tpdescription"><![CDATA[]]></item>
			<item id="ttdescription"><![CDATA[带*为必填选项]]></item>
			<item id="tpexpiration"><![CDATA[0]]></item>
			<item id="ttexpiration"><![CDATA[0]]></item>
			<item id="__protect">
				<item id="usergroup"><![CDATA[]]></item>
				<item id="verify"><![CDATA[]]></item>
			</item>
			<item id="__rules">
				<item id="choices"><![CDATA[1=500以下
2=500-800元
3=800-1000元
4=1000-1500元
5=1500-2000元
6=2000-3000元
7=3000以上]]></item>
			</item>
		</item>
		<item id="10">
			<item id="optionid"><![CDATA[1139]]></item>
			<item id="classid"><![CDATA[1]]></item>
			<item id="displayorder"><![CDATA[1]]></item>
			<item id="expiration"><![CDATA[0]]></item>
			<item id="title"><![CDATA[意向类型]]></item>
			<item id="description"><![CDATA[带*为必填选项]]></item>
			<item id="identifier"><![CDATA[zf_leixing_28]]></item>
			<item id="type"><![CDATA[select]]></item>
			<item id="unit"><![CDATA[]]></item>
			<item id="permprompt"><![CDATA[]]></item>
			<item id="typeid"><![CDATA[63]]></item>
			<item id="name"><![CDATA[求租房屋]]></item>
			<item id="icon"><![CDATA[]]></item>
			<item id="special"><![CDATA[1]]></item>
			<item id="modelid"><![CDATA[0]]></item>
			<item id="template"><![CDATA[<style type="text/css">
.ren_view_share.ren_view_footer { display: none; }
.ren_view_share.ren_view_foo { display: none; }
.rtj1009_m_main .ren_view_xxtop { display: none; }
.rtj1009_m_main .ren_view_ny .ren_lc_xx { display: none; }
.rtj1009_m_main .ren_view_ny .pi { overflow: initial; }
.rtj1009_m_main .message { overflow: initial; }
.rtj1009_m_main .ren_view_xf .ren_v_xftpxx { margin: -10px -10px 0 -10px; }
</style>
<div class="ren_view_xf ren_view_qz ren_view_qgesf cl">
    <div class="ren_v_xfyiyxx">
    	<div class="ren_v_qzbtxx cl">
        	<h3>求租详情</h3>
        </div>
    	<ul class="ren_v_xfyinr cl">
        	<li class="ren_v_yinrsan cl">
            	<div class="ren_v_ban col"><span>租金范围</span><p>{zf_zhujin_28_value}</p></div>
            	<div class="ren_v_ban"><span>意向类型</span><p>{zf_leixing_28_value}</p></div>
            </li>
            <li class="ren_v_yinrsan cl">
            	<div class="ren_v_ban"><span>意向区域</span><p>{zf_quyu_28_value}</p></div>
            	<div class="ren_v_ban"><span>靠近地段</span><p>{zf_kjdd_28_value}</p></div>
            </li>
            <li class="ren_v_yinrsan cl">
            	<div class="ren_v_ban"><span>户型范围</span><p>{zf_huxing_28_value}</p></div>
            	<div class="ren_v_ban"><span>意向面积</span><p>{zf_mianji_28_value}</p></div>
            </li>
            <li class="ren_v_yinrsan cl">
            	<div class="ren_v_ban"><span>期望装修</span><p>{zf_hx_28_value}</p></div>
            	<div class="ren_v_ban"><span>期望方式</span><p>{zf_fangshi_28_value}</p></div>
            </li>
            <li class="ren_v_yinrsan cl">
            	<div class="ren_v_ban"><span>联系人</span><p>{esf_lxr_26_6_value}</p></div>
            	<div class="ren_v_ban col"><span>联系电话</span><p>{esf_lxdh_26_6_value}</p></div>
            </li>
            <li class="ren_v_yinrsan cl">
            	<div class="ren_v_ban ren_v_zfpt"><span>期望配套</span><p>{zf_peitao_28_value}</p></div>
            	<div class="ren_v_ban ren_v_zfpt ren_v_zfpt2"><span>其他说明</span><p>{zf_qtsm_28_value}</p></div>
            </li>
        </ul>
    </div>
</div>
<div class="ren_view_share ren_flxx_footer">
	<a href="tel:{esf_lxdh_26_6_value}" class="yi"><span>{esf_lxr_26_6_value}</span><em>{esf_lxdh_26_6_value}</em></a>
	<a href="tel:{esf_lxdh_26_6_value}" class="e"><i class="icon ren-font">&#xe6be;</i>电话</a>
	<a class="open-popup san" data-popup=".popup-view"><i class="icon ren-font">&#xe619;</i>评论</a>
	<a href="javascript:;" class="ren_share open-popup si" data-popup=".popup-share"><i class="icon ren-font">&#xe742;</i>分享</a>
</div>]]></item>
			<item id="stemplate"><![CDATA[<ul>
[loop]
    <li class="ren_fl_xf ren_fl_qz cl">
        <div class="ren_xf_xx">
            <div class="ren_xf_btxx ren_zf_btxx">
                <a href="{subject_url}" class="ren_xf_bt">{subject}</a>
            </div>
            
            <p class="ren_xf_wz">{zf_fangshi_28_value}<span>|</span>{zf_leixing_28_value}<span>|</span>{zf_mj_28_value}平米<span>|</span>{zf_huxing_28_value}</p>
            <p class="ren_xf_tx">
                <a href="{subject_url}" class="ren_xf_hx">{zf_quyu_28_value}<span>|</span>{zf_kjdd_28_value}</a>
            </p>
            <p class="ren_xf_tag">
                <a href="{subject_url}" class="ren_esc_txx">{esf_lxr_26_6_value}<em>{dateline}</em></a>
            </p>
        </div>
        <div class="ren_price y">
            <p class="ren_pr_jg">
                <span class="ren_pr_jgsz">{zf_zhujin_28_value}</span><span class="ren_pr_jgdw">元/月</span>
            </p>
            <p class="ren_kong"></p>
            <p class="ren_tel"></p>
        </div>
    </li>
[/loop]
</ul>
]]></item>
			<item id="ptemplate"><![CDATA[]]></item>
			<item id="btemplate"><![CDATA[]]></item>
			<item id="sortid"><![CDATA[63]]></item>
			<item id="available"><![CDATA[1]]></item>
			<item id="required"><![CDATA[1]]></item>
			<item id="unchangeable"><![CDATA[0]]></item>
			<item id="search"><![CDATA[1]]></item>
			<item id="subjectshow"><![CDATA[1]]></item>
			<item id="tpdescription"><![CDATA[]]></item>
			<item id="ttdescription"><![CDATA[带*为必填选项]]></item>
			<item id="tpexpiration"><![CDATA[0]]></item>
			<item id="ttexpiration"><![CDATA[0]]></item>
			<item id="__protect">
				<item id="usergroup"><![CDATA[]]></item>
				<item id="verify"><![CDATA[]]></item>
			</item>
			<item id="__rules">
				<item id="choices"><![CDATA[1=普通住宅
2=别墅
3=公寓
4=商铺
5=商住楼
6=写字楼
7=安置房
8=天地楼
9=车库]]></item>
				<item id="inputsize"><![CDATA[]]></item>
			</item>
		</item>
		<item id="11">
			<item id="optionid"><![CDATA[1140]]></item>
			<item id="classid"><![CDATA[1]]></item>
			<item id="displayorder"><![CDATA[9]]></item>
			<item id="expiration"><![CDATA[0]]></item>
			<item id="title"><![CDATA[期望方式]]></item>
			<item id="description"><![CDATA[带*为必填选项]]></item>
			<item id="identifier"><![CDATA[zf_fangshi_28]]></item>
			<item id="type"><![CDATA[radio]]></item>
			<item id="unit"><![CDATA[]]></item>
			<item id="permprompt"><![CDATA[]]></item>
			<item id="typeid"><![CDATA[63]]></item>
			<item id="name"><![CDATA[求租房屋]]></item>
			<item id="icon"><![CDATA[]]></item>
			<item id="special"><![CDATA[1]]></item>
			<item id="modelid"><![CDATA[0]]></item>
			<item id="template"><![CDATA[<style type="text/css">
.ren_view_share.ren_view_footer { display: none; }
.ren_view_share.ren_view_foo { display: none; }
.rtj1009_m_main .ren_view_xxtop { display: none; }
.rtj1009_m_main .ren_view_ny .ren_lc_xx { display: none; }
.rtj1009_m_main .ren_view_ny .pi { overflow: initial; }
.rtj1009_m_main .message { overflow: initial; }
.rtj1009_m_main .ren_view_xf .ren_v_xftpxx { margin: -10px -10px 0 -10px; }
</style>
<div class="ren_view_xf ren_view_qz ren_view_qgesf cl">
    <div class="ren_v_xfyiyxx">
    	<div class="ren_v_qzbtxx cl">
        	<h3>求租详情</h3>
        </div>
    	<ul class="ren_v_xfyinr cl">
        	<li class="ren_v_yinrsan cl">
            	<div class="ren_v_ban col"><span>租金范围</span><p>{zf_zhujin_28_value}</p></div>
            	<div class="ren_v_ban"><span>意向类型</span><p>{zf_leixing_28_value}</p></div>
            </li>
            <li class="ren_v_yinrsan cl">
            	<div class="ren_v_ban"><span>意向区域</span><p>{zf_quyu_28_value}</p></div>
            	<div class="ren_v_ban"><span>靠近地段</span><p>{zf_kjdd_28_value}</p></div>
            </li>
            <li class="ren_v_yinrsan cl">
            	<div class="ren_v_ban"><span>户型范围</span><p>{zf_huxing_28_value}</p></div>
            	<div class="ren_v_ban"><span>意向面积</span><p>{zf_mianji_28_value}</p></div>
            </li>
            <li class="ren_v_yinrsan cl">
            	<div class="ren_v_ban"><span>期望装修</span><p>{zf_hx_28_value}</p></div>
            	<div class="ren_v_ban"><span>期望方式</span><p>{zf_fangshi_28_value}</p></div>
            </li>
            <li class="ren_v_yinrsan cl">
            	<div class="ren_v_ban"><span>联系人</span><p>{esf_lxr_26_6_value}</p></div>
            	<div class="ren_v_ban col"><span>联系电话</span><p>{esf_lxdh_26_6_value}</p></div>
            </li>
            <li class="ren_v_yinrsan cl">
            	<div class="ren_v_ban ren_v_zfpt"><span>期望配套</span><p>{zf_peitao_28_value}</p></div>
            	<div class="ren_v_ban ren_v_zfpt ren_v_zfpt2"><span>其他说明</span><p>{zf_qtsm_28_value}</p></div>
            </li>
        </ul>
    </div>
</div>
<div class="ren_view_share ren_flxx_footer">
	<a href="tel:{esf_lxdh_26_6_value}" class="yi"><span>{esf_lxr_26_6_value}</span><em>{esf_lxdh_26_6_value}</em></a>
	<a href="tel:{esf_lxdh_26_6_value}" class="e"><i class="icon ren-font">&#xe6be;</i>电话</a>
	<a class="open-popup san" data-popup=".popup-view"><i class="icon ren-font">&#xe619;</i>评论</a>
	<a href="javascript:;" class="ren_share open-popup si" data-popup=".popup-share"><i class="icon ren-font">&#xe742;</i>分享</a>
</div>]]></item>
			<item id="stemplate"><![CDATA[<ul>
[loop]
    <li class="ren_fl_xf ren_fl_qz cl">
        <div class="ren_xf_xx">
            <div class="ren_xf_btxx ren_zf_btxx">
                <a href="{subject_url}" class="ren_xf_bt">{subject}</a>
            </div>
            
            <p class="ren_xf_wz">{zf_fangshi_28_value}<span>|</span>{zf_leixing_28_value}<span>|</span>{zf_mj_28_value}平米<span>|</span>{zf_huxing_28_value}</p>
            <p class="ren_xf_tx">
                <a href="{subject_url}" class="ren_xf_hx">{zf_quyu_28_value}<span>|</span>{zf_kjdd_28_value}</a>
            </p>
            <p class="ren_xf_tag">
                <a href="{subject_url}" class="ren_esc_txx">{esf_lxr_26_6_value}<em>{dateline}</em></a>
            </p>
        </div>
        <div class="ren_price y">
            <p class="ren_pr_jg">
                <span class="ren_pr_jgsz">{zf_zhujin_28_value}</span><span class="ren_pr_jgdw">元/月</span>
            </p>
            <p class="ren_kong"></p>
            <p class="ren_tel"></p>
        </div>
    </li>
[/loop]
</ul>
]]></item>
			<item id="ptemplate"><![CDATA[]]></item>
			<item id="btemplate"><![CDATA[]]></item>
			<item id="sortid"><![CDATA[63]]></item>
			<item id="available"><![CDATA[1]]></item>
			<item id="required"><![CDATA[1]]></item>
			<item id="unchangeable"><![CDATA[0]]></item>
			<item id="search"><![CDATA[0]]></item>
			<item id="subjectshow"><![CDATA[1]]></item>
			<item id="tpdescription"><![CDATA[]]></item>
			<item id="ttdescription"><![CDATA[带*为必填选项]]></item>
			<item id="tpexpiration"><![CDATA[0]]></item>
			<item id="ttexpiration"><![CDATA[0]]></item>
			<item id="__protect">
				<item id="usergroup"><![CDATA[]]></item>
				<item id="verify"><![CDATA[]]></item>
			</item>
			<item id="__rules">
				<item id="choices"><![CDATA[1=整租
2=合租]]></item>
			</item>
		</item>
		<item id="12">
			<item id="optionid"><![CDATA[1141]]></item>
			<item id="classid"><![CDATA[1]]></item>
			<item id="displayorder"><![CDATA[3]]></item>
			<item id="expiration"><![CDATA[0]]></item>
			<item id="title"><![CDATA[户型范围]]></item>
			<item id="description"><![CDATA[带*为必填选项]]></item>
			<item id="identifier"><![CDATA[zf_huxing_28]]></item>
			<item id="type"><![CDATA[checkbox]]></item>
			<item id="unit"><![CDATA[]]></item>
			<item id="permprompt"><![CDATA[]]></item>
			<item id="typeid"><![CDATA[63]]></item>
			<item id="name"><![CDATA[求租房屋]]></item>
			<item id="icon"><![CDATA[]]></item>
			<item id="special"><![CDATA[1]]></item>
			<item id="modelid"><![CDATA[0]]></item>
			<item id="template"><![CDATA[<style type="text/css">
.ren_view_share.ren_view_footer { display: none; }
.ren_view_share.ren_view_foo { display: none; }
.rtj1009_m_main .ren_view_xxtop { display: none; }
.rtj1009_m_main .ren_view_ny .ren_lc_xx { display: none; }
.rtj1009_m_main .ren_view_ny .pi { overflow: initial; }
.rtj1009_m_main .message { overflow: initial; }
.rtj1009_m_main .ren_view_xf .ren_v_xftpxx { margin: -10px -10px 0 -10px; }
</style>
<div class="ren_view_xf ren_view_qz ren_view_qgesf cl">
    <div class="ren_v_xfyiyxx">
    	<div class="ren_v_qzbtxx cl">
        	<h3>求租详情</h3>
        </div>
    	<ul class="ren_v_xfyinr cl">
        	<li class="ren_v_yinrsan cl">
            	<div class="ren_v_ban col"><span>租金范围</span><p>{zf_zhujin_28_value}</p></div>
            	<div class="ren_v_ban"><span>意向类型</span><p>{zf_leixing_28_value}</p></div>
            </li>
            <li class="ren_v_yinrsan cl">
            	<div class="ren_v_ban"><span>意向区域</span><p>{zf_quyu_28_value}</p></div>
            	<div class="ren_v_ban"><span>靠近地段</span><p>{zf_kjdd_28_value}</p></div>
            </li>
            <li class="ren_v_yinrsan cl">
            	<div class="ren_v_ban"><span>户型范围</span><p>{zf_huxing_28_value}</p></div>
            	<div class="ren_v_ban"><span>意向面积</span><p>{zf_mianji_28_value}</p></div>
            </li>
            <li class="ren_v_yinrsan cl">
            	<div class="ren_v_ban"><span>期望装修</span><p>{zf_hx_28_value}</p></div>
            	<div class="ren_v_ban"><span>期望方式</span><p>{zf_fangshi_28_value}</p></div>
            </li>
            <li class="ren_v_yinrsan cl">
            	<div class="ren_v_ban"><span>联系人</span><p>{esf_lxr_26_6_value}</p></div>
            	<div class="ren_v_ban col"><span>联系电话</span><p>{esf_lxdh_26_6_value}</p></div>
            </li>
            <li class="ren_v_yinrsan cl">
            	<div class="ren_v_ban ren_v_zfpt"><span>期望配套</span><p>{zf_peitao_28_value}</p></div>
            	<div class="ren_v_ban ren_v_zfpt ren_v_zfpt2"><span>其他说明</span><p>{zf_qtsm_28_value}</p></div>
            </li>
        </ul>
    </div>
</div>
<div class="ren_view_share ren_flxx_footer">
	<a href="tel:{esf_lxdh_26_6_value}" class="yi"><span>{esf_lxr_26_6_value}</span><em>{esf_lxdh_26_6_value}</em></a>
	<a href="tel:{esf_lxdh_26_6_value}" class="e"><i class="icon ren-font">&#xe6be;</i>电话</a>
	<a class="open-popup san" data-popup=".popup-view"><i class="icon ren-font">&#xe619;</i>评论</a>
	<a href="javascript:;" class="ren_share open-popup si" data-popup=".popup-share"><i class="icon ren-font">&#xe742;</i>分享</a>
</div>]]></item>
			<item id="stemplate"><![CDATA[<ul>
[loop]
    <li class="ren_fl_xf ren_fl_qz cl">
        <div class="ren_xf_xx">
            <div class="ren_xf_btxx ren_zf_btxx">
                <a href="{subject_url}" class="ren_xf_bt">{subject}</a>
            </div>
            
            <p class="ren_xf_wz">{zf_fangshi_28_value}<span>|</span>{zf_leixing_28_value}<span>|</span>{zf_mj_28_value}平米<span>|</span>{zf_huxing_28_value}</p>
            <p class="ren_xf_tx">
                <a href="{subject_url}" class="ren_xf_hx">{zf_quyu_28_value}<span>|</span>{zf_kjdd_28_value}</a>
            </p>
            <p class="ren_xf_tag">
                <a href="{subject_url}" class="ren_esc_txx">{esf_lxr_26_6_value}<em>{dateline}</em></a>
            </p>
        </div>
        <div class="ren_price y">
            <p class="ren_pr_jg">
                <span class="ren_pr_jgsz">{zf_zhujin_28_value}</span><span class="ren_pr_jgdw">元/月</span>
            </p>
            <p class="ren_kong"></p>
            <p class="ren_tel"></p>
        </div>
    </li>
[/loop]
</ul>
]]></item>
			<item id="ptemplate"><![CDATA[]]></item>
			<item id="btemplate"><![CDATA[]]></item>
			<item id="sortid"><![CDATA[63]]></item>
			<item id="available"><![CDATA[1]]></item>
			<item id="required"><![CDATA[1]]></item>
			<item id="unchangeable"><![CDATA[0]]></item>
			<item id="search"><![CDATA[2]]></item>
			<item id="subjectshow"><![CDATA[1]]></item>
			<item id="tpdescription"><![CDATA[]]></item>
			<item id="ttdescription"><![CDATA[带*为必填选项]]></item>
			<item id="tpexpiration"><![CDATA[0]]></item>
			<item id="ttexpiration"><![CDATA[0]]></item>
			<item id="__protect">
				<item id="usergroup"><![CDATA[]]></item>
				<item id="verify"><![CDATA[]]></item>
			</item>
			<item id="__rules">
				<item id="choices"><![CDATA[1=一室
2=两室
3=三室
4=四室
5=五室
6=五室以上]]></item>
			</item>
		</item>
	</item>
</root>