<?xml version="1.0" encoding="ISO-8859-1"?>
<root>
	<item id="Title"><![CDATA[Discuz! Threadtypes]]></item>
	<item id="Version"><![CDATA[X3.4]]></item>
	<item id="Time"><![CDATA[2020-07-13 15:09]]></item>
	<item id="From"><![CDATA[DisM!应用中心 (https://dism.taobao.com/)]]></item>
	<item id="Data">
		<item id="0">
			<item id="optionid"><![CDATA[1155]]></item>
			<item id="classid"><![CDATA[4]]></item>
			<item id="displayorder"><![CDATA[4]]></item>
			<item id="expiration"><![CDATA[0]]></item>
			<item id="title"><![CDATA[区域]]></item>
			<item id="description"><![CDATA[带*为必填选项]]></item>
			<item id="identifier"><![CDATA[tzsc_quyu]]></item>
			<item id="type"><![CDATA[radio]]></item>
			<item id="unit"><![CDATA[]]></item>
			<item id="permprompt"><![CDATA[]]></item>
			<item id="typeid"><![CDATA[65]]></item>
			<item id="name"><![CDATA[跳蚤市场]]></item>
			<item id="icon"><![CDATA[]]></item>
			<item id="special"><![CDATA[1]]></item>
			<item id="modelid"><![CDATA[0]]></item>
			<item id="template"><![CDATA[<style type="text/css">
    .ren_view_share.ren_view_footer { display: none; }
    .ren_view_share.ren_view_foo { display: none; }
    .rtj1009_m_main .ren_view_xxtop { display: none; }
    .rtj1009_m_main .ren_view_ny .ren_lc_xx { display: none; }
    .rtj1009_m_main .ren_view_ny .pi { overflow: initial; }
    .rtj1009_m_main .message { overflow: initial; }
    .rtj1009_m_main .ren_view_xf .ren_v_xftpxx { margin: -10px -10px 0 -10px; }
</style>
<div class="ren_view_xf ren_view_sjzk cl">
    <div class="ren_v_xftpxx">
        <div class="ren_v_xfpic cl">
            <img src="{tzsc_tp_value}">
        </div>
    </div>
    <div class="ren_v_xfyiyxx">
        <div class="ren_v_xfbtxx cl">
            <h3><span class="ren_v_esfbtyi">{tzsc_wpmc_value}</span></h3>
            <p class="ren_v_xfjg">
                <span class="ren_v_xfjgsz">{tzsc_jiage_value}</span><span class="ren_v_xfjgdw">元</span>
            </p>
        </div>
        <ul class="ren_v_xfyinr cl">
            <li class="ren_v_yinrliu"><span>成色</span><p>{tzsc_cs_value}</p></li>
            <li class="ren_v_yinrliu"><span>来源</span><p>{tzsc_laiyuan_value}</p></li>
            <li class="ren_v_yinrliu"><span>区域</span><p>{tzsc_quyu_value}</p></li>
            <li class="ren_v_yinrsan"><span>交易方式</span><p>{tzsc_jiaoyi_value}</p></li>
        </ul>
        <span class="ren_v_xfpr cl">
            <em class="ren_v_xfi"><i class="icon"></i></em>
			<em class="ren_v_xfnum"><i class="ming">{tzsc_lxr_value}</i><i class="tel">{tzsc_lxdh_value}</i></em>
       </span>
    </div>
</div>
<div class="ren_view_xfe ren_view_sjzk cl">
    <ul class="ren_v_xfnrtap">
        <li>
            <a href="javascript:;" class="xxk">物品描述</a>
        </li>
    </ul>

    <div class="ren_v_xfexx">
        <div class="ren_v_sjjj cl">
            <p class="cl">{tzsc_wpxz_value}</p>
        </div>

    </div>
</div>
<div class="ren_view_share ren_flxx_footer">
    <a href="tel:{ren_pc_dh_value}" class="yi"><span>{tzsc_lxr_value}</span><em>{tzsc_lxdh_value}</em></a>
    <a href="tel:{tzsc_lxdh_value}" class="e"><i class="icon ren-font">&#xe6be;</i>电话</a>
    <a class="open-popup san" data-popup=".popup-view"><i class="icon ren-font">&#xe619;</i>评论</a>
    <a href="javascript:;" class="ren_share open-popup si" data-popup=".popup-share"><i class="icon ren-font">&#xe742;</i>分享</a>
</div>
]]></item>
			<item id="stemplate"><![CDATA[<ul>
[loop]
    <li class="ren_fl_xf ren_fl_sjzk ren_fl_tssc cl">
        <div class="ren_xf_pic z">
            <a href="{subject_url}">
            	<img src="{tzsc_tp_value}">
            </a>
        </div>
        <div class="ren_xf_xx">
            <div class="ren_xf_btxx ren_zf_btxx">
                <a href="{subject_url}" class="ren_xf_bt">{subject}</a>
            </div>
            
            <p class="ren_xf_wz">{tzsc_lb_value}<span>|</span>{tzsc_cs_value}<span>|</span>{tzsc_laiyuan_value}</p>
            <p class="ren_xf_tx">
                <a href="{subject_url}" class="ren_xf_hx">{tzsc_quyu_value}<span>|</span>{tzsc_jiaoyi_value}</a>
            </p>
        </div>
        <div class="ren_price y">
            <p class="ren_pr_jg">
                <span class="ren_pr_jgsz">{tzsc_jiage_value}</span><span class="ren_pr_jgdw">元</span>
            </p>
        </div>
    </li>
[/loop]
</ul>
]]></item>
			<item id="ptemplate"><![CDATA[]]></item>
			<item id="btemplate"><![CDATA[]]></item>
			<item id="sortid"><![CDATA[65]]></item>
			<item id="available"><![CDATA[1]]></item>
			<item id="required"><![CDATA[1]]></item>
			<item id="unchangeable"><![CDATA[0]]></item>
			<item id="search"><![CDATA[2]]></item>
			<item id="subjectshow"><![CDATA[1]]></item>
			<item id="tpdescription"><![CDATA[]]></item>
			<item id="ttdescription"><![CDATA[带*为必填选项]]></item>
			<item id="tpexpiration"><![CDATA[0]]></item>
			<item id="ttexpiration"><![CDATA[0]]></item>
			<item id="__protect">
				<item id="usergroup"><![CDATA[]]></item>
				<item id="verify"><![CDATA[]]></item>
			</item>
			<item id="__rules">
				<item id="choices"><![CDATA[1=鱼峰区
2=城中区
3=柳南区
4=柳北区
5=柳东新区
6=柳江县
7=鹿寨县
8=柳城县
9=其它]]></item>
			</item>
		</item>
		<item id="1">
			<item id="optionid"><![CDATA[1156]]></item>
			<item id="classid"><![CDATA[4]]></item>
			<item id="displayorder"><![CDATA[3]]></item>
			<item id="expiration"><![CDATA[0]]></item>
			<item id="title"><![CDATA[图片]]></item>
			<item id="description"><![CDATA[带*为必填选项]]></item>
			<item id="identifier"><![CDATA[tzsc_tp]]></item>
			<item id="type"><![CDATA[image]]></item>
			<item id="unit"><![CDATA[]]></item>
			<item id="permprompt"><![CDATA[]]></item>
			<item id="typeid"><![CDATA[65]]></item>
			<item id="name"><![CDATA[跳蚤市场]]></item>
			<item id="icon"><![CDATA[]]></item>
			<item id="special"><![CDATA[1]]></item>
			<item id="modelid"><![CDATA[0]]></item>
			<item id="template"><![CDATA[<style type="text/css">
    .ren_view_share.ren_view_footer { display: none; }
    .ren_view_share.ren_view_foo { display: none; }
    .rtj1009_m_main .ren_view_xxtop { display: none; }
    .rtj1009_m_main .ren_view_ny .ren_lc_xx { display: none; }
    .rtj1009_m_main .ren_view_ny .pi { overflow: initial; }
    .rtj1009_m_main .message { overflow: initial; }
    .rtj1009_m_main .ren_view_xf .ren_v_xftpxx { margin: -10px -10px 0 -10px; }
</style>
<div class="ren_view_xf ren_view_sjzk cl">
    <div class="ren_v_xftpxx">
        <div class="ren_v_xfpic cl">
            <img src="{tzsc_tp_value}">
        </div>
    </div>
    <div class="ren_v_xfyiyxx">
        <div class="ren_v_xfbtxx cl">
            <h3><span class="ren_v_esfbtyi">{tzsc_wpmc_value}</span></h3>
            <p class="ren_v_xfjg">
                <span class="ren_v_xfjgsz">{tzsc_jiage_value}</span><span class="ren_v_xfjgdw">元</span>
            </p>
        </div>
        <ul class="ren_v_xfyinr cl">
            <li class="ren_v_yinrliu"><span>成色</span><p>{tzsc_cs_value}</p></li>
            <li class="ren_v_yinrliu"><span>来源</span><p>{tzsc_laiyuan_value}</p></li>
            <li class="ren_v_yinrliu"><span>区域</span><p>{tzsc_quyu_value}</p></li>
            <li class="ren_v_yinrsan"><span>交易方式</span><p>{tzsc_jiaoyi_value}</p></li>
        </ul>
        <span class="ren_v_xfpr cl">
            <em class="ren_v_xfi"><i class="icon"></i></em>
			<em class="ren_v_xfnum"><i class="ming">{tzsc_lxr_value}</i><i class="tel">{tzsc_lxdh_value}</i></em>
       </span>
    </div>
</div>
<div class="ren_view_xfe ren_view_sjzk cl">
    <ul class="ren_v_xfnrtap">
        <li>
            <a href="javascript:;" class="xxk">物品描述</a>
        </li>
    </ul>

    <div class="ren_v_xfexx">
        <div class="ren_v_sjjj cl">
            <p class="cl">{tzsc_wpxz_value}</p>
        </div>

    </div>
</div>
<div class="ren_view_share ren_flxx_footer">
    <a href="tel:{ren_pc_dh_value}" class="yi"><span>{tzsc_lxr_value}</span><em>{tzsc_lxdh_value}</em></a>
    <a href="tel:{tzsc_lxdh_value}" class="e"><i class="icon ren-font">&#xe6be;</i>电话</a>
    <a class="open-popup san" data-popup=".popup-view"><i class="icon ren-font">&#xe619;</i>评论</a>
    <a href="javascript:;" class="ren_share open-popup si" data-popup=".popup-share"><i class="icon ren-font">&#xe742;</i>分享</a>
</div>
]]></item>
			<item id="stemplate"><![CDATA[<ul>
[loop]
    <li class="ren_fl_xf ren_fl_sjzk ren_fl_tssc cl">
        <div class="ren_xf_pic z">
            <a href="{subject_url}">
            	<img src="{tzsc_tp_value}">
            </a>
        </div>
        <div class="ren_xf_xx">
            <div class="ren_xf_btxx ren_zf_btxx">
                <a href="{subject_url}" class="ren_xf_bt">{subject}</a>
            </div>
            
            <p class="ren_xf_wz">{tzsc_lb_value}<span>|</span>{tzsc_cs_value}<span>|</span>{tzsc_laiyuan_value}</p>
            <p class="ren_xf_tx">
                <a href="{subject_url}" class="ren_xf_hx">{tzsc_quyu_value}<span>|</span>{tzsc_jiaoyi_value}</a>
            </p>
        </div>
        <div class="ren_price y">
            <p class="ren_pr_jg">
                <span class="ren_pr_jgsz">{tzsc_jiage_value}</span><span class="ren_pr_jgdw">元</span>
            </p>
        </div>
    </li>
[/loop]
</ul>
]]></item>
			<item id="ptemplate"><![CDATA[]]></item>
			<item id="btemplate"><![CDATA[]]></item>
			<item id="sortid"><![CDATA[65]]></item>
			<item id="available"><![CDATA[1]]></item>
			<item id="required"><![CDATA[1]]></item>
			<item id="unchangeable"><![CDATA[0]]></item>
			<item id="search"><![CDATA[0]]></item>
			<item id="subjectshow"><![CDATA[1]]></item>
			<item id="tpdescription"><![CDATA[]]></item>
			<item id="ttdescription"><![CDATA[带*为必填选项]]></item>
			<item id="tpexpiration"><![CDATA[0]]></item>
			<item id="ttexpiration"><![CDATA[0]]></item>
			<item id="__protect">
				<item id="usergroup"><![CDATA[]]></item>
				<item id="verify"><![CDATA[]]></item>
			</item>
			<item id="__rules">
				<item id="maxwidth"><![CDATA[]]></item>
				<item id="maxheight"><![CDATA[]]></item>
				<item id="inputsize"><![CDATA[]]></item>
			</item>
		</item>
		<item id="2">
			<item id="optionid"><![CDATA[1157]]></item>
			<item id="classid"><![CDATA[4]]></item>
			<item id="displayorder"><![CDATA[1]]></item>
			<item id="expiration"><![CDATA[0]]></item>
			<item id="title"><![CDATA[类别]]></item>
			<item id="description"><![CDATA[带*为必填选项]]></item>
			<item id="identifier"><![CDATA[tzsc_lb]]></item>
			<item id="type"><![CDATA[select]]></item>
			<item id="unit"><![CDATA[]]></item>
			<item id="permprompt"><![CDATA[]]></item>
			<item id="typeid"><![CDATA[65]]></item>
			<item id="name"><![CDATA[跳蚤市场]]></item>
			<item id="icon"><![CDATA[]]></item>
			<item id="special"><![CDATA[1]]></item>
			<item id="modelid"><![CDATA[0]]></item>
			<item id="template"><![CDATA[<style type="text/css">
    .ren_view_share.ren_view_footer { display: none; }
    .ren_view_share.ren_view_foo { display: none; }
    .rtj1009_m_main .ren_view_xxtop { display: none; }
    .rtj1009_m_main .ren_view_ny .ren_lc_xx { display: none; }
    .rtj1009_m_main .ren_view_ny .pi { overflow: initial; }
    .rtj1009_m_main .message { overflow: initial; }
    .rtj1009_m_main .ren_view_xf .ren_v_xftpxx { margin: -10px -10px 0 -10px; }
</style>
<div class="ren_view_xf ren_view_sjzk cl">
    <div class="ren_v_xftpxx">
        <div class="ren_v_xfpic cl">
            <img src="{tzsc_tp_value}">
        </div>
    </div>
    <div class="ren_v_xfyiyxx">
        <div class="ren_v_xfbtxx cl">
            <h3><span class="ren_v_esfbtyi">{tzsc_wpmc_value}</span></h3>
            <p class="ren_v_xfjg">
                <span class="ren_v_xfjgsz">{tzsc_jiage_value}</span><span class="ren_v_xfjgdw">元</span>
            </p>
        </div>
        <ul class="ren_v_xfyinr cl">
            <li class="ren_v_yinrliu"><span>成色</span><p>{tzsc_cs_value}</p></li>
            <li class="ren_v_yinrliu"><span>来源</span><p>{tzsc_laiyuan_value}</p></li>
            <li class="ren_v_yinrliu"><span>区域</span><p>{tzsc_quyu_value}</p></li>
            <li class="ren_v_yinrsan"><span>交易方式</span><p>{tzsc_jiaoyi_value}</p></li>
        </ul>
        <span class="ren_v_xfpr cl">
            <em class="ren_v_xfi"><i class="icon"></i></em>
			<em class="ren_v_xfnum"><i class="ming">{tzsc_lxr_value}</i><i class="tel">{tzsc_lxdh_value}</i></em>
       </span>
    </div>
</div>
<div class="ren_view_xfe ren_view_sjzk cl">
    <ul class="ren_v_xfnrtap">
        <li>
            <a href="javascript:;" class="xxk">物品描述</a>
        </li>
    </ul>

    <div class="ren_v_xfexx">
        <div class="ren_v_sjjj cl">
            <p class="cl">{tzsc_wpxz_value}</p>
        </div>

    </div>
</div>
<div class="ren_view_share ren_flxx_footer">
    <a href="tel:{ren_pc_dh_value}" class="yi"><span>{tzsc_lxr_value}</span><em>{tzsc_lxdh_value}</em></a>
    <a href="tel:{tzsc_lxdh_value}" class="e"><i class="icon ren-font">&#xe6be;</i>电话</a>
    <a class="open-popup san" data-popup=".popup-view"><i class="icon ren-font">&#xe619;</i>评论</a>
    <a href="javascript:;" class="ren_share open-popup si" data-popup=".popup-share"><i class="icon ren-font">&#xe742;</i>分享</a>
</div>
]]></item>
			<item id="stemplate"><![CDATA[<ul>
[loop]
    <li class="ren_fl_xf ren_fl_sjzk ren_fl_tssc cl">
        <div class="ren_xf_pic z">
            <a href="{subject_url}">
            	<img src="{tzsc_tp_value}">
            </a>
        </div>
        <div class="ren_xf_xx">
            <div class="ren_xf_btxx ren_zf_btxx">
                <a href="{subject_url}" class="ren_xf_bt">{subject}</a>
            </div>
            
            <p class="ren_xf_wz">{tzsc_lb_value}<span>|</span>{tzsc_cs_value}<span>|</span>{tzsc_laiyuan_value}</p>
            <p class="ren_xf_tx">
                <a href="{subject_url}" class="ren_xf_hx">{tzsc_quyu_value}<span>|</span>{tzsc_jiaoyi_value}</a>
            </p>
        </div>
        <div class="ren_price y">
            <p class="ren_pr_jg">
                <span class="ren_pr_jgsz">{tzsc_jiage_value}</span><span class="ren_pr_jgdw">元</span>
            </p>
        </div>
    </li>
[/loop]
</ul>
]]></item>
			<item id="ptemplate"><![CDATA[]]></item>
			<item id="btemplate"><![CDATA[]]></item>
			<item id="sortid"><![CDATA[65]]></item>
			<item id="available"><![CDATA[1]]></item>
			<item id="required"><![CDATA[1]]></item>
			<item id="unchangeable"><![CDATA[0]]></item>
			<item id="search"><![CDATA[2]]></item>
			<item id="subjectshow"><![CDATA[1]]></item>
			<item id="tpdescription"><![CDATA[]]></item>
			<item id="ttdescription"><![CDATA[带*为必填选项]]></item>
			<item id="tpexpiration"><![CDATA[0]]></item>
			<item id="ttexpiration"><![CDATA[0]]></item>
			<item id="__protect">
				<item id="usergroup"><![CDATA[]]></item>
				<item id="verify"><![CDATA[]]></item>
			</item>
			<item id="__rules">
				<item id="choices"><![CDATA[1=手机及配件
2=数码产品
3=电脑转让
4=家具家居
5=家用电器
6=日常用品
7=出行车辆
8=闲置礼品
9=服饰箱包
10=母婴用品
11=运动图书
12=门票卡券
13=工业设备
14=物品回收
15=设备办公
16=其他物品]]></item>
				<item id="inputsize"><![CDATA[]]></item>
			</item>
		</item>
		<item id="3">
			<item id="optionid"><![CDATA[1158]]></item>
			<item id="classid"><![CDATA[4]]></item>
			<item id="displayorder"><![CDATA[5]]></item>
			<item id="expiration"><![CDATA[0]]></item>
			<item id="title"><![CDATA[价格]]></item>
			<item id="description"><![CDATA[带*为必填选项]]></item>
			<item id="identifier"><![CDATA[tzsc_jiage]]></item>
			<item id="type"><![CDATA[range]]></item>
			<item id="unit"><![CDATA[元]]></item>
			<item id="permprompt"><![CDATA[]]></item>
			<item id="typeid"><![CDATA[65]]></item>
			<item id="name"><![CDATA[跳蚤市场]]></item>
			<item id="icon"><![CDATA[]]></item>
			<item id="special"><![CDATA[1]]></item>
			<item id="modelid"><![CDATA[0]]></item>
			<item id="template"><![CDATA[<style type="text/css">
    .ren_view_share.ren_view_footer { display: none; }
    .ren_view_share.ren_view_foo { display: none; }
    .rtj1009_m_main .ren_view_xxtop { display: none; }
    .rtj1009_m_main .ren_view_ny .ren_lc_xx { display: none; }
    .rtj1009_m_main .ren_view_ny .pi { overflow: initial; }
    .rtj1009_m_main .message { overflow: initial; }
    .rtj1009_m_main .ren_view_xf .ren_v_xftpxx { margin: -10px -10px 0 -10px; }
</style>
<div class="ren_view_xf ren_view_sjzk cl">
    <div class="ren_v_xftpxx">
        <div class="ren_v_xfpic cl">
            <img src="{tzsc_tp_value}">
        </div>
    </div>
    <div class="ren_v_xfyiyxx">
        <div class="ren_v_xfbtxx cl">
            <h3><span class="ren_v_esfbtyi">{tzsc_wpmc_value}</span></h3>
            <p class="ren_v_xfjg">
                <span class="ren_v_xfjgsz">{tzsc_jiage_value}</span><span class="ren_v_xfjgdw">元</span>
            </p>
        </div>
        <ul class="ren_v_xfyinr cl">
            <li class="ren_v_yinrliu"><span>成色</span><p>{tzsc_cs_value}</p></li>
            <li class="ren_v_yinrliu"><span>来源</span><p>{tzsc_laiyuan_value}</p></li>
            <li class="ren_v_yinrliu"><span>区域</span><p>{tzsc_quyu_value}</p></li>
            <li class="ren_v_yinrsan"><span>交易方式</span><p>{tzsc_jiaoyi_value}</p></li>
        </ul>
        <span class="ren_v_xfpr cl">
            <em class="ren_v_xfi"><i class="icon"></i></em>
			<em class="ren_v_xfnum"><i class="ming">{tzsc_lxr_value}</i><i class="tel">{tzsc_lxdh_value}</i></em>
       </span>
    </div>
</div>
<div class="ren_view_xfe ren_view_sjzk cl">
    <ul class="ren_v_xfnrtap">
        <li>
            <a href="javascript:;" class="xxk">物品描述</a>
        </li>
    </ul>

    <div class="ren_v_xfexx">
        <div class="ren_v_sjjj cl">
            <p class="cl">{tzsc_wpxz_value}</p>
        </div>

    </div>
</div>
<div class="ren_view_share ren_flxx_footer">
    <a href="tel:{ren_pc_dh_value}" class="yi"><span>{tzsc_lxr_value}</span><em>{tzsc_lxdh_value}</em></a>
    <a href="tel:{tzsc_lxdh_value}" class="e"><i class="icon ren-font">&#xe6be;</i>电话</a>
    <a class="open-popup san" data-popup=".popup-view"><i class="icon ren-font">&#xe619;</i>评论</a>
    <a href="javascript:;" class="ren_share open-popup si" data-popup=".popup-share"><i class="icon ren-font">&#xe742;</i>分享</a>
</div>
]]></item>
			<item id="stemplate"><![CDATA[<ul>
[loop]
    <li class="ren_fl_xf ren_fl_sjzk ren_fl_tssc cl">
        <div class="ren_xf_pic z">
            <a href="{subject_url}">
            	<img src="{tzsc_tp_value}">
            </a>
        </div>
        <div class="ren_xf_xx">
            <div class="ren_xf_btxx ren_zf_btxx">
                <a href="{subject_url}" class="ren_xf_bt">{subject}</a>
            </div>
            
            <p class="ren_xf_wz">{tzsc_lb_value}<span>|</span>{tzsc_cs_value}<span>|</span>{tzsc_laiyuan_value}</p>
            <p class="ren_xf_tx">
                <a href="{subject_url}" class="ren_xf_hx">{tzsc_quyu_value}<span>|</span>{tzsc_jiaoyi_value}</a>
            </p>
        </div>
        <div class="ren_price y">
            <p class="ren_pr_jg">
                <span class="ren_pr_jgsz">{tzsc_jiage_value}</span><span class="ren_pr_jgdw">元</span>
            </p>
        </div>
    </li>
[/loop]
</ul>
]]></item>
			<item id="ptemplate"><![CDATA[]]></item>
			<item id="btemplate"><![CDATA[]]></item>
			<item id="sortid"><![CDATA[65]]></item>
			<item id="available"><![CDATA[1]]></item>
			<item id="required"><![CDATA[1]]></item>
			<item id="unchangeable"><![CDATA[0]]></item>
			<item id="search"><![CDATA[2]]></item>
			<item id="subjectshow"><![CDATA[1]]></item>
			<item id="tpdescription"><![CDATA[]]></item>
			<item id="ttdescription"><![CDATA[带*为必填选项]]></item>
			<item id="tpexpiration"><![CDATA[0]]></item>
			<item id="ttexpiration"><![CDATA[0]]></item>
			<item id="__protect">
				<item id="status"><![CDATA[0]]></item>
				<item id="usergroup"><![CDATA[]]></item>
				<item id="verify"><![CDATA[]]></item>
			</item>
			<item id="__rules">
				<item id="maxnum"><![CDATA[]]></item>
				<item id="minnum"><![CDATA[]]></item>
				<item id="inputsize"><![CDATA[]]></item>
				<item id="searchtxt"><![CDATA[50,100,300,500,800,1000,2000]]></item>
			</item>
		</item>
		<item id="4">
			<item id="optionid"><![CDATA[1159]]></item>
			<item id="classid"><![CDATA[4]]></item>
			<item id="displayorder"><![CDATA[6]]></item>
			<item id="expiration"><![CDATA[0]]></item>
			<item id="title"><![CDATA[成色]]></item>
			<item id="description"><![CDATA[带*为必填选项]]></item>
			<item id="identifier"><![CDATA[tzsc_cs]]></item>
			<item id="type"><![CDATA[select]]></item>
			<item id="unit"><![CDATA[]]></item>
			<item id="permprompt"><![CDATA[]]></item>
			<item id="typeid"><![CDATA[65]]></item>
			<item id="name"><![CDATA[跳蚤市场]]></item>
			<item id="icon"><![CDATA[]]></item>
			<item id="special"><![CDATA[1]]></item>
			<item id="modelid"><![CDATA[0]]></item>
			<item id="template"><![CDATA[<style type="text/css">
    .ren_view_share.ren_view_footer { display: none; }
    .ren_view_share.ren_view_foo { display: none; }
    .rtj1009_m_main .ren_view_xxtop { display: none; }
    .rtj1009_m_main .ren_view_ny .ren_lc_xx { display: none; }
    .rtj1009_m_main .ren_view_ny .pi { overflow: initial; }
    .rtj1009_m_main .message { overflow: initial; }
    .rtj1009_m_main .ren_view_xf .ren_v_xftpxx { margin: -10px -10px 0 -10px; }
</style>
<div class="ren_view_xf ren_view_sjzk cl">
    <div class="ren_v_xftpxx">
        <div class="ren_v_xfpic cl">
            <img src="{tzsc_tp_value}">
        </div>
    </div>
    <div class="ren_v_xfyiyxx">
        <div class="ren_v_xfbtxx cl">
            <h3><span class="ren_v_esfbtyi">{tzsc_wpmc_value}</span></h3>
            <p class="ren_v_xfjg">
                <span class="ren_v_xfjgsz">{tzsc_jiage_value}</span><span class="ren_v_xfjgdw">元</span>
            </p>
        </div>
        <ul class="ren_v_xfyinr cl">
            <li class="ren_v_yinrliu"><span>成色</span><p>{tzsc_cs_value}</p></li>
            <li class="ren_v_yinrliu"><span>来源</span><p>{tzsc_laiyuan_value}</p></li>
            <li class="ren_v_yinrliu"><span>区域</span><p>{tzsc_quyu_value}</p></li>
            <li class="ren_v_yinrsan"><span>交易方式</span><p>{tzsc_jiaoyi_value}</p></li>
        </ul>
        <span class="ren_v_xfpr cl">
            <em class="ren_v_xfi"><i class="icon"></i></em>
			<em class="ren_v_xfnum"><i class="ming">{tzsc_lxr_value}</i><i class="tel">{tzsc_lxdh_value}</i></em>
       </span>
    </div>
</div>
<div class="ren_view_xfe ren_view_sjzk cl">
    <ul class="ren_v_xfnrtap">
        <li>
            <a href="javascript:;" class="xxk">物品描述</a>
        </li>
    </ul>

    <div class="ren_v_xfexx">
        <div class="ren_v_sjjj cl">
            <p class="cl">{tzsc_wpxz_value}</p>
        </div>

    </div>
</div>
<div class="ren_view_share ren_flxx_footer">
    <a href="tel:{ren_pc_dh_value}" class="yi"><span>{tzsc_lxr_value}</span><em>{tzsc_lxdh_value}</em></a>
    <a href="tel:{tzsc_lxdh_value}" class="e"><i class="icon ren-font">&#xe6be;</i>电话</a>
    <a class="open-popup san" data-popup=".popup-view"><i class="icon ren-font">&#xe619;</i>评论</a>
    <a href="javascript:;" class="ren_share open-popup si" data-popup=".popup-share"><i class="icon ren-font">&#xe742;</i>分享</a>
</div>
]]></item>
			<item id="stemplate"><![CDATA[<ul>
[loop]
    <li class="ren_fl_xf ren_fl_sjzk ren_fl_tssc cl">
        <div class="ren_xf_pic z">
            <a href="{subject_url}">
            	<img src="{tzsc_tp_value}">
            </a>
        </div>
        <div class="ren_xf_xx">
            <div class="ren_xf_btxx ren_zf_btxx">
                <a href="{subject_url}" class="ren_xf_bt">{subject}</a>
            </div>
            
            <p class="ren_xf_wz">{tzsc_lb_value}<span>|</span>{tzsc_cs_value}<span>|</span>{tzsc_laiyuan_value}</p>
            <p class="ren_xf_tx">
                <a href="{subject_url}" class="ren_xf_hx">{tzsc_quyu_value}<span>|</span>{tzsc_jiaoyi_value}</a>
            </p>
        </div>
        <div class="ren_price y">
            <p class="ren_pr_jg">
                <span class="ren_pr_jgsz">{tzsc_jiage_value}</span><span class="ren_pr_jgdw">元</span>
            </p>
        </div>
    </li>
[/loop]
</ul>
]]></item>
			<item id="ptemplate"><![CDATA[]]></item>
			<item id="btemplate"><![CDATA[]]></item>
			<item id="sortid"><![CDATA[65]]></item>
			<item id="available"><![CDATA[1]]></item>
			<item id="required"><![CDATA[1]]></item>
			<item id="unchangeable"><![CDATA[0]]></item>
			<item id="search"><![CDATA[0]]></item>
			<item id="subjectshow"><![CDATA[1]]></item>
			<item id="tpdescription"><![CDATA[]]></item>
			<item id="ttdescription"><![CDATA[带*为必填选项]]></item>
			<item id="tpexpiration"><![CDATA[0]]></item>
			<item id="ttexpiration"><![CDATA[0]]></item>
			<item id="__protect">
				<item id="usergroup"><![CDATA[]]></item>
				<item id="verify"><![CDATA[]]></item>
			</item>
			<item id="__rules">
				<item id="choices"><![CDATA[1=全新
2=95成新
3=9成新
4=85成新
5=8成新
6=75成新
7=7成新以下]]></item>
				<item id="inputsize"><![CDATA[]]></item>
			</item>
		</item>
		<item id="5">
			<item id="optionid"><![CDATA[1160]]></item>
			<item id="classid"><![CDATA[4]]></item>
			<item id="displayorder"><![CDATA[7]]></item>
			<item id="expiration"><![CDATA[0]]></item>
			<item id="title"><![CDATA[来源]]></item>
			<item id="description"><![CDATA[带*为必填选项]]></item>
			<item id="identifier"><![CDATA[tzsc_laiyuan]]></item>
			<item id="type"><![CDATA[select]]></item>
			<item id="unit"><![CDATA[]]></item>
			<item id="permprompt"><![CDATA[]]></item>
			<item id="typeid"><![CDATA[65]]></item>
			<item id="name"><![CDATA[跳蚤市场]]></item>
			<item id="icon"><![CDATA[]]></item>
			<item id="special"><![CDATA[1]]></item>
			<item id="modelid"><![CDATA[0]]></item>
			<item id="template"><![CDATA[<style type="text/css">
    .ren_view_share.ren_view_footer { display: none; }
    .ren_view_share.ren_view_foo { display: none; }
    .rtj1009_m_main .ren_view_xxtop { display: none; }
    .rtj1009_m_main .ren_view_ny .ren_lc_xx { display: none; }
    .rtj1009_m_main .ren_view_ny .pi { overflow: initial; }
    .rtj1009_m_main .message { overflow: initial; }
    .rtj1009_m_main .ren_view_xf .ren_v_xftpxx { margin: -10px -10px 0 -10px; }
</style>
<div class="ren_view_xf ren_view_sjzk cl">
    <div class="ren_v_xftpxx">
        <div class="ren_v_xfpic cl">
            <img src="{tzsc_tp_value}">
        </div>
    </div>
    <div class="ren_v_xfyiyxx">
        <div class="ren_v_xfbtxx cl">
            <h3><span class="ren_v_esfbtyi">{tzsc_wpmc_value}</span></h3>
            <p class="ren_v_xfjg">
                <span class="ren_v_xfjgsz">{tzsc_jiage_value}</span><span class="ren_v_xfjgdw">元</span>
            </p>
        </div>
        <ul class="ren_v_xfyinr cl">
            <li class="ren_v_yinrliu"><span>成色</span><p>{tzsc_cs_value}</p></li>
            <li class="ren_v_yinrliu"><span>来源</span><p>{tzsc_laiyuan_value}</p></li>
            <li class="ren_v_yinrliu"><span>区域</span><p>{tzsc_quyu_value}</p></li>
            <li class="ren_v_yinrsan"><span>交易方式</span><p>{tzsc_jiaoyi_value}</p></li>
        </ul>
        <span class="ren_v_xfpr cl">
            <em class="ren_v_xfi"><i class="icon"></i></em>
			<em class="ren_v_xfnum"><i class="ming">{tzsc_lxr_value}</i><i class="tel">{tzsc_lxdh_value}</i></em>
       </span>
    </div>
</div>
<div class="ren_view_xfe ren_view_sjzk cl">
    <ul class="ren_v_xfnrtap">
        <li>
            <a href="javascript:;" class="xxk">物品描述</a>
        </li>
    </ul>

    <div class="ren_v_xfexx">
        <div class="ren_v_sjjj cl">
            <p class="cl">{tzsc_wpxz_value}</p>
        </div>

    </div>
</div>
<div class="ren_view_share ren_flxx_footer">
    <a href="tel:{ren_pc_dh_value}" class="yi"><span>{tzsc_lxr_value}</span><em>{tzsc_lxdh_value}</em></a>
    <a href="tel:{tzsc_lxdh_value}" class="e"><i class="icon ren-font">&#xe6be;</i>电话</a>
    <a class="open-popup san" data-popup=".popup-view"><i class="icon ren-font">&#xe619;</i>评论</a>
    <a href="javascript:;" class="ren_share open-popup si" data-popup=".popup-share"><i class="icon ren-font">&#xe742;</i>分享</a>
</div>
]]></item>
			<item id="stemplate"><![CDATA[<ul>
[loop]
    <li class="ren_fl_xf ren_fl_sjzk ren_fl_tssc cl">
        <div class="ren_xf_pic z">
            <a href="{subject_url}">
            	<img src="{tzsc_tp_value}">
            </a>
        </div>
        <div class="ren_xf_xx">
            <div class="ren_xf_btxx ren_zf_btxx">
                <a href="{subject_url}" class="ren_xf_bt">{subject}</a>
            </div>
            
            <p class="ren_xf_wz">{tzsc_lb_value}<span>|</span>{tzsc_cs_value}<span>|</span>{tzsc_laiyuan_value}</p>
            <p class="ren_xf_tx">
                <a href="{subject_url}" class="ren_xf_hx">{tzsc_quyu_value}<span>|</span>{tzsc_jiaoyi_value}</a>
            </p>
        </div>
        <div class="ren_price y">
            <p class="ren_pr_jg">
                <span class="ren_pr_jgsz">{tzsc_jiage_value}</span><span class="ren_pr_jgdw">元</span>
            </p>
        </div>
    </li>
[/loop]
</ul>
]]></item>
			<item id="ptemplate"><![CDATA[]]></item>
			<item id="btemplate"><![CDATA[]]></item>
			<item id="sortid"><![CDATA[65]]></item>
			<item id="available"><![CDATA[1]]></item>
			<item id="required"><![CDATA[1]]></item>
			<item id="unchangeable"><![CDATA[0]]></item>
			<item id="search"><![CDATA[0]]></item>
			<item id="subjectshow"><![CDATA[1]]></item>
			<item id="tpdescription"><![CDATA[]]></item>
			<item id="ttdescription"><![CDATA[带*为必填选项]]></item>
			<item id="tpexpiration"><![CDATA[0]]></item>
			<item id="ttexpiration"><![CDATA[0]]></item>
			<item id="__protect">
				<item id="usergroup"><![CDATA[]]></item>
				<item id="verify"><![CDATA[]]></item>
			</item>
			<item id="__rules">
				<item id="choices"><![CDATA[1=个人
2=商家]]></item>
				<item id="inputsize"><![CDATA[]]></item>
			</item>
		</item>
		<item id="6">
			<item id="optionid"><![CDATA[1161]]></item>
			<item id="classid"><![CDATA[4]]></item>
			<item id="displayorder"><![CDATA[8]]></item>
			<item id="expiration"><![CDATA[0]]></item>
			<item id="title"><![CDATA[交易]]></item>
			<item id="description"><![CDATA[带*为必填选项]]></item>
			<item id="identifier"><![CDATA[tzsc_jiaoyi]]></item>
			<item id="type"><![CDATA[select]]></item>
			<item id="unit"><![CDATA[]]></item>
			<item id="permprompt"><![CDATA[]]></item>
			<item id="typeid"><![CDATA[65]]></item>
			<item id="name"><![CDATA[跳蚤市场]]></item>
			<item id="icon"><![CDATA[]]></item>
			<item id="special"><![CDATA[1]]></item>
			<item id="modelid"><![CDATA[0]]></item>
			<item id="template"><![CDATA[<style type="text/css">
    .ren_view_share.ren_view_footer { display: none; }
    .ren_view_share.ren_view_foo { display: none; }
    .rtj1009_m_main .ren_view_xxtop { display: none; }
    .rtj1009_m_main .ren_view_ny .ren_lc_xx { display: none; }
    .rtj1009_m_main .ren_view_ny .pi { overflow: initial; }
    .rtj1009_m_main .message { overflow: initial; }
    .rtj1009_m_main .ren_view_xf .ren_v_xftpxx { margin: -10px -10px 0 -10px; }
</style>
<div class="ren_view_xf ren_view_sjzk cl">
    <div class="ren_v_xftpxx">
        <div class="ren_v_xfpic cl">
            <img src="{tzsc_tp_value}">
        </div>
    </div>
    <div class="ren_v_xfyiyxx">
        <div class="ren_v_xfbtxx cl">
            <h3><span class="ren_v_esfbtyi">{tzsc_wpmc_value}</span></h3>
            <p class="ren_v_xfjg">
                <span class="ren_v_xfjgsz">{tzsc_jiage_value}</span><span class="ren_v_xfjgdw">元</span>
            </p>
        </div>
        <ul class="ren_v_xfyinr cl">
            <li class="ren_v_yinrliu"><span>成色</span><p>{tzsc_cs_value}</p></li>
            <li class="ren_v_yinrliu"><span>来源</span><p>{tzsc_laiyuan_value}</p></li>
            <li class="ren_v_yinrliu"><span>区域</span><p>{tzsc_quyu_value}</p></li>
            <li class="ren_v_yinrsan"><span>交易方式</span><p>{tzsc_jiaoyi_value}</p></li>
        </ul>
        <span class="ren_v_xfpr cl">
            <em class="ren_v_xfi"><i class="icon"></i></em>
			<em class="ren_v_xfnum"><i class="ming">{tzsc_lxr_value}</i><i class="tel">{tzsc_lxdh_value}</i></em>
       </span>
    </div>
</div>
<div class="ren_view_xfe ren_view_sjzk cl">
    <ul class="ren_v_xfnrtap">
        <li>
            <a href="javascript:;" class="xxk">物品描述</a>
        </li>
    </ul>

    <div class="ren_v_xfexx">
        <div class="ren_v_sjjj cl">
            <p class="cl">{tzsc_wpxz_value}</p>
        </div>

    </div>
</div>
<div class="ren_view_share ren_flxx_footer">
    <a href="tel:{ren_pc_dh_value}" class="yi"><span>{tzsc_lxr_value}</span><em>{tzsc_lxdh_value}</em></a>
    <a href="tel:{tzsc_lxdh_value}" class="e"><i class="icon ren-font">&#xe6be;</i>电话</a>
    <a class="open-popup san" data-popup=".popup-view"><i class="icon ren-font">&#xe619;</i>评论</a>
    <a href="javascript:;" class="ren_share open-popup si" data-popup=".popup-share"><i class="icon ren-font">&#xe742;</i>分享</a>
</div>
]]></item>
			<item id="stemplate"><![CDATA[<ul>
[loop]
    <li class="ren_fl_xf ren_fl_sjzk ren_fl_tssc cl">
        <div class="ren_xf_pic z">
            <a href="{subject_url}">
            	<img src="{tzsc_tp_value}">
            </a>
        </div>
        <div class="ren_xf_xx">
            <div class="ren_xf_btxx ren_zf_btxx">
                <a href="{subject_url}" class="ren_xf_bt">{subject}</a>
            </div>
            
            <p class="ren_xf_wz">{tzsc_lb_value}<span>|</span>{tzsc_cs_value}<span>|</span>{tzsc_laiyuan_value}</p>
            <p class="ren_xf_tx">
                <a href="{subject_url}" class="ren_xf_hx">{tzsc_quyu_value}<span>|</span>{tzsc_jiaoyi_value}</a>
            </p>
        </div>
        <div class="ren_price y">
            <p class="ren_pr_jg">
                <span class="ren_pr_jgsz">{tzsc_jiage_value}</span><span class="ren_pr_jgdw">元</span>
            </p>
        </div>
    </li>
[/loop]
</ul>
]]></item>
			<item id="ptemplate"><![CDATA[]]></item>
			<item id="btemplate"><![CDATA[]]></item>
			<item id="sortid"><![CDATA[65]]></item>
			<item id="available"><![CDATA[1]]></item>
			<item id="required"><![CDATA[1]]></item>
			<item id="unchangeable"><![CDATA[0]]></item>
			<item id="search"><![CDATA[0]]></item>
			<item id="subjectshow"><![CDATA[1]]></item>
			<item id="tpdescription"><![CDATA[]]></item>
			<item id="ttdescription"><![CDATA[带*为必填选项]]></item>
			<item id="tpexpiration"><![CDATA[0]]></item>
			<item id="ttexpiration"><![CDATA[0]]></item>
			<item id="__protect">
				<item id="usergroup"><![CDATA[]]></item>
				<item id="verify"><![CDATA[]]></item>
			</item>
			<item id="__rules">
				<item id="choices"><![CDATA[1 = 当面交易
2 = 快递交易
3 = 送货上门]]></item>
				<item id="inputsize"><![CDATA[]]></item>
			</item>
		</item>
		<item id="7">
			<item id="optionid"><![CDATA[1162]]></item>
			<item id="classid"><![CDATA[4]]></item>
			<item id="displayorder"><![CDATA[11]]></item>
			<item id="expiration"><![CDATA[0]]></item>
			<item id="title"><![CDATA[物品描述]]></item>
			<item id="description"><![CDATA[带*为必填选项]]></item>
			<item id="identifier"><![CDATA[tzsc_wpxz]]></item>
			<item id="type"><![CDATA[textarea]]></item>
			<item id="unit"><![CDATA[]]></item>
			<item id="permprompt"><![CDATA[]]></item>
			<item id="typeid"><![CDATA[65]]></item>
			<item id="name"><![CDATA[跳蚤市场]]></item>
			<item id="icon"><![CDATA[]]></item>
			<item id="special"><![CDATA[1]]></item>
			<item id="modelid"><![CDATA[0]]></item>
			<item id="template"><![CDATA[<style type="text/css">
    .ren_view_share.ren_view_footer { display: none; }
    .ren_view_share.ren_view_foo { display: none; }
    .rtj1009_m_main .ren_view_xxtop { display: none; }
    .rtj1009_m_main .ren_view_ny .ren_lc_xx { display: none; }
    .rtj1009_m_main .ren_view_ny .pi { overflow: initial; }
    .rtj1009_m_main .message { overflow: initial; }
    .rtj1009_m_main .ren_view_xf .ren_v_xftpxx { margin: -10px -10px 0 -10px; }
</style>
<div class="ren_view_xf ren_view_sjzk cl">
    <div class="ren_v_xftpxx">
        <div class="ren_v_xfpic cl">
            <img src="{tzsc_tp_value}">
        </div>
    </div>
    <div class="ren_v_xfyiyxx">
        <div class="ren_v_xfbtxx cl">
            <h3><span class="ren_v_esfbtyi">{tzsc_wpmc_value}</span></h3>
            <p class="ren_v_xfjg">
                <span class="ren_v_xfjgsz">{tzsc_jiage_value}</span><span class="ren_v_xfjgdw">元</span>
            </p>
        </div>
        <ul class="ren_v_xfyinr cl">
            <li class="ren_v_yinrliu"><span>成色</span><p>{tzsc_cs_value}</p></li>
            <li class="ren_v_yinrliu"><span>来源</span><p>{tzsc_laiyuan_value}</p></li>
            <li class="ren_v_yinrliu"><span>区域</span><p>{tzsc_quyu_value}</p></li>
            <li class="ren_v_yinrsan"><span>交易方式</span><p>{tzsc_jiaoyi_value}</p></li>
        </ul>
        <span class="ren_v_xfpr cl">
            <em class="ren_v_xfi"><i class="icon"></i></em>
			<em class="ren_v_xfnum"><i class="ming">{tzsc_lxr_value}</i><i class="tel">{tzsc_lxdh_value}</i></em>
       </span>
    </div>
</div>
<div class="ren_view_xfe ren_view_sjzk cl">
    <ul class="ren_v_xfnrtap">
        <li>
            <a href="javascript:;" class="xxk">物品描述</a>
        </li>
    </ul>

    <div class="ren_v_xfexx">
        <div class="ren_v_sjjj cl">
            <p class="cl">{tzsc_wpxz_value}</p>
        </div>

    </div>
</div>
<div class="ren_view_share ren_flxx_footer">
    <a href="tel:{ren_pc_dh_value}" class="yi"><span>{tzsc_lxr_value}</span><em>{tzsc_lxdh_value}</em></a>
    <a href="tel:{tzsc_lxdh_value}" class="e"><i class="icon ren-font">&#xe6be;</i>电话</a>
    <a class="open-popup san" data-popup=".popup-view"><i class="icon ren-font">&#xe619;</i>评论</a>
    <a href="javascript:;" class="ren_share open-popup si" data-popup=".popup-share"><i class="icon ren-font">&#xe742;</i>分享</a>
</div>
]]></item>
			<item id="stemplate"><![CDATA[<ul>
[loop]
    <li class="ren_fl_xf ren_fl_sjzk ren_fl_tssc cl">
        <div class="ren_xf_pic z">
            <a href="{subject_url}">
            	<img src="{tzsc_tp_value}">
            </a>
        </div>
        <div class="ren_xf_xx">
            <div class="ren_xf_btxx ren_zf_btxx">
                <a href="{subject_url}" class="ren_xf_bt">{subject}</a>
            </div>
            
            <p class="ren_xf_wz">{tzsc_lb_value}<span>|</span>{tzsc_cs_value}<span>|</span>{tzsc_laiyuan_value}</p>
            <p class="ren_xf_tx">
                <a href="{subject_url}" class="ren_xf_hx">{tzsc_quyu_value}<span>|</span>{tzsc_jiaoyi_value}</a>
            </p>
        </div>
        <div class="ren_price y">
            <p class="ren_pr_jg">
                <span class="ren_pr_jgsz">{tzsc_jiage_value}</span><span class="ren_pr_jgdw">元</span>
            </p>
        </div>
    </li>
[/loop]
</ul>
]]></item>
			<item id="ptemplate"><![CDATA[]]></item>
			<item id="btemplate"><![CDATA[]]></item>
			<item id="sortid"><![CDATA[65]]></item>
			<item id="available"><![CDATA[1]]></item>
			<item id="required"><![CDATA[1]]></item>
			<item id="unchangeable"><![CDATA[0]]></item>
			<item id="search"><![CDATA[0]]></item>
			<item id="subjectshow"><![CDATA[1]]></item>
			<item id="tpdescription"><![CDATA[]]></item>
			<item id="ttdescription"><![CDATA[带*为必填选项]]></item>
			<item id="tpexpiration"><![CDATA[0]]></item>
			<item id="ttexpiration"><![CDATA[0]]></item>
			<item id="__protect">
				<item id="status"><![CDATA[0]]></item>
				<item id="usergroup"><![CDATA[]]></item>
				<item id="verify"><![CDATA[]]></item>
			</item>
			<item id="__rules">
				<item id="maxlength"><![CDATA[]]></item>
				<item id="colsize"><![CDATA[]]></item>
				<item id="rowsize"><![CDATA[]]></item>
				<item id="defaultvalue"><![CDATA[]]></item>
			</item>
		</item>
		<item id="8">
			<item id="optionid"><![CDATA[1284]]></item>
			<item id="classid"><![CDATA[4]]></item>
			<item id="displayorder"><![CDATA[2]]></item>
			<item id="expiration"><![CDATA[0]]></item>
			<item id="protect"><![CDATA[]]></item>
			<item id="title"><![CDATA[物品名称]]></item>
			<item id="description"><![CDATA[带*为必填选项]]></item>
			<item id="identifier"><![CDATA[tzsc_wpmc]]></item>
			<item id="type"><![CDATA[text]]></item>
			<item id="unit"><![CDATA[]]></item>
			<item id="rules"><![CDATA[]]></item>
			<item id="permprompt"><![CDATA[]]></item>
			<item id="typeid"><![CDATA[65]]></item>
			<item id="name"><![CDATA[跳蚤市场]]></item>
			<item id="icon"><![CDATA[]]></item>
			<item id="special"><![CDATA[1]]></item>
			<item id="modelid"><![CDATA[0]]></item>
			<item id="template"><![CDATA[<style type="text/css">
    .ren_view_share.ren_view_footer { display: none; }
    .ren_view_share.ren_view_foo { display: none; }
    .rtj1009_m_main .ren_view_xxtop { display: none; }
    .rtj1009_m_main .ren_view_ny .ren_lc_xx { display: none; }
    .rtj1009_m_main .ren_view_ny .pi { overflow: initial; }
    .rtj1009_m_main .message { overflow: initial; }
    .rtj1009_m_main .ren_view_xf .ren_v_xftpxx { margin: -10px -10px 0 -10px; }
</style>
<div class="ren_view_xf ren_view_sjzk cl">
    <div class="ren_v_xftpxx">
        <div class="ren_v_xfpic cl">
            <img src="{tzsc_tp_value}">
        </div>
    </div>
    <div class="ren_v_xfyiyxx">
        <div class="ren_v_xfbtxx cl">
            <h3><span class="ren_v_esfbtyi">{tzsc_wpmc_value}</span></h3>
            <p class="ren_v_xfjg">
                <span class="ren_v_xfjgsz">{tzsc_jiage_value}</span><span class="ren_v_xfjgdw">元</span>
            </p>
        </div>
        <ul class="ren_v_xfyinr cl">
            <li class="ren_v_yinrliu"><span>成色</span><p>{tzsc_cs_value}</p></li>
            <li class="ren_v_yinrliu"><span>来源</span><p>{tzsc_laiyuan_value}</p></li>
            <li class="ren_v_yinrliu"><span>区域</span><p>{tzsc_quyu_value}</p></li>
            <li class="ren_v_yinrsan"><span>交易方式</span><p>{tzsc_jiaoyi_value}</p></li>
        </ul>
        <span class="ren_v_xfpr cl">
            <em class="ren_v_xfi"><i class="icon"></i></em>
			<em class="ren_v_xfnum"><i class="ming">{tzsc_lxr_value}</i><i class="tel">{tzsc_lxdh_value}</i></em>
       </span>
    </div>
</div>
<div class="ren_view_xfe ren_view_sjzk cl">
    <ul class="ren_v_xfnrtap">
        <li>
            <a href="javascript:;" class="xxk">物品描述</a>
        </li>
    </ul>

    <div class="ren_v_xfexx">
        <div class="ren_v_sjjj cl">
            <p class="cl">{tzsc_wpxz_value}</p>
        </div>

    </div>
</div>
<div class="ren_view_share ren_flxx_footer">
    <a href="tel:{ren_pc_dh_value}" class="yi"><span>{tzsc_lxr_value}</span><em>{tzsc_lxdh_value}</em></a>
    <a href="tel:{tzsc_lxdh_value}" class="e"><i class="icon ren-font">&#xe6be;</i>电话</a>
    <a class="open-popup san" data-popup=".popup-view"><i class="icon ren-font">&#xe619;</i>评论</a>
    <a href="javascript:;" class="ren_share open-popup si" data-popup=".popup-share"><i class="icon ren-font">&#xe742;</i>分享</a>
</div>
]]></item>
			<item id="stemplate"><![CDATA[<ul>
[loop]
    <li class="ren_fl_xf ren_fl_sjzk ren_fl_tssc cl">
        <div class="ren_xf_pic z">
            <a href="{subject_url}">
            	<img src="{tzsc_tp_value}">
            </a>
        </div>
        <div class="ren_xf_xx">
            <div class="ren_xf_btxx ren_zf_btxx">
                <a href="{subject_url}" class="ren_xf_bt">{subject}</a>
            </div>
            
            <p class="ren_xf_wz">{tzsc_lb_value}<span>|</span>{tzsc_cs_value}<span>|</span>{tzsc_laiyuan_value}</p>
            <p class="ren_xf_tx">
                <a href="{subject_url}" class="ren_xf_hx">{tzsc_quyu_value}<span>|</span>{tzsc_jiaoyi_value}</a>
            </p>
        </div>
        <div class="ren_price y">
            <p class="ren_pr_jg">
                <span class="ren_pr_jgsz">{tzsc_jiage_value}</span><span class="ren_pr_jgdw">元</span>
            </p>
        </div>
    </li>
[/loop]
</ul>
]]></item>
			<item id="ptemplate"><![CDATA[]]></item>
			<item id="btemplate"><![CDATA[]]></item>
			<item id="sortid"><![CDATA[65]]></item>
			<item id="available"><![CDATA[1]]></item>
			<item id="required"><![CDATA[1]]></item>
			<item id="unchangeable"><![CDATA[0]]></item>
			<item id="search"><![CDATA[0]]></item>
			<item id="subjectshow"><![CDATA[1]]></item>
			<item id="tpdescription"><![CDATA[]]></item>
			<item id="ttdescription"><![CDATA[带*为必填选项]]></item>
			<item id="tpexpiration"><![CDATA[0]]></item>
			<item id="ttexpiration"><![CDATA[0]]></item>
		</item>
		<item id="9">
			<item id="optionid"><![CDATA[1285]]></item>
			<item id="classid"><![CDATA[4]]></item>
			<item id="displayorder"><![CDATA[10]]></item>
			<item id="expiration"><![CDATA[0]]></item>
			<item id="protect"><![CDATA[]]></item>
			<item id="title"><![CDATA[联系电话]]></item>
			<item id="description"><![CDATA[带*为必填选项]]></item>
			<item id="identifier"><![CDATA[tzsc_lxdh]]></item>
			<item id="type"><![CDATA[text]]></item>
			<item id="unit"><![CDATA[]]></item>
			<item id="rules"><![CDATA[]]></item>
			<item id="permprompt"><![CDATA[]]></item>
			<item id="typeid"><![CDATA[65]]></item>
			<item id="name"><![CDATA[跳蚤市场]]></item>
			<item id="icon"><![CDATA[]]></item>
			<item id="special"><![CDATA[1]]></item>
			<item id="modelid"><![CDATA[0]]></item>
			<item id="template"><![CDATA[<style type="text/css">
    .ren_view_share.ren_view_footer { display: none; }
    .ren_view_share.ren_view_foo { display: none; }
    .rtj1009_m_main .ren_view_xxtop { display: none; }
    .rtj1009_m_main .ren_view_ny .ren_lc_xx { display: none; }
    .rtj1009_m_main .ren_view_ny .pi { overflow: initial; }
    .rtj1009_m_main .message { overflow: initial; }
    .rtj1009_m_main .ren_view_xf .ren_v_xftpxx { margin: -10px -10px 0 -10px; }
</style>
<div class="ren_view_xf ren_view_sjzk cl">
    <div class="ren_v_xftpxx">
        <div class="ren_v_xfpic cl">
            <img src="{tzsc_tp_value}">
        </div>
    </div>
    <div class="ren_v_xfyiyxx">
        <div class="ren_v_xfbtxx cl">
            <h3><span class="ren_v_esfbtyi">{tzsc_wpmc_value}</span></h3>
            <p class="ren_v_xfjg">
                <span class="ren_v_xfjgsz">{tzsc_jiage_value}</span><span class="ren_v_xfjgdw">元</span>
            </p>
        </div>
        <ul class="ren_v_xfyinr cl">
            <li class="ren_v_yinrliu"><span>成色</span><p>{tzsc_cs_value}</p></li>
            <li class="ren_v_yinrliu"><span>来源</span><p>{tzsc_laiyuan_value}</p></li>
            <li class="ren_v_yinrliu"><span>区域</span><p>{tzsc_quyu_value}</p></li>
            <li class="ren_v_yinrsan"><span>交易方式</span><p>{tzsc_jiaoyi_value}</p></li>
        </ul>
        <span class="ren_v_xfpr cl">
            <em class="ren_v_xfi"><i class="icon"></i></em>
			<em class="ren_v_xfnum"><i class="ming">{tzsc_lxr_value}</i><i class="tel">{tzsc_lxdh_value}</i></em>
       </span>
    </div>
</div>
<div class="ren_view_xfe ren_view_sjzk cl">
    <ul class="ren_v_xfnrtap">
        <li>
            <a href="javascript:;" class="xxk">物品描述</a>
        </li>
    </ul>

    <div class="ren_v_xfexx">
        <div class="ren_v_sjjj cl">
            <p class="cl">{tzsc_wpxz_value}</p>
        </div>

    </div>
</div>
<div class="ren_view_share ren_flxx_footer">
    <a href="tel:{ren_pc_dh_value}" class="yi"><span>{tzsc_lxr_value}</span><em>{tzsc_lxdh_value}</em></a>
    <a href="tel:{tzsc_lxdh_value}" class="e"><i class="icon ren-font">&#xe6be;</i>电话</a>
    <a class="open-popup san" data-popup=".popup-view"><i class="icon ren-font">&#xe619;</i>评论</a>
    <a href="javascript:;" class="ren_share open-popup si" data-popup=".popup-share"><i class="icon ren-font">&#xe742;</i>分享</a>
</div>
]]></item>
			<item id="stemplate"><![CDATA[<ul>
[loop]
    <li class="ren_fl_xf ren_fl_sjzk ren_fl_tssc cl">
        <div class="ren_xf_pic z">
            <a href="{subject_url}">
            	<img src="{tzsc_tp_value}">
            </a>
        </div>
        <div class="ren_xf_xx">
            <div class="ren_xf_btxx ren_zf_btxx">
                <a href="{subject_url}" class="ren_xf_bt">{subject}</a>
            </div>
            
            <p class="ren_xf_wz">{tzsc_lb_value}<span>|</span>{tzsc_cs_value}<span>|</span>{tzsc_laiyuan_value}</p>
            <p class="ren_xf_tx">
                <a href="{subject_url}" class="ren_xf_hx">{tzsc_quyu_value}<span>|</span>{tzsc_jiaoyi_value}</a>
            </p>
        </div>
        <div class="ren_price y">
            <p class="ren_pr_jg">
                <span class="ren_pr_jgsz">{tzsc_jiage_value}</span><span class="ren_pr_jgdw">元</span>
            </p>
        </div>
    </li>
[/loop]
</ul>
]]></item>
			<item id="ptemplate"><![CDATA[]]></item>
			<item id="btemplate"><![CDATA[]]></item>
			<item id="sortid"><![CDATA[65]]></item>
			<item id="available"><![CDATA[1]]></item>
			<item id="required"><![CDATA[1]]></item>
			<item id="unchangeable"><![CDATA[0]]></item>
			<item id="search"><![CDATA[0]]></item>
			<item id="subjectshow"><![CDATA[1]]></item>
			<item id="tpdescription"><![CDATA[]]></item>
			<item id="ttdescription"><![CDATA[带*为必填选项]]></item>
			<item id="tpexpiration"><![CDATA[0]]></item>
			<item id="ttexpiration"><![CDATA[0]]></item>
		</item>
		<item id="10">
			<item id="optionid"><![CDATA[1336]]></item>
			<item id="classid"><![CDATA[4]]></item>
			<item id="displayorder"><![CDATA[9]]></item>
			<item id="expiration"><![CDATA[0]]></item>
			<item id="protect"><![CDATA[]]></item>
			<item id="title"><![CDATA[联系人]]></item>
			<item id="description"><![CDATA[带*为必填选项]]></item>
			<item id="identifier"><![CDATA[tzsc_lxr]]></item>
			<item id="type"><![CDATA[text]]></item>
			<item id="unit"><![CDATA[]]></item>
			<item id="rules"><![CDATA[]]></item>
			<item id="permprompt"><![CDATA[]]></item>
			<item id="typeid"><![CDATA[65]]></item>
			<item id="name"><![CDATA[跳蚤市场]]></item>
			<item id="icon"><![CDATA[]]></item>
			<item id="special"><![CDATA[1]]></item>
			<item id="modelid"><![CDATA[0]]></item>
			<item id="template"><![CDATA[<style type="text/css">
    .ren_view_share.ren_view_footer { display: none; }
    .ren_view_share.ren_view_foo { display: none; }
    .rtj1009_m_main .ren_view_xxtop { display: none; }
    .rtj1009_m_main .ren_view_ny .ren_lc_xx { display: none; }
    .rtj1009_m_main .ren_view_ny .pi { overflow: initial; }
    .rtj1009_m_main .message { overflow: initial; }
    .rtj1009_m_main .ren_view_xf .ren_v_xftpxx { margin: -10px -10px 0 -10px; }
</style>
<div class="ren_view_xf ren_view_sjzk cl">
    <div class="ren_v_xftpxx">
        <div class="ren_v_xfpic cl">
            <img src="{tzsc_tp_value}">
        </div>
    </div>
    <div class="ren_v_xfyiyxx">
        <div class="ren_v_xfbtxx cl">
            <h3><span class="ren_v_esfbtyi">{tzsc_wpmc_value}</span></h3>
            <p class="ren_v_xfjg">
                <span class="ren_v_xfjgsz">{tzsc_jiage_value}</span><span class="ren_v_xfjgdw">元</span>
            </p>
        </div>
        <ul class="ren_v_xfyinr cl">
            <li class="ren_v_yinrliu"><span>成色</span><p>{tzsc_cs_value}</p></li>
            <li class="ren_v_yinrliu"><span>来源</span><p>{tzsc_laiyuan_value}</p></li>
            <li class="ren_v_yinrliu"><span>区域</span><p>{tzsc_quyu_value}</p></li>
            <li class="ren_v_yinrsan"><span>交易方式</span><p>{tzsc_jiaoyi_value}</p></li>
        </ul>
        <span class="ren_v_xfpr cl">
            <em class="ren_v_xfi"><i class="icon"></i></em>
			<em class="ren_v_xfnum"><i class="ming">{tzsc_lxr_value}</i><i class="tel">{tzsc_lxdh_value}</i></em>
       </span>
    </div>
</div>
<div class="ren_view_xfe ren_view_sjzk cl">
    <ul class="ren_v_xfnrtap">
        <li>
            <a href="javascript:;" class="xxk">物品描述</a>
        </li>
    </ul>

    <div class="ren_v_xfexx">
        <div class="ren_v_sjjj cl">
            <p class="cl">{tzsc_wpxz_value}</p>
        </div>

    </div>
</div>
<div class="ren_view_share ren_flxx_footer">
    <a href="tel:{ren_pc_dh_value}" class="yi"><span>{tzsc_lxr_value}</span><em>{tzsc_lxdh_value}</em></a>
    <a href="tel:{tzsc_lxdh_value}" class="e"><i class="icon ren-font">&#xe6be;</i>电话</a>
    <a class="open-popup san" data-popup=".popup-view"><i class="icon ren-font">&#xe619;</i>评论</a>
    <a href="javascript:;" class="ren_share open-popup si" data-popup=".popup-share"><i class="icon ren-font">&#xe742;</i>分享</a>
</div>
]]></item>
			<item id="stemplate"><![CDATA[<ul>
[loop]
    <li class="ren_fl_xf ren_fl_sjzk ren_fl_tssc cl">
        <div class="ren_xf_pic z">
            <a href="{subject_url}">
            	<img src="{tzsc_tp_value}">
            </a>
        </div>
        <div class="ren_xf_xx">
            <div class="ren_xf_btxx ren_zf_btxx">
                <a href="{subject_url}" class="ren_xf_bt">{subject}</a>
            </div>
            
            <p class="ren_xf_wz">{tzsc_lb_value}<span>|</span>{tzsc_cs_value}<span>|</span>{tzsc_laiyuan_value}</p>
            <p class="ren_xf_tx">
                <a href="{subject_url}" class="ren_xf_hx">{tzsc_quyu_value}<span>|</span>{tzsc_jiaoyi_value}</a>
            </p>
        </div>
        <div class="ren_price y">
            <p class="ren_pr_jg">
                <span class="ren_pr_jgsz">{tzsc_jiage_value}</span><span class="ren_pr_jgdw">元</span>
            </p>
        </div>
    </li>
[/loop]
</ul>
]]></item>
			<item id="ptemplate"><![CDATA[]]></item>
			<item id="btemplate"><![CDATA[]]></item>
			<item id="sortid"><![CDATA[65]]></item>
			<item id="available"><![CDATA[1]]></item>
			<item id="required"><![CDATA[1]]></item>
			<item id="unchangeable"><![CDATA[0]]></item>
			<item id="search"><![CDATA[0]]></item>
			<item id="subjectshow"><![CDATA[1]]></item>
			<item id="tpdescription"><![CDATA[]]></item>
			<item id="ttdescription"><![CDATA[带*为必填选项]]></item>
			<item id="tpexpiration"><![CDATA[0]]></item>
			<item id="ttexpiration"><![CDATA[0]]></item>
		</item>
	</item>
</root>