<?xml version="1.0" encoding="ISO-8859-1"?>
<root>
	<item id="Title"><![CDATA[Discuz! Threadtypes]]></item>
	<item id="Version"><![CDATA[X3.2]]></item>
	<item id="Time"><![CDATA[2019-06-29 16:41]]></item>
	<item id="From"><![CDATA[搬运工刷机网 (http://127.0.0.1/)]]></item>
	<item id="Data">
		<item id="0">
			<item id="optionid"><![CDATA[19]]></item>
			<item id="classid"><![CDATA[6]]></item>
			<item id="displayorder"><![CDATA[1]]></item>
			<item id="expiration"><![CDATA[0]]></item>
			<item id="title"><![CDATA[自定义分类1]]></item>
			<item id="description"><![CDATA[简约设计的分类信息模版(手机版)]]></item>
			<item id="identifier"><![CDATA[bygsjw1]]></item>
			<item id="type"><![CDATA[radio]]></item>
			<item id="unit"><![CDATA[]]></item>
			<item id="permprompt"><![CDATA[]]></item>
			<item id="typeid"><![CDATA[3]]></item>
			<item id="name"><![CDATA[分类信息手机版]]></item>
			<item id="icon"><![CDATA[]]></item>
			<item id="special"><![CDATA[1]]></item>
			<item id="modelid"><![CDATA[0]]></item>
			<item id="template"><![CDATA[<style type="text/css">
	.sort_view_box{ margin: 15px 0 15px 415px;}
	.sort_view_z{ float: left; width: 400px; margin-left: -415px;}
	#postlist .sort_view_z img{ max-width: 400px;}
	.sort_view_y{ float: right; width: 99%; border: 1px solid #f1f1f1; border-bottom: 0; font-size: 14px;}
	.sort_view_y dt{ float: left; width: 30%; height: 49px; line-height: 49px; border-bottom: 1px solid #f1f1f1; text-align: center; background: #fafafa;}
	.sort_view_y dd{ float: right; width: 70%; height: 49px; line-height: 49px; border-bottom: 1px solid #f1f1f1; text-align: center;}
</style>

<div class="sort_view_box cl">
	<div class="sort_view_z">
		<img src="{bygsjw0_value}" alt="{bygsjw0}"/>
	</div>
	<dl class="sort_view_y">
		<dt>{bygsjw1} :</dt><dd>{bygsjw1_value} {bygsjw1_unit}</dd>
		<dt>{bygsjw2} :</dt><dd>{bygsjw2_value} {bygsjw2_unit}</dd>
		<dt>{bygsjw3} :</dt><dd>{bygsjw3_value} {bygsjw3_unit}</dd>
		<dt>{bygsjw4} :</dt><dd>{bygsjw4_value} {bygsjw4_unit}</dd>
		<dt>{bygsjw5} :</dt><dd>{bygsjw5_value} {bygsjw5_unit}</dd>
		<dt>{bygsjw6} :</dt><dd>{bygsjw6_value} {bygsjw6_unit}</dd>
		
	</dl>
</div>]]></item>
			<item id="stemplate"><![CDATA[<style type="text/css">
	.over_one{ overflow: hidden; text-overflow: ellipsis; display: inline-block; white-space: nowrap;}
	.img_center{ overflow: hidden; display: block; background-position: center center; background-repeat: no-repeat; background-size: cover; -webkit-background-size: cover; border-radius: 4px;}
	.sort_list_box{ float: left; width: 221px; margin: 0 10px 16px 5px; border: 1px solid #eee; background: #fff; border-radius: 4px; box-shadow: 0 2px 2px -2px rgba(0,0,0,0.3);}
	.sort_list_box:hover{ transform: scale(1.01); box-shadow: 0 4px 4px -2px rgba(150,150,150,0.5);}
	.sort_list_box .img_center{ width: 221px; height: 166px; border-bottom: 1px solid #f5f5f5;}
	.sort_list_tit{ width: 211px; height: 36px; padding: 0 5px; line-height: 36px; font-size: 14px;}
	.sort_list_count{ width: 221px; height: 20px; margin-bottom: 10px; overflow: hidden;}
	.sort_list_count span{ padding: 0 5px 0 3px; line-height: 20px; font-size: 12px; color: #999;}
	.sort_list_count img{ width: 16px; height: 16px; vertical-align: top; margin: 2px;}
	.sort_list_b{ padding: 10px 5px; border-top: 1px solid #f5f5f5; line-height: 20px;}
	.sort_list_b img{ width: 20px; height: 20px; margin-right: 2px; border-radius: 50%; vertical-align: top;}
	.sort_list_name{ max-width: 110px; height: 20px; font-size: 13px;}
	.sort_list_date{ max-width: 70px; height: 20px; font-size: 12px; color: #888;}
</style>
<div class="cl">
	[loop]
	<div class="sort_list_box cl">
		<a href="{subject_url}" target="_blank" class="img_center" style="background-image:url({bygsjw0_value});"></a>
		<a href="{subject_url}" target="_blank" class="sort_list_tit over_one">{subject}</a>
		<div class="sort_list_count cl">
			<span class="z"><img src="template/bygsjw_2sj/image/hui_chakan.png"/>{views}</span>
			<span class="z"><img src="template/bygsjw_2sj/image/hui_huifu.png"/>{replies}</span>
		</div>
		<div class="sort_list_b cl">
			<a href="{author_url}" target="_blank" class="z"><img src="{avatar_small}"/></a>
			<span class="sort_list_name z over_one">{author}</span>
			<span class="sort_list_date y over_one">{dateline}</span>
		</div>
	</div>
	[/loop]
</div>]]></item>
			<item id="ptemplate"><![CDATA[]]></item>
			<item id="btemplate"><![CDATA[]]></item>
			<item id="sortid"><![CDATA[3]]></item>
			<item id="available"><![CDATA[1]]></item>
			<item id="required"><![CDATA[1]]></item>
			<item id="unchangeable"><![CDATA[0]]></item>
			<item id="search"><![CDATA[2]]></item>
			<item id="subjectshow"><![CDATA[1]]></item>
			<item id="tpdescription"><![CDATA[]]></item>
			<item id="ttdescription"><![CDATA[简约设计的分类信息模版(手机版)]]></item>
			<item id="tpexpiration"><![CDATA[0]]></item>
			<item id="ttexpiration"><![CDATA[0]]></item>
			<item id="__protect">
				<item id="usergroup"><![CDATA[]]></item>
				<item id="verify"><![CDATA[]]></item>
			</item>
			<item id="__rules">
				<item id="choices"><![CDATA[1=自定义选项
2=自定义选项
3=自定义选项
4=自定义选项
5=自定义选项]]></item>
			</item>
		</item>
		<item id="1">
			<item id="optionid"><![CDATA[20]]></item>
			<item id="classid"><![CDATA[6]]></item>
			<item id="displayorder"><![CDATA[2]]></item>
			<item id="expiration"><![CDATA[0]]></item>
			<item id="title"><![CDATA[自定义分类2]]></item>
			<item id="description"><![CDATA[简约设计的分类信息模版(手机版)]]></item>
			<item id="identifier"><![CDATA[bygsjw2]]></item>
			<item id="type"><![CDATA[radio]]></item>
			<item id="unit"><![CDATA[]]></item>
			<item id="permprompt"><![CDATA[]]></item>
			<item id="typeid"><![CDATA[3]]></item>
			<item id="name"><![CDATA[分类信息手机版]]></item>
			<item id="icon"><![CDATA[]]></item>
			<item id="special"><![CDATA[1]]></item>
			<item id="modelid"><![CDATA[0]]></item>
			<item id="template"><![CDATA[<style type="text/css">
	.sort_view_box{ margin: 15px 0 15px 415px;}
	.sort_view_z{ float: left; width: 400px; margin-left: -415px;}
	#postlist .sort_view_z img{ max-width: 400px;}
	.sort_view_y{ float: right; width: 99%; border: 1px solid #f1f1f1; border-bottom: 0; font-size: 14px;}
	.sort_view_y dt{ float: left; width: 30%; height: 49px; line-height: 49px; border-bottom: 1px solid #f1f1f1; text-align: center; background: #fafafa;}
	.sort_view_y dd{ float: right; width: 70%; height: 49px; line-height: 49px; border-bottom: 1px solid #f1f1f1; text-align: center;}
</style>

<div class="sort_view_box cl">
	<div class="sort_view_z">
		<img src="{bygsjw0_value}" alt="{bygsjw0}"/>
	</div>
	<dl class="sort_view_y">
		<dt>{bygsjw1} :</dt><dd>{bygsjw1_value} {bygsjw1_unit}</dd>
		<dt>{bygsjw2} :</dt><dd>{bygsjw2_value} {bygsjw2_unit}</dd>
		<dt>{bygsjw3} :</dt><dd>{bygsjw3_value} {bygsjw3_unit}</dd>
		<dt>{bygsjw4} :</dt><dd>{bygsjw4_value} {bygsjw4_unit}</dd>
		<dt>{bygsjw5} :</dt><dd>{bygsjw5_value} {bygsjw5_unit}</dd>
		<dt>{bygsjw6} :</dt><dd>{bygsjw6_value} {bygsjw6_unit}</dd>
		
	</dl>
</div>]]></item>
			<item id="stemplate"><![CDATA[<style type="text/css">
	.over_one{ overflow: hidden; text-overflow: ellipsis; display: inline-block; white-space: nowrap;}
	.img_center{ overflow: hidden; display: block; background-position: center center; background-repeat: no-repeat; background-size: cover; -webkit-background-size: cover; border-radius: 4px;}
	.sort_list_box{ float: left; width: 221px; margin: 0 10px 16px 5px; border: 1px solid #eee; background: #fff; border-radius: 4px; box-shadow: 0 2px 2px -2px rgba(0,0,0,0.3);}
	.sort_list_box:hover{ transform: scale(1.01); box-shadow: 0 4px 4px -2px rgba(150,150,150,0.5);}
	.sort_list_box .img_center{ width: 221px; height: 166px; border-bottom: 1px solid #f5f5f5;}
	.sort_list_tit{ width: 211px; height: 36px; padding: 0 5px; line-height: 36px; font-size: 14px;}
	.sort_list_count{ width: 221px; height: 20px; margin-bottom: 10px; overflow: hidden;}
	.sort_list_count span{ padding: 0 5px 0 3px; line-height: 20px; font-size: 12px; color: #999;}
	.sort_list_count img{ width: 16px; height: 16px; vertical-align: top; margin: 2px;}
	.sort_list_b{ padding: 10px 5px; border-top: 1px solid #f5f5f5; line-height: 20px;}
	.sort_list_b img{ width: 20px; height: 20px; margin-right: 2px; border-radius: 50%; vertical-align: top;}
	.sort_list_name{ max-width: 110px; height: 20px; font-size: 13px;}
	.sort_list_date{ max-width: 70px; height: 20px; font-size: 12px; color: #888;}
</style>
<div class="cl">
	[loop]
	<div class="sort_list_box cl">
		<a href="{subject_url}" target="_blank" class="img_center" style="background-image:url({bygsjw0_value});"></a>
		<a href="{subject_url}" target="_blank" class="sort_list_tit over_one">{subject}</a>
		<div class="sort_list_count cl">
			<span class="z"><img src="template/bygsjw_2sj/image/hui_chakan.png"/>{views}</span>
			<span class="z"><img src="template/bygsjw_2sj/image/hui_huifu.png"/>{replies}</span>
		</div>
		<div class="sort_list_b cl">
			<a href="{author_url}" target="_blank" class="z"><img src="{avatar_small}"/></a>
			<span class="sort_list_name z over_one">{author}</span>
			<span class="sort_list_date y over_one">{dateline}</span>
		</div>
	</div>
	[/loop]
</div>]]></item>
			<item id="ptemplate"><![CDATA[]]></item>
			<item id="btemplate"><![CDATA[]]></item>
			<item id="sortid"><![CDATA[3]]></item>
			<item id="available"><![CDATA[1]]></item>
			<item id="required"><![CDATA[1]]></item>
			<item id="unchangeable"><![CDATA[0]]></item>
			<item id="search"><![CDATA[2]]></item>
			<item id="subjectshow"><![CDATA[1]]></item>
			<item id="tpdescription"><![CDATA[]]></item>
			<item id="ttdescription"><![CDATA[简约设计的分类信息模版(手机版)]]></item>
			<item id="tpexpiration"><![CDATA[0]]></item>
			<item id="ttexpiration"><![CDATA[0]]></item>
			<item id="__protect">
				<item id="usergroup"><![CDATA[]]></item>
				<item id="verify"><![CDATA[]]></item>
			</item>
			<item id="__rules">
				<item id="choices"><![CDATA[1=自定义选项
2=自定义选项
3=自定义选项
4=自定义选项
5=自定义选项
6=自定义选项
7=自定义选项]]></item>
			</item>
		</item>
		<item id="2">
			<item id="optionid"><![CDATA[21]]></item>
			<item id="classid"><![CDATA[6]]></item>
			<item id="displayorder"><![CDATA[3]]></item>
			<item id="expiration"><![CDATA[0]]></item>
			<item id="title"><![CDATA[自定义分类3]]></item>
			<item id="description"><![CDATA[简约设计的分类信息模版(手机版)]]></item>
			<item id="identifier"><![CDATA[bygsjw3]]></item>
			<item id="type"><![CDATA[radio]]></item>
			<item id="unit"><![CDATA[]]></item>
			<item id="permprompt"><![CDATA[]]></item>
			<item id="typeid"><![CDATA[3]]></item>
			<item id="name"><![CDATA[分类信息手机版]]></item>
			<item id="icon"><![CDATA[]]></item>
			<item id="special"><![CDATA[1]]></item>
			<item id="modelid"><![CDATA[0]]></item>
			<item id="template"><![CDATA[<style type="text/css">
	.sort_view_box{ margin: 15px 0 15px 415px;}
	.sort_view_z{ float: left; width: 400px; margin-left: -415px;}
	#postlist .sort_view_z img{ max-width: 400px;}
	.sort_view_y{ float: right; width: 99%; border: 1px solid #f1f1f1; border-bottom: 0; font-size: 14px;}
	.sort_view_y dt{ float: left; width: 30%; height: 49px; line-height: 49px; border-bottom: 1px solid #f1f1f1; text-align: center; background: #fafafa;}
	.sort_view_y dd{ float: right; width: 70%; height: 49px; line-height: 49px; border-bottom: 1px solid #f1f1f1; text-align: center;}
</style>

<div class="sort_view_box cl">
	<div class="sort_view_z">
		<img src="{bygsjw0_value}" alt="{bygsjw0}"/>
	</div>
	<dl class="sort_view_y">
		<dt>{bygsjw1} :</dt><dd>{bygsjw1_value} {bygsjw1_unit}</dd>
		<dt>{bygsjw2} :</dt><dd>{bygsjw2_value} {bygsjw2_unit}</dd>
		<dt>{bygsjw3} :</dt><dd>{bygsjw3_value} {bygsjw3_unit}</dd>
		<dt>{bygsjw4} :</dt><dd>{bygsjw4_value} {bygsjw4_unit}</dd>
		<dt>{bygsjw5} :</dt><dd>{bygsjw5_value} {bygsjw5_unit}</dd>
		<dt>{bygsjw6} :</dt><dd>{bygsjw6_value} {bygsjw6_unit}</dd>
		
	</dl>
</div>]]></item>
			<item id="stemplate"><![CDATA[<style type="text/css">
	.over_one{ overflow: hidden; text-overflow: ellipsis; display: inline-block; white-space: nowrap;}
	.img_center{ overflow: hidden; display: block; background-position: center center; background-repeat: no-repeat; background-size: cover; -webkit-background-size: cover; border-radius: 4px;}
	.sort_list_box{ float: left; width: 221px; margin: 0 10px 16px 5px; border: 1px solid #eee; background: #fff; border-radius: 4px; box-shadow: 0 2px 2px -2px rgba(0,0,0,0.3);}
	.sort_list_box:hover{ transform: scale(1.01); box-shadow: 0 4px 4px -2px rgba(150,150,150,0.5);}
	.sort_list_box .img_center{ width: 221px; height: 166px; border-bottom: 1px solid #f5f5f5;}
	.sort_list_tit{ width: 211px; height: 36px; padding: 0 5px; line-height: 36px; font-size: 14px;}
	.sort_list_count{ width: 221px; height: 20px; margin-bottom: 10px; overflow: hidden;}
	.sort_list_count span{ padding: 0 5px 0 3px; line-height: 20px; font-size: 12px; color: #999;}
	.sort_list_count img{ width: 16px; height: 16px; vertical-align: top; margin: 2px;}
	.sort_list_b{ padding: 10px 5px; border-top: 1px solid #f5f5f5; line-height: 20px;}
	.sort_list_b img{ width: 20px; height: 20px; margin-right: 2px; border-radius: 50%; vertical-align: top;}
	.sort_list_name{ max-width: 110px; height: 20px; font-size: 13px;}
	.sort_list_date{ max-width: 70px; height: 20px; font-size: 12px; color: #888;}
</style>
<div class="cl">
	[loop]
	<div class="sort_list_box cl">
		<a href="{subject_url}" target="_blank" class="img_center" style="background-image:url({bygsjw0_value});"></a>
		<a href="{subject_url}" target="_blank" class="sort_list_tit over_one">{subject}</a>
		<div class="sort_list_count cl">
			<span class="z"><img src="template/bygsjw_2sj/image/hui_chakan.png"/>{views}</span>
			<span class="z"><img src="template/bygsjw_2sj/image/hui_huifu.png"/>{replies}</span>
		</div>
		<div class="sort_list_b cl">
			<a href="{author_url}" target="_blank" class="z"><img src="{avatar_small}"/></a>
			<span class="sort_list_name z over_one">{author}</span>
			<span class="sort_list_date y over_one">{dateline}</span>
		</div>
	</div>
	[/loop]
</div>]]></item>
			<item id="ptemplate"><![CDATA[]]></item>
			<item id="btemplate"><![CDATA[]]></item>
			<item id="sortid"><![CDATA[3]]></item>
			<item id="available"><![CDATA[1]]></item>
			<item id="required"><![CDATA[1]]></item>
			<item id="unchangeable"><![CDATA[0]]></item>
			<item id="search"><![CDATA[2]]></item>
			<item id="subjectshow"><![CDATA[1]]></item>
			<item id="tpdescription"><![CDATA[]]></item>
			<item id="ttdescription"><![CDATA[简约设计的分类信息模版(手机版)]]></item>
			<item id="tpexpiration"><![CDATA[0]]></item>
			<item id="ttexpiration"><![CDATA[0]]></item>
			<item id="__protect">
				<item id="usergroup"><![CDATA[]]></item>
				<item id="verify"><![CDATA[]]></item>
			</item>
			<item id="__rules">
				<item id="choices"><![CDATA[1=自定义选项
2=自定义选项
3=自定义选项]]></item>
			</item>
		</item>
		<item id="3">
			<item id="optionid"><![CDATA[22]]></item>
			<item id="classid"><![CDATA[6]]></item>
			<item id="displayorder"><![CDATA[4]]></item>
			<item id="expiration"><![CDATA[0]]></item>
			<item id="title"><![CDATA[自定义分类4]]></item>
			<item id="description"><![CDATA[简约设计的分类信息模版(手机版)]]></item>
			<item id="identifier"><![CDATA[bygsjw4]]></item>
			<item id="type"><![CDATA[radio]]></item>
			<item id="unit"><![CDATA[]]></item>
			<item id="permprompt"><![CDATA[]]></item>
			<item id="typeid"><![CDATA[3]]></item>
			<item id="name"><![CDATA[分类信息手机版]]></item>
			<item id="icon"><![CDATA[]]></item>
			<item id="special"><![CDATA[1]]></item>
			<item id="modelid"><![CDATA[0]]></item>
			<item id="template"><![CDATA[<style type="text/css">
	.sort_view_box{ margin: 15px 0 15px 415px;}
	.sort_view_z{ float: left; width: 400px; margin-left: -415px;}
	#postlist .sort_view_z img{ max-width: 400px;}
	.sort_view_y{ float: right; width: 99%; border: 1px solid #f1f1f1; border-bottom: 0; font-size: 14px;}
	.sort_view_y dt{ float: left; width: 30%; height: 49px; line-height: 49px; border-bottom: 1px solid #f1f1f1; text-align: center; background: #fafafa;}
	.sort_view_y dd{ float: right; width: 70%; height: 49px; line-height: 49px; border-bottom: 1px solid #f1f1f1; text-align: center;}
</style>

<div class="sort_view_box cl">
	<div class="sort_view_z">
		<img src="{bygsjw0_value}" alt="{bygsjw0}"/>
	</div>
	<dl class="sort_view_y">
		<dt>{bygsjw1} :</dt><dd>{bygsjw1_value} {bygsjw1_unit}</dd>
		<dt>{bygsjw2} :</dt><dd>{bygsjw2_value} {bygsjw2_unit}</dd>
		<dt>{bygsjw3} :</dt><dd>{bygsjw3_value} {bygsjw3_unit}</dd>
		<dt>{bygsjw4} :</dt><dd>{bygsjw4_value} {bygsjw4_unit}</dd>
		<dt>{bygsjw5} :</dt><dd>{bygsjw5_value} {bygsjw5_unit}</dd>
		<dt>{bygsjw6} :</dt><dd>{bygsjw6_value} {bygsjw6_unit}</dd>
		
	</dl>
</div>]]></item>
			<item id="stemplate"><![CDATA[<style type="text/css">
	.over_one{ overflow: hidden; text-overflow: ellipsis; display: inline-block; white-space: nowrap;}
	.img_center{ overflow: hidden; display: block; background-position: center center; background-repeat: no-repeat; background-size: cover; -webkit-background-size: cover; border-radius: 4px;}
	.sort_list_box{ float: left; width: 221px; margin: 0 10px 16px 5px; border: 1px solid #eee; background: #fff; border-radius: 4px; box-shadow: 0 2px 2px -2px rgba(0,0,0,0.3);}
	.sort_list_box:hover{ transform: scale(1.01); box-shadow: 0 4px 4px -2px rgba(150,150,150,0.5);}
	.sort_list_box .img_center{ width: 221px; height: 166px; border-bottom: 1px solid #f5f5f5;}
	.sort_list_tit{ width: 211px; height: 36px; padding: 0 5px; line-height: 36px; font-size: 14px;}
	.sort_list_count{ width: 221px; height: 20px; margin-bottom: 10px; overflow: hidden;}
	.sort_list_count span{ padding: 0 5px 0 3px; line-height: 20px; font-size: 12px; color: #999;}
	.sort_list_count img{ width: 16px; height: 16px; vertical-align: top; margin: 2px;}
	.sort_list_b{ padding: 10px 5px; border-top: 1px solid #f5f5f5; line-height: 20px;}
	.sort_list_b img{ width: 20px; height: 20px; margin-right: 2px; border-radius: 50%; vertical-align: top;}
	.sort_list_name{ max-width: 110px; height: 20px; font-size: 13px;}
	.sort_list_date{ max-width: 70px; height: 20px; font-size: 12px; color: #888;}
</style>
<div class="cl">
	[loop]
	<div class="sort_list_box cl">
		<a href="{subject_url}" target="_blank" class="img_center" style="background-image:url({bygsjw0_value});"></a>
		<a href="{subject_url}" target="_blank" class="sort_list_tit over_one">{subject}</a>
		<div class="sort_list_count cl">
			<span class="z"><img src="template/bygsjw_2sj/image/hui_chakan.png"/>{views}</span>
			<span class="z"><img src="template/bygsjw_2sj/image/hui_huifu.png"/>{replies}</span>
		</div>
		<div class="sort_list_b cl">
			<a href="{author_url}" target="_blank" class="z"><img src="{avatar_small}"/></a>
			<span class="sort_list_name z over_one">{author}</span>
			<span class="sort_list_date y over_one">{dateline}</span>
		</div>
	</div>
	[/loop]
</div>]]></item>
			<item id="ptemplate"><![CDATA[]]></item>
			<item id="btemplate"><![CDATA[]]></item>
			<item id="sortid"><![CDATA[3]]></item>
			<item id="available"><![CDATA[1]]></item>
			<item id="required"><![CDATA[1]]></item>
			<item id="unchangeable"><![CDATA[0]]></item>
			<item id="search"><![CDATA[2]]></item>
			<item id="subjectshow"><![CDATA[1]]></item>
			<item id="tpdescription"><![CDATA[]]></item>
			<item id="ttdescription"><![CDATA[简约设计的分类信息模版(手机版)]]></item>
			<item id="tpexpiration"><![CDATA[0]]></item>
			<item id="ttexpiration"><![CDATA[0]]></item>
			<item id="__protect">
				<item id="usergroup"><![CDATA[]]></item>
				<item id="verify"><![CDATA[]]></item>
			</item>
			<item id="__rules">
				<item id="choices"><![CDATA[1=自定义选项
2=自定义选项
3=自定义选项
4=自定义选项
5=自定义选项
6=自定义选项]]></item>
			</item>
		</item>
		<item id="4">
			<item id="optionid"><![CDATA[23]]></item>
			<item id="classid"><![CDATA[6]]></item>
			<item id="displayorder"><![CDATA[5]]></item>
			<item id="expiration"><![CDATA[0]]></item>
			<item id="title"><![CDATA[自定义分类5]]></item>
			<item id="description"><![CDATA[简约设计的分类信息模版(手机版)]]></item>
			<item id="identifier"><![CDATA[bygsjw5]]></item>
			<item id="type"><![CDATA[radio]]></item>
			<item id="unit"><![CDATA[]]></item>
			<item id="permprompt"><![CDATA[]]></item>
			<item id="typeid"><![CDATA[3]]></item>
			<item id="name"><![CDATA[分类信息手机版]]></item>
			<item id="icon"><![CDATA[]]></item>
			<item id="special"><![CDATA[1]]></item>
			<item id="modelid"><![CDATA[0]]></item>
			<item id="template"><![CDATA[<style type="text/css">
	.sort_view_box{ margin: 15px 0 15px 415px;}
	.sort_view_z{ float: left; width: 400px; margin-left: -415px;}
	#postlist .sort_view_z img{ max-width: 400px;}
	.sort_view_y{ float: right; width: 99%; border: 1px solid #f1f1f1; border-bottom: 0; font-size: 14px;}
	.sort_view_y dt{ float: left; width: 30%; height: 49px; line-height: 49px; border-bottom: 1px solid #f1f1f1; text-align: center; background: #fafafa;}
	.sort_view_y dd{ float: right; width: 70%; height: 49px; line-height: 49px; border-bottom: 1px solid #f1f1f1; text-align: center;}
</style>

<div class="sort_view_box cl">
	<div class="sort_view_z">
		<img src="{bygsjw0_value}" alt="{bygsjw0}"/>
	</div>
	<dl class="sort_view_y">
		<dt>{bygsjw1} :</dt><dd>{bygsjw1_value} {bygsjw1_unit}</dd>
		<dt>{bygsjw2} :</dt><dd>{bygsjw2_value} {bygsjw2_unit}</dd>
		<dt>{bygsjw3} :</dt><dd>{bygsjw3_value} {bygsjw3_unit}</dd>
		<dt>{bygsjw4} :</dt><dd>{bygsjw4_value} {bygsjw4_unit}</dd>
		<dt>{bygsjw5} :</dt><dd>{bygsjw5_value} {bygsjw5_unit}</dd>
		<dt>{bygsjw6} :</dt><dd>{bygsjw6_value} {bygsjw6_unit}</dd>
		
	</dl>
</div>]]></item>
			<item id="stemplate"><![CDATA[<style type="text/css">
	.over_one{ overflow: hidden; text-overflow: ellipsis; display: inline-block; white-space: nowrap;}
	.img_center{ overflow: hidden; display: block; background-position: center center; background-repeat: no-repeat; background-size: cover; -webkit-background-size: cover; border-radius: 4px;}
	.sort_list_box{ float: left; width: 221px; margin: 0 10px 16px 5px; border: 1px solid #eee; background: #fff; border-radius: 4px; box-shadow: 0 2px 2px -2px rgba(0,0,0,0.3);}
	.sort_list_box:hover{ transform: scale(1.01); box-shadow: 0 4px 4px -2px rgba(150,150,150,0.5);}
	.sort_list_box .img_center{ width: 221px; height: 166px; border-bottom: 1px solid #f5f5f5;}
	.sort_list_tit{ width: 211px; height: 36px; padding: 0 5px; line-height: 36px; font-size: 14px;}
	.sort_list_count{ width: 221px; height: 20px; margin-bottom: 10px; overflow: hidden;}
	.sort_list_count span{ padding: 0 5px 0 3px; line-height: 20px; font-size: 12px; color: #999;}
	.sort_list_count img{ width: 16px; height: 16px; vertical-align: top; margin: 2px;}
	.sort_list_b{ padding: 10px 5px; border-top: 1px solid #f5f5f5; line-height: 20px;}
	.sort_list_b img{ width: 20px; height: 20px; margin-right: 2px; border-radius: 50%; vertical-align: top;}
	.sort_list_name{ max-width: 110px; height: 20px; font-size: 13px;}
	.sort_list_date{ max-width: 70px; height: 20px; font-size: 12px; color: #888;}
</style>
<div class="cl">
	[loop]
	<div class="sort_list_box cl">
		<a href="{subject_url}" target="_blank" class="img_center" style="background-image:url({bygsjw0_value});"></a>
		<a href="{subject_url}" target="_blank" class="sort_list_tit over_one">{subject}</a>
		<div class="sort_list_count cl">
			<span class="z"><img src="template/bygsjw_2sj/image/hui_chakan.png"/>{views}</span>
			<span class="z"><img src="template/bygsjw_2sj/image/hui_huifu.png"/>{replies}</span>
		</div>
		<div class="sort_list_b cl">
			<a href="{author_url}" target="_blank" class="z"><img src="{avatar_small}"/></a>
			<span class="sort_list_name z over_one">{author}</span>
			<span class="sort_list_date y over_one">{dateline}</span>
		</div>
	</div>
	[/loop]
</div>]]></item>
			<item id="ptemplate"><![CDATA[]]></item>
			<item id="btemplate"><![CDATA[]]></item>
			<item id="sortid"><![CDATA[3]]></item>
			<item id="available"><![CDATA[1]]></item>
			<item id="required"><![CDATA[1]]></item>
			<item id="unchangeable"><![CDATA[0]]></item>
			<item id="search"><![CDATA[2]]></item>
			<item id="subjectshow"><![CDATA[1]]></item>
			<item id="tpdescription"><![CDATA[]]></item>
			<item id="ttdescription"><![CDATA[简约设计的分类信息模版(手机版)]]></item>
			<item id="tpexpiration"><![CDATA[0]]></item>
			<item id="ttexpiration"><![CDATA[0]]></item>
			<item id="__protect">
				<item id="usergroup"><![CDATA[]]></item>
				<item id="verify"><![CDATA[]]></item>
			</item>
			<item id="__rules">
				<item id="choices"><![CDATA[1=自定义选项
2=自定义选项
3=自定义选项
4=自定义选项
5=自定义选项
6=自定义选项
7=自定义选项
8=自定义选项
9=自定义选项
10=自定义选项]]></item>
			</item>
		</item>
		<item id="5">
			<item id="optionid"><![CDATA[24]]></item>
			<item id="classid"><![CDATA[6]]></item>
			<item id="displayorder"><![CDATA[0]]></item>
			<item id="expiration"><![CDATA[0]]></item>
			<item id="title"><![CDATA[封面图片]]></item>
			<item id="description"><![CDATA[简约设计的分类信息模版(手机版)]]></item>
			<item id="identifier"><![CDATA[bygsjw0]]></item>
			<item id="type"><![CDATA[image]]></item>
			<item id="unit"><![CDATA[]]></item>
			<item id="permprompt"><![CDATA[]]></item>
			<item id="typeid"><![CDATA[3]]></item>
			<item id="name"><![CDATA[分类信息手机版]]></item>
			<item id="icon"><![CDATA[]]></item>
			<item id="special"><![CDATA[1]]></item>
			<item id="modelid"><![CDATA[0]]></item>
			<item id="template"><![CDATA[<style type="text/css">
	.sort_view_box{ margin: 15px 0 15px 415px;}
	.sort_view_z{ float: left; width: 400px; margin-left: -415px;}
	#postlist .sort_view_z img{ max-width: 400px;}
	.sort_view_y{ float: right; width: 99%; border: 1px solid #f1f1f1; border-bottom: 0; font-size: 14px;}
	.sort_view_y dt{ float: left; width: 30%; height: 49px; line-height: 49px; border-bottom: 1px solid #f1f1f1; text-align: center; background: #fafafa;}
	.sort_view_y dd{ float: right; width: 70%; height: 49px; line-height: 49px; border-bottom: 1px solid #f1f1f1; text-align: center;}
</style>

<div class="sort_view_box cl">
	<div class="sort_view_z">
		<img src="{bygsjw0_value}" alt="{bygsjw0}"/>
	</div>
	<dl class="sort_view_y">
		<dt>{bygsjw1} :</dt><dd>{bygsjw1_value} {bygsjw1_unit}</dd>
		<dt>{bygsjw2} :</dt><dd>{bygsjw2_value} {bygsjw2_unit}</dd>
		<dt>{bygsjw3} :</dt><dd>{bygsjw3_value} {bygsjw3_unit}</dd>
		<dt>{bygsjw4} :</dt><dd>{bygsjw4_value} {bygsjw4_unit}</dd>
		<dt>{bygsjw5} :</dt><dd>{bygsjw5_value} {bygsjw5_unit}</dd>
		<dt>{bygsjw6} :</dt><dd>{bygsjw6_value} {bygsjw6_unit}</dd>
		
	</dl>
</div>]]></item>
			<item id="stemplate"><![CDATA[<style type="text/css">
	.over_one{ overflow: hidden; text-overflow: ellipsis; display: inline-block; white-space: nowrap;}
	.img_center{ overflow: hidden; display: block; background-position: center center; background-repeat: no-repeat; background-size: cover; -webkit-background-size: cover; border-radius: 4px;}
	.sort_list_box{ float: left; width: 221px; margin: 0 10px 16px 5px; border: 1px solid #eee; background: #fff; border-radius: 4px; box-shadow: 0 2px 2px -2px rgba(0,0,0,0.3);}
	.sort_list_box:hover{ transform: scale(1.01); box-shadow: 0 4px 4px -2px rgba(150,150,150,0.5);}
	.sort_list_box .img_center{ width: 221px; height: 166px; border-bottom: 1px solid #f5f5f5;}
	.sort_list_tit{ width: 211px; height: 36px; padding: 0 5px; line-height: 36px; font-size: 14px;}
	.sort_list_count{ width: 221px; height: 20px; margin-bottom: 10px; overflow: hidden;}
	.sort_list_count span{ padding: 0 5px 0 3px; line-height: 20px; font-size: 12px; color: #999;}
	.sort_list_count img{ width: 16px; height: 16px; vertical-align: top; margin: 2px;}
	.sort_list_b{ padding: 10px 5px; border-top: 1px solid #f5f5f5; line-height: 20px;}
	.sort_list_b img{ width: 20px; height: 20px; margin-right: 2px; border-radius: 50%; vertical-align: top;}
	.sort_list_name{ max-width: 110px; height: 20px; font-size: 13px;}
	.sort_list_date{ max-width: 70px; height: 20px; font-size: 12px; color: #888;}
</style>
<div class="cl">
	[loop]
	<div class="sort_list_box cl">
		<a href="{subject_url}" target="_blank" class="img_center" style="background-image:url({bygsjw0_value});"></a>
		<a href="{subject_url}" target="_blank" class="sort_list_tit over_one">{subject}</a>
		<div class="sort_list_count cl">
			<span class="z"><img src="template/bygsjw_2sj/image/hui_chakan.png"/>{views}</span>
			<span class="z"><img src="template/bygsjw_2sj/image/hui_huifu.png"/>{replies}</span>
		</div>
		<div class="sort_list_b cl">
			<a href="{author_url}" target="_blank" class="z"><img src="{avatar_small}"/></a>
			<span class="sort_list_name z over_one">{author}</span>
			<span class="sort_list_date y over_one">{dateline}</span>
		</div>
	</div>
	[/loop]
</div>]]></item>
			<item id="ptemplate"><![CDATA[]]></item>
			<item id="btemplate"><![CDATA[]]></item>
			<item id="sortid"><![CDATA[3]]></item>
			<item id="available"><![CDATA[1]]></item>
			<item id="required"><![CDATA[1]]></item>
			<item id="unchangeable"><![CDATA[0]]></item>
			<item id="search"><![CDATA[0]]></item>
			<item id="subjectshow"><![CDATA[1]]></item>
			<item id="tpdescription"><![CDATA[]]></item>
			<item id="ttdescription"><![CDATA[简约设计的分类信息模版(手机版)]]></item>
			<item id="tpexpiration"><![CDATA[0]]></item>
			<item id="ttexpiration"><![CDATA[0]]></item>
			<item id="__protect">
				<item id="usergroup"><![CDATA[]]></item>
				<item id="verify"><![CDATA[]]></item>
			</item>
			<item id="__rules">
				<item id="maxwidth"><![CDATA[]]></item>
				<item id="maxheight"><![CDATA[]]></item>
				<item id="inputsize"><![CDATA[]]></item>
			</item>
		</item>
		<item id="6">
			<item id="optionid"><![CDATA[25]]></item>
			<item id="classid"><![CDATA[6]]></item>
			<item id="displayorder"><![CDATA[6]]></item>
			<item id="expiration"><![CDATA[0]]></item>
			<item id="title"><![CDATA[自定义分类6]]></item>
			<item id="description"><![CDATA[简约设计的分类信息模版(手机版)]]></item>
			<item id="identifier"><![CDATA[bygsjw6]]></item>
			<item id="type"><![CDATA[radio]]></item>
			<item id="unit"><![CDATA[]]></item>
			<item id="permprompt"><![CDATA[]]></item>
			<item id="typeid"><![CDATA[3]]></item>
			<item id="name"><![CDATA[分类信息手机版]]></item>
			<item id="icon"><![CDATA[]]></item>
			<item id="special"><![CDATA[1]]></item>
			<item id="modelid"><![CDATA[0]]></item>
			<item id="template"><![CDATA[<style type="text/css">
	.sort_view_box{ margin: 15px 0 15px 415px;}
	.sort_view_z{ float: left; width: 400px; margin-left: -415px;}
	#postlist .sort_view_z img{ max-width: 400px;}
	.sort_view_y{ float: right; width: 99%; border: 1px solid #f1f1f1; border-bottom: 0; font-size: 14px;}
	.sort_view_y dt{ float: left; width: 30%; height: 49px; line-height: 49px; border-bottom: 1px solid #f1f1f1; text-align: center; background: #fafafa;}
	.sort_view_y dd{ float: right; width: 70%; height: 49px; line-height: 49px; border-bottom: 1px solid #f1f1f1; text-align: center;}
</style>

<div class="sort_view_box cl">
	<div class="sort_view_z">
		<img src="{bygsjw0_value}" alt="{bygsjw0}"/>
	</div>
	<dl class="sort_view_y">
		<dt>{bygsjw1} :</dt><dd>{bygsjw1_value} {bygsjw1_unit}</dd>
		<dt>{bygsjw2} :</dt><dd>{bygsjw2_value} {bygsjw2_unit}</dd>
		<dt>{bygsjw3} :</dt><dd>{bygsjw3_value} {bygsjw3_unit}</dd>
		<dt>{bygsjw4} :</dt><dd>{bygsjw4_value} {bygsjw4_unit}</dd>
		<dt>{bygsjw5} :</dt><dd>{bygsjw5_value} {bygsjw5_unit}</dd>
		<dt>{bygsjw6} :</dt><dd>{bygsjw6_value} {bygsjw6_unit}</dd>
		
	</dl>
</div>]]></item>
			<item id="stemplate"><![CDATA[<style type="text/css">
	.over_one{ overflow: hidden; text-overflow: ellipsis; display: inline-block; white-space: nowrap;}
	.img_center{ overflow: hidden; display: block; background-position: center center; background-repeat: no-repeat; background-size: cover; -webkit-background-size: cover; border-radius: 4px;}
	.sort_list_box{ float: left; width: 221px; margin: 0 10px 16px 5px; border: 1px solid #eee; background: #fff; border-radius: 4px; box-shadow: 0 2px 2px -2px rgba(0,0,0,0.3);}
	.sort_list_box:hover{ transform: scale(1.01); box-shadow: 0 4px 4px -2px rgba(150,150,150,0.5);}
	.sort_list_box .img_center{ width: 221px; height: 166px; border-bottom: 1px solid #f5f5f5;}
	.sort_list_tit{ width: 211px; height: 36px; padding: 0 5px; line-height: 36px; font-size: 14px;}
	.sort_list_count{ width: 221px; height: 20px; margin-bottom: 10px; overflow: hidden;}
	.sort_list_count span{ padding: 0 5px 0 3px; line-height: 20px; font-size: 12px; color: #999;}
	.sort_list_count img{ width: 16px; height: 16px; vertical-align: top; margin: 2px;}
	.sort_list_b{ padding: 10px 5px; border-top: 1px solid #f5f5f5; line-height: 20px;}
	.sort_list_b img{ width: 20px; height: 20px; margin-right: 2px; border-radius: 50%; vertical-align: top;}
	.sort_list_name{ max-width: 110px; height: 20px; font-size: 13px;}
	.sort_list_date{ max-width: 70px; height: 20px; font-size: 12px; color: #888;}
</style>
<div class="cl">
	[loop]
	<div class="sort_list_box cl">
		<a href="{subject_url}" target="_blank" class="img_center" style="background-image:url({bygsjw0_value});"></a>
		<a href="{subject_url}" target="_blank" class="sort_list_tit over_one">{subject}</a>
		<div class="sort_list_count cl">
			<span class="z"><img src="template/bygsjw_2sj/image/hui_chakan.png"/>{views}</span>
			<span class="z"><img src="template/bygsjw_2sj/image/hui_huifu.png"/>{replies}</span>
		</div>
		<div class="sort_list_b cl">
			<a href="{author_url}" target="_blank" class="z"><img src="{avatar_small}"/></a>
			<span class="sort_list_name z over_one">{author}</span>
			<span class="sort_list_date y over_one">{dateline}</span>
		</div>
	</div>
	[/loop]
</div>]]></item>
			<item id="ptemplate"><![CDATA[]]></item>
			<item id="btemplate"><![CDATA[]]></item>
			<item id="sortid"><![CDATA[3]]></item>
			<item id="available"><![CDATA[1]]></item>
			<item id="required"><![CDATA[1]]></item>
			<item id="unchangeable"><![CDATA[0]]></item>
			<item id="search"><![CDATA[2]]></item>
			<item id="subjectshow"><![CDATA[1]]></item>
			<item id="tpdescription"><![CDATA[]]></item>
			<item id="ttdescription"><![CDATA[简约设计的分类信息模版(手机版)]]></item>
			<item id="tpexpiration"><![CDATA[0]]></item>
			<item id="ttexpiration"><![CDATA[0]]></item>
			<item id="__protect">
				<item id="usergroup"><![CDATA[]]></item>
				<item id="verify"><![CDATA[]]></item>
			</item>
			<item id="__rules">
				<item id="choices"><![CDATA[1=自定义选项
2=自定义选项
3=自定义选项
4=自定义选项
5=自定义选项]]></item>
			</item>
		</item>
	</item>
</root>