<?xml version="1.0" encoding="ISO-8859-1"?>
<root>
	<item id="Title"><![CDATA[Discuz! Style]]></item>
	<item id="Version"><![CDATA[X3,X3.1,X3.2,X3.3,X3.4,X3.5,Q1.0]]></item>
	<item id="Data">
		<item id="name"><![CDATA[一席/自媒体/资讯]]></item>
		<item id="templateid"><![CDATA[1003]]></item>
		<item id="tplname"><![CDATA[字节工作室模板套系]]></item>
		<item id="directory"><![CDATA[./template/byte_yixi]]></item>
		<item id="copyright"><![CDATA[字节工作室版权所有]]></item>
		<item id="style">
			<item id="smfont"><![CDATA[Arial]]></item>
			<item id="threadtitlefontsize"><![CDATA[14px]]></item>
			<item id="threadtitlefont"><![CDATA[Tahoma,'Microsoft Yahei','Simsun']]></item>
			<item id="smfontsize"><![CDATA[0.83em]]></item>
			<item id="tabletext"><![CDATA[#444]]></item>
			<item id="midtext"><![CDATA[#666]]></item>
			<item id="lighttext"><![CDATA[#999]]></item>
			<item id="link"><![CDATA[#333]]></item>
			<item id="highlightlink"><![CDATA[#369]]></item>
			<item id="noticetext"><![CDATA[#F26C4F]]></item>
			<item id="bgcolor"><![CDATA[#F3F3F3]]></item>
			<item id="msgfontsize"><![CDATA[14px]]></item>
			<item id="sidebgcolor"><![CDATA[#fff]]></item>
			<item id="headerborder"><![CDATA[0]]></item>
			<item id="headerbgcolor"><![CDATA[#FFFFFF]]></item>
			<item id="inputborderdarkcolor"><![CDATA[#848484]]></item>
			<item id="stypeid"><![CDATA[1]]></item>
			<item id="inputbg"><![CDATA[#FFF]]></item>
			<item id="commonborder"><![CDATA[#CDCDCD]]></item>
			<item id="commonbg"><![CDATA[#F2F2F2]]></item>
			<item id="specialborder"><![CDATA[#C2D5E3]]></item>
			<item id="specialbg"><![CDATA[#E5EDF2]]></item>
			<item id="dropmenuborder"><![CDATA[#DDD]]></item>
			<item id="floatmaskbgcolor"><![CDATA[#000]]></item>
			<item id="dropmenubgcolor"><![CDATA[#FEFEFE]]></item>
			<item id="floatbgcolor"><![CDATA[#FFF]]></item>
			<item id="lightlink"><![CDATA[#FFF]]></item>
			<item id="menuhoverbgcolor"><![CDATA[#FFFFFF]]></item>
			<item id="titlebgcolor"><![CDATA[#E5EDF2]]></item>
			<item id="fontsize"><![CDATA[12px/1.5]]></item>
			<item id="font"><![CDATA[Tahoma,'Microsoft Yahei','Simsun']]></item>
			<item id="styleimgdir"><![CDATA[./template/byte_yixi/bytefiles/images]]></item>
			<item id="imgdir"><![CDATA[]]></item>
			<item id="boardimg"><![CDATA[logo.png]]></item>
			<item id="available"><![CDATA[]]></item>
			<item id="headertext"><![CDATA[#000]]></item>
			<item id="footertext"><![CDATA[#333]]></item>
			<item id="menubgcolor"><![CDATA[#FFFFFF]]></item>
			<item id="menutext"><![CDATA[#000]]></item>
			<item id="menuhovertext"><![CDATA[#CE0A00]]></item>
			<item id="wrapbg"><![CDATA[#FFF]]></item>
			<item id="wrapbordercolor"><![CDATA[#CCC]]></item>
			<item id="contentwidth"><![CDATA[630px]]></item>
			<item id="contentseparate"><![CDATA[#C2D5E3]]></item>
			<item id="inputborder"><![CDATA[#E0E0E0]]></item>
		</item>
		<item id="version"><![CDATA[X3,X3.1,X3.2,X3.3,X3.4,X3.5,Q1.0]]></item>
	</item>
</root>