<?xml version="1.0" encoding="ISO-8859-1"?>
<root>
	<item id="spacecss"><![CDATA[]]></item>
	<item id="layoutdata">
		<item id="diy1"><![CDATA[]]></item>
		<item id="diy_banner"><![CDATA[]]></item>
		<item id="diy_banner_r"><![CDATA[]]></item>
		<item id="diy_chart">
			<item id="frame`frameyM6V7M">
				<item id="attr">
					<item id="name"><![CDATA[frameyM6V7M]]></item>
					<item id="moveable"><![CDATA[true]]></item>
					<item id="className"><![CDATA[frame move-span cl frame-1]]></item>
					<item id="titles"><![CDATA[]]></item>
				</item>
				<item id="column`frameyM6V7M_left">
					<item id="attr">
						<item id="name"><![CDATA[frameyM6V7M_left]]></item>
						<item id="className"><![CDATA[column frame-1-c]]></item>
					</item>
					<item id="block`portal_block_2504">
						<item id="attr">
							<item id="name"><![CDATA[portal_block_2504]]></item>
							<item id="className"><![CDATA[block move-span]]></item>
							<item id="titles"><![CDATA[]]></item>
						</item>
					</item>
				</item>
			</item>
		</item>
		<item id="diy3"><![CDATA[]]></item>
	</item>
	<item id="blockdata">
		<item id="block">
			<item id="2504">
				<item id="bid"><![CDATA[2504]]></item>
				<item id="blockclass"><![CDATA[forum_forum]]></item>
				<item id="blocktype"><![CDATA[0]]></item>
				<item id="name"><![CDATA[热门板块]]></item>
				<item id="title"><![CDATA[]]></item>
				<item id="classname"><![CDATA[]]></item>
				<item id="summary"><![CDATA[]]></item>
				<item id="uid"><![CDATA[1]]></item>
				<item id="username"><![CDATA[admin]]></item>
				<item id="styleid"><![CDATA[0]]></item>
				<item id="blockstyle">
					<item id="name"><![CDATA[]]></item>
					<item id="blockclass"><![CDATA[forum_forum]]></item>
					<item id="makethumb"><![CDATA[0]]></item>
					<item id="getpic"><![CDATA[0]]></item>
					<item id="getsummary"><![CDATA[1]]></item>
					<item id="settarget"><![CDATA[0]]></item>
					<item id="moreurl"><![CDATA[0]]></item>
					<item id="fields">
						<item id="0"><![CDATA[url]]></item>
						<item id="1"><![CDATA[icon]]></item>
						<item id="2"><![CDATA[title]]></item>
						<item id="3"><![CDATA[summary]]></item>
						<item id="4"><![CDATA[todayposts]]></item>
						<item id="5"><![CDATA[posts]]></item>
					</item>
					<item id="template">
						<item id="raw"><![CDATA[<div class="big_forumlist cl">
[loop]
<div class="mainforum box cl">
<div class="mainforumicon"><a href="{url}"><img src="{icon}" alt="{title}"></a></div>
<div class="mainforumcontent">
<h2><a href="{url}">{title}</a></h2>
<p>{summary}</p>
<p class="mainforumcontentinfo">今日: <font class="bluecolor">{todayposts}</font><span class="pipe">|</span>主题: {posts}</p>
</div>
</div>
[/loop]
</div>]]></item>
						<item id="footer"><![CDATA[]]></item>
						<item id="header"><![CDATA[]]></item>
						<item id="indexplus">
						</item>
						<item id="index">
						</item>
						<item id="orderplus">
						</item>
						<item id="order">
						</item>
						<item id="loopplus">
						</item>
						<item id="loop"><![CDATA[<div class="mainforum box cl">
<div class="mainforumicon"><a href="{url}"><img src="{icon}" alt="{title}"></a></div>
<div class="mainforumcontent">
<h2><a href="{url}">{title}</a></h2>
<p>{summary}</p>
<p class="mainforumcontentinfo">今日: <font class="bluecolor">{todayposts}</font><span class="pipe">|</span>主题: {posts}</p>
</div>
</div>]]></item>
					</item>
					<item id="hash"><![CDATA[080da63a]]></item>
				</item>
				<item id="picwidth"><![CDATA[0]]></item>
				<item id="picheight"><![CDATA[0]]></item>
				<item id="target"><![CDATA[blank]]></item>
				<item id="dateformat"><![CDATA[Y-m-d]]></item>
				<item id="dateuformat"><![CDATA[0]]></item>
				<item id="script"><![CDATA[forum]]></item>
				<item id="param">
					<item id="fids"><![CDATA[]]></item>
					<item id="titlelength"><![CDATA[40]]></item>
					<item id="summarylength"><![CDATA[30]]></item>
					<item id="orderby"><![CDATA[displayorder]]></item>
					<item id="items"><![CDATA[4]]></item>
				</item>
				<item id="shownum"><![CDATA[4]]></item>
				<item id="cachetime"><![CDATA[3600]]></item>
				<item id="cachetimerange"><![CDATA[]]></item>
				<item id="punctualupdate"><![CDATA[0]]></item>
				<item id="hidedisplay"><![CDATA[0]]></item>
				<item id="dateline"><![CDATA[1498627486]]></item>
				<item id="notinherited"><![CDATA[0]]></item>
				<item id="isblank"><![CDATA[0]]></item>
			</item>
		</item>
		<item id="style">
		</item>
	</item>
</root>
