<?xml version="1.0" encoding="ISO-8859-1"?>
<root>
	<item id="spacecss"><![CDATA[]]></item>
	<item id="layoutdata">
		<item id="diy1"><![CDATA[]]></item>
		<item id="listcontenttop">
			<item id="frame`framehX6qPG">
				<item id="attr">
					<item id="name"><![CDATA[framehX6qPG]]></item>
					<item id="moveable"><![CDATA[true]]></item>
					<item id="className"><![CDATA[frame move-span cl frame-1]]></item>
					<item id="titles"><![CDATA[]]></item>
				</item>
				<item id="column`framehX6qPG_left">
					<item id="attr">
						<item id="name"><![CDATA[framehX6qPG_left]]></item>
						<item id="className"><![CDATA[column frame-1-c]]></item>
					</item>
					<item id="block`portal_block_5459">
						<item id="attr">
							<item id="name"><![CDATA[portal_block_5459]]></item>
							<item id="className"><![CDATA[block move-span]]></item>
							<item id="titles"><![CDATA[]]></item>
						</item>
					</item>
				</item>
			</item>
		</item>
		<item id="listloopbottom"><![CDATA[]]></item>
		<item id="diycontentbottom"><![CDATA[]]></item>
		<item id="diy3"><![CDATA[]]></item>
	</item>
	<item id="blockdata">
		<item id="block">
			<item id="5459">
				<item id="bid"><![CDATA[5459]]></item>
				<item id="blockclass"><![CDATA[html_html]]></item>
				<item id="blocktype"><![CDATA[0]]></item>
				<item id="name"><![CDATA[ad_top1]]></item>
				<item id="title"><![CDATA[]]></item>
				<item id="classname"><![CDATA[]]></item>
				<item id="summary"><![CDATA[<div id="hello_top1" class="row fix cl">
  <ul class="fix">
    <li><a href="#" target="_blank"><img src="template/elec_201702_pic/style/ad/001.jpg" alt=""></a></li>
    <li><a href="#" target="_blank"><img src="template/elec_201702_pic/style/ad/002.jpg" alt=""></a></li>
    <li><a href="#" target="_blank"><img src="template/elec_201702_pic/style/ad/003.jpg" alt=""></a></li>
  </ul>
</div>]]></item>
				<item id="uid"><![CDATA[1]]></item>
				<item id="username"><![CDATA[admin]]></item>
				<item id="styleid"><![CDATA[0]]></item>
				<item id="blockstyle"><![CDATA[]]></item>
				<item id="picwidth"><![CDATA[0]]></item>
				<item id="picheight"><![CDATA[0]]></item>
				<item id="target"><![CDATA[blank]]></item>
				<item id="dateformat"><![CDATA[Y-m-d]]></item>
				<item id="dateuformat"><![CDATA[0]]></item>
				<item id="script"><![CDATA[blank]]></item>
				<item id="param">
					<item id="content"><![CDATA[<div id=\"hello_top1\" class=\"row fix cl\">
  <ul class=\"fix\">
    <li><a href=\"#\" target=\"_blank\"><img src=\"template/elec_201702_pic/style/ad/001.jpg\" alt=\"\"></a></li>
    <li><a href=\"#\" target=\"_blank\"><img src=\"template/elec_201702_pic/style/ad/002.jpg\" alt=\"\"></a></li>
    <li><a href=\"#\" target=\"_blank\"><img src=\"template/elec_201702_pic/style/ad/003.jpg\" alt=\"\"></a></li>
  </ul>
</div>]]></item>
					<item id="items"><![CDATA[10]]></item>
				</item>
				<item id="shownum"><![CDATA[10]]></item>
				<item id="cachetime"><![CDATA[0]]></item>
				<item id="cachetimerange"><![CDATA[0,0]]></item>
				<item id="punctualupdate"><![CDATA[0]]></item>
				<item id="hidedisplay"><![CDATA[0]]></item>
				<item id="dateline"><![CDATA[1528952805]]></item>
				<item id="notinherited"><![CDATA[0]]></item>
				<item id="isblank"><![CDATA[0]]></item>
			</item>
		</item>
		<item id="style">
		</item>
	</item>
</root>
