<?xml version="1.0" encoding="ISO-8859-1"?>
<root>
	<item id="spacecss"><![CDATA[]]></item>
	<item id="layoutdata">
		<item id="diy1">
			<item id="frame`frameEw3PW8">
				<item id="attr">
					<item id="name"><![CDATA[frameEw3PW8]]></item>
					<item id="moveable"><![CDATA[true]]></item>
					<item id="className"><![CDATA[frame move-span cl frame-1]]></item>
					<item id="titles"><![CDATA[]]></item>
				</item>
				<item id="column`frameEw3PW8_left">
					<item id="attr">
						<item id="name"><![CDATA[frameEw3PW8_left]]></item>
						<item id="className"><![CDATA[column frame-1-c]]></item>
					</item>
					<item id="block`portal_block_2098">
						<item id="attr">
							<item id="name"><![CDATA[portal_block_2098]]></item>
							<item id="className"><![CDATA[block move-span]]></item>
							<item id="titles"><![CDATA[]]></item>
						</item>
					</item>
				</item>
			</item>
		</item>
	</item>
	<item id="blockdata">
		<item id="block">
			<item id="2098">
				<item id="bid"><![CDATA[2098]]></item>
				<item id="blockclass"><![CDATA[html_html]]></item>
				<item id="blocktype"><![CDATA[0]]></item>
				<item id="name"><![CDATA[活动]]></item>
				<item id="title"><![CDATA[]]></item>
				<item id="classname"><![CDATA[]]></item>
				<item id="summary"><![CDATA[<div class="wp wpn cl">
		<div class="about-wrap">
			<div class="about-content jumpto-cotainer">
				<div class="menu-wrap" id="section-0">
					<h2 id="section-0"><em>关于我们</em></h2>
					<span><strong>www.Elecom.cn</strong><strong>热点是什么？科技博客么？垂直网站么？社区么？平台么？</strong></span>
					
					<p>Elecom，前身为iconfans.com。是专业的界面设计师交流、学习、展示平台。同时也是中国最大的UI设计师聚集地，会员均为一
线UI设计师，覆盖主流互联网公司。我们希望借助互联网的力量打造国内最专业的UI设计平台，为UI设计师做最好的服务，提高UI设计行业价值！&#8232;</p>
					<p>前身iconfans.com，自2008年发展至今已有6年积累。历年来，iconfans曾经组织会员参与过一系列的国内外的设计竞
赛，并取得了优异成绩。每年举办一届行业聚会。在我们的会员中赢得了口碑。不断的推出一些会员活动、曾经与小米、百度、腾讯、新浪、搜狐、锤子科技
（Smartisan ）、360桌面、点点网、搜狗、华为等知名互联网公司和企业合作活动。</p>
					<p>未来，Elecom，将继续以UI设计师为中心，为UI设计师做最好的服务，提高UI设计行业价值！</p>
				</div>
				<div class="menu-wrap" id="section-1">
					<h2 id="section-1"><em>法律信息</em></h2>
					<h3>一. 提醒注意</h3>
					<p>1.1 
Elecom同意按照本协议的规定及其不时发布的操作规则提供基于互联网以及移动网相关服务（以下称"网络服务"），为获得网络服务，服务使用人（以下称"用
户"）应当同意本协议的全部条款并按照页面上的提示完成全部的注册程序。用户在进行注册程序过程中点击"同意"按钮即表示用户完全接受本协议项下的全部条
款。</p>
					<p>1.2 用户注册成功后，Elecom将给予每个用户一个用户帐号及相应的密码，该用户帐号和密码由用户负责保管；用户应当对以其用户帐号进行的所有活动和事件负法律责任</p>
					
					<h3>二. 服务内容</h3>
					<p>2.1 Elecom网络服务的具体内容由Elecom根据实际情况提供，例如搜索、资讯、分享、原创、竞赛和活动等。</p>
					<p>2.2 
Elecom提供的部分网络服务为收费的网络服务，用户使用收费网络服务需要向Elecom支付一定的费用。对于收费的网络服务，Elecom会在用户使用之前给予用
户明确的提示，只有用户根据提示确认其愿意支付相关费用，用户才能使用该等收费网络服务。如用户拒绝支付相关费用，则Elecom有权不向用户提供该等收费网
络服务。</p>
					<p>2.3 用户理解，Elecom仅提供相关的网络服务，除此之外与相关网络服务有关的设备（如个人电脑、其他与接入互联网或移动网有关的装置）及所需的费用（如为接入互联网而支付的电话费及上网费）均应由用户自行负担。</p>
					
					<h3>三. 变更事项</h3>
					<p>3.1 
鉴于网络服务的特殊性，用户同意Elecom有权随时变更、中断或终止部分或全部的网络服务（包括收费网络服务）。如变更、中断或终止的网络服务属于免费网络
服务，Elecom无需通知用户，也无需对任何用户或任何第三方承担任何责任；如变更、中断或终止的网络服务属于收费网络服务，Elecom应当在变更、中断或终
止之前事先通知用户，并应向受影响的用户提供等值的替代性的收费网络服务，如用户不愿意接受替代性的收费网络服务，就该用户已经向Elecom支付的服务
费，Elecom应当按照该用户实际使用相应收费网络服务的情况扣除相应服务费之后将剩余的服务费退还给该用户。</p>
					<p>3.2 用户理解，Elecom需要定期或不定期地对提供网络服务的平台（如互联网网站）或相关的设备进行检修或者维护，如因此类情况而造成收费网络服务在合理时间内的中断，Elecom无需为此承担任何责任，但Elecom应尽可能事先进行通告。</p>
					<p>3.3 如发生下列任何一种情形，Elecom有权随时中断或终止向用户提供本协议项下的网络服务（包括收费网络服务）而无需对用户或任何第三方承担任何责任：</p>
					<ul>
						<li>3.3.1 用户提供的个人资料不真实；</li>
						<li>3.3.2 用户违反本协议中规定的使用规则；</li>
						<li>3.3.3 用户在使用收费网络服务时未按规定向Elecom支付相应的服务费。</li>
					</ul>
					
					<p>3.4 如用户注册的免费网络服务的帐号在任何连续180日内未实际使用，或者用户注册的收费网络服务的帐号在其订购的收费网络服务的服务期满之后连续180日内未实际使用，则Elecom有权删除该帐号并停止为该用户提供相关的网络服务。</p>
					
					<h3>四. 社区规则</h3>
					<p>4.1 用户在申请使用Elecom网络服务时，必须向Elecom提供准确的个人资料，如个人资料有任何变动，必须及时更新。</p>
					<p>4.2 用户不应将其帐号、密码转让或出借予他人使用。如用户发现其帐号遭他人非法使用，应立即通知Elecom。因黑客行为或用户的保管疏忽导致帐号、密码遭他人非法使用，Elecom不承担任何责任。</p>
					<p>4.3 用户必须同意接受Elecom通过电子邮件或其他方式向用户发送商品促销或其他相关商业信息。</p>
					<p>4.4 用户对于其创作并通过Elecom网络服务上传到Elecom网站上的内容依法享有版权及其他相关合法权利。</p>
					<p>4.5 用户在使用Elecom网络服务过程中，必须遵循以下原则：</p>
					
					<ul>
						<li>4.5.1 遵守中国有关的法律和法规；</li>
						<li>4.5.2 遵守所有与网络服务有关的网络协议、规定和程序；</li>
						<li>4.5.3 不得为任何非法目的而使用网络服务系统；</li>
						<li>4.5.4 不得利用Elecom网络服务系统进行任何可能对互联网正常运转造成不利影响的行为；</li>
						<li>4.5.5 不得利用Elecom提供的网络服务上传、展示或传播任何虚假的、骚扰性的、中伤他人的、辱骂性的、恐吓性的、庸俗淫秽的或其他任何非法的信息资料；</li>
						<li>4.5.6 不得侵犯其他任何第三方的专利权、著作权、商标权、名誉权或其他任何合法权益；</li>
						<li>4.5.7 不得利用Elecom网络服务系统进行任何不利于Elecom的行为；</li>
						<li>4.5.8 如发现任何非法使用用户帐号或帐号出现安全漏洞的情况，应立即通告Elecom。</li>
					</ul>
					
					<p>4.6 如用户在使用网络服务时违反任何上述规定，Elecom或其授权的人有权要求用户改正或直接采取一切必要的措施（包括但不限于更改或删除用户张贴的内容等、暂停或终止用户使用网络服务的权利）以减轻用户不当行为造成的影响。</p>
					<p>4.7 Elecom针对某些特定的Elecom网络服务的使用通过各种方式（包括但不限于网页公告、电子邮件、短信提醒等）作出的任何声明、通知、警示等内容视为本协议的一部分，用户如使用该等Elecom网络服务，视为用户同意该等声明、通知、警示的内容。</p>
					
					<h3>五. 知识产权</h3>
					<p>5.1 
Elecom提供的网络服务中包含的任何文本、图片、图形、音频和/或视频资料均受版权、商标和/或其它财产所有权法律的保护，未经相关权利人同意，上述资料
均不得在任何媒体直接或间接发布、播放、出于播放或发布目的而改写或再发行，或者被用于其他任何商业目的。所有这些资料或资料的任何部分仅可作为私人和非
商业用途而保存在某台计算机内。Elecom不就由上述资料产生或在传送或递交全部或部分上述资料过程中产生的延误、不准确、错误和遗漏或从中产生或由此产生
的任何损害赔偿，以任何形式，向用户或任何第三方负责。</p>
					<p>5.2 
Elecom为提供网络服务而使用的任何软件（包括但不限于软件中所含的任何图像、照片、动画、录像、录音、音乐、文字和附加程序、随附的帮助材料）的一切权
利均属于该软件的著作权人，未经该软件的著作权人许可，用户不得对该软件进行反向工程（reverse 
engineer）、反向编译（decompile）或反汇编（disassemble）。</p>
					
					<h3>六. 隐私保护</h3>
					<p>6.1 保护用户隐私是Elecom的一项基本政策，Elecom保证不对外公开或向第三方提供单个用户的注册资料及用户在使用网络服务时存储在Elecom的非公开内容，但下列情况除外：</p>



					
					<ul>
						<li>6.1.1 事先获得用户的明确授权；</li>
						<li>6.1.2 根据有关的法律法规要求</li>
						<li>6.1.3 按照相关政府主管部门的要求；</li>
						<li>6.1.4 为维护社会公众的利益；</li>
						<li>6.1.5 为维护Elecom的合法权益。</li>
					</ul>

					<p>6.2 Elecom可能会与第三方合作向用户提供相关的网络服务，在此情况下，如该第三方同意承担与Elecom同等的保护用户隐私的责任，则Elecom有权将用户的注册资料等提供给该第三方</p>
					<p>6.3 在不透露单个用户隐私资料的前提下，Elecom有权对整个用户数据库进行分析并对用户数据库进行商业上的利用。</p>
				</div>
				<div class="menu-wrap" id="section-2">
					<h2 id="section-2"><em>原创保护</em></h2>
					<p>用户在Elecom进行登记注册、上传作品、参与讨论等活动时，经用户同意及确认，本网站将通过注册表格、订单等形式要求用户提供一些个人资料。Elecom收集此类个人身份信息，主要是为保证注册用户能够更容易和更满意地使用本站提供的服务。这些个人资料包括：&#8232;</p>
					
					<ul>
						<li>（1）个人识别资料：如姓名、性别、生日、个人主页、即时通讯、所在地、电子邮件地址等。	</li>
						<li>（2）个人背景： 职业、婚姻、兴趣爱好等。</li>
					</ul>
					
					<p>用户知道，在私人博客网页、公共论坛或其他网上公开场合披露其个人身份信息时，此类信息可能会被他人收集并用来发送垃圾邮件或用于其他用途。</p>
					<p>Elecom对用户所提供的个人资料进行严格的管理及保护，Elecom将使用相应的技术，防止您的个人资料丢失、被盗用或遭篡改。</p>
					<p>Elecom保证不对外公开或向第三方提供单个用户的注册资料及用户在使用网络服务时存储在Elecom的非公开内容，但下列情况除外：</p>
					
					<ul>
						<li>（1）事先获得用户的明确授权；</li>
						<li>（2）根据有关的法律法规要求；</li>
						<li>（3）按照相关政府主管部门的要求；</li>
						<li>（4）为维护社会公众的利益；</li>
						<li>（5）为维护Elecom的合法权益。</li>
						<li>（6）Elecom技术人员的为维护把Elecom入场工作的需要。</li>
					</ul>
					
					<p>Elecom可能会与第三方合作向用户提供相关的网络服务，在此情况下，如该第三方同意承担与Elecom同等的保护用户隐私的责任，则Elecom有权将用户的注册资料等提供给该第三方。</p>
					<p>在不透露单个用户隐私资料的前提下，Elecom有权对整个用户数据库进行分析并对用户数据库进行商业上的利用。</p>
				</div>
				<div class="menu-wrap" id="section-3">
					<h2 id="section-3"><em>联系我们</em></h2>
					<p>今日头条是什么？科技博客么？垂直网站么？社区么？平台么?</p>
                    <p style="padding: 3px 0;"></p>
                    <p>好像都有点，也都不完全。</p>
                    <p style="padding: 3px 0;"></p>
                    <p>有一点是恒定、今后也不会变的，那就是我们一开始做这件事的初衷：提升用户接受商业科技资讯并进行交流的效率。</p>
                    <p style="padding: 3px 0;"></p>
                    <p>为此，热点编辑过去两年多里风里来雨里去，晨晨昏昏。但是，还不够。远远不够。图森破。除了人肉驱动，我们还能玩儿点别的么？为此，我们准备找更多的入伙，如果你愿意跟我们这么一个"目前"规模仍不大的团队一起创造点儿什么，经历一家注定将要走远路的公司难能可贵的初创期，那么，赶快加入我们吧。</p>
                    <p style="padding: 3px 0;"></p>
                    <p>热点没有什么？堪与大公司匹敌的薪水。<br>热点有什么？极简的决策流程、可以发挥产品设计想象的极大空间。想到？棒极了？那就做！<br>我们有什么期望与要求？</p>
                    <p style="padding: 3px 0;"></p>
                    <p>以下是各个空缺岗位具体职责与要求，有意者请详阅，并发简历、相应作品及个人阐述至：<br>jobs@toutiao.com</p>
                    <p style="padding: 3px 0;"></p>
                    <p>客服QQ: 2300184378（Wechat）</p>
				</div>
			<nav class="about-subnav"><ul class="about-menu"><li><a class="on" href="#section-0">关于我们</a></li><li><a href="#section-1">法律信息</a></li><li><a href="#section-2">原创保护</a></li><li><a href="#section-3">联系我们</a></li></ul></nav></div><!-- about-content -->
		</div><!-- about-wrap -->
	</div>
	<script type="text/javascript">
	  jQuery(document).ready( function() {
	    jQuery(".about-content").jumpto();
	  });
  	</script>]]></item>
				<item id="uid"><![CDATA[1]]></item>
				<item id="username"><![CDATA[admin]]></item>
				<item id="styleid"><![CDATA[0]]></item>
				<item id="blockstyle"><![CDATA[]]></item>
				<item id="picwidth"><![CDATA[0]]></item>
				<item id="picheight"><![CDATA[0]]></item>
				<item id="target"><![CDATA[blank]]></item>
				<item id="dateformat"><![CDATA[Y-m-d]]></item>
				<item id="dateuformat"><![CDATA[0]]></item>
				<item id="script"><![CDATA[blank]]></item>
				<item id="param">
					<item id="content"><![CDATA[	<div class=\"wp wpn cl\">
		<div class=\"about-wrap\">
			<div class=\"about-content jumpto-cotainer\">
				<div class=\"menu-wrap\" id=\"section-0\">
					<h2 id=\"section-0\"><em>关于我们</em></h2>
					<span><strong>www.Elecom.cn</strong><strong>热点是什么？科技博客么？垂直网站么？社区么？平台么？</strong></span>
					
					<p>Elecom，前身为iconfans.com。是专业的界面设计师交流、学习、展示平台。同时也是中国最大的UI设计师聚集地，会员均为一
线UI设计师，覆盖主流互联网公司。我们希望借助互联网的力量打造国内最专业的UI设计平台，为UI设计师做最好的服务，提高UI设计行业价值！&#8232;</p>
					<p>前身iconfans.com，自2008年发展至今已有6年积累。历年来，iconfans曾经组织会员参与过一系列的国内外的设计竞
赛，并取得了优异成绩。每年举办一届行业聚会。在我们的会员中赢得了口碑。不断的推出一些会员活动、曾经与小米、百度、腾讯、新浪、搜狐、锤子科技
（Smartisan ）、360桌面、点点网、搜狗、华为等知名互联网公司和企业合作活动。</p>
					<p>未来，Elecom，将继续以UI设计师为中心，为UI设计师做最好的服务，提高UI设计行业价值！</p>
				</div>
				<div class=\"menu-wrap\" id=\"section-1\">
					<h2 id=\"section-1\"><em>法律信息</em></h2>
					<h3>一. 提醒注意</h3>
					<p>1.1 
Elecom同意按照本协议的规定及其不时发布的操作规则提供基于互联网以及移动网相关服务（以下称\"网络服务\"），为获得网络服务，服务使用人（以下称\"用
户\"）应当同意本协议的全部条款并按照页面上的提示完成全部的注册程序。用户在进行注册程序过程中点击\"同意\"按钮即表示用户完全接受本协议项下的全部条
款。</p>
					<p>1.2 用户注册成功后，Elecom将给予每个用户一个用户帐号及相应的密码，该用户帐号和密码由用户负责保管；用户应当对以其用户帐号进行的所有活动和事件负法律责任</p>
					
					<h3>二. 服务内容</h3>
					<p>2.1 Elecom网络服务的具体内容由Elecom根据实际情况提供，例如搜索、资讯、分享、原创、竞赛和活动等。</p>
					<p>2.2 
Elecom提供的部分网络服务为收费的网络服务，用户使用收费网络服务需要向Elecom支付一定的费用。对于收费的网络服务，Elecom会在用户使用之前给予用
户明确的提示，只有用户根据提示确认其愿意支付相关费用，用户才能使用该等收费网络服务。如用户拒绝支付相关费用，则Elecom有权不向用户提供该等收费网
络服务。</p>
					<p>2.3 用户理解，Elecom仅提供相关的网络服务，除此之外与相关网络服务有关的设备（如个人电脑、其他与接入互联网或移动网有关的装置）及所需的费用（如为接入互联网而支付的电话费及上网费）均应由用户自行负担。</p>
					
					<h3>三. 变更事项</h3>
					<p>3.1 
鉴于网络服务的特殊性，用户同意Elecom有权随时变更、中断或终止部分或全部的网络服务（包括收费网络服务）。如变更、中断或终止的网络服务属于免费网络
服务，Elecom无需通知用户，也无需对任何用户或任何第三方承担任何责任；如变更、中断或终止的网络服务属于收费网络服务，Elecom应当在变更、中断或终
止之前事先通知用户，并应向受影响的用户提供等值的替代性的收费网络服务，如用户不愿意接受替代性的收费网络服务，就该用户已经向Elecom支付的服务
费，Elecom应当按照该用户实际使用相应收费网络服务的情况扣除相应服务费之后将剩余的服务费退还给该用户。</p>
					<p>3.2 用户理解，Elecom需要定期或不定期地对提供网络服务的平台（如互联网网站）或相关的设备进行检修或者维护，如因此类情况而造成收费网络服务在合理时间内的中断，Elecom无需为此承担任何责任，但Elecom应尽可能事先进行通告。</p>
					<p>3.3 如发生下列任何一种情形，Elecom有权随时中断或终止向用户提供本协议项下的网络服务（包括收费网络服务）而无需对用户或任何第三方承担任何责任：</p>
					<ul>
						<li>3.3.1 用户提供的个人资料不真实；</li>
						<li>3.3.2 用户违反本协议中规定的使用规则；</li>
						<li>3.3.3 用户在使用收费网络服务时未按规定向Elecom支付相应的服务费。</li>
					</ul>
					
					<p>3.4 如用户注册的免费网络服务的帐号在任何连续180日内未实际使用，或者用户注册的收费网络服务的帐号在其订购的收费网络服务的服务期满之后连续180日内未实际使用，则Elecom有权删除该帐号并停止为该用户提供相关的网络服务。</p>
					
					<h3>四. 社区规则</h3>
					<p>4.1 用户在申请使用Elecom网络服务时，必须向Elecom提供准确的个人资料，如个人资料有任何变动，必须及时更新。</p>
					<p>4.2 用户不应将其帐号、密码转让或出借予他人使用。如用户发现其帐号遭他人非法使用，应立即通知Elecom。因黑客行为或用户的保管疏忽导致帐号、密码遭他人非法使用，Elecom不承担任何责任。</p>
					<p>4.3 用户必须同意接受Elecom通过电子邮件或其他方式向用户发送商品促销或其他相关商业信息。</p>
					<p>4.4 用户对于其创作并通过Elecom网络服务上传到Elecom网站上的内容依法享有版权及其他相关合法权利。</p>
					<p>4.5 用户在使用Elecom网络服务过程中，必须遵循以下原则：</p>
					
					<ul>
						<li>4.5.1 遵守中国有关的法律和法规；</li>
						<li>4.5.2 遵守所有与网络服务有关的网络协议、规定和程序；</li>
						<li>4.5.3 不得为任何非法目的而使用网络服务系统；</li>
						<li>4.5.4 不得利用Elecom网络服务系统进行任何可能对互联网正常运转造成不利影响的行为；</li>
						<li>4.5.5 不得利用Elecom提供的网络服务上传、展示或传播任何虚假的、骚扰性的、中伤他人的、辱骂性的、恐吓性的、庸俗淫秽的或其他任何非法的信息资料；</li>
						<li>4.5.6 不得侵犯其他任何第三方的专利权、著作权、商标权、名誉权或其他任何合法权益；</li>
						<li>4.5.7 不得利用Elecom网络服务系统进行任何不利于Elecom的行为；</li>
						<li>4.5.8 如发现任何非法使用用户帐号或帐号出现安全漏洞的情况，应立即通告Elecom。</li>
					</ul>
					
					<p>4.6 如用户在使用网络服务时违反任何上述规定，Elecom或其授权的人有权要求用户改正或直接采取一切必要的措施（包括但不限于更改或删除用户张贴的内容等、暂停或终止用户使用网络服务的权利）以减轻用户不当行为造成的影响。</p>
					<p>4.7 Elecom针对某些特定的Elecom网络服务的使用通过各种方式（包括但不限于网页公告、电子邮件、短信提醒等）作出的任何声明、通知、警示等内容视为本协议的一部分，用户如使用该等Elecom网络服务，视为用户同意该等声明、通知、警示的内容。</p>
					
					<h3>五. 知识产权</h3>
					<p>5.1 
Elecom提供的网络服务中包含的任何文本、图片、图形、音频和/或视频资料均受版权、商标和/或其它财产所有权法律的保护，未经相关权利人同意，上述资料
均不得在任何媒体直接或间接发布、播放、出于播放或发布目的而改写或再发行，或者被用于其他任何商业目的。所有这些资料或资料的任何部分仅可作为私人和非
商业用途而保存在某台计算机内。Elecom不就由上述资料产生或在传送或递交全部或部分上述资料过程中产生的延误、不准确、错误和遗漏或从中产生或由此产生
的任何损害赔偿，以任何形式，向用户或任何第三方负责。</p>
					<p>5.2 
Elecom为提供网络服务而使用的任何软件（包括但不限于软件中所含的任何图像、照片、动画、录像、录音、音乐、文字和附加程序、随附的帮助材料）的一切权
利均属于该软件的著作权人，未经该软件的著作权人许可，用户不得对该软件进行反向工程（reverse 
engineer）、反向编译（decompile）或反汇编（disassemble）。</p>
					
					<h3>六. 隐私保护</h3>
					<p>6.1 保护用户隐私是Elecom的一项基本政策，Elecom保证不对外公开或向第三方提供单个用户的注册资料及用户在使用网络服务时存储在Elecom的非公开内容，但下列情况除外：</p>



					
					<ul>
						<li>6.1.1 事先获得用户的明确授权；</li>
						<li>6.1.2 根据有关的法律法规要求</li>
						<li>6.1.3 按照相关政府主管部门的要求；</li>
						<li>6.1.4 为维护社会公众的利益；</li>
						<li>6.1.5 为维护Elecom的合法权益。</li>
					</ul>

					<p>6.2 Elecom可能会与第三方合作向用户提供相关的网络服务，在此情况下，如该第三方同意承担与Elecom同等的保护用户隐私的责任，则Elecom有权将用户的注册资料等提供给该第三方</p>
					<p>6.3 在不透露单个用户隐私资料的前提下，Elecom有权对整个用户数据库进行分析并对用户数据库进行商业上的利用。</p>
				</div>
				<div class=\"menu-wrap\" id=\"section-2\">
					<h2 id=\"section-2\"><em>原创保护</em></h2>
					<p>用户在Elecom进行登记注册、上传作品、参与讨论等活动时，经用户同意及确认，本网站将通过注册表格、订单等形式要求用户提供一些个人资料。Elecom收集此类个人身份信息，主要是为保证注册用户能够更容易和更满意地使用本站提供的服务。这些个人资料包括：&#8232;</p>
					
					<ul>
						<li>（1）个人识别资料：如姓名、性别、生日、个人主页、即时通讯、所在地、电子邮件地址等。	</li>
						<li>（2）个人背景： 职业、婚姻、兴趣爱好等。</li>
					</ul>
					
					<p>用户知道，在私人博客网页、公共论坛或其他网上公开场合披露其个人身份信息时，此类信息可能会被他人收集并用来发送垃圾邮件或用于其他用途。</p>
					<p>Elecom对用户所提供的个人资料进行严格的管理及保护，Elecom将使用相应的技术，防止您的个人资料丢失、被盗用或遭篡改。</p>
					<p>Elecom保证不对外公开或向第三方提供单个用户的注册资料及用户在使用网络服务时存储在Elecom的非公开内容，但下列情况除外：</p>
					
					<ul>
						<li>（1）事先获得用户的明确授权；</li>
						<li>（2）根据有关的法律法规要求；</li>
						<li>（3）按照相关政府主管部门的要求；</li>
						<li>（4）为维护社会公众的利益；</li>
						<li>（5）为维护Elecom的合法权益。</li>
						<li>（6）Elecom技术人员的为维护把Elecom入场工作的需要。</li>
					</ul>
					
					<p>Elecom可能会与第三方合作向用户提供相关的网络服务，在此情况下，如该第三方同意承担与Elecom同等的保护用户隐私的责任，则Elecom有权将用户的注册资料等提供给该第三方。</p>
					<p>在不透露单个用户隐私资料的前提下，Elecom有权对整个用户数据库进行分析并对用户数据库进行商业上的利用。</p>
				</div>
				<div class=\"menu-wrap\" id=\"section-3\">
					<h2 id=\"section-3\"><em>联系我们</em></h2>
					<p>今日头条是什么？科技博客么？垂直网站么？社区么？平台么?</p>
                    <p style=\"padding: 3px 0;\"></p>
                    <p>好像都有点，也都不完全。</p>
                    <p style=\"padding: 3px 0;\"></p>
                    <p>有一点是恒定、今后也不会变的，那就是我们一开始做这件事的初衷：提升用户接受商业科技资讯并进行交流的效率。</p>
                    <p style=\"padding: 3px 0;\"></p>
                    <p>为此，热点编辑过去两年多里风里来雨里去，晨晨昏昏。但是，还不够。远远不够。图森破。除了人肉驱动，我们还能玩儿点别的么？为此，我们准备找更多的入伙，如果你愿意跟我们这么一个\"目前\"规模仍不大的团队一起创造点儿什么，经历一家注定将要走远路的公司难能可贵的初创期，那么，赶快加入我们吧。</p>
                    <p style=\"padding: 3px 0;\"></p>
                    <p>热点没有什么？堪与大公司匹敌的薪水。<br>热点有什么？极简的决策流程、可以发挥产品设计想象的极大空间。想到？棒极了？那就做！<br>我们有什么期望与要求？</p>
                    <p style=\"padding: 3px 0;\"></p>
                    <p>以下是各个空缺岗位具体职责与要求，有意者请详阅，并发简历、相应作品及个人阐述至：<br>jobs@toutiao.com</p>
                    <p style=\"padding: 3px 0;\"></p>
                    <p>客服QQ: 2300184378（Wechat）</p>
				</div>
			<nav class=\"about-subnav\"><ul class=\"about-menu\"><li><a class=\"on\" href=\"#section-0\">关于我们</a></li><li><a href=\"#section-1\">法律信息</a></li><li><a href=\"#section-2\">原创保护</a></li><li><a href=\"#section-3\">联系我们</a></li></ul></nav></div><!-- about-content -->
		</div><!-- about-wrap -->
	</div>
	<script type=\"text/javascript\">
	  jQuery(document).ready( function() {
	    jQuery(\".about-content\").jumpto();
	  });
  	</script>]]></item>
					<item id="items"><![CDATA[10]]></item>
				</item>
				<item id="shownum"><![CDATA[10]]></item>
				<item id="cachetime"><![CDATA[0]]></item>
				<item id="cachetimerange"><![CDATA[0,0]]></item>
				<item id="punctualupdate"><![CDATA[0]]></item>
				<item id="hidedisplay"><![CDATA[0]]></item>
				<item id="dateline"><![CDATA[1494491373]]></item>
				<item id="notinherited"><![CDATA[0]]></item>
				<item id="isblank"><![CDATA[0]]></item>
			</item>
		</item>
		<item id="style">
		</item>
	</item>
</root>
