<?xml version="1.0" encoding="ISO-8859-1"?>
<root>
	<item id="spacecss"><![CDATA[]]></item>
	<item id="layoutdata">
		<item id="diy1">
			<item id="frame`frameLkj38K">
				<item id="attr">
					<item id="name"><![CDATA[frameLkj38K]]></item>
					<item id="moveable"><![CDATA[true]]></item>
					<item id="className"><![CDATA[frame move-span cl frame-1]]></item>
					<item id="titles"><![CDATA[]]></item>
				</item>
				<item id="column`frameLkj38K_left">
					<item id="attr">
						<item id="name"><![CDATA[frameLkj38K_left]]></item>
						<item id="className"><![CDATA[column frame-1-c]]></item>
					</item>
					<item id="block`portal_block_2492">
						<item id="attr">
							<item id="name"><![CDATA[portal_block_2492]]></item>
							<item id="className"><![CDATA[block move-span]]></item>
							<item id="titles"><![CDATA[]]></item>
						</item>
					</item>
				</item>
			</item>
		</item>
		<item id="diy2">
			<item id="frame`frameRaPxPZ">
				<item id="attr">
					<item id="name"><![CDATA[frameRaPxPZ]]></item>
					<item id="moveable"><![CDATA[true]]></item>
					<item id="className"><![CDATA[frame move-span cl frame-1]]></item>
					<item id="titles"><![CDATA[]]></item>
				</item>
				<item id="column`frameRaPxPZ_left">
					<item id="attr">
						<item id="name"><![CDATA[frameRaPxPZ_left]]></item>
						<item id="className"><![CDATA[column frame-1-c]]></item>
					</item>
					<item id="block`portal_block_2493">
						<item id="attr">
							<item id="name"><![CDATA[portal_block_2493]]></item>
							<item id="className"><![CDATA[block move-span]]></item>
							<item id="titles"><![CDATA[]]></item>
						</item>
					</item>
				</item>
			</item>
		</item>
		<item id="diy3">
			<item id="frame`framefpV8ov">
				<item id="attr">
					<item id="name"><![CDATA[framefpV8ov]]></item>
					<item id="moveable"><![CDATA[true]]></item>
					<item id="className"><![CDATA[frame move-span cl frame-1]]></item>
					<item id="titles"><![CDATA[]]></item>
				</item>
				<item id="column`framefpV8ov_left">
					<item id="attr">
						<item id="name"><![CDATA[framefpV8ov_left]]></item>
						<item id="className"><![CDATA[column frame-1-c]]></item>
					</item>
					<item id="block`portal_block_2494">
						<item id="attr">
							<item id="name"><![CDATA[portal_block_2494]]></item>
							<item id="className"><![CDATA[block move-span]]></item>
							<item id="titles"><![CDATA[]]></item>
						</item>
					</item>
				</item>
			</item>
		</item>
		<item id="diy5">
			<item id="frame`frameX98zeB">
				<item id="attr">
					<item id="name"><![CDATA[frameX98zeB]]></item>
					<item id="moveable"><![CDATA[true]]></item>
					<item id="className"><![CDATA[frame move-span cl frame-1]]></item>
					<item id="titles"><![CDATA[]]></item>
				</item>
				<item id="column`frameX98zeB_left">
					<item id="attr">
						<item id="name"><![CDATA[frameX98zeB_left]]></item>
						<item id="className"><![CDATA[column frame-1-c]]></item>
					</item>
					<item id="block`portal_block_2495">
						<item id="attr">
							<item id="name"><![CDATA[portal_block_2495]]></item>
							<item id="className"><![CDATA[block move-span]]></item>
							<item id="titles"><![CDATA[]]></item>
						</item>
					</item>
				</item>
			</item>
		</item>
		<item id="diy6">
			<item id="frame`framef1H01m">
				<item id="attr">
					<item id="name"><![CDATA[framef1H01m]]></item>
					<item id="moveable"><![CDATA[true]]></item>
					<item id="className"><![CDATA[frame move-span cl frame-1]]></item>
					<item id="titles"><![CDATA[]]></item>
				</item>
				<item id="column`framef1H01m_left">
					<item id="attr">
						<item id="name"><![CDATA[framef1H01m_left]]></item>
						<item id="className"><![CDATA[column frame-1-c]]></item>
					</item>
					<item id="block`portal_block_2496">
						<item id="attr">
							<item id="name"><![CDATA[portal_block_2496]]></item>
							<item id="className"><![CDATA[block move-span]]></item>
							<item id="titles"><![CDATA[]]></item>
						</item>
					</item>
				</item>
			</item>
		</item>
		<item id="diy8">
			<item id="frame`frameQVbpzb">
				<item id="attr">
					<item id="name"><![CDATA[frameQVbpzb]]></item>
					<item id="moveable"><![CDATA[true]]></item>
					<item id="className"><![CDATA[frame move-span cl frame-1]]></item>
					<item id="titles"><![CDATA[]]></item>
				</item>
				<item id="column`frameQVbpzb_left">
					<item id="attr">
						<item id="name"><![CDATA[frameQVbpzb_left]]></item>
						<item id="className"><![CDATA[column frame-1-c]]></item>
					</item>
					<item id="block`portal_block_2497">
						<item id="attr">
							<item id="name"><![CDATA[portal_block_2497]]></item>
							<item id="className"><![CDATA[block move-span]]></item>
							<item id="titles"><![CDATA[]]></item>
						</item>
					</item>
				</item>
			</item>
		</item>
		<item id="diy9">
			<item id="frame`frameVz1N7M">
				<item id="attr">
					<item id="name"><![CDATA[frameVz1N7M]]></item>
					<item id="moveable"><![CDATA[true]]></item>
					<item id="className"><![CDATA[frame move-span cl frame-1]]></item>
					<item id="titles"><![CDATA[]]></item>
				</item>
				<item id="column`frameVz1N7M_left">
					<item id="attr">
						<item id="name"><![CDATA[frameVz1N7M_left]]></item>
						<item id="className"><![CDATA[column frame-1-c]]></item>
					</item>
					<item id="block`portal_block_2498">
						<item id="attr">
							<item id="name"><![CDATA[portal_block_2498]]></item>
							<item id="className"><![CDATA[block move-span]]></item>
							<item id="titles"><![CDATA[]]></item>
						</item>
					</item>
				</item>
			</item>
		</item>
		<item id="diy10">
			<item id="frame`frameBHYh1a">
				<item id="attr">
					<item id="name"><![CDATA[frameBHYh1a]]></item>
					<item id="moveable"><![CDATA[true]]></item>
					<item id="className"><![CDATA[frame move-span cl frame-1]]></item>
					<item id="titles"><![CDATA[]]></item>
				</item>
				<item id="column`frameBHYh1a_left">
					<item id="attr">
						<item id="name"><![CDATA[frameBHYh1a_left]]></item>
						<item id="className"><![CDATA[column frame-1-c]]></item>
					</item>
					<item id="block`portal_block_2499">
						<item id="attr">
							<item id="name"><![CDATA[portal_block_2499]]></item>
							<item id="className"><![CDATA[block move-span]]></item>
							<item id="titles"><![CDATA[]]></item>
						</item>
					</item>
				</item>
			</item>
		</item>
		<item id="diy_bottom"><![CDATA[]]></item>
	</item>
	<item id="blockdata">
		<item id="block">
			<item id="2492">
				<item id="bid"><![CDATA[2492]]></item>
				<item id="blockclass"><![CDATA[forum_thread]]></item>
				<item id="blocktype"><![CDATA[0]]></item>
				<item id="name"><![CDATA[门户首页幻灯]]></item>
				<item id="title"><![CDATA[]]></item>
				<item id="classname"><![CDATA[]]></item>
				<item id="summary"><![CDATA[]]></item>
				<item id="uid"><![CDATA[1]]></item>
				<item id="username"><![CDATA[admin]]></item>
				<item id="styleid"><![CDATA[0]]></item>
				<item id="blockstyle">
					<item id="name"><![CDATA[]]></item>
					<item id="blockclass"><![CDATA[forum_thread]]></item>
					<item id="makethumb"><![CDATA[1]]></item>
					<item id="getpic"><![CDATA[1]]></item>
					<item id="getsummary"><![CDATA[0]]></item>
					<item id="settarget"><![CDATA[0]]></item>
					<item id="moreurl"><![CDATA[0]]></item>
					<item id="fields">
						<item id="0"><![CDATA[url]]></item>
						<item id="1"><![CDATA[pic]]></item>
					</item>
					<item id="template">
						<item id="raw"><![CDATA[<div class="focusBox cl">
  <ul class="pic cl">
   [loop]
    <li><a href="{url}" target="_blank"><img src="{pic}" width="{picwidth}" height="{picheight}" /></a></li>
   [/loop]
  </ul>
  <a class="prev" href="javascript:void(0)"></a> <a class="next" href="javascript:void(0)"></a>
  <ul class="hd">
    <li></li>
    <li></li>
    <li></li>
    <li></li>
  </ul>
</div>
<script type="text/javascript">
   jQuery(".focusBox").slide({ mainCell:".pic",effect:"left", autoPlay:true, delayTime:300});
</script>]]></item>
						<item id="footer"><![CDATA[]]></item>
						<item id="header"><![CDATA[]]></item>
						<item id="indexplus">
						</item>
						<item id="index">
						</item>
						<item id="orderplus">
						</item>
						<item id="order">
						</item>
						<item id="loopplus">
						</item>
						<item id="loop"><![CDATA[<li><a href="{url}" target="_blank"><img src="{pic}" width="{picwidth}" height="{picheight}" /></a></li>]]></item>
					</item>
					<item id="hash"><![CDATA[36a83881]]></item>
				</item>
				<item id="picwidth"><![CDATA[1123]]></item>
				<item id="picheight"><![CDATA[300]]></item>
				<item id="target"><![CDATA[blank]]></item>
				<item id="dateformat"><![CDATA[Y-m-d]]></item>
				<item id="dateuformat"><![CDATA[0]]></item>
				<item id="script"><![CDATA[thread]]></item>
				<item id="param">
					<item id="tids"><![CDATA[]]></item>
					<item id="uids"><![CDATA[]]></item>
					<item id="keyword"><![CDATA[]]></item>
					<item id="tagkeyword"><![CDATA[]]></item>
					<item id="typeids"><![CDATA[]]></item>
					<item id="recommend"><![CDATA[0]]></item>
					<item id="special">
						<item id="0"><![CDATA[0]]></item>
					</item>
					<item id="viewmod"><![CDATA[0]]></item>
					<item id="rewardstatus"><![CDATA[0]]></item>
					<item id="picrequired"><![CDATA[1]]></item>
					<item id="orderby"><![CDATA[dateline]]></item>
					<item id="postdateline"><![CDATA[0]]></item>
					<item id="lastpost"><![CDATA[0]]></item>
					<item id="highlight"><![CDATA[0]]></item>
					<item id="titlelength"><![CDATA[40]]></item>
					<item id="summarylength"><![CDATA[80]]></item>
					<item id="startrow"><![CDATA[0]]></item>
					<item id="items"><![CDATA[4]]></item>
				</item>
				<item id="shownum"><![CDATA[4]]></item>
				<item id="cachetime"><![CDATA[3600]]></item>
				<item id="cachetimerange"><![CDATA[]]></item>
				<item id="punctualupdate"><![CDATA[0]]></item>
				<item id="hidedisplay"><![CDATA[0]]></item>
				<item id="dateline"><![CDATA[1553070561]]></item>
				<item id="notinherited"><![CDATA[0]]></item>
				<item id="isblank"><![CDATA[0]]></item>
			</item>
			<item id="2493">
				<item id="bid"><![CDATA[2493]]></item>
				<item id="blockclass"><![CDATA[html_html]]></item>
				<item id="blocktype"><![CDATA[0]]></item>
				<item id="name"><![CDATA[ad_list]]></item>
				<item id="title"><![CDATA[]]></item>
				<item id="classname"><![CDATA[]]></item>
				<item id="summary"><![CDATA[<div id="recommend" class="row cl">
  <dl>
    <dd><a href="#" target="_blank"><img src="template/elec_201702_pic/style/a1.jpg" alt=""></a></dd>
    <dd><a href="#" target="_blank"><img src="template/elec_201702_pic/style/a2.jpg" alt=""></a></dd>
    <dd><a href="#" target="_blank"><img src="template/elec_201702_pic/style/a3.jpg" alt=""></a></dd>
    <dd><a href="#" target="_blank"><img src="template/elec_201702_pic/style/a4.jpg" alt=""></a></dd>
    <dd><a href="#" target="_blank"><img src="template/elec_201702_pic/style/a5.jpg" alt=""></a></dd>
  </dl>
</div>]]></item>
				<item id="uid"><![CDATA[1]]></item>
				<item id="username"><![CDATA[admin]]></item>
				<item id="styleid"><![CDATA[0]]></item>
				<item id="blockstyle"><![CDATA[]]></item>
				<item id="picwidth"><![CDATA[0]]></item>
				<item id="picheight"><![CDATA[0]]></item>
				<item id="target"><![CDATA[blank]]></item>
				<item id="dateformat"><![CDATA[Y-m-d]]></item>
				<item id="dateuformat"><![CDATA[0]]></item>
				<item id="script"><![CDATA[blank]]></item>
				<item id="param">
					<item id="content"><![CDATA[<div id=\"recommend\" class=\"row cl\">
  <dl>
    <dd><a href=\"#\" target=\"_blank\"><img src=\"template/elec_201702_pic/style/a1.jpg\" alt=\"\"></a></dd>
    <dd><a href=\"#\" target=\"_blank\"><img src=\"template/elec_201702_pic/style/a2.jpg\" alt=\"\"></a></dd>
    <dd><a href=\"#\" target=\"_blank\"><img src=\"template/elec_201702_pic/style/a3.jpg\" alt=\"\"></a></dd>
    <dd><a href=\"#\" target=\"_blank\"><img src=\"template/elec_201702_pic/style/a4.jpg\" alt=\"\"></a></dd>
    <dd><a href=\"#\" target=\"_blank\"><img src=\"template/elec_201702_pic/style/a5.jpg\" alt=\"\"></a></dd>
  </dl>
</div>]]></item>
					<item id="items"><![CDATA[10]]></item>
				</item>
				<item id="shownum"><![CDATA[10]]></item>
				<item id="cachetime"><![CDATA[3600]]></item>
				<item id="cachetimerange"><![CDATA[]]></item>
				<item id="punctualupdate"><![CDATA[0]]></item>
				<item id="hidedisplay"><![CDATA[0]]></item>
				<item id="dateline"><![CDATA[1553070455]]></item>
				<item id="notinherited"><![CDATA[0]]></item>
				<item id="isblank"><![CDATA[0]]></item>
			</item>
			<item id="2494">
				<item id="bid"><![CDATA[2494]]></item>
				<item id="blockclass"><![CDATA[html_html]]></item>
				<item id="blocktype"><![CDATA[0]]></item>
				<item id="name"><![CDATA[热门标签]]></item>
				<item id="title"><![CDATA[]]></item>
				<item id="classname"><![CDATA[]]></item>
				<item id="summary"><![CDATA[<div class="index_breadcrumb">
   <h3>热门标签<span></span></h3>
</div>
<div class="taglist">
   <div class="con cl"> 
   <a href="#" class="tag-link-102 tag-link-position-1" title="351个话题" style="font-size: 12pt;">Textures</a> 
   <a href="#" class="tag-link-198 tag-link-position-2" title="407个话题" style="font-size: 12pt;">eps</a>
   <a href="#" class="tag-link-510 tag-link-position-3" title="1,021个话题" style="font-size: 12pt;">psd</a> 
   <a href="#" class="tag-link-103 tag-link-position-4" title="309个话题" style="font-size: 12pt;">Grunge</a> 
   <a href="#" class="tag-link-121 tag-link-position-5" title="568个话题" style="font-size: 12pt;">卡通</a> 
   <a href="#" class="tag-link-50 tag-link-position-6" title="428个话题" style="font-size: 12pt;">可爱</a> 
   <a href="#" class="tag-link-10 tag-link-position-7" title="725个话题" style="font-size: 12pt;">复古</a> 
   <a href="#" class="tag-link-55 tag-link-position-8" title="463个话题" style="font-size: 12pt;">手绘</a> 
   <a href="#" class="tag-link-84 tag-link-position-9" title="606个话题" style="font-size: 12pt;">水彩</a> 
   <a href="#" class="tag-link-123 tag-link-position-10" title="745个话题" style="font-size: 12pt;">海报</a> 
   <a href="#" class="tag-link-54 tag-link-position-11" title="296个话题" style="font-size: 12pt;">爱心</a> 
   <a href="#" class="tag-link-101 tag-link-position-12" title="1,299个话题" style="font-size: 12pt;">矢量</a> 
   <a href="#" class="tag-link-88 tag-link-position-13" title="355个话题" style="font-size: 12pt;">纹理</a> 
   <a href="#" class="tag-link-265 tag-link-position-14" title="566个话题" style="font-size: 12pt;">背景</a> 
   <a href="#" class="tag-link-143 tag-link-position-15" title="362个话题" style="font-size: 12pt;">花</a> 
   <a href="#" class="tag-link-137 tag-link-position-16" title="351个话题" style="font-size: 12pt;">花朵</a> 
   <a href="#" class="tag-link-78 tag-link-position-17" title="326个话题" style="font-size: 12pt;">花纹</a> 
   <a href="#" class="tag-link-877 tag-link-position-18" title="562个话题" style="font-size: 12pt;">英文字体</a> 
   <a href="#" class="tag-link-641 tag-link-position-19" title="550个话题" style="font-size: 12pt;">高清</a> 
   <a href="#" class="tag-link-859 tag-link-position-20" title="734个话题" style="font-size: 12pt;">高清图片</a></div>
</div>]]></item>
				<item id="uid"><![CDATA[1]]></item>
				<item id="username"><![CDATA[admin]]></item>
				<item id="styleid"><![CDATA[0]]></item>
				<item id="blockstyle"><![CDATA[]]></item>
				<item id="picwidth"><![CDATA[0]]></item>
				<item id="picheight"><![CDATA[0]]></item>
				<item id="target"><![CDATA[blank]]></item>
				<item id="dateformat"><![CDATA[Y-m-d]]></item>
				<item id="dateuformat"><![CDATA[0]]></item>
				<item id="script"><![CDATA[blank]]></item>
				<item id="param">
					<item id="content"><![CDATA[<div class=\"index_breadcrumb\">
   <h3>热门标签<span></span></h3>
</div>
<div class=\"taglist\">
   <div class=\"con cl\"> 
   <a href=\"#\" class=\"tag-link-102 tag-link-position-1\" title=\"351个话题\" style=\"font-size: 12pt;\">Textures</a> 
   <a href=\"#\" class=\"tag-link-198 tag-link-position-2\" title=\"407个话题\" style=\"font-size: 12pt;\">eps</a>
   <a href=\"#\" class=\"tag-link-510 tag-link-position-3\" title=\"1,021个话题\" style=\"font-size: 12pt;\">psd</a> 
   <a href=\"#\" class=\"tag-link-103 tag-link-position-4\" title=\"309个话题\" style=\"font-size: 12pt;\">Grunge</a> 
   <a href=\"#\" class=\"tag-link-121 tag-link-position-5\" title=\"568个话题\" style=\"font-size: 12pt;\">卡通</a> 
   <a href=\"#\" class=\"tag-link-50 tag-link-position-6\" title=\"428个话题\" style=\"font-size: 12pt;\">可爱</a> 
   <a href=\"#\" class=\"tag-link-10 tag-link-position-7\" title=\"725个话题\" style=\"font-size: 12pt;\">复古</a> 
   <a href=\"#\" class=\"tag-link-55 tag-link-position-8\" title=\"463个话题\" style=\"font-size: 12pt;\">手绘</a> 
   <a href=\"#\" class=\"tag-link-84 tag-link-position-9\" title=\"606个话题\" style=\"font-size: 12pt;\">水彩</a> 
   <a href=\"#\" class=\"tag-link-123 tag-link-position-10\" title=\"745个话题\" style=\"font-size: 12pt;\">海报</a> 
   <a href=\"#\" class=\"tag-link-54 tag-link-position-11\" title=\"296个话题\" style=\"font-size: 12pt;\">爱心</a> 
   <a href=\"#\" class=\"tag-link-101 tag-link-position-12\" title=\"1,299个话题\" style=\"font-size: 12pt;\">矢量</a> 
   <a href=\"#\" class=\"tag-link-88 tag-link-position-13\" title=\"355个话题\" style=\"font-size: 12pt;\">纹理</a> 
   <a href=\"#\" class=\"tag-link-265 tag-link-position-14\" title=\"566个话题\" style=\"font-size: 12pt;\">背景</a> 
   <a href=\"#\" class=\"tag-link-143 tag-link-position-15\" title=\"362个话题\" style=\"font-size: 12pt;\">花</a> 
   <a href=\"#\" class=\"tag-link-137 tag-link-position-16\" title=\"351个话题\" style=\"font-size: 12pt;\">花朵</a> 
   <a href=\"#\" class=\"tag-link-78 tag-link-position-17\" title=\"326个话题\" style=\"font-size: 12pt;\">花纹</a> 
   <a href=\"#\" class=\"tag-link-877 tag-link-position-18\" title=\"562个话题\" style=\"font-size: 12pt;\">英文字体</a> 
   <a href=\"#\" class=\"tag-link-641 tag-link-position-19\" title=\"550个话题\" style=\"font-size: 12pt;\">高清</a> 
   <a href=\"#\" class=\"tag-link-859 tag-link-position-20\" title=\"734个话题\" style=\"font-size: 12pt;\">高清图片</a></div>
</div>]]></item>
					<item id="items"><![CDATA[10]]></item>
				</item>
				<item id="shownum"><![CDATA[10]]></item>
				<item id="cachetime"><![CDATA[0]]></item>
				<item id="cachetimerange"><![CDATA[0,0]]></item>
				<item id="punctualupdate"><![CDATA[0]]></item>
				<item id="hidedisplay"><![CDATA[0]]></item>
				<item id="dateline"><![CDATA[1498531192]]></item>
				<item id="notinherited"><![CDATA[0]]></item>
				<item id="isblank"><![CDATA[0]]></item>
			</item>
			<item id="2495">
				<item id="bid"><![CDATA[2495]]></item>
				<item id="blockclass"><![CDATA[html_html]]></item>
				<item id="blocktype"><![CDATA[0]]></item>
				<item id="name"><![CDATA[关注我们]]></item>
				<item id="title"><![CDATA[]]></item>
				<item id="classname"><![CDATA[]]></item>
				<item id="summary"><![CDATA[<div class="index_breadcrumb">
  <h3>关注我们<span>PS现代周边</span></h3>
</div>
<div class="ours">
  <div class="con cl">
    <ul>
      <li><a href="#" target="_blank" title="饭团微博">饭团微博</a></li>
      <li><a href="#" target="_blank" title="饭团导航">饭团导航</a></li>
      <li><a href="#" target="_blank" title="饭团花瓣">饭团花瓣</a></li>
      <li><a href="#" target="_blank" title="饭团截图社">饭团截图社</a></li>
    </ul>
  </div>
</div>]]></item>
				<item id="uid"><![CDATA[1]]></item>
				<item id="username"><![CDATA[admin]]></item>
				<item id="styleid"><![CDATA[0]]></item>
				<item id="blockstyle"><![CDATA[]]></item>
				<item id="picwidth"><![CDATA[0]]></item>
				<item id="picheight"><![CDATA[0]]></item>
				<item id="target"><![CDATA[blank]]></item>
				<item id="dateformat"><![CDATA[Y-m-d]]></item>
				<item id="dateuformat"><![CDATA[0]]></item>
				<item id="script"><![CDATA[blank]]></item>
				<item id="param">
					<item id="content"><![CDATA[<div class=\"index_breadcrumb\">
  <h3>关注我们<span>PS现代周边</span></h3>
</div>
<div class=\"ours\">
  <div class=\"con cl\">
    <ul>
      <li><a href=\"#\" target=\"_blank\" title=\"饭团微博\">饭团微博</a></li>
      <li><a href=\"#\" target=\"_blank\" title=\"饭团导航\">饭团导航</a></li>
      <li><a href=\"#\" target=\"_blank\" title=\"饭团花瓣\">饭团花瓣</a></li>
      <li><a href=\"#\" target=\"_blank\" title=\"饭团截图社\">饭团截图社</a></li>
    </ul>
  </div>
</div>]]></item>
					<item id="items"><![CDATA[10]]></item>
				</item>
				<item id="shownum"><![CDATA[10]]></item>
				<item id="cachetime"><![CDATA[0]]></item>
				<item id="cachetimerange"><![CDATA[0,0]]></item>
				<item id="punctualupdate"><![CDATA[0]]></item>
				<item id="hidedisplay"><![CDATA[0]]></item>
				<item id="dateline"><![CDATA[1498463826]]></item>
				<item id="notinherited"><![CDATA[0]]></item>
				<item id="isblank"><![CDATA[0]]></item>
			</item>
			<item id="2496">
				<item id="bid"><![CDATA[2496]]></item>
				<item id="blockclass"><![CDATA[forum_thread]]></item>
				<item id="blocktype"><![CDATA[0]]></item>
				<item id="name"><![CDATA[门户首页帖子列表]]></item>
				<item id="title"><![CDATA[]]></item>
				<item id="classname"><![CDATA[]]></item>
				<item id="summary"><![CDATA[]]></item>
				<item id="uid"><![CDATA[1]]></item>
				<item id="username"><![CDATA[admin]]></item>
				<item id="styleid"><![CDATA[0]]></item>
				<item id="blockstyle">
					<item id="name"><![CDATA[]]></item>
					<item id="blockclass"><![CDATA[forum_thread]]></item>
					<item id="makethumb"><![CDATA[1]]></item>
					<item id="getpic"><![CDATA[1]]></item>
					<item id="getsummary"><![CDATA[0]]></item>
					<item id="settarget"><![CDATA[0]]></item>
					<item id="moreurl"><![CDATA[0]]></item>
					<item id="fields">
						<item id="0"><![CDATA[url]]></item>
						<item id="1"><![CDATA[title]]></item>
						<item id="2"><![CDATA[pic]]></item>
						<item id="3"><![CDATA[dateline]]></item>
						<item id="4"><![CDATA[forumurl]]></item>
						<item id="5"><![CDATA[forumname]]></item>
						<item id="6"><![CDATA[views]]></item>
					</item>
					<item id="template">
						<item id="raw"><![CDATA[<div class="index_breadcrumb cl">
  <h3 class="fl1">最近更新</h3>
<img src="template/elec_201702_pic/style/notice.png" style="float: left; margin: 2px 30px 0 10px;">
	<div class="m_wnews" style="margin:0 auto">
		<div id="miniNewsRegion">
				<div>
					欢迎大家来到自由素材网！
				</div>
				<div>
					2019金猪年，继续为大家带来更多好用素材！
				</div>
		</div>
	</div>

	<script type="text/javascript">
	jQuery(".m_wnews").slide({ mainCell:"#miniNewsRegion", effect:"topLoop", autoPlay:true});
	</script>
</div>
<div class="index_post_loop cl">
  <dl class="ui_list cl" id="itemContainer">
   [loop]
    <dd> <a href="{url}" class="thumb" title="{title}" target="_blank"> <img src="{pic}" alt="{title}" width="{picwidth}" height="{picheight}" />
      <p class="show"> <span class="time"> <i class="fa fa-calendar-minus-o"></i> {dateline} </span><i class="fa fa-plus-circle icon"></i></p>
      </a>
      <h2 class="tits"><a href="{url}">{title}</a></h2>
      <div class="info cl">
        <div class="cate fl1"><i class="fa fa-folder-o"></i> <a href="{forumurl}" rel="category tag">{forumname}</a></div>
        <div class="like fr"><i class="fa fa-heart-o" title="围观"></i><a href="javascript:void(0)" class="jm-post-like" data-post_id="54528" title="">{views} </a><span class="jm-load"></span></div>
      </div>
    </dd>
   [/loop]
  </dl>
  <div id="holder" class="holder cl"></div>
</div>
<script type="text/javascript">
jQuery.noConflict();
jQuery(function(){
        //首先将#back-to-top隐藏
        jQuery("#holder").hide();
        //当滚动条的位置处于距顶部100像素以下时，跳转链接出现，否则消失
        jQuery(function () {
            jQuery(window).scroll(function(){
                if (jQuery(window).scrollTop()>100){
                    jQuery("#holder").fadeIn();
                }
                else
                {
                    jQuery("#holder").fadeOut();
                }
            });
            //当点击跳转链接后，回到页面顶部位置
            jQuery("#holder").click(function(){
                jQuery('body,html').animate({scrollTop:0},500);
                return false;
            });
        });
    }); 
</script>]]></item>
						<item id="footer"><![CDATA[]]></item>
						<item id="header"><![CDATA[]]></item>
						<item id="indexplus">
						</item>
						<item id="index">
						</item>
						<item id="orderplus">
						</item>
						<item id="order">
						</item>
						<item id="loopplus">
						</item>
						<item id="loop"><![CDATA[<dd> <a href="{url}" class="thumb" title="{title}" target="_blank"> <img src="{pic}" alt="{title}" width="{picwidth}" height="{picheight}" />
      <p class="show"> <span class="time"> <i class="fa fa-calendar-minus-o"></i> {dateline} </span><i class="fa fa-plus-circle icon"></i></p>
      </a>
      <h2 class="tits"><a href="{url}">{title}</a></h2>
      <div class="info cl">
        <div class="cate fl1"><i class="fa fa-folder-o"></i> <a href="{forumurl}" rel="category tag">{forumname}</a></div>
        <div class="like fr"><i class="fa fa-heart-o" title="围观"></i><a href="javascript:void(0)" class="jm-post-like" data-post_id="54528" title="">{views} </a><span class="jm-load"></span></div>
      </div>
    </dd>]]></item>
					</item>
					<item id="hash"><![CDATA[315e1229]]></item>
				</item>
				<item id="picwidth"><![CDATA[250]]></item>
				<item id="picheight"><![CDATA[200]]></item>
				<item id="target"><![CDATA[blank]]></item>
				<item id="dateformat"><![CDATA[Y-m-d]]></item>
				<item id="dateuformat"><![CDATA[0]]></item>
				<item id="script"><![CDATA[thread]]></item>
				<item id="param">
					<item id="tids"><![CDATA[]]></item>
					<item id="uids"><![CDATA[]]></item>
					<item id="keyword"><![CDATA[]]></item>
					<item id="tagkeyword"><![CDATA[]]></item>
					<item id="typeids"><![CDATA[]]></item>
					<item id="recommend"><![CDATA[0]]></item>
					<item id="special">
						<item id="0"><![CDATA[0]]></item>
					</item>
					<item id="viewmod"><![CDATA[0]]></item>
					<item id="rewardstatus"><![CDATA[0]]></item>
					<item id="picrequired"><![CDATA[1]]></item>
					<item id="orderby"><![CDATA[dateline]]></item>
					<item id="postdateline"><![CDATA[0]]></item>
					<item id="lastpost"><![CDATA[0]]></item>
					<item id="highlight"><![CDATA[0]]></item>
					<item id="titlelength"><![CDATA[40]]></item>
					<item id="summarylength"><![CDATA[80]]></item>
					<item id="startrow"><![CDATA[0]]></item>
					<item id="items"><![CDATA[160]]></item>
				</item>
				<item id="shownum"><![CDATA[160]]></item>
				<item id="cachetime"><![CDATA[3600]]></item>
				<item id="cachetimerange"><![CDATA[]]></item>
				<item id="punctualupdate"><![CDATA[0]]></item>
				<item id="hidedisplay"><![CDATA[0]]></item>
				<item id="dateline"><![CDATA[1553071197]]></item>
				<item id="notinherited"><![CDATA[0]]></item>
				<item id="isblank"><![CDATA[0]]></item>
			</item>
			<item id="2497">
				<item id="bid"><![CDATA[2497]]></item>
				<item id="blockclass"><![CDATA[html_html]]></item>
				<item id="blocktype"><![CDATA[0]]></item>
				<item id="name"><![CDATA[ad_middle]]></item>
				<item id="title"><![CDATA[]]></item>
				<item id="classname"><![CDATA[]]></item>
				<item id="summary"><![CDATA[<div id="hello_top" class="row cl">
    <ul class="cl">
      <li><a href="#" target="_blank"><img src="template/elec_201702_pic/style/ad/1.jpg" alt="mini手作"></a></li>
      <li><a href="#" target="_blank"><img src="template/elec_201702_pic/style/ad/2.jpg" alt=""></a></li>
      <li><a href="#" target="_blank"><img src="template/elec_201702_pic/style/ad/3.jpg" alt="art"></a></li>
      <li><a href="#" target="_blank"><img src="template/elec_201702_pic/style/ad/4.jpg" alt=""></a></li>
      <li><a href="#" target="_blank"><img src="template/elec_201702_pic/style/ad/5.gif" alt=""></a></li>
      <li><a href="#" target="_blank"><img src="template/elec_201702_pic/style/ad/zhaozu.jpg" alt=""></a></li>
      <li><a href="#" target="_blank"><img src="template/elec_201702_pic/style/ad/zhaozu.jpg" alt=""></a></li>
      <li><a href="#" target="_blank"><img src="template/elec_201702_pic/style/ad/zhaozu.jpg" alt=""></a></li>
    </ul>
</div>]]></item>
				<item id="uid"><![CDATA[1]]></item>
				<item id="username"><![CDATA[admin]]></item>
				<item id="styleid"><![CDATA[0]]></item>
				<item id="blockstyle"><![CDATA[]]></item>
				<item id="picwidth"><![CDATA[0]]></item>
				<item id="picheight"><![CDATA[0]]></item>
				<item id="target"><![CDATA[blank]]></item>
				<item id="dateformat"><![CDATA[Y-m-d]]></item>
				<item id="dateuformat"><![CDATA[0]]></item>
				<item id="script"><![CDATA[blank]]></item>
				<item id="param">
					<item id="content"><![CDATA[<div id=\"hello_top\" class=\"row cl\">
    <ul class=\"cl\">
      <li><a href=\"#\" target=\"_blank\"><img src=\"template/elec_201702_pic/style/ad/1.jpg\" alt=\"mini手作\"></a></li>
      <li><a href=\"#\" target=\"_blank\"><img src=\"template/elec_201702_pic/style/ad/2.jpg\" alt=\"\"></a></li>
      <li><a href=\"#\" target=\"_blank\"><img src=\"template/elec_201702_pic/style/ad/3.jpg\" alt=\"art\"></a></li>
      <li><a href=\"#\" target=\"_blank\"><img src=\"template/elec_201702_pic/style/ad/4.jpg\" alt=\"\"></a></li>
      <li><a href=\"#\" target=\"_blank\"><img src=\"template/elec_201702_pic/style/ad/5.gif\" alt=\"\"></a></li>
      <li><a href=\"#\" target=\"_blank\"><img src=\"template/elec_201702_pic/style/ad/zhaozu.jpg\" alt=\"\"></a></li>
      <li><a href=\"#\" target=\"_blank\"><img src=\"template/elec_201702_pic/style/ad/zhaozu.jpg\" alt=\"\"></a></li>
      <li><a href=\"#\" target=\"_blank\"><img src=\"template/elec_201702_pic/style/ad/zhaozu.jpg\" alt=\"\"></a></li>
    </ul>
</div>]]></item>
					<item id="items"><![CDATA[10]]></item>
				</item>
				<item id="shownum"><![CDATA[10]]></item>
				<item id="cachetime"><![CDATA[3600]]></item>
				<item id="cachetimerange"><![CDATA[]]></item>
				<item id="punctualupdate"><![CDATA[0]]></item>
				<item id="hidedisplay"><![CDATA[0]]></item>
				<item id="dateline"><![CDATA[1553071024]]></item>
				<item id="notinherited"><![CDATA[0]]></item>
				<item id="isblank"><![CDATA[0]]></item>
			</item>
			<item id="2498">
				<item id="bid"><![CDATA[2498]]></item>
				<item id="blockclass"><![CDATA[forum_thread]]></item>
				<item id="blocktype"><![CDATA[0]]></item>
				<item id="name"><![CDATA[喜欢排行榜]]></item>
				<item id="title"><![CDATA[]]></item>
				<item id="classname"><![CDATA[]]></item>
				<item id="summary"><![CDATA[]]></item>
				<item id="uid"><![CDATA[1]]></item>
				<item id="username"><![CDATA[admin]]></item>
				<item id="styleid"><![CDATA[0]]></item>
				<item id="blockstyle">
					<item id="name"><![CDATA[]]></item>
					<item id="blockclass"><![CDATA[forum_thread]]></item>
					<item id="makethumb"><![CDATA[1]]></item>
					<item id="getpic"><![CDATA[1]]></item>
					<item id="getsummary"><![CDATA[0]]></item>
					<item id="settarget"><![CDATA[0]]></item>
					<item id="moreurl"><![CDATA[0]]></item>
					<item id="fields">
						<item id="0"><![CDATA[url]]></item>
						<item id="1"><![CDATA[title]]></item>
						<item id="2"><![CDATA[pic]]></item>
						<item id="3"><![CDATA[forumurl]]></item>
						<item id="4"><![CDATA[forumname]]></item>
						<item id="5"><![CDATA[views]]></item>
					</item>
					<item id="template">
						<item id="raw"><![CDATA[<div class="index_breadcrumb">
  <h3>喜欢排行榜<span>（30天内）</span></h3>
</div>
<div class="thumblist">
  <ul>
   [index=1]
    <li>
      <div class="thumb"> <a href="{url}" title="{title}"><img src="{pic}" alt="{title}" width="{picwidth}" height="{picheight}" /></a></div>
      <div class="rankinfo"> <em>1</em><a href="{url}" title="{title}">{title}</a>
        <p><div class="z" style="padding-right: 8px;"><i class="fa fa-folder-o"></i><a href="{forumurl}" rel="category tag">{forumname}</a></div><div class="z"><i class="fa fa-heart-o"></i>{views}</div></p>
      </div>
    </li>
   [/index]
   [index=2]
    <li>
      <div class="thumb"> <a href="{url}" title="{title}"><img src="{pic}" alt="{title}" width="{picwidth}" height="{picheight}" /></a></div>
      <div class="rankinfo"> <em>2</em><a href="{url}" title="{title}">{title}</a>
        <p><div class="z" style="padding-right: 8px;"><i class="fa fa-folder-o"></i><a href="{forumurl}" rel="category tag">{forumname}</a></div><div class="z"><i class="fa fa-heart-o"></i>{views}</div></p>
      </div>
    </li>
   [/index]
   [index=3]
    <li>
      <div class="thumb"> <a href="{url}" title="{title}"><img src="{pic}" alt="{title}" width="{picwidth}" height="{picheight}" /></a></div>
      <div class="rankinfo"> <em>3</em><a href="{url}" title="{title}">{title}</a>
        <p><div class="z" style="padding-right: 8px;"><i class="fa fa-folder-o"></i><a href="{forumurl}" rel="category tag">{forumname}</a></div><div class="z"><i class="fa fa-heart-o"></i>{views}</div></p>
      </div>
    </li>
   [/index]
   [index=4]
    <li>
      <div class="thumb"> <a href="{url}" title="{title}"><img src="{pic}" alt="{title}" width="{picwidth}" height="{picheight}" /></a></div>
      <div class="rankinfo"> <em>4</em><a href="{url}" title="{title}">{title}</a>
        <p><div class="z" style="padding-right: 8px;"><i class="fa fa-folder-o"></i><a href="{forumurl}" rel="category tag">{forumname}</a></div><div class="z"><i class="fa fa-heart-o"></i>{views}</div></p>
      </div>
    </li>
   [/index]
   [index=5]
    <li>
      <div class="thumb"> <a href="{url}" title="{title}"><img src="{pic}" alt="{title}" width="{picwidth}" height="{picheight}" /></a></div>
      <div class="rankinfo"> <em>5</em><a href="{url}" title="{title}">{title}</a>
        <p><div class="z" style="padding-right: 8px;"><i class="fa fa-folder-o"></i><a href="{forumurl}" rel="category tag">{forumname}</a></div><div class="z"><i class="fa fa-heart-o"></i>{views}</div></p>
      </div>
    </li>
   [/index]
  </ul>
</div>]]></item>
						<item id="footer"><![CDATA[]]></item>
						<item id="header"><![CDATA[]]></item>
						<item id="indexplus"><![CDATA[
						]]></item>
						<item id="index">
							<item id="1"><![CDATA[<li>
      <div class="thumb"> <a href="{url}" title="{title}"><img src="{pic}" alt="{title}" width="{picwidth}" height="{picheight}" /></a></div>
      <div class="rankinfo"> <em>1</em><a href="{url}" title="{title}">{title}</a>
        <p><div class="z" style="padding-right: 8px;"><i class="fa fa-folder-o"></i><a href="{forumurl}" rel="category tag">{forumname}</a></div><div class="z"><i class="fa fa-heart-o"></i>{views}</div></p>
      </div>
    </li>]]></item>
							<item id="2"><![CDATA[<li>
      <div class="thumb"> <a href="{url}" title="{title}"><img src="{pic}" alt="{title}" width="{picwidth}" height="{picheight}" /></a></div>
      <div class="rankinfo"> <em>2</em><a href="{url}" title="{title}">{title}</a>
        <p><div class="z" style="padding-right: 8px;"><i class="fa fa-folder-o"></i><a href="{forumurl}" rel="category tag">{forumname}</a></div><div class="z"><i class="fa fa-heart-o"></i>{views}</div></p>
      </div>
    </li>]]></item>
							<item id="3"><![CDATA[<li>
      <div class="thumb"> <a href="{url}" title="{title}"><img src="{pic}" alt="{title}" width="{picwidth}" height="{picheight}" /></a></div>
      <div class="rankinfo"> <em>3</em><a href="{url}" title="{title}">{title}</a>
        <p><div class="z" style="padding-right: 8px;"><i class="fa fa-folder-o"></i><a href="{forumurl}" rel="category tag">{forumname}</a></div><div class="z"><i class="fa fa-heart-o"></i>{views}</div></p>
      </div>
    </li>]]></item>
							<item id="4"><![CDATA[<li>
      <div class="thumb"> <a href="{url}" title="{title}"><img src="{pic}" alt="{title}" width="{picwidth}" height="{picheight}" /></a></div>
      <div class="rankinfo"> <em>4</em><a href="{url}" title="{title}">{title}</a>
        <p><div class="z" style="padding-right: 8px;"><i class="fa fa-folder-o"></i><a href="{forumurl}" rel="category tag">{forumname}</a></div><div class="z"><i class="fa fa-heart-o"></i>{views}</div></p>
      </div>
    </li>]]></item>
							<item id="5"><![CDATA[<li>
      <div class="thumb"> <a href="{url}" title="{title}"><img src="{pic}" alt="{title}" width="{picwidth}" height="{picheight}" /></a></div>
      <div class="rankinfo"> <em>5</em><a href="{url}" title="{title}">{title}</a>
        <p><div class="z" style="padding-right: 8px;"><i class="fa fa-folder-o"></i><a href="{forumurl}" rel="category tag">{forumname}</a></div><div class="z"><i class="fa fa-heart-o"></i>{views}</div></p>
      </div>
    </li>]]></item>
						</item>
						<item id="orderplus"><![CDATA[
						]]></item>
						<item id="order"><![CDATA[
						]]></item>
						<item id="loopplus"><![CDATA[
						]]></item>
						<item id="loop"><![CDATA[
						]]></item>
					</item>
					<item id="hash"><![CDATA[96f2e69f]]></item>
				</item>
				<item id="picwidth"><![CDATA[80]]></item>
				<item id="picheight"><![CDATA[80]]></item>
				<item id="target"><![CDATA[blank]]></item>
				<item id="dateformat"><![CDATA[Y-m-d]]></item>
				<item id="dateuformat"><![CDATA[0]]></item>
				<item id="script"><![CDATA[thread]]></item>
				<item id="param">
					<item id="tids"><![CDATA[]]></item>
					<item id="uids"><![CDATA[]]></item>
					<item id="keyword"><![CDATA[]]></item>
					<item id="tagkeyword"><![CDATA[]]></item>
					<item id="typeids"><![CDATA[]]></item>
					<item id="recommend"><![CDATA[0]]></item>
					<item id="special">
						<item id="0"><![CDATA[0]]></item>
					</item>
					<item id="viewmod"><![CDATA[0]]></item>
					<item id="rewardstatus"><![CDATA[0]]></item>
					<item id="picrequired"><![CDATA[1]]></item>
					<item id="orderby"><![CDATA[lastpost]]></item>
					<item id="postdateline"><![CDATA[0]]></item>
					<item id="lastpost"><![CDATA[0]]></item>
					<item id="highlight"><![CDATA[0]]></item>
					<item id="titlelength"><![CDATA[40]]></item>
					<item id="summarylength"><![CDATA[80]]></item>
					<item id="startrow"><![CDATA[0]]></item>
					<item id="items"><![CDATA[5]]></item>
				</item>
				<item id="shownum"><![CDATA[5]]></item>
				<item id="cachetime"><![CDATA[3600]]></item>
				<item id="cachetimerange"><![CDATA[]]></item>
				<item id="punctualupdate"><![CDATA[0]]></item>
				<item id="hidedisplay"><![CDATA[0]]></item>
				<item id="dateline"><![CDATA[1553070901]]></item>
				<item id="notinherited"><![CDATA[0]]></item>
				<item id="isblank"><![CDATA[0]]></item>
			</item>
			<item id="2499">
				<item id="bid"><![CDATA[2499]]></item>
				<item id="blockclass"><![CDATA[forum_thread]]></item>
				<item id="blocktype"><![CDATA[0]]></item>
				<item id="name"><![CDATA[关注排行榜]]></item>
				<item id="title"><![CDATA[]]></item>
				<item id="classname"><![CDATA[]]></item>
				<item id="summary"><![CDATA[]]></item>
				<item id="uid"><![CDATA[1]]></item>
				<item id="username"><![CDATA[admin]]></item>
				<item id="styleid"><![CDATA[0]]></item>
				<item id="blockstyle">
					<item id="name"><![CDATA[]]></item>
					<item id="blockclass"><![CDATA[forum_thread]]></item>
					<item id="makethumb"><![CDATA[1]]></item>
					<item id="getpic"><![CDATA[1]]></item>
					<item id="getsummary"><![CDATA[0]]></item>
					<item id="settarget"><![CDATA[0]]></item>
					<item id="moreurl"><![CDATA[0]]></item>
					<item id="fields">
						<item id="0"><![CDATA[url]]></item>
						<item id="1"><![CDATA[title]]></item>
						<item id="2"><![CDATA[pic]]></item>
						<item id="3"><![CDATA[forumurl]]></item>
						<item id="4"><![CDATA[forumname]]></item>
						<item id="5"><![CDATA[views]]></item>
					</item>
					<item id="template">
						<item id="raw"><![CDATA[<div class="index_breadcrumb">
  <h3>关注排行榜<span>（30天内）</span></h3>
</div>
<div class="thumblist">
  <ul>
   [index=1]
    <li>
      <div class="thumb"> <a href="{url}" title="{title}"><img src="{pic}" alt="{title}" width="{picwidth}" height="{picheight}" /></a></div>
      <div class="rankinfo"> <em>1</em><a href="{url}" title="{title}">{title}</a>
        <p><div class="z" style="padding-right: 8px;"><i class="fa fa-folder-o"></i><a href="{forumurl}" rel="category tag">{forumname}</a></div><div class="z"><i class="fa fa-heart-o"></i>{views}</div></p>
      </div>
    </li>
   [/index]
   [index=2]
    <li>
      <div class="thumb"> <a href="{url}" title="{title}"><img src="{pic}" alt="{title}" width="{picwidth}" height="{picheight}" /></a></div>
      <div class="rankinfo"> <em>2</em><a href="{url}" title="{title}">{title}</a>
        <p><div class="z" style="padding-right: 8px;"><i class="fa fa-folder-o"></i><a href="{forumurl}" rel="category tag">{forumname}</a></div><div class="z"><i class="fa fa-heart-o"></i>{views}</div></p>
      </div>
    </li>
   [/index]
   [index=3]
    <li>
      <div class="thumb"> <a href="{url}" title="{title}"><img src="{pic}" alt="{title}" width="{picwidth}" height="{picheight}" /></a></div>
      <div class="rankinfo"> <em>3</em><a href="{url}" title="{title}">{title}</a>
        <p><div class="z" style="padding-right: 8px;"><i class="fa fa-folder-o"></i><a href="{forumurl}" rel="category tag">{forumname}</a></div><div class="z"><i class="fa fa-heart-o"></i>{views}</div></p>
      </div>
    </li>
   [/index]
   [index=4]
    <li>
      <div class="thumb"> <a href="{url}" title="{title}"><img src="{pic}" alt="{title}" width="{picwidth}" height="{picheight}" /></a></div>
      <div class="rankinfo"> <em>4</em><a href="{url}" title="{title}">{title}</a>
        <p><div class="z" style="padding-right: 8px;"><i class="fa fa-folder-o"></i><a href="{forumurl}" rel="category tag">{forumname}</a></div><div class="z"><i class="fa fa-heart-o"></i>{views}</div></p>
      </div>
    </li>
   [/index]
   [index=5]
    <li>
      <div class="thumb"> <a href="{url}" title="{title}"><img src="{pic}" alt="{title}" width="{picwidth}" height="{picheight}" /></a></div>
      <div class="rankinfo"> <em>5</em><a href="{url}" title="{title}">{title}</a>
        <p><div class="z" style="padding-right: 8px;"><i class="fa fa-folder-o"></i><a href="{forumurl}" rel="category tag">{forumname}</a></div><div class="z"><i class="fa fa-heart-o"></i>{views}</div></p>
      </div>
    </li>
   [/index]
  </ul>
</div>]]></item>
						<item id="footer"><![CDATA[]]></item>
						<item id="header"><![CDATA[]]></item>
						<item id="indexplus"><![CDATA[
						]]></item>
						<item id="index">
							<item id="1"><![CDATA[<li>
      <div class="thumb"> <a href="{url}" title="{title}"><img src="{pic}" alt="{title}" width="{picwidth}" height="{picheight}" /></a></div>
      <div class="rankinfo"> <em>1</em><a href="{url}" title="{title}">{title}</a>
        <p><div class="z" style="padding-right: 8px;"><i class="fa fa-folder-o"></i><a href="{forumurl}" rel="category tag">{forumname}</a></div><div class="z"><i class="fa fa-heart-o"></i>{views}</div></p>
      </div>
    </li>]]></item>
							<item id="2"><![CDATA[<li>
      <div class="thumb"> <a href="{url}" title="{title}"><img src="{pic}" alt="{title}" width="{picwidth}" height="{picheight}" /></a></div>
      <div class="rankinfo"> <em>2</em><a href="{url}" title="{title}">{title}</a>
        <p><div class="z" style="padding-right: 8px;"><i class="fa fa-folder-o"></i><a href="{forumurl}" rel="category tag">{forumname}</a></div><div class="z"><i class="fa fa-heart-o"></i>{views}</div></p>
      </div>
    </li>]]></item>
							<item id="3"><![CDATA[<li>
      <div class="thumb"> <a href="{url}" title="{title}"><img src="{pic}" alt="{title}" width="{picwidth}" height="{picheight}" /></a></div>
      <div class="rankinfo"> <em>3</em><a href="{url}" title="{title}">{title}</a>
        <p><div class="z" style="padding-right: 8px;"><i class="fa fa-folder-o"></i><a href="{forumurl}" rel="category tag">{forumname}</a></div><div class="z"><i class="fa fa-heart-o"></i>{views}</div></p>
      </div>
    </li>]]></item>
							<item id="4"><![CDATA[<li>
      <div class="thumb"> <a href="{url}" title="{title}"><img src="{pic}" alt="{title}" width="{picwidth}" height="{picheight}" /></a></div>
      <div class="rankinfo"> <em>4</em><a href="{url}" title="{title}">{title}</a>
        <p><div class="z" style="padding-right: 8px;"><i class="fa fa-folder-o"></i><a href="{forumurl}" rel="category tag">{forumname}</a></div><div class="z"><i class="fa fa-heart-o"></i>{views}</div></p>
      </div>
    </li>]]></item>
							<item id="5"><![CDATA[<li>
      <div class="thumb"> <a href="{url}" title="{title}"><img src="{pic}" alt="{title}" width="{picwidth}" height="{picheight}" /></a></div>
      <div class="rankinfo"> <em>5</em><a href="{url}" title="{title}">{title}</a>
        <p><div class="z" style="padding-right: 8px;"><i class="fa fa-folder-o"></i><a href="{forumurl}" rel="category tag">{forumname}</a></div><div class="z"><i class="fa fa-heart-o"></i>{views}</div></p>
      </div>
    </li>]]></item>
						</item>
						<item id="orderplus"><![CDATA[
						]]></item>
						<item id="order"><![CDATA[
						]]></item>
						<item id="loopplus"><![CDATA[
						]]></item>
						<item id="loop"><![CDATA[
						]]></item>
					</item>
					<item id="hash"><![CDATA[5718a008]]></item>
				</item>
				<item id="picwidth"><![CDATA[80]]></item>
				<item id="picheight"><![CDATA[80]]></item>
				<item id="target"><![CDATA[blank]]></item>
				<item id="dateformat"><![CDATA[Y-m-d]]></item>
				<item id="dateuformat"><![CDATA[0]]></item>
				<item id="script"><![CDATA[thread]]></item>
				<item id="param">
					<item id="tids"><![CDATA[]]></item>
					<item id="uids"><![CDATA[]]></item>
					<item id="keyword"><![CDATA[]]></item>
					<item id="tagkeyword"><![CDATA[]]></item>
					<item id="typeids"><![CDATA[]]></item>
					<item id="recommend"><![CDATA[0]]></item>
					<item id="special">
						<item id="0"><![CDATA[0]]></item>
					</item>
					<item id="viewmod"><![CDATA[0]]></item>
					<item id="rewardstatus"><![CDATA[0]]></item>
					<item id="picrequired"><![CDATA[1]]></item>
					<item id="orderby"><![CDATA[lastpost]]></item>
					<item id="postdateline"><![CDATA[0]]></item>
					<item id="lastpost"><![CDATA[0]]></item>
					<item id="highlight"><![CDATA[0]]></item>
					<item id="titlelength"><![CDATA[40]]></item>
					<item id="summarylength"><![CDATA[80]]></item>
					<item id="startrow"><![CDATA[5]]></item>
					<item id="items"><![CDATA[5]]></item>
				</item>
				<item id="shownum"><![CDATA[5]]></item>
				<item id="cachetime"><![CDATA[3600]]></item>
				<item id="cachetimerange"><![CDATA[]]></item>
				<item id="punctualupdate"><![CDATA[0]]></item>
				<item id="hidedisplay"><![CDATA[0]]></item>
				<item id="dateline"><![CDATA[1553070887]]></item>
				<item id="notinherited"><![CDATA[0]]></item>
				<item id="isblank"><![CDATA[0]]></item>
			</item>
		</item>
		<item id="style">
		</item>
	</item>
</root>
