<?xml version="1.0" encoding="ISO-8859-1"?>
<root>
	<item id="spacecss"><![CDATA[#frameM7utuA { border:0px !important;}#portal_block_246 { margin:0px !important;}#portal_block_246 .dxb_bc { margin:0px !important;}#portal_block_250 { margin-top:8px !important;}#portal_block_247 { border:0px !important;margin:0px !important;}#portal_block_247 .dxb_bc { margin:0px !important;}#frameSYegPY { border:0px !important;margin:0px !important;}#portal_block_252 { border:#000000 0px !important;}#frameQYLe9k { border:0px !important;margin:0px !important;}#portal_block_253 { border:#000000 0px !important;}#portal_block_254 { border:#000000 0px !important;}#frameDKv4km { border:0px !important;margin:0px !important;}]]></item>
	<item id="layoutdata">
		<item id="diy1"><![CDATA[]]></item>
		<item id="vk_diy_l">
			<item id="frame`frameM7utuA">
				<item id="attr">
					<item id="name"><![CDATA[frameM7utuA]]></item>
					<item id="moveable"><![CDATA[true]]></item>
					<item id="className"><![CDATA[ frame move-span cl frame-1]]></item>
					<item id="titles"><![CDATA[]]></item>
				</item>
				<item id="column`frameM7utuA_left">
					<item id="attr">
						<item id="name"><![CDATA[frameM7utuA_left]]></item>
						<item id="className"><![CDATA[column frame-1-c]]></item>
					</item>
					<item id="block`portal_block_246">
						<item id="attr">
							<item id="name"><![CDATA[portal_block_246]]></item>
							<item id="className"><![CDATA[block move-span]]></item>
							<item id="titles"><![CDATA[]]></item>
						</item>
					</item>
				</item>
			</item>
		</item>
		<item id="vk_diy_m">
			<item id="tab`tabgX70GM">
				<item id="attr">
					<item id="name"><![CDATA[tabgX70GM]]></item>
					<item id="moveable"><![CDATA[true]]></item>
					<item id="className"><![CDATA[frame-tab move-span cl]]></item>
					<item id="titles">
						<item id="className">
							<item id="0"><![CDATA[tab-title title column cl]]></item>
						</item>
						<item id="style"><![CDATA[]]></item>
						<item id="switchType">
							<item id="0"><![CDATA[mouseover]]></item>
						</item>
					</item>
				</item>
				<item id="column`tabgX70GM_title">
					<item id="attr">
						<item id="name"><![CDATA[tabgX70GM_title]]></item>
						<item id="className"><![CDATA[tab-title title column cl]]></item>
					</item>
					<item id="block`portal_block_247">
						<item id="attr">
							<item id="name"><![CDATA[portal_block_247]]></item>
							<item id="className"><![CDATA[block move-span]]></item>
							<item id="titles">
								<item id="className">
									<item id="0"><![CDATA[blocktitle title]]></item>
								</item>
								<item id="style"><![CDATA[]]></item>
								<item id="first">
									<item id="text"><![CDATA[最新发布]]></item>
									<item id="href"><![CDATA[]]></item>
									<item id="color"><![CDATA[]]></item>
									<item id="float"><![CDATA[]]></item>
									<item id="margin"><![CDATA[]]></item>
									<item id="font-size"><![CDATA[16]]></item>
									<item id="className"><![CDATA[titletext]]></item>
									<item id="src"><![CDATA[]]></item>
								</item>
							</item>
						</item>
					</item>
					<item id="block`portal_block_248">
						<item id="attr">
							<item id="name"><![CDATA[portal_block_248]]></item>
							<item id="className"><![CDATA[block move-span]]></item>
							<item id="titles">
								<item id="className">
									<item id="0"><![CDATA[blocktitle title]]></item>
								</item>
								<item id="style"><![CDATA[]]></item>
								<item id="first">
									<item id="text"><![CDATA[最新回复]]></item>
									<item id="href"><![CDATA[]]></item>
									<item id="color"><![CDATA[]]></item>
									<item id="float"><![CDATA[]]></item>
									<item id="margin"><![CDATA[]]></item>
									<item id="font-size"><![CDATA[16]]></item>
									<item id="className"><![CDATA[titletext]]></item>
									<item id="src"><![CDATA[]]></item>
								</item>
							</item>
						</item>
					</item>
					<item id="block`portal_block_251">
						<item id="attr">
							<item id="name"><![CDATA[portal_block_251]]></item>
							<item id="className"><![CDATA[block move-span]]></item>
							<item id="titles">
								<item id="className">
									<item id="0"><![CDATA[blocktitle title]]></item>
								</item>
								<item id="style"><![CDATA[]]></item>
								<item id="first">
									<item id="text"><![CDATA[热门主题]]></item>
									<item id="href"><![CDATA[]]></item>
									<item id="color"><![CDATA[]]></item>
									<item id="float"><![CDATA[]]></item>
									<item id="margin"><![CDATA[]]></item>
									<item id="font-size"><![CDATA[16]]></item>
									<item id="className"><![CDATA[titletext]]></item>
									<item id="src"><![CDATA[]]></item>
								</item>
							</item>
						</item>
					</item>
					<item id="block`portal_block_249">
						<item id="attr">
							<item id="name"><![CDATA[portal_block_249]]></item>
							<item id="className"><![CDATA[block move-span]]></item>
							<item id="titles">
								<item id="className">
									<item id="0"><![CDATA[blocktitle title]]></item>
								</item>
								<item id="style"><![CDATA[]]></item>
								<item id="first">
									<item id="text"><![CDATA[精华推荐]]></item>
									<item id="href"><![CDATA[]]></item>
									<item id="color"><![CDATA[]]></item>
									<item id="float"><![CDATA[]]></item>
									<item id="margin"><![CDATA[]]></item>
									<item id="font-size"><![CDATA[16]]></item>
									<item id="className"><![CDATA[titletext]]></item>
									<item id="src"><![CDATA[]]></item>
								</item>
							</item>
						</item>
					</item>
				</item>
			</item>
		</item>
		<item id="vk_diy_r">
			<item id="frame`framep66pc3">
				<item id="attr">
					<item id="name"><![CDATA[framep66pc3]]></item>
					<item id="moveable"><![CDATA[true]]></item>
					<item id="className"><![CDATA[frame move-span cl frame-1]]></item>
					<item id="titles">
						<item id="className">
							<item id="0"><![CDATA[title frame-title]]></item>
						</item>
						<item id="style"><![CDATA[]]></item>
						<item id="first">
							<item id="text"><![CDATA[社区达人]]></item>
							<item id="href"><![CDATA[]]></item>
							<item id="color"><![CDATA[]]></item>
							<item id="float"><![CDATA[]]></item>
							<item id="margin"><![CDATA[]]></item>
							<item id="font-size"><![CDATA[]]></item>
							<item id="className"><![CDATA[titletext]]></item>
							<item id="src"><![CDATA[]]></item>
						</item>
					</item>
				</item>
				<item id="column`framep66pc3_left">
					<item id="attr">
						<item id="name"><![CDATA[framep66pc3_left]]></item>
						<item id="className"><![CDATA[column frame-1-c]]></item>
					</item>
					<item id="block`portal_block_250">
						<item id="attr">
							<item id="name"><![CDATA[portal_block_250]]></item>
							<item id="className"><![CDATA[block move-span]]></item>
							<item id="titles"><![CDATA[]]></item>
						</item>
					</item>
				</item>
			</item>
		</item>
		<item id="vk_diy_m_1"><![CDATA[]]></item>
		<item id="diy_chart"><![CDATA[]]></item>
		<item id="diy3"><![CDATA[]]></item>
		<item id="diy_sd_1"><![CDATA[]]></item>
		<item id="diy_sd_slide"><![CDATA[]]></item>
		<item id="diy_sd_hot">
			<item id="frame`frameSYegPY">
				<item id="attr">
					<item id="name"><![CDATA[frameSYegPY]]></item>
					<item id="moveable"><![CDATA[true]]></item>
					<item id="className"><![CDATA[ frame move-span cl frame-1]]></item>
					<item id="titles">
						<item id="className">
							<item id="0"><![CDATA[title frame-title]]></item>
						</item>
						<item id="style"><![CDATA[]]></item>
						<item id="first">
							<item id="text"><![CDATA[精彩推荐]]></item>
							<item id="href"><![CDATA[]]></item>
							<item id="color"><![CDATA[]]></item>
							<item id="float"><![CDATA[]]></item>
							<item id="margin"><![CDATA[]]></item>
							<item id="font-size"><![CDATA[]]></item>
							<item id="className"><![CDATA[titletext]]></item>
							<item id="src"><![CDATA[]]></item>
						</item>
					</item>
				</item>
				<item id="column`frameSYegPY_left">
					<item id="attr">
						<item id="name"><![CDATA[frameSYegPY_left]]></item>
						<item id="className"><![CDATA[column frame-1-c]]></item>
					</item>
					<item id="block`portal_block_252">
						<item id="attr">
							<item id="name"><![CDATA[portal_block_252]]></item>
							<item id="className"><![CDATA[block move-span]]></item>
							<item id="titles"><![CDATA[]]></item>
						</item>
					</item>
				</item>
			</item>
		</item>
		<item id="diy2"><![CDATA[]]></item>
		<item id="vk_forum_sd_diy_1"><![CDATA[]]></item>
		<item id="vk_forum_sd_diy_2"><![CDATA[]]></item>
		<item id="vk_forum_sd_diy_3"><![CDATA[]]></item>
		<item id="vk_forum_sd_diy_4"><![CDATA[]]></item>
		<item id="vk_forum_sd_diy_5"><![CDATA[]]></item>
		<item id="diy_sd_4">
			<item id="frame`frameQYLe9k">
				<item id="attr">
					<item id="name"><![CDATA[frameQYLe9k]]></item>
					<item id="moveable"><![CDATA[true]]></item>
					<item id="className"><![CDATA[ frame move-span cl frame-1]]></item>
					<item id="titles">
						<item id="className">
							<item id="0"><![CDATA[title frame-title]]></item>
						</item>
						<item id="style"><![CDATA[]]></item>
						<item id="first">
							<item id="text"><![CDATA[热门资讯]]></item>
							<item id="href"><![CDATA[]]></item>
							<item id="color"><![CDATA[]]></item>
							<item id="float"><![CDATA[]]></item>
							<item id="margin"><![CDATA[]]></item>
							<item id="font-size"><![CDATA[]]></item>
							<item id="className"><![CDATA[titletext]]></item>
							<item id="src"><![CDATA[]]></item>
						</item>
					</item>
				</item>
				<item id="column`frameQYLe9k_left">
					<item id="attr">
						<item id="name"><![CDATA[frameQYLe9k_left]]></item>
						<item id="className"><![CDATA[column frame-1-c]]></item>
					</item>
					<item id="block`portal_block_253">
						<item id="attr">
							<item id="name"><![CDATA[portal_block_253]]></item>
							<item id="className"><![CDATA[block move-span]]></item>
							<item id="titles"><![CDATA[]]></item>
						</item>
					</item>
				</item>
			</item>
		</item>
		<item id="diy_sd_5">
			<item id="frame`frameDKv4km">
				<item id="attr">
					<item id="name"><![CDATA[frameDKv4km]]></item>
					<item id="moveable"><![CDATA[true]]></item>
					<item id="className"><![CDATA[ frame move-span cl frame-1]]></item>
					<item id="titles">
						<item id="className">
							<item id="0"><![CDATA[title frame-title]]></item>
						</item>
						<item id="style"><![CDATA[]]></item>
						<item id="first">
							<item id="text"><![CDATA[网友晒图]]></item>
							<item id="href"><![CDATA[]]></item>
							<item id="color"><![CDATA[]]></item>
							<item id="float"><![CDATA[]]></item>
							<item id="margin"><![CDATA[]]></item>
							<item id="font-size"><![CDATA[]]></item>
							<item id="className"><![CDATA[titletext]]></item>
							<item id="src"><![CDATA[]]></item>
						</item>
					</item>
				</item>
				<item id="column`frameDKv4km_left">
					<item id="attr">
						<item id="name"><![CDATA[frameDKv4km_left]]></item>
						<item id="className"><![CDATA[column frame-1-c]]></item>
					</item>
					<item id="block`portal_block_254">
						<item id="attr">
							<item id="name"><![CDATA[portal_block_254]]></item>
							<item id="className"><![CDATA[ block move-span]]></item>
							<item id="titles"><![CDATA[]]></item>
						</item>
					</item>
				</item>
			</item>
		</item>
		<item id="diy_sd_6"><![CDATA[]]></item>
		<item id="diy_sd_7"><![CDATA[]]></item>
		<item id="diy0001"><![CDATA[]]></item>
		<item id="diy0002"><![CDATA[]]></item>
	</item>
	<item id="blockdata">
		<item id="block">
			<item id="246">
				<item id="bid"><![CDATA[246]]></item>
				<item id="blockclass"><![CDATA[forum_thread]]></item>
				<item id="blocktype"><![CDATA[0]]></item>
				<item id="name"><![CDATA[论坛-上部左侧-幻灯]]></item>
				<item id="title"><![CDATA[]]></item>
				<item id="classname"><![CDATA[]]></item>
				<item id="summary"><![CDATA[]]></item>
				<item id="uid"><![CDATA[1]]></item>
				<item id="username"><![CDATA[admin]]></item>
				<item id="styleid"><![CDATA[125]]></item>
				<item id="blockstyle"><![CDATA[]]></item>
				<item id="picwidth"><![CDATA[500]]></item>
				<item id="picheight"><![CDATA[315]]></item>
				<item id="target"><![CDATA[blank]]></item>
				<item id="dateformat"><![CDATA[Y-m-d]]></item>
				<item id="dateuformat"><![CDATA[0]]></item>
				<item id="script"><![CDATA[threadnew]]></item>
				<item id="param">
					<item id="fids">
						<item id="0"><![CDATA[0]]></item>
					</item>
					<item id="special">
						<item id="0"><![CDATA[0]]></item>
					</item>
					<item id="viewmod"><![CDATA[0]]></item>
					<item id="rewardstatus"><![CDATA[0]]></item>
					<item id="picrequired"><![CDATA[1]]></item>
					<item id="orderby"><![CDATA[dateline]]></item>
					<item id="postdateline"><![CDATA[0]]></item>
					<item id="lastpost"><![CDATA[0]]></item>
					<item id="titlelength"><![CDATA[50]]></item>
					<item id="summarylength"><![CDATA[80]]></item>
					<item id="startrow"><![CDATA[0]]></item>
					<item id="items"><![CDATA[5]]></item>
				</item>
				<item id="shownum"><![CDATA[5]]></item>
				<item id="cachetime"><![CDATA[3600]]></item>
				<item id="cachetimerange"><![CDATA[]]></item>
				<item id="punctualupdate"><![CDATA[0]]></item>
				<item id="hidedisplay"><![CDATA[0]]></item>
				<item id="dateline"><![CDATA[1586629727]]></item>
				<item id="notinherited"><![CDATA[0]]></item>
				<item id="isblank"><![CDATA[0]]></item>
			</item>
			<item id="247">
				<item id="bid"><![CDATA[247]]></item>
				<item id="blockclass"><![CDATA[forum_thread]]></item>
				<item id="blocktype"><![CDATA[0]]></item>
				<item id="name"><![CDATA[论坛-上部左侧-列表-新帖]]></item>
				<item id="title"><![CDATA[<div class="blocktitle title"><span class="titletext" style="float:;margin-left:px;font-size:16px;color: !important;">最新发布</span></div>]]></item>
				<item id="classname"><![CDATA[]]></item>
				<item id="summary"><![CDATA[]]></item>
				<item id="uid"><![CDATA[1]]></item>
				<item id="username"><![CDATA[admin]]></item>
				<item id="styleid"><![CDATA[176]]></item>
				<item id="blockstyle">
					<item id="name"><![CDATA[]]></item>
					<item id="blockclass"><![CDATA[forum_thread]]></item>
					<item id="makethumb"><![CDATA[0]]></item>
					<item id="getpic"><![CDATA[0]]></item>
					<item id="getsummary"><![CDATA[0]]></item>
					<item id="settarget"><![CDATA[1]]></item>
					<item id="moreurl"><![CDATA[0]]></item>
					<item id="fields">
						<item id="0"><![CDATA[forumurl]]></item>
						<item id="1"><![CDATA[forumname]]></item>
						<item id="2"><![CDATA[url]]></item>
						<item id="3"><![CDATA[title]]></item>
						<item id="4"><![CDATA[dateline]]></item>
					</item>
					<item id="template">
						<item id="raw"><![CDATA[<div class="module cl">
<ul style="">
[loop]
<li style="height:28px; line-height:28px; font-size:14px;   overflow:hidden; "> <span style="width:330px; display: inline-block;"> <a href="{forumurl}" style="color:#f60; font-size:14px;"> {forumname} | </a>  <a href="{url}" title="{title}" {target} style="color:#333; font-size:14px;">{title}</a> </span>
<em style=" font-size:12px; color:#999;"> {dateline} </em>
</li>
[/loop]
</ul>
</div>
]]></item>
						<item id="footer"><![CDATA[]]></item>
						<item id="header"><![CDATA[]]></item>
						<item id="indexplus"><![CDATA[
						]]></item>
						<item id="index"><![CDATA[
						]]></item>
						<item id="orderplus"><![CDATA[
						]]></item>
						<item id="order"><![CDATA[
						]]></item>
						<item id="loopplus"><![CDATA[
						]]></item>
						<item id="loop"><![CDATA[<li style="height:28px; line-height:28px; font-size:14px;   overflow:hidden; "> <span style="width:330px; display: inline-block;"> <a href="{forumurl}" style="color:#f60; font-size:14px;"> {forumname} | </a>  <a href="{url}" title="{title}" {target} style="color:#333; font-size:14px;">{title}</a> </span>
<em style=" font-size:12px; color:#999;"> {dateline} </em>
</li>]]></item>
					</item>
					<item id="hash"><![CDATA[f90097d2]]></item>
				</item>
				<item id="picwidth"><![CDATA[0]]></item>
				<item id="picheight"><![CDATA[0]]></item>
				<item id="target"><![CDATA[blank]]></item>
				<item id="dateformat"><![CDATA[Y-m-d]]></item>
				<item id="dateuformat"><![CDATA[0]]></item>
				<item id="script"><![CDATA[threadnew]]></item>
				<item id="param">
					<item id="fids">
						<item id="0"><![CDATA[0]]></item>
					</item>
					<item id="special">
						<item id="0"><![CDATA[0]]></item>
					</item>
					<item id="viewmod"><![CDATA[0]]></item>
					<item id="rewardstatus"><![CDATA[0]]></item>
					<item id="picrequired"><![CDATA[0]]></item>
					<item id="orderby"><![CDATA[dateline]]></item>
					<item id="postdateline"><![CDATA[0]]></item>
					<item id="lastpost"><![CDATA[0]]></item>
					<item id="titlelength"><![CDATA[44]]></item>
					<item id="summarylength"><![CDATA[80]]></item>
					<item id="startrow"><![CDATA[0]]></item>
					<item id="items"><![CDATA[9]]></item>
				</item>
				<item id="shownum"><![CDATA[9]]></item>
				<item id="cachetime"><![CDATA[3600]]></item>
				<item id="cachetimerange"><![CDATA[]]></item>
				<item id="punctualupdate"><![CDATA[0]]></item>
				<item id="hidedisplay"><![CDATA[0]]></item>
				<item id="dateline"><![CDATA[1586629181]]></item>
				<item id="notinherited"><![CDATA[0]]></item>
				<item id="isblank"><![CDATA[0]]></item>
			</item>
			<item id="248">
				<item id="bid"><![CDATA[248]]></item>
				<item id="blockclass"><![CDATA[forum_thread]]></item>
				<item id="blocktype"><![CDATA[0]]></item>
				<item id="name"><![CDATA[论坛-上部左侧-列表-回复]]></item>
				<item id="title"><![CDATA[<div class="blocktitle title"><span class="titletext" style="float:;margin-left:px;font-size:16px;color: !important;">最新回复</span></div>]]></item>
				<item id="classname"><![CDATA[]]></item>
				<item id="summary"><![CDATA[]]></item>
				<item id="uid"><![CDATA[1]]></item>
				<item id="username"><![CDATA[admin]]></item>
				<item id="styleid"><![CDATA[176]]></item>
				<item id="blockstyle"><![CDATA[]]></item>
				<item id="picwidth"><![CDATA[0]]></item>
				<item id="picheight"><![CDATA[0]]></item>
				<item id="target"><![CDATA[blank]]></item>
				<item id="dateformat"><![CDATA[Y-m-d]]></item>
				<item id="dateuformat"><![CDATA[0]]></item>
				<item id="script"><![CDATA[threadnew]]></item>
				<item id="param">
					<item id="fids">
						<item id="0"><![CDATA[0]]></item>
					</item>
					<item id="special">
						<item id="0"><![CDATA[0]]></item>
					</item>
					<item id="viewmod"><![CDATA[0]]></item>
					<item id="rewardstatus"><![CDATA[0]]></item>
					<item id="picrequired"><![CDATA[0]]></item>
					<item id="orderby"><![CDATA[lastpost]]></item>
					<item id="postdateline"><![CDATA[0]]></item>
					<item id="lastpost"><![CDATA[0]]></item>
					<item id="titlelength"><![CDATA[44]]></item>
					<item id="summarylength"><![CDATA[80]]></item>
					<item id="startrow"><![CDATA[0]]></item>
					<item id="items"><![CDATA[9]]></item>
				</item>
				<item id="shownum"><![CDATA[9]]></item>
				<item id="cachetime"><![CDATA[3600]]></item>
				<item id="cachetimerange"><![CDATA[]]></item>
				<item id="punctualupdate"><![CDATA[0]]></item>
				<item id="hidedisplay"><![CDATA[0]]></item>
				<item id="dateline"><![CDATA[1586629444]]></item>
				<item id="notinherited"><![CDATA[0]]></item>
				<item id="isblank"><![CDATA[0]]></item>
			</item>
			<item id="249">
				<item id="bid"><![CDATA[249]]></item>
				<item id="blockclass"><![CDATA[forum_thread]]></item>
				<item id="blocktype"><![CDATA[0]]></item>
				<item id="name"><![CDATA[论坛-上部左侧-列表-精华]]></item>
				<item id="title"><![CDATA[<div class="blocktitle title"><span class="titletext" style="float:;margin-left:px;font-size:16px;color: !important;">精华推荐</span></div>]]></item>
				<item id="classname"><![CDATA[]]></item>
				<item id="summary"><![CDATA[]]></item>
				<item id="uid"><![CDATA[1]]></item>
				<item id="username"><![CDATA[admin]]></item>
				<item id="styleid"><![CDATA[176]]></item>
				<item id="blockstyle"><![CDATA[]]></item>
				<item id="picwidth"><![CDATA[0]]></item>
				<item id="picheight"><![CDATA[0]]></item>
				<item id="target"><![CDATA[blank]]></item>
				<item id="dateformat"><![CDATA[Y-m-d]]></item>
				<item id="dateuformat"><![CDATA[0]]></item>
				<item id="script"><![CDATA[threaddigest]]></item>
				<item id="param">
					<item id="fids">
						<item id="0"><![CDATA[0]]></item>
					</item>
					<item id="special">
						<item id="0"><![CDATA[0]]></item>
					</item>
					<item id="viewmod"><![CDATA[0]]></item>
					<item id="rewardstatus"><![CDATA[0]]></item>
					<item id="picrequired"><![CDATA[0]]></item>
					<item id="titlelength"><![CDATA[44]]></item>
					<item id="summarylength"><![CDATA[80]]></item>
					<item id="items"><![CDATA[9]]></item>
				</item>
				<item id="shownum"><![CDATA[9]]></item>
				<item id="cachetime"><![CDATA[3600]]></item>
				<item id="cachetimerange"><![CDATA[]]></item>
				<item id="punctualupdate"><![CDATA[0]]></item>
				<item id="hidedisplay"><![CDATA[0]]></item>
				<item id="dateline"><![CDATA[1586629732]]></item>
				<item id="notinherited"><![CDATA[0]]></item>
				<item id="isblank"><![CDATA[0]]></item>
			</item>
			<item id="250">
				<item id="bid"><![CDATA[250]]></item>
				<item id="blockclass"><![CDATA[member_member]]></item>
				<item id="blocktype"><![CDATA[0]]></item>
				<item id="name"><![CDATA[论坛-上部右侧-会员]]></item>
				<item id="title"><![CDATA[]]></item>
				<item id="classname"><![CDATA[]]></item>
				<item id="summary"><![CDATA[]]></item>
				<item id="uid"><![CDATA[1]]></item>
				<item id="username"><![CDATA[admin]]></item>
				<item id="styleid"><![CDATA[123]]></item>
				<item id="blockstyle">
					<item id="name"><![CDATA[]]></item>
					<item id="blockclass"><![CDATA[member_member]]></item>
					<item id="makethumb"><![CDATA[0]]></item>
					<item id="getpic"><![CDATA[0]]></item>
					<item id="getsummary"><![CDATA[0]]></item>
					<item id="settarget"><![CDATA[1]]></item>
					<item id="moreurl"><![CDATA[0]]></item>
					<item id="fields">
						<item id="0"><![CDATA[url]]></item>
						<item id="1"><![CDATA[avatar]]></item>
						<item id="2"><![CDATA[title]]></item>
						<item id="3"><![CDATA[posts]]></item>
					</item>
					<item id="template">
						<item id="raw"><![CDATA[<style type="text/css">
.vk_avt {margin:5px 0; border-bottom:1px solid #eee; clear:both; }
.border_radius_5 { -webkit-border-radius:5px; -moz-border-radius:5px; border-radius:5px; }
.shadow_0 { box-shadow:0px 1px 3px #ddd; }
.side_r_s_avatar_l {float: left; background: #fff; border: none; width: 48px; height: 48px; margin:5px 10px 5px 0;}
	.ie7 .side_r_s_avatar_l { margin:1px 10px 1px 0;}
.side_r_s_avatar_r { float: right;width: 140px; height: 48px; color:#999; overflow: hidden; padding-top:5px; padding-left: 8px;}
.side_r_s_avatar_r h2 {font-size: 14px; font-weight:normal; }
.side_r_s_avatar_r span { float:left; font-size: 12px; }
.side_r_s_avatar_r a {color:#555;}
.side_r_s_avatar_r a:hover {color: #f60; text-decoration: none;}
</style>
<div class="module cl">
<ul>
[loop]
<div class="vk_avt">
       <div class="side_r_s_avatar_l ">
	   		<a href="{url}" c="1"{target}><img src="{avatar}" width="48" height="48" alt="{title}" class="border_radius_5 shadow_0" /></a>
       </div>
       <div class="side_r_s_avatar_r">
       		<h2><a href="{url}"{target}>{title}</a></h2>
       		<span>  贴数：{posts}</span>
  	   </div>
</div>
[/loop]
</ul>
</div>
]]></item>
						<item id="footer"><![CDATA[]]></item>
						<item id="header"><![CDATA[]]></item>
						<item id="indexplus"><![CDATA[
						]]></item>
						<item id="index"><![CDATA[
						]]></item>
						<item id="orderplus"><![CDATA[
						]]></item>
						<item id="order"><![CDATA[
						]]></item>
						<item id="loopplus"><![CDATA[
						]]></item>
						<item id="loop"><![CDATA[<div class="vk_avt">
       <div class="side_r_s_avatar_l ">
	   		<a href="{url}" c="1"{target}><img src="{avatar}" width="48" height="48" alt="{title}" class="border_radius_5 shadow_0" /></a>
       </div>
       <div class="side_r_s_avatar_r">
       		<h2><a href="{url}"{target}>{title}</a></h2>
       		<span>  贴数：{posts}</span>
  	   </div>
</div>]]></item>
					</item>
					<item id="hash"><![CDATA[3d42b785]]></item>
				</item>
				<item id="picwidth"><![CDATA[0]]></item>
				<item id="picheight"><![CDATA[0]]></item>
				<item id="target"><![CDATA[blank]]></item>
				<item id="dateformat"><![CDATA[Y-m-d]]></item>
				<item id="dateuformat"><![CDATA[0]]></item>
				<item id="script"><![CDATA[member]]></item>
				<item id="param">
					<item id="uids"><![CDATA[]]></item>
					<item id="groupid">
						<item id="0"><![CDATA[0]]></item>
					</item>
					<item id="special"><![CDATA[]]></item>
					<item id="gender"><![CDATA[]]></item>
					<item id="xbirthprovince"><![CDATA[]]></item>
					<item id="xresideprovince"><![CDATA[]]></item>
					<item id="avatarstatus"><![CDATA[0]]></item>
					<item id="orderby"><![CDATA[posts]]></item>
					<item id="extcredit"><![CDATA[1]]></item>
					<item id="lastpost"><![CDATA[]]></item>
					<item id="startrow"><![CDATA[0]]></item>
					<item id="items"><![CDATA[5]]></item>
				</item>
				<item id="shownum"><![CDATA[5]]></item>
				<item id="cachetime"><![CDATA[3600]]></item>
				<item id="cachetimerange"><![CDATA[]]></item>
				<item id="punctualupdate"><![CDATA[0]]></item>
				<item id="hidedisplay"><![CDATA[0]]></item>
				<item id="dateline"><![CDATA[1586629750]]></item>
				<item id="notinherited"><![CDATA[0]]></item>
				<item id="isblank"><![CDATA[0]]></item>
			</item>
			<item id="251">
				<item id="bid"><![CDATA[251]]></item>
				<item id="blockclass"><![CDATA[forum_thread]]></item>
				<item id="blocktype"><![CDATA[0]]></item>
				<item id="name"><![CDATA[论坛-热门主题]]></item>
				<item id="title"><![CDATA[<div class="blocktitle title"><span class="titletext" style="float:;margin-left:px;font-size:16px;color: !important;">热门主题</span></div>]]></item>
				<item id="classname"><![CDATA[]]></item>
				<item id="summary"><![CDATA[]]></item>
				<item id="uid"><![CDATA[1]]></item>
				<item id="username"><![CDATA[admin]]></item>
				<item id="styleid"><![CDATA[176]]></item>
				<item id="blockstyle"><![CDATA[]]></item>
				<item id="picwidth"><![CDATA[0]]></item>
				<item id="picheight"><![CDATA[0]]></item>
				<item id="target"><![CDATA[blank]]></item>
				<item id="dateformat"><![CDATA[Y-m-d]]></item>
				<item id="dateuformat"><![CDATA[0]]></item>
				<item id="script"><![CDATA[threadhot]]></item>
				<item id="param">
					<item id="fids">
						<item id="0"><![CDATA[0]]></item>
					</item>
					<item id="special">
						<item id="0"><![CDATA[0]]></item>
					</item>
					<item id="viewmod"><![CDATA[0]]></item>
					<item id="rewardstatus"><![CDATA[0]]></item>
					<item id="picrequired"><![CDATA[0]]></item>
					<item id="orderby"><![CDATA[views]]></item>
					<item id="postdateline"><![CDATA[0]]></item>
					<item id="lastpost"><![CDATA[0]]></item>
					<item id="titlelength"><![CDATA[44]]></item>
					<item id="summarylength"><![CDATA[80]]></item>
					<item id="items"><![CDATA[9]]></item>
					<item id="startrow"><![CDATA[0]]></item>
				</item>
				<item id="shownum"><![CDATA[9]]></item>
				<item id="cachetime"><![CDATA[3600]]></item>
				<item id="cachetimerange"><![CDATA[]]></item>
				<item id="punctualupdate"><![CDATA[0]]></item>
				<item id="hidedisplay"><![CDATA[0]]></item>
				<item id="dateline"><![CDATA[1586629723]]></item>
				<item id="notinherited"><![CDATA[0]]></item>
				<item id="isblank"><![CDATA[0]]></item>
			</item>
			<item id="252">
				<item id="bid"><![CDATA[252]]></item>
				<item id="blockclass"><![CDATA[forum_thread]]></item>
				<item id="blocktype"><![CDATA[0]]></item>
				<item id="name"><![CDATA[论坛-侧边栏-帖子模块1]]></item>
				<item id="title"><![CDATA[]]></item>
				<item id="classname"><![CDATA[]]></item>
				<item id="summary"><![CDATA[]]></item>
				<item id="uid"><![CDATA[1]]></item>
				<item id="username"><![CDATA[admin]]></item>
				<item id="styleid"><![CDATA[163]]></item>
				<item id="blockstyle"><![CDATA[]]></item>
				<item id="picwidth"><![CDATA[150]]></item>
				<item id="picheight"><![CDATA[100]]></item>
				<item id="target"><![CDATA[blank]]></item>
				<item id="dateformat"><![CDATA[Y-m-d]]></item>
				<item id="dateuformat"><![CDATA[0]]></item>
				<item id="script"><![CDATA[threadnew]]></item>
				<item id="param">
					<item id="fids">
						<item id="0"><![CDATA[0]]></item>
					</item>
					<item id="special">
						<item id="0"><![CDATA[0]]></item>
					</item>
					<item id="viewmod"><![CDATA[0]]></item>
					<item id="rewardstatus"><![CDATA[0]]></item>
					<item id="picrequired"><![CDATA[1]]></item>
					<item id="orderby"><![CDATA[dateline]]></item>
					<item id="postdateline"><![CDATA[0]]></item>
					<item id="lastpost"><![CDATA[0]]></item>
					<item id="titlelength"><![CDATA[40]]></item>
					<item id="summarylength"><![CDATA[80]]></item>
					<item id="startrow"><![CDATA[0]]></item>
					<item id="items"><![CDATA[4]]></item>
				</item>
				<item id="shownum"><![CDATA[4]]></item>
				<item id="cachetime"><![CDATA[3600]]></item>
				<item id="cachetimerange"><![CDATA[]]></item>
				<item id="punctualupdate"><![CDATA[0]]></item>
				<item id="hidedisplay"><![CDATA[0]]></item>
				<item id="dateline"><![CDATA[1586629764]]></item>
				<item id="notinherited"><![CDATA[0]]></item>
				<item id="isblank"><![CDATA[0]]></item>
			</item>
			<item id="253">
				<item id="bid"><![CDATA[253]]></item>
				<item id="blockclass"><![CDATA[forum_thread]]></item>
				<item id="blocktype"><![CDATA[0]]></item>
				<item id="name"><![CDATA[论坛-侧边栏-图文列表模块]]></item>
				<item id="title"><![CDATA[]]></item>
				<item id="classname"><![CDATA[]]></item>
				<item id="summary"><![CDATA[]]></item>
				<item id="uid"><![CDATA[1]]></item>
				<item id="username"><![CDATA[admin]]></item>
				<item id="styleid"><![CDATA[171]]></item>
				<item id="blockstyle">
					<item id="name"><![CDATA[]]></item>
					<item id="blockclass"><![CDATA[forum_thread]]></item>
					<item id="makethumb"><![CDATA[1]]></item>
					<item id="getpic"><![CDATA[1]]></item>
					<item id="getsummary"><![CDATA[1]]></item>
					<item id="settarget"><![CDATA[1]]></item>
					<item id="moreurl"><![CDATA[0]]></item>
					<item id="fields">
						<item id="0"><![CDATA[url]]></item>
						<item id="1"><![CDATA[title]]></item>
						<item id="2"><![CDATA[pic]]></item>
						<item id="3"><![CDATA[summary]]></item>
					</item>
					<item id="template">
						<item id="raw"><![CDATA[<!--
[未来科技-2017]图文列表-首个左图右文-其余列表-40px
-->
<style type="text/css" >
.vk_a_blue ,
.vk_a_blue a ,
.vk_a_blue li a { color:#18c; }
.vk_a_black ,
.vk_a_black a ,
.vk_a_black li a { color:#555; }

.vk_a_blue a:hover ,
.vk_a_blue li a:hover ,
.vk_a_black a:hover ,
.vk_a_black li a:hover { color:#f60 ; }


.vk_xld_diy {}
.vk_xld_diy .m { margin:0px 8px 10px 0px;}
.vk_xld_diy dt { padding:0px 0px 10px 0px;}
.vk_xld_diy dl { margin:0px; }


</style>
<div class="module cl xld vk_xld_diy ">
<ul >
[loop]
<li  style=" height:40px; overflow:hidden; " class="vk_a_black " >  <a href="{url}" title="{title}"{target} style="height:40px; line-height:40px; font-size:14px;">{title}</a>
</li>
<hr class="da" />
[/loop]
[order=1]
<li>
<dl class="cl">
	<dd class="m"><a href="{url}"{target}><img src="{pic}" width="{picwidth}" height="{picheight}" alt="{title}" /></a></dd>
	<dt class="vk_a_blue " style=" font-size:14px; font-weight: normal;">  <a href="{url}" title="{title}"{target}>{title}</a> <br>
	<span  style=" line-height:24px; font-size:12px; color:#999;">{summary}</span> </dt>
</dl>
	<hr class="da" />
</li>
[/order]
</ul>
</div>
]]></item>
						<item id="footer"><![CDATA[]]></item>
						<item id="header"><![CDATA[]]></item>
						<item id="indexplus"><![CDATA[
						]]></item>
						<item id="index"><![CDATA[
						]]></item>
						<item id="orderplus"><![CDATA[
						]]></item>
						<item id="order">
							<item id="1"><![CDATA[<li>
<dl class="cl">
	<dd class="m"><a href="{url}"{target}><img src="{pic}" width="{picwidth}" height="{picheight}" alt="{title}" /></a></dd>
	<dt class="vk_a_blue " style=" font-size:14px; font-weight: normal;">  <a href="{url}" title="{title}"{target}>{title}</a> <br>
	<span  style=" line-height:24px; font-size:12px; color:#999;">{summary}</span> </dt>
</dl>
	<hr class="da" />
</li>]]></item>
						</item>
						<item id="loopplus"><![CDATA[
						]]></item>
						<item id="loop"><![CDATA[<li  style=" height:40px; overflow:hidden; " class="vk_a_black " >  <a href="{url}" title="{title}"{target} style="height:40px; line-height:40px; font-size:14px;">{title}</a>
</li>
<hr class="da" />]]></item>
					</item>
					<item id="hash"><![CDATA[92ccf75f]]></item>
				</item>
				<item id="picwidth"><![CDATA[0]]></item>
				<item id="picheight"><![CDATA[0]]></item>
				<item id="target"><![CDATA[blank]]></item>
				<item id="dateformat"><![CDATA[Y-m-d]]></item>
				<item id="dateuformat"><![CDATA[0]]></item>
				<item id="script"><![CDATA[threadnew]]></item>
				<item id="param">
					<item id="fids">
						<item id="0"><![CDATA[0]]></item>
					</item>
					<item id="special">
						<item id="0"><![CDATA[0]]></item>
					</item>
					<item id="viewmod"><![CDATA[0]]></item>
					<item id="rewardstatus"><![CDATA[0]]></item>
					<item id="picrequired"><![CDATA[1]]></item>
					<item id="orderby"><![CDATA[dateline]]></item>
					<item id="postdateline"><![CDATA[0]]></item>
					<item id="lastpost"><![CDATA[0]]></item>
					<item id="titlelength"><![CDATA[40]]></item>
					<item id="summarylength"><![CDATA[40]]></item>
					<item id="startrow"><![CDATA[0]]></item>
					<item id="items"><![CDATA[10]]></item>
				</item>
				<item id="shownum"><![CDATA[10]]></item>
				<item id="cachetime"><![CDATA[3600]]></item>
				<item id="cachetimerange"><![CDATA[]]></item>
				<item id="punctualupdate"><![CDATA[0]]></item>
				<item id="hidedisplay"><![CDATA[0]]></item>
				<item id="dateline"><![CDATA[1586629777]]></item>
				<item id="notinherited"><![CDATA[0]]></item>
				<item id="isblank"><![CDATA[0]]></item>
			</item>
			<item id="254">
				<item id="bid"><![CDATA[254]]></item>
				<item id="blockclass"><![CDATA[forum_thread]]></item>
				<item id="blocktype"><![CDATA[0]]></item>
				<item id="name"><![CDATA[论坛-侧边栏-一列图片]]></item>
				<item id="title"><![CDATA[]]></item>
				<item id="classname"><![CDATA[]]></item>
				<item id="summary"><![CDATA[]]></item>
				<item id="uid"><![CDATA[1]]></item>
				<item id="username"><![CDATA[admin]]></item>
				<item id="styleid"><![CDATA[166]]></item>
				<item id="blockstyle"><![CDATA[]]></item>
				<item id="picwidth"><![CDATA[300]]></item>
				<item id="picheight"><![CDATA[150]]></item>
				<item id="target"><![CDATA[blank]]></item>
				<item id="dateformat"><![CDATA[Y-m-d]]></item>
				<item id="dateuformat"><![CDATA[0]]></item>
				<item id="script"><![CDATA[threadnew]]></item>
				<item id="param">
					<item id="fids">
						<item id="0"><![CDATA[0]]></item>
					</item>
					<item id="special">
						<item id="0"><![CDATA[0]]></item>
					</item>
					<item id="viewmod"><![CDATA[0]]></item>
					<item id="rewardstatus"><![CDATA[0]]></item>
					<item id="picrequired"><![CDATA[1]]></item>
					<item id="orderby"><![CDATA[dateline]]></item>
					<item id="postdateline"><![CDATA[0]]></item>
					<item id="lastpost"><![CDATA[0]]></item>
					<item id="titlelength"><![CDATA[40]]></item>
					<item id="summarylength"><![CDATA[80]]></item>
					<item id="startrow"><![CDATA[0]]></item>
					<item id="items"><![CDATA[2]]></item>
				</item>
				<item id="shownum"><![CDATA[2]]></item>
				<item id="cachetime"><![CDATA[3600]]></item>
				<item id="cachetimerange"><![CDATA[]]></item>
				<item id="punctualupdate"><![CDATA[0]]></item>
				<item id="hidedisplay"><![CDATA[0]]></item>
				<item id="dateline"><![CDATA[1586628504]]></item>
				<item id="notinherited"><![CDATA[0]]></item>
				<item id="isblank"><![CDATA[0]]></item>
			</item>
		</item>
		<item id="style">
			<item id="123">
				<item id="styleid"><![CDATA[123]]></item>
				<item id="blockclass"><![CDATA[member_member]]></item>
				<item id="name"><![CDATA[[未来科技-新版]会员头像-48px-圆形-阴影]]></item>
				<item id="template">
					<item id="raw"><![CDATA[


<!--
[未来科技-新版]会员头像-48px-圆形-阴影
-->

<style type="text/css">
.vk_avt {margin:5px 0; border-bottom:1px solid #eee; clear:both; }
.border_radius_5 { -webkit-border-radius:25px; -moz-border-radius:25px; border-radius:25px; }
.shadow_1 { box-shadow:1px 1px 3px #ddd; }
.side_r_s_avatar_l {float: left;  display:inline-block; background: #fff; border: none; width: 46px; height: 40px; margin:6px 5px 4px 0;}

	.ie7 .side_r_s_avatar_l { margin:5px 5px 0px 0;}
	.ie6 .side_r_s_avatar_l { margin:5px 5px 0px 0;}

.side_r_s_avatar_r { float: right;width: 115px; height: 48px; color:#999; overflow: hidden; padding-top:5px; padding-left: 8px;}
	.ie7 .side_r_s_avatar_r { height: 42px; }
	.ie6 .side_r_s_avatar_r { height: 40px; }
.side_r_s_avatar_r h2 {font-size: 14px; font-weight:normal; }
.side_r_s_avatar_r span { float:left; font-size: 12px; }
.side_r_s_avatar_r a {color:#555;}
.side_r_s_avatar_r a:hover {color: #f60; text-decoration: none;}
</style>
<div class="module cl">
<ul>
[loop]
<div class="vk_avt">
       <div class="side_r_s_avatar_l ">
	   		<a href="{url}" c="1"{target}><img src="{avatar}" width="40" height="40" alt="{title}" class="border_radius_5 shadow_1" /></a>
       </div>
       <div class="side_r_s_avatar_r">
       		<h2><a href="{url}"{target}>{title}</a></h2>
       		<span>  贴数：{posts}</span>
  	   </div>
</div>
[/loop]
</ul>
</div>
]]></item>
					<item id="footer"><![CDATA[]]></item>
					<item id="header"><![CDATA[]]></item>
					<item id="indexplus"><![CDATA[
					]]></item>
					<item id="index"><![CDATA[
					]]></item>
					<item id="orderplus"><![CDATA[
					]]></item>
					<item id="order"><![CDATA[
					]]></item>
					<item id="loopplus"><![CDATA[
					]]></item>
					<item id="loop"><![CDATA[<div class="vk_avt">
       <div class="side_r_s_avatar_l ">
	   		<a href="{url}" c="1"{target}><img src="{avatar}" width="40" height="40" alt="{title}" class="border_radius_5 shadow_1" /></a>
       </div>
       <div class="side_r_s_avatar_r">
       		<h2><a href="{url}"{target}>{title}</a></h2>
       		<span>  贴数：{posts}</span>
  	   </div>
</div>]]></item>
				</item>
				<item id="hash"><![CDATA[b3583ff3]]></item>
				<item id="getpic"><![CDATA[0]]></item>
				<item id="getsummary"><![CDATA[0]]></item>
				<item id="makethumb"><![CDATA[0]]></item>
				<item id="settarget"><![CDATA[1]]></item>
				<item id="fields">
					<item id="0"><![CDATA[url]]></item>
					<item id="1"><![CDATA[avatar]]></item>
					<item id="2"><![CDATA[title]]></item>
					<item id="3"><![CDATA[posts]]></item>
				</item>
				<item id="moreurl"><![CDATA[0]]></item>
			</item>
			<item id="125">
				<item id="styleid"><![CDATA[125]]></item>
				<item id="blockclass"><![CDATA[forum_thread]]></item>
				<item id="name"><![CDATA[[未来科技-2017]帖子图片幻灯-圆形简约-蓝色-500x315]]></item>
				<item id="template">
					<item id="raw"><![CDATA[


<!--
[未来科技-2017]帖子图片幻灯-圆形简约-蓝色-500x315
-->

<style type="text/css">
.vk_slide_500 { position:relative; overflow:hidden; width:500px; height:315px; }
.vk_slide_500 span { height:50px; font-size:14px;}

.vk_slide_500 .vk_slide_item { position:absolute; top:0; left:0; width:100%; height:100%; }
.vk_slide_item a, .vk_slide_item a:visited { display:block; width:100%; height:100%; color:#FFF; }
.vk_slide_item a:hover { color:#FFF; text-decoration:none; }
.vk_slide_item img { width:100%; height:100%; }
.vk_slide_500 .slideshow li:hover img {opacity:0.9; -moz-opacity:0.9; filter:alpha(opacity=90);}
.vk_slide_item span { position:absolute; left:0; bottom:0; display:block; width:100%; height:50px; overflow:hidden; text-indent:10px; line-height:50px; filter:progid:DXImageTransform.Microsoft.gradient(enabled='true',startColorstr='#66000000',endColorstr='#66000000'); background:rgba(0,0,0,0.4); overflow:hidden; }



.vk_slide_page_circle { position:absolute; right:0; bottom:20px; z-index: 3;}

.vk_slide_page_circle a,.vk_slide_page_circle a:visited  { float: left; margin-right: 5px; width: 10px; height: 10px; overflow:hidden; text-align: center; font: 700 12px/15px ; background: #FFF;  border-radius:5px;/* box-shadow:inset 1px 1px 2px rgba(0,0,0,.4);*/  overflow:hidden; color:#fff; line-height:50px;  }
.vk_slide_page_circle .on, .vk_slide_page_circle .on:visited { text-decoration:none; color:#0ad !important; background:#0ad; }


</style>

<div class="vk_slide_500 slidebox">
	<ul class="slideshow">
		[loop]
		<li class="vk_slide_item" style="width:{picwidth}px; height:{picheight}px;"><a href="{url}"{target} title="{title}"><img src="{pic}" width="{picwidth}" height="{picheight}" /><span>{title}</span></a></li>
		[/loop]
	</ul>

	<div class="vk_slide_page_circle slidebar">
		[loop1]
		<a href="javascript:;">{currentorder}</a>
		[/loop1]
	</div>
</div>
<script type="text/javascript">
runslideshow();
</script>


]]></item>
					<item id="footer"><![CDATA[]]></item>
					<item id="header"><![CDATA[]]></item>
					<item id="indexplus">
					</item>
					<item id="index">
					</item>
					<item id="orderplus">
					</item>
					<item id="order">
					</item>
					<item id="loopplus">
						<item id="1"><![CDATA[<a href="javascript:;">{currentorder}</a>]]></item>
					</item>
					<item id="loop"><![CDATA[<li class="vk_slide_item" style="width:{picwidth}px; height:{picheight}px;"><a href="{url}"{target} title="{title}"><img src="{pic}" width="{picwidth}" height="{picheight}" /><span>{title}</span></a></li>]]></item>
				</item>
				<item id="hash"><![CDATA[ce1546e1]]></item>
				<item id="getpic"><![CDATA[1]]></item>
				<item id="getsummary"><![CDATA[0]]></item>
				<item id="makethumb"><![CDATA[1]]></item>
				<item id="settarget"><![CDATA[1]]></item>
				<item id="fields">
					<item id="0"><![CDATA[url]]></item>
					<item id="1"><![CDATA[title]]></item>
					<item id="2"><![CDATA[pic]]></item>
					<item id="3"><![CDATA[currentorder]]></item>
				</item>
				<item id="moreurl"><![CDATA[0]]></item>
			</item>
			<item id="163">
				<item id="styleid"><![CDATA[163]]></item>
				<item id="blockclass"><![CDATA[forum_thread]]></item>
				<item id="name"><![CDATA[[未来科技-2020]文章图文列表-左图右标题-竖排大间距]]></item>
				<item id="template">
					<item id="raw"><![CDATA[

<!--
[未来科技-2020]文章图文列表-左图右标题-竖排大间距
-->
<style>
.vk_diy_pic_title_big {}
.vk_diy_pic_title_big dl { border-bottom:1px solid #eee; margin:10px 5px; padding:0 0 10px 0;}
.vk_diy_pic_title_big dl:last-child { border-bottom:none; padding-bottom: 0px; margin-bottom: 0px; }
</style>
<div class="module cl xld vk_diy_pic_title_big ">
[loop]
<dl class="cl">
	<dd class="m"><a href="{url}"{target}><img src="{pic}" width="{picwidth}" height="{picheight}" alt="{title}" /></a></dd>
	<dt  style=" font-size:14px; font-weight: normal; color:#333;">  <a href="{url}" title="{title}"{target}>{title}</a></dt>
</dl>
[/loop]
</div>


]]></item>
					<item id="footer"><![CDATA[]]></item>
					<item id="header"><![CDATA[]]></item>
					<item id="indexplus">
					</item>
					<item id="index">
					</item>
					<item id="orderplus">
					</item>
					<item id="order">
					</item>
					<item id="loopplus">
					</item>
					<item id="loop"><![CDATA[<dl class="cl">
	<dd class="m"><a href="{url}"{target}><img src="{pic}" width="{picwidth}" height="{picheight}" alt="{title}" /></a></dd>
	<dt  style=" font-size:14px; font-weight: normal; color:#333;">  <a href="{url}" title="{title}"{target}>{title}</a></dt>
</dl>]]></item>
				</item>
				<item id="hash"><![CDATA[3fb78691]]></item>
				<item id="getpic"><![CDATA[1]]></item>
				<item id="getsummary"><![CDATA[0]]></item>
				<item id="makethumb"><![CDATA[1]]></item>
				<item id="settarget"><![CDATA[1]]></item>
				<item id="fields">
					<item id="0"><![CDATA[url]]></item>
					<item id="1"><![CDATA[pic]]></item>
					<item id="2"><![CDATA[title]]></item>
				</item>
				<item id="moreurl"><![CDATA[0]]></item>
			</item>
			<item id="166">
				<item id="styleid"><![CDATA[166]]></item>
				<item id="blockclass"><![CDATA[forum_thread]]></item>
				<item id="name"><![CDATA[[未来科技-2020]帖子图片调用-一列-标题负边距-背景白色]]></item>
				<item id="template">
					<item id="raw"><![CDATA[

<!--
[未来科技-2020]帖子图片调用-一列-标题负边距-背景白色
-->
<style type="text/css">
.vk_pic_list_1_10_inner_ { }
.vk_pic_list_1_10_inner_white li {  position:relative; float: left;  margin: 0 0px 10px 0px; }

.vk_pic_list_1_10_inner_white li img {background: #fff; border: 0px solid #333; cursor: pointer; }
.vk_pic_list_1_10_inner_white span  { display: block;  background-color:#fff; position:absolute ; left:0px; bottom:0px; width:100% ; height:40px ; text-indent:5px; line-height:40px; font-size:14px;  color:#222; overflow:hidden; opacity:.70;filter:alpha(opacity=80);}
.vk_pic_list_1_10_inner_white li:hover span { background-color:#000; color:#f60; text-decoration:none; }
.vk_pic_list_1_10_inner_white span:hover { color:#f60; text-decoration:none; }

</style>
<div class="vk_pic_list_1_10_inner_white cl">
    <ul>
        [loop]
            <li style="width:{picwidth}px; height:{picheight}px;"><a href="{url}"{target} title="{title}"><img src="{pic}" width="{picwidth}" height="{picheight}" /><span>{title}</span></a></li>
        [/loop]
    </ul>
</div>



]]></item>
					<item id="footer"><![CDATA[]]></item>
					<item id="header"><![CDATA[]]></item>
					<item id="indexplus">
					</item>
					<item id="index">
					</item>
					<item id="orderplus">
					</item>
					<item id="order">
					</item>
					<item id="loopplus">
					</item>
					<item id="loop"><![CDATA[<li style="width:{picwidth}px; height:{picheight}px;"><a href="{url}"{target} title="{title}"><img src="{pic}" width="{picwidth}" height="{picheight}" /><span>{title}</span></a></li>]]></item>
				</item>
				<item id="hash"><![CDATA[279740ac]]></item>
				<item id="getpic"><![CDATA[1]]></item>
				<item id="getsummary"><![CDATA[0]]></item>
				<item id="makethumb"><![CDATA[1]]></item>
				<item id="settarget"><![CDATA[1]]></item>
				<item id="fields">
					<item id="0"><![CDATA[url]]></item>
					<item id="1"><![CDATA[title]]></item>
					<item id="2"><![CDATA[pic]]></item>
				</item>
				<item id="moreurl"><![CDATA[0]]></item>
			</item>
			<item id="171">
				<item id="styleid"><![CDATA[171]]></item>
				<item id="blockclass"><![CDATA[forum_thread]]></item>
				<item id="name"><![CDATA[[未来科技-2020]帖子标题调用-可自定义个数-彩色列表-无序号-方形]]></item>
				<item id="template">
					<item id="raw"><![CDATA[<!--
[未来科技-2020]帖子标题调用-可自定义个数-彩色列表-无序号-方形
-->
<style>
.vk_rank_color {margin-top:15px;}
.vk_rank_color ul li{ height:40px; line-height:36px;  overflow:hidden; border-bottom:1px solid #eee; padding: 5px 0; }
.vk_rank_color ul li span{ float:left; margin:0 10px 0 0; display:block; width:5px; height:36px;  }
.vk_rank_color ul li a{ font-size:14px; color:#666;  }
.vk_rank_color ul li a:hover{ color:#f60;}
.vk_rank_color ul li span.vk_diy_color_one{ background:#f41;}
.vk_rank_color ul li span.vk_diy_color_two{ background:#f92;}
.vk_rank_color ul li span.vk_diy_color_three{ background:#fb5;}
.vk_rank_color ul li span.vk_diy_color_common{ background:#f2f2f2; color:#999; }
.vk_rank_color ul li:first-child { padding-top: 0px; }
.vk_rank_color ul li:last-child { border-bottom: none;  }
</style>

<div class="module cl xl vk_rank_color">
	<ul class=" ">
		[order=1]<li><span class="vk_diy_color_one"></span><a href="{url}" title="{title}" {target}>{title}</a></li>[/order]
		[order=2]<li><span class="vk_diy_color_two"></span><a href="{url}" title="{title}" {target}>{title}</a></li>[/order]
		[order=3]<li><span class="vk_diy_color_three"></span><a href="{url}" title="{title}" {target}>{title}</a></li>[/order]
		[loop]<li><span class="vk_diy_color_common"></span><a href="{url}" title="{title}" {target}>{title}</a></li>[/loop]
	</ul>
</div>
]]></item>
					<item id="footer"><![CDATA[]]></item>
					<item id="header"><![CDATA[]]></item>
					<item id="indexplus">
					</item>
					<item id="index">
					</item>
					<item id="orderplus">
					</item>
					<item id="order">
						<item id="1"><![CDATA[<li><span class="vk_diy_color_one"></span><a href="{url}" title="{title}" {target}>{title}</a></li>]]></item>
						<item id="2"><![CDATA[<li><span class="vk_diy_color_two"></span><a href="{url}" title="{title}" {target}>{title}</a></li>]]></item>
						<item id="3"><![CDATA[<li><span class="vk_diy_color_three"></span><a href="{url}" title="{title}" {target}>{title}</a></li>]]></item>
					</item>
					<item id="loopplus">
					</item>
					<item id="loop"><![CDATA[<li><span class="vk_diy_color_common"></span><a href="{url}" title="{title}" {target}>{title}</a></li>]]></item>
				</item>
				<item id="hash"><![CDATA[acd06f14]]></item>
				<item id="getpic"><![CDATA[0]]></item>
				<item id="getsummary"><![CDATA[0]]></item>
				<item id="makethumb"><![CDATA[0]]></item>
				<item id="settarget"><![CDATA[1]]></item>
				<item id="fields">
					<item id="0"><![CDATA[url]]></item>
					<item id="1"><![CDATA[title]]></item>
				</item>
				<item id="moreurl"><![CDATA[0]]></item>
			</item>
			<item id="176">
				<item id="styleid"><![CDATA[176]]></item>
				<item id="blockclass"><![CDATA[forum_thread]]></item>
				<item id="name"><![CDATA[[未来科技-2020]帖子标题调用-可自定义个数-彩色列表序号-圆角方形-little]]></item>
				<item id="template">
					<item id="raw"><![CDATA[<!--
[未来科技-2020]帖子标题调用-可自定义个数-彩色列表序号-圆角方形-little
-->
<style>
.vk_rank_color_little { }
.vk_rank_color_little ul li{ height:26px;line-height: 20px;  overflow:hidden; }
.vk_rank_color_little ul li span{ display:block; width:20px; height:20px; line-height:20px; color:#fff; font-size:12px; float:left; text-align:center; border-radius:3px; margin:0px 8px 0 0;}
.vk_rank_color_little ul li a{ font-size:14px; color:#666;}
.vk_rank_color_little ul li a:hover{ color:#f60;}
.vk_rank_color_little ul li span.vk_diy_color_one{ background:#f76;}
.vk_rank_color_little ul li span.vk_diy_color_two{ background:#b7db4c;}
.vk_rank_color_little ul li span.vk_diy_color_three{ background:#9bddf2;}
.vk_rank_color_little ul li span.vk_diy_color_common{ background:#f2f2f2; color:#999; }
.vk_rank_color_little ul li:last-child { border-bottom: none; padding-bottom: 0px; margin-bottom: 0px; }

.vk_rank_color_little li em { display:inline; float:right; font-size:12px; color:#ccc;}

</style>

<div class="module cl xl vk_rank_color_little">
	<ul class=" ">
		[order=1]<li><span class="vk_diy_color_one">{currentorder}</span><a href="{url}" title="{title}" {target}>{title}</a><em > {dateline} </em></li>[/order]
		[order=2]<li><span class="vk_diy_color_two">{currentorder}</span><a href="{url}" title="{title}" {target}>{title}</a><em > {dateline} </em></li>[/order]
		[order=3]<li><span class="vk_diy_color_three">{currentorder}</span><a href="{url}" title="{title}" {target}>{title}</a><em > {dateline} </em></li>[/order]
		[loop]<li><span class="vk_diy_color_common">{currentorder}</span><a href="{url}" title="{title}" {target}>{title}</a><em > {dateline} </em></li>[/loop]
	</ul>
</div>
]]></item>
					<item id="footer"><![CDATA[]]></item>
					<item id="header"><![CDATA[]]></item>
					<item id="indexplus">
					</item>
					<item id="index">
					</item>
					<item id="orderplus">
					</item>
					<item id="order">
						<item id="1"><![CDATA[<li><span class="vk_diy_color_one">{currentorder}</span><a href="{url}" title="{title}" {target}>{title}</a><em > {dateline} </em></li>]]></item>
						<item id="2"><![CDATA[<li><span class="vk_diy_color_two">{currentorder}</span><a href="{url}" title="{title}" {target}>{title}</a><em > {dateline} </em></li>]]></item>
						<item id="3"><![CDATA[<li><span class="vk_diy_color_three">{currentorder}</span><a href="{url}" title="{title}" {target}>{title}</a><em > {dateline} </em></li>]]></item>
					</item>
					<item id="loopplus">
					</item>
					<item id="loop"><![CDATA[<li><span class="vk_diy_color_common">{currentorder}</span><a href="{url}" title="{title}" {target}>{title}</a><em > {dateline} </em></li>]]></item>
				</item>
				<item id="hash"><![CDATA[db79e23b]]></item>
				<item id="getpic"><![CDATA[0]]></item>
				<item id="getsummary"><![CDATA[0]]></item>
				<item id="makethumb"><![CDATA[0]]></item>
				<item id="settarget"><![CDATA[1]]></item>
				<item id="fields">
					<item id="0"><![CDATA[currentorder]]></item>
					<item id="1"><![CDATA[url]]></item>
					<item id="2"><![CDATA[title]]></item>
					<item id="3"><![CDATA[dateline]]></item>
				</item>
				<item id="moreurl"><![CDATA[0]]></item>
			</item>
		</item>
	</item>
</root>