<?xml version="1.0" encoding="ISO-8859-1"?>
<root>
	<item id="Title"><![CDATA[Discuz! Threadtypes]]></item>
	<item id="Version"><![CDATA[X3.2]]></item>
	<item id="Time"><![CDATA[2018-03-14 06:19]]></item>
	<item id="From"><![CDATA[DisM!应用中心 (https://dism.taobao.com/)]]></item>
	<item id="Data">
		<item id="0">
			<item id="optionid"><![CDATA[2338]]></item>
			<item id="classid"><![CDATA[4]]></item>
			<item id="displayorder"><![CDATA[111]]></item>
			<item id="expiration"><![CDATA[0]]></item>
			<item id="title"><![CDATA[区域]]></item>
			<item id="description"><![CDATA[本地商家优惠信息]]></item>
			<item id="identifier"><![CDATA[nex_ld_quyu]]></item>
			<item id="type"><![CDATA[radio]]></item>
			<item id="unit"><![CDATA[]]></item>
			<item id="permprompt"><![CDATA[]]></item>
			<item id="typeid"><![CDATA[92]]></item>
			<item id="name"><![CDATA[本地商家]]></item>
			<item id="icon"><![CDATA[]]></item>
			<item id="special"><![CDATA[1]]></item>
			<item id="modelid"><![CDATA[0]]></item>
			<item id="template"><![CDATA[<div class="nex_local_dealer_cons">
	<div class="nex_interconstxt">
    	<h5>{nex_ld_name_value}</h5>
        <p>{nex_ld_youhui_value}</p>
    </div>
	<div class="nex_intercons">
    	<div class="nex_intercons_piv">
        	<img src="{nex_ld_pivcover_value}" />
        </div>
        <div class="nex_intercons_info">
        	<div class="nex_pricebox">
            	<div class="nex_pricebox_l">
                	<em>￥</em>
                    <span>{nex_ld_xianjia_value}</span>
                    <i>原价￥{nex_ld_yuanjia_value}</i>
                    <div class="clear"></div>
                </div>
                <div class="nex_pricebox_r">
                	<p>扫码支付 快速便捷</p>
                    <img src="{nex_ld_erweima_value}" />
                    <div class="clear"></div>
                </div>
                <div class="clear"></div>
            </div>
            <div class="nex_detailscon">
            	<ul>
                	<li>
                    	<em>优惠截止至</em>
                    	<p title="{nex_ld_jiezhi_value}">{nex_ld_jiezhi_value}</p>
                    </li>
                    <li>
                    	<em>可用时间</em>
                    	<p title="{nex_ld_shijian_value}">{nex_ld_shijian_value}</p>
                    </li>
                    <li style="border-right:0;">
                    	<em>使用限制</em>
                    	<p title="{nex_ld_xianzhi_value}">{nex_ld_xianzhi_value}</p>
                    </li>
                    <div class="clear"></div>
                </ul>
            </div>
            <div class="nex_list_add">{nex_ld_dizhi_value}</div>
            <div class="nex_list_btms">
            	<div class="nex_list_tel">{nex_ld_tels_value}</div>
                <div class="nex_list_qqs"><a href="tencent://Message/?Uin={nex_ld_qqs_value}&amp;websiteName=#=&amp;Menu=yes">QQ交谈</a></div>
                <div class="clear"></div>
            </div>
        </div>
        <div class="clear"></div>
    </div>

</div>]]></item>
			<item id="stemplate"><![CDATA[<style typt="text/css">
#thread_types {display:none;}
.mn{ padding:0; border:0; width:1180px!important;overflow:visible!important;}
</style>
<div class="nex_local_dealers">
	<ul>
[loop]
    	<li>
        	<div class="nex_ld_top">
            	<div class="nex_ld_top_piv">
            		<a href="{subject_url}" target="_blank"><img src="{nex_ld_pivcover_value}" /></a>
                </div>
                <div class="nex_ld_top_con"><em>{nex_ld_yuyue_value}</em><span>	{nex_ld_xianzhi_value}</span></div>
                <div class="nex_ld_top_add"><span>{nex_ld_dizhi_value}</span></div>
            </div>
            <div class="nex_ld_btm">
            	<h5><a href="{subject_url}" target="_blank">{nex_ld_name_value}</a></h5>
                <div class="nex_ld_btm_subject"><em>惠</em>{nex_ld_youhui_value}</div>
                <div class="nex_ld_btm_remarks"><span>{nex_ld_shijian_value}</span><div class="clear"></div></div>
                <div class="nex_ld_btm_node">
                	<div class="nex_ld_btm_price">
                    	<span><i>￥</i>{nex_ld_xianjia_value}</span>
                        <em>原价￥{nex_ld_yuanjia_value}</em>
                    </div>
                    <div class="nex_ld_btm_add">{nex_ld_quyu_value}</div>
                    <div class="clear"></div>
                </div>
            </div>
        </li>
        [/loop]
        <div class="clear"></div>
    </ul>
</div>]]></item>
			<item id="ptemplate"><![CDATA[]]></item>
			<item id="btemplate"><![CDATA[]]></item>
			<item id="sortid"><![CDATA[92]]></item>
			<item id="available"><![CDATA[1]]></item>
			<item id="required"><![CDATA[1]]></item>
			<item id="unchangeable"><![CDATA[0]]></item>
			<item id="search"><![CDATA[2]]></item>
			<item id="subjectshow"><![CDATA[1]]></item>
			<item id="tpdescription"><![CDATA[]]></item>
			<item id="ttdescription"><![CDATA[本地商家优惠信息]]></item>
			<item id="tpexpiration"><![CDATA[0]]></item>
			<item id="ttexpiration"><![CDATA[0]]></item>
			<item id="__protect">
				<item id="usergroup"><![CDATA[]]></item>
				<item id="verify"><![CDATA[]]></item>
			</item>
			<item id="__rules">
				<item id="choices"><![CDATA[1=卢湾区
2=黄浦区
3=静安区
4=徐汇区
5=虹口区
6=普陀区
7=闸北区
8=杨浦区
9=浦东新区
10=宝山区
11=嘉定区
12=闵行区
13=南汇区
14=长宁区
15=金山区
16=青浦区
17=南汇区
18=奉贤区
19=崇明县]]></item>
			</item>
		</item>
		<item id="1">
			<item id="optionid"><![CDATA[2339]]></item>
			<item id="classid"><![CDATA[4]]></item>
			<item id="displayorder"><![CDATA[112]]></item>
			<item id="expiration"><![CDATA[0]]></item>
			<item id="title"><![CDATA[分类]]></item>
			<item id="description"><![CDATA[本地商家优惠信息]]></item>
			<item id="identifier"><![CDATA[nex_ld_types]]></item>
			<item id="type"><![CDATA[radio]]></item>
			<item id="unit"><![CDATA[]]></item>
			<item id="permprompt"><![CDATA[]]></item>
			<item id="typeid"><![CDATA[92]]></item>
			<item id="name"><![CDATA[本地商家]]></item>
			<item id="icon"><![CDATA[]]></item>
			<item id="special"><![CDATA[1]]></item>
			<item id="modelid"><![CDATA[0]]></item>
			<item id="template"><![CDATA[<div class="nex_local_dealer_cons">
	<div class="nex_interconstxt">
    	<h5>{nex_ld_name_value}</h5>
        <p>{nex_ld_youhui_value}</p>
    </div>
	<div class="nex_intercons">
    	<div class="nex_intercons_piv">
        	<img src="{nex_ld_pivcover_value}" />
        </div>
        <div class="nex_intercons_info">
        	<div class="nex_pricebox">
            	<div class="nex_pricebox_l">
                	<em>￥</em>
                    <span>{nex_ld_xianjia_value}</span>
                    <i>原价￥{nex_ld_yuanjia_value}</i>
                    <div class="clear"></div>
                </div>
                <div class="nex_pricebox_r">
                	<p>扫码支付 快速便捷</p>
                    <img src="{nex_ld_erweima_value}" />
                    <div class="clear"></div>
                </div>
                <div class="clear"></div>
            </div>
            <div class="nex_detailscon">
            	<ul>
                	<li>
                    	<em>优惠截止至</em>
                    	<p title="{nex_ld_jiezhi_value}">{nex_ld_jiezhi_value}</p>
                    </li>
                    <li>
                    	<em>可用时间</em>
                    	<p title="{nex_ld_shijian_value}">{nex_ld_shijian_value}</p>
                    </li>
                    <li style="border-right:0;">
                    	<em>使用限制</em>
                    	<p title="{nex_ld_xianzhi_value}">{nex_ld_xianzhi_value}</p>
                    </li>
                    <div class="clear"></div>
                </ul>
            </div>
            <div class="nex_list_add">{nex_ld_dizhi_value}</div>
            <div class="nex_list_btms">
            	<div class="nex_list_tel">{nex_ld_tels_value}</div>
                <div class="nex_list_qqs"><a href="tencent://Message/?Uin={nex_ld_qqs_value}&amp;websiteName=#=&amp;Menu=yes">QQ交谈</a></div>
                <div class="clear"></div>
            </div>
        </div>
        <div class="clear"></div>
    </div>

</div>]]></item>
			<item id="stemplate"><![CDATA[<style typt="text/css">
#thread_types {display:none;}
.mn{ padding:0; border:0; width:1180px!important;overflow:visible!important;}
</style>
<div class="nex_local_dealers">
	<ul>
[loop]
    	<li>
        	<div class="nex_ld_top">
            	<div class="nex_ld_top_piv">
            		<a href="{subject_url}" target="_blank"><img src="{nex_ld_pivcover_value}" /></a>
                </div>
                <div class="nex_ld_top_con"><em>{nex_ld_yuyue_value}</em><span>	{nex_ld_xianzhi_value}</span></div>
                <div class="nex_ld_top_add"><span>{nex_ld_dizhi_value}</span></div>
            </div>
            <div class="nex_ld_btm">
            	<h5><a href="{subject_url}" target="_blank">{nex_ld_name_value}</a></h5>
                <div class="nex_ld_btm_subject"><em>惠</em>{nex_ld_youhui_value}</div>
                <div class="nex_ld_btm_remarks"><span>{nex_ld_shijian_value}</span><div class="clear"></div></div>
                <div class="nex_ld_btm_node">
                	<div class="nex_ld_btm_price">
                    	<span><i>￥</i>{nex_ld_xianjia_value}</span>
                        <em>原价￥{nex_ld_yuanjia_value}</em>
                    </div>
                    <div class="nex_ld_btm_add">{nex_ld_quyu_value}</div>
                    <div class="clear"></div>
                </div>
            </div>
        </li>
        [/loop]
        <div class="clear"></div>
    </ul>
</div>]]></item>
			<item id="ptemplate"><![CDATA[]]></item>
			<item id="btemplate"><![CDATA[]]></item>
			<item id="sortid"><![CDATA[92]]></item>
			<item id="available"><![CDATA[1]]></item>
			<item id="required"><![CDATA[1]]></item>
			<item id="unchangeable"><![CDATA[0]]></item>
			<item id="search"><![CDATA[2]]></item>
			<item id="subjectshow"><![CDATA[1]]></item>
			<item id="tpdescription"><![CDATA[]]></item>
			<item id="ttdescription"><![CDATA[本地商家优惠信息]]></item>
			<item id="tpexpiration"><![CDATA[0]]></item>
			<item id="ttexpiration"><![CDATA[0]]></item>
			<item id="__protect">
				<item id="usergroup"><![CDATA[]]></item>
				<item id="verify"><![CDATA[]]></item>
			</item>
			<item id="__rules">
				<item id="choices"><![CDATA[1=儿童乐园
2=婴儿游泳
3=儿童摄影
4=孕妇写真
5=母婴护理
6=幼儿教育
7=亲子购物
8=儿童保健
9=手工DIY
10=科普场馆
11=采摘/农家乐
12=其他]]></item>
			</item>
		</item>
		<item id="2">
			<item id="optionid"><![CDATA[2342]]></item>
			<item id="classid"><![CDATA[4]]></item>
			<item id="displayorder"><![CDATA[1]]></item>
			<item id="expiration"><![CDATA[0]]></item>
			<item id="protect"><![CDATA[]]></item>
			<item id="title"><![CDATA[商家名称]]></item>
			<item id="description"><![CDATA[本地商家优惠信息]]></item>
			<item id="identifier"><![CDATA[nex_ld_name]]></item>
			<item id="type"><![CDATA[text]]></item>
			<item id="unit"><![CDATA[]]></item>
			<item id="rules"><![CDATA[]]></item>
			<item id="permprompt"><![CDATA[]]></item>
			<item id="typeid"><![CDATA[92]]></item>
			<item id="name"><![CDATA[本地商家]]></item>
			<item id="icon"><![CDATA[]]></item>
			<item id="special"><![CDATA[1]]></item>
			<item id="modelid"><![CDATA[0]]></item>
			<item id="template"><![CDATA[<div class="nex_local_dealer_cons">
	<div class="nex_interconstxt">
    	<h5>{nex_ld_name_value}</h5>
        <p>{nex_ld_youhui_value}</p>
    </div>
	<div class="nex_intercons">
    	<div class="nex_intercons_piv">
        	<img src="{nex_ld_pivcover_value}" />
        </div>
        <div class="nex_intercons_info">
        	<div class="nex_pricebox">
            	<div class="nex_pricebox_l">
                	<em>￥</em>
                    <span>{nex_ld_xianjia_value}</span>
                    <i>原价￥{nex_ld_yuanjia_value}</i>
                    <div class="clear"></div>
                </div>
                <div class="nex_pricebox_r">
                	<p>扫码支付 快速便捷</p>
                    <img src="{nex_ld_erweima_value}" />
                    <div class="clear"></div>
                </div>
                <div class="clear"></div>
            </div>
            <div class="nex_detailscon">
            	<ul>
                	<li>
                    	<em>优惠截止至</em>
                    	<p title="{nex_ld_jiezhi_value}">{nex_ld_jiezhi_value}</p>
                    </li>
                    <li>
                    	<em>可用时间</em>
                    	<p title="{nex_ld_shijian_value}">{nex_ld_shijian_value}</p>
                    </li>
                    <li style="border-right:0;">
                    	<em>使用限制</em>
                    	<p title="{nex_ld_xianzhi_value}">{nex_ld_xianzhi_value}</p>
                    </li>
                    <div class="clear"></div>
                </ul>
            </div>
            <div class="nex_list_add">{nex_ld_dizhi_value}</div>
            <div class="nex_list_btms">
            	<div class="nex_list_tel">{nex_ld_tels_value}</div>
                <div class="nex_list_qqs"><a href="tencent://Message/?Uin={nex_ld_qqs_value}&amp;websiteName=#=&amp;Menu=yes">QQ交谈</a></div>
                <div class="clear"></div>
            </div>
        </div>
        <div class="clear"></div>
    </div>

</div>]]></item>
			<item id="stemplate"><![CDATA[<style typt="text/css">
#thread_types {display:none;}
.mn{ padding:0; border:0; width:1180px!important;overflow:visible!important;}
</style>
<div class="nex_local_dealers">
	<ul>
[loop]
    	<li>
        	<div class="nex_ld_top">
            	<div class="nex_ld_top_piv">
            		<a href="{subject_url}" target="_blank"><img src="{nex_ld_pivcover_value}" /></a>
                </div>
                <div class="nex_ld_top_con"><em>{nex_ld_yuyue_value}</em><span>	{nex_ld_xianzhi_value}</span></div>
                <div class="nex_ld_top_add"><span>{nex_ld_dizhi_value}</span></div>
            </div>
            <div class="nex_ld_btm">
            	<h5><a href="{subject_url}" target="_blank">{nex_ld_name_value}</a></h5>
                <div class="nex_ld_btm_subject"><em>惠</em>{nex_ld_youhui_value}</div>
                <div class="nex_ld_btm_remarks"><span>{nex_ld_shijian_value}</span><div class="clear"></div></div>
                <div class="nex_ld_btm_node">
                	<div class="nex_ld_btm_price">
                    	<span><i>￥</i>{nex_ld_xianjia_value}</span>
                        <em>原价￥{nex_ld_yuanjia_value}</em>
                    </div>
                    <div class="nex_ld_btm_add">{nex_ld_quyu_value}</div>
                    <div class="clear"></div>
                </div>
            </div>
        </li>
        [/loop]
        <div class="clear"></div>
    </ul>
</div>]]></item>
			<item id="ptemplate"><![CDATA[]]></item>
			<item id="btemplate"><![CDATA[]]></item>
			<item id="sortid"><![CDATA[92]]></item>
			<item id="available"><![CDATA[1]]></item>
			<item id="required"><![CDATA[0]]></item>
			<item id="unchangeable"><![CDATA[0]]></item>
			<item id="search"><![CDATA[0]]></item>
			<item id="subjectshow"><![CDATA[1]]></item>
			<item id="tpdescription"><![CDATA[]]></item>
			<item id="ttdescription"><![CDATA[本地商家优惠信息]]></item>
			<item id="tpexpiration"><![CDATA[0]]></item>
			<item id="ttexpiration"><![CDATA[0]]></item>
		</item>
		<item id="3">
			<item id="optionid"><![CDATA[2343]]></item>
			<item id="classid"><![CDATA[4]]></item>
			<item id="displayorder"><![CDATA[2]]></item>
			<item id="expiration"><![CDATA[0]]></item>
			<item id="protect"><![CDATA[]]></item>
			<item id="title"><![CDATA[优惠项目]]></item>
			<item id="description"><![CDATA[本地商家优惠信息]]></item>
			<item id="identifier"><![CDATA[nex_ld_youhui]]></item>
			<item id="type"><![CDATA[text]]></item>
			<item id="unit"><![CDATA[]]></item>
			<item id="rules"><![CDATA[]]></item>
			<item id="permprompt"><![CDATA[]]></item>
			<item id="typeid"><![CDATA[92]]></item>
			<item id="name"><![CDATA[本地商家]]></item>
			<item id="icon"><![CDATA[]]></item>
			<item id="special"><![CDATA[1]]></item>
			<item id="modelid"><![CDATA[0]]></item>
			<item id="template"><![CDATA[<div class="nex_local_dealer_cons">
	<div class="nex_interconstxt">
    	<h5>{nex_ld_name_value}</h5>
        <p>{nex_ld_youhui_value}</p>
    </div>
	<div class="nex_intercons">
    	<div class="nex_intercons_piv">
        	<img src="{nex_ld_pivcover_value}" />
        </div>
        <div class="nex_intercons_info">
        	<div class="nex_pricebox">
            	<div class="nex_pricebox_l">
                	<em>￥</em>
                    <span>{nex_ld_xianjia_value}</span>
                    <i>原价￥{nex_ld_yuanjia_value}</i>
                    <div class="clear"></div>
                </div>
                <div class="nex_pricebox_r">
                	<p>扫码支付 快速便捷</p>
                    <img src="{nex_ld_erweima_value}" />
                    <div class="clear"></div>
                </div>
                <div class="clear"></div>
            </div>
            <div class="nex_detailscon">
            	<ul>
                	<li>
                    	<em>优惠截止至</em>
                    	<p title="{nex_ld_jiezhi_value}">{nex_ld_jiezhi_value}</p>
                    </li>
                    <li>
                    	<em>可用时间</em>
                    	<p title="{nex_ld_shijian_value}">{nex_ld_shijian_value}</p>
                    </li>
                    <li style="border-right:0;">
                    	<em>使用限制</em>
                    	<p title="{nex_ld_xianzhi_value}">{nex_ld_xianzhi_value}</p>
                    </li>
                    <div class="clear"></div>
                </ul>
            </div>
            <div class="nex_list_add">{nex_ld_dizhi_value}</div>
            <div class="nex_list_btms">
            	<div class="nex_list_tel">{nex_ld_tels_value}</div>
                <div class="nex_list_qqs"><a href="tencent://Message/?Uin={nex_ld_qqs_value}&amp;websiteName=#=&amp;Menu=yes">QQ交谈</a></div>
                <div class="clear"></div>
            </div>
        </div>
        <div class="clear"></div>
    </div>

</div>]]></item>
			<item id="stemplate"><![CDATA[<style typt="text/css">
#thread_types {display:none;}
.mn{ padding:0; border:0; width:1180px!important;overflow:visible!important;}
</style>
<div class="nex_local_dealers">
	<ul>
[loop]
    	<li>
        	<div class="nex_ld_top">
            	<div class="nex_ld_top_piv">
            		<a href="{subject_url}" target="_blank"><img src="{nex_ld_pivcover_value}" /></a>
                </div>
                <div class="nex_ld_top_con"><em>{nex_ld_yuyue_value}</em><span>	{nex_ld_xianzhi_value}</span></div>
                <div class="nex_ld_top_add"><span>{nex_ld_dizhi_value}</span></div>
            </div>
            <div class="nex_ld_btm">
            	<h5><a href="{subject_url}" target="_blank">{nex_ld_name_value}</a></h5>
                <div class="nex_ld_btm_subject"><em>惠</em>{nex_ld_youhui_value}</div>
                <div class="nex_ld_btm_remarks"><span>{nex_ld_shijian_value}</span><div class="clear"></div></div>
                <div class="nex_ld_btm_node">
                	<div class="nex_ld_btm_price">
                    	<span><i>￥</i>{nex_ld_xianjia_value}</span>
                        <em>原价￥{nex_ld_yuanjia_value}</em>
                    </div>
                    <div class="nex_ld_btm_add">{nex_ld_quyu_value}</div>
                    <div class="clear"></div>
                </div>
            </div>
        </li>
        [/loop]
        <div class="clear"></div>
    </ul>
</div>]]></item>
			<item id="ptemplate"><![CDATA[]]></item>
			<item id="btemplate"><![CDATA[]]></item>
			<item id="sortid"><![CDATA[92]]></item>
			<item id="available"><![CDATA[1]]></item>
			<item id="required"><![CDATA[0]]></item>
			<item id="unchangeable"><![CDATA[0]]></item>
			<item id="search"><![CDATA[0]]></item>
			<item id="subjectshow"><![CDATA[1]]></item>
			<item id="tpdescription"><![CDATA[]]></item>
			<item id="ttdescription"><![CDATA[本地商家优惠信息]]></item>
			<item id="tpexpiration"><![CDATA[0]]></item>
			<item id="ttexpiration"><![CDATA[0]]></item>
		</item>
		<item id="4">
			<item id="optionid"><![CDATA[2344]]></item>
			<item id="classid"><![CDATA[4]]></item>
			<item id="displayorder"><![CDATA[3]]></item>
			<item id="expiration"><![CDATA[0]]></item>
			<item id="protect"><![CDATA[]]></item>
			<item id="title"><![CDATA[商家地址]]></item>
			<item id="description"><![CDATA[本地商家优惠信息]]></item>
			<item id="identifier"><![CDATA[nex_ld_dizhi]]></item>
			<item id="type"><![CDATA[text]]></item>
			<item id="unit"><![CDATA[]]></item>
			<item id="rules"><![CDATA[]]></item>
			<item id="permprompt"><![CDATA[]]></item>
			<item id="typeid"><![CDATA[92]]></item>
			<item id="name"><![CDATA[本地商家]]></item>
			<item id="icon"><![CDATA[]]></item>
			<item id="special"><![CDATA[1]]></item>
			<item id="modelid"><![CDATA[0]]></item>
			<item id="template"><![CDATA[<div class="nex_local_dealer_cons">
	<div class="nex_interconstxt">
    	<h5>{nex_ld_name_value}</h5>
        <p>{nex_ld_youhui_value}</p>
    </div>
	<div class="nex_intercons">
    	<div class="nex_intercons_piv">
        	<img src="{nex_ld_pivcover_value}" />
        </div>
        <div class="nex_intercons_info">
        	<div class="nex_pricebox">
            	<div class="nex_pricebox_l">
                	<em>￥</em>
                    <span>{nex_ld_xianjia_value}</span>
                    <i>原价￥{nex_ld_yuanjia_value}</i>
                    <div class="clear"></div>
                </div>
                <div class="nex_pricebox_r">
                	<p>扫码支付 快速便捷</p>
                    <img src="{nex_ld_erweima_value}" />
                    <div class="clear"></div>
                </div>
                <div class="clear"></div>
            </div>
            <div class="nex_detailscon">
            	<ul>
                	<li>
                    	<em>优惠截止至</em>
                    	<p title="{nex_ld_jiezhi_value}">{nex_ld_jiezhi_value}</p>
                    </li>
                    <li>
                    	<em>可用时间</em>
                    	<p title="{nex_ld_shijian_value}">{nex_ld_shijian_value}</p>
                    </li>
                    <li style="border-right:0;">
                    	<em>使用限制</em>
                    	<p title="{nex_ld_xianzhi_value}">{nex_ld_xianzhi_value}</p>
                    </li>
                    <div class="clear"></div>
                </ul>
            </div>
            <div class="nex_list_add">{nex_ld_dizhi_value}</div>
            <div class="nex_list_btms">
            	<div class="nex_list_tel">{nex_ld_tels_value}</div>
                <div class="nex_list_qqs"><a href="tencent://Message/?Uin={nex_ld_qqs_value}&amp;websiteName=#=&amp;Menu=yes">QQ交谈</a></div>
                <div class="clear"></div>
            </div>
        </div>
        <div class="clear"></div>
    </div>

</div>]]></item>
			<item id="stemplate"><![CDATA[<style typt="text/css">
#thread_types {display:none;}
.mn{ padding:0; border:0; width:1180px!important;overflow:visible!important;}
</style>
<div class="nex_local_dealers">
	<ul>
[loop]
    	<li>
        	<div class="nex_ld_top">
            	<div class="nex_ld_top_piv">
            		<a href="{subject_url}" target="_blank"><img src="{nex_ld_pivcover_value}" /></a>
                </div>
                <div class="nex_ld_top_con"><em>{nex_ld_yuyue_value}</em><span>	{nex_ld_xianzhi_value}</span></div>
                <div class="nex_ld_top_add"><span>{nex_ld_dizhi_value}</span></div>
            </div>
            <div class="nex_ld_btm">
            	<h5><a href="{subject_url}" target="_blank">{nex_ld_name_value}</a></h5>
                <div class="nex_ld_btm_subject"><em>惠</em>{nex_ld_youhui_value}</div>
                <div class="nex_ld_btm_remarks"><span>{nex_ld_shijian_value}</span><div class="clear"></div></div>
                <div class="nex_ld_btm_node">
                	<div class="nex_ld_btm_price">
                    	<span><i>￥</i>{nex_ld_xianjia_value}</span>
                        <em>原价￥{nex_ld_yuanjia_value}</em>
                    </div>
                    <div class="nex_ld_btm_add">{nex_ld_quyu_value}</div>
                    <div class="clear"></div>
                </div>
            </div>
        </li>
        [/loop]
        <div class="clear"></div>
    </ul>
</div>]]></item>
			<item id="ptemplate"><![CDATA[]]></item>
			<item id="btemplate"><![CDATA[]]></item>
			<item id="sortid"><![CDATA[92]]></item>
			<item id="available"><![CDATA[1]]></item>
			<item id="required"><![CDATA[0]]></item>
			<item id="unchangeable"><![CDATA[0]]></item>
			<item id="search"><![CDATA[0]]></item>
			<item id="subjectshow"><![CDATA[1]]></item>
			<item id="tpdescription"><![CDATA[]]></item>
			<item id="ttdescription"><![CDATA[本地商家优惠信息]]></item>
			<item id="tpexpiration"><![CDATA[0]]></item>
			<item id="ttexpiration"><![CDATA[0]]></item>
		</item>
		<item id="5">
			<item id="optionid"><![CDATA[2345]]></item>
			<item id="classid"><![CDATA[4]]></item>
			<item id="displayorder"><![CDATA[4]]></item>
			<item id="expiration"><![CDATA[0]]></item>
			<item id="protect"><![CDATA[]]></item>
			<item id="title"><![CDATA[优惠截止至]]></item>
			<item id="description"><![CDATA[本地商家优惠信息]]></item>
			<item id="identifier"><![CDATA[nex_ld_jiezhi]]></item>
			<item id="type"><![CDATA[text]]></item>
			<item id="unit"><![CDATA[]]></item>
			<item id="rules"><![CDATA[]]></item>
			<item id="permprompt"><![CDATA[]]></item>
			<item id="typeid"><![CDATA[92]]></item>
			<item id="name"><![CDATA[本地商家]]></item>
			<item id="icon"><![CDATA[]]></item>
			<item id="special"><![CDATA[1]]></item>
			<item id="modelid"><![CDATA[0]]></item>
			<item id="template"><![CDATA[<div class="nex_local_dealer_cons">
	<div class="nex_interconstxt">
    	<h5>{nex_ld_name_value}</h5>
        <p>{nex_ld_youhui_value}</p>
    </div>
	<div class="nex_intercons">
    	<div class="nex_intercons_piv">
        	<img src="{nex_ld_pivcover_value}" />
        </div>
        <div class="nex_intercons_info">
        	<div class="nex_pricebox">
            	<div class="nex_pricebox_l">
                	<em>￥</em>
                    <span>{nex_ld_xianjia_value}</span>
                    <i>原价￥{nex_ld_yuanjia_value}</i>
                    <div class="clear"></div>
                </div>
                <div class="nex_pricebox_r">
                	<p>扫码支付 快速便捷</p>
                    <img src="{nex_ld_erweima_value}" />
                    <div class="clear"></div>
                </div>
                <div class="clear"></div>
            </div>
            <div class="nex_detailscon">
            	<ul>
                	<li>
                    	<em>优惠截止至</em>
                    	<p title="{nex_ld_jiezhi_value}">{nex_ld_jiezhi_value}</p>
                    </li>
                    <li>
                    	<em>可用时间</em>
                    	<p title="{nex_ld_shijian_value}">{nex_ld_shijian_value}</p>
                    </li>
                    <li style="border-right:0;">
                    	<em>使用限制</em>
                    	<p title="{nex_ld_xianzhi_value}">{nex_ld_xianzhi_value}</p>
                    </li>
                    <div class="clear"></div>
                </ul>
            </div>
            <div class="nex_list_add">{nex_ld_dizhi_value}</div>
            <div class="nex_list_btms">
            	<div class="nex_list_tel">{nex_ld_tels_value}</div>
                <div class="nex_list_qqs"><a href="tencent://Message/?Uin={nex_ld_qqs_value}&amp;websiteName=#=&amp;Menu=yes">QQ交谈</a></div>
                <div class="clear"></div>
            </div>
        </div>
        <div class="clear"></div>
    </div>

</div>]]></item>
			<item id="stemplate"><![CDATA[<style typt="text/css">
#thread_types {display:none;}
.mn{ padding:0; border:0; width:1180px!important;overflow:visible!important;}
</style>
<div class="nex_local_dealers">
	<ul>
[loop]
    	<li>
        	<div class="nex_ld_top">
            	<div class="nex_ld_top_piv">
            		<a href="{subject_url}" target="_blank"><img src="{nex_ld_pivcover_value}" /></a>
                </div>
                <div class="nex_ld_top_con"><em>{nex_ld_yuyue_value}</em><span>	{nex_ld_xianzhi_value}</span></div>
                <div class="nex_ld_top_add"><span>{nex_ld_dizhi_value}</span></div>
            </div>
            <div class="nex_ld_btm">
            	<h5><a href="{subject_url}" target="_blank">{nex_ld_name_value}</a></h5>
                <div class="nex_ld_btm_subject"><em>惠</em>{nex_ld_youhui_value}</div>
                <div class="nex_ld_btm_remarks"><span>{nex_ld_shijian_value}</span><div class="clear"></div></div>
                <div class="nex_ld_btm_node">
                	<div class="nex_ld_btm_price">
                    	<span><i>￥</i>{nex_ld_xianjia_value}</span>
                        <em>原价￥{nex_ld_yuanjia_value}</em>
                    </div>
                    <div class="nex_ld_btm_add">{nex_ld_quyu_value}</div>
                    <div class="clear"></div>
                </div>
            </div>
        </li>
        [/loop]
        <div class="clear"></div>
    </ul>
</div>]]></item>
			<item id="ptemplate"><![CDATA[]]></item>
			<item id="btemplate"><![CDATA[]]></item>
			<item id="sortid"><![CDATA[92]]></item>
			<item id="available"><![CDATA[1]]></item>
			<item id="required"><![CDATA[0]]></item>
			<item id="unchangeable"><![CDATA[0]]></item>
			<item id="search"><![CDATA[0]]></item>
			<item id="subjectshow"><![CDATA[1]]></item>
			<item id="tpdescription"><![CDATA[]]></item>
			<item id="ttdescription"><![CDATA[本地商家优惠信息]]></item>
			<item id="tpexpiration"><![CDATA[0]]></item>
			<item id="ttexpiration"><![CDATA[0]]></item>
		</item>
		<item id="6">
			<item id="optionid"><![CDATA[2346]]></item>
			<item id="classid"><![CDATA[4]]></item>
			<item id="displayorder"><![CDATA[5]]></item>
			<item id="expiration"><![CDATA[0]]></item>
			<item id="title"><![CDATA[是否需要预约]]></item>
			<item id="description"><![CDATA[本地商家优惠信息]]></item>
			<item id="identifier"><![CDATA[nex_ld_yuyue]]></item>
			<item id="type"><![CDATA[radio]]></item>
			<item id="unit"><![CDATA[]]></item>
			<item id="permprompt"><![CDATA[]]></item>
			<item id="typeid"><![CDATA[92]]></item>
			<item id="name"><![CDATA[本地商家]]></item>
			<item id="icon"><![CDATA[]]></item>
			<item id="special"><![CDATA[1]]></item>
			<item id="modelid"><![CDATA[0]]></item>
			<item id="template"><![CDATA[<div class="nex_local_dealer_cons">
	<div class="nex_interconstxt">
    	<h5>{nex_ld_name_value}</h5>
        <p>{nex_ld_youhui_value}</p>
    </div>
	<div class="nex_intercons">
    	<div class="nex_intercons_piv">
        	<img src="{nex_ld_pivcover_value}" />
        </div>
        <div class="nex_intercons_info">
        	<div class="nex_pricebox">
            	<div class="nex_pricebox_l">
                	<em>￥</em>
                    <span>{nex_ld_xianjia_value}</span>
                    <i>原价￥{nex_ld_yuanjia_value}</i>
                    <div class="clear"></div>
                </div>
                <div class="nex_pricebox_r">
                	<p>扫码支付 快速便捷</p>
                    <img src="{nex_ld_erweima_value}" />
                    <div class="clear"></div>
                </div>
                <div class="clear"></div>
            </div>
            <div class="nex_detailscon">
            	<ul>
                	<li>
                    	<em>优惠截止至</em>
                    	<p title="{nex_ld_jiezhi_value}">{nex_ld_jiezhi_value}</p>
                    </li>
                    <li>
                    	<em>可用时间</em>
                    	<p title="{nex_ld_shijian_value}">{nex_ld_shijian_value}</p>
                    </li>
                    <li style="border-right:0;">
                    	<em>使用限制</em>
                    	<p title="{nex_ld_xianzhi_value}">{nex_ld_xianzhi_value}</p>
                    </li>
                    <div class="clear"></div>
                </ul>
            </div>
            <div class="nex_list_add">{nex_ld_dizhi_value}</div>
            <div class="nex_list_btms">
            	<div class="nex_list_tel">{nex_ld_tels_value}</div>
                <div class="nex_list_qqs"><a href="tencent://Message/?Uin={nex_ld_qqs_value}&amp;websiteName=#=&amp;Menu=yes">QQ交谈</a></div>
                <div class="clear"></div>
            </div>
        </div>
        <div class="clear"></div>
    </div>

</div>]]></item>
			<item id="stemplate"><![CDATA[<style typt="text/css">
#thread_types {display:none;}
.mn{ padding:0; border:0; width:1180px!important;overflow:visible!important;}
</style>
<div class="nex_local_dealers">
	<ul>
[loop]
    	<li>
        	<div class="nex_ld_top">
            	<div class="nex_ld_top_piv">
            		<a href="{subject_url}" target="_blank"><img src="{nex_ld_pivcover_value}" /></a>
                </div>
                <div class="nex_ld_top_con"><em>{nex_ld_yuyue_value}</em><span>	{nex_ld_xianzhi_value}</span></div>
                <div class="nex_ld_top_add"><span>{nex_ld_dizhi_value}</span></div>
            </div>
            <div class="nex_ld_btm">
            	<h5><a href="{subject_url}" target="_blank">{nex_ld_name_value}</a></h5>
                <div class="nex_ld_btm_subject"><em>惠</em>{nex_ld_youhui_value}</div>
                <div class="nex_ld_btm_remarks"><span>{nex_ld_shijian_value}</span><div class="clear"></div></div>
                <div class="nex_ld_btm_node">
                	<div class="nex_ld_btm_price">
                    	<span><i>￥</i>{nex_ld_xianjia_value}</span>
                        <em>原价￥{nex_ld_yuanjia_value}</em>
                    </div>
                    <div class="nex_ld_btm_add">{nex_ld_quyu_value}</div>
                    <div class="clear"></div>
                </div>
            </div>
        </li>
        [/loop]
        <div class="clear"></div>
    </ul>
</div>]]></item>
			<item id="ptemplate"><![CDATA[]]></item>
			<item id="btemplate"><![CDATA[]]></item>
			<item id="sortid"><![CDATA[92]]></item>
			<item id="available"><![CDATA[1]]></item>
			<item id="required"><![CDATA[0]]></item>
			<item id="unchangeable"><![CDATA[0]]></item>
			<item id="search"><![CDATA[0]]></item>
			<item id="subjectshow"><![CDATA[1]]></item>
			<item id="tpdescription"><![CDATA[]]></item>
			<item id="ttdescription"><![CDATA[本地商家优惠信息]]></item>
			<item id="tpexpiration"><![CDATA[0]]></item>
			<item id="ttexpiration"><![CDATA[0]]></item>
			<item id="__protect">
				<item id="status"><![CDATA[0]]></item>
				<item id="usergroup"><![CDATA[]]></item>
				<item id="verify"><![CDATA[]]></item>
			</item>
			<item id="__rules">
				<item id="choices"><![CDATA[1=免预约
2=需预约]]></item>
			</item>
		</item>
		<item id="7">
			<item id="optionid"><![CDATA[2347]]></item>
			<item id="classid"><![CDATA[4]]></item>
			<item id="displayorder"><![CDATA[6]]></item>
			<item id="expiration"><![CDATA[0]]></item>
			<item id="protect"><![CDATA[]]></item>
			<item id="title"><![CDATA[可用时间]]></item>
			<item id="description"><![CDATA[本地商家优惠信息]]></item>
			<item id="identifier"><![CDATA[nex_ld_shijian]]></item>
			<item id="type"><![CDATA[text]]></item>
			<item id="unit"><![CDATA[]]></item>
			<item id="rules"><![CDATA[]]></item>
			<item id="permprompt"><![CDATA[]]></item>
			<item id="typeid"><![CDATA[92]]></item>
			<item id="name"><![CDATA[本地商家]]></item>
			<item id="icon"><![CDATA[]]></item>
			<item id="special"><![CDATA[1]]></item>
			<item id="modelid"><![CDATA[0]]></item>
			<item id="template"><![CDATA[<div class="nex_local_dealer_cons">
	<div class="nex_interconstxt">
    	<h5>{nex_ld_name_value}</h5>
        <p>{nex_ld_youhui_value}</p>
    </div>
	<div class="nex_intercons">
    	<div class="nex_intercons_piv">
        	<img src="{nex_ld_pivcover_value}" />
        </div>
        <div class="nex_intercons_info">
        	<div class="nex_pricebox">
            	<div class="nex_pricebox_l">
                	<em>￥</em>
                    <span>{nex_ld_xianjia_value}</span>
                    <i>原价￥{nex_ld_yuanjia_value}</i>
                    <div class="clear"></div>
                </div>
                <div class="nex_pricebox_r">
                	<p>扫码支付 快速便捷</p>
                    <img src="{nex_ld_erweima_value}" />
                    <div class="clear"></div>
                </div>
                <div class="clear"></div>
            </div>
            <div class="nex_detailscon">
            	<ul>
                	<li>
                    	<em>优惠截止至</em>
                    	<p title="{nex_ld_jiezhi_value}">{nex_ld_jiezhi_value}</p>
                    </li>
                    <li>
                    	<em>可用时间</em>
                    	<p title="{nex_ld_shijian_value}">{nex_ld_shijian_value}</p>
                    </li>
                    <li style="border-right:0;">
                    	<em>使用限制</em>
                    	<p title="{nex_ld_xianzhi_value}">{nex_ld_xianzhi_value}</p>
                    </li>
                    <div class="clear"></div>
                </ul>
            </div>
            <div class="nex_list_add">{nex_ld_dizhi_value}</div>
            <div class="nex_list_btms">
            	<div class="nex_list_tel">{nex_ld_tels_value}</div>
                <div class="nex_list_qqs"><a href="tencent://Message/?Uin={nex_ld_qqs_value}&amp;websiteName=#=&amp;Menu=yes">QQ交谈</a></div>
                <div class="clear"></div>
            </div>
        </div>
        <div class="clear"></div>
    </div>

</div>]]></item>
			<item id="stemplate"><![CDATA[<style typt="text/css">
#thread_types {display:none;}
.mn{ padding:0; border:0; width:1180px!important;overflow:visible!important;}
</style>
<div class="nex_local_dealers">
	<ul>
[loop]
    	<li>
        	<div class="nex_ld_top">
            	<div class="nex_ld_top_piv">
            		<a href="{subject_url}" target="_blank"><img src="{nex_ld_pivcover_value}" /></a>
                </div>
                <div class="nex_ld_top_con"><em>{nex_ld_yuyue_value}</em><span>	{nex_ld_xianzhi_value}</span></div>
                <div class="nex_ld_top_add"><span>{nex_ld_dizhi_value}</span></div>
            </div>
            <div class="nex_ld_btm">
            	<h5><a href="{subject_url}" target="_blank">{nex_ld_name_value}</a></h5>
                <div class="nex_ld_btm_subject"><em>惠</em>{nex_ld_youhui_value}</div>
                <div class="nex_ld_btm_remarks"><span>{nex_ld_shijian_value}</span><div class="clear"></div></div>
                <div class="nex_ld_btm_node">
                	<div class="nex_ld_btm_price">
                    	<span><i>￥</i>{nex_ld_xianjia_value}</span>
                        <em>原价￥{nex_ld_yuanjia_value}</em>
                    </div>
                    <div class="nex_ld_btm_add">{nex_ld_quyu_value}</div>
                    <div class="clear"></div>
                </div>
            </div>
        </li>
        [/loop]
        <div class="clear"></div>
    </ul>
</div>]]></item>
			<item id="ptemplate"><![CDATA[]]></item>
			<item id="btemplate"><![CDATA[]]></item>
			<item id="sortid"><![CDATA[92]]></item>
			<item id="available"><![CDATA[1]]></item>
			<item id="required"><![CDATA[0]]></item>
			<item id="unchangeable"><![CDATA[0]]></item>
			<item id="search"><![CDATA[0]]></item>
			<item id="subjectshow"><![CDATA[1]]></item>
			<item id="tpdescription"><![CDATA[]]></item>
			<item id="ttdescription"><![CDATA[本地商家优惠信息]]></item>
			<item id="tpexpiration"><![CDATA[0]]></item>
			<item id="ttexpiration"><![CDATA[0]]></item>
		</item>
		<item id="8">
			<item id="optionid"><![CDATA[2348]]></item>
			<item id="classid"><![CDATA[4]]></item>
			<item id="displayorder"><![CDATA[7]]></item>
			<item id="expiration"><![CDATA[0]]></item>
			<item id="protect"><![CDATA[]]></item>
			<item id="title"><![CDATA[使用限制]]></item>
			<item id="description"><![CDATA[本地商家优惠信息]]></item>
			<item id="identifier"><![CDATA[nex_ld_xianzhi]]></item>
			<item id="type"><![CDATA[text]]></item>
			<item id="unit"><![CDATA[]]></item>
			<item id="rules"><![CDATA[]]></item>
			<item id="permprompt"><![CDATA[]]></item>
			<item id="typeid"><![CDATA[92]]></item>
			<item id="name"><![CDATA[本地商家]]></item>
			<item id="icon"><![CDATA[]]></item>
			<item id="special"><![CDATA[1]]></item>
			<item id="modelid"><![CDATA[0]]></item>
			<item id="template"><![CDATA[<div class="nex_local_dealer_cons">
	<div class="nex_interconstxt">
    	<h5>{nex_ld_name_value}</h5>
        <p>{nex_ld_youhui_value}</p>
    </div>
	<div class="nex_intercons">
    	<div class="nex_intercons_piv">
        	<img src="{nex_ld_pivcover_value}" />
        </div>
        <div class="nex_intercons_info">
        	<div class="nex_pricebox">
            	<div class="nex_pricebox_l">
                	<em>￥</em>
                    <span>{nex_ld_xianjia_value}</span>
                    <i>原价￥{nex_ld_yuanjia_value}</i>
                    <div class="clear"></div>
                </div>
                <div class="nex_pricebox_r">
                	<p>扫码支付 快速便捷</p>
                    <img src="{nex_ld_erweima_value}" />
                    <div class="clear"></div>
                </div>
                <div class="clear"></div>
            </div>
            <div class="nex_detailscon">
            	<ul>
                	<li>
                    	<em>优惠截止至</em>
                    	<p title="{nex_ld_jiezhi_value}">{nex_ld_jiezhi_value}</p>
                    </li>
                    <li>
                    	<em>可用时间</em>
                    	<p title="{nex_ld_shijian_value}">{nex_ld_shijian_value}</p>
                    </li>
                    <li style="border-right:0;">
                    	<em>使用限制</em>
                    	<p title="{nex_ld_xianzhi_value}">{nex_ld_xianzhi_value}</p>
                    </li>
                    <div class="clear"></div>
                </ul>
            </div>
            <div class="nex_list_add">{nex_ld_dizhi_value}</div>
            <div class="nex_list_btms">
            	<div class="nex_list_tel">{nex_ld_tels_value}</div>
                <div class="nex_list_qqs"><a href="tencent://Message/?Uin={nex_ld_qqs_value}&amp;websiteName=#=&amp;Menu=yes">QQ交谈</a></div>
                <div class="clear"></div>
            </div>
        </div>
        <div class="clear"></div>
    </div>

</div>]]></item>
			<item id="stemplate"><![CDATA[<style typt="text/css">
#thread_types {display:none;}
.mn{ padding:0; border:0; width:1180px!important;overflow:visible!important;}
</style>
<div class="nex_local_dealers">
	<ul>
[loop]
    	<li>
        	<div class="nex_ld_top">
            	<div class="nex_ld_top_piv">
            		<a href="{subject_url}" target="_blank"><img src="{nex_ld_pivcover_value}" /></a>
                </div>
                <div class="nex_ld_top_con"><em>{nex_ld_yuyue_value}</em><span>	{nex_ld_xianzhi_value}</span></div>
                <div class="nex_ld_top_add"><span>{nex_ld_dizhi_value}</span></div>
            </div>
            <div class="nex_ld_btm">
            	<h5><a href="{subject_url}" target="_blank">{nex_ld_name_value}</a></h5>
                <div class="nex_ld_btm_subject"><em>惠</em>{nex_ld_youhui_value}</div>
                <div class="nex_ld_btm_remarks"><span>{nex_ld_shijian_value}</span><div class="clear"></div></div>
                <div class="nex_ld_btm_node">
                	<div class="nex_ld_btm_price">
                    	<span><i>￥</i>{nex_ld_xianjia_value}</span>
                        <em>原价￥{nex_ld_yuanjia_value}</em>
                    </div>
                    <div class="nex_ld_btm_add">{nex_ld_quyu_value}</div>
                    <div class="clear"></div>
                </div>
            </div>
        </li>
        [/loop]
        <div class="clear"></div>
    </ul>
</div>]]></item>
			<item id="ptemplate"><![CDATA[]]></item>
			<item id="btemplate"><![CDATA[]]></item>
			<item id="sortid"><![CDATA[92]]></item>
			<item id="available"><![CDATA[1]]></item>
			<item id="required"><![CDATA[0]]></item>
			<item id="unchangeable"><![CDATA[0]]></item>
			<item id="search"><![CDATA[0]]></item>
			<item id="subjectshow"><![CDATA[1]]></item>
			<item id="tpdescription"><![CDATA[]]></item>
			<item id="ttdescription"><![CDATA[本地商家优惠信息]]></item>
			<item id="tpexpiration"><![CDATA[0]]></item>
			<item id="ttexpiration"><![CDATA[0]]></item>
		</item>
		<item id="9">
			<item id="optionid"><![CDATA[2349]]></item>
			<item id="classid"><![CDATA[4]]></item>
			<item id="displayorder"><![CDATA[8]]></item>
			<item id="expiration"><![CDATA[0]]></item>
			<item id="protect"><![CDATA[]]></item>
			<item id="title"><![CDATA[支付二维码]]></item>
			<item id="description"><![CDATA[本地商家优惠信息]]></item>
			<item id="identifier"><![CDATA[nex_ld_erweima]]></item>
			<item id="type"><![CDATA[image]]></item>
			<item id="unit"><![CDATA[]]></item>
			<item id="rules"><![CDATA[]]></item>
			<item id="permprompt"><![CDATA[]]></item>
			<item id="typeid"><![CDATA[92]]></item>
			<item id="name"><![CDATA[本地商家]]></item>
			<item id="icon"><![CDATA[]]></item>
			<item id="special"><![CDATA[1]]></item>
			<item id="modelid"><![CDATA[0]]></item>
			<item id="template"><![CDATA[<div class="nex_local_dealer_cons">
	<div class="nex_interconstxt">
    	<h5>{nex_ld_name_value}</h5>
        <p>{nex_ld_youhui_value}</p>
    </div>
	<div class="nex_intercons">
    	<div class="nex_intercons_piv">
        	<img src="{nex_ld_pivcover_value}" />
        </div>
        <div class="nex_intercons_info">
        	<div class="nex_pricebox">
            	<div class="nex_pricebox_l">
                	<em>￥</em>
                    <span>{nex_ld_xianjia_value}</span>
                    <i>原价￥{nex_ld_yuanjia_value}</i>
                    <div class="clear"></div>
                </div>
                <div class="nex_pricebox_r">
                	<p>扫码支付 快速便捷</p>
                    <img src="{nex_ld_erweima_value}" />
                    <div class="clear"></div>
                </div>
                <div class="clear"></div>
            </div>
            <div class="nex_detailscon">
            	<ul>
                	<li>
                    	<em>优惠截止至</em>
                    	<p title="{nex_ld_jiezhi_value}">{nex_ld_jiezhi_value}</p>
                    </li>
                    <li>
                    	<em>可用时间</em>
                    	<p title="{nex_ld_shijian_value}">{nex_ld_shijian_value}</p>
                    </li>
                    <li style="border-right:0;">
                    	<em>使用限制</em>
                    	<p title="{nex_ld_xianzhi_value}">{nex_ld_xianzhi_value}</p>
                    </li>
                    <div class="clear"></div>
                </ul>
            </div>
            <div class="nex_list_add">{nex_ld_dizhi_value}</div>
            <div class="nex_list_btms">
            	<div class="nex_list_tel">{nex_ld_tels_value}</div>
                <div class="nex_list_qqs"><a href="tencent://Message/?Uin={nex_ld_qqs_value}&amp;websiteName=#=&amp;Menu=yes">QQ交谈</a></div>
                <div class="clear"></div>
            </div>
        </div>
        <div class="clear"></div>
    </div>

</div>]]></item>
			<item id="stemplate"><![CDATA[<style typt="text/css">
#thread_types {display:none;}
.mn{ padding:0; border:0; width:1180px!important;overflow:visible!important;}
</style>
<div class="nex_local_dealers">
	<ul>
[loop]
    	<li>
        	<div class="nex_ld_top">
            	<div class="nex_ld_top_piv">
            		<a href="{subject_url}" target="_blank"><img src="{nex_ld_pivcover_value}" /></a>
                </div>
                <div class="nex_ld_top_con"><em>{nex_ld_yuyue_value}</em><span>	{nex_ld_xianzhi_value}</span></div>
                <div class="nex_ld_top_add"><span>{nex_ld_dizhi_value}</span></div>
            </div>
            <div class="nex_ld_btm">
            	<h5><a href="{subject_url}" target="_blank">{nex_ld_name_value}</a></h5>
                <div class="nex_ld_btm_subject"><em>惠</em>{nex_ld_youhui_value}</div>
                <div class="nex_ld_btm_remarks"><span>{nex_ld_shijian_value}</span><div class="clear"></div></div>
                <div class="nex_ld_btm_node">
                	<div class="nex_ld_btm_price">
                    	<span><i>￥</i>{nex_ld_xianjia_value}</span>
                        <em>原价￥{nex_ld_yuanjia_value}</em>
                    </div>
                    <div class="nex_ld_btm_add">{nex_ld_quyu_value}</div>
                    <div class="clear"></div>
                </div>
            </div>
        </li>
        [/loop]
        <div class="clear"></div>
    </ul>
</div>]]></item>
			<item id="ptemplate"><![CDATA[]]></item>
			<item id="btemplate"><![CDATA[]]></item>
			<item id="sortid"><![CDATA[92]]></item>
			<item id="available"><![CDATA[1]]></item>
			<item id="required"><![CDATA[0]]></item>
			<item id="unchangeable"><![CDATA[0]]></item>
			<item id="search"><![CDATA[0]]></item>
			<item id="subjectshow"><![CDATA[1]]></item>
			<item id="tpdescription"><![CDATA[]]></item>
			<item id="ttdescription"><![CDATA[本地商家优惠信息]]></item>
			<item id="tpexpiration"><![CDATA[0]]></item>
			<item id="ttexpiration"><![CDATA[0]]></item>
		</item>
		<item id="10">
			<item id="optionid"><![CDATA[2350]]></item>
			<item id="classid"><![CDATA[4]]></item>
			<item id="displayorder"><![CDATA[9]]></item>
			<item id="expiration"><![CDATA[0]]></item>
			<item id="title"><![CDATA[原价]]></item>
			<item id="description"><![CDATA[本地商家优惠信息]]></item>
			<item id="identifier"><![CDATA[nex_ld_yuanjia]]></item>
			<item id="type"><![CDATA[text]]></item>
			<item id="unit"><![CDATA[元]]></item>
			<item id="permprompt"><![CDATA[]]></item>
			<item id="typeid"><![CDATA[92]]></item>
			<item id="name"><![CDATA[本地商家]]></item>
			<item id="icon"><![CDATA[]]></item>
			<item id="special"><![CDATA[1]]></item>
			<item id="modelid"><![CDATA[0]]></item>
			<item id="template"><![CDATA[<div class="nex_local_dealer_cons">
	<div class="nex_interconstxt">
    	<h5>{nex_ld_name_value}</h5>
        <p>{nex_ld_youhui_value}</p>
    </div>
	<div class="nex_intercons">
    	<div class="nex_intercons_piv">
        	<img src="{nex_ld_pivcover_value}" />
        </div>
        <div class="nex_intercons_info">
        	<div class="nex_pricebox">
            	<div class="nex_pricebox_l">
                	<em>￥</em>
                    <span>{nex_ld_xianjia_value}</span>
                    <i>原价￥{nex_ld_yuanjia_value}</i>
                    <div class="clear"></div>
                </div>
                <div class="nex_pricebox_r">
                	<p>扫码支付 快速便捷</p>
                    <img src="{nex_ld_erweima_value}" />
                    <div class="clear"></div>
                </div>
                <div class="clear"></div>
            </div>
            <div class="nex_detailscon">
            	<ul>
                	<li>
                    	<em>优惠截止至</em>
                    	<p title="{nex_ld_jiezhi_value}">{nex_ld_jiezhi_value}</p>
                    </li>
                    <li>
                    	<em>可用时间</em>
                    	<p title="{nex_ld_shijian_value}">{nex_ld_shijian_value}</p>
                    </li>
                    <li style="border-right:0;">
                    	<em>使用限制</em>
                    	<p title="{nex_ld_xianzhi_value}">{nex_ld_xianzhi_value}</p>
                    </li>
                    <div class="clear"></div>
                </ul>
            </div>
            <div class="nex_list_add">{nex_ld_dizhi_value}</div>
            <div class="nex_list_btms">
            	<div class="nex_list_tel">{nex_ld_tels_value}</div>
                <div class="nex_list_qqs"><a href="tencent://Message/?Uin={nex_ld_qqs_value}&amp;websiteName=#=&amp;Menu=yes">QQ交谈</a></div>
                <div class="clear"></div>
            </div>
        </div>
        <div class="clear"></div>
    </div>

</div>]]></item>
			<item id="stemplate"><![CDATA[<style typt="text/css">
#thread_types {display:none;}
.mn{ padding:0; border:0; width:1180px!important;overflow:visible!important;}
</style>
<div class="nex_local_dealers">
	<ul>
[loop]
    	<li>
        	<div class="nex_ld_top">
            	<div class="nex_ld_top_piv">
            		<a href="{subject_url}" target="_blank"><img src="{nex_ld_pivcover_value}" /></a>
                </div>
                <div class="nex_ld_top_con"><em>{nex_ld_yuyue_value}</em><span>	{nex_ld_xianzhi_value}</span></div>
                <div class="nex_ld_top_add"><span>{nex_ld_dizhi_value}</span></div>
            </div>
            <div class="nex_ld_btm">
            	<h5><a href="{subject_url}" target="_blank">{nex_ld_name_value}</a></h5>
                <div class="nex_ld_btm_subject"><em>惠</em>{nex_ld_youhui_value}</div>
                <div class="nex_ld_btm_remarks"><span>{nex_ld_shijian_value}</span><div class="clear"></div></div>
                <div class="nex_ld_btm_node">
                	<div class="nex_ld_btm_price">
                    	<span><i>￥</i>{nex_ld_xianjia_value}</span>
                        <em>原价￥{nex_ld_yuanjia_value}</em>
                    </div>
                    <div class="nex_ld_btm_add">{nex_ld_quyu_value}</div>
                    <div class="clear"></div>
                </div>
            </div>
        </li>
        [/loop]
        <div class="clear"></div>
    </ul>
</div>]]></item>
			<item id="ptemplate"><![CDATA[]]></item>
			<item id="btemplate"><![CDATA[]]></item>
			<item id="sortid"><![CDATA[92]]></item>
			<item id="available"><![CDATA[1]]></item>
			<item id="required"><![CDATA[0]]></item>
			<item id="unchangeable"><![CDATA[0]]></item>
			<item id="search"><![CDATA[0]]></item>
			<item id="subjectshow"><![CDATA[1]]></item>
			<item id="tpdescription"><![CDATA[]]></item>
			<item id="ttdescription"><![CDATA[本地商家优惠信息]]></item>
			<item id="tpexpiration"><![CDATA[0]]></item>
			<item id="ttexpiration"><![CDATA[0]]></item>
			<item id="__protect">
				<item id="status"><![CDATA[0]]></item>
				<item id="usergroup"><![CDATA[]]></item>
				<item id="verify"><![CDATA[]]></item>
			</item>
			<item id="__rules">
				<item id="maxlength"><![CDATA[]]></item>
				<item id="inputsize"><![CDATA[]]></item>
				<item id="profile"><![CDATA[]]></item>
				<item id="defaultvalue"><![CDATA[]]></item>
			</item>
		</item>
		<item id="11">
			<item id="optionid"><![CDATA[2351]]></item>
			<item id="classid"><![CDATA[4]]></item>
			<item id="displayorder"><![CDATA[10]]></item>
			<item id="expiration"><![CDATA[0]]></item>
			<item id="title"><![CDATA[现价]]></item>
			<item id="description"><![CDATA[本地商家优惠信息]]></item>
			<item id="identifier"><![CDATA[nex_ld_xianjia]]></item>
			<item id="type"><![CDATA[text]]></item>
			<item id="unit"><![CDATA[元]]></item>
			<item id="permprompt"><![CDATA[]]></item>
			<item id="typeid"><![CDATA[92]]></item>
			<item id="name"><![CDATA[本地商家]]></item>
			<item id="icon"><![CDATA[]]></item>
			<item id="special"><![CDATA[1]]></item>
			<item id="modelid"><![CDATA[0]]></item>
			<item id="template"><![CDATA[<div class="nex_local_dealer_cons">
	<div class="nex_interconstxt">
    	<h5>{nex_ld_name_value}</h5>
        <p>{nex_ld_youhui_value}</p>
    </div>
	<div class="nex_intercons">
    	<div class="nex_intercons_piv">
        	<img src="{nex_ld_pivcover_value}" />
        </div>
        <div class="nex_intercons_info">
        	<div class="nex_pricebox">
            	<div class="nex_pricebox_l">
                	<em>￥</em>
                    <span>{nex_ld_xianjia_value}</span>
                    <i>原价￥{nex_ld_yuanjia_value}</i>
                    <div class="clear"></div>
                </div>
                <div class="nex_pricebox_r">
                	<p>扫码支付 快速便捷</p>
                    <img src="{nex_ld_erweima_value}" />
                    <div class="clear"></div>
                </div>
                <div class="clear"></div>
            </div>
            <div class="nex_detailscon">
            	<ul>
                	<li>
                    	<em>优惠截止至</em>
                    	<p title="{nex_ld_jiezhi_value}">{nex_ld_jiezhi_value}</p>
                    </li>
                    <li>
                    	<em>可用时间</em>
                    	<p title="{nex_ld_shijian_value}">{nex_ld_shijian_value}</p>
                    </li>
                    <li style="border-right:0;">
                    	<em>使用限制</em>
                    	<p title="{nex_ld_xianzhi_value}">{nex_ld_xianzhi_value}</p>
                    </li>
                    <div class="clear"></div>
                </ul>
            </div>
            <div class="nex_list_add">{nex_ld_dizhi_value}</div>
            <div class="nex_list_btms">
            	<div class="nex_list_tel">{nex_ld_tels_value}</div>
                <div class="nex_list_qqs"><a href="tencent://Message/?Uin={nex_ld_qqs_value}&amp;websiteName=#=&amp;Menu=yes">QQ交谈</a></div>
                <div class="clear"></div>
            </div>
        </div>
        <div class="clear"></div>
    </div>

</div>]]></item>
			<item id="stemplate"><![CDATA[<style typt="text/css">
#thread_types {display:none;}
.mn{ padding:0; border:0; width:1180px!important;overflow:visible!important;}
</style>
<div class="nex_local_dealers">
	<ul>
[loop]
    	<li>
        	<div class="nex_ld_top">
            	<div class="nex_ld_top_piv">
            		<a href="{subject_url}" target="_blank"><img src="{nex_ld_pivcover_value}" /></a>
                </div>
                <div class="nex_ld_top_con"><em>{nex_ld_yuyue_value}</em><span>	{nex_ld_xianzhi_value}</span></div>
                <div class="nex_ld_top_add"><span>{nex_ld_dizhi_value}</span></div>
            </div>
            <div class="nex_ld_btm">
            	<h5><a href="{subject_url}" target="_blank">{nex_ld_name_value}</a></h5>
                <div class="nex_ld_btm_subject"><em>惠</em>{nex_ld_youhui_value}</div>
                <div class="nex_ld_btm_remarks"><span>{nex_ld_shijian_value}</span><div class="clear"></div></div>
                <div class="nex_ld_btm_node">
                	<div class="nex_ld_btm_price">
                    	<span><i>￥</i>{nex_ld_xianjia_value}</span>
                        <em>原价￥{nex_ld_yuanjia_value}</em>
                    </div>
                    <div class="nex_ld_btm_add">{nex_ld_quyu_value}</div>
                    <div class="clear"></div>
                </div>
            </div>
        </li>
        [/loop]
        <div class="clear"></div>
    </ul>
</div>]]></item>
			<item id="ptemplate"><![CDATA[]]></item>
			<item id="btemplate"><![CDATA[]]></item>
			<item id="sortid"><![CDATA[92]]></item>
			<item id="available"><![CDATA[1]]></item>
			<item id="required"><![CDATA[0]]></item>
			<item id="unchangeable"><![CDATA[0]]></item>
			<item id="search"><![CDATA[0]]></item>
			<item id="subjectshow"><![CDATA[1]]></item>
			<item id="tpdescription"><![CDATA[]]></item>
			<item id="ttdescription"><![CDATA[本地商家优惠信息]]></item>
			<item id="tpexpiration"><![CDATA[0]]></item>
			<item id="ttexpiration"><![CDATA[0]]></item>
			<item id="__protect">
				<item id="status"><![CDATA[0]]></item>
				<item id="usergroup"><![CDATA[]]></item>
				<item id="verify"><![CDATA[]]></item>
			</item>
			<item id="__rules">
				<item id="maxlength"><![CDATA[]]></item>
				<item id="inputsize"><![CDATA[]]></item>
				<item id="profile"><![CDATA[]]></item>
				<item id="defaultvalue"><![CDATA[]]></item>
			</item>
		</item>
		<item id="12">
			<item id="optionid"><![CDATA[2352]]></item>
			<item id="classid"><![CDATA[4]]></item>
			<item id="displayorder"><![CDATA[11]]></item>
			<item id="expiration"><![CDATA[0]]></item>
			<item id="protect"><![CDATA[]]></item>
			<item id="title"><![CDATA[商家封面图]]></item>
			<item id="description"><![CDATA[本地商家优惠信息]]></item>
			<item id="identifier"><![CDATA[nex_ld_pivcover]]></item>
			<item id="type"><![CDATA[image]]></item>
			<item id="unit"><![CDATA[]]></item>
			<item id="rules"><![CDATA[]]></item>
			<item id="permprompt"><![CDATA[]]></item>
			<item id="typeid"><![CDATA[92]]></item>
			<item id="name"><![CDATA[本地商家]]></item>
			<item id="icon"><![CDATA[]]></item>
			<item id="special"><![CDATA[1]]></item>
			<item id="modelid"><![CDATA[0]]></item>
			<item id="template"><![CDATA[<div class="nex_local_dealer_cons">
	<div class="nex_interconstxt">
    	<h5>{nex_ld_name_value}</h5>
        <p>{nex_ld_youhui_value}</p>
    </div>
	<div class="nex_intercons">
    	<div class="nex_intercons_piv">
        	<img src="{nex_ld_pivcover_value}" />
        </div>
        <div class="nex_intercons_info">
        	<div class="nex_pricebox">
            	<div class="nex_pricebox_l">
                	<em>￥</em>
                    <span>{nex_ld_xianjia_value}</span>
                    <i>原价￥{nex_ld_yuanjia_value}</i>
                    <div class="clear"></div>
                </div>
                <div class="nex_pricebox_r">
                	<p>扫码支付 快速便捷</p>
                    <img src="{nex_ld_erweima_value}" />
                    <div class="clear"></div>
                </div>
                <div class="clear"></div>
            </div>
            <div class="nex_detailscon">
            	<ul>
                	<li>
                    	<em>优惠截止至</em>
                    	<p title="{nex_ld_jiezhi_value}">{nex_ld_jiezhi_value}</p>
                    </li>
                    <li>
                    	<em>可用时间</em>
                    	<p title="{nex_ld_shijian_value}">{nex_ld_shijian_value}</p>
                    </li>
                    <li style="border-right:0;">
                    	<em>使用限制</em>
                    	<p title="{nex_ld_xianzhi_value}">{nex_ld_xianzhi_value}</p>
                    </li>
                    <div class="clear"></div>
                </ul>
            </div>
            <div class="nex_list_add">{nex_ld_dizhi_value}</div>
            <div class="nex_list_btms">
            	<div class="nex_list_tel">{nex_ld_tels_value}</div>
                <div class="nex_list_qqs"><a href="tencent://Message/?Uin={nex_ld_qqs_value}&amp;websiteName=#=&amp;Menu=yes">QQ交谈</a></div>
                <div class="clear"></div>
            </div>
        </div>
        <div class="clear"></div>
    </div>

</div>]]></item>
			<item id="stemplate"><![CDATA[<style typt="text/css">
#thread_types {display:none;}
.mn{ padding:0; border:0; width:1180px!important;overflow:visible!important;}
</style>
<div class="nex_local_dealers">
	<ul>
[loop]
    	<li>
        	<div class="nex_ld_top">
            	<div class="nex_ld_top_piv">
            		<a href="{subject_url}" target="_blank"><img src="{nex_ld_pivcover_value}" /></a>
                </div>
                <div class="nex_ld_top_con"><em>{nex_ld_yuyue_value}</em><span>	{nex_ld_xianzhi_value}</span></div>
                <div class="nex_ld_top_add"><span>{nex_ld_dizhi_value}</span></div>
            </div>
            <div class="nex_ld_btm">
            	<h5><a href="{subject_url}" target="_blank">{nex_ld_name_value}</a></h5>
                <div class="nex_ld_btm_subject"><em>惠</em>{nex_ld_youhui_value}</div>
                <div class="nex_ld_btm_remarks"><span>{nex_ld_shijian_value}</span><div class="clear"></div></div>
                <div class="nex_ld_btm_node">
                	<div class="nex_ld_btm_price">
                    	<span><i>￥</i>{nex_ld_xianjia_value}</span>
                        <em>原价￥{nex_ld_yuanjia_value}</em>
                    </div>
                    <div class="nex_ld_btm_add">{nex_ld_quyu_value}</div>
                    <div class="clear"></div>
                </div>
            </div>
        </li>
        [/loop]
        <div class="clear"></div>
    </ul>
</div>]]></item>
			<item id="ptemplate"><![CDATA[]]></item>
			<item id="btemplate"><![CDATA[]]></item>
			<item id="sortid"><![CDATA[92]]></item>
			<item id="available"><![CDATA[1]]></item>
			<item id="required"><![CDATA[0]]></item>
			<item id="unchangeable"><![CDATA[0]]></item>
			<item id="search"><![CDATA[0]]></item>
			<item id="subjectshow"><![CDATA[1]]></item>
			<item id="tpdescription"><![CDATA[]]></item>
			<item id="ttdescription"><![CDATA[本地商家优惠信息]]></item>
			<item id="tpexpiration"><![CDATA[0]]></item>
			<item id="ttexpiration"><![CDATA[0]]></item>
		</item>
		<item id="13">
			<item id="optionid"><![CDATA[2353]]></item>
			<item id="classid"><![CDATA[4]]></item>
			<item id="displayorder"><![CDATA[12]]></item>
			<item id="expiration"><![CDATA[0]]></item>
			<item id="protect"><![CDATA[]]></item>
			<item id="title"><![CDATA[商家电话]]></item>
			<item id="description"><![CDATA[本地商家优惠信息]]></item>
			<item id="identifier"><![CDATA[nex_ld_tels]]></item>
			<item id="type"><![CDATA[text]]></item>
			<item id="unit"><![CDATA[]]></item>
			<item id="rules"><![CDATA[]]></item>
			<item id="permprompt"><![CDATA[]]></item>
			<item id="typeid"><![CDATA[92]]></item>
			<item id="name"><![CDATA[本地商家]]></item>
			<item id="icon"><![CDATA[]]></item>
			<item id="special"><![CDATA[1]]></item>
			<item id="modelid"><![CDATA[0]]></item>
			<item id="template"><![CDATA[<div class="nex_local_dealer_cons">
	<div class="nex_interconstxt">
    	<h5>{nex_ld_name_value}</h5>
        <p>{nex_ld_youhui_value}</p>
    </div>
	<div class="nex_intercons">
    	<div class="nex_intercons_piv">
        	<img src="{nex_ld_pivcover_value}" />
        </div>
        <div class="nex_intercons_info">
        	<div class="nex_pricebox">
            	<div class="nex_pricebox_l">
                	<em>￥</em>
                    <span>{nex_ld_xianjia_value}</span>
                    <i>原价￥{nex_ld_yuanjia_value}</i>
                    <div class="clear"></div>
                </div>
                <div class="nex_pricebox_r">
                	<p>扫码支付 快速便捷</p>
                    <img src="{nex_ld_erweima_value}" />
                    <div class="clear"></div>
                </div>
                <div class="clear"></div>
            </div>
            <div class="nex_detailscon">
            	<ul>
                	<li>
                    	<em>优惠截止至</em>
                    	<p title="{nex_ld_jiezhi_value}">{nex_ld_jiezhi_value}</p>
                    </li>
                    <li>
                    	<em>可用时间</em>
                    	<p title="{nex_ld_shijian_value}">{nex_ld_shijian_value}</p>
                    </li>
                    <li style="border-right:0;">
                    	<em>使用限制</em>
                    	<p title="{nex_ld_xianzhi_value}">{nex_ld_xianzhi_value}</p>
                    </li>
                    <div class="clear"></div>
                </ul>
            </div>
            <div class="nex_list_add">{nex_ld_dizhi_value}</div>
            <div class="nex_list_btms">
            	<div class="nex_list_tel">{nex_ld_tels_value}</div>
                <div class="nex_list_qqs"><a href="tencent://Message/?Uin={nex_ld_qqs_value}&amp;websiteName=#=&amp;Menu=yes">QQ交谈</a></div>
                <div class="clear"></div>
            </div>
        </div>
        <div class="clear"></div>
    </div>

</div>]]></item>
			<item id="stemplate"><![CDATA[<style typt="text/css">
#thread_types {display:none;}
.mn{ padding:0; border:0; width:1180px!important;overflow:visible!important;}
</style>
<div class="nex_local_dealers">
	<ul>
[loop]
    	<li>
        	<div class="nex_ld_top">
            	<div class="nex_ld_top_piv">
            		<a href="{subject_url}" target="_blank"><img src="{nex_ld_pivcover_value}" /></a>
                </div>
                <div class="nex_ld_top_con"><em>{nex_ld_yuyue_value}</em><span>	{nex_ld_xianzhi_value}</span></div>
                <div class="nex_ld_top_add"><span>{nex_ld_dizhi_value}</span></div>
            </div>
            <div class="nex_ld_btm">
            	<h5><a href="{subject_url}" target="_blank">{nex_ld_name_value}</a></h5>
                <div class="nex_ld_btm_subject"><em>惠</em>{nex_ld_youhui_value}</div>
                <div class="nex_ld_btm_remarks"><span>{nex_ld_shijian_value}</span><div class="clear"></div></div>
                <div class="nex_ld_btm_node">
                	<div class="nex_ld_btm_price">
                    	<span><i>￥</i>{nex_ld_xianjia_value}</span>
                        <em>原价￥{nex_ld_yuanjia_value}</em>
                    </div>
                    <div class="nex_ld_btm_add">{nex_ld_quyu_value}</div>
                    <div class="clear"></div>
                </div>
            </div>
        </li>
        [/loop]
        <div class="clear"></div>
    </ul>
</div>]]></item>
			<item id="ptemplate"><![CDATA[]]></item>
			<item id="btemplate"><![CDATA[]]></item>
			<item id="sortid"><![CDATA[92]]></item>
			<item id="available"><![CDATA[1]]></item>
			<item id="required"><![CDATA[0]]></item>
			<item id="unchangeable"><![CDATA[0]]></item>
			<item id="search"><![CDATA[0]]></item>
			<item id="subjectshow"><![CDATA[1]]></item>
			<item id="tpdescription"><![CDATA[]]></item>
			<item id="ttdescription"><![CDATA[本地商家优惠信息]]></item>
			<item id="tpexpiration"><![CDATA[0]]></item>
			<item id="ttexpiration"><![CDATA[0]]></item>
		</item>
		<item id="14">
			<item id="optionid"><![CDATA[2354]]></item>
			<item id="classid"><![CDATA[4]]></item>
			<item id="displayorder"><![CDATA[13]]></item>
			<item id="expiration"><![CDATA[0]]></item>
			<item id="protect"><![CDATA[]]></item>
			<item id="title"><![CDATA[商家QQ号码]]></item>
			<item id="description"><![CDATA[本地商家优惠信息]]></item>
			<item id="identifier"><![CDATA[nex_ld_qqs]]></item>
			<item id="type"><![CDATA[text]]></item>
			<item id="unit"><![CDATA[]]></item>
			<item id="rules"><![CDATA[]]></item>
			<item id="permprompt"><![CDATA[]]></item>
			<item id="typeid"><![CDATA[92]]></item>
			<item id="name"><![CDATA[本地商家]]></item>
			<item id="icon"><![CDATA[]]></item>
			<item id="special"><![CDATA[1]]></item>
			<item id="modelid"><![CDATA[0]]></item>
			<item id="template"><![CDATA[<div class="nex_local_dealer_cons">
	<div class="nex_interconstxt">
    	<h5>{nex_ld_name_value}</h5>
        <p>{nex_ld_youhui_value}</p>
    </div>
	<div class="nex_intercons">
    	<div class="nex_intercons_piv">
        	<img src="{nex_ld_pivcover_value}" />
        </div>
        <div class="nex_intercons_info">
        	<div class="nex_pricebox">
            	<div class="nex_pricebox_l">
                	<em>￥</em>
                    <span>{nex_ld_xianjia_value}</span>
                    <i>原价￥{nex_ld_yuanjia_value}</i>
                    <div class="clear"></div>
                </div>
                <div class="nex_pricebox_r">
                	<p>扫码支付 快速便捷</p>
                    <img src="{nex_ld_erweima_value}" />
                    <div class="clear"></div>
                </div>
                <div class="clear"></div>
            </div>
            <div class="nex_detailscon">
            	<ul>
                	<li>
                    	<em>优惠截止至</em>
                    	<p title="{nex_ld_jiezhi_value}">{nex_ld_jiezhi_value}</p>
                    </li>
                    <li>
                    	<em>可用时间</em>
                    	<p title="{nex_ld_shijian_value}">{nex_ld_shijian_value}</p>
                    </li>
                    <li style="border-right:0;">
                    	<em>使用限制</em>
                    	<p title="{nex_ld_xianzhi_value}">{nex_ld_xianzhi_value}</p>
                    </li>
                    <div class="clear"></div>
                </ul>
            </div>
            <div class="nex_list_add">{nex_ld_dizhi_value}</div>
            <div class="nex_list_btms">
            	<div class="nex_list_tel">{nex_ld_tels_value}</div>
                <div class="nex_list_qqs"><a href="tencent://Message/?Uin={nex_ld_qqs_value}&amp;websiteName=#=&amp;Menu=yes">QQ交谈</a></div>
                <div class="clear"></div>
            </div>
        </div>
        <div class="clear"></div>
    </div>

</div>]]></item>
			<item id="stemplate"><![CDATA[<style typt="text/css">
#thread_types {display:none;}
.mn{ padding:0; border:0; width:1180px!important;overflow:visible!important;}
</style>
<div class="nex_local_dealers">
	<ul>
[loop]
    	<li>
        	<div class="nex_ld_top">
            	<div class="nex_ld_top_piv">
            		<a href="{subject_url}" target="_blank"><img src="{nex_ld_pivcover_value}" /></a>
                </div>
                <div class="nex_ld_top_con"><em>{nex_ld_yuyue_value}</em><span>	{nex_ld_xianzhi_value}</span></div>
                <div class="nex_ld_top_add"><span>{nex_ld_dizhi_value}</span></div>
            </div>
            <div class="nex_ld_btm">
            	<h5><a href="{subject_url}" target="_blank">{nex_ld_name_value}</a></h5>
                <div class="nex_ld_btm_subject"><em>惠</em>{nex_ld_youhui_value}</div>
                <div class="nex_ld_btm_remarks"><span>{nex_ld_shijian_value}</span><div class="clear"></div></div>
                <div class="nex_ld_btm_node">
                	<div class="nex_ld_btm_price">
                    	<span><i>￥</i>{nex_ld_xianjia_value}</span>
                        <em>原价￥{nex_ld_yuanjia_value}</em>
                    </div>
                    <div class="nex_ld_btm_add">{nex_ld_quyu_value}</div>
                    <div class="clear"></div>
                </div>
            </div>
        </li>
        [/loop]
        <div class="clear"></div>
    </ul>
</div>]]></item>
			<item id="ptemplate"><![CDATA[]]></item>
			<item id="btemplate"><![CDATA[]]></item>
			<item id="sortid"><![CDATA[92]]></item>
			<item id="available"><![CDATA[1]]></item>
			<item id="required"><![CDATA[0]]></item>
			<item id="unchangeable"><![CDATA[0]]></item>
			<item id="search"><![CDATA[0]]></item>
			<item id="subjectshow"><![CDATA[1]]></item>
			<item id="tpdescription"><![CDATA[]]></item>
			<item id="ttdescription"><![CDATA[本地商家优惠信息]]></item>
			<item id="tpexpiration"><![CDATA[0]]></item>
			<item id="ttexpiration"><![CDATA[0]]></item>
		</item>
	</item>
</root>