﻿<?xml version="1.0" encoding="ISO-8859-1"?>
<root>
	<item id="spacecss"><![CDATA[]]></item>
	<item id="layoutdata">
		<item id="diynavtop"><![CDATA[]]></item>
		<item id="diyfastposttop"><![CDATA[]]></item>
		<item id=""><![CDATA[]]></item>
		<item id="deanhotpics">
			<item id="frame`frameeSVkcE">
				<item id="attr">
					<item id="name"><![CDATA[frameeSVkcE]]></item>
					<item id="moveable"><![CDATA[true]]></item>
					<item id="className"><![CDATA[frame move-span cl frame-1]]></item>
					<item id="titles"><![CDATA[]]></item>
				</item>
				<item id="column`frameeSVkcE_left">
					<item id="attr">
						<item id="name"><![CDATA[frameeSVkcE_left]]></item>
						<item id="className"><![CDATA[column frame-1-c]]></item>
					</item>
					<item id="block`portal_block_855">
						<item id="attr">
							<item id="name"><![CDATA[portal_block_855]]></item>
							<item id="className"><![CDATA[block move-span]]></item>
							<item id="titles"><![CDATA[]]></item>
						</item>
					</item>
				</item>
			</item>
		</item>
		<item id="deanmblldiv">
			<item id="frame`frameFUjjUs">
				<item id="attr">
					<item id="name"><![CDATA[frameFUjjUs]]></item>
					<item id="moveable"><![CDATA[true]]></item>
					<item id="className"><![CDATA[frame move-span cl frame-1]]></item>
					<item id="titles"><![CDATA[]]></item>
				</item>
				<item id="column`frameFUjjUs_left">
					<item id="attr">
						<item id="name"><![CDATA[frameFUjjUs_left]]></item>
						<item id="className"><![CDATA[column frame-1-c]]></item>
					</item>
					<item id="block`portal_block_856">
						<item id="attr">
							<item id="name"><![CDATA[portal_block_856]]></item>
							<item id="className"><![CDATA[block move-span]]></item>
							<item id="titles"><![CDATA[]]></item>
						</item>
					</item>
				</item>
			</item>
		</item>
		<item id="deanad4s">
			<item id="frame`frameYPZLEv">
				<item id="attr">
					<item id="name"><![CDATA[frameYPZLEv]]></item>
					<item id="moveable"><![CDATA[true]]></item>
					<item id="className"><![CDATA[frame move-span cl frame-1]]></item>
					<item id="titles"><![CDATA[]]></item>
				</item>
				<item id="column`frameYPZLEv_left">
					<item id="attr">
						<item id="name"><![CDATA[frameYPZLEv_left]]></item>
						<item id="className"><![CDATA[column frame-1-c]]></item>
					</item>
					<item id="block`portal_block_857">
						<item id="attr">
							<item id="name"><![CDATA[portal_block_857]]></item>
							<item id="className"><![CDATA[block move-span]]></item>
							<item id="titles"><![CDATA[]]></item>
						</item>
					</item>
				</item>
			</item>
		</item>
		<item id="deanad4s1">
			<item id="frame`frameYJwzJJ">
				<item id="attr">
					<item id="name"><![CDATA[frameYJwzJJ]]></item>
					<item id="moveable"><![CDATA[true]]></item>
					<item id="className"><![CDATA[frame move-span cl frame-1]]></item>
					<item id="titles"><![CDATA[]]></item>
				</item>
				<item id="column`frameYJwzJJ_left">
					<item id="attr">
						<item id="name"><![CDATA[frameYJwzJJ_left]]></item>
						<item id="className"><![CDATA[column frame-1-c]]></item>
					</item>
					<item id="block`portal_block_862">
						<item id="attr">
							<item id="name"><![CDATA[portal_block_862]]></item>
							<item id="className"><![CDATA[block move-span]]></item>
							<item id="titles"><![CDATA[]]></item>
						</item>
					</item>
				</item>
			</item>
		</item>
		<item id="deanad4s2">
			<item id="frame`framevf1j4M">
				<item id="attr">
					<item id="name"><![CDATA[framevf1j4M]]></item>
					<item id="moveable"><![CDATA[true]]></item>
					<item id="className"><![CDATA[frame move-span cl frame-1]]></item>
					<item id="titles"><![CDATA[]]></item>
				</item>
				<item id="column`framevf1j4M_left">
					<item id="attr">
						<item id="name"><![CDATA[framevf1j4M_left]]></item>
						<item id="className"><![CDATA[column frame-1-c]]></item>
					</item>
					<item id="block`portal_block_863">
						<item id="attr">
							<item id="name"><![CDATA[portal_block_863]]></item>
							<item id="className"><![CDATA[block move-span]]></item>
							<item id="titles"><![CDATA[]]></item>
						</item>
					</item>
				</item>
			</item>
		</item>
		<item id="deanrankcha">
			<item id="frame`framex1ssf7">
				<item id="attr">
					<item id="name"><![CDATA[framex1ssf7]]></item>
					<item id="moveable"><![CDATA[true]]></item>
					<item id="className"><![CDATA[frame move-span cl frame-1]]></item>
					<item id="titles"><![CDATA[]]></item>
				</item>
				<item id="column`framex1ssf7_left">
					<item id="attr">
						<item id="name"><![CDATA[framex1ssf7_left]]></item>
						<item id="className"><![CDATA[column frame-1-c]]></item>
					</item>
					<item id="block`portal_block_859">
						<item id="attr">
							<item id="name"><![CDATA[portal_block_859]]></item>
							<item id="className"><![CDATA[block move-span]]></item>
							<item id="titles"><![CDATA[]]></item>
						</item>
					</item>
				</item>
			</item>
		</item>
		<item id="deanrankcha1">
			<item id="frame`frameWzC7CG">
				<item id="attr">
					<item id="name"><![CDATA[frameWzC7CG]]></item>
					<item id="moveable"><![CDATA[true]]></item>
					<item id="className"><![CDATA[frame move-span cl frame-1]]></item>
					<item id="titles"><![CDATA[]]></item>
				</item>
				<item id="column`frameWzC7CG_left">
					<item id="attr">
						<item id="name"><![CDATA[frameWzC7CG_left]]></item>
						<item id="className"><![CDATA[column frame-1-c]]></item>
					</item>
					<item id="block`portal_block_860">
						<item id="attr">
							<item id="name"><![CDATA[portal_block_860]]></item>
							<item id="className"><![CDATA[block move-span]]></item>
							<item id="titles"><![CDATA[]]></item>
						</item>
					</item>
				</item>
			</item>
		</item>
		<item id="deanrankcha2">
			<item id="frame`frameTVZwPV">
				<item id="attr">
					<item id="name"><![CDATA[frameTVZwPV]]></item>
					<item id="moveable"><![CDATA[true]]></item>
					<item id="className"><![CDATA[frame move-span cl frame-1]]></item>
					<item id="titles"><![CDATA[]]></item>
				</item>
				<item id="column`frameTVZwPV_left">
					<item id="attr">
						<item id="name"><![CDATA[frameTVZwPV_left]]></item>
						<item id="className"><![CDATA[column frame-1-c]]></item>
					</item>
					<item id="block`portal_block_861">
						<item id="attr">
							<item id="name"><![CDATA[portal_block_861]]></item>
							<item id="className"><![CDATA[block move-span]]></item>
							<item id="titles"><![CDATA[]]></item>
						</item>
					</item>
				</item>
			</item>
		</item>
		<item id="deanzlzuozhe">
			<item id="frame`frameNpffcX">
				<item id="attr">
					<item id="name"><![CDATA[frameNpffcX]]></item>
					<item id="moveable"><![CDATA[true]]></item>
					<item id="className"><![CDATA[frame move-span cl frame-1]]></item>
					<item id="titles"><![CDATA[]]></item>
				</item>
				<item id="column`frameNpffcX_left">
					<item id="attr">
						<item id="name"><![CDATA[frameNpffcX_left]]></item>
						<item id="className"><![CDATA[column frame-1-c]]></item>
					</item>
					<item id="block`portal_block_858">
						<item id="attr">
							<item id="name"><![CDATA[portal_block_858]]></item>
							<item id="className"><![CDATA[block move-span]]></item>
							<item id="titles"><![CDATA[]]></item>
						</item>
					</item>
				</item>
			</item>
		</item>
		<item id="diy3"><![CDATA[]]></item>
	</item>
	<item id="blockdata">
		<item id="block">
			<item id="855">
				<item id="bid"><![CDATA[855]]></item>
				<item id="blockclass"><![CDATA[forum_thread]]></item>
				<item id="blocktype"><![CDATA[0]]></item>
				<item id="name"><![CDATA[hot-tuwen]]></item>
				<item id="title"><![CDATA[]]></item>
				<item id="classname"><![CDATA[]]></item>
				<item id="summary"><![CDATA[]]></item>
				<item id="uid"><![CDATA[1]]></item>
				<item id="username"><![CDATA[admin]]></item>
				<item id="styleid"><![CDATA[191]]></item>
				<item id="blockstyle"><![CDATA[]]></item>
				<item id="picwidth"><![CDATA[130]]></item>
				<item id="picheight"><![CDATA[100]]></item>
				<item id="target"><![CDATA[blank]]></item>
				<item id="dateformat"><![CDATA[Y-m-d]]></item>
				<item id="dateuformat"><![CDATA[0]]></item>
				<item id="script"><![CDATA[threadnew]]></item>
				<item id="param">
					<item id="fids">
						<item id="0"><![CDATA[36]]></item>
					</item>
					<item id="special">
						<item id="0"><![CDATA[0]]></item>
					</item>
					<item id="viewmod"><![CDATA[0]]></item>
					<item id="rewardstatus"><![CDATA[0]]></item>
					<item id="picrequired"><![CDATA[1]]></item>
					<item id="orderby"><![CDATA[dateline]]></item>
					<item id="postdateline"><![CDATA[0]]></item>
					<item id="lastpost"><![CDATA[0]]></item>
					<item id="titlelength"><![CDATA[40]]></item>
					<item id="summarylength"><![CDATA[80]]></item>
					<item id="startrow"><![CDATA[0]]></item>
					<item id="items"><![CDATA[4]]></item>
				</item>
				<item id="shownum"><![CDATA[4]]></item>
				<item id="cachetime"><![CDATA[3600]]></item>
				<item id="cachetimerange"><![CDATA[]]></item>
				<item id="punctualupdate"><![CDATA[0]]></item>
				<item id="hidedisplay"><![CDATA[0]]></item>
				<item id="dateline"><![CDATA[1565845402]]></item>
				<item id="notinherited"><![CDATA[0]]></item>
				<item id="isblank"><![CDATA[0]]></item>
			</item>
			<item id="856">
				<item id="bid"><![CDATA[856]]></item>
				<item id="blockclass"><![CDATA[forum_thread]]></item>
				<item id="blocktype"><![CDATA[0]]></item>
				<item id="name"><![CDATA[hot-tie]]></item>
				<item id="title"><![CDATA[]]></item>
				<item id="classname"><![CDATA[]]></item>
				<item id="summary"><![CDATA[]]></item>
				<item id="uid"><![CDATA[1]]></item>
				<item id="username"><![CDATA[admin]]></item>
				<item id="styleid"><![CDATA[190]]></item>
				<item id="blockstyle"><![CDATA[]]></item>
				<item id="picwidth"><![CDATA[0]]></item>
				<item id="picheight"><![CDATA[0]]></item>
				<item id="target"><![CDATA[blank]]></item>
				<item id="dateformat"><![CDATA[Y-m-d]]></item>
				<item id="dateuformat"><![CDATA[0]]></item>
				<item id="script"><![CDATA[threadhot]]></item>
				<item id="param">
					<item id="fids">
						<item id="0"><![CDATA[0]]></item>
					</item>
					<item id="special">
						<item id="0"><![CDATA[0]]></item>
					</item>
					<item id="viewmod"><![CDATA[0]]></item>
					<item id="rewardstatus"><![CDATA[0]]></item>
					<item id="picrequired"><![CDATA[0]]></item>
					<item id="orderby"><![CDATA[views]]></item>
					<item id="postdateline"><![CDATA[0]]></item>
					<item id="lastpost"><![CDATA[0]]></item>
					<item id="titlelength"><![CDATA[40]]></item>
					<item id="summarylength"><![CDATA[80]]></item>
					<item id="items"><![CDATA[5]]></item>
				</item>
				<item id="shownum"><![CDATA[5]]></item>
				<item id="cachetime"><![CDATA[3600]]></item>
				<item id="cachetimerange"><![CDATA[]]></item>
				<item id="punctualupdate"><![CDATA[0]]></item>
				<item id="hidedisplay"><![CDATA[0]]></item>
				<item id="dateline"><![CDATA[1565845402]]></item>
				<item id="notinherited"><![CDATA[0]]></item>
				<item id="isblank"><![CDATA[0]]></item>
			</item>
			<item id="857">
				<item id="bid"><![CDATA[857]]></item>
				<item id="blockclass"><![CDATA[html_html]]></item>
				<item id="blocktype"><![CDATA[0]]></item>
				<item id="name"><![CDATA[ad]]></item>
				<item id="title"><![CDATA[]]></item>
				<item id="classname"><![CDATA[]]></item>
				<item id="summary"><![CDATA[<a href="#" target="_blank"><img src="./template/dean_cj_190401/deancss/adt/adr1.png" width="300" /><i>ad</i></a>]]></item>
				<item id="uid"><![CDATA[1]]></item>
				<item id="username"><![CDATA[admin]]></item>
				<item id="styleid"><![CDATA[0]]></item>
				<item id="blockstyle"><![CDATA[]]></item>
				<item id="picwidth"><![CDATA[0]]></item>
				<item id="picheight"><![CDATA[0]]></item>
				<item id="target"><![CDATA[blank]]></item>
				<item id="dateformat"><![CDATA[Y-m-d]]></item>
				<item id="dateuformat"><![CDATA[0]]></item>
				<item id="script"><![CDATA[blank]]></item>
				<item id="param">
					<item id="content"><![CDATA[<a href=\"#\" target=\"_blank\"><img src=\"./template/dean_cj_190401/deancss/adt/adr1.png\" width=\"300\" /><i>ad</i></a>]]></item>
					<item id="items"><![CDATA[10]]></item>
				</item>
				<item id="shownum"><![CDATA[10]]></item>
				<item id="cachetime"><![CDATA[0]]></item>
				<item id="cachetimerange"><![CDATA[0,0]]></item>
				<item id="punctualupdate"><![CDATA[0]]></item>
				<item id="hidedisplay"><![CDATA[0]]></item>
				<item id="dateline"><![CDATA[1565845439]]></item>
				<item id="notinherited"><![CDATA[0]]></item>
				<item id="isblank"><![CDATA[0]]></item>
			</item>
			<item id="858">
				<item id="bid"><![CDATA[858]]></item>
				<item id="blockclass"><![CDATA[member_member]]></item>
				<item id="blocktype"><![CDATA[0]]></item>
				<item id="name"><![CDATA[member]]></item>
				<item id="title"><![CDATA[]]></item>
				<item id="classname"><![CDATA[]]></item>
				<item id="summary"><![CDATA[]]></item>
				<item id="uid"><![CDATA[1]]></item>
				<item id="username"><![CDATA[admin]]></item>
				<item id="styleid"><![CDATA[189]]></item>
				<item id="blockstyle"><![CDATA[]]></item>
				<item id="picwidth"><![CDATA[55]]></item>
				<item id="picheight"><![CDATA[55]]></item>
				<item id="target"><![CDATA[blank]]></item>
				<item id="dateformat"><![CDATA[Y-m-d]]></item>
				<item id="dateuformat"><![CDATA[0]]></item>
				<item id="script"><![CDATA[memberposts]]></item>
				<item id="param">
					<item id="orderby"><![CDATA[threads]]></item>
					<item id="lastpost"><![CDATA[]]></item>
					<item id="startrow"><![CDATA[0]]></item>
					<item id="items"><![CDATA[5]]></item>
				</item>
				<item id="shownum"><![CDATA[5]]></item>
				<item id="cachetime"><![CDATA[3600]]></item>
				<item id="cachetimerange"><![CDATA[]]></item>
				<item id="punctualupdate"><![CDATA[0]]></item>
				<item id="hidedisplay"><![CDATA[0]]></item>
				<item id="dateline"><![CDATA[1565845402]]></item>
				<item id="notinherited"><![CDATA[0]]></item>
				<item id="isblank"><![CDATA[0]]></item>
			</item>
			<item id="859">
				<item id="bid"><![CDATA[859]]></item>
				<item id="blockclass"><![CDATA[forum_thread]]></item>
				<item id="blocktype"><![CDATA[0]]></item>
				<item id="name"><![CDATA[today]]></item>
				<item id="title"><![CDATA[]]></item>
				<item id="classname"><![CDATA[]]></item>
				<item id="summary"><![CDATA[]]></item>
				<item id="uid"><![CDATA[1]]></item>
				<item id="username"><![CDATA[admin]]></item>
				<item id="styleid"><![CDATA[192]]></item>
				<item id="blockstyle"><![CDATA[]]></item>
				<item id="picwidth"><![CDATA[100]]></item>
				<item id="picheight"><![CDATA[70]]></item>
				<item id="target"><![CDATA[blank]]></item>
				<item id="dateformat"><![CDATA[Y-m-d]]></item>
				<item id="dateuformat"><![CDATA[0]]></item>
				<item id="script"><![CDATA[threadnew]]></item>
				<item id="param">
					<item id="fids">
						<item id="0"><![CDATA[0]]></item>
					</item>
					<item id="special">
						<item id="0"><![CDATA[0]]></item>
					</item>
					<item id="viewmod"><![CDATA[0]]></item>
					<item id="rewardstatus"><![CDATA[0]]></item>
					<item id="picrequired"><![CDATA[1]]></item>
					<item id="orderby"><![CDATA[dateline]]></item>
					<item id="postdateline"><![CDATA[0]]></item>
					<item id="lastpost"><![CDATA[0]]></item>
					<item id="titlelength"><![CDATA[40]]></item>
					<item id="summarylength"><![CDATA[80]]></item>
					<item id="startrow"><![CDATA[0]]></item>
					<item id="items"><![CDATA[10]]></item>
				</item>
				<item id="shownum"><![CDATA[10]]></item>
				<item id="cachetime"><![CDATA[3600]]></item>
				<item id="cachetimerange"><![CDATA[]]></item>
				<item id="punctualupdate"><![CDATA[0]]></item>
				<item id="hidedisplay"><![CDATA[0]]></item>
				<item id="dateline"><![CDATA[1565845401]]></item>
				<item id="notinherited"><![CDATA[0]]></item>
				<item id="isblank"><![CDATA[0]]></item>
			</item>
			<item id="860">
				<item id="bid"><![CDATA[860]]></item>
				<item id="blockclass"><![CDATA[forum_thread]]></item>
				<item id="blocktype"><![CDATA[0]]></item>
				<item id="name"><![CDATA[week]]></item>
				<item id="title"><![CDATA[]]></item>
				<item id="classname"><![CDATA[]]></item>
				<item id="summary"><![CDATA[]]></item>
				<item id="uid"><![CDATA[1]]></item>
				<item id="username"><![CDATA[admin]]></item>
				<item id="styleid"><![CDATA[192]]></item>
				<item id="blockstyle"><![CDATA[]]></item>
				<item id="picwidth"><![CDATA[100]]></item>
				<item id="picheight"><![CDATA[70]]></item>
				<item id="target"><![CDATA[blank]]></item>
				<item id="dateformat"><![CDATA[Y-m-d]]></item>
				<item id="dateuformat"><![CDATA[0]]></item>
				<item id="script"><![CDATA[threadhot]]></item>
				<item id="param">
					<item id="fids">
						<item id="0"><![CDATA[0]]></item>
					</item>
					<item id="special">
						<item id="0"><![CDATA[0]]></item>
					</item>
					<item id="viewmod"><![CDATA[0]]></item>
					<item id="rewardstatus"><![CDATA[0]]></item>
					<item id="picrequired"><![CDATA[1]]></item>
					<item id="orderby"><![CDATA[views]]></item>
					<item id="postdateline"><![CDATA[0]]></item>
					<item id="lastpost"><![CDATA[0]]></item>
					<item id="titlelength"><![CDATA[40]]></item>
					<item id="summarylength"><![CDATA[80]]></item>
					<item id="items"><![CDATA[10]]></item>
				</item>
				<item id="shownum"><![CDATA[10]]></item>
				<item id="cachetime"><![CDATA[3600]]></item>
				<item id="cachetimerange"><![CDATA[]]></item>
				<item id="punctualupdate"><![CDATA[0]]></item>
				<item id="hidedisplay"><![CDATA[0]]></item>
				<item id="dateline"><![CDATA[1565845401]]></item>
				<item id="notinherited"><![CDATA[0]]></item>
				<item id="isblank"><![CDATA[0]]></item>
			</item>
			<item id="861">
				<item id="bid"><![CDATA[861]]></item>
				<item id="blockclass"><![CDATA[forum_thread]]></item>
				<item id="blocktype"><![CDATA[0]]></item>
				<item id="name"><![CDATA[month]]></item>
				<item id="title"><![CDATA[]]></item>
				<item id="classname"><![CDATA[]]></item>
				<item id="summary"><![CDATA[]]></item>
				<item id="uid"><![CDATA[1]]></item>
				<item id="username"><![CDATA[admin]]></item>
				<item id="styleid"><![CDATA[192]]></item>
				<item id="blockstyle"><![CDATA[]]></item>
				<item id="picwidth"><![CDATA[100]]></item>
				<item id="picheight"><![CDATA[70]]></item>
				<item id="target"><![CDATA[blank]]></item>
				<item id="dateformat"><![CDATA[Y-m-d]]></item>
				<item id="dateuformat"><![CDATA[0]]></item>
				<item id="script"><![CDATA[threadnew]]></item>
				<item id="param">
					<item id="fids">
						<item id="0"><![CDATA[0]]></item>
					</item>
					<item id="special">
						<item id="0"><![CDATA[0]]></item>
					</item>
					<item id="viewmod"><![CDATA[0]]></item>
					<item id="rewardstatus"><![CDATA[0]]></item>
					<item id="picrequired"><![CDATA[1]]></item>
					<item id="orderby"><![CDATA[dateline]]></item>
					<item id="postdateline"><![CDATA[0]]></item>
					<item id="lastpost"><![CDATA[0]]></item>
					<item id="titlelength"><![CDATA[40]]></item>
					<item id="summarylength"><![CDATA[80]]></item>
					<item id="startrow"><![CDATA[0]]></item>
					<item id="items"><![CDATA[10]]></item>
				</item>
				<item id="shownum"><![CDATA[10]]></item>
				<item id="cachetime"><![CDATA[3600]]></item>
				<item id="cachetimerange"><![CDATA[]]></item>
				<item id="punctualupdate"><![CDATA[0]]></item>
				<item id="hidedisplay"><![CDATA[0]]></item>
				<item id="dateline"><![CDATA[1565845401]]></item>
				<item id="notinherited"><![CDATA[0]]></item>
				<item id="isblank"><![CDATA[0]]></item>
			</item>
			<item id="862">
				<item id="bid"><![CDATA[862]]></item>
				<item id="blockclass"><![CDATA[html_html]]></item>
				<item id="blocktype"><![CDATA[0]]></item>
				<item id="name"><![CDATA[ad2]]></item>
				<item id="title"><![CDATA[]]></item>
				<item id="classname"><![CDATA[]]></item>
				<item id="summary"><![CDATA[<a href="#" target="_blank"><img src="./template/dean_cj_190401/deancss/adt/adr2.jpg" width="300" /><i>ad</i></a>]]></item>
				<item id="uid"><![CDATA[1]]></item>
				<item id="username"><![CDATA[admin]]></item>
				<item id="styleid"><![CDATA[0]]></item>
				<item id="blockstyle"><![CDATA[]]></item>
				<item id="picwidth"><![CDATA[0]]></item>
				<item id="picheight"><![CDATA[0]]></item>
				<item id="target"><![CDATA[blank]]></item>
				<item id="dateformat"><![CDATA[Y-m-d]]></item>
				<item id="dateuformat"><![CDATA[0]]></item>
				<item id="script"><![CDATA[blank]]></item>
				<item id="param">
					<item id="content"><![CDATA[<a href=\"#\" target=\"_blank\"><img src=\"./template/dean_cj_190401/deancss/adt/adr2.jpg\" width=\"300\" /><i>ad</i></a>]]></item>
					<item id="items"><![CDATA[10]]></item>
				</item>
				<item id="shownum"><![CDATA[10]]></item>
				<item id="cachetime"><![CDATA[0]]></item>
				<item id="cachetimerange"><![CDATA[0,0]]></item>
				<item id="punctualupdate"><![CDATA[0]]></item>
				<item id="hidedisplay"><![CDATA[0]]></item>
				<item id="dateline"><![CDATA[1565845442]]></item>
				<item id="notinherited"><![CDATA[0]]></item>
				<item id="isblank"><![CDATA[0]]></item>
			</item>
			<item id="863">
				<item id="bid"><![CDATA[863]]></item>
				<item id="blockclass"><![CDATA[html_html]]></item>
				<item id="blocktype"><![CDATA[0]]></item>
				<item id="name"><![CDATA[ad3]]></item>
				<item id="title"><![CDATA[]]></item>
				<item id="classname"><![CDATA[]]></item>
				<item id="summary"><![CDATA[<a href="#" target="_blank"><img src="./template/dean_cj_190401/deancss/adt/adr3.jpg" width="300" /><i>ad</i></a>]]></item>
				<item id="uid"><![CDATA[1]]></item>
				<item id="username"><![CDATA[admin]]></item>
				<item id="styleid"><![CDATA[0]]></item>
				<item id="blockstyle"><![CDATA[]]></item>
				<item id="picwidth"><![CDATA[0]]></item>
				<item id="picheight"><![CDATA[0]]></item>
				<item id="target"><![CDATA[blank]]></item>
				<item id="dateformat"><![CDATA[Y-m-d]]></item>
				<item id="dateuformat"><![CDATA[0]]></item>
				<item id="script"><![CDATA[blank]]></item>
				<item id="param">
					<item id="content"><![CDATA[<a href=\"#\" target=\"_blank\"><img src=\"./template/dean_cj_190401/deancss/adt/adr3.jpg\" width=\"300\" /><i>ad</i></a>]]></item>
					<item id="items"><![CDATA[10]]></item>
				</item>
				<item id="shownum"><![CDATA[10]]></item>
				<item id="cachetime"><![CDATA[0]]></item>
				<item id="cachetimerange"><![CDATA[0,0]]></item>
				<item id="punctualupdate"><![CDATA[0]]></item>
				<item id="hidedisplay"><![CDATA[0]]></item>
				<item id="dateline"><![CDATA[1565845445]]></item>
				<item id="notinherited"><![CDATA[0]]></item>
				<item id="isblank"><![CDATA[0]]></item>
			</item>
		</item>
		<item id="style">
			<item id="189">
				<item id="styleid"><![CDATA[189]]></item>
				<item id="blockclass"><![CDATA[member_member]]></item>
				<item id="name"><![CDATA[dean-wlnet-authors]]></item>
				<item id="template">
					<item id="raw"><![CDATA[[loop]
					<li class="deanauthorli{currentorder}">
                    	<div class="deanzzimg deanxz"><a href="{url}" target="_blank"><img src="{avatar_middle}" width="{picwidth}" height="{picheight}" /><span title="作者发布{threads}篇主题">{threads}</span></a></div>
                        <div class="deanzzinfo">
                        	<h3><a href="{url}"{target}>{title}</a></h3>
                            <div class="clear"></div>
                            <div class="deanzzjss">
                            	主题数：{threads}，精华帖：{digestposts}
                            </div>
                        </div>
                        <div class="clear"></div>
                    </li>
					[/loop]]]></item>
					<item id="footer"><![CDATA[]]></item>
					<item id="header"><![CDATA[]]></item>
					<item id="indexplus">
					</item>
					<item id="index">
					</item>
					<item id="orderplus">
					</item>
					<item id="order">
					</item>
					<item id="loopplus">
					</item>
					<item id="loop"><![CDATA[<li class="deanauthorli{currentorder}">
                    	<div class="deanzzimg deanxz"><a href="{url}" target="_blank"><img src="{avatar_middle}" width="{picwidth}" height="{picheight}" /><span title="作者发布{threads}篇主题">{threads}</span></a></div>
                        <div class="deanzzinfo">
                        	<h3><a href="{url}"{target}>{title}</a></h3>
                            <div class="clear"></div>
                            <div class="deanzzjss">
                            	主题数：{threads}，精华帖：{digestposts}
                            </div>
                        </div>
                        <div class="clear"></div>
                    </li>]]></item>
				</item>
				<item id="hash"><![CDATA[0f058d2d]]></item>
				<item id="getpic"><![CDATA[0]]></item>
				<item id="getsummary"><![CDATA[0]]></item>
				<item id="makethumb"><![CDATA[1]]></item>
				<item id="settarget"><![CDATA[1]]></item>
				<item id="fields">
					<item id="0"><![CDATA[currentorder]]></item>
					<item id="1"><![CDATA[url]]></item>
					<item id="2"><![CDATA[avatar_middle]]></item>
					<item id="3"><![CDATA[threads]]></item>
					<item id="4"><![CDATA[title]]></item>
					<item id="5"><![CDATA[digestposts]]></item>
				</item>
				<item id="moreurl"><![CDATA[0]]></item>
			</item>
			<item id="190">
				<item id="styleid"><![CDATA[190]]></item>
				<item id="blockclass"><![CDATA[forum_thread]]></item>
				<item id="name"><![CDATA[dean-wlnet-forum-hotlist]]></item>
				<item id="template">
					<item id="raw"><![CDATA[[loop]
<li><a href="{forumurl}" target="_blank" class="deantypenamest">{forumname}</a><a href="{url}" target="_blank" class="deanhotlia">{title}</a><div class="clear"></div></li>
[/loop]]]></item>
					<item id="footer"><![CDATA[]]></item>
					<item id="header"><![CDATA[]]></item>
					<item id="indexplus"><![CDATA[
					]]></item>
					<item id="index"><![CDATA[
					]]></item>
					<item id="orderplus"><![CDATA[
					]]></item>
					<item id="order"><![CDATA[
					]]></item>
					<item id="loopplus"><![CDATA[
					]]></item>
					<item id="loop"><![CDATA[<li><a href="{forumurl}" target="_blank" class="deantypenamest">{forumname}</a><a href="{url}" target="_blank" class="deanhotlia">{title}</a><div class="clear"></div></li>]]></item>
				</item>
				<item id="hash"><![CDATA[63e8dc4e]]></item>
				<item id="getpic"><![CDATA[0]]></item>
				<item id="getsummary"><![CDATA[0]]></item>
				<item id="makethumb"><![CDATA[0]]></item>
				<item id="settarget"><![CDATA[0]]></item>
				<item id="fields">
					<item id="0"><![CDATA[forumurl]]></item>
					<item id="1"><![CDATA[forumname]]></item>
					<item id="2"><![CDATA[url]]></item>
					<item id="3"><![CDATA[title]]></item>
				</item>
				<item id="moreurl"><![CDATA[0]]></item>
			</item>
			<item id="191">
				<item id="styleid"><![CDATA[191]]></item>
				<item id="blockclass"><![CDATA[forum_thread]]></item>
				<item id="name"><![CDATA[dean-wlnet-forum-topic]]></item>
				<item id="template">
					<item id="raw"><![CDATA[[loop]
<li><a href="{url}" target="_blank"><img src="{pic}" width="{picwidth}" height="{picheight}" /><div class="deanspanbg"><span>{title}</span></div></a></li>
[/loop]]]></item>
					<item id="footer"><![CDATA[]]></item>
					<item id="header"><![CDATA[]]></item>
					<item id="indexplus"><![CDATA[
					]]></item>
					<item id="index"><![CDATA[
					]]></item>
					<item id="orderplus"><![CDATA[
					]]></item>
					<item id="order"><![CDATA[
					]]></item>
					<item id="loopplus"><![CDATA[
					]]></item>
					<item id="loop"><![CDATA[<li><a href="{url}" target="_blank"><img src="{pic}" width="{picwidth}" height="{picheight}" /><div class="deanspanbg"><span>{title}</span></div></a></li>]]></item>
				</item>
				<item id="hash"><![CDATA[ddf3978a]]></item>
				<item id="getpic"><![CDATA[1]]></item>
				<item id="getsummary"><![CDATA[0]]></item>
				<item id="makethumb"><![CDATA[1]]></item>
				<item id="settarget"><![CDATA[0]]></item>
				<item id="fields">
					<item id="0"><![CDATA[url]]></item>
					<item id="1"><![CDATA[pic]]></item>
					<item id="2"><![CDATA[title]]></item>
				</item>
				<item id="moreurl"><![CDATA[0]]></item>
			</item>
			<item id="192">
				<item id="styleid"><![CDATA[192]]></item>
				<item id="blockclass"><![CDATA[forum_thread]]></item>
				<item id="name"><![CDATA[dean-wlnet-forum-ranklist]]></item>
				<item id="template">
					<item id="raw"><![CDATA[[loop]
[order=1]
<li class="deanrankli{currentorder}">
                            <div class="deanranktit"><span>{currentorder}</span><h3><a href="{url}" target="_blank">{title}</a></h3><div class="clear"></div></div>
                            <div class="clear"></div>
                            <div class="deanrankinfost" style="display:block;">
                            	<div class="deanrankinfoimg"><a href="{url}" target="_blank"><img src="{pic}" width="{picwidth}" height="{picheight}" /></a></div>
                                <div class="deanrankinfor">
                                	<div class="deanranksummary">{summary}</div>
                                    <div class="deanranknums"><span><i class="icon-eye-open"></i>{views}</span><em></em><span><i class="icon-comments-alt"></i>{replies}</span></div>
                                </div>
				<div class="clear"></div>
                            </div>
                        </li>
[/order]
<li class="deanrankli{currentorder}">
                            <div class="deanranktit"><span>{currentorder}</span><h3><a href="{url}" target="_blank">{title}</a></h3><div class="clear"></div></div>
                            <div class="clear"></div>
                            <div class="deanrankinfost">
                            	<div class="deanrankinfoimg"><a href="{url}" target="_blank"><img src="{pic}" width="{picwidth}" height="{picheight}" /></a></div>
                                <div class="deanrankinfor">
                                	<div class="deanranksummary">{summary}</div>
                                    <div class="deanranknums"><span><i class="icon-eye-open"></i>{views}</span><em></em><span><i class="icon-comments-alt"></i>{replies}</span></div>
                                </div>
				<div class="clear"></div>
                            </div>
                        </li>
[/loop]]]></item>
					<item id="footer"><![CDATA[]]></item>
					<item id="header"><![CDATA[]]></item>
					<item id="indexplus"><![CDATA[
					]]></item>
					<item id="index"><![CDATA[
					]]></item>
					<item id="orderplus"><![CDATA[
					]]></item>
					<item id="order">
						<item id="1"><![CDATA[<li class="deanrankli{currentorder}">
                            <div class="deanranktit"><span>{currentorder}</span><h3><a href="{url}" target="_blank">{title}</a></h3><div class="clear"></div></div>
                            <div class="clear"></div>
                            <div class="deanrankinfost" style="display:block;">
                            	<div class="deanrankinfoimg"><a href="{url}" target="_blank"><img src="{pic}" width="{picwidth}" height="{picheight}" /></a></div>
                                <div class="deanrankinfor">
                                	<div class="deanranksummary">{summary}</div>
                                    <div class="deanranknums"><span><i class="icon-eye-open"></i>{views}</span><em></em><span><i class="icon-comments-alt"></i>{replies}</span></div>
                                </div>
				<div class="clear"></div>
                            </div>
                        </li>]]></item>
					</item>
					<item id="loopplus"><![CDATA[
					]]></item>
					<item id="loop"><![CDATA[[order=1]
<li class="deanrankli{currentorder}">
                            <div class="deanranktit"><span>{currentorder}</span><h3><a href="{url}" target="_blank">{title}</a></h3><div class="clear"></div></div>
                            <div class="clear"></div>
                            <div class="deanrankinfost" style="display:block;">
                            	<div class="deanrankinfoimg"><a href="{url}" target="_blank"><img src="{pic}" width="{picwidth}" height="{picheight}" /></a></div>
                                <div class="deanrankinfor">
                                	<div class="deanranksummary">{summary}</div>
                                    <div class="deanranknums"><span><i class="icon-eye-open"></i>{views}</span><em></em><span><i class="icon-comments-alt"></i>{replies}</span></div>
                                </div>
				<div class="clear"></div>
                            </div>
                        </li>
[/order]
<li class="deanrankli{currentorder}">
                            <div class="deanranktit"><span>{currentorder}</span><h3><a href="{url}" target="_blank">{title}</a></h3><div class="clear"></div></div>
                            <div class="clear"></div>
                            <div class="deanrankinfost">
                            	<div class="deanrankinfoimg"><a href="{url}" target="_blank"><img src="{pic}" width="{picwidth}" height="{picheight}" /></a></div>
                                <div class="deanrankinfor">
                                	<div class="deanranksummary">{summary}</div>
                                    <div class="deanranknums"><span><i class="icon-eye-open"></i>{views}</span><em></em><span><i class="icon-comments-alt"></i>{replies}</span></div>
                                </div>
				<div class="clear"></div>
                            </div>
                        </li>]]></item>
				</item>
				<item id="hash"><![CDATA[df77d2d4]]></item>
				<item id="getpic"><![CDATA[1]]></item>
				<item id="getsummary"><![CDATA[1]]></item>
				<item id="makethumb"><![CDATA[1]]></item>
				<item id="settarget"><![CDATA[0]]></item>
				<item id="fields">
					<item id="0"><![CDATA[currentorder]]></item>
					<item id="1"><![CDATA[url]]></item>
					<item id="2"><![CDATA[title]]></item>
					<item id="3"><![CDATA[pic]]></item>
					<item id="4"><![CDATA[summary]]></item>
					<item id="5"><![CDATA[views]]></item>
					<item id="6"><![CDATA[replies]]></item>
				</item>
				<item id="moreurl"><![CDATA[0]]></item>
			</item>
		</item>
	</item>
</root>