<?xml version="1.0" encoding="ISO-8859-1"?>
<root>
	<item id="spacecss"><![CDATA[#framePBKXzy { background-color:transparent !important;background-image:none !important;border:#000000 0px !important;margin:0px !important;}#portal_block_141 { background-color:transparent !important;background-image:none !important;border:0px !important;margin:0px !important;}#portal_block_141 .dxb_bc { margin:0px !important;}#frameNH3Lfz { background-color:transparent !important;background-image:none !important;border:0px !important;margin:0px !important;}#portal_block_142 { background-color:transparent !important;background-image:none !important;margin:0px !important;}#portal_block_142 .dxb_bc { margin:0px !important;}#frame2MBWgU { background-color:transparent !important;background-image:none !important;border:0px !important;margin:0px !important;}#portal_block_143 { background-color:transparent !important;background-image:none !important;margin:0px !important;}#portal_block_143 .dxb_bc { margin:0px !important;}#framer4Qd1M { background-color:transparent !important;background-image:none !important;border:0px !important;margin:0px !important;}#portal_block_144 { background-color:transparent !important;background-image:none !important;margin:0px !important;}#portal_block_144 .dxb_bc { margin:0px !important;}#frametjW358 { background-color:transparent !important;background-image:none !important;border:0px !important;margin:0px !important;}#portal_block_145 { background-color:transparent !important;background-image:none !important;margin:0px !important;}#portal_block_145 .dxb_bc { margin:0px !important;}#framemUo132 { background-color:transparent !important;background-image:none !important;border:0px !important;margin:0px !important;}#portal_block_147 { background-color:transparent !important;background-image:none !important;margin:0px !important;}#portal_block_147 .dxb_bc { margin:0px !important;}#frameH16Eyc { background-color:transparent !important;background-image:none !important;border:0px !important;margin:0px !important;}#portal_block_149 { background-color:transparent !important;background-image:none !important;margin:0px !important;}#portal_block_149 .dxb_bc { margin:0px !important;}#frameIIg8k1 { background-color:transparent !important;background-image:none !important;border:0px !important;margin:0px !important;}#portal_block_150 { background-color:transparent !important;background-image:none !important;margin:0px !important;}#portal_block_150 .dxb_bc { margin:0px !important;}#frameFIcXiC { background-color:transparent !important;background-image:none !important;border:0px !important;margin:0px !important;}#portal_block_151 { background-color:transparent !important;background-image:none !important;margin:0px !important;}#portal_block_151 .dxb_bc { margin:0px !important;}#frame2S9U1t { background-color:transparent !important;background-image:none !important;border:0px !important;margin:0px !important;}#portal_block_152 { background-color:transparent !important;background-image:none !important;border:0px !important;margin:0px !important;}#portal_block_152 .dxb_bc { margin:0px !important;}#frameXRwgKS { background-color:transparent !important;background-image:none !important;border:0px !important;margin:0px !important;}#portal_block_158 { background-color:transparent !important;background-image:none !important;margin:0px !important;}#portal_block_158 .dxb_bc { margin:0px !important;}]]></item>
	<item id="layoutdata">
		<item id="c1fmtop_slide">
			<item id="frame`frame2MBWgU">
				<item id="attr">
					<item id="name"><![CDATA[frame2MBWgU]]></item>
					<item id="moveable"><![CDATA[true]]></item>
					<item id="className"><![CDATA[ frame move-span cl frame-1]]></item>
					<item id="titles"><![CDATA[]]></item>
				</item>
				<item id="column`frame2MBWgU_left">
					<item id="attr">
						<item id="name"><![CDATA[frame2MBWgU_left]]></item>
						<item id="className"><![CDATA[column frame-1-c]]></item>
					</item>
					<item id="block`portal_block_143">
						<item id="attr">
							<item id="name"><![CDATA[portal_block_143]]></item>
							<item id="className"><![CDATA[block move-span]]></item>
							<item id="titles"><![CDATA[]]></item>
						</item>
					</item>
				</item>
			</item>
		</item>
		<item id="new_list">
			<item id="frame`frametjW358">
				<item id="attr">
					<item id="name"><![CDATA[frametjW358]]></item>
					<item id="moveable"><![CDATA[true]]></item>
					<item id="className"><![CDATA[ frame move-span cl frame-1]]></item>
					<item id="titles"><![CDATA[]]></item>
				</item>
				<item id="column`frametjW358_left">
					<item id="attr">
						<item id="name"><![CDATA[frametjW358_left]]></item>
						<item id="className"><![CDATA[column frame-1-c]]></item>
					</item>
					<item id="block`portal_block_145">
						<item id="attr">
							<item id="name"><![CDATA[portal_block_145]]></item>
							<item id="className"><![CDATA[block move-span]]></item>
							<item id="titles"><![CDATA[]]></item>
						</item>
					</item>
				</item>
			</item>
		</item>
		<item id="reply_list">
			<item id="frame`frameIIg8k1">
				<item id="attr">
					<item id="name"><![CDATA[frameIIg8k1]]></item>
					<item id="moveable"><![CDATA[true]]></item>
					<item id="className"><![CDATA[ frame move-span cl frame-1]]></item>
					<item id="titles"><![CDATA[]]></item>
				</item>
				<item id="column`frameIIg8k1_left">
					<item id="attr">
						<item id="name"><![CDATA[frameIIg8k1_left]]></item>
						<item id="className"><![CDATA[column frame-1-c]]></item>
					</item>
					<item id="block`portal_block_150">
						<item id="attr">
							<item id="name"><![CDATA[portal_block_150]]></item>
							<item id="className"><![CDATA[block move-span]]></item>
							<item id="titles"><![CDATA[]]></item>
						</item>
					</item>
				</item>
			</item>
		</item>
		<item id="hot_list">
			<item id="frame`frameFIcXiC">
				<item id="attr">
					<item id="name"><![CDATA[frameFIcXiC]]></item>
					<item id="moveable"><![CDATA[true]]></item>
					<item id="className"><![CDATA[ frame move-span cl frame-1]]></item>
					<item id="titles"><![CDATA[]]></item>
				</item>
				<item id="column`frameFIcXiC_left">
					<item id="attr">
						<item id="name"><![CDATA[frameFIcXiC_left]]></item>
						<item id="className"><![CDATA[column frame-1-c]]></item>
					</item>
					<item id="block`portal_block_151">
						<item id="attr">
							<item id="name"><![CDATA[portal_block_151]]></item>
							<item id="className"><![CDATA[block move-span]]></item>
							<item id="titles"><![CDATA[]]></item>
						</item>
					</item>
				</item>
			</item>
		</item>
		<item id="digest_list">
			<item id="frame`frame2S9U1t">
				<item id="attr">
					<item id="name"><![CDATA[frame2S9U1t]]></item>
					<item id="moveable"><![CDATA[true]]></item>
					<item id="className"><![CDATA[ frame move-span cl frame-1]]></item>
					<item id="titles"><![CDATA[]]></item>
				</item>
				<item id="column`frame2S9U1t_left">
					<item id="attr">
						<item id="name"><![CDATA[frame2S9U1t_left]]></item>
						<item id="className"><![CDATA[column frame-1-c]]></item>
					</item>
					<item id="block`portal_block_152">
						<item id="attr">
							<item id="name"><![CDATA[portal_block_152]]></item>
							<item id="className"><![CDATA[block move-span]]></item>
							<item id="titles"><![CDATA[]]></item>
						</item>
					</item>
				</item>
			</item>
		</item>
		<item id="slide_list">
			<item id="frame`framemUo132">
				<item id="attr">
					<item id="name"><![CDATA[framemUo132]]></item>
					<item id="moveable"><![CDATA[true]]></item>
					<item id="className"><![CDATA[ frame move-span cl frame-1]]></item>
					<item id="titles"><![CDATA[]]></item>
				</item>
				<item id="column`framemUo132_left">
					<item id="attr">
						<item id="name"><![CDATA[framemUo132_left]]></item>
						<item id="className"><![CDATA[column frame-1-c]]></item>
					</item>
					<item id="block`portal_block_147">
						<item id="attr">
							<item id="name"><![CDATA[portal_block_147]]></item>
							<item id="className"><![CDATA[block move-span]]></item>
							<item id="titles"><![CDATA[]]></item>
						</item>
					</item>
				</item>
			</item>
		</item>
		<item id="rec_list">
			<item id="frame`frameH16Eyc">
				<item id="attr">
					<item id="name"><![CDATA[frameH16Eyc]]></item>
					<item id="moveable"><![CDATA[true]]></item>
					<item id="className"><![CDATA[ frame move-span cl frame-1]]></item>
					<item id="titles"><![CDATA[]]></item>
				</item>
				<item id="column`frameH16Eyc_left">
					<item id="attr">
						<item id="name"><![CDATA[frameH16Eyc_left]]></item>
						<item id="className"><![CDATA[column frame-1-c]]></item>
					</item>
					<item id="block`portal_block_149">
						<item id="attr">
							<item id="name"><![CDATA[portal_block_149]]></item>
							<item id="className"><![CDATA[block move-span]]></item>
							<item id="titles"><![CDATA[]]></item>
						</item>
					</item>
				</item>
			</item>
		</item>
		<item id="tuwen_list">
			<item id="frame`framer4Qd1M">
				<item id="attr">
					<item id="name"><![CDATA[framer4Qd1M]]></item>
					<item id="moveable"><![CDATA[true]]></item>
					<item id="className"><![CDATA[ frame move-span cl frame-1]]></item>
					<item id="titles"><![CDATA[]]></item>
				</item>
				<item id="column`framer4Qd1M_left">
					<item id="attr">
						<item id="name"><![CDATA[framer4Qd1M_left]]></item>
						<item id="className"><![CDATA[column frame-1-c]]></item>
					</item>
					<item id="block`portal_block_144">
						<item id="attr">
							<item id="name"><![CDATA[portal_block_144]]></item>
							<item id="className"><![CDATA[block move-span]]></item>
							<item id="titles"><![CDATA[]]></item>
						</item>
					</item>
				</item>
			</item>
		</item>
		<item id="diy1"><![CDATA[]]></item>
		<item id="diy_chart"><![CDATA[]]></item>
		<item id="diy_mn_pics">
			<item id="frame`frameXRwgKS">
				<item id="attr">
					<item id="name"><![CDATA[frameXRwgKS]]></item>
					<item id="moveable"><![CDATA[true]]></item>
					<item id="className"><![CDATA[ frame move-span cl frame-1]]></item>
					<item id="titles"><![CDATA[]]></item>
				</item>
				<item id="column`frameXRwgKS_left">
					<item id="attr">
						<item id="name"><![CDATA[frameXRwgKS_left]]></item>
						<item id="className"><![CDATA[column frame-1-c]]></item>
					</item>
					<item id="block`portal_block_158">
						<item id="attr">
							<item id="name"><![CDATA[portal_block_158]]></item>
							<item id="className"><![CDATA[block move-span]]></item>
							<item id="titles"><![CDATA[]]></item>
						</item>
					</item>
				</item>
			</item>
		</item>
		<item id="diy3"><![CDATA[]]></item>
		<item id="c1Fsd_slide">
			<item id="frame`framePBKXzy">
				<item id="attr">
					<item id="name"><![CDATA[framePBKXzy]]></item>
					<item id="moveable"><![CDATA[true]]></item>
					<item id="className"><![CDATA[ frame move-span cl frame-1]]></item>
					<item id="titles"><![CDATA[]]></item>
				</item>
				<item id="column`framePBKXzy_left">
					<item id="attr">
						<item id="name"><![CDATA[framePBKXzy_left]]></item>
						<item id="className"><![CDATA[column frame-1-c]]></item>
					</item>
					<item id="block`portal_block_141">
						<item id="attr">
							<item id="name"><![CDATA[portal_block_141]]></item>
							<item id="className"><![CDATA[block move-span]]></item>
							<item id="titles"><![CDATA[]]></item>
						</item>
					</item>
				</item>
			</item>
		</item>
		<item id="c1Fsd_tuwen">
			<item id="frame`frameNH3Lfz">
				<item id="attr">
					<item id="name"><![CDATA[frameNH3Lfz]]></item>
					<item id="moveable"><![CDATA[true]]></item>
					<item id="className"><![CDATA[ frame move-span cl frame-1]]></item>
					<item id="titles"><![CDATA[]]></item>
				</item>
				<item id="column`frameNH3Lfz_left">
					<item id="attr">
						<item id="name"><![CDATA[frameNH3Lfz_left]]></item>
						<item id="className"><![CDATA[column frame-1-c]]></item>
					</item>
					<item id="block`portal_block_142">
						<item id="attr">
							<item id="name"><![CDATA[portal_block_142]]></item>
							<item id="className"><![CDATA[block move-span]]></item>
							<item id="titles"><![CDATA[]]></item>
						</item>
					</item>
				</item>
			</item>
		</item>
		<item id="fmsd_diy3"><![CDATA[]]></item>
		<item id="fmsd_diy4"><![CDATA[]]></item>
		<item id="diy2"><![CDATA[]]></item>
	</item>
	<item id="blockdata">
		<item id="block">
			<item id="141">
				<item id="bid"><![CDATA[141]]></item>
				<item id="blockclass"><![CDATA[forum_thread]]></item>
				<item id="blocktype"><![CDATA[0]]></item>
				<item id="name"><![CDATA[c1Fsd_slide论坛边栏幻灯片]]></item>
				<item id="title"><![CDATA[]]></item>
				<item id="classname"><![CDATA[]]></item>
				<item id="summary"><![CDATA[]]></item>
				<item id="uid"><![CDATA[1]]></item>
				<item id="username"><![CDATA[admin]]></item>
				<item id="styleid"><![CDATA[142]]></item>
				<item id="blockstyle">
					<item id="name"><![CDATA[c1Fsd_slide论坛边栏幻灯片]]></item>
					<item id="blockclass"><![CDATA[forum_thread]]></item>
					<item id="makethumb"><![CDATA[1]]></item>
					<item id="getpic"><![CDATA[1]]></item>
					<item id="getsummary"><![CDATA[0]]></item>
					<item id="settarget"><![CDATA[1]]></item>
					<item id="moreurl"><![CDATA[0]]></item>
					<item id="fields">
						<item id="0"><![CDATA[url]]></item>
						<item id="1"><![CDATA[pic]]></item>
						<item id="2"><![CDATA[title]]></item>
					</item>
					<item id="template">
						<item id="raw"><![CDATA[<div class="bd">
	<ul>
		[loop]
			<li style="width: {picwidth}px;">
				<a href="{url}"{target}><img src="{pic}" width="{picwidth}" height="{picheight}" alt="{title}" /></a>
				<p><a href="{url}" title="{title}"{target}>{title}</a></p>
			</li>
		[/loop]
	</ul>
</div>

<div class="hd">
	<ul></ul>
</div>]]></item>
						<item id="footer"><![CDATA[]]></item>
						<item id="header"><![CDATA[]]></item>
						<item id="indexplus">
						</item>
						<item id="index">
						</item>
						<item id="orderplus">
						</item>
						<item id="order">
						</item>
						<item id="loopplus">
						</item>
						<item id="loop"><![CDATA[<li style="width: {picwidth}px;">
				<a href="{url}"{target}><img src="{pic}" width="{picwidth}" height="{picheight}" alt="{title}" /></a>
				<p><a href="{url}" title="{title}"{target}>{title}</a></p>
			</li>]]></item>
					</item>
					<item id="hash"><![CDATA[9d17ed1e]]></item>
				</item>
				<item id="picwidth"><![CDATA[300]]></item>
				<item id="picheight"><![CDATA[200]]></item>
				<item id="target"><![CDATA[blank]]></item>
				<item id="dateformat"><![CDATA[Y-m-d]]></item>
				<item id="dateuformat"><![CDATA[0]]></item>
				<item id="script"><![CDATA[thread]]></item>
				<item id="param">
					<item id="tids"><![CDATA[]]></item>
					<item id="uids"><![CDATA[]]></item>
					<item id="keyword"><![CDATA[]]></item>
					<item id="tagkeyword"><![CDATA[]]></item>
					<item id="fids">
						<item id="0"><![CDATA[0]]></item>
					</item>
					<item id="typeids"><![CDATA[]]></item>
					<item id="recommend"><![CDATA[0]]></item>
					<item id="viewmod"><![CDATA[0]]></item>
					<item id="rewardstatus"><![CDATA[0]]></item>
					<item id="picrequired"><![CDATA[1]]></item>
					<item id="orderby"><![CDATA[dateline]]></item>
					<item id="postdateline"><![CDATA[0]]></item>
					<item id="lastpost"><![CDATA[0]]></item>
					<item id="highlight"><![CDATA[0]]></item>
					<item id="titlelength"><![CDATA[80]]></item>
					<item id="summarylength"><![CDATA[80]]></item>
					<item id="startrow"><![CDATA[0]]></item>
					<item id="items"><![CDATA[6]]></item>
				</item>
				<item id="shownum"><![CDATA[6]]></item>
				<item id="cachetime"><![CDATA[600]]></item>
				<item id="cachetimerange"><![CDATA[]]></item>
				<item id="punctualupdate"><![CDATA[0]]></item>
				<item id="hidedisplay"><![CDATA[0]]></item>
				<item id="dateline"><![CDATA[1491492003]]></item>
				<item id="notinherited"><![CDATA[0]]></item>
				<item id="isblank"><![CDATA[0]]></item>
			</item>
			<item id="142">
				<item id="bid"><![CDATA[142]]></item>
				<item id="blockclass"><![CDATA[forum_thread]]></item>
				<item id="blocktype"><![CDATA[0]]></item>
				<item id="name"><![CDATA[c1Fsd_tuwen论坛边栏图文]]></item>
				<item id="title"><![CDATA[]]></item>
				<item id="classname"><![CDATA[]]></item>
				<item id="summary"><![CDATA[]]></item>
				<item id="uid"><![CDATA[1]]></item>
				<item id="username"><![CDATA[admin]]></item>
				<item id="styleid"><![CDATA[0]]></item>
				<item id="blockstyle">
					<item id="name"><![CDATA[]]></item>
					<item id="blockclass"><![CDATA[forum_thread]]></item>
					<item id="makethumb"><![CDATA[1]]></item>
					<item id="getpic"><![CDATA[1]]></item>
					<item id="getsummary"><![CDATA[1]]></item>
					<item id="settarget"><![CDATA[1]]></item>
					<item id="moreurl"><![CDATA[0]]></item>
					<item id="fields">
						<item id="0"><![CDATA[currentorder]]></item>
						<item id="1"><![CDATA[url]]></item>
						<item id="2"><![CDATA[pic]]></item>
						<item id="3"><![CDATA[title]]></item>
						<item id="4"><![CDATA[summary]]></item>
					</item>
					<item id="template">
						<item id="raw"><![CDATA[
	<ul>
		[loop]
			[order=1]
			<li class="num{currentorder} active" style="width: {picwidth}px;">
				<i class="cor{currentorder}">{currentorder}</i>
				<a href="{url}"{target}><img src="{pic}" width="{picwidth}" height="{picheight}" alt="{title}" /></a>
				<h3 class="txt_s"><a href="{url}" title="{title}"{target} class="tit">{title}</a></h3>
				<p>{summary}</p>
			</li>
			[/order]
			<li class="num{currentorder}" style="width: {picwidth}px;">
				<i class="cor{currentorder}">{currentorder}</i>
				<a href="{url}"{target}><img src="{pic}" width="{picwidth}" height="{picheight}" alt="{title}" /></a>
				<h3 class="txt_s"><a href="{url}" title="{title}"{target} class="tit">{title}</a></h3>
				<p>{summary}</p>
			</li>
		[/loop]
	</ul>]]></item>
						<item id="footer"><![CDATA[]]></item>
						<item id="header"><![CDATA[]]></item>
						<item id="indexplus">
						</item>
						<item id="index">
						</item>
						<item id="orderplus">
						</item>
						<item id="order">
							<item id="1"><![CDATA[<li class="num{currentorder} active" style="width: {picwidth}px;">
				<i class="cor{currentorder}">{currentorder}</i>
				<a href="{url}"{target}><img src="{pic}" width="{picwidth}" height="{picheight}" alt="{title}" /></a>
				<h3 class="txt_s"><a href="{url}" title="{title}"{target} class="tit">{title}</a></h3>
				<p>{summary}</p>
			</li>]]></item>
						</item>
						<item id="loopplus">
						</item>
						<item id="loop"><![CDATA[[order=1]
			<li class="num{currentorder} active" style="width: {picwidth}px;">
				<i class="cor{currentorder}">{currentorder}</i>
				<a href="{url}"{target}><img src="{pic}" width="{picwidth}" height="{picheight}" alt="{title}" /></a>
				<h3 class="txt_s"><a href="{url}" title="{title}"{target} class="tit">{title}</a></h3>
				<p>{summary}</p>
			</li>
			[/order]
			<li class="num{currentorder}" style="width: {picwidth}px;">
				<i class="cor{currentorder}">{currentorder}</i>
				<a href="{url}"{target}><img src="{pic}" width="{picwidth}" height="{picheight}" alt="{title}" /></a>
				<h3 class="txt_s"><a href="{url}" title="{title}"{target} class="tit">{title}</a></h3>
				<p>{summary}</p>
			</li>]]></item>
					</item>
					<item id="hash"><![CDATA[522d0a40]]></item>
				</item>
				<item id="picwidth"><![CDATA[300]]></item>
				<item id="picheight"><![CDATA[200]]></item>
				<item id="target"><![CDATA[blank]]></item>
				<item id="dateformat"><![CDATA[Y-m-d]]></item>
				<item id="dateuformat"><![CDATA[0]]></item>
				<item id="script"><![CDATA[thread]]></item>
				<item id="param">
					<item id="tids"><![CDATA[]]></item>
					<item id="uids"><![CDATA[]]></item>
					<item id="keyword"><![CDATA[]]></item>
					<item id="tagkeyword"><![CDATA[]]></item>
					<item id="fids">
						<item id="0"><![CDATA[0]]></item>
					</item>
					<item id="typeids"><![CDATA[]]></item>
					<item id="recommend"><![CDATA[0]]></item>
					<item id="special">
						<item id="0"><![CDATA[0]]></item>
					</item>
					<item id="viewmod"><![CDATA[0]]></item>
					<item id="rewardstatus"><![CDATA[0]]></item>
					<item id="picrequired"><![CDATA[1]]></item>
					<item id="orderby"><![CDATA[lastpost]]></item>
					<item id="postdateline"><![CDATA[0]]></item>
					<item id="lastpost"><![CDATA[0]]></item>
					<item id="highlight"><![CDATA[0]]></item>
					<item id="titlelength"><![CDATA[80]]></item>
					<item id="summarylength"><![CDATA[150]]></item>
					<item id="startrow"><![CDATA[0]]></item>
					<item id="items"><![CDATA[8]]></item>
				</item>
				<item id="shownum"><![CDATA[8]]></item>
				<item id="cachetime"><![CDATA[600]]></item>
				<item id="cachetimerange"><![CDATA[]]></item>
				<item id="punctualupdate"><![CDATA[0]]></item>
				<item id="hidedisplay"><![CDATA[0]]></item>
				<item id="dateline"><![CDATA[1491491955]]></item>
				<item id="notinherited"><![CDATA[0]]></item>
				<item id="isblank"><![CDATA[0]]></item>
			</item>
			<item id="143">
				<item id="bid"><![CDATA[143]]></item>
				<item id="blockclass"><![CDATA[forum_thread]]></item>
				<item id="blocktype"><![CDATA[0]]></item>
				<item id="name"><![CDATA[c1fmtop论坛幻灯片]]></item>
				<item id="title"><![CDATA[]]></item>
				<item id="classname"><![CDATA[]]></item>
				<item id="summary"><![CDATA[]]></item>
				<item id="uid"><![CDATA[1]]></item>
				<item id="username"><![CDATA[admin]]></item>
				<item id="styleid"><![CDATA[0]]></item>
				<item id="blockstyle">
					<item id="name"><![CDATA[]]></item>
					<item id="blockclass"><![CDATA[forum_thread]]></item>
					<item id="makethumb"><![CDATA[1]]></item>
					<item id="getpic"><![CDATA[1]]></item>
					<item id="getsummary"><![CDATA[0]]></item>
					<item id="settarget"><![CDATA[1]]></item>
					<item id="moreurl"><![CDATA[0]]></item>
					<item id="fields">
						<item id="0"><![CDATA[url]]></item>
						<item id="1"><![CDATA[title]]></item>
						<item id="2"><![CDATA[pic]]></item>
					</item>
					<item id="template">
						<item id="raw"><![CDATA[<div class="acmi" style="width: 480px; height: 273px;">
	<ul class="acmipic cl" style="width: {picwidth}px; height: {picheight}px;">
		[loop]
			<li style="width: {picwidth}px; height: {picheight}px;">
				<a href="{url}" {target}>
					<span class="tit">{title}</span>
					<img src="{pic}" alt="" width="{picwidth}" height="{picheight}">
				</a>
			</li>
		[/loop]
	</ul>
	<a class="prev" href="javascript:void(0)"></a>
	<a class="next" href="javascript:void(0)"></a>
	<div class="num">
		<ul></ul>
	</div>
</div>]]></item>
						<item id="footer"><![CDATA[]]></item>
						<item id="header"><![CDATA[]]></item>
						<item id="indexplus">
						</item>
						<item id="index">
						</item>
						<item id="orderplus">
						</item>
						<item id="order">
						</item>
						<item id="loopplus">
						</item>
						<item id="loop"><![CDATA[<li style="width: {picwidth}px; height: {picheight}px;">
				<a href="{url}" {target}>
					<span class="tit">{title}</span>
					<img src="{pic}" alt="" width="{picwidth}" height="{picheight}">
				</a>
			</li>]]></item>
					</item>
					<item id="hash"><![CDATA[7f253f3a]]></item>
				</item>
				<item id="picwidth"><![CDATA[480]]></item>
				<item id="picheight"><![CDATA[273]]></item>
				<item id="target"><![CDATA[blank]]></item>
				<item id="dateformat"><![CDATA[Y-m-d]]></item>
				<item id="dateuformat"><![CDATA[0]]></item>
				<item id="script"><![CDATA[thread]]></item>
				<item id="param">
					<item id="tids"><![CDATA[]]></item>
					<item id="uids"><![CDATA[]]></item>
					<item id="keyword"><![CDATA[]]></item>
					<item id="tagkeyword"><![CDATA[]]></item>
					<item id="fids">
						<item id="0"><![CDATA[0]]></item>
					</item>
					<item id="typeids"><![CDATA[]]></item>
					<item id="recommend"><![CDATA[0]]></item>
					<item id="viewmod"><![CDATA[0]]></item>
					<item id="rewardstatus"><![CDATA[0]]></item>
					<item id="picrequired"><![CDATA[1]]></item>
					<item id="orderby"><![CDATA[views]]></item>
					<item id="postdateline"><![CDATA[0]]></item>
					<item id="lastpost"><![CDATA[0]]></item>
					<item id="highlight"><![CDATA[0]]></item>
					<item id="titlelength"><![CDATA[40]]></item>
					<item id="summarylength"><![CDATA[80]]></item>
					<item id="startrow"><![CDATA[0]]></item>
					<item id="items"><![CDATA[6]]></item>
				</item>
				<item id="shownum"><![CDATA[6]]></item>
				<item id="cachetime"><![CDATA[600]]></item>
				<item id="cachetimerange"><![CDATA[]]></item>
				<item id="punctualupdate"><![CDATA[0]]></item>
				<item id="hidedisplay"><![CDATA[0]]></item>
				<item id="dateline"><![CDATA[1491491385]]></item>
				<item id="notinherited"><![CDATA[0]]></item>
				<item id="isblank"><![CDATA[0]]></item>
			</item>
			<item id="144">
				<item id="bid"><![CDATA[144]]></item>
				<item id="blockclass"><![CDATA[forum_thread]]></item>
				<item id="blocktype"><![CDATA[0]]></item>
				<item id="name"><![CDATA[c1fmtop_tab1]]></item>
				<item id="title"><![CDATA[]]></item>
				<item id="classname"><![CDATA[]]></item>
				<item id="summary"><![CDATA[]]></item>
				<item id="uid"><![CDATA[1]]></item>
				<item id="username"><![CDATA[admin]]></item>
				<item id="styleid"><![CDATA[144]]></item>
				<item id="blockstyle">
					<item id="name"><![CDATA[c1fmtop_tab1]]></item>
					<item id="blockclass"><![CDATA[forum_thread]]></item>
					<item id="makethumb"><![CDATA[1]]></item>
					<item id="getpic"><![CDATA[1]]></item>
					<item id="getsummary"><![CDATA[0]]></item>
					<item id="settarget"><![CDATA[1]]></item>
					<item id="moreurl"><![CDATA[0]]></item>
					<item id="fields">
						<item id="0"><![CDATA[pic]]></item>
						<item id="1"><![CDATA[title]]></item>
						<item id="2"><![CDATA[url]]></item>
					</item>
					<item id="template">
						<item id="raw"><![CDATA[<div class="c1fmtop_tab cl">
<ul>
[loop]
<li>
	<div><img src="{pic}" width="{picwidth}" height="{picheight}" alt="{title}" />
		<a href="{url}" title="{title}"{target}>{title}</a>
		<p></p>
	</div>
</li>
[/loop]
</ul>
</div>]]></item>
						<item id="footer"><![CDATA[]]></item>
						<item id="header"><![CDATA[]]></item>
						<item id="indexplus">
						</item>
						<item id="index">
						</item>
						<item id="orderplus">
						</item>
						<item id="order">
						</item>
						<item id="loopplus">
						</item>
						<item id="loop"><![CDATA[<li>
	<div><img src="{pic}" width="{picwidth}" height="{picheight}" alt="{title}" />
		<a href="{url}" title="{title}"{target}>{title}</a>
		<p></p>
	</div>
</li>]]></item>
					</item>
					<item id="hash"><![CDATA[fe1259d3]]></item>
				</item>
				<item id="picwidth"><![CDATA[130]]></item>
				<item id="picheight"><![CDATA[84]]></item>
				<item id="target"><![CDATA[blank]]></item>
				<item id="dateformat"><![CDATA[Y-m-d]]></item>
				<item id="dateuformat"><![CDATA[0]]></item>
				<item id="script"><![CDATA[thread]]></item>
				<item id="param">
					<item id="tids"><![CDATA[]]></item>
					<item id="uids"><![CDATA[]]></item>
					<item id="keyword"><![CDATA[]]></item>
					<item id="tagkeyword"><![CDATA[]]></item>
					<item id="fids">
						<item id="0"><![CDATA[0]]></item>
					</item>
					<item id="typeids"><![CDATA[]]></item>
					<item id="recommend"><![CDATA[0]]></item>
					<item id="viewmod"><![CDATA[0]]></item>
					<item id="rewardstatus"><![CDATA[0]]></item>
					<item id="picrequired"><![CDATA[0]]></item>
					<item id="orderby"><![CDATA[lastpost]]></item>
					<item id="postdateline"><![CDATA[0]]></item>
					<item id="lastpost"><![CDATA[0]]></item>
					<item id="highlight"><![CDATA[0]]></item>
					<item id="titlelength"><![CDATA[80]]></item>
					<item id="summarylength"><![CDATA[80]]></item>
					<item id="startrow"><![CDATA[0]]></item>
					<item id="items"><![CDATA[6]]></item>
				</item>
				<item id="shownum"><![CDATA[6]]></item>
				<item id="cachetime"><![CDATA[3600]]></item>
				<item id="cachetimerange"><![CDATA[]]></item>
				<item id="punctualupdate"><![CDATA[0]]></item>
				<item id="hidedisplay"><![CDATA[0]]></item>
				<item id="dateline"><![CDATA[1491489405]]></item>
				<item id="notinherited"><![CDATA[0]]></item>
				<item id="isblank"><![CDATA[0]]></item>
			</item>
			<item id="145">
				<item id="bid"><![CDATA[145]]></item>
				<item id="blockclass"><![CDATA[forum_thread]]></item>
				<item id="blocktype"><![CDATA[0]]></item>
				<item id="name"><![CDATA[c1sub_list_main_tz_reply]]></item>
				<item id="title"><![CDATA[]]></item>
				<item id="classname"><![CDATA[]]></item>
				<item id="summary"><![CDATA[]]></item>
				<item id="uid"><![CDATA[1]]></item>
				<item id="username"><![CDATA[admin]]></item>
				<item id="styleid"><![CDATA[145]]></item>
				<item id="blockstyle">
					<item id="name"><![CDATA[c1fmtop_tab_new_list]]></item>
					<item id="blockclass"><![CDATA[forum_thread]]></item>
					<item id="makethumb"><![CDATA[0]]></item>
					<item id="getpic"><![CDATA[0]]></item>
					<item id="getsummary"><![CDATA[0]]></item>
					<item id="settarget"><![CDATA[1]]></item>
					<item id="moreurl"><![CDATA[0]]></item>
					<item id="fields">
						<item id="0"><![CDATA[url]]></item>
						<item id="1"><![CDATA[title]]></item>
					</item>
					<item id="template">
						<item id="raw"><![CDATA[<div class="module cl xl xl1">
<ul>
[loop]
<li><a href="{url}" title="{title}"{target}>{title}</a></li>
[/loop]
</ul>
</div>]]></item>
						<item id="footer"><![CDATA[]]></item>
						<item id="header"><![CDATA[]]></item>
						<item id="indexplus">
						</item>
						<item id="index">
						</item>
						<item id="orderplus">
						</item>
						<item id="order">
						</item>
						<item id="loopplus">
						</item>
						<item id="loop"><![CDATA[<li><a href="{url}" title="{title}"{target}>{title}</a></li>]]></item>
					</item>
					<item id="hash"><![CDATA[079cd140]]></item>
				</item>
				<item id="picwidth"><![CDATA[0]]></item>
				<item id="picheight"><![CDATA[0]]></item>
				<item id="target"><![CDATA[blank]]></item>
				<item id="dateformat"><![CDATA[Y-m-d]]></item>
				<item id="dateuformat"><![CDATA[0]]></item>
				<item id="script"><![CDATA[thread]]></item>
				<item id="param">
					<item id="tids"><![CDATA[]]></item>
					<item id="uids"><![CDATA[]]></item>
					<item id="keyword"><![CDATA[]]></item>
					<item id="tagkeyword"><![CDATA[]]></item>
					<item id="fids">
						<item id="0"><![CDATA[0]]></item>
					</item>
					<item id="typeids"><![CDATA[]]></item>
					<item id="recommend"><![CDATA[0]]></item>
					<item id="viewmod"><![CDATA[0]]></item>
					<item id="rewardstatus"><![CDATA[0]]></item>
					<item id="picrequired"><![CDATA[0]]></item>
					<item id="orderby"><![CDATA[lastpost]]></item>
					<item id="postdateline"><![CDATA[0]]></item>
					<item id="lastpost"><![CDATA[0]]></item>
					<item id="highlight"><![CDATA[0]]></item>
					<item id="titlelength"><![CDATA[80]]></item>
					<item id="summarylength"><![CDATA[80]]></item>
					<item id="startrow"><![CDATA[0]]></item>
					<item id="items"><![CDATA[7]]></item>
				</item>
				<item id="shownum"><![CDATA[7]]></item>
				<item id="cachetime"><![CDATA[600]]></item>
				<item id="cachetimerange"><![CDATA[]]></item>
				<item id="punctualupdate"><![CDATA[0]]></item>
				<item id="hidedisplay"><![CDATA[0]]></item>
				<item id="dateline"><![CDATA[1491491921]]></item>
				<item id="notinherited"><![CDATA[0]]></item>
				<item id="isblank"><![CDATA[0]]></item>
			</item>
			<item id="147">
				<item id="bid"><![CDATA[147]]></item>
				<item id="blockclass"><![CDATA[forum_thread]]></item>
				<item id="blocktype"><![CDATA[0]]></item>
				<item id="name"><![CDATA[c1fmtop_tab_slide_list]]></item>
				<item id="title"><![CDATA[]]></item>
				<item id="classname"><![CDATA[]]></item>
				<item id="summary"><![CDATA[]]></item>
				<item id="uid"><![CDATA[1]]></item>
				<item id="username"><![CDATA[admin]]></item>
				<item id="styleid"><![CDATA[147]]></item>
				<item id="blockstyle">
					<item id="name"><![CDATA[c1fmtop_tab_slide_list]]></item>
					<item id="blockclass"><![CDATA[forum_thread]]></item>
					<item id="makethumb"><![CDATA[1]]></item>
					<item id="getpic"><![CDATA[1]]></item>
					<item id="getsummary"><![CDATA[0]]></item>
					<item id="settarget"><![CDATA[1]]></item>
					<item id="moreurl"><![CDATA[0]]></item>
					<item id="fields">
						<item id="0"><![CDATA[url]]></item>
						<item id="1"><![CDATA[pic]]></item>
						<item id="2"><![CDATA[title]]></item>
					</item>
					<item id="template">
						<item id="raw"><![CDATA[<div class="module cl ml">
<ul>
[loop]
<li style="width: {picwidth}px;">
	<a href="{url}"{target}><img src="{pic}" width="{picwidth}" height="{picheight}" alt="{title}" /></a>
	<p><a href="{url}" title="{title}"{target}>{title}</a></p>
</li>
[/loop]
</ul>
</div>]]></item>
						<item id="footer"><![CDATA[]]></item>
						<item id="header"><![CDATA[]]></item>
						<item id="indexplus">
						</item>
						<item id="index">
						</item>
						<item id="orderplus">
						</item>
						<item id="order">
						</item>
						<item id="loopplus">
						</item>
						<item id="loop"><![CDATA[<li style="width: {picwidth}px;">
	<a href="{url}"{target}><img src="{pic}" width="{picwidth}" height="{picheight}" alt="{title}" /></a>
	<p><a href="{url}" title="{title}"{target}>{title}</a></p>
</li>]]></item>
					</item>
					<item id="hash"><![CDATA[0ab2e307]]></item>
				</item>
				<item id="picwidth"><![CDATA[200]]></item>
				<item id="picheight"><![CDATA[123]]></item>
				<item id="target"><![CDATA[blank]]></item>
				<item id="dateformat"><![CDATA[Y-m-d]]></item>
				<item id="dateuformat"><![CDATA[0]]></item>
				<item id="script"><![CDATA[thread]]></item>
				<item id="param">
					<item id="tids"><![CDATA[]]></item>
					<item id="uids"><![CDATA[]]></item>
					<item id="keyword"><![CDATA[]]></item>
					<item id="tagkeyword"><![CDATA[]]></item>
					<item id="fids">
						<item id="0"><![CDATA[0]]></item>
					</item>
					<item id="typeids"><![CDATA[]]></item>
					<item id="recommend"><![CDATA[0]]></item>
					<item id="viewmod"><![CDATA[0]]></item>
					<item id="rewardstatus"><![CDATA[0]]></item>
					<item id="picrequired"><![CDATA[1]]></item>
					<item id="orderby"><![CDATA[views]]></item>
					<item id="postdateline"><![CDATA[0]]></item>
					<item id="lastpost"><![CDATA[0]]></item>
					<item id="highlight"><![CDATA[0]]></item>
					<item id="titlelength"><![CDATA[80]]></item>
					<item id="summarylength"><![CDATA[80]]></item>
					<item id="startrow"><![CDATA[0]]></item>
					<item id="items"><![CDATA[5]]></item>
				</item>
				<item id="shownum"><![CDATA[5]]></item>
				<item id="cachetime"><![CDATA[600]]></item>
				<item id="cachetimerange"><![CDATA[]]></item>
				<item id="punctualupdate"><![CDATA[0]]></item>
				<item id="hidedisplay"><![CDATA[0]]></item>
				<item id="dateline"><![CDATA[1491491992]]></item>
				<item id="notinherited"><![CDATA[0]]></item>
				<item id="isblank"><![CDATA[0]]></item>
			</item>
			<item id="149">
				<item id="bid"><![CDATA[149]]></item>
				<item id="blockclass"><![CDATA[forum_thread]]></item>
				<item id="blocktype"><![CDATA[0]]></item>
				<item id="name"><![CDATA[c1fmtop_tab_rec_list]]></item>
				<item id="title"><![CDATA[]]></item>
				<item id="classname"><![CDATA[]]></item>
				<item id="summary"><![CDATA[]]></item>
				<item id="uid"><![CDATA[1]]></item>
				<item id="username"><![CDATA[admin]]></item>
				<item id="styleid"><![CDATA[148]]></item>
				<item id="blockstyle">
					<item id="name"><![CDATA[c1fmtop_tab_rec_list]]></item>
					<item id="blockclass"><![CDATA[forum_thread]]></item>
					<item id="makethumb"><![CDATA[0]]></item>
					<item id="getpic"><![CDATA[0]]></item>
					<item id="getsummary"><![CDATA[0]]></item>
					<item id="settarget"><![CDATA[1]]></item>
					<item id="moreurl"><![CDATA[0]]></item>
					<item id="fields">
						<item id="0"><![CDATA[url]]></item>
						<item id="1"><![CDATA[title]]></item>
					</item>
					<item id="template">
						<item id="raw"><![CDATA[<div class="module cl xl xl1">
<ul>
[loop]
<li><a href="{url}" title="{title}"{target}>{title}</a></li>
[/loop]
</ul>
</div>]]></item>
						<item id="footer"><![CDATA[]]></item>
						<item id="header"><![CDATA[]]></item>
						<item id="indexplus">
						</item>
						<item id="index">
						</item>
						<item id="orderplus">
						</item>
						<item id="order">
						</item>
						<item id="loopplus">
						</item>
						<item id="loop"><![CDATA[<li><a href="{url}" title="{title}"{target}>{title}</a></li>]]></item>
					</item>
					<item id="hash"><![CDATA[079cd140]]></item>
				</item>
				<item id="picwidth"><![CDATA[0]]></item>
				<item id="picheight"><![CDATA[0]]></item>
				<item id="target"><![CDATA[blank]]></item>
				<item id="dateformat"><![CDATA[Y-m-d]]></item>
				<item id="dateuformat"><![CDATA[0]]></item>
				<item id="script"><![CDATA[thread]]></item>
				<item id="param">
					<item id="tids"><![CDATA[]]></item>
					<item id="uids"><![CDATA[]]></item>
					<item id="keyword"><![CDATA[]]></item>
					<item id="tagkeyword"><![CDATA[]]></item>
					<item id="typeids"><![CDATA[]]></item>
					<item id="recommend"><![CDATA[0]]></item>
					<item id="special">
						<item id="0"><![CDATA[0]]></item>
					</item>
					<item id="viewmod"><![CDATA[0]]></item>
					<item id="rewardstatus"><![CDATA[0]]></item>
					<item id="picrequired"><![CDATA[0]]></item>
					<item id="orderby"><![CDATA[lastpost]]></item>
					<item id="postdateline"><![CDATA[0]]></item>
					<item id="lastpost"><![CDATA[0]]></item>
					<item id="highlight"><![CDATA[0]]></item>
					<item id="titlelength"><![CDATA[80]]></item>
					<item id="summarylength"><![CDATA[150]]></item>
					<item id="startrow"><![CDATA[0]]></item>
					<item id="items"><![CDATA[3]]></item>
				</item>
				<item id="shownum"><![CDATA[3]]></item>
				<item id="cachetime"><![CDATA[3600]]></item>
				<item id="cachetimerange"><![CDATA[]]></item>
				<item id="punctualupdate"><![CDATA[0]]></item>
				<item id="hidedisplay"><![CDATA[0]]></item>
				<item id="dateline"><![CDATA[1491492704]]></item>
				<item id="notinherited"><![CDATA[0]]></item>
				<item id="isblank"><![CDATA[0]]></item>
			</item>
			<item id="150">
				<item id="bid"><![CDATA[150]]></item>
				<item id="blockclass"><![CDATA[forum_thread]]></item>
				<item id="blocktype"><![CDATA[0]]></item>
				<item id="name"><![CDATA[c1sub_list_main_tz_new]]></item>
				<item id="title"><![CDATA[]]></item>
				<item id="classname"><![CDATA[]]></item>
				<item id="summary"><![CDATA[]]></item>
				<item id="uid"><![CDATA[1]]></item>
				<item id="username"><![CDATA[admin]]></item>
				<item id="styleid"><![CDATA[145]]></item>
				<item id="blockstyle"><![CDATA[]]></item>
				<item id="picwidth"><![CDATA[0]]></item>
				<item id="picheight"><![CDATA[0]]></item>
				<item id="target"><![CDATA[blank]]></item>
				<item id="dateformat"><![CDATA[Y-m-d]]></item>
				<item id="dateuformat"><![CDATA[0]]></item>
				<item id="script"><![CDATA[thread]]></item>
				<item id="param">
					<item id="tids"><![CDATA[]]></item>
					<item id="uids"><![CDATA[]]></item>
					<item id="keyword"><![CDATA[]]></item>
					<item id="tagkeyword"><![CDATA[]]></item>
					<item id="fids">
						<item id="0"><![CDATA[0]]></item>
					</item>
					<item id="typeids"><![CDATA[]]></item>
					<item id="recommend"><![CDATA[0]]></item>
					<item id="viewmod"><![CDATA[0]]></item>
					<item id="rewardstatus"><![CDATA[0]]></item>
					<item id="picrequired"><![CDATA[0]]></item>
					<item id="orderby"><![CDATA[dateline]]></item>
					<item id="postdateline"><![CDATA[0]]></item>
					<item id="lastpost"><![CDATA[0]]></item>
					<item id="highlight"><![CDATA[0]]></item>
					<item id="titlelength"><![CDATA[80]]></item>
					<item id="summarylength"><![CDATA[80]]></item>
					<item id="startrow"><![CDATA[0]]></item>
					<item id="items"><![CDATA[7]]></item>
				</item>
				<item id="shownum"><![CDATA[7]]></item>
				<item id="cachetime"><![CDATA[3600]]></item>
				<item id="cachetimerange"><![CDATA[]]></item>
				<item id="punctualupdate"><![CDATA[0]]></item>
				<item id="hidedisplay"><![CDATA[0]]></item>
				<item id="dateline"><![CDATA[1491489464]]></item>
				<item id="notinherited"><![CDATA[0]]></item>
				<item id="isblank"><![CDATA[0]]></item>
			</item>
			<item id="151">
				<item id="bid"><![CDATA[151]]></item>
				<item id="blockclass"><![CDATA[forum_thread]]></item>
				<item id="blocktype"><![CDATA[0]]></item>
				<item id="name"><![CDATA[c1sub_list_main_tz_hot]]></item>
				<item id="title"><![CDATA[]]></item>
				<item id="classname"><![CDATA[]]></item>
				<item id="summary"><![CDATA[]]></item>
				<item id="uid"><![CDATA[1]]></item>
				<item id="username"><![CDATA[admin]]></item>
				<item id="styleid"><![CDATA[145]]></item>
				<item id="blockstyle"><![CDATA[]]></item>
				<item id="picwidth"><![CDATA[0]]></item>
				<item id="picheight"><![CDATA[0]]></item>
				<item id="target"><![CDATA[blank]]></item>
				<item id="dateformat"><![CDATA[Y-m-d]]></item>
				<item id="dateuformat"><![CDATA[0]]></item>
				<item id="script"><![CDATA[thread]]></item>
				<item id="param">
					<item id="tids"><![CDATA[]]></item>
					<item id="uids"><![CDATA[]]></item>
					<item id="keyword"><![CDATA[]]></item>
					<item id="tagkeyword"><![CDATA[]]></item>
					<item id="fids">
						<item id="0"><![CDATA[0]]></item>
					</item>
					<item id="typeids"><![CDATA[]]></item>
					<item id="recommend"><![CDATA[0]]></item>
					<item id="viewmod"><![CDATA[0]]></item>
					<item id="rewardstatus"><![CDATA[0]]></item>
					<item id="picrequired"><![CDATA[0]]></item>
					<item id="orderby"><![CDATA[views]]></item>
					<item id="postdateline"><![CDATA[0]]></item>
					<item id="lastpost"><![CDATA[0]]></item>
					<item id="highlight"><![CDATA[0]]></item>
					<item id="titlelength"><![CDATA[80]]></item>
					<item id="summarylength"><![CDATA[80]]></item>
					<item id="startrow"><![CDATA[0]]></item>
					<item id="items"><![CDATA[7]]></item>
				</item>
				<item id="shownum"><![CDATA[7]]></item>
				<item id="cachetime"><![CDATA[3600]]></item>
				<item id="cachetimerange"><![CDATA[]]></item>
				<item id="punctualupdate"><![CDATA[0]]></item>
				<item id="hidedisplay"><![CDATA[0]]></item>
				<item id="dateline"><![CDATA[1491492334]]></item>
				<item id="notinherited"><![CDATA[0]]></item>
				<item id="isblank"><![CDATA[0]]></item>
			</item>
			<item id="152">
				<item id="bid"><![CDATA[152]]></item>
				<item id="blockclass"><![CDATA[forum_thread]]></item>
				<item id="blocktype"><![CDATA[0]]></item>
				<item id="name"><![CDATA[c1sub_list_main_tz_digest]]></item>
				<item id="title"><![CDATA[]]></item>
				<item id="classname"><![CDATA[]]></item>
				<item id="summary"><![CDATA[]]></item>
				<item id="uid"><![CDATA[1]]></item>
				<item id="username"><![CDATA[admin]]></item>
				<item id="styleid"><![CDATA[145]]></item>
				<item id="blockstyle"><![CDATA[]]></item>
				<item id="picwidth"><![CDATA[0]]></item>
				<item id="picheight"><![CDATA[0]]></item>
				<item id="target"><![CDATA[blank]]></item>
				<item id="dateformat"><![CDATA[Y-m-d]]></item>
				<item id="dateuformat"><![CDATA[0]]></item>
				<item id="script"><![CDATA[thread]]></item>
				<item id="param">
					<item id="tids"><![CDATA[]]></item>
					<item id="uids"><![CDATA[]]></item>
					<item id="keyword"><![CDATA[]]></item>
					<item id="tagkeyword"><![CDATA[]]></item>
					<item id="typeids"><![CDATA[]]></item>
					<item id="recommend"><![CDATA[0]]></item>
					<item id="viewmod"><![CDATA[0]]></item>
					<item id="rewardstatus"><![CDATA[0]]></item>
					<item id="picrequired"><![CDATA[0]]></item>
					<item id="orderby"><![CDATA[lastpost]]></item>
					<item id="postdateline"><![CDATA[0]]></item>
					<item id="lastpost"><![CDATA[0]]></item>
					<item id="highlight"><![CDATA[0]]></item>
					<item id="titlelength"><![CDATA[80]]></item>
					<item id="summarylength"><![CDATA[80]]></item>
					<item id="startrow"><![CDATA[0]]></item>
					<item id="items"><![CDATA[7]]></item>
				</item>
				<item id="shownum"><![CDATA[7]]></item>
				<item id="cachetime"><![CDATA[3600]]></item>
				<item id="cachetimerange"><![CDATA[]]></item>
				<item id="punctualupdate"><![CDATA[0]]></item>
				<item id="hidedisplay"><![CDATA[0]]></item>
				<item id="dateline"><![CDATA[1491490531]]></item>
				<item id="notinherited"><![CDATA[0]]></item>
				<item id="isblank"><![CDATA[0]]></item>
			</item>
			<item id="158">
				<item id="bid"><![CDATA[158]]></item>
				<item id="blockclass"><![CDATA[forum_thread]]></item>
				<item id="blocktype"><![CDATA[0]]></item>
				<item id="name"><![CDATA[c1fmmn_pics]]></item>
				<item id="title"><![CDATA[]]></item>
				<item id="classname"><![CDATA[]]></item>
				<item id="summary"><![CDATA[]]></item>
				<item id="uid"><![CDATA[1]]></item>
				<item id="username"><![CDATA[admin]]></item>
				<item id="styleid"><![CDATA[150]]></item>
				<item id="blockstyle">
					<item id="name"><![CDATA[]]></item>
					<item id="blockclass"><![CDATA[forum_thread]]></item>
					<item id="makethumb"><![CDATA[1]]></item>
					<item id="getpic"><![CDATA[1]]></item>
					<item id="getsummary"><![CDATA[0]]></item>
					<item id="settarget"><![CDATA[0]]></item>
					<item id="moreurl"><![CDATA[0]]></item>
					<item id="fields">
						<item id="0"><![CDATA[url]]></item>
						<item id="1"><![CDATA[pic]]></item>
						<item id="2"><![CDATA[title]]></item>
						<item id="3"><![CDATA[avatar]]></item>
						<item id="4"><![CDATA[author]]></item>
					</item>
					<item id="template">
						<item id="raw"><![CDATA[<ul id="da-thumbs" class="da-thumbs">
	[loop]
		<li>
			<a href="{url}">
				<img originalels="{pic}" width="{picwidth}" height="{picheight}"/>
				<div>
					<span>{title}</span>
					<p><img src="{avatar}"/>{author}</p>
				</div>
			</a>
		</li>
	[/loop]
</ul>

<script type="text/javascript">
	jq(function() {
		jq(' #da-thumbs > li ').each( function() { jq(this).hoverdir(); } );
	});
</script>]]></item>
						<item id="footer"><![CDATA[]]></item>
						<item id="header"><![CDATA[]]></item>
						<item id="indexplus">
						</item>
						<item id="index">
						</item>
						<item id="orderplus">
						</item>
						<item id="order">
						</item>
						<item id="loopplus">
						</item>
						<item id="loop"><![CDATA[<li>
			<a href="{url}">
				<img originalels="{pic}" width="{picwidth}" height="{picheight}"/>
				<div>
					<span>{title}</span>
					<p><img src="{avatar}"/>{author}</p>
				</div>
			</a>
		</li>]]></item>
					</item>
					<item id="hash"><![CDATA[518de8ab]]></item>
				</item>
				<item id="picwidth"><![CDATA[188]]></item>
				<item id="picheight"><![CDATA[140]]></item>
				<item id="target"><![CDATA[blank]]></item>
				<item id="dateformat"><![CDATA[Y-m-d]]></item>
				<item id="dateuformat"><![CDATA[0]]></item>
				<item id="script"><![CDATA[thread]]></item>
				<item id="param">
					<item id="tids"><![CDATA[]]></item>
					<item id="uids"><![CDATA[]]></item>
					<item id="keyword"><![CDATA[]]></item>
					<item id="tagkeyword"><![CDATA[]]></item>
					<item id="fids">
						<item id="0"><![CDATA[0]]></item>
					</item>
					<item id="typeids"><![CDATA[]]></item>
					<item id="recommend"><![CDATA[0]]></item>
					<item id="viewmod"><![CDATA[0]]></item>
					<item id="rewardstatus"><![CDATA[0]]></item>
					<item id="picrequired"><![CDATA[1]]></item>
					<item id="orderby"><![CDATA[dateline]]></item>
					<item id="postdateline"><![CDATA[0]]></item>
					<item id="lastpost"><![CDATA[0]]></item>
					<item id="highlight"><![CDATA[0]]></item>
					<item id="titlelength"><![CDATA[80]]></item>
					<item id="summarylength"><![CDATA[80]]></item>
					<item id="startrow"><![CDATA[0]]></item>
					<item id="items"><![CDATA[20]]></item>
				</item>
				<item id="shownum"><![CDATA[20]]></item>
				<item id="cachetime"><![CDATA[600]]></item>
				<item id="cachetimerange"><![CDATA[]]></item>
				<item id="punctualupdate"><![CDATA[0]]></item>
				<item id="hidedisplay"><![CDATA[0]]></item>
				<item id="dateline"><![CDATA[1491491377]]></item>
				<item id="notinherited"><![CDATA[0]]></item>
				<item id="isblank"><![CDATA[0]]></item>
			</item>
		</item>
		<item id="style">
			<item id="142">
				<item id="styleid"><![CDATA[142]]></item>
				<item id="blockclass"><![CDATA[forum_thread]]></item>
				<item id="name"><![CDATA[c1Fsd_slide论坛边栏幻灯片]]></item>
				<item id="template">
					<item id="raw"><![CDATA[<div class="c1sd_slide">
<div class="bd cl">
	<ul>
		[loop]
			<li style="width: {picwidth}px;">
				<a href="{url}"{target}><img src="{pic}" width="{picwidth}" height="{picheight}" alt="{title}" /></a>
				<a href="{url}" title="{title}"{target} class="tit txt_s">{title}</a>
			</li>
		[/loop]
	</ul>
</div>

<div class="hd">
	<ul></ul>
</div>

<a class="prev" href="javascript:void(0)"></a>
<a class="next" href="javascript:void(0)"></a>
</div>]]></item>
					<item id="footer"><![CDATA[]]></item>
					<item id="header"><![CDATA[]]></item>
					<item id="indexplus">
					</item>
					<item id="index">
					</item>
					<item id="orderplus">
					</item>
					<item id="order">
					</item>
					<item id="loopplus">
					</item>
					<item id="loop"><![CDATA[<li style="width: {picwidth}px;">
				<a href="{url}"{target}><img src="{pic}" width="{picwidth}" height="{picheight}" alt="{title}" /></a>
				<a href="{url}" title="{title}"{target} class="tit txt_s">{title}</a>
			</li>]]></item>
				</item>
				<item id="hash"><![CDATA[6cb844b4]]></item>
				<item id="getpic"><![CDATA[1]]></item>
				<item id="getsummary"><![CDATA[0]]></item>
				<item id="makethumb"><![CDATA[1]]></item>
				<item id="settarget"><![CDATA[1]]></item>
				<item id="fields">
					<item id="0"><![CDATA[url]]></item>
					<item id="1"><![CDATA[pic]]></item>
					<item id="2"><![CDATA[title]]></item>
				</item>
				<item id="moreurl"><![CDATA[0]]></item>
			</item>
			<item id="144">
				<item id="styleid"><![CDATA[144]]></item>
				<item id="blockclass"><![CDATA[forum_thread]]></item>
				<item id="name"><![CDATA[c1fmtop_tab_tuwen_list]]></item>
				<item id="template">
					<item id="raw"><![CDATA[<div class="tuwen_list">
<ul class="cl">
[loop]
<li class="num{currentorder}">
	<div><a href="{url}" title="{title}"{target} class="cover"><img src="{pic}" width="{picwidth}" height="{picheight}" alt="{title}" /></a>
		<a href="home.php?mod=space&uid={authorid}"{target} class="aor" title="{author}"><img src="{avatar}" alt="{author}" /></a>
		<a href="{url}" title="{title}"{target} class="tit">{title}</a>
		<i class="fmname">{forumname}</i>
		<p>{summary}</p>
	</div>
</li>
[/loop]
</ul>
</div>]]></item>
					<item id="footer"><![CDATA[]]></item>
					<item id="header"><![CDATA[]]></item>
					<item id="indexplus">
					</item>
					<item id="index">
					</item>
					<item id="orderplus">
					</item>
					<item id="order">
					</item>
					<item id="loopplus">
					</item>
					<item id="loop"><![CDATA[<li class="num{currentorder}">
	<div><a href="{url}" title="{title}"{target} class="cover"><img src="{pic}" width="{picwidth}" height="{picheight}" alt="{title}" /></a>
		<a href="home.php?mod=space&uid={authorid}"{target} class="aor" title="{author}"><img src="{avatar}" alt="{author}" /></a>
		<a href="{url}" title="{title}"{target} class="tit">{title}</a>
		<i class="fmname">{forumname}</i>
		<p>{summary}</p>
	</div>
</li>]]></item>
				</item>
				<item id="hash"><![CDATA[049371e2]]></item>
				<item id="getpic"><![CDATA[1]]></item>
				<item id="getsummary"><![CDATA[1]]></item>
				<item id="makethumb"><![CDATA[1]]></item>
				<item id="settarget"><![CDATA[1]]></item>
				<item id="fields">
					<item id="0"><![CDATA[currentorder]]></item>
					<item id="1"><![CDATA[url]]></item>
					<item id="2"><![CDATA[title]]></item>
					<item id="3"><![CDATA[pic]]></item>
					<item id="4"><![CDATA[authorid]]></item>
					<item id="5"><![CDATA[author]]></item>
					<item id="6"><![CDATA[avatar]]></item>
					<item id="7"><![CDATA[forumname]]></item>
					<item id="8"><![CDATA[summary]]></item>
				</item>
				<item id="moreurl"><![CDATA[0]]></item>
			</item>
			<item id="145">
				<item id="styleid"><![CDATA[145]]></item>
				<item id="blockclass"><![CDATA[forum_thread]]></item>
				<item id="name"><![CDATA[c1fmtop_tab_tz_list]]></item>
				<item id="template">
					<item id="raw"><![CDATA[<div class="tz_list">
<ul>
[loop]
<li class="num{currentorder}"><i class="cor{currentorder}">{currentorder})</i><a href="{url}" title="{title}" class="txt_s" {target}>{title}</a><a href="home.php?mod=space&uid={authorid}"{target} class="aor" title="{author}"><img src="{avatar}" alt="{author}" />{author}</a><em class="r_v">{replies}/{views}</em></li>
[/loop]
</ul>
</div>]]></item>
					<item id="footer"><![CDATA[]]></item>
					<item id="header"><![CDATA[]]></item>
					<item id="indexplus">
					</item>
					<item id="index">
					</item>
					<item id="orderplus">
					</item>
					<item id="order">
					</item>
					<item id="loopplus">
					</item>
					<item id="loop"><![CDATA[<li class="num{currentorder}"><i class="cor{currentorder}">{currentorder})</i><a href="{url}" title="{title}" class="txt_s" {target}>{title}</a><a href="home.php?mod=space&uid={authorid}"{target} class="aor" title="{author}"><img src="{avatar}" alt="{author}" />{author}</a><em class="r_v">{replies}/{views}</em></li>]]></item>
				</item>
				<item id="hash"><![CDATA[6671848e]]></item>
				<item id="getpic"><![CDATA[0]]></item>
				<item id="getsummary"><![CDATA[0]]></item>
				<item id="makethumb"><![CDATA[0]]></item>
				<item id="settarget"><![CDATA[1]]></item>
				<item id="fields">
					<item id="0"><![CDATA[currentorder]]></item>
					<item id="1"><![CDATA[url]]></item>
					<item id="2"><![CDATA[title]]></item>
					<item id="3"><![CDATA[authorid]]></item>
					<item id="4"><![CDATA[author]]></item>
					<item id="5"><![CDATA[avatar]]></item>
					<item id="6"><![CDATA[replies]]></item>
					<item id="7"><![CDATA[views]]></item>
				</item>
				<item id="moreurl"><![CDATA[0]]></item>
			</item>
			<item id="147">
				<item id="styleid"><![CDATA[147]]></item>
				<item id="blockclass"><![CDATA[forum_thread]]></item>
				<item id="name"><![CDATA[c1fmtop_tab_slide_list]]></item>
				<item id="template">
					<item id="raw"><![CDATA[<div class="bd">
<ul>
[loop]
<li style="width: {picwidth}px; height: {picheight}px;">
	<a href="{url}"{target}><img src="{pic}" width="{picwidth}" height="{picheight}" alt="{title}" /></a>
	<p><a href="{url}" title="{title}"{target}>{title}</a></p>
</li>
[/loop]
</ul>
</div>
<div class="hd">
<ul>
</ul>
</div>]]></item>
					<item id="footer"><![CDATA[]]></item>
					<item id="header"><![CDATA[]]></item>
					<item id="indexplus">
					</item>
					<item id="index">
					</item>
					<item id="orderplus">
					</item>
					<item id="order">
					</item>
					<item id="loopplus">
					</item>
					<item id="loop"><![CDATA[<li style="width: {picwidth}px; height: {picheight}px;">
	<a href="{url}"{target}><img src="{pic}" width="{picwidth}" height="{picheight}" alt="{title}" /></a>
	<p><a href="{url}" title="{title}"{target}>{title}</a></p>
</li>]]></item>
				</item>
				<item id="hash"><![CDATA[f6b22073]]></item>
				<item id="getpic"><![CDATA[1]]></item>
				<item id="getsummary"><![CDATA[0]]></item>
				<item id="makethumb"><![CDATA[1]]></item>
				<item id="settarget"><![CDATA[1]]></item>
				<item id="fields">
					<item id="0"><![CDATA[url]]></item>
					<item id="1"><![CDATA[pic]]></item>
					<item id="2"><![CDATA[title]]></item>
				</item>
				<item id="moreurl"><![CDATA[0]]></item>
			</item>
			<item id="148">
				<item id="styleid"><![CDATA[148]]></item>
				<item id="blockclass"><![CDATA[forum_thread]]></item>
				<item id="name"><![CDATA[c1fmtop_tab_rec_list]]></item>
				<item id="template">
					<item id="raw"><![CDATA[<div class="bd">
<ul>
[loop]
<li>
<p class="tit txt_s"><a href="{url}" title="{title}"{target}>{title}</a></p>
<p class="smy">{summary}</p>
</li>
[/loop]
</ul>
</div>
<a class="prev" href="javascript:void(0)">&lt;</a>
<a class="next" href="javascript:void(0)">&gt;</a>]]></item>
					<item id="footer"><![CDATA[]]></item>
					<item id="header"><![CDATA[]]></item>
					<item id="indexplus">
					</item>
					<item id="index">
					</item>
					<item id="orderplus">
					</item>
					<item id="order">
					</item>
					<item id="loopplus">
					</item>
					<item id="loop"><![CDATA[<li>
<p class="tit txt_s"><a href="{url}" title="{title}"{target}>{title}</a></p>
<p class="smy">{summary}</p>
</li>]]></item>
				</item>
				<item id="hash"><![CDATA[51824402]]></item>
				<item id="getpic"><![CDATA[0]]></item>
				<item id="getsummary"><![CDATA[1]]></item>
				<item id="makethumb"><![CDATA[0]]></item>
				<item id="settarget"><![CDATA[1]]></item>
				<item id="fields">
					<item id="0"><![CDATA[url]]></item>
					<item id="1"><![CDATA[title]]></item>
					<item id="2"><![CDATA[summary]]></item>
				</item>
				<item id="moreurl"><![CDATA[0]]></item>
			</item>
			<item id="150">
				<item id="styleid"><![CDATA[150]]></item>
				<item id="blockclass"><![CDATA[forum_thread]]></item>
				<item id="name"><![CDATA[c1fmmn_pics]]></item>
				<item id="template">
					<item id="raw"><![CDATA[<ul id="da_thumbs" class="da_thumbs cl">
	[loop]
		<li style="width:{picwidth}px; height:{picheight}px;">
			<a href="{url}">
				<img originalels="{pic}" width="{picwidth}" height="{picheight}" class="c1lazy"/>
<noscript><img src="{pic}" width="{picwidth}" height="{picheight}"/></noscript>
				<div>
					<span>{title}</span>
					<p><img src="{avatar}"/>{author}</p>
				</div>
			</a>
		</li>
	[/loop]
</ul>

<script type="text/javascript">
	jq(function() {
		jq(' #da_thumbs > li ').each( function() { jq(this).hoverdir(); } );
	});
</script>]]></item>
					<item id="footer"><![CDATA[]]></item>
					<item id="header"><![CDATA[]]></item>
					<item id="indexplus">
					</item>
					<item id="index">
					</item>
					<item id="orderplus">
					</item>
					<item id="order">
					</item>
					<item id="loopplus">
					</item>
					<item id="loop"><![CDATA[<li style="width:{picwidth}px; height:{picheight}px;">
			<a href="{url}">
				<img originalels="{pic}" width="{picwidth}" height="{picheight}" class="c1lazy"/>
<noscript><img src="{pic}" width="{picwidth}" height="{picheight}"/></noscript>
				<div>
					<span>{title}</span>
					<p><img src="{avatar}"/>{author}</p>
				</div>
			</a>
		</li>]]></item>
				</item>
				<item id="hash"><![CDATA[5bed6473]]></item>
				<item id="getpic"><![CDATA[1]]></item>
				<item id="getsummary"><![CDATA[0]]></item>
				<item id="makethumb"><![CDATA[1]]></item>
				<item id="settarget"><![CDATA[0]]></item>
				<item id="fields">
					<item id="0"><![CDATA[url]]></item>
					<item id="1"><![CDATA[pic]]></item>
					<item id="2"><![CDATA[title]]></item>
					<item id="3"><![CDATA[avatar]]></item>
					<item id="4"><![CDATA[author]]></item>
				</item>
				<item id="moreurl"><![CDATA[0]]></item>
			</item>
		</item>
	</item>
</root>