<?xml version="1.0" encoding="ISO-8859-1"?>
<root>
	<item id="Title"><![CDATA[Discuz! Plugin]]></item>
	<item id="Version"><![CDATA[X3.4]]></item>
	<item id="Time"><![CDATA[2020-12-05 01:05]]></item>
	<item id="From"><![CDATA[DisM!应用中心 (https://dism.taobao.com/)]]></item>
	<item id="Data">
		<item id="plugin">
			<item id="available"><![CDATA[1]]></item>
			<item id="adminid"><![CDATA[1]]></item>
			<item id="name"><![CDATA[Cack！朋友圈]]></item>
			<item id="identifier"><![CDATA[cack_friendscircle]]></item>
			<item id="description"><![CDATA[]]></item>
			<item id="datatables"><![CDATA[]]></item>
			<item id="directory"><![CDATA[cack_friendscircle/]]></item>
			<item id="copyright"><![CDATA[DisM!应用中心(dism.taobao.com)]]></item>
			<item id="version"><![CDATA[9.1]]></item>
			<item id="__modules">
				<item id="0">
					<item id="name"><![CDATA[admincp_listnav]]></item>
					<item id="param"><![CDATA[]]></item>
					<item id="menu"><![CDATA[顶部导航按钮]]></item>
					<item id="url"><![CDATA[]]></item>
					<item id="type"><![CDATA[3]]></item>
					<item id="adminid"><![CDATA[0]]></item>
					<item id="displayorder"><![CDATA[4]]></item>
					<item id="navtitle"><![CDATA[]]></item>
					<item id="navicon"><![CDATA[]]></item>
					<item id="navsubname"><![CDATA[]]></item>
					<item id="navsuburl"><![CDATA[]]></item>
				</item>
				<item id="1">
					<item id="name"><![CDATA[admincp_forumlist]]></item>
					<item id="param"><![CDATA[]]></item>
					<item id="menu"><![CDATA[图片推荐位]]></item>
					<item id="url"><![CDATA[]]></item>
					<item id="type"><![CDATA[3]]></item>
					<item id="adminid"><![CDATA[0]]></item>
					<item id="displayorder"><![CDATA[5]]></item>
					<item id="navtitle"><![CDATA[]]></item>
					<item id="navicon"><![CDATA[]]></item>
					<item id="navsubname"><![CDATA[]]></item>
					<item id="navsuburl"><![CDATA[]]></item>
				</item>
			</item>
		</item>
		<item id="version"><![CDATA[X3.1,X3.2,X3.3,X3.4,X3.5,F1.0,L1.0]]></item>
		<item id="var">
			<item id="0">
				<item id="displayorder"><![CDATA[1]]></item>
				<item id="title"><![CDATA[插件运行模式]]></item>
				<item id="description"><![CDATA[搭配《Cack APP LITE》手机模板用户推荐使用 模板融合模式，其他模板可以在融合模式试一下，效果不好的话只能独立模式运行。]]></item>
				<item id="variable"><![CDATA[cjyxms]]></item>
				<item id="type"><![CDATA[select]]></item>
				<item id="value"><![CDATA[1]]></item>
				<item id="extra"><![CDATA[1 = 独立模式
2 = 模板融合模式]]></item>
			</item>
			<item id="1">
				<item id="displayorder"><![CDATA[2]]></item>
				<item id="title"><![CDATA[插件别名]]></item>
				<item id="description"><![CDATA[]]></item>
				<item id="variable"><![CDATA[cjbm]]></item>
				<item id="type"><![CDATA[text]]></item>
				<item id="value"><![CDATA[朋友圈]]></item>
				<item id="extra"><![CDATA[]]></item>
			</item>
			<item id="2">
				<item id="displayorder"><![CDATA[3]]></item>
				<item id="title"><![CDATA[主色调]]></item>
				<item id="description"><![CDATA[]]></item>
				<item id="variable"><![CDATA[zsd]]></item>
				<item id="type"><![CDATA[color]]></item>
				<item id="value"><![CDATA[#33CCFF]]></item>
				<item id="extra"><![CDATA[]]></item>
			</item>
			<item id="3">
				<item id="displayorder"><![CDATA[5]]></item>
				<item id="title"><![CDATA[帖子板块]]></item>
				<item id="description"><![CDATA[]]></item>
				<item id="variable"><![CDATA[tzbk]]></item>
				<item id="type"><![CDATA[forums]]></item>
				<item id="extra"><![CDATA[]]></item>
				<item id="__value">
					<item id="0"><![CDATA[44]]></item>
					<item id="1"><![CDATA[48]]></item>
					<item id="2"><![CDATA[49]]></item>
					<item id="3"><![CDATA[50]]></item>
				</item>
			</item>
			<item id="4">
				<item id="displayorder"><![CDATA[6]]></item>
				<item id="title"><![CDATA[每页加载数量]]></item>
				<item id="description"><![CDATA[]]></item>
				<item id="variable"><![CDATA[perpage]]></item>
				<item id="type"><![CDATA[number]]></item>
				<item id="value"><![CDATA[12]]></item>
				<item id="extra"><![CDATA[]]></item>
			</item>
			<item id="5">
				<item id="displayorder"><![CDATA[7]]></item>
				<item id="title"><![CDATA[发帖按钮板块]]></item>
				<item id="description"><![CDATA[]]></item>
				<item id="variable"><![CDATA[ftanbk]]></item>
				<item id="type"><![CDATA[forum]]></item>
				<item id="value"><![CDATA[44]]></item>
				<item id="extra"><![CDATA[]]></item>
			</item>
			<item id="6">
				<item id="displayorder"><![CDATA[10]]></item>
				<item id="title"><![CDATA[开启下拉刷新]]></item>
				<item id="description"><![CDATA[]]></item>
				<item id="variable"><![CDATA[kqxlsx]]></item>
				<item id="type"><![CDATA[radio]]></item>
				<item id="value"><![CDATA[1]]></item>
				<item id="extra"><![CDATA[]]></item>
			</item>
			<item id="7">
				<item id="displayorder"><![CDATA[11]]></item>
				<item id="title"><![CDATA[第二导航栏距顶距离]]></item>
				<item id="description"><![CDATA[]]></item>
				<item id="variable"><![CDATA[dedhljdjl]]></item>
				<item id="type"><![CDATA[text]]></item>
				<item id="value"><![CDATA[44]]></item>
				<item id="extra"><![CDATA[]]></item>
			</item>
			<item id="8">
				<item id="displayorder"><![CDATA[12]]></item>
				<item id="title"><![CDATA[推荐图字段]]></item>
				<item id="description"><![CDATA[]]></item>
				<item id="variable"><![CDATA[tjtzd]]></item>
				<item id="type"><![CDATA[text]]></item>
				<item id="value"><![CDATA[NICE话题]]></item>
				<item id="extra"><![CDATA[]]></item>
			</item>
			<item id="9">
				<item id="displayorder"><![CDATA[13]]></item>
				<item id="title"><![CDATA[朋友圈与帖子板块绑定]]></item>
				<item id="description"><![CDATA[]]></item>
				<item id="variable"><![CDATA[pyqytzbkbd]]></item>
				<item id="type"><![CDATA[radio]]></item>
				<item id="value"><![CDATA[1]]></item>
				<item id="extra"><![CDATA[]]></item>
			</item>
			<item id="10">
				<item id="displayorder"><![CDATA[18]]></item>
				<item id="title"><![CDATA[顶部栏]]></item>
				<item id="description"><![CDATA[]]></item>
				<item id="variable"><![CDATA[dbl]]></item>
				<item id="type"><![CDATA[radio]]></item>
				<item id="value"><![CDATA[1]]></item>
				<item id="extra"><![CDATA[]]></item>
			</item>
			<item id="11">
				<item id="displayorder"><![CDATA[20]]></item>
				<item id="title"><![CDATA[悬浮发帖按钮]]></item>
				<item id="description"><![CDATA[]]></item>
				<item id="variable"><![CDATA[xfftan]]></item>
				<item id="type"><![CDATA[radio]]></item>
				<item id="value"><![CDATA[0]]></item>
				<item id="extra"><![CDATA[]]></item>
			</item>
			<item id="12">
				<item id="displayorder"><![CDATA[21]]></item>
				<item id="title"><![CDATA[悬浮发帖按钮事件]]></item>
				<item id="description"><![CDATA[]]></item>
				<item id="variable"><![CDATA[xfftansj]]></item>
				<item id="type"><![CDATA[select]]></item>
				<item id="value"><![CDATA[5]]></item>
				<item id="extra"><![CDATA[5 = 自定义链接]]></item>
			</item>
			<item id="13">
				<item id="displayorder"><![CDATA[22]]></item>
				<item id="title"><![CDATA[悬浮发帖链接]]></item>
				<item id="description"><![CDATA[]]></item>
				<item id="variable"><![CDATA[xfftanlj]]></item>
				<item id="type"><![CDATA[text]]></item>
				<item id="value"><![CDATA[forum.php?mod=post&action=newthread&fid=44]]></item>
				<item id="extra"><![CDATA[]]></item>
			</item>
		</item>
		<item id="language">
			<item id="scriptlang">
				<item id="1"><![CDATA[添加按钮]]></item>
				<item id="2"><![CDATA[操作成功]]></item>
				<item id="3"><![CDATA[管理顶部导航按钮]]></item>
				<item id="4"><![CDATA[名称]]></item>
				<item id="5"><![CDATA[图标]]></item>
				<item id="6"><![CDATA[删除]]></item>
				<item id="7"><![CDATA[更新成功]]></item>
				<item id="8"><![CDATA[链接]]></item>
				<item id="9"><![CDATA[图片]]></item>
				<item id="10"><![CDATA[添加图片]]></item>
				<item id="11"><![CDATA[备注]]></item>
				<item id="12"><![CDATA[描述]]></item>
			</item>
			<item id="templatelang">
				<item id="1"><![CDATA[全部]]></item>
				<item id="2"><![CDATA[推荐]]></item>
				<item id="3"><![CDATA[最新]]></item>
				<item id="4"><![CDATA[最新动态]]></item>
				<item id="5"><![CDATA[我的关注]]></item>
				<item id="6"><![CDATA[赞]]></item>
				<item id="7"><![CDATA[查看全部]]></item>
				<item id="8"><![CDATA[评论]]></item>
				<item id="9"><![CDATA[分享]]></item>
				<item id="10"><![CDATA[分享到]]></item>
				<item id="11"><![CDATA[复制链接]]></item>
				<item id="12"><![CDATA[新窗打开]]></item>
				<item id="13"><![CDATA[取消]]></item>
				<item id="14"><![CDATA[回复]]></item>
				<item id="15"><![CDATA[发私信]]></item>
				<item id="16"><![CDATA[加关注]]></item>
				<item id="17"><![CDATA[复制成功!去粘贴吧~]]></item>
				<item id="18"><![CDATA[复制失败!请用浏览器的分享功能分享吧~]]></item>
				<item id="19"><![CDATA[取消关注]]></item>
				<item id="20"><![CDATA[添加关注]]></item>
			</item>
		</item>
		<item id="installfile"><![CDATA[install.php]]></item>
		<item id="uninstallfile"><![CDATA[uninstall.php]]></item>
	</item>
</root>