<?xml version="1.0" encoding="ISO-8859-1"?>
<root>
	<item id="spacecss"><![CDATA[]]></item>
	<item id="layoutdata">
		<item id="deanvipdiv1">
			<item id="frame`frameSBJwBN">
				<item id="attr">
					<item id="name"><![CDATA[frameSBJwBN]]></item>
					<item id="moveable"><![CDATA[true]]></item>
					<item id="className"><![CDATA[frame move-span cl frame-1]]></item>
					<item id="titles"><![CDATA[]]></item>
				</item>
				<item id="column`frameSBJwBN_left">
					<item id="attr">
						<item id="name"><![CDATA[frameSBJwBN_left]]></item>
						<item id="className"><![CDATA[column frame-1-c]]></item>
					</item>
					<item id="block`portal_block_638">
						<item id="attr">
							<item id="name"><![CDATA[portal_block_638]]></item>
							<item id="className"><![CDATA[block move-span]]></item>
							<item id="titles"><![CDATA[]]></item>
						</item>
					</item>
				</item>
			</item>
		</item>
		<item id="deanvipdiv2">
			<item id="frame`framefBm144">
				<item id="attr">
					<item id="name"><![CDATA[framefBm144]]></item>
					<item id="moveable"><![CDATA[true]]></item>
					<item id="className"><![CDATA[frame move-span cl frame-1]]></item>
					<item id="titles"><![CDATA[]]></item>
				</item>
				<item id="column`framefBm144_left">
					<item id="attr">
						<item id="name"><![CDATA[framefBm144_left]]></item>
						<item id="className"><![CDATA[column frame-1-c]]></item>
					</item>
					<item id="block`portal_block_639">
						<item id="attr">
							<item id="name"><![CDATA[portal_block_639]]></item>
							<item id="className"><![CDATA[block move-span]]></item>
							<item id="titles"><![CDATA[]]></item>
						</item>
					</item>
				</item>
			</item>
		</item>
		<item id="deanvipdiv3">
			<item id="frame`frameakJNWI">
				<item id="attr">
					<item id="name"><![CDATA[frameakJNWI]]></item>
					<item id="moveable"><![CDATA[true]]></item>
					<item id="className"><![CDATA[frame move-span cl frame-1]]></item>
					<item id="titles"><![CDATA[]]></item>
				</item>
				<item id="column`frameakJNWI_left">
					<item id="attr">
						<item id="name"><![CDATA[frameakJNWI_left]]></item>
						<item id="className"><![CDATA[column frame-1-c]]></item>
					</item>
					<item id="block`portal_block_640">
						<item id="attr">
							<item id="name"><![CDATA[portal_block_640]]></item>
							<item id="className"><![CDATA[block move-span]]></item>
							<item id="titles"><![CDATA[]]></item>
						</item>
					</item>
				</item>
			</item>
		</item>
		<item id="deanlxkfba">
			<item id="frame`framerJ6pJI">
				<item id="attr">
					<item id="name"><![CDATA[framerJ6pJI]]></item>
					<item id="moveable"><![CDATA[true]]></item>
					<item id="className"><![CDATA[frame move-span cl frame-1]]></item>
					<item id="titles"><![CDATA[]]></item>
				</item>
				<item id="column`framerJ6pJI_left">
					<item id="attr">
						<item id="name"><![CDATA[framerJ6pJI_left]]></item>
						<item id="className"><![CDATA[column frame-1-c]]></item>
					</item>
					<item id="block`portal_block_641">
						<item id="attr">
							<item id="name"><![CDATA[portal_block_641]]></item>
							<item id="className"><![CDATA[block move-span]]></item>
							<item id="titles"><![CDATA[]]></item>
						</item>
					</item>
				</item>
			</item>
		</item>
		<item id="deanbqsm">
			<item id="frame`frameYDmjkp">
				<item id="attr">
					<item id="name"><![CDATA[frameYDmjkp]]></item>
					<item id="moveable"><![CDATA[true]]></item>
					<item id="className"><![CDATA[frame move-span cl frame-1]]></item>
					<item id="titles"><![CDATA[]]></item>
				</item>
				<item id="column`frameYDmjkp_left">
					<item id="attr">
						<item id="name"><![CDATA[frameYDmjkp_left]]></item>
						<item id="className"><![CDATA[column frame-1-c]]></item>
					</item>
					<item id="block`portal_block_642">
						<item id="attr">
							<item id="name"><![CDATA[portal_block_642]]></item>
							<item id="className"><![CDATA[block move-span]]></item>
							<item id="titles"><![CDATA[]]></item>
						</item>
					</item>
				</item>
			</item>
		</item>
	</item>
	<item id="blockdata">
		<item id="block">
			<item id="638">
				<item id="bid"><![CDATA[638]]></item>
				<item id="blockclass"><![CDATA[html_html]]></item>
				<item id="blocktype"><![CDATA[0]]></item>
				<item id="name"><![CDATA[VIP1]]></item>
				<item id="title"><![CDATA[]]></item>
				<item id="classname"><![CDATA[]]></item>
				<item id="summary"><![CDATA[<div class="deanvipdivtop">
            	<h5>半年赞助会员</h5>
                <div class="clear"></div>
                <div class="deanprices"><i>￥</i>200</div>
                <div class="clear"></div>
                <p>会员有效期 185天</p>
            </div>
            <div class="clear"></div>
            <div class="deanbuybtn">
            	<a href="home.php?mod=spacecp&ac=plugin&op=credit&id=rjyfk_in:in" target="_blank" class="deanzfbbuy">支付宝 购买</a>
                <a href="home.php?mod=spacecp&ac=plugin&op=credit&id=rjyfk_in:in" target="_blank" class="deanwxbuy">微信支付 购买</a>
            </div>
            <div class="clear"></div>
            <dl>
            	<dd>
                	<h3><i class="icon-ok"></i><span>无购浏览制</span></h3>
                    <div class="clear"></div>
                    <p>可在线免费浏览全站所有套图</p>
                </dd>
                <dd>
                	<h3><i class="icon-ok"></i><span>无权限限制</span></h3>
                    <div class="clear"></div>
                    <p>阅读权限 1000 无限制查看全站贴子、文章等</p>
                </dd>
                <dd>
                	<h3><i class="icon-remove"></i><span>套图下载</span></h3>
                    <div class="clear"></div>
                    <p>无图片下载权限</p>
                </dd>
            </dl>]]></item>
				<item id="uid"><![CDATA[1]]></item>
				<item id="username"><![CDATA[admin]]></item>
				<item id="styleid"><![CDATA[0]]></item>
				<item id="blockstyle"><![CDATA[]]></item>
				<item id="picwidth"><![CDATA[0]]></item>
				<item id="picheight"><![CDATA[0]]></item>
				<item id="target"><![CDATA[blank]]></item>
				<item id="dateformat"><![CDATA[Y-m-d]]></item>
				<item id="dateuformat"><![CDATA[0]]></item>
				<item id="script"><![CDATA[blank]]></item>
				<item id="param">
					<item id="content"><![CDATA[<div class=\"deanvipdivtop\">
            	<h5>半年赞助会员</h5>
                <div class=\"clear\"></div>
                <div class=\"deanprices\"><i>￥</i>200</div>
                <div class=\"clear\"></div>
                <p>会员有效期 185天</p>
            </div>
            <div class=\"clear\"></div>
            <div class=\"deanbuybtn\">
            	<a href=\"home.php?mod=spacecp&ac=plugin&op=credit&id=rjyfk_in:in\" target=\"_blank\" class=\"deanzfbbuy\">支付宝 购买</a>
                <a href=\"home.php?mod=spacecp&ac=plugin&op=credit&id=rjyfk_in:in\" target=\"_blank\" class=\"deanwxbuy\">微信支付 购买</a>
            </div>
            <div class=\"clear\"></div>
            <dl>
            	<dd>
                	<h3><i class=\"icon-ok\"></i><span>无购浏览制</span></h3>
                    <div class=\"clear\"></div>
                    <p>可在线免费浏览全站所有套图</p>
                </dd>
                <dd>
                	<h3><i class=\"icon-ok\"></i><span>无权限限制</span></h3>
                    <div class=\"clear\"></div>
                    <p>阅读权限 1000 无限制查看全站贴子、文章等</p>
                </dd>
                <dd>
                	<h3><i class=\"icon-remove\"></i><span>套图下载</span></h3>
                    <div class=\"clear\"></div>
                    <p>无图片下载权限</p>
                </dd>
            </dl>]]></item>
					<item id="items"><![CDATA[10]]></item>
				</item>
				<item id="shownum"><![CDATA[10]]></item>
				<item id="cachetime"><![CDATA[0]]></item>
				<item id="cachetimerange"><![CDATA[0,0]]></item>
				<item id="punctualupdate"><![CDATA[0]]></item>
				<item id="hidedisplay"><![CDATA[0]]></item>
				<item id="dateline"><![CDATA[1514723255]]></item>
				<item id="notinherited"><![CDATA[0]]></item>
				<item id="isblank"><![CDATA[0]]></item>
			</item>
			<item id="639">
				<item id="bid"><![CDATA[639]]></item>
				<item id="blockclass"><![CDATA[html_html]]></item>
				<item id="blocktype"><![CDATA[0]]></item>
				<item id="name"><![CDATA[VIP2]]></item>
				<item id="title"><![CDATA[]]></item>
				<item id="classname"><![CDATA[]]></item>
				<item id="summary"><![CDATA[<div class="deanvipdivtop">
            	<h5>年会赞助会员</h5>
                <div class="clear"></div>
                <div class="deanprices"><i>￥</i>360</div>
                <div class="clear"></div>
                <p>会员有效期 365天</p>
            </div>
            <div class="clear"></div>
            <div class="deanbuybtn">
            	<a href="home.php?mod=spacecp&ac=plugin&op=credit&id=rjyfk_in:in" target="_blank" class="deanzfbbuy">支付宝 购买</a>
                <a href="home.php?mod=spacecp&ac=plugin&op=credit&id=rjyfk_in:in" target="_blank" class="deanwxbuy">微信支付 购买</a>
            </div>
            <div class="clear"></div>
            <dl>
            	<dd>
                	<h3><i class="icon-ok"></i><span>无购浏览制</span></h3>
                    <div class="clear"></div>
                    <p>可在线免费浏览全站所有套图</p>
                </dd>
                <dd>
                	<h3><i class="icon-ok"></i><span>无权限限制</span></h3>
                    <div class="clear"></div>
                    <p>阅读权限 1000 无限制查看全站贴子、文章等</p>
                </dd>
                <dd>
                	<h3><i class="icon-ok"></i><span>套图下载</span></h3>
                    <div class="clear"></div>
                    <p>可以下载全站套图</p>
                </dd>
            </dl>]]></item>
				<item id="uid"><![CDATA[1]]></item>
				<item id="username"><![CDATA[admin]]></item>
				<item id="styleid"><![CDATA[0]]></item>
				<item id="blockstyle"><![CDATA[]]></item>
				<item id="picwidth"><![CDATA[0]]></item>
				<item id="picheight"><![CDATA[0]]></item>
				<item id="target"><![CDATA[blank]]></item>
				<item id="dateformat"><![CDATA[Y-m-d]]></item>
				<item id="dateuformat"><![CDATA[0]]></item>
				<item id="script"><![CDATA[blank]]></item>
				<item id="param">
					<item id="content"><![CDATA[<div class=\"deanvipdivtop\">
            	<h5>年会赞助会员</h5>
                <div class=\"clear\"></div>
                <div class=\"deanprices\"><i>￥</i>360</div>
                <div class=\"clear\"></div>
                <p>会员有效期 365天</p>
            </div>
            <div class=\"clear\"></div>
            <div class=\"deanbuybtn\">
            	<a href=\"home.php?mod=spacecp&ac=plugin&op=credit&id=rjyfk_in:in\" target=\"_blank\" class=\"deanzfbbuy\">支付宝 购买</a>
                <a href=\"home.php?mod=spacecp&ac=plugin&op=credit&id=rjyfk_in:in\" target=\"_blank\" class=\"deanwxbuy\">微信支付 购买</a>
            </div>
            <div class=\"clear\"></div>
            <dl>
            	<dd>
                	<h3><i class=\"icon-ok\"></i><span>无购浏览制</span></h3>
                    <div class=\"clear\"></div>
                    <p>可在线免费浏览全站所有套图</p>
                </dd>
                <dd>
                	<h3><i class=\"icon-ok\"></i><span>无权限限制</span></h3>
                    <div class=\"clear\"></div>
                    <p>阅读权限 1000 无限制查看全站贴子、文章等</p>
                </dd>
                <dd>
                	<h3><i class=\"icon-ok\"></i><span>套图下载</span></h3>
                    <div class=\"clear\"></div>
                    <p>可以下载全站套图</p>
                </dd>
            </dl>]]></item>
					<item id="items"><![CDATA[10]]></item>
				</item>
				<item id="shownum"><![CDATA[10]]></item>
				<item id="cachetime"><![CDATA[0]]></item>
				<item id="cachetimerange"><![CDATA[0,0]]></item>
				<item id="punctualupdate"><![CDATA[0]]></item>
				<item id="hidedisplay"><![CDATA[0]]></item>
				<item id="dateline"><![CDATA[1514723263]]></item>
				<item id="notinherited"><![CDATA[0]]></item>
				<item id="isblank"><![CDATA[0]]></item>
			</item>
			<item id="640">
				<item id="bid"><![CDATA[640]]></item>
				<item id="blockclass"><![CDATA[html_html]]></item>
				<item id="blocktype"><![CDATA[0]]></item>
				<item id="name"><![CDATA[VIP3]]></item>
				<item id="title"><![CDATA[]]></item>
				<item id="classname"><![CDATA[]]></item>
				<item id="summary"><![CDATA[<div class="deanvipdivtop">
            	<h5>永久赞助会员</h5>
                <div class="clear"></div>
                <div class="deanprices"><i>￥</i>999</div>
                <div class="clear"></div>
                <p>会员有效期 永久</p>
            </div>
            <div class="clear"></div>
            <div class="deanbuybtn">
            	<a href="home.php?mod=spacecp&ac=plugin&op=credit&id=rjyfk_in:in" target="_blank" class="deanzfbbuy">支付宝 购买</a>
                <a href="home.php?mod=spacecp&ac=plugin&op=credit&id=rjyfk_in:in" target="_blank" class="deanwxbuy">微信支付 购买</a>
            </div>
            <div class="clear"></div>
            <dl>
            	<dd>
                	<h3><i class="icon-ok"></i><span>无购浏览制</span></h3>
                    <div class="clear"></div>
                    <p>可在线免费浏览全站所有套图</p>
                </dd>
                <dd>
                	<h3><i class="icon-ok"></i><span>无权限限制</span></h3>
                    <div class="clear"></div>
                    <p>阅读权限 1000 无限制查看全站贴子、文章等</p>
                </dd>
                <dd>
                	<h3><i class="icon-ok"></i><span>套图下载</span></h3>
                    <div class="clear"></div>
                    <p>无图片下载权限</p>
                </dd>
            </dl>]]></item>
				<item id="uid"><![CDATA[1]]></item>
				<item id="username"><![CDATA[admin]]></item>
				<item id="styleid"><![CDATA[0]]></item>
				<item id="blockstyle"><![CDATA[]]></item>
				<item id="picwidth"><![CDATA[0]]></item>
				<item id="picheight"><![CDATA[0]]></item>
				<item id="target"><![CDATA[blank]]></item>
				<item id="dateformat"><![CDATA[Y-m-d]]></item>
				<item id="dateuformat"><![CDATA[0]]></item>
				<item id="script"><![CDATA[blank]]></item>
				<item id="param">
					<item id="content"><![CDATA[<div class=\"deanvipdivtop\">
            	<h5>永久赞助会员</h5>
                <div class=\"clear\"></div>
                <div class=\"deanprices\"><i>￥</i>999</div>
                <div class=\"clear\"></div>
                <p>会员有效期 永久</p>
            </div>
            <div class=\"clear\"></div>
            <div class=\"deanbuybtn\">
            	<a href=\"home.php?mod=spacecp&ac=plugin&op=credit&id=rjyfk_in:in\" target=\"_blank\" class=\"deanzfbbuy\">支付宝 购买</a>
                <a href=\"home.php?mod=spacecp&ac=plugin&op=credit&id=rjyfk_in:in\" target=\"_blank\" class=\"deanwxbuy\">微信支付 购买</a>
            </div>
            <div class=\"clear\"></div>
            <dl>
            	<dd>
                	<h3><i class=\"icon-ok\"></i><span>无购浏览制</span></h3>
                    <div class=\"clear\"></div>
                    <p>可在线免费浏览全站所有套图</p>
                </dd>
                <dd>
                	<h3><i class=\"icon-ok\"></i><span>无权限限制</span></h3>
                    <div class=\"clear\"></div>
                    <p>阅读权限 1000 无限制查看全站贴子、文章等</p>
                </dd>
                <dd>
                	<h3><i class=\"icon-ok\"></i><span>套图下载</span></h3>
                    <div class=\"clear\"></div>
                    <p>无图片下载权限</p>
                </dd>
            </dl>]]></item>
					<item id="items"><![CDATA[10]]></item>
				</item>
				<item id="shownum"><![CDATA[10]]></item>
				<item id="cachetime"><![CDATA[0]]></item>
				<item id="cachetimerange"><![CDATA[0,0]]></item>
				<item id="punctualupdate"><![CDATA[0]]></item>
				<item id="hidedisplay"><![CDATA[0]]></item>
				<item id="dateline"><![CDATA[1514723272]]></item>
				<item id="notinherited"><![CDATA[0]]></item>
				<item id="isblank"><![CDATA[0]]></item>
			</item>
			<item id="641">
				<item id="bid"><![CDATA[641]]></item>
				<item id="blockclass"><![CDATA[html_html]]></item>
				<item id="blocktype"><![CDATA[0]]></item>
				<item id="name"><![CDATA[QQ]]></item>
				<item id="title"><![CDATA[]]></item>
				<item id="classname"><![CDATA[]]></item>
				<item id="summary"><![CDATA[如有任何问题请联系客服：QQ 123456789]]></item>
				<item id="uid"><![CDATA[1]]></item>
				<item id="username"><![CDATA[admin]]></item>
				<item id="styleid"><![CDATA[0]]></item>
				<item id="blockstyle"><![CDATA[]]></item>
				<item id="picwidth"><![CDATA[0]]></item>
				<item id="picheight"><![CDATA[0]]></item>
				<item id="target"><![CDATA[blank]]></item>
				<item id="dateformat"><![CDATA[Y-m-d]]></item>
				<item id="dateuformat"><![CDATA[0]]></item>
				<item id="script"><![CDATA[blank]]></item>
				<item id="param">
					<item id="content"><![CDATA[如有任何问题请联系客服：QQ 123456789]]></item>
					<item id="items"><![CDATA[10]]></item>
				</item>
				<item id="shownum"><![CDATA[10]]></item>
				<item id="cachetime"><![CDATA[0]]></item>
				<item id="cachetimerange"><![CDATA[0,0]]></item>
				<item id="punctualupdate"><![CDATA[0]]></item>
				<item id="hidedisplay"><![CDATA[0]]></item>
				<item id="dateline"><![CDATA[1514723295]]></item>
				<item id="notinherited"><![CDATA[0]]></item>
				<item id="isblank"><![CDATA[0]]></item>
			</item>
			<item id="642">
				<item id="bid"><![CDATA[642]]></item>
				<item id="blockclass"><![CDATA[html_html]]></item>
				<item id="blocktype"><![CDATA[0]]></item>
				<item id="name"><![CDATA[BQ]]></item>
				<item id="title"><![CDATA[]]></item>
				<item id="classname"><![CDATA[]]></item>
				<item id="summary"><![CDATA[<p>本论坛所收集的部分公开资料来源于互联网，转载的目的在于传递更多信息及用于网络分享，并不代表本论坛赞同其观点和对其真实性负责，也不构成任何其他建议。本论坛不保证信息的准确性、有效性、及时性和完整性。本论坛及其雇员一概毋须以任何方式就任何信息传递或传送的失误、不准确或错误，对用户或任何其他人士负任何直接或间接责任。在法律允许的范围内，本论坛在此声明，不承担用户或任何人士就使用或未能使用本论坛所提供的信息或任何链接所引致的任何直接、间接、附带、从属、特殊、惩罚性或惩戒性的损害赔偿。</p>
			<p>本论坛部分作品是由网友自主投稿和发布、编辑整理上传，对此类作品本论坛仅供提供学习交流和参考，禁止用户用于商业行为，并请于下载后24小时内删除，若喜欢该作品请联系原作者购买正版。如果您发现论坛上有侵犯您的知识产权的作品，请与我们取得联系，我们会及时修改或删除。</p>]]></item>
				<item id="uid"><![CDATA[1]]></item>
				<item id="username"><![CDATA[admin]]></item>
				<item id="styleid"><![CDATA[0]]></item>
				<item id="blockstyle"><![CDATA[]]></item>
				<item id="picwidth"><![CDATA[0]]></item>
				<item id="picheight"><![CDATA[0]]></item>
				<item id="target"><![CDATA[blank]]></item>
				<item id="dateformat"><![CDATA[Y-m-d]]></item>
				<item id="dateuformat"><![CDATA[0]]></item>
				<item id="script"><![CDATA[blank]]></item>
				<item id="param">
					<item id="content"><![CDATA[<p>本论坛所收集的部分公开资料来源于互联网，转载的目的在于传递更多信息及用于网络分享，并不代表本论坛赞同其观点和对其真实性负责，也不构成任何其他建议。本论坛不保证信息的准确性、有效性、及时性和完整性。本论坛及其雇员一概毋须以任何方式就任何信息传递或传送的失误、不准确或错误，对用户或任何其他人士负任何直接或间接责任。在法律允许的范围内，本论坛在此声明，不承担用户或任何人士就使用或未能使用本论坛所提供的信息或任何链接所引致的任何直接、间接、附带、从属、特殊、惩罚性或惩戒性的损害赔偿。</p>
			<p>本论坛部分作品是由网友自主投稿和发布、编辑整理上传，对此类作品本论坛仅供提供学习交流和参考，禁止用户用于商业行为，并请于下载后24小时内删除，若喜欢该作品请联系原作者购买正版。如果您发现论坛上有侵犯您的知识产权的作品，请与我们取得联系，我们会及时修改或删除。</p>]]></item>
					<item id="items"><![CDATA[10]]></item>
				</item>
				<item id="shownum"><![CDATA[10]]></item>
				<item id="cachetime"><![CDATA[0]]></item>
				<item id="cachetimerange"><![CDATA[0,0]]></item>
				<item id="punctualupdate"><![CDATA[0]]></item>
				<item id="hidedisplay"><![CDATA[0]]></item>
				<item id="dateline"><![CDATA[1514723309]]></item>
				<item id="notinherited"><![CDATA[0]]></item>
				<item id="isblank"><![CDATA[0]]></item>
			</item>
		</item>
		<item id="style">
		</item>
	</item>
</root>