<?xml version="1.0" encoding="ISO-8859-1"?>
<root>
	<item id="spacecss"><![CDATA[]]></item>
	<item id="layoutdata">
		<item id="deanacbanner">
			<item id="frame`frameOMA5AB">
				<item id="attr">
					<item id="name"><![CDATA[frameOMA5AB]]></item>
					<item id="moveable"><![CDATA[true]]></item>
					<item id="className"><![CDATA[frame move-span cl frame-1]]></item>
					<item id="titles"><![CDATA[]]></item>
				</item>
				<item id="column`frameOMA5AB_left">
					<item id="attr">
						<item id="name"><![CDATA[frameOMA5AB_left]]></item>
						<item id="className"><![CDATA[column frame-1-c]]></item>
					</item>
					<item id="block`portal_block_2679">
						<item id="attr">
							<item id="name"><![CDATA[portal_block_2679]]></item>
							<item id="className"><![CDATA[block move-span]]></item>
							<item id="titles"><![CDATA[]]></item>
						</item>
					</item>
				</item>
			</item>
		</item>
		<item id="deanactlist1">
			<item id="frame`frameIshwMa">
				<item id="attr">
					<item id="name"><![CDATA[frameIshwMa]]></item>
					<item id="moveable"><![CDATA[true]]></item>
					<item id="className"><![CDATA[frame move-span cl frame-1]]></item>
					<item id="titles"><![CDATA[]]></item>
				</item>
				<item id="column`frameIshwMa_left">
					<item id="attr">
						<item id="name"><![CDATA[frameIshwMa_left]]></item>
						<item id="className"><![CDATA[column frame-1-c]]></item>
					</item>
					<item id="block`portal_block_2681">
						<item id="attr">
							<item id="name"><![CDATA[portal_block_2681]]></item>
							<item id="className"><![CDATA[block move-span]]></item>
							<item id="titles"><![CDATA[]]></item>
						</item>
					</item>
				</item>
			</item>
		</item>
		<item id="deanfaq">
			<item id="frame`framePH5WV3">
				<item id="attr">
					<item id="name"><![CDATA[framePH5WV3]]></item>
					<item id="moveable"><![CDATA[true]]></item>
					<item id="className"><![CDATA[frame move-span cl frame-1]]></item>
					<item id="titles"><![CDATA[]]></item>
				</item>
				<item id="column`framePH5WV3_left">
					<item id="attr">
						<item id="name"><![CDATA[framePH5WV3_left]]></item>
						<item id="className"><![CDATA[column frame-1-c]]></item>
					</item>
					<item id="block`portal_block_2682">
						<item id="attr">
							<item id="name"><![CDATA[portal_block_2682]]></item>
							<item id="className"><![CDATA[block move-span]]></item>
							<item id="titles"><![CDATA[]]></item>
						</item>
					</item>
				</item>
			</item>
		</item>
	</item>
	<item id="blockdata">
		<item id="block">
			<item id="2679">
				<item id="bid"><![CDATA[2679]]></item>
				<item id="blockclass"><![CDATA[html_html]]></item>
				<item id="blocktype"><![CDATA[0]]></item>
				<item id="name"><![CDATA[hd]]></item>
				<item id="title"><![CDATA[]]></item>
				<item id="classname"><![CDATA[]]></item>
				<item id="summary"><![CDATA[<h3>来一场高效又实战的训练</h3>
    <div class="clear"></div>
    <span>资深工程师指导学习，实战中融会贯通IT技术</span>
    <div class="clear"></div>
    <a href="#deanactlist" target="_blank" id="deanclicked">立即报名</a>]]></item>
				<item id="uid"><![CDATA[1]]></item>
				<item id="username"><![CDATA[admin]]></item>
				<item id="styleid"><![CDATA[0]]></item>
				<item id="blockstyle"><![CDATA[]]></item>
				<item id="picwidth"><![CDATA[0]]></item>
				<item id="picheight"><![CDATA[0]]></item>
				<item id="target"><![CDATA[blank]]></item>
				<item id="dateformat"><![CDATA[Y-m-d]]></item>
				<item id="dateuformat"><![CDATA[0]]></item>
				<item id="script"><![CDATA[blank]]></item>
				<item id="param">
					<item id="content"><![CDATA[<h3>来一场高效又实战的训练</h3>
    <div class=\"clear\"></div>
    <span>资深工程师指导学习，实战中融会贯通IT技术</span>
    <div class=\"clear\"></div>
    <a href=\"#deanactlist\" target=\"_blank\" id=\"deanclicked\">立即报名</a>]]></item>
					<item id="items"><![CDATA[10]]></item>
				</item>
				<item id="shownum"><![CDATA[10]]></item>
				<item id="cachetime"><![CDATA[3600]]></item>
				<item id="cachetimerange"><![CDATA[]]></item>
				<item id="punctualupdate"><![CDATA[0]]></item>
				<item id="hidedisplay"><![CDATA[0]]></item>
				<item id="dateline"><![CDATA[1515488435]]></item>
				<item id="notinherited"><![CDATA[0]]></item>
				<item id="isblank"><![CDATA[0]]></item>
			</item>
			<item id="2681">
				<item id="bid"><![CDATA[2681]]></item>
				<item id="blockclass"><![CDATA[forum_activity]]></item>
				<item id="blocktype"><![CDATA[0]]></item>
				<item id="name"><![CDATA[huodong]]></item>
				<item id="title"><![CDATA[]]></item>
				<item id="classname"><![CDATA[]]></item>
				<item id="summary"><![CDATA[]]></item>
				<item id="uid"><![CDATA[1]]></item>
				<item id="username"><![CDATA[admin]]></item>
				<item id="styleid"><![CDATA[0]]></item>
				<item id="blockstyle">
					<item id="name"><![CDATA[]]></item>
					<item id="blockclass"><![CDATA[forum_activity]]></item>
					<item id="makethumb"><![CDATA[1]]></item>
					<item id="getpic"><![CDATA[1]]></item>
					<item id="getsummary"><![CDATA[1]]></item>
					<item id="settarget"><![CDATA[0]]></item>
					<item id="moreurl"><![CDATA[0]]></item>
					<item id="fields">
						<item id="0"><![CDATA[url]]></item>
						<item id="1"><![CDATA[class]]></item>
						<item id="2"><![CDATA[pic]]></item>
						<item id="3"><![CDATA[title]]></item>
						<item id="4"><![CDATA[summary]]></item>
						<item id="5"><![CDATA[cost]]></item>
					</item>
					<item id="template">
						<item id="raw"><![CDATA[<ul id="itemContainer">
[loop]
<li>
                <a href="{url}" target="_blank">
                	<div class="deanonline"><span>{class}</span></div>
                    <div class="deanactimg"><img src="{pic}" width="{picwidth}" height="{picheight}" title="{title}" alt="{title}" /></div>
                    <div class="clear"></div>
                    <h3>{title}</h3>
                    <div class="clear"></div>
                    <p>{summary}</p>
                    <div class="clear"></div>
                    <div class="deanactprice">
                        <b>￥ {cost}</b>
                        <div class="clear"></div>
                        <em>会员购买最低<i>5折</i></em>
                    </div>
                    <div class="deanycprice">
                        <span>￥ {cost}</span>
                        <strong>|</strong>
                        <h5>查看详情</h5>
                        <div class="clear"></div>
                    </div>
                </a>
            </li>
[/loop]
</ul>]]></item>
						<item id="footer"><![CDATA[]]></item>
						<item id="header"><![CDATA[]]></item>
						<item id="indexplus">
						</item>
						<item id="index">
						</item>
						<item id="orderplus">
						</item>
						<item id="order">
						</item>
						<item id="loopplus">
						</item>
						<item id="loop"><![CDATA[<li>
                <a href="{url}" target="_blank">
                	<div class="deanonline"><span>{class}</span></div>
                    <div class="deanactimg"><img src="{pic}" width="{picwidth}" height="{picheight}" title="{title}" alt="{title}" /></div>
                    <div class="clear"></div>
                    <h3>{title}</h3>
                    <div class="clear"></div>
                    <p>{summary}</p>
                    <div class="clear"></div>
                    <div class="deanactprice">
                        <b>￥ {cost}</b>
                        <div class="clear"></div>
                        <em>会员购买最低<i>5折</i></em>
                    </div>
                    <div class="deanycprice">
                        <span>￥ {cost}</span>
                        <strong>|</strong>
                        <h5>查看详情</h5>
                        <div class="clear"></div>
                    </div>
                </a>
            </li>]]></item>
					</item>
					<item id="hash"><![CDATA[5067d51e]]></item>
				</item>
				<item id="picwidth"><![CDATA[370]]></item>
				<item id="picheight"><![CDATA[210]]></item>
				<item id="target"><![CDATA[blank]]></item>
				<item id="dateformat"><![CDATA[Y-m-d]]></item>
				<item id="dateuformat"><![CDATA[0]]></item>
				<item id="script"><![CDATA[activity]]></item>
				<item id="param">
					<item id="tids"><![CDATA[]]></item>
					<item id="uids"><![CDATA[]]></item>
					<item id="keyword"><![CDATA[]]></item>
					<item id="viewmod"><![CDATA[0]]></item>
					<item id="recommend"><![CDATA[0]]></item>
					<item id="place"><![CDATA[]]></item>
					<item id="class"><![CDATA[]]></item>
					<item id="gender"><![CDATA[]]></item>
					<item id="orderby"><![CDATA[dateline]]></item>
					<item id="highlight"><![CDATA[0]]></item>
					<item id="titlelength"><![CDATA[40]]></item>
					<item id="summarylength"><![CDATA[80]]></item>
					<item id="startrow"><![CDATA[0]]></item>
					<item id="items"><![CDATA[9]]></item>
				</item>
				<item id="shownum"><![CDATA[9]]></item>
				<item id="cachetime"><![CDATA[3600]]></item>
				<item id="cachetimerange"><![CDATA[]]></item>
				<item id="punctualupdate"><![CDATA[0]]></item>
				<item id="hidedisplay"><![CDATA[0]]></item>
				<item id="dateline"><![CDATA[1515488458]]></item>
				<item id="notinherited"><![CDATA[0]]></item>
				<item id="isblank"><![CDATA[0]]></item>
			</item>
			<item id="2682">
				<item id="bid"><![CDATA[2682]]></item>
				<item id="blockclass"><![CDATA[html_html]]></item>
				<item id="blocktype"><![CDATA[0]]></item>
				<item id="name"><![CDATA[活动培训课FAQ]]></item>
				<item id="title"><![CDATA[]]></item>
				<item id="classname"><![CDATA[]]></item>
				<item id="summary"><![CDATA[<li>
    <h3>WHAT：课程训练营是什么？</h3>
    <div class="clear"></div>
    <p>训练营是一系列有教师服务（有问必答，实验报告点评等）的实验课。您将在教师指导下，在实验楼中完成一个可上线运行的产品原型或一系列编程任务，项目实战中融会贯通2-3门IT技术及开发流程</p>
</li>
<li>
    <h3>WHY：为什么选择实验楼训练营课程？</h3>
    <div class="clear"></div>
    <p>实战，实战，实战！课程教师是具备多年研发经验的资深工程师，课程选题来自优秀的开源技术或仿知名网站。非常适合已学基础技术却迷茫不知道如何运用的同学，零基础的同学可按课程要求学习推荐的先学课程。</p>
</li>
<li>
    <h3>HOW：训练营课程学习流程是怎样的？</h3>
    <div class="clear"></div>
    <p>按实验文档依次完成实验，公开实验报告，实验中的问题随时在问答中提交，教师24小时内回复问答。完成所有实验并认真提交实验报告，可获得GOOD或PASS课程证书。</p>
</li>
<li>
    <h3>购买实验楼训练营或会员是否可开发票？</h3>
    <div class="clear"></div>
    <p>实验楼训练营或会员费用可以开具发票，如需开具发票，请填写发票需求表单：<a href="#" target="_blank">发票信息</a></p>
</li>]]></item>
				<item id="uid"><![CDATA[1]]></item>
				<item id="username"><![CDATA[admin]]></item>
				<item id="styleid"><![CDATA[0]]></item>
				<item id="blockstyle"><![CDATA[]]></item>
				<item id="picwidth"><![CDATA[0]]></item>
				<item id="picheight"><![CDATA[0]]></item>
				<item id="target"><![CDATA[blank]]></item>
				<item id="dateformat"><![CDATA[Y-m-d]]></item>
				<item id="dateuformat"><![CDATA[0]]></item>
				<item id="script"><![CDATA[blank]]></item>
				<item id="param">
					<item id="content"><![CDATA[<li>
    <h3>WHAT：课程训练营是什么？</h3>
    <div class=\"clear\"></div>
    <p>训练营是一系列有教师服务（有问必答，实验报告点评等）的实验课。您将在教师指导下，在实验楼中完成一个可上线运行的产品原型或一系列编程任务，项目实战中融会贯通2-3门IT技术及开发流程</p>
</li>
<li>
    <h3>WHY：为什么选择实验楼训练营课程？</h3>
    <div class=\"clear\"></div>
    <p>实战，实战，实战！课程教师是具备多年研发经验的资深工程师，课程选题来自优秀的开源技术或仿知名网站。非常适合已学基础技术却迷茫不知道如何运用的同学，零基础的同学可按课程要求学习推荐的先学课程。</p>
</li>
<li>
    <h3>HOW：训练营课程学习流程是怎样的？</h3>
    <div class=\"clear\"></div>
    <p>按实验文档依次完成实验，公开实验报告，实验中的问题随时在问答中提交，教师24小时内回复问答。完成所有实验并认真提交实验报告，可获得GOOD或PASS课程证书。</p>
</li>
<li>
    <h3>购买实验楼训练营或会员是否可开发票？</h3>
    <div class=\"clear\"></div>
    <p>实验楼训练营或会员费用可以开具发票，如需开具发票，请填写发票需求表单：<a href=\"#\" target=\"_blank\">发票信息</a></p>
</li>]]></item>
					<item id="items"><![CDATA[10]]></item>
				</item>
				<item id="shownum"><![CDATA[10]]></item>
				<item id="cachetime"><![CDATA[0]]></item>
				<item id="cachetimerange"><![CDATA[0,0]]></item>
				<item id="punctualupdate"><![CDATA[0]]></item>
				<item id="hidedisplay"><![CDATA[0]]></item>
				<item id="dateline"><![CDATA[1515488470]]></item>
				<item id="notinherited"><![CDATA[0]]></item>
				<item id="isblank"><![CDATA[0]]></item>
			</item>
		</item>
		<item id="style">
		</item>
	</item>
</root>