<?xml version="1.0" encoding="ISO-8859-1"?>
<root>
	<item id="spacecss"><![CDATA[]]></item>
	<item id="layoutdata">
		<item id="deanhdp">
			<item id="frame`framexQl349">
				<item id="attr">
					<item id="name"><![CDATA[framexQl349]]></item>
					<item id="moveable"><![CDATA[true]]></item>
					<item id="className"><![CDATA[frame move-span cl frame-1]]></item>
					<item id="titles"><![CDATA[]]></item>
				</item>
				<item id="column`framexQl349_left">
					<item id="attr">
						<item id="name"><![CDATA[framexQl349_left]]></item>
						<item id="className"><![CDATA[column frame-1-c]]></item>
					</item>
					<item id="block`portal_block_2612">
						<item id="attr">
							<item id="name"><![CDATA[portal_block_2612]]></item>
							<item id="className"><![CDATA[block move-span]]></item>
							<item id="titles"><![CDATA[]]></item>
						</item>
					</item>
				</item>
			</item>
		</item>
		<item id="deanhotnews">
			<item id="frame`frameR05QM4">
				<item id="attr">
					<item id="name"><![CDATA[frameR05QM4]]></item>
					<item id="moveable"><![CDATA[true]]></item>
					<item id="className"><![CDATA[frame move-span cl frame-1]]></item>
					<item id="titles"><![CDATA[]]></item>
				</item>
				<item id="column`frameR05QM4_left">
					<item id="attr">
						<item id="name"><![CDATA[frameR05QM4_left]]></item>
						<item id="className"><![CDATA[column frame-1-c]]></item>
					</item>
					<item id="block`portal_block_2613">
						<item id="attr">
							<item id="name"><![CDATA[portal_block_2613]]></item>
							<item id="className"><![CDATA[block move-span]]></item>
							<item id="titles"><![CDATA[]]></item>
						</item>
					</item>
				</item>
			</item>
		</item>
		<item id="deanjxtj">
			<item id="frame`framen5LHOX">
				<item id="attr">
					<item id="name"><![CDATA[framen5LHOX]]></item>
					<item id="moveable"><![CDATA[true]]></item>
					<item id="className"><![CDATA[frame move-span cl frame-1]]></item>
					<item id="titles"><![CDATA[]]></item>
				</item>
				<item id="column`framen5LHOX_left">
					<item id="attr">
						<item id="name"><![CDATA[framen5LHOX_left]]></item>
						<item id="className"><![CDATA[column frame-1-c]]></item>
					</item>
					<item id="block`portal_block_2614">
						<item id="attr">
							<item id="name"><![CDATA[portal_block_2614]]></item>
							<item id="className"><![CDATA[block move-span]]></item>
							<item id="titles"><![CDATA[]]></item>
						</item>
					</item>
				</item>
			</item>
		</item>
		<item id="deanscrollimg">
			<item id="frame`frameecR5cn">
				<item id="attr">
					<item id="name"><![CDATA[frameecR5cn]]></item>
					<item id="moveable"><![CDATA[true]]></item>
					<item id="className"><![CDATA[frame move-span cl frame-1]]></item>
					<item id="titles"><![CDATA[]]></item>
				</item>
				<item id="column`frameecR5cn_left">
					<item id="attr">
						<item id="name"><![CDATA[frameecR5cn_left]]></item>
						<item id="className"><![CDATA[column frame-1-c]]></item>
					</item>
					<item id="block`portal_block_2611">
						<item id="attr">
							<item id="name"><![CDATA[portal_block_2611]]></item>
							<item id="className"><![CDATA[block move-span]]></item>
							<item id="titles"><![CDATA[]]></item>
						</item>
					</item>
				</item>
			</item>
		</item>
		<item id="deanadleft">
			<item id="frame`framehCDN5f">
				<item id="attr">
					<item id="name"><![CDATA[framehCDN5f]]></item>
					<item id="moveable"><![CDATA[true]]></item>
					<item id="className"><![CDATA[frame move-span cl frame-1]]></item>
					<item id="titles"><![CDATA[]]></item>
				</item>
				<item id="column`framehCDN5f_left">
					<item id="attr">
						<item id="name"><![CDATA[framehCDN5f_left]]></item>
						<item id="className"><![CDATA[column frame-1-c]]></item>
					</item>
					<item id="block`portal_block_2615">
						<item id="attr">
							<item id="name"><![CDATA[portal_block_2615]]></item>
							<item id="className"><![CDATA[block move-span]]></item>
							<item id="titles"><![CDATA[]]></item>
						</item>
					</item>
				</item>
			</item>
		</item>
		<item id="deanarticelist">
			<item id="frame`frameb40cOo">
				<item id="attr">
					<item id="name"><![CDATA[frameb40cOo]]></item>
					<item id="moveable"><![CDATA[true]]></item>
					<item id="className"><![CDATA[frame move-span cl frame-1]]></item>
					<item id="titles"><![CDATA[]]></item>
				</item>
				<item id="column`frameb40cOo_left">
					<item id="attr">
						<item id="name"><![CDATA[frameb40cOo_left]]></item>
						<item id="className"><![CDATA[column frame-1-c]]></item>
					</item>
					<item id="block`portal_block_2624">
						<item id="attr">
							<item id="name"><![CDATA[portal_block_2624]]></item>
							<item id="className"><![CDATA[block move-span]]></item>
							<item id="titles"><![CDATA[]]></item>
						</item>
					</item>
				</item>
			</item>
		</item>
		<item id="deanguanzhuwm">
			<item id="frame`frameBEm5FH">
				<item id="attr">
					<item id="name"><![CDATA[frameBEm5FH]]></item>
					<item id="moveable"><![CDATA[true]]></item>
					<item id="className"><![CDATA[frame move-span cl frame-1]]></item>
					<item id="titles"><![CDATA[]]></item>
				</item>
				<item id="column`frameBEm5FH_left">
					<item id="attr">
						<item id="name"><![CDATA[frameBEm5FH_left]]></item>
						<item id="className"><![CDATA[column frame-1-c]]></item>
					</item>
					<item id="block`portal_block_2622">
						<item id="attr">
							<item id="name"><![CDATA[portal_block_2622]]></item>
							<item id="className"><![CDATA[block move-span]]></item>
							<item id="titles"><![CDATA[]]></item>
						</item>
					</item>
				</item>
			</item>
		</item>
		<item id="deanarthdp">
			<item id="frame`frameXn1M8M">
				<item id="attr">
					<item id="name"><![CDATA[frameXn1M8M]]></item>
					<item id="moveable"><![CDATA[true]]></item>
					<item id="className"><![CDATA[frame move-span cl frame-1]]></item>
					<item id="titles"><![CDATA[]]></item>
				</item>
				<item id="column`frameXn1M8M_left">
					<item id="attr">
						<item id="name"><![CDATA[frameXn1M8M_left]]></item>
						<item id="className"><![CDATA[column frame-1-c]]></item>
					</item>
					<item id="block`portal_block_2616">
						<item id="attr">
							<item id="name"><![CDATA[portal_block_2616]]></item>
							<item id="className"><![CDATA[block move-span]]></item>
							<item id="titles"><![CDATA[]]></item>
						</item>
					</item>
				</item>
			</item>
		</item>
		<item id="deanhotartice">
			<item id="frame`framedHNeVG">
				<item id="attr">
					<item id="name"><![CDATA[framedHNeVG]]></item>
					<item id="moveable"><![CDATA[true]]></item>
					<item id="className"><![CDATA[frame move-span cl frame-1]]></item>
					<item id="titles"><![CDATA[]]></item>
				</item>
				<item id="column`framedHNeVG_left">
					<item id="attr">
						<item id="name"><![CDATA[framedHNeVG_left]]></item>
						<item id="className"><![CDATA[column frame-1-c]]></item>
					</item>
					<item id="block`portal_block_2628">
						<item id="attr">
							<item id="name"><![CDATA[portal_block_2628]]></item>
							<item id="className"><![CDATA[block move-span]]></item>
							<item id="titles"><![CDATA[]]></item>
						</item>
					</item>
				</item>
			</item>
		</item>
		<item id="deanmblldiv">
			<item id="frame`frameVWjmGN">
				<item id="attr">
					<item id="name"><![CDATA[frameVWjmGN]]></item>
					<item id="moveable"><![CDATA[true]]></item>
					<item id="className"><![CDATA[frame move-span cl frame-1]]></item>
					<item id="titles"><![CDATA[]]></item>
				</item>
				<item id="column`frameVWjmGN_left">
					<item id="attr">
						<item id="name"><![CDATA[frameVWjmGN_left]]></item>
						<item id="className"><![CDATA[column frame-1-c]]></item>
					</item>
					<item id="block`portal_block_2621">
						<item id="attr">
							<item id="name"><![CDATA[portal_block_2621]]></item>
							<item id="className"><![CDATA[block move-span]]></item>
							<item id="titles"><![CDATA[]]></item>
						</item>
					</item>
				</item>
			</item>
		</item>
		<item id="deanad">
			<item id="frame`frameK68Ea8">
				<item id="attr">
					<item id="name"><![CDATA[frameK68Ea8]]></item>
					<item id="moveable"><![CDATA[true]]></item>
					<item id="className"><![CDATA[frame move-span cl frame-1]]></item>
					<item id="titles"><![CDATA[]]></item>
				</item>
				<item id="column`frameK68Ea8_left">
					<item id="attr">
						<item id="name"><![CDATA[frameK68Ea8_left]]></item>
						<item id="className"><![CDATA[column frame-1-c]]></item>
					</item>
					<item id="block`portal_block_2625">
						<item id="attr">
							<item id="name"><![CDATA[portal_block_2625]]></item>
							<item id="className"><![CDATA[block move-span]]></item>
							<item id="titles"><![CDATA[]]></item>
						</item>
					</item>
				</item>
			</item>
		</item>
		<item id="deanad1">
			<item id="frame`frameLmM01e">
				<item id="attr">
					<item id="name"><![CDATA[frameLmM01e]]></item>
					<item id="moveable"><![CDATA[true]]></item>
					<item id="className"><![CDATA[frame move-span cl frame-1]]></item>
					<item id="titles"><![CDATA[]]></item>
				</item>
				<item id="column`frameLmM01e_left">
					<item id="attr">
						<item id="name"><![CDATA[frameLmM01e_left]]></item>
						<item id="className"><![CDATA[column frame-1-c]]></item>
					</item>
					<item id="block`portal_block_2626">
						<item id="attr">
							<item id="name"><![CDATA[portal_block_2626]]></item>
							<item id="className"><![CDATA[block move-span]]></item>
							<item id="titles"><![CDATA[]]></item>
						</item>
					</item>
				</item>
			</item>
		</item>
		<item id="deanhotpics">
			<item id="frame`frameF1Hn78">
				<item id="attr">
					<item id="name"><![CDATA[frameF1Hn78]]></item>
					<item id="moveable"><![CDATA[true]]></item>
					<item id="className"><![CDATA[frame move-span cl frame-1]]></item>
					<item id="titles"><![CDATA[]]></item>
				</item>
				<item id="column`frameF1Hn78_left">
					<item id="attr">
						<item id="name"><![CDATA[frameF1Hn78_left]]></item>
						<item id="className"><![CDATA[column frame-1-c]]></item>
					</item>
					<item id="block`portal_block_2620">
						<item id="attr">
							<item id="name"><![CDATA[portal_block_2620]]></item>
							<item id="className"><![CDATA[block move-span]]></item>
							<item id="titles"><![CDATA[]]></item>
						</item>
					</item>
				</item>
			</item>
		</item>
		<item id="deanrankcha">
			<item id="frame`frameTZDWtM">
				<item id="attr">
					<item id="name"><![CDATA[frameTZDWtM]]></item>
					<item id="moveable"><![CDATA[true]]></item>
					<item id="className"><![CDATA[frame move-span cl frame-1]]></item>
					<item id="titles"><![CDATA[]]></item>
				</item>
				<item id="column`frameTZDWtM_left">
					<item id="attr">
						<item id="name"><![CDATA[frameTZDWtM_left]]></item>
						<item id="className"><![CDATA[column frame-1-c]]></item>
					</item>
					<item id="block`portal_block_2617">
						<item id="attr">
							<item id="name"><![CDATA[portal_block_2617]]></item>
							<item id="className"><![CDATA[block move-span]]></item>
							<item id="titles"><![CDATA[]]></item>
						</item>
					</item>
				</item>
			</item>
		</item>
		<item id="deanrankcha1">
			<item id="frame`framejOv7J7">
				<item id="attr">
					<item id="name"><![CDATA[framejOv7J7]]></item>
					<item id="moveable"><![CDATA[true]]></item>
					<item id="className"><![CDATA[frame move-span cl frame-1]]></item>
					<item id="titles"><![CDATA[]]></item>
				</item>
				<item id="column`framejOv7J7_left">
					<item id="attr">
						<item id="name"><![CDATA[framejOv7J7_left]]></item>
						<item id="className"><![CDATA[column frame-1-c]]></item>
					</item>
					<item id="block`portal_block_2618">
						<item id="attr">
							<item id="name"><![CDATA[portal_block_2618]]></item>
							<item id="className"><![CDATA[block move-span]]></item>
							<item id="titles"><![CDATA[]]></item>
						</item>
					</item>
				</item>
			</item>
		</item>
		<item id="deanrankcha2">
			<item id="frame`framelaHm1O">
				<item id="attr">
					<item id="name"><![CDATA[framelaHm1O]]></item>
					<item id="moveable"><![CDATA[true]]></item>
					<item id="className"><![CDATA[frame move-span cl frame-1]]></item>
					<item id="titles"><![CDATA[]]></item>
				</item>
				<item id="column`framelaHm1O_left">
					<item id="attr">
						<item id="name"><![CDATA[framelaHm1O_left]]></item>
						<item id="className"><![CDATA[column frame-1-c]]></item>
					</item>
					<item id="block`portal_block_2619">
						<item id="attr">
							<item id="name"><![CDATA[portal_block_2619]]></item>
							<item id="className"><![CDATA[block move-span]]></item>
							<item id="titles"><![CDATA[]]></item>
						</item>
					</item>
				</item>
			</item>
		</item>
		<item id="deanad4s">
			<item id="frame`frameGmoj00">
				<item id="attr">
					<item id="name"><![CDATA[frameGmoj00]]></item>
					<item id="moveable"><![CDATA[true]]></item>
					<item id="className"><![CDATA[frame move-span cl frame-1]]></item>
					<item id="titles"><![CDATA[]]></item>
				</item>
				<item id="column`frameGmoj00_left">
					<item id="attr">
						<item id="name"><![CDATA[frameGmoj00_left]]></item>
						<item id="className"><![CDATA[column frame-1-c]]></item>
					</item>
					<item id="block`portal_block_2623">
						<item id="attr">
							<item id="name"><![CDATA[portal_block_2623]]></item>
							<item id="className"><![CDATA[block move-span]]></item>
							<item id="titles"><![CDATA[]]></item>
						</item>
					</item>
				</item>
			</item>
		</item>
		<item id="deanzlzuozhe">
			<item id="frame`framep6hJmO">
				<item id="attr">
					<item id="name"><![CDATA[framep6hJmO]]></item>
					<item id="moveable"><![CDATA[true]]></item>
					<item id="className"><![CDATA[frame move-span cl frame-1]]></item>
					<item id="titles"><![CDATA[]]></item>
				</item>
				<item id="column`framep6hJmO_left">
					<item id="attr">
						<item id="name"><![CDATA[framep6hJmO_left]]></item>
						<item id="className"><![CDATA[column frame-1-c]]></item>
					</item>
					<item id="block`portal_block_2627">
						<item id="attr">
							<item id="name"><![CDATA[portal_block_2627]]></item>
							<item id="className"><![CDATA[block move-span]]></item>
							<item id="titles"><![CDATA[]]></item>
						</item>
					</item>
				</item>
			</item>
			<item id="frame`framer1m5gJ">
				<item id="attr">
					<item id="name"><![CDATA[framer1m5gJ]]></item>
					<item id="moveable"><![CDATA[true]]></item>
					<item id="className"><![CDATA[frame move-span cl frame-1]]></item>
					<item id="titles"><![CDATA[]]></item>
				</item>
				<item id="column`framer1m5gJ_left">
					<item id="attr">
						<item id="name"><![CDATA[framer1m5gJ_left]]></item>
						<item id="className"><![CDATA[column frame-1-c]]></item>
					</item>
				</item>
			</item>
		</item>
		<item id="deanads1">
			<item id="frame`frametGwoOQ">
				<item id="attr">
					<item id="name"><![CDATA[frametGwoOQ]]></item>
					<item id="moveable"><![CDATA[true]]></item>
					<item id="className"><![CDATA[frame move-span cl frame-1]]></item>
					<item id="titles"><![CDATA[]]></item>
				</item>
				<item id="column`frametGwoOQ_left">
					<item id="attr">
						<item id="name"><![CDATA[frametGwoOQ_left]]></item>
						<item id="className"><![CDATA[column frame-1-c]]></item>
					</item>
					<item id="block`portal_block_2629">
						<item id="attr">
							<item id="name"><![CDATA[portal_block_2629]]></item>
							<item id="className"><![CDATA[block move-span]]></item>
							<item id="titles"><![CDATA[]]></item>
						</item>
					</item>
				</item>
			</item>
		</item>
		<item id="deanreadname">
			<item id="frame`frameZnhOJ8">
				<item id="attr">
					<item id="name"><![CDATA[frameZnhOJ8]]></item>
					<item id="moveable"><![CDATA[true]]></item>
					<item id="className"><![CDATA[frame move-span cl frame-1]]></item>
					<item id="titles"><![CDATA[]]></item>
				</item>
				<item id="column`frameZnhOJ8_left">
					<item id="attr">
						<item id="name"><![CDATA[frameZnhOJ8_left]]></item>
						<item id="className"><![CDATA[column frame-1-c]]></item>
					</item>
					<item id="block`portal_block_2631">
						<item id="attr">
							<item id="name"><![CDATA[portal_block_2631]]></item>
							<item id="className"><![CDATA[block move-span]]></item>
							<item id="titles"><![CDATA[]]></item>
						</item>
					</item>
				</item>
			</item>
		</item>
		<item id="deanreadlist">
			<item id="frame`framebmG185">
				<item id="attr">
					<item id="name"><![CDATA[framebmG185]]></item>
					<item id="moveable"><![CDATA[true]]></item>
					<item id="className"><![CDATA[frame move-span cl frame-1]]></item>
					<item id="titles"><![CDATA[]]></item>
				</item>
				<item id="column`framebmG185_left">
					<item id="attr">
						<item id="name"><![CDATA[framebmG185_left]]></item>
						<item id="className"><![CDATA[column frame-1-c]]></item>
					</item>
					<item id="block`portal_block_2630">
						<item id="attr">
							<item id="name"><![CDATA[portal_block_2630]]></item>
							<item id="className"><![CDATA[block move-span]]></item>
							<item id="titles"><![CDATA[]]></item>
						</item>
					</item>
				</item>
			</item>
		</item>
		<item id="deanlinkul">
			<item id="frame`frameB7Mta0">
				<item id="attr">
					<item id="name"><![CDATA[frameB7Mta0]]></item>
					<item id="moveable"><![CDATA[true]]></item>
					<item id="className"><![CDATA[frame move-span cl frame-1]]></item>
					<item id="titles"><![CDATA[]]></item>
				</item>
				<item id="column`frameB7Mta0_left">
					<item id="attr">
						<item id="name"><![CDATA[frameB7Mta0_left]]></item>
						<item id="className"><![CDATA[column frame-1-c]]></item>
					</item>
					<item id="block`portal_block_2632">
						<item id="attr">
							<item id="name"><![CDATA[portal_block_2632]]></item>
							<item id="className"><![CDATA[block move-span]]></item>
							<item id="titles"><![CDATA[]]></item>
						</item>
					</item>
				</item>
			</item>
		</item>
	</item>
	<item id="blockdata">
		<item id="block">
			<item id="2611">
				<item id="bid"><![CDATA[2611]]></item>
				<item id="blockclass"><![CDATA[portal_article]]></item>
				<item id="blocktype"><![CDATA[0]]></item>
				<item id="name"><![CDATA[??ѡ????]]></item>
				<item id="title"><![CDATA[]]></item>
				<item id="classname"><![CDATA[]]></item>
				<item id="summary"><![CDATA[]]></item>
				<item id="uid"><![CDATA[1]]></item>
				<item id="username"><![CDATA[admin]]></item>
				<item id="styleid"><![CDATA[0]]></item>
				<item id="blockstyle">
					<item id="blockclass"><![CDATA[portal_article]]></item>
					<item id="name"><![CDATA[]]></item>
					<item id="template">
						<item id="raw"><![CDATA[<div class="tempWrap">
    <ul class="deanscrollul">
	[loop]
        <li>
            <div class="deannvimgs deanlarge"><a href="{url}" target="_blank"><img src="{pic}" width="{picwidth}" height="{picheight}" /></a></div>
            <div class="clear"></div>
            <div class="deanauthort"><a href="home.php?mod=space&uid={uid}&do=profile" target="_blank"><img src="{avatar_middle}" /></a><span>{username}</span><i>{dateline}</i><div class="clear"></div></div>
            <div class="clear"></div>
            <h3><a href="{url}" target="_blank">{title}</a></h3>
            <div class="clear"></div>
            <p>{summary}</p>
            <div class="clear"></div>
            <div class="deannvnums">
                <span><i class="icon-eye-open"></i>{viewnum}</span>
    			<span><i class="icon-comments-alt"></i>{commentnum}</span>
            </div>
        </li>
	[/loop]
    </ul>
</div>]]></item>
						<item id="footer"><![CDATA[]]></item>
						<item id="header"><![CDATA[]]></item>
						<item id="indexplus"><![CDATA[
						]]></item>
						<item id="index"><![CDATA[
						]]></item>
						<item id="orderplus"><![CDATA[
						]]></item>
						<item id="order"><![CDATA[
						]]></item>
						<item id="loopplus"><![CDATA[
						]]></item>
						<item id="loop"><![CDATA[<li>
            <div class="deannvimgs deanlarge"><a href="{url}" target="_blank"><img src="{pic}" width="{picwidth}" height="{picheight}" /></a></div>
            <div class="clear"></div>
            <div class="deanauthort"><a href="home.php?mod=space&uid={uid}&do=profile" target="_blank"><img src="{avatar_middle}" /></a><span>{username}</span><i>{dateline}</i><div class="clear"></div></div>
            <div class="clear"></div>
            <h3><a href="{url}" target="_blank">{title}</a></h3>
            <div class="clear"></div>
            <p>{summary}</p>
            <div class="clear"></div>
            <div class="deannvnums">
                <span><i class="icon-eye-open"></i>{viewnum}</span>
    			<span><i class="icon-comments-alt"></i>{commentnum}</span>
            </div>
        </li>]]></item>
					</item>
					<item id="hash"><![CDATA[9e3326b2]]></item>
					<item id="getpic"><![CDATA[1]]></item>
					<item id="getsummary"><![CDATA[1]]></item>
					<item id="makethumb"><![CDATA[1]]></item>
					<item id="settarget"><![CDATA[0]]></item>
					<item id="fields">
						<item id="0"><![CDATA[url]]></item>
						<item id="1"><![CDATA[pic]]></item>
						<item id="2"><![CDATA[usernameid]]></item>
						<item id="3"><![CDATA[avatar_middle]]></item>
						<item id="4"><![CDATA[username]]></item>
						<item id="5"><![CDATA[dateline]]></item>
						<item id="6"><![CDATA[title]]></item>
						<item id="7"><![CDATA[summary]]></item>
						<item id="8"><![CDATA[viewnum]]></item>
						<item id="9"><![CDATA[commentnum]]></item>
					</item>
					<item id="moreurl"><![CDATA[0]]></item>
				</item>
				<item id="picwidth"><![CDATA[264]]></item>
				<item id="picheight"><![CDATA[165]]></item>
				<item id="target"><![CDATA[blank]]></item>
				<item id="dateformat"><![CDATA[Y-m-d]]></item>
				<item id="dateuformat"><![CDATA[0]]></item>
				<item id="script"><![CDATA[articlenew]]></item>
				<item id="param">
					<item id="catid">
						<item id="0"><![CDATA[1]]></item>
						<item id="1"><![CDATA[2]]></item>
						<item id="2"><![CDATA[3]]></item>
					</item>
					<item id="picrequired"><![CDATA[1]]></item>
					<item id="titlelength"><![CDATA[40]]></item>
					<item id="summarylength"><![CDATA[80]]></item>
					<item id="items"><![CDATA[10]]></item>
					<item id="fids">
						<item id="0"><![CDATA[0]]></item>
					</item>
					<item id="special">
						<item id="0"><![CDATA[0]]></item>
					</item>
					<item id="viewmod"><![CDATA[0]]></item>
					<item id="rewardstatus"><![CDATA[0]]></item>
					<item id="orderby"><![CDATA[dateline]]></item>
					<item id="postdateline"><![CDATA[0]]></item>
					<item id="lastpost"><![CDATA[0]]></item>
					<item id="startrow"><![CDATA[0]]></item>
				</item>
				<item id="shownum"><![CDATA[10]]></item>
				<item id="cachetime"><![CDATA[3600]]></item>
				<item id="cachetimerange"><![CDATA[]]></item>
				<item id="punctualupdate"><![CDATA[0]]></item>
				<item id="hidedisplay"><![CDATA[0]]></item>
				<item id="dateline"><![CDATA[1515487553]]></item>
				<item id="notinherited"><![CDATA[0]]></item>
				<item id="isblank"><![CDATA[0]]></item>
			</item>
			<item id="2612">
				<item id="bid"><![CDATA[2612]]></item>
				<item id="blockclass"><![CDATA[portal_article]]></item>
				<item id="blocktype"><![CDATA[0]]></item>
				<item id="name"><![CDATA[hdp]]></item>
				<item id="title"><![CDATA[]]></item>
				<item id="classname"><![CDATA[]]></item>
				<item id="summary"><![CDATA[]]></item>
				<item id="uid"><![CDATA[1]]></item>
				<item id="username"><![CDATA[admin]]></item>
				<item id="styleid"><![CDATA[304]]></item>
				<item id="blockstyle">
					<item id="blockclass"><![CDATA[portal_article]]></item>
					<item id="name"><![CDATA[]]></item>
					<item id="template">
						<item id="raw"><![CDATA[<div id="slideBox" class="slideBox">
    <div class="bd">
        <div class="tempWrap">
        <ul>
            [loop1]
            <li>
            	<a href="{url}" target="_blank">
                	<img src="{pic}" width="{picwidth}" height="{picheight}" />
                	<div class="deantitname">{title}</div>
                </a>
            </li>				
            [/loop1]
        </ul>
        </div>
    </div>
    <div class="hd"><ul>[loop2]<li><img src="{pic}" width="{picwidth}" height="{picheight}" /></li>[/loop2]</ul></div>
    <a class="prev icon-angle-left" href="javascript:void(0)"></a>
    <a class="next icon-angle-right" href="javascript:void(0)"></a>
</div>]]></item>
						<item id="footer"><![CDATA[]]></item>
						<item id="header"><![CDATA[]]></item>
						<item id="indexplus"><![CDATA[
						]]></item>
						<item id="index"><![CDATA[
						]]></item>
						<item id="orderplus"><![CDATA[
						]]></item>
						<item id="order"><![CDATA[
						]]></item>
						<item id="loopplus">
							<item id="1"><![CDATA[<li>
            	<a href="{url}" target="_blank">
                	<img src="{pic}" width="{picwidth}" height="{picheight}" />
                	<div class="deantitname">{title}</div>
                </a>
            </li>]]></item>
							<item id="2"><![CDATA[<li><img src="{pic}" width="{picwidth}" height="{picheight}" /></li>]]></item>
						</item>
						<item id="loop"><![CDATA[
						]]></item>
					</item>
					<item id="hash"><![CDATA[91cde3e3]]></item>
					<item id="getpic"><![CDATA[1]]></item>
					<item id="getsummary"><![CDATA[0]]></item>
					<item id="makethumb"><![CDATA[1]]></item>
					<item id="settarget"><![CDATA[0]]></item>
					<item id="fields">
						<item id="0"><![CDATA[url]]></item>
						<item id="1"><![CDATA[pic]]></item>
						<item id="2"><![CDATA[title]]></item>
					</item>
					<item id="moreurl"><![CDATA[0]]></item>
				</item>
				<item id="picwidth"><![CDATA[450]]></item>
				<item id="picheight"><![CDATA[338]]></item>
				<item id="target"><![CDATA[blank]]></item>
				<item id="dateformat"><![CDATA[Y-m-d]]></item>
				<item id="dateuformat"><![CDATA[0]]></item>
				<item id="script"><![CDATA[article]]></item>
				<item id="param">
					<item id="aids"><![CDATA[]]></item>
					<item id="uids"><![CDATA[]]></item>
					<item id="keyword"><![CDATA[]]></item>
					<item id="catid">
						<item id="0"><![CDATA[0]]></item>
						<item id="1"><![CDATA[1]]></item>
						<item id="2"><![CDATA[2]]></item>
						<item id="3"><![CDATA[3]]></item>
						<item id="4"><![CDATA[10]]></item>
						<item id="5"><![CDATA[11]]></item>
						<item id="6"><![CDATA[4]]></item>
						<item id="7"><![CDATA[5]]></item>
						<item id="8"><![CDATA[6]]></item>
						<item id="9"><![CDATA[7]]></item>
						<item id="10"><![CDATA[8]]></item>
						<item id="11"><![CDATA[9]]></item>
					</item>
					<item id="picrequired"><![CDATA[1]]></item>
					<item id="starttime"><![CDATA[]]></item>
					<item id="endtime"><![CDATA[]]></item>
					<item id="orderby"><![CDATA[dateline]]></item>
					<item id="publishdateline"><![CDATA[0]]></item>
					<item id="titlelength"><![CDATA[50]]></item>
					<item id="summarylength"><![CDATA[80]]></item>
					<item id="startrow"><![CDATA[0]]></item>
					<item id="items"><![CDATA[6]]></item>
					<item id="fids">
						<item id="0"><![CDATA[0]]></item>
					</item>
					<item id="special">
						<item id="0"><![CDATA[0]]></item>
					</item>
					<item id="viewmod"><![CDATA[0]]></item>
					<item id="rewardstatus"><![CDATA[0]]></item>
					<item id="postdateline"><![CDATA[0]]></item>
					<item id="lastpost"><![CDATA[0]]></item>
				</item>
				<item id="shownum"><![CDATA[6]]></item>
				<item id="cachetime"><![CDATA[3600]]></item>
				<item id="cachetimerange"><![CDATA[]]></item>
				<item id="punctualupdate"><![CDATA[0]]></item>
				<item id="hidedisplay"><![CDATA[0]]></item>
				<item id="dateline"><![CDATA[1515487552]]></item>
				<item id="notinherited"><![CDATA[0]]></item>
				<item id="isblank"><![CDATA[0]]></item>
			</item>
			<item id="2613">
				<item id="bid"><![CDATA[2613]]></item>
				<item id="blockclass"><![CDATA[portal_article]]></item>
				<item id="blocktype"><![CDATA[0]]></item>
				<item id="name"><![CDATA[today-news]]></item>
				<item id="title"><![CDATA[]]></item>
				<item id="classname"><![CDATA[]]></item>
				<item id="summary"><![CDATA[]]></item>
				<item id="uid"><![CDATA[1]]></item>
				<item id="username"><![CDATA[admin]]></item>
				<item id="styleid"><![CDATA[302]]></item>
				<item id="blockstyle"><![CDATA[]]></item>
				<item id="picwidth"><![CDATA[0]]></item>
				<item id="picheight"><![CDATA[0]]></item>
				<item id="target"><![CDATA[blank]]></item>
				<item id="dateformat"><![CDATA[Y-m-d]]></item>
				<item id="dateuformat"><![CDATA[0]]></item>
				<item id="script"><![CDATA[articlehot]]></item>
				<item id="param">
					<item id="catid">
						<item id="0"><![CDATA[0]]></item>
					</item>
					<item id="picrequired"><![CDATA[1]]></item>
					<item id="orderby"><![CDATA[commentnum]]></item>
					<item id="titlelength"><![CDATA[40]]></item>
					<item id="summarylength"><![CDATA[90]]></item>
					<item id="items"><![CDATA[3]]></item>
				</item>
				<item id="shownum"><![CDATA[3]]></item>
				<item id="cachetime"><![CDATA[3600]]></item>
				<item id="cachetimerange"><![CDATA[]]></item>
				<item id="punctualupdate"><![CDATA[0]]></item>
				<item id="hidedisplay"><![CDATA[0]]></item>
				<item id="dateline"><![CDATA[1515487552]]></item>
				<item id="notinherited"><![CDATA[0]]></item>
				<item id="isblank"><![CDATA[0]]></item>
			</item>
			<item id="2614">
				<item id="bid"><![CDATA[2614]]></item>
				<item id="blockclass"><![CDATA[portal_article]]></item>
				<item id="blocktype"><![CDATA[0]]></item>
				<item id="name"><![CDATA[jxdd]]></item>
				<item id="title"><![CDATA[]]></item>
				<item id="classname"><![CDATA[]]></item>
				<item id="summary"><![CDATA[]]></item>
				<item id="uid"><![CDATA[1]]></item>
				<item id="username"><![CDATA[admin]]></item>
				<item id="styleid"><![CDATA[303]]></item>
				<item id="blockstyle"><![CDATA[]]></item>
				<item id="picwidth"><![CDATA[0]]></item>
				<item id="picheight"><![CDATA[0]]></item>
				<item id="target"><![CDATA[blank]]></item>
				<item id="dateformat"><![CDATA[Y-m-d]]></item>
				<item id="dateuformat"><![CDATA[0]]></item>
				<item id="script"><![CDATA[articlenew]]></item>
				<item id="param">
					<item id="catid">
						<item id="0"><![CDATA[0]]></item>
					</item>
					<item id="picrequired"><![CDATA[1]]></item>
					<item id="titlelength"><![CDATA[60]]></item>
					<item id="summarylength"><![CDATA[80]]></item>
					<item id="items"><![CDATA[6]]></item>
				</item>
				<item id="shownum"><![CDATA[6]]></item>
				<item id="cachetime"><![CDATA[3600]]></item>
				<item id="cachetimerange"><![CDATA[]]></item>
				<item id="punctualupdate"><![CDATA[0]]></item>
				<item id="hidedisplay"><![CDATA[0]]></item>
				<item id="dateline"><![CDATA[1515487552]]></item>
				<item id="notinherited"><![CDATA[0]]></item>
				<item id="isblank"><![CDATA[0]]></item>
			</item>
			<item id="2615">
				<item id="bid"><![CDATA[2615]]></item>
				<item id="blockclass"><![CDATA[html_html]]></item>
				<item id="blocktype"><![CDATA[0]]></item>
				<item id="name"><![CDATA[ad]]></item>
				<item id="title"><![CDATA[]]></item>
				<item id="classname"><![CDATA[]]></item>
				<item id="summary"><![CDATA[<a href="#" target="_blank"><img src="./template/dean_wlnet_180101/deancss/adt/ad3.jpg" width="860" /></a>]]></item>
				<item id="uid"><![CDATA[1]]></item>
				<item id="username"><![CDATA[admin]]></item>
				<item id="styleid"><![CDATA[0]]></item>
				<item id="blockstyle"><![CDATA[]]></item>
				<item id="picwidth"><![CDATA[0]]></item>
				<item id="picheight"><![CDATA[0]]></item>
				<item id="target"><![CDATA[blank]]></item>
				<item id="dateformat"><![CDATA[Y-m-d]]></item>
				<item id="dateuformat"><![CDATA[0]]></item>
				<item id="script"><![CDATA[blank]]></item>
				<item id="param">
					<item id="content"><![CDATA[<a href=\"#\" target=\"_blank\"><img src=\"./template/dean_wlnet_180101/deancss/adt/ad3.jpg\" width=\"860\" /></a>]]></item>
					<item id="items"><![CDATA[10]]></item>
				</item>
				<item id="shownum"><![CDATA[10]]></item>
				<item id="cachetime"><![CDATA[0]]></item>
				<item id="cachetimerange"><![CDATA[0,0]]></item>
				<item id="punctualupdate"><![CDATA[0]]></item>
				<item id="hidedisplay"><![CDATA[0]]></item>
				<item id="dateline"><![CDATA[1515487552]]></item>
				<item id="notinherited"><![CDATA[0]]></item>
				<item id="isblank"><![CDATA[0]]></item>
			</item>
			<item id="2616">
				<item id="bid"><![CDATA[2616]]></item>
				<item id="blockclass"><![CDATA[portal_article]]></item>
				<item id="blocktype"><![CDATA[0]]></item>
				<item id="name"><![CDATA[hdp]]></item>
				<item id="title"><![CDATA[]]></item>
				<item id="classname"><![CDATA[]]></item>
				<item id="summary"><![CDATA[]]></item>
				<item id="uid"><![CDATA[1]]></item>
				<item id="username"><![CDATA[admin]]></item>
				<item id="styleid"><![CDATA[160]]></item>
				<item id="blockstyle"><![CDATA[]]></item>
				<item id="picwidth"><![CDATA[270]]></item>
				<item id="picheight"><![CDATA[180]]></item>
				<item id="target"><![CDATA[blank]]></item>
				<item id="dateformat"><![CDATA[Y-m-d]]></item>
				<item id="dateuformat"><![CDATA[0]]></item>
				<item id="script"><![CDATA[articlehot]]></item>
				<item id="param">
					<item id="catid">
						<item id="0"><![CDATA[0]]></item>
					</item>
					<item id="picrequired"><![CDATA[1]]></item>
					<item id="orderby"><![CDATA[viewnum]]></item>
					<item id="titlelength"><![CDATA[40]]></item>
					<item id="summarylength"><![CDATA[80]]></item>
					<item id="items"><![CDATA[4]]></item>
				</item>
				<item id="shownum"><![CDATA[4]]></item>
				<item id="cachetime"><![CDATA[3600]]></item>
				<item id="cachetimerange"><![CDATA[]]></item>
				<item id="punctualupdate"><![CDATA[0]]></item>
				<item id="hidedisplay"><![CDATA[0]]></item>
				<item id="dateline"><![CDATA[1515487552]]></item>
				<item id="notinherited"><![CDATA[0]]></item>
				<item id="isblank"><![CDATA[0]]></item>
			</item>
			<item id="2617">
				<item id="bid"><![CDATA[2617]]></item>
				<item id="blockclass"><![CDATA[portal_article]]></item>
				<item id="blocktype"><![CDATA[0]]></item>
				<item id="name"><![CDATA[??????]]></item>
				<item id="title"><![CDATA[]]></item>
				<item id="classname"><![CDATA[]]></item>
				<item id="summary"><![CDATA[]]></item>
				<item id="uid"><![CDATA[1]]></item>
				<item id="username"><![CDATA[admin]]></item>
				<item id="styleid"><![CDATA[305]]></item>
				<item id="blockstyle"><![CDATA[]]></item>
				<item id="picwidth"><![CDATA[100]]></item>
				<item id="picheight"><![CDATA[70]]></item>
				<item id="target"><![CDATA[blank]]></item>
				<item id="dateformat"><![CDATA[Y-m-d]]></item>
				<item id="dateuformat"><![CDATA[0]]></item>
				<item id="script"><![CDATA[articlenew]]></item>
				<item id="param">
					<item id="catid">
						<item id="0"><![CDATA[0]]></item>
					</item>
					<item id="picrequired"><![CDATA[0]]></item>
					<item id="titlelength"><![CDATA[40]]></item>
					<item id="summarylength"><![CDATA[100]]></item>
					<item id="items"><![CDATA[10]]></item>
				</item>
				<item id="shownum"><![CDATA[10]]></item>
				<item id="cachetime"><![CDATA[3600]]></item>
				<item id="cachetimerange"><![CDATA[]]></item>
				<item id="punctualupdate"><![CDATA[0]]></item>
				<item id="hidedisplay"><![CDATA[0]]></item>
				<item id="dateline"><![CDATA[1515487552]]></item>
				<item id="notinherited"><![CDATA[0]]></item>
				<item id="isblank"><![CDATA[0]]></item>
			</item>
			<item id="2618">
				<item id="bid"><![CDATA[2618]]></item>
				<item id="blockclass"><![CDATA[portal_article]]></item>
				<item id="blocktype"><![CDATA[0]]></item>
				<item id="name"><![CDATA[week]]></item>
				<item id="title"><![CDATA[]]></item>
				<item id="classname"><![CDATA[]]></item>
				<item id="summary"><![CDATA[]]></item>
				<item id="uid"><![CDATA[1]]></item>
				<item id="username"><![CDATA[admin]]></item>
				<item id="styleid"><![CDATA[305]]></item>
				<item id="blockstyle"><![CDATA[]]></item>
				<item id="picwidth"><![CDATA[200]]></item>
				<item id="picheight"><![CDATA[200]]></item>
				<item id="target"><![CDATA[blank]]></item>
				<item id="dateformat"><![CDATA[Y-m-d]]></item>
				<item id="dateuformat"><![CDATA[0]]></item>
				<item id="script"><![CDATA[articlehot]]></item>
				<item id="param">
					<item id="catid">
						<item id="0"><![CDATA[0]]></item>
					</item>
					<item id="picrequired"><![CDATA[0]]></item>
					<item id="orderby"><![CDATA[commentnum]]></item>
					<item id="titlelength"><![CDATA[40]]></item>
					<item id="summarylength"><![CDATA[80]]></item>
					<item id="items"><![CDATA[10]]></item>
				</item>
				<item id="shownum"><![CDATA[10]]></item>
				<item id="cachetime"><![CDATA[3600]]></item>
				<item id="cachetimerange"><![CDATA[]]></item>
				<item id="punctualupdate"><![CDATA[0]]></item>
				<item id="hidedisplay"><![CDATA[0]]></item>
				<item id="dateline"><![CDATA[1515487551]]></item>
				<item id="notinherited"><![CDATA[0]]></item>
				<item id="isblank"><![CDATA[0]]></item>
			</item>
			<item id="2619">
				<item id="bid"><![CDATA[2619]]></item>
				<item id="blockclass"><![CDATA[portal_article]]></item>
				<item id="blocktype"><![CDATA[0]]></item>
				<item id="name"><![CDATA[month]]></item>
				<item id="title"><![CDATA[]]></item>
				<item id="classname"><![CDATA[]]></item>
				<item id="summary"><![CDATA[]]></item>
				<item id="uid"><![CDATA[1]]></item>
				<item id="username"><![CDATA[admin]]></item>
				<item id="styleid"><![CDATA[305]]></item>
				<item id="blockstyle"><![CDATA[]]></item>
				<item id="picwidth"><![CDATA[90]]></item>
				<item id="picheight"><![CDATA[70]]></item>
				<item id="target"><![CDATA[blank]]></item>
				<item id="dateformat"><![CDATA[Y-m-d]]></item>
				<item id="dateuformat"><![CDATA[0]]></item>
				<item id="script"><![CDATA[articlenew]]></item>
				<item id="param">
					<item id="catid">
						<item id="0"><![CDATA[0]]></item>
					</item>
					<item id="picrequired"><![CDATA[1]]></item>
					<item id="titlelength"><![CDATA[40]]></item>
					<item id="summarylength"><![CDATA[80]]></item>
					<item id="items"><![CDATA[10]]></item>
				</item>
				<item id="shownum"><![CDATA[10]]></item>
				<item id="cachetime"><![CDATA[3600]]></item>
				<item id="cachetimerange"><![CDATA[]]></item>
				<item id="punctualupdate"><![CDATA[0]]></item>
				<item id="hidedisplay"><![CDATA[0]]></item>
				<item id="dateline"><![CDATA[1515487551]]></item>
				<item id="notinherited"><![CDATA[0]]></item>
				<item id="isblank"><![CDATA[0]]></item>
			</item>
			<item id="2620">
				<item id="bid"><![CDATA[2620]]></item>
				<item id="blockclass"><![CDATA[portal_article]]></item>
				<item id="blocktype"><![CDATA[0]]></item>
				<item id="name"><![CDATA[hot-topic]]></item>
				<item id="title"><![CDATA[]]></item>
				<item id="classname"><![CDATA[]]></item>
				<item id="summary"><![CDATA[]]></item>
				<item id="uid"><![CDATA[1]]></item>
				<item id="username"><![CDATA[admin]]></item>
				<item id="styleid"><![CDATA[306]]></item>
				<item id="blockstyle"><![CDATA[]]></item>
				<item id="picwidth"><![CDATA[130]]></item>
				<item id="picheight"><![CDATA[100]]></item>
				<item id="target"><![CDATA[blank]]></item>
				<item id="dateformat"><![CDATA[Y-m-d]]></item>
				<item id="dateuformat"><![CDATA[0]]></item>
				<item id="script"><![CDATA[articlenew]]></item>
				<item id="param">
					<item id="catid">
						<item id="0"><![CDATA[0]]></item>
					</item>
					<item id="picrequired"><![CDATA[1]]></item>
					<item id="titlelength"><![CDATA[40]]></item>
					<item id="summarylength"><![CDATA[80]]></item>
					<item id="items"><![CDATA[6]]></item>
				</item>
				<item id="shownum"><![CDATA[6]]></item>
				<item id="cachetime"><![CDATA[3600]]></item>
				<item id="cachetimerange"><![CDATA[]]></item>
				<item id="punctualupdate"><![CDATA[0]]></item>
				<item id="hidedisplay"><![CDATA[0]]></item>
				<item id="dateline"><![CDATA[1515487551]]></item>
				<item id="notinherited"><![CDATA[0]]></item>
				<item id="isblank"><![CDATA[0]]></item>
			</item>
			<item id="2621">
				<item id="bid"><![CDATA[2621]]></item>
				<item id="blockclass"><![CDATA[portal_article]]></item>
				<item id="blocktype"><![CDATA[0]]></item>
				<item id="name"><![CDATA[hot-comment]]></item>
				<item id="title"><![CDATA[]]></item>
				<item id="classname"><![CDATA[]]></item>
				<item id="summary"><![CDATA[]]></item>
				<item id="uid"><![CDATA[1]]></item>
				<item id="username"><![CDATA[admin]]></item>
				<item id="styleid"><![CDATA[307]]></item>
				<item id="blockstyle"><![CDATA[]]></item>
				<item id="picwidth"><![CDATA[0]]></item>
				<item id="picheight"><![CDATA[0]]></item>
				<item id="target"><![CDATA[blank]]></item>
				<item id="dateformat"><![CDATA[m-d]]></item>
				<item id="dateuformat"><![CDATA[0]]></item>
				<item id="script"><![CDATA[article]]></item>
				<item id="param">
					<item id="aids"><![CDATA[]]></item>
					<item id="uids"><![CDATA[]]></item>
					<item id="keyword"><![CDATA[]]></item>
					<item id="catid">
						<item id="0"><![CDATA[0]]></item>
					</item>
					<item id="picrequired"><![CDATA[0]]></item>
					<item id="starttime"><![CDATA[]]></item>
					<item id="endtime"><![CDATA[]]></item>
					<item id="orderby"><![CDATA[click1]]></item>
					<item id="publishdateline"><![CDATA[0]]></item>
					<item id="titlelength"><![CDATA[40]]></item>
					<item id="summarylength"><![CDATA[80]]></item>
					<item id="startrow"><![CDATA[0]]></item>
					<item id="items"><![CDATA[10]]></item>
				</item>
				<item id="shownum"><![CDATA[10]]></item>
				<item id="cachetime"><![CDATA[3600]]></item>
				<item id="cachetimerange"><![CDATA[]]></item>
				<item id="punctualupdate"><![CDATA[0]]></item>
				<item id="hidedisplay"><![CDATA[0]]></item>
				<item id="dateline"><![CDATA[1515487551]]></item>
				<item id="notinherited"><![CDATA[0]]></item>
				<item id="isblank"><![CDATA[0]]></item>
			</item>
			<item id="2622">
				<item id="bid"><![CDATA[2622]]></item>
				<item id="blockclass"><![CDATA[html_html]]></item>
				<item id="blocktype"><![CDATA[0]]></item>
				<item id="name"><![CDATA[guanzhu]]></item>
				<item id="title"><![CDATA[]]></item>
				<item id="classname"><![CDATA[]]></item>
				<item id="summary"><![CDATA[<div class="deangzimg"><img src="./template/dean_wlnet_180101/deancss/list/banner.jpg" width="300" /></div>
                <div class="deangzinfo">
                	<div class="deangzinfol"><img src="./template/dean_wlnet_180101/deancss/adt/weixin.jpg" width="100" /></div>
                    <div class="deangzinfor"><h3>关注迪恩网络</h3><div class="clear"></div><p>扫描关注,了解最新资讯</p></div>
                    <div class="clear"></div>
                </div>
                <div class="clear"></div>
                <ul>
                	<li><a href="#" target="_blank"><i class="icon-twitter"></i>迪恩twitter</a></li>
                    <li><a href="#" target="_blank"><i class="icon-facebook"></i>迪恩facebook</a></li>
                </ul>
                <div class="clear"></div>
                <dl>
                	<dd><i class="icon-user"></i>联系人：高经理</dd>
                    <dd><i class="icon-phone-sign"></i>电话：15562103797</dd>
                    <dd><i class="icon-envelope"></i><a href="mailto:3318850993@qq.com">EMAIL：3318850993@qq.com</a></dd>
                    <dd><i class="icon-home"></i>地址：威海市创新创业大厦2702</dd>
                </dl>]]></item>
				<item id="uid"><![CDATA[1]]></item>
				<item id="username"><![CDATA[admin]]></item>
				<item id="styleid"><![CDATA[0]]></item>
				<item id="blockstyle"><![CDATA[]]></item>
				<item id="picwidth"><![CDATA[0]]></item>
				<item id="picheight"><![CDATA[0]]></item>
				<item id="target"><![CDATA[blank]]></item>
				<item id="dateformat"><![CDATA[Y-m-d]]></item>
				<item id="dateuformat"><![CDATA[0]]></item>
				<item id="script"><![CDATA[blank]]></item>
				<item id="param">
					<item id="content"><![CDATA[<div class=\"deangzimg\"><img src=\"./template/dean_wlnet_180101/deancss/list/banner.jpg\" width=\"300\" /></div>
                <div class=\"deangzinfo\">
                	<div class=\"deangzinfol\"><img src=\"./template/dean_wlnet_180101/deancss/adt/weixin.jpg\" width=\"100\" /></div>
                    <div class=\"deangzinfor\"><h3>关注迪恩网络</h3><div class=\"clear\"></div><p>扫描关注,了解最新资讯</p></div>
                    <div class=\"clear\"></div>
                </div>
                <div class=\"clear\"></div>
                <ul>
                	<li><a href=\"#\" target=\"_blank\"><i class=\"icon-twitter\"></i>迪恩twitter</a></li>
                    <li><a href=\"#\" target=\"_blank\"><i class=\"icon-facebook\"></i>迪恩facebook</a></li>
                </ul>
                <div class=\"clear\"></div>
                <dl>
                	<dd><i class=\"icon-user\"></i>联系人：高经理</dd>
                    <dd><i class=\"icon-phone-sign\"></i>电话：15562103797</dd>
                    <dd><i class=\"icon-envelope\"></i><a href=\"mailto:3318850993@qq.com\">EMAIL：3318850993@qq.com</a></dd>
                    <dd><i class=\"icon-home\"></i>地址：威海市创新创业大厦2702</dd>
                </dl>]]></item>
					<item id="items"><![CDATA[10]]></item>
				</item>
				<item id="shownum"><![CDATA[10]]></item>
				<item id="cachetime"><![CDATA[0]]></item>
				<item id="cachetimerange"><![CDATA[0,0]]></item>
				<item id="punctualupdate"><![CDATA[0]]></item>
				<item id="hidedisplay"><![CDATA[0]]></item>
				<item id="dateline"><![CDATA[1515487573]]></item>
				<item id="notinherited"><![CDATA[0]]></item>
				<item id="isblank"><![CDATA[0]]></item>
			</item>
			<item id="2623">
				<item id="bid"><![CDATA[2623]]></item>
				<item id="blockclass"><![CDATA[html_html]]></item>
				<item id="blocktype"><![CDATA[0]]></item>
				<item id="name"><![CDATA[ad]]></item>
				<item id="title"><![CDATA[]]></item>
				<item id="classname"><![CDATA[]]></item>
				<item id="summary"><![CDATA[<a href="#" target="_blank"><img src="./template/dean_wlnet_180101/deancss/adt/ad5.jpg" width="300" /><i>300x180 AD</i></a>]]></item>
				<item id="uid"><![CDATA[1]]></item>
				<item id="username"><![CDATA[admin]]></item>
				<item id="styleid"><![CDATA[0]]></item>
				<item id="blockstyle"><![CDATA[]]></item>
				<item id="picwidth"><![CDATA[0]]></item>
				<item id="picheight"><![CDATA[0]]></item>
				<item id="target"><![CDATA[blank]]></item>
				<item id="dateformat"><![CDATA[Y-m-d]]></item>
				<item id="dateuformat"><![CDATA[0]]></item>
				<item id="script"><![CDATA[blank]]></item>
				<item id="param">
					<item id="content"><![CDATA[<a href=\"#\" target=\"_blank\"><img src=\"./template/dean_wlnet_180101/deancss/adt/ad5.jpg\" width=\"300\" /><i>300x180 AD</i></a>]]></item>
					<item id="items"><![CDATA[10]]></item>
				</item>
				<item id="shownum"><![CDATA[10]]></item>
				<item id="cachetime"><![CDATA[0]]></item>
				<item id="cachetimerange"><![CDATA[0,0]]></item>
				<item id="punctualupdate"><![CDATA[0]]></item>
				<item id="hidedisplay"><![CDATA[0]]></item>
				<item id="dateline"><![CDATA[1515487551]]></item>
				<item id="notinherited"><![CDATA[0]]></item>
				<item id="isblank"><![CDATA[0]]></item>
			</item>
			<item id="2624">
				<item id="bid"><![CDATA[2624]]></item>
				<item id="blockclass"><![CDATA[portal_article]]></item>
				<item id="blocktype"><![CDATA[0]]></item>
				<item id="name"><![CDATA[guide]]></item>
				<item id="title"><![CDATA[]]></item>
				<item id="classname"><![CDATA[]]></item>
				<item id="summary"><![CDATA[]]></item>
				<item id="uid"><![CDATA[1]]></item>
				<item id="username"><![CDATA[admin]]></item>
				<item id="styleid"><![CDATA[308]]></item>
				<item id="blockstyle"><![CDATA[]]></item>
				<item id="picwidth"><![CDATA[210]]></item>
				<item id="picheight"><![CDATA[130]]></item>
				<item id="target"><![CDATA[blank]]></item>
				<item id="dateformat"><![CDATA[Y-m-d]]></item>
				<item id="dateuformat"><![CDATA[0]]></item>
				<item id="script"><![CDATA[articlenew]]></item>
				<item id="param">
					<item id="catid">
						<item id="0"><![CDATA[0]]></item>
					</item>
					<item id="picrequired"><![CDATA[1]]></item>
					<item id="titlelength"><![CDATA[60]]></item>
					<item id="summarylength"><![CDATA[200]]></item>
					<item id="items"><![CDATA[50]]></item>
				</item>
				<item id="shownum"><![CDATA[50]]></item>
				<item id="cachetime"><![CDATA[3600]]></item>
				<item id="cachetimerange"><![CDATA[]]></item>
				<item id="punctualupdate"><![CDATA[0]]></item>
				<item id="hidedisplay"><![CDATA[0]]></item>
				<item id="dateline"><![CDATA[1515487550]]></item>
				<item id="notinherited"><![CDATA[0]]></item>
				<item id="isblank"><![CDATA[0]]></item>
			</item>
			<item id="2625">
				<item id="bid"><![CDATA[2625]]></item>
				<item id="blockclass"><![CDATA[html_html]]></item>
				<item id="blocktype"><![CDATA[0]]></item>
				<item id="name"><![CDATA[ad]]></item>
				<item id="title"><![CDATA[]]></item>
				<item id="classname"><![CDATA[]]></item>
				<item id="summary"><![CDATA[<a href="#" target="_blank"><img src="./template/dean_wlnet_180101/deancss/adt/ad.png" width="300" /><span>300x150 AD</span></a>]]></item>
				<item id="uid"><![CDATA[1]]></item>
				<item id="username"><![CDATA[admin]]></item>
				<item id="styleid"><![CDATA[0]]></item>
				<item id="blockstyle"><![CDATA[]]></item>
				<item id="picwidth"><![CDATA[0]]></item>
				<item id="picheight"><![CDATA[0]]></item>
				<item id="target"><![CDATA[blank]]></item>
				<item id="dateformat"><![CDATA[Y-m-d]]></item>
				<item id="dateuformat"><![CDATA[0]]></item>
				<item id="script"><![CDATA[blank]]></item>
				<item id="param">
					<item id="content"><![CDATA[<a href=\"#\" target=\"_blank\"><img src=\"./template/dean_wlnet_180101/deancss/adt/ad.png\" width=\"300\" /><span>300x150 AD</span></a>]]></item>
					<item id="items"><![CDATA[10]]></item>
				</item>
				<item id="shownum"><![CDATA[10]]></item>
				<item id="cachetime"><![CDATA[0]]></item>
				<item id="cachetimerange"><![CDATA[0,0]]></item>
				<item id="punctualupdate"><![CDATA[0]]></item>
				<item id="hidedisplay"><![CDATA[0]]></item>
				<item id="dateline"><![CDATA[1515487550]]></item>
				<item id="notinherited"><![CDATA[0]]></item>
				<item id="isblank"><![CDATA[0]]></item>
			</item>
			<item id="2626">
				<item id="bid"><![CDATA[2626]]></item>
				<item id="blockclass"><![CDATA[html_html]]></item>
				<item id="blocktype"><![CDATA[0]]></item>
				<item id="name"><![CDATA[ad]]></item>
				<item id="title"><![CDATA[]]></item>
				<item id="classname"><![CDATA[]]></item>
				<item id="summary"><![CDATA[<a href="#" target="_blank"><img src="./template/dean_wlnet_180101/deancss/adt/ad1.jpg" width="300" /><span>300x150 AD</span></a>]]></item>
				<item id="uid"><![CDATA[1]]></item>
				<item id="username"><![CDATA[admin]]></item>
				<item id="styleid"><![CDATA[0]]></item>
				<item id="blockstyle"><![CDATA[]]></item>
				<item id="picwidth"><![CDATA[0]]></item>
				<item id="picheight"><![CDATA[0]]></item>
				<item id="target"><![CDATA[blank]]></item>
				<item id="dateformat"><![CDATA[Y-m-d]]></item>
				<item id="dateuformat"><![CDATA[0]]></item>
				<item id="script"><![CDATA[blank]]></item>
				<item id="param">
					<item id="content"><![CDATA[<a href=\"#\" target=\"_blank\"><img src=\"./template/dean_wlnet_180101/deancss/adt/ad1.jpg\" width=\"300\" /><span>300x150 AD</span></a>]]></item>
					<item id="items"><![CDATA[10]]></item>
				</item>
				<item id="shownum"><![CDATA[10]]></item>
				<item id="cachetime"><![CDATA[0]]></item>
				<item id="cachetimerange"><![CDATA[0,0]]></item>
				<item id="punctualupdate"><![CDATA[0]]></item>
				<item id="hidedisplay"><![CDATA[0]]></item>
				<item id="dateline"><![CDATA[1515487550]]></item>
				<item id="notinherited"><![CDATA[0]]></item>
				<item id="isblank"><![CDATA[0]]></item>
			</item>
			<item id="2627">
				<item id="bid"><![CDATA[2627]]></item>
				<item id="blockclass"><![CDATA[member_member]]></item>
				<item id="blocktype"><![CDATA[0]]></item>
				<item id="name"><![CDATA[author]]></item>
				<item id="title"><![CDATA[]]></item>
				<item id="classname"><![CDATA[]]></item>
				<item id="summary"><![CDATA[]]></item>
				<item id="uid"><![CDATA[1]]></item>
				<item id="username"><![CDATA[admin]]></item>
				<item id="styleid"><![CDATA[309]]></item>
				<item id="blockstyle"><![CDATA[]]></item>
				<item id="picwidth"><![CDATA[55]]></item>
				<item id="picheight"><![CDATA[55]]></item>
				<item id="target"><![CDATA[blank]]></item>
				<item id="dateformat"><![CDATA[Y-m-d]]></item>
				<item id="dateuformat"><![CDATA[0]]></item>
				<item id="script"><![CDATA[membercredit]]></item>
				<item id="param">
					<item id="orderby"><![CDATA[credits]]></item>
					<item id="extcredit"><![CDATA[1]]></item>
					<item id="startrow"><![CDATA[0]]></item>
					<item id="items"><![CDATA[5]]></item>
				</item>
				<item id="shownum"><![CDATA[5]]></item>
				<item id="cachetime"><![CDATA[3600]]></item>
				<item id="cachetimerange"><![CDATA[]]></item>
				<item id="punctualupdate"><![CDATA[0]]></item>
				<item id="hidedisplay"><![CDATA[0]]></item>
				<item id="dateline"><![CDATA[1515487550]]></item>
				<item id="notinherited"><![CDATA[0]]></item>
				<item id="isblank"><![CDATA[0]]></item>
			</item>
			<item id="2628">
				<item id="bid"><![CDATA[2628]]></item>
				<item id="blockclass"><![CDATA[portal_article]]></item>
				<item id="blocktype"><![CDATA[0]]></item>
				<item id="name"><![CDATA[hot-artice]]></item>
				<item id="title"><![CDATA[]]></item>
				<item id="classname"><![CDATA[]]></item>
				<item id="summary"><![CDATA[]]></item>
				<item id="uid"><![CDATA[1]]></item>
				<item id="username"><![CDATA[admin]]></item>
				<item id="styleid"><![CDATA[310]]></item>
				<item id="blockstyle"><![CDATA[]]></item>
				<item id="picwidth"><![CDATA[0]]></item>
				<item id="picheight"><![CDATA[0]]></item>
				<item id="target"><![CDATA[blank]]></item>
				<item id="dateformat"><![CDATA[Y-m-d]]></item>
				<item id="dateuformat"><![CDATA[0]]></item>
				<item id="script"><![CDATA[articlehot]]></item>
				<item id="param">
					<item id="catid">
						<item id="0"><![CDATA[0]]></item>
					</item>
					<item id="picrequired"><![CDATA[0]]></item>
					<item id="orderby"><![CDATA[viewnum]]></item>
					<item id="titlelength"><![CDATA[40]]></item>
					<item id="summarylength"><![CDATA[80]]></item>
					<item id="items"><![CDATA[9]]></item>
				</item>
				<item id="shownum"><![CDATA[9]]></item>
				<item id="cachetime"><![CDATA[3600]]></item>
				<item id="cachetimerange"><![CDATA[]]></item>
				<item id="punctualupdate"><![CDATA[0]]></item>
				<item id="hidedisplay"><![CDATA[0]]></item>
				<item id="dateline"><![CDATA[1515487550]]></item>
				<item id="notinherited"><![CDATA[0]]></item>
				<item id="isblank"><![CDATA[0]]></item>
			</item>
			<item id="2629">
				<item id="bid"><![CDATA[2629]]></item>
				<item id="blockclass"><![CDATA[html_html]]></item>
				<item id="blocktype"><![CDATA[0]]></item>
				<item id="name"><![CDATA[ad]]></item>
				<item id="title"><![CDATA[]]></item>
				<item id="classname"><![CDATA[]]></item>
				<item id="summary"><![CDATA[<a href="#" target="_blank"><img src="./template/dean_wlnet_180101/deancss/adt/ads.jpg" /></a>]]></item>
				<item id="uid"><![CDATA[1]]></item>
				<item id="username"><![CDATA[admin]]></item>
				<item id="styleid"><![CDATA[0]]></item>
				<item id="blockstyle"><![CDATA[]]></item>
				<item id="picwidth"><![CDATA[0]]></item>
				<item id="picheight"><![CDATA[0]]></item>
				<item id="target"><![CDATA[blank]]></item>
				<item id="dateformat"><![CDATA[Y-m-d]]></item>
				<item id="dateuformat"><![CDATA[0]]></item>
				<item id="script"><![CDATA[blank]]></item>
				<item id="param">
					<item id="content"><![CDATA[<a href=\"#\" target=\"_blank\"><img src=\"./template/dean_wlnet_180101/deancss/adt/ads.jpg\" /></a>]]></item>
					<item id="items"><![CDATA[10]]></item>
				</item>
				<item id="shownum"><![CDATA[10]]></item>
				<item id="cachetime"><![CDATA[3600]]></item>
				<item id="cachetimerange"><![CDATA[]]></item>
				<item id="punctualupdate"><![CDATA[0]]></item>
				<item id="hidedisplay"><![CDATA[0]]></item>
				<item id="dateline"><![CDATA[1515487550]]></item>
				<item id="notinherited"><![CDATA[0]]></item>
				<item id="isblank"><![CDATA[0]]></item>
			</item>
			<item id="2630">
				<item id="bid"><![CDATA[2630]]></item>
				<item id="blockclass"><![CDATA[forum_thread]]></item>
				<item id="blocktype"><![CDATA[0]]></item>
				<item id="name"><![CDATA[piclist]]></item>
				<item id="title"><![CDATA[]]></item>
				<item id="classname"><![CDATA[]]></item>
				<item id="summary"><![CDATA[]]></item>
				<item id="uid"><![CDATA[1]]></item>
				<item id="username"><![CDATA[admin]]></item>
				<item id="styleid"><![CDATA[311]]></item>
				<item id="blockstyle"><![CDATA[]]></item>
				<item id="picwidth"><![CDATA[280]]></item>
				<item id="picheight"><![CDATA[180]]></item>
				<item id="target"><![CDATA[blank]]></item>
				<item id="dateformat"><![CDATA[Y-m-d]]></item>
				<item id="dateuformat"><![CDATA[0]]></item>
				<item id="script"><![CDATA[threadhot]]></item>
				<item id="param">
					<item id="fids">
						<item id="0"><![CDATA[38]]></item>
						<item id="1"><![CDATA[39]]></item>
						<item id="2"><![CDATA[40]]></item>
						<item id="3"><![CDATA[41]]></item>
						<item id="4"><![CDATA[42]]></item>
					</item>
					<item id="special">
						<item id="0"><![CDATA[0]]></item>
					</item>
					<item id="viewmod"><![CDATA[0]]></item>
					<item id="rewardstatus"><![CDATA[0]]></item>
					<item id="picrequired"><![CDATA[1]]></item>
					<item id="orderby"><![CDATA[views]]></item>
					<item id="postdateline"><![CDATA[0]]></item>
					<item id="lastpost"><![CDATA[0]]></item>
					<item id="titlelength"><![CDATA[60]]></item>
					<item id="summarylength"><![CDATA[120]]></item>
					<item id="items"><![CDATA[6]]></item>
				</item>
				<item id="shownum"><![CDATA[6]]></item>
				<item id="cachetime"><![CDATA[3600]]></item>
				<item id="cachetimerange"><![CDATA[]]></item>
				<item id="punctualupdate"><![CDATA[0]]></item>
				<item id="hidedisplay"><![CDATA[0]]></item>
				<item id="dateline"><![CDATA[1515487549]]></item>
				<item id="notinherited"><![CDATA[0]]></item>
				<item id="isblank"><![CDATA[0]]></item>
			</item>
			<item id="2631">
				<item id="bid"><![CDATA[2631]]></item>
				<item id="blockclass"><![CDATA[html_html]]></item>
				<item id="blocktype"><![CDATA[0]]></item>
				<item id="name"><![CDATA[biaoti]]></item>
				<item id="title"><![CDATA[]]></item>
				<item id="classname"><![CDATA[]]></item>
				<item id="summary"><![CDATA[<a href="#" target="_blank">
            	<h3>社区图文</h3>
                <div class="clear"></div>
                <p>品牌营销就像谈恋爱，搭讪、陪聊、讲故事，从羞涩破冰到相互吸引，一步步和用户建立起亲密关系。</p>
            </a>]]></item>
				<item id="uid"><![CDATA[1]]></item>
				<item id="username"><![CDATA[admin]]></item>
				<item id="styleid"><![CDATA[0]]></item>
				<item id="blockstyle"><![CDATA[]]></item>
				<item id="picwidth"><![CDATA[0]]></item>
				<item id="picheight"><![CDATA[0]]></item>
				<item id="target"><![CDATA[blank]]></item>
				<item id="dateformat"><![CDATA[Y-m-d]]></item>
				<item id="dateuformat"><![CDATA[0]]></item>
				<item id="script"><![CDATA[blank]]></item>
				<item id="param">
					<item id="content"><![CDATA[<a href=\"#\" target=\"_blank\">
            	<h3>社区图文</h3>
                <div class=\"clear\"></div>
                <p>品牌营销就像谈恋爱，搭讪、陪聊、讲故事，从羞涩破冰到相互吸引，一步步和用户建立起亲密关系。</p>
            </a>]]></item>
					<item id="items"><![CDATA[10]]></item>
				</item>
				<item id="shownum"><![CDATA[10]]></item>
				<item id="cachetime"><![CDATA[0]]></item>
				<item id="cachetimerange"><![CDATA[0,0]]></item>
				<item id="punctualupdate"><![CDATA[0]]></item>
				<item id="hidedisplay"><![CDATA[0]]></item>
				<item id="dateline"><![CDATA[1515487656]]></item>
				<item id="notinherited"><![CDATA[0]]></item>
				<item id="isblank"><![CDATA[0]]></item>
			</item>
			<item id="2632">
				<item id="bid"><![CDATA[2632]]></item>
				<item id="blockclass"><![CDATA[other_otherfriendlink]]></item>
				<item id="blocktype"><![CDATA[0]]></item>
				<item id="name"><![CDATA[links]]></item>
				<item id="title"><![CDATA[]]></item>
				<item id="classname"><![CDATA[]]></item>
				<item id="summary"><![CDATA[]]></item>
				<item id="uid"><![CDATA[1]]></item>
				<item id="username"><![CDATA[admin]]></item>
				<item id="styleid"><![CDATA[312]]></item>
				<item id="blockstyle"><![CDATA[]]></item>
				<item id="picwidth"><![CDATA[0]]></item>
				<item id="picheight"><![CDATA[0]]></item>
				<item id="target"><![CDATA[blank]]></item>
				<item id="dateformat"><![CDATA[Y-m-d]]></item>
				<item id="dateuformat"><![CDATA[0]]></item>
				<item id="script"><![CDATA[otherfriendlink]]></item>
				<item id="param">
					<item id="type">
						<item id="0"><![CDATA[1]]></item>
						<item id="1"><![CDATA[2]]></item>
						<item id="2"><![CDATA[3]]></item>
						<item id="3"><![CDATA[4]]></item>
					</item>
					<item id="titlelength"><![CDATA[40]]></item>
					<item id="summarylength"><![CDATA[80]]></item>
					<item id="items"><![CDATA[20]]></item>
				</item>
				<item id="shownum"><![CDATA[20]]></item>
				<item id="cachetime"><![CDATA[3600]]></item>
				<item id="cachetimerange"><![CDATA[]]></item>
				<item id="punctualupdate"><![CDATA[0]]></item>
				<item id="hidedisplay"><![CDATA[0]]></item>
				<item id="dateline"><![CDATA[1515487549]]></item>
				<item id="notinherited"><![CDATA[0]]></item>
				<item id="isblank"><![CDATA[0]]></item>
			</item>
		</item>
		<item id="style">
			<item id="160">
				<item id="styleid"><![CDATA[160]]></item>
				<item id="blockclass"><![CDATA[portal_article]]></item>
				<item id="name"><![CDATA[dean-joy-hdp]]></item>
				<item id="template">
					<item id="raw"><![CDATA[<div class="Slide fl" id="slide">
    <ul class="slide-cont">
	[loop]
        <li class="slide-item"> <a href="{url}"  target="blank"><img src="{pic}" width="{picwidth}" height="{picheight}" /></a>
        <div class="slide-txt">
        <div class="txt_bg"></div>
        <a href="{url}" target="_blank">{title}</a> </div>
        </li>
	[/loop]
    </ul>
    <div class="slide-nav"></div>
    <div class="slide-loading"></div>
</div>]]></item>
					<item id="footer"><![CDATA[]]></item>
					<item id="header"><![CDATA[]]></item>
					<item id="indexplus"><![CDATA[
					]]></item>
					<item id="index"><![CDATA[
					]]></item>
					<item id="orderplus"><![CDATA[
					]]></item>
					<item id="order"><![CDATA[
					]]></item>
					<item id="loopplus"><![CDATA[
					]]></item>
					<item id="loop"><![CDATA[<li class="slide-item"> <a href="{url}"  target="blank"><img src="{pic}" width="{picwidth}" height="{picheight}" /></a>
        <div class="slide-txt">
        <div class="txt_bg"></div>
        <a href="{url}" target="_blank">{title}</a> </div>
        </li>]]></item>
				</item>
				<item id="hash"><![CDATA[2d85bf42]]></item>
				<item id="getpic"><![CDATA[1]]></item>
				<item id="getsummary"><![CDATA[0]]></item>
				<item id="makethumb"><![CDATA[1]]></item>
				<item id="settarget"><![CDATA[0]]></item>
				<item id="fields">
					<item id="0"><![CDATA[url]]></item>
					<item id="1"><![CDATA[pic]]></item>
					<item id="2"><![CDATA[title]]></item>
				</item>
				<item id="moreurl"><![CDATA[0]]></item>
			</item>
			<item id="302">
				<item id="styleid"><![CDATA[302]]></item>
				<item id="blockclass"><![CDATA[portal_article]]></item>
				<item id="name"><![CDATA[dean-whnet-todayhot]]></item>
				<item id="template">
					<item id="raw"><![CDATA[[loop]
<li>
                        	<h5><a href="{url}" target="_blank"  title="{title}">{title}</a></h5>
                            <div class="clear"></div>
                            <div class="deanmsdiv"><i class="icon-quote-left"></i>{summary}<i class="icon-quote-right"></i></div>
                        </li>
[/loop]]]></item>
					<item id="footer"><![CDATA[]]></item>
					<item id="header"><![CDATA[]]></item>
					<item id="indexplus"><![CDATA[
					]]></item>
					<item id="index"><![CDATA[
					]]></item>
					<item id="orderplus"><![CDATA[
					]]></item>
					<item id="order"><![CDATA[
					]]></item>
					<item id="loopplus"><![CDATA[
					]]></item>
					<item id="loop"><![CDATA[<li>
                        	<h5><a href="{url}" target="_blank"  title="{title}">{title}</a></h5>
                            <div class="clear"></div>
                            <div class="deanmsdiv"><i class="icon-quote-left"></i>{summary}<i class="icon-quote-right"></i></div>
                        </li>]]></item>
				</item>
				<item id="hash"><![CDATA[b1c68962]]></item>
				<item id="getpic"><![CDATA[0]]></item>
				<item id="getsummary"><![CDATA[1]]></item>
				<item id="makethumb"><![CDATA[0]]></item>
				<item id="settarget"><![CDATA[0]]></item>
				<item id="fields">
					<item id="0"><![CDATA[url]]></item>
					<item id="1"><![CDATA[title]]></item>
					<item id="2"><![CDATA[summary]]></item>
				</item>
				<item id="moreurl"><![CDATA[0]]></item>
			</item>
			<item id="303">
				<item id="styleid"><![CDATA[303]]></item>
				<item id="blockclass"><![CDATA[portal_article]]></item>
				<item id="name"><![CDATA[dean-whnet-jxtj]]></item>
				<item id="template">
					<item id="raw"><![CDATA[[loop]
<li class="deanliorder{currentorder}">
<i></i><em></em>
                    	                        <div class="deanjxinfo">
				<div class="deanjiayi"><span><a href="{caturl}"{target}>{catname}</a></span><div class="deanir"><i class="icon-time"></i>{dateline}</div><div class="clear"></div></div>
				<div class="clear"></div>
                        	<h5><a href="{url}"{target}>{title}</a></h5>
                            <div class="clear"></div>
                            <p>{summary}</p>
                        </div>
                    </li>
[/loop]]]></item>
					<item id="footer"><![CDATA[]]></item>
					<item id="header"><![CDATA[]]></item>
					<item id="indexplus"><![CDATA[
					]]></item>
					<item id="index"><![CDATA[
					]]></item>
					<item id="orderplus"><![CDATA[
					]]></item>
					<item id="order"><![CDATA[
					]]></item>
					<item id="loopplus"><![CDATA[
					]]></item>
					<item id="loop"><![CDATA[<li class="deanliorder{currentorder}">
<i></i><em></em>
                    	                        <div class="deanjxinfo">
				<div class="deanjiayi"><span><a href="{caturl}"{target}>{catname}</a></span><div class="deanir"><i class="icon-time"></i>{dateline}</div><div class="clear"></div></div>
				<div class="clear"></div>
                        	<h5><a href="{url}"{target}>{title}</a></h5>
                            <div class="clear"></div>
                            <p>{summary}</p>
                        </div>
                    </li>]]></item>
				</item>
				<item id="hash"><![CDATA[dd47f888]]></item>
				<item id="getpic"><![CDATA[0]]></item>
				<item id="getsummary"><![CDATA[1]]></item>
				<item id="makethumb"><![CDATA[0]]></item>
				<item id="settarget"><![CDATA[1]]></item>
				<item id="fields">
					<item id="0"><![CDATA[currentorder]]></item>
					<item id="1"><![CDATA[caturl]]></item>
					<item id="2"><![CDATA[catname]]></item>
					<item id="3"><![CDATA[dateline]]></item>
					<item id="4"><![CDATA[url]]></item>
					<item id="5"><![CDATA[title]]></item>
					<item id="6"><![CDATA[summary]]></item>
				</item>
				<item id="moreurl"><![CDATA[0]]></item>
			</item>
			<item id="304">
				<item id="styleid"><![CDATA[304]]></item>
				<item id="blockclass"><![CDATA[portal_article]]></item>
				<item id="name"><![CDATA[dean-wlnet-hdp]]></item>
				<item id="template">
					<item id="raw"><![CDATA[<div id="slideBox" class="slideBox">
    <div class="bd">
        <div class="tempWrap">
        <ul>
            [loop1]
            <li>
            	<a href="{url}" target="_blank">
                	<img src="{pic}" width="{picwidth}" height="{picheight}" />
                	<div class="deanhdpsummary">
                    	<div class="deanhdpsummaryc">
                            <span>{catname}</span>
                            <h3>{title}</h3>
                            <div class="clear"></div>
                            <div class="deanhdpinfos">{summary}</div>
                        </div>
                    </div>
                </a>
            </li>				
            [/loop1]
        </ul>
        </div>
    </div>
    <div class="hd"><ul>[loop2]<li><img src="{pic}" width="{picwidth}" height="{picheight}" /></li>[/loop2]</ul></div>
    <a class="prev icon-angle-left" href="javascript:void(0)"></a>
    <a class="next icon-angle-right" href="javascript:void(0)"></a>
</div>]]></item>
					<item id="footer"><![CDATA[]]></item>
					<item id="header"><![CDATA[]]></item>
					<item id="indexplus"><![CDATA[
					]]></item>
					<item id="index"><![CDATA[
					]]></item>
					<item id="orderplus"><![CDATA[
					]]></item>
					<item id="order"><![CDATA[
					]]></item>
					<item id="loopplus">
						<item id="1"><![CDATA[<li>
            	<a href="{url}" target="_blank">
                	<img src="{pic}" width="{picwidth}" height="{picheight}" />
                	<div class="deanhdpsummary">
                    	<div class="deanhdpsummaryc">
                            <span>{catname}</span>
                            <h3>{title}</h3>
                            <div class="clear"></div>
                            <div class="deanhdpinfos">{summary}</div>
                        </div>
                    </div>
                </a>
            </li>]]></item>
						<item id="2"><![CDATA[<li><img src="{pic}" width="{picwidth}" height="{picheight}" /></li>]]></item>
					</item>
					<item id="loop"><![CDATA[
					]]></item>
				</item>
				<item id="hash"><![CDATA[3c95f09c]]></item>
				<item id="getpic"><![CDATA[1]]></item>
				<item id="getsummary"><![CDATA[1]]></item>
				<item id="makethumb"><![CDATA[1]]></item>
				<item id="settarget"><![CDATA[0]]></item>
				<item id="fields">
					<item id="0"><![CDATA[url]]></item>
					<item id="1"><![CDATA[pic]]></item>
					<item id="2"><![CDATA[catname]]></item>
					<item id="3"><![CDATA[title]]></item>
					<item id="4"><![CDATA[summary]]></item>
				</item>
				<item id="moreurl"><![CDATA[0]]></item>
			</item>
			<item id="305">
				<item id="styleid"><![CDATA[305]]></item>
				<item id="blockclass"><![CDATA[portal_article]]></item>
				<item id="name"><![CDATA[dean-wlnet-artice-righttab]]></item>
				<item id="template">
					<item id="raw"><![CDATA[[loop]
[order=1]
<li class="deanrankli{currentorder}">
                            <div class="deanranktit"><span>{currentorder}</span><h3><a href="{url}" target="_blank">{title}</a></h3><div class="clear"></div></div>
                            <div class="clear"></div>
                            <div class="deanrankinfost" style="display:block;">
                            	<div class="deanrankinfoimg"><a href="{url}" target="_blank"><img src="{pic}" width="{picwidth}" height="{picheight}" /></a></div>
                                <div class="deanrankinfor">
                                	<div class="deanranksummary">{summary}</div>
                                    <div class="deanranknums"><span><i class="icon-eye-open"></i>{viewnum}</span><em></em><span><i class="icon-comments-alt"></i>{commentnum}</span></div>
                                </div>
				<div class="clear"></div>
                            </div>
                        </li>
[/order]
<li class="deanrankli{currentorder}">
                            <div class="deanranktit"><span>{currentorder}</span><h3><a href="{url}" target="_blank">{title}</a></h3><div class="clear"></div></div>
                            <div class="clear"></div>
                            <div class="deanrankinfost">
                            	<div class="deanrankinfoimg"><a href="{url}" target="_blank"><img src="{pic}" width="{picwidth}" height="{picheight}" /></a></div>
                                <div class="deanrankinfor">
                                	<div class="deanranksummary">{summary}</div>
                                    <div class="deanranknums"><span><i class="icon-eye-open"></i>{viewnum}</span><em></em><span><i class="icon-comments-alt"></i>{commentnum}</span></div>
                                </div>
				<div class="clear"></div>
                            </div>
                        </li>
[/loop]]]></item>
					<item id="footer"><![CDATA[]]></item>
					<item id="header"><![CDATA[]]></item>
					<item id="indexplus"><![CDATA[
					]]></item>
					<item id="index"><![CDATA[
					]]></item>
					<item id="orderplus"><![CDATA[
					]]></item>
					<item id="order">
						<item id="1"><![CDATA[<li class="deanrankli{currentorder}">
                            <div class="deanranktit"><span>{currentorder}</span><h3><a href="{url}" target="_blank">{title}</a></h3><div class="clear"></div></div>
                            <div class="clear"></div>
                            <div class="deanrankinfost" style="display:block;">
                            	<div class="deanrankinfoimg"><a href="{url}" target="_blank"><img src="{pic}" width="{picwidth}" height="{picheight}" /></a></div>
                                <div class="deanrankinfor">
                                	<div class="deanranksummary">{summary}</div>
                                    <div class="deanranknums"><span><i class="icon-eye-open"></i>{viewnum}</span><em></em><span><i class="icon-comments-alt"></i>{commentnum}</span></div>
                                </div>
				<div class="clear"></div>
                            </div>
                        </li>]]></item>
					</item>
					<item id="loopplus"><![CDATA[
					]]></item>
					<item id="loop"><![CDATA[[order=1]
<li class="deanrankli{currentorder}">
                            <div class="deanranktit"><span>{currentorder}</span><h3><a href="{url}" target="_blank">{title}</a></h3><div class="clear"></div></div>
                            <div class="clear"></div>
                            <div class="deanrankinfost" style="display:block;">
                            	<div class="deanrankinfoimg"><a href="{url}" target="_blank"><img src="{pic}" width="{picwidth}" height="{picheight}" /></a></div>
                                <div class="deanrankinfor">
                                	<div class="deanranksummary">{summary}</div>
                                    <div class="deanranknums"><span><i class="icon-eye-open"></i>{viewnum}</span><em></em><span><i class="icon-comments-alt"></i>{commentnum}</span></div>
                                </div>
				<div class="clear"></div>
                            </div>
                        </li>
[/order]
<li class="deanrankli{currentorder}">
                            <div class="deanranktit"><span>{currentorder}</span><h3><a href="{url}" target="_blank">{title}</a></h3><div class="clear"></div></div>
                            <div class="clear"></div>
                            <div class="deanrankinfost">
                            	<div class="deanrankinfoimg"><a href="{url}" target="_blank"><img src="{pic}" width="{picwidth}" height="{picheight}" /></a></div>
                                <div class="deanrankinfor">
                                	<div class="deanranksummary">{summary}</div>
                                    <div class="deanranknums"><span><i class="icon-eye-open"></i>{viewnum}</span><em></em><span><i class="icon-comments-alt"></i>{commentnum}</span></div>
                                </div>
				<div class="clear"></div>
                            </div>
                        </li>]]></item>
				</item>
				<item id="hash"><![CDATA[d2deae3d]]></item>
				<item id="getpic"><![CDATA[1]]></item>
				<item id="getsummary"><![CDATA[1]]></item>
				<item id="makethumb"><![CDATA[1]]></item>
				<item id="settarget"><![CDATA[0]]></item>
				<item id="fields">
					<item id="0"><![CDATA[currentorder]]></item>
					<item id="1"><![CDATA[url]]></item>
					<item id="2"><![CDATA[title]]></item>
					<item id="3"><![CDATA[pic]]></item>
					<item id="4"><![CDATA[summary]]></item>
					<item id="5"><![CDATA[viewnum]]></item>
					<item id="6"><![CDATA[commentnum]]></item>
				</item>
				<item id="moreurl"><![CDATA[0]]></item>
			</item>
			<item id="306">
				<item id="styleid"><![CDATA[306]]></item>
				<item id="blockclass"><![CDATA[portal_article]]></item>
				<item id="name"><![CDATA[dean-whnet-artice-righttopic]]></item>
				<item id="template">
					<item id="raw"><![CDATA[[loop]
<li><a href="{url}" target="_blank"><img src="{pic}" width="{picwidth}" height="{picheight}" /><div class="deanspanbg"><span>{title}</span></div></a></li>
[/loop]]]></item>
					<item id="footer"><![CDATA[]]></item>
					<item id="header"><![CDATA[]]></item>
					<item id="indexplus"><![CDATA[
					]]></item>
					<item id="index"><![CDATA[
					]]></item>
					<item id="orderplus"><![CDATA[
					]]></item>
					<item id="order"><![CDATA[
					]]></item>
					<item id="loopplus"><![CDATA[
					]]></item>
					<item id="loop"><![CDATA[<li><a href="{url}" target="_blank"><img src="{pic}" width="{picwidth}" height="{picheight}" /><div class="deanspanbg"><span>{title}</span></div></a></li>]]></item>
				</item>
				<item id="hash"><![CDATA[9fa0cae0]]></item>
				<item id="getpic"><![CDATA[1]]></item>
				<item id="getsummary"><![CDATA[0]]></item>
				<item id="makethumb"><![CDATA[1]]></item>
				<item id="settarget"><![CDATA[0]]></item>
				<item id="fields">
					<item id="0"><![CDATA[url]]></item>
					<item id="1"><![CDATA[pic]]></item>
					<item id="2"><![CDATA[title]]></item>
				</item>
				<item id="moreurl"><![CDATA[0]]></item>
			</item>
			<item id="307">
				<item id="styleid"><![CDATA[307]]></item>
				<item id="blockclass"><![CDATA[portal_article]]></item>
				<item id="name"><![CDATA[dean-whnet-artice-rightcomment]]></item>
				<item id="template">
					<item id="raw"><![CDATA[<ul class="deancommenthot">
[loop]
<li>
                        	<span>{dateline}</span>
                            <strong></strong>
				<b></b>
                            
                            <div class="deanmbllinfo">
                            	<div class="deanmbtit deanxz"><a href="home.php?mod=space&uid={uid}&do=profile" target="_blank" class="deanmbllavar" title="{username}"><img src="{avatar_middle}" /></a><div class="clear"></div><em>{username}</em></div>
                            	<h3><a href="{url}" target="_blank">{title}</a></h3>
                                <div class="deanmbsummary"><i class="icon-quote-left"></i>{summary}<i class="icon-quote-right"></i></div>
                            </div>
                        </li>
[/loop]
</ul>
]]></item>
					<item id="footer"><![CDATA[]]></item>
					<item id="header"><![CDATA[]]></item>
					<item id="indexplus"><![CDATA[
					]]></item>
					<item id="index"><![CDATA[
					]]></item>
					<item id="orderplus"><![CDATA[
					]]></item>
					<item id="order"><![CDATA[
					]]></item>
					<item id="loopplus"><![CDATA[
					]]></item>
					<item id="loop"><![CDATA[<li>
                        	<span>{dateline}</span>
                            <strong></strong>
				<b></b>
                            
                            <div class="deanmbllinfo">
                            	<div class="deanmbtit deanxz"><a href="home.php?mod=space&uid={uid}&do=profile" target="_blank" class="deanmbllavar" title="{username}"><img src="{avatar_middle}" /></a><div class="clear"></div><em>{username}</em></div>
                            	<h3><a href="{url}" target="_blank">{title}</a></h3>
                                <div class="deanmbsummary"><i class="icon-quote-left"></i>{summary}<i class="icon-quote-right"></i></div>
                            </div>
                        </li>]]></item>
				</item>
				<item id="hash"><![CDATA[49664a9d]]></item>
				<item id="getpic"><![CDATA[0]]></item>
				<item id="getsummary"><![CDATA[1]]></item>
				<item id="makethumb"><![CDATA[0]]></item>
				<item id="settarget"><![CDATA[0]]></item>
				<item id="fields">
					<item id="0"><![CDATA[dateline]]></item>
					<item id="1"><![CDATA[uid]]></item>
					<item id="2"><![CDATA[username]]></item>
					<item id="3"><![CDATA[avatar_middle]]></item>
					<item id="4"><![CDATA[url]]></item>
					<item id="5"><![CDATA[title]]></item>
					<item id="6"><![CDATA[summary]]></item>
				</item>
				<item id="moreurl"><![CDATA[0]]></item>
			</item>
			<item id="308">
				<item id="styleid"><![CDATA[308]]></item>
				<item id="blockclass"><![CDATA[portal_article]]></item>
				<item id="name"><![CDATA[dean-wlnet-articelists]]></item>
				<item id="template">
					<item id="raw"><![CDATA[<ul id="itemContainer">
[loop]
<li>
    <div class="deanpiclic">
         <div class="deanpiclicl deanlarge">
            <a href="{url}" target="_blank"><img src="{pic}" width="{picwidth}" height="{picheight}" /></a>
            <a href="{caturl}" class="deannewtypeindex">{catname}</a>
        </div>
        <div class="deanpiclicr">
            <h2><a href="{url}" target="_blank" class="xi2" style="">{title}</a> </h2>
            <div class="clear"></div>
            <div class="deanpicsummary">{summary}</div>
            <div class="clear"></div>
            <div class="deannewtwonum">
                <div class="deanartavar deanxz">
                	<a href="home.php?mod=space&uid=1&do=profile">
                    	<img src="{avatar_middle}">
                    	<span>作者:{username}</span>
                    </a>
                    <div class="clear"></div>
                </div>
                <i class="deanpipe"></i>
                <b>时间：{dateline}</b>
                <i class="deanpipe"></i>
                <span>阅读：{viewnum}</span>
                <i class="deanpipe"></i>
                <em>回复：{commentnum}</em>
                <div class="clear"></div>
            </div>
            <div class="clear"></div>
        </div>                           
        <div class="clear"></div>
    </div>
</li>
[/loop]
</ul>]]></item>
					<item id="footer"><![CDATA[]]></item>
					<item id="header"><![CDATA[]]></item>
					<item id="indexplus">
					</item>
					<item id="index">
					</item>
					<item id="orderplus">
					</item>
					<item id="order">
					</item>
					<item id="loopplus">
					</item>
					<item id="loop"><![CDATA[<li>
    <div class="deanpiclic">
         <div class="deanpiclicl deanlarge">
            <a href="{url}" target="_blank"><img src="{pic}" width="{picwidth}" height="{picheight}" /></a>
            <a href="{caturl}" class="deannewtypeindex">{catname}</a>
        </div>
        <div class="deanpiclicr">
            <h2><a href="{url}" target="_blank" class="xi2" style="">{title}</a> </h2>
            <div class="clear"></div>
            <div class="deanpicsummary">{summary}</div>
            <div class="clear"></div>
            <div class="deannewtwonum">
                <div class="deanartavar deanxz">
                	<a href="home.php?mod=space&uid=1&do=profile">
                    	<img src="{avatar_middle}">
                    	<span>作者:{username}</span>
                    </a>
                    <div class="clear"></div>
                </div>
                <i class="deanpipe"></i>
                <b>时间：{dateline}</b>
                <i class="deanpipe"></i>
                <span>阅读：{viewnum}</span>
                <i class="deanpipe"></i>
                <em>回复：{commentnum}</em>
                <div class="clear"></div>
            </div>
            <div class="clear"></div>
        </div>                           
        <div class="clear"></div>
    </div>
</li>]]></item>
				</item>
				<item id="hash"><![CDATA[8d21f1b9]]></item>
				<item id="getpic"><![CDATA[1]]></item>
				<item id="getsummary"><![CDATA[1]]></item>
				<item id="makethumb"><![CDATA[1]]></item>
				<item id="settarget"><![CDATA[0]]></item>
				<item id="fields">
					<item id="0"><![CDATA[url]]></item>
					<item id="1"><![CDATA[pic]]></item>
					<item id="2"><![CDATA[caturl]]></item>
					<item id="3"><![CDATA[catname]]></item>
					<item id="4"><![CDATA[title]]></item>
					<item id="5"><![CDATA[summary]]></item>
					<item id="6"><![CDATA[avatar_middle]]></item>
					<item id="7"><![CDATA[username]]></item>
					<item id="8"><![CDATA[dateline]]></item>
					<item id="9"><![CDATA[viewnum]]></item>
					<item id="10"><![CDATA[commentnum]]></item>
				</item>
				<item id="moreurl"><![CDATA[0]]></item>
			</item>
			<item id="309">
				<item id="styleid"><![CDATA[309]]></item>
				<item id="blockclass"><![CDATA[member_member]]></item>
				<item id="name"><![CDATA[dean-wlnet-authors]]></item>
				<item id="template">
					<item id="raw"><![CDATA[[loop]
					<li class="deanauthorli{currentorder}">
                    	<div class="deanzzimg deanxz"><a href="{url}" target="_blank"><img src="{avatar_middle}" width="{picwidth}" height="{picheight}" /><span title="???߷???{threads}ƪ????">{threads}</span></a></div>
                        <div class="deanzzinfo">
                        	<h3><a href="{url}"{target}>{title}</a></h3>
                            <div class="clear"></div>
                            <div class="deanzzjss">
                            	{bio}
                            </div>
                        </div>
                        <div class="clear"></div>
                    </li>
					[/loop]]]></item>
					<item id="footer"><![CDATA[]]></item>
					<item id="header"><![CDATA[]]></item>
					<item id="indexplus"><![CDATA[
					]]></item>
					<item id="index"><![CDATA[
					]]></item>
					<item id="orderplus"><![CDATA[
					]]></item>
					<item id="order"><![CDATA[
					]]></item>
					<item id="loopplus"><![CDATA[
					]]></item>
					<item id="loop"><![CDATA[<li class="deanauthorli{currentorder}">
                    	<div class="deanzzimg deanxz"><a href="{url}" target="_blank"><img src="{avatar_middle}" width="{picwidth}" height="{picheight}" /><span title="???߷???{threads}ƪ????">{threads}</span></a></div>
                        <div class="deanzzinfo">
                        	<h3><a href="{url}"{target}>{title}</a></h3>
                            <div class="clear"></div>
                            <div class="deanzzjss">
                            	{bio}
                            </div>
                        </div>
                        <div class="clear"></div>
                    </li>]]></item>
				</item>
				<item id="hash"><![CDATA[71b5bad1]]></item>
				<item id="getpic"><![CDATA[0]]></item>
				<item id="getsummary"><![CDATA[0]]></item>
				<item id="makethumb"><![CDATA[1]]></item>
				<item id="settarget"><![CDATA[1]]></item>
				<item id="fields">
					<item id="0"><![CDATA[currentorder]]></item>
					<item id="1"><![CDATA[url]]></item>
					<item id="2"><![CDATA[avatar_middle]]></item>
					<item id="3"><![CDATA[threads]]></item>
					<item id="4"><![CDATA[title]]></item>
					<item id="5"><![CDATA[bio]]></item>
				</item>
				<item id="moreurl"><![CDATA[0]]></item>
			</item>
			<item id="310">
				<item id="styleid"><![CDATA[310]]></item>
				<item id="blockclass"><![CDATA[portal_article]]></item>
				<item id="name"><![CDATA[dean-wlnet-index-hotlist]]></item>
				<item id="template">
					<item id="raw"><![CDATA[[loop]
<li><a href="{caturl}" target="_blank" class="deantypenamest">{catname}</a><a href="{url}" target="_blank" class="deanhotlia">{title}</a><div class="clear"></div></li>
[/loop]]]></item>
					<item id="footer"><![CDATA[]]></item>
					<item id="header"><![CDATA[]]></item>
					<item id="indexplus"><![CDATA[
					]]></item>
					<item id="index"><![CDATA[
					]]></item>
					<item id="orderplus"><![CDATA[
					]]></item>
					<item id="order"><![CDATA[
					]]></item>
					<item id="loopplus"><![CDATA[
					]]></item>
					<item id="loop"><![CDATA[<li><a href="{caturl}" target="_blank" class="deantypenamest">{catname}</a><a href="{url}" target="_blank" class="deanhotlia">{title}</a><div class="clear"></div></li>]]></item>
				</item>
				<item id="hash"><![CDATA[ff9ee62f]]></item>
				<item id="getpic"><![CDATA[0]]></item>
				<item id="getsummary"><![CDATA[0]]></item>
				<item id="makethumb"><![CDATA[0]]></item>
				<item id="settarget"><![CDATA[0]]></item>
				<item id="fields">
					<item id="0"><![CDATA[caturl]]></item>
					<item id="1"><![CDATA[catname]]></item>
					<item id="2"><![CDATA[url]]></item>
					<item id="3"><![CDATA[title]]></item>
				</item>
				<item id="moreurl"><![CDATA[0]]></item>
			</item>
			<item id="311">
				<item id="styleid"><![CDATA[311]]></item>
				<item id="blockclass"><![CDATA[forum_thread]]></item>
				<item id="name"><![CDATA[dean-wlnet-forumpic]]></item>
				<item id="template">
					<item id="raw"><![CDATA[[loop]
<li>
    <div class="deanpiclic">
        <div class="deangonggeyeimg">
            <a href="{url}" target="_blank" class="deancoversss"><img src="{pic}" width="{picwidth}" height="{picheight}" /></a>
            <a href="{forumurl}" class="deangonggetype">{forumname}</a>
            <h3><a href="{url}"{target}>{title}</a></h3>
            <div class="deanglnums"><h4>{author}</h4><b>??</b><span>{dateline}</span></div>
        </div>
                                   
        <div class="clear"></div>
    </div>
</li>
[/loop]]]></item>
					<item id="footer"><![CDATA[]]></item>
					<item id="header"><![CDATA[]]></item>
					<item id="indexplus"><![CDATA[
					]]></item>
					<item id="index"><![CDATA[
					]]></item>
					<item id="orderplus"><![CDATA[
					]]></item>
					<item id="order"><![CDATA[
					]]></item>
					<item id="loopplus"><![CDATA[
					]]></item>
					<item id="loop"><![CDATA[<li>
    <div class="deanpiclic">
        <div class="deangonggeyeimg">
            <a href="{url}" target="_blank" class="deancoversss"><img src="{pic}" width="{picwidth}" height="{picheight}" /></a>
            <a href="{forumurl}" class="deangonggetype">{forumname}</a>
            <h3><a href="{url}"{target}>{title}</a></h3>
            <div class="deanglnums"><h4>{author}</h4><b>??</b><span>{dateline}</span></div>
        </div>
                                   
        <div class="clear"></div>
    </div>
</li>]]></item>
				</item>
				<item id="hash"><![CDATA[b5ca4218]]></item>
				<item id="getpic"><![CDATA[1]]></item>
				<item id="getsummary"><![CDATA[0]]></item>
				<item id="makethumb"><![CDATA[1]]></item>
				<item id="settarget"><![CDATA[1]]></item>
				<item id="fields">
					<item id="0"><![CDATA[url]]></item>
					<item id="1"><![CDATA[pic]]></item>
					<item id="2"><![CDATA[forumurl]]></item>
					<item id="3"><![CDATA[forumname]]></item>
					<item id="4"><![CDATA[title]]></item>
					<item id="5"><![CDATA[author]]></item>
					<item id="6"><![CDATA[dateline]]></item>
				</item>
				<item id="moreurl"><![CDATA[0]]></item>
			</item>
			<item id="312">
				<item id="styleid"><![CDATA[312]]></item>
				<item id="blockclass"><![CDATA[other_otherfriendlink]]></item>
				<item id="name"><![CDATA[dean-wlnet-links]]></item>
				<item id="template">
					<item id="raw"><![CDATA[[loop]
<a href="{url}"{target}>{title}</a>
[/loop]]]></item>
					<item id="footer"><![CDATA[]]></item>
					<item id="header"><![CDATA[]]></item>
					<item id="indexplus"><![CDATA[
					]]></item>
					<item id="index"><![CDATA[
					]]></item>
					<item id="orderplus"><![CDATA[
					]]></item>
					<item id="order"><![CDATA[
					]]></item>
					<item id="loopplus"><![CDATA[
					]]></item>
					<item id="loop"><![CDATA[<a href="{url}"{target}>{title}</a>]]></item>
				</item>
				<item id="hash"><![CDATA[0a23d092]]></item>
				<item id="getpic"><![CDATA[0]]></item>
				<item id="getsummary"><![CDATA[0]]></item>
				<item id="makethumb"><![CDATA[0]]></item>
				<item id="settarget"><![CDATA[1]]></item>
				<item id="fields">
					<item id="0"><![CDATA[url]]></item>
					<item id="1"><![CDATA[title]]></item>
				</item>
				<item id="moreurl"><![CDATA[0]]></item>
			</item>
		</item>
	</item>
</root>