<?xml version="1.0" encoding="ISO-8859-1"?>
<root>
	<item id="spacecss"><![CDATA[]]></item>
	<item id="layoutdata">
		<item id="diy1"><![CDATA[]]></item>
		<item id="diysummarytop"><![CDATA[]]></item>
		<item id="diysummarybottom"><![CDATA[]]></item>
		<item id="diycontenttop"><![CDATA[]]></item>
		<item id="diycontentbottom"><![CDATA[]]></item>
		<item id="diycontentclickbottom"><![CDATA[]]></item>
		<item id="diycontentrelatetop"><![CDATA[]]></item>
		<item id="diycontentrelate"><![CDATA[]]></item>
		<item id=""><![CDATA[]]></item>
		<item id="diycontentcomment"><![CDATA[]]></item>
		<item id="deanguanzhuwm">
			<item id="frame`framesuj1t5">
				<item id="attr">
					<item id="name"><![CDATA[framesuj1t5]]></item>
					<item id="moveable"><![CDATA[true]]></item>
					<item id="className"><![CDATA[frame move-span cl frame-1]]></item>
					<item id="titles"><![CDATA[]]></item>
				</item>
				<item id="column`framesuj1t5_left">
					<item id="attr">
						<item id="name"><![CDATA[framesuj1t5_left]]></item>
						<item id="className"><![CDATA[column frame-1-c]]></item>
					</item>
					<item id="block`portal_block_90">
						<item id="attr">
							<item id="name"><![CDATA[portal_block_90]]></item>
							<item id="className"><![CDATA[block move-span]]></item>
							<item id="titles"><![CDATA[]]></item>
						</item>
					</item>
				</item>
			</item>
		</item>
		<item id="deanarthdp">
			<item id="frame`frameQdgKnV">
				<item id="attr">
					<item id="name"><![CDATA[frameQdgKnV]]></item>
					<item id="moveable"><![CDATA[true]]></item>
					<item id="className"><![CDATA[frame move-span cl frame-1]]></item>
					<item id="titles"><![CDATA[]]></item>
				</item>
				<item id="column`frameQdgKnV_left">
					<item id="attr">
						<item id="name"><![CDATA[frameQdgKnV_left]]></item>
						<item id="className"><![CDATA[column frame-1-c]]></item>
					</item>
					<item id="block`portal_block_84">
						<item id="attr">
							<item id="name"><![CDATA[portal_block_84]]></item>
							<item id="className"><![CDATA[block move-span]]></item>
							<item id="titles"><![CDATA[]]></item>
						</item>
					</item>
				</item>
			</item>
		</item>
		<item id="deanmblldiv">
			<item id="frame`frameajXPt4">
				<item id="attr">
					<item id="name"><![CDATA[frameajXPt4]]></item>
					<item id="moveable"><![CDATA[true]]></item>
					<item id="className"><![CDATA[frame move-span cl frame-1]]></item>
					<item id="titles"><![CDATA[]]></item>
				</item>
				<item id="column`frameajXPt4_left">
					<item id="attr">
						<item id="name"><![CDATA[frameajXPt4_left]]></item>
						<item id="className"><![CDATA[column frame-1-c]]></item>
					</item>
					<item id="block`portal_block_89">
						<item id="attr">
							<item id="name"><![CDATA[portal_block_89]]></item>
							<item id="className"><![CDATA[block move-span]]></item>
							<item id="titles"><![CDATA[]]></item>
						</item>
					</item>
				</item>
			</item>
		</item>
		<item id="deanhotpics">
			<item id="frame`frameLlK4L3">
				<item id="attr">
					<item id="name"><![CDATA[frameLlK4L3]]></item>
					<item id="moveable"><![CDATA[true]]></item>
					<item id="className"><![CDATA[frame move-span cl frame-1]]></item>
					<item id="titles"><![CDATA[]]></item>
				</item>
				<item id="column`frameLlK4L3_left">
					<item id="attr">
						<item id="name"><![CDATA[frameLlK4L3_left]]></item>
						<item id="className"><![CDATA[column frame-1-c]]></item>
					</item>
					<item id="block`portal_block_88">
						<item id="attr">
							<item id="name"><![CDATA[portal_block_88]]></item>
							<item id="className"><![CDATA[block move-span]]></item>
							<item id="titles"><![CDATA[]]></item>
						</item>
					</item>
				</item>
			</item>
		</item>
		<item id="deanrankcha">
			<item id="frame`framePdq0j0">
				<item id="attr">
					<item id="name"><![CDATA[framePdq0j0]]></item>
					<item id="moveable"><![CDATA[true]]></item>
					<item id="className"><![CDATA[frame move-span cl frame-1]]></item>
					<item id="titles"><![CDATA[]]></item>
				</item>
				<item id="column`framePdq0j0_left">
					<item id="attr">
						<item id="name"><![CDATA[framePdq0j0_left]]></item>
						<item id="className"><![CDATA[column frame-1-c]]></item>
					</item>
					<item id="block`portal_block_85">
						<item id="attr">
							<item id="name"><![CDATA[portal_block_85]]></item>
							<item id="className"><![CDATA[block move-span]]></item>
							<item id="titles"><![CDATA[]]></item>
						</item>
					</item>
				</item>
			</item>
		</item>
		<item id="deanrankcha1">
			<item id="frame`frameSIfVDl">
				<item id="attr">
					<item id="name"><![CDATA[frameSIfVDl]]></item>
					<item id="moveable"><![CDATA[true]]></item>
					<item id="className"><![CDATA[frame move-span cl frame-1]]></item>
					<item id="titles"><![CDATA[]]></item>
				</item>
				<item id="column`frameSIfVDl_left">
					<item id="attr">
						<item id="name"><![CDATA[frameSIfVDl_left]]></item>
						<item id="className"><![CDATA[column frame-1-c]]></item>
					</item>
					<item id="block`portal_block_86">
						<item id="attr">
							<item id="name"><![CDATA[portal_block_86]]></item>
							<item id="className"><![CDATA[block move-span]]></item>
							<item id="titles"><![CDATA[]]></item>
						</item>
					</item>
				</item>
			</item>
		</item>
		<item id="deanrankcha2">
			<item id="frame`framehO5qd6">
				<item id="attr">
					<item id="name"><![CDATA[framehO5qd6]]></item>
					<item id="moveable"><![CDATA[true]]></item>
					<item id="className"><![CDATA[frame move-span cl frame-1]]></item>
					<item id="titles"><![CDATA[]]></item>
				</item>
				<item id="column`framehO5qd6_left">
					<item id="attr">
						<item id="name"><![CDATA[framehO5qd6_left]]></item>
						<item id="className"><![CDATA[column frame-1-c]]></item>
					</item>
					<item id="block`portal_block_87">
						<item id="attr">
							<item id="name"><![CDATA[portal_block_87]]></item>
							<item id="className"><![CDATA[block move-span]]></item>
							<item id="titles"><![CDATA[]]></item>
						</item>
					</item>
				</item>
			</item>
		</item>
		<item id="deanad4s">
			<item id="frame`frameaMPjSp">
				<item id="attr">
					<item id="name"><![CDATA[frameaMPjSp]]></item>
					<item id="moveable"><![CDATA[true]]></item>
					<item id="className"><![CDATA[frame move-span cl frame-1]]></item>
					<item id="titles"><![CDATA[]]></item>
				</item>
				<item id="column`frameaMPjSp_left">
					<item id="attr">
						<item id="name"><![CDATA[frameaMPjSp_left]]></item>
						<item id="className"><![CDATA[column frame-1-c]]></item>
					</item>
					<item id="block`portal_block_91">
						<item id="attr">
							<item id="name"><![CDATA[portal_block_91]]></item>
							<item id="className"><![CDATA[block move-span]]></item>
							<item id="titles"><![CDATA[]]></item>
						</item>
					</item>
				</item>
			</item>
		</item>
		<item id="diy3"><![CDATA[]]></item>
	</item>
	<item id="blockdata">
		<item id="block">
			<item id="84">
				<item id="bid"><![CDATA[84]]></item>
				<item id="blockclass"><![CDATA[portal_article]]></item>
				<item id="blocktype"><![CDATA[0]]></item>
				<item id="name"><![CDATA[hdp]]></item>
				<item id="title"><![CDATA[]]></item>
				<item id="classname"><![CDATA[]]></item>
				<item id="summary"><![CDATA[]]></item>
				<item id="uid"><![CDATA[1]]></item>
				<item id="username"><![CDATA[admin]]></item>
				<item id="styleid"><![CDATA[110]]></item>
				<item id="blockstyle"><![CDATA[]]></item>
				<item id="picwidth"><![CDATA[270]]></item>
				<item id="picheight"><![CDATA[180]]></item>
				<item id="target"><![CDATA[blank]]></item>
				<item id="dateformat"><![CDATA[Y-m-d]]></item>
				<item id="dateuformat"><![CDATA[0]]></item>
				<item id="script"><![CDATA[articlehot]]></item>
				<item id="param">
					<item id="catid">
						<item id="0"><![CDATA[0]]></item>
					</item>
					<item id="picrequired"><![CDATA[1]]></item>
					<item id="orderby"><![CDATA[viewnum]]></item>
					<item id="titlelength"><![CDATA[40]]></item>
					<item id="summarylength"><![CDATA[80]]></item>
					<item id="items"><![CDATA[4]]></item>
				</item>
				<item id="shownum"><![CDATA[4]]></item>
				<item id="cachetime"><![CDATA[3600]]></item>
				<item id="cachetimerange"><![CDATA[]]></item>
				<item id="punctualupdate"><![CDATA[0]]></item>
				<item id="hidedisplay"><![CDATA[0]]></item>
				<item id="dateline"><![CDATA[1570757331]]></item>
				<item id="notinherited"><![CDATA[0]]></item>
				<item id="isblank"><![CDATA[0]]></item>
			</item>
			<item id="85">
				<item id="bid"><![CDATA[85]]></item>
				<item id="blockclass"><![CDATA[portal_article]]></item>
				<item id="blocktype"><![CDATA[0]]></item>
				<item id="name"><![CDATA[??????]]></item>
				<item id="title"><![CDATA[]]></item>
				<item id="classname"><![CDATA[]]></item>
				<item id="summary"><![CDATA[]]></item>
				<item id="uid"><![CDATA[1]]></item>
				<item id="username"><![CDATA[admin]]></item>
				<item id="styleid"><![CDATA[114]]></item>
				<item id="blockstyle"><![CDATA[]]></item>
				<item id="picwidth"><![CDATA[100]]></item>
				<item id="picheight"><![CDATA[70]]></item>
				<item id="target"><![CDATA[blank]]></item>
				<item id="dateformat"><![CDATA[Y-m-d]]></item>
				<item id="dateuformat"><![CDATA[0]]></item>
				<item id="script"><![CDATA[articlenew]]></item>
				<item id="param">
					<item id="catid">
						<item id="0"><![CDATA[0]]></item>
					</item>
					<item id="picrequired"><![CDATA[0]]></item>
					<item id="titlelength"><![CDATA[40]]></item>
					<item id="summarylength"><![CDATA[100]]></item>
					<item id="items"><![CDATA[10]]></item>
				</item>
				<item id="shownum"><![CDATA[10]]></item>
				<item id="cachetime"><![CDATA[3600]]></item>
				<item id="cachetimerange"><![CDATA[]]></item>
				<item id="punctualupdate"><![CDATA[0]]></item>
				<item id="hidedisplay"><![CDATA[0]]></item>
				<item id="dateline"><![CDATA[1570757331]]></item>
				<item id="notinherited"><![CDATA[0]]></item>
				<item id="isblank"><![CDATA[0]]></item>
			</item>
			<item id="86">
				<item id="bid"><![CDATA[86]]></item>
				<item id="blockclass"><![CDATA[portal_article]]></item>
				<item id="blocktype"><![CDATA[0]]></item>
				<item id="name"><![CDATA[week]]></item>
				<item id="title"><![CDATA[]]></item>
				<item id="classname"><![CDATA[]]></item>
				<item id="summary"><![CDATA[]]></item>
				<item id="uid"><![CDATA[1]]></item>
				<item id="username"><![CDATA[admin]]></item>
				<item id="styleid"><![CDATA[114]]></item>
				<item id="blockstyle"><![CDATA[]]></item>
				<item id="picwidth"><![CDATA[200]]></item>
				<item id="picheight"><![CDATA[200]]></item>
				<item id="target"><![CDATA[blank]]></item>
				<item id="dateformat"><![CDATA[Y-m-d]]></item>
				<item id="dateuformat"><![CDATA[0]]></item>
				<item id="script"><![CDATA[articlehot]]></item>
				<item id="param">
					<item id="catid">
						<item id="0"><![CDATA[0]]></item>
					</item>
					<item id="picrequired"><![CDATA[0]]></item>
					<item id="orderby"><![CDATA[commentnum]]></item>
					<item id="titlelength"><![CDATA[40]]></item>
					<item id="summarylength"><![CDATA[80]]></item>
					<item id="items"><![CDATA[10]]></item>
				</item>
				<item id="shownum"><![CDATA[10]]></item>
				<item id="cachetime"><![CDATA[3600]]></item>
				<item id="cachetimerange"><![CDATA[]]></item>
				<item id="punctualupdate"><![CDATA[0]]></item>
				<item id="hidedisplay"><![CDATA[0]]></item>
				<item id="dateline"><![CDATA[1570757331]]></item>
				<item id="notinherited"><![CDATA[0]]></item>
				<item id="isblank"><![CDATA[0]]></item>
			</item>
			<item id="87">
				<item id="bid"><![CDATA[87]]></item>
				<item id="blockclass"><![CDATA[portal_article]]></item>
				<item id="blocktype"><![CDATA[0]]></item>
				<item id="name"><![CDATA[month]]></item>
				<item id="title"><![CDATA[]]></item>
				<item id="classname"><![CDATA[]]></item>
				<item id="summary"><![CDATA[]]></item>
				<item id="uid"><![CDATA[1]]></item>
				<item id="username"><![CDATA[admin]]></item>
				<item id="styleid"><![CDATA[114]]></item>
				<item id="blockstyle"><![CDATA[]]></item>
				<item id="picwidth"><![CDATA[90]]></item>
				<item id="picheight"><![CDATA[70]]></item>
				<item id="target"><![CDATA[blank]]></item>
				<item id="dateformat"><![CDATA[Y-m-d]]></item>
				<item id="dateuformat"><![CDATA[0]]></item>
				<item id="script"><![CDATA[articlenew]]></item>
				<item id="param">
					<item id="catid">
						<item id="0"><![CDATA[0]]></item>
					</item>
					<item id="picrequired"><![CDATA[1]]></item>
					<item id="titlelength"><![CDATA[40]]></item>
					<item id="summarylength"><![CDATA[80]]></item>
					<item id="items"><![CDATA[10]]></item>
				</item>
				<item id="shownum"><![CDATA[10]]></item>
				<item id="cachetime"><![CDATA[3600]]></item>
				<item id="cachetimerange"><![CDATA[]]></item>
				<item id="punctualupdate"><![CDATA[0]]></item>
				<item id="hidedisplay"><![CDATA[0]]></item>
				<item id="dateline"><![CDATA[1570757331]]></item>
				<item id="notinherited"><![CDATA[0]]></item>
				<item id="isblank"><![CDATA[0]]></item>
			</item>
			<item id="88">
				<item id="bid"><![CDATA[88]]></item>
				<item id="blockclass"><![CDATA[portal_article]]></item>
				<item id="blocktype"><![CDATA[0]]></item>
				<item id="name"><![CDATA[hot-topic]]></item>
				<item id="title"><![CDATA[]]></item>
				<item id="classname"><![CDATA[]]></item>
				<item id="summary"><![CDATA[]]></item>
				<item id="uid"><![CDATA[1]]></item>
				<item id="username"><![CDATA[admin]]></item>
				<item id="styleid"><![CDATA[115]]></item>
				<item id="blockstyle"><![CDATA[]]></item>
				<item id="picwidth"><![CDATA[130]]></item>
				<item id="picheight"><![CDATA[100]]></item>
				<item id="target"><![CDATA[blank]]></item>
				<item id="dateformat"><![CDATA[Y-m-d]]></item>
				<item id="dateuformat"><![CDATA[0]]></item>
				<item id="script"><![CDATA[articlenew]]></item>
				<item id="param">
					<item id="catid">
						<item id="0"><![CDATA[0]]></item>
					</item>
					<item id="picrequired"><![CDATA[1]]></item>
					<item id="titlelength"><![CDATA[40]]></item>
					<item id="summarylength"><![CDATA[80]]></item>
					<item id="items"><![CDATA[6]]></item>
				</item>
				<item id="shownum"><![CDATA[6]]></item>
				<item id="cachetime"><![CDATA[3600]]></item>
				<item id="cachetimerange"><![CDATA[]]></item>
				<item id="punctualupdate"><![CDATA[0]]></item>
				<item id="hidedisplay"><![CDATA[0]]></item>
				<item id="dateline"><![CDATA[1570757330]]></item>
				<item id="notinherited"><![CDATA[0]]></item>
				<item id="isblank"><![CDATA[0]]></item>
			</item>
			<item id="89">
				<item id="bid"><![CDATA[89]]></item>
				<item id="blockclass"><![CDATA[portal_article]]></item>
				<item id="blocktype"><![CDATA[0]]></item>
				<item id="name"><![CDATA[hot-comment]]></item>
				<item id="title"><![CDATA[]]></item>
				<item id="classname"><![CDATA[]]></item>
				<item id="summary"><![CDATA[]]></item>
				<item id="uid"><![CDATA[1]]></item>
				<item id="username"><![CDATA[admin]]></item>
				<item id="styleid"><![CDATA[116]]></item>
				<item id="blockstyle"><![CDATA[]]></item>
				<item id="picwidth"><![CDATA[0]]></item>
				<item id="picheight"><![CDATA[0]]></item>
				<item id="target"><![CDATA[blank]]></item>
				<item id="dateformat"><![CDATA[m-d]]></item>
				<item id="dateuformat"><![CDATA[0]]></item>
				<item id="script"><![CDATA[article]]></item>
				<item id="param">
					<item id="aids"><![CDATA[]]></item>
					<item id="uids"><![CDATA[]]></item>
					<item id="keyword"><![CDATA[]]></item>
					<item id="catid">
						<item id="0"><![CDATA[0]]></item>
					</item>
					<item id="picrequired"><![CDATA[0]]></item>
					<item id="starttime"><![CDATA[]]></item>
					<item id="endtime"><![CDATA[]]></item>
					<item id="orderby"><![CDATA[click1]]></item>
					<item id="publishdateline"><![CDATA[0]]></item>
					<item id="titlelength"><![CDATA[40]]></item>
					<item id="summarylength"><![CDATA[80]]></item>
					<item id="startrow"><![CDATA[0]]></item>
					<item id="items"><![CDATA[10]]></item>
				</item>
				<item id="shownum"><![CDATA[10]]></item>
				<item id="cachetime"><![CDATA[3600]]></item>
				<item id="cachetimerange"><![CDATA[]]></item>
				<item id="punctualupdate"><![CDATA[0]]></item>
				<item id="hidedisplay"><![CDATA[0]]></item>
				<item id="dateline"><![CDATA[1570757330]]></item>
				<item id="notinherited"><![CDATA[0]]></item>
				<item id="isblank"><![CDATA[0]]></item>
			</item>
			<item id="90">
				<item id="bid"><![CDATA[90]]></item>
				<item id="blockclass"><![CDATA[html_html]]></item>
				<item id="blocktype"><![CDATA[0]]></item>
				<item id="name"><![CDATA[guanzhu]]></item>
				<item id="title"><![CDATA[]]></item>
				<item id="classname"><![CDATA[]]></item>
				<item id="summary"><![CDATA[<div class="deangzimg"><img src="./template/dean_wlnet_180101/deancss/list/banner.jpg" width="300" /></div>
                <div class="deangzinfo">
                	<div class="deangzinfol"><img src="./template/dean_wlnet_180101/deancss/adt/weixin.jpg" width="100" /></div>
                    <div class="deangzinfor"><h3>关注迪恩网络</h3><div class="clear"></div><p>扫描关注,了解最新资讯</p></div>
                    <div class="clear"></div>
                </div>
                <div class="clear"></div>
                <ul>
                	<li><a href="#" target="_blank"><i class="icon-twitter"></i>迪恩twitter</a></li>
                    <li><a href="#" target="_blank"><i class="icon-facebook"></i>迪恩facebook</a></li>
                </ul>
                <div class="clear"></div>
                <dl>
                	<dd><i class="icon-user"></i>联系人：高经理</dd>
                    <dd><i class="icon-phone-sign"></i>电话：15562103797</dd>
                    <dd><i class="icon-envelope"></i><a href="mailto:3318850993@qq.com">EMAIL：3318850993@qq.com</a></dd>
                    <dd><i class="icon-home"></i>地址：威海市创新创业大厦2702</dd>
                </dl>]]></item>
				<item id="uid"><![CDATA[1]]></item>
				<item id="username"><![CDATA[admin]]></item>
				<item id="styleid"><![CDATA[0]]></item>
				<item id="blockstyle"><![CDATA[]]></item>
				<item id="picwidth"><![CDATA[0]]></item>
				<item id="picheight"><![CDATA[0]]></item>
				<item id="target"><![CDATA[blank]]></item>
				<item id="dateformat"><![CDATA[Y-m-d]]></item>
				<item id="dateuformat"><![CDATA[0]]></item>
				<item id="script"><![CDATA[blank]]></item>
				<item id="param">
					<item id="content"><![CDATA[<div class=\"deangzimg\"><img src=\"./template/dean_wlnet_180101/deancss/list/banner.jpg\" width=\"300\" /></div>
                <div class=\"deangzinfo\">
                	<div class=\"deangzinfol\"><img src=\"./template/dean_wlnet_180101/deancss/adt/weixin.jpg\" width=\"100\" /></div>
                    <div class=\"deangzinfor\"><h3>关注迪恩网络</h3><div class=\"clear\"></div><p>扫描关注,了解最新资讯</p></div>
                    <div class=\"clear\"></div>
                </div>
                <div class=\"clear\"></div>
                <ul>
                	<li><a href=\"#\" target=\"_blank\"><i class=\"icon-twitter\"></i>迪恩twitter</a></li>
                    <li><a href=\"#\" target=\"_blank\"><i class=\"icon-facebook\"></i>迪恩facebook</a></li>
                </ul>
                <div class=\"clear\"></div>
                <dl>
                	<dd><i class=\"icon-user\"></i>联系人：高经理</dd>
                    <dd><i class=\"icon-phone-sign\"></i>电话：15562103797</dd>
                    <dd><i class=\"icon-envelope\"></i><a href=\"mailto:3318850993@qq.com\">EMAIL：3318850993@qq.com</a></dd>
                    <dd><i class=\"icon-home\"></i>地址：威海市创新创业大厦2702</dd>
                </dl>]]></item>
					<item id="items"><![CDATA[10]]></item>
				</item>
				<item id="shownum"><![CDATA[10]]></item>
				<item id="cachetime"><![CDATA[0]]></item>
				<item id="cachetimerange"><![CDATA[0,0]]></item>
				<item id="punctualupdate"><![CDATA[0]]></item>
				<item id="hidedisplay"><![CDATA[0]]></item>
				<item id="dateline"><![CDATA[1570757393]]></item>
				<item id="notinherited"><![CDATA[0]]></item>
				<item id="isblank"><![CDATA[0]]></item>
			</item>
			<item id="91">
				<item id="bid"><![CDATA[91]]></item>
				<item id="blockclass"><![CDATA[html_html]]></item>
				<item id="blocktype"><![CDATA[0]]></item>
				<item id="name"><![CDATA[ad]]></item>
				<item id="title"><![CDATA[]]></item>
				<item id="classname"><![CDATA[]]></item>
				<item id="summary"><![CDATA[<a href="#" target="_blank"><img src="./template/dean_wlnet_180101/deancss/adt/ad5.jpg" width="300" /><i>300x180 AD</i></a>]]></item>
				<item id="uid"><![CDATA[1]]></item>
				<item id="username"><![CDATA[admin]]></item>
				<item id="styleid"><![CDATA[0]]></item>
				<item id="blockstyle"><![CDATA[]]></item>
				<item id="picwidth"><![CDATA[0]]></item>
				<item id="picheight"><![CDATA[0]]></item>
				<item id="target"><![CDATA[blank]]></item>
				<item id="dateformat"><![CDATA[Y-m-d]]></item>
				<item id="dateuformat"><![CDATA[0]]></item>
				<item id="script"><![CDATA[blank]]></item>
				<item id="param">
					<item id="content"><![CDATA[<a href=\"#\" target=\"_blank\"><img src=\"./template/dean_wlnet_180101/deancss/adt/ad5.jpg\" width=\"300\" /><i>300x180 AD</i></a>]]></item>
					<item id="items"><![CDATA[10]]></item>
				</item>
				<item id="shownum"><![CDATA[10]]></item>
				<item id="cachetime"><![CDATA[0]]></item>
				<item id="cachetimerange"><![CDATA[0,0]]></item>
				<item id="punctualupdate"><![CDATA[0]]></item>
				<item id="hidedisplay"><![CDATA[0]]></item>
				<item id="dateline"><![CDATA[1570757433]]></item>
				<item id="notinherited"><![CDATA[0]]></item>
				<item id="isblank"><![CDATA[0]]></item>
			</item>
		</item>
		<item id="style">
			<item id="110">
				<item id="styleid"><![CDATA[110]]></item>
				<item id="blockclass"><![CDATA[portal_article]]></item>
				<item id="name"><![CDATA[dean-joy-hdp]]></item>
				<item id="template">
					<item id="raw"><![CDATA[<div class="Slide fl" id="slide">
    <ul class="slide-cont">
	[loop]
        <li class="slide-item"> <a href="{url}"  target="blank"><img src="{pic}" width="{picwidth}" height="{picheight}" /></a>
        <div class="slide-txt">
        <div class="txt_bg"></div>
        <a href="{url}" target="_blank">{title}</a> </div>
        </li>
	[/loop]
    </ul>
    <div class="slide-nav"></div>
    <div class="slide-loading"></div>
</div>]]></item>
					<item id="footer"><![CDATA[]]></item>
					<item id="header"><![CDATA[]]></item>
					<item id="indexplus"><![CDATA[
					]]></item>
					<item id="index"><![CDATA[
					]]></item>
					<item id="orderplus"><![CDATA[
					]]></item>
					<item id="order"><![CDATA[
					]]></item>
					<item id="loopplus"><![CDATA[
					]]></item>
					<item id="loop"><![CDATA[<li class="slide-item"> <a href="{url}"  target="blank"><img src="{pic}" width="{picwidth}" height="{picheight}" /></a>
        <div class="slide-txt">
        <div class="txt_bg"></div>
        <a href="{url}" target="_blank">{title}</a> </div>
        </li>]]></item>
				</item>
				<item id="hash"><![CDATA[2d85bf42]]></item>
				<item id="getpic"><![CDATA[1]]></item>
				<item id="getsummary"><![CDATA[0]]></item>
				<item id="makethumb"><![CDATA[1]]></item>
				<item id="settarget"><![CDATA[0]]></item>
				<item id="fields">
					<item id="0"><![CDATA[url]]></item>
					<item id="1"><![CDATA[pic]]></item>
					<item id="2"><![CDATA[title]]></item>
				</item>
				<item id="moreurl"><![CDATA[0]]></item>
			</item>
			<item id="114">
				<item id="styleid"><![CDATA[114]]></item>
				<item id="blockclass"><![CDATA[portal_article]]></item>
				<item id="name"><![CDATA[dean-wlnet-artice-righttab]]></item>
				<item id="template">
					<item id="raw"><![CDATA[[loop]
[order=1]
<li class="deanrankli{currentorder}">
                            <div class="deanranktit"><span>{currentorder}</span><h3><a href="{url}" target="_blank">{title}</a></h3><div class="clear"></div></div>
                            <div class="clear"></div>
                            <div class="deanrankinfost" style="display:block;">
                            	<div class="deanrankinfoimg"><a href="{url}" target="_blank"><img src="{pic}" width="{picwidth}" height="{picheight}" /></a></div>
                                <div class="deanrankinfor">
                                	<div class="deanranksummary">{summary}</div>
                                    <div class="deanranknums"><span><i class="icon-eye-open"></i>{viewnum}</span><em></em><span><i class="icon-comments-alt"></i>{commentnum}</span></div>
                                </div>
				<div class="clear"></div>
                            </div>
                        </li>
[/order]
<li class="deanrankli{currentorder}">
                            <div class="deanranktit"><span>{currentorder}</span><h3><a href="{url}" target="_blank">{title}</a></h3><div class="clear"></div></div>
                            <div class="clear"></div>
                            <div class="deanrankinfost">
                            	<div class="deanrankinfoimg"><a href="{url}" target="_blank"><img src="{pic}" width="{picwidth}" height="{picheight}" /></a></div>
                                <div class="deanrankinfor">
                                	<div class="deanranksummary">{summary}</div>
                                    <div class="deanranknums"><span><i class="icon-eye-open"></i>{viewnum}</span><em></em><span><i class="icon-comments-alt"></i>{commentnum}</span></div>
                                </div>
				<div class="clear"></div>
                            </div>
                        </li>
[/loop]]]></item>
					<item id="footer"><![CDATA[]]></item>
					<item id="header"><![CDATA[]]></item>
					<item id="indexplus"><![CDATA[
					]]></item>
					<item id="index"><![CDATA[
					]]></item>
					<item id="orderplus"><![CDATA[
					]]></item>
					<item id="order">
						<item id="1"><![CDATA[<li class="deanrankli{currentorder}">
                            <div class="deanranktit"><span>{currentorder}</span><h3><a href="{url}" target="_blank">{title}</a></h3><div class="clear"></div></div>
                            <div class="clear"></div>
                            <div class="deanrankinfost" style="display:block;">
                            	<div class="deanrankinfoimg"><a href="{url}" target="_blank"><img src="{pic}" width="{picwidth}" height="{picheight}" /></a></div>
                                <div class="deanrankinfor">
                                	<div class="deanranksummary">{summary}</div>
                                    <div class="deanranknums"><span><i class="icon-eye-open"></i>{viewnum}</span><em></em><span><i class="icon-comments-alt"></i>{commentnum}</span></div>
                                </div>
				<div class="clear"></div>
                            </div>
                        </li>]]></item>
					</item>
					<item id="loopplus"><![CDATA[
					]]></item>
					<item id="loop"><![CDATA[[order=1]
<li class="deanrankli{currentorder}">
                            <div class="deanranktit"><span>{currentorder}</span><h3><a href="{url}" target="_blank">{title}</a></h3><div class="clear"></div></div>
                            <div class="clear"></div>
                            <div class="deanrankinfost" style="display:block;">
                            	<div class="deanrankinfoimg"><a href="{url}" target="_blank"><img src="{pic}" width="{picwidth}" height="{picheight}" /></a></div>
                                <div class="deanrankinfor">
                                	<div class="deanranksummary">{summary}</div>
                                    <div class="deanranknums"><span><i class="icon-eye-open"></i>{viewnum}</span><em></em><span><i class="icon-comments-alt"></i>{commentnum}</span></div>
                                </div>
				<div class="clear"></div>
                            </div>
                        </li>
[/order]
<li class="deanrankli{currentorder}">
                            <div class="deanranktit"><span>{currentorder}</span><h3><a href="{url}" target="_blank">{title}</a></h3><div class="clear"></div></div>
                            <div class="clear"></div>
                            <div class="deanrankinfost">
                            	<div class="deanrankinfoimg"><a href="{url}" target="_blank"><img src="{pic}" width="{picwidth}" height="{picheight}" /></a></div>
                                <div class="deanrankinfor">
                                	<div class="deanranksummary">{summary}</div>
                                    <div class="deanranknums"><span><i class="icon-eye-open"></i>{viewnum}</span><em></em><span><i class="icon-comments-alt"></i>{commentnum}</span></div>
                                </div>
				<div class="clear"></div>
                            </div>
                        </li>]]></item>
				</item>
				<item id="hash"><![CDATA[d2deae3d]]></item>
				<item id="getpic"><![CDATA[1]]></item>
				<item id="getsummary"><![CDATA[1]]></item>
				<item id="makethumb"><![CDATA[1]]></item>
				<item id="settarget"><![CDATA[0]]></item>
				<item id="fields">
					<item id="0"><![CDATA[currentorder]]></item>
					<item id="1"><![CDATA[url]]></item>
					<item id="2"><![CDATA[title]]></item>
					<item id="3"><![CDATA[pic]]></item>
					<item id="4"><![CDATA[summary]]></item>
					<item id="5"><![CDATA[viewnum]]></item>
					<item id="6"><![CDATA[commentnum]]></item>
				</item>
				<item id="moreurl"><![CDATA[0]]></item>
			</item>
			<item id="115">
				<item id="styleid"><![CDATA[115]]></item>
				<item id="blockclass"><![CDATA[portal_article]]></item>
				<item id="name"><![CDATA[dean-whnet-artice-righttopic]]></item>
				<item id="template">
					<item id="raw"><![CDATA[[loop]
<li><a href="{url}" target="_blank"><img src="{pic}" width="{picwidth}" height="{picheight}" /><div class="deanspanbg"><span>{title}</span></div></a></li>
[/loop]]]></item>
					<item id="footer"><![CDATA[]]></item>
					<item id="header"><![CDATA[]]></item>
					<item id="indexplus"><![CDATA[
					]]></item>
					<item id="index"><![CDATA[
					]]></item>
					<item id="orderplus"><![CDATA[
					]]></item>
					<item id="order"><![CDATA[
					]]></item>
					<item id="loopplus"><![CDATA[
					]]></item>
					<item id="loop"><![CDATA[<li><a href="{url}" target="_blank"><img src="{pic}" width="{picwidth}" height="{picheight}" /><div class="deanspanbg"><span>{title}</span></div></a></li>]]></item>
				</item>
				<item id="hash"><![CDATA[9fa0cae0]]></item>
				<item id="getpic"><![CDATA[1]]></item>
				<item id="getsummary"><![CDATA[0]]></item>
				<item id="makethumb"><![CDATA[1]]></item>
				<item id="settarget"><![CDATA[0]]></item>
				<item id="fields">
					<item id="0"><![CDATA[url]]></item>
					<item id="1"><![CDATA[pic]]></item>
					<item id="2"><![CDATA[title]]></item>
				</item>
				<item id="moreurl"><![CDATA[0]]></item>
			</item>
			<item id="116">
				<item id="styleid"><![CDATA[116]]></item>
				<item id="blockclass"><![CDATA[portal_article]]></item>
				<item id="name"><![CDATA[dean-whnet-artice-rightcomment]]></item>
				<item id="template">
					<item id="raw"><![CDATA[<ul class="deancommenthot">
[loop]
<li>
                        	<span>{dateline}</span>
                            <strong></strong>
				<b></b>
                            
                            <div class="deanmbllinfo">
                            	<div class="deanmbtit deanxz"><a href="home.php?mod=space&uid={uid}&do=profile" target="_blank" class="deanmbllavar" title="{username}"><img src="{avatar_middle}" /></a><div class="clear"></div><em>{username}</em></div>
                            	<h3><a href="{url}" target="_blank">{title}</a></h3>
                                <div class="deanmbsummary"><i class="icon-quote-left"></i>{summary}<i class="icon-quote-right"></i></div>
                            </div>
                        </li>
[/loop]
</ul>
]]></item>
					<item id="footer"><![CDATA[]]></item>
					<item id="header"><![CDATA[]]></item>
					<item id="indexplus"><![CDATA[
					]]></item>
					<item id="index"><![CDATA[
					]]></item>
					<item id="orderplus"><![CDATA[
					]]></item>
					<item id="order"><![CDATA[
					]]></item>
					<item id="loopplus"><![CDATA[
					]]></item>
					<item id="loop"><![CDATA[<li>
                        	<span>{dateline}</span>
                            <strong></strong>
				<b></b>
                            
                            <div class="deanmbllinfo">
                            	<div class="deanmbtit deanxz"><a href="home.php?mod=space&uid={uid}&do=profile" target="_blank" class="deanmbllavar" title="{username}"><img src="{avatar_middle}" /></a><div class="clear"></div><em>{username}</em></div>
                            	<h3><a href="{url}" target="_blank">{title}</a></h3>
                                <div class="deanmbsummary"><i class="icon-quote-left"></i>{summary}<i class="icon-quote-right"></i></div>
                            </div>
                        </li>]]></item>
				</item>
				<item id="hash"><![CDATA[49664a9d]]></item>
				<item id="getpic"><![CDATA[0]]></item>
				<item id="getsummary"><![CDATA[1]]></item>
				<item id="makethumb"><![CDATA[0]]></item>
				<item id="settarget"><![CDATA[0]]></item>
				<item id="fields">
					<item id="0"><![CDATA[dateline]]></item>
					<item id="1"><![CDATA[uid]]></item>
					<item id="2"><![CDATA[username]]></item>
					<item id="3"><![CDATA[avatar_middle]]></item>
					<item id="4"><![CDATA[url]]></item>
					<item id="5"><![CDATA[title]]></item>
					<item id="6"><![CDATA[summary]]></item>
				</item>
				<item id="moreurl"><![CDATA[0]]></item>
			</item>
		</item>
	</item>
</root>