<?xml version="1.0" encoding="ISO-8859-1"?>
<root>
	<item id="spacecss"><![CDATA[]]></item>
	<item id="layoutdata">
		<item id="diy1"><![CDATA[]]></item>
		<item id="diysummarytop"><![CDATA[]]></item>
		<item id="diycontenttop"><![CDATA[]]></item>
		<item id="diycontentbottom"><![CDATA[]]></item>
		<item id="diycontentclickbottom"><![CDATA[]]></item>
		<item id="diycontentrelatetop"><![CDATA[]]></item>
		<item id="diycontentrelate"><![CDATA[]]></item>
		<item id=""><![CDATA[]]></item>
		<item id="diycontentcomment"><![CDATA[]]></item>
		<item id="zhanzhuai_diyvv001">
			<item id="frame`frame32Yon8">
				<item id="attr">
					<item id="name"><![CDATA[frame32Yon8]]></item>
					<item id="moveable"><![CDATA[true]]></item>
					<item id="className"><![CDATA[cl_frame_bm frame move-span cl frame-1]]></item>
					<item id="titles"><![CDATA[]]></item>
				</item>
				<item id="column`frame32Yon8_left">
					<item id="attr">
						<item id="name"><![CDATA[frame32Yon8_left]]></item>
						<item id="className"><![CDATA[column frame-1-c]]></item>
					</item>
					<item id="block`portal_block_1733">
						<item id="attr">
							<item id="name"><![CDATA[portal_block_1733]]></item>
							<item id="className"><![CDATA[cl_block_bm block move-span]]></item>
							<item id="titles"><![CDATA[]]></item>
						</item>
					</item>
				</item>
			</item>
		</item>
		<item id="diy3"><![CDATA[]]></item>
	</item>
	<item id="blockdata">
		<item id="block">
			<item id="1733">
				<item id="bid"><![CDATA[1733]]></item>
				<item id="blockclass"><![CDATA[portal_article]]></item>
				<item id="blocktype"><![CDATA[0]]></item>
				<item id="name"><![CDATA[文章阅读热文推荐]]></item>
				<item id="title"><![CDATA[]]></item>
				<item id="classname"><![CDATA[cl_block_bm]]></item>
				<item id="summary"><![CDATA[]]></item>
				<item id="uid"><![CDATA[1]]></item>
				<item id="username"><![CDATA[admin]]></item>
				<item id="styleid"><![CDATA[0]]></item>
				<item id="blockstyle">
					<item id="name"><![CDATA[]]></item>
					<item id="blockclass"><![CDATA[portal_article]]></item>
					<item id="makethumb"><![CDATA[1]]></item>
					<item id="getpic"><![CDATA[1]]></item>
					<item id="getsummary"><![CDATA[0]]></item>
					<item id="settarget"><![CDATA[1]]></item>
					<item id="moreurl"><![CDATA[0]]></item>
					<item id="fields">
						<item id="0"><![CDATA[url]]></item>
						<item id="1"><![CDATA[currentorder]]></item>
						<item id="2"><![CDATA[pic]]></item>
						<item id="3"><![CDATA[title]]></item>
						<item id="4"><![CDATA[dateline]]></item>
					</item>
					<item id="template">
						<item id="raw"><![CDATA[<div class="zz_section_title cl">24小时热文</div>
<ul class="cl">
[index=1]
<li style=" padding: 6px 0 20px;border-top: 0;">
    <div class="zz_express_pic">
         <a href="{url}"{target}>
		    <span class="zz_num{currentorder}">{currentorder}</span>
            <img src="{pic}" width="{picwidth}" height="{picheight}" />
          </a>
    </div>
	<div class="zz_express_txt">
	    <h5><a href="{url}"{target}>{title}</a></h5>
		<span>{dateline}</span>
	</div>
</li>
[/index]
[loop]
<li>
    <div class="zz_express_pic">
         <a href="{url}"{target}>
		    <span class="zz_num{currentorder}">{currentorder}</span>
            <img src="{pic}" width="{picwidth}" height="{picheight}" />
          </a>
    </div>
	<div class="zz_express_txt">
	    <h5><a href="{url}"{target}>{title}</a></h5>
		<span>{dateline}</span>
	</div>
</li>
[/loop]
</ul>]]></item>
						<item id="footer"><![CDATA[]]></item>
						<item id="header"><![CDATA[]]></item>
						<item id="indexplus">
						</item>
						<item id="index">
							<item id="1"><![CDATA[<li style=" padding: 6px 0 20px;border-top: 0;">
    <div class="zz_express_pic">
         <a href="{url}"{target}>
		    <span class="zz_num{currentorder}">{currentorder}</span>
            <img src="{pic}" width="{picwidth}" height="{picheight}" />
          </a>
    </div>
	<div class="zz_express_txt">
	    <h5><a href="{url}"{target}>{title}</a></h5>
		<span>{dateline}</span>
	</div>
</li>]]></item>
						</item>
						<item id="orderplus">
						</item>
						<item id="order">
						</item>
						<item id="loopplus">
						</item>
						<item id="loop"><![CDATA[<li>
    <div class="zz_express_pic">
         <a href="{url}"{target}>
		    <span class="zz_num{currentorder}">{currentorder}</span>
            <img src="{pic}" width="{picwidth}" height="{picheight}" />
          </a>
    </div>
	<div class="zz_express_txt">
	    <h5><a href="{url}"{target}>{title}</a></h5>
		<span>{dateline}</span>
	</div>
</li>]]></item>
					</item>
					<item id="hash"><![CDATA[8f87ca13]]></item>
				</item>
				<item id="picwidth"><![CDATA[0]]></item>
				<item id="picheight"><![CDATA[0]]></item>
				<item id="target"><![CDATA[blank]]></item>
				<item id="dateformat"><![CDATA[Y-m-d]]></item>
				<item id="dateuformat"><![CDATA[0]]></item>
				<item id="script"><![CDATA[article]]></item>
				<item id="param">
					<item id="aids"><![CDATA[]]></item>
					<item id="uids"><![CDATA[]]></item>
					<item id="keyword"><![CDATA[]]></item>
					<item id="catid">
						<item id="0"><![CDATA[0]]></item>
					</item>
					<item id="picrequired"><![CDATA[1]]></item>
					<item id="starttime"><![CDATA[]]></item>
					<item id="endtime"><![CDATA[]]></item>
					<item id="orderby"><![CDATA[viewnum]]></item>
					<item id="publishdateline"><![CDATA[0]]></item>
					<item id="titlelength"><![CDATA[40]]></item>
					<item id="summarylength"><![CDATA[80]]></item>
					<item id="startrow"><![CDATA[0]]></item>
					<item id="items"><![CDATA[6]]></item>
				</item>
				<item id="shownum"><![CDATA[6]]></item>
				<item id="cachetime"><![CDATA[300]]></item>
				<item id="cachetimerange"><![CDATA[]]></item>
				<item id="punctualupdate"><![CDATA[1]]></item>
				<item id="hidedisplay"><![CDATA[0]]></item>
				<item id="dateline"><![CDATA[1595765096]]></item>
				<item id="notinherited"><![CDATA[0]]></item>
				<item id="isblank"><![CDATA[0]]></item>
			</item>
		</item>
		<item id="style">
		</item>
	</item>
</root>