<?xml version="1.0" encoding="ISO-8859-1"?>
<root>
	<item id="spacecss"><![CDATA[]]></item>
	<item id="layoutdata">
		<item id="v2_diy1">
			<item id="frame`frameI16SNR">
				<item id="attr">
					<item id="name"><![CDATA[frameI16SNR]]></item>
					<item id="moveable"><![CDATA[true]]></item>
					<item id="className"><![CDATA[frame move-span cl frame-1]]></item>
					<item id="titles"><![CDATA[]]></item>
				</item>
				<item id="column`frameI16SNR_left">
					<item id="attr">
						<item id="name"><![CDATA[frameI16SNR_left]]></item>
						<item id="className"><![CDATA[column frame-1-c]]></item>
					</item>
					<item id="block`portal_block_359">
						<item id="attr">
							<item id="name"><![CDATA[portal_block_359]]></item>
							<item id="className"><![CDATA[block move-span]]></item>
							<item id="titles"><![CDATA[]]></item>
						</item>
					</item>
				</item>
			</item>
		</item>
		<item id="v2_ad1"><![CDATA[]]></item>
		<item id="v2_diy2">
			<item id="frame`framevN1Gh3">
				<item id="attr">
					<item id="name"><![CDATA[framevN1Gh3]]></item>
					<item id="moveable"><![CDATA[true]]></item>
					<item id="className"><![CDATA[frame move-span cl frame-1]]></item>
					<item id="titles"><![CDATA[]]></item>
				</item>
				<item id="column`framevN1Gh3_left">
					<item id="attr">
						<item id="name"><![CDATA[framevN1Gh3_left]]></item>
						<item id="className"><![CDATA[column frame-1-c]]></item>
					</item>
					<item id="block`portal_block_360">
						<item id="attr">
							<item id="name"><![CDATA[portal_block_360]]></item>
							<item id="className"><![CDATA[block move-span]]></item>
							<item id="titles"><![CDATA[]]></item>
						</item>
					</item>
					<item id="block`portal_block_361">
						<item id="attr">
							<item id="name"><![CDATA[portal_block_361]]></item>
							<item id="className"><![CDATA[block move-span]]></item>
							<item id="titles"><![CDATA[]]></item>
						</item>
					</item>
				</item>
			</item>
		</item>
		<item id="v2_ad2"><![CDATA[]]></item>
		<item id="v2_diy3">
			<item id="frame`frameU3Az4m">
				<item id="attr">
					<item id="name"><![CDATA[frameU3Az4m]]></item>
					<item id="moveable"><![CDATA[true]]></item>
					<item id="className"><![CDATA[frame move-span cl frame-1]]></item>
					<item id="titles"><![CDATA[]]></item>
				</item>
				<item id="column`frameU3Az4m_left">
					<item id="attr">
						<item id="name"><![CDATA[frameU3Az4m_left]]></item>
						<item id="className"><![CDATA[column frame-1-c]]></item>
					</item>
					<item id="block`portal_block_363">
						<item id="attr">
							<item id="name"><![CDATA[portal_block_363]]></item>
							<item id="className"><![CDATA[block move-span]]></item>
							<item id="titles"><![CDATA[]]></item>
						</item>
					</item>
				</item>
			</item>
		</item>
		<item id="v2_ad3"><![CDATA[]]></item>
		<item id="v2_diy4">
			<item id="frame`framelm6QP4">
				<item id="attr">
					<item id="name"><![CDATA[framelm6QP4]]></item>
					<item id="moveable"><![CDATA[true]]></item>
					<item id="className"><![CDATA[frame move-span cl frame-1]]></item>
					<item id="titles"><![CDATA[]]></item>
				</item>
				<item id="column`framelm6QP4_left">
					<item id="attr">
						<item id="name"><![CDATA[framelm6QP4_left]]></item>
						<item id="className"><![CDATA[column frame-1-c]]></item>
					</item>
					<item id="block`portal_block_362">
						<item id="attr">
							<item id="name"><![CDATA[portal_block_362]]></item>
							<item id="className"><![CDATA[block move-span]]></item>
							<item id="titles"><![CDATA[]]></item>
						</item>
					</item>
				</item>
			</item>
		</item>
		<item id="v2_ad4"><![CDATA[]]></item>
		<item id="v2_diy5">
			<item id="frame`frameZ4P4A4">
				<item id="attr">
					<item id="name"><![CDATA[frameZ4P4A4]]></item>
					<item id="moveable"><![CDATA[true]]></item>
					<item id="className"><![CDATA[frame move-span cl frame-1]]></item>
					<item id="titles"><![CDATA[]]></item>
				</item>
				<item id="column`frameZ4P4A4_left">
					<item id="attr">
						<item id="name"><![CDATA[frameZ4P4A4_left]]></item>
						<item id="className"><![CDATA[column frame-1-c]]></item>
					</item>
					<item id="block`portal_block_365">
						<item id="attr">
							<item id="name"><![CDATA[portal_block_365]]></item>
							<item id="className"><![CDATA[block move-span]]></item>
							<item id="titles"><![CDATA[]]></item>
						</item>
					</item>
				</item>
			</item>
		</item>
		<item id="v2_ad5">
			<item id="frame`framei41D6A">
				<item id="attr">
					<item id="name"><![CDATA[framei41D6A]]></item>
					<item id="moveable"><![CDATA[true]]></item>
					<item id="className"><![CDATA[frame move-span cl frame-1]]></item>
					<item id="titles"><![CDATA[]]></item>
				</item>
				<item id="column`framei41D6A_left">
					<item id="attr">
						<item id="name"><![CDATA[framei41D6A_left]]></item>
						<item id="className"><![CDATA[column frame-1-c]]></item>
					</item>
					<item id="block`portal_block_364">
						<item id="attr">
							<item id="name"><![CDATA[portal_block_364]]></item>
							<item id="className"><![CDATA[block move-span]]></item>
							<item id="titles"><![CDATA[]]></item>
						</item>
					</item>
				</item>
			</item>
		</item>
		<item id="v2_diy6">
			<item id="frame`frameWKdnnh">
				<item id="attr">
					<item id="name"><![CDATA[frameWKdnnh]]></item>
					<item id="moveable"><![CDATA[true]]></item>
					<item id="className"><![CDATA[frame move-span cl frame-1]]></item>
					<item id="titles"><![CDATA[]]></item>
				</item>
				<item id="column`frameWKdnnh_left">
					<item id="attr">
						<item id="name"><![CDATA[frameWKdnnh_left]]></item>
						<item id="className"><![CDATA[column frame-1-c]]></item>
					</item>
					<item id="block`portal_block_366">
						<item id="attr">
							<item id="name"><![CDATA[portal_block_366]]></item>
							<item id="className"><![CDATA[block move-span]]></item>
							<item id="titles"><![CDATA[]]></item>
						</item>
					</item>
				</item>
			</item>
		</item>
		<item id="v2_ad6">
			<item id="frame`framefNHuyQ">
				<item id="attr">
					<item id="name"><![CDATA[framefNHuyQ]]></item>
					<item id="moveable"><![CDATA[true]]></item>
					<item id="className"><![CDATA[frame move-span cl frame-1]]></item>
					<item id="titles"><![CDATA[]]></item>
				</item>
				<item id="column`framefNHuyQ_left">
					<item id="attr">
						<item id="name"><![CDATA[framefNHuyQ_left]]></item>
						<item id="className"><![CDATA[column frame-1-c]]></item>
					</item>
					<item id="block`portal_block_369">
						<item id="attr">
							<item id="name"><![CDATA[portal_block_369]]></item>
							<item id="className"><![CDATA[block move-span]]></item>
							<item id="titles"><![CDATA[]]></item>
						</item>
					</item>
				</item>
			</item>
		</item>
		<item id="v2_diy7">
			<item id="frame`framexQU8da">
				<item id="attr">
					<item id="name"><![CDATA[framexQU8da]]></item>
					<item id="moveable"><![CDATA[true]]></item>
					<item id="className"><![CDATA[frame move-span cl frame-1]]></item>
					<item id="titles"><![CDATA[]]></item>
				</item>
				<item id="column`framexQU8da_left">
					<item id="attr">
						<item id="name"><![CDATA[framexQU8da_left]]></item>
						<item id="className"><![CDATA[column frame-1-c]]></item>
					</item>
					<item id="block`portal_block_367">
						<item id="attr">
							<item id="name"><![CDATA[portal_block_367]]></item>
							<item id="className"><![CDATA[block move-span]]></item>
							<item id="titles"><![CDATA[]]></item>
						</item>
					</item>
				</item>
			</item>
		</item>
		<item id="v2_ad7"><![CDATA[]]></item>
		<item id="v2_diy8"><![CDATA[]]></item>
		<item id="v2_ad8">
			<item id="frame`frameHyg41p">
				<item id="attr">
					<item id="name"><![CDATA[frameHyg41p]]></item>
					<item id="moveable"><![CDATA[true]]></item>
					<item id="className"><![CDATA[frame move-span cl frame-1]]></item>
					<item id="titles"><![CDATA[]]></item>
				</item>
				<item id="column`frameHyg41p_left">
					<item id="attr">
						<item id="name"><![CDATA[frameHyg41p_left]]></item>
						<item id="className"><![CDATA[column frame-1-c]]></item>
					</item>
					<item id="block`portal_block_368">
						<item id="attr">
							<item id="name"><![CDATA[portal_block_368]]></item>
							<item id="className"><![CDATA[block move-span]]></item>
							<item id="titles"><![CDATA[]]></item>
						</item>
					</item>
				</item>
			</item>
		</item>
		<item id="v2_diy9"><![CDATA[]]></item>
		<item id="v2_ad9"><![CDATA[]]></item>
		<item id="v2_diy10"><![CDATA[]]></item>
		<item id="v2_ad10"><![CDATA[]]></item>
		<item id="v2_diy11"><![CDATA[]]></item>
	</item>
	<item id="blockdata">
		<item id="block">
			<item id="359">
				<item id="bid"><![CDATA[359]]></item>
				<item id="blockclass"><![CDATA[html_html]]></item>
				<item id="blocktype"><![CDATA[0]]></item>
				<item id="name"><![CDATA[v6_導航]]></item>
				<item id="title"><![CDATA[]]></item>
				<item id="classname"><![CDATA[]]></item>
				<item id="summary"><![CDATA[<div class="indexnav">
    <ul>
        <li><a href="#">生活</a></li>
        <li><a href="#">旅行</a></li>
        <li><a href="#">運動</a></li>
        <li><a href="#">學習</a></li>
        <li><a href="#">工作</a></li>
        <li><a href="#">房產</a></li>
        <li><a href="#">新聞</a></li>
        <li><a href="#">財經</a></li>
        <li><a href="#">汽車</a></li>
        <li><a href="#">出國</a></li>
    </ul>
</div>]]></item>
				<item id="uid"><![CDATA[1]]></item>
				<item id="username"><![CDATA[管理員]]></item>
				<item id="styleid"><![CDATA[0]]></item>
				<item id="blockstyle"><![CDATA[]]></item>
				<item id="picwidth"><![CDATA[0]]></item>
				<item id="picheight"><![CDATA[0]]></item>
				<item id="target"><![CDATA[blank]]></item>
				<item id="dateformat"><![CDATA[Y-m-d]]></item>
				<item id="dateuformat"><![CDATA[0]]></item>
				<item id="script"><![CDATA[blank]]></item>
				<item id="param">
					<item id="content"><![CDATA[<div class=\"indexnav\">
    <ul>
        <li><a href=\"#\">生活</a></li>
        <li><a href=\"#\">旅行</a></li>
        <li><a href=\"#\">運動</a></li>
        <li><a href=\"#\">學習</a></li>
        <li><a href=\"#\">工作</a></li>
        <li><a href=\"#\">房產</a></li>
        <li><a href=\"#\">新聞</a></li>
        <li><a href=\"#\">財經</a></li>
        <li><a href=\"#\">汽車</a></li>
        <li><a href=\"#\">出國</a></li>
    </ul>
</div>]]></item>
					<item id="items"><![CDATA[10]]></item>
				</item>
				<item id="shownum"><![CDATA[10]]></item>
				<item id="cachetime"><![CDATA[0]]></item>
				<item id="cachetimerange"><![CDATA[0,0]]></item>
				<item id="punctualupdate"><![CDATA[0]]></item>
				<item id="hidedisplay"><![CDATA[0]]></item>
				<item id="dateline"><![CDATA[1564921204]]></item>
				<item id="notinherited"><![CDATA[0]]></item>
				<item id="isblank"><![CDATA[0]]></item>
			</item>
			<item id="360">
				<item id="bid"><![CDATA[360]]></item>
				<item id="blockclass"><![CDATA[forum_thread]]></item>
				<item id="blocktype"><![CDATA[0]]></item>
				<item id="name"><![CDATA[v6_幻燈片]]></item>
				<item id="title"><![CDATA[]]></item>
				<item id="classname"><![CDATA[]]></item>
				<item id="summary"><![CDATA[]]></item>
				<item id="uid"><![CDATA[1]]></item>
				<item id="username"><![CDATA[管理員]]></item>
				<item id="styleid"><![CDATA[0]]></item>
				<item id="blockstyle">
					<item id="name"><![CDATA[]]></item>
					<item id="blockclass"><![CDATA[forum_thread]]></item>
					<item id="makethumb"><![CDATA[1]]></item>
					<item id="getpic"><![CDATA[1]]></item>
					<item id="getsummary"><![CDATA[0]]></item>
					<item id="settarget"><![CDATA[0]]></item>
					<item id="moreurl"><![CDATA[0]]></item>
					<item id="fields">
						<item id="0"><![CDATA[url]]></item>
						<item id="1"><![CDATA[pic]]></item>
						<item id="2"><![CDATA[title]]></item>
					</item>
					<item id="template">
						<item id="raw"><![CDATA[<div class="slide_scroll">
    <ul class="aslide_box">
    [loop1]<li class="aslide_item"><a href="{url}"><img src="{pic}" width="{picwidth}" height="{picheight}" /><div class="slide_scroll_title">{title}</div></a></li>[/loop1] 
    </ul>
    <div class="slide_pagination"></div>
</div>
<script type="text/javascript">
    var swiperslide = new Swiper('.slide_scroll', {
        wrapperClass:'aslide_box',
        slideClass:'aslide_item',
        pagination:'.slide_pagination',
        loop:true,
        autoplay:5000,
        autoplayDisableOnInteraction:false,
        grabCursor:true,
        paginationClickable:true,
    });
</script>]]></item>
						<item id="footer"><![CDATA[]]></item>
						<item id="header"><![CDATA[]]></item>
						<item id="indexplus"><![CDATA[
						]]></item>
						<item id="index"><![CDATA[
						]]></item>
						<item id="orderplus"><![CDATA[
						]]></item>
						<item id="order"><![CDATA[
						]]></item>
						<item id="loopplus">
							<item id="1"><![CDATA[<li class="aslide_item"><a href="{url}"><img src="{pic}" width="{picwidth}" height="{picheight}" /><div class="slide_scroll_title">{title}</div></a></li>]]></item>
						</item>
						<item id="loop"><![CDATA[
						]]></item>
					</item>
					<item id="hash"><![CDATA[ca7a63ef]]></item>
				</item>
				<item id="picwidth"><![CDATA[600]]></item>
				<item id="picheight"><![CDATA[340]]></item>
				<item id="target"><![CDATA[blank]]></item>
				<item id="dateformat"><![CDATA[m-d]]></item>
				<item id="dateuformat"><![CDATA[1]]></item>
				<item id="script"><![CDATA[thread]]></item>
				<item id="param">
					<item id="tids"><![CDATA[]]></item>
					<item id="uids"><![CDATA[]]></item>
					<item id="keyword"><![CDATA[]]></item>
					<item id="tagkeyword"><![CDATA[]]></item>
					<item id="fids">
						<item id="0"><![CDATA[46]]></item>
						<item id="1"><![CDATA[101]]></item>
						<item id="2"><![CDATA[100]]></item>
						<item id="3"><![CDATA[106]]></item>
						<item id="4"><![CDATA[107]]></item>
						<item id="5"><![CDATA[108]]></item>
						<item id="6"><![CDATA[109]]></item>
						<item id="7"><![CDATA[110]]></item>
						<item id="8"><![CDATA[102]]></item>
						<item id="9"><![CDATA[111]]></item>
						<item id="10"><![CDATA[112]]></item>
						<item id="11"><![CDATA[103]]></item>
						<item id="12"><![CDATA[113]]></item>
						<item id="13"><![CDATA[47]]></item>
						<item id="14"><![CDATA[48]]></item>
						<item id="15"><![CDATA[99]]></item>
						<item id="16"><![CDATA[116]]></item>
						<item id="17"><![CDATA[117]]></item>
						<item id="18"><![CDATA[1]]></item>
						<item id="19"><![CDATA[2]]></item>
						<item id="20"><![CDATA[58]]></item>
						<item id="21"><![CDATA[57]]></item>
						<item id="22"><![CDATA[49]]></item>
						<item id="23"><![CDATA[50]]></item>
						<item id="24"><![CDATA[53]]></item>
						<item id="25"><![CDATA[38]]></item>
						<item id="26"><![CDATA[115]]></item>
						<item id="27"><![CDATA[51]]></item>
						<item id="28"><![CDATA[52]]></item>
						<item id="29"><![CDATA[36]]></item>
						<item id="30"><![CDATA[37]]></item>
						<item id="31"><![CDATA[39]]></item>
						<item id="32"><![CDATA[40]]></item>
						<item id="33"><![CDATA[68]]></item>
						<item id="34"><![CDATA[69]]></item>
						<item id="35"><![CDATA[70]]></item>
						<item id="36"><![CDATA[73]]></item>
						<item id="37"><![CDATA[74]]></item>
						<item id="38"><![CDATA[71]]></item>
						<item id="39"><![CDATA[72]]></item>
						<item id="40"><![CDATA[42]]></item>
						<item id="41"><![CDATA[60]]></item>
						<item id="42"><![CDATA[59]]></item>
						<item id="43"><![CDATA[43]]></item>
					</item>
					<item id="typeids"><![CDATA[]]></item>
					<item id="reply"><![CDATA[0]]></item>
					<item id="recommend"><![CDATA[0]]></item>
					<item id="special">
						<item id="0"><![CDATA[0]]></item>
					</item>
					<item id="viewmod"><![CDATA[0]]></item>
					<item id="rewardstatus"><![CDATA[0]]></item>
					<item id="picrequired"><![CDATA[1]]></item>
					<item id="orderby"><![CDATA[views]]></item>
					<item id="postdateline"><![CDATA[0]]></item>
					<item id="lastpost"><![CDATA[0]]></item>
					<item id="highlight"><![CDATA[0]]></item>
					<item id="titlelength"><![CDATA[40]]></item>
					<item id="summarylength"><![CDATA[80]]></item>
					<item id="startrow"><![CDATA[0]]></item>
					<item id="items"><![CDATA[4]]></item>
				</item>
				<item id="shownum"><![CDATA[4]]></item>
				<item id="cachetime"><![CDATA[60]]></item>
				<item id="cachetimerange"><![CDATA[]]></item>
				<item id="punctualupdate"><![CDATA[0]]></item>
				<item id="hidedisplay"><![CDATA[0]]></item>
				<item id="dateline"><![CDATA[1564921319]]></item>
				<item id="notinherited"><![CDATA[0]]></item>
				<item id="isblank"><![CDATA[0]]></item>
			</item>
			<item id="361">
				<item id="bid"><![CDATA[361]]></item>
				<item id="blockclass"><![CDATA[forum_thread]]></item>
				<item id="blocktype"><![CDATA[0]]></item>
				<item id="name"><![CDATA[v6_快訊]]></item>
				<item id="title"><![CDATA[]]></item>
				<item id="classname"><![CDATA[]]></item>
				<item id="summary"><![CDATA[]]></item>
				<item id="uid"><![CDATA[1]]></item>
				<item id="username"><![CDATA[管理員]]></item>
				<item id="styleid"><![CDATA[0]]></item>
				<item id="blockstyle">
					<item id="name"><![CDATA[]]></item>
					<item id="blockclass"><![CDATA[forum_thread]]></item>
					<item id="makethumb"><![CDATA[0]]></item>
					<item id="getpic"><![CDATA[0]]></item>
					<item id="getsummary"><![CDATA[0]]></item>
					<item id="settarget"><![CDATA[0]]></item>
					<item id="moreurl"><![CDATA[0]]></item>
					<item id="fields">
						<item id="0"><![CDATA[url]]></item>
						<item id="1"><![CDATA[title]]></item>
						<item id="2"><![CDATA[dateline]]></item>
					</item>
					<item id="template">
						<item id="raw"><![CDATA[<div class="rollnews_box">
    <span></span>
    <div class="rollnews_ann">
        <ul class="rollnews_wrapper">
            [loop]<li class="rollnews_item"><a href="{url}" title="{title}"><em>{dateline}</em>{title}</a></li>[/loop]
        </ul>
    </div>
</div>
<script type="text/javascript">
    $(function() {
        var swiper = new Swiper('.rollnews_ann', {
            wrapperClass:'rollnews_wrapper',
            slideClass:'rollnews_item',
            mode: 'vertical',
            loop:true,
            autoplay:3000,
            autoplayDisableOnInteraction:false,
        });
    })
</script>]]></item>
						<item id="footer"><![CDATA[]]></item>
						<item id="header"><![CDATA[]]></item>
						<item id="indexplus"><![CDATA[
						]]></item>
						<item id="index"><![CDATA[
						]]></item>
						<item id="orderplus"><![CDATA[
						]]></item>
						<item id="order"><![CDATA[
						]]></item>
						<item id="loopplus"><![CDATA[
						]]></item>
						<item id="loop"><![CDATA[<li class="rollnews_item"><a href="{url}" title="{title}"><em>{dateline}</em>{title}</a></li>]]></item>
					</item>
					<item id="hash"><![CDATA[d67bced2]]></item>
				</item>
				<item id="picwidth"><![CDATA[0]]></item>
				<item id="picheight"><![CDATA[0]]></item>
				<item id="target"><![CDATA[blank]]></item>
				<item id="dateformat"><![CDATA[m-d]]></item>
				<item id="dateuformat"><![CDATA[1]]></item>
				<item id="script"><![CDATA[thread]]></item>
				<item id="param">
					<item id="tids"><![CDATA[]]></item>
					<item id="uids"><![CDATA[]]></item>
					<item id="keyword"><![CDATA[]]></item>
					<item id="tagkeyword"><![CDATA[]]></item>
					<item id="fids">
						<item id="0"><![CDATA[46]]></item>
						<item id="1"><![CDATA[101]]></item>
						<item id="2"><![CDATA[100]]></item>
						<item id="3"><![CDATA[106]]></item>
						<item id="4"><![CDATA[107]]></item>
						<item id="5"><![CDATA[108]]></item>
						<item id="6"><![CDATA[109]]></item>
						<item id="7"><![CDATA[110]]></item>
						<item id="8"><![CDATA[102]]></item>
						<item id="9"><![CDATA[111]]></item>
						<item id="10"><![CDATA[112]]></item>
						<item id="11"><![CDATA[103]]></item>
						<item id="12"><![CDATA[113]]></item>
						<item id="13"><![CDATA[47]]></item>
						<item id="14"><![CDATA[48]]></item>
						<item id="15"><![CDATA[99]]></item>
						<item id="16"><![CDATA[116]]></item>
						<item id="17"><![CDATA[117]]></item>
						<item id="18"><![CDATA[1]]></item>
						<item id="19"><![CDATA[2]]></item>
						<item id="20"><![CDATA[58]]></item>
						<item id="21"><![CDATA[57]]></item>
						<item id="22"><![CDATA[49]]></item>
						<item id="23"><![CDATA[50]]></item>
						<item id="24"><![CDATA[53]]></item>
						<item id="25"><![CDATA[38]]></item>
					</item>
					<item id="typeids"><![CDATA[]]></item>
					<item id="reply"><![CDATA[0]]></item>
					<item id="recommend"><![CDATA[0]]></item>
					<item id="special">
						<item id="0"><![CDATA[0]]></item>
					</item>
					<item id="viewmod"><![CDATA[0]]></item>
					<item id="rewardstatus"><![CDATA[0]]></item>
					<item id="picrequired"><![CDATA[0]]></item>
					<item id="orderby"><![CDATA[replies]]></item>
					<item id="postdateline"><![CDATA[0]]></item>
					<item id="lastpost"><![CDATA[0]]></item>
					<item id="highlight"><![CDATA[0]]></item>
					<item id="titlelength"><![CDATA[40]]></item>
					<item id="summarylength"><![CDATA[80]]></item>
					<item id="startrow"><![CDATA[0]]></item>
					<item id="items"><![CDATA[3]]></item>
				</item>
				<item id="shownum"><![CDATA[3]]></item>
				<item id="cachetime"><![CDATA[60]]></item>
				<item id="cachetimerange"><![CDATA[]]></item>
				<item id="punctualupdate"><![CDATA[0]]></item>
				<item id="hidedisplay"><![CDATA[0]]></item>
				<item id="dateline"><![CDATA[1564921309]]></item>
				<item id="notinherited"><![CDATA[0]]></item>
				<item id="isblank"><![CDATA[0]]></item>
			</item>
			<item id="362">
				<item id="bid"><![CDATA[362]]></item>
				<item id="blockclass"><![CDATA[forum_forum]]></item>
				<item id="blocktype"><![CDATA[0]]></item>
				<item id="name"><![CDATA[v6_推薦板塊]]></item>
				<item id="title"><![CDATA[]]></item>
				<item id="classname"><![CDATA[]]></item>
				<item id="summary"><![CDATA[]]></item>
				<item id="uid"><![CDATA[1]]></item>
				<item id="username"><![CDATA[管理員]]></item>
				<item id="styleid"><![CDATA[0]]></item>
				<item id="blockstyle">
					<item id="name"><![CDATA[]]></item>
					<item id="blockclass"><![CDATA[forum_forum]]></item>
					<item id="makethumb"><![CDATA[0]]></item>
					<item id="getpic"><![CDATA[0]]></item>
					<item id="getsummary"><![CDATA[0]]></item>
					<item id="settarget"><![CDATA[1]]></item>
					<item id="moreurl"><![CDATA[0]]></item>
					<item id="fields">
						<item id="0"><![CDATA[url]]></item>
						<item id="1"><![CDATA[title]]></item>
						<item id="2"><![CDATA[icon]]></item>
					</item>
					<item id="template">
						<item id="raw"><![CDATA[<div class="hotforum">
<ul>
[loop]
<li>
<a href="{url}" title="{title}"{target}>
<img src="{icon}" />
<p>{title}</p>
</a>
</li>
[/loop]
</ul>
</div>]]></item>
						<item id="footer"><![CDATA[]]></item>
						<item id="header"><![CDATA[]]></item>
						<item id="indexplus"><![CDATA[
						]]></item>
						<item id="index"><![CDATA[
						]]></item>
						<item id="orderplus"><![CDATA[
						]]></item>
						<item id="order"><![CDATA[
						]]></item>
						<item id="loopplus"><![CDATA[
						]]></item>
						<item id="loop"><![CDATA[<li>
<a href="{url}" title="{title}"{target}>
<img src="{icon}" />
<p>{title}</p>
</a>
</li>]]></item>
					</item>
					<item id="hash"><![CDATA[eaee8c18]]></item>
				</item>
				<item id="picwidth"><![CDATA[0]]></item>
				<item id="picheight"><![CDATA[0]]></item>
				<item id="target"><![CDATA[blank]]></item>
				<item id="dateformat"><![CDATA[Y-m-d]]></item>
				<item id="dateuformat"><![CDATA[0]]></item>
				<item id="script"><![CDATA[forum]]></item>
				<item id="param">
					<item id="fids"><![CDATA[]]></item>
					<item id="fups">
						<item id="0"><![CDATA[90]]></item>
						<item id="1"><![CDATA[91]]></item>
						<item id="2"><![CDATA[97]]></item>
						<item id="3"><![CDATA[93]]></item>
						<item id="4"><![CDATA[49]]></item>
						<item id="5"><![CDATA[94]]></item>
						<item id="6"><![CDATA[96]]></item>
						<item id="7"><![CDATA[98]]></item>
						<item id="8"><![CDATA[99]]></item>
					</item>
					<item id="titlelength"><![CDATA[8]]></item>
					<item id="summarylength"><![CDATA[80]]></item>
					<item id="orderby"><![CDATA[threads]]></item>
					<item id="items"><![CDATA[8]]></item>
				</item>
				<item id="shownum"><![CDATA[8]]></item>
				<item id="cachetime"><![CDATA[0]]></item>
				<item id="cachetimerange"><![CDATA[]]></item>
				<item id="punctualupdate"><![CDATA[0]]></item>
				<item id="hidedisplay"><![CDATA[0]]></item>
				<item id="dateline"><![CDATA[1564921158]]></item>
				<item id="notinherited"><![CDATA[0]]></item>
				<item id="isblank"><![CDATA[0]]></item>
			</item>
			<item id="363">
				<item id="bid"><![CDATA[363]]></item>
				<item id="blockclass"><![CDATA[forum_thread]]></item>
				<item id="blocktype"><![CDATA[0]]></item>
				<item id="name"><![CDATA[v6_推薦主題]]></item>
				<item id="title"><![CDATA[]]></item>
				<item id="classname"><![CDATA[]]></item>
				<item id="summary"><![CDATA[]]></item>
				<item id="uid"><![CDATA[1]]></item>
				<item id="username"><![CDATA[管理員]]></item>
				<item id="styleid"><![CDATA[0]]></item>
				<item id="blockstyle">
					<item id="name"><![CDATA[]]></item>
					<item id="blockclass"><![CDATA[forum_thread]]></item>
					<item id="makethumb"><![CDATA[0]]></item>
					<item id="getpic"><![CDATA[0]]></item>
					<item id="getsummary"><![CDATA[1]]></item>
					<item id="settarget"><![CDATA[1]]></item>
					<item id="moreurl"><![CDATA[0]]></item>
					<item id="fields">
						<item id="0"><![CDATA[url]]></item>
						<item id="1"><![CDATA[title]]></item>
						<item id="2"><![CDATA[summary]]></item>
						<item id="3"><![CDATA[dateline]]></item>
					</item>
					<item id="template">
						<item id="raw"><![CDATA[<div class="recommend">
<div class="topline">
<span class="t_icon"></span>
[index=1]
<a href="{url}" title="{title}"{target}>
<h1>{title}</h1>
<p>{summary}</p>
</a>
[/index]
</div>
<ul id="list1">
[loop]
<li><a href="{url}" title="{title}"{target}><em>{dateline}</em>{title}</a></li>
[/loop]
</ul>
</div>]]></item>
						<item id="footer"><![CDATA[]]></item>
						<item id="header"><![CDATA[]]></item>
						<item id="indexplus"><![CDATA[
						]]></item>
						<item id="index">
							<item id="1"><![CDATA[<a href="{url}" title="{title}"{target}>
<h1>{title}</h1>
<p>{summary}</p>
</a>]]></item>
						</item>
						<item id="orderplus"><![CDATA[
						]]></item>
						<item id="order"><![CDATA[
						]]></item>
						<item id="loopplus"><![CDATA[
						]]></item>
						<item id="loop"><![CDATA[<li><a href="{url}" title="{title}"{target}><em>{dateline}</em>{title}</a></li>]]></item>
					</item>
					<item id="hash"><![CDATA[30f665bf]]></item>
				</item>
				<item id="picwidth"><![CDATA[0]]></item>
				<item id="picheight"><![CDATA[0]]></item>
				<item id="target"><![CDATA[blank]]></item>
				<item id="dateformat"><![CDATA[m-d]]></item>
				<item id="dateuformat"><![CDATA[1]]></item>
				<item id="script"><![CDATA[thread]]></item>
				<item id="param">
					<item id="tids"><![CDATA[]]></item>
					<item id="uids"><![CDATA[]]></item>
					<item id="keyword"><![CDATA[]]></item>
					<item id="tagkeyword"><![CDATA[]]></item>
					<item id="typeids"><![CDATA[]]></item>
					<item id="reply"><![CDATA[0]]></item>
					<item id="recommend"><![CDATA[0]]></item>
					<item id="viewmod"><![CDATA[0]]></item>
					<item id="rewardstatus"><![CDATA[0]]></item>
					<item id="picrequired"><![CDATA[0]]></item>
					<item id="orderby"><![CDATA[replies]]></item>
					<item id="postdateline"><![CDATA[0]]></item>
					<item id="lastpost"><![CDATA[0]]></item>
					<item id="highlight"><![CDATA[0]]></item>
					<item id="titlelength"><![CDATA[40]]></item>
					<item id="summarylength"><![CDATA[80]]></item>
					<item id="startrow"><![CDATA[0]]></item>
					<item id="items"><![CDATA[5]]></item>
				</item>
				<item id="shownum"><![CDATA[5]]></item>
				<item id="cachetime"><![CDATA[60]]></item>
				<item id="cachetimerange"><![CDATA[]]></item>
				<item id="punctualupdate"><![CDATA[0]]></item>
				<item id="hidedisplay"><![CDATA[0]]></item>
				<item id="dateline"><![CDATA[1564921314]]></item>
				<item id="notinherited"><![CDATA[0]]></item>
				<item id="isblank"><![CDATA[0]]></item>
			</item>
			<item id="364">
				<item id="bid"><![CDATA[364]]></item>
				<item id="blockclass"><![CDATA[html_html]]></item>
				<item id="blocktype"><![CDATA[0]]></item>
				<item id="name"><![CDATA[v6_廣告]]></item>
				<item id="title"><![CDATA[]]></item>
				<item id="classname"><![CDATA[]]></item>
				<item id="summary"><![CDATA[<table cellpadding="0" cellspacing="0" border="0" width="100%" style=" background:#fff; border-top:1px solid #ededed; border-bottom:1px solid #ededed; margin-bottom:10px;">
<tr>            
<td width="50%" style="border-right:1px solid #ededed;">
<a href="https://addon.dismall.com/?@v2_mbl20121009.template" style="display:block;"><img src="template/v2_mbl20121009/touch_plus/img/2017/2017_1.jpg" style=" width:100%; vertical-align:top"></a>
</td>
<td width="50%;">
<div style="border-bottom:1px solid #ededed;"><a href="http://d2.v2my.com/forum.php?mod=forumdisplay&fid=54" style="display:block;"><img src="template/v2_mbl20121009/touch_plus/img/2017/2017_2.jpg" style="width:100%; vertical-align:top"></a></div>
<div><a href="http://d2.v2my.com/forum.php?mod=forumdisplay&fid=47" style="display:block;"><img src="template/v2_mbl20121009/touch_plus/img/2017/2017_3.jpg" style="width:100%; vertical-align:top"></a></div>
</td>
</tr>
</table>]]></item>
				<item id="uid"><![CDATA[1]]></item>
				<item id="username"><![CDATA[管理員]]></item>
				<item id="styleid"><![CDATA[0]]></item>
				<item id="blockstyle"><![CDATA[]]></item>
				<item id="picwidth"><![CDATA[0]]></item>
				<item id="picheight"><![CDATA[0]]></item>
				<item id="target"><![CDATA[blank]]></item>
				<item id="dateformat"><![CDATA[Y-m-d]]></item>
				<item id="dateuformat"><![CDATA[0]]></item>
				<item id="script"><![CDATA[blank]]></item>
				<item id="param">
					<item id="content"><![CDATA[<table cellpadding=\"0\" cellspacing=\"0\" border=\"0\" width=\"100%\" style=\" background:#fff; border-top:1px solid #ededed; border-bottom:1px solid #ededed; margin-bottom:10px;\">
<tr>            
<td width=\"50%\" style=\"border-right:1px solid #ededed;\">
<a href=\"https://addon.dismall.com/?@v2_mbl20121009.template\" style=\"display:block;\"><img src=\"template/v2_mbl20121009/touch_plus/img/2017/2017_1.jpg\" style=\" width:100%; vertical-align:top\"></a>
</td>
<td width=\"50%;\">
<div style=\"border-bottom:1px solid #ededed;\"><a href=\"http://d2.v2my.com/forum.php?mod=forumdisplay&fid=54\" style=\"display:block;\"><img src=\"template/v2_mbl20121009/touch_plus/img/2017/2017_2.jpg\" style=\"width:100%; vertical-align:top\"></a></div>
<div><a href=\"http://d2.v2my.com/forum.php?mod=forumdisplay&fid=47\" style=\"display:block;\"><img src=\"template/v2_mbl20121009/touch_plus/img/2017/2017_3.jpg\" style=\"width:100%; vertical-align:top\"></a></div>
</td>
</tr>
</table>]]></item>
					<item id="items"><![CDATA[10]]></item>
				</item>
				<item id="shownum"><![CDATA[10]]></item>
				<item id="cachetime"><![CDATA[0]]></item>
				<item id="cachetimerange"><![CDATA[0,0]]></item>
				<item id="punctualupdate"><![CDATA[0]]></item>
				<item id="hidedisplay"><![CDATA[0]]></item>
				<item id="dateline"><![CDATA[1564921158]]></item>
				<item id="notinherited"><![CDATA[0]]></item>
				<item id="isblank"><![CDATA[0]]></item>
			</item>
			<item id="365">
				<item id="bid"><![CDATA[365]]></item>
				<item id="blockclass"><![CDATA[forum_thread]]></item>
				<item id="blocktype"><![CDATA[0]]></item>
				<item id="name"><![CDATA[v6_身邊事]]></item>
				<item id="title"><![CDATA[]]></item>
				<item id="classname"><![CDATA[]]></item>
				<item id="summary"><![CDATA[]]></item>
				<item id="uid"><![CDATA[1]]></item>
				<item id="username"><![CDATA[管理員]]></item>
				<item id="styleid"><![CDATA[0]]></item>
				<item id="blockstyle">
					<item id="name"><![CDATA[]]></item>
					<item id="blockclass"><![CDATA[forum_thread]]></item>
					<item id="makethumb"><![CDATA[1]]></item>
					<item id="getpic"><![CDATA[1]]></item>
					<item id="getsummary"><![CDATA[0]]></item>
					<item id="settarget"><![CDATA[1]]></item>
					<item id="moreurl"><![CDATA[0]]></item>
					<item id="fields">
						<item id="0"><![CDATA[url]]></item>
						<item id="1"><![CDATA[title]]></item>
						<item id="2"><![CDATA[pic]]></item>
						<item id="3"><![CDATA[avatar]]></item>
						<item id="4"><![CDATA[author]]></item>
						<item id="5"><![CDATA[dateline]]></item>
						<item id="6"><![CDATA[views]]></item>
					</item>
					<item id="template">
						<item id="raw"><![CDATA[<div class="index-title">
<span class="z"><a href="#">身邊事</a></span>
<span class="y"><a href="#">看點</a><span>|</span><a href="#">突發</a></span>
</div>
<div class="recommend-pic">
<ul id="list2">
[loop]
<li>
<a href="{url}" title="{title}"{target}>
<img src="{pic}" width="{picwidth}" height="{picheight}" class="tw_img" />
<h1>{title}</h1>
<p><img src="{avatar}" width="48" height="48" alt="{author}" /><span>{author}</span>{dateline}<em class="y">{views}閱讀</em></p>
</a>
</li>
[/loop]
</ul>
</div>
]]></item>
						<item id="footer"><![CDATA[]]></item>
						<item id="header"><![CDATA[]]></item>
						<item id="indexplus"><![CDATA[
						]]></item>
						<item id="index"><![CDATA[
						]]></item>
						<item id="orderplus"><![CDATA[
						]]></item>
						<item id="order"><![CDATA[
						]]></item>
						<item id="loopplus"><![CDATA[
						]]></item>
						<item id="loop"><![CDATA[<li>
<a href="{url}" title="{title}"{target}>
<img src="{pic}" width="{picwidth}" height="{picheight}" class="tw_img" />
<h1>{title}</h1>
<p><img src="{avatar}" width="48" height="48" alt="{author}" /><span>{author}</span>{dateline}<em class="y">{views}閱讀</em></p>
</a>
</li>]]></item>
					</item>
					<item id="hash"><![CDATA[bc2f0119]]></item>
				</item>
				<item id="picwidth"><![CDATA[180]]></item>
				<item id="picheight"><![CDATA[144]]></item>
				<item id="target"><![CDATA[blank]]></item>
				<item id="dateformat"><![CDATA[m-d]]></item>
				<item id="dateuformat"><![CDATA[1]]></item>
				<item id="script"><![CDATA[thread]]></item>
				<item id="param">
					<item id="tids"><![CDATA[]]></item>
					<item id="uids"><![CDATA[]]></item>
					<item id="keyword"><![CDATA[]]></item>
					<item id="tagkeyword"><![CDATA[]]></item>
					<item id="fids">
						<item id="0"><![CDATA[47]]></item>
					</item>
					<item id="typeids"><![CDATA[]]></item>
					<item id="reply"><![CDATA[0]]></item>
					<item id="recommend"><![CDATA[0]]></item>
					<item id="viewmod"><![CDATA[0]]></item>
					<item id="rewardstatus"><![CDATA[0]]></item>
					<item id="picrequired"><![CDATA[1]]></item>
					<item id="orderby"><![CDATA[views]]></item>
					<item id="postdateline"><![CDATA[0]]></item>
					<item id="lastpost"><![CDATA[0]]></item>
					<item id="highlight"><![CDATA[0]]></item>
					<item id="titlelength"><![CDATA[40]]></item>
					<item id="summarylength"><![CDATA[80]]></item>
					<item id="startrow"><![CDATA[0]]></item>
					<item id="items"><![CDATA[4]]></item>
				</item>
				<item id="shownum"><![CDATA[4]]></item>
				<item id="cachetime"><![CDATA[60]]></item>
				<item id="cachetimerange"><![CDATA[]]></item>
				<item id="punctualupdate"><![CDATA[0]]></item>
				<item id="hidedisplay"><![CDATA[0]]></item>
				<item id="dateline"><![CDATA[1564921311]]></item>
				<item id="notinherited"><![CDATA[0]]></item>
				<item id="isblank"><![CDATA[0]]></item>
			</item>
			<item id="366">
				<item id="bid"><![CDATA[366]]></item>
				<item id="blockclass"><![CDATA[forum_thread]]></item>
				<item id="blocktype"><![CDATA[0]]></item>
				<item id="name"><![CDATA[v6_新聞畫報]]></item>
				<item id="title"><![CDATA[]]></item>
				<item id="classname"><![CDATA[]]></item>
				<item id="summary"><![CDATA[]]></item>
				<item id="uid"><![CDATA[1]]></item>
				<item id="username"><![CDATA[管理員]]></item>
				<item id="styleid"><![CDATA[0]]></item>
				<item id="blockstyle">
					<item id="name"><![CDATA[]]></item>
					<item id="blockclass"><![CDATA[forum_thread]]></item>
					<item id="makethumb"><![CDATA[1]]></item>
					<item id="getpic"><![CDATA[1]]></item>
					<item id="getsummary"><![CDATA[0]]></item>
					<item id="settarget"><![CDATA[1]]></item>
					<item id="moreurl"><![CDATA[0]]></item>
					<item id="fields">
						<item id="0"><![CDATA[url]]></item>
						<item id="1"><![CDATA[title]]></item>
						<item id="2"><![CDATA[pic]]></item>
					</item>
					<item id="template">
						<item id="raw"><![CDATA[<div class="index-title">
<span class="z"><a href="#">新聞畫報</a></span>
<span class="y"><a href="#">娛樂</a><span>|</span><a href="#">體育</a></span>
</div>
<div class="pictorials">
    <ul class="pictorials_roll">
        [loop]<li class="pictorials_wrapper"><a href="{url}" title="{title}"{target}><img src="{pic}" width="{picwidth}" height="{picheight}" /><h1>{title}</h1></a></li>[/loop]
    </ul>
</div>]]></item>
						<item id="footer"><![CDATA[]]></item>
						<item id="header"><![CDATA[]]></item>
						<item id="indexplus"><![CDATA[
						]]></item>
						<item id="index"><![CDATA[
						]]></item>
						<item id="orderplus"><![CDATA[
						]]></item>
						<item id="order"><![CDATA[
						]]></item>
						<item id="loopplus"><![CDATA[
						]]></item>
						<item id="loop"><![CDATA[<li class="pictorials_wrapper"><a href="{url}" title="{title}"{target}><img src="{pic}" width="{picwidth}" height="{picheight}" /><h1>{title}</h1></a></li>]]></item>
					</item>
					<item id="hash"><![CDATA[64285941]]></item>
				</item>
				<item id="picwidth"><![CDATA[290]]></item>
				<item id="picheight"><![CDATA[220]]></item>
				<item id="target"><![CDATA[blank]]></item>
				<item id="dateformat"><![CDATA[m-d]]></item>
				<item id="dateuformat"><![CDATA[1]]></item>
				<item id="script"><![CDATA[thread]]></item>
				<item id="param">
					<item id="tids"><![CDATA[]]></item>
					<item id="uids"><![CDATA[]]></item>
					<item id="keyword"><![CDATA[]]></item>
					<item id="tagkeyword"><![CDATA[]]></item>
					<item id="fids">
						<item id="0"><![CDATA[47]]></item>
					</item>
					<item id="typeids"><![CDATA[]]></item>
					<item id="reply"><![CDATA[0]]></item>
					<item id="recommend"><![CDATA[0]]></item>
					<item id="special">
						<item id="0"><![CDATA[0]]></item>
					</item>
					<item id="viewmod"><![CDATA[0]]></item>
					<item id="rewardstatus"><![CDATA[0]]></item>
					<item id="picrequired"><![CDATA[1]]></item>
					<item id="orderby"><![CDATA[dateline]]></item>
					<item id="postdateline"><![CDATA[0]]></item>
					<item id="lastpost"><![CDATA[0]]></item>
					<item id="highlight"><![CDATA[0]]></item>
					<item id="titlelength"><![CDATA[40]]></item>
					<item id="summarylength"><![CDATA[80]]></item>
					<item id="startrow"><![CDATA[0]]></item>
					<item id="items"><![CDATA[6]]></item>
				</item>
				<item id="shownum"><![CDATA[6]]></item>
				<item id="cachetime"><![CDATA[60]]></item>
				<item id="cachetimerange"><![CDATA[]]></item>
				<item id="punctualupdate"><![CDATA[0]]></item>
				<item id="hidedisplay"><![CDATA[0]]></item>
				<item id="dateline"><![CDATA[1564921271]]></item>
				<item id="notinherited"><![CDATA[0]]></item>
				<item id="isblank"><![CDATA[0]]></item>
			</item>
			<item id="367">
				<item id="bid"><![CDATA[367]]></item>
				<item id="blockclass"><![CDATA[forum_thread]]></item>
				<item id="blocktype"><![CDATA[0]]></item>
				<item id="name"><![CDATA[v6_新聞動態]]></item>
				<item id="title"><![CDATA[]]></item>
				<item id="classname"><![CDATA[]]></item>
				<item id="summary"><![CDATA[]]></item>
				<item id="uid"><![CDATA[1]]></item>
				<item id="username"><![CDATA[管理員]]></item>
				<item id="styleid"><![CDATA[0]]></item>
				<item id="blockstyle">
					<item id="name"><![CDATA[]]></item>
					<item id="blockclass"><![CDATA[forum_thread]]></item>
					<item id="makethumb"><![CDATA[1]]></item>
					<item id="getpic"><![CDATA[1]]></item>
					<item id="getsummary"><![CDATA[0]]></item>
					<item id="settarget"><![CDATA[1]]></item>
					<item id="moreurl"><![CDATA[0]]></item>
					<item id="fields">
						<item id="0"><![CDATA[url]]></item>
						<item id="1"><![CDATA[title]]></item>
						<item id="2"><![CDATA[pic]]></item>
						<item id="3"><![CDATA[forumname]]></item>
						<item id="4"><![CDATA[dateline]]></item>
						<item id="5"><![CDATA[views]]></item>
					</item>
					<item id="template">
						<item id="raw"><![CDATA[<div class="index-title">
<span class="z"><a href="#">新聞動態</a></span>
<span class="y"><a href="#">熱點</a><span>|</span><a href="#">推薦</a></span>
</div>
<div class="pic-title-list">
<ul>
[loop]
<li>
<a href="{url}" title="{title}"{target}>
<img src="{pic}" width="{picwidth}" height="{picheight}" class="tw_img" />
<h1>{title}</h1>
<p><span>{forumname}</span>{dateline}<em class="y">{views}閱讀</em></p>
</a>
</li>
[/loop]
</ul>
</div>]]></item>
						<item id="footer"><![CDATA[]]></item>
						<item id="header"><![CDATA[]]></item>
						<item id="indexplus"><![CDATA[
						]]></item>
						<item id="index"><![CDATA[
						]]></item>
						<item id="orderplus"><![CDATA[
						]]></item>
						<item id="order"><![CDATA[
						]]></item>
						<item id="loopplus"><![CDATA[
						]]></item>
						<item id="loop"><![CDATA[<li>
<a href="{url}" title="{title}"{target}>
<img src="{pic}" width="{picwidth}" height="{picheight}" class="tw_img" />
<h1>{title}</h1>
<p><span>{forumname}</span>{dateline}<em class="y">{views}閱讀</em></p>
</a>
</li>]]></item>
					</item>
					<item id="hash"><![CDATA[2d3b6114]]></item>
				</item>
				<item id="picwidth"><![CDATA[180]]></item>
				<item id="picheight"><![CDATA[144]]></item>
				<item id="target"><![CDATA[blank]]></item>
				<item id="dateformat"><![CDATA[m-d]]></item>
				<item id="dateuformat"><![CDATA[1]]></item>
				<item id="script"><![CDATA[thread]]></item>
				<item id="param">
					<item id="tids"><![CDATA[]]></item>
					<item id="uids"><![CDATA[]]></item>
					<item id="keyword"><![CDATA[]]></item>
					<item id="tagkeyword"><![CDATA[]]></item>
					<item id="fids">
						<item id="0"><![CDATA[48]]></item>
					</item>
					<item id="typeids"><![CDATA[]]></item>
					<item id="reply"><![CDATA[0]]></item>
					<item id="recommend"><![CDATA[0]]></item>
					<item id="special">
						<item id="0"><![CDATA[0]]></item>
					</item>
					<item id="viewmod"><![CDATA[0]]></item>
					<item id="rewardstatus"><![CDATA[0]]></item>
					<item id="picrequired"><![CDATA[1]]></item>
					<item id="orderby"><![CDATA[replies]]></item>
					<item id="postdateline"><![CDATA[0]]></item>
					<item id="lastpost"><![CDATA[0]]></item>
					<item id="highlight"><![CDATA[0]]></item>
					<item id="titlelength"><![CDATA[40]]></item>
					<item id="summarylength"><![CDATA[80]]></item>
					<item id="startrow"><![CDATA[0]]></item>
					<item id="items"><![CDATA[4]]></item>
				</item>
				<item id="shownum"><![CDATA[4]]></item>
				<item id="cachetime"><![CDATA[60]]></item>
				<item id="cachetimerange"><![CDATA[]]></item>
				<item id="punctualupdate"><![CDATA[0]]></item>
				<item id="hidedisplay"><![CDATA[0]]></item>
				<item id="dateline"><![CDATA[1564921341]]></item>
				<item id="notinherited"><![CDATA[0]]></item>
				<item id="isblank"><![CDATA[0]]></item>
			</item>
			<item id="368">
				<item id="bid"><![CDATA[368]]></item>
				<item id="blockclass"><![CDATA[html_html]]></item>
				<item id="blocktype"><![CDATA[0]]></item>
				<item id="name"><![CDATA[廣告]]></item>
				<item id="title"><![CDATA[]]></item>
				<item id="classname"><![CDATA[]]></item>
				<item id="summary"><![CDATA[<div style="background:#fff; padding:12px; border-top:1px solid #ededed; border-bottom:1px solid #ededed; margin-bottom:10px;">
<a href="https://addon.dismall.com/?@14.developer" style="display:block" target="_blank"><img src="template/v2_mbl20121009/touch_plus/img/2017/2017_5.jpg" style="vertical-align:top; width:100%; max-height:320px;" /></a>
</div>]]></item>
				<item id="uid"><![CDATA[1]]></item>
				<item id="username"><![CDATA[管理員]]></item>
				<item id="styleid"><![CDATA[0]]></item>
				<item id="blockstyle"><![CDATA[]]></item>
				<item id="picwidth"><![CDATA[0]]></item>
				<item id="picheight"><![CDATA[0]]></item>
				<item id="target"><![CDATA[blank]]></item>
				<item id="dateformat"><![CDATA[Y-m-d]]></item>
				<item id="dateuformat"><![CDATA[0]]></item>
				<item id="script"><![CDATA[blank]]></item>
				<item id="param">
					<item id="content"><![CDATA[<div style=\"background:#fff; padding:12px; border-top:1px solid #ededed; border-bottom:1px solid #ededed; margin-bottom:10px;\">
<a href=\"https://addon.dismall.com/?@14.developer\" style=\"display:block\" target=\"_blank\"><img src=\"template/v2_mbl20121009/touch_plus/img/2017/2017_5.jpg\" style=\"vertical-align:top; width:100%; max-height:320px;\" /></a>
</div>]]></item>
					<item id="items"><![CDATA[10]]></item>
				</item>
				<item id="shownum"><![CDATA[10]]></item>
				<item id="cachetime"><![CDATA[0]]></item>
				<item id="cachetimerange"><![CDATA[0,0]]></item>
				<item id="punctualupdate"><![CDATA[0]]></item>
				<item id="hidedisplay"><![CDATA[0]]></item>
				<item id="dateline"><![CDATA[1564921155]]></item>
				<item id="notinherited"><![CDATA[0]]></item>
				<item id="isblank"><![CDATA[0]]></item>
			</item>
			<item id="369">
				<item id="bid"><![CDATA[369]]></item>
				<item id="blockclass"><![CDATA[html_html]]></item>
				<item id="blocktype"><![CDATA[0]]></item>
				<item id="name"><![CDATA[v6_鏈接]]></item>
				<item id="title"><![CDATA[]]></item>
				<item id="classname"><![CDATA[]]></item>
				<item id="summary"><![CDATA[<div class="links-item">
<ul>
<li><a href="#" target="_blank"><img src="template/v2_mbl20121009/touch_plus/img/r.png" /><p>熱圖</p></a></li>
<li><a href="#" target="_blank"><img src="template/v2_mbl20121009/touch_plus/img/z.png" /><p>直播</p></a></li>
<li><a href="#" target="_blank"><img src="template/v2_mbl20121009/touch_plus/img/x.png" /><p>星聞</p></a></li>
<li><a href="#" target="_blank"><img src="template/v2_mbl20121009/touch_plus/img/b.png" /><p>本地</p></a></li>
</ul>
</div>]]></item>
				<item id="uid"><![CDATA[1]]></item>
				<item id="username"><![CDATA[管理員]]></item>
				<item id="styleid"><![CDATA[0]]></item>
				<item id="blockstyle"><![CDATA[]]></item>
				<item id="picwidth"><![CDATA[0]]></item>
				<item id="picheight"><![CDATA[0]]></item>
				<item id="target"><![CDATA[blank]]></item>
				<item id="dateformat"><![CDATA[Y-m-d]]></item>
				<item id="dateuformat"><![CDATA[0]]></item>
				<item id="script"><![CDATA[blank]]></item>
				<item id="param">
					<item id="content"><![CDATA[<div class=\"links-item\">
<ul>
<li><a href=\"#\" target=\"_blank\"><img src=\"template/v2_mbl20121009/touch_plus/img/r.png\" /><p>熱圖</p></a></li>
<li><a href=\"#\" target=\"_blank\"><img src=\"template/v2_mbl20121009/touch_plus/img/z.png\" /><p>直播</p></a></li>
<li><a href=\"#\" target=\"_blank\"><img src=\"template/v2_mbl20121009/touch_plus/img/x.png\" /><p>星聞</p></a></li>
<li><a href=\"#\" target=\"_blank\"><img src=\"template/v2_mbl20121009/touch_plus/img/b.png\" /><p>本地</p></a></li>
</ul>
</div>]]></item>
					<item id="items"><![CDATA[10]]></item>
				</item>
				<item id="shownum"><![CDATA[10]]></item>
				<item id="cachetime"><![CDATA[0]]></item>
				<item id="cachetimerange"><![CDATA[0,0]]></item>
				<item id="punctualupdate"><![CDATA[0]]></item>
				<item id="hidedisplay"><![CDATA[0]]></item>
				<item id="dateline"><![CDATA[1564921155]]></item>
				<item id="notinherited"><![CDATA[0]]></item>
				<item id="isblank"><![CDATA[0]]></item>
			</item>
		</item>
		<item id="style">
		</item>
	</item>
</root>