<?xml version="1.0" encoding="ISO-8859-1"?>
<root>
	<item id="Title"><![CDATA[Discuz! Threadtypes]]></item>
	<item id="Version"><![CDATA[X3.4]]></item>
	<item id="Time"><![CDATA[2019-08-02 14:55]]></item>
	<item id="From"><![CDATA[Discuz! Board (http://192.168.0.9/x400/)]]></item>
	<item id="Data">
		<item id="0">
			<item id="optionid"><![CDATA[128]]></item>
			<item id="classid"><![CDATA[1]]></item>
			<item id="displayorder"><![CDATA[0]]></item>
			<item id="expiration"><![CDATA[0]]></item>
			<item id="title"><![CDATA[歌曲名称]]></item>
			<item id="description"><![CDATA[]]></item>
			<item id="identifier"><![CDATA[songname]]></item>
			<item id="type"><![CDATA[text]]></item>
			<item id="unit"><![CDATA[]]></item>
			<item id="permprompt"><![CDATA[]]></item>
			<item id="typeid"><![CDATA[10]]></item>
			<item id="name"><![CDATA[MP3]]></item>
			<item id="icon"><![CDATA[]]></item>
			<item id="special"><![CDATA[1]]></item>
			<item id="modelid"><![CDATA[0]]></item>
			<item id="template"><![CDATA[<style type="text/css">
.v2_yy { width:100%; margin-bottom:15px; }
.v2_yy th { width:160px; }
.v2_yy .v2_yycover { width:150px; height:150px; border:1px solid #eee; padding:4px; position:relative; overflow:hidden; }
.v2_yy .v2_yycover span { display:block; width:150px; height:150px; overflow:hidden; }
.v2_yy .v2_yycover span.v2_yylcover { position:absolute; top:4px; left:4px; z-index:1; }
.v2_yy .v2_yycover img { width:150px; min-height:150px; vertical-align:top; }
.v2_yy td { padding:0px 15px; vertical-align:top;}
.v2_yy h1 { line-height:40px; margin:0px; font-size:20px; }
.v2_yy p { line-height:30px; font-size:16px; }
.v2_yy p span { color:#666; margin-right:10px; }
</style>

<table id="" cellspacing="0" cellpadding="0" class="v2_yy">
<tr>
<th>
<div class="v2_yycover"><span><img src="{songimg_value}" /></span><span class="v2_yylcover"><img src="{songeximg_value}" onerror="this.src='{songimg_value}'" /></span></div>
</th>
<td>
<h1>{songname_value}</h1>
<p><span>歌手:</span>{songartist_value}</p>
<p><span>所属专辑:</span>{songalbum_value}</p>
</td>
</tr>
</table>
]]></item>
			<item id="stemplate"><![CDATA[]]></item>
			<item id="ptemplate"><![CDATA[]]></item>
			<item id="btemplate"><![CDATA[]]></item>
			<item id="sortid"><![CDATA[10]]></item>
			<item id="available"><![CDATA[1]]></item>
			<item id="required"><![CDATA[1]]></item>
			<item id="unchangeable"><![CDATA[0]]></item>
			<item id="search"><![CDATA[0]]></item>
			<item id="subjectshow"><![CDATA[1]]></item>
			<item id="tpdescription"><![CDATA[]]></item>
			<item id="ttdescription"><![CDATA[]]></item>
			<item id="tpexpiration"><![CDATA[0]]></item>
			<item id="ttexpiration"><![CDATA[0]]></item>
			<item id="__protect">
				<item id="status"><![CDATA[0]]></item>
				<item id="usergroup"><![CDATA[]]></item>
				<item id="verify"><![CDATA[]]></item>
			</item>
			<item id="__rules">
				<item id="maxlength"><![CDATA[100]]></item>
				<item id="inputsize"><![CDATA[]]></item>
				<item id="profile"><![CDATA[]]></item>
				<item id="defaultvalue"><![CDATA[]]></item>
			</item>
		</item>
		<item id="1">
			<item id="optionid"><![CDATA[129]]></item>
			<item id="classid"><![CDATA[1]]></item>
			<item id="displayorder"><![CDATA[0]]></item>
			<item id="expiration"><![CDATA[0]]></item>
			<item id="title"><![CDATA[歌曲演唱者]]></item>
			<item id="description"><![CDATA[]]></item>
			<item id="identifier"><![CDATA[songartist]]></item>
			<item id="type"><![CDATA[text]]></item>
			<item id="unit"><![CDATA[]]></item>
			<item id="permprompt"><![CDATA[]]></item>
			<item id="typeid"><![CDATA[10]]></item>
			<item id="name"><![CDATA[MP3]]></item>
			<item id="icon"><![CDATA[]]></item>
			<item id="special"><![CDATA[1]]></item>
			<item id="modelid"><![CDATA[0]]></item>
			<item id="template"><![CDATA[<style type="text/css">
.v2_yy { width:100%; margin-bottom:15px; }
.v2_yy th { width:160px; }
.v2_yy .v2_yycover { width:150px; height:150px; border:1px solid #eee; padding:4px; position:relative; overflow:hidden; }
.v2_yy .v2_yycover span { display:block; width:150px; height:150px; overflow:hidden; }
.v2_yy .v2_yycover span.v2_yylcover { position:absolute; top:4px; left:4px; z-index:1; }
.v2_yy .v2_yycover img { width:150px; min-height:150px; vertical-align:top; }
.v2_yy td { padding:0px 15px; vertical-align:top;}
.v2_yy h1 { line-height:40px; margin:0px; font-size:20px; }
.v2_yy p { line-height:30px; font-size:16px; }
.v2_yy p span { color:#666; margin-right:10px; }
</style>

<table id="" cellspacing="0" cellpadding="0" class="v2_yy">
<tr>
<th>
<div class="v2_yycover"><span><img src="{songimg_value}" /></span><span class="v2_yylcover"><img src="{songeximg_value}" onerror="this.src='{songimg_value}'" /></span></div>
</th>
<td>
<h1>{songname_value}</h1>
<p><span>歌手:</span>{songartist_value}</p>
<p><span>所属专辑:</span>{songalbum_value}</p>
</td>
</tr>
</table>
]]></item>
			<item id="stemplate"><![CDATA[]]></item>
			<item id="ptemplate"><![CDATA[]]></item>
			<item id="btemplate"><![CDATA[]]></item>
			<item id="sortid"><![CDATA[10]]></item>
			<item id="available"><![CDATA[1]]></item>
			<item id="required"><![CDATA[1]]></item>
			<item id="unchangeable"><![CDATA[0]]></item>
			<item id="search"><![CDATA[0]]></item>
			<item id="subjectshow"><![CDATA[1]]></item>
			<item id="tpdescription"><![CDATA[]]></item>
			<item id="ttdescription"><![CDATA[]]></item>
			<item id="tpexpiration"><![CDATA[0]]></item>
			<item id="ttexpiration"><![CDATA[0]]></item>
			<item id="__protect">
				<item id="status"><![CDATA[0]]></item>
				<item id="usergroup"><![CDATA[]]></item>
				<item id="verify"><![CDATA[]]></item>
			</item>
			<item id="__rules">
				<item id="maxlength"><![CDATA[100]]></item>
				<item id="inputsize"><![CDATA[]]></item>
				<item id="profile"><![CDATA[]]></item>
				<item id="defaultvalue"><![CDATA[]]></item>
			</item>
		</item>
		<item id="2">
			<item id="optionid"><![CDATA[130]]></item>
			<item id="classid"><![CDATA[1]]></item>
			<item id="displayorder"><![CDATA[0]]></item>
			<item id="expiration"><![CDATA[0]]></item>
			<item id="title"><![CDATA[歌曲专辑]]></item>
			<item id="description"><![CDATA[]]></item>
			<item id="identifier"><![CDATA[songalbum]]></item>
			<item id="type"><![CDATA[text]]></item>
			<item id="unit"><![CDATA[]]></item>
			<item id="permprompt"><![CDATA[]]></item>
			<item id="typeid"><![CDATA[10]]></item>
			<item id="name"><![CDATA[MP3]]></item>
			<item id="icon"><![CDATA[]]></item>
			<item id="special"><![CDATA[1]]></item>
			<item id="modelid"><![CDATA[0]]></item>
			<item id="template"><![CDATA[<style type="text/css">
.v2_yy { width:100%; margin-bottom:15px; }
.v2_yy th { width:160px; }
.v2_yy .v2_yycover { width:150px; height:150px; border:1px solid #eee; padding:4px; position:relative; overflow:hidden; }
.v2_yy .v2_yycover span { display:block; width:150px; height:150px; overflow:hidden; }
.v2_yy .v2_yycover span.v2_yylcover { position:absolute; top:4px; left:4px; z-index:1; }
.v2_yy .v2_yycover img { width:150px; min-height:150px; vertical-align:top; }
.v2_yy td { padding:0px 15px; vertical-align:top;}
.v2_yy h1 { line-height:40px; margin:0px; font-size:20px; }
.v2_yy p { line-height:30px; font-size:16px; }
.v2_yy p span { color:#666; margin-right:10px; }
</style>

<table id="" cellspacing="0" cellpadding="0" class="v2_yy">
<tr>
<th>
<div class="v2_yycover"><span><img src="{songimg_value}" /></span><span class="v2_yylcover"><img src="{songeximg_value}" onerror="this.src='{songimg_value}'" /></span></div>
</th>
<td>
<h1>{songname_value}</h1>
<p><span>歌手:</span>{songartist_value}</p>
<p><span>所属专辑:</span>{songalbum_value}</p>
</td>
</tr>
</table>
]]></item>
			<item id="stemplate"><![CDATA[]]></item>
			<item id="ptemplate"><![CDATA[]]></item>
			<item id="btemplate"><![CDATA[]]></item>
			<item id="sortid"><![CDATA[10]]></item>
			<item id="available"><![CDATA[1]]></item>
			<item id="required"><![CDATA[0]]></item>
			<item id="unchangeable"><![CDATA[0]]></item>
			<item id="search"><![CDATA[2]]></item>
			<item id="subjectshow"><![CDATA[1]]></item>
			<item id="tpdescription"><![CDATA[]]></item>
			<item id="ttdescription"><![CDATA[]]></item>
			<item id="tpexpiration"><![CDATA[0]]></item>
			<item id="ttexpiration"><![CDATA[0]]></item>
			<item id="__protect">
				<item id="status"><![CDATA[0]]></item>
				<item id="usergroup"><![CDATA[]]></item>
				<item id="verify"><![CDATA[]]></item>
			</item>
			<item id="__rules">
				<item id="maxlength"><![CDATA[100]]></item>
				<item id="inputsize"><![CDATA[]]></item>
				<item id="profile"><![CDATA[]]></item>
				<item id="defaultvalue"><![CDATA[]]></item>
			</item>
		</item>
		<item id="3">
			<item id="optionid"><![CDATA[131]]></item>
			<item id="classid"><![CDATA[1]]></item>
			<item id="displayorder"><![CDATA[0]]></item>
			<item id="expiration"><![CDATA[0]]></item>
			<item id="title"><![CDATA[歌曲封面]]></item>
			<item id="description"><![CDATA[]]></item>
			<item id="identifier"><![CDATA[songimg]]></item>
			<item id="type"><![CDATA[image]]></item>
			<item id="unit"><![CDATA[]]></item>
			<item id="permprompt"><![CDATA[]]></item>
			<item id="typeid"><![CDATA[10]]></item>
			<item id="name"><![CDATA[MP3]]></item>
			<item id="icon"><![CDATA[]]></item>
			<item id="special"><![CDATA[1]]></item>
			<item id="modelid"><![CDATA[0]]></item>
			<item id="template"><![CDATA[<style type="text/css">
.v2_yy { width:100%; margin-bottom:15px; }
.v2_yy th { width:160px; }
.v2_yy .v2_yycover { width:150px; height:150px; border:1px solid #eee; padding:4px; position:relative; overflow:hidden; }
.v2_yy .v2_yycover span { display:block; width:150px; height:150px; overflow:hidden; }
.v2_yy .v2_yycover span.v2_yylcover { position:absolute; top:4px; left:4px; z-index:1; }
.v2_yy .v2_yycover img { width:150px; min-height:150px; vertical-align:top; }
.v2_yy td { padding:0px 15px; vertical-align:top;}
.v2_yy h1 { line-height:40px; margin:0px; font-size:20px; }
.v2_yy p { line-height:30px; font-size:16px; }
.v2_yy p span { color:#666; margin-right:10px; }
</style>

<table id="" cellspacing="0" cellpadding="0" class="v2_yy">
<tr>
<th>
<div class="v2_yycover"><span><img src="{songimg_value}" /></span><span class="v2_yylcover"><img src="{songeximg_value}" onerror="this.src='{songimg_value}'" /></span></div>
</th>
<td>
<h1>{songname_value}</h1>
<p><span>歌手:</span>{songartist_value}</p>
<p><span>所属专辑:</span>{songalbum_value}</p>
</td>
</tr>
</table>
]]></item>
			<item id="stemplate"><![CDATA[]]></item>
			<item id="ptemplate"><![CDATA[]]></item>
			<item id="btemplate"><![CDATA[]]></item>
			<item id="sortid"><![CDATA[10]]></item>
			<item id="available"><![CDATA[1]]></item>
			<item id="required"><![CDATA[0]]></item>
			<item id="unchangeable"><![CDATA[0]]></item>
			<item id="search"><![CDATA[2]]></item>
			<item id="subjectshow"><![CDATA[1]]></item>
			<item id="tpdescription"><![CDATA[歌曲封面]]></item>
			<item id="ttdescription"><![CDATA[]]></item>
			<item id="tpexpiration"><![CDATA[0]]></item>
			<item id="ttexpiration"><![CDATA[0]]></item>
			<item id="__protect">
				<item id="usergroup"><![CDATA[]]></item>
				<item id="verify"><![CDATA[]]></item>
			</item>
			<item id="__rules">
				<item id="maxwidth"><![CDATA[1000]]></item>
				<item id="maxheight"><![CDATA[1000]]></item>
				<item id="inputsize"><![CDATA[]]></item>
			</item>
		</item>
		<item id="4">
			<item id="optionid"><![CDATA[132]]></item>
			<item id="classid"><![CDATA[1]]></item>
			<item id="displayorder"><![CDATA[0]]></item>
			<item id="expiration"><![CDATA[0]]></item>
			<item id="title"><![CDATA[远程封面]]></item>
			<item id="description"><![CDATA[]]></item>
			<item id="identifier"><![CDATA[songeximg]]></item>
			<item id="type"><![CDATA[text]]></item>
			<item id="unit"><![CDATA[]]></item>
			<item id="permprompt"><![CDATA[]]></item>
			<item id="typeid"><![CDATA[10]]></item>
			<item id="name"><![CDATA[MP3]]></item>
			<item id="icon"><![CDATA[]]></item>
			<item id="special"><![CDATA[1]]></item>
			<item id="modelid"><![CDATA[0]]></item>
			<item id="template"><![CDATA[<style type="text/css">
.v2_yy { width:100%; margin-bottom:15px; }
.v2_yy th { width:160px; }
.v2_yy .v2_yycover { width:150px; height:150px; border:1px solid #eee; padding:4px; position:relative; overflow:hidden; }
.v2_yy .v2_yycover span { display:block; width:150px; height:150px; overflow:hidden; }
.v2_yy .v2_yycover span.v2_yylcover { position:absolute; top:4px; left:4px; z-index:1; }
.v2_yy .v2_yycover img { width:150px; min-height:150px; vertical-align:top; }
.v2_yy td { padding:0px 15px; vertical-align:top;}
.v2_yy h1 { line-height:40px; margin:0px; font-size:20px; }
.v2_yy p { line-height:30px; font-size:16px; }
.v2_yy p span { color:#666; margin-right:10px; }
</style>

<table id="" cellspacing="0" cellpadding="0" class="v2_yy">
<tr>
<th>
<div class="v2_yycover"><span><img src="{songimg_value}" /></span><span class="v2_yylcover"><img src="{songeximg_value}" onerror="this.src='{songimg_value}'" /></span></div>
</th>
<td>
<h1>{songname_value}</h1>
<p><span>歌手:</span>{songartist_value}</p>
<p><span>所属专辑:</span>{songalbum_value}</p>
</td>
</tr>
</table>
]]></item>
			<item id="stemplate"><![CDATA[]]></item>
			<item id="ptemplate"><![CDATA[]]></item>
			<item id="btemplate"><![CDATA[]]></item>
			<item id="sortid"><![CDATA[10]]></item>
			<item id="available"><![CDATA[1]]></item>
			<item id="required"><![CDATA[0]]></item>
			<item id="unchangeable"><![CDATA[0]]></item>
			<item id="search"><![CDATA[0]]></item>
			<item id="subjectshow"><![CDATA[1]]></item>
			<item id="tpdescription"><![CDATA[歌曲封面外部链接(隐藏)]]></item>
			<item id="ttdescription"><![CDATA[]]></item>
			<item id="tpexpiration"><![CDATA[0]]></item>
			<item id="ttexpiration"><![CDATA[0]]></item>
			<item id="__protect">
				<item id="status"><![CDATA[0]]></item>
				<item id="usergroup"><![CDATA[]]></item>
				<item id="verify"><![CDATA[]]></item>
			</item>
			<item id="__rules">
				<item id="maxlength"><![CDATA[]]></item>
				<item id="inputsize"><![CDATA[]]></item>
				<item id="profile"><![CDATA[]]></item>
				<item id="defaultvalue"><![CDATA[]]></item>
			</item>
		</item>
	</item>
</root>