<?xml version="1.0" encoding="ISO-8859-1"?>
<root>
	<item id="Title"><![CDATA[Discuz! Plugin]]></item>
	<item id="Version"><![CDATA[X3.2]]></item>
	<item id="Time"><![CDATA[2018-01-20 13:04]]></item>
	<item id="From"><![CDATA[DisM!应用中心 (http://127.0.0.1/)]]></item>
	<item id="Data">
		<item id="plugin">
			<item id="available"><![CDATA[1]]></item>
			<item id="adminid"><![CDATA[0]]></item>
			<item id="name"><![CDATA[用户组ID调用]]></item>
			<item id="identifier"><![CDATA[nex_callgroupid]]></item>
			<item id="description"><![CDATA[]]></item>
			<item id="datatables"><![CDATA[]]></item>
			<item id="directory"><![CDATA[nex_callgroupid/]]></item>
			<item id="copyright"><![CDATA[DisM!应用中心(dism.taobao.com)]]></item>
			<item id="modules"><![CDATA[b:0;]]></item>
			<item id="version"><![CDATA[V1.01]]></item>
		</item>
		<item id="version"><![CDATA[X3,X3.1,X3.2,X3.3,X3.4,X3.5,Q1.0]]></item>
		<item id="var">
			<item id="0">
				<item id="displayorder"><![CDATA[0]]></item>
				<item id="title"><![CDATA[选择某一个用户组为特殊用户组]]></item>
				<item id="description"><![CDATA[]]></item>
				<item id="variable"><![CDATA[groupid]]></item>
				<item id="type"><![CDATA[group]]></item>
				<item id="value"><![CDATA[1]]></item>
				<item id="extra"><![CDATA[]]></item>
			</item>
		</item>
	</item>
</root>